ISO-10303-21;
HEADER;
/* Generated by software containing ST-Developer
 * from STEP Tools, Inc. (www.steptools.com) 
 */

FILE_DESCRIPTION(
/* description */ (''),
/* implementation_level */ '2;1');

FILE_NAME(
/* name */ '4240BY-G5.2.step',
/* time_stamp */ '2026-05-11T10:44:49+08:00',
/* author */ (''),
/* organization */ (''),
/* preprocessor_version */ 'ST-DEVELOPER v20.1',
/* originating_system */ 'Autodesk Translation Framework v15.8.0.0',
/* authorisation */ '');

FILE_SCHEMA (('AUTOMOTIVE_DESIGN { 1 0 10303 214 3 1 1 }'));
ENDSEC;

DATA;
#10=MECHANICAL_DESIGN_GEOMETRIC_PRESENTATION_REPRESENTATION('',(#14,#15,
#16,#17,#18,#19),#16403);
#11=SHAPE_REPRESENTATION_RELATIONSHIP('SRR','None',#16410,#12);
#12=ADVANCED_BREP_SHAPE_REPRESENTATION('',(#9389,#13),#16402);
#13=MANIFOLD_SOLID_BREP('\X2\5B9E4F53\X0\22',#9388);
#14=STYLED_ITEM('',(#16419),#9144);
#15=STYLED_ITEM('',(#16419),#9146);
#16=STYLED_ITEM('',(#16419),#9148);
#17=STYLED_ITEM('',(#16419),#9150);
#18=STYLED_ITEM('',(#16419),#9389);
#19=STYLED_ITEM('',(#16419),#13);
#20=CONICAL_SURFACE('',#9667,5.417,0.785398163397451);
#21=CONICAL_SURFACE('',#9672,3.175,0.785398163397441);
#22=CONICAL_SURFACE('',#9673,3.175,0.785398163397441);
#23=CONICAL_SURFACE('',#9674,3.175,0.785398163397441);
#24=CONICAL_SURFACE('',#9675,3.175,0.785398163397441);
#25=CONICAL_SURFACE('',#9891,1.655,0.785398163397448);
#26=CONICAL_SURFACE('',#9894,1.655,0.785398163397448);
#27=CONICAL_SURFACE('',#9897,1.655,0.785398163397448);
#28=CONICAL_SURFACE('',#9900,1.655,0.785398163397448);
#29=(
BOUNDED_SURFACE()
B_SPLINE_SURFACE(2,2,((#14306,#14307,#14308),(#14309,#14310,#14311),(#14312,
#14313,#14314)),.UNSPECIFIED.,.F.,.F.,.F.)
B_SPLINE_SURFACE_WITH_KNOTS((3,3),(3,3),(1.62656180091086E-12,1.57079632679668),
(2.35619449018959,3.14159265359272),.UNSPECIFIED.)
GEOMETRIC_REPRESENTATION_ITEM()
RATIONAL_B_SPLINE_SURFACE(((1.,0.923879532510199,1.),(0.707106781186514,
0.653281482437388,0.707106781186514),(1.,0.923879532510199,1.)))
REPRESENTATION_ITEM('')
SURFACE()
);
#30=(
BOUNDED_SURFACE()
B_SPLINE_SURFACE(2,2,((#14334,#14335,#14336),(#14337,#14338,#14339),(#14340,
#14341,#14342)),.UNSPECIFIED.,.F.,.F.,.F.)
B_SPLINE_SURFACE_WITH_KNOTS((3,3),(3,3),(8.8140673133641E-12,1.57079632680476),
(1.57079632678021,2.3561944902103),.UNSPECIFIED.)
GEOMETRIC_REPRESENTATION_ITEM()
RATIONAL_B_SPLINE_SURFACE(((1.,0.923879532505041,1.),(0.707106781186181,
0.653281482433434,0.707106781186181),(1.,0.923879532505041,1.)))
REPRESENTATION_ITEM('')
SURFACE()
);
#31=(
BOUNDED_SURFACE()
B_SPLINE_SURFACE(2,2,((#14358,#14359,#14360),(#14361,#14362,#14363),(#14364,
#14365,#14366)),.UNSPECIFIED.,.F.,.F.,.F.)
B_SPLINE_SURFACE_WITH_KNOTS((3,3),(3,3),(1.16558847729673E-14,1.5707963267949),
(-2.35619449019277,-1.57079632679439),.UNSPECIFIED.)
GEOMETRIC_REPRESENTATION_ITEM()
RATIONAL_B_SPLINE_SURFACE(((1.,0.923879532511108,1.),(0.707106781186545,
0.65328148243806,0.707106781186545),(1.,0.923879532511108,1.)))
REPRESENTATION_ITEM('')
SURFACE()
);
#32=(
BOUNDED_SURFACE()
B_SPLINE_SURFACE(2,2,((#14386,#14387,#14388),(#14389,#14390,#14391),(#14392,
#14393,#14394)),.UNSPECIFIED.,.F.,.F.,.F.)
B_SPLINE_SURFACE_WITH_KNOTS((3,3),(3,3),(1.03176100087308E-12,1.57079632679619),
(-3.14159265358987,-2.35619449019214),.UNSPECIFIED.)
GEOMETRIC_REPRESENTATION_ITEM()
RATIONAL_B_SPLINE_SURFACE(((1.,0.923879532511234,1.),(0.707106781186467,
0.653281482438077,0.707106781186467),(1.,0.923879532511234,1.)))
REPRESENTATION_ITEM('')
SURFACE()
);
#33=(
BOUNDED_SURFACE()
B_SPLINE_SURFACE(2,2,((#14398,#14399,#14400),(#14401,#14402,#14403),(#14404,
#14405,#14406)),.UNSPECIFIED.,.F.,.F.,.F.)
B_SPLINE_SURFACE_WITH_KNOTS((3,3),(3,3),(-1.1655884772968E-14,1.57079632679497),
(-0.785398163397194,-3.79696274421469E-13),.UNSPECIFIED.)
GEOMETRIC_REPRESENTATION_ITEM()
RATIONAL_B_SPLINE_SURFACE(((1.,0.923879532511408,1.),(0.707106781186524,
0.653281482438253,0.707106781186524),(1.,0.923879532511408,1.)))
REPRESENTATION_ITEM('')
SURFACE()
);
#34=(
BOUNDED_SURFACE()
B_SPLINE_SURFACE(2,2,((#14426,#14427,#14428),(#14429,#14430,#14431),(#14432,
#14433,#14434)),.UNSPECIFIED.,.F.,.F.,.F.)
B_SPLINE_SURFACE_WITH_KNOTS((3,3),(3,3),(1.6265618009177E-12,1.57079632679666),
(-1.57079632679727,-0.78539816339493),.UNSPECIFIED.)
GEOMETRIC_REPRESENTATION_ITEM()
RATIONAL_B_SPLINE_SURFACE(((1.,0.92387953251035,1.),(0.70710678118651,0.653281482437492,
0.70710678118651),(1.,0.92387953251035,1.)))
REPRESENTATION_ITEM('')
SURFACE()
);
#35=(
BOUNDED_SURFACE()
B_SPLINE_SURFACE(2,2,((#14446,#14447,#14448),(#14449,#14450,#14451),(#14452,
#14453,#14454)),.UNSPECIFIED.,.F.,.F.,.F.)
B_SPLINE_SURFACE_WITH_KNOTS((3,3),(3,3),(3.48409499971314E-12,1.57079632679878),
(0.785398163392085,1.5707963268011),.UNSPECIFIED.)
GEOMETRIC_REPRESENTATION_ITEM()
RATIONAL_B_SPLINE_SURFACE(((1.,0.923879532509074,1.),(0.707106781186425,
0.653281482436511,0.707106781186425),(1.,0.923879532509074,1.)))
REPRESENTATION_ITEM('')
SURFACE()
);
#36=(
BOUNDED_SURFACE()
B_SPLINE_SURFACE(2,2,((#14470,#14471,#14472),(#14473,#14474,#14475),(#14476,
#14477,#14478)),.UNSPECIFIED.,.F.,.F.,.F.)
B_SPLINE_SURFACE_WITH_KNOTS((3,3),(3,3),(1.02213136012418E-11,1.57079632680621),
(-1.47253265484198E-11,0.785398163413937),.UNSPECIFIED.)
GEOMETRIC_REPRESENTATION_ITEM()
RATIONAL_B_SPLINE_SURFACE(((1.,0.923879532505314,1.),(0.707106781186166,
0.653281482433613,0.707106781186166),(1.,0.923879532505314,1.)))
REPRESENTATION_ITEM('')
SURFACE()
);
#37=SPHERICAL_SURFACE('',#9580,0.76);
#38=SPHERICAL_SURFACE('',#9585,0.759999999999996);
#39=SPHERICAL_SURFACE('',#9936,1.);
#40=SPHERICAL_SURFACE('',#9939,0.999999999999998);
#41=SPHERICAL_SURFACE('',#9947,1.);
#42=SPHERICAL_SURFACE('',#9950,1.);
#43=SPHERICAL_SURFACE('',#9958,1.);
#44=SPHERICAL_SURFACE('',#9961,1.);
#45=SPHERICAL_SURFACE('',#9969,1.);
#46=SPHERICAL_SURFACE('',#9972,1.);
#47=B_SPLINE_SURFACE_WITH_KNOTS('',3,3,((#13517,#13518,#13519,#13520),(#13521,
#13522,#13523,#13524),(#13525,#13526,#13527,#13528),(#13529,#13530,#13531,
#13532)),.UNSPECIFIED.,.F.,.F.,.F.,(4,4),(4,4),(0.,1.),(0.,1.),
 .UNSPECIFIED.);
#48=B_SPLINE_SURFACE_WITH_KNOTS('',3,3,((#13634,#13635,#13636,#13637,#13638,
#13639,#13640,#13641,#13642,#13643,#13644,#13645),(#13646,#13647,#13648,
#13649,#13650,#13651,#13652,#13653,#13654,#13655,#13656,#13657),(#13658,
#13659,#13660,#13661,#13662,#13663,#13664,#13665,#13666,#13667,#13668,#13669),
(#13670,#13671,#13672,#13673,#13674,#13675,#13676,#13677,#13678,#13679,
#13680,#13681),(#13682,#13683,#13684,#13685,#13686,#13687,#13688,#13689,
#13690,#13691,#13692,#13693),(#13694,#13695,#13696,#13697,#13698,#13699,
#13700,#13701,#13702,#13703,#13704,#13705),(#13706,#13707,#13708,#13709,
#13710,#13711,#13712,#13713,#13714,#13715,#13716,#13717),(#13718,#13719,
#13720,#13721,#13722,#13723,#13724,#13725,#13726,#13727,#13728,#13729),
(#13730,#13731,#13732,#13733,#13734,#13735,#13736,#13737,#13738,#13739,
#13740,#13741),(#13742,#13743,#13744,#13745,#13746,#13747,#13748,#13749,
#13750,#13751,#13752,#13753),(#13754,#13755,#13756,#13757,#13758,#13759,
#13760,#13761,#13762,#13763,#13764,#13765)),.UNSPECIFIED.,.F.,.F.,.F.,(4,
1,1,1,1,1,1,1,4),(4,1,1,1,1,1,1,1,1,4),(0.,0.0714285714285714,0.142857142857143,
0.285714285714286,0.5,0.785714285714286,0.857142857142857,0.928571428571429,
1.),(0.193959461202858,0.196447943595985,0.198936425989111,0.203913390775364,
0.213867320347869,0.253683038637889,0.29349875692791,0.313406616072921,
0.323360545645426,0.333314475217931),.UNSPECIFIED.);
#49=B_SPLINE_SURFACE_WITH_KNOTS('',3,3,((#13803,#13804,#13805,#13806),(#13807,
#13808,#13809,#13810),(#13811,#13812,#13813,#13814),(#13815,#13816,#13817,
#13818),(#13819,#13820,#13821,#13822),(#13823,#13824,#13825,#13826),(#13827,
#13828,#13829,#13830)),.UNSPECIFIED.,.F.,.F.,.F.,(4,1,1,1,4),(4,4),(0.,
0.285714285714286,0.5,0.785714285714286,1.),(-0.193959461202868,-0.193799999999999),
 .UNSPECIFIED.);
#50=B_SPLINE_SURFACE_WITH_KNOTS('',3,1,((#13842,#13843),(#13844,#13845),
(#13846,#13847),(#13848,#13849),(#13850,#13851),(#13852,#13853),(#13854,
#13855)),.UNSPECIFIED.,.F.,.F.,.F.,(4,1,1,1,4),(2,2),(0.,0.285714285714286,
0.5,0.785714285714286,1.),(0.,0.232560000005352),.UNSPECIFIED.);
#51=B_SPLINE_SURFACE_WITH_KNOTS('',3,3,((#13881,#13882,#13883,#13884),(#13885,
#13886,#13887,#13888),(#13889,#13890,#13891,#13892),(#13893,#13894,#13895,
#13896)),.UNSPECIFIED.,.F.,.F.,.F.,(4,4),(4,4),(0.,1.),(0.,1.),
 .UNSPECIFIED.);
#52=B_SPLINE_SURFACE_WITH_KNOTS('',3,1,((#13998,#13999),(#14000,#14001),
(#14002,#14003),(#14004,#14005),(#14006,#14007),(#14008,#14009),(#14010,
#14011)),.UNSPECIFIED.,.F.,.F.,.F.,(4,1,1,1,4),(2,2),(0.,0.285714285714286,
0.5,0.785714285714286,1.),(0.,0.232559999999616),.UNSPECIFIED.);
#53=B_SPLINE_SURFACE_WITH_KNOTS('',3,3,((#14032,#14033,#14034,#14035),(#14036,
#14037,#14038,#14039),(#14040,#14041,#14042,#14043),(#14044,#14045,#14046,
#14047),(#14048,#14049,#14050,#14051),(#14052,#14053,#14054,#14055),(#14056,
#14057,#14058,#14059)),.UNSPECIFIED.,.F.,.F.,.F.,(4,1,1,1,4),(4,4),(0.,
0.285714285714286,0.5,0.785714285714286,1.),(0.193799999999512,0.193959461203111),
 .UNSPECIFIED.);
#54=B_SPLINE_SURFACE_WITH_KNOTS('',3,3,((#14071,#14072,#14073,#14074,#14075,
#14076,#14077,#14078,#14079,#14080,#14081,#14082),(#14083,#14084,#14085,
#14086,#14087,#14088,#14089,#14090,#14091,#14092,#14093,#14094),(#14095,
#14096,#14097,#14098,#14099,#14100,#14101,#14102,#14103,#14104,#14105,#14106),
(#14107,#14108,#14109,#14110,#14111,#14112,#14113,#14114,#14115,#14116,
#14117,#14118),(#14119,#14120,#14121,#14122,#14123,#14124,#14125,#14126,
#14127,#14128,#14129,#14130),(#14131,#14132,#14133,#14134,#14135,#14136,
#14137,#14138,#14139,#14140,#14141,#14142),(#14143,#14144,#14145,#14146,
#14147,#14148,#14149,#14150,#14151,#14152,#14153,#14154),(#14155,#14156,
#14157,#14158,#14159,#14160,#14161,#14162,#14163,#14164,#14165,#14166),
(#14167,#14168,#14169,#14170,#14171,#14172,#14173,#14174,#14175,#14176,
#14177,#14178),(#14179,#14180,#14181,#14182,#14183,#14184,#14185,#14186,
#14187,#14188,#14189,#14190),(#14191,#14192,#14193,#14194,#14195,#14196,
#14197,#14198,#14199,#14200,#14201,#14202)),.UNSPECIFIED.,.F.,.F.,.F.,(4,
1,1,1,1,1,1,1,4),(4,1,1,1,1,1,1,1,1,4),(0.,0.0714285714285714,0.142857142857143,
0.285714285714286,0.5,0.785714285714286,0.857142857142857,0.928571428571429,
1.),(-0.333310902047251,-0.323357227701312,-0.313403553355372,-0.293496204663494,
-0.253681507279736,-0.213866809895979,-0.20391313555004,-0.19893629837707,
-0.196447879790585,-0.1939594612041),.UNSPECIFIED.);
#55=B_SPLINE_SURFACE_WITH_KNOTS('',3,1,((#15005,#15006),(#15007,#15008),
(#15009,#15010),(#15011,#15012)),.UNSPECIFIED.,.F.,.F.,.F.,(4,4),(2,2),
(-0.367844323843622,0.367844323843668),(0.,0.5064),.UNSPECIFIED.);
#56=B_SPLINE_SURFACE_WITH_KNOTS('',3,1,((#15023,#15024),(#15025,#15026),
(#15027,#15028),(#15029,#15030)),.UNSPECIFIED.,.F.,.F.,.F.,(4,4),(2,2),
(-0.367844323843664,0.3678443238437),(0.,0.5064),.UNSPECIFIED.);
#57=B_SPLINE_SURFACE_WITH_KNOTS('',3,1,((#15041,#15042),(#15043,#15044),
(#15045,#15046),(#15047,#15048)),.UNSPECIFIED.,.F.,.F.,.F.,(4,4),(2,2),
(-0.367844323843696,0.367844323843668),(0.,0.5064),.UNSPECIFIED.);
#58=B_SPLINE_SURFACE_WITH_KNOTS('',3,1,((#15059,#15060),(#15061,#15062),
(#15063,#15064),(#15065,#15066)),.UNSPECIFIED.,.F.,.F.,.F.,(4,4),(2,2),
(-0.367844323843756,0.367844323843631),(0.,0.5064),.UNSPECIFIED.);
#59=B_SPLINE_SURFACE_WITH_KNOTS('',3,1,((#15077,#15078),(#15079,#15080),
(#15081,#15082),(#15083,#15084)),.UNSPECIFIED.,.F.,.F.,.F.,(4,4),(2,2),
(-0.367844323843631,0.367844323843759),(0.,0.5064),.UNSPECIFIED.);
#60=B_SPLINE_SURFACE_WITH_KNOTS('',3,1,((#15095,#15096),(#15097,#15098),
(#15099,#15100),(#15101,#15102)),.UNSPECIFIED.,.F.,.F.,.F.,(4,4),(2,2),
(-0.367844323843664,0.3678443238437),(0.,0.5064),.UNSPECIFIED.);
#61=B_SPLINE_SURFACE_WITH_KNOTS('',3,1,((#15113,#15114),(#15115,#15116),
(#15117,#15118),(#15119,#15120)),.UNSPECIFIED.,.F.,.F.,.F.,(4,4),(2,2),
(-0.367844323843628,0.367844323843666),(0.,0.5064),.UNSPECIFIED.);
#62=B_SPLINE_SURFACE_WITH_KNOTS('',3,1,((#15131,#15132),(#15133,#15134),
(#15135,#15136),(#15137,#15138)),.UNSPECIFIED.,.F.,.F.,.F.,(4,4),(2,2),
(-0.367844323843763,0.367844323843628),(0.,0.5064),.UNSPECIFIED.);
#63=CYLINDRICAL_SURFACE('',#9557,3.175);
#64=CYLINDRICAL_SURFACE('',#9559,3.175);
#65=CYLINDRICAL_SURFACE('',#9564,3.175);
#66=CYLINDRICAL_SURFACE('',#9568,3.175);
#67=CYLINDRICAL_SURFACE('',#9573,0.761999999999999);
#68=CYLINDRICAL_SURFACE('',#9577,0.76);
#69=CYLINDRICAL_SURFACE('',#9583,0.76);
#70=CYLINDRICAL_SURFACE('',#9589,0.76);
#71=CYLINDRICAL_SURFACE('',#9590,0.76);
#72=CYLINDRICAL_SURFACE('',#9591,0.76);
#73=CYLINDRICAL_SURFACE('',#9610,1.);
#74=CYLINDRICAL_SURFACE('',#9613,0.762);
#75=CYLINDRICAL_SURFACE('',#9617,1.);
#76=CYLINDRICAL_SURFACE('',#9620,0.761999999999999);
#77=CYLINDRICAL_SURFACE('',#9625,1.);
#78=CYLINDRICAL_SURFACE('',#9628,0.762);
#79=CYLINDRICAL_SURFACE('',#9631,1.);
#80=CYLINDRICAL_SURFACE('',#9636,1.);
#81=CYLINDRICAL_SURFACE('',#9639,0.762);
#82=CYLINDRICAL_SURFACE('',#9643,1.);
#83=CYLINDRICAL_SURFACE('',#9646,0.761999999999999);
#84=CYLINDRICAL_SURFACE('',#9649,1.);
#85=CYLINDRICAL_SURFACE('',#9652,0.762);
#86=CYLINDRICAL_SURFACE('',#9656,1.);
#87=CYLINDRICAL_SURFACE('',#9659,0.761999999999999);
#88=CYLINDRICAL_SURFACE('',#9666,0.761999999999999);
#89=CYLINDRICAL_SURFACE('',#9670,5.16699999999999);
#90=CYLINDRICAL_SURFACE('',#9701,9.7);
#91=CYLINDRICAL_SURFACE('',#9704,9.8);
#92=CYLINDRICAL_SURFACE('',#9712,3.);
#93=CYLINDRICAL_SURFACE('',#9717,3.);
#94=CYLINDRICAL_SURFACE('',#9722,3.);
#95=CYLINDRICAL_SURFACE('',#9727,3.);
#96=CYLINDRICAL_SURFACE('',#9746,18.);
#97=CYLINDRICAL_SURFACE('',#9760,2.4);
#98=CYLINDRICAL_SURFACE('',#9762,3.3);
#99=CYLINDRICAL_SURFACE('',#9796,2.4);
#100=CYLINDRICAL_SURFACE('',#9798,3.3);
#101=CYLINDRICAL_SURFACE('',#9800,2.4);
#102=CYLINDRICAL_SURFACE('',#9802,3.3);
#103=CYLINDRICAL_SURFACE('',#9804,2.4);
#104=CYLINDRICAL_SURFACE('',#9806,3.3);
#105=CYLINDRICAL_SURFACE('',#9825,0.249999999999999);
#106=CYLINDRICAL_SURFACE('',#9826,0.249999999999999);
#107=CYLINDRICAL_SURFACE('',#9827,0.249999999999999);
#108=CYLINDRICAL_SURFACE('',#9828,0.249999999999999);
#109=CYLINDRICAL_SURFACE('',#9846,1.5);
#110=CYLINDRICAL_SURFACE('',#9849,1.5);
#111=CYLINDRICAL_SURFACE('',#9852,1.5);
#112=CYLINDRICAL_SURFACE('',#9855,1.5);
#113=CYLINDRICAL_SURFACE('',#9858,11.);
#114=CYLINDRICAL_SURFACE('',#9889,1.505);
#115=CYLINDRICAL_SURFACE('',#9892,1.505);
#116=CYLINDRICAL_SURFACE('',#9895,1.505);
#117=CYLINDRICAL_SURFACE('',#9898,1.505);
#118=CYLINDRICAL_SURFACE('',#9909,1.);
#119=CYLINDRICAL_SURFACE('',#9911,1.);
#120=CYLINDRICAL_SURFACE('',#9914,1.);
#121=CYLINDRICAL_SURFACE('',#9916,1.);
#122=CYLINDRICAL_SURFACE('',#9919,1.);
#123=CYLINDRICAL_SURFACE('',#9921,1.);
#124=CYLINDRICAL_SURFACE('',#9924,1.);
#125=CYLINDRICAL_SURFACE('',#9926,1.);
#126=CYLINDRICAL_SURFACE('',#9929,1.);
#127=CYLINDRICAL_SURFACE('',#9931,1.);
#128=CYLINDRICAL_SURFACE('',#9934,1.);
#129=CYLINDRICAL_SURFACE('',#9937,1.);
#130=CYLINDRICAL_SURFACE('',#9940,1.);
#131=CYLINDRICAL_SURFACE('',#9942,1.);
#132=CYLINDRICAL_SURFACE('',#9945,1.);
#133=CYLINDRICAL_SURFACE('',#9948,1.);
#134=CYLINDRICAL_SURFACE('',#9951,1.);
#135=CYLINDRICAL_SURFACE('',#9953,1.);
#136=CYLINDRICAL_SURFACE('',#9956,1.);
#137=CYLINDRICAL_SURFACE('',#9959,1.);
#138=CYLINDRICAL_SURFACE('',#9962,1.);
#139=CYLINDRICAL_SURFACE('',#9964,1.);
#140=CYLINDRICAL_SURFACE('',#9967,1.);
#141=CYLINDRICAL_SURFACE('',#9970,1.);
#142=CYLINDRICAL_SURFACE('',#9976,3.);
#143=CYLINDRICAL_SURFACE('',#9977,5.);
#144=CYLINDRICAL_SURFACE('',#9991,2.);
#145=CYLINDRICAL_SURFACE('',#9994,2.);
#146=CYLINDRICAL_SURFACE('',#9996,2.);
#147=CYLINDRICAL_SURFACE('',#9998,2.);
#148=CYLINDRICAL_SURFACE('',#9999,2.);
#149=CYLINDRICAL_SURFACE('',#10001,2.);
#150=CYLINDRICAL_SURFACE('',#10003,2.);
#151=CYLINDRICAL_SURFACE('',#10004,2.);
#152=CYLINDRICAL_SURFACE('',#10005,2.62699999999999);
#153=CYLINDRICAL_SURFACE('',#10006,1.905);
#154=CYLINDRICAL_SURFACE('',#10008,1.905);
#155=CYLINDRICAL_SURFACE('',#10010,1.905);
#156=CYLINDRICAL_SURFACE('',#10012,1.905);
#157=CYLINDRICAL_SURFACE('',#10209,4.);
#158=CYLINDRICAL_SURFACE('',#10210,2.5);
#159=ELLIPSE('',#9528,1.32158737871114,1.29894133637137);
#160=ELLIPSE('',#9530,1.32158737868195,1.29894133635206);
#161=ELLIPSE('',#9531,1.32158737874386,1.29894133639579);
#162=ELLIPSE('',#9533,1.32594775752337,1.30189938332452);
#163=ELLIPSE('',#9534,1.32594775752537,1.30189938332617);
#164=ELLIPSE('',#9536,1.32594775752562,1.30189938332606);
#165=ELLIPSE('',#9537,1.32594775754559,1.30189938334028);
#166=ELLIPSE('',#9539,1.321587378687,1.29894133635503);
#167=ELLIPSE('',#9838,1.07480385809359,1.);
#168=ELLIPSE('',#9839,1.07480385809359,1.);
#169=ELLIPSE('',#9840,1.07480385809359,1.);
#170=ELLIPSE('',#9841,1.07480385809359,1.);
#171=ELLIPSE('',#9842,1.07480385809359,1.);
#172=ELLIPSE('',#9843,1.07480385809359,1.);
#173=ELLIPSE('',#9844,1.07480385809359,1.);
#174=ELLIPSE('',#9845,1.07480385809359,1.);
#175=ELLIPSE('',#10109,1.32158737871998,1.29894133637766);
#176=ELLIPSE('',#10111,1.32158737868651,1.29894133635522);
#177=ELLIPSE('',#10112,1.32158737873941,1.29894133639285);
#178=ELLIPSE('',#10114,1.32594775753654,1.30189938333345);
#179=ELLIPSE('',#10115,1.32594775752101,1.30189938332303);
#180=ELLIPSE('',#10117,1.3259477575299,1.30189938332915);
#181=ELLIPSE('',#10118,1.32594775755239,1.30189938334469);
#182=ELLIPSE('',#10120,1.32158737868282,1.29894133635228);
#183=ELLIPSE('',#10140,1.32158737870889,1.29894133637004);
#184=ELLIPSE('',#10142,1.32158737875169,1.29894133640113);
#185=ELLIPSE('',#10143,1.32158737873099,1.29894133638687);
#186=ELLIPSE('',#10145,1.3259477575365,1.30189938333342);
#187=ELLIPSE('',#10146,1.32594775752087,1.30189938332307);
#188=ELLIPSE('',#10148,1.3259477575188,1.30189938332164);
#189=ELLIPSE('',#10149,1.32594775754528,1.30189938334022);
#190=ELLIPSE('',#10151,1.32158737879982,1.29894133643216);
#191=ELLIPSE('',#10171,1.32158737871114,1.29894133637137);
#192=ELLIPSE('',#10173,1.32158737868195,1.29894133635206);
#193=ELLIPSE('',#10174,1.32158737874386,1.29894133639579);
#194=ELLIPSE('',#10176,1.32594775752337,1.30189938332452);
#195=ELLIPSE('',#10177,1.32594775752537,1.30189938332617);
#196=ELLIPSE('',#10179,1.32594775752562,1.30189938332606);
#197=ELLIPSE('',#10180,1.32594775754559,1.30189938334028);
#198=ELLIPSE('',#10182,1.321587378687,1.29894133635503);
#199=B_SPLINE_CURVE_WITH_KNOTS('',3,(#13326,#13327,#13328,#13329),
 .UNSPECIFIED.,.F.,.F.,(4,4),(-0.496042203551295,-0.465357569002962),
 .UNSPECIFIED.);
#200=B_SPLINE_CURVE_WITH_KNOTS('',3,(#13336,#13337,#13338,#13339),
 .UNSPECIFIED.,.F.,.F.,(4,4),(-0.526726838099626,-0.496042203551295),
 .UNSPECIFIED.);
#201=B_SPLINE_CURVE_WITH_KNOTS('',3,(#13347,#13348,#13349,#13350,#13351,
#13352),.UNSPECIFIED.,.F.,.F.,(4,2,4),(0.465357569002966,0.496042203551295,
0.526726838099617),.UNSPECIFIED.);
#202=B_SPLINE_CURVE_WITH_KNOTS('',3,(#13360,#13361,#13362,#13363,#13364,
#13365),.UNSPECIFIED.,.F.,.F.,(4,2,4),(-0.526726838099623,-0.496042203551295,
-0.465357569002966),.UNSPECIFIED.);
#203=B_SPLINE_CURVE_WITH_KNOTS('',3,(#13373,#13374,#13375,#13376,#13377,
#13378),.UNSPECIFIED.,.F.,.F.,(4,2,4),(0.465357569002966,0.496042203551295,
0.526726838099617),.UNSPECIFIED.);
#204=B_SPLINE_CURVE_WITH_KNOTS('',3,(#13537,#13538,#13539,#13540,#13541,
#13542,#13543,#13544,#13545,#13546,#13547,#13548,#13549,#13550,#13551,#13552,
#13553,#13554,#13555,#13556,#13557,#13558,#13559,#13560,#13561,#13562,#13563,
#13564,#13565,#13566,#13567,#13568,#13569,#13570,#13571,#13572,#13573,#13574,
#13575,#13576,#13577,#13578,#13579,#13580,#13581,#13582,#13583,#13584,#13585),
 .UNSPECIFIED.,.F.,.F.,(4,3,3,3,3,3,3,3,3,3,3,3,3,3,3,3,4),(0.,0.0418493145656519,
0.0623915136479371,0.131341433752523,0.209746290623136,0.304436284482485,
0.317742555439885,0.396521748138721,0.468575679361822,0.540733827694824,
0.623436651195482,0.734851233866499,0.816295015490917,0.871545121697456,
0.935772560848728,0.977977403129159,1.),.UNSPECIFIED.);
#205=B_SPLINE_CURVE_WITH_KNOTS('',3,(#13588,#13589,#13590,#13591,#13592,
#13593,#13594,#13595,#13596,#13597,#13598,#13599,#13600,#13601,#13602,#13603,
#13604,#13605,#13606,#13607,#13608,#13609,#13610,#13611,#13612,#13613,#13614,
#13615,#13616,#13617,#13618,#13619,#13620,#13621,#13622,#13623,#13624,#13625,
#13626,#13627,#13628,#13629,#13630,#13631,#13632,#13633),.UNSPECIFIED.,
 .F.,.F.,(4,3,3,3,3,3,3,3,3,3,3,3,3,3,3,4),(0.,0.041841165047307,0.0623813093439096,
0.135306417790071,0.209946810129133,0.304215836025192,0.384371159696267,
0.457750274070709,0.544553356544989,0.619248945879468,0.712848998546743,
0.798833328841219,0.871408244404853,0.935704122202427,0.977915815462264,
1.),.UNSPECIFIED.);
#206=B_SPLINE_CURVE_WITH_KNOTS('',3,(#13767,#13768,#13769,#13770,#13771,
#13772,#13773,#13774,#13775,#13776,#13777,#13778),.UNSPECIFIED.,.F.,.F.,
(4,1,1,1,1,1,1,1,1,4),(-0.333314475217931,-0.323360545645426,-0.313406616072921,
-0.29349875692791,-0.253683038637889,-0.213867320347869,-0.203913390775364,
-0.198936425989111,-0.196447943595985,-0.193959461202858),.UNSPECIFIED.);
#207=B_SPLINE_CURVE_WITH_KNOTS('',3,(#13780,#13781,#13782,#13783,#13784,
#13785,#13786,#13787,#13788,#13789,#13790),.UNSPECIFIED.,.F.,.F.,(4,1,1,
1,1,1,1,1,4),(0.,0.0714285714285714,0.142857142857143,0.285714285714286,
0.5,0.785714285714286,0.857142857142857,0.928571428571429,1.),
 .UNSPECIFIED.);
#208=B_SPLINE_CURVE_WITH_KNOTS('',3,(#13791,#13792,#13793,#13794,#13795,
#13796,#13797,#13798,#13799,#13800,#13801,#13802),.UNSPECIFIED.,.F.,.F.,
(4,1,1,1,1,1,1,1,1,4),(0.193959461202858,0.196447943595985,0.198936425989111,
0.203913390775364,0.213867320347869,0.253683038637889,0.29349875692791,
0.313406616072921,0.323360545645426,0.333314475217931),.UNSPECIFIED.);
#209=B_SPLINE_CURVE_WITH_KNOTS('',3,(#13833,#13834,#13835,#13836,#13837,
#13838,#13839),.UNSPECIFIED.,.F.,.F.,(4,1,1,1,4),(-1.,-0.785714285714286,
-0.5,-0.285714285714286,0.),.UNSPECIFIED.);
#210=B_SPLINE_CURVE_WITH_KNOTS('',3,(#13858,#13859,#13860,#13861,#13862,
#13863,#13864),.UNSPECIFIED.,.F.,.F.,(4,1,1,1,4),(0.,0.00675355096302856,
0.0157582855804,0.0225118365434285,0.0315165711607999),.UNSPECIFIED.);
#211=B_SPLINE_CURVE_WITH_KNOTS('',3,(#13901,#13902,#13903,#13904,#13905,
#13906,#13907,#13908,#13909,#13910,#13911,#13912,#13913,#13914,#13915,#13916,
#13917,#13918,#13919,#13920,#13921,#13922,#13923,#13924,#13925,#13926,#13927,
#13928,#13929,#13930,#13931,#13932,#13933,#13934,#13935,#13936,#13937,#13938,
#13939,#13940,#13941,#13942,#13943,#13944,#13945,#13946,#13947,#13948,#13949),
 .UNSPECIFIED.,.F.,.F.,(4,3,3,3,3,3,3,3,3,3,3,3,3,3,3,3,4),(0.,0.0418283267721338,
0.0623650403873133,0.131286149303762,0.209650711469315,0.304273936703397,
0.317690535524987,0.402979218584364,0.477819234069081,0.548623716261753,
0.628035586458057,0.727871776469342,0.809833406032985,0.871211684260209,
0.935605842130104,0.977826863983351,1.),.UNSPECIFIED.);
#212=B_SPLINE_CURVE_WITH_KNOTS('',3,(#13952,#13953,#13954,#13955,#13956,
#13957,#13958,#13959,#13960,#13961,#13962,#13963,#13964,#13965,#13966,#13967,
#13968,#13969,#13970,#13971,#13972,#13973,#13974,#13975,#13976,#13977,#13978,
#13979,#13980,#13981,#13982,#13983,#13984,#13985,#13986,#13987,#13988,#13989,
#13990,#13991,#13992,#13993,#13994,#13995,#13996,#13997),.UNSPECIFIED.,
 .F.,.F.,(4,3,3,3,3,3,3,3,3,3,3,3,3,3,3,4),(0.,0.0418368679951957,0.0623765772960382,
0.137688707948784,0.214042055299469,0.308899134225717,0.397125083253216,
0.467036265947734,0.539608474291643,0.616966419949277,0.712763153500251,
0.798761384338747,0.87133792399768,0.93566896199884,0.97788402902855,1.),
 .UNSPECIFIED.);
#213=B_SPLINE_CURVE_WITH_KNOTS('',3,(#14014,#14015,#14016,#14017,#14018,
#14019,#14020),.UNSPECIFIED.,.F.,.F.,(4,1,1,1,4),(0.,0.00900473461737106,
0.0157582855803994,0.0247630201977704,0.0315165711607987),.UNSPECIFIED.);
#214=B_SPLINE_CURVE_WITH_KNOTS('',3,(#14024,#14025,#14026,#14027,#14028,
#14029,#14030),.UNSPECIFIED.,.F.,.F.,(4,1,1,1,4),(-1.,-0.785714285714286,
-0.5,-0.285714285714286,0.),.UNSPECIFIED.);
#215=B_SPLINE_CURVE_WITH_KNOTS('',3,(#14062,#14063,#14064,#14065,#14066,
#14067,#14068),.UNSPECIFIED.,.F.,.F.,(4,1,1,1,4),(-1.,-0.785714285714286,
-0.5,-0.285714285714286,0.),.UNSPECIFIED.);
#216=B_SPLINE_CURVE_WITH_KNOTS('',3,(#14203,#14204,#14205,#14206,#14207,
#14208,#14209,#14210,#14211,#14212,#14213,#14214),.UNSPECIFIED.,.F.,.F.,
(4,1,1,1,1,1,1,1,1,4),(-0.333310902047251,-0.323357227701312,-0.313403553355372,
-0.293496204663494,-0.253681507279736,-0.213866809895979,-0.20391313555004,
-0.19893629837707,-0.196447879790585,-0.1939594612041),.UNSPECIFIED.);
#217=B_SPLINE_CURVE_WITH_KNOTS('',3,(#14215,#14216,#14217,#14218,#14219,
#14220,#14221,#14222,#14223,#14224,#14225,#14226),.UNSPECIFIED.,.F.,.F.,
(4,1,1,1,1,1,1,1,1,4),(0.1939594612041,0.196447879790585,0.19893629837707,
0.20391313555004,0.213866809895979,0.253681507279736,0.293496204663494,
0.313403553355372,0.323357227701312,0.333310902047251),.UNSPECIFIED.);
#218=B_SPLINE_CURVE_WITH_KNOTS('',3,(#14937,#14938,#14939,#14940),
 .UNSPECIFIED.,.F.,.F.,(4,4),(-0.367844323843763,0.367844323843628),
 .UNSPECIFIED.);
#219=B_SPLINE_CURVE_WITH_KNOTS('',3,(#14944,#14945,#14946,#14947),
 .UNSPECIFIED.,.F.,.F.,(4,4),(-0.367844323843628,0.367844323843666),
 .UNSPECIFIED.);
#220=B_SPLINE_CURVE_WITH_KNOTS('',3,(#14951,#14952,#14953,#14954),
 .UNSPECIFIED.,.F.,.F.,(4,4),(-0.367844323843664,0.3678443238437),
 .UNSPECIFIED.);
#221=B_SPLINE_CURVE_WITH_KNOTS('',3,(#14958,#14959,#14960,#14961),
 .UNSPECIFIED.,.F.,.F.,(4,4),(-0.367844323843631,0.367844323843759),
 .UNSPECIFIED.);
#222=B_SPLINE_CURVE_WITH_KNOTS('',3,(#14965,#14966,#14967,#14968),
 .UNSPECIFIED.,.F.,.F.,(4,4),(-0.367844323843756,0.367844323843631),
 .UNSPECIFIED.);
#223=B_SPLINE_CURVE_WITH_KNOTS('',3,(#14972,#14973,#14974,#14975),
 .UNSPECIFIED.,.F.,.F.,(4,4),(-0.367844323843696,0.367844323843668),
 .UNSPECIFIED.);
#224=B_SPLINE_CURVE_WITH_KNOTS('',3,(#14979,#14980,#14981,#14982),
 .UNSPECIFIED.,.F.,.F.,(4,4),(-0.367844323843664,0.3678443238437),
 .UNSPECIFIED.);
#225=B_SPLINE_CURVE_WITH_KNOTS('',3,(#14986,#14987,#14988,#14989),
 .UNSPECIFIED.,.F.,.F.,(4,4),(-0.367844323843622,0.367844323843668),
 .UNSPECIFIED.);
#226=B_SPLINE_CURVE_WITH_KNOTS('',3,(#15014,#15015,#15016,#15017),
 .UNSPECIFIED.,.F.,.F.,(4,4),(-0.367844323843622,0.367844323843668),
 .UNSPECIFIED.);
#227=B_SPLINE_CURVE_WITH_KNOTS('',3,(#15032,#15033,#15034,#15035),
 .UNSPECIFIED.,.F.,.F.,(4,4),(-0.367844323843664,0.3678443238437),
 .UNSPECIFIED.);
#228=B_SPLINE_CURVE_WITH_KNOTS('',3,(#15050,#15051,#15052,#15053),
 .UNSPECIFIED.,.F.,.F.,(4,4),(-0.367844323843696,0.367844323843668),
 .UNSPECIFIED.);
#229=B_SPLINE_CURVE_WITH_KNOTS('',3,(#15068,#15069,#15070,#15071),
 .UNSPECIFIED.,.F.,.F.,(4,4),(-0.367844323843756,0.367844323843631),
 .UNSPECIFIED.);
#230=B_SPLINE_CURVE_WITH_KNOTS('',3,(#15086,#15087,#15088,#15089),
 .UNSPECIFIED.,.F.,.F.,(4,4),(-0.367844323843631,0.367844323843759),
 .UNSPECIFIED.);
#231=B_SPLINE_CURVE_WITH_KNOTS('',3,(#15104,#15105,#15106,#15107),
 .UNSPECIFIED.,.F.,.F.,(4,4),(-0.367844323843664,0.3678443238437),
 .UNSPECIFIED.);
#232=B_SPLINE_CURVE_WITH_KNOTS('',3,(#15122,#15123,#15124,#15125),
 .UNSPECIFIED.,.F.,.F.,(4,4),(-0.367844323843628,0.367844323843666),
 .UNSPECIFIED.);
#233=B_SPLINE_CURVE_WITH_KNOTS('',3,(#15139,#15140,#15141,#15142),
 .UNSPECIFIED.,.F.,.F.,(4,4),(-0.367844323843763,0.367844323843628),
 .UNSPECIFIED.);
#234=B_SPLINE_CURVE_WITH_KNOTS('',3,(#16010,#16011,#16012,#16013),
 .UNSPECIFIED.,.F.,.F.,(4,4),(-0.496042203551296,-0.465357569002961),
 .UNSPECIFIED.);
#235=B_SPLINE_CURVE_WITH_KNOTS('',3,(#16016,#16017,#16018,#16019),
 .UNSPECIFIED.,.F.,.F.,(4,4),(-0.526726838099624,-0.496042203551296),
 .UNSPECIFIED.);
#236=B_SPLINE_CURVE_WITH_KNOTS('',3,(#16027,#16028,#16029,#16030,#16031,
#16032),.UNSPECIFIED.,.F.,.F.,(4,2,4),(0.465357569002966,0.496042203551296,
0.526726838099616),.UNSPECIFIED.);
#237=B_SPLINE_CURVE_WITH_KNOTS('',3,(#16040,#16041,#16042,#16043,#16044,
#16045),.UNSPECIFIED.,.F.,.F.,(4,2,4),(-0.526726838099632,-0.496042203551296,
-0.465357569002975),.UNSPECIFIED.);
#238=B_SPLINE_CURVE_WITH_KNOTS('',3,(#16053,#16054,#16055,#16056,#16057,
#16058),.UNSPECIFIED.,.F.,.F.,(4,2,4),(0.465357569002974,0.496042203551296,
0.526726838099625),.UNSPECIFIED.);
#239=B_SPLINE_CURVE_WITH_KNOTS('',3,(#16132,#16133,#16134,#16135),
 .UNSPECIFIED.,.F.,.F.,(4,4),(-0.496042203551295,-0.465357569002962),
 .UNSPECIFIED.);
#240=B_SPLINE_CURVE_WITH_KNOTS('',3,(#16138,#16139,#16140,#16141),
 .UNSPECIFIED.,.F.,.F.,(4,4),(-0.526726838099625,-0.496042203551295),
 .UNSPECIFIED.);
#241=B_SPLINE_CURVE_WITH_KNOTS('',3,(#16149,#16150,#16151,#16152,#16153,
#16154),.UNSPECIFIED.,.F.,.F.,(4,2,4),(0.465357569002975,0.496042203551295,
0.526726838099626),.UNSPECIFIED.);
#242=B_SPLINE_CURVE_WITH_KNOTS('',3,(#16162,#16163,#16164,#16165,#16166,
#16167),.UNSPECIFIED.,.F.,.F.,(4,2,4),(-0.526726838099632,-0.496042203551295,
-0.465357569002975),.UNSPECIFIED.);
#243=B_SPLINE_CURVE_WITH_KNOTS('',3,(#16175,#16176,#16177,#16178,#16179,
#16180),.UNSPECIFIED.,.F.,.F.,(4,2,4),(0.465357569002966,0.496042203551295,
0.526726838099617),.UNSPECIFIED.);
#244=B_SPLINE_CURVE_WITH_KNOTS('',3,(#16254,#16255,#16256,#16257),
 .UNSPECIFIED.,.F.,.F.,(4,4),(-0.496042203551295,-0.465357569002962),
 .UNSPECIFIED.);
#245=B_SPLINE_CURVE_WITH_KNOTS('',3,(#16260,#16261,#16262,#16263),
 .UNSPECIFIED.,.F.,.F.,(4,4),(-0.526726838099626,-0.496042203551295),
 .UNSPECIFIED.);
#246=B_SPLINE_CURVE_WITH_KNOTS('',3,(#16271,#16272,#16273,#16274,#16275,
#16276),.UNSPECIFIED.,.F.,.F.,(4,2,4),(0.465357569002966,0.496042203551295,
0.526726838099617),.UNSPECIFIED.);
#247=B_SPLINE_CURVE_WITH_KNOTS('',3,(#16284,#16285,#16286,#16287,#16288,
#16289),.UNSPECIFIED.,.F.,.F.,(4,2,4),(-0.526726838099623,-0.496042203551295,
-0.465357569002966),.UNSPECIFIED.);
#248=B_SPLINE_CURVE_WITH_KNOTS('',3,(#16297,#16298,#16299,#16300,#16301,
#16302),.UNSPECIFIED.,.F.,.F.,(4,2,4),(0.465357569002966,0.496042203551295,
0.526726838099617),.UNSPECIFIED.);
#249=FACE_BOUND('',#1152,.T.);
#250=FACE_BOUND('',#1167,.T.);
#251=FACE_BOUND('',#1170,.T.);
#252=FACE_BOUND('',#1185,.T.);
#253=FACE_BOUND('',#1188,.T.);
#254=FACE_BOUND('',#1203,.T.);
#255=FACE_BOUND('',#1206,.T.);
#256=FACE_BOUND('',#1221,.T.);
#257=FACE_BOUND('',#1265,.T.);
#258=FACE_BOUND('',#1266,.T.);
#259=FACE_BOUND('',#1267,.T.);
#260=FACE_BOUND('',#1268,.T.);
#261=FACE_BOUND('',#1269,.T.);
#262=FACE_BOUND('',#1315,.T.);
#263=FACE_BOUND('',#1319,.T.);
#264=FACE_BOUND('',#1321,.T.);
#265=FACE_BOUND('',#1323,.T.);
#266=FACE_BOUND('',#1325,.T.);
#267=FACE_BOUND('',#1329,.T.);
#268=FACE_BOUND('',#1331,.T.);
#269=FACE_BOUND('',#1345,.T.);
#270=FACE_BOUND('',#1347,.T.);
#271=FACE_BOUND('',#1349,.T.);
#272=FACE_BOUND('',#1351,.T.);
#273=FACE_BOUND('',#1354,.T.);
#274=FACE_BOUND('',#1356,.T.);
#275=FACE_BOUND('',#1358,.T.);
#276=FACE_BOUND('',#1360,.T.);
#277=FACE_BOUND('',#1370,.T.);
#278=FACE_BOUND('',#1378,.T.);
#279=FACE_BOUND('',#1386,.T.);
#280=FACE_BOUND('',#1394,.T.);
#281=FACE_BOUND('',#1402,.T.);
#282=FACE_BOUND('',#1404,.T.);
#283=FACE_BOUND('',#1406,.T.);
#284=FACE_BOUND('',#1408,.T.);
#285=FACE_BOUND('',#1410,.T.);
#286=FACE_BOUND('',#1412,.T.);
#287=FACE_BOUND('',#1414,.T.);
#288=FACE_BOUND('',#1416,.T.);
#289=FACE_BOUND('',#1418,.T.);
#290=FACE_BOUND('',#1419,.T.);
#291=FACE_BOUND('',#1420,.T.);
#292=FACE_BOUND('',#1421,.T.);
#293=FACE_BOUND('',#1422,.T.);
#294=FACE_BOUND('',#1444,.T.);
#295=FACE_BOUND('',#1455,.T.);
#296=FACE_BOUND('',#1457,.T.);
#297=FACE_BOUND('',#1459,.T.);
#298=FACE_BOUND('',#1517,.T.);
#299=FACE_BOUND('',#1645,.T.);
#300=FACE_BOUND('',#1646,.T.);
#301=FACE_BOUND('',#1647,.T.);
#302=FACE_BOUND('',#1648,.T.);
#303=FACE_BOUND('',#1649,.T.);
#304=FACE_BOUND('',#1650,.T.);
#305=FACE_BOUND('',#1709,.T.);
#306=CIRCLE('',#9440,1.75);
#307=CIRCLE('',#9441,0.5);
#308=CIRCLE('',#9442,1.75);
#309=CIRCLE('',#9458,3.);
#310=CIRCLE('',#9459,18.);
#311=CIRCLE('',#9461,1.75);
#312=CIRCLE('',#9462,0.5);
#313=CIRCLE('',#9463,1.75);
#314=CIRCLE('',#9479,3.);
#315=CIRCLE('',#9480,18.);
#316=CIRCLE('',#9481,18.);
#317=CIRCLE('',#9483,1.75);
#318=CIRCLE('',#9484,0.5);
#319=CIRCLE('',#9485,1.75);
#320=CIRCLE('',#9501,3.);
#321=CIRCLE('',#9502,18.);
#322=CIRCLE('',#9504,1.75);
#323=CIRCLE('',#9505,0.5);
#324=CIRCLE('',#9506,1.75);
#325=CIRCLE('',#9522,3.);
#326=CIRCLE('',#9523,18.);
#327=CIRCLE('',#9525,1.27);
#328=CIRCLE('',#9526,3.175);
#329=CIRCLE('',#9527,3.175);
#330=CIRCLE('',#9529,1.905);
#331=CIRCLE('',#9532,1.905);
#332=CIRCLE('',#9535,1.905);
#333=CIRCLE('',#9538,1.905);
#334=CIRCLE('',#9558,3.175);
#335=CIRCLE('',#9560,3.175);
#336=CIRCLE('',#9561,3.175);
#337=CIRCLE('',#9565,3.175);
#338=CIRCLE('',#9566,3.175);
#339=CIRCLE('',#9567,3.175);
#340=CIRCLE('',#9569,3.175);
#341=CIRCLE('',#9570,3.175);
#342=CIRCLE('',#9571,3.175);
#343=CIRCLE('',#9572,7.00098208130043);
#344=CIRCLE('',#9574,0.761999999999992);
#345=CIRCLE('',#9576,6.99454270241783);
#346=CIRCLE('',#9578,0.76);
#347=CIRCLE('',#9581,0.759999999999996);
#348=CIRCLE('',#9582,0.760000000000001);
#349=CIRCLE('',#9584,0.76);
#350=CIRCLE('',#9586,0.76);
#351=CIRCLE('',#9587,0.759999999999996);
#352=CIRCLE('',#9588,0.760000000000001);
#353=CIRCLE('',#9592,0.76);
#354=CIRCLE('',#9594,0.238000000000001);
#355=CIRCLE('',#9595,0.238);
#356=CIRCLE('',#9596,0.238000000000002);
#357=CIRCLE('',#9597,0.238);
#358=CIRCLE('',#9598,0.238000000000001);
#359=CIRCLE('',#9599,0.238);
#360=CIRCLE('',#9600,0.238000000000001);
#361=CIRCLE('',#9601,0.238);
#362=CIRCLE('',#9602,5.667);
#363=CIRCLE('',#9603,3.42900000000002);
#364=CIRCLE('',#9604,3.42900000000002);
#365=CIRCLE('',#9605,3.42900000000002);
#366=CIRCLE('',#9606,3.42900000000002);
#367=CIRCLE('',#9607,0.762);
#368=CIRCLE('',#9608,0.761999999999992);
#369=CIRCLE('',#9609,1.);
#370=CIRCLE('',#9611,1.);
#371=CIRCLE('',#9614,0.762);
#372=CIRCLE('',#9615,0.761999999999992);
#373=CIRCLE('',#9616,1.);
#374=CIRCLE('',#9618,1.);
#375=CIRCLE('',#9621,0.762);
#376=CIRCLE('',#9622,0.762);
#377=CIRCLE('',#9623,0.761999999999992);
#378=CIRCLE('',#9624,1.);
#379=CIRCLE('',#9626,1.);
#380=CIRCLE('',#9629,0.762);
#381=CIRCLE('',#9630,1.);
#382=CIRCLE('',#9632,1.);
#383=CIRCLE('',#9633,0.761999999999996);
#384=CIRCLE('',#9634,0.761999999999992);
#385=CIRCLE('',#9635,1.);
#386=CIRCLE('',#9637,1.);
#387=CIRCLE('',#9640,0.761999999999997);
#388=CIRCLE('',#9641,0.761999999999992);
#389=CIRCLE('',#9642,1.);
#390=CIRCLE('',#9644,1.);
#391=CIRCLE('',#9647,0.761999999999992);
#392=CIRCLE('',#9648,1.);
#393=CIRCLE('',#9650,1.);
#394=CIRCLE('',#9653,0.762);
#395=CIRCLE('',#9654,0.761999999999992);
#396=CIRCLE('',#9655,1.);
#397=CIRCLE('',#9657,1.);
#398=CIRCLE('',#9668,5.16699999999999);
#399=CIRCLE('',#9669,5.16699999999999);
#400=CIRCLE('',#9671,5.16699999999999);
#401=CIRCLE('',#9677,2.);
#402=CIRCLE('',#9678,2.);
#403=CIRCLE('',#9679,2.);
#404=CIRCLE('',#9680,2.);
#405=CIRCLE('',#9681,2.);
#406=CIRCLE('',#9682,2.);
#407=CIRCLE('',#9683,2.);
#408=CIRCLE('',#9684,2.);
#409=CIRCLE('',#9686,2.62699999999999);
#410=CIRCLE('',#9690,1.905);
#411=CIRCLE('',#9691,1.505);
#412=CIRCLE('',#9693,1.905);
#413=CIRCLE('',#9694,1.505);
#414=CIRCLE('',#9696,1.905);
#415=CIRCLE('',#9697,1.505);
#416=CIRCLE('',#9699,1.905);
#417=CIRCLE('',#9700,1.505);
#418=CIRCLE('',#9702,9.7);
#419=CIRCLE('',#9703,9.7);
#420=CIRCLE('',#9705,9.8);
#421=CIRCLE('',#9706,9.8);
#422=CIRCLE('',#9709,11.);
#423=CIRCLE('',#9713,3.);
#424=CIRCLE('',#9714,3.);
#425=CIRCLE('',#9718,3.);
#426=CIRCLE('',#9719,3.);
#427=CIRCLE('',#9723,3.);
#428=CIRCLE('',#9724,3.);
#429=CIRCLE('',#9728,3.);
#430=CIRCLE('',#9729,3.);
#431=CIRCLE('',#9731,11.);
#432=CIRCLE('',#9732,18.);
#433=CIRCLE('',#9733,1.5);
#434=CIRCLE('',#9735,18.);
#435=CIRCLE('',#9736,11.);
#436=CIRCLE('',#9737,1.5);
#437=CIRCLE('',#9739,18.);
#438=CIRCLE('',#9740,11.);
#439=CIRCLE('',#9741,1.5);
#440=CIRCLE('',#9743,11.);
#441=CIRCLE('',#9744,18.);
#442=CIRCLE('',#9745,1.5);
#443=CIRCLE('',#9747,18.);
#444=CIRCLE('',#9749,3.3);
#445=CIRCLE('',#9750,2.4);
#446=CIRCLE('',#9752,3.3);
#447=CIRCLE('',#9753,2.4);
#448=CIRCLE('',#9755,3.3);
#449=CIRCLE('',#9756,2.4);
#450=CIRCLE('',#9758,3.3);
#451=CIRCLE('',#9759,2.4);
#452=CIRCLE('',#9761,2.4);
#453=CIRCLE('',#9763,3.3);
#454=CIRCLE('',#9771,0.249999999999999);
#455=CIRCLE('',#9779,0.249999999999999);
#456=CIRCLE('',#9787,0.249999999999999);
#457=CIRCLE('',#9795,0.249999999999999);
#458=CIRCLE('',#9797,2.4);
#459=CIRCLE('',#9799,3.3);
#460=CIRCLE('',#9801,2.4);
#461=CIRCLE('',#9803,3.3);
#462=CIRCLE('',#9805,2.4);
#463=CIRCLE('',#9807,3.3);
#464=CIRCLE('',#9813,1.805);
#465=CIRCLE('',#9814,0.249999999999999);
#466=CIRCLE('',#9816,1.805);
#467=CIRCLE('',#9817,0.249999999999999);
#468=CIRCLE('',#9819,1.805);
#469=CIRCLE('',#9820,0.249999999999999);
#470=CIRCLE('',#9822,1.805);
#471=CIRCLE('',#9823,0.249999999999999);
#472=CIRCLE('',#9847,1.5);
#473=CIRCLE('',#9850,1.5);
#474=CIRCLE('',#9853,1.5);
#475=CIRCLE('',#9856,1.5);
#476=CIRCLE('',#9860,5.);
#477=CIRCLE('',#9862,3.);
#478=CIRCLE('',#9863,2.62699999999999);
#479=CIRCLE('',#9865,1.);
#480=CIRCLE('',#9866,1.);
#481=CIRCLE('',#9867,1.);
#482=CIRCLE('',#9868,1.);
#483=CIRCLE('',#9869,1.);
#484=CIRCLE('',#9870,1.);
#485=CIRCLE('',#9871,1.);
#486=CIRCLE('',#9872,1.);
#487=CIRCLE('',#9873,2.);
#488=CIRCLE('',#9874,2.);
#489=CIRCLE('',#9875,2.);
#490=CIRCLE('',#9876,2.);
#491=CIRCLE('',#9877,2.);
#492=CIRCLE('',#9878,2.);
#493=CIRCLE('',#9879,2.);
#494=CIRCLE('',#9880,2.);
#495=CIRCLE('',#9890,1.505);
#496=CIRCLE('',#9893,1.505);
#497=CIRCLE('',#9896,1.505);
#498=CIRCLE('',#9899,1.505);
#499=CIRCLE('',#9910,1.);
#500=CIRCLE('',#9912,1.);
#501=CIRCLE('',#9913,0.999999999999996);
#502=CIRCLE('',#9915,0.999999999999998);
#503=CIRCLE('',#9917,1.);
#504=CIRCLE('',#9918,0.999999999999997);
#505=CIRCLE('',#9920,1.);
#506=CIRCLE('',#9922,1.);
#507=CIRCLE('',#9923,1.00000000000001);
#508=CIRCLE('',#9925,0.999999999999998);
#509=CIRCLE('',#9927,1.);
#510=CIRCLE('',#9928,0.999999999999994);
#511=CIRCLE('',#9930,0.999999999999996);
#512=CIRCLE('',#9932,1.);
#513=CIRCLE('',#9933,0.999999999999998);
#514=CIRCLE('',#9935,1.);
#515=CIRCLE('',#9938,0.999999999999998);
#516=CIRCLE('',#9941,1.);
#517=CIRCLE('',#9943,0.999999999999998);
#518=CIRCLE('',#9944,0.999999999999996);
#519=CIRCLE('',#9946,1.);
#520=CIRCLE('',#9949,1.);
#521=CIRCLE('',#9952,1.);
#522=CIRCLE('',#9954,1.);
#523=CIRCLE('',#9955,0.999999999999996);
#524=CIRCLE('',#9957,1.);
#525=CIRCLE('',#9960,1.);
#526=CIRCLE('',#9963,1.);
#527=CIRCLE('',#9965,1.);
#528=CIRCLE('',#9966,0.999999999999994);
#529=CIRCLE('',#9968,1.);
#530=CIRCLE('',#9971,1.);
#531=CIRCLE('',#9974,5.);
#532=CIRCLE('',#9975,3.);
#533=CIRCLE('',#10007,1.905);
#534=CIRCLE('',#10009,1.905);
#535=CIRCLE('',#10011,1.905);
#536=CIRCLE('',#10013,1.905);
#537=CIRCLE('',#10108,1.27);
#538=CIRCLE('',#10110,1.905);
#539=CIRCLE('',#10113,1.905);
#540=CIRCLE('',#10116,1.905);
#541=CIRCLE('',#10119,1.905);
#542=CIRCLE('',#10139,1.27);
#543=CIRCLE('',#10141,1.905);
#544=CIRCLE('',#10144,1.905);
#545=CIRCLE('',#10147,1.905);
#546=CIRCLE('',#10150,1.905);
#547=CIRCLE('',#10170,1.27);
#548=CIRCLE('',#10172,1.905);
#549=CIRCLE('',#10175,1.905);
#550=CIRCLE('',#10178,1.905);
#551=CIRCLE('',#10181,1.905);
#552=CIRCLE('',#10202,4.);
#553=CIRCLE('',#10203,4.);
#554=CIRCLE('',#10205,4.);
#555=CIRCLE('',#10207,4.);
#556=CIRCLE('',#10208,2.5);
#557=CIRCLE('',#10211,2.5);
#558=TOROIDAL_SURFACE('',#9439,1.75,0.5);
#559=TOROIDAL_SURFACE('',#9460,1.75,0.5);
#560=TOROIDAL_SURFACE('',#9482,1.75,0.5);
#561=TOROIDAL_SURFACE('',#9503,1.75,0.5);
#562=TOROIDAL_SURFACE('',#9524,1.905,1.27);
#563=TOROIDAL_SURFACE('',#10107,1.905,1.27);
#564=TOROIDAL_SURFACE('',#10138,1.905,1.27);
#565=TOROIDAL_SURFACE('',#10169,1.905,1.27);
#566=ORIENTED_CLOSED_SHELL('',*,#9381,.F.);
#567=ORIENTED_CLOSED_SHELL('',*,#9382,.F.);
#568=ORIENTED_CLOSED_SHELL('',*,#9383,.F.);
#569=ORIENTED_CLOSED_SHELL('',*,#9384,.F.);
#570=ORIENTED_CLOSED_SHELL('',*,#9385,.F.);
#571=ORIENTED_CLOSED_SHELL('',*,#9386,.F.);
#572=FACE_OUTER_BOUND('',#1114,.T.);
#573=FACE_OUTER_BOUND('',#1115,.T.);
#574=FACE_OUTER_BOUND('',#1116,.T.);
#575=FACE_OUTER_BOUND('',#1117,.T.);
#576=FACE_OUTER_BOUND('',#1118,.T.);
#577=FACE_OUTER_BOUND('',#1119,.T.);
#578=FACE_OUTER_BOUND('',#1120,.T.);
#579=FACE_OUTER_BOUND('',#1121,.T.);
#580=FACE_OUTER_BOUND('',#1122,.T.);
#581=FACE_OUTER_BOUND('',#1123,.T.);
#582=FACE_OUTER_BOUND('',#1124,.T.);
#583=FACE_OUTER_BOUND('',#1125,.T.);
#584=FACE_OUTER_BOUND('',#1126,.T.);
#585=FACE_OUTER_BOUND('',#1127,.T.);
#586=FACE_OUTER_BOUND('',#1128,.T.);
#587=FACE_OUTER_BOUND('',#1129,.T.);
#588=FACE_OUTER_BOUND('',#1130,.T.);
#589=FACE_OUTER_BOUND('',#1131,.T.);
#590=FACE_OUTER_BOUND('',#1132,.T.);
#591=FACE_OUTER_BOUND('',#1133,.T.);
#592=FACE_OUTER_BOUND('',#1134,.T.);
#593=FACE_OUTER_BOUND('',#1135,.T.);
#594=FACE_OUTER_BOUND('',#1136,.T.);
#595=FACE_OUTER_BOUND('',#1137,.T.);
#596=FACE_OUTER_BOUND('',#1138,.T.);
#597=FACE_OUTER_BOUND('',#1139,.T.);
#598=FACE_OUTER_BOUND('',#1140,.T.);
#599=FACE_OUTER_BOUND('',#1141,.T.);
#600=FACE_OUTER_BOUND('',#1142,.T.);
#601=FACE_OUTER_BOUND('',#1143,.T.);
#602=FACE_OUTER_BOUND('',#1144,.T.);
#603=FACE_OUTER_BOUND('',#1145,.T.);
#604=FACE_OUTER_BOUND('',#1146,.T.);
#605=FACE_OUTER_BOUND('',#1147,.T.);
#606=FACE_OUTER_BOUND('',#1148,.T.);
#607=FACE_OUTER_BOUND('',#1149,.T.);
#608=FACE_OUTER_BOUND('',#1150,.T.);
#609=FACE_OUTER_BOUND('',#1151,.T.);
#610=FACE_OUTER_BOUND('',#1153,.T.);
#611=FACE_OUTER_BOUND('',#1154,.T.);
#612=FACE_OUTER_BOUND('',#1155,.T.);
#613=FACE_OUTER_BOUND('',#1156,.T.);
#614=FACE_OUTER_BOUND('',#1157,.T.);
#615=FACE_OUTER_BOUND('',#1158,.T.);
#616=FACE_OUTER_BOUND('',#1159,.T.);
#617=FACE_OUTER_BOUND('',#1160,.T.);
#618=FACE_OUTER_BOUND('',#1161,.T.);
#619=FACE_OUTER_BOUND('',#1162,.T.);
#620=FACE_OUTER_BOUND('',#1163,.T.);
#621=FACE_OUTER_BOUND('',#1164,.T.);
#622=FACE_OUTER_BOUND('',#1165,.T.);
#623=FACE_OUTER_BOUND('',#1166,.T.);
#624=FACE_OUTER_BOUND('',#1168,.T.);
#625=FACE_OUTER_BOUND('',#1169,.T.);
#626=FACE_OUTER_BOUND('',#1171,.T.);
#627=FACE_OUTER_BOUND('',#1172,.T.);
#628=FACE_OUTER_BOUND('',#1173,.T.);
#629=FACE_OUTER_BOUND('',#1174,.T.);
#630=FACE_OUTER_BOUND('',#1175,.T.);
#631=FACE_OUTER_BOUND('',#1176,.T.);
#632=FACE_OUTER_BOUND('',#1177,.T.);
#633=FACE_OUTER_BOUND('',#1178,.T.);
#634=FACE_OUTER_BOUND('',#1179,.T.);
#635=FACE_OUTER_BOUND('',#1180,.T.);
#636=FACE_OUTER_BOUND('',#1181,.T.);
#637=FACE_OUTER_BOUND('',#1182,.T.);
#638=FACE_OUTER_BOUND('',#1183,.T.);
#639=FACE_OUTER_BOUND('',#1184,.T.);
#640=FACE_OUTER_BOUND('',#1186,.T.);
#641=FACE_OUTER_BOUND('',#1187,.T.);
#642=FACE_OUTER_BOUND('',#1189,.T.);
#643=FACE_OUTER_BOUND('',#1190,.T.);
#644=FACE_OUTER_BOUND('',#1191,.T.);
#645=FACE_OUTER_BOUND('',#1192,.T.);
#646=FACE_OUTER_BOUND('',#1193,.T.);
#647=FACE_OUTER_BOUND('',#1194,.T.);
#648=FACE_OUTER_BOUND('',#1195,.T.);
#649=FACE_OUTER_BOUND('',#1196,.T.);
#650=FACE_OUTER_BOUND('',#1197,.T.);
#651=FACE_OUTER_BOUND('',#1198,.T.);
#652=FACE_OUTER_BOUND('',#1199,.T.);
#653=FACE_OUTER_BOUND('',#1200,.T.);
#654=FACE_OUTER_BOUND('',#1201,.T.);
#655=FACE_OUTER_BOUND('',#1202,.T.);
#656=FACE_OUTER_BOUND('',#1204,.T.);
#657=FACE_OUTER_BOUND('',#1205,.T.);
#658=FACE_OUTER_BOUND('',#1207,.T.);
#659=FACE_OUTER_BOUND('',#1208,.T.);
#660=FACE_OUTER_BOUND('',#1209,.T.);
#661=FACE_OUTER_BOUND('',#1210,.T.);
#662=FACE_OUTER_BOUND('',#1211,.T.);
#663=FACE_OUTER_BOUND('',#1212,.T.);
#664=FACE_OUTER_BOUND('',#1213,.T.);
#665=FACE_OUTER_BOUND('',#1214,.T.);
#666=FACE_OUTER_BOUND('',#1215,.T.);
#667=FACE_OUTER_BOUND('',#1216,.T.);
#668=FACE_OUTER_BOUND('',#1217,.T.);
#669=FACE_OUTER_BOUND('',#1218,.T.);
#670=FACE_OUTER_BOUND('',#1219,.T.);
#671=FACE_OUTER_BOUND('',#1220,.T.);
#672=FACE_OUTER_BOUND('',#1222,.T.);
#673=FACE_OUTER_BOUND('',#1223,.T.);
#674=FACE_OUTER_BOUND('',#1224,.T.);
#675=FACE_OUTER_BOUND('',#1225,.T.);
#676=FACE_OUTER_BOUND('',#1226,.T.);
#677=FACE_OUTER_BOUND('',#1227,.T.);
#678=FACE_OUTER_BOUND('',#1228,.T.);
#679=FACE_OUTER_BOUND('',#1229,.T.);
#680=FACE_OUTER_BOUND('',#1230,.T.);
#681=FACE_OUTER_BOUND('',#1231,.T.);
#682=FACE_OUTER_BOUND('',#1232,.T.);
#683=FACE_OUTER_BOUND('',#1233,.T.);
#684=FACE_OUTER_BOUND('',#1234,.T.);
#685=FACE_OUTER_BOUND('',#1235,.T.);
#686=FACE_OUTER_BOUND('',#1236,.T.);
#687=FACE_OUTER_BOUND('',#1237,.T.);
#688=FACE_OUTER_BOUND('',#1238,.T.);
#689=FACE_OUTER_BOUND('',#1239,.T.);
#690=FACE_OUTER_BOUND('',#1240,.T.);
#691=FACE_OUTER_BOUND('',#1241,.T.);
#692=FACE_OUTER_BOUND('',#1242,.T.);
#693=FACE_OUTER_BOUND('',#1243,.T.);
#694=FACE_OUTER_BOUND('',#1244,.T.);
#695=FACE_OUTER_BOUND('',#1245,.T.);
#696=FACE_OUTER_BOUND('',#1246,.T.);
#697=FACE_OUTER_BOUND('',#1247,.T.);
#698=FACE_OUTER_BOUND('',#1248,.T.);
#699=FACE_OUTER_BOUND('',#1249,.T.);
#700=FACE_OUTER_BOUND('',#1250,.T.);
#701=FACE_OUTER_BOUND('',#1251,.T.);
#702=FACE_OUTER_BOUND('',#1252,.T.);
#703=FACE_OUTER_BOUND('',#1253,.T.);
#704=FACE_OUTER_BOUND('',#1254,.T.);
#705=FACE_OUTER_BOUND('',#1255,.T.);
#706=FACE_OUTER_BOUND('',#1256,.T.);
#707=FACE_OUTER_BOUND('',#1257,.T.);
#708=FACE_OUTER_BOUND('',#1258,.T.);
#709=FACE_OUTER_BOUND('',#1259,.T.);
#710=FACE_OUTER_BOUND('',#1260,.T.);
#711=FACE_OUTER_BOUND('',#1261,.T.);
#712=FACE_OUTER_BOUND('',#1262,.T.);
#713=FACE_OUTER_BOUND('',#1263,.T.);
#714=FACE_OUTER_BOUND('',#1264,.T.);
#715=FACE_OUTER_BOUND('',#1270,.T.);
#716=FACE_OUTER_BOUND('',#1271,.T.);
#717=FACE_OUTER_BOUND('',#1272,.T.);
#718=FACE_OUTER_BOUND('',#1273,.T.);
#719=FACE_OUTER_BOUND('',#1274,.T.);
#720=FACE_OUTER_BOUND('',#1275,.T.);
#721=FACE_OUTER_BOUND('',#1276,.T.);
#722=FACE_OUTER_BOUND('',#1277,.T.);
#723=FACE_OUTER_BOUND('',#1278,.T.);
#724=FACE_OUTER_BOUND('',#1279,.T.);
#725=FACE_OUTER_BOUND('',#1280,.T.);
#726=FACE_OUTER_BOUND('',#1281,.T.);
#727=FACE_OUTER_BOUND('',#1282,.T.);
#728=FACE_OUTER_BOUND('',#1283,.T.);
#729=FACE_OUTER_BOUND('',#1284,.T.);
#730=FACE_OUTER_BOUND('',#1285,.T.);
#731=FACE_OUTER_BOUND('',#1286,.T.);
#732=FACE_OUTER_BOUND('',#1287,.T.);
#733=FACE_OUTER_BOUND('',#1288,.T.);
#734=FACE_OUTER_BOUND('',#1289,.T.);
#735=FACE_OUTER_BOUND('',#1290,.T.);
#736=FACE_OUTER_BOUND('',#1291,.T.);
#737=FACE_OUTER_BOUND('',#1292,.T.);
#738=FACE_OUTER_BOUND('',#1293,.T.);
#739=FACE_OUTER_BOUND('',#1294,.T.);
#740=FACE_OUTER_BOUND('',#1295,.T.);
#741=FACE_OUTER_BOUND('',#1296,.T.);
#742=FACE_OUTER_BOUND('',#1297,.T.);
#743=FACE_OUTER_BOUND('',#1298,.T.);
#744=FACE_OUTER_BOUND('',#1299,.T.);
#745=FACE_OUTER_BOUND('',#1300,.T.);
#746=FACE_OUTER_BOUND('',#1301,.T.);
#747=FACE_OUTER_BOUND('',#1302,.T.);
#748=FACE_OUTER_BOUND('',#1303,.T.);
#749=FACE_OUTER_BOUND('',#1304,.T.);
#750=FACE_OUTER_BOUND('',#1305,.T.);
#751=FACE_OUTER_BOUND('',#1306,.T.);
#752=FACE_OUTER_BOUND('',#1307,.T.);
#753=FACE_OUTER_BOUND('',#1308,.T.);
#754=FACE_OUTER_BOUND('',#1309,.T.);
#755=FACE_OUTER_BOUND('',#1310,.T.);
#756=FACE_OUTER_BOUND('',#1311,.T.);
#757=FACE_OUTER_BOUND('',#1312,.T.);
#758=FACE_OUTER_BOUND('',#1313,.T.);
#759=FACE_OUTER_BOUND('',#1314,.T.);
#760=FACE_OUTER_BOUND('',#1316,.T.);
#761=FACE_OUTER_BOUND('',#1317,.T.);
#762=FACE_OUTER_BOUND('',#1318,.T.);
#763=FACE_OUTER_BOUND('',#1320,.T.);
#764=FACE_OUTER_BOUND('',#1322,.T.);
#765=FACE_OUTER_BOUND('',#1324,.T.);
#766=FACE_OUTER_BOUND('',#1326,.T.);
#767=FACE_OUTER_BOUND('',#1327,.T.);
#768=FACE_OUTER_BOUND('',#1328,.T.);
#769=FACE_OUTER_BOUND('',#1330,.T.);
#770=FACE_OUTER_BOUND('',#1332,.T.);
#771=FACE_OUTER_BOUND('',#1333,.T.);
#772=FACE_OUTER_BOUND('',#1334,.T.);
#773=FACE_OUTER_BOUND('',#1335,.T.);
#774=FACE_OUTER_BOUND('',#1336,.T.);
#775=FACE_OUTER_BOUND('',#1337,.T.);
#776=FACE_OUTER_BOUND('',#1338,.T.);
#777=FACE_OUTER_BOUND('',#1339,.T.);
#778=FACE_OUTER_BOUND('',#1340,.T.);
#779=FACE_OUTER_BOUND('',#1341,.T.);
#780=FACE_OUTER_BOUND('',#1342,.T.);
#781=FACE_OUTER_BOUND('',#1343,.T.);
#782=FACE_OUTER_BOUND('',#1344,.T.);
#783=FACE_OUTER_BOUND('',#1346,.T.);
#784=FACE_OUTER_BOUND('',#1348,.T.);
#785=FACE_OUTER_BOUND('',#1350,.T.);
#786=FACE_OUTER_BOUND('',#1352,.T.);
#787=FACE_OUTER_BOUND('',#1353,.T.);
#788=FACE_OUTER_BOUND('',#1355,.T.);
#789=FACE_OUTER_BOUND('',#1357,.T.);
#790=FACE_OUTER_BOUND('',#1359,.T.);
#791=FACE_OUTER_BOUND('',#1361,.T.);
#792=FACE_OUTER_BOUND('',#1362,.T.);
#793=FACE_OUTER_BOUND('',#1363,.T.);
#794=FACE_OUTER_BOUND('',#1364,.T.);
#795=FACE_OUTER_BOUND('',#1365,.T.);
#796=FACE_OUTER_BOUND('',#1366,.T.);
#797=FACE_OUTER_BOUND('',#1367,.T.);
#798=FACE_OUTER_BOUND('',#1368,.T.);
#799=FACE_OUTER_BOUND('',#1369,.T.);
#800=FACE_OUTER_BOUND('',#1371,.T.);
#801=FACE_OUTER_BOUND('',#1372,.T.);
#802=FACE_OUTER_BOUND('',#1373,.T.);
#803=FACE_OUTER_BOUND('',#1374,.T.);
#804=FACE_OUTER_BOUND('',#1375,.T.);
#805=FACE_OUTER_BOUND('',#1376,.T.);
#806=FACE_OUTER_BOUND('',#1377,.T.);
#807=FACE_OUTER_BOUND('',#1379,.T.);
#808=FACE_OUTER_BOUND('',#1380,.T.);
#809=FACE_OUTER_BOUND('',#1381,.T.);
#810=FACE_OUTER_BOUND('',#1382,.T.);
#811=FACE_OUTER_BOUND('',#1383,.T.);
#812=FACE_OUTER_BOUND('',#1384,.T.);
#813=FACE_OUTER_BOUND('',#1385,.T.);
#814=FACE_OUTER_BOUND('',#1387,.T.);
#815=FACE_OUTER_BOUND('',#1388,.T.);
#816=FACE_OUTER_BOUND('',#1389,.T.);
#817=FACE_OUTER_BOUND('',#1390,.T.);
#818=FACE_OUTER_BOUND('',#1391,.T.);
#819=FACE_OUTER_BOUND('',#1392,.T.);
#820=FACE_OUTER_BOUND('',#1393,.T.);
#821=FACE_OUTER_BOUND('',#1395,.T.);
#822=FACE_OUTER_BOUND('',#1396,.T.);
#823=FACE_OUTER_BOUND('',#1397,.T.);
#824=FACE_OUTER_BOUND('',#1398,.T.);
#825=FACE_OUTER_BOUND('',#1399,.T.);
#826=FACE_OUTER_BOUND('',#1400,.T.);
#827=FACE_OUTER_BOUND('',#1401,.T.);
#828=FACE_OUTER_BOUND('',#1403,.T.);
#829=FACE_OUTER_BOUND('',#1405,.T.);
#830=FACE_OUTER_BOUND('',#1407,.T.);
#831=FACE_OUTER_BOUND('',#1409,.T.);
#832=FACE_OUTER_BOUND('',#1411,.T.);
#833=FACE_OUTER_BOUND('',#1413,.T.);
#834=FACE_OUTER_BOUND('',#1415,.T.);
#835=FACE_OUTER_BOUND('',#1417,.T.);
#836=FACE_OUTER_BOUND('',#1423,.T.);
#837=FACE_OUTER_BOUND('',#1424,.T.);
#838=FACE_OUTER_BOUND('',#1425,.T.);
#839=FACE_OUTER_BOUND('',#1426,.T.);
#840=FACE_OUTER_BOUND('',#1427,.T.);
#841=FACE_OUTER_BOUND('',#1428,.T.);
#842=FACE_OUTER_BOUND('',#1429,.T.);
#843=FACE_OUTER_BOUND('',#1430,.T.);
#844=FACE_OUTER_BOUND('',#1431,.T.);
#845=FACE_OUTER_BOUND('',#1432,.T.);
#846=FACE_OUTER_BOUND('',#1433,.T.);
#847=FACE_OUTER_BOUND('',#1434,.T.);
#848=FACE_OUTER_BOUND('',#1435,.T.);
#849=FACE_OUTER_BOUND('',#1436,.T.);
#850=FACE_OUTER_BOUND('',#1437,.T.);
#851=FACE_OUTER_BOUND('',#1438,.T.);
#852=FACE_OUTER_BOUND('',#1439,.T.);
#853=FACE_OUTER_BOUND('',#1440,.T.);
#854=FACE_OUTER_BOUND('',#1441,.T.);
#855=FACE_OUTER_BOUND('',#1442,.T.);
#856=FACE_OUTER_BOUND('',#1443,.T.);
#857=FACE_OUTER_BOUND('',#1445,.T.);
#858=FACE_OUTER_BOUND('',#1446,.T.);
#859=FACE_OUTER_BOUND('',#1447,.T.);
#860=FACE_OUTER_BOUND('',#1448,.T.);
#861=FACE_OUTER_BOUND('',#1449,.T.);
#862=FACE_OUTER_BOUND('',#1450,.T.);
#863=FACE_OUTER_BOUND('',#1451,.T.);
#864=FACE_OUTER_BOUND('',#1452,.T.);
#865=FACE_OUTER_BOUND('',#1453,.T.);
#866=FACE_OUTER_BOUND('',#1454,.T.);
#867=FACE_OUTER_BOUND('',#1456,.T.);
#868=FACE_OUTER_BOUND('',#1458,.T.);
#869=FACE_OUTER_BOUND('',#1460,.T.);
#870=FACE_OUTER_BOUND('',#1461,.T.);
#871=FACE_OUTER_BOUND('',#1462,.T.);
#872=FACE_OUTER_BOUND('',#1463,.T.);
#873=FACE_OUTER_BOUND('',#1464,.T.);
#874=FACE_OUTER_BOUND('',#1465,.T.);
#875=FACE_OUTER_BOUND('',#1466,.T.);
#876=FACE_OUTER_BOUND('',#1467,.T.);
#877=FACE_OUTER_BOUND('',#1468,.T.);
#878=FACE_OUTER_BOUND('',#1469,.T.);
#879=FACE_OUTER_BOUND('',#1470,.T.);
#880=FACE_OUTER_BOUND('',#1471,.T.);
#881=FACE_OUTER_BOUND('',#1472,.T.);
#882=FACE_OUTER_BOUND('',#1473,.T.);
#883=FACE_OUTER_BOUND('',#1474,.T.);
#884=FACE_OUTER_BOUND('',#1475,.T.);
#885=FACE_OUTER_BOUND('',#1476,.T.);
#886=FACE_OUTER_BOUND('',#1477,.T.);
#887=FACE_OUTER_BOUND('',#1478,.T.);
#888=FACE_OUTER_BOUND('',#1479,.T.);
#889=FACE_OUTER_BOUND('',#1480,.T.);
#890=FACE_OUTER_BOUND('',#1481,.T.);
#891=FACE_OUTER_BOUND('',#1482,.T.);
#892=FACE_OUTER_BOUND('',#1483,.T.);
#893=FACE_OUTER_BOUND('',#1484,.T.);
#894=FACE_OUTER_BOUND('',#1485,.T.);
#895=FACE_OUTER_BOUND('',#1486,.T.);
#896=FACE_OUTER_BOUND('',#1487,.T.);
#897=FACE_OUTER_BOUND('',#1488,.T.);
#898=FACE_OUTER_BOUND('',#1489,.T.);
#899=FACE_OUTER_BOUND('',#1490,.T.);
#900=FACE_OUTER_BOUND('',#1491,.T.);
#901=FACE_OUTER_BOUND('',#1492,.T.);
#902=FACE_OUTER_BOUND('',#1493,.T.);
#903=FACE_OUTER_BOUND('',#1494,.T.);
#904=FACE_OUTER_BOUND('',#1495,.T.);
#905=FACE_OUTER_BOUND('',#1496,.T.);
#906=FACE_OUTER_BOUND('',#1497,.T.);
#907=FACE_OUTER_BOUND('',#1498,.T.);
#908=FACE_OUTER_BOUND('',#1499,.T.);
#909=FACE_OUTER_BOUND('',#1500,.T.);
#910=FACE_OUTER_BOUND('',#1501,.T.);
#911=FACE_OUTER_BOUND('',#1502,.T.);
#912=FACE_OUTER_BOUND('',#1503,.T.);
#913=FACE_OUTER_BOUND('',#1504,.T.);
#914=FACE_OUTER_BOUND('',#1505,.T.);
#915=FACE_OUTER_BOUND('',#1506,.T.);
#916=FACE_OUTER_BOUND('',#1507,.T.);
#917=FACE_OUTER_BOUND('',#1508,.T.);
#918=FACE_OUTER_BOUND('',#1509,.T.);
#919=FACE_OUTER_BOUND('',#1510,.T.);
#920=FACE_OUTER_BOUND('',#1511,.T.);
#921=FACE_OUTER_BOUND('',#1512,.T.);
#922=FACE_OUTER_BOUND('',#1513,.T.);
#923=FACE_OUTER_BOUND('',#1514,.T.);
#924=FACE_OUTER_BOUND('',#1515,.T.);
#925=FACE_OUTER_BOUND('',#1516,.T.);
#926=FACE_OUTER_BOUND('',#1518,.T.);
#927=FACE_OUTER_BOUND('',#1519,.T.);
#928=FACE_OUTER_BOUND('',#1520,.T.);
#929=FACE_OUTER_BOUND('',#1521,.T.);
#930=FACE_OUTER_BOUND('',#1522,.T.);
#931=FACE_OUTER_BOUND('',#1523,.T.);
#932=FACE_OUTER_BOUND('',#1524,.T.);
#933=FACE_OUTER_BOUND('',#1525,.T.);
#934=FACE_OUTER_BOUND('',#1526,.T.);
#935=FACE_OUTER_BOUND('',#1527,.T.);
#936=FACE_OUTER_BOUND('',#1528,.T.);
#937=FACE_OUTER_BOUND('',#1529,.T.);
#938=FACE_OUTER_BOUND('',#1530,.T.);
#939=FACE_OUTER_BOUND('',#1531,.T.);
#940=FACE_OUTER_BOUND('',#1532,.T.);
#941=FACE_OUTER_BOUND('',#1533,.T.);
#942=FACE_OUTER_BOUND('',#1534,.T.);
#943=FACE_OUTER_BOUND('',#1535,.T.);
#944=FACE_OUTER_BOUND('',#1536,.T.);
#945=FACE_OUTER_BOUND('',#1537,.T.);
#946=FACE_OUTER_BOUND('',#1538,.T.);
#947=FACE_OUTER_BOUND('',#1539,.T.);
#948=FACE_OUTER_BOUND('',#1540,.T.);
#949=FACE_OUTER_BOUND('',#1541,.T.);
#950=FACE_OUTER_BOUND('',#1542,.T.);
#951=FACE_OUTER_BOUND('',#1543,.T.);
#952=FACE_OUTER_BOUND('',#1544,.T.);
#953=FACE_OUTER_BOUND('',#1545,.T.);
#954=FACE_OUTER_BOUND('',#1546,.T.);
#955=FACE_OUTER_BOUND('',#1547,.T.);
#956=FACE_OUTER_BOUND('',#1548,.T.);
#957=FACE_OUTER_BOUND('',#1549,.T.);
#958=FACE_OUTER_BOUND('',#1550,.T.);
#959=FACE_OUTER_BOUND('',#1551,.T.);
#960=FACE_OUTER_BOUND('',#1552,.T.);
#961=FACE_OUTER_BOUND('',#1553,.T.);
#962=FACE_OUTER_BOUND('',#1554,.T.);
#963=FACE_OUTER_BOUND('',#1555,.T.);
#964=FACE_OUTER_BOUND('',#1556,.T.);
#965=FACE_OUTER_BOUND('',#1557,.T.);
#966=FACE_OUTER_BOUND('',#1558,.T.);
#967=FACE_OUTER_BOUND('',#1559,.T.);
#968=FACE_OUTER_BOUND('',#1560,.T.);
#969=FACE_OUTER_BOUND('',#1561,.T.);
#970=FACE_OUTER_BOUND('',#1562,.T.);
#971=FACE_OUTER_BOUND('',#1563,.T.);
#972=FACE_OUTER_BOUND('',#1564,.T.);
#973=FACE_OUTER_BOUND('',#1565,.T.);
#974=FACE_OUTER_BOUND('',#1566,.T.);
#975=FACE_OUTER_BOUND('',#1567,.T.);
#976=FACE_OUTER_BOUND('',#1568,.T.);
#977=FACE_OUTER_BOUND('',#1569,.T.);
#978=FACE_OUTER_BOUND('',#1570,.T.);
#979=FACE_OUTER_BOUND('',#1571,.T.);
#980=FACE_OUTER_BOUND('',#1572,.T.);
#981=FACE_OUTER_BOUND('',#1573,.T.);
#982=FACE_OUTER_BOUND('',#1574,.T.);
#983=FACE_OUTER_BOUND('',#1575,.T.);
#984=FACE_OUTER_BOUND('',#1576,.T.);
#985=FACE_OUTER_BOUND('',#1577,.T.);
#986=FACE_OUTER_BOUND('',#1578,.T.);
#987=FACE_OUTER_BOUND('',#1579,.T.);
#988=FACE_OUTER_BOUND('',#1580,.T.);
#989=FACE_OUTER_BOUND('',#1581,.T.);
#990=FACE_OUTER_BOUND('',#1582,.T.);
#991=FACE_OUTER_BOUND('',#1583,.T.);
#992=FACE_OUTER_BOUND('',#1584,.T.);
#993=FACE_OUTER_BOUND('',#1585,.T.);
#994=FACE_OUTER_BOUND('',#1586,.T.);
#995=FACE_OUTER_BOUND('',#1587,.T.);
#996=FACE_OUTER_BOUND('',#1588,.T.);
#997=FACE_OUTER_BOUND('',#1589,.T.);
#998=FACE_OUTER_BOUND('',#1590,.T.);
#999=FACE_OUTER_BOUND('',#1591,.T.);
#1000=FACE_OUTER_BOUND('',#1592,.T.);
#1001=FACE_OUTER_BOUND('',#1593,.T.);
#1002=FACE_OUTER_BOUND('',#1594,.T.);
#1003=FACE_OUTER_BOUND('',#1595,.T.);
#1004=FACE_OUTER_BOUND('',#1596,.T.);
#1005=FACE_OUTER_BOUND('',#1597,.T.);
#1006=FACE_OUTER_BOUND('',#1598,.T.);
#1007=FACE_OUTER_BOUND('',#1599,.T.);
#1008=FACE_OUTER_BOUND('',#1600,.T.);
#1009=FACE_OUTER_BOUND('',#1601,.T.);
#1010=FACE_OUTER_BOUND('',#1602,.T.);
#1011=FACE_OUTER_BOUND('',#1603,.T.);
#1012=FACE_OUTER_BOUND('',#1604,.T.);
#1013=FACE_OUTER_BOUND('',#1605,.T.);
#1014=FACE_OUTER_BOUND('',#1606,.T.);
#1015=FACE_OUTER_BOUND('',#1607,.T.);
#1016=FACE_OUTER_BOUND('',#1608,.T.);
#1017=FACE_OUTER_BOUND('',#1609,.T.);
#1018=FACE_OUTER_BOUND('',#1610,.T.);
#1019=FACE_OUTER_BOUND('',#1611,.T.);
#1020=FACE_OUTER_BOUND('',#1612,.T.);
#1021=FACE_OUTER_BOUND('',#1613,.T.);
#1022=FACE_OUTER_BOUND('',#1614,.T.);
#1023=FACE_OUTER_BOUND('',#1615,.T.);
#1024=FACE_OUTER_BOUND('',#1616,.T.);
#1025=FACE_OUTER_BOUND('',#1617,.T.);
#1026=FACE_OUTER_BOUND('',#1618,.T.);
#1027=FACE_OUTER_BOUND('',#1619,.T.);
#1028=FACE_OUTER_BOUND('',#1620,.T.);
#1029=FACE_OUTER_BOUND('',#1621,.T.);
#1030=FACE_OUTER_BOUND('',#1622,.T.);
#1031=FACE_OUTER_BOUND('',#1623,.T.);
#1032=FACE_OUTER_BOUND('',#1624,.T.);
#1033=FACE_OUTER_BOUND('',#1625,.T.);
#1034=FACE_OUTER_BOUND('',#1626,.T.);
#1035=FACE_OUTER_BOUND('',#1627,.T.);
#1036=FACE_OUTER_BOUND('',#1628,.T.);
#1037=FACE_OUTER_BOUND('',#1629,.T.);
#1038=FACE_OUTER_BOUND('',#1630,.T.);
#1039=FACE_OUTER_BOUND('',#1631,.T.);
#1040=FACE_OUTER_BOUND('',#1632,.T.);
#1041=FACE_OUTER_BOUND('',#1633,.T.);
#1042=FACE_OUTER_BOUND('',#1634,.T.);
#1043=FACE_OUTER_BOUND('',#1635,.T.);
#1044=FACE_OUTER_BOUND('',#1636,.T.);
#1045=FACE_OUTER_BOUND('',#1637,.T.);
#1046=FACE_OUTER_BOUND('',#1638,.T.);
#1047=FACE_OUTER_BOUND('',#1639,.T.);
#1048=FACE_OUTER_BOUND('',#1640,.T.);
#1049=FACE_OUTER_BOUND('',#1641,.T.);
#1050=FACE_OUTER_BOUND('',#1642,.T.);
#1051=FACE_OUTER_BOUND('',#1643,.T.);
#1052=FACE_OUTER_BOUND('',#1644,.T.);
#1053=FACE_OUTER_BOUND('',#1651,.T.);
#1054=FACE_OUTER_BOUND('',#1652,.T.);
#1055=FACE_OUTER_BOUND('',#1653,.T.);
#1056=FACE_OUTER_BOUND('',#1654,.T.);
#1057=FACE_OUTER_BOUND('',#1655,.T.);
#1058=FACE_OUTER_BOUND('',#1656,.T.);
#1059=FACE_OUTER_BOUND('',#1657,.T.);
#1060=FACE_OUTER_BOUND('',#1658,.T.);
#1061=FACE_OUTER_BOUND('',#1659,.T.);
#1062=FACE_OUTER_BOUND('',#1660,.T.);
#1063=FACE_OUTER_BOUND('',#1661,.T.);
#1064=FACE_OUTER_BOUND('',#1662,.T.);
#1065=FACE_OUTER_BOUND('',#1663,.T.);
#1066=FACE_OUTER_BOUND('',#1664,.T.);
#1067=FACE_OUTER_BOUND('',#1665,.T.);
#1068=FACE_OUTER_BOUND('',#1666,.T.);
#1069=FACE_OUTER_BOUND('',#1667,.T.);
#1070=FACE_OUTER_BOUND('',#1668,.T.);
#1071=FACE_OUTER_BOUND('',#1669,.T.);
#1072=FACE_OUTER_BOUND('',#1670,.T.);
#1073=FACE_OUTER_BOUND('',#1671,.T.);
#1074=FACE_OUTER_BOUND('',#1672,.T.);
#1075=FACE_OUTER_BOUND('',#1673,.T.);
#1076=FACE_OUTER_BOUND('',#1674,.T.);
#1077=FACE_OUTER_BOUND('',#1675,.T.);
#1078=FACE_OUTER_BOUND('',#1676,.T.);
#1079=FACE_OUTER_BOUND('',#1677,.T.);
#1080=FACE_OUTER_BOUND('',#1678,.T.);
#1081=FACE_OUTER_BOUND('',#1679,.T.);
#1082=FACE_OUTER_BOUND('',#1680,.T.);
#1083=FACE_OUTER_BOUND('',#1681,.T.);
#1084=FACE_OUTER_BOUND('',#1682,.T.);
#1085=FACE_OUTER_BOUND('',#1683,.T.);
#1086=FACE_OUTER_BOUND('',#1684,.T.);
#1087=FACE_OUTER_BOUND('',#1685,.T.);
#1088=FACE_OUTER_BOUND('',#1686,.T.);
#1089=FACE_OUTER_BOUND('',#1687,.T.);
#1090=FACE_OUTER_BOUND('',#1688,.T.);
#1091=FACE_OUTER_BOUND('',#1689,.T.);
#1092=FACE_OUTER_BOUND('',#1690,.T.);
#1093=FACE_OUTER_BOUND('',#1691,.T.);
#1094=FACE_OUTER_BOUND('',#1692,.T.);
#1095=FACE_OUTER_BOUND('',#1693,.T.);
#1096=FACE_OUTER_BOUND('',#1694,.T.);
#1097=FACE_OUTER_BOUND('',#1695,.T.);
#1098=FACE_OUTER_BOUND('',#1696,.T.);
#1099=FACE_OUTER_BOUND('',#1697,.T.);
#1100=FACE_OUTER_BOUND('',#1698,.T.);
#1101=FACE_OUTER_BOUND('',#1699,.T.);
#1102=FACE_OUTER_BOUND('',#1700,.T.);
#1103=FACE_OUTER_BOUND('',#1701,.T.);
#1104=FACE_OUTER_BOUND('',#1702,.T.);
#1105=FACE_OUTER_BOUND('',#1703,.T.);
#1106=FACE_OUTER_BOUND('',#1704,.T.);
#1107=FACE_OUTER_BOUND('',#1705,.T.);
#1108=FACE_OUTER_BOUND('',#1706,.T.);
#1109=FACE_OUTER_BOUND('',#1707,.T.);
#1110=FACE_OUTER_BOUND('',#1708,.T.);
#1111=FACE_OUTER_BOUND('',#1710,.T.);
#1112=FACE_OUTER_BOUND('',#1711,.T.);
#1113=FACE_OUTER_BOUND('',#1712,.T.);
#1114=EDGE_LOOP('',(#5814,#5815,#5816,#5817));
#1115=EDGE_LOOP('',(#5818,#5819,#5820,#5821));
#1116=EDGE_LOOP('',(#5822,#5823,#5824,#5825));
#1117=EDGE_LOOP('',(#5826,#5827,#5828,#5829));
#1118=EDGE_LOOP('',(#5830,#5831,#5832,#5833));
#1119=EDGE_LOOP('',(#5834,#5835,#5836,#5837));
#1120=EDGE_LOOP('',(#5838,#5839,#5840,#5841));
#1121=EDGE_LOOP('',(#5842,#5843,#5844,#5845));
#1122=EDGE_LOOP('',(#5846,#5847,#5848,#5849));
#1123=EDGE_LOOP('',(#5850,#5851,#5852,#5853));
#1124=EDGE_LOOP('',(#5854,#5855,#5856,#5857));
#1125=EDGE_LOOP('',(#5858,#5859,#5860,#5861));
#1126=EDGE_LOOP('',(#5862,#5863,#5864,#5865));
#1127=EDGE_LOOP('',(#5866,#5867,#5868,#5869));
#1128=EDGE_LOOP('',(#5870,#5871,#5872,#5873));
#1129=EDGE_LOOP('',(#5874,#5875,#5876,#5877));
#1130=EDGE_LOOP('',(#5878,#5879,#5880,#5881));
#1131=EDGE_LOOP('',(#5882,#5883,#5884,#5885));
#1132=EDGE_LOOP('',(#5886,#5887,#5888,#5889));
#1133=EDGE_LOOP('',(#5890,#5891,#5892,#5893));
#1134=EDGE_LOOP('',(#5894,#5895,#5896,#5897));
#1135=EDGE_LOOP('',(#5898,#5899,#5900,#5901));
#1136=EDGE_LOOP('',(#5902,#5903,#5904,#5905));
#1137=EDGE_LOOP('',(#5906,#5907,#5908,#5909));
#1138=EDGE_LOOP('',(#5910,#5911,#5912,#5913));
#1139=EDGE_LOOP('',(#5914,#5915,#5916,#5917));
#1140=EDGE_LOOP('',(#5918,#5919,#5920,#5921));
#1141=EDGE_LOOP('',(#5922,#5923,#5924,#5925));
#1142=EDGE_LOOP('',(#5926,#5927,#5928,#5929));
#1143=EDGE_LOOP('',(#5930,#5931,#5932,#5933));
#1144=EDGE_LOOP('',(#5934,#5935,#5936,#5937));
#1145=EDGE_LOOP('',(#5938,#5939,#5940,#5941));
#1146=EDGE_LOOP('',(#5942,#5943,#5944,#5945));
#1147=EDGE_LOOP('',(#5946,#5947,#5948,#5949));
#1148=EDGE_LOOP('',(#5950,#5951,#5952,#5953));
#1149=EDGE_LOOP('',(#5954,#5955,#5956,#5957));
#1150=EDGE_LOOP('',(#5958,#5959,#5960,#5961));
#1151=EDGE_LOOP('',(#5962));
#1152=EDGE_LOOP('',(#5963,#5964,#5965,#5966,#5967,#5968,#5969,#5970,#5971,
#5972,#5973,#5974));
#1153=EDGE_LOOP('',(#5975,#5976,#5977,#5978));
#1154=EDGE_LOOP('',(#5979,#5980,#5981,#5982));
#1155=EDGE_LOOP('',(#5983,#5984,#5985,#5986));
#1156=EDGE_LOOP('',(#5987,#5988,#5989,#5990));
#1157=EDGE_LOOP('',(#5991,#5992,#5993,#5994));
#1158=EDGE_LOOP('',(#5995,#5996,#5997,#5998));
#1159=EDGE_LOOP('',(#5999,#6000,#6001,#6002));
#1160=EDGE_LOOP('',(#6003,#6004,#6005,#6006));
#1161=EDGE_LOOP('',(#6007,#6008,#6009,#6010));
#1162=EDGE_LOOP('',(#6011,#6012,#6013,#6014));
#1163=EDGE_LOOP('',(#6015,#6016,#6017,#6018));
#1164=EDGE_LOOP('',(#6019,#6020,#6021,#6022));
#1165=EDGE_LOOP('',(#6023,#6024,#6025,#6026,#6027,#6028,#6029,#6030,#6031,
#6032,#6033,#6034));
#1166=EDGE_LOOP('',(#6035,#6036,#6037,#6038));
#1167=EDGE_LOOP('',(#6039));
#1168=EDGE_LOOP('',(#6040,#6041,#6042,#6043));
#1169=EDGE_LOOP('',(#6044));
#1170=EDGE_LOOP('',(#6045,#6046,#6047,#6048,#6049,#6050,#6051,#6052,#6053,
#6054,#6055,#6056));
#1171=EDGE_LOOP('',(#6057,#6058,#6059,#6060));
#1172=EDGE_LOOP('',(#6061,#6062,#6063,#6064));
#1173=EDGE_LOOP('',(#6065,#6066,#6067,#6068));
#1174=EDGE_LOOP('',(#6069,#6070,#6071,#6072));
#1175=EDGE_LOOP('',(#6073,#6074,#6075,#6076));
#1176=EDGE_LOOP('',(#6077,#6078,#6079,#6080));
#1177=EDGE_LOOP('',(#6081,#6082,#6083,#6084));
#1178=EDGE_LOOP('',(#6085,#6086,#6087,#6088));
#1179=EDGE_LOOP('',(#6089,#6090,#6091,#6092));
#1180=EDGE_LOOP('',(#6093,#6094,#6095,#6096));
#1181=EDGE_LOOP('',(#6097,#6098,#6099,#6100));
#1182=EDGE_LOOP('',(#6101,#6102,#6103,#6104));
#1183=EDGE_LOOP('',(#6105,#6106,#6107,#6108,#6109,#6110,#6111,#6112,#6113,
#6114,#6115,#6116));
#1184=EDGE_LOOP('',(#6117,#6118,#6119,#6120,#6121));
#1185=EDGE_LOOP('',(#6122));
#1186=EDGE_LOOP('',(#6123,#6124,#6125,#6126));
#1187=EDGE_LOOP('',(#6127));
#1188=EDGE_LOOP('',(#6128,#6129,#6130,#6131,#6132,#6133,#6134,#6135,#6136,
#6137,#6138,#6139));
#1189=EDGE_LOOP('',(#6140,#6141,#6142,#6143));
#1190=EDGE_LOOP('',(#6144,#6145,#6146,#6147));
#1191=EDGE_LOOP('',(#6148,#6149,#6150,#6151));
#1192=EDGE_LOOP('',(#6152,#6153,#6154,#6155));
#1193=EDGE_LOOP('',(#6156,#6157,#6158,#6159));
#1194=EDGE_LOOP('',(#6160,#6161,#6162,#6163));
#1195=EDGE_LOOP('',(#6164,#6165,#6166,#6167));
#1196=EDGE_LOOP('',(#6168,#6169,#6170,#6171));
#1197=EDGE_LOOP('',(#6172,#6173,#6174,#6175));
#1198=EDGE_LOOP('',(#6176,#6177,#6178,#6179));
#1199=EDGE_LOOP('',(#6180,#6181,#6182,#6183));
#1200=EDGE_LOOP('',(#6184,#6185,#6186,#6187));
#1201=EDGE_LOOP('',(#6188,#6189,#6190,#6191,#6192,#6193,#6194,#6195,#6196,
#6197,#6198,#6199));
#1202=EDGE_LOOP('',(#6200,#6201,#6202,#6203));
#1203=EDGE_LOOP('',(#6204));
#1204=EDGE_LOOP('',(#6205,#6206,#6207,#6208));
#1205=EDGE_LOOP('',(#6209));
#1206=EDGE_LOOP('',(#6210,#6211,#6212,#6213,#6214,#6215,#6216,#6217,#6218,
#6219,#6220,#6221));
#1207=EDGE_LOOP('',(#6222,#6223,#6224,#6225));
#1208=EDGE_LOOP('',(#6226,#6227,#6228,#6229));
#1209=EDGE_LOOP('',(#6230,#6231,#6232,#6233));
#1210=EDGE_LOOP('',(#6234,#6235,#6236,#6237));
#1211=EDGE_LOOP('',(#6238,#6239,#6240,#6241));
#1212=EDGE_LOOP('',(#6242,#6243,#6244,#6245));
#1213=EDGE_LOOP('',(#6246,#6247,#6248,#6249));
#1214=EDGE_LOOP('',(#6250,#6251,#6252,#6253));
#1215=EDGE_LOOP('',(#6254,#6255,#6256,#6257));
#1216=EDGE_LOOP('',(#6258,#6259,#6260,#6261));
#1217=EDGE_LOOP('',(#6262,#6263,#6264,#6265));
#1218=EDGE_LOOP('',(#6266,#6267,#6268,#6269));
#1219=EDGE_LOOP('',(#6270,#6271,#6272,#6273,#6274,#6275,#6276,#6277,#6278,
#6279,#6280,#6281));
#1220=EDGE_LOOP('',(#6282,#6283,#6284,#6285));
#1221=EDGE_LOOP('',(#6286));
#1222=EDGE_LOOP('',(#6287,#6288,#6289,#6290,#6291,#6292,#6293,#6294,#6295,
#6296,#6297,#6298,#6299,#6300,#6301,#6302,#6303,#6304,#6305,#6306,#6307));
#1223=EDGE_LOOP('',(#6308,#6309,#6310));
#1224=EDGE_LOOP('',(#6311,#6312,#6313));
#1225=EDGE_LOOP('',(#6314,#6315,#6316));
#1226=EDGE_LOOP('',(#6317,#6318,#6319));
#1227=EDGE_LOOP('',(#6320,#6321,#6322,#6323,#6324));
#1228=EDGE_LOOP('',(#6325,#6326,#6327,#6328,#6329));
#1229=EDGE_LOOP('',(#6330,#6331,#6332,#6333,#6334));
#1230=EDGE_LOOP('',(#6335,#6336,#6337,#6338));
#1231=EDGE_LOOP('',(#6339,#6340,#6341,#6342,#6343));
#1232=EDGE_LOOP('',(#6344,#6345,#6346,#6347));
#1233=EDGE_LOOP('',(#6348,#6349,#6350,#6351,#6352,#6353,#6354,#6355,#6356,
#6357,#6358,#6359));
#1234=EDGE_LOOP('',(#6360,#6361,#6362,#6363));
#1235=EDGE_LOOP('',(#6364,#6365,#6366,#6367,#6368));
#1236=EDGE_LOOP('',(#6369,#6370,#6371,#6372,#6373));
#1237=EDGE_LOOP('',(#6374,#6375,#6376,#6377,#6378));
#1238=EDGE_LOOP('',(#6379,#6380,#6381,#6382,#6383));
#1239=EDGE_LOOP('',(#6384,#6385,#6386,#6387,#6388));
#1240=EDGE_LOOP('',(#6389,#6390,#6391,#6392,#6393));
#1241=EDGE_LOOP('',(#6394,#6395,#6396,#6397));
#1242=EDGE_LOOP('',(#6398,#6399,#6400,#6401,#6402,#6403,#6404,#6405,#6406,
#6407,#6408,#6409));
#1243=EDGE_LOOP('',(#6410,#6411,#6412,#6413,#6414,#6415,#6416,#6417));
#1244=EDGE_LOOP('',(#6418,#6419,#6420,#6421,#6422));
#1245=EDGE_LOOP('',(#6423,#6424,#6425,#6426,#6427));
#1246=EDGE_LOOP('',(#6428,#6429,#6430,#6431));
#1247=EDGE_LOOP('',(#6432,#6433,#6434,#6435));
#1248=EDGE_LOOP('',(#6436,#6437,#6438,#6439));
#1249=EDGE_LOOP('',(#6440,#6441,#6442,#6443));
#1250=EDGE_LOOP('',(#6444,#6445,#6446,#6447,#6448,#6449));
#1251=EDGE_LOOP('',(#6450,#6451,#6452,#6453,#6454,#6455));
#1252=EDGE_LOOP('',(#6456,#6457,#6458,#6459));
#1253=EDGE_LOOP('',(#6460,#6461,#6462,#6463));
#1254=EDGE_LOOP('',(#6464,#6465,#6466,#6467));
#1255=EDGE_LOOP('',(#6468,#6469,#6470,#6471));
#1256=EDGE_LOOP('',(#6472,#6473,#6474,#6475,#6476));
#1257=EDGE_LOOP('',(#6477,#6478,#6479,#6480,#6481));
#1258=EDGE_LOOP('',(#6482,#6483,#6484));
#1259=EDGE_LOOP('',(#6485,#6486,#6487,#6488));
#1260=EDGE_LOOP('',(#6489,#6490,#6491));
#1261=EDGE_LOOP('',(#6492,#6493,#6494,#6495,#6496));
#1262=EDGE_LOOP('',(#6497,#6498,#6499,#6500));
#1263=EDGE_LOOP('',(#6501,#6502,#6503,#6504));
#1264=EDGE_LOOP('',(#6505,#6506,#6507,#6508,#6509,#6510,#6511,#6512,#6513,
#6514,#6515,#6516,#6517,#6518,#6519,#6520,#6521,#6522,#6523,#6524,#6525,
#6526));
#1265=EDGE_LOOP('',(#6527));
#1266=EDGE_LOOP('',(#6528));
#1267=EDGE_LOOP('',(#6529));
#1268=EDGE_LOOP('',(#6530));
#1269=EDGE_LOOP('',(#6531));
#1270=EDGE_LOOP('',(#6532,#6533,#6534,#6535));
#1271=EDGE_LOOP('',(#6536,#6537,#6538,#6539));
#1272=EDGE_LOOP('',(#6540,#6541,#6542,#6543));
#1273=EDGE_LOOP('',(#6544,#6545,#6546,#6547));
#1274=EDGE_LOOP('',(#6548,#6549,#6550,#6551));
#1275=EDGE_LOOP('',(#6552,#6553,#6554,#6555));
#1276=EDGE_LOOP('',(#6556,#6557,#6558,#6559));
#1277=EDGE_LOOP('',(#6560,#6561,#6562,#6563));
#1278=EDGE_LOOP('',(#6564,#6565,#6566,#6567));
#1279=EDGE_LOOP('',(#6568,#6569,#6570,#6571));
#1280=EDGE_LOOP('',(#6572,#6573,#6574,#6575));
#1281=EDGE_LOOP('',(#6576,#6577,#6578,#6579));
#1282=EDGE_LOOP('',(#6580,#6581,#6582,#6583));
#1283=EDGE_LOOP('',(#6584,#6585,#6586,#6587));
#1284=EDGE_LOOP('',(#6588,#6589,#6590,#6591));
#1285=EDGE_LOOP('',(#6592,#6593,#6594,#6595));
#1286=EDGE_LOOP('',(#6596,#6597,#6598,#6599));
#1287=EDGE_LOOP('',(#6600,#6601,#6602,#6603));
#1288=EDGE_LOOP('',(#6604,#6605,#6606,#6607));
#1289=EDGE_LOOP('',(#6608,#6609,#6610,#6611));
#1290=EDGE_LOOP('',(#6612,#6613,#6614,#6615));
#1291=EDGE_LOOP('',(#6616,#6617,#6618,#6619));
#1292=EDGE_LOOP('',(#6620,#6621,#6622,#6623));
#1293=EDGE_LOOP('',(#6624,#6625,#6626,#6627));
#1294=EDGE_LOOP('',(#6628,#6629,#6630,#6631));
#1295=EDGE_LOOP('',(#6632,#6633,#6634,#6635));
#1296=EDGE_LOOP('',(#6636,#6637,#6638,#6639));
#1297=EDGE_LOOP('',(#6640,#6641,#6642,#6643));
#1298=EDGE_LOOP('',(#6644,#6645,#6646,#6647));
#1299=EDGE_LOOP('',(#6648,#6649,#6650,#6651));
#1300=EDGE_LOOP('',(#6652,#6653,#6654,#6655,#6656));
#1301=EDGE_LOOP('',(#6657,#6658,#6659,#6660,#6661));
#1302=EDGE_LOOP('',(#6662,#6663,#6664,#6665,#6666,#6667));
#1303=EDGE_LOOP('',(#6668,#6669,#6670,#6671,#6672));
#1304=EDGE_LOOP('',(#6673,#6674,#6675,#6676,#6677,#6678,#6679,#6680,#6681,
#6682,#6683,#6684));
#1305=EDGE_LOOP('',(#6685,#6686,#6687,#6688));
#1306=EDGE_LOOP('',(#6689,#6690,#6691,#6692,#6693,#6694));
#1307=EDGE_LOOP('',(#6695,#6696,#6697,#6698,#6699));
#1308=EDGE_LOOP('',(#6700,#6701,#6702,#6703,#6704));
#1309=EDGE_LOOP('',(#6705,#6706,#6707,#6708));
#1310=EDGE_LOOP('',(#6709,#6710,#6711,#6712));
#1311=EDGE_LOOP('',(#6713,#6714,#6715,#6716));
#1312=EDGE_LOOP('',(#6717,#6718,#6719,#6720));
#1313=EDGE_LOOP('',(#6721,#6722,#6723,#6724,#6725,#6726,#6727,#6728,#6729,
#6730,#6731,#6732,#6733,#6734,#6735,#6736,#6737,#6738,#6739,#6740,#6741,
#6742,#6743,#6744,#6745,#6746,#6747,#6748,#6749,#6750,#6751,#6752,#6753,
#6754,#6755,#6756));
#1314=EDGE_LOOP('',(#6757));
#1315=EDGE_LOOP('',(#6758));
#1316=EDGE_LOOP('',(#6759,#6760,#6761,#6762));
#1317=EDGE_LOOP('',(#6763,#6764,#6765,#6766));
#1318=EDGE_LOOP('',(#6767));
#1319=EDGE_LOOP('',(#6768));
#1320=EDGE_LOOP('',(#6769));
#1321=EDGE_LOOP('',(#6770));
#1322=EDGE_LOOP('',(#6771));
#1323=EDGE_LOOP('',(#6772));
#1324=EDGE_LOOP('',(#6773));
#1325=EDGE_LOOP('',(#6774));
#1326=EDGE_LOOP('',(#6775,#6776,#6777,#6778));
#1327=EDGE_LOOP('',(#6779,#6780,#6781,#6782));
#1328=EDGE_LOOP('',(#6783));
#1329=EDGE_LOOP('',(#6784));
#1330=EDGE_LOOP('',(#6785));
#1331=EDGE_LOOP('',(#6786));
#1332=EDGE_LOOP('',(#6787,#6788,#6789,#6790));
#1333=EDGE_LOOP('',(#6791,#6792,#6793,#6794));
#1334=EDGE_LOOP('',(#6795,#6796,#6797,#6798,#6799));
#1335=EDGE_LOOP('',(#6800,#6801,#6802,#6803));
#1336=EDGE_LOOP('',(#6804,#6805,#6806,#6807));
#1337=EDGE_LOOP('',(#6808,#6809,#6810,#6811,#6812));
#1338=EDGE_LOOP('',(#6813,#6814,#6815,#6816));
#1339=EDGE_LOOP('',(#6817,#6818,#6819,#6820));
#1340=EDGE_LOOP('',(#6821,#6822,#6823,#6824,#6825));
#1341=EDGE_LOOP('',(#6826,#6827,#6828,#6829));
#1342=EDGE_LOOP('',(#6830,#6831,#6832,#6833));
#1343=EDGE_LOOP('',(#6834,#6835,#6836,#6837,#6838));
#1344=EDGE_LOOP('',(#6839,#6840,#6841,#6842,#6843,#6844));
#1345=EDGE_LOOP('',(#6845));
#1346=EDGE_LOOP('',(#6846,#6847,#6848,#6849,#6850,#6851));
#1347=EDGE_LOOP('',(#6852));
#1348=EDGE_LOOP('',(#6853,#6854,#6855,#6856,#6857,#6858));
#1349=EDGE_LOOP('',(#6859));
#1350=EDGE_LOOP('',(#6860,#6861,#6862,#6863,#6864,#6865));
#1351=EDGE_LOOP('',(#6866));
#1352=EDGE_LOOP('',(#6867,#6868,#6869,#6870,#6871,#6872,#6873,#6874,#6875,
#6876,#6877,#6878,#6879,#6880,#6881,#6882,#6883,#6884,#6885,#6886));
#1353=EDGE_LOOP('',(#6887));
#1354=EDGE_LOOP('',(#6888));
#1355=EDGE_LOOP('',(#6889));
#1356=EDGE_LOOP('',(#6890));
#1357=EDGE_LOOP('',(#6891));
#1358=EDGE_LOOP('',(#6892));
#1359=EDGE_LOOP('',(#6893));
#1360=EDGE_LOOP('',(#6894));
#1361=EDGE_LOOP('',(#6895,#6896,#6897,#6898));
#1362=EDGE_LOOP('',(#6899,#6900,#6901,#6902));
#1363=EDGE_LOOP('',(#6903,#6904,#6905,#6906));
#1364=EDGE_LOOP('',(#6907,#6908,#6909,#6910));
#1365=EDGE_LOOP('',(#6911,#6912,#6913,#6914));
#1366=EDGE_LOOP('',(#6915,#6916,#6917,#6918));
#1367=EDGE_LOOP('',(#6919,#6920,#6921,#6922));
#1368=EDGE_LOOP('',(#6923,#6924,#6925,#6926));
#1369=EDGE_LOOP('',(#6927,#6928,#6929,#6930,#6931,#6932));
#1370=EDGE_LOOP('',(#6933));
#1371=EDGE_LOOP('',(#6934,#6935,#6936,#6937));
#1372=EDGE_LOOP('',(#6938,#6939,#6940,#6941));
#1373=EDGE_LOOP('',(#6942,#6943,#6944,#6945));
#1374=EDGE_LOOP('',(#6946,#6947,#6948,#6949));
#1375=EDGE_LOOP('',(#6950,#6951,#6952,#6953));
#1376=EDGE_LOOP('',(#6954,#6955,#6956,#6957));
#1377=EDGE_LOOP('',(#6958,#6959,#6960,#6961,#6962,#6963));
#1378=EDGE_LOOP('',(#6964));
#1379=EDGE_LOOP('',(#6965,#6966,#6967,#6968));
#1380=EDGE_LOOP('',(#6969,#6970,#6971,#6972));
#1381=EDGE_LOOP('',(#6973,#6974,#6975,#6976));
#1382=EDGE_LOOP('',(#6977,#6978,#6979,#6980));
#1383=EDGE_LOOP('',(#6981,#6982,#6983,#6984));
#1384=EDGE_LOOP('',(#6985,#6986,#6987,#6988));
#1385=EDGE_LOOP('',(#6989,#6990,#6991,#6992,#6993,#6994));
#1386=EDGE_LOOP('',(#6995));
#1387=EDGE_LOOP('',(#6996,#6997,#6998,#6999));
#1388=EDGE_LOOP('',(#7000,#7001,#7002,#7003));
#1389=EDGE_LOOP('',(#7004,#7005,#7006,#7007));
#1390=EDGE_LOOP('',(#7008,#7009,#7010,#7011));
#1391=EDGE_LOOP('',(#7012,#7013,#7014,#7015));
#1392=EDGE_LOOP('',(#7016,#7017,#7018,#7019));
#1393=EDGE_LOOP('',(#7020,#7021,#7022,#7023,#7024,#7025));
#1394=EDGE_LOOP('',(#7026));
#1395=EDGE_LOOP('',(#7027,#7028,#7029,#7030));
#1396=EDGE_LOOP('',(#7031,#7032,#7033,#7034));
#1397=EDGE_LOOP('',(#7035,#7036,#7037,#7038));
#1398=EDGE_LOOP('',(#7039,#7040,#7041,#7042));
#1399=EDGE_LOOP('',(#7043,#7044,#7045,#7046));
#1400=EDGE_LOOP('',(#7047,#7048,#7049,#7050));
#1401=EDGE_LOOP('',(#7051));
#1402=EDGE_LOOP('',(#7052,#7053,#7054,#7055,#7056,#7057));
#1403=EDGE_LOOP('',(#7058));
#1404=EDGE_LOOP('',(#7059,#7060,#7061,#7062,#7063,#7064));
#1405=EDGE_LOOP('',(#7065));
#1406=EDGE_LOOP('',(#7066,#7067,#7068,#7069,#7070,#7071));
#1407=EDGE_LOOP('',(#7072));
#1408=EDGE_LOOP('',(#7073,#7074,#7075,#7076,#7077,#7078));
#1409=EDGE_LOOP('',(#7079));
#1410=EDGE_LOOP('',(#7080));
#1411=EDGE_LOOP('',(#7081));
#1412=EDGE_LOOP('',(#7082));
#1413=EDGE_LOOP('',(#7083));
#1414=EDGE_LOOP('',(#7084));
#1415=EDGE_LOOP('',(#7085));
#1416=EDGE_LOOP('',(#7086));
#1417=EDGE_LOOP('',(#7087,#7088,#7089,#7090,#7091,#7092,#7093,#7094,#7095,
#7096,#7097,#7098,#7099,#7100,#7101,#7102));
#1418=EDGE_LOOP('',(#7103));
#1419=EDGE_LOOP('',(#7104));
#1420=EDGE_LOOP('',(#7105));
#1421=EDGE_LOOP('',(#7106));
#1422=EDGE_LOOP('',(#7107));
#1423=EDGE_LOOP('',(#7108,#7109,#7110,#7111));
#1424=EDGE_LOOP('',(#7112,#7113,#7114,#7115));
#1425=EDGE_LOOP('',(#7116,#7117,#7118,#7119));
#1426=EDGE_LOOP('',(#7120,#7121,#7122,#7123));
#1427=EDGE_LOOP('',(#7124,#7125,#7126,#7127));
#1428=EDGE_LOOP('',(#7128,#7129,#7130,#7131));
#1429=EDGE_LOOP('',(#7132,#7133,#7134,#7135));
#1430=EDGE_LOOP('',(#7136,#7137,#7138,#7139));
#1431=EDGE_LOOP('',(#7140,#7141,#7142,#7143));
#1432=EDGE_LOOP('',(#7144,#7145,#7146,#7147));
#1433=EDGE_LOOP('',(#7148,#7149,#7150,#7151));
#1434=EDGE_LOOP('',(#7152,#7153,#7154,#7155));
#1435=EDGE_LOOP('',(#7156,#7157,#7158,#7159));
#1436=EDGE_LOOP('',(#7160,#7161,#7162,#7163));
#1437=EDGE_LOOP('',(#7164,#7165,#7166,#7167));
#1438=EDGE_LOOP('',(#7168,#7169,#7170,#7171));
#1439=EDGE_LOOP('',(#7172,#7173,#7174,#7175));
#1440=EDGE_LOOP('',(#7176,#7177,#7178,#7179));
#1441=EDGE_LOOP('',(#7180,#7181,#7182,#7183));
#1442=EDGE_LOOP('',(#7184,#7185,#7186,#7187));
#1443=EDGE_LOOP('',(#7188,#7189,#7190,#7191,#7192,#7193,#7194,#7195,#7196,
#7197,#7198,#7199,#7200,#7201,#7202,#7203));
#1444=EDGE_LOOP('',(#7204,#7205,#7206,#7207,#7208,#7209,#7210,#7211,#7212,
#7213,#7214,#7215,#7216,#7217,#7218,#7219));
#1445=EDGE_LOOP('',(#7220,#7221,#7222,#7223));
#1446=EDGE_LOOP('',(#7224));
#1447=EDGE_LOOP('',(#7225,#7226,#7227,#7228));
#1448=EDGE_LOOP('',(#7229));
#1449=EDGE_LOOP('',(#7230,#7231,#7232,#7233));
#1450=EDGE_LOOP('',(#7234));
#1451=EDGE_LOOP('',(#7235,#7236,#7237,#7238));
#1452=EDGE_LOOP('',(#7239));
#1453=EDGE_LOOP('',(#7240,#7241,#7242,#7243,#7244,#7245,#7246));
#1454=EDGE_LOOP('',(#7247));
#1455=EDGE_LOOP('',(#7248));
#1456=EDGE_LOOP('',(#7249));
#1457=EDGE_LOOP('',(#7250));
#1458=EDGE_LOOP('',(#7251,#7252,#7253,#7254,#7255,#7256,#7257,#7258,#7259,
#7260,#7261,#7262,#7263,#7264,#7265,#7266));
#1459=EDGE_LOOP('',(#7267,#7268,#7269,#7270,#7271,#7272,#7273,#7274,#7275,
#7276,#7277,#7278,#7279,#7280,#7281,#7282));
#1460=EDGE_LOOP('',(#7283,#7284,#7285,#7286));
#1461=EDGE_LOOP('',(#7287,#7288,#7289,#7290));
#1462=EDGE_LOOP('',(#7291,#7292,#7293,#7294));
#1463=EDGE_LOOP('',(#7295,#7296,#7297,#7298));
#1464=EDGE_LOOP('',(#7299,#7300,#7301,#7302));
#1465=EDGE_LOOP('',(#7303,#7304,#7305,#7306));
#1466=EDGE_LOOP('',(#7307,#7308,#7309,#7310));
#1467=EDGE_LOOP('',(#7311,#7312,#7313,#7314));
#1468=EDGE_LOOP('',(#7315,#7316,#7317,#7318));
#1469=EDGE_LOOP('',(#7319,#7320,#7321,#7322));
#1470=EDGE_LOOP('',(#7323,#7324,#7325,#7326));
#1471=EDGE_LOOP('',(#7327,#7328,#7329,#7330));
#1472=EDGE_LOOP('',(#7331,#7332,#7333,#7334));
#1473=EDGE_LOOP('',(#7335,#7336,#7337,#7338));
#1474=EDGE_LOOP('',(#7339,#7340,#7341,#7342));
#1475=EDGE_LOOP('',(#7343,#7344,#7345,#7346));
#1476=EDGE_LOOP('',(#7347,#7348,#7349,#7350));
#1477=EDGE_LOOP('',(#7351,#7352,#7353,#7354));
#1478=EDGE_LOOP('',(#7355,#7356,#7357,#7358));
#1479=EDGE_LOOP('',(#7359,#7360,#7361,#7362));
#1480=EDGE_LOOP('',(#7363,#7364,#7365,#7366));
#1481=EDGE_LOOP('',(#7367,#7368,#7369,#7370));
#1482=EDGE_LOOP('',(#7371,#7372,#7373,#7374));
#1483=EDGE_LOOP('',(#7375,#7376,#7377,#7378));
#1484=EDGE_LOOP('',(#7379,#7380,#7381,#7382));
#1485=EDGE_LOOP('',(#7383,#7384,#7385,#7386));
#1486=EDGE_LOOP('',(#7387,#7388,#7389,#7390));
#1487=EDGE_LOOP('',(#7391,#7392,#7393,#7394));
#1488=EDGE_LOOP('',(#7395,#7396,#7397,#7398));
#1489=EDGE_LOOP('',(#7399,#7400,#7401,#7402));
#1490=EDGE_LOOP('',(#7403,#7404,#7405,#7406));
#1491=EDGE_LOOP('',(#7407,#7408,#7409,#7410));
#1492=EDGE_LOOP('',(#7411,#7412,#7413,#7414));
#1493=EDGE_LOOP('',(#7415,#7416,#7417,#7418));
#1494=EDGE_LOOP('',(#7419,#7420,#7421,#7422));
#1495=EDGE_LOOP('',(#7423,#7424,#7425,#7426));
#1496=EDGE_LOOP('',(#7427,#7428,#7429,#7430));
#1497=EDGE_LOOP('',(#7431,#7432,#7433,#7434));
#1498=EDGE_LOOP('',(#7435,#7436,#7437,#7438));
#1499=EDGE_LOOP('',(#7439,#7440,#7441,#7442));
#1500=EDGE_LOOP('',(#7443,#7444,#7445,#7446));
#1501=EDGE_LOOP('',(#7447,#7448,#7449,#7450));
#1502=EDGE_LOOP('',(#7451,#7452,#7453,#7454));
#1503=EDGE_LOOP('',(#7455,#7456,#7457,#7458));
#1504=EDGE_LOOP('',(#7459,#7460,#7461,#7462));
#1505=EDGE_LOOP('',(#7463,#7464,#7465,#7466));
#1506=EDGE_LOOP('',(#7467,#7468,#7469,#7470));
#1507=EDGE_LOOP('',(#7471,#7472,#7473,#7474));
#1508=EDGE_LOOP('',(#7475,#7476,#7477,#7478));
#1509=EDGE_LOOP('',(#7479,#7480,#7481,#7482));
#1510=EDGE_LOOP('',(#7483,#7484,#7485,#7486));
#1511=EDGE_LOOP('',(#7487,#7488,#7489,#7490));
#1512=EDGE_LOOP('',(#7491,#7492,#7493,#7494));
#1513=EDGE_LOOP('',(#7495,#7496,#7497,#7498));
#1514=EDGE_LOOP('',(#7499,#7500,#7501,#7502));
#1515=EDGE_LOOP('',(#7503,#7504,#7505,#7506));
#1516=EDGE_LOOP('',(#7507));
#1517=EDGE_LOOP('',(#7508));
#1518=EDGE_LOOP('',(#7509,#7510,#7511,#7512));
#1519=EDGE_LOOP('',(#7513,#7514,#7515,#7516));
#1520=EDGE_LOOP('',(#7517,#7518,#7519,#7520,#7521));
#1521=EDGE_LOOP('',(#7522,#7523,#7524,#7525));
#1522=EDGE_LOOP('',(#7526,#7527,#7528,#7529));
#1523=EDGE_LOOP('',(#7530,#7531,#7532,#7533));
#1524=EDGE_LOOP('',(#7534,#7535,#7536,#7537,#7538));
#1525=EDGE_LOOP('',(#7539,#7540,#7541,#7542));
#1526=EDGE_LOOP('',(#7543,#7544,#7545,#7546,#7547));
#1527=EDGE_LOOP('',(#7548,#7549,#7550,#7551,#7552));
#1528=EDGE_LOOP('',(#7553,#7554,#7555,#7556));
#1529=EDGE_LOOP('',(#7557,#7558,#7559,#7560,#7561,#7562,#7563));
#1530=EDGE_LOOP('',(#7564,#7565,#7566,#7567,#7568,#7569,#7570));
#1531=EDGE_LOOP('',(#7571,#7572,#7573,#7574));
#1532=EDGE_LOOP('',(#7575,#7576,#7577,#7578,#7579,#7580,#7581,#7582));
#1533=EDGE_LOOP('',(#7583,#7584,#7585,#7586));
#1534=EDGE_LOOP('',(#7587,#7588,#7589,#7590));
#1535=EDGE_LOOP('',(#7591,#7592,#7593,#7594));
#1536=EDGE_LOOP('',(#7595,#7596,#7597,#7598));
#1537=EDGE_LOOP('',(#7599,#7600,#7601,#7602,#7603,#7604,#7605,#7606,#7607,
#7608));
#1538=EDGE_LOOP('',(#7609,#7610,#7611,#7612));
#1539=EDGE_LOOP('',(#7613,#7614,#7615,#7616));
#1540=EDGE_LOOP('',(#7617,#7618,#7619,#7620));
#1541=EDGE_LOOP('',(#7621,#7622,#7623,#7624));
#1542=EDGE_LOOP('',(#7625,#7626,#7627,#7628));
#1543=EDGE_LOOP('',(#7629,#7630,#7631,#7632));
#1544=EDGE_LOOP('',(#7633,#7634,#7635,#7636));
#1545=EDGE_LOOP('',(#7637,#7638,#7639,#7640));
#1546=EDGE_LOOP('',(#7641,#7642,#7643,#7644));
#1547=EDGE_LOOP('',(#7645,#7646,#7647,#7648));
#1548=EDGE_LOOP('',(#7649,#7650,#7651,#7652));
#1549=EDGE_LOOP('',(#7653,#7654,#7655,#7656));
#1550=EDGE_LOOP('',(#7657,#7658,#7659,#7660));
#1551=EDGE_LOOP('',(#7661,#7662,#7663,#7664));
#1552=EDGE_LOOP('',(#7665,#7666,#7667,#7668));
#1553=EDGE_LOOP('',(#7669,#7670,#7671,#7672));
#1554=EDGE_LOOP('',(#7673,#7674,#7675,#7676));
#1555=EDGE_LOOP('',(#7677));
#1556=EDGE_LOOP('',(#7678));
#1557=EDGE_LOOP('',(#7679));
#1558=EDGE_LOOP('',(#7680));
#1559=EDGE_LOOP('',(#7681,#7682,#7683,#7684,#7685,#7686,#7687,#7688,#7689));
#1560=EDGE_LOOP('',(#7690,#7691,#7692,#7693));
#1561=EDGE_LOOP('',(#7694,#7695,#7696,#7697));
#1562=EDGE_LOOP('',(#7698,#7699,#7700,#7701));
#1563=EDGE_LOOP('',(#7702,#7703,#7704,#7705));
#1564=EDGE_LOOP('',(#7706,#7707,#7708,#7709));
#1565=EDGE_LOOP('',(#7710,#7711,#7712,#7713));
#1566=EDGE_LOOP('',(#7714,#7715,#7716,#7717));
#1567=EDGE_LOOP('',(#7718,#7719,#7720,#7721));
#1568=EDGE_LOOP('',(#7722,#7723,#7724,#7725));
#1569=EDGE_LOOP('',(#7726,#7727,#7728,#7729));
#1570=EDGE_LOOP('',(#7730,#7731,#7732,#7733));
#1571=EDGE_LOOP('',(#7734,#7735,#7736,#7737));
#1572=EDGE_LOOP('',(#7738,#7739,#7740,#7741));
#1573=EDGE_LOOP('',(#7742,#7743,#7744,#7745));
#1574=EDGE_LOOP('',(#7746,#7747,#7748,#7749));
#1575=EDGE_LOOP('',(#7750,#7751,#7752,#7753));
#1576=EDGE_LOOP('',(#7754,#7755,#7756,#7757));
#1577=EDGE_LOOP('',(#7758,#7759,#7760,#7761));
#1578=EDGE_LOOP('',(#7762,#7763,#7764,#7765));
#1579=EDGE_LOOP('',(#7766,#7767,#7768,#7769));
#1580=EDGE_LOOP('',(#7770,#7771,#7772,#7773));
#1581=EDGE_LOOP('',(#7774,#7775,#7776,#7777));
#1582=EDGE_LOOP('',(#7778,#7779,#7780,#7781));
#1583=EDGE_LOOP('',(#7782,#7783,#7784,#7785));
#1584=EDGE_LOOP('',(#7786,#7787,#7788,#7789));
#1585=EDGE_LOOP('',(#7790,#7791,#7792,#7793));
#1586=EDGE_LOOP('',(#7794,#7795,#7796,#7797));
#1587=EDGE_LOOP('',(#7798,#7799,#7800,#7801));
#1588=EDGE_LOOP('',(#7802,#7803,#7804,#7805));
#1589=EDGE_LOOP('',(#7806,#7807,#7808,#7809));
#1590=EDGE_LOOP('',(#7810,#7811,#7812,#7813));
#1591=EDGE_LOOP('',(#7814,#7815,#7816,#7817));
#1592=EDGE_LOOP('',(#7818,#7819,#7820,#7821));
#1593=EDGE_LOOP('',(#7822,#7823,#7824,#7825));
#1594=EDGE_LOOP('',(#7826,#7827,#7828,#7829));
#1595=EDGE_LOOP('',(#7830,#7831,#7832,#7833));
#1596=EDGE_LOOP('',(#7834,#7835,#7836,#7837));
#1597=EDGE_LOOP('',(#7838,#7839,#7840,#7841));
#1598=EDGE_LOOP('',(#7842,#7843,#7844,#7845));
#1599=EDGE_LOOP('',(#7846,#7847,#7848,#7849));
#1600=EDGE_LOOP('',(#7850,#7851,#7852,#7853));
#1601=EDGE_LOOP('',(#7854,#7855,#7856,#7857));
#1602=EDGE_LOOP('',(#7858,#7859,#7860,#7861));
#1603=EDGE_LOOP('',(#7862,#7863,#7864,#7865));
#1604=EDGE_LOOP('',(#7866,#7867,#7868,#7869));
#1605=EDGE_LOOP('',(#7870,#7871,#7872,#7873));
#1606=EDGE_LOOP('',(#7874,#7875,#7876,#7877));
#1607=EDGE_LOOP('',(#7878,#7879,#7880,#7881));
#1608=EDGE_LOOP('',(#7882,#7883,#7884,#7885));
#1609=EDGE_LOOP('',(#7886,#7887,#7888,#7889));
#1610=EDGE_LOOP('',(#7890,#7891,#7892,#7893));
#1611=EDGE_LOOP('',(#7894,#7895,#7896,#7897));
#1612=EDGE_LOOP('',(#7898,#7899,#7900,#7901));
#1613=EDGE_LOOP('',(#7902,#7903,#7904,#7905));
#1614=EDGE_LOOP('',(#7906,#7907,#7908,#7909));
#1615=EDGE_LOOP('',(#7910,#7911,#7912,#7913));
#1616=EDGE_LOOP('',(#7914,#7915,#7916,#7917));
#1617=EDGE_LOOP('',(#7918,#7919,#7920,#7921,#7922));
#1618=EDGE_LOOP('',(#7923,#7924,#7925,#7926));
#1619=EDGE_LOOP('',(#7927,#7928,#7929,#7930));
#1620=EDGE_LOOP('',(#7931,#7932,#7933,#7934,#7935));
#1621=EDGE_LOOP('',(#7936,#7937,#7938,#7939));
#1622=EDGE_LOOP('',(#7940,#7941,#7942,#7943,#7944,#7945));
#1623=EDGE_LOOP('',(#7946,#7947,#7948,#7949,#7950,#7951,#7952,#7953,#7954,
#7955,#7956,#7957,#7958,#7959,#7960,#7961,#7962,#7963));
#1624=EDGE_LOOP('',(#7964,#7965,#7966,#7967));
#1625=EDGE_LOOP('',(#7968,#7969,#7970,#7971));
#1626=EDGE_LOOP('',(#7972,#7973,#7974,#7975));
#1627=EDGE_LOOP('',(#7976,#7977,#7978,#7979));
#1628=EDGE_LOOP('',(#7980,#7981,#7982,#7983));
#1629=EDGE_LOOP('',(#7984,#7985,#7986,#7987));
#1630=EDGE_LOOP('',(#7988,#7989,#7990,#7991,#7992,#7993,#7994,#7995,#7996));
#1631=EDGE_LOOP('',(#7997,#7998,#7999,#8000,#8001,#8002));
#1632=EDGE_LOOP('',(#8003,#8004,#8005,#8006,#8007,#8008,#8009,#8010,#8011,
#8012,#8013,#8014));
#1633=EDGE_LOOP('',(#8015,#8016,#8017,#8018,#8019,#8020));
#1634=EDGE_LOOP('',(#8021,#8022,#8023,#8024,#8025));
#1635=EDGE_LOOP('',(#8026,#8027,#8028,#8029,#8030));
#1636=EDGE_LOOP('',(#8031,#8032,#8033,#8034));
#1637=EDGE_LOOP('',(#8035,#8036,#8037,#8038));
#1638=EDGE_LOOP('',(#8039,#8040,#8041,#8042));
#1639=EDGE_LOOP('',(#8043,#8044,#8045,#8046));
#1640=EDGE_LOOP('',(#8047,#8048,#8049,#8050,#8051,#8052));
#1641=EDGE_LOOP('',(#8053,#8054,#8055,#8056,#8057,#8058,#8059,#8060,#8061,
#8062,#8063,#8064));
#1642=EDGE_LOOP('',(#8065,#8066,#8067,#8068));
#1643=EDGE_LOOP('',(#8069,#8070,#8071,#8072,#8073,#8074,#8075,#8076,#8077,
#8078,#8079,#8080));
#1644=EDGE_LOOP('',(#8081,#8082,#8083,#8084,#8085,#8086,#8087,#8088,#8089,
#8090));
#1645=EDGE_LOOP('',(#8091,#8092,#8093,#8094));
#1646=EDGE_LOOP('',(#8095,#8096,#8097,#8098));
#1647=EDGE_LOOP('',(#8099,#8100,#8101,#8102));
#1648=EDGE_LOOP('',(#8103,#8104,#8105,#8106));
#1649=EDGE_LOOP('',(#8107,#8108,#8109,#8110));
#1650=EDGE_LOOP('',(#8111,#8112,#8113,#8114));
#1651=EDGE_LOOP('',(#8115,#8116,#8117,#8118,#8119,#8120,#8121,#8122,#8123,
#8124,#8125,#8126,#8127,#8128,#8129,#8130,#8131,#8132,#8133,#8134,#8135));
#1652=EDGE_LOOP('',(#8136,#8137,#8138));
#1653=EDGE_LOOP('',(#8139,#8140,#8141));
#1654=EDGE_LOOP('',(#8142,#8143,#8144));
#1655=EDGE_LOOP('',(#8145,#8146,#8147));
#1656=EDGE_LOOP('',(#8148,#8149,#8150,#8151,#8152));
#1657=EDGE_LOOP('',(#8153,#8154,#8155,#8156,#8157));
#1658=EDGE_LOOP('',(#8158,#8159,#8160,#8161,#8162));
#1659=EDGE_LOOP('',(#8163,#8164,#8165,#8166));
#1660=EDGE_LOOP('',(#8167,#8168,#8169,#8170,#8171));
#1661=EDGE_LOOP('',(#8172,#8173,#8174,#8175));
#1662=EDGE_LOOP('',(#8176,#8177,#8178,#8179,#8180,#8181,#8182,#8183,#8184,
#8185,#8186,#8187));
#1663=EDGE_LOOP('',(#8188,#8189,#8190,#8191));
#1664=EDGE_LOOP('',(#8192,#8193,#8194,#8195,#8196));
#1665=EDGE_LOOP('',(#8197,#8198,#8199,#8200,#8201));
#1666=EDGE_LOOP('',(#8202,#8203,#8204,#8205,#8206));
#1667=EDGE_LOOP('',(#8207,#8208,#8209,#8210,#8211));
#1668=EDGE_LOOP('',(#8212,#8213,#8214,#8215,#8216));
#1669=EDGE_LOOP('',(#8217,#8218,#8219,#8220,#8221,#8222,#8223,#8224,#8225,
#8226,#8227,#8228,#8229,#8230,#8231,#8232,#8233,#8234,#8235,#8236,#8237));
#1670=EDGE_LOOP('',(#8238,#8239,#8240));
#1671=EDGE_LOOP('',(#8241,#8242,#8243));
#1672=EDGE_LOOP('',(#8244,#8245,#8246));
#1673=EDGE_LOOP('',(#8247,#8248,#8249));
#1674=EDGE_LOOP('',(#8250,#8251,#8252,#8253,#8254));
#1675=EDGE_LOOP('',(#8255,#8256,#8257,#8258,#8259));
#1676=EDGE_LOOP('',(#8260,#8261,#8262,#8263,#8264));
#1677=EDGE_LOOP('',(#8265,#8266,#8267,#8268));
#1678=EDGE_LOOP('',(#8269,#8270,#8271,#8272,#8273));
#1679=EDGE_LOOP('',(#8274,#8275,#8276,#8277));
#1680=EDGE_LOOP('',(#8278,#8279,#8280,#8281,#8282,#8283,#8284,#8285,#8286,
#8287,#8288,#8289));
#1681=EDGE_LOOP('',(#8290,#8291,#8292,#8293));
#1682=EDGE_LOOP('',(#8294,#8295,#8296,#8297,#8298));
#1683=EDGE_LOOP('',(#8299,#8300,#8301,#8302,#8303));
#1684=EDGE_LOOP('',(#8304,#8305,#8306,#8307,#8308));
#1685=EDGE_LOOP('',(#8309,#8310,#8311,#8312,#8313));
#1686=EDGE_LOOP('',(#8314,#8315,#8316,#8317,#8318));
#1687=EDGE_LOOP('',(#8319,#8320,#8321,#8322,#8323,#8324,#8325,#8326,#8327,
#8328,#8329,#8330,#8331,#8332,#8333,#8334,#8335,#8336,#8337,#8338));
#1688=EDGE_LOOP('',(#8339,#8340,#8341));
#1689=EDGE_LOOP('',(#8342,#8343,#8344));
#1690=EDGE_LOOP('',(#8345,#8346,#8347));
#1691=EDGE_LOOP('',(#8348,#8349,#8350));
#1692=EDGE_LOOP('',(#8351,#8352,#8353,#8354,#8355));
#1693=EDGE_LOOP('',(#8356,#8357,#8358,#8359,#8360));
#1694=EDGE_LOOP('',(#8361,#8362,#8363,#8364,#8365));
#1695=EDGE_LOOP('',(#8366,#8367,#8368,#8369));
#1696=EDGE_LOOP('',(#8370,#8371,#8372,#8373,#8374));
#1697=EDGE_LOOP('',(#8375,#8376,#8377,#8378));
#1698=EDGE_LOOP('',(#8379,#8380,#8381,#8382,#8383,#8384,#8385,#8386,#8387,
#8388,#8389,#8390));
#1699=EDGE_LOOP('',(#8391,#8392,#8393,#8394));
#1700=EDGE_LOOP('',(#8395,#8396,#8397,#8398,#8399));
#1701=EDGE_LOOP('',(#8400,#8401,#8402,#8403,#8404));
#1702=EDGE_LOOP('',(#8405,#8406,#8407,#8408,#8409));
#1703=EDGE_LOOP('',(#8410,#8411,#8412,#8413,#8414));
#1704=EDGE_LOOP('',(#8415,#8416,#8417,#8418,#8419));
#1705=EDGE_LOOP('',(#8420,#8421,#8422,#8423));
#1706=EDGE_LOOP('',(#8424,#8425,#8426));
#1707=EDGE_LOOP('',(#8427,#8428));
#1708=EDGE_LOOP('',(#8429));
#1709=EDGE_LOOP('',(#8430));
#1710=EDGE_LOOP('',(#8431,#8432,#8433,#8434,#8435,#8436,#8437,#8438));
#1711=EDGE_LOOP('',(#8439,#8440,#8441,#8442));
#1712=EDGE_LOOP('',(#8443));
#1713=LINE('',#12812,#2686);
#1714=LINE('',#12814,#2687);
#1715=LINE('',#12816,#2688);
#1716=LINE('',#12817,#2689);
#1717=LINE('',#12820,#2690);
#1718=LINE('',#12822,#2691);
#1719=LINE('',#12823,#2692);
#1720=LINE('',#12826,#2693);
#1721=LINE('',#12828,#2694);
#1722=LINE('',#12829,#2695);
#1723=LINE('',#12831,#2696);
#1724=LINE('',#12832,#2697);
#1725=LINE('',#12838,#2698);
#1726=LINE('',#12840,#2699);
#1727=LINE('',#12842,#2700);
#1728=LINE('',#12843,#2701);
#1729=LINE('',#12847,#2702);
#1730=LINE('',#12849,#2703);
#1731=LINE('',#12851,#2704);
#1732=LINE('',#12852,#2705);
#1733=LINE('',#12854,#2706);
#1734=LINE('',#12855,#2707);
#1735=LINE('',#12857,#2708);
#1736=LINE('',#12859,#2709);
#1737=LINE('',#12864,#2710);
#1738=LINE('',#12866,#2711);
#1739=LINE('',#12868,#2712);
#1740=LINE('',#12869,#2713);
#1741=LINE('',#12872,#2714);
#1742=LINE('',#12874,#2715);
#1743=LINE('',#12875,#2716);
#1744=LINE('',#12878,#2717);
#1745=LINE('',#12880,#2718);
#1746=LINE('',#12881,#2719);
#1747=LINE('',#12883,#2720);
#1748=LINE('',#12884,#2721);
#1749=LINE('',#12890,#2722);
#1750=LINE('',#12892,#2723);
#1751=LINE('',#12894,#2724);
#1752=LINE('',#12895,#2725);
#1753=LINE('',#12899,#2726);
#1754=LINE('',#12901,#2727);
#1755=LINE('',#12903,#2728);
#1756=LINE('',#12904,#2729);
#1757=LINE('',#12906,#2730);
#1758=LINE('',#12907,#2731);
#1759=LINE('',#12909,#2732);
#1760=LINE('',#12911,#2733);
#1761=LINE('',#12916,#2734);
#1762=LINE('',#12918,#2735);
#1763=LINE('',#12920,#2736);
#1764=LINE('',#12921,#2737);
#1765=LINE('',#12924,#2738);
#1766=LINE('',#12926,#2739);
#1767=LINE('',#12927,#2740);
#1768=LINE('',#12930,#2741);
#1769=LINE('',#12932,#2742);
#1770=LINE('',#12933,#2743);
#1771=LINE('',#12935,#2744);
#1772=LINE('',#12936,#2745);
#1773=LINE('',#12942,#2746);
#1774=LINE('',#12944,#2747);
#1775=LINE('',#12946,#2748);
#1776=LINE('',#12947,#2749);
#1777=LINE('',#12951,#2750);
#1778=LINE('',#12953,#2751);
#1779=LINE('',#12955,#2752);
#1780=LINE('',#12956,#2753);
#1781=LINE('',#12958,#2754);
#1782=LINE('',#12959,#2755);
#1783=LINE('',#12961,#2756);
#1784=LINE('',#12963,#2757);
#1785=LINE('',#12974,#2758);
#1786=LINE('',#12976,#2759);
#1787=LINE('',#12978,#2760);
#1788=LINE('',#12980,#2761);
#1789=LINE('',#12982,#2762);
#1790=LINE('',#12984,#2763);
#1791=LINE('',#12986,#2764);
#1792=LINE('',#12988,#2765);
#1793=LINE('',#12990,#2766);
#1794=LINE('',#12992,#2767);
#1795=LINE('',#12994,#2768);
#1796=LINE('',#12995,#2769);
#1797=LINE('',#12998,#2770);
#1798=LINE('',#13000,#2771);
#1799=LINE('',#13001,#2772);
#1800=LINE('',#13004,#2773);
#1801=LINE('',#13005,#2774);
#1802=LINE('',#13008,#2775);
#1803=LINE('',#13009,#2776);
#1804=LINE('',#13012,#2777);
#1805=LINE('',#13013,#2778);
#1806=LINE('',#13016,#2779);
#1807=LINE('',#13017,#2780);
#1808=LINE('',#13020,#2781);
#1809=LINE('',#13021,#2782);
#1810=LINE('',#13024,#2783);
#1811=LINE('',#13025,#2784);
#1812=LINE('',#13028,#2785);
#1813=LINE('',#13029,#2786);
#1814=LINE('',#13032,#2787);
#1815=LINE('',#13033,#2788);
#1816=LINE('',#13036,#2789);
#1817=LINE('',#13037,#2790);
#1818=LINE('',#13040,#2791);
#1819=LINE('',#13041,#2792);
#1820=LINE('',#13043,#2793);
#1821=LINE('',#13050,#2794);
#1822=LINE('',#13053,#2795);
#1823=LINE('',#13063,#2796);
#1824=LINE('',#13065,#2797);
#1825=LINE('',#13067,#2798);
#1826=LINE('',#13069,#2799);
#1827=LINE('',#13071,#2800);
#1828=LINE('',#13073,#2801);
#1829=LINE('',#13075,#2802);
#1830=LINE('',#13077,#2803);
#1831=LINE('',#13079,#2804);
#1832=LINE('',#13081,#2805);
#1833=LINE('',#13083,#2806);
#1834=LINE('',#13084,#2807);
#1835=LINE('',#13087,#2808);
#1836=LINE('',#13089,#2809);
#1837=LINE('',#13090,#2810);
#1838=LINE('',#13093,#2811);
#1839=LINE('',#13094,#2812);
#1840=LINE('',#13097,#2813);
#1841=LINE('',#13098,#2814);
#1842=LINE('',#13101,#2815);
#1843=LINE('',#13102,#2816);
#1844=LINE('',#13105,#2817);
#1845=LINE('',#13106,#2818);
#1846=LINE('',#13109,#2819);
#1847=LINE('',#13110,#2820);
#1848=LINE('',#13113,#2821);
#1849=LINE('',#13114,#2822);
#1850=LINE('',#13117,#2823);
#1851=LINE('',#13118,#2824);
#1852=LINE('',#13121,#2825);
#1853=LINE('',#13122,#2826);
#1854=LINE('',#13125,#2827);
#1855=LINE('',#13126,#2828);
#1856=LINE('',#13129,#2829);
#1857=LINE('',#13130,#2830);
#1858=LINE('',#13132,#2831);
#1859=LINE('',#13139,#2832);
#1860=LINE('',#13144,#2833);
#1861=LINE('',#13154,#2834);
#1862=LINE('',#13156,#2835);
#1863=LINE('',#13158,#2836);
#1864=LINE('',#13160,#2837);
#1865=LINE('',#13162,#2838);
#1866=LINE('',#13164,#2839);
#1867=LINE('',#13166,#2840);
#1868=LINE('',#13168,#2841);
#1869=LINE('',#13170,#2842);
#1870=LINE('',#13172,#2843);
#1871=LINE('',#13174,#2844);
#1872=LINE('',#13175,#2845);
#1873=LINE('',#13178,#2846);
#1874=LINE('',#13180,#2847);
#1875=LINE('',#13181,#2848);
#1876=LINE('',#13184,#2849);
#1877=LINE('',#13185,#2850);
#1878=LINE('',#13188,#2851);
#1879=LINE('',#13189,#2852);
#1880=LINE('',#13192,#2853);
#1881=LINE('',#13193,#2854);
#1882=LINE('',#13196,#2855);
#1883=LINE('',#13197,#2856);
#1884=LINE('',#13200,#2857);
#1885=LINE('',#13201,#2858);
#1886=LINE('',#13204,#2859);
#1887=LINE('',#13205,#2860);
#1888=LINE('',#13208,#2861);
#1889=LINE('',#13209,#2862);
#1890=LINE('',#13212,#2863);
#1891=LINE('',#13213,#2864);
#1892=LINE('',#13216,#2865);
#1893=LINE('',#13217,#2866);
#1894=LINE('',#13220,#2867);
#1895=LINE('',#13221,#2868);
#1896=LINE('',#13223,#2869);
#1897=LINE('',#13230,#2870);
#1898=LINE('',#13233,#2871);
#1899=LINE('',#13243,#2872);
#1900=LINE('',#13245,#2873);
#1901=LINE('',#13247,#2874);
#1902=LINE('',#13249,#2875);
#1903=LINE('',#13251,#2876);
#1904=LINE('',#13253,#2877);
#1905=LINE('',#13255,#2878);
#1906=LINE('',#13257,#2879);
#1907=LINE('',#13259,#2880);
#1908=LINE('',#13261,#2881);
#1909=LINE('',#13263,#2882);
#1910=LINE('',#13264,#2883);
#1911=LINE('',#13267,#2884);
#1912=LINE('',#13269,#2885);
#1913=LINE('',#13270,#2886);
#1914=LINE('',#13273,#2887);
#1915=LINE('',#13274,#2888);
#1916=LINE('',#13277,#2889);
#1917=LINE('',#13278,#2890);
#1918=LINE('',#13281,#2891);
#1919=LINE('',#13282,#2892);
#1920=LINE('',#13285,#2893);
#1921=LINE('',#13286,#2894);
#1922=LINE('',#13289,#2895);
#1923=LINE('',#13290,#2896);
#1924=LINE('',#13293,#2897);
#1925=LINE('',#13294,#2898);
#1926=LINE('',#13297,#2899);
#1927=LINE('',#13298,#2900);
#1928=LINE('',#13301,#2901);
#1929=LINE('',#13302,#2902);
#1930=LINE('',#13305,#2903);
#1931=LINE('',#13306,#2904);
#1932=LINE('',#13309,#2905);
#1933=LINE('',#13310,#2906);
#1934=LINE('',#13312,#2907);
#1935=LINE('',#13319,#2908);
#1936=LINE('',#13322,#2909);
#1937=LINE('',#13386,#2910);
#1938=LINE('',#13387,#2911);
#1939=LINE('',#13390,#2912);
#1940=LINE('',#13391,#2913);
#1941=LINE('',#13394,#2914);
#1942=LINE('',#13395,#2915);
#1943=LINE('',#13398,#2916);
#1944=LINE('',#13399,#2917);
#1945=LINE('',#13402,#2918);
#1946=LINE('',#13404,#2919);
#1947=LINE('',#13405,#2920);
#1948=LINE('',#13408,#2921);
#1949=LINE('',#13410,#2922);
#1950=LINE('',#13411,#2923);
#1951=LINE('',#13414,#2924);
#1952=LINE('',#13416,#2925);
#1953=LINE('',#13417,#2926);
#1954=LINE('',#13419,#2927);
#1955=LINE('',#13422,#2928);
#1956=LINE('',#13424,#2929);
#1957=LINE('',#13425,#2930);
#1958=LINE('',#13427,#2931);
#1959=LINE('',#13430,#2932);
#1960=LINE('',#13432,#2933);
#1961=LINE('',#13433,#2934);
#1962=LINE('',#13435,#2935);
#1963=LINE('',#13437,#2936);
#1964=LINE('',#13438,#2937);
#1965=LINE('',#13440,#2938);
#1966=LINE('',#13441,#2939);
#1967=LINE('',#13445,#2940);
#1968=LINE('',#13447,#2941);
#1969=LINE('',#13451,#2942);
#1970=LINE('',#13457,#2943);
#1971=LINE('',#13462,#2944);
#1972=LINE('',#13464,#2945);
#1973=LINE('',#13466,#2946);
#1974=LINE('',#13468,#2947);
#1975=LINE('',#13470,#2948);
#1976=LINE('',#13472,#2949);
#1977=LINE('',#13474,#2950);
#1978=LINE('',#13476,#2951);
#1979=LINE('',#13478,#2952);
#1980=LINE('',#13480,#2953);
#1981=LINE('',#13482,#2954);
#1982=LINE('',#13483,#2955);
#1983=LINE('',#13487,#2956);
#1984=LINE('',#13489,#2957);
#1985=LINE('',#13491,#2958);
#1986=LINE('',#13493,#2959);
#1987=LINE('',#13495,#2960);
#1988=LINE('',#13497,#2961);
#1989=LINE('',#13499,#2962);
#1990=LINE('',#13500,#2963);
#1991=LINE('',#13506,#2964);
#1992=LINE('',#13514,#2965);
#1993=LINE('',#13535,#2966);
#1994=LINE('',#13840,#2967);
#1995=LINE('',#13841,#2968);
#1996=LINE('',#13865,#2969);
#1997=LINE('',#13866,#2970);
#1998=LINE('',#13869,#2971);
#1999=LINE('',#13872,#2972);
#2000=LINE('',#13875,#2973);
#2001=LINE('',#13877,#2974);
#2002=LINE('',#13879,#2975);
#2003=LINE('',#13880,#2976);
#2004=LINE('',#13899,#2977);
#2005=LINE('',#14022,#2978);
#2006=LINE('',#14031,#2979);
#2007=LINE('',#14069,#2980);
#2008=LINE('',#14070,#2981);
#2009=LINE('',#14229,#2982);
#2010=LINE('',#14232,#2983);
#2011=LINE('',#14235,#2984);
#2012=LINE('',#14236,#2985);
#2013=LINE('',#14244,#2986);
#2014=LINE('',#14253,#2987);
#2015=LINE('',#14254,#2988);
#2016=LINE('',#14256,#2989);
#2017=LINE('',#14257,#2990);
#2018=LINE('',#14262,#2991);
#2019=LINE('',#14263,#2992);
#2020=LINE('',#14268,#2993);
#2021=LINE('',#14272,#2994);
#2022=LINE('',#14276,#2995);
#2023=LINE('',#14280,#2996);
#2024=LINE('',#14284,#2997);
#2025=LINE('',#14288,#2998);
#2026=LINE('',#14292,#2999);
#2027=LINE('',#14295,#3000);
#2028=LINE('',#14324,#3001);
#2029=LINE('',#14325,#3002);
#2030=LINE('',#14328,#3003);
#2031=LINE('',#14330,#3004);
#2032=LINE('',#14331,#3005);
#2033=LINE('',#14349,#3006);
#2034=LINE('',#14352,#3007);
#2035=LINE('',#14354,#3008);
#2036=LINE('',#14355,#3009);
#2037=LINE('',#14376,#3010);
#2038=LINE('',#14377,#3011);
#2039=LINE('',#14380,#3012);
#2040=LINE('',#14382,#3013);
#2041=LINE('',#14383,#3014);
#2042=LINE('',#14416,#3015);
#2043=LINE('',#14417,#3016);
#2044=LINE('',#14420,#3017);
#2045=LINE('',#14422,#3018);
#2046=LINE('',#14423,#3019);
#2047=LINE('',#14441,#3020);
#2048=LINE('',#14443,#3021);
#2049=LINE('',#14444,#3022);
#2050=LINE('',#14461,#3023);
#2051=LINE('',#14464,#3024);
#2052=LINE('',#14466,#3025);
#2053=LINE('',#14467,#3026);
#2054=LINE('',#14485,#3027);
#2055=LINE('',#14487,#3028);
#2056=LINE('',#14488,#3029);
#2057=LINE('',#14491,#3030);
#2058=LINE('',#14493,#3031);
#2059=LINE('',#14494,#3032);
#2060=LINE('',#14498,#3033);
#2061=LINE('',#14500,#3034);
#2062=LINE('',#14501,#3035);
#2063=LINE('',#14502,#3036);
#2064=LINE('',#14504,#3037);
#2065=LINE('',#14505,#3038);
#2066=LINE('',#14506,#3039);
#2067=LINE('',#14508,#3040);
#2068=LINE('',#14510,#3041);
#2069=LINE('',#14517,#3042);
#2070=LINE('',#14522,#3043);
#2071=LINE('',#14524,#3044);
#2072=LINE('',#14526,#3045);
#2073=LINE('',#14528,#3046);
#2074=LINE('',#14530,#3047);
#2075=LINE('',#14533,#3048);
#2076=LINE('',#14535,#3049);
#2077=LINE('',#14539,#3050);
#2078=LINE('',#14543,#3051);
#2079=LINE('',#14547,#3052);
#2080=LINE('',#14551,#3053);
#2081=LINE('',#14555,#3054);
#2082=LINE('',#14559,#3055);
#2083=LINE('',#14563,#3056);
#2084=LINE('',#14570,#3057);
#2085=LINE('',#14571,#3058);
#2086=LINE('',#14574,#3059);
#2087=LINE('',#14576,#3060);
#2088=LINE('',#14577,#3061);
#2089=LINE('',#14602,#3062);
#2090=LINE('',#14608,#3063);
#2091=LINE('',#14617,#3064);
#2092=LINE('',#14618,#3065);
#2093=LINE('',#14619,#3066);
#2094=LINE('',#14623,#3067);
#2095=LINE('',#14624,#3068);
#2096=LINE('',#14625,#3069);
#2097=LINE('',#14633,#3070);
#2098=LINE('',#14634,#3071);
#2099=LINE('',#14635,#3072);
#2100=LINE('',#14639,#3073);
#2101=LINE('',#14640,#3074);
#2102=LINE('',#14641,#3075);
#2103=LINE('',#14649,#3076);
#2104=LINE('',#14650,#3077);
#2105=LINE('',#14651,#3078);
#2106=LINE('',#14655,#3079);
#2107=LINE('',#14656,#3080);
#2108=LINE('',#14657,#3081);
#2109=LINE('',#14665,#3082);
#2110=LINE('',#14666,#3083);
#2111=LINE('',#14667,#3084);
#2112=LINE('',#14671,#3085);
#2113=LINE('',#14672,#3086);
#2114=LINE('',#14673,#3087);
#2115=LINE('',#14700,#3088);
#2116=LINE('',#14725,#3089);
#2117=LINE('',#14729,#3090);
#2118=LINE('',#14733,#3091);
#2119=LINE('',#14735,#3092);
#2120=LINE('',#14737,#3093);
#2121=LINE('',#14738,#3094);
#2122=LINE('',#14741,#3095);
#2123=LINE('',#14743,#3096);
#2124=LINE('',#14744,#3097);
#2125=LINE('',#14747,#3098);
#2126=LINE('',#14749,#3099);
#2127=LINE('',#14750,#3100);
#2128=LINE('',#14753,#3101);
#2129=LINE('',#14755,#3102);
#2130=LINE('',#14756,#3103);
#2131=LINE('',#14759,#3104);
#2132=LINE('',#14761,#3105);
#2133=LINE('',#14762,#3106);
#2134=LINE('',#14764,#3107);
#2135=LINE('',#14765,#3108);
#2136=LINE('',#14772,#3109);
#2137=LINE('',#14774,#3110);
#2138=LINE('',#14776,#3111);
#2139=LINE('',#14777,#3112);
#2140=LINE('',#14780,#3113);
#2141=LINE('',#14782,#3114);
#2142=LINE('',#14783,#3115);
#2143=LINE('',#14786,#3116);
#2144=LINE('',#14788,#3117);
#2145=LINE('',#14789,#3118);
#2146=LINE('',#14792,#3119);
#2147=LINE('',#14794,#3120);
#2148=LINE('',#14795,#3121);
#2149=LINE('',#14798,#3122);
#2150=LINE('',#14800,#3123);
#2151=LINE('',#14801,#3124);
#2152=LINE('',#14803,#3125);
#2153=LINE('',#14804,#3126);
#2154=LINE('',#14811,#3127);
#2155=LINE('',#14813,#3128);
#2156=LINE('',#14815,#3129);
#2157=LINE('',#14816,#3130);
#2158=LINE('',#14819,#3131);
#2159=LINE('',#14821,#3132);
#2160=LINE('',#14822,#3133);
#2161=LINE('',#14825,#3134);
#2162=LINE('',#14827,#3135);
#2163=LINE('',#14828,#3136);
#2164=LINE('',#14831,#3137);
#2165=LINE('',#14833,#3138);
#2166=LINE('',#14834,#3139);
#2167=LINE('',#14837,#3140);
#2168=LINE('',#14839,#3141);
#2169=LINE('',#14840,#3142);
#2170=LINE('',#14842,#3143);
#2171=LINE('',#14843,#3144);
#2172=LINE('',#14850,#3145);
#2173=LINE('',#14852,#3146);
#2174=LINE('',#14854,#3147);
#2175=LINE('',#14855,#3148);
#2176=LINE('',#14858,#3149);
#2177=LINE('',#14860,#3150);
#2178=LINE('',#14861,#3151);
#2179=LINE('',#14864,#3152);
#2180=LINE('',#14866,#3153);
#2181=LINE('',#14867,#3154);
#2182=LINE('',#14870,#3155);
#2183=LINE('',#14872,#3156);
#2184=LINE('',#14873,#3157);
#2185=LINE('',#14876,#3158);
#2186=LINE('',#14878,#3159);
#2187=LINE('',#14879,#3160);
#2188=LINE('',#14881,#3161);
#2189=LINE('',#14882,#3162);
#2190=LINE('',#14889,#3163);
#2191=LINE('',#14893,#3164);
#2192=LINE('',#14897,#3165);
#2193=LINE('',#14901,#3166);
#2194=LINE('',#14905,#3167);
#2195=LINE('',#14909,#3168);
#2196=LINE('',#14942,#3169);
#2197=LINE('',#14949,#3170);
#2198=LINE('',#14956,#3171);
#2199=LINE('',#14963,#3172);
#2200=LINE('',#14970,#3173);
#2201=LINE('',#14977,#3174);
#2202=LINE('',#14984,#3175);
#2203=LINE('',#14990,#3176);
#2204=LINE('',#14992,#3177);
#2205=LINE('',#14994,#3178);
#2206=LINE('',#14996,#3179);
#2207=LINE('',#14998,#3180);
#2208=LINE('',#15002,#3181);
#2209=LINE('',#15003,#3182);
#2210=LINE('',#15004,#3183);
#2211=LINE('',#15018,#3184);
#2212=LINE('',#15021,#3185);
#2213=LINE('',#15022,#3186);
#2214=LINE('',#15036,#3187);
#2215=LINE('',#15039,#3188);
#2216=LINE('',#15040,#3189);
#2217=LINE('',#15054,#3190);
#2218=LINE('',#15057,#3191);
#2219=LINE('',#15058,#3192);
#2220=LINE('',#15072,#3193);
#2221=LINE('',#15075,#3194);
#2222=LINE('',#15076,#3195);
#2223=LINE('',#15090,#3196);
#2224=LINE('',#15093,#3197);
#2225=LINE('',#15094,#3198);
#2226=LINE('',#15108,#3199);
#2227=LINE('',#15111,#3200);
#2228=LINE('',#15112,#3201);
#2229=LINE('',#15126,#3202);
#2230=LINE('',#15129,#3203);
#2231=LINE('',#15130,#3204);
#2232=LINE('',#15146,#3205);
#2233=LINE('',#15150,#3206);
#2234=LINE('',#15154,#3207);
#2235=LINE('',#15158,#3208);
#2236=LINE('',#15162,#3209);
#2237=LINE('',#15166,#3210);
#2238=LINE('',#15170,#3211);
#2239=LINE('',#15174,#3212);
#2240=LINE('',#15178,#3213);
#2241=LINE('',#15183,#3214);
#2242=LINE('',#15188,#3215);
#2243=LINE('',#15193,#3216);
#2244=LINE('',#15197,#3217);
#2245=LINE('',#15211,#3218);
#2246=LINE('',#15215,#3219);
#2247=LINE('',#15219,#3220);
#2248=LINE('',#15223,#3221);
#2249=LINE('',#15227,#3222);
#2250=LINE('',#15231,#3223);
#2251=LINE('',#15235,#3224);
#2252=LINE('',#15238,#3225);
#2253=LINE('',#15243,#3226);
#2254=LINE('',#15247,#3227);
#2255=LINE('',#15251,#3228);
#2256=LINE('',#15255,#3229);
#2257=LINE('',#15259,#3230);
#2258=LINE('',#15263,#3231);
#2259=LINE('',#15267,#3232);
#2260=LINE('',#15270,#3233);
#2261=LINE('',#15273,#3234);
#2262=LINE('',#15275,#3235);
#2263=LINE('',#15276,#3236);
#2264=LINE('',#15279,#3237);
#2265=LINE('',#15281,#3238);
#2266=LINE('',#15282,#3239);
#2267=LINE('',#15285,#3240);
#2268=LINE('',#15287,#3241);
#2269=LINE('',#15288,#3242);
#2270=LINE('',#15291,#3243);
#2271=LINE('',#15293,#3244);
#2272=LINE('',#15294,#3245);
#2273=LINE('',#15297,#3246);
#2274=LINE('',#15299,#3247);
#2275=LINE('',#15300,#3248);
#2276=LINE('',#15303,#3249);
#2277=LINE('',#15305,#3250);
#2278=LINE('',#15306,#3251);
#2279=LINE('',#15309,#3252);
#2280=LINE('',#15311,#3253);
#2281=LINE('',#15312,#3254);
#2282=LINE('',#15315,#3255);
#2283=LINE('',#15317,#3256);
#2284=LINE('',#15318,#3257);
#2285=LINE('',#15321,#3258);
#2286=LINE('',#15324,#3259);
#2287=LINE('',#15327,#3260);
#2288=LINE('',#15330,#3261);
#2289=LINE('',#15333,#3262);
#2290=LINE('',#15336,#3263);
#2291=LINE('',#15339,#3264);
#2292=LINE('',#15342,#3265);
#2293=LINE('',#15345,#3266);
#2294=LINE('',#15347,#3267);
#2295=LINE('',#15348,#3268);
#2296=LINE('',#15351,#3269);
#2297=LINE('',#15353,#3270);
#2298=LINE('',#15354,#3271);
#2299=LINE('',#15357,#3272);
#2300=LINE('',#15359,#3273);
#2301=LINE('',#15360,#3274);
#2302=LINE('',#15363,#3275);
#2303=LINE('',#15365,#3276);
#2304=LINE('',#15366,#3277);
#2305=LINE('',#15369,#3278);
#2306=LINE('',#15371,#3279);
#2307=LINE('',#15372,#3280);
#2308=LINE('',#15375,#3281);
#2309=LINE('',#15377,#3282);
#2310=LINE('',#15378,#3283);
#2311=LINE('',#15381,#3284);
#2312=LINE('',#15383,#3285);
#2313=LINE('',#15384,#3286);
#2314=LINE('',#15387,#3287);
#2315=LINE('',#15389,#3288);
#2316=LINE('',#15390,#3289);
#2317=LINE('',#15461,#3290);
#2318=LINE('',#15463,#3291);
#2319=LINE('',#15466,#3292);
#2320=LINE('',#15468,#3293);
#2321=LINE('',#15469,#3294);
#2322=LINE('',#15473,#3295);
#2323=LINE('',#15475,#3296);
#2324=LINE('',#15477,#3297);
#2325=LINE('',#15478,#3298);
#2326=LINE('',#15482,#3299);
#2327=LINE('',#15484,#3300);
#2328=LINE('',#15486,#3301);
#2329=LINE('',#15487,#3302);
#2330=LINE('',#15489,#3303);
#2331=LINE('',#15491,#3304);
#2332=LINE('',#15493,#3305);
#2333=LINE('',#15494,#3306);
#2334=LINE('',#15498,#3307);
#2335=LINE('',#15500,#3308);
#2336=LINE('',#15501,#3309);
#2337=LINE('',#15502,#3310);
#2338=LINE('',#15505,#3311);
#2339=LINE('',#15507,#3312);
#2340=LINE('',#15508,#3313);
#2341=LINE('',#15510,#3314);
#2342=LINE('',#15512,#3315);
#2343=LINE('',#15513,#3316);
#2344=LINE('',#15516,#3317);
#2345=LINE('',#15518,#3318);
#2346=LINE('',#15519,#3319);
#2347=LINE('',#15522,#3320);
#2348=LINE('',#15523,#3321);
#2349=LINE('',#15526,#3322);
#2350=LINE('',#15527,#3323);
#2351=LINE('',#15528,#3324);
#2352=LINE('',#15530,#3325);
#2353=LINE('',#15532,#3326);
#2354=LINE('',#15533,#3327);
#2355=LINE('',#15535,#3328);
#2356=LINE('',#15536,#3329);
#2357=LINE('',#15538,#3330);
#2358=LINE('',#15540,#3331);
#2359=LINE('',#15542,#3332);
#2360=LINE('',#15543,#3333);
#2361=LINE('',#15545,#3334);
#2362=LINE('',#15547,#3335);
#2363=LINE('',#15549,#3336);
#2364=LINE('',#15551,#3337);
#2365=LINE('',#15553,#3338);
#2366=LINE('',#15554,#3339);
#2367=LINE('',#15556,#3340);
#2368=LINE('',#15558,#3341);
#2369=LINE('',#15560,#3342);
#2370=LINE('',#15562,#3343);
#2371=LINE('',#15564,#3344);
#2372=LINE('',#15566,#3345);
#2373=LINE('',#15570,#3346);
#2374=LINE('',#15574,#3347);
#2375=LINE('',#15578,#3348);
#2376=LINE('',#15582,#3349);
#2377=LINE('',#15592,#3350);
#2378=LINE('',#15594,#3351);
#2379=LINE('',#15596,#3352);
#2380=LINE('',#15598,#3353);
#2381=LINE('',#15600,#3354);
#2382=LINE('',#15602,#3355);
#2383=LINE('',#15603,#3356);
#2384=LINE('',#15606,#3357);
#2385=LINE('',#15608,#3358);
#2386=LINE('',#15609,#3359);
#2387=LINE('',#15612,#3360);
#2388=LINE('',#15613,#3361);
#2389=LINE('',#15617,#3362);
#2390=LINE('',#15619,#3363);
#2391=LINE('',#15621,#3364);
#2392=LINE('',#15622,#3365);
#2393=LINE('',#15625,#3366);
#2394=LINE('',#15627,#3367);
#2395=LINE('',#15628,#3368);
#2396=LINE('',#15631,#3369);
#2397=LINE('',#15633,#3370);
#2398=LINE('',#15634,#3371);
#2399=LINE('',#15637,#3372);
#2400=LINE('',#15639,#3373);
#2401=LINE('',#15640,#3374);
#2402=LINE('',#15643,#3375);
#2403=LINE('',#15644,#3376);
#2404=LINE('',#15647,#3377);
#2405=LINE('',#15648,#3378);
#2406=LINE('',#15650,#3379);
#2407=LINE('',#15651,#3380);
#2408=LINE('',#15654,#3381);
#2409=LINE('',#15658,#3382);
#2410=LINE('',#15660,#3383);
#2411=LINE('',#15662,#3384);
#2412=LINE('',#15663,#3385);
#2413=LINE('',#15666,#3386);
#2414=LINE('',#15668,#3387);
#2415=LINE('',#15669,#3388);
#2416=LINE('',#15672,#3389);
#2417=LINE('',#15674,#3390);
#2418=LINE('',#15675,#3391);
#2419=LINE('',#15678,#3392);
#2420=LINE('',#15680,#3393);
#2421=LINE('',#15681,#3394);
#2422=LINE('',#15684,#3395);
#2423=LINE('',#15685,#3396);
#2424=LINE('',#15688,#3397);
#2425=LINE('',#15689,#3398);
#2426=LINE('',#15691,#3399);
#2427=LINE('',#15692,#3400);
#2428=LINE('',#15695,#3401);
#2429=LINE('',#15699,#3402);
#2430=LINE('',#15701,#3403);
#2431=LINE('',#15703,#3404);
#2432=LINE('',#15704,#3405);
#2433=LINE('',#15707,#3406);
#2434=LINE('',#15709,#3407);
#2435=LINE('',#15710,#3408);
#2436=LINE('',#15713,#3409);
#2437=LINE('',#15715,#3410);
#2438=LINE('',#15716,#3411);
#2439=LINE('',#15719,#3412);
#2440=LINE('',#15721,#3413);
#2441=LINE('',#15722,#3414);
#2442=LINE('',#15725,#3415);
#2443=LINE('',#15726,#3416);
#2444=LINE('',#15729,#3417);
#2445=LINE('',#15730,#3418);
#2446=LINE('',#15732,#3419);
#2447=LINE('',#15733,#3420);
#2448=LINE('',#15736,#3421);
#2449=LINE('',#15740,#3422);
#2450=LINE('',#15742,#3423);
#2451=LINE('',#15744,#3424);
#2452=LINE('',#15745,#3425);
#2453=LINE('',#15748,#3426);
#2454=LINE('',#15750,#3427);
#2455=LINE('',#15751,#3428);
#2456=LINE('',#15754,#3429);
#2457=LINE('',#15756,#3430);
#2458=LINE('',#15757,#3431);
#2459=LINE('',#15760,#3432);
#2460=LINE('',#15762,#3433);
#2461=LINE('',#15763,#3434);
#2462=LINE('',#15766,#3435);
#2463=LINE('',#15767,#3436);
#2464=LINE('',#15770,#3437);
#2465=LINE('',#15771,#3438);
#2466=LINE('',#15773,#3439);
#2467=LINE('',#15774,#3440);
#2468=LINE('',#15777,#3441);
#2469=LINE('',#15781,#3442);
#2470=LINE('',#15783,#3443);
#2471=LINE('',#15785,#3444);
#2472=LINE('',#15786,#3445);
#2473=LINE('',#15789,#3446);
#2474=LINE('',#15791,#3447);
#2475=LINE('',#15792,#3448);
#2476=LINE('',#15795,#3449);
#2477=LINE('',#15797,#3450);
#2478=LINE('',#15798,#3451);
#2479=LINE('',#15801,#3452);
#2480=LINE('',#15803,#3453);
#2481=LINE('',#15804,#3454);
#2482=LINE('',#15807,#3455);
#2483=LINE('',#15808,#3456);
#2484=LINE('',#15811,#3457);
#2485=LINE('',#15812,#3458);
#2486=LINE('',#15814,#3459);
#2487=LINE('',#15815,#3460);
#2488=LINE('',#15818,#3461);
#2489=LINE('',#15822,#3462);
#2490=LINE('',#15824,#3463);
#2491=LINE('',#15826,#3464);
#2492=LINE('',#15827,#3465);
#2493=LINE('',#15830,#3466);
#2494=LINE('',#15832,#3467);
#2495=LINE('',#15833,#3468);
#2496=LINE('',#15836,#3469);
#2497=LINE('',#15838,#3470);
#2498=LINE('',#15839,#3471);
#2499=LINE('',#15842,#3472);
#2500=LINE('',#15844,#3473);
#2501=LINE('',#15845,#3474);
#2502=LINE('',#15848,#3475);
#2503=LINE('',#15849,#3476);
#2504=LINE('',#15852,#3477);
#2505=LINE('',#15853,#3478);
#2506=LINE('',#15855,#3479);
#2507=LINE('',#15856,#3480);
#2508=LINE('',#15859,#3481);
#2509=LINE('',#15863,#3482);
#2510=LINE('',#15864,#3483);
#2511=LINE('',#15865,#3484);
#2512=LINE('',#15869,#3485);
#2513=LINE('',#15870,#3486);
#2514=LINE('',#15871,#3487);
#2515=LINE('',#15874,#3488);
#2516=LINE('',#15876,#3489);
#2517=LINE('',#15877,#3490);
#2518=LINE('',#15881,#3491);
#2519=LINE('',#15882,#3492);
#2520=LINE('',#15883,#3493);
#2521=LINE('',#15887,#3494);
#2522=LINE('',#15888,#3495);
#2523=LINE('',#15889,#3496);
#2524=LINE('',#15893,#3497);
#2525=LINE('',#15894,#3498);
#2526=LINE('',#15895,#3499);
#2527=LINE('',#15898,#3500);
#2528=LINE('',#15900,#3501);
#2529=LINE('',#15902,#3502);
#2530=LINE('',#15903,#3503);
#2531=LINE('',#15905,#3504);
#2532=LINE('',#15906,#3505);
#2533=LINE('',#15908,#3506);
#2534=LINE('',#15910,#3507);
#2535=LINE('',#15912,#3508);
#2536=LINE('',#15914,#3509);
#2537=LINE('',#15916,#3510);
#2538=LINE('',#15917,#3511);
#2539=LINE('',#15921,#3512);
#2540=LINE('',#15923,#3513);
#2541=LINE('',#15925,#3514);
#2542=LINE('',#15926,#3515);
#2543=LINE('',#15930,#3516);
#2544=LINE('',#15932,#3517);
#2545=LINE('',#15934,#3518);
#2546=LINE('',#15935,#3519);
#2547=LINE('',#15937,#3520);
#2548=LINE('',#15938,#3521);
#2549=LINE('',#15941,#3522);
#2550=LINE('',#15943,#3523);
#2551=LINE('',#15944,#3524);
#2552=LINE('',#15947,#3525);
#2553=LINE('',#15949,#3526);
#2554=LINE('',#15950,#3527);
#2555=LINE('',#15952,#3528);
#2556=LINE('',#15954,#3529);
#2557=LINE('',#15955,#3530);
#2558=LINE('',#15958,#3531);
#2559=LINE('',#15960,#3532);
#2560=LINE('',#15961,#3533);
#2561=LINE('',#15964,#3534);
#2562=LINE('',#15966,#3535);
#2563=LINE('',#15967,#3536);
#2564=LINE('',#15969,#3537);
#2565=LINE('',#15971,#3538);
#2566=LINE('',#15972,#3539);
#2567=LINE('',#15974,#3540);
#2568=LINE('',#15975,#3541);
#2569=LINE('',#15978,#3542);
#2570=LINE('',#15979,#3543);
#2571=LINE('',#15982,#3544);
#2572=LINE('',#15983,#3545);
#2573=LINE('',#15985,#3546);
#2574=LINE('',#15988,#3547);
#2575=LINE('',#15991,#3548);
#2576=LINE('',#15992,#3549);
#2577=LINE('',#15994,#3550);
#2578=LINE('',#15995,#3551);
#2579=LINE('',#15998,#3552);
#2580=LINE('',#15999,#3553);
#2581=LINE('',#16002,#3554);
#2582=LINE('',#16003,#3555);
#2583=LINE('',#16005,#3556);
#2584=LINE('',#16066,#3557);
#2585=LINE('',#16067,#3558);
#2586=LINE('',#16070,#3559);
#2587=LINE('',#16071,#3560);
#2588=LINE('',#16074,#3561);
#2589=LINE('',#16075,#3562);
#2590=LINE('',#16078,#3563);
#2591=LINE('',#16079,#3564);
#2592=LINE('',#16082,#3565);
#2593=LINE('',#16084,#3566);
#2594=LINE('',#16085,#3567);
#2595=LINE('',#16088,#3568);
#2596=LINE('',#16090,#3569);
#2597=LINE('',#16091,#3570);
#2598=LINE('',#16094,#3571);
#2599=LINE('',#16096,#3572);
#2600=LINE('',#16097,#3573);
#2601=LINE('',#16099,#3574);
#2602=LINE('',#16102,#3575);
#2603=LINE('',#16104,#3576);
#2604=LINE('',#16105,#3577);
#2605=LINE('',#16107,#3578);
#2606=LINE('',#16110,#3579);
#2607=LINE('',#16112,#3580);
#2608=LINE('',#16113,#3581);
#2609=LINE('',#16115,#3582);
#2610=LINE('',#16117,#3583);
#2611=LINE('',#16118,#3584);
#2612=LINE('',#16120,#3585);
#2613=LINE('',#16121,#3586);
#2614=LINE('',#16125,#3587);
#2615=LINE('',#16127,#3588);
#2616=LINE('',#16188,#3589);
#2617=LINE('',#16189,#3590);
#2618=LINE('',#16192,#3591);
#2619=LINE('',#16193,#3592);
#2620=LINE('',#16196,#3593);
#2621=LINE('',#16197,#3594);
#2622=LINE('',#16200,#3595);
#2623=LINE('',#16201,#3596);
#2624=LINE('',#16204,#3597);
#2625=LINE('',#16206,#3598);
#2626=LINE('',#16207,#3599);
#2627=LINE('',#16210,#3600);
#2628=LINE('',#16212,#3601);
#2629=LINE('',#16213,#3602);
#2630=LINE('',#16216,#3603);
#2631=LINE('',#16218,#3604);
#2632=LINE('',#16219,#3605);
#2633=LINE('',#16221,#3606);
#2634=LINE('',#16224,#3607);
#2635=LINE('',#16226,#3608);
#2636=LINE('',#16227,#3609);
#2637=LINE('',#16229,#3610);
#2638=LINE('',#16232,#3611);
#2639=LINE('',#16234,#3612);
#2640=LINE('',#16235,#3613);
#2641=LINE('',#16237,#3614);
#2642=LINE('',#16239,#3615);
#2643=LINE('',#16240,#3616);
#2644=LINE('',#16242,#3617);
#2645=LINE('',#16243,#3618);
#2646=LINE('',#16247,#3619);
#2647=LINE('',#16249,#3620);
#2648=LINE('',#16310,#3621);
#2649=LINE('',#16311,#3622);
#2650=LINE('',#16314,#3623);
#2651=LINE('',#16315,#3624);
#2652=LINE('',#16318,#3625);
#2653=LINE('',#16319,#3626);
#2654=LINE('',#16322,#3627);
#2655=LINE('',#16323,#3628);
#2656=LINE('',#16326,#3629);
#2657=LINE('',#16328,#3630);
#2658=LINE('',#16329,#3631);
#2659=LINE('',#16332,#3632);
#2660=LINE('',#16334,#3633);
#2661=LINE('',#16335,#3634);
#2662=LINE('',#16338,#3635);
#2663=LINE('',#16340,#3636);
#2664=LINE('',#16341,#3637);
#2665=LINE('',#16343,#3638);
#2666=LINE('',#16346,#3639);
#2667=LINE('',#16348,#3640);
#2668=LINE('',#16349,#3641);
#2669=LINE('',#16351,#3642);
#2670=LINE('',#16354,#3643);
#2671=LINE('',#16356,#3644);
#2672=LINE('',#16357,#3645);
#2673=LINE('',#16359,#3646);
#2674=LINE('',#16361,#3647);
#2675=LINE('',#16362,#3648);
#2676=LINE('',#16364,#3649);
#2677=LINE('',#16365,#3650);
#2678=LINE('',#16369,#3651);
#2679=LINE('',#16371,#3652);
#2680=LINE('',#16376,#3653);
#2681=LINE('',#16378,#3654);
#2682=LINE('',#16380,#3655);
#2683=LINE('',#16381,#3656);
#2684=LINE('',#16394,#3657);
#2685=LINE('',#16398,#3658);
#2686=VECTOR('',#10217,10.);
#2687=VECTOR('',#10218,10.);
#2688=VECTOR('',#10219,10.);
#2689=VECTOR('',#10220,10.);
#2690=VECTOR('',#10223,10.);
#2691=VECTOR('',#10224,10.);
#2692=VECTOR('',#10225,10.);
#2693=VECTOR('',#10228,10.);
#2694=VECTOR('',#10229,10.);
#2695=VECTOR('',#10230,10.);
#2696=VECTOR('',#10233,10.);
#2697=VECTOR('',#10234,10.);
#2698=VECTOR('',#10241,10.);
#2699=VECTOR('',#10242,10.);
#2700=VECTOR('',#10243,10.);
#2701=VECTOR('',#10244,10.);
#2702=VECTOR('',#10247,10.);
#2703=VECTOR('',#10248,10.);
#2704=VECTOR('',#10249,10.);
#2705=VECTOR('',#10250,10.);
#2706=VECTOR('',#10253,10.);
#2707=VECTOR('',#10254,10.);
#2708=VECTOR('',#10257,10.);
#2709=VECTOR('',#10260,10.);
#2710=VECTOR('',#10265,10.);
#2711=VECTOR('',#10266,10.);
#2712=VECTOR('',#10267,10.);
#2713=VECTOR('',#10268,10.);
#2714=VECTOR('',#10271,10.);
#2715=VECTOR('',#10272,10.);
#2716=VECTOR('',#10273,10.);
#2717=VECTOR('',#10276,10.);
#2718=VECTOR('',#10277,10.);
#2719=VECTOR('',#10278,10.);
#2720=VECTOR('',#10281,10.);
#2721=VECTOR('',#10282,10.);
#2722=VECTOR('',#10289,10.);
#2723=VECTOR('',#10290,10.);
#2724=VECTOR('',#10291,10.);
#2725=VECTOR('',#10292,10.);
#2726=VECTOR('',#10295,10.);
#2727=VECTOR('',#10296,10.);
#2728=VECTOR('',#10297,10.);
#2729=VECTOR('',#10298,10.);
#2730=VECTOR('',#10301,10.);
#2731=VECTOR('',#10302,10.);
#2732=VECTOR('',#10305,10.);
#2733=VECTOR('',#10308,10.);
#2734=VECTOR('',#10313,10.);
#2735=VECTOR('',#10314,10.);
#2736=VECTOR('',#10315,10.);
#2737=VECTOR('',#10316,10.);
#2738=VECTOR('',#10319,10.);
#2739=VECTOR('',#10320,10.);
#2740=VECTOR('',#10321,10.);
#2741=VECTOR('',#10324,10.);
#2742=VECTOR('',#10325,10.);
#2743=VECTOR('',#10326,10.);
#2744=VECTOR('',#10329,10.);
#2745=VECTOR('',#10330,10.);
#2746=VECTOR('',#10337,10.);
#2747=VECTOR('',#10338,10.);
#2748=VECTOR('',#10339,10.);
#2749=VECTOR('',#10340,10.);
#2750=VECTOR('',#10343,10.);
#2751=VECTOR('',#10344,10.);
#2752=VECTOR('',#10345,10.);
#2753=VECTOR('',#10346,10.);
#2754=VECTOR('',#10349,10.);
#2755=VECTOR('',#10350,10.);
#2756=VECTOR('',#10353,10.);
#2757=VECTOR('',#10356,10.);
#2758=VECTOR('',#10369,10.);
#2759=VECTOR('',#10370,10.);
#2760=VECTOR('',#10371,10.);
#2761=VECTOR('',#10372,10.);
#2762=VECTOR('',#10373,10.);
#2763=VECTOR('',#10374,10.);
#2764=VECTOR('',#10375,10.);
#2765=VECTOR('',#10376,10.);
#2766=VECTOR('',#10377,10.);
#2767=VECTOR('',#10378,10.);
#2768=VECTOR('',#10379,10.);
#2769=VECTOR('',#10380,10.);
#2770=VECTOR('',#10383,10.);
#2771=VECTOR('',#10384,10.);
#2772=VECTOR('',#10385,10.);
#2773=VECTOR('',#10388,10.);
#2774=VECTOR('',#10389,10.);
#2775=VECTOR('',#10392,10.);
#2776=VECTOR('',#10393,10.);
#2777=VECTOR('',#10396,10.);
#2778=VECTOR('',#10397,10.);
#2779=VECTOR('',#10400,10.);
#2780=VECTOR('',#10401,10.);
#2781=VECTOR('',#10404,10.);
#2782=VECTOR('',#10405,10.);
#2783=VECTOR('',#10408,10.);
#2784=VECTOR('',#10409,10.);
#2785=VECTOR('',#10412,10.);
#2786=VECTOR('',#10413,10.);
#2787=VECTOR('',#10416,10.);
#2788=VECTOR('',#10417,10.);
#2789=VECTOR('',#10420,10.);
#2790=VECTOR('',#10421,10.);
#2791=VECTOR('',#10424,10.);
#2792=VECTOR('',#10425,10.);
#2793=VECTOR('',#10428,10.);
#2794=VECTOR('',#10435,10.);
#2795=VECTOR('',#10438,10.);
#2796=VECTOR('',#10449,10.);
#2797=VECTOR('',#10450,10.);
#2798=VECTOR('',#10451,10.);
#2799=VECTOR('',#10452,10.);
#2800=VECTOR('',#10453,10.);
#2801=VECTOR('',#10454,10.);
#2802=VECTOR('',#10455,10.);
#2803=VECTOR('',#10456,10.);
#2804=VECTOR('',#10457,10.);
#2805=VECTOR('',#10458,10.);
#2806=VECTOR('',#10459,10.);
#2807=VECTOR('',#10460,10.);
#2808=VECTOR('',#10463,10.);
#2809=VECTOR('',#10464,10.);
#2810=VECTOR('',#10465,10.);
#2811=VECTOR('',#10468,10.);
#2812=VECTOR('',#10469,10.);
#2813=VECTOR('',#10472,10.);
#2814=VECTOR('',#10473,10.);
#2815=VECTOR('',#10476,10.);
#2816=VECTOR('',#10477,10.);
#2817=VECTOR('',#10480,10.);
#2818=VECTOR('',#10481,10.);
#2819=VECTOR('',#10484,10.);
#2820=VECTOR('',#10485,10.);
#2821=VECTOR('',#10488,10.);
#2822=VECTOR('',#10489,10.);
#2823=VECTOR('',#10492,10.);
#2824=VECTOR('',#10493,10.);
#2825=VECTOR('',#10496,10.);
#2826=VECTOR('',#10497,10.);
#2827=VECTOR('',#10500,10.);
#2828=VECTOR('',#10501,10.);
#2829=VECTOR('',#10504,10.);
#2830=VECTOR('',#10505,10.);
#2831=VECTOR('',#10508,10.);
#2832=VECTOR('',#10515,10.);
#2833=VECTOR('',#10520,10.);
#2834=VECTOR('',#10531,10.);
#2835=VECTOR('',#10532,10.);
#2836=VECTOR('',#10533,10.);
#2837=VECTOR('',#10534,10.);
#2838=VECTOR('',#10535,10.);
#2839=VECTOR('',#10536,10.);
#2840=VECTOR('',#10537,10.);
#2841=VECTOR('',#10538,10.);
#2842=VECTOR('',#10539,10.);
#2843=VECTOR('',#10540,10.);
#2844=VECTOR('',#10541,10.);
#2845=VECTOR('',#10542,10.);
#2846=VECTOR('',#10545,10.);
#2847=VECTOR('',#10546,10.);
#2848=VECTOR('',#10547,10.);
#2849=VECTOR('',#10550,10.);
#2850=VECTOR('',#10551,10.);
#2851=VECTOR('',#10554,10.);
#2852=VECTOR('',#10555,10.);
#2853=VECTOR('',#10558,10.);
#2854=VECTOR('',#10559,10.);
#2855=VECTOR('',#10562,10.);
#2856=VECTOR('',#10563,10.);
#2857=VECTOR('',#10566,10.);
#2858=VECTOR('',#10567,10.);
#2859=VECTOR('',#10570,10.);
#2860=VECTOR('',#10571,10.);
#2861=VECTOR('',#10574,10.);
#2862=VECTOR('',#10575,10.);
#2863=VECTOR('',#10578,10.);
#2864=VECTOR('',#10579,10.);
#2865=VECTOR('',#10582,10.);
#2866=VECTOR('',#10583,10.);
#2867=VECTOR('',#10586,10.);
#2868=VECTOR('',#10587,10.);
#2869=VECTOR('',#10590,10.);
#2870=VECTOR('',#10597,10.);
#2871=VECTOR('',#10600,10.);
#2872=VECTOR('',#10611,10.);
#2873=VECTOR('',#10612,10.);
#2874=VECTOR('',#10613,10.);
#2875=VECTOR('',#10614,10.);
#2876=VECTOR('',#10615,10.);
#2877=VECTOR('',#10616,10.);
#2878=VECTOR('',#10617,10.);
#2879=VECTOR('',#10618,10.);
#2880=VECTOR('',#10619,10.);
#2881=VECTOR('',#10620,10.);
#2882=VECTOR('',#10621,10.);
#2883=VECTOR('',#10622,10.);
#2884=VECTOR('',#10625,10.);
#2885=VECTOR('',#10626,10.);
#2886=VECTOR('',#10627,10.);
#2887=VECTOR('',#10630,10.);
#2888=VECTOR('',#10631,10.);
#2889=VECTOR('',#10634,10.);
#2890=VECTOR('',#10635,10.);
#2891=VECTOR('',#10638,10.);
#2892=VECTOR('',#10639,10.);
#2893=VECTOR('',#10642,10.);
#2894=VECTOR('',#10643,10.);
#2895=VECTOR('',#10646,10.);
#2896=VECTOR('',#10647,10.);
#2897=VECTOR('',#10650,10.);
#2898=VECTOR('',#10651,10.);
#2899=VECTOR('',#10654,10.);
#2900=VECTOR('',#10655,10.);
#2901=VECTOR('',#10658,10.);
#2902=VECTOR('',#10659,10.);
#2903=VECTOR('',#10662,10.);
#2904=VECTOR('',#10663,10.);
#2905=VECTOR('',#10666,10.);
#2906=VECTOR('',#10667,10.);
#2907=VECTOR('',#10670,10.);
#2908=VECTOR('',#10677,10.);
#2909=VECTOR('',#10680,10.);
#2910=VECTOR('',#10715,1000.);
#2911=VECTOR('',#10716,1000.);
#2912=VECTOR('',#10719,1000.);
#2913=VECTOR('',#10720,1000.);
#2914=VECTOR('',#10723,1000.);
#2915=VECTOR('',#10724,1000.);
#2916=VECTOR('',#10727,1000.);
#2917=VECTOR('',#10728,1000.);
#2918=VECTOR('',#10731,1000.);
#2919=VECTOR('',#10732,1000.);
#2920=VECTOR('',#10733,1000.);
#2921=VECTOR('',#10736,1000.);
#2922=VECTOR('',#10737,1000.);
#2923=VECTOR('',#10738,1000.);
#2924=VECTOR('',#10741,1000.);
#2925=VECTOR('',#10742,1000.);
#2926=VECTOR('',#10743,1000.);
#2927=VECTOR('',#10746,1000.);
#2928=VECTOR('',#10749,1000.);
#2929=VECTOR('',#10750,1000.);
#2930=VECTOR('',#10751,1000.);
#2931=VECTOR('',#10754,1000.);
#2932=VECTOR('',#10757,1000.);
#2933=VECTOR('',#10758,1000.);
#2934=VECTOR('',#10759,1000.);
#2935=VECTOR('',#10760,1000.);
#2936=VECTOR('',#10761,1000.);
#2937=VECTOR('',#10762,1000.);
#2938=VECTOR('',#10765,1000.);
#2939=VECTOR('',#10766,1000.);
#2940=VECTOR('',#10773,1000.);
#2941=VECTOR('',#10776,1000.);
#2942=VECTOR('',#10781,3.175);
#2943=VECTOR('',#10788,3.175);
#2944=VECTOR('',#10793,10.);
#2945=VECTOR('',#10794,10.);
#2946=VECTOR('',#10795,10.);
#2947=VECTOR('',#10796,10.);
#2948=VECTOR('',#10797,10.);
#2949=VECTOR('',#10798,10.);
#2950=VECTOR('',#10799,10.);
#2951=VECTOR('',#10800,10.);
#2952=VECTOR('',#10801,10.);
#2953=VECTOR('',#10802,10.);
#2954=VECTOR('',#10803,10.);
#2955=VECTOR('',#10804,10.);
#2956=VECTOR('',#10807,10.);
#2957=VECTOR('',#10808,10.);
#2958=VECTOR('',#10809,10.);
#2959=VECTOR('',#10810,10.);
#2960=VECTOR('',#10811,10.);
#2961=VECTOR('',#10812,10.);
#2962=VECTOR('',#10813,10.);
#2963=VECTOR('',#10814,10.);
#2964=VECTOR('',#10819,3.175);
#2965=VECTOR('',#10828,3.175);
#2966=VECTOR('',#10833,10.);
#2967=VECTOR('',#10836,10.);
#2968=VECTOR('',#10837,10.);
#2969=VECTOR('',#10838,10.);
#2970=VECTOR('',#10839,10.);
#2971=VECTOR('',#10842,10.);
#2972=VECTOR('',#10845,10.);
#2973=VECTOR('',#10848,10.);
#2974=VECTOR('',#10849,10.);
#2975=VECTOR('',#10850,10.);
#2976=VECTOR('',#10851,10.);
#2977=VECTOR('',#10852,10.);
#2978=VECTOR('',#10855,10.);
#2979=VECTOR('',#10856,10.);
#2980=VECTOR('',#10857,10.);
#2981=VECTOR('',#10858,10.);
#2982=VECTOR('',#10861,10.);
#2983=VECTOR('',#10864,10.);
#2984=VECTOR('',#10867,10.);
#2985=VECTOR('',#10868,10.);
#2986=VECTOR('',#10879,10.);
#2987=VECTOR('',#10890,10.);
#2988=VECTOR('',#10891,10.);
#2989=VECTOR('',#10894,10.);
#2990=VECTOR('',#10895,10.);
#2991=VECTOR('',#10900,10.);
#2992=VECTOR('',#10901,10.);
#2993=VECTOR('',#10906,1000.);
#2994=VECTOR('',#10909,10.);
#2995=VECTOR('',#10912,1000.);
#2996=VECTOR('',#10915,10.);
#2997=VECTOR('',#10918,1000.);
#2998=VECTOR('',#10921,10.);
#2999=VECTOR('',#10924,10.);
#3000=VECTOR('',#10927,10.);
#3001=VECTOR('',#10948,10.);
#3002=VECTOR('',#10949,10.);
#3003=VECTOR('',#10952,10.);
#3004=VECTOR('',#10953,10.);
#3005=VECTOR('',#10954,10.);
#3006=VECTOR('',#10967,10.);
#3007=VECTOR('',#10970,10.);
#3008=VECTOR('',#10971,10.);
#3009=VECTOR('',#10972,10.);
#3010=VECTOR('',#10987,10.);
#3011=VECTOR('',#10988,10.);
#3012=VECTOR('',#10991,1000.);
#3013=VECTOR('',#10992,10.);
#3014=VECTOR('',#10993,10.);
#3015=VECTOR('',#11014,10.);
#3016=VECTOR('',#11015,10.);
#3017=VECTOR('',#11018,1000.);
#3018=VECTOR('',#11019,10.);
#3019=VECTOR('',#11020,10.);
#3020=VECTOR('',#11033,10.);
#3021=VECTOR('',#11036,10.);
#3022=VECTOR('',#11037,10.);
#3023=VECTOR('',#11048,10.);
#3024=VECTOR('',#11051,1000.);
#3025=VECTOR('',#11052,10.);
#3026=VECTOR('',#11053,10.);
#3027=VECTOR('',#11066,10.);
#3028=VECTOR('',#11069,10.);
#3029=VECTOR('',#11070,10.);
#3030=VECTOR('',#11075,10.);
#3031=VECTOR('',#11076,10.);
#3032=VECTOR('',#11077,10.);
#3033=VECTOR('',#11080,10.);
#3034=VECTOR('',#11081,10.);
#3035=VECTOR('',#11082,10.);
#3036=VECTOR('',#11083,10.);
#3037=VECTOR('',#11086,10.);
#3038=VECTOR('',#11087,10.);
#3039=VECTOR('',#11088,10.);
#3040=VECTOR('',#11091,10.);
#3041=VECTOR('',#11094,10.);
#3042=VECTOR('',#11103,5.417);
#3043=VECTOR('',#11110,5.16699999999999);
#3044=VECTOR('',#11113,3.175);
#3045=VECTOR('',#11116,3.175);
#3046=VECTOR('',#11119,3.175);
#3047=VECTOR('',#11122,3.175);
#3048=VECTOR('',#11125,10.);
#3049=VECTOR('',#11126,10.);
#3050=VECTOR('',#11129,10.);
#3051=VECTOR('',#11132,10.);
#3052=VECTOR('',#11135,10.);
#3053=VECTOR('',#11138,10.);
#3054=VECTOR('',#11141,10.);
#3055=VECTOR('',#11144,10.);
#3056=VECTOR('',#11147,10.);
#3057=VECTOR('',#11156,10.);
#3058=VECTOR('',#11157,10.);
#3059=VECTOR('',#11160,10.);
#3060=VECTOR('',#11161,10.);
#3061=VECTOR('',#11162,10.);
#3062=VECTOR('',#11191,9.7);
#3063=VECTOR('',#11198,9.8);
#3064=VECTOR('',#11209,10.);
#3065=VECTOR('',#11210,10.);
#3066=VECTOR('',#11211,10.);
#3067=VECTOR('',#11214,10.);
#3068=VECTOR('',#11215,10.);
#3069=VECTOR('',#11216,10.);
#3070=VECTOR('',#11225,10.);
#3071=VECTOR('',#11226,10.);
#3072=VECTOR('',#11227,10.);
#3073=VECTOR('',#11230,10.);
#3074=VECTOR('',#11231,10.);
#3075=VECTOR('',#11232,10.);
#3076=VECTOR('',#11241,10.);
#3077=VECTOR('',#11242,10.);
#3078=VECTOR('',#11243,10.);
#3079=VECTOR('',#11246,10.);
#3080=VECTOR('',#11247,10.);
#3081=VECTOR('',#11248,10.);
#3082=VECTOR('',#11257,10.);
#3083=VECTOR('',#11258,10.);
#3084=VECTOR('',#11259,10.);
#3085=VECTOR('',#11262,10.);
#3086=VECTOR('',#11263,10.);
#3087=VECTOR('',#11264,10.);
#3088=VECTOR('',#11305,18.);
#3089=VECTOR('',#11336,2.4);
#3090=VECTOR('',#11341,3.3);
#3091=VECTOR('',#11344,10.);
#3092=VECTOR('',#11345,10.);
#3093=VECTOR('',#11346,10.);
#3094=VECTOR('',#11347,10.);
#3095=VECTOR('',#11350,10.);
#3096=VECTOR('',#11351,10.);
#3097=VECTOR('',#11352,10.);
#3098=VECTOR('',#11355,10.);
#3099=VECTOR('',#11356,10.);
#3100=VECTOR('',#11357,10.);
#3101=VECTOR('',#11360,10.);
#3102=VECTOR('',#11361,10.);
#3103=VECTOR('',#11362,10.);
#3104=VECTOR('',#11365,10.);
#3105=VECTOR('',#11366,10.);
#3106=VECTOR('',#11367,10.);
#3107=VECTOR('',#11370,10.);
#3108=VECTOR('',#11371,10.);
#3109=VECTOR('',#11378,10.);
#3110=VECTOR('',#11379,10.);
#3111=VECTOR('',#11380,10.);
#3112=VECTOR('',#11381,10.);
#3113=VECTOR('',#11384,10.);
#3114=VECTOR('',#11385,10.);
#3115=VECTOR('',#11386,10.);
#3116=VECTOR('',#11389,10.);
#3117=VECTOR('',#11390,10.);
#3118=VECTOR('',#11391,10.);
#3119=VECTOR('',#11394,10.);
#3120=VECTOR('',#11395,10.);
#3121=VECTOR('',#11396,10.);
#3122=VECTOR('',#11399,10.);
#3123=VECTOR('',#11400,10.);
#3124=VECTOR('',#11401,10.);
#3125=VECTOR('',#11404,10.);
#3126=VECTOR('',#11405,10.);
#3127=VECTOR('',#11412,10.);
#3128=VECTOR('',#11413,10.);
#3129=VECTOR('',#11414,10.);
#3130=VECTOR('',#11415,10.);
#3131=VECTOR('',#11418,10.);
#3132=VECTOR('',#11419,10.);
#3133=VECTOR('',#11420,10.);
#3134=VECTOR('',#11423,10.);
#3135=VECTOR('',#11424,10.);
#3136=VECTOR('',#11425,10.);
#3137=VECTOR('',#11428,10.);
#3138=VECTOR('',#11429,10.);
#3139=VECTOR('',#11430,10.);
#3140=VECTOR('',#11433,10.);
#3141=VECTOR('',#11434,10.);
#3142=VECTOR('',#11435,10.);
#3143=VECTOR('',#11438,10.);
#3144=VECTOR('',#11439,10.);
#3145=VECTOR('',#11446,10.);
#3146=VECTOR('',#11447,10.);
#3147=VECTOR('',#11448,10.);
#3148=VECTOR('',#11449,10.);
#3149=VECTOR('',#11452,10.);
#3150=VECTOR('',#11453,10.);
#3151=VECTOR('',#11454,10.);
#3152=VECTOR('',#11457,10.);
#3153=VECTOR('',#11458,10.);
#3154=VECTOR('',#11459,10.);
#3155=VECTOR('',#11462,10.);
#3156=VECTOR('',#11463,10.);
#3157=VECTOR('',#11464,10.);
#3158=VECTOR('',#11467,10.);
#3159=VECTOR('',#11468,10.);
#3160=VECTOR('',#11469,10.);
#3161=VECTOR('',#11472,10.);
#3162=VECTOR('',#11473,10.);
#3163=VECTOR('',#11482,2.4);
#3164=VECTOR('',#11487,3.3);
#3165=VECTOR('',#11492,2.4);
#3166=VECTOR('',#11497,3.3);
#3167=VECTOR('',#11502,2.4);
#3168=VECTOR('',#11507,3.3);
#3169=VECTOR('',#11542,10.);
#3170=VECTOR('',#11543,10.);
#3171=VECTOR('',#11544,10.);
#3172=VECTOR('',#11545,10.);
#3173=VECTOR('',#11546,10.);
#3174=VECTOR('',#11547,10.);
#3175=VECTOR('',#11548,10.);
#3176=VECTOR('',#11549,10.);
#3177=VECTOR('',#11552,0.249999999999999);
#3178=VECTOR('',#11555,0.249999999999999);
#3179=VECTOR('',#11558,0.249999999999999);
#3180=VECTOR('',#11561,0.249999999999999);
#3181=VECTOR('',#11564,10.);
#3182=VECTOR('',#11565,10.);
#3183=VECTOR('',#11566,10.);
#3184=VECTOR('',#11567,10.);
#3185=VECTOR('',#11570,10.);
#3186=VECTOR('',#11571,10.);
#3187=VECTOR('',#11572,10.);
#3188=VECTOR('',#11575,10.);
#3189=VECTOR('',#11576,10.);
#3190=VECTOR('',#11577,10.);
#3191=VECTOR('',#11580,10.);
#3192=VECTOR('',#11581,10.);
#3193=VECTOR('',#11582,10.);
#3194=VECTOR('',#11585,10.);
#3195=VECTOR('',#11586,10.);
#3196=VECTOR('',#11587,10.);
#3197=VECTOR('',#11590,10.);
#3198=VECTOR('',#11591,10.);
#3199=VECTOR('',#11592,10.);
#3200=VECTOR('',#11595,10.);
#3201=VECTOR('',#11596,10.);
#3202=VECTOR('',#11597,10.);
#3203=VECTOR('',#11600,10.);
#3204=VECTOR('',#11601,10.);
#3205=VECTOR('',#11604,10.);
#3206=VECTOR('',#11607,10.);
#3207=VECTOR('',#11610,10.);
#3208=VECTOR('',#11613,10.);
#3209=VECTOR('',#11616,10.);
#3210=VECTOR('',#11619,10.);
#3211=VECTOR('',#11622,10.);
#3212=VECTOR('',#11625,10.);
#3213=VECTOR('',#11630,1.5);
#3214=VECTOR('',#11637,1.5);
#3215=VECTOR('',#11644,1.5);
#3216=VECTOR('',#11651,1.5);
#3217=VECTOR('',#11658,11.);
#3218=VECTOR('',#11673,10.);
#3219=VECTOR('',#11676,10.);
#3220=VECTOR('',#11679,10.);
#3221=VECTOR('',#11682,10.);
#3222=VECTOR('',#11685,10.);
#3223=VECTOR('',#11688,10.);
#3224=VECTOR('',#11691,10.);
#3225=VECTOR('',#11694,10.);
#3226=VECTOR('',#11697,10.);
#3227=VECTOR('',#11700,10.);
#3228=VECTOR('',#11703,10.);
#3229=VECTOR('',#11706,10.);
#3230=VECTOR('',#11709,10.);
#3231=VECTOR('',#11712,10.);
#3232=VECTOR('',#11715,10.);
#3233=VECTOR('',#11718,10.);
#3234=VECTOR('',#11721,10.);
#3235=VECTOR('',#11722,10.);
#3236=VECTOR('',#11723,10.);
#3237=VECTOR('',#11726,10.);
#3238=VECTOR('',#11727,10.);
#3239=VECTOR('',#11728,10.);
#3240=VECTOR('',#11731,10.);
#3241=VECTOR('',#11732,10.);
#3242=VECTOR('',#11733,10.);
#3243=VECTOR('',#11736,10.);
#3244=VECTOR('',#11737,10.);
#3245=VECTOR('',#11738,10.);
#3246=VECTOR('',#11741,10.);
#3247=VECTOR('',#11742,10.);
#3248=VECTOR('',#11743,10.);
#3249=VECTOR('',#11746,10.);
#3250=VECTOR('',#11747,10.);
#3251=VECTOR('',#11748,10.);
#3252=VECTOR('',#11751,10.);
#3253=VECTOR('',#11752,10.);
#3254=VECTOR('',#11753,10.);
#3255=VECTOR('',#11756,10.);
#3256=VECTOR('',#11757,10.);
#3257=VECTOR('',#11758,10.);
#3258=VECTOR('',#11761,1.505);
#3259=VECTOR('',#11766,1.655);
#3260=VECTOR('',#11769,1.505);
#3261=VECTOR('',#11774,1.655);
#3262=VECTOR('',#11777,1.505);
#3263=VECTOR('',#11782,1.655);
#3264=VECTOR('',#11785,1.505);
#3265=VECTOR('',#11790,1.655);
#3266=VECTOR('',#11793,10.);
#3267=VECTOR('',#11794,10.);
#3268=VECTOR('',#11795,10.);
#3269=VECTOR('',#11798,10.);
#3270=VECTOR('',#11799,10.);
#3271=VECTOR('',#11800,10.);
#3272=VECTOR('',#11803,10.);
#3273=VECTOR('',#11804,10.);
#3274=VECTOR('',#11805,10.);
#3275=VECTOR('',#11808,10.);
#3276=VECTOR('',#11809,10.);
#3277=VECTOR('',#11810,10.);
#3278=VECTOR('',#11813,10.);
#3279=VECTOR('',#11814,10.);
#3280=VECTOR('',#11815,10.);
#3281=VECTOR('',#11818,10.);
#3282=VECTOR('',#11819,10.);
#3283=VECTOR('',#11820,10.);
#3284=VECTOR('',#11823,10.);
#3285=VECTOR('',#11824,10.);
#3286=VECTOR('',#11825,10.);
#3287=VECTOR('',#11828,10.);
#3288=VECTOR('',#11829,10.);
#3289=VECTOR('',#11830,10.);
#3290=VECTOR('',#11967,3.);
#3291=VECTOR('',#11970,5.);
#3292=VECTOR('',#11973,10.);
#3293=VECTOR('',#11974,10.);
#3294=VECTOR('',#11975,10.);
#3295=VECTOR('',#11978,10.);
#3296=VECTOR('',#11979,10.);
#3297=VECTOR('',#11980,10.);
#3298=VECTOR('',#11981,10.);
#3299=VECTOR('',#11984,10.);
#3300=VECTOR('',#11985,10.);
#3301=VECTOR('',#11986,10.);
#3302=VECTOR('',#11987,10.);
#3303=VECTOR('',#11990,10.);
#3304=VECTOR('',#11991,10.);
#3305=VECTOR('',#11992,10.);
#3306=VECTOR('',#11993,10.);
#3307=VECTOR('',#11996,10.);
#3308=VECTOR('',#11997,10.);
#3309=VECTOR('',#11998,10.);
#3310=VECTOR('',#11999,10.);
#3311=VECTOR('',#12002,10.);
#3312=VECTOR('',#12003,10.);
#3313=VECTOR('',#12004,10.);
#3314=VECTOR('',#12007,10.);
#3315=VECTOR('',#12010,10.);
#3316=VECTOR('',#12011,10.);
#3317=VECTOR('',#12014,10.);
#3318=VECTOR('',#12015,10.);
#3319=VECTOR('',#12016,10.);
#3320=VECTOR('',#12019,10.);
#3321=VECTOR('',#12020,10.);
#3322=VECTOR('',#12023,10.);
#3323=VECTOR('',#12024,10.);
#3324=VECTOR('',#12025,10.);
#3325=VECTOR('',#12028,10.);
#3326=VECTOR('',#12031,10.);
#3327=VECTOR('',#12032,10.);
#3328=VECTOR('',#12035,10.);
#3329=VECTOR('',#12036,10.);
#3330=VECTOR('',#12039,10.);
#3331=VECTOR('',#12042,10.);
#3332=VECTOR('',#12045,10.);
#3333=VECTOR('',#12046,10.);
#3334=VECTOR('',#12049,10.);
#3335=VECTOR('',#12052,10.);
#3336=VECTOR('',#12055,10.);
#3337=VECTOR('',#12058,10.);
#3338=VECTOR('',#12061,10.);
#3339=VECTOR('',#12062,10.);
#3340=VECTOR('',#12065,10.);
#3341=VECTOR('',#12068,10.);
#3342=VECTOR('',#12071,10.);
#3343=VECTOR('',#12074,10.);
#3344=VECTOR('',#12077,10.);
#3345=VECTOR('',#12080,2.62699999999999);
#3346=VECTOR('',#12085,1.905);
#3347=VECTOR('',#12090,1.905);
#3348=VECTOR('',#12095,1.905);
#3349=VECTOR('',#12100,1.905);
#3350=VECTOR('',#12117,10.);
#3351=VECTOR('',#12118,10.);
#3352=VECTOR('',#12119,10.);
#3353=VECTOR('',#12120,10.);
#3354=VECTOR('',#12121,10.);
#3355=VECTOR('',#12122,10.);
#3356=VECTOR('',#12123,10.);
#3357=VECTOR('',#12126,10.);
#3358=VECTOR('',#12127,10.);
#3359=VECTOR('',#12128,10.);
#3360=VECTOR('',#12131,10.);
#3361=VECTOR('',#12132,10.);
#3362=VECTOR('',#12135,10.);
#3363=VECTOR('',#12136,10.);
#3364=VECTOR('',#12137,10.);
#3365=VECTOR('',#12138,10.);
#3366=VECTOR('',#12141,10.);
#3367=VECTOR('',#12142,10.);
#3368=VECTOR('',#12143,10.);
#3369=VECTOR('',#12146,10.);
#3370=VECTOR('',#12147,10.);
#3371=VECTOR('',#12148,10.);
#3372=VECTOR('',#12151,10.);
#3373=VECTOR('',#12152,10.);
#3374=VECTOR('',#12153,10.);
#3375=VECTOR('',#12156,10.);
#3376=VECTOR('',#12157,10.);
#3377=VECTOR('',#12160,10.);
#3378=VECTOR('',#12161,10.);
#3379=VECTOR('',#12164,10.);
#3380=VECTOR('',#12165,10.);
#3381=VECTOR('',#12170,10.);
#3382=VECTOR('',#12173,10.);
#3383=VECTOR('',#12174,10.);
#3384=VECTOR('',#12175,10.);
#3385=VECTOR('',#12176,10.);
#3386=VECTOR('',#12179,10.);
#3387=VECTOR('',#12180,10.);
#3388=VECTOR('',#12181,10.);
#3389=VECTOR('',#12184,10.);
#3390=VECTOR('',#12185,10.);
#3391=VECTOR('',#12186,10.);
#3392=VECTOR('',#12189,10.);
#3393=VECTOR('',#12190,10.);
#3394=VECTOR('',#12191,10.);
#3395=VECTOR('',#12194,10.);
#3396=VECTOR('',#12195,10.);
#3397=VECTOR('',#12198,10.);
#3398=VECTOR('',#12199,10.);
#3399=VECTOR('',#12202,10.);
#3400=VECTOR('',#12203,10.);
#3401=VECTOR('',#12208,10.);
#3402=VECTOR('',#12211,10.);
#3403=VECTOR('',#12212,10.);
#3404=VECTOR('',#12213,10.);
#3405=VECTOR('',#12214,10.);
#3406=VECTOR('',#12217,10.);
#3407=VECTOR('',#12218,10.);
#3408=VECTOR('',#12219,10.);
#3409=VECTOR('',#12222,10.);
#3410=VECTOR('',#12223,10.);
#3411=VECTOR('',#12224,10.);
#3412=VECTOR('',#12227,10.);
#3413=VECTOR('',#12228,10.);
#3414=VECTOR('',#12229,10.);
#3415=VECTOR('',#12232,10.);
#3416=VECTOR('',#12233,10.);
#3417=VECTOR('',#12236,10.);
#3418=VECTOR('',#12237,10.);
#3419=VECTOR('',#12240,10.);
#3420=VECTOR('',#12241,10.);
#3421=VECTOR('',#12246,10.);
#3422=VECTOR('',#12249,10.);
#3423=VECTOR('',#12250,10.);
#3424=VECTOR('',#12251,10.);
#3425=VECTOR('',#12252,10.);
#3426=VECTOR('',#12255,10.);
#3427=VECTOR('',#12256,10.);
#3428=VECTOR('',#12257,10.);
#3429=VECTOR('',#12260,10.);
#3430=VECTOR('',#12261,10.);
#3431=VECTOR('',#12262,10.);
#3432=VECTOR('',#12265,10.);
#3433=VECTOR('',#12266,10.);
#3434=VECTOR('',#12267,10.);
#3435=VECTOR('',#12270,10.);
#3436=VECTOR('',#12271,10.);
#3437=VECTOR('',#12274,10.);
#3438=VECTOR('',#12275,10.);
#3439=VECTOR('',#12278,10.);
#3440=VECTOR('',#12279,10.);
#3441=VECTOR('',#12284,10.);
#3442=VECTOR('',#12287,10.);
#3443=VECTOR('',#12288,10.);
#3444=VECTOR('',#12289,10.);
#3445=VECTOR('',#12290,10.);
#3446=VECTOR('',#12293,10.);
#3447=VECTOR('',#12294,10.);
#3448=VECTOR('',#12295,10.);
#3449=VECTOR('',#12298,10.);
#3450=VECTOR('',#12299,10.);
#3451=VECTOR('',#12300,10.);
#3452=VECTOR('',#12303,10.);
#3453=VECTOR('',#12304,10.);
#3454=VECTOR('',#12305,10.);
#3455=VECTOR('',#12308,10.);
#3456=VECTOR('',#12309,10.);
#3457=VECTOR('',#12312,10.);
#3458=VECTOR('',#12313,10.);
#3459=VECTOR('',#12316,10.);
#3460=VECTOR('',#12317,10.);
#3461=VECTOR('',#12322,10.);
#3462=VECTOR('',#12325,10.);
#3463=VECTOR('',#12326,10.);
#3464=VECTOR('',#12327,10.);
#3465=VECTOR('',#12328,10.);
#3466=VECTOR('',#12331,10.);
#3467=VECTOR('',#12332,10.);
#3468=VECTOR('',#12333,10.);
#3469=VECTOR('',#12336,10.);
#3470=VECTOR('',#12337,10.);
#3471=VECTOR('',#12338,10.);
#3472=VECTOR('',#12341,10.);
#3473=VECTOR('',#12342,10.);
#3474=VECTOR('',#12343,10.);
#3475=VECTOR('',#12346,10.);
#3476=VECTOR('',#12347,10.);
#3477=VECTOR('',#12350,10.);
#3478=VECTOR('',#12351,10.);
#3479=VECTOR('',#12354,10.);
#3480=VECTOR('',#12355,10.);
#3481=VECTOR('',#12360,10.);
#3482=VECTOR('',#12363,10.);
#3483=VECTOR('',#12364,10.);
#3484=VECTOR('',#12365,10.);
#3485=VECTOR('',#12368,10.);
#3486=VECTOR('',#12369,10.);
#3487=VECTOR('',#12370,10.);
#3488=VECTOR('',#12373,10.);
#3489=VECTOR('',#12374,10.);
#3490=VECTOR('',#12375,10.);
#3491=VECTOR('',#12378,10.);
#3492=VECTOR('',#12379,10.);
#3493=VECTOR('',#12380,10.);
#3494=VECTOR('',#12383,10.);
#3495=VECTOR('',#12384,10.);
#3496=VECTOR('',#12385,10.);
#3497=VECTOR('',#12388,10.);
#3498=VECTOR('',#12389,10.);
#3499=VECTOR('',#12390,10.);
#3500=VECTOR('',#12393,10.);
#3501=VECTOR('',#12394,10.);
#3502=VECTOR('',#12395,10.);
#3503=VECTOR('',#12396,10.);
#3504=VECTOR('',#12399,10.);
#3505=VECTOR('',#12400,10.);
#3506=VECTOR('',#12401,10.);
#3507=VECTOR('',#12402,10.);
#3508=VECTOR('',#12403,10.);
#3509=VECTOR('',#12404,10.);
#3510=VECTOR('',#12405,10.);
#3511=VECTOR('',#12406,10.);
#3512=VECTOR('',#12409,10.);
#3513=VECTOR('',#12410,10.);
#3514=VECTOR('',#12411,10.);
#3515=VECTOR('',#12412,10.);
#3516=VECTOR('',#12415,10.);
#3517=VECTOR('',#12416,10.);
#3518=VECTOR('',#12417,10.);
#3519=VECTOR('',#12418,10.);
#3520=VECTOR('',#12421,10.);
#3521=VECTOR('',#12422,10.);
#3522=VECTOR('',#12425,10.);
#3523=VECTOR('',#12426,10.);
#3524=VECTOR('',#12427,10.);
#3525=VECTOR('',#12430,10.);
#3526=VECTOR('',#12431,10.);
#3527=VECTOR('',#12432,10.);
#3528=VECTOR('',#12435,10.);
#3529=VECTOR('',#12438,10.);
#3530=VECTOR('',#12439,10.);
#3531=VECTOR('',#12442,10.);
#3532=VECTOR('',#12443,10.);
#3533=VECTOR('',#12444,10.);
#3534=VECTOR('',#12447,10.);
#3535=VECTOR('',#12448,10.);
#3536=VECTOR('',#12449,10.);
#3537=VECTOR('',#12450,10.);
#3538=VECTOR('',#12451,10.);
#3539=VECTOR('',#12452,10.);
#3540=VECTOR('',#12455,10.);
#3541=VECTOR('',#12456,10.);
#3542=VECTOR('',#12459,10.);
#3543=VECTOR('',#12460,10.);
#3544=VECTOR('',#12463,10.);
#3545=VECTOR('',#12464,10.);
#3546=VECTOR('',#12467,10.);
#3547=VECTOR('',#12472,10.);
#3548=VECTOR('',#12475,10.);
#3549=VECTOR('',#12476,10.);
#3550=VECTOR('',#12479,10.);
#3551=VECTOR('',#12480,10.);
#3552=VECTOR('',#12483,10.);
#3553=VECTOR('',#12484,10.);
#3554=VECTOR('',#12487,10.);
#3555=VECTOR('',#12488,10.);
#3556=VECTOR('',#12491,10.);
#3557=VECTOR('',#12524,1000.);
#3558=VECTOR('',#12525,1000.);
#3559=VECTOR('',#12528,1000.);
#3560=VECTOR('',#12529,1000.);
#3561=VECTOR('',#12532,1000.);
#3562=VECTOR('',#12533,1000.);
#3563=VECTOR('',#12536,1000.);
#3564=VECTOR('',#12537,1000.);
#3565=VECTOR('',#12540,1000.);
#3566=VECTOR('',#12541,1000.);
#3567=VECTOR('',#12542,1000.);
#3568=VECTOR('',#12545,1000.);
#3569=VECTOR('',#12546,1000.);
#3570=VECTOR('',#12547,1000.);
#3571=VECTOR('',#12550,1000.);
#3572=VECTOR('',#12551,1000.);
#3573=VECTOR('',#12552,1000.);
#3574=VECTOR('',#12555,1000.);
#3575=VECTOR('',#12558,1000.);
#3576=VECTOR('',#12559,1000.);
#3577=VECTOR('',#12560,1000.);
#3578=VECTOR('',#12563,1000.);
#3579=VECTOR('',#12566,1000.);
#3580=VECTOR('',#12567,1000.);
#3581=VECTOR('',#12568,1000.);
#3582=VECTOR('',#12569,1000.);
#3583=VECTOR('',#12570,1000.);
#3584=VECTOR('',#12571,1000.);
#3585=VECTOR('',#12574,1000.);
#3586=VECTOR('',#12575,1000.);
#3587=VECTOR('',#12582,1000.);
#3588=VECTOR('',#12585,1000.);
#3589=VECTOR('',#12618,1000.);
#3590=VECTOR('',#12619,1000.);
#3591=VECTOR('',#12622,1000.);
#3592=VECTOR('',#12623,1000.);
#3593=VECTOR('',#12626,1000.);
#3594=VECTOR('',#12627,1000.);
#3595=VECTOR('',#12630,1000.);
#3596=VECTOR('',#12631,1000.);
#3597=VECTOR('',#12634,1000.);
#3598=VECTOR('',#12635,1000.);
#3599=VECTOR('',#12636,1000.);
#3600=VECTOR('',#12639,1000.);
#3601=VECTOR('',#12640,1000.);
#3602=VECTOR('',#12641,1000.);
#3603=VECTOR('',#12644,1000.);
#3604=VECTOR('',#12645,1000.);
#3605=VECTOR('',#12646,1000.);
#3606=VECTOR('',#12649,1000.);
#3607=VECTOR('',#12652,1000.);
#3608=VECTOR('',#12653,1000.);
#3609=VECTOR('',#12654,1000.);
#3610=VECTOR('',#12657,1000.);
#3611=VECTOR('',#12660,1000.);
#3612=VECTOR('',#12661,1000.);
#3613=VECTOR('',#12662,1000.);
#3614=VECTOR('',#12663,1000.);
#3615=VECTOR('',#12664,1000.);
#3616=VECTOR('',#12665,1000.);
#3617=VECTOR('',#12668,1000.);
#3618=VECTOR('',#12669,1000.);
#3619=VECTOR('',#12676,1000.);
#3620=VECTOR('',#12679,1000.);
#3621=VECTOR('',#12712,1000.);
#3622=VECTOR('',#12713,1000.);
#3623=VECTOR('',#12716,1000.);
#3624=VECTOR('',#12717,1000.);
#3625=VECTOR('',#12720,1000.);
#3626=VECTOR('',#12721,1000.);
#3627=VECTOR('',#12724,1000.);
#3628=VECTOR('',#12725,1000.);
#3629=VECTOR('',#12728,1000.);
#3630=VECTOR('',#12729,1000.);
#3631=VECTOR('',#12730,1000.);
#3632=VECTOR('',#12733,1000.);
#3633=VECTOR('',#12734,1000.);
#3634=VECTOR('',#12735,1000.);
#3635=VECTOR('',#12738,1000.);
#3636=VECTOR('',#12739,1000.);
#3637=VECTOR('',#12740,1000.);
#3638=VECTOR('',#12743,1000.);
#3639=VECTOR('',#12746,1000.);
#3640=VECTOR('',#12747,1000.);
#3641=VECTOR('',#12748,1000.);
#3642=VECTOR('',#12751,1000.);
#3643=VECTOR('',#12754,1000.);
#3644=VECTOR('',#12755,1000.);
#3645=VECTOR('',#12756,1000.);
#3646=VECTOR('',#12757,1000.);
#3647=VECTOR('',#12758,1000.);
#3648=VECTOR('',#12759,1000.);
#3649=VECTOR('',#12762,1000.);
#3650=VECTOR('',#12763,1000.);
#3651=VECTOR('',#12770,1000.);
#3652=VECTOR('',#12773,1000.);
#3653=VECTOR('',#12778,10.);
#3654=VECTOR('',#12779,10.);
#3655=VECTOR('',#12780,10.);
#3656=VECTOR('',#12781,10.);
#3657=VECTOR('',#12800,4.);
#3658=VECTOR('',#12805,2.5);
#3659=VERTEX_POINT('',#12810);
#3660=VERTEX_POINT('',#12811);
#3661=VERTEX_POINT('',#12813);
#3662=VERTEX_POINT('',#12815);
#3663=VERTEX_POINT('',#12819);
#3664=VERTEX_POINT('',#12821);
#3665=VERTEX_POINT('',#12825);
#3666=VERTEX_POINT('',#12827);
#3667=VERTEX_POINT('',#12836);
#3668=VERTEX_POINT('',#12837);
#3669=VERTEX_POINT('',#12839);
#3670=VERTEX_POINT('',#12841);
#3671=VERTEX_POINT('',#12845);
#3672=VERTEX_POINT('',#12846);
#3673=VERTEX_POINT('',#12848);
#3674=VERTEX_POINT('',#12850);
#3675=VERTEX_POINT('',#12862);
#3676=VERTEX_POINT('',#12863);
#3677=VERTEX_POINT('',#12865);
#3678=VERTEX_POINT('',#12867);
#3679=VERTEX_POINT('',#12871);
#3680=VERTEX_POINT('',#12873);
#3681=VERTEX_POINT('',#12877);
#3682=VERTEX_POINT('',#12879);
#3683=VERTEX_POINT('',#12888);
#3684=VERTEX_POINT('',#12889);
#3685=VERTEX_POINT('',#12891);
#3686=VERTEX_POINT('',#12893);
#3687=VERTEX_POINT('',#12897);
#3688=VERTEX_POINT('',#12898);
#3689=VERTEX_POINT('',#12900);
#3690=VERTEX_POINT('',#12902);
#3691=VERTEX_POINT('',#12914);
#3692=VERTEX_POINT('',#12915);
#3693=VERTEX_POINT('',#12917);
#3694=VERTEX_POINT('',#12919);
#3695=VERTEX_POINT('',#12923);
#3696=VERTEX_POINT('',#12925);
#3697=VERTEX_POINT('',#12929);
#3698=VERTEX_POINT('',#12931);
#3699=VERTEX_POINT('',#12940);
#3700=VERTEX_POINT('',#12941);
#3701=VERTEX_POINT('',#12943);
#3702=VERTEX_POINT('',#12945);
#3703=VERTEX_POINT('',#12949);
#3704=VERTEX_POINT('',#12950);
#3705=VERTEX_POINT('',#12952);
#3706=VERTEX_POINT('',#12954);
#3707=VERTEX_POINT('',#12966);
#3708=VERTEX_POINT('',#12968);
#3709=VERTEX_POINT('',#12972);
#3710=VERTEX_POINT('',#12973);
#3711=VERTEX_POINT('',#12975);
#3712=VERTEX_POINT('',#12977);
#3713=VERTEX_POINT('',#12979);
#3714=VERTEX_POINT('',#12981);
#3715=VERTEX_POINT('',#12983);
#3716=VERTEX_POINT('',#12985);
#3717=VERTEX_POINT('',#12987);
#3718=VERTEX_POINT('',#12989);
#3719=VERTEX_POINT('',#12991);
#3720=VERTEX_POINT('',#12993);
#3721=VERTEX_POINT('',#12997);
#3722=VERTEX_POINT('',#12999);
#3723=VERTEX_POINT('',#13003);
#3724=VERTEX_POINT('',#13007);
#3725=VERTEX_POINT('',#13011);
#3726=VERTEX_POINT('',#13015);
#3727=VERTEX_POINT('',#13019);
#3728=VERTEX_POINT('',#13023);
#3729=VERTEX_POINT('',#13027);
#3730=VERTEX_POINT('',#13031);
#3731=VERTEX_POINT('',#13035);
#3732=VERTEX_POINT('',#13039);
#3733=VERTEX_POINT('',#13046);
#3734=VERTEX_POINT('',#13047);
#3735=VERTEX_POINT('',#13049);
#3736=VERTEX_POINT('',#13051);
#3737=VERTEX_POINT('',#13055);
#3738=VERTEX_POINT('',#13057);
#3739=VERTEX_POINT('',#13061);
#3740=VERTEX_POINT('',#13062);
#3741=VERTEX_POINT('',#13064);
#3742=VERTEX_POINT('',#13066);
#3743=VERTEX_POINT('',#13068);
#3744=VERTEX_POINT('',#13070);
#3745=VERTEX_POINT('',#13072);
#3746=VERTEX_POINT('',#13074);
#3747=VERTEX_POINT('',#13076);
#3748=VERTEX_POINT('',#13078);
#3749=VERTEX_POINT('',#13080);
#3750=VERTEX_POINT('',#13082);
#3751=VERTEX_POINT('',#13086);
#3752=VERTEX_POINT('',#13088);
#3753=VERTEX_POINT('',#13092);
#3754=VERTEX_POINT('',#13096);
#3755=VERTEX_POINT('',#13100);
#3756=VERTEX_POINT('',#13104);
#3757=VERTEX_POINT('',#13108);
#3758=VERTEX_POINT('',#13112);
#3759=VERTEX_POINT('',#13116);
#3760=VERTEX_POINT('',#13120);
#3761=VERTEX_POINT('',#13124);
#3762=VERTEX_POINT('',#13128);
#3763=VERTEX_POINT('',#13135);
#3764=VERTEX_POINT('',#13136);
#3765=VERTEX_POINT('',#13138);
#3766=VERTEX_POINT('',#13140);
#3767=VERTEX_POINT('',#13142);
#3768=VERTEX_POINT('',#13146);
#3769=VERTEX_POINT('',#13148);
#3770=VERTEX_POINT('',#13152);
#3771=VERTEX_POINT('',#13153);
#3772=VERTEX_POINT('',#13155);
#3773=VERTEX_POINT('',#13157);
#3774=VERTEX_POINT('',#13159);
#3775=VERTEX_POINT('',#13161);
#3776=VERTEX_POINT('',#13163);
#3777=VERTEX_POINT('',#13165);
#3778=VERTEX_POINT('',#13167);
#3779=VERTEX_POINT('',#13169);
#3780=VERTEX_POINT('',#13171);
#3781=VERTEX_POINT('',#13173);
#3782=VERTEX_POINT('',#13177);
#3783=VERTEX_POINT('',#13179);
#3784=VERTEX_POINT('',#13183);
#3785=VERTEX_POINT('',#13187);
#3786=VERTEX_POINT('',#13191);
#3787=VERTEX_POINT('',#13195);
#3788=VERTEX_POINT('',#13199);
#3789=VERTEX_POINT('',#13203);
#3790=VERTEX_POINT('',#13207);
#3791=VERTEX_POINT('',#13211);
#3792=VERTEX_POINT('',#13215);
#3793=VERTEX_POINT('',#13219);
#3794=VERTEX_POINT('',#13226);
#3795=VERTEX_POINT('',#13227);
#3796=VERTEX_POINT('',#13229);
#3797=VERTEX_POINT('',#13231);
#3798=VERTEX_POINT('',#13235);
#3799=VERTEX_POINT('',#13237);
#3800=VERTEX_POINT('',#13241);
#3801=VERTEX_POINT('',#13242);
#3802=VERTEX_POINT('',#13244);
#3803=VERTEX_POINT('',#13246);
#3804=VERTEX_POINT('',#13248);
#3805=VERTEX_POINT('',#13250);
#3806=VERTEX_POINT('',#13252);
#3807=VERTEX_POINT('',#13254);
#3808=VERTEX_POINT('',#13256);
#3809=VERTEX_POINT('',#13258);
#3810=VERTEX_POINT('',#13260);
#3811=VERTEX_POINT('',#13262);
#3812=VERTEX_POINT('',#13266);
#3813=VERTEX_POINT('',#13268);
#3814=VERTEX_POINT('',#13272);
#3815=VERTEX_POINT('',#13276);
#3816=VERTEX_POINT('',#13280);
#3817=VERTEX_POINT('',#13284);
#3818=VERTEX_POINT('',#13288);
#3819=VERTEX_POINT('',#13292);
#3820=VERTEX_POINT('',#13296);
#3821=VERTEX_POINT('',#13300);
#3822=VERTEX_POINT('',#13304);
#3823=VERTEX_POINT('',#13308);
#3824=VERTEX_POINT('',#13315);
#3825=VERTEX_POINT('',#13316);
#3826=VERTEX_POINT('',#13318);
#3827=VERTEX_POINT('',#13320);
#3828=VERTEX_POINT('',#13324);
#3829=VERTEX_POINT('',#13325);
#3830=VERTEX_POINT('',#13330);
#3831=VERTEX_POINT('',#13332);
#3832=VERTEX_POINT('',#13335);
#3833=VERTEX_POINT('',#13340);
#3834=VERTEX_POINT('',#13342);
#3835=VERTEX_POINT('',#13344);
#3836=VERTEX_POINT('',#13346);
#3837=VERTEX_POINT('',#13353);
#3838=VERTEX_POINT('',#13355);
#3839=VERTEX_POINT('',#13357);
#3840=VERTEX_POINT('',#13359);
#3841=VERTEX_POINT('',#13366);
#3842=VERTEX_POINT('',#13368);
#3843=VERTEX_POINT('',#13370);
#3844=VERTEX_POINT('',#13372);
#3845=VERTEX_POINT('',#13379);
#3846=VERTEX_POINT('',#13381);
#3847=VERTEX_POINT('',#13385);
#3848=VERTEX_POINT('',#13389);
#3849=VERTEX_POINT('',#13393);
#3850=VERTEX_POINT('',#13397);
#3851=VERTEX_POINT('',#13401);
#3852=VERTEX_POINT('',#13403);
#3853=VERTEX_POINT('',#13407);
#3854=VERTEX_POINT('',#13409);
#3855=VERTEX_POINT('',#13413);
#3856=VERTEX_POINT('',#13415);
#3857=VERTEX_POINT('',#13421);
#3858=VERTEX_POINT('',#13423);
#3859=VERTEX_POINT('',#13429);
#3860=VERTEX_POINT('',#13431);
#3861=VERTEX_POINT('',#13434);
#3862=VERTEX_POINT('',#13436);
#3863=VERTEX_POINT('',#13450);
#3864=VERTEX_POINT('',#13454);
#3865=VERTEX_POINT('',#13456);
#3866=VERTEX_POINT('',#13460);
#3867=VERTEX_POINT('',#13461);
#3868=VERTEX_POINT('',#13463);
#3869=VERTEX_POINT('',#13465);
#3870=VERTEX_POINT('',#13467);
#3871=VERTEX_POINT('',#13469);
#3872=VERTEX_POINT('',#13471);
#3873=VERTEX_POINT('',#13473);
#3874=VERTEX_POINT('',#13475);
#3875=VERTEX_POINT('',#13477);
#3876=VERTEX_POINT('',#13479);
#3877=VERTEX_POINT('',#13481);
#3878=VERTEX_POINT('',#13485);
#3879=VERTEX_POINT('',#13486);
#3880=VERTEX_POINT('',#13488);
#3881=VERTEX_POINT('',#13490);
#3882=VERTEX_POINT('',#13492);
#3883=VERTEX_POINT('',#13494);
#3884=VERTEX_POINT('',#13496);
#3885=VERTEX_POINT('',#13498);
#3886=VERTEX_POINT('',#13502);
#3887=VERTEX_POINT('',#13503);
#3888=VERTEX_POINT('',#13505);
#3889=VERTEX_POINT('',#13510);
#3890=VERTEX_POINT('',#13511);
#3891=VERTEX_POINT('',#13513);
#3892=VERTEX_POINT('',#13533);
#3893=VERTEX_POINT('',#13534);
#3894=VERTEX_POINT('',#13536);
#3895=VERTEX_POINT('',#13586);
#3896=VERTEX_POINT('',#13766);
#3897=VERTEX_POINT('',#13779);
#3898=VERTEX_POINT('',#13831);
#3899=VERTEX_POINT('',#13832);
#3900=VERTEX_POINT('',#13856);
#3901=VERTEX_POINT('',#13857);
#3902=VERTEX_POINT('',#13868);
#3903=VERTEX_POINT('',#13870);
#3904=VERTEX_POINT('',#13874);
#3905=VERTEX_POINT('',#13876);
#3906=VERTEX_POINT('',#13878);
#3907=VERTEX_POINT('',#13897);
#3908=VERTEX_POINT('',#13898);
#3909=VERTEX_POINT('',#13900);
#3910=VERTEX_POINT('',#13950);
#3911=VERTEX_POINT('',#14012);
#3912=VERTEX_POINT('',#14013);
#3913=VERTEX_POINT('',#14021);
#3914=VERTEX_POINT('',#14023);
#3915=VERTEX_POINT('',#14060);
#3916=VERTEX_POINT('',#14061);
#3917=VERTEX_POINT('',#14228);
#3918=VERTEX_POINT('',#14230);
#3919=VERTEX_POINT('',#14234);
#3920=VERTEX_POINT('',#14238);
#3921=VERTEX_POINT('',#14242);
#3922=VERTEX_POINT('',#14246);
#3923=VERTEX_POINT('',#14247);
#3924=VERTEX_POINT('',#14249);
#3925=VERTEX_POINT('',#14259);
#3926=VERTEX_POINT('',#14260);
#3927=VERTEX_POINT('',#14265);
#3928=VERTEX_POINT('',#14267);
#3929=VERTEX_POINT('',#14269);
#3930=VERTEX_POINT('',#14271);
#3931=VERTEX_POINT('',#14273);
#3932=VERTEX_POINT('',#14275);
#3933=VERTEX_POINT('',#14277);
#3934=VERTEX_POINT('',#14279);
#3935=VERTEX_POINT('',#14281);
#3936=VERTEX_POINT('',#14283);
#3937=VERTEX_POINT('',#14285);
#3938=VERTEX_POINT('',#14287);
#3939=VERTEX_POINT('',#14289);
#3940=VERTEX_POINT('',#14291);
#3941=VERTEX_POINT('',#14293);
#3942=VERTEX_POINT('',#14296);
#3943=VERTEX_POINT('',#14298);
#3944=VERTEX_POINT('',#14300);
#3945=VERTEX_POINT('',#14302);
#3946=VERTEX_POINT('',#14304);
#3947=VERTEX_POINT('',#14315);
#3948=VERTEX_POINT('',#14317);
#3949=VERTEX_POINT('',#14321);
#3950=VERTEX_POINT('',#14322);
#3951=VERTEX_POINT('',#14327);
#3952=VERTEX_POINT('',#14329);
#3953=VERTEX_POINT('',#14343);
#3954=VERTEX_POINT('',#14347);
#3955=VERTEX_POINT('',#14351);
#3956=VERTEX_POINT('',#14353);
#3957=VERTEX_POINT('',#14367);
#3958=VERTEX_POINT('',#14369);
#3959=VERTEX_POINT('',#14373);
#3960=VERTEX_POINT('',#14374);
#3961=VERTEX_POINT('',#14379);
#3962=VERTEX_POINT('',#14381);
#3963=VERTEX_POINT('',#14407);
#3964=VERTEX_POINT('',#14409);
#3965=VERTEX_POINT('',#14413);
#3966=VERTEX_POINT('',#14414);
#3967=VERTEX_POINT('',#14419);
#3968=VERTEX_POINT('',#14421);
#3969=VERTEX_POINT('',#14435);
#3970=VERTEX_POINT('',#14439);
#3971=VERTEX_POINT('',#14455);
#3972=VERTEX_POINT('',#14459);
#3973=VERTEX_POINT('',#14463);
#3974=VERTEX_POINT('',#14465);
#3975=VERTEX_POINT('',#14479);
#3976=VERTEX_POINT('',#14483);
#3977=VERTEX_POINT('',#14492);
#3978=VERTEX_POINT('',#14496);
#3979=VERTEX_POINT('',#14497);
#3980=VERTEX_POINT('',#14499);
#3981=VERTEX_POINT('',#14514);
#3982=VERTEX_POINT('',#14515);
#3983=VERTEX_POINT('',#14520);
#3984=VERTEX_POINT('',#14532);
#3985=VERTEX_POINT('',#14534);
#3986=VERTEX_POINT('',#14536);
#3987=VERTEX_POINT('',#14538);
#3988=VERTEX_POINT('',#14540);
#3989=VERTEX_POINT('',#14542);
#3990=VERTEX_POINT('',#14544);
#3991=VERTEX_POINT('',#14546);
#3992=VERTEX_POINT('',#14548);
#3993=VERTEX_POINT('',#14550);
#3994=VERTEX_POINT('',#14552);
#3995=VERTEX_POINT('',#14554);
#3996=VERTEX_POINT('',#14556);
#3997=VERTEX_POINT('',#14558);
#3998=VERTEX_POINT('',#14560);
#3999=VERTEX_POINT('',#14562);
#4000=VERTEX_POINT('',#14566);
#4001=VERTEX_POINT('',#14569);
#4002=VERTEX_POINT('',#14573);
#4003=VERTEX_POINT('',#14575);
#4004=VERTEX_POINT('',#14579);
#4005=VERTEX_POINT('',#14581);
#4006=VERTEX_POINT('',#14584);
#4007=VERTEX_POINT('',#14586);
#4008=VERTEX_POINT('',#14589);
#4009=VERTEX_POINT('',#14591);
#4010=VERTEX_POINT('',#14594);
#4011=VERTEX_POINT('',#14596);
#4012=VERTEX_POINT('',#14599);
#4013=VERTEX_POINT('',#14601);
#4014=VERTEX_POINT('',#14605);
#4015=VERTEX_POINT('',#14607);
#4016=VERTEX_POINT('',#14612);
#4017=VERTEX_POINT('',#14615);
#4018=VERTEX_POINT('',#14616);
#4019=VERTEX_POINT('',#14621);
#4020=VERTEX_POINT('',#14622);
#4021=VERTEX_POINT('',#14627);
#4022=VERTEX_POINT('',#14631);
#4023=VERTEX_POINT('',#14632);
#4024=VERTEX_POINT('',#14637);
#4025=VERTEX_POINT('',#14638);
#4026=VERTEX_POINT('',#14643);
#4027=VERTEX_POINT('',#14647);
#4028=VERTEX_POINT('',#14648);
#4029=VERTEX_POINT('',#14653);
#4030=VERTEX_POINT('',#14654);
#4031=VERTEX_POINT('',#14659);
#4032=VERTEX_POINT('',#14663);
#4033=VERTEX_POINT('',#14664);
#4034=VERTEX_POINT('',#14669);
#4035=VERTEX_POINT('',#14670);
#4036=VERTEX_POINT('',#14675);
#4037=VERTEX_POINT('',#14681);
#4038=VERTEX_POINT('',#14686);
#4039=VERTEX_POINT('',#14691);
#4040=VERTEX_POINT('',#14696);
#4041=VERTEX_POINT('',#14699);
#4042=VERTEX_POINT('',#14703);
#4043=VERTEX_POINT('',#14705);
#4044=VERTEX_POINT('',#14708);
#4045=VERTEX_POINT('',#14710);
#4046=VERTEX_POINT('',#14713);
#4047=VERTEX_POINT('',#14715);
#4048=VERTEX_POINT('',#14718);
#4049=VERTEX_POINT('',#14720);
#4050=VERTEX_POINT('',#14723);
#4051=VERTEX_POINT('',#14727);
#4052=VERTEX_POINT('',#14731);
#4053=VERTEX_POINT('',#14732);
#4054=VERTEX_POINT('',#14734);
#4055=VERTEX_POINT('',#14736);
#4056=VERTEX_POINT('',#14740);
#4057=VERTEX_POINT('',#14742);
#4058=VERTEX_POINT('',#14746);
#4059=VERTEX_POINT('',#14748);
#4060=VERTEX_POINT('',#14752);
#4061=VERTEX_POINT('',#14754);
#4062=VERTEX_POINT('',#14758);
#4063=VERTEX_POINT('',#14760);
#4064=VERTEX_POINT('',#14767);
#4065=VERTEX_POINT('',#14770);
#4066=VERTEX_POINT('',#14771);
#4067=VERTEX_POINT('',#14773);
#4068=VERTEX_POINT('',#14775);
#4069=VERTEX_POINT('',#14779);
#4070=VERTEX_POINT('',#14781);
#4071=VERTEX_POINT('',#14785);
#4072=VERTEX_POINT('',#14787);
#4073=VERTEX_POINT('',#14791);
#4074=VERTEX_POINT('',#14793);
#4075=VERTEX_POINT('',#14797);
#4076=VERTEX_POINT('',#14799);
#4077=VERTEX_POINT('',#14806);
#4078=VERTEX_POINT('',#14809);
#4079=VERTEX_POINT('',#14810);
#4080=VERTEX_POINT('',#14812);
#4081=VERTEX_POINT('',#14814);
#4082=VERTEX_POINT('',#14818);
#4083=VERTEX_POINT('',#14820);
#4084=VERTEX_POINT('',#14824);
#4085=VERTEX_POINT('',#14826);
#4086=VERTEX_POINT('',#14830);
#4087=VERTEX_POINT('',#14832);
#4088=VERTEX_POINT('',#14836);
#4089=VERTEX_POINT('',#14838);
#4090=VERTEX_POINT('',#14845);
#4091=VERTEX_POINT('',#14848);
#4092=VERTEX_POINT('',#14849);
#4093=VERTEX_POINT('',#14851);
#4094=VERTEX_POINT('',#14853);
#4095=VERTEX_POINT('',#14857);
#4096=VERTEX_POINT('',#14859);
#4097=VERTEX_POINT('',#14863);
#4098=VERTEX_POINT('',#14865);
#4099=VERTEX_POINT('',#14869);
#4100=VERTEX_POINT('',#14871);
#4101=VERTEX_POINT('',#14875);
#4102=VERTEX_POINT('',#14877);
#4103=VERTEX_POINT('',#14884);
#4104=VERTEX_POINT('',#14887);
#4105=VERTEX_POINT('',#14891);
#4106=VERTEX_POINT('',#14895);
#4107=VERTEX_POINT('',#14899);
#4108=VERTEX_POINT('',#14903);
#4109=VERTEX_POINT('',#14907);
#4110=VERTEX_POINT('',#14915);
#4111=VERTEX_POINT('',#14917);
#4112=VERTEX_POINT('',#14920);
#4113=VERTEX_POINT('',#14922);
#4114=VERTEX_POINT('',#14925);
#4115=VERTEX_POINT('',#14927);
#4116=VERTEX_POINT('',#14930);
#4117=VERTEX_POINT('',#14932);
#4118=VERTEX_POINT('',#14935);
#4119=VERTEX_POINT('',#14936);
#4120=VERTEX_POINT('',#14941);
#4121=VERTEX_POINT('',#14943);
#4122=VERTEX_POINT('',#14948);
#4123=VERTEX_POINT('',#14950);
#4124=VERTEX_POINT('',#14955);
#4125=VERTEX_POINT('',#14957);
#4126=VERTEX_POINT('',#14962);
#4127=VERTEX_POINT('',#14964);
#4128=VERTEX_POINT('',#14969);
#4129=VERTEX_POINT('',#14971);
#4130=VERTEX_POINT('',#14976);
#4131=VERTEX_POINT('',#14978);
#4132=VERTEX_POINT('',#14983);
#4133=VERTEX_POINT('',#14985);
#4134=VERTEX_POINT('',#15000);
#4135=VERTEX_POINT('',#15001);
#4136=VERTEX_POINT('',#15013);
#4137=VERTEX_POINT('',#15020);
#4138=VERTEX_POINT('',#15031);
#4139=VERTEX_POINT('',#15038);
#4140=VERTEX_POINT('',#15049);
#4141=VERTEX_POINT('',#15056);
#4142=VERTEX_POINT('',#15067);
#4143=VERTEX_POINT('',#15074);
#4144=VERTEX_POINT('',#15085);
#4145=VERTEX_POINT('',#15092);
#4146=VERTEX_POINT('',#15103);
#4147=VERTEX_POINT('',#15110);
#4148=VERTEX_POINT('',#15121);
#4149=VERTEX_POINT('',#15128);
#4150=VERTEX_POINT('',#15144);
#4151=VERTEX_POINT('',#15145);
#4152=VERTEX_POINT('',#15147);
#4153=VERTEX_POINT('',#15149);
#4154=VERTEX_POINT('',#15151);
#4155=VERTEX_POINT('',#15153);
#4156=VERTEX_POINT('',#15155);
#4157=VERTEX_POINT('',#15157);
#4158=VERTEX_POINT('',#15159);
#4159=VERTEX_POINT('',#15161);
#4160=VERTEX_POINT('',#15163);
#4161=VERTEX_POINT('',#15165);
#4162=VERTEX_POINT('',#15167);
#4163=VERTEX_POINT('',#15169);
#4164=VERTEX_POINT('',#15171);
#4165=VERTEX_POINT('',#15173);
#4166=VERTEX_POINT('',#15177);
#4167=VERTEX_POINT('',#15182);
#4168=VERTEX_POINT('',#15187);
#4169=VERTEX_POINT('',#15192);
#4170=VERTEX_POINT('',#15199);
#4171=VERTEX_POINT('',#15202);
#4172=VERTEX_POINT('',#15204);
#4173=VERTEX_POINT('',#15207);
#4174=VERTEX_POINT('',#15208);
#4175=VERTEX_POINT('',#15210);
#4176=VERTEX_POINT('',#15212);
#4177=VERTEX_POINT('',#15214);
#4178=VERTEX_POINT('',#15216);
#4179=VERTEX_POINT('',#15218);
#4180=VERTEX_POINT('',#15220);
#4181=VERTEX_POINT('',#15222);
#4182=VERTEX_POINT('',#15224);
#4183=VERTEX_POINT('',#15226);
#4184=VERTEX_POINT('',#15228);
#4185=VERTEX_POINT('',#15230);
#4186=VERTEX_POINT('',#15232);
#4187=VERTEX_POINT('',#15234);
#4188=VERTEX_POINT('',#15236);
#4189=VERTEX_POINT('',#15239);
#4190=VERTEX_POINT('',#15240);
#4191=VERTEX_POINT('',#15242);
#4192=VERTEX_POINT('',#15244);
#4193=VERTEX_POINT('',#15246);
#4194=VERTEX_POINT('',#15248);
#4195=VERTEX_POINT('',#15250);
#4196=VERTEX_POINT('',#15252);
#4197=VERTEX_POINT('',#15254);
#4198=VERTEX_POINT('',#15256);
#4199=VERTEX_POINT('',#15258);
#4200=VERTEX_POINT('',#15260);
#4201=VERTEX_POINT('',#15262);
#4202=VERTEX_POINT('',#15264);
#4203=VERTEX_POINT('',#15266);
#4204=VERTEX_POINT('',#15268);
#4205=VERTEX_POINT('',#15272);
#4206=VERTEX_POINT('',#15274);
#4207=VERTEX_POINT('',#15278);
#4208=VERTEX_POINT('',#15280);
#4209=VERTEX_POINT('',#15284);
#4210=VERTEX_POINT('',#15286);
#4211=VERTEX_POINT('',#15290);
#4212=VERTEX_POINT('',#15292);
#4213=VERTEX_POINT('',#15296);
#4214=VERTEX_POINT('',#15298);
#4215=VERTEX_POINT('',#15302);
#4216=VERTEX_POINT('',#15304);
#4217=VERTEX_POINT('',#15308);
#4218=VERTEX_POINT('',#15310);
#4219=VERTEX_POINT('',#15314);
#4220=VERTEX_POINT('',#15316);
#4221=VERTEX_POINT('',#15320);
#4222=VERTEX_POINT('',#15326);
#4223=VERTEX_POINT('',#15332);
#4224=VERTEX_POINT('',#15338);
#4225=VERTEX_POINT('',#15344);
#4226=VERTEX_POINT('',#15346);
#4227=VERTEX_POINT('',#15350);
#4228=VERTEX_POINT('',#15352);
#4229=VERTEX_POINT('',#15356);
#4230=VERTEX_POINT('',#15358);
#4231=VERTEX_POINT('',#15362);
#4232=VERTEX_POINT('',#15364);
#4233=VERTEX_POINT('',#15368);
#4234=VERTEX_POINT('',#15370);
#4235=VERTEX_POINT('',#15374);
#4236=VERTEX_POINT('',#15376);
#4237=VERTEX_POINT('',#15380);
#4238=VERTEX_POINT('',#15382);
#4239=VERTEX_POINT('',#15386);
#4240=VERTEX_POINT('',#15388);
#4241=VERTEX_POINT('',#15456);
#4242=VERTEX_POINT('',#15458);
#4243=VERTEX_POINT('',#15465);
#4244=VERTEX_POINT('',#15467);
#4245=VERTEX_POINT('',#15471);
#4246=VERTEX_POINT('',#15472);
#4247=VERTEX_POINT('',#15474);
#4248=VERTEX_POINT('',#15476);
#4249=VERTEX_POINT('',#15480);
#4250=VERTEX_POINT('',#15481);
#4251=VERTEX_POINT('',#15483);
#4252=VERTEX_POINT('',#15485);
#4253=VERTEX_POINT('',#15490);
#4254=VERTEX_POINT('',#15492);
#4255=VERTEX_POINT('',#15496);
#4256=VERTEX_POINT('',#15497);
#4257=VERTEX_POINT('',#15499);
#4258=VERTEX_POINT('',#15504);
#4259=VERTEX_POINT('',#15506);
#4260=VERTEX_POINT('',#15515);
#4261=VERTEX_POINT('',#15517);
#4262=VERTEX_POINT('',#15521);
#4263=VERTEX_POINT('',#15525);
#4264=VERTEX_POINT('',#15568);
#4265=VERTEX_POINT('',#15572);
#4266=VERTEX_POINT('',#15576);
#4267=VERTEX_POINT('',#15580);
#4268=VERTEX_POINT('',#15591);
#4269=VERTEX_POINT('',#15593);
#4270=VERTEX_POINT('',#15595);
#4271=VERTEX_POINT('',#15597);
#4272=VERTEX_POINT('',#15599);
#4273=VERTEX_POINT('',#15601);
#4274=VERTEX_POINT('',#15605);
#4275=VERTEX_POINT('',#15607);
#4276=VERTEX_POINT('',#15611);
#4277=VERTEX_POINT('',#15615);
#4278=VERTEX_POINT('',#15616);
#4279=VERTEX_POINT('',#15618);
#4280=VERTEX_POINT('',#15620);
#4281=VERTEX_POINT('',#15624);
#4282=VERTEX_POINT('',#15626);
#4283=VERTEX_POINT('',#15630);
#4284=VERTEX_POINT('',#15632);
#4285=VERTEX_POINT('',#15636);
#4286=VERTEX_POINT('',#15638);
#4287=VERTEX_POINT('',#15642);
#4288=VERTEX_POINT('',#15646);
#4289=VERTEX_POINT('',#15656);
#4290=VERTEX_POINT('',#15657);
#4291=VERTEX_POINT('',#15659);
#4292=VERTEX_POINT('',#15661);
#4293=VERTEX_POINT('',#15665);
#4294=VERTEX_POINT('',#15667);
#4295=VERTEX_POINT('',#15671);
#4296=VERTEX_POINT('',#15673);
#4297=VERTEX_POINT('',#15677);
#4298=VERTEX_POINT('',#15679);
#4299=VERTEX_POINT('',#15683);
#4300=VERTEX_POINT('',#15687);
#4301=VERTEX_POINT('',#15697);
#4302=VERTEX_POINT('',#15698);
#4303=VERTEX_POINT('',#15700);
#4304=VERTEX_POINT('',#15702);
#4305=VERTEX_POINT('',#15706);
#4306=VERTEX_POINT('',#15708);
#4307=VERTEX_POINT('',#15712);
#4308=VERTEX_POINT('',#15714);
#4309=VERTEX_POINT('',#15718);
#4310=VERTEX_POINT('',#15720);
#4311=VERTEX_POINT('',#15724);
#4312=VERTEX_POINT('',#15728);
#4313=VERTEX_POINT('',#15738);
#4314=VERTEX_POINT('',#15739);
#4315=VERTEX_POINT('',#15741);
#4316=VERTEX_POINT('',#15743);
#4317=VERTEX_POINT('',#15747);
#4318=VERTEX_POINT('',#15749);
#4319=VERTEX_POINT('',#15753);
#4320=VERTEX_POINT('',#15755);
#4321=VERTEX_POINT('',#15759);
#4322=VERTEX_POINT('',#15761);
#4323=VERTEX_POINT('',#15765);
#4324=VERTEX_POINT('',#15769);
#4325=VERTEX_POINT('',#15779);
#4326=VERTEX_POINT('',#15780);
#4327=VERTEX_POINT('',#15782);
#4328=VERTEX_POINT('',#15784);
#4329=VERTEX_POINT('',#15788);
#4330=VERTEX_POINT('',#15790);
#4331=VERTEX_POINT('',#15794);
#4332=VERTEX_POINT('',#15796);
#4333=VERTEX_POINT('',#15800);
#4334=VERTEX_POINT('',#15802);
#4335=VERTEX_POINT('',#15806);
#4336=VERTEX_POINT('',#15810);
#4337=VERTEX_POINT('',#15820);
#4338=VERTEX_POINT('',#15821);
#4339=VERTEX_POINT('',#15823);
#4340=VERTEX_POINT('',#15825);
#4341=VERTEX_POINT('',#15829);
#4342=VERTEX_POINT('',#15831);
#4343=VERTEX_POINT('',#15835);
#4344=VERTEX_POINT('',#15837);
#4345=VERTEX_POINT('',#15841);
#4346=VERTEX_POINT('',#15843);
#4347=VERTEX_POINT('',#15847);
#4348=VERTEX_POINT('',#15851);
#4349=VERTEX_POINT('',#15861);
#4350=VERTEX_POINT('',#15862);
#4351=VERTEX_POINT('',#15867);
#4352=VERTEX_POINT('',#15868);
#4353=VERTEX_POINT('',#15873);
#4354=VERTEX_POINT('',#15875);
#4355=VERTEX_POINT('',#15879);
#4356=VERTEX_POINT('',#15880);
#4357=VERTEX_POINT('',#15885);
#4358=VERTEX_POINT('',#15886);
#4359=VERTEX_POINT('',#15891);
#4360=VERTEX_POINT('',#15892);
#4361=VERTEX_POINT('',#15897);
#4362=VERTEX_POINT('',#15899);
#4363=VERTEX_POINT('',#15901);
#4364=VERTEX_POINT('',#15907);
#4365=VERTEX_POINT('',#15909);
#4366=VERTEX_POINT('',#15911);
#4367=VERTEX_POINT('',#15913);
#4368=VERTEX_POINT('',#15915);
#4369=VERTEX_POINT('',#15919);
#4370=VERTEX_POINT('',#15920);
#4371=VERTEX_POINT('',#15922);
#4372=VERTEX_POINT('',#15924);
#4373=VERTEX_POINT('',#15928);
#4374=VERTEX_POINT('',#15929);
#4375=VERTEX_POINT('',#15931);
#4376=VERTEX_POINT('',#15933);
#4377=VERTEX_POINT('',#15940);
#4378=VERTEX_POINT('',#15942);
#4379=VERTEX_POINT('',#15946);
#4380=VERTEX_POINT('',#15948);
#4381=VERTEX_POINT('',#15957);
#4382=VERTEX_POINT('',#15959);
#4383=VERTEX_POINT('',#15963);
#4384=VERTEX_POINT('',#15965);
#4385=VERTEX_POINT('',#15968);
#4386=VERTEX_POINT('',#15970);
#4387=VERTEX_POINT('',#15977);
#4388=VERTEX_POINT('',#15981);
#4389=VERTEX_POINT('',#15990);
#4390=VERTEX_POINT('',#15997);
#4391=VERTEX_POINT('',#16001);
#4392=VERTEX_POINT('',#16008);
#4393=VERTEX_POINT('',#16009);
#4394=VERTEX_POINT('',#16015);
#4395=VERTEX_POINT('',#16020);
#4396=VERTEX_POINT('',#16022);
#4397=VERTEX_POINT('',#16024);
#4398=VERTEX_POINT('',#16026);
#4399=VERTEX_POINT('',#16033);
#4400=VERTEX_POINT('',#16035);
#4401=VERTEX_POINT('',#16037);
#4402=VERTEX_POINT('',#16039);
#4403=VERTEX_POINT('',#16046);
#4404=VERTEX_POINT('',#16048);
#4405=VERTEX_POINT('',#16050);
#4406=VERTEX_POINT('',#16052);
#4407=VERTEX_POINT('',#16059);
#4408=VERTEX_POINT('',#16061);
#4409=VERTEX_POINT('',#16065);
#4410=VERTEX_POINT('',#16069);
#4411=VERTEX_POINT('',#16073);
#4412=VERTEX_POINT('',#16077);
#4413=VERTEX_POINT('',#16081);
#4414=VERTEX_POINT('',#16083);
#4415=VERTEX_POINT('',#16087);
#4416=VERTEX_POINT('',#16089);
#4417=VERTEX_POINT('',#16093);
#4418=VERTEX_POINT('',#16095);
#4419=VERTEX_POINT('',#16101);
#4420=VERTEX_POINT('',#16103);
#4421=VERTEX_POINT('',#16109);
#4422=VERTEX_POINT('',#16111);
#4423=VERTEX_POINT('',#16114);
#4424=VERTEX_POINT('',#16116);
#4425=VERTEX_POINT('',#16130);
#4426=VERTEX_POINT('',#16131);
#4427=VERTEX_POINT('',#16137);
#4428=VERTEX_POINT('',#16142);
#4429=VERTEX_POINT('',#16144);
#4430=VERTEX_POINT('',#16146);
#4431=VERTEX_POINT('',#16148);
#4432=VERTEX_POINT('',#16155);
#4433=VERTEX_POINT('',#16157);
#4434=VERTEX_POINT('',#16159);
#4435=VERTEX_POINT('',#16161);
#4436=VERTEX_POINT('',#16168);
#4437=VERTEX_POINT('',#16170);
#4438=VERTEX_POINT('',#16172);
#4439=VERTEX_POINT('',#16174);
#4440=VERTEX_POINT('',#16181);
#4441=VERTEX_POINT('',#16183);
#4442=VERTEX_POINT('',#16187);
#4443=VERTEX_POINT('',#16191);
#4444=VERTEX_POINT('',#16195);
#4445=VERTEX_POINT('',#16199);
#4446=VERTEX_POINT('',#16203);
#4447=VERTEX_POINT('',#16205);
#4448=VERTEX_POINT('',#16209);
#4449=VERTEX_POINT('',#16211);
#4450=VERTEX_POINT('',#16215);
#4451=VERTEX_POINT('',#16217);
#4452=VERTEX_POINT('',#16223);
#4453=VERTEX_POINT('',#16225);
#4454=VERTEX_POINT('',#16231);
#4455=VERTEX_POINT('',#16233);
#4456=VERTEX_POINT('',#16236);
#4457=VERTEX_POINT('',#16238);
#4458=VERTEX_POINT('',#16252);
#4459=VERTEX_POINT('',#16253);
#4460=VERTEX_POINT('',#16259);
#4461=VERTEX_POINT('',#16264);
#4462=VERTEX_POINT('',#16266);
#4463=VERTEX_POINT('',#16268);
#4464=VERTEX_POINT('',#16270);
#4465=VERTEX_POINT('',#16277);
#4466=VERTEX_POINT('',#16279);
#4467=VERTEX_POINT('',#16281);
#4468=VERTEX_POINT('',#16283);
#4469=VERTEX_POINT('',#16290);
#4470=VERTEX_POINT('',#16292);
#4471=VERTEX_POINT('',#16294);
#4472=VERTEX_POINT('',#16296);
#4473=VERTEX_POINT('',#16303);
#4474=VERTEX_POINT('',#16305);
#4475=VERTEX_POINT('',#16309);
#4476=VERTEX_POINT('',#16313);
#4477=VERTEX_POINT('',#16317);
#4478=VERTEX_POINT('',#16321);
#4479=VERTEX_POINT('',#16325);
#4480=VERTEX_POINT('',#16327);
#4481=VERTEX_POINT('',#16331);
#4482=VERTEX_POINT('',#16333);
#4483=VERTEX_POINT('',#16337);
#4484=VERTEX_POINT('',#16339);
#4485=VERTEX_POINT('',#16345);
#4486=VERTEX_POINT('',#16347);
#4487=VERTEX_POINT('',#16353);
#4488=VERTEX_POINT('',#16355);
#4489=VERTEX_POINT('',#16358);
#4490=VERTEX_POINT('',#16360);
#4491=VERTEX_POINT('',#16374);
#4492=VERTEX_POINT('',#16375);
#4493=VERTEX_POINT('',#16377);
#4494=VERTEX_POINT('',#16379);
#4495=VERTEX_POINT('',#16383);
#4496=VERTEX_POINT('',#16389);
#4497=VERTEX_POINT('',#16391);
#4498=VERTEX_POINT('',#16396);
#4499=EDGE_CURVE('',#3659,#3660,#1713,.T.);
#4500=EDGE_CURVE('',#3661,#3660,#1714,.T.);
#4501=EDGE_CURVE('',#3662,#3661,#1715,.T.);
#4502=EDGE_CURVE('',#3662,#3659,#1716,.T.);
#4503=EDGE_CURVE('',#3663,#3659,#1717,.T.);
#4504=EDGE_CURVE('',#3664,#3662,#1718,.T.);
#4505=EDGE_CURVE('',#3663,#3664,#1719,.T.);
#4506=EDGE_CURVE('',#3665,#3663,#1720,.T.);
#4507=EDGE_CURVE('',#3666,#3664,#1721,.T.);
#4508=EDGE_CURVE('',#3666,#3665,#1722,.T.);
#4509=EDGE_CURVE('',#3660,#3665,#1723,.T.);
#4510=EDGE_CURVE('',#3661,#3666,#1724,.T.);
#4511=EDGE_CURVE('',#3667,#3668,#1725,.T.);
#4512=EDGE_CURVE('',#3668,#3669,#1726,.T.);
#4513=EDGE_CURVE('',#3669,#3670,#1727,.T.);
#4514=EDGE_CURVE('',#3670,#3667,#1728,.T.);
#4515=EDGE_CURVE('',#3671,#3672,#1729,.T.);
#4516=EDGE_CURVE('',#3673,#3671,#1730,.T.);
#4517=EDGE_CURVE('',#3674,#3673,#1731,.T.);
#4518=EDGE_CURVE('',#3672,#3674,#1732,.T.);
#4519=EDGE_CURVE('',#3668,#3671,#1733,.T.);
#4520=EDGE_CURVE('',#3667,#3673,#1734,.T.);
#4521=EDGE_CURVE('',#3672,#3669,#1735,.T.);
#4522=EDGE_CURVE('',#3670,#3674,#1736,.T.);
#4523=EDGE_CURVE('',#3675,#3676,#1737,.T.);
#4524=EDGE_CURVE('',#3677,#3676,#1738,.T.);
#4525=EDGE_CURVE('',#3678,#3677,#1739,.T.);
#4526=EDGE_CURVE('',#3678,#3675,#1740,.T.);
#4527=EDGE_CURVE('',#3679,#3675,#1741,.T.);
#4528=EDGE_CURVE('',#3680,#3678,#1742,.T.);
#4529=EDGE_CURVE('',#3679,#3680,#1743,.T.);
#4530=EDGE_CURVE('',#3681,#3679,#1744,.T.);
#4531=EDGE_CURVE('',#3682,#3680,#1745,.T.);
#4532=EDGE_CURVE('',#3682,#3681,#1746,.T.);
#4533=EDGE_CURVE('',#3676,#3681,#1747,.T.);
#4534=EDGE_CURVE('',#3677,#3682,#1748,.T.);
#4535=EDGE_CURVE('',#3683,#3684,#1749,.T.);
#4536=EDGE_CURVE('',#3684,#3685,#1750,.T.);
#4537=EDGE_CURVE('',#3685,#3686,#1751,.T.);
#4538=EDGE_CURVE('',#3686,#3683,#1752,.T.);
#4539=EDGE_CURVE('',#3687,#3688,#1753,.T.);
#4540=EDGE_CURVE('',#3689,#3687,#1754,.T.);
#4541=EDGE_CURVE('',#3690,#3689,#1755,.T.);
#4542=EDGE_CURVE('',#3688,#3690,#1756,.T.);
#4543=EDGE_CURVE('',#3684,#3687,#1757,.T.);
#4544=EDGE_CURVE('',#3683,#3689,#1758,.T.);
#4545=EDGE_CURVE('',#3688,#3685,#1759,.T.);
#4546=EDGE_CURVE('',#3686,#3690,#1760,.T.);
#4547=EDGE_CURVE('',#3691,#3692,#1761,.T.);
#4548=EDGE_CURVE('',#3693,#3692,#1762,.T.);
#4549=EDGE_CURVE('',#3694,#3693,#1763,.T.);
#4550=EDGE_CURVE('',#3694,#3691,#1764,.T.);
#4551=EDGE_CURVE('',#3695,#3691,#1765,.T.);
#4552=EDGE_CURVE('',#3696,#3694,#1766,.T.);
#4553=EDGE_CURVE('',#3695,#3696,#1767,.T.);
#4554=EDGE_CURVE('',#3697,#3695,#1768,.T.);
#4555=EDGE_CURVE('',#3698,#3696,#1769,.T.);
#4556=EDGE_CURVE('',#3698,#3697,#1770,.T.);
#4557=EDGE_CURVE('',#3692,#3697,#1771,.T.);
#4558=EDGE_CURVE('',#3693,#3698,#1772,.T.);
#4559=EDGE_CURVE('',#3699,#3700,#1773,.T.);
#4560=EDGE_CURVE('',#3700,#3701,#1774,.T.);
#4561=EDGE_CURVE('',#3701,#3702,#1775,.T.);
#4562=EDGE_CURVE('',#3702,#3699,#1776,.T.);
#4563=EDGE_CURVE('',#3703,#3704,#1777,.T.);
#4564=EDGE_CURVE('',#3705,#3703,#1778,.T.);
#4565=EDGE_CURVE('',#3706,#3705,#1779,.T.);
#4566=EDGE_CURVE('',#3704,#3706,#1780,.T.);
#4567=EDGE_CURVE('',#3700,#3703,#1781,.T.);
#4568=EDGE_CURVE('',#3699,#3705,#1782,.T.);
#4569=EDGE_CURVE('',#3704,#3701,#1783,.T.);
#4570=EDGE_CURVE('',#3702,#3706,#1784,.T.);
#4571=EDGE_CURVE('',#3707,#3707,#306,.T.);
#4572=EDGE_CURVE('',#3707,#3708,#307,.T.);
#4573=EDGE_CURVE('',#3708,#3708,#308,.T.);
#4574=EDGE_CURVE('',#3709,#3710,#1785,.T.);
#4575=EDGE_CURVE('',#3710,#3711,#1786,.T.);
#4576=EDGE_CURVE('',#3711,#3712,#1787,.T.);
#4577=EDGE_CURVE('',#3712,#3713,#1788,.T.);
#4578=EDGE_CURVE('',#3713,#3714,#1789,.T.);
#4579=EDGE_CURVE('',#3714,#3715,#1790,.T.);
#4580=EDGE_CURVE('',#3715,#3716,#1791,.T.);
#4581=EDGE_CURVE('',#3716,#3717,#1792,.T.);
#4582=EDGE_CURVE('',#3717,#3718,#1793,.T.);
#4583=EDGE_CURVE('',#3718,#3719,#1794,.T.);
#4584=EDGE_CURVE('',#3719,#3720,#1795,.T.);
#4585=EDGE_CURVE('',#3720,#3709,#1796,.T.);
#4586=EDGE_CURVE('',#3709,#3721,#1797,.T.);
#4587=EDGE_CURVE('',#3721,#3722,#1798,.T.);
#4588=EDGE_CURVE('',#3710,#3722,#1799,.T.);
#4589=EDGE_CURVE('',#3720,#3723,#1800,.T.);
#4590=EDGE_CURVE('',#3723,#3721,#1801,.T.);
#4591=EDGE_CURVE('',#3719,#3724,#1802,.T.);
#4592=EDGE_CURVE('',#3724,#3723,#1803,.T.);
#4593=EDGE_CURVE('',#3718,#3725,#1804,.T.);
#4594=EDGE_CURVE('',#3725,#3724,#1805,.T.);
#4595=EDGE_CURVE('',#3717,#3726,#1806,.T.);
#4596=EDGE_CURVE('',#3726,#3725,#1807,.T.);
#4597=EDGE_CURVE('',#3716,#3727,#1808,.T.);
#4598=EDGE_CURVE('',#3727,#3726,#1809,.T.);
#4599=EDGE_CURVE('',#3715,#3728,#1810,.T.);
#4600=EDGE_CURVE('',#3728,#3727,#1811,.T.);
#4601=EDGE_CURVE('',#3714,#3729,#1812,.T.);
#4602=EDGE_CURVE('',#3729,#3728,#1813,.T.);
#4603=EDGE_CURVE('',#3713,#3730,#1814,.T.);
#4604=EDGE_CURVE('',#3730,#3729,#1815,.T.);
#4605=EDGE_CURVE('',#3712,#3731,#1816,.T.);
#4606=EDGE_CURVE('',#3731,#3730,#1817,.T.);
#4607=EDGE_CURVE('',#3711,#3732,#1818,.T.);
#4608=EDGE_CURVE('',#3732,#3731,#1819,.T.);
#4609=EDGE_CURVE('',#3722,#3732,#1820,.T.);
#4610=EDGE_CURVE('',#3733,#3734,#309,.T.);
#4611=EDGE_CURVE('',#3735,#3733,#1821,.T.);
#4612=EDGE_CURVE('',#3736,#3735,#310,.T.);
#4613=EDGE_CURVE('',#3734,#3736,#1822,.T.);
#4614=EDGE_CURVE('',#3737,#3737,#311,.T.);
#4615=EDGE_CURVE('',#3737,#3738,#312,.T.);
#4616=EDGE_CURVE('',#3738,#3738,#313,.T.);
#4617=EDGE_CURVE('',#3739,#3740,#1823,.T.);
#4618=EDGE_CURVE('',#3740,#3741,#1824,.T.);
#4619=EDGE_CURVE('',#3741,#3742,#1825,.T.);
#4620=EDGE_CURVE('',#3742,#3743,#1826,.T.);
#4621=EDGE_CURVE('',#3743,#3744,#1827,.T.);
#4622=EDGE_CURVE('',#3744,#3745,#1828,.T.);
#4623=EDGE_CURVE('',#3745,#3746,#1829,.T.);
#4624=EDGE_CURVE('',#3746,#3747,#1830,.T.);
#4625=EDGE_CURVE('',#3747,#3748,#1831,.T.);
#4626=EDGE_CURVE('',#3748,#3749,#1832,.T.);
#4627=EDGE_CURVE('',#3749,#3750,#1833,.T.);
#4628=EDGE_CURVE('',#3750,#3739,#1834,.T.);
#4629=EDGE_CURVE('',#3739,#3751,#1835,.T.);
#4630=EDGE_CURVE('',#3751,#3752,#1836,.T.);
#4631=EDGE_CURVE('',#3740,#3752,#1837,.T.);
#4632=EDGE_CURVE('',#3750,#3753,#1838,.T.);
#4633=EDGE_CURVE('',#3753,#3751,#1839,.T.);
#4634=EDGE_CURVE('',#3749,#3754,#1840,.T.);
#4635=EDGE_CURVE('',#3754,#3753,#1841,.T.);
#4636=EDGE_CURVE('',#3748,#3755,#1842,.T.);
#4637=EDGE_CURVE('',#3755,#3754,#1843,.T.);
#4638=EDGE_CURVE('',#3747,#3756,#1844,.T.);
#4639=EDGE_CURVE('',#3756,#3755,#1845,.T.);
#4640=EDGE_CURVE('',#3746,#3757,#1846,.T.);
#4641=EDGE_CURVE('',#3757,#3756,#1847,.T.);
#4642=EDGE_CURVE('',#3745,#3758,#1848,.T.);
#4643=EDGE_CURVE('',#3758,#3757,#1849,.T.);
#4644=EDGE_CURVE('',#3744,#3759,#1850,.T.);
#4645=EDGE_CURVE('',#3759,#3758,#1851,.T.);
#4646=EDGE_CURVE('',#3743,#3760,#1852,.T.);
#4647=EDGE_CURVE('',#3760,#3759,#1853,.T.);
#4648=EDGE_CURVE('',#3742,#3761,#1854,.T.);
#4649=EDGE_CURVE('',#3761,#3760,#1855,.T.);
#4650=EDGE_CURVE('',#3741,#3762,#1856,.T.);
#4651=EDGE_CURVE('',#3762,#3761,#1857,.T.);
#4652=EDGE_CURVE('',#3752,#3762,#1858,.T.);
#4653=EDGE_CURVE('',#3763,#3764,#314,.T.);
#4654=EDGE_CURVE('',#3765,#3763,#1859,.T.);
#4655=EDGE_CURVE('',#3766,#3765,#315,.T.);
#4656=EDGE_CURVE('',#3767,#3766,#316,.T.);
#4657=EDGE_CURVE('',#3764,#3767,#1860,.T.);
#4658=EDGE_CURVE('',#3768,#3768,#317,.T.);
#4659=EDGE_CURVE('',#3768,#3769,#318,.T.);
#4660=EDGE_CURVE('',#3769,#3769,#319,.T.);
#4661=EDGE_CURVE('',#3770,#3771,#1861,.T.);
#4662=EDGE_CURVE('',#3771,#3772,#1862,.T.);
#4663=EDGE_CURVE('',#3772,#3773,#1863,.T.);
#4664=EDGE_CURVE('',#3773,#3774,#1864,.T.);
#4665=EDGE_CURVE('',#3774,#3775,#1865,.T.);
#4666=EDGE_CURVE('',#3775,#3776,#1866,.T.);
#4667=EDGE_CURVE('',#3776,#3777,#1867,.T.);
#4668=EDGE_CURVE('',#3777,#3778,#1868,.T.);
#4669=EDGE_CURVE('',#3778,#3779,#1869,.T.);
#4670=EDGE_CURVE('',#3779,#3780,#1870,.T.);
#4671=EDGE_CURVE('',#3780,#3781,#1871,.T.);
#4672=EDGE_CURVE('',#3781,#3770,#1872,.T.);
#4673=EDGE_CURVE('',#3770,#3782,#1873,.T.);
#4674=EDGE_CURVE('',#3782,#3783,#1874,.T.);
#4675=EDGE_CURVE('',#3771,#3783,#1875,.T.);
#4676=EDGE_CURVE('',#3781,#3784,#1876,.T.);
#4677=EDGE_CURVE('',#3784,#3782,#1877,.T.);
#4678=EDGE_CURVE('',#3780,#3785,#1878,.T.);
#4679=EDGE_CURVE('',#3785,#3784,#1879,.T.);
#4680=EDGE_CURVE('',#3779,#3786,#1880,.T.);
#4681=EDGE_CURVE('',#3786,#3785,#1881,.T.);
#4682=EDGE_CURVE('',#3778,#3787,#1882,.T.);
#4683=EDGE_CURVE('',#3787,#3786,#1883,.T.);
#4684=EDGE_CURVE('',#3777,#3788,#1884,.T.);
#4685=EDGE_CURVE('',#3788,#3787,#1885,.T.);
#4686=EDGE_CURVE('',#3776,#3789,#1886,.T.);
#4687=EDGE_CURVE('',#3789,#3788,#1887,.T.);
#4688=EDGE_CURVE('',#3775,#3790,#1888,.T.);
#4689=EDGE_CURVE('',#3790,#3789,#1889,.T.);
#4690=EDGE_CURVE('',#3774,#3791,#1890,.T.);
#4691=EDGE_CURVE('',#3791,#3790,#1891,.T.);
#4692=EDGE_CURVE('',#3773,#3792,#1892,.T.);
#4693=EDGE_CURVE('',#3792,#3791,#1893,.T.);
#4694=EDGE_CURVE('',#3772,#3793,#1894,.T.);
#4695=EDGE_CURVE('',#3793,#3792,#1895,.T.);
#4696=EDGE_CURVE('',#3783,#3793,#1896,.T.);
#4697=EDGE_CURVE('',#3794,#3795,#320,.T.);
#4698=EDGE_CURVE('',#3796,#3794,#1897,.T.);
#4699=EDGE_CURVE('',#3797,#3796,#321,.T.);
#4700=EDGE_CURVE('',#3795,#3797,#1898,.T.);
#4701=EDGE_CURVE('',#3798,#3798,#322,.T.);
#4702=EDGE_CURVE('',#3798,#3799,#323,.T.);
#4703=EDGE_CURVE('',#3799,#3799,#324,.T.);
#4704=EDGE_CURVE('',#3800,#3801,#1899,.T.);
#4705=EDGE_CURVE('',#3801,#3802,#1900,.T.);
#4706=EDGE_CURVE('',#3802,#3803,#1901,.T.);
#4707=EDGE_CURVE('',#3803,#3804,#1902,.T.);
#4708=EDGE_CURVE('',#3804,#3805,#1903,.T.);
#4709=EDGE_CURVE('',#3805,#3806,#1904,.T.);
#4710=EDGE_CURVE('',#3806,#3807,#1905,.T.);
#4711=EDGE_CURVE('',#3807,#3808,#1906,.T.);
#4712=EDGE_CURVE('',#3808,#3809,#1907,.T.);
#4713=EDGE_CURVE('',#3809,#3810,#1908,.T.);
#4714=EDGE_CURVE('',#3810,#3811,#1909,.T.);
#4715=EDGE_CURVE('',#3811,#3800,#1910,.T.);
#4716=EDGE_CURVE('',#3800,#3812,#1911,.T.);
#4717=EDGE_CURVE('',#3812,#3813,#1912,.T.);
#4718=EDGE_CURVE('',#3801,#3813,#1913,.T.);
#4719=EDGE_CURVE('',#3811,#3814,#1914,.T.);
#4720=EDGE_CURVE('',#3814,#3812,#1915,.T.);
#4721=EDGE_CURVE('',#3810,#3815,#1916,.T.);
#4722=EDGE_CURVE('',#3815,#3814,#1917,.T.);
#4723=EDGE_CURVE('',#3809,#3816,#1918,.T.);
#4724=EDGE_CURVE('',#3816,#3815,#1919,.T.);
#4725=EDGE_CURVE('',#3808,#3817,#1920,.T.);
#4726=EDGE_CURVE('',#3817,#3816,#1921,.T.);
#4727=EDGE_CURVE('',#3807,#3818,#1922,.T.);
#4728=EDGE_CURVE('',#3818,#3817,#1923,.T.);
#4729=EDGE_CURVE('',#3806,#3819,#1924,.T.);
#4730=EDGE_CURVE('',#3819,#3818,#1925,.T.);
#4731=EDGE_CURVE('',#3805,#3820,#1926,.T.);
#4732=EDGE_CURVE('',#3820,#3819,#1927,.T.);
#4733=EDGE_CURVE('',#3804,#3821,#1928,.T.);
#4734=EDGE_CURVE('',#3821,#3820,#1929,.T.);
#4735=EDGE_CURVE('',#3803,#3822,#1930,.T.);
#4736=EDGE_CURVE('',#3822,#3821,#1931,.T.);
#4737=EDGE_CURVE('',#3802,#3823,#1932,.T.);
#4738=EDGE_CURVE('',#3823,#3822,#1933,.T.);
#4739=EDGE_CURVE('',#3813,#3823,#1934,.T.);
#4740=EDGE_CURVE('',#3824,#3825,#325,.T.);
#4741=EDGE_CURVE('',#3826,#3824,#1935,.T.);
#4742=EDGE_CURVE('',#3827,#3826,#326,.T.);
#4743=EDGE_CURVE('',#3825,#3827,#1936,.T.);
#4744=EDGE_CURVE('',#3828,#3829,#199,.F.);
#4745=EDGE_CURVE('',#3829,#3830,#327,.T.);
#4746=EDGE_CURVE('',#3830,#3831,#328,.T.);
#4747=EDGE_CURVE('',#3831,#3830,#329,.T.);
#4748=EDGE_CURVE('',#3829,#3832,#200,.F.);
#4749=EDGE_CURVE('',#3832,#3833,#159,.T.);
#4750=EDGE_CURVE('',#3834,#3833,#330,.T.);
#4751=EDGE_CURVE('',#3835,#3834,#160,.T.);
#4752=EDGE_CURVE('',#3835,#3836,#201,.T.);
#4753=EDGE_CURVE('',#3836,#3837,#161,.T.);
#4754=EDGE_CURVE('',#3838,#3837,#331,.T.);
#4755=EDGE_CURVE('',#3838,#3839,#162,.T.);
#4756=EDGE_CURVE('',#3839,#3840,#202,.F.);
#4757=EDGE_CURVE('',#3841,#3840,#163,.T.);
#4758=EDGE_CURVE('',#3842,#3841,#332,.T.);
#4759=EDGE_CURVE('',#3842,#3843,#164,.T.);
#4760=EDGE_CURVE('',#3843,#3844,#203,.T.);
#4761=EDGE_CURVE('',#3845,#3844,#165,.T.);
#4762=EDGE_CURVE('',#3846,#3845,#333,.T.);
#4763=EDGE_CURVE('',#3828,#3846,#166,.T.);
#4764=EDGE_CURVE('',#3837,#3847,#1937,.T.);
#4765=EDGE_CURVE('',#3847,#3838,#1938,.T.);
#4766=EDGE_CURVE('',#3848,#3841,#1939,.T.);
#4767=EDGE_CURVE('',#3848,#3842,#1940,.T.);
#4768=EDGE_CURVE('',#3849,#3845,#1941,.T.);
#4769=EDGE_CURVE('',#3846,#3849,#1942,.T.);
#4770=EDGE_CURVE('',#3834,#3850,#1943,.T.);
#4771=EDGE_CURVE('',#3833,#3850,#1944,.T.);
#4772=EDGE_CURVE('',#3851,#3850,#1945,.T.);
#4773=EDGE_CURVE('',#3852,#3851,#1946,.T.);
#4774=EDGE_CURVE('',#3852,#3835,#1947,.T.);
#4775=EDGE_CURVE('',#3853,#3836,#1948,.T.);
#4776=EDGE_CURVE('',#3853,#3854,#1949,.T.);
#4777=EDGE_CURVE('',#3854,#3847,#1950,.T.);
#4778=EDGE_CURVE('',#3855,#3844,#1951,.T.);
#4779=EDGE_CURVE('',#3856,#3855,#1952,.T.);
#4780=EDGE_CURVE('',#3856,#3849,#1953,.T.);
#4781=EDGE_CURVE('',#3852,#3853,#1954,.T.);
#4782=EDGE_CURVE('',#3857,#3848,#1955,.T.);
#4783=EDGE_CURVE('',#3857,#3858,#1956,.T.);
#4784=EDGE_CURVE('',#3858,#3843,#1957,.T.);
#4785=EDGE_CURVE('',#3858,#3855,#1958,.T.);
#4786=EDGE_CURVE('',#3857,#3859,#1959,.T.);
#4787=EDGE_CURVE('',#3860,#3859,#1960,.T.);
#4788=EDGE_CURVE('',#3854,#3860,#1961,.T.);
#4789=EDGE_CURVE('',#3861,#3851,#1962,.T.);
#4790=EDGE_CURVE('',#3862,#3861,#1963,.T.);
#4791=EDGE_CURVE('',#3862,#3856,#1964,.T.);
#4792=EDGE_CURVE('',#3860,#3839,#1965,.T.);
#4793=EDGE_CURVE('',#3859,#3840,#1966,.T.);
#4794=EDGE_CURVE('',#3862,#3828,#1967,.T.);
#4795=EDGE_CURVE('',#3861,#3832,#1968,.T.);
#4796=EDGE_CURVE('',#3831,#3863,#1969,.T.);
#4797=EDGE_CURVE('',#3863,#3863,#334,.T.);
#4798=EDGE_CURVE('',#3864,#3864,#335,.T.);
#4799=EDGE_CURVE('',#3864,#3865,#1970,.T.);
#4800=EDGE_CURVE('',#3865,#3865,#336,.T.);
#4801=EDGE_CURVE('',#3866,#3867,#1971,.T.);
#4802=EDGE_CURVE('',#3868,#3867,#1972,.T.);
#4803=EDGE_CURVE('',#3868,#3869,#1973,.T.);
#4804=EDGE_CURVE('',#3869,#3870,#1974,.T.);
#4805=EDGE_CURVE('',#3870,#3871,#1975,.T.);
#4806=EDGE_CURVE('',#3871,#3872,#1976,.T.);
#4807=EDGE_CURVE('',#3872,#3873,#1977,.T.);
#4808=EDGE_CURVE('',#3873,#3874,#1978,.T.);
#4809=EDGE_CURVE('',#3874,#3875,#1979,.T.);
#4810=EDGE_CURVE('',#3875,#3876,#1980,.T.);
#4811=EDGE_CURVE('',#3876,#3877,#1981,.T.);
#4812=EDGE_CURVE('',#3877,#3866,#1982,.T.);
#4813=EDGE_CURVE('',#3878,#3879,#1983,.T.);
#4814=EDGE_CURVE('',#3879,#3880,#1984,.T.);
#4815=EDGE_CURVE('',#3880,#3881,#1985,.T.);
#4816=EDGE_CURVE('',#3882,#3881,#1986,.T.);
#4817=EDGE_CURVE('',#3883,#3882,#1987,.T.);
#4818=EDGE_CURVE('',#3884,#3883,#1988,.T.);
#4819=EDGE_CURVE('',#3885,#3884,#1989,.T.);
#4820=EDGE_CURVE('',#3878,#3885,#1990,.T.);
#4821=EDGE_CURVE('',#3886,#3887,#337,.T.);
#4822=EDGE_CURVE('',#3887,#3888,#1991,.T.);
#4823=EDGE_CURVE('',#3888,#3888,#338,.T.);
#4824=EDGE_CURVE('',#3887,#3886,#339,.T.);
#4825=EDGE_CURVE('',#3889,#3890,#340,.T.);
#4826=EDGE_CURVE('',#3890,#3891,#1992,.T.);
#4827=EDGE_CURVE('',#3891,#3891,#341,.T.);
#4828=EDGE_CURVE('',#3890,#3889,#342,.T.);
#4829=EDGE_CURVE('',#3892,#3893,#1993,.T.);
#4830=EDGE_CURVE('',#3893,#3894,#204,.T.);
#4831=EDGE_CURVE('',#3895,#3894,#343,.T.);
#4832=EDGE_CURVE('',#3895,#3892,#205,.T.);
#4833=EDGE_CURVE('',#3894,#3896,#206,.T.);
#4834=EDGE_CURVE('',#3896,#3897,#207,.T.);
#4835=EDGE_CURVE('',#3897,#3895,#208,.T.);
#4836=EDGE_CURVE('',#3898,#3899,#209,.T.);
#4837=EDGE_CURVE('',#3899,#3897,#1994,.T.);
#4838=EDGE_CURVE('',#3896,#3898,#1995,.T.);
#4839=EDGE_CURVE('',#3900,#3901,#210,.F.);
#4840=EDGE_CURVE('',#3900,#3899,#1996,.T.);
#4841=EDGE_CURVE('',#3898,#3901,#1997,.T.);
#4842=EDGE_CURVE('',#3899,#3902,#1998,.T.);
#4843=EDGE_CURVE('',#3903,#3902,#344,.T.);
#4844=EDGE_CURVE('',#3903,#3892,#1999,.T.);
#4845=EDGE_CURVE('',#3900,#3904,#2000,.T.);
#4846=EDGE_CURVE('',#3904,#3905,#2001,.T.);
#4847=EDGE_CURVE('',#3906,#3905,#2002,.T.);
#4848=EDGE_CURVE('',#3902,#3906,#2003,.T.);
#4849=EDGE_CURVE('',#3907,#3908,#2004,.T.);
#4850=EDGE_CURVE('',#3908,#3909,#211,.T.);
#4851=EDGE_CURVE('',#3910,#3909,#345,.T.);
#4852=EDGE_CURVE('',#3910,#3907,#212,.T.);
#4853=EDGE_CURVE('',#3911,#3912,#213,.T.);
#4854=EDGE_CURVE('',#3912,#3913,#2005,.T.);
#4855=EDGE_CURVE('',#3913,#3914,#214,.T.);
#4856=EDGE_CURVE('',#3914,#3911,#2006,.T.);
#4857=EDGE_CURVE('',#3915,#3916,#215,.T.);
#4858=EDGE_CURVE('',#3916,#3914,#2007,.T.);
#4859=EDGE_CURVE('',#3913,#3915,#2008,.T.);
#4860=EDGE_CURVE('',#3909,#3916,#216,.T.);
#4861=EDGE_CURVE('',#3915,#3910,#217,.T.);
#4862=EDGE_CURVE('',#3915,#3917,#2009,.T.);
#4863=EDGE_CURVE('',#3917,#3918,#346,.F.);
#4864=EDGE_CURVE('',#3918,#3907,#2010,.T.);
#4865=EDGE_CURVE('',#3912,#3919,#2011,.T.);
#4866=EDGE_CURVE('',#3917,#3919,#2012,.T.);
#4867=EDGE_CURVE('',#3918,#3920,#347,.F.);
#4868=EDGE_CURVE('',#3920,#3917,#348,.F.);
#4869=EDGE_CURVE('',#3919,#3921,#349,.T.);
#4870=EDGE_CURVE('',#3921,#3920,#2013,.T.);
#4871=EDGE_CURVE('',#3922,#3923,#350,.F.);
#4872=EDGE_CURVE('',#3924,#3922,#351,.F.);
#4873=EDGE_CURVE('',#3923,#3924,#352,.F.);
#4874=EDGE_CURVE('',#3893,#3924,#2014,.T.);
#4875=EDGE_CURVE('',#3922,#3896,#2015,.T.);
#4876=EDGE_CURVE('',#3920,#3923,#2016,.T.);
#4877=EDGE_CURVE('',#3924,#3918,#2017,.T.);
#4878=EDGE_CURVE('',#3925,#3926,#353,.T.);
#4879=EDGE_CURVE('',#3926,#3922,#2018,.T.);
#4880=EDGE_CURVE('',#3923,#3925,#2019,.T.);
#4881=EDGE_CURVE('',#3927,#3903,#354,.T.);
#4882=EDGE_CURVE('',#3927,#3928,#2020,.T.);
#4883=EDGE_CURVE('',#3929,#3928,#355,.T.);
#4884=EDGE_CURVE('',#3930,#3929,#2021,.T.);
#4885=EDGE_CURVE('',#3931,#3930,#356,.T.);
#4886=EDGE_CURVE('',#3931,#3932,#2022,.T.);
#4887=EDGE_CURVE('',#3933,#3932,#357,.T.);
#4888=EDGE_CURVE('',#3934,#3933,#2023,.T.);
#4889=EDGE_CURVE('',#3935,#3934,#358,.T.);
#4890=EDGE_CURVE('',#3935,#3936,#2024,.T.);
#4891=EDGE_CURVE('',#3937,#3936,#359,.T.);
#4892=EDGE_CURVE('',#3938,#3937,#2025,.T.);
#4893=EDGE_CURVE('',#3939,#3938,#360,.T.);
#4894=EDGE_CURVE('',#3940,#3939,#2026,.T.);
#4895=EDGE_CURVE('',#3941,#3940,#361,.T.);
#4896=EDGE_CURVE('',#3908,#3941,#2027,.T.);
#4897=EDGE_CURVE('',#3942,#3942,#362,.T.);
#4898=EDGE_CURVE('',#3943,#3943,#363,.T.);
#4899=EDGE_CURVE('',#3944,#3944,#364,.T.);
#4900=EDGE_CURVE('',#3945,#3945,#365,.T.);
#4901=EDGE_CURVE('',#3946,#3946,#366,.T.);
#4902=EDGE_CURVE('',#3947,#3941,#367,.T.);
#4903=EDGE_CURVE('',#3940,#3948,#368,.T.);
#4904=EDGE_CURVE('',#3948,#3947,#369,.T.);
#4905=EDGE_CURVE('',#3949,#3950,#370,.T.);
#4906=EDGE_CURVE('',#3950,#3947,#2028,.T.);
#4907=EDGE_CURVE('',#3948,#3949,#2029,.T.);
#4908=EDGE_CURVE('',#3951,#3948,#2030,.T.);
#4909=EDGE_CURVE('',#3952,#3951,#2031,.T.);
#4910=EDGE_CURVE('',#3949,#3952,#2032,.T.);
#4911=EDGE_CURVE('',#3951,#3939,#371,.T.);
#4912=EDGE_CURVE('',#3938,#3953,#372,.T.);
#4913=EDGE_CURVE('',#3953,#3951,#373,.T.);
#4914=EDGE_CURVE('',#3954,#3952,#374,.T.);
#4915=EDGE_CURVE('',#3953,#3954,#2033,.T.);
#4916=EDGE_CURVE('',#3955,#3953,#2034,.T.);
#4917=EDGE_CURVE('',#3956,#3955,#2035,.T.);
#4918=EDGE_CURVE('',#3954,#3956,#2036,.T.);
#4919=EDGE_CURVE('',#3955,#3937,#375,.T.);
#4920=EDGE_CURVE('',#3957,#3929,#376,.T.);
#4921=EDGE_CURVE('',#3928,#3958,#377,.T.);
#4922=EDGE_CURVE('',#3958,#3957,#378,.T.);
#4923=EDGE_CURVE('',#3959,#3960,#379,.T.);
#4924=EDGE_CURVE('',#3960,#3957,#2037,.T.);
#4925=EDGE_CURVE('',#3958,#3959,#2038,.T.);
#4926=EDGE_CURVE('',#3958,#3961,#2039,.T.);
#4927=EDGE_CURVE('',#3962,#3961,#2040,.T.);
#4928=EDGE_CURVE('',#3959,#3962,#2041,.F.);
#4929=EDGE_CURVE('',#3961,#3927,#380,.T.);
#4930=EDGE_CURVE('',#3902,#3961,#381,.T.);
#4931=EDGE_CURVE('',#3906,#3962,#382,.T.);
#4932=EDGE_CURVE('',#3963,#3933,#383,.T.);
#4933=EDGE_CURVE('',#3932,#3964,#384,.T.);
#4934=EDGE_CURVE('',#3964,#3963,#385,.T.);
#4935=EDGE_CURVE('',#3965,#3966,#386,.T.);
#4936=EDGE_CURVE('',#3966,#3963,#2042,.T.);
#4937=EDGE_CURVE('',#3964,#3965,#2043,.T.);
#4938=EDGE_CURVE('',#3964,#3967,#2044,.T.);
#4939=EDGE_CURVE('',#3968,#3967,#2045,.T.);
#4940=EDGE_CURVE('',#3965,#3968,#2046,.F.);
#4941=EDGE_CURVE('',#3967,#3931,#387,.T.);
#4942=EDGE_CURVE('',#3930,#3969,#388,.T.);
#4943=EDGE_CURVE('',#3969,#3967,#389,.T.);
#4944=EDGE_CURVE('',#3970,#3968,#390,.T.);
#4945=EDGE_CURVE('',#3969,#3970,#2047,.T.);
#4946=EDGE_CURVE('',#3960,#3970,#2048,.F.);
#4947=EDGE_CURVE('',#3957,#3969,#2049,.T.);
#4948=EDGE_CURVE('',#3936,#3971,#391,.T.);
#4949=EDGE_CURVE('',#3971,#3955,#392,.T.);
#4950=EDGE_CURVE('',#3972,#3956,#393,.T.);
#4951=EDGE_CURVE('',#3971,#3972,#2050,.T.);
#4952=EDGE_CURVE('',#3971,#3973,#2051,.T.);
#4953=EDGE_CURVE('',#3974,#3973,#2052,.T.);
#4954=EDGE_CURVE('',#3972,#3974,#2053,.F.);
#4955=EDGE_CURVE('',#3973,#3935,#394,.T.);
#4956=EDGE_CURVE('',#3934,#3975,#395,.T.);
#4957=EDGE_CURVE('',#3975,#3973,#396,.T.);
#4958=EDGE_CURVE('',#3976,#3974,#397,.T.);
#4959=EDGE_CURVE('',#3975,#3976,#2054,.T.);
#4960=EDGE_CURVE('',#3976,#3966,#2055,.T.);
#4961=EDGE_CURVE('',#3963,#3975,#2056,.T.);
#4962=EDGE_CURVE('',#3904,#3883,#2057,.T.);
#4963=EDGE_CURVE('',#3977,#3882,#2058,.T.);
#4964=EDGE_CURVE('',#3905,#3977,#2059,.T.);
#4965=EDGE_CURVE('',#3978,#3979,#2060,.T.);
#4966=EDGE_CURVE('',#3980,#3978,#2061,.T.);
#4967=EDGE_CURVE('',#3885,#3980,#2062,.T.);
#4968=EDGE_CURVE('',#3979,#3884,#2063,.T.);
#4969=EDGE_CURVE('',#3947,#3914,#2064,.T.);
#4970=EDGE_CURVE('',#3978,#3950,#2065,.T.);
#4971=EDGE_CURVE('',#3979,#3911,#2066,.T.);
#4972=EDGE_CURVE('',#3901,#3926,#2067,.T.);
#4973=EDGE_CURVE('',#3921,#3925,#2068,.T.);
#4974=EDGE_CURVE('',#3981,#3982,#398,.T.);
#4975=EDGE_CURVE('',#3982,#3942,#2069,.T.);
#4976=EDGE_CURVE('',#3982,#3981,#399,.T.);
#4977=EDGE_CURVE('',#3983,#3983,#400,.T.);
#4978=EDGE_CURVE('',#3983,#3981,#2070,.T.);
#4979=EDGE_CURVE('',#3863,#3946,#2071,.T.);
#4980=EDGE_CURVE('',#3891,#3945,#2072,.T.);
#4981=EDGE_CURVE('',#3865,#3944,#2073,.T.);
#4982=EDGE_CURVE('',#3888,#3943,#2074,.T.);
#4983=EDGE_CURVE('',#3984,#3980,#2075,.T.);
#4984=EDGE_CURVE('',#3977,#3985,#2076,.T.);
#4985=EDGE_CURVE('',#3986,#3985,#401,.T.);
#4986=EDGE_CURVE('',#3987,#3986,#2077,.T.);
#4987=EDGE_CURVE('',#3988,#3987,#402,.T.);
#4988=EDGE_CURVE('',#3989,#3988,#2078,.T.);
#4989=EDGE_CURVE('',#3990,#3989,#403,.T.);
#4990=EDGE_CURVE('',#3991,#3990,#2079,.T.);
#4991=EDGE_CURVE('',#3992,#3991,#404,.T.);
#4992=EDGE_CURVE('',#3992,#3993,#2080,.T.);
#4993=EDGE_CURVE('',#3994,#3993,#405,.T.);
#4994=EDGE_CURVE('',#3994,#3995,#2081,.T.);
#4995=EDGE_CURVE('',#3996,#3995,#406,.T.);
#4996=EDGE_CURVE('',#3996,#3997,#2082,.T.);
#4997=EDGE_CURVE('',#3998,#3997,#407,.T.);
#4998=EDGE_CURVE('',#3998,#3999,#2083,.T.);
#4999=EDGE_CURVE('',#3984,#3999,#408,.T.);
#5000=EDGE_CURVE('',#4000,#4000,#409,.T.);
#5001=EDGE_CURVE('',#3881,#4001,#2084,.T.);
#5002=EDGE_CURVE('',#4001,#3977,#2085,.T.);
#5003=EDGE_CURVE('',#3867,#4002,#2086,.T.);
#5004=EDGE_CURVE('',#4002,#4003,#2087,.T.);
#5005=EDGE_CURVE('',#4003,#3868,#2088,.T.);
#5006=EDGE_CURVE('',#4004,#4004,#410,.F.);
#5007=EDGE_CURVE('',#4005,#4005,#411,.F.);
#5008=EDGE_CURVE('',#4006,#4006,#412,.F.);
#5009=EDGE_CURVE('',#4007,#4007,#413,.F.);
#5010=EDGE_CURVE('',#4008,#4008,#414,.F.);
#5011=EDGE_CURVE('',#4009,#4009,#415,.F.);
#5012=EDGE_CURVE('',#4010,#4010,#416,.F.);
#5013=EDGE_CURVE('',#4011,#4011,#417,.F.);
#5014=EDGE_CURVE('',#4012,#4012,#418,.T.);
#5015=EDGE_CURVE('',#4012,#4013,#2089,.T.);
#5016=EDGE_CURVE('',#4013,#4013,#419,.T.);
#5017=EDGE_CURVE('',#4014,#4014,#420,.T.);
#5018=EDGE_CURVE('',#4014,#4015,#2090,.T.);
#5019=EDGE_CURVE('',#4015,#4015,#421,.T.);
#5020=EDGE_CURVE('',#4016,#4016,#422,.T.);
#5021=EDGE_CURVE('',#4017,#4018,#2091,.T.);
#5022=EDGE_CURVE('',#3735,#4017,#2092,.T.);
#5023=EDGE_CURVE('',#4018,#3733,#2093,.T.);
#5024=EDGE_CURVE('',#4019,#4020,#2094,.T.);
#5025=EDGE_CURVE('',#4019,#3734,#2095,.T.);
#5026=EDGE_CURVE('',#4020,#3736,#2096,.T.);
#5027=EDGE_CURVE('',#4021,#4019,#423,.T.);
#5028=EDGE_CURVE('',#4018,#4021,#424,.T.);
#5029=EDGE_CURVE('',#4022,#4023,#2097,.T.);
#5030=EDGE_CURVE('',#3796,#4022,#2098,.T.);
#5031=EDGE_CURVE('',#4023,#3794,#2099,.T.);
#5032=EDGE_CURVE('',#4024,#4025,#2100,.T.);
#5033=EDGE_CURVE('',#4024,#3795,#2101,.T.);
#5034=EDGE_CURVE('',#4025,#3797,#2102,.T.);
#5035=EDGE_CURVE('',#4026,#4024,#425,.T.);
#5036=EDGE_CURVE('',#4023,#4026,#426,.T.);
#5037=EDGE_CURVE('',#4027,#4028,#2103,.T.);
#5038=EDGE_CURVE('',#3826,#4027,#2104,.T.);
#5039=EDGE_CURVE('',#4028,#3824,#2105,.T.);
#5040=EDGE_CURVE('',#4029,#4030,#2106,.T.);
#5041=EDGE_CURVE('',#4029,#3825,#2107,.T.);
#5042=EDGE_CURVE('',#4030,#3827,#2108,.T.);
#5043=EDGE_CURVE('',#4031,#4029,#427,.T.);
#5044=EDGE_CURVE('',#4028,#4031,#428,.T.);
#5045=EDGE_CURVE('',#4032,#4033,#2109,.T.);
#5046=EDGE_CURVE('',#3765,#4032,#2110,.T.);
#5047=EDGE_CURVE('',#4033,#3763,#2111,.T.);
#5048=EDGE_CURVE('',#4034,#4035,#2112,.T.);
#5049=EDGE_CURVE('',#4034,#3764,#2113,.T.);
#5050=EDGE_CURVE('',#4035,#3767,#2114,.T.);
#5051=EDGE_CURVE('',#4036,#4034,#429,.T.);
#5052=EDGE_CURVE('',#4033,#4036,#430,.T.);
#5053=EDGE_CURVE('',#4031,#4036,#431,.T.);
#5054=EDGE_CURVE('',#4035,#4027,#432,.T.);
#5055=EDGE_CURVE('',#4037,#4037,#433,.T.);
#5056=EDGE_CURVE('',#4025,#4032,#434,.T.);
#5057=EDGE_CURVE('',#4036,#4026,#435,.T.);
#5058=EDGE_CURVE('',#4038,#4038,#436,.T.);
#5059=EDGE_CURVE('',#4020,#4022,#437,.T.);
#5060=EDGE_CURVE('',#4026,#4021,#438,.T.);
#5061=EDGE_CURVE('',#4039,#4039,#439,.T.);
#5062=EDGE_CURVE('',#4021,#4031,#440,.T.);
#5063=EDGE_CURVE('',#4030,#4017,#441,.T.);
#5064=EDGE_CURVE('',#4040,#4040,#442,.T.);
#5065=EDGE_CURVE('',#3766,#4041,#2115,.T.);
#5066=EDGE_CURVE('',#4041,#4041,#443,.T.);
#5067=EDGE_CURVE('',#4042,#4042,#444,.T.);
#5068=EDGE_CURVE('',#4043,#4043,#445,.T.);
#5069=EDGE_CURVE('',#4044,#4044,#446,.T.);
#5070=EDGE_CURVE('',#4045,#4045,#447,.T.);
#5071=EDGE_CURVE('',#4046,#4046,#448,.T.);
#5072=EDGE_CURVE('',#4047,#4047,#449,.T.);
#5073=EDGE_CURVE('',#4048,#4048,#450,.T.);
#5074=EDGE_CURVE('',#4049,#4049,#451,.T.);
#5075=EDGE_CURVE('',#4050,#4050,#452,.T.);
#5076=EDGE_CURVE('',#4050,#4047,#2116,.T.);
#5077=EDGE_CURVE('',#4051,#4051,#453,.T.);
#5078=EDGE_CURVE('',#4051,#4046,#2117,.T.);
#5079=EDGE_CURVE('',#4052,#4053,#2118,.T.);
#5080=EDGE_CURVE('',#4052,#4054,#2119,.T.);
#5081=EDGE_CURVE('',#4054,#4055,#2120,.T.);
#5082=EDGE_CURVE('',#4053,#4055,#2121,.T.);
#5083=EDGE_CURVE('',#4056,#4052,#2122,.T.);
#5084=EDGE_CURVE('',#4056,#4057,#2123,.T.);
#5085=EDGE_CURVE('',#4057,#4054,#2124,.T.);
#5086=EDGE_CURVE('',#4058,#4056,#2125,.T.);
#5087=EDGE_CURVE('',#4058,#4059,#2126,.T.);
#5088=EDGE_CURVE('',#4059,#4057,#2127,.T.);
#5089=EDGE_CURVE('',#4060,#4058,#2128,.T.);
#5090=EDGE_CURVE('',#4060,#4061,#2129,.T.);
#5091=EDGE_CURVE('',#4061,#4059,#2130,.T.);
#5092=EDGE_CURVE('',#4062,#4060,#2131,.T.);
#5093=EDGE_CURVE('',#4062,#4063,#2132,.T.);
#5094=EDGE_CURVE('',#4063,#4061,#2133,.T.);
#5095=EDGE_CURVE('',#4053,#4062,#2134,.T.);
#5096=EDGE_CURVE('',#4055,#4063,#2135,.T.);
#5097=EDGE_CURVE('',#4064,#4064,#454,.T.);
#5098=EDGE_CURVE('',#4065,#4066,#2136,.T.);
#5099=EDGE_CURVE('',#4065,#4067,#2137,.T.);
#5100=EDGE_CURVE('',#4067,#4068,#2138,.T.);
#5101=EDGE_CURVE('',#4066,#4068,#2139,.T.);
#5102=EDGE_CURVE('',#4069,#4065,#2140,.T.);
#5103=EDGE_CURVE('',#4069,#4070,#2141,.T.);
#5104=EDGE_CURVE('',#4070,#4067,#2142,.T.);
#5105=EDGE_CURVE('',#4071,#4069,#2143,.T.);
#5106=EDGE_CURVE('',#4071,#4072,#2144,.T.);
#5107=EDGE_CURVE('',#4072,#4070,#2145,.T.);
#5108=EDGE_CURVE('',#4073,#4071,#2146,.T.);
#5109=EDGE_CURVE('',#4073,#4074,#2147,.T.);
#5110=EDGE_CURVE('',#4074,#4072,#2148,.T.);
#5111=EDGE_CURVE('',#4075,#4073,#2149,.T.);
#5112=EDGE_CURVE('',#4075,#4076,#2150,.T.);
#5113=EDGE_CURVE('',#4076,#4074,#2151,.T.);
#5114=EDGE_CURVE('',#4066,#4075,#2152,.T.);
#5115=EDGE_CURVE('',#4068,#4076,#2153,.T.);
#5116=EDGE_CURVE('',#4077,#4077,#455,.T.);
#5117=EDGE_CURVE('',#4078,#4079,#2154,.T.);
#5118=EDGE_CURVE('',#4078,#4080,#2155,.T.);
#5119=EDGE_CURVE('',#4080,#4081,#2156,.T.);
#5120=EDGE_CURVE('',#4079,#4081,#2157,.T.);
#5121=EDGE_CURVE('',#4082,#4078,#2158,.T.);
#5122=EDGE_CURVE('',#4082,#4083,#2159,.T.);
#5123=EDGE_CURVE('',#4083,#4080,#2160,.T.);
#5124=EDGE_CURVE('',#4084,#4082,#2161,.T.);
#5125=EDGE_CURVE('',#4084,#4085,#2162,.T.);
#5126=EDGE_CURVE('',#4085,#4083,#2163,.T.);
#5127=EDGE_CURVE('',#4086,#4084,#2164,.T.);
#5128=EDGE_CURVE('',#4086,#4087,#2165,.T.);
#5129=EDGE_CURVE('',#4087,#4085,#2166,.T.);
#5130=EDGE_CURVE('',#4088,#4086,#2167,.T.);
#5131=EDGE_CURVE('',#4088,#4089,#2168,.T.);
#5132=EDGE_CURVE('',#4089,#4087,#2169,.T.);
#5133=EDGE_CURVE('',#4079,#4088,#2170,.T.);
#5134=EDGE_CURVE('',#4081,#4089,#2171,.T.);
#5135=EDGE_CURVE('',#4090,#4090,#456,.T.);
#5136=EDGE_CURVE('',#4091,#4092,#2172,.T.);
#5137=EDGE_CURVE('',#4091,#4093,#2173,.T.);
#5138=EDGE_CURVE('',#4093,#4094,#2174,.T.);
#5139=EDGE_CURVE('',#4092,#4094,#2175,.T.);
#5140=EDGE_CURVE('',#4095,#4091,#2176,.T.);
#5141=EDGE_CURVE('',#4095,#4096,#2177,.T.);
#5142=EDGE_CURVE('',#4096,#4093,#2178,.T.);
#5143=EDGE_CURVE('',#4097,#4095,#2179,.T.);
#5144=EDGE_CURVE('',#4097,#4098,#2180,.T.);
#5145=EDGE_CURVE('',#4098,#4096,#2181,.T.);
#5146=EDGE_CURVE('',#4099,#4097,#2182,.T.);
#5147=EDGE_CURVE('',#4099,#4100,#2183,.T.);
#5148=EDGE_CURVE('',#4100,#4098,#2184,.T.);
#5149=EDGE_CURVE('',#4101,#4099,#2185,.T.);
#5150=EDGE_CURVE('',#4101,#4102,#2186,.T.);
#5151=EDGE_CURVE('',#4102,#4100,#2187,.T.);
#5152=EDGE_CURVE('',#4092,#4101,#2188,.T.);
#5153=EDGE_CURVE('',#4094,#4102,#2189,.T.);
#5154=EDGE_CURVE('',#4103,#4103,#457,.T.);
#5155=EDGE_CURVE('',#4104,#4104,#458,.T.);
#5156=EDGE_CURVE('',#4104,#4049,#2190,.T.);
#5157=EDGE_CURVE('',#4105,#4105,#459,.T.);
#5158=EDGE_CURVE('',#4105,#4048,#2191,.T.);
#5159=EDGE_CURVE('',#4106,#4106,#460,.T.);
#5160=EDGE_CURVE('',#4106,#4043,#2192,.T.);
#5161=EDGE_CURVE('',#4107,#4107,#461,.T.);
#5162=EDGE_CURVE('',#4107,#4042,#2193,.T.);
#5163=EDGE_CURVE('',#4108,#4108,#462,.T.);
#5164=EDGE_CURVE('',#4108,#4045,#2194,.T.);
#5165=EDGE_CURVE('',#4109,#4109,#463,.T.);
#5166=EDGE_CURVE('',#4109,#4044,#2195,.T.);
#5167=EDGE_CURVE('',#4110,#4110,#464,.T.);
#5168=EDGE_CURVE('',#4111,#4111,#465,.T.);
#5169=EDGE_CURVE('',#4112,#4112,#466,.T.);
#5170=EDGE_CURVE('',#4113,#4113,#467,.T.);
#5171=EDGE_CURVE('',#4114,#4114,#468,.T.);
#5172=EDGE_CURVE('',#4115,#4115,#469,.T.);
#5173=EDGE_CURVE('',#4116,#4116,#470,.T.);
#5174=EDGE_CURVE('',#4117,#4117,#471,.T.);
#5175=EDGE_CURVE('',#4118,#4119,#218,.T.);
#5176=EDGE_CURVE('',#4119,#4120,#2196,.T.);
#5177=EDGE_CURVE('',#4120,#4121,#219,.T.);
#5178=EDGE_CURVE('',#4121,#4122,#2197,.T.);
#5179=EDGE_CURVE('',#4122,#4123,#220,.T.);
#5180=EDGE_CURVE('',#4123,#4124,#2198,.T.);
#5181=EDGE_CURVE('',#4124,#4125,#221,.T.);
#5182=EDGE_CURVE('',#4125,#4126,#2199,.T.);
#5183=EDGE_CURVE('',#4126,#4127,#222,.T.);
#5184=EDGE_CURVE('',#4127,#4128,#2200,.T.);
#5185=EDGE_CURVE('',#4128,#4129,#223,.T.);
#5186=EDGE_CURVE('',#4129,#4130,#2201,.T.);
#5187=EDGE_CURVE('',#4130,#4131,#224,.T.);
#5188=EDGE_CURVE('',#4131,#4132,#2202,.T.);
#5189=EDGE_CURVE('',#4132,#4133,#225,.T.);
#5190=EDGE_CURVE('',#4133,#4118,#2203,.T.);
#5191=EDGE_CURVE('',#4064,#4111,#2204,.T.);
#5192=EDGE_CURVE('',#4103,#4115,#2205,.T.);
#5193=EDGE_CURVE('',#4090,#4117,#2206,.T.);
#5194=EDGE_CURVE('',#4077,#4113,#2207,.T.);
#5195=EDGE_CURVE('',#4134,#4135,#2208,.T.);
#5196=EDGE_CURVE('',#4135,#4118,#2209,.T.);
#5197=EDGE_CURVE('',#4134,#4133,#2210,.T.);
#5198=EDGE_CURVE('',#4136,#4134,#226,.T.);
#5199=EDGE_CURVE('',#4136,#4132,#2211,.T.);
#5200=EDGE_CURVE('',#4137,#4136,#2212,.T.);
#5201=EDGE_CURVE('',#4137,#4131,#2213,.T.);
#5202=EDGE_CURVE('',#4138,#4137,#227,.T.);
#5203=EDGE_CURVE('',#4138,#4130,#2214,.T.);
#5204=EDGE_CURVE('',#4139,#4138,#2215,.T.);
#5205=EDGE_CURVE('',#4139,#4129,#2216,.T.);
#5206=EDGE_CURVE('',#4140,#4139,#228,.T.);
#5207=EDGE_CURVE('',#4140,#4128,#2217,.T.);
#5208=EDGE_CURVE('',#4141,#4140,#2218,.T.);
#5209=EDGE_CURVE('',#4141,#4127,#2219,.T.);
#5210=EDGE_CURVE('',#4142,#4141,#229,.T.);
#5211=EDGE_CURVE('',#4142,#4126,#2220,.T.);
#5212=EDGE_CURVE('',#4143,#4142,#2221,.T.);
#5213=EDGE_CURVE('',#4143,#4125,#2222,.T.);
#5214=EDGE_CURVE('',#4144,#4143,#230,.T.);
#5215=EDGE_CURVE('',#4144,#4124,#2223,.T.);
#5216=EDGE_CURVE('',#4145,#4144,#2224,.T.);
#5217=EDGE_CURVE('',#4145,#4123,#2225,.T.);
#5218=EDGE_CURVE('',#4146,#4145,#231,.T.);
#5219=EDGE_CURVE('',#4146,#4122,#2226,.T.);
#5220=EDGE_CURVE('',#4147,#4146,#2227,.T.);
#5221=EDGE_CURVE('',#4147,#4121,#2228,.T.);
#5222=EDGE_CURVE('',#4148,#4147,#232,.T.);
#5223=EDGE_CURVE('',#4148,#4120,#2229,.T.);
#5224=EDGE_CURVE('',#4149,#4148,#2230,.T.);
#5225=EDGE_CURVE('',#4149,#4119,#2231,.T.);
#5226=EDGE_CURVE('',#4135,#4149,#233,.T.);
#5227=EDGE_CURVE('',#4150,#4151,#2232,.T.);
#5228=EDGE_CURVE('',#4152,#4150,#167,.T.);
#5229=EDGE_CURVE('',#4153,#4152,#2233,.T.);
#5230=EDGE_CURVE('',#4154,#4153,#168,.T.);
#5231=EDGE_CURVE('',#4155,#4154,#2234,.T.);
#5232=EDGE_CURVE('',#4156,#4155,#169,.T.);
#5233=EDGE_CURVE('',#4157,#4156,#2235,.T.);
#5234=EDGE_CURVE('',#4158,#4157,#170,.T.);
#5235=EDGE_CURVE('',#4159,#4158,#2236,.T.);
#5236=EDGE_CURVE('',#4160,#4159,#171,.T.);
#5237=EDGE_CURVE('',#4161,#4160,#2237,.T.);
#5238=EDGE_CURVE('',#4162,#4161,#172,.T.);
#5239=EDGE_CURVE('',#4163,#4162,#2238,.T.);
#5240=EDGE_CURVE('',#4164,#4163,#173,.T.);
#5241=EDGE_CURVE('',#4165,#4164,#2239,.T.);
#5242=EDGE_CURVE('',#4151,#4165,#174,.T.);
#5243=EDGE_CURVE('',#4037,#4166,#2240,.T.);
#5244=EDGE_CURVE('',#4166,#4166,#472,.T.);
#5245=EDGE_CURVE('',#4038,#4167,#2241,.T.);
#5246=EDGE_CURVE('',#4167,#4167,#473,.T.);
#5247=EDGE_CURVE('',#4040,#4168,#2242,.T.);
#5248=EDGE_CURVE('',#4168,#4168,#474,.T.);
#5249=EDGE_CURVE('',#4039,#4169,#2243,.T.);
#5250=EDGE_CURVE('',#4169,#4169,#475,.T.);
#5251=EDGE_CURVE('',#4016,#4036,#2244,.T.);
#5252=EDGE_CURVE('',#4170,#4170,#476,.T.);
#5253=EDGE_CURVE('',#4171,#4171,#477,.T.);
#5254=EDGE_CURVE('',#4172,#4172,#478,.T.);
#5255=EDGE_CURVE('',#4173,#4174,#479,.T.);
#5256=EDGE_CURVE('',#4175,#4173,#2245,.F.);
#5257=EDGE_CURVE('',#4176,#4175,#480,.T.);
#5258=EDGE_CURVE('',#4177,#4176,#2246,.T.);
#5259=EDGE_CURVE('',#4178,#4177,#481,.T.);
#5260=EDGE_CURVE('',#4179,#4178,#2247,.F.);
#5261=EDGE_CURVE('',#4180,#4179,#482,.T.);
#5262=EDGE_CURVE('',#4180,#4181,#2248,.F.);
#5263=EDGE_CURVE('',#4182,#4181,#483,.T.);
#5264=EDGE_CURVE('',#4183,#4182,#2249,.F.);
#5265=EDGE_CURVE('',#4184,#4183,#484,.T.);
#5266=EDGE_CURVE('',#4185,#4184,#2250,.T.);
#5267=EDGE_CURVE('',#4186,#4185,#485,.T.);
#5268=EDGE_CURVE('',#4187,#4186,#2251,.F.);
#5269=EDGE_CURVE('',#4188,#4187,#486,.T.);
#5270=EDGE_CURVE('',#4174,#4188,#2252,.T.);
#5271=EDGE_CURVE('',#4189,#4190,#487,.T.);
#5272=EDGE_CURVE('',#4189,#4191,#2253,.F.);
#5273=EDGE_CURVE('',#4192,#4191,#488,.T.);
#5274=EDGE_CURVE('',#4192,#4193,#2254,.F.);
#5275=EDGE_CURVE('',#4194,#4193,#489,.T.);
#5276=EDGE_CURVE('',#4195,#4194,#2255,.F.);
#5277=EDGE_CURVE('',#4196,#4195,#490,.T.);
#5278=EDGE_CURVE('',#4197,#4196,#2256,.F.);
#5279=EDGE_CURVE('',#4198,#4197,#491,.T.);
#5280=EDGE_CURVE('',#4199,#4198,#2257,.F.);
#5281=EDGE_CURVE('',#4200,#4199,#492,.T.);
#5282=EDGE_CURVE('',#4201,#4200,#2258,.F.);
#5283=EDGE_CURVE('',#4202,#4201,#493,.T.);
#5284=EDGE_CURVE('',#4203,#4202,#2259,.F.);
#5285=EDGE_CURVE('',#4204,#4203,#494,.T.);
#5286=EDGE_CURVE('',#4204,#4190,#2260,.F.);
#5287=EDGE_CURVE('',#4187,#4205,#2261,.T.);
#5288=EDGE_CURVE('',#4206,#4186,#2262,.T.);
#5289=EDGE_CURVE('',#4205,#4206,#2263,.T.);
#5290=EDGE_CURVE('',#4174,#4207,#2264,.T.);
#5291=EDGE_CURVE('',#4208,#4188,#2265,.T.);
#5292=EDGE_CURVE('',#4207,#4208,#2266,.T.);
#5293=EDGE_CURVE('',#4185,#4209,#2267,.T.);
#5294=EDGE_CURVE('',#4210,#4184,#2268,.T.);
#5295=EDGE_CURVE('',#4209,#4210,#2269,.T.);
#5296=EDGE_CURVE('',#4183,#4211,#2270,.T.);
#5297=EDGE_CURVE('',#4212,#4182,#2271,.T.);
#5298=EDGE_CURVE('',#4211,#4212,#2272,.T.);
#5299=EDGE_CURVE('',#4161,#4213,#2273,.T.);
#5300=EDGE_CURVE('',#4214,#4160,#2274,.T.);
#5301=EDGE_CURVE('',#4213,#4214,#2275,.T.);
#5302=EDGE_CURVE('',#4165,#4215,#2276,.T.);
#5303=EDGE_CURVE('',#4216,#4164,#2277,.T.);
#5304=EDGE_CURVE('',#4215,#4216,#2278,.T.);
#5305=EDGE_CURVE('',#4163,#4217,#2279,.T.);
#5306=EDGE_CURVE('',#4218,#4162,#2280,.T.);
#5307=EDGE_CURVE('',#4217,#4218,#2281,.T.);
#5308=EDGE_CURVE('',#4159,#4219,#2282,.T.);
#5309=EDGE_CURVE('',#4220,#4158,#2283,.T.);
#5310=EDGE_CURVE('',#4219,#4220,#2284,.T.);
#5311=EDGE_CURVE('',#4009,#4221,#2285,.T.);
#5312=EDGE_CURVE('',#4221,#4221,#495,.T.);
#5313=EDGE_CURVE('',#4221,#4116,#2286,.T.);
#5314=EDGE_CURVE('',#4007,#4222,#2287,.T.);
#5315=EDGE_CURVE('',#4222,#4222,#496,.T.);
#5316=EDGE_CURVE('',#4222,#4114,#2288,.T.);
#5317=EDGE_CURVE('',#4011,#4223,#2289,.T.);
#5318=EDGE_CURVE('',#4223,#4223,#497,.T.);
#5319=EDGE_CURVE('',#4223,#4112,#2290,.T.);
#5320=EDGE_CURVE('',#4005,#4224,#2291,.T.);
#5321=EDGE_CURVE('',#4224,#4224,#498,.T.);
#5322=EDGE_CURVE('',#4224,#4110,#2292,.T.);
#5323=EDGE_CURVE('',#4225,#4156,#2293,.T.);
#5324=EDGE_CURVE('',#4226,#4225,#2294,.T.);
#5325=EDGE_CURVE('',#4157,#4226,#2295,.T.);
#5326=EDGE_CURVE('',#4227,#4154,#2296,.T.);
#5327=EDGE_CURVE('',#4228,#4227,#2297,.T.);
#5328=EDGE_CURVE('',#4155,#4228,#2298,.T.);
#5329=EDGE_CURVE('',#4229,#4152,#2299,.T.);
#5330=EDGE_CURVE('',#4230,#4229,#2300,.T.);
#5331=EDGE_CURVE('',#4153,#4230,#2301,.T.);
#5332=EDGE_CURVE('',#4231,#4151,#2302,.T.);
#5333=EDGE_CURVE('',#4232,#4231,#2303,.T.);
#5334=EDGE_CURVE('',#4150,#4232,#2304,.T.);
#5335=EDGE_CURVE('',#4233,#4180,#2305,.T.);
#5336=EDGE_CURVE('',#4234,#4233,#2306,.T.);
#5337=EDGE_CURVE('',#4181,#4234,#2307,.T.);
#5338=EDGE_CURVE('',#4235,#4178,#2308,.T.);
#5339=EDGE_CURVE('',#4236,#4235,#2309,.T.);
#5340=EDGE_CURVE('',#4179,#4236,#2310,.T.);
#5341=EDGE_CURVE('',#4237,#4176,#2311,.T.);
#5342=EDGE_CURVE('',#4238,#4237,#2312,.T.);
#5343=EDGE_CURVE('',#4177,#4238,#2313,.T.);
#5344=EDGE_CURVE('',#4239,#4173,#2314,.T.);
#5345=EDGE_CURVE('',#4240,#4239,#2315,.T.);
#5346=EDGE_CURVE('',#4175,#4240,#2316,.T.);
#5347=EDGE_CURVE('',#4226,#4220,#499,.T.);
#5348=EDGE_CURVE('',#4208,#4219,#500,.F.);
#5349=EDGE_CURVE('',#4220,#4207,#501,.F.);
#5350=EDGE_CURVE('',#4219,#4214,#502,.T.);
#5351=EDGE_CURVE('',#4206,#4213,#503,.F.);
#5352=EDGE_CURVE('',#4214,#4205,#504,.F.);
#5353=EDGE_CURVE('',#4213,#4218,#505,.T.);
#5354=EDGE_CURVE('',#4210,#4217,#506,.F.);
#5355=EDGE_CURVE('',#4218,#4209,#507,.F.);
#5356=EDGE_CURVE('',#4217,#4216,#508,.T.);
#5357=EDGE_CURVE('',#4212,#4215,#509,.F.);
#5358=EDGE_CURVE('',#4216,#4211,#510,.F.);
#5359=EDGE_CURVE('',#4215,#4231,#511,.T.);
#5360=EDGE_CURVE('',#4233,#4232,#512,.F.);
#5361=EDGE_CURVE('',#4231,#4234,#513,.F.);
#5362=EDGE_CURVE('',#4234,#4212,#514,.T.);
#5363=EDGE_CURVE('',#4211,#4210,#515,.T.);
#5364=EDGE_CURVE('',#4232,#4229,#516,.T.);
#5365=EDGE_CURVE('',#4235,#4230,#517,.F.);
#5366=EDGE_CURVE('',#4229,#4236,#518,.F.);
#5367=EDGE_CURVE('',#4236,#4233,#519,.T.);
#5368=EDGE_CURVE('',#4209,#4206,#520,.T.);
#5369=EDGE_CURVE('',#4230,#4227,#521,.T.);
#5370=EDGE_CURVE('',#4237,#4228,#522,.F.);
#5371=EDGE_CURVE('',#4227,#4238,#523,.F.);
#5372=EDGE_CURVE('',#4238,#4235,#524,.T.);
#5373=EDGE_CURVE('',#4205,#4208,#525,.T.);
#5374=EDGE_CURVE('',#4228,#4225,#526,.T.);
#5375=EDGE_CURVE('',#4239,#4226,#527,.F.);
#5376=EDGE_CURVE('',#4225,#4240,#528,.F.);
#5377=EDGE_CURVE('',#4240,#4237,#529,.T.);
#5378=EDGE_CURVE('',#4207,#4239,#530,.T.);
#5379=EDGE_CURVE('',#4241,#4241,#531,.T.);
#5380=EDGE_CURVE('',#4242,#4242,#532,.T.);
#5381=EDGE_CURVE('',#4171,#4242,#2317,.T.);
#5382=EDGE_CURVE('',#4170,#4241,#2318,.T.);
#5383=EDGE_CURVE('',#3866,#4243,#2319,.T.);
#5384=EDGE_CURVE('',#4244,#4243,#2320,.T.);
#5385=EDGE_CURVE('',#4002,#4244,#2321,.T.);
#5386=EDGE_CURVE('',#4245,#4246,#2322,.T.);
#5387=EDGE_CURVE('',#4247,#4246,#2323,.T.);
#5388=EDGE_CURVE('',#4248,#4247,#2324,.T.);
#5389=EDGE_CURVE('',#4248,#4245,#2325,.T.);
#5390=EDGE_CURVE('',#4249,#4250,#2326,.T.);
#5391=EDGE_CURVE('',#4251,#4250,#2327,.T.);
#5392=EDGE_CURVE('',#4251,#4252,#2328,.T.);
#5393=EDGE_CURVE('',#4252,#4249,#2329,.T.);
#5394=EDGE_CURVE('',#4003,#4001,#2330,.T.);
#5395=EDGE_CURVE('',#4001,#4253,#2331,.T.);
#5396=EDGE_CURVE('',#4254,#4253,#2332,.T.);
#5397=EDGE_CURVE('',#4003,#4254,#2333,.T.);
#5398=EDGE_CURVE('',#4255,#4256,#2334,.T.);
#5399=EDGE_CURVE('',#4257,#4255,#2335,.T.);
#5400=EDGE_CURVE('',#4257,#4254,#2336,.T.);
#5401=EDGE_CURVE('',#4253,#4256,#2337,.T.);
#5402=EDGE_CURVE('',#4258,#4002,#2338,.T.);
#5403=EDGE_CURVE('',#4259,#4244,#2339,.T.);
#5404=EDGE_CURVE('',#4258,#4259,#2340,.T.);
#5405=EDGE_CURVE('',#4257,#3869,#2341,.T.);
#5406=EDGE_CURVE('',#4248,#4259,#2342,.T.);
#5407=EDGE_CURVE('',#4245,#4243,#2343,.T.);
#5408=EDGE_CURVE('',#4255,#4260,#2344,.T.);
#5409=EDGE_CURVE('',#4256,#4261,#2345,.T.);
#5410=EDGE_CURVE('',#4260,#4261,#2346,.T.);
#5411=EDGE_CURVE('',#3880,#4262,#2347,.T.);
#5412=EDGE_CURVE('',#4261,#4262,#2348,.T.);
#5413=EDGE_CURVE('',#4263,#4247,#2349,.T.);
#5414=EDGE_CURVE('',#3879,#4263,#2350,.T.);
#5415=EDGE_CURVE('',#4258,#3878,#2351,.T.);
#5416=EDGE_CURVE('',#4262,#4263,#2352,.T.);
#5417=EDGE_CURVE('',#4251,#4246,#2353,.T.);
#5418=EDGE_CURVE('',#4260,#4250,#2354,.T.);
#5419=EDGE_CURVE('',#4197,#3998,#2355,.T.);
#5420=EDGE_CURVE('',#3997,#4198,#2356,.T.);
#5421=EDGE_CURVE('',#4199,#3996,#2357,.T.);
#5422=EDGE_CURVE('',#3980,#4258,#2358,.T.);
#5423=EDGE_CURVE('',#4195,#3984,#2359,.T.);
#5424=EDGE_CURVE('',#3999,#4196,#2360,.T.);
#5425=EDGE_CURVE('',#3985,#4194,#2361,.T.);
#5426=EDGE_CURVE('',#4193,#3986,#2362,.T.);
#5427=EDGE_CURVE('',#3987,#4192,#2363,.T.);
#5428=EDGE_CURVE('',#4191,#3988,#2364,.T.);
#5429=EDGE_CURVE('',#4190,#3990,#2365,.T.);
#5430=EDGE_CURVE('',#3989,#4189,#2366,.T.);
#5431=EDGE_CURVE('',#3991,#4204,#2367,.T.);
#5432=EDGE_CURVE('',#4203,#3992,#2368,.T.);
#5433=EDGE_CURVE('',#3993,#4202,#2369,.T.);
#5434=EDGE_CURVE('',#4201,#3994,#2370,.T.);
#5435=EDGE_CURVE('',#3995,#4200,#2371,.T.);
#5436=EDGE_CURVE('',#4000,#4172,#2372,.T.);
#5437=EDGE_CURVE('',#4264,#4264,#533,.T.);
#5438=EDGE_CURVE('',#4264,#4010,#2373,.T.);
#5439=EDGE_CURVE('',#4265,#4265,#534,.T.);
#5440=EDGE_CURVE('',#4265,#4008,#2374,.T.);
#5441=EDGE_CURVE('',#4266,#4266,#535,.T.);
#5442=EDGE_CURVE('',#4266,#4006,#2375,.T.);
#5443=EDGE_CURVE('',#4267,#4267,#536,.T.);
#5444=EDGE_CURVE('',#4267,#4004,#2376,.T.);
#5445=EDGE_CURVE('',#4260,#4268,#2377,.T.);
#5446=EDGE_CURVE('',#4269,#4268,#2378,.T.);
#5447=EDGE_CURVE('',#4269,#4270,#2379,.T.);
#5448=EDGE_CURVE('',#4270,#4271,#2380,.T.);
#5449=EDGE_CURVE('',#4271,#4272,#2381,.T.);
#5450=EDGE_CURVE('',#4273,#4272,#2382,.T.);
#5451=EDGE_CURVE('',#4273,#4257,#2383,.T.);
#5452=EDGE_CURVE('',#4246,#4274,#2384,.T.);
#5453=EDGE_CURVE('',#4275,#4274,#2385,.T.);
#5454=EDGE_CURVE('',#4275,#4251,#2386,.T.);
#5455=EDGE_CURVE('',#4250,#4276,#2387,.T.);
#5456=EDGE_CURVE('',#4268,#4276,#2388,.T.);
#5457=EDGE_CURVE('',#4277,#4278,#2389,.T.);
#5458=EDGE_CURVE('',#4278,#4279,#2390,.T.);
#5459=EDGE_CURVE('',#4280,#4279,#2391,.T.);
#5460=EDGE_CURVE('',#4277,#4280,#2392,.T.);
#5461=EDGE_CURVE('',#4278,#4281,#2393,.T.);
#5462=EDGE_CURVE('',#4281,#4282,#2394,.T.);
#5463=EDGE_CURVE('',#4279,#4282,#2395,.T.);
#5464=EDGE_CURVE('',#4281,#4283,#2396,.T.);
#5465=EDGE_CURVE('',#4283,#4284,#2397,.T.);
#5466=EDGE_CURVE('',#4282,#4284,#2398,.T.);
#5467=EDGE_CURVE('',#4282,#4285,#2399,.T.);
#5468=EDGE_CURVE('',#4285,#4286,#2400,.T.);
#5469=EDGE_CURVE('',#4286,#4279,#2401,.T.);
#5470=EDGE_CURVE('',#4287,#4285,#2402,.T.);
#5471=EDGE_CURVE('',#4287,#4284,#2403,.T.);
#5472=EDGE_CURVE('',#4286,#4288,#2404,.T.);
#5473=EDGE_CURVE('',#4288,#4280,#2405,.T.);
#5474=EDGE_CURVE('',#4284,#4280,#2406,.T.);
#5475=EDGE_CURVE('',#4288,#4287,#2407,.T.);
#5476=EDGE_CURVE('',#4283,#4277,#2408,.T.);
#5477=EDGE_CURVE('',#4289,#4290,#2409,.T.);
#5478=EDGE_CURVE('',#4290,#4291,#2410,.T.);
#5479=EDGE_CURVE('',#4292,#4291,#2411,.T.);
#5480=EDGE_CURVE('',#4289,#4292,#2412,.T.);
#5481=EDGE_CURVE('',#4290,#4293,#2413,.T.);
#5482=EDGE_CURVE('',#4293,#4294,#2414,.T.);
#5483=EDGE_CURVE('',#4291,#4294,#2415,.T.);
#5484=EDGE_CURVE('',#4293,#4295,#2416,.T.);
#5485=EDGE_CURVE('',#4295,#4296,#2417,.T.);
#5486=EDGE_CURVE('',#4294,#4296,#2418,.T.);
#5487=EDGE_CURVE('',#4294,#4297,#2419,.T.);
#5488=EDGE_CURVE('',#4297,#4298,#2420,.T.);
#5489=EDGE_CURVE('',#4298,#4291,#2421,.T.);
#5490=EDGE_CURVE('',#4299,#4297,#2422,.T.);
#5491=EDGE_CURVE('',#4299,#4296,#2423,.T.);
#5492=EDGE_CURVE('',#4298,#4300,#2424,.T.);
#5493=EDGE_CURVE('',#4300,#4292,#2425,.T.);
#5494=EDGE_CURVE('',#4296,#4292,#2426,.T.);
#5495=EDGE_CURVE('',#4300,#4299,#2427,.T.);
#5496=EDGE_CURVE('',#4295,#4289,#2428,.T.);
#5497=EDGE_CURVE('',#4301,#4302,#2429,.T.);
#5498=EDGE_CURVE('',#4302,#4303,#2430,.T.);
#5499=EDGE_CURVE('',#4304,#4303,#2431,.T.);
#5500=EDGE_CURVE('',#4301,#4304,#2432,.T.);
#5501=EDGE_CURVE('',#4302,#4305,#2433,.T.);
#5502=EDGE_CURVE('',#4305,#4306,#2434,.T.);
#5503=EDGE_CURVE('',#4303,#4306,#2435,.T.);
#5504=EDGE_CURVE('',#4305,#4307,#2436,.T.);
#5505=EDGE_CURVE('',#4307,#4308,#2437,.T.);
#5506=EDGE_CURVE('',#4306,#4308,#2438,.T.);
#5507=EDGE_CURVE('',#4306,#4309,#2439,.T.);
#5508=EDGE_CURVE('',#4309,#4310,#2440,.T.);
#5509=EDGE_CURVE('',#4310,#4303,#2441,.T.);
#5510=EDGE_CURVE('',#4311,#4309,#2442,.T.);
#5511=EDGE_CURVE('',#4311,#4308,#2443,.T.);
#5512=EDGE_CURVE('',#4310,#4312,#2444,.T.);
#5513=EDGE_CURVE('',#4312,#4304,#2445,.T.);
#5514=EDGE_CURVE('',#4308,#4304,#2446,.T.);
#5515=EDGE_CURVE('',#4312,#4311,#2447,.T.);
#5516=EDGE_CURVE('',#4307,#4301,#2448,.T.);
#5517=EDGE_CURVE('',#4313,#4314,#2449,.T.);
#5518=EDGE_CURVE('',#4314,#4315,#2450,.T.);
#5519=EDGE_CURVE('',#4316,#4315,#2451,.T.);
#5520=EDGE_CURVE('',#4313,#4316,#2452,.T.);
#5521=EDGE_CURVE('',#4314,#4317,#2453,.T.);
#5522=EDGE_CURVE('',#4317,#4318,#2454,.T.);
#5523=EDGE_CURVE('',#4315,#4318,#2455,.T.);
#5524=EDGE_CURVE('',#4317,#4319,#2456,.T.);
#5525=EDGE_CURVE('',#4319,#4320,#2457,.T.);
#5526=EDGE_CURVE('',#4318,#4320,#2458,.T.);
#5527=EDGE_CURVE('',#4318,#4321,#2459,.T.);
#5528=EDGE_CURVE('',#4321,#4322,#2460,.T.);
#5529=EDGE_CURVE('',#4322,#4315,#2461,.T.);
#5530=EDGE_CURVE('',#4323,#4321,#2462,.T.);
#5531=EDGE_CURVE('',#4323,#4320,#2463,.T.);
#5532=EDGE_CURVE('',#4322,#4324,#2464,.T.);
#5533=EDGE_CURVE('',#4324,#4316,#2465,.T.);
#5534=EDGE_CURVE('',#4320,#4316,#2466,.T.);
#5535=EDGE_CURVE('',#4324,#4323,#2467,.T.);
#5536=EDGE_CURVE('',#4319,#4313,#2468,.T.);
#5537=EDGE_CURVE('',#4325,#4326,#2469,.T.);
#5538=EDGE_CURVE('',#4326,#4327,#2470,.T.);
#5539=EDGE_CURVE('',#4328,#4327,#2471,.T.);
#5540=EDGE_CURVE('',#4325,#4328,#2472,.T.);
#5541=EDGE_CURVE('',#4326,#4329,#2473,.T.);
#5542=EDGE_CURVE('',#4329,#4330,#2474,.T.);
#5543=EDGE_CURVE('',#4327,#4330,#2475,.T.);
#5544=EDGE_CURVE('',#4329,#4331,#2476,.T.);
#5545=EDGE_CURVE('',#4331,#4332,#2477,.T.);
#5546=EDGE_CURVE('',#4330,#4332,#2478,.T.);
#5547=EDGE_CURVE('',#4330,#4333,#2479,.T.);
#5548=EDGE_CURVE('',#4333,#4334,#2480,.T.);
#5549=EDGE_CURVE('',#4334,#4327,#2481,.T.);
#5550=EDGE_CURVE('',#4335,#4333,#2482,.T.);
#5551=EDGE_CURVE('',#4335,#4332,#2483,.T.);
#5552=EDGE_CURVE('',#4334,#4336,#2484,.T.);
#5553=EDGE_CURVE('',#4336,#4328,#2485,.T.);
#5554=EDGE_CURVE('',#4332,#4328,#2486,.T.);
#5555=EDGE_CURVE('',#4336,#4335,#2487,.T.);
#5556=EDGE_CURVE('',#4331,#4325,#2488,.T.);
#5557=EDGE_CURVE('',#4337,#4338,#2489,.T.);
#5558=EDGE_CURVE('',#4338,#4339,#2490,.T.);
#5559=EDGE_CURVE('',#4340,#4339,#2491,.T.);
#5560=EDGE_CURVE('',#4337,#4340,#2492,.T.);
#5561=EDGE_CURVE('',#4338,#4341,#2493,.T.);
#5562=EDGE_CURVE('',#4341,#4342,#2494,.T.);
#5563=EDGE_CURVE('',#4339,#4342,#2495,.T.);
#5564=EDGE_CURVE('',#4341,#4343,#2496,.T.);
#5565=EDGE_CURVE('',#4343,#4344,#2497,.T.);
#5566=EDGE_CURVE('',#4342,#4344,#2498,.T.);
#5567=EDGE_CURVE('',#4342,#4345,#2499,.T.);
#5568=EDGE_CURVE('',#4345,#4346,#2500,.T.);
#5569=EDGE_CURVE('',#4346,#4339,#2501,.T.);
#5570=EDGE_CURVE('',#4347,#4345,#2502,.T.);
#5571=EDGE_CURVE('',#4347,#4344,#2503,.T.);
#5572=EDGE_CURVE('',#4346,#4348,#2504,.T.);
#5573=EDGE_CURVE('',#4348,#4340,#2505,.T.);
#5574=EDGE_CURVE('',#4344,#4340,#2506,.T.);
#5575=EDGE_CURVE('',#4348,#4347,#2507,.T.);
#5576=EDGE_CURVE('',#4343,#4337,#2508,.T.);
#5577=EDGE_CURVE('',#4349,#4350,#2509,.T.);
#5578=EDGE_CURVE('',#4350,#3876,#2510,.T.);
#5579=EDGE_CURVE('',#3875,#4349,#2511,.T.);
#5580=EDGE_CURVE('',#4351,#4352,#2512,.F.);
#5581=EDGE_CURVE('',#4349,#4351,#2513,.T.);
#5582=EDGE_CURVE('',#4352,#3874,#2514,.T.);
#5583=EDGE_CURVE('',#4353,#4352,#2515,.T.);
#5584=EDGE_CURVE('',#4353,#4354,#2516,.F.);
#5585=EDGE_CURVE('',#4351,#4354,#2517,.T.);
#5586=EDGE_CURVE('',#4355,#4356,#2518,.T.);
#5587=EDGE_CURVE('',#3872,#4356,#2519,.T.);
#5588=EDGE_CURVE('',#3871,#4355,#2520,.T.);
#5589=EDGE_CURVE('',#4357,#4358,#2521,.F.);
#5590=EDGE_CURVE('',#3873,#4357,#2522,.T.);
#5591=EDGE_CURVE('',#4358,#4356,#2523,.T.);
#5592=EDGE_CURVE('',#4359,#4360,#2524,.F.);
#5593=EDGE_CURVE('',#4357,#4360,#2525,.T.);
#5594=EDGE_CURVE('',#4359,#4358,#2526,.T.);
#5595=EDGE_CURVE('',#4361,#4354,#2527,.T.);
#5596=EDGE_CURVE('',#4362,#4361,#2528,.T.);
#5597=EDGE_CURVE('',#4362,#4363,#2529,.T.);
#5598=EDGE_CURVE('',#4363,#4349,#2530,.T.);
#5599=EDGE_CURVE('',#3877,#4353,#2531,.T.);
#5600=EDGE_CURVE('',#4360,#3870,#2532,.T.);
#5601=EDGE_CURVE('',#4364,#4273,#2533,.T.);
#5602=EDGE_CURVE('',#4364,#4365,#2534,.T.);
#5603=EDGE_CURVE('',#4365,#4366,#2535,.T.);
#5604=EDGE_CURVE('',#4366,#4367,#2536,.T.);
#5605=EDGE_CURVE('',#4368,#4367,#2537,.T.);
#5606=EDGE_CURVE('',#4243,#4368,#2538,.T.);
#5607=EDGE_CURVE('',#4369,#4370,#2539,.T.);
#5608=EDGE_CURVE('',#4371,#4369,#2540,.T.);
#5609=EDGE_CURVE('',#4371,#4372,#2541,.T.);
#5610=EDGE_CURVE('',#4370,#4372,#2542,.T.);
#5611=EDGE_CURVE('',#4373,#4374,#2543,.T.);
#5612=EDGE_CURVE('',#4375,#4373,#2544,.T.);
#5613=EDGE_CURVE('',#4375,#4376,#2545,.T.);
#5614=EDGE_CURVE('',#4374,#4376,#2546,.T.);
#5615=EDGE_CURVE('',#4372,#4375,#2547,.T.);
#5616=EDGE_CURVE('',#4376,#4371,#2548,.T.);
#5617=EDGE_CURVE('',#4272,#4377,#2549,.T.);
#5618=EDGE_CURVE('',#4271,#4378,#2550,.T.);
#5619=EDGE_CURVE('',#4377,#4378,#2551,.T.);
#5620=EDGE_CURVE('',#4379,#4269,#2552,.T.);
#5621=EDGE_CURVE('',#4380,#4379,#2553,.T.);
#5622=EDGE_CURVE('',#4380,#4270,#2554,.T.);
#5623=EDGE_CURVE('',#4378,#4380,#2555,.T.);
#5624=EDGE_CURVE('',#4374,#4368,#2556,.T.);
#5625=EDGE_CURVE('',#4274,#4369,#2557,.T.);
#5626=EDGE_CURVE('',#4377,#4381,#2558,.T.);
#5627=EDGE_CURVE('',#4381,#4382,#2559,.T.);
#5628=EDGE_CURVE('',#4382,#4364,#2560,.T.);
#5629=EDGE_CURVE('',#4370,#4383,#2561,.T.);
#5630=EDGE_CURVE('',#4383,#4384,#2562,.T.);
#5631=EDGE_CURVE('',#4384,#4379,#2563,.T.);
#5632=EDGE_CURVE('',#4276,#4385,#2564,.T.);
#5633=EDGE_CURVE('',#4385,#4386,#2565,.T.);
#5634=EDGE_CURVE('',#4386,#4275,#2566,.T.);
#5635=EDGE_CURVE('',#4367,#4362,#2567,.T.);
#5636=EDGE_CURVE('',#4361,#4373,#2568,.T.);
#5637=EDGE_CURVE('',#4249,#4387,#2569,.T.);
#5638=EDGE_CURVE('',#4385,#4387,#2570,.T.);
#5639=EDGE_CURVE('',#4386,#4388,#2571,.T.);
#5640=EDGE_CURVE('',#4388,#4252,#2572,.T.);
#5641=EDGE_CURVE('',#4387,#4388,#2573,.T.);
#5642=EDGE_CURVE('',#4366,#4363,#2574,.T.);
#5643=EDGE_CURVE('',#4382,#4389,#2575,.T.);
#5644=EDGE_CURVE('',#4389,#4365,#2576,.T.);
#5645=EDGE_CURVE('',#4356,#4389,#2577,.T.);
#5646=EDGE_CURVE('',#4381,#4359,#2578,.T.);
#5647=EDGE_CURVE('',#4384,#4390,#2579,.T.);
#5648=EDGE_CURVE('',#4390,#4355,#2580,.T.);
#5649=EDGE_CURVE('',#4383,#4391,#2581,.T.);
#5650=EDGE_CURVE('',#4391,#4390,#2582,.T.);
#5651=EDGE_CURVE('',#4350,#4391,#2583,.T.);
#5652=EDGE_CURVE('',#4392,#4393,#234,.F.);
#5653=EDGE_CURVE('',#4393,#3889,#537,.T.);
#5654=EDGE_CURVE('',#4393,#4394,#235,.F.);
#5655=EDGE_CURVE('',#4394,#4395,#175,.T.);
#5656=EDGE_CURVE('',#4396,#4395,#538,.T.);
#5657=EDGE_CURVE('',#4397,#4396,#176,.T.);
#5658=EDGE_CURVE('',#4397,#4398,#236,.T.);
#5659=EDGE_CURVE('',#4398,#4399,#177,.T.);
#5660=EDGE_CURVE('',#4400,#4399,#539,.T.);
#5661=EDGE_CURVE('',#4400,#4401,#178,.T.);
#5662=EDGE_CURVE('',#4401,#4402,#237,.F.);
#5663=EDGE_CURVE('',#4403,#4402,#179,.T.);
#5664=EDGE_CURVE('',#4404,#4403,#540,.T.);
#5665=EDGE_CURVE('',#4404,#4405,#180,.T.);
#5666=EDGE_CURVE('',#4405,#4406,#238,.T.);
#5667=EDGE_CURVE('',#4407,#4406,#181,.T.);
#5668=EDGE_CURVE('',#4408,#4407,#541,.T.);
#5669=EDGE_CURVE('',#4392,#4408,#182,.T.);
#5670=EDGE_CURVE('',#4399,#4409,#2584,.T.);
#5671=EDGE_CURVE('',#4409,#4400,#2585,.T.);
#5672=EDGE_CURVE('',#4410,#4403,#2586,.T.);
#5673=EDGE_CURVE('',#4410,#4404,#2587,.T.);
#5674=EDGE_CURVE('',#4411,#4407,#2588,.T.);
#5675=EDGE_CURVE('',#4408,#4411,#2589,.T.);
#5676=EDGE_CURVE('',#4396,#4412,#2590,.T.);
#5677=EDGE_CURVE('',#4395,#4412,#2591,.T.);
#5678=EDGE_CURVE('',#4413,#4412,#2592,.T.);
#5679=EDGE_CURVE('',#4414,#4413,#2593,.T.);
#5680=EDGE_CURVE('',#4414,#4397,#2594,.T.);
#5681=EDGE_CURVE('',#4415,#4398,#2595,.T.);
#5682=EDGE_CURVE('',#4415,#4416,#2596,.T.);
#5683=EDGE_CURVE('',#4416,#4409,#2597,.T.);
#5684=EDGE_CURVE('',#4417,#4406,#2598,.T.);
#5685=EDGE_CURVE('',#4418,#4417,#2599,.T.);
#5686=EDGE_CURVE('',#4418,#4411,#2600,.T.);
#5687=EDGE_CURVE('',#4414,#4415,#2601,.T.);
#5688=EDGE_CURVE('',#4419,#4410,#2602,.T.);
#5689=EDGE_CURVE('',#4419,#4420,#2603,.T.);
#5690=EDGE_CURVE('',#4420,#4405,#2604,.T.);
#5691=EDGE_CURVE('',#4420,#4417,#2605,.T.);
#5692=EDGE_CURVE('',#4419,#4421,#2606,.T.);
#5693=EDGE_CURVE('',#4422,#4421,#2607,.T.);
#5694=EDGE_CURVE('',#4416,#4422,#2608,.T.);
#5695=EDGE_CURVE('',#4423,#4413,#2609,.T.);
#5696=EDGE_CURVE('',#4424,#4423,#2610,.T.);
#5697=EDGE_CURVE('',#4424,#4418,#2611,.T.);
#5698=EDGE_CURVE('',#4422,#4401,#2612,.T.);
#5699=EDGE_CURVE('',#4421,#4402,#2613,.T.);
#5700=EDGE_CURVE('',#4424,#4392,#2614,.T.);
#5701=EDGE_CURVE('',#4423,#4394,#2615,.T.);
#5702=EDGE_CURVE('',#4425,#4426,#239,.F.);
#5703=EDGE_CURVE('',#4426,#3886,#542,.T.);
#5704=EDGE_CURVE('',#4426,#4427,#240,.F.);
#5705=EDGE_CURVE('',#4427,#4428,#183,.T.);
#5706=EDGE_CURVE('',#4429,#4428,#543,.T.);
#5707=EDGE_CURVE('',#4430,#4429,#184,.T.);
#5708=EDGE_CURVE('',#4430,#4431,#241,.T.);
#5709=EDGE_CURVE('',#4431,#4432,#185,.T.);
#5710=EDGE_CURVE('',#4433,#4432,#544,.T.);
#5711=EDGE_CURVE('',#4433,#4434,#186,.T.);
#5712=EDGE_CURVE('',#4434,#4435,#242,.F.);
#5713=EDGE_CURVE('',#4436,#4435,#187,.T.);
#5714=EDGE_CURVE('',#4437,#4436,#545,.T.);
#5715=EDGE_CURVE('',#4437,#4438,#188,.T.);
#5716=EDGE_CURVE('',#4438,#4439,#243,.T.);
#5717=EDGE_CURVE('',#4440,#4439,#189,.T.);
#5718=EDGE_CURVE('',#4441,#4440,#546,.T.);
#5719=EDGE_CURVE('',#4425,#4441,#190,.T.);
#5720=EDGE_CURVE('',#4432,#4442,#2616,.T.);
#5721=EDGE_CURVE('',#4442,#4433,#2617,.T.);
#5722=EDGE_CURVE('',#4443,#4436,#2618,.T.);
#5723=EDGE_CURVE('',#4443,#4437,#2619,.T.);
#5724=EDGE_CURVE('',#4444,#4440,#2620,.T.);
#5725=EDGE_CURVE('',#4441,#4444,#2621,.T.);
#5726=EDGE_CURVE('',#4429,#4445,#2622,.T.);
#5727=EDGE_CURVE('',#4428,#4445,#2623,.T.);
#5728=EDGE_CURVE('',#4446,#4445,#2624,.T.);
#5729=EDGE_CURVE('',#4447,#4446,#2625,.T.);
#5730=EDGE_CURVE('',#4447,#4430,#2626,.T.);
#5731=EDGE_CURVE('',#4448,#4431,#2627,.T.);
#5732=EDGE_CURVE('',#4448,#4449,#2628,.T.);
#5733=EDGE_CURVE('',#4449,#4442,#2629,.T.);
#5734=EDGE_CURVE('',#4450,#4439,#2630,.T.);
#5735=EDGE_CURVE('',#4451,#4450,#2631,.T.);
#5736=EDGE_CURVE('',#4451,#4444,#2632,.T.);
#5737=EDGE_CURVE('',#4447,#4448,#2633,.T.);
#5738=EDGE_CURVE('',#4452,#4443,#2634,.T.);
#5739=EDGE_CURVE('',#4452,#4453,#2635,.T.);
#5740=EDGE_CURVE('',#4453,#4438,#2636,.T.);
#5741=EDGE_CURVE('',#4453,#4450,#2637,.T.);
#5742=EDGE_CURVE('',#4452,#4454,#2638,.T.);
#5743=EDGE_CURVE('',#4455,#4454,#2639,.T.);
#5744=EDGE_CURVE('',#4449,#4455,#2640,.T.);
#5745=EDGE_CURVE('',#4456,#4446,#2641,.T.);
#5746=EDGE_CURVE('',#4457,#4456,#2642,.T.);
#5747=EDGE_CURVE('',#4457,#4451,#2643,.T.);
#5748=EDGE_CURVE('',#4455,#4434,#2644,.T.);
#5749=EDGE_CURVE('',#4454,#4435,#2645,.T.);
#5750=EDGE_CURVE('',#4457,#4425,#2646,.T.);
#5751=EDGE_CURVE('',#4456,#4427,#2647,.T.);
#5752=EDGE_CURVE('',#4458,#4459,#244,.F.);
#5753=EDGE_CURVE('',#4459,#3864,#547,.T.);
#5754=EDGE_CURVE('',#4459,#4460,#245,.F.);
#5755=EDGE_CURVE('',#4460,#4461,#191,.T.);
#5756=EDGE_CURVE('',#4462,#4461,#548,.T.);
#5757=EDGE_CURVE('',#4463,#4462,#192,.T.);
#5758=EDGE_CURVE('',#4463,#4464,#246,.T.);
#5759=EDGE_CURVE('',#4464,#4465,#193,.T.);
#5760=EDGE_CURVE('',#4466,#4465,#549,.T.);
#5761=EDGE_CURVE('',#4466,#4467,#194,.T.);
#5762=EDGE_CURVE('',#4467,#4468,#247,.F.);
#5763=EDGE_CURVE('',#4469,#4468,#195,.T.);
#5764=EDGE_CURVE('',#4470,#4469,#550,.T.);
#5765=EDGE_CURVE('',#4470,#4471,#196,.T.);
#5766=EDGE_CURVE('',#4471,#4472,#248,.T.);
#5767=EDGE_CURVE('',#4473,#4472,#197,.T.);
#5768=EDGE_CURVE('',#4474,#4473,#551,.T.);
#5769=EDGE_CURVE('',#4458,#4474,#198,.T.);
#5770=EDGE_CURVE('',#4465,#4475,#2648,.T.);
#5771=EDGE_CURVE('',#4475,#4466,#2649,.T.);
#5772=EDGE_CURVE('',#4476,#4469,#2650,.T.);
#5773=EDGE_CURVE('',#4476,#4470,#2651,.T.);
#5774=EDGE_CURVE('',#4477,#4473,#2652,.T.);
#5775=EDGE_CURVE('',#4474,#4477,#2653,.T.);
#5776=EDGE_CURVE('',#4462,#4478,#2654,.T.);
#5777=EDGE_CURVE('',#4461,#4478,#2655,.T.);
#5778=EDGE_CURVE('',#4479,#4478,#2656,.T.);
#5779=EDGE_CURVE('',#4480,#4479,#2657,.T.);
#5780=EDGE_CURVE('',#4480,#4463,#2658,.T.);
#5781=EDGE_CURVE('',#4481,#4464,#2659,.T.);
#5782=EDGE_CURVE('',#4481,#4482,#2660,.T.);
#5783=EDGE_CURVE('',#4482,#4475,#2661,.T.);
#5784=EDGE_CURVE('',#4483,#4472,#2662,.T.);
#5785=EDGE_CURVE('',#4484,#4483,#2663,.T.);
#5786=EDGE_CURVE('',#4484,#4477,#2664,.T.);
#5787=EDGE_CURVE('',#4480,#4481,#2665,.T.);
#5788=EDGE_CURVE('',#4485,#4476,#2666,.T.);
#5789=EDGE_CURVE('',#4485,#4486,#2667,.T.);
#5790=EDGE_CURVE('',#4486,#4471,#2668,.T.);
#5791=EDGE_CURVE('',#4486,#4483,#2669,.T.);
#5792=EDGE_CURVE('',#4485,#4487,#2670,.T.);
#5793=EDGE_CURVE('',#4488,#4487,#2671,.T.);
#5794=EDGE_CURVE('',#4482,#4488,#2672,.T.);
#5795=EDGE_CURVE('',#4489,#4479,#2673,.T.);
#5796=EDGE_CURVE('',#4490,#4489,#2674,.T.);
#5797=EDGE_CURVE('',#4490,#4484,#2675,.T.);
#5798=EDGE_CURVE('',#4488,#4467,#2676,.T.);
#5799=EDGE_CURVE('',#4487,#4468,#2677,.T.);
#5800=EDGE_CURVE('',#4490,#4458,#2678,.T.);
#5801=EDGE_CURVE('',#4489,#4460,#2679,.T.);
#5802=EDGE_CURVE('',#4491,#4492,#2680,.T.);
#5803=EDGE_CURVE('',#4493,#4491,#2681,.T.);
#5804=EDGE_CURVE('',#4493,#4494,#2682,.T.);
#5805=EDGE_CURVE('',#4492,#4494,#2683,.T.);
#5806=EDGE_CURVE('',#4492,#4495,#552,.T.);
#5807=EDGE_CURVE('',#4495,#4491,#553,.T.);
#5808=EDGE_CURVE('',#4494,#4493,#554,.T.);
#5809=EDGE_CURVE('',#4496,#4496,#555,.T.);
#5810=EDGE_CURVE('',#4497,#4497,#556,.T.);
#5811=EDGE_CURVE('',#4496,#4495,#2684,.T.);
#5812=EDGE_CURVE('',#4498,#4498,#557,.T.);
#5813=EDGE_CURVE('',#4498,#4497,#2685,.T.);
#5814=ORIENTED_EDGE('',*,*,#4499,.T.);
#5815=ORIENTED_EDGE('',*,*,#4500,.F.);
#5816=ORIENTED_EDGE('',*,*,#4501,.F.);
#5817=ORIENTED_EDGE('',*,*,#4502,.T.);
#5818=ORIENTED_EDGE('',*,*,#4503,.T.);
#5819=ORIENTED_EDGE('',*,*,#4502,.F.);
#5820=ORIENTED_EDGE('',*,*,#4504,.F.);
#5821=ORIENTED_EDGE('',*,*,#4505,.F.);
#5822=ORIENTED_EDGE('',*,*,#4506,.T.);
#5823=ORIENTED_EDGE('',*,*,#4505,.T.);
#5824=ORIENTED_EDGE('',*,*,#4507,.F.);
#5825=ORIENTED_EDGE('',*,*,#4508,.T.);
#5826=ORIENTED_EDGE('',*,*,#4509,.T.);
#5827=ORIENTED_EDGE('',*,*,#4508,.F.);
#5828=ORIENTED_EDGE('',*,*,#4510,.F.);
#5829=ORIENTED_EDGE('',*,*,#4500,.T.);
#5830=ORIENTED_EDGE('',*,*,#4506,.F.);
#5831=ORIENTED_EDGE('',*,*,#4509,.F.);
#5832=ORIENTED_EDGE('',*,*,#4499,.F.);
#5833=ORIENTED_EDGE('',*,*,#4503,.F.);
#5834=ORIENTED_EDGE('',*,*,#4510,.T.);
#5835=ORIENTED_EDGE('',*,*,#4507,.T.);
#5836=ORIENTED_EDGE('',*,*,#4504,.T.);
#5837=ORIENTED_EDGE('',*,*,#4501,.T.);
#5838=ORIENTED_EDGE('',*,*,#4511,.T.);
#5839=ORIENTED_EDGE('',*,*,#4512,.T.);
#5840=ORIENTED_EDGE('',*,*,#4513,.T.);
#5841=ORIENTED_EDGE('',*,*,#4514,.T.);
#5842=ORIENTED_EDGE('',*,*,#4515,.F.);
#5843=ORIENTED_EDGE('',*,*,#4516,.F.);
#5844=ORIENTED_EDGE('',*,*,#4517,.F.);
#5845=ORIENTED_EDGE('',*,*,#4518,.F.);
#5846=ORIENTED_EDGE('',*,*,#4516,.T.);
#5847=ORIENTED_EDGE('',*,*,#4519,.F.);
#5848=ORIENTED_EDGE('',*,*,#4511,.F.);
#5849=ORIENTED_EDGE('',*,*,#4520,.T.);
#5850=ORIENTED_EDGE('',*,*,#4515,.T.);
#5851=ORIENTED_EDGE('',*,*,#4521,.T.);
#5852=ORIENTED_EDGE('',*,*,#4512,.F.);
#5853=ORIENTED_EDGE('',*,*,#4519,.T.);
#5854=ORIENTED_EDGE('',*,*,#4518,.T.);
#5855=ORIENTED_EDGE('',*,*,#4522,.F.);
#5856=ORIENTED_EDGE('',*,*,#4513,.F.);
#5857=ORIENTED_EDGE('',*,*,#4521,.F.);
#5858=ORIENTED_EDGE('',*,*,#4517,.T.);
#5859=ORIENTED_EDGE('',*,*,#4520,.F.);
#5860=ORIENTED_EDGE('',*,*,#4514,.F.);
#5861=ORIENTED_EDGE('',*,*,#4522,.T.);
#5862=ORIENTED_EDGE('',*,*,#4523,.T.);
#5863=ORIENTED_EDGE('',*,*,#4524,.F.);
#5864=ORIENTED_EDGE('',*,*,#4525,.F.);
#5865=ORIENTED_EDGE('',*,*,#4526,.T.);
#5866=ORIENTED_EDGE('',*,*,#4527,.T.);
#5867=ORIENTED_EDGE('',*,*,#4526,.F.);
#5868=ORIENTED_EDGE('',*,*,#4528,.F.);
#5869=ORIENTED_EDGE('',*,*,#4529,.F.);
#5870=ORIENTED_EDGE('',*,*,#4530,.T.);
#5871=ORIENTED_EDGE('',*,*,#4529,.T.);
#5872=ORIENTED_EDGE('',*,*,#4531,.F.);
#5873=ORIENTED_EDGE('',*,*,#4532,.T.);
#5874=ORIENTED_EDGE('',*,*,#4533,.T.);
#5875=ORIENTED_EDGE('',*,*,#4532,.F.);
#5876=ORIENTED_EDGE('',*,*,#4534,.F.);
#5877=ORIENTED_EDGE('',*,*,#4524,.T.);
#5878=ORIENTED_EDGE('',*,*,#4530,.F.);
#5879=ORIENTED_EDGE('',*,*,#4533,.F.);
#5880=ORIENTED_EDGE('',*,*,#4523,.F.);
#5881=ORIENTED_EDGE('',*,*,#4527,.F.);
#5882=ORIENTED_EDGE('',*,*,#4534,.T.);
#5883=ORIENTED_EDGE('',*,*,#4531,.T.);
#5884=ORIENTED_EDGE('',*,*,#4528,.T.);
#5885=ORIENTED_EDGE('',*,*,#4525,.T.);
#5886=ORIENTED_EDGE('',*,*,#4535,.T.);
#5887=ORIENTED_EDGE('',*,*,#4536,.T.);
#5888=ORIENTED_EDGE('',*,*,#4537,.T.);
#5889=ORIENTED_EDGE('',*,*,#4538,.T.);
#5890=ORIENTED_EDGE('',*,*,#4539,.F.);
#5891=ORIENTED_EDGE('',*,*,#4540,.F.);
#5892=ORIENTED_EDGE('',*,*,#4541,.F.);
#5893=ORIENTED_EDGE('',*,*,#4542,.F.);
#5894=ORIENTED_EDGE('',*,*,#4540,.T.);
#5895=ORIENTED_EDGE('',*,*,#4543,.F.);
#5896=ORIENTED_EDGE('',*,*,#4535,.F.);
#5897=ORIENTED_EDGE('',*,*,#4544,.T.);
#5898=ORIENTED_EDGE('',*,*,#4539,.T.);
#5899=ORIENTED_EDGE('',*,*,#4545,.T.);
#5900=ORIENTED_EDGE('',*,*,#4536,.F.);
#5901=ORIENTED_EDGE('',*,*,#4543,.T.);
#5902=ORIENTED_EDGE('',*,*,#4542,.T.);
#5903=ORIENTED_EDGE('',*,*,#4546,.F.);
#5904=ORIENTED_EDGE('',*,*,#4537,.F.);
#5905=ORIENTED_EDGE('',*,*,#4545,.F.);
#5906=ORIENTED_EDGE('',*,*,#4541,.T.);
#5907=ORIENTED_EDGE('',*,*,#4544,.F.);
#5908=ORIENTED_EDGE('',*,*,#4538,.F.);
#5909=ORIENTED_EDGE('',*,*,#4546,.T.);
#5910=ORIENTED_EDGE('',*,*,#4547,.T.);
#5911=ORIENTED_EDGE('',*,*,#4548,.F.);
#5912=ORIENTED_EDGE('',*,*,#4549,.F.);
#5913=ORIENTED_EDGE('',*,*,#4550,.T.);
#5914=ORIENTED_EDGE('',*,*,#4551,.T.);
#5915=ORIENTED_EDGE('',*,*,#4550,.F.);
#5916=ORIENTED_EDGE('',*,*,#4552,.F.);
#5917=ORIENTED_EDGE('',*,*,#4553,.F.);
#5918=ORIENTED_EDGE('',*,*,#4554,.T.);
#5919=ORIENTED_EDGE('',*,*,#4553,.T.);
#5920=ORIENTED_EDGE('',*,*,#4555,.F.);
#5921=ORIENTED_EDGE('',*,*,#4556,.T.);
#5922=ORIENTED_EDGE('',*,*,#4557,.T.);
#5923=ORIENTED_EDGE('',*,*,#4556,.F.);
#5924=ORIENTED_EDGE('',*,*,#4558,.F.);
#5925=ORIENTED_EDGE('',*,*,#4548,.T.);
#5926=ORIENTED_EDGE('',*,*,#4554,.F.);
#5927=ORIENTED_EDGE('',*,*,#4557,.F.);
#5928=ORIENTED_EDGE('',*,*,#4547,.F.);
#5929=ORIENTED_EDGE('',*,*,#4551,.F.);
#5930=ORIENTED_EDGE('',*,*,#4558,.T.);
#5931=ORIENTED_EDGE('',*,*,#4555,.T.);
#5932=ORIENTED_EDGE('',*,*,#4552,.T.);
#5933=ORIENTED_EDGE('',*,*,#4549,.T.);
#5934=ORIENTED_EDGE('',*,*,#4559,.T.);
#5935=ORIENTED_EDGE('',*,*,#4560,.T.);
#5936=ORIENTED_EDGE('',*,*,#4561,.T.);
#5937=ORIENTED_EDGE('',*,*,#4562,.T.);
#5938=ORIENTED_EDGE('',*,*,#4563,.F.);
#5939=ORIENTED_EDGE('',*,*,#4564,.F.);
#5940=ORIENTED_EDGE('',*,*,#4565,.F.);
#5941=ORIENTED_EDGE('',*,*,#4566,.F.);
#5942=ORIENTED_EDGE('',*,*,#4564,.T.);
#5943=ORIENTED_EDGE('',*,*,#4567,.F.);
#5944=ORIENTED_EDGE('',*,*,#4559,.F.);
#5945=ORIENTED_EDGE('',*,*,#4568,.T.);
#5946=ORIENTED_EDGE('',*,*,#4563,.T.);
#5947=ORIENTED_EDGE('',*,*,#4569,.T.);
#5948=ORIENTED_EDGE('',*,*,#4560,.F.);
#5949=ORIENTED_EDGE('',*,*,#4567,.T.);
#5950=ORIENTED_EDGE('',*,*,#4566,.T.);
#5951=ORIENTED_EDGE('',*,*,#4570,.F.);
#5952=ORIENTED_EDGE('',*,*,#4561,.F.);
#5953=ORIENTED_EDGE('',*,*,#4569,.F.);
#5954=ORIENTED_EDGE('',*,*,#4565,.T.);
#5955=ORIENTED_EDGE('',*,*,#4568,.F.);
#5956=ORIENTED_EDGE('',*,*,#4562,.F.);
#5957=ORIENTED_EDGE('',*,*,#4570,.T.);
#5958=ORIENTED_EDGE('',*,*,#4571,.T.);
#5959=ORIENTED_EDGE('',*,*,#4572,.T.);
#5960=ORIENTED_EDGE('',*,*,#4573,.T.);
#5961=ORIENTED_EDGE('',*,*,#4572,.F.);
#5962=ORIENTED_EDGE('',*,*,#4573,.F.);
#5963=ORIENTED_EDGE('',*,*,#4574,.T.);
#5964=ORIENTED_EDGE('',*,*,#4575,.T.);
#5965=ORIENTED_EDGE('',*,*,#4576,.T.);
#5966=ORIENTED_EDGE('',*,*,#4577,.T.);
#5967=ORIENTED_EDGE('',*,*,#4578,.T.);
#5968=ORIENTED_EDGE('',*,*,#4579,.T.);
#5969=ORIENTED_EDGE('',*,*,#4580,.T.);
#5970=ORIENTED_EDGE('',*,*,#4581,.T.);
#5971=ORIENTED_EDGE('',*,*,#4582,.T.);
#5972=ORIENTED_EDGE('',*,*,#4583,.T.);
#5973=ORIENTED_EDGE('',*,*,#4584,.T.);
#5974=ORIENTED_EDGE('',*,*,#4585,.T.);
#5975=ORIENTED_EDGE('',*,*,#4574,.F.);
#5976=ORIENTED_EDGE('',*,*,#4586,.T.);
#5977=ORIENTED_EDGE('',*,*,#4587,.T.);
#5978=ORIENTED_EDGE('',*,*,#4588,.F.);
#5979=ORIENTED_EDGE('',*,*,#4585,.F.);
#5980=ORIENTED_EDGE('',*,*,#4589,.T.);
#5981=ORIENTED_EDGE('',*,*,#4590,.T.);
#5982=ORIENTED_EDGE('',*,*,#4586,.F.);
#5983=ORIENTED_EDGE('',*,*,#4584,.F.);
#5984=ORIENTED_EDGE('',*,*,#4591,.T.);
#5985=ORIENTED_EDGE('',*,*,#4592,.T.);
#5986=ORIENTED_EDGE('',*,*,#4589,.F.);
#5987=ORIENTED_EDGE('',*,*,#4583,.F.);
#5988=ORIENTED_EDGE('',*,*,#4593,.T.);
#5989=ORIENTED_EDGE('',*,*,#4594,.T.);
#5990=ORIENTED_EDGE('',*,*,#4591,.F.);
#5991=ORIENTED_EDGE('',*,*,#4582,.F.);
#5992=ORIENTED_EDGE('',*,*,#4595,.T.);
#5993=ORIENTED_EDGE('',*,*,#4596,.T.);
#5994=ORIENTED_EDGE('',*,*,#4593,.F.);
#5995=ORIENTED_EDGE('',*,*,#4581,.F.);
#5996=ORIENTED_EDGE('',*,*,#4597,.T.);
#5997=ORIENTED_EDGE('',*,*,#4598,.T.);
#5998=ORIENTED_EDGE('',*,*,#4595,.F.);
#5999=ORIENTED_EDGE('',*,*,#4580,.F.);
#6000=ORIENTED_EDGE('',*,*,#4599,.T.);
#6001=ORIENTED_EDGE('',*,*,#4600,.T.);
#6002=ORIENTED_EDGE('',*,*,#4597,.F.);
#6003=ORIENTED_EDGE('',*,*,#4579,.F.);
#6004=ORIENTED_EDGE('',*,*,#4601,.T.);
#6005=ORIENTED_EDGE('',*,*,#4602,.T.);
#6006=ORIENTED_EDGE('',*,*,#4599,.F.);
#6007=ORIENTED_EDGE('',*,*,#4578,.F.);
#6008=ORIENTED_EDGE('',*,*,#4603,.T.);
#6009=ORIENTED_EDGE('',*,*,#4604,.T.);
#6010=ORIENTED_EDGE('',*,*,#4601,.F.);
#6011=ORIENTED_EDGE('',*,*,#4577,.F.);
#6012=ORIENTED_EDGE('',*,*,#4605,.T.);
#6013=ORIENTED_EDGE('',*,*,#4606,.T.);
#6014=ORIENTED_EDGE('',*,*,#4603,.F.);
#6015=ORIENTED_EDGE('',*,*,#4576,.F.);
#6016=ORIENTED_EDGE('',*,*,#4607,.T.);
#6017=ORIENTED_EDGE('',*,*,#4608,.T.);
#6018=ORIENTED_EDGE('',*,*,#4605,.F.);
#6019=ORIENTED_EDGE('',*,*,#4575,.F.);
#6020=ORIENTED_EDGE('',*,*,#4588,.T.);
#6021=ORIENTED_EDGE('',*,*,#4609,.T.);
#6022=ORIENTED_EDGE('',*,*,#4607,.F.);
#6023=ORIENTED_EDGE('',*,*,#4609,.F.);
#6024=ORIENTED_EDGE('',*,*,#4587,.F.);
#6025=ORIENTED_EDGE('',*,*,#4590,.F.);
#6026=ORIENTED_EDGE('',*,*,#4592,.F.);
#6027=ORIENTED_EDGE('',*,*,#4594,.F.);
#6028=ORIENTED_EDGE('',*,*,#4596,.F.);
#6029=ORIENTED_EDGE('',*,*,#4598,.F.);
#6030=ORIENTED_EDGE('',*,*,#4600,.F.);
#6031=ORIENTED_EDGE('',*,*,#4602,.F.);
#6032=ORIENTED_EDGE('',*,*,#4604,.F.);
#6033=ORIENTED_EDGE('',*,*,#4606,.F.);
#6034=ORIENTED_EDGE('',*,*,#4608,.F.);
#6035=ORIENTED_EDGE('',*,*,#4610,.F.);
#6036=ORIENTED_EDGE('',*,*,#4611,.F.);
#6037=ORIENTED_EDGE('',*,*,#4612,.F.);
#6038=ORIENTED_EDGE('',*,*,#4613,.F.);
#6039=ORIENTED_EDGE('',*,*,#4571,.F.);
#6040=ORIENTED_EDGE('',*,*,#4614,.T.);
#6041=ORIENTED_EDGE('',*,*,#4615,.T.);
#6042=ORIENTED_EDGE('',*,*,#4616,.T.);
#6043=ORIENTED_EDGE('',*,*,#4615,.F.);
#6044=ORIENTED_EDGE('',*,*,#4616,.F.);
#6045=ORIENTED_EDGE('',*,*,#4617,.T.);
#6046=ORIENTED_EDGE('',*,*,#4618,.T.);
#6047=ORIENTED_EDGE('',*,*,#4619,.T.);
#6048=ORIENTED_EDGE('',*,*,#4620,.T.);
#6049=ORIENTED_EDGE('',*,*,#4621,.T.);
#6050=ORIENTED_EDGE('',*,*,#4622,.T.);
#6051=ORIENTED_EDGE('',*,*,#4623,.T.);
#6052=ORIENTED_EDGE('',*,*,#4624,.T.);
#6053=ORIENTED_EDGE('',*,*,#4625,.T.);
#6054=ORIENTED_EDGE('',*,*,#4626,.T.);
#6055=ORIENTED_EDGE('',*,*,#4627,.T.);
#6056=ORIENTED_EDGE('',*,*,#4628,.T.);
#6057=ORIENTED_EDGE('',*,*,#4617,.F.);
#6058=ORIENTED_EDGE('',*,*,#4629,.T.);
#6059=ORIENTED_EDGE('',*,*,#4630,.T.);
#6060=ORIENTED_EDGE('',*,*,#4631,.F.);
#6061=ORIENTED_EDGE('',*,*,#4628,.F.);
#6062=ORIENTED_EDGE('',*,*,#4632,.T.);
#6063=ORIENTED_EDGE('',*,*,#4633,.T.);
#6064=ORIENTED_EDGE('',*,*,#4629,.F.);
#6065=ORIENTED_EDGE('',*,*,#4627,.F.);
#6066=ORIENTED_EDGE('',*,*,#4634,.T.);
#6067=ORIENTED_EDGE('',*,*,#4635,.T.);
#6068=ORIENTED_EDGE('',*,*,#4632,.F.);
#6069=ORIENTED_EDGE('',*,*,#4626,.F.);
#6070=ORIENTED_EDGE('',*,*,#4636,.T.);
#6071=ORIENTED_EDGE('',*,*,#4637,.T.);
#6072=ORIENTED_EDGE('',*,*,#4634,.F.);
#6073=ORIENTED_EDGE('',*,*,#4625,.F.);
#6074=ORIENTED_EDGE('',*,*,#4638,.T.);
#6075=ORIENTED_EDGE('',*,*,#4639,.T.);
#6076=ORIENTED_EDGE('',*,*,#4636,.F.);
#6077=ORIENTED_EDGE('',*,*,#4624,.F.);
#6078=ORIENTED_EDGE('',*,*,#4640,.T.);
#6079=ORIENTED_EDGE('',*,*,#4641,.T.);
#6080=ORIENTED_EDGE('',*,*,#4638,.F.);
#6081=ORIENTED_EDGE('',*,*,#4623,.F.);
#6082=ORIENTED_EDGE('',*,*,#4642,.T.);
#6083=ORIENTED_EDGE('',*,*,#4643,.T.);
#6084=ORIENTED_EDGE('',*,*,#4640,.F.);
#6085=ORIENTED_EDGE('',*,*,#4622,.F.);
#6086=ORIENTED_EDGE('',*,*,#4644,.T.);
#6087=ORIENTED_EDGE('',*,*,#4645,.T.);
#6088=ORIENTED_EDGE('',*,*,#4642,.F.);
#6089=ORIENTED_EDGE('',*,*,#4621,.F.);
#6090=ORIENTED_EDGE('',*,*,#4646,.T.);
#6091=ORIENTED_EDGE('',*,*,#4647,.T.);
#6092=ORIENTED_EDGE('',*,*,#4644,.F.);
#6093=ORIENTED_EDGE('',*,*,#4620,.F.);
#6094=ORIENTED_EDGE('',*,*,#4648,.T.);
#6095=ORIENTED_EDGE('',*,*,#4649,.T.);
#6096=ORIENTED_EDGE('',*,*,#4646,.F.);
#6097=ORIENTED_EDGE('',*,*,#4619,.F.);
#6098=ORIENTED_EDGE('',*,*,#4650,.T.);
#6099=ORIENTED_EDGE('',*,*,#4651,.T.);
#6100=ORIENTED_EDGE('',*,*,#4648,.F.);
#6101=ORIENTED_EDGE('',*,*,#4618,.F.);
#6102=ORIENTED_EDGE('',*,*,#4631,.T.);
#6103=ORIENTED_EDGE('',*,*,#4652,.T.);
#6104=ORIENTED_EDGE('',*,*,#4650,.F.);
#6105=ORIENTED_EDGE('',*,*,#4652,.F.);
#6106=ORIENTED_EDGE('',*,*,#4630,.F.);
#6107=ORIENTED_EDGE('',*,*,#4633,.F.);
#6108=ORIENTED_EDGE('',*,*,#4635,.F.);
#6109=ORIENTED_EDGE('',*,*,#4637,.F.);
#6110=ORIENTED_EDGE('',*,*,#4639,.F.);
#6111=ORIENTED_EDGE('',*,*,#4641,.F.);
#6112=ORIENTED_EDGE('',*,*,#4643,.F.);
#6113=ORIENTED_EDGE('',*,*,#4645,.F.);
#6114=ORIENTED_EDGE('',*,*,#4647,.F.);
#6115=ORIENTED_EDGE('',*,*,#4649,.F.);
#6116=ORIENTED_EDGE('',*,*,#4651,.F.);
#6117=ORIENTED_EDGE('',*,*,#4653,.F.);
#6118=ORIENTED_EDGE('',*,*,#4654,.F.);
#6119=ORIENTED_EDGE('',*,*,#4655,.F.);
#6120=ORIENTED_EDGE('',*,*,#4656,.F.);
#6121=ORIENTED_EDGE('',*,*,#4657,.F.);
#6122=ORIENTED_EDGE('',*,*,#4614,.F.);
#6123=ORIENTED_EDGE('',*,*,#4658,.T.);
#6124=ORIENTED_EDGE('',*,*,#4659,.T.);
#6125=ORIENTED_EDGE('',*,*,#4660,.T.);
#6126=ORIENTED_EDGE('',*,*,#4659,.F.);
#6127=ORIENTED_EDGE('',*,*,#4660,.F.);
#6128=ORIENTED_EDGE('',*,*,#4661,.T.);
#6129=ORIENTED_EDGE('',*,*,#4662,.T.);
#6130=ORIENTED_EDGE('',*,*,#4663,.T.);
#6131=ORIENTED_EDGE('',*,*,#4664,.T.);
#6132=ORIENTED_EDGE('',*,*,#4665,.T.);
#6133=ORIENTED_EDGE('',*,*,#4666,.T.);
#6134=ORIENTED_EDGE('',*,*,#4667,.T.);
#6135=ORIENTED_EDGE('',*,*,#4668,.T.);
#6136=ORIENTED_EDGE('',*,*,#4669,.T.);
#6137=ORIENTED_EDGE('',*,*,#4670,.T.);
#6138=ORIENTED_EDGE('',*,*,#4671,.T.);
#6139=ORIENTED_EDGE('',*,*,#4672,.T.);
#6140=ORIENTED_EDGE('',*,*,#4661,.F.);
#6141=ORIENTED_EDGE('',*,*,#4673,.T.);
#6142=ORIENTED_EDGE('',*,*,#4674,.T.);
#6143=ORIENTED_EDGE('',*,*,#4675,.F.);
#6144=ORIENTED_EDGE('',*,*,#4672,.F.);
#6145=ORIENTED_EDGE('',*,*,#4676,.T.);
#6146=ORIENTED_EDGE('',*,*,#4677,.T.);
#6147=ORIENTED_EDGE('',*,*,#4673,.F.);
#6148=ORIENTED_EDGE('',*,*,#4671,.F.);
#6149=ORIENTED_EDGE('',*,*,#4678,.T.);
#6150=ORIENTED_EDGE('',*,*,#4679,.T.);
#6151=ORIENTED_EDGE('',*,*,#4676,.F.);
#6152=ORIENTED_EDGE('',*,*,#4670,.F.);
#6153=ORIENTED_EDGE('',*,*,#4680,.T.);
#6154=ORIENTED_EDGE('',*,*,#4681,.T.);
#6155=ORIENTED_EDGE('',*,*,#4678,.F.);
#6156=ORIENTED_EDGE('',*,*,#4669,.F.);
#6157=ORIENTED_EDGE('',*,*,#4682,.T.);
#6158=ORIENTED_EDGE('',*,*,#4683,.T.);
#6159=ORIENTED_EDGE('',*,*,#4680,.F.);
#6160=ORIENTED_EDGE('',*,*,#4668,.F.);
#6161=ORIENTED_EDGE('',*,*,#4684,.T.);
#6162=ORIENTED_EDGE('',*,*,#4685,.T.);
#6163=ORIENTED_EDGE('',*,*,#4682,.F.);
#6164=ORIENTED_EDGE('',*,*,#4667,.F.);
#6165=ORIENTED_EDGE('',*,*,#4686,.T.);
#6166=ORIENTED_EDGE('',*,*,#4687,.T.);
#6167=ORIENTED_EDGE('',*,*,#4684,.F.);
#6168=ORIENTED_EDGE('',*,*,#4666,.F.);
#6169=ORIENTED_EDGE('',*,*,#4688,.T.);
#6170=ORIENTED_EDGE('',*,*,#4689,.T.);
#6171=ORIENTED_EDGE('',*,*,#4686,.F.);
#6172=ORIENTED_EDGE('',*,*,#4665,.F.);
#6173=ORIENTED_EDGE('',*,*,#4690,.T.);
#6174=ORIENTED_EDGE('',*,*,#4691,.T.);
#6175=ORIENTED_EDGE('',*,*,#4688,.F.);
#6176=ORIENTED_EDGE('',*,*,#4664,.F.);
#6177=ORIENTED_EDGE('',*,*,#4692,.T.);
#6178=ORIENTED_EDGE('',*,*,#4693,.T.);
#6179=ORIENTED_EDGE('',*,*,#4690,.F.);
#6180=ORIENTED_EDGE('',*,*,#4663,.F.);
#6181=ORIENTED_EDGE('',*,*,#4694,.T.);
#6182=ORIENTED_EDGE('',*,*,#4695,.T.);
#6183=ORIENTED_EDGE('',*,*,#4692,.F.);
#6184=ORIENTED_EDGE('',*,*,#4662,.F.);
#6185=ORIENTED_EDGE('',*,*,#4675,.T.);
#6186=ORIENTED_EDGE('',*,*,#4696,.T.);
#6187=ORIENTED_EDGE('',*,*,#4694,.F.);
#6188=ORIENTED_EDGE('',*,*,#4696,.F.);
#6189=ORIENTED_EDGE('',*,*,#4674,.F.);
#6190=ORIENTED_EDGE('',*,*,#4677,.F.);
#6191=ORIENTED_EDGE('',*,*,#4679,.F.);
#6192=ORIENTED_EDGE('',*,*,#4681,.F.);
#6193=ORIENTED_EDGE('',*,*,#4683,.F.);
#6194=ORIENTED_EDGE('',*,*,#4685,.F.);
#6195=ORIENTED_EDGE('',*,*,#4687,.F.);
#6196=ORIENTED_EDGE('',*,*,#4689,.F.);
#6197=ORIENTED_EDGE('',*,*,#4691,.F.);
#6198=ORIENTED_EDGE('',*,*,#4693,.F.);
#6199=ORIENTED_EDGE('',*,*,#4695,.F.);
#6200=ORIENTED_EDGE('',*,*,#4697,.F.);
#6201=ORIENTED_EDGE('',*,*,#4698,.F.);
#6202=ORIENTED_EDGE('',*,*,#4699,.F.);
#6203=ORIENTED_EDGE('',*,*,#4700,.F.);
#6204=ORIENTED_EDGE('',*,*,#4658,.F.);
#6205=ORIENTED_EDGE('',*,*,#4701,.T.);
#6206=ORIENTED_EDGE('',*,*,#4702,.T.);
#6207=ORIENTED_EDGE('',*,*,#4703,.T.);
#6208=ORIENTED_EDGE('',*,*,#4702,.F.);
#6209=ORIENTED_EDGE('',*,*,#4703,.F.);
#6210=ORIENTED_EDGE('',*,*,#4704,.T.);
#6211=ORIENTED_EDGE('',*,*,#4705,.T.);
#6212=ORIENTED_EDGE('',*,*,#4706,.T.);
#6213=ORIENTED_EDGE('',*,*,#4707,.T.);
#6214=ORIENTED_EDGE('',*,*,#4708,.T.);
#6215=ORIENTED_EDGE('',*,*,#4709,.T.);
#6216=ORIENTED_EDGE('',*,*,#4710,.T.);
#6217=ORIENTED_EDGE('',*,*,#4711,.T.);
#6218=ORIENTED_EDGE('',*,*,#4712,.T.);
#6219=ORIENTED_EDGE('',*,*,#4713,.T.);
#6220=ORIENTED_EDGE('',*,*,#4714,.T.);
#6221=ORIENTED_EDGE('',*,*,#4715,.T.);
#6222=ORIENTED_EDGE('',*,*,#4704,.F.);
#6223=ORIENTED_EDGE('',*,*,#4716,.T.);
#6224=ORIENTED_EDGE('',*,*,#4717,.T.);
#6225=ORIENTED_EDGE('',*,*,#4718,.F.);
#6226=ORIENTED_EDGE('',*,*,#4715,.F.);
#6227=ORIENTED_EDGE('',*,*,#4719,.T.);
#6228=ORIENTED_EDGE('',*,*,#4720,.T.);
#6229=ORIENTED_EDGE('',*,*,#4716,.F.);
#6230=ORIENTED_EDGE('',*,*,#4714,.F.);
#6231=ORIENTED_EDGE('',*,*,#4721,.T.);
#6232=ORIENTED_EDGE('',*,*,#4722,.T.);
#6233=ORIENTED_EDGE('',*,*,#4719,.F.);
#6234=ORIENTED_EDGE('',*,*,#4713,.F.);
#6235=ORIENTED_EDGE('',*,*,#4723,.T.);
#6236=ORIENTED_EDGE('',*,*,#4724,.T.);
#6237=ORIENTED_EDGE('',*,*,#4721,.F.);
#6238=ORIENTED_EDGE('',*,*,#4712,.F.);
#6239=ORIENTED_EDGE('',*,*,#4725,.T.);
#6240=ORIENTED_EDGE('',*,*,#4726,.T.);
#6241=ORIENTED_EDGE('',*,*,#4723,.F.);
#6242=ORIENTED_EDGE('',*,*,#4711,.F.);
#6243=ORIENTED_EDGE('',*,*,#4727,.T.);
#6244=ORIENTED_EDGE('',*,*,#4728,.T.);
#6245=ORIENTED_EDGE('',*,*,#4725,.F.);
#6246=ORIENTED_EDGE('',*,*,#4710,.F.);
#6247=ORIENTED_EDGE('',*,*,#4729,.T.);
#6248=ORIENTED_EDGE('',*,*,#4730,.T.);
#6249=ORIENTED_EDGE('',*,*,#4727,.F.);
#6250=ORIENTED_EDGE('',*,*,#4709,.F.);
#6251=ORIENTED_EDGE('',*,*,#4731,.T.);
#6252=ORIENTED_EDGE('',*,*,#4732,.T.);
#6253=ORIENTED_EDGE('',*,*,#4729,.F.);
#6254=ORIENTED_EDGE('',*,*,#4708,.F.);
#6255=ORIENTED_EDGE('',*,*,#4733,.T.);
#6256=ORIENTED_EDGE('',*,*,#4734,.T.);
#6257=ORIENTED_EDGE('',*,*,#4731,.F.);
#6258=ORIENTED_EDGE('',*,*,#4707,.F.);
#6259=ORIENTED_EDGE('',*,*,#4735,.T.);
#6260=ORIENTED_EDGE('',*,*,#4736,.T.);
#6261=ORIENTED_EDGE('',*,*,#4733,.F.);
#6262=ORIENTED_EDGE('',*,*,#4706,.F.);
#6263=ORIENTED_EDGE('',*,*,#4737,.T.);
#6264=ORIENTED_EDGE('',*,*,#4738,.T.);
#6265=ORIENTED_EDGE('',*,*,#4735,.F.);
#6266=ORIENTED_EDGE('',*,*,#4705,.F.);
#6267=ORIENTED_EDGE('',*,*,#4718,.T.);
#6268=ORIENTED_EDGE('',*,*,#4739,.T.);
#6269=ORIENTED_EDGE('',*,*,#4737,.F.);
#6270=ORIENTED_EDGE('',*,*,#4739,.F.);
#6271=ORIENTED_EDGE('',*,*,#4717,.F.);
#6272=ORIENTED_EDGE('',*,*,#4720,.F.);
#6273=ORIENTED_EDGE('',*,*,#4722,.F.);
#6274=ORIENTED_EDGE('',*,*,#4724,.F.);
#6275=ORIENTED_EDGE('',*,*,#4726,.F.);
#6276=ORIENTED_EDGE('',*,*,#4728,.F.);
#6277=ORIENTED_EDGE('',*,*,#4730,.F.);
#6278=ORIENTED_EDGE('',*,*,#4732,.F.);
#6279=ORIENTED_EDGE('',*,*,#4734,.F.);
#6280=ORIENTED_EDGE('',*,*,#4736,.F.);
#6281=ORIENTED_EDGE('',*,*,#4738,.F.);
#6282=ORIENTED_EDGE('',*,*,#4740,.F.);
#6283=ORIENTED_EDGE('',*,*,#4741,.F.);
#6284=ORIENTED_EDGE('',*,*,#4742,.F.);
#6285=ORIENTED_EDGE('',*,*,#4743,.F.);
#6286=ORIENTED_EDGE('',*,*,#4701,.F.);
#6287=ORIENTED_EDGE('',*,*,#4744,.T.);
#6288=ORIENTED_EDGE('',*,*,#4745,.T.);
#6289=ORIENTED_EDGE('',*,*,#4746,.T.);
#6290=ORIENTED_EDGE('',*,*,#4747,.T.);
#6291=ORIENTED_EDGE('',*,*,#4745,.F.);
#6292=ORIENTED_EDGE('',*,*,#4748,.T.);
#6293=ORIENTED_EDGE('',*,*,#4749,.T.);
#6294=ORIENTED_EDGE('',*,*,#4750,.F.);
#6295=ORIENTED_EDGE('',*,*,#4751,.F.);
#6296=ORIENTED_EDGE('',*,*,#4752,.T.);
#6297=ORIENTED_EDGE('',*,*,#4753,.T.);
#6298=ORIENTED_EDGE('',*,*,#4754,.F.);
#6299=ORIENTED_EDGE('',*,*,#4755,.T.);
#6300=ORIENTED_EDGE('',*,*,#4756,.T.);
#6301=ORIENTED_EDGE('',*,*,#4757,.F.);
#6302=ORIENTED_EDGE('',*,*,#4758,.F.);
#6303=ORIENTED_EDGE('',*,*,#4759,.T.);
#6304=ORIENTED_EDGE('',*,*,#4760,.T.);
#6305=ORIENTED_EDGE('',*,*,#4761,.F.);
#6306=ORIENTED_EDGE('',*,*,#4762,.F.);
#6307=ORIENTED_EDGE('',*,*,#4763,.F.);
#6308=ORIENTED_EDGE('',*,*,#4754,.T.);
#6309=ORIENTED_EDGE('',*,*,#4764,.T.);
#6310=ORIENTED_EDGE('',*,*,#4765,.T.);
#6311=ORIENTED_EDGE('',*,*,#4766,.F.);
#6312=ORIENTED_EDGE('',*,*,#4767,.T.);
#6313=ORIENTED_EDGE('',*,*,#4758,.T.);
#6314=ORIENTED_EDGE('',*,*,#4768,.F.);
#6315=ORIENTED_EDGE('',*,*,#4769,.F.);
#6316=ORIENTED_EDGE('',*,*,#4762,.T.);
#6317=ORIENTED_EDGE('',*,*,#4770,.F.);
#6318=ORIENTED_EDGE('',*,*,#4750,.T.);
#6319=ORIENTED_EDGE('',*,*,#4771,.T.);
#6320=ORIENTED_EDGE('',*,*,#4751,.T.);
#6321=ORIENTED_EDGE('',*,*,#4770,.T.);
#6322=ORIENTED_EDGE('',*,*,#4772,.F.);
#6323=ORIENTED_EDGE('',*,*,#4773,.F.);
#6324=ORIENTED_EDGE('',*,*,#4774,.T.);
#6325=ORIENTED_EDGE('',*,*,#4775,.F.);
#6326=ORIENTED_EDGE('',*,*,#4776,.T.);
#6327=ORIENTED_EDGE('',*,*,#4777,.T.);
#6328=ORIENTED_EDGE('',*,*,#4764,.F.);
#6329=ORIENTED_EDGE('',*,*,#4753,.F.);
#6330=ORIENTED_EDGE('',*,*,#4761,.T.);
#6331=ORIENTED_EDGE('',*,*,#4778,.F.);
#6332=ORIENTED_EDGE('',*,*,#4779,.F.);
#6333=ORIENTED_EDGE('',*,*,#4780,.T.);
#6334=ORIENTED_EDGE('',*,*,#4768,.T.);
#6335=ORIENTED_EDGE('',*,*,#4774,.F.);
#6336=ORIENTED_EDGE('',*,*,#4781,.T.);
#6337=ORIENTED_EDGE('',*,*,#4775,.T.);
#6338=ORIENTED_EDGE('',*,*,#4752,.F.);
#6339=ORIENTED_EDGE('',*,*,#4767,.F.);
#6340=ORIENTED_EDGE('',*,*,#4782,.F.);
#6341=ORIENTED_EDGE('',*,*,#4783,.T.);
#6342=ORIENTED_EDGE('',*,*,#4784,.T.);
#6343=ORIENTED_EDGE('',*,*,#4759,.F.);
#6344=ORIENTED_EDGE('',*,*,#4784,.F.);
#6345=ORIENTED_EDGE('',*,*,#4785,.T.);
#6346=ORIENTED_EDGE('',*,*,#4778,.T.);
#6347=ORIENTED_EDGE('',*,*,#4760,.F.);
#6348=ORIENTED_EDGE('',*,*,#4779,.T.);
#6349=ORIENTED_EDGE('',*,*,#4785,.F.);
#6350=ORIENTED_EDGE('',*,*,#4783,.F.);
#6351=ORIENTED_EDGE('',*,*,#4786,.T.);
#6352=ORIENTED_EDGE('',*,*,#4787,.F.);
#6353=ORIENTED_EDGE('',*,*,#4788,.F.);
#6354=ORIENTED_EDGE('',*,*,#4776,.F.);
#6355=ORIENTED_EDGE('',*,*,#4781,.F.);
#6356=ORIENTED_EDGE('',*,*,#4773,.T.);
#6357=ORIENTED_EDGE('',*,*,#4789,.F.);
#6358=ORIENTED_EDGE('',*,*,#4790,.F.);
#6359=ORIENTED_EDGE('',*,*,#4791,.T.);
#6360=ORIENTED_EDGE('',*,*,#4792,.F.);
#6361=ORIENTED_EDGE('',*,*,#4787,.T.);
#6362=ORIENTED_EDGE('',*,*,#4793,.T.);
#6363=ORIENTED_EDGE('',*,*,#4756,.F.);
#6364=ORIENTED_EDGE('',*,*,#4765,.F.);
#6365=ORIENTED_EDGE('',*,*,#4777,.F.);
#6366=ORIENTED_EDGE('',*,*,#4788,.T.);
#6367=ORIENTED_EDGE('',*,*,#4792,.T.);
#6368=ORIENTED_EDGE('',*,*,#4755,.F.);
#6369=ORIENTED_EDGE('',*,*,#4757,.T.);
#6370=ORIENTED_EDGE('',*,*,#4793,.F.);
#6371=ORIENTED_EDGE('',*,*,#4786,.F.);
#6372=ORIENTED_EDGE('',*,*,#4782,.T.);
#6373=ORIENTED_EDGE('',*,*,#4766,.T.);
#6374=ORIENTED_EDGE('',*,*,#4763,.T.);
#6375=ORIENTED_EDGE('',*,*,#4769,.T.);
#6376=ORIENTED_EDGE('',*,*,#4780,.F.);
#6377=ORIENTED_EDGE('',*,*,#4791,.F.);
#6378=ORIENTED_EDGE('',*,*,#4794,.T.);
#6379=ORIENTED_EDGE('',*,*,#4794,.F.);
#6380=ORIENTED_EDGE('',*,*,#4790,.T.);
#6381=ORIENTED_EDGE('',*,*,#4795,.T.);
#6382=ORIENTED_EDGE('',*,*,#4748,.F.);
#6383=ORIENTED_EDGE('',*,*,#4744,.F.);
#6384=ORIENTED_EDGE('',*,*,#4795,.F.);
#6385=ORIENTED_EDGE('',*,*,#4789,.T.);
#6386=ORIENTED_EDGE('',*,*,#4772,.T.);
#6387=ORIENTED_EDGE('',*,*,#4771,.F.);
#6388=ORIENTED_EDGE('',*,*,#4749,.F.);
#6389=ORIENTED_EDGE('',*,*,#4746,.F.);
#6390=ORIENTED_EDGE('',*,*,#4747,.F.);
#6391=ORIENTED_EDGE('',*,*,#4796,.T.);
#6392=ORIENTED_EDGE('',*,*,#4797,.T.);
#6393=ORIENTED_EDGE('',*,*,#4796,.F.);
#6394=ORIENTED_EDGE('',*,*,#4798,.T.);
#6395=ORIENTED_EDGE('',*,*,#4799,.T.);
#6396=ORIENTED_EDGE('',*,*,#4800,.T.);
#6397=ORIENTED_EDGE('',*,*,#4799,.F.);
#6398=ORIENTED_EDGE('',*,*,#4801,.T.);
#6399=ORIENTED_EDGE('',*,*,#4802,.F.);
#6400=ORIENTED_EDGE('',*,*,#4803,.T.);
#6401=ORIENTED_EDGE('',*,*,#4804,.T.);
#6402=ORIENTED_EDGE('',*,*,#4805,.T.);
#6403=ORIENTED_EDGE('',*,*,#4806,.T.);
#6404=ORIENTED_EDGE('',*,*,#4807,.T.);
#6405=ORIENTED_EDGE('',*,*,#4808,.T.);
#6406=ORIENTED_EDGE('',*,*,#4809,.T.);
#6407=ORIENTED_EDGE('',*,*,#4810,.T.);
#6408=ORIENTED_EDGE('',*,*,#4811,.T.);
#6409=ORIENTED_EDGE('',*,*,#4812,.T.);
#6410=ORIENTED_EDGE('',*,*,#4813,.T.);
#6411=ORIENTED_EDGE('',*,*,#4814,.T.);
#6412=ORIENTED_EDGE('',*,*,#4815,.T.);
#6413=ORIENTED_EDGE('',*,*,#4816,.F.);
#6414=ORIENTED_EDGE('',*,*,#4817,.F.);
#6415=ORIENTED_EDGE('',*,*,#4818,.F.);
#6416=ORIENTED_EDGE('',*,*,#4819,.F.);
#6417=ORIENTED_EDGE('',*,*,#4820,.F.);
#6418=ORIENTED_EDGE('',*,*,#4821,.T.);
#6419=ORIENTED_EDGE('',*,*,#4822,.T.);
#6420=ORIENTED_EDGE('',*,*,#4823,.T.);
#6421=ORIENTED_EDGE('',*,*,#4822,.F.);
#6422=ORIENTED_EDGE('',*,*,#4824,.T.);
#6423=ORIENTED_EDGE('',*,*,#4825,.T.);
#6424=ORIENTED_EDGE('',*,*,#4826,.T.);
#6425=ORIENTED_EDGE('',*,*,#4827,.T.);
#6426=ORIENTED_EDGE('',*,*,#4826,.F.);
#6427=ORIENTED_EDGE('',*,*,#4828,.T.);
#6428=ORIENTED_EDGE('',*,*,#4829,.T.);
#6429=ORIENTED_EDGE('',*,*,#4830,.T.);
#6430=ORIENTED_EDGE('',*,*,#4831,.F.);
#6431=ORIENTED_EDGE('',*,*,#4832,.T.);
#6432=ORIENTED_EDGE('',*,*,#4831,.T.);
#6433=ORIENTED_EDGE('',*,*,#4833,.T.);
#6434=ORIENTED_EDGE('',*,*,#4834,.T.);
#6435=ORIENTED_EDGE('',*,*,#4835,.T.);
#6436=ORIENTED_EDGE('',*,*,#4836,.T.);
#6437=ORIENTED_EDGE('',*,*,#4837,.T.);
#6438=ORIENTED_EDGE('',*,*,#4834,.F.);
#6439=ORIENTED_EDGE('',*,*,#4838,.T.);
#6440=ORIENTED_EDGE('',*,*,#4839,.F.);
#6441=ORIENTED_EDGE('',*,*,#4840,.T.);
#6442=ORIENTED_EDGE('',*,*,#4836,.F.);
#6443=ORIENTED_EDGE('',*,*,#4841,.T.);
#6444=ORIENTED_EDGE('',*,*,#4832,.F.);
#6445=ORIENTED_EDGE('',*,*,#4835,.F.);
#6446=ORIENTED_EDGE('',*,*,#4837,.F.);
#6447=ORIENTED_EDGE('',*,*,#4842,.T.);
#6448=ORIENTED_EDGE('',*,*,#4843,.F.);
#6449=ORIENTED_EDGE('',*,*,#4844,.T.);
#6450=ORIENTED_EDGE('',*,*,#4840,.F.);
#6451=ORIENTED_EDGE('',*,*,#4845,.T.);
#6452=ORIENTED_EDGE('',*,*,#4846,.T.);
#6453=ORIENTED_EDGE('',*,*,#4847,.F.);
#6454=ORIENTED_EDGE('',*,*,#4848,.F.);
#6455=ORIENTED_EDGE('',*,*,#4842,.F.);
#6456=ORIENTED_EDGE('',*,*,#4849,.T.);
#6457=ORIENTED_EDGE('',*,*,#4850,.T.);
#6458=ORIENTED_EDGE('',*,*,#4851,.F.);
#6459=ORIENTED_EDGE('',*,*,#4852,.T.);
#6460=ORIENTED_EDGE('',*,*,#4853,.T.);
#6461=ORIENTED_EDGE('',*,*,#4854,.T.);
#6462=ORIENTED_EDGE('',*,*,#4855,.T.);
#6463=ORIENTED_EDGE('',*,*,#4856,.T.);
#6464=ORIENTED_EDGE('',*,*,#4857,.T.);
#6465=ORIENTED_EDGE('',*,*,#4858,.T.);
#6466=ORIENTED_EDGE('',*,*,#4855,.F.);
#6467=ORIENTED_EDGE('',*,*,#4859,.T.);
#6468=ORIENTED_EDGE('',*,*,#4851,.T.);
#6469=ORIENTED_EDGE('',*,*,#4860,.T.);
#6470=ORIENTED_EDGE('',*,*,#4857,.F.);
#6471=ORIENTED_EDGE('',*,*,#4861,.T.);
#6472=ORIENTED_EDGE('',*,*,#4852,.F.);
#6473=ORIENTED_EDGE('',*,*,#4861,.F.);
#6474=ORIENTED_EDGE('',*,*,#4862,.T.);
#6475=ORIENTED_EDGE('',*,*,#4863,.T.);
#6476=ORIENTED_EDGE('',*,*,#4864,.T.);
#6477=ORIENTED_EDGE('',*,*,#4859,.F.);
#6478=ORIENTED_EDGE('',*,*,#4854,.F.);
#6479=ORIENTED_EDGE('',*,*,#4865,.T.);
#6480=ORIENTED_EDGE('',*,*,#4866,.F.);
#6481=ORIENTED_EDGE('',*,*,#4862,.F.);
#6482=ORIENTED_EDGE('',*,*,#4867,.F.);
#6483=ORIENTED_EDGE('',*,*,#4863,.F.);
#6484=ORIENTED_EDGE('',*,*,#4868,.F.);
#6485=ORIENTED_EDGE('',*,*,#4869,.T.);
#6486=ORIENTED_EDGE('',*,*,#4870,.T.);
#6487=ORIENTED_EDGE('',*,*,#4868,.T.);
#6488=ORIENTED_EDGE('',*,*,#4866,.T.);
#6489=ORIENTED_EDGE('',*,*,#4871,.F.);
#6490=ORIENTED_EDGE('',*,*,#4872,.F.);
#6491=ORIENTED_EDGE('',*,*,#4873,.F.);
#6492=ORIENTED_EDGE('',*,*,#4830,.F.);
#6493=ORIENTED_EDGE('',*,*,#4874,.T.);
#6494=ORIENTED_EDGE('',*,*,#4872,.T.);
#6495=ORIENTED_EDGE('',*,*,#4875,.T.);
#6496=ORIENTED_EDGE('',*,*,#4833,.F.);
#6497=ORIENTED_EDGE('',*,*,#4867,.T.);
#6498=ORIENTED_EDGE('',*,*,#4876,.T.);
#6499=ORIENTED_EDGE('',*,*,#4873,.T.);
#6500=ORIENTED_EDGE('',*,*,#4877,.T.);
#6501=ORIENTED_EDGE('',*,*,#4878,.T.);
#6502=ORIENTED_EDGE('',*,*,#4879,.T.);
#6503=ORIENTED_EDGE('',*,*,#4871,.T.);
#6504=ORIENTED_EDGE('',*,*,#4880,.T.);
#6505=ORIENTED_EDGE('',*,*,#4849,.F.);
#6506=ORIENTED_EDGE('',*,*,#4864,.F.);
#6507=ORIENTED_EDGE('',*,*,#4877,.F.);
#6508=ORIENTED_EDGE('',*,*,#4874,.F.);
#6509=ORIENTED_EDGE('',*,*,#4829,.F.);
#6510=ORIENTED_EDGE('',*,*,#4844,.F.);
#6511=ORIENTED_EDGE('',*,*,#4881,.F.);
#6512=ORIENTED_EDGE('',*,*,#4882,.T.);
#6513=ORIENTED_EDGE('',*,*,#4883,.F.);
#6514=ORIENTED_EDGE('',*,*,#4884,.F.);
#6515=ORIENTED_EDGE('',*,*,#4885,.F.);
#6516=ORIENTED_EDGE('',*,*,#4886,.T.);
#6517=ORIENTED_EDGE('',*,*,#4887,.F.);
#6518=ORIENTED_EDGE('',*,*,#4888,.F.);
#6519=ORIENTED_EDGE('',*,*,#4889,.F.);
#6520=ORIENTED_EDGE('',*,*,#4890,.T.);
#6521=ORIENTED_EDGE('',*,*,#4891,.F.);
#6522=ORIENTED_EDGE('',*,*,#4892,.F.);
#6523=ORIENTED_EDGE('',*,*,#4893,.F.);
#6524=ORIENTED_EDGE('',*,*,#4894,.F.);
#6525=ORIENTED_EDGE('',*,*,#4895,.F.);
#6526=ORIENTED_EDGE('',*,*,#4896,.F.);
#6527=ORIENTED_EDGE('',*,*,#4897,.F.);
#6528=ORIENTED_EDGE('',*,*,#4898,.T.);
#6529=ORIENTED_EDGE('',*,*,#4899,.T.);
#6530=ORIENTED_EDGE('',*,*,#4900,.T.);
#6531=ORIENTED_EDGE('',*,*,#4901,.T.);
#6532=ORIENTED_EDGE('',*,*,#4902,.T.);
#6533=ORIENTED_EDGE('',*,*,#4895,.T.);
#6534=ORIENTED_EDGE('',*,*,#4903,.T.);
#6535=ORIENTED_EDGE('',*,*,#4904,.T.);
#6536=ORIENTED_EDGE('',*,*,#4905,.T.);
#6537=ORIENTED_EDGE('',*,*,#4906,.T.);
#6538=ORIENTED_EDGE('',*,*,#4904,.F.);
#6539=ORIENTED_EDGE('',*,*,#4907,.T.);
#6540=ORIENTED_EDGE('',*,*,#4907,.F.);
#6541=ORIENTED_EDGE('',*,*,#4908,.F.);
#6542=ORIENTED_EDGE('',*,*,#4909,.F.);
#6543=ORIENTED_EDGE('',*,*,#4910,.F.);
#6544=ORIENTED_EDGE('',*,*,#4903,.F.);
#6545=ORIENTED_EDGE('',*,*,#4894,.T.);
#6546=ORIENTED_EDGE('',*,*,#4911,.F.);
#6547=ORIENTED_EDGE('',*,*,#4908,.T.);
#6548=ORIENTED_EDGE('',*,*,#4911,.T.);
#6549=ORIENTED_EDGE('',*,*,#4893,.T.);
#6550=ORIENTED_EDGE('',*,*,#4912,.T.);
#6551=ORIENTED_EDGE('',*,*,#4913,.T.);
#6552=ORIENTED_EDGE('',*,*,#4914,.T.);
#6553=ORIENTED_EDGE('',*,*,#4909,.T.);
#6554=ORIENTED_EDGE('',*,*,#4913,.F.);
#6555=ORIENTED_EDGE('',*,*,#4915,.T.);
#6556=ORIENTED_EDGE('',*,*,#4915,.F.);
#6557=ORIENTED_EDGE('',*,*,#4916,.F.);
#6558=ORIENTED_EDGE('',*,*,#4917,.F.);
#6559=ORIENTED_EDGE('',*,*,#4918,.F.);
#6560=ORIENTED_EDGE('',*,*,#4912,.F.);
#6561=ORIENTED_EDGE('',*,*,#4892,.T.);
#6562=ORIENTED_EDGE('',*,*,#4919,.F.);
#6563=ORIENTED_EDGE('',*,*,#4916,.T.);
#6564=ORIENTED_EDGE('',*,*,#4920,.T.);
#6565=ORIENTED_EDGE('',*,*,#4883,.T.);
#6566=ORIENTED_EDGE('',*,*,#4921,.T.);
#6567=ORIENTED_EDGE('',*,*,#4922,.T.);
#6568=ORIENTED_EDGE('',*,*,#4923,.T.);
#6569=ORIENTED_EDGE('',*,*,#4924,.T.);
#6570=ORIENTED_EDGE('',*,*,#4922,.F.);
#6571=ORIENTED_EDGE('',*,*,#4925,.T.);
#6572=ORIENTED_EDGE('',*,*,#4925,.F.);
#6573=ORIENTED_EDGE('',*,*,#4926,.T.);
#6574=ORIENTED_EDGE('',*,*,#4927,.F.);
#6575=ORIENTED_EDGE('',*,*,#4928,.F.);
#6576=ORIENTED_EDGE('',*,*,#4921,.F.);
#6577=ORIENTED_EDGE('',*,*,#4882,.F.);
#6578=ORIENTED_EDGE('',*,*,#4929,.F.);
#6579=ORIENTED_EDGE('',*,*,#4926,.F.);
#6580=ORIENTED_EDGE('',*,*,#4929,.T.);
#6581=ORIENTED_EDGE('',*,*,#4881,.T.);
#6582=ORIENTED_EDGE('',*,*,#4843,.T.);
#6583=ORIENTED_EDGE('',*,*,#4930,.T.);
#6584=ORIENTED_EDGE('',*,*,#4931,.T.);
#6585=ORIENTED_EDGE('',*,*,#4927,.T.);
#6586=ORIENTED_EDGE('',*,*,#4930,.F.);
#6587=ORIENTED_EDGE('',*,*,#4848,.T.);
#6588=ORIENTED_EDGE('',*,*,#4932,.T.);
#6589=ORIENTED_EDGE('',*,*,#4887,.T.);
#6590=ORIENTED_EDGE('',*,*,#4933,.T.);
#6591=ORIENTED_EDGE('',*,*,#4934,.T.);
#6592=ORIENTED_EDGE('',*,*,#4935,.T.);
#6593=ORIENTED_EDGE('',*,*,#4936,.T.);
#6594=ORIENTED_EDGE('',*,*,#4934,.F.);
#6595=ORIENTED_EDGE('',*,*,#4937,.T.);
#6596=ORIENTED_EDGE('',*,*,#4937,.F.);
#6597=ORIENTED_EDGE('',*,*,#4938,.T.);
#6598=ORIENTED_EDGE('',*,*,#4939,.F.);
#6599=ORIENTED_EDGE('',*,*,#4940,.F.);
#6600=ORIENTED_EDGE('',*,*,#4933,.F.);
#6601=ORIENTED_EDGE('',*,*,#4886,.F.);
#6602=ORIENTED_EDGE('',*,*,#4941,.F.);
#6603=ORIENTED_EDGE('',*,*,#4938,.F.);
#6604=ORIENTED_EDGE('',*,*,#4941,.T.);
#6605=ORIENTED_EDGE('',*,*,#4885,.T.);
#6606=ORIENTED_EDGE('',*,*,#4942,.T.);
#6607=ORIENTED_EDGE('',*,*,#4943,.T.);
#6608=ORIENTED_EDGE('',*,*,#4944,.T.);
#6609=ORIENTED_EDGE('',*,*,#4939,.T.);
#6610=ORIENTED_EDGE('',*,*,#4943,.F.);
#6611=ORIENTED_EDGE('',*,*,#4945,.T.);
#6612=ORIENTED_EDGE('',*,*,#4924,.F.);
#6613=ORIENTED_EDGE('',*,*,#4946,.T.);
#6614=ORIENTED_EDGE('',*,*,#4945,.F.);
#6615=ORIENTED_EDGE('',*,*,#4947,.F.);
#6616=ORIENTED_EDGE('',*,*,#4920,.F.);
#6617=ORIENTED_EDGE('',*,*,#4947,.T.);
#6618=ORIENTED_EDGE('',*,*,#4942,.F.);
#6619=ORIENTED_EDGE('',*,*,#4884,.T.);
#6620=ORIENTED_EDGE('',*,*,#4919,.T.);
#6621=ORIENTED_EDGE('',*,*,#4891,.T.);
#6622=ORIENTED_EDGE('',*,*,#4948,.T.);
#6623=ORIENTED_EDGE('',*,*,#4949,.T.);
#6624=ORIENTED_EDGE('',*,*,#4950,.T.);
#6625=ORIENTED_EDGE('',*,*,#4917,.T.);
#6626=ORIENTED_EDGE('',*,*,#4949,.F.);
#6627=ORIENTED_EDGE('',*,*,#4951,.T.);
#6628=ORIENTED_EDGE('',*,*,#4951,.F.);
#6629=ORIENTED_EDGE('',*,*,#4952,.T.);
#6630=ORIENTED_EDGE('',*,*,#4953,.F.);
#6631=ORIENTED_EDGE('',*,*,#4954,.F.);
#6632=ORIENTED_EDGE('',*,*,#4948,.F.);
#6633=ORIENTED_EDGE('',*,*,#4890,.F.);
#6634=ORIENTED_EDGE('',*,*,#4955,.F.);
#6635=ORIENTED_EDGE('',*,*,#4952,.F.);
#6636=ORIENTED_EDGE('',*,*,#4955,.T.);
#6637=ORIENTED_EDGE('',*,*,#4889,.T.);
#6638=ORIENTED_EDGE('',*,*,#4956,.T.);
#6639=ORIENTED_EDGE('',*,*,#4957,.T.);
#6640=ORIENTED_EDGE('',*,*,#4958,.T.);
#6641=ORIENTED_EDGE('',*,*,#4953,.T.);
#6642=ORIENTED_EDGE('',*,*,#4957,.F.);
#6643=ORIENTED_EDGE('',*,*,#4959,.T.);
#6644=ORIENTED_EDGE('',*,*,#4936,.F.);
#6645=ORIENTED_EDGE('',*,*,#4960,.F.);
#6646=ORIENTED_EDGE('',*,*,#4959,.F.);
#6647=ORIENTED_EDGE('',*,*,#4961,.F.);
#6648=ORIENTED_EDGE('',*,*,#4932,.F.);
#6649=ORIENTED_EDGE('',*,*,#4961,.T.);
#6650=ORIENTED_EDGE('',*,*,#4956,.F.);
#6651=ORIENTED_EDGE('',*,*,#4888,.T.);
#6652=ORIENTED_EDGE('',*,*,#4846,.F.);
#6653=ORIENTED_EDGE('',*,*,#4962,.T.);
#6654=ORIENTED_EDGE('',*,*,#4817,.T.);
#6655=ORIENTED_EDGE('',*,*,#4963,.F.);
#6656=ORIENTED_EDGE('',*,*,#4964,.F.);
#6657=ORIENTED_EDGE('',*,*,#4965,.F.);
#6658=ORIENTED_EDGE('',*,*,#4966,.F.);
#6659=ORIENTED_EDGE('',*,*,#4967,.F.);
#6660=ORIENTED_EDGE('',*,*,#4819,.T.);
#6661=ORIENTED_EDGE('',*,*,#4968,.F.);
#6662=ORIENTED_EDGE('',*,*,#4856,.F.);
#6663=ORIENTED_EDGE('',*,*,#4969,.F.);
#6664=ORIENTED_EDGE('',*,*,#4906,.F.);
#6665=ORIENTED_EDGE('',*,*,#4970,.F.);
#6666=ORIENTED_EDGE('',*,*,#4965,.T.);
#6667=ORIENTED_EDGE('',*,*,#4971,.T.);
#6668=ORIENTED_EDGE('',*,*,#4838,.F.);
#6669=ORIENTED_EDGE('',*,*,#4875,.F.);
#6670=ORIENTED_EDGE('',*,*,#4879,.F.);
#6671=ORIENTED_EDGE('',*,*,#4972,.F.);
#6672=ORIENTED_EDGE('',*,*,#4841,.F.);
#6673=ORIENTED_EDGE('',*,*,#4869,.F.);
#6674=ORIENTED_EDGE('',*,*,#4865,.F.);
#6675=ORIENTED_EDGE('',*,*,#4853,.F.);
#6676=ORIENTED_EDGE('',*,*,#4971,.F.);
#6677=ORIENTED_EDGE('',*,*,#4968,.T.);
#6678=ORIENTED_EDGE('',*,*,#4818,.T.);
#6679=ORIENTED_EDGE('',*,*,#4962,.F.);
#6680=ORIENTED_EDGE('',*,*,#4845,.F.);
#6681=ORIENTED_EDGE('',*,*,#4839,.T.);
#6682=ORIENTED_EDGE('',*,*,#4972,.T.);
#6683=ORIENTED_EDGE('',*,*,#4878,.F.);
#6684=ORIENTED_EDGE('',*,*,#4973,.F.);
#6685=ORIENTED_EDGE('',*,*,#4870,.F.);
#6686=ORIENTED_EDGE('',*,*,#4973,.T.);
#6687=ORIENTED_EDGE('',*,*,#4880,.F.);
#6688=ORIENTED_EDGE('',*,*,#4876,.F.);
#6689=ORIENTED_EDGE('',*,*,#4850,.F.);
#6690=ORIENTED_EDGE('',*,*,#4896,.T.);
#6691=ORIENTED_EDGE('',*,*,#4902,.F.);
#6692=ORIENTED_EDGE('',*,*,#4969,.T.);
#6693=ORIENTED_EDGE('',*,*,#4858,.F.);
#6694=ORIENTED_EDGE('',*,*,#4860,.F.);
#6695=ORIENTED_EDGE('',*,*,#4974,.T.);
#6696=ORIENTED_EDGE('',*,*,#4975,.T.);
#6697=ORIENTED_EDGE('',*,*,#4897,.T.);
#6698=ORIENTED_EDGE('',*,*,#4975,.F.);
#6699=ORIENTED_EDGE('',*,*,#4976,.T.);
#6700=ORIENTED_EDGE('',*,*,#4977,.F.);
#6701=ORIENTED_EDGE('',*,*,#4978,.T.);
#6702=ORIENTED_EDGE('',*,*,#4976,.F.);
#6703=ORIENTED_EDGE('',*,*,#4974,.F.);
#6704=ORIENTED_EDGE('',*,*,#4978,.F.);
#6705=ORIENTED_EDGE('',*,*,#4797,.F.);
#6706=ORIENTED_EDGE('',*,*,#4979,.T.);
#6707=ORIENTED_EDGE('',*,*,#4901,.F.);
#6708=ORIENTED_EDGE('',*,*,#4979,.F.);
#6709=ORIENTED_EDGE('',*,*,#4827,.F.);
#6710=ORIENTED_EDGE('',*,*,#4980,.T.);
#6711=ORIENTED_EDGE('',*,*,#4900,.F.);
#6712=ORIENTED_EDGE('',*,*,#4980,.F.);
#6713=ORIENTED_EDGE('',*,*,#4800,.F.);
#6714=ORIENTED_EDGE('',*,*,#4981,.T.);
#6715=ORIENTED_EDGE('',*,*,#4899,.F.);
#6716=ORIENTED_EDGE('',*,*,#4981,.F.);
#6717=ORIENTED_EDGE('',*,*,#4823,.F.);
#6718=ORIENTED_EDGE('',*,*,#4982,.T.);
#6719=ORIENTED_EDGE('',*,*,#4898,.F.);
#6720=ORIENTED_EDGE('',*,*,#4982,.F.);
#6721=ORIENTED_EDGE('',*,*,#4983,.T.);
#6722=ORIENTED_EDGE('',*,*,#4966,.T.);
#6723=ORIENTED_EDGE('',*,*,#4970,.T.);
#6724=ORIENTED_EDGE('',*,*,#4905,.F.);
#6725=ORIENTED_EDGE('',*,*,#4910,.T.);
#6726=ORIENTED_EDGE('',*,*,#4914,.F.);
#6727=ORIENTED_EDGE('',*,*,#4918,.T.);
#6728=ORIENTED_EDGE('',*,*,#4950,.F.);
#6729=ORIENTED_EDGE('',*,*,#4954,.T.);
#6730=ORIENTED_EDGE('',*,*,#4958,.F.);
#6731=ORIENTED_EDGE('',*,*,#4960,.T.);
#6732=ORIENTED_EDGE('',*,*,#4935,.F.);
#6733=ORIENTED_EDGE('',*,*,#4940,.T.);
#6734=ORIENTED_EDGE('',*,*,#4944,.F.);
#6735=ORIENTED_EDGE('',*,*,#4946,.F.);
#6736=ORIENTED_EDGE('',*,*,#4923,.F.);
#6737=ORIENTED_EDGE('',*,*,#4928,.T.);
#6738=ORIENTED_EDGE('',*,*,#4931,.F.);
#6739=ORIENTED_EDGE('',*,*,#4847,.T.);
#6740=ORIENTED_EDGE('',*,*,#4964,.T.);
#6741=ORIENTED_EDGE('',*,*,#4984,.T.);
#6742=ORIENTED_EDGE('',*,*,#4985,.F.);
#6743=ORIENTED_EDGE('',*,*,#4986,.F.);
#6744=ORIENTED_EDGE('',*,*,#4987,.F.);
#6745=ORIENTED_EDGE('',*,*,#4988,.F.);
#6746=ORIENTED_EDGE('',*,*,#4989,.F.);
#6747=ORIENTED_EDGE('',*,*,#4990,.F.);
#6748=ORIENTED_EDGE('',*,*,#4991,.F.);
#6749=ORIENTED_EDGE('',*,*,#4992,.T.);
#6750=ORIENTED_EDGE('',*,*,#4993,.F.);
#6751=ORIENTED_EDGE('',*,*,#4994,.T.);
#6752=ORIENTED_EDGE('',*,*,#4995,.F.);
#6753=ORIENTED_EDGE('',*,*,#4996,.T.);
#6754=ORIENTED_EDGE('',*,*,#4997,.F.);
#6755=ORIENTED_EDGE('',*,*,#4998,.T.);
#6756=ORIENTED_EDGE('',*,*,#4999,.F.);
#6757=ORIENTED_EDGE('',*,*,#4977,.T.);
#6758=ORIENTED_EDGE('',*,*,#5000,.T.);
#6759=ORIENTED_EDGE('',*,*,#4816,.T.);
#6760=ORIENTED_EDGE('',*,*,#5001,.T.);
#6761=ORIENTED_EDGE('',*,*,#5002,.T.);
#6762=ORIENTED_EDGE('',*,*,#4963,.T.);
#6763=ORIENTED_EDGE('',*,*,#4802,.T.);
#6764=ORIENTED_EDGE('',*,*,#5003,.T.);
#6765=ORIENTED_EDGE('',*,*,#5004,.T.);
#6766=ORIENTED_EDGE('',*,*,#5005,.T.);
#6767=ORIENTED_EDGE('',*,*,#5006,.F.);
#6768=ORIENTED_EDGE('',*,*,#5007,.T.);
#6769=ORIENTED_EDGE('',*,*,#5008,.F.);
#6770=ORIENTED_EDGE('',*,*,#5009,.T.);
#6771=ORIENTED_EDGE('',*,*,#5010,.F.);
#6772=ORIENTED_EDGE('',*,*,#5011,.T.);
#6773=ORIENTED_EDGE('',*,*,#5012,.F.);
#6774=ORIENTED_EDGE('',*,*,#5013,.T.);
#6775=ORIENTED_EDGE('',*,*,#5014,.F.);
#6776=ORIENTED_EDGE('',*,*,#5015,.T.);
#6777=ORIENTED_EDGE('',*,*,#5016,.T.);
#6778=ORIENTED_EDGE('',*,*,#5015,.F.);
#6779=ORIENTED_EDGE('',*,*,#5017,.F.);
#6780=ORIENTED_EDGE('',*,*,#5018,.T.);
#6781=ORIENTED_EDGE('',*,*,#5019,.T.);
#6782=ORIENTED_EDGE('',*,*,#5018,.F.);
#6783=ORIENTED_EDGE('',*,*,#5019,.F.);
#6784=ORIENTED_EDGE('',*,*,#5016,.F.);
#6785=ORIENTED_EDGE('',*,*,#5020,.T.);
#6786=ORIENTED_EDGE('',*,*,#5017,.T.);
#6787=ORIENTED_EDGE('',*,*,#5021,.F.);
#6788=ORIENTED_EDGE('',*,*,#5022,.F.);
#6789=ORIENTED_EDGE('',*,*,#4611,.T.);
#6790=ORIENTED_EDGE('',*,*,#5023,.F.);
#6791=ORIENTED_EDGE('',*,*,#5024,.F.);
#6792=ORIENTED_EDGE('',*,*,#5025,.T.);
#6793=ORIENTED_EDGE('',*,*,#4613,.T.);
#6794=ORIENTED_EDGE('',*,*,#5026,.F.);
#6795=ORIENTED_EDGE('',*,*,#5027,.F.);
#6796=ORIENTED_EDGE('',*,*,#5028,.F.);
#6797=ORIENTED_EDGE('',*,*,#5023,.T.);
#6798=ORIENTED_EDGE('',*,*,#4610,.T.);
#6799=ORIENTED_EDGE('',*,*,#5025,.F.);
#6800=ORIENTED_EDGE('',*,*,#5029,.F.);
#6801=ORIENTED_EDGE('',*,*,#5030,.F.);
#6802=ORIENTED_EDGE('',*,*,#4698,.T.);
#6803=ORIENTED_EDGE('',*,*,#5031,.F.);
#6804=ORIENTED_EDGE('',*,*,#5032,.F.);
#6805=ORIENTED_EDGE('',*,*,#5033,.T.);
#6806=ORIENTED_EDGE('',*,*,#4700,.T.);
#6807=ORIENTED_EDGE('',*,*,#5034,.F.);
#6808=ORIENTED_EDGE('',*,*,#5035,.F.);
#6809=ORIENTED_EDGE('',*,*,#5036,.F.);
#6810=ORIENTED_EDGE('',*,*,#5031,.T.);
#6811=ORIENTED_EDGE('',*,*,#4697,.T.);
#6812=ORIENTED_EDGE('',*,*,#5033,.F.);
#6813=ORIENTED_EDGE('',*,*,#5037,.F.);
#6814=ORIENTED_EDGE('',*,*,#5038,.F.);
#6815=ORIENTED_EDGE('',*,*,#4741,.T.);
#6816=ORIENTED_EDGE('',*,*,#5039,.F.);
#6817=ORIENTED_EDGE('',*,*,#5040,.F.);
#6818=ORIENTED_EDGE('',*,*,#5041,.T.);
#6819=ORIENTED_EDGE('',*,*,#4743,.T.);
#6820=ORIENTED_EDGE('',*,*,#5042,.F.);
#6821=ORIENTED_EDGE('',*,*,#5043,.F.);
#6822=ORIENTED_EDGE('',*,*,#5044,.F.);
#6823=ORIENTED_EDGE('',*,*,#5039,.T.);
#6824=ORIENTED_EDGE('',*,*,#4740,.T.);
#6825=ORIENTED_EDGE('',*,*,#5041,.F.);
#6826=ORIENTED_EDGE('',*,*,#5045,.F.);
#6827=ORIENTED_EDGE('',*,*,#5046,.F.);
#6828=ORIENTED_EDGE('',*,*,#4654,.T.);
#6829=ORIENTED_EDGE('',*,*,#5047,.F.);
#6830=ORIENTED_EDGE('',*,*,#5048,.F.);
#6831=ORIENTED_EDGE('',*,*,#5049,.T.);
#6832=ORIENTED_EDGE('',*,*,#4657,.T.);
#6833=ORIENTED_EDGE('',*,*,#5050,.F.);
#6834=ORIENTED_EDGE('',*,*,#5051,.F.);
#6835=ORIENTED_EDGE('',*,*,#5052,.F.);
#6836=ORIENTED_EDGE('',*,*,#5047,.T.);
#6837=ORIENTED_EDGE('',*,*,#4653,.T.);
#6838=ORIENTED_EDGE('',*,*,#5049,.F.);
#6839=ORIENTED_EDGE('',*,*,#5044,.T.);
#6840=ORIENTED_EDGE('',*,*,#5053,.T.);
#6841=ORIENTED_EDGE('',*,*,#5051,.T.);
#6842=ORIENTED_EDGE('',*,*,#5048,.T.);
#6843=ORIENTED_EDGE('',*,*,#5054,.T.);
#6844=ORIENTED_EDGE('',*,*,#5037,.T.);
#6845=ORIENTED_EDGE('',*,*,#5055,.T.);
#6846=ORIENTED_EDGE('',*,*,#5035,.T.);
#6847=ORIENTED_EDGE('',*,*,#5032,.T.);
#6848=ORIENTED_EDGE('',*,*,#5056,.T.);
#6849=ORIENTED_EDGE('',*,*,#5045,.T.);
#6850=ORIENTED_EDGE('',*,*,#5052,.T.);
#6851=ORIENTED_EDGE('',*,*,#5057,.T.);
#6852=ORIENTED_EDGE('',*,*,#5058,.T.);
#6853=ORIENTED_EDGE('',*,*,#5027,.T.);
#6854=ORIENTED_EDGE('',*,*,#5024,.T.);
#6855=ORIENTED_EDGE('',*,*,#5059,.T.);
#6856=ORIENTED_EDGE('',*,*,#5029,.T.);
#6857=ORIENTED_EDGE('',*,*,#5036,.T.);
#6858=ORIENTED_EDGE('',*,*,#5060,.T.);
#6859=ORIENTED_EDGE('',*,*,#5061,.T.);
#6860=ORIENTED_EDGE('',*,*,#5028,.T.);
#6861=ORIENTED_EDGE('',*,*,#5062,.T.);
#6862=ORIENTED_EDGE('',*,*,#5043,.T.);
#6863=ORIENTED_EDGE('',*,*,#5040,.T.);
#6864=ORIENTED_EDGE('',*,*,#5063,.T.);
#6865=ORIENTED_EDGE('',*,*,#5021,.T.);
#6866=ORIENTED_EDGE('',*,*,#5064,.T.);
#6867=ORIENTED_EDGE('',*,*,#5026,.T.);
#6868=ORIENTED_EDGE('',*,*,#4612,.T.);
#6869=ORIENTED_EDGE('',*,*,#5022,.T.);
#6870=ORIENTED_EDGE('',*,*,#5063,.F.);
#6871=ORIENTED_EDGE('',*,*,#5042,.T.);
#6872=ORIENTED_EDGE('',*,*,#4742,.T.);
#6873=ORIENTED_EDGE('',*,*,#5038,.T.);
#6874=ORIENTED_EDGE('',*,*,#5054,.F.);
#6875=ORIENTED_EDGE('',*,*,#5050,.T.);
#6876=ORIENTED_EDGE('',*,*,#4656,.T.);
#6877=ORIENTED_EDGE('',*,*,#5065,.T.);
#6878=ORIENTED_EDGE('',*,*,#5066,.F.);
#6879=ORIENTED_EDGE('',*,*,#5065,.F.);
#6880=ORIENTED_EDGE('',*,*,#4655,.T.);
#6881=ORIENTED_EDGE('',*,*,#5046,.T.);
#6882=ORIENTED_EDGE('',*,*,#5056,.F.);
#6883=ORIENTED_EDGE('',*,*,#5034,.T.);
#6884=ORIENTED_EDGE('',*,*,#4699,.T.);
#6885=ORIENTED_EDGE('',*,*,#5030,.T.);
#6886=ORIENTED_EDGE('',*,*,#5059,.F.);
#6887=ORIENTED_EDGE('',*,*,#5067,.F.);
#6888=ORIENTED_EDGE('',*,*,#5068,.F.);
#6889=ORIENTED_EDGE('',*,*,#5069,.F.);
#6890=ORIENTED_EDGE('',*,*,#5070,.F.);
#6891=ORIENTED_EDGE('',*,*,#5071,.F.);
#6892=ORIENTED_EDGE('',*,*,#5072,.F.);
#6893=ORIENTED_EDGE('',*,*,#5073,.F.);
#6894=ORIENTED_EDGE('',*,*,#5074,.F.);
#6895=ORIENTED_EDGE('',*,*,#5075,.F.);
#6896=ORIENTED_EDGE('',*,*,#5076,.T.);
#6897=ORIENTED_EDGE('',*,*,#5072,.T.);
#6898=ORIENTED_EDGE('',*,*,#5076,.F.);
#6899=ORIENTED_EDGE('',*,*,#5077,.F.);
#6900=ORIENTED_EDGE('',*,*,#5078,.T.);
#6901=ORIENTED_EDGE('',*,*,#5071,.T.);
#6902=ORIENTED_EDGE('',*,*,#5078,.F.);
#6903=ORIENTED_EDGE('',*,*,#5079,.F.);
#6904=ORIENTED_EDGE('',*,*,#5080,.T.);
#6905=ORIENTED_EDGE('',*,*,#5081,.T.);
#6906=ORIENTED_EDGE('',*,*,#5082,.F.);
#6907=ORIENTED_EDGE('',*,*,#5083,.F.);
#6908=ORIENTED_EDGE('',*,*,#5084,.T.);
#6909=ORIENTED_EDGE('',*,*,#5085,.T.);
#6910=ORIENTED_EDGE('',*,*,#5080,.F.);
#6911=ORIENTED_EDGE('',*,*,#5086,.F.);
#6912=ORIENTED_EDGE('',*,*,#5087,.T.);
#6913=ORIENTED_EDGE('',*,*,#5088,.T.);
#6914=ORIENTED_EDGE('',*,*,#5084,.F.);
#6915=ORIENTED_EDGE('',*,*,#5089,.F.);
#6916=ORIENTED_EDGE('',*,*,#5090,.T.);
#6917=ORIENTED_EDGE('',*,*,#5091,.T.);
#6918=ORIENTED_EDGE('',*,*,#5087,.F.);
#6919=ORIENTED_EDGE('',*,*,#5092,.F.);
#6920=ORIENTED_EDGE('',*,*,#5093,.T.);
#6921=ORIENTED_EDGE('',*,*,#5094,.T.);
#6922=ORIENTED_EDGE('',*,*,#5090,.F.);
#6923=ORIENTED_EDGE('',*,*,#5095,.F.);
#6924=ORIENTED_EDGE('',*,*,#5082,.T.);
#6925=ORIENTED_EDGE('',*,*,#5096,.T.);
#6926=ORIENTED_EDGE('',*,*,#5093,.F.);
#6927=ORIENTED_EDGE('',*,*,#5096,.F.);
#6928=ORIENTED_EDGE('',*,*,#5081,.F.);
#6929=ORIENTED_EDGE('',*,*,#5085,.F.);
#6930=ORIENTED_EDGE('',*,*,#5088,.F.);
#6931=ORIENTED_EDGE('',*,*,#5091,.F.);
#6932=ORIENTED_EDGE('',*,*,#5094,.F.);
#6933=ORIENTED_EDGE('',*,*,#5097,.F.);
#6934=ORIENTED_EDGE('',*,*,#5098,.F.);
#6935=ORIENTED_EDGE('',*,*,#5099,.T.);
#6936=ORIENTED_EDGE('',*,*,#5100,.T.);
#6937=ORIENTED_EDGE('',*,*,#5101,.F.);
#6938=ORIENTED_EDGE('',*,*,#5102,.F.);
#6939=ORIENTED_EDGE('',*,*,#5103,.T.);
#6940=ORIENTED_EDGE('',*,*,#5104,.T.);
#6941=ORIENTED_EDGE('',*,*,#5099,.F.);
#6942=ORIENTED_EDGE('',*,*,#5105,.F.);
#6943=ORIENTED_EDGE('',*,*,#5106,.T.);
#6944=ORIENTED_EDGE('',*,*,#5107,.T.);
#6945=ORIENTED_EDGE('',*,*,#5103,.F.);
#6946=ORIENTED_EDGE('',*,*,#5108,.F.);
#6947=ORIENTED_EDGE('',*,*,#5109,.T.);
#6948=ORIENTED_EDGE('',*,*,#5110,.T.);
#6949=ORIENTED_EDGE('',*,*,#5106,.F.);
#6950=ORIENTED_EDGE('',*,*,#5111,.F.);
#6951=ORIENTED_EDGE('',*,*,#5112,.T.);
#6952=ORIENTED_EDGE('',*,*,#5113,.T.);
#6953=ORIENTED_EDGE('',*,*,#5109,.F.);
#6954=ORIENTED_EDGE('',*,*,#5114,.F.);
#6955=ORIENTED_EDGE('',*,*,#5101,.T.);
#6956=ORIENTED_EDGE('',*,*,#5115,.T.);
#6957=ORIENTED_EDGE('',*,*,#5112,.F.);
#6958=ORIENTED_EDGE('',*,*,#5115,.F.);
#6959=ORIENTED_EDGE('',*,*,#5100,.F.);
#6960=ORIENTED_EDGE('',*,*,#5104,.F.);
#6961=ORIENTED_EDGE('',*,*,#5107,.F.);
#6962=ORIENTED_EDGE('',*,*,#5110,.F.);
#6963=ORIENTED_EDGE('',*,*,#5113,.F.);
#6964=ORIENTED_EDGE('',*,*,#5116,.F.);
#6965=ORIENTED_EDGE('',*,*,#5117,.F.);
#6966=ORIENTED_EDGE('',*,*,#5118,.T.);
#6967=ORIENTED_EDGE('',*,*,#5119,.T.);
#6968=ORIENTED_EDGE('',*,*,#5120,.F.);
#6969=ORIENTED_EDGE('',*,*,#5121,.F.);
#6970=ORIENTED_EDGE('',*,*,#5122,.T.);
#6971=ORIENTED_EDGE('',*,*,#5123,.T.);
#6972=ORIENTED_EDGE('',*,*,#5118,.F.);
#6973=ORIENTED_EDGE('',*,*,#5124,.F.);
#6974=ORIENTED_EDGE('',*,*,#5125,.T.);
#6975=ORIENTED_EDGE('',*,*,#5126,.T.);
#6976=ORIENTED_EDGE('',*,*,#5122,.F.);
#6977=ORIENTED_EDGE('',*,*,#5127,.F.);
#6978=ORIENTED_EDGE('',*,*,#5128,.T.);
#6979=ORIENTED_EDGE('',*,*,#5129,.T.);
#6980=ORIENTED_EDGE('',*,*,#5125,.F.);
#6981=ORIENTED_EDGE('',*,*,#5130,.F.);
#6982=ORIENTED_EDGE('',*,*,#5131,.T.);
#6983=ORIENTED_EDGE('',*,*,#5132,.T.);
#6984=ORIENTED_EDGE('',*,*,#5128,.F.);
#6985=ORIENTED_EDGE('',*,*,#5133,.F.);
#6986=ORIENTED_EDGE('',*,*,#5120,.T.);
#6987=ORIENTED_EDGE('',*,*,#5134,.T.);
#6988=ORIENTED_EDGE('',*,*,#5131,.F.);
#6989=ORIENTED_EDGE('',*,*,#5134,.F.);
#6990=ORIENTED_EDGE('',*,*,#5119,.F.);
#6991=ORIENTED_EDGE('',*,*,#5123,.F.);
#6992=ORIENTED_EDGE('',*,*,#5126,.F.);
#6993=ORIENTED_EDGE('',*,*,#5129,.F.);
#6994=ORIENTED_EDGE('',*,*,#5132,.F.);
#6995=ORIENTED_EDGE('',*,*,#5135,.F.);
#6996=ORIENTED_EDGE('',*,*,#5136,.F.);
#6997=ORIENTED_EDGE('',*,*,#5137,.T.);
#6998=ORIENTED_EDGE('',*,*,#5138,.T.);
#6999=ORIENTED_EDGE('',*,*,#5139,.F.);
#7000=ORIENTED_EDGE('',*,*,#5140,.F.);
#7001=ORIENTED_EDGE('',*,*,#5141,.T.);
#7002=ORIENTED_EDGE('',*,*,#5142,.T.);
#7003=ORIENTED_EDGE('',*,*,#5137,.F.);
#7004=ORIENTED_EDGE('',*,*,#5143,.F.);
#7005=ORIENTED_EDGE('',*,*,#5144,.T.);
#7006=ORIENTED_EDGE('',*,*,#5145,.T.);
#7007=ORIENTED_EDGE('',*,*,#5141,.F.);
#7008=ORIENTED_EDGE('',*,*,#5146,.F.);
#7009=ORIENTED_EDGE('',*,*,#5147,.T.);
#7010=ORIENTED_EDGE('',*,*,#5148,.T.);
#7011=ORIENTED_EDGE('',*,*,#5144,.F.);
#7012=ORIENTED_EDGE('',*,*,#5149,.F.);
#7013=ORIENTED_EDGE('',*,*,#5150,.T.);
#7014=ORIENTED_EDGE('',*,*,#5151,.T.);
#7015=ORIENTED_EDGE('',*,*,#5147,.F.);
#7016=ORIENTED_EDGE('',*,*,#5152,.F.);
#7017=ORIENTED_EDGE('',*,*,#5139,.T.);
#7018=ORIENTED_EDGE('',*,*,#5153,.T.);
#7019=ORIENTED_EDGE('',*,*,#5150,.F.);
#7020=ORIENTED_EDGE('',*,*,#5153,.F.);
#7021=ORIENTED_EDGE('',*,*,#5138,.F.);
#7022=ORIENTED_EDGE('',*,*,#5142,.F.);
#7023=ORIENTED_EDGE('',*,*,#5145,.F.);
#7024=ORIENTED_EDGE('',*,*,#5148,.F.);
#7025=ORIENTED_EDGE('',*,*,#5151,.F.);
#7026=ORIENTED_EDGE('',*,*,#5154,.F.);
#7027=ORIENTED_EDGE('',*,*,#5155,.F.);
#7028=ORIENTED_EDGE('',*,*,#5156,.T.);
#7029=ORIENTED_EDGE('',*,*,#5074,.T.);
#7030=ORIENTED_EDGE('',*,*,#5156,.F.);
#7031=ORIENTED_EDGE('',*,*,#5157,.F.);
#7032=ORIENTED_EDGE('',*,*,#5158,.T.);
#7033=ORIENTED_EDGE('',*,*,#5073,.T.);
#7034=ORIENTED_EDGE('',*,*,#5158,.F.);
#7035=ORIENTED_EDGE('',*,*,#5159,.F.);
#7036=ORIENTED_EDGE('',*,*,#5160,.T.);
#7037=ORIENTED_EDGE('',*,*,#5068,.T.);
#7038=ORIENTED_EDGE('',*,*,#5160,.F.);
#7039=ORIENTED_EDGE('',*,*,#5161,.F.);
#7040=ORIENTED_EDGE('',*,*,#5162,.T.);
#7041=ORIENTED_EDGE('',*,*,#5067,.T.);
#7042=ORIENTED_EDGE('',*,*,#5162,.F.);
#7043=ORIENTED_EDGE('',*,*,#5163,.F.);
#7044=ORIENTED_EDGE('',*,*,#5164,.T.);
#7045=ORIENTED_EDGE('',*,*,#5070,.T.);
#7046=ORIENTED_EDGE('',*,*,#5164,.F.);
#7047=ORIENTED_EDGE('',*,*,#5165,.F.);
#7048=ORIENTED_EDGE('',*,*,#5166,.T.);
#7049=ORIENTED_EDGE('',*,*,#5069,.T.);
#7050=ORIENTED_EDGE('',*,*,#5166,.F.);
#7051=ORIENTED_EDGE('',*,*,#5163,.T.);
#7052=ORIENTED_EDGE('',*,*,#5117,.T.);
#7053=ORIENTED_EDGE('',*,*,#5133,.T.);
#7054=ORIENTED_EDGE('',*,*,#5130,.T.);
#7055=ORIENTED_EDGE('',*,*,#5127,.T.);
#7056=ORIENTED_EDGE('',*,*,#5124,.T.);
#7057=ORIENTED_EDGE('',*,*,#5121,.T.);
#7058=ORIENTED_EDGE('',*,*,#5159,.T.);
#7059=ORIENTED_EDGE('',*,*,#5098,.T.);
#7060=ORIENTED_EDGE('',*,*,#5114,.T.);
#7061=ORIENTED_EDGE('',*,*,#5111,.T.);
#7062=ORIENTED_EDGE('',*,*,#5108,.T.);
#7063=ORIENTED_EDGE('',*,*,#5105,.T.);
#7064=ORIENTED_EDGE('',*,*,#5102,.T.);
#7065=ORIENTED_EDGE('',*,*,#5155,.T.);
#7066=ORIENTED_EDGE('',*,*,#5079,.T.);
#7067=ORIENTED_EDGE('',*,*,#5095,.T.);
#7068=ORIENTED_EDGE('',*,*,#5092,.T.);
#7069=ORIENTED_EDGE('',*,*,#5089,.T.);
#7070=ORIENTED_EDGE('',*,*,#5086,.T.);
#7071=ORIENTED_EDGE('',*,*,#5083,.T.);
#7072=ORIENTED_EDGE('',*,*,#5075,.T.);
#7073=ORIENTED_EDGE('',*,*,#5136,.T.);
#7074=ORIENTED_EDGE('',*,*,#5152,.T.);
#7075=ORIENTED_EDGE('',*,*,#5149,.T.);
#7076=ORIENTED_EDGE('',*,*,#5146,.T.);
#7077=ORIENTED_EDGE('',*,*,#5143,.T.);
#7078=ORIENTED_EDGE('',*,*,#5140,.T.);
#7079=ORIENTED_EDGE('',*,*,#5167,.F.);
#7080=ORIENTED_EDGE('',*,*,#5168,.F.);
#7081=ORIENTED_EDGE('',*,*,#5169,.F.);
#7082=ORIENTED_EDGE('',*,*,#5170,.F.);
#7083=ORIENTED_EDGE('',*,*,#5171,.F.);
#7084=ORIENTED_EDGE('',*,*,#5172,.F.);
#7085=ORIENTED_EDGE('',*,*,#5173,.F.);
#7086=ORIENTED_EDGE('',*,*,#5174,.F.);
#7087=ORIENTED_EDGE('',*,*,#5175,.T.);
#7088=ORIENTED_EDGE('',*,*,#5176,.T.);
#7089=ORIENTED_EDGE('',*,*,#5177,.T.);
#7090=ORIENTED_EDGE('',*,*,#5178,.T.);
#7091=ORIENTED_EDGE('',*,*,#5179,.T.);
#7092=ORIENTED_EDGE('',*,*,#5180,.T.);
#7093=ORIENTED_EDGE('',*,*,#5181,.T.);
#7094=ORIENTED_EDGE('',*,*,#5182,.T.);
#7095=ORIENTED_EDGE('',*,*,#5183,.T.);
#7096=ORIENTED_EDGE('',*,*,#5184,.T.);
#7097=ORIENTED_EDGE('',*,*,#5185,.T.);
#7098=ORIENTED_EDGE('',*,*,#5186,.T.);
#7099=ORIENTED_EDGE('',*,*,#5187,.T.);
#7100=ORIENTED_EDGE('',*,*,#5188,.T.);
#7101=ORIENTED_EDGE('',*,*,#5189,.T.);
#7102=ORIENTED_EDGE('',*,*,#5190,.T.);
#7103=ORIENTED_EDGE('',*,*,#5066,.T.);
#7104=ORIENTED_EDGE('',*,*,#5165,.T.);
#7105=ORIENTED_EDGE('',*,*,#5161,.T.);
#7106=ORIENTED_EDGE('',*,*,#5157,.T.);
#7107=ORIENTED_EDGE('',*,*,#5077,.T.);
#7108=ORIENTED_EDGE('',*,*,#5097,.T.);
#7109=ORIENTED_EDGE('',*,*,#5191,.T.);
#7110=ORIENTED_EDGE('',*,*,#5168,.T.);
#7111=ORIENTED_EDGE('',*,*,#5191,.F.);
#7112=ORIENTED_EDGE('',*,*,#5154,.T.);
#7113=ORIENTED_EDGE('',*,*,#5192,.T.);
#7114=ORIENTED_EDGE('',*,*,#5172,.T.);
#7115=ORIENTED_EDGE('',*,*,#5192,.F.);
#7116=ORIENTED_EDGE('',*,*,#5135,.T.);
#7117=ORIENTED_EDGE('',*,*,#5193,.T.);
#7118=ORIENTED_EDGE('',*,*,#5174,.T.);
#7119=ORIENTED_EDGE('',*,*,#5193,.F.);
#7120=ORIENTED_EDGE('',*,*,#5116,.T.);
#7121=ORIENTED_EDGE('',*,*,#5194,.T.);
#7122=ORIENTED_EDGE('',*,*,#5170,.T.);
#7123=ORIENTED_EDGE('',*,*,#5194,.F.);
#7124=ORIENTED_EDGE('',*,*,#5195,.T.);
#7125=ORIENTED_EDGE('',*,*,#5196,.T.);
#7126=ORIENTED_EDGE('',*,*,#5190,.F.);
#7127=ORIENTED_EDGE('',*,*,#5197,.F.);
#7128=ORIENTED_EDGE('',*,*,#5198,.T.);
#7129=ORIENTED_EDGE('',*,*,#5197,.T.);
#7130=ORIENTED_EDGE('',*,*,#5189,.F.);
#7131=ORIENTED_EDGE('',*,*,#5199,.F.);
#7132=ORIENTED_EDGE('',*,*,#5200,.T.);
#7133=ORIENTED_EDGE('',*,*,#5199,.T.);
#7134=ORIENTED_EDGE('',*,*,#5188,.F.);
#7135=ORIENTED_EDGE('',*,*,#5201,.F.);
#7136=ORIENTED_EDGE('',*,*,#5202,.T.);
#7137=ORIENTED_EDGE('',*,*,#5201,.T.);
#7138=ORIENTED_EDGE('',*,*,#5187,.F.);
#7139=ORIENTED_EDGE('',*,*,#5203,.F.);
#7140=ORIENTED_EDGE('',*,*,#5204,.T.);
#7141=ORIENTED_EDGE('',*,*,#5203,.T.);
#7142=ORIENTED_EDGE('',*,*,#5186,.F.);
#7143=ORIENTED_EDGE('',*,*,#5205,.F.);
#7144=ORIENTED_EDGE('',*,*,#5206,.T.);
#7145=ORIENTED_EDGE('',*,*,#5205,.T.);
#7146=ORIENTED_EDGE('',*,*,#5185,.F.);
#7147=ORIENTED_EDGE('',*,*,#5207,.F.);
#7148=ORIENTED_EDGE('',*,*,#5208,.T.);
#7149=ORIENTED_EDGE('',*,*,#5207,.T.);
#7150=ORIENTED_EDGE('',*,*,#5184,.F.);
#7151=ORIENTED_EDGE('',*,*,#5209,.F.);
#7152=ORIENTED_EDGE('',*,*,#5210,.T.);
#7153=ORIENTED_EDGE('',*,*,#5209,.T.);
#7154=ORIENTED_EDGE('',*,*,#5183,.F.);
#7155=ORIENTED_EDGE('',*,*,#5211,.F.);
#7156=ORIENTED_EDGE('',*,*,#5212,.T.);
#7157=ORIENTED_EDGE('',*,*,#5211,.T.);
#7158=ORIENTED_EDGE('',*,*,#5182,.F.);
#7159=ORIENTED_EDGE('',*,*,#5213,.F.);
#7160=ORIENTED_EDGE('',*,*,#5214,.T.);
#7161=ORIENTED_EDGE('',*,*,#5213,.T.);
#7162=ORIENTED_EDGE('',*,*,#5181,.F.);
#7163=ORIENTED_EDGE('',*,*,#5215,.F.);
#7164=ORIENTED_EDGE('',*,*,#5216,.T.);
#7165=ORIENTED_EDGE('',*,*,#5215,.T.);
#7166=ORIENTED_EDGE('',*,*,#5180,.F.);
#7167=ORIENTED_EDGE('',*,*,#5217,.F.);
#7168=ORIENTED_EDGE('',*,*,#5218,.T.);
#7169=ORIENTED_EDGE('',*,*,#5217,.T.);
#7170=ORIENTED_EDGE('',*,*,#5179,.F.);
#7171=ORIENTED_EDGE('',*,*,#5219,.F.);
#7172=ORIENTED_EDGE('',*,*,#5220,.T.);
#7173=ORIENTED_EDGE('',*,*,#5219,.T.);
#7174=ORIENTED_EDGE('',*,*,#5178,.F.);
#7175=ORIENTED_EDGE('',*,*,#5221,.F.);
#7176=ORIENTED_EDGE('',*,*,#5222,.T.);
#7177=ORIENTED_EDGE('',*,*,#5221,.T.);
#7178=ORIENTED_EDGE('',*,*,#5177,.F.);
#7179=ORIENTED_EDGE('',*,*,#5223,.F.);
#7180=ORIENTED_EDGE('',*,*,#5224,.T.);
#7181=ORIENTED_EDGE('',*,*,#5223,.T.);
#7182=ORIENTED_EDGE('',*,*,#5176,.F.);
#7183=ORIENTED_EDGE('',*,*,#5225,.F.);
#7184=ORIENTED_EDGE('',*,*,#5226,.T.);
#7185=ORIENTED_EDGE('',*,*,#5225,.T.);
#7186=ORIENTED_EDGE('',*,*,#5175,.F.);
#7187=ORIENTED_EDGE('',*,*,#5196,.F.);
#7188=ORIENTED_EDGE('',*,*,#5226,.F.);
#7189=ORIENTED_EDGE('',*,*,#5195,.F.);
#7190=ORIENTED_EDGE('',*,*,#5198,.F.);
#7191=ORIENTED_EDGE('',*,*,#5200,.F.);
#7192=ORIENTED_EDGE('',*,*,#5202,.F.);
#7193=ORIENTED_EDGE('',*,*,#5204,.F.);
#7194=ORIENTED_EDGE('',*,*,#5206,.F.);
#7195=ORIENTED_EDGE('',*,*,#5208,.F.);
#7196=ORIENTED_EDGE('',*,*,#5210,.F.);
#7197=ORIENTED_EDGE('',*,*,#5212,.F.);
#7198=ORIENTED_EDGE('',*,*,#5214,.F.);
#7199=ORIENTED_EDGE('',*,*,#5216,.F.);
#7200=ORIENTED_EDGE('',*,*,#5218,.F.);
#7201=ORIENTED_EDGE('',*,*,#5220,.F.);
#7202=ORIENTED_EDGE('',*,*,#5222,.F.);
#7203=ORIENTED_EDGE('',*,*,#5224,.F.);
#7204=ORIENTED_EDGE('',*,*,#5227,.F.);
#7205=ORIENTED_EDGE('',*,*,#5228,.F.);
#7206=ORIENTED_EDGE('',*,*,#5229,.F.);
#7207=ORIENTED_EDGE('',*,*,#5230,.F.);
#7208=ORIENTED_EDGE('',*,*,#5231,.F.);
#7209=ORIENTED_EDGE('',*,*,#5232,.F.);
#7210=ORIENTED_EDGE('',*,*,#5233,.F.);
#7211=ORIENTED_EDGE('',*,*,#5234,.F.);
#7212=ORIENTED_EDGE('',*,*,#5235,.F.);
#7213=ORIENTED_EDGE('',*,*,#5236,.F.);
#7214=ORIENTED_EDGE('',*,*,#5237,.F.);
#7215=ORIENTED_EDGE('',*,*,#5238,.F.);
#7216=ORIENTED_EDGE('',*,*,#5239,.F.);
#7217=ORIENTED_EDGE('',*,*,#5240,.F.);
#7218=ORIENTED_EDGE('',*,*,#5241,.F.);
#7219=ORIENTED_EDGE('',*,*,#5242,.F.);
#7220=ORIENTED_EDGE('',*,*,#5055,.F.);
#7221=ORIENTED_EDGE('',*,*,#5243,.T.);
#7222=ORIENTED_EDGE('',*,*,#5244,.T.);
#7223=ORIENTED_EDGE('',*,*,#5243,.F.);
#7224=ORIENTED_EDGE('',*,*,#5244,.F.);
#7225=ORIENTED_EDGE('',*,*,#5058,.F.);
#7226=ORIENTED_EDGE('',*,*,#5245,.T.);
#7227=ORIENTED_EDGE('',*,*,#5246,.T.);
#7228=ORIENTED_EDGE('',*,*,#5245,.F.);
#7229=ORIENTED_EDGE('',*,*,#5246,.F.);
#7230=ORIENTED_EDGE('',*,*,#5064,.F.);
#7231=ORIENTED_EDGE('',*,*,#5247,.T.);
#7232=ORIENTED_EDGE('',*,*,#5248,.T.);
#7233=ORIENTED_EDGE('',*,*,#5247,.F.);
#7234=ORIENTED_EDGE('',*,*,#5248,.F.);
#7235=ORIENTED_EDGE('',*,*,#5061,.F.);
#7236=ORIENTED_EDGE('',*,*,#5249,.T.);
#7237=ORIENTED_EDGE('',*,*,#5250,.T.);
#7238=ORIENTED_EDGE('',*,*,#5249,.F.);
#7239=ORIENTED_EDGE('',*,*,#5250,.F.);
#7240=ORIENTED_EDGE('',*,*,#5020,.F.);
#7241=ORIENTED_EDGE('',*,*,#5251,.T.);
#7242=ORIENTED_EDGE('',*,*,#5053,.F.);
#7243=ORIENTED_EDGE('',*,*,#5062,.F.);
#7244=ORIENTED_EDGE('',*,*,#5060,.F.);
#7245=ORIENTED_EDGE('',*,*,#5057,.F.);
#7246=ORIENTED_EDGE('',*,*,#5251,.F.);
#7247=ORIENTED_EDGE('',*,*,#5014,.T.);
#7248=ORIENTED_EDGE('',*,*,#5252,.T.);
#7249=ORIENTED_EDGE('',*,*,#5253,.T.);
#7250=ORIENTED_EDGE('',*,*,#5254,.T.);
#7251=ORIENTED_EDGE('',*,*,#5255,.F.);
#7252=ORIENTED_EDGE('',*,*,#5256,.F.);
#7253=ORIENTED_EDGE('',*,*,#5257,.F.);
#7254=ORIENTED_EDGE('',*,*,#5258,.F.);
#7255=ORIENTED_EDGE('',*,*,#5259,.F.);
#7256=ORIENTED_EDGE('',*,*,#5260,.F.);
#7257=ORIENTED_EDGE('',*,*,#5261,.F.);
#7258=ORIENTED_EDGE('',*,*,#5262,.T.);
#7259=ORIENTED_EDGE('',*,*,#5263,.F.);
#7260=ORIENTED_EDGE('',*,*,#5264,.F.);
#7261=ORIENTED_EDGE('',*,*,#5265,.F.);
#7262=ORIENTED_EDGE('',*,*,#5266,.F.);
#7263=ORIENTED_EDGE('',*,*,#5267,.F.);
#7264=ORIENTED_EDGE('',*,*,#5268,.F.);
#7265=ORIENTED_EDGE('',*,*,#5269,.F.);
#7266=ORIENTED_EDGE('',*,*,#5270,.F.);
#7267=ORIENTED_EDGE('',*,*,#5271,.F.);
#7268=ORIENTED_EDGE('',*,*,#5272,.T.);
#7269=ORIENTED_EDGE('',*,*,#5273,.F.);
#7270=ORIENTED_EDGE('',*,*,#5274,.T.);
#7271=ORIENTED_EDGE('',*,*,#5275,.F.);
#7272=ORIENTED_EDGE('',*,*,#5276,.F.);
#7273=ORIENTED_EDGE('',*,*,#5277,.F.);
#7274=ORIENTED_EDGE('',*,*,#5278,.F.);
#7275=ORIENTED_EDGE('',*,*,#5279,.F.);
#7276=ORIENTED_EDGE('',*,*,#5280,.F.);
#7277=ORIENTED_EDGE('',*,*,#5281,.F.);
#7278=ORIENTED_EDGE('',*,*,#5282,.F.);
#7279=ORIENTED_EDGE('',*,*,#5283,.F.);
#7280=ORIENTED_EDGE('',*,*,#5284,.F.);
#7281=ORIENTED_EDGE('',*,*,#5285,.F.);
#7282=ORIENTED_EDGE('',*,*,#5286,.T.);
#7283=ORIENTED_EDGE('',*,*,#5287,.F.);
#7284=ORIENTED_EDGE('',*,*,#5268,.T.);
#7285=ORIENTED_EDGE('',*,*,#5288,.F.);
#7286=ORIENTED_EDGE('',*,*,#5289,.F.);
#7287=ORIENTED_EDGE('',*,*,#5290,.F.);
#7288=ORIENTED_EDGE('',*,*,#5270,.T.);
#7289=ORIENTED_EDGE('',*,*,#5291,.F.);
#7290=ORIENTED_EDGE('',*,*,#5292,.F.);
#7291=ORIENTED_EDGE('',*,*,#5293,.F.);
#7292=ORIENTED_EDGE('',*,*,#5266,.T.);
#7293=ORIENTED_EDGE('',*,*,#5294,.F.);
#7294=ORIENTED_EDGE('',*,*,#5295,.F.);
#7295=ORIENTED_EDGE('',*,*,#5296,.F.);
#7296=ORIENTED_EDGE('',*,*,#5264,.T.);
#7297=ORIENTED_EDGE('',*,*,#5297,.F.);
#7298=ORIENTED_EDGE('',*,*,#5298,.F.);
#7299=ORIENTED_EDGE('',*,*,#5299,.F.);
#7300=ORIENTED_EDGE('',*,*,#5237,.T.);
#7301=ORIENTED_EDGE('',*,*,#5300,.F.);
#7302=ORIENTED_EDGE('',*,*,#5301,.F.);
#7303=ORIENTED_EDGE('',*,*,#5302,.F.);
#7304=ORIENTED_EDGE('',*,*,#5241,.T.);
#7305=ORIENTED_EDGE('',*,*,#5303,.F.);
#7306=ORIENTED_EDGE('',*,*,#5304,.F.);
#7307=ORIENTED_EDGE('',*,*,#5305,.F.);
#7308=ORIENTED_EDGE('',*,*,#5239,.T.);
#7309=ORIENTED_EDGE('',*,*,#5306,.F.);
#7310=ORIENTED_EDGE('',*,*,#5307,.F.);
#7311=ORIENTED_EDGE('',*,*,#5308,.F.);
#7312=ORIENTED_EDGE('',*,*,#5235,.T.);
#7313=ORIENTED_EDGE('',*,*,#5309,.F.);
#7314=ORIENTED_EDGE('',*,*,#5310,.F.);
#7315=ORIENTED_EDGE('',*,*,#5011,.F.);
#7316=ORIENTED_EDGE('',*,*,#5311,.T.);
#7317=ORIENTED_EDGE('',*,*,#5312,.F.);
#7318=ORIENTED_EDGE('',*,*,#5311,.F.);
#7319=ORIENTED_EDGE('',*,*,#5312,.T.);
#7320=ORIENTED_EDGE('',*,*,#5313,.T.);
#7321=ORIENTED_EDGE('',*,*,#5173,.T.);
#7322=ORIENTED_EDGE('',*,*,#5313,.F.);
#7323=ORIENTED_EDGE('',*,*,#5009,.F.);
#7324=ORIENTED_EDGE('',*,*,#5314,.T.);
#7325=ORIENTED_EDGE('',*,*,#5315,.F.);
#7326=ORIENTED_EDGE('',*,*,#5314,.F.);
#7327=ORIENTED_EDGE('',*,*,#5315,.T.);
#7328=ORIENTED_EDGE('',*,*,#5316,.T.);
#7329=ORIENTED_EDGE('',*,*,#5171,.T.);
#7330=ORIENTED_EDGE('',*,*,#5316,.F.);
#7331=ORIENTED_EDGE('',*,*,#5013,.F.);
#7332=ORIENTED_EDGE('',*,*,#5317,.T.);
#7333=ORIENTED_EDGE('',*,*,#5318,.F.);
#7334=ORIENTED_EDGE('',*,*,#5317,.F.);
#7335=ORIENTED_EDGE('',*,*,#5318,.T.);
#7336=ORIENTED_EDGE('',*,*,#5319,.T.);
#7337=ORIENTED_EDGE('',*,*,#5169,.T.);
#7338=ORIENTED_EDGE('',*,*,#5319,.F.);
#7339=ORIENTED_EDGE('',*,*,#5007,.F.);
#7340=ORIENTED_EDGE('',*,*,#5320,.T.);
#7341=ORIENTED_EDGE('',*,*,#5321,.F.);
#7342=ORIENTED_EDGE('',*,*,#5320,.F.);
#7343=ORIENTED_EDGE('',*,*,#5321,.T.);
#7344=ORIENTED_EDGE('',*,*,#5322,.T.);
#7345=ORIENTED_EDGE('',*,*,#5167,.T.);
#7346=ORIENTED_EDGE('',*,*,#5322,.F.);
#7347=ORIENTED_EDGE('',*,*,#5323,.F.);
#7348=ORIENTED_EDGE('',*,*,#5324,.F.);
#7349=ORIENTED_EDGE('',*,*,#5325,.F.);
#7350=ORIENTED_EDGE('',*,*,#5233,.T.);
#7351=ORIENTED_EDGE('',*,*,#5326,.F.);
#7352=ORIENTED_EDGE('',*,*,#5327,.F.);
#7353=ORIENTED_EDGE('',*,*,#5328,.F.);
#7354=ORIENTED_EDGE('',*,*,#5231,.T.);
#7355=ORIENTED_EDGE('',*,*,#5329,.F.);
#7356=ORIENTED_EDGE('',*,*,#5330,.F.);
#7357=ORIENTED_EDGE('',*,*,#5331,.F.);
#7358=ORIENTED_EDGE('',*,*,#5229,.T.);
#7359=ORIENTED_EDGE('',*,*,#5332,.F.);
#7360=ORIENTED_EDGE('',*,*,#5333,.F.);
#7361=ORIENTED_EDGE('',*,*,#5334,.F.);
#7362=ORIENTED_EDGE('',*,*,#5227,.T.);
#7363=ORIENTED_EDGE('',*,*,#5335,.F.);
#7364=ORIENTED_EDGE('',*,*,#5336,.F.);
#7365=ORIENTED_EDGE('',*,*,#5337,.F.);
#7366=ORIENTED_EDGE('',*,*,#5262,.F.);
#7367=ORIENTED_EDGE('',*,*,#5338,.F.);
#7368=ORIENTED_EDGE('',*,*,#5339,.F.);
#7369=ORIENTED_EDGE('',*,*,#5340,.F.);
#7370=ORIENTED_EDGE('',*,*,#5260,.T.);
#7371=ORIENTED_EDGE('',*,*,#5341,.F.);
#7372=ORIENTED_EDGE('',*,*,#5342,.F.);
#7373=ORIENTED_EDGE('',*,*,#5343,.F.);
#7374=ORIENTED_EDGE('',*,*,#5258,.T.);
#7375=ORIENTED_EDGE('',*,*,#5344,.F.);
#7376=ORIENTED_EDGE('',*,*,#5345,.F.);
#7377=ORIENTED_EDGE('',*,*,#5346,.F.);
#7378=ORIENTED_EDGE('',*,*,#5256,.T.);
#7379=ORIENTED_EDGE('',*,*,#5234,.T.);
#7380=ORIENTED_EDGE('',*,*,#5325,.T.);
#7381=ORIENTED_EDGE('',*,*,#5347,.T.);
#7382=ORIENTED_EDGE('',*,*,#5309,.T.);
#7383=ORIENTED_EDGE('',*,*,#5348,.T.);
#7384=ORIENTED_EDGE('',*,*,#5310,.T.);
#7385=ORIENTED_EDGE('',*,*,#5349,.T.);
#7386=ORIENTED_EDGE('',*,*,#5292,.T.);
#7387=ORIENTED_EDGE('',*,*,#5236,.T.);
#7388=ORIENTED_EDGE('',*,*,#5308,.T.);
#7389=ORIENTED_EDGE('',*,*,#5350,.T.);
#7390=ORIENTED_EDGE('',*,*,#5300,.T.);
#7391=ORIENTED_EDGE('',*,*,#5351,.T.);
#7392=ORIENTED_EDGE('',*,*,#5301,.T.);
#7393=ORIENTED_EDGE('',*,*,#5352,.T.);
#7394=ORIENTED_EDGE('',*,*,#5289,.T.);
#7395=ORIENTED_EDGE('',*,*,#5238,.T.);
#7396=ORIENTED_EDGE('',*,*,#5299,.T.);
#7397=ORIENTED_EDGE('',*,*,#5353,.T.);
#7398=ORIENTED_EDGE('',*,*,#5306,.T.);
#7399=ORIENTED_EDGE('',*,*,#5354,.T.);
#7400=ORIENTED_EDGE('',*,*,#5307,.T.);
#7401=ORIENTED_EDGE('',*,*,#5355,.T.);
#7402=ORIENTED_EDGE('',*,*,#5295,.T.);
#7403=ORIENTED_EDGE('',*,*,#5240,.T.);
#7404=ORIENTED_EDGE('',*,*,#5305,.T.);
#7405=ORIENTED_EDGE('',*,*,#5356,.T.);
#7406=ORIENTED_EDGE('',*,*,#5303,.T.);
#7407=ORIENTED_EDGE('',*,*,#5357,.T.);
#7408=ORIENTED_EDGE('',*,*,#5304,.T.);
#7409=ORIENTED_EDGE('',*,*,#5358,.T.);
#7410=ORIENTED_EDGE('',*,*,#5298,.T.);
#7411=ORIENTED_EDGE('',*,*,#5242,.T.);
#7412=ORIENTED_EDGE('',*,*,#5302,.T.);
#7413=ORIENTED_EDGE('',*,*,#5359,.T.);
#7414=ORIENTED_EDGE('',*,*,#5332,.T.);
#7415=ORIENTED_EDGE('',*,*,#5360,.T.);
#7416=ORIENTED_EDGE('',*,*,#5333,.T.);
#7417=ORIENTED_EDGE('',*,*,#5361,.T.);
#7418=ORIENTED_EDGE('',*,*,#5336,.T.);
#7419=ORIENTED_EDGE('',*,*,#5263,.T.);
#7420=ORIENTED_EDGE('',*,*,#5337,.T.);
#7421=ORIENTED_EDGE('',*,*,#5362,.T.);
#7422=ORIENTED_EDGE('',*,*,#5297,.T.);
#7423=ORIENTED_EDGE('',*,*,#5357,.F.);
#7424=ORIENTED_EDGE('',*,*,#5362,.F.);
#7425=ORIENTED_EDGE('',*,*,#5361,.F.);
#7426=ORIENTED_EDGE('',*,*,#5359,.F.);
#7427=ORIENTED_EDGE('',*,*,#5265,.T.);
#7428=ORIENTED_EDGE('',*,*,#5296,.T.);
#7429=ORIENTED_EDGE('',*,*,#5363,.T.);
#7430=ORIENTED_EDGE('',*,*,#5294,.T.);
#7431=ORIENTED_EDGE('',*,*,#5354,.F.);
#7432=ORIENTED_EDGE('',*,*,#5363,.F.);
#7433=ORIENTED_EDGE('',*,*,#5358,.F.);
#7434=ORIENTED_EDGE('',*,*,#5356,.F.);
#7435=ORIENTED_EDGE('',*,*,#5228,.T.);
#7436=ORIENTED_EDGE('',*,*,#5334,.T.);
#7437=ORIENTED_EDGE('',*,*,#5364,.T.);
#7438=ORIENTED_EDGE('',*,*,#5329,.T.);
#7439=ORIENTED_EDGE('',*,*,#5365,.T.);
#7440=ORIENTED_EDGE('',*,*,#5330,.T.);
#7441=ORIENTED_EDGE('',*,*,#5366,.T.);
#7442=ORIENTED_EDGE('',*,*,#5339,.T.);
#7443=ORIENTED_EDGE('',*,*,#5261,.T.);
#7444=ORIENTED_EDGE('',*,*,#5340,.T.);
#7445=ORIENTED_EDGE('',*,*,#5367,.T.);
#7446=ORIENTED_EDGE('',*,*,#5335,.T.);
#7447=ORIENTED_EDGE('',*,*,#5360,.F.);
#7448=ORIENTED_EDGE('',*,*,#5367,.F.);
#7449=ORIENTED_EDGE('',*,*,#5366,.F.);
#7450=ORIENTED_EDGE('',*,*,#5364,.F.);
#7451=ORIENTED_EDGE('',*,*,#5267,.T.);
#7452=ORIENTED_EDGE('',*,*,#5293,.T.);
#7453=ORIENTED_EDGE('',*,*,#5368,.T.);
#7454=ORIENTED_EDGE('',*,*,#5288,.T.);
#7455=ORIENTED_EDGE('',*,*,#5351,.F.);
#7456=ORIENTED_EDGE('',*,*,#5368,.F.);
#7457=ORIENTED_EDGE('',*,*,#5355,.F.);
#7458=ORIENTED_EDGE('',*,*,#5353,.F.);
#7459=ORIENTED_EDGE('',*,*,#5230,.T.);
#7460=ORIENTED_EDGE('',*,*,#5331,.T.);
#7461=ORIENTED_EDGE('',*,*,#5369,.T.);
#7462=ORIENTED_EDGE('',*,*,#5326,.T.);
#7463=ORIENTED_EDGE('',*,*,#5370,.T.);
#7464=ORIENTED_EDGE('',*,*,#5327,.T.);
#7465=ORIENTED_EDGE('',*,*,#5371,.T.);
#7466=ORIENTED_EDGE('',*,*,#5342,.T.);
#7467=ORIENTED_EDGE('',*,*,#5259,.T.);
#7468=ORIENTED_EDGE('',*,*,#5343,.T.);
#7469=ORIENTED_EDGE('',*,*,#5372,.T.);
#7470=ORIENTED_EDGE('',*,*,#5338,.T.);
#7471=ORIENTED_EDGE('',*,*,#5365,.F.);
#7472=ORIENTED_EDGE('',*,*,#5372,.F.);
#7473=ORIENTED_EDGE('',*,*,#5371,.F.);
#7474=ORIENTED_EDGE('',*,*,#5369,.F.);
#7475=ORIENTED_EDGE('',*,*,#5269,.T.);
#7476=ORIENTED_EDGE('',*,*,#5287,.T.);
#7477=ORIENTED_EDGE('',*,*,#5373,.T.);
#7478=ORIENTED_EDGE('',*,*,#5291,.T.);
#7479=ORIENTED_EDGE('',*,*,#5348,.F.);
#7480=ORIENTED_EDGE('',*,*,#5373,.F.);
#7481=ORIENTED_EDGE('',*,*,#5352,.F.);
#7482=ORIENTED_EDGE('',*,*,#5350,.F.);
#7483=ORIENTED_EDGE('',*,*,#5232,.T.);
#7484=ORIENTED_EDGE('',*,*,#5328,.T.);
#7485=ORIENTED_EDGE('',*,*,#5374,.T.);
#7486=ORIENTED_EDGE('',*,*,#5323,.T.);
#7487=ORIENTED_EDGE('',*,*,#5375,.T.);
#7488=ORIENTED_EDGE('',*,*,#5324,.T.);
#7489=ORIENTED_EDGE('',*,*,#5376,.T.);
#7490=ORIENTED_EDGE('',*,*,#5345,.T.);
#7491=ORIENTED_EDGE('',*,*,#5257,.T.);
#7492=ORIENTED_EDGE('',*,*,#5346,.T.);
#7493=ORIENTED_EDGE('',*,*,#5377,.T.);
#7494=ORIENTED_EDGE('',*,*,#5341,.T.);
#7495=ORIENTED_EDGE('',*,*,#5370,.F.);
#7496=ORIENTED_EDGE('',*,*,#5377,.F.);
#7497=ORIENTED_EDGE('',*,*,#5376,.F.);
#7498=ORIENTED_EDGE('',*,*,#5374,.F.);
#7499=ORIENTED_EDGE('',*,*,#5255,.T.);
#7500=ORIENTED_EDGE('',*,*,#5290,.T.);
#7501=ORIENTED_EDGE('',*,*,#5378,.T.);
#7502=ORIENTED_EDGE('',*,*,#5344,.T.);
#7503=ORIENTED_EDGE('',*,*,#5375,.F.);
#7504=ORIENTED_EDGE('',*,*,#5378,.F.);
#7505=ORIENTED_EDGE('',*,*,#5349,.F.);
#7506=ORIENTED_EDGE('',*,*,#5347,.F.);
#7507=ORIENTED_EDGE('',*,*,#5379,.F.);
#7508=ORIENTED_EDGE('',*,*,#5380,.F.);
#7509=ORIENTED_EDGE('',*,*,#5253,.F.);
#7510=ORIENTED_EDGE('',*,*,#5381,.T.);
#7511=ORIENTED_EDGE('',*,*,#5380,.T.);
#7512=ORIENTED_EDGE('',*,*,#5381,.F.);
#7513=ORIENTED_EDGE('',*,*,#5252,.F.);
#7514=ORIENTED_EDGE('',*,*,#5382,.T.);
#7515=ORIENTED_EDGE('',*,*,#5379,.T.);
#7516=ORIENTED_EDGE('',*,*,#5382,.F.);
#7517=ORIENTED_EDGE('',*,*,#5383,.T.);
#7518=ORIENTED_EDGE('',*,*,#5384,.F.);
#7519=ORIENTED_EDGE('',*,*,#5385,.F.);
#7520=ORIENTED_EDGE('',*,*,#5003,.F.);
#7521=ORIENTED_EDGE('',*,*,#4801,.F.);
#7522=ORIENTED_EDGE('',*,*,#5386,.T.);
#7523=ORIENTED_EDGE('',*,*,#5387,.F.);
#7524=ORIENTED_EDGE('',*,*,#5388,.F.);
#7525=ORIENTED_EDGE('',*,*,#5389,.T.);
#7526=ORIENTED_EDGE('',*,*,#5390,.T.);
#7527=ORIENTED_EDGE('',*,*,#5391,.F.);
#7528=ORIENTED_EDGE('',*,*,#5392,.T.);
#7529=ORIENTED_EDGE('',*,*,#5393,.T.);
#7530=ORIENTED_EDGE('',*,*,#5394,.T.);
#7531=ORIENTED_EDGE('',*,*,#5395,.T.);
#7532=ORIENTED_EDGE('',*,*,#5396,.F.);
#7533=ORIENTED_EDGE('',*,*,#5397,.F.);
#7534=ORIENTED_EDGE('',*,*,#5398,.F.);
#7535=ORIENTED_EDGE('',*,*,#5399,.F.);
#7536=ORIENTED_EDGE('',*,*,#5400,.T.);
#7537=ORIENTED_EDGE('',*,*,#5396,.T.);
#7538=ORIENTED_EDGE('',*,*,#5401,.T.);
#7539=ORIENTED_EDGE('',*,*,#5402,.T.);
#7540=ORIENTED_EDGE('',*,*,#5385,.T.);
#7541=ORIENTED_EDGE('',*,*,#5403,.F.);
#7542=ORIENTED_EDGE('',*,*,#5404,.F.);
#7543=ORIENTED_EDGE('',*,*,#5405,.T.);
#7544=ORIENTED_EDGE('',*,*,#4803,.F.);
#7545=ORIENTED_EDGE('',*,*,#5005,.F.);
#7546=ORIENTED_EDGE('',*,*,#5397,.T.);
#7547=ORIENTED_EDGE('',*,*,#5400,.F.);
#7548=ORIENTED_EDGE('',*,*,#5389,.F.);
#7549=ORIENTED_EDGE('',*,*,#5406,.T.);
#7550=ORIENTED_EDGE('',*,*,#5403,.T.);
#7551=ORIENTED_EDGE('',*,*,#5384,.T.);
#7552=ORIENTED_EDGE('',*,*,#5407,.F.);
#7553=ORIENTED_EDGE('',*,*,#5408,.F.);
#7554=ORIENTED_EDGE('',*,*,#5398,.T.);
#7555=ORIENTED_EDGE('',*,*,#5409,.T.);
#7556=ORIENTED_EDGE('',*,*,#5410,.F.);
#7557=ORIENTED_EDGE('',*,*,#5411,.T.);
#7558=ORIENTED_EDGE('',*,*,#5412,.F.);
#7559=ORIENTED_EDGE('',*,*,#5409,.F.);
#7560=ORIENTED_EDGE('',*,*,#5401,.F.);
#7561=ORIENTED_EDGE('',*,*,#5395,.F.);
#7562=ORIENTED_EDGE('',*,*,#5001,.F.);
#7563=ORIENTED_EDGE('',*,*,#4815,.F.);
#7564=ORIENTED_EDGE('',*,*,#5388,.T.);
#7565=ORIENTED_EDGE('',*,*,#5413,.F.);
#7566=ORIENTED_EDGE('',*,*,#5414,.F.);
#7567=ORIENTED_EDGE('',*,*,#4813,.F.);
#7568=ORIENTED_EDGE('',*,*,#5415,.F.);
#7569=ORIENTED_EDGE('',*,*,#5404,.T.);
#7570=ORIENTED_EDGE('',*,*,#5406,.F.);
#7571=ORIENTED_EDGE('',*,*,#5414,.T.);
#7572=ORIENTED_EDGE('',*,*,#5416,.F.);
#7573=ORIENTED_EDGE('',*,*,#5411,.F.);
#7574=ORIENTED_EDGE('',*,*,#4814,.F.);
#7575=ORIENTED_EDGE('',*,*,#5416,.T.);
#7576=ORIENTED_EDGE('',*,*,#5413,.T.);
#7577=ORIENTED_EDGE('',*,*,#5387,.T.);
#7578=ORIENTED_EDGE('',*,*,#5417,.F.);
#7579=ORIENTED_EDGE('',*,*,#5391,.T.);
#7580=ORIENTED_EDGE('',*,*,#5418,.F.);
#7581=ORIENTED_EDGE('',*,*,#5410,.T.);
#7582=ORIENTED_EDGE('',*,*,#5412,.T.);
#7583=ORIENTED_EDGE('',*,*,#5279,.T.);
#7584=ORIENTED_EDGE('',*,*,#5419,.T.);
#7585=ORIENTED_EDGE('',*,*,#4997,.T.);
#7586=ORIENTED_EDGE('',*,*,#5420,.T.);
#7587=ORIENTED_EDGE('',*,*,#5420,.F.);
#7588=ORIENTED_EDGE('',*,*,#4996,.F.);
#7589=ORIENTED_EDGE('',*,*,#5421,.F.);
#7590=ORIENTED_EDGE('',*,*,#5280,.T.);
#7591=ORIENTED_EDGE('',*,*,#4967,.T.);
#7592=ORIENTED_EDGE('',*,*,#5422,.T.);
#7593=ORIENTED_EDGE('',*,*,#5415,.T.);
#7594=ORIENTED_EDGE('',*,*,#4820,.T.);
#7595=ORIENTED_EDGE('',*,*,#5277,.T.);
#7596=ORIENTED_EDGE('',*,*,#5423,.T.);
#7597=ORIENTED_EDGE('',*,*,#4999,.T.);
#7598=ORIENTED_EDGE('',*,*,#5424,.T.);
#7599=ORIENTED_EDGE('',*,*,#5423,.F.);
#7600=ORIENTED_EDGE('',*,*,#5276,.T.);
#7601=ORIENTED_EDGE('',*,*,#5425,.F.);
#7602=ORIENTED_EDGE('',*,*,#4984,.F.);
#7603=ORIENTED_EDGE('',*,*,#5002,.F.);
#7604=ORIENTED_EDGE('',*,*,#5394,.F.);
#7605=ORIENTED_EDGE('',*,*,#5004,.F.);
#7606=ORIENTED_EDGE('',*,*,#5402,.F.);
#7607=ORIENTED_EDGE('',*,*,#5422,.F.);
#7608=ORIENTED_EDGE('',*,*,#4983,.F.);
#7609=ORIENTED_EDGE('',*,*,#5275,.T.);
#7610=ORIENTED_EDGE('',*,*,#5426,.T.);
#7611=ORIENTED_EDGE('',*,*,#4985,.T.);
#7612=ORIENTED_EDGE('',*,*,#5425,.T.);
#7613=ORIENTED_EDGE('',*,*,#5426,.F.);
#7614=ORIENTED_EDGE('',*,*,#5274,.F.);
#7615=ORIENTED_EDGE('',*,*,#5427,.F.);
#7616=ORIENTED_EDGE('',*,*,#4986,.T.);
#7617=ORIENTED_EDGE('',*,*,#5273,.T.);
#7618=ORIENTED_EDGE('',*,*,#5428,.T.);
#7619=ORIENTED_EDGE('',*,*,#4987,.T.);
#7620=ORIENTED_EDGE('',*,*,#5427,.T.);
#7621=ORIENTED_EDGE('',*,*,#5271,.T.);
#7622=ORIENTED_EDGE('',*,*,#5429,.T.);
#7623=ORIENTED_EDGE('',*,*,#4989,.T.);
#7624=ORIENTED_EDGE('',*,*,#5430,.T.);
#7625=ORIENTED_EDGE('',*,*,#5429,.F.);
#7626=ORIENTED_EDGE('',*,*,#5286,.F.);
#7627=ORIENTED_EDGE('',*,*,#5431,.F.);
#7628=ORIENTED_EDGE('',*,*,#4990,.T.);
#7629=ORIENTED_EDGE('',*,*,#5285,.T.);
#7630=ORIENTED_EDGE('',*,*,#5432,.T.);
#7631=ORIENTED_EDGE('',*,*,#4991,.T.);
#7632=ORIENTED_EDGE('',*,*,#5431,.T.);
#7633=ORIENTED_EDGE('',*,*,#5432,.F.);
#7634=ORIENTED_EDGE('',*,*,#5284,.T.);
#7635=ORIENTED_EDGE('',*,*,#5433,.F.);
#7636=ORIENTED_EDGE('',*,*,#4992,.F.);
#7637=ORIENTED_EDGE('',*,*,#5283,.T.);
#7638=ORIENTED_EDGE('',*,*,#5434,.T.);
#7639=ORIENTED_EDGE('',*,*,#4993,.T.);
#7640=ORIENTED_EDGE('',*,*,#5433,.T.);
#7641=ORIENTED_EDGE('',*,*,#5281,.T.);
#7642=ORIENTED_EDGE('',*,*,#5421,.T.);
#7643=ORIENTED_EDGE('',*,*,#4995,.T.);
#7644=ORIENTED_EDGE('',*,*,#5435,.T.);
#7645=ORIENTED_EDGE('',*,*,#5000,.F.);
#7646=ORIENTED_EDGE('',*,*,#5436,.T.);
#7647=ORIENTED_EDGE('',*,*,#5254,.F.);
#7648=ORIENTED_EDGE('',*,*,#5436,.F.);
#7649=ORIENTED_EDGE('',*,*,#5437,.F.);
#7650=ORIENTED_EDGE('',*,*,#5438,.T.);
#7651=ORIENTED_EDGE('',*,*,#5012,.T.);
#7652=ORIENTED_EDGE('',*,*,#5438,.F.);
#7653=ORIENTED_EDGE('',*,*,#5439,.F.);
#7654=ORIENTED_EDGE('',*,*,#5440,.T.);
#7655=ORIENTED_EDGE('',*,*,#5010,.T.);
#7656=ORIENTED_EDGE('',*,*,#5440,.F.);
#7657=ORIENTED_EDGE('',*,*,#5441,.F.);
#7658=ORIENTED_EDGE('',*,*,#5442,.T.);
#7659=ORIENTED_EDGE('',*,*,#5008,.T.);
#7660=ORIENTED_EDGE('',*,*,#5442,.F.);
#7661=ORIENTED_EDGE('',*,*,#5443,.F.);
#7662=ORIENTED_EDGE('',*,*,#5444,.T.);
#7663=ORIENTED_EDGE('',*,*,#5006,.T.);
#7664=ORIENTED_EDGE('',*,*,#5444,.F.);
#7665=ORIENTED_EDGE('',*,*,#5419,.F.);
#7666=ORIENTED_EDGE('',*,*,#5278,.T.);
#7667=ORIENTED_EDGE('',*,*,#5424,.F.);
#7668=ORIENTED_EDGE('',*,*,#4998,.F.);
#7669=ORIENTED_EDGE('',*,*,#5434,.F.);
#7670=ORIENTED_EDGE('',*,*,#5282,.T.);
#7671=ORIENTED_EDGE('',*,*,#5435,.F.);
#7672=ORIENTED_EDGE('',*,*,#4994,.F.);
#7673=ORIENTED_EDGE('',*,*,#5428,.F.);
#7674=ORIENTED_EDGE('',*,*,#5272,.F.);
#7675=ORIENTED_EDGE('',*,*,#5430,.F.);
#7676=ORIENTED_EDGE('',*,*,#4988,.T.);
#7677=ORIENTED_EDGE('',*,*,#5437,.T.);
#7678=ORIENTED_EDGE('',*,*,#5439,.T.);
#7679=ORIENTED_EDGE('',*,*,#5441,.T.);
#7680=ORIENTED_EDGE('',*,*,#5443,.T.);
#7681=ORIENTED_EDGE('',*,*,#5399,.T.);
#7682=ORIENTED_EDGE('',*,*,#5408,.T.);
#7683=ORIENTED_EDGE('',*,*,#5445,.T.);
#7684=ORIENTED_EDGE('',*,*,#5446,.F.);
#7685=ORIENTED_EDGE('',*,*,#5447,.T.);
#7686=ORIENTED_EDGE('',*,*,#5448,.T.);
#7687=ORIENTED_EDGE('',*,*,#5449,.T.);
#7688=ORIENTED_EDGE('',*,*,#5450,.F.);
#7689=ORIENTED_EDGE('',*,*,#5451,.T.);
#7690=ORIENTED_EDGE('',*,*,#5417,.T.);
#7691=ORIENTED_EDGE('',*,*,#5452,.T.);
#7692=ORIENTED_EDGE('',*,*,#5453,.F.);
#7693=ORIENTED_EDGE('',*,*,#5454,.T.);
#7694=ORIENTED_EDGE('',*,*,#5418,.T.);
#7695=ORIENTED_EDGE('',*,*,#5455,.T.);
#7696=ORIENTED_EDGE('',*,*,#5456,.F.);
#7697=ORIENTED_EDGE('',*,*,#5445,.F.);
#7698=ORIENTED_EDGE('',*,*,#5457,.T.);
#7699=ORIENTED_EDGE('',*,*,#5458,.T.);
#7700=ORIENTED_EDGE('',*,*,#5459,.F.);
#7701=ORIENTED_EDGE('',*,*,#5460,.F.);
#7702=ORIENTED_EDGE('',*,*,#5461,.T.);
#7703=ORIENTED_EDGE('',*,*,#5462,.T.);
#7704=ORIENTED_EDGE('',*,*,#5463,.F.);
#7705=ORIENTED_EDGE('',*,*,#5458,.F.);
#7706=ORIENTED_EDGE('',*,*,#5464,.T.);
#7707=ORIENTED_EDGE('',*,*,#5465,.T.);
#7708=ORIENTED_EDGE('',*,*,#5466,.F.);
#7709=ORIENTED_EDGE('',*,*,#5462,.F.);
#7710=ORIENTED_EDGE('',*,*,#5463,.T.);
#7711=ORIENTED_EDGE('',*,*,#5467,.T.);
#7712=ORIENTED_EDGE('',*,*,#5468,.T.);
#7713=ORIENTED_EDGE('',*,*,#5469,.T.);
#7714=ORIENTED_EDGE('',*,*,#5470,.T.);
#7715=ORIENTED_EDGE('',*,*,#5467,.F.);
#7716=ORIENTED_EDGE('',*,*,#5466,.T.);
#7717=ORIENTED_EDGE('',*,*,#5471,.F.);
#7718=ORIENTED_EDGE('',*,*,#5459,.T.);
#7719=ORIENTED_EDGE('',*,*,#5469,.F.);
#7720=ORIENTED_EDGE('',*,*,#5472,.T.);
#7721=ORIENTED_EDGE('',*,*,#5473,.T.);
#7722=ORIENTED_EDGE('',*,*,#5474,.T.);
#7723=ORIENTED_EDGE('',*,*,#5473,.F.);
#7724=ORIENTED_EDGE('',*,*,#5475,.T.);
#7725=ORIENTED_EDGE('',*,*,#5471,.T.);
#7726=ORIENTED_EDGE('',*,*,#5468,.F.);
#7727=ORIENTED_EDGE('',*,*,#5470,.F.);
#7728=ORIENTED_EDGE('',*,*,#5475,.F.);
#7729=ORIENTED_EDGE('',*,*,#5472,.F.);
#7730=ORIENTED_EDGE('',*,*,#5476,.T.);
#7731=ORIENTED_EDGE('',*,*,#5460,.T.);
#7732=ORIENTED_EDGE('',*,*,#5474,.F.);
#7733=ORIENTED_EDGE('',*,*,#5465,.F.);
#7734=ORIENTED_EDGE('',*,*,#5477,.T.);
#7735=ORIENTED_EDGE('',*,*,#5478,.T.);
#7736=ORIENTED_EDGE('',*,*,#5479,.F.);
#7737=ORIENTED_EDGE('',*,*,#5480,.F.);
#7738=ORIENTED_EDGE('',*,*,#5481,.T.);
#7739=ORIENTED_EDGE('',*,*,#5482,.T.);
#7740=ORIENTED_EDGE('',*,*,#5483,.F.);
#7741=ORIENTED_EDGE('',*,*,#5478,.F.);
#7742=ORIENTED_EDGE('',*,*,#5484,.T.);
#7743=ORIENTED_EDGE('',*,*,#5485,.T.);
#7744=ORIENTED_EDGE('',*,*,#5486,.F.);
#7745=ORIENTED_EDGE('',*,*,#5482,.F.);
#7746=ORIENTED_EDGE('',*,*,#5483,.T.);
#7747=ORIENTED_EDGE('',*,*,#5487,.T.);
#7748=ORIENTED_EDGE('',*,*,#5488,.T.);
#7749=ORIENTED_EDGE('',*,*,#5489,.T.);
#7750=ORIENTED_EDGE('',*,*,#5490,.T.);
#7751=ORIENTED_EDGE('',*,*,#5487,.F.);
#7752=ORIENTED_EDGE('',*,*,#5486,.T.);
#7753=ORIENTED_EDGE('',*,*,#5491,.F.);
#7754=ORIENTED_EDGE('',*,*,#5479,.T.);
#7755=ORIENTED_EDGE('',*,*,#5489,.F.);
#7756=ORIENTED_EDGE('',*,*,#5492,.T.);
#7757=ORIENTED_EDGE('',*,*,#5493,.T.);
#7758=ORIENTED_EDGE('',*,*,#5494,.T.);
#7759=ORIENTED_EDGE('',*,*,#5493,.F.);
#7760=ORIENTED_EDGE('',*,*,#5495,.T.);
#7761=ORIENTED_EDGE('',*,*,#5491,.T.);
#7762=ORIENTED_EDGE('',*,*,#5488,.F.);
#7763=ORIENTED_EDGE('',*,*,#5490,.F.);
#7764=ORIENTED_EDGE('',*,*,#5495,.F.);
#7765=ORIENTED_EDGE('',*,*,#5492,.F.);
#7766=ORIENTED_EDGE('',*,*,#5496,.T.);
#7767=ORIENTED_EDGE('',*,*,#5480,.T.);
#7768=ORIENTED_EDGE('',*,*,#5494,.F.);
#7769=ORIENTED_EDGE('',*,*,#5485,.F.);
#7770=ORIENTED_EDGE('',*,*,#5497,.T.);
#7771=ORIENTED_EDGE('',*,*,#5498,.T.);
#7772=ORIENTED_EDGE('',*,*,#5499,.F.);
#7773=ORIENTED_EDGE('',*,*,#5500,.F.);
#7774=ORIENTED_EDGE('',*,*,#5501,.T.);
#7775=ORIENTED_EDGE('',*,*,#5502,.T.);
#7776=ORIENTED_EDGE('',*,*,#5503,.F.);
#7777=ORIENTED_EDGE('',*,*,#5498,.F.);
#7778=ORIENTED_EDGE('',*,*,#5504,.T.);
#7779=ORIENTED_EDGE('',*,*,#5505,.T.);
#7780=ORIENTED_EDGE('',*,*,#5506,.F.);
#7781=ORIENTED_EDGE('',*,*,#5502,.F.);
#7782=ORIENTED_EDGE('',*,*,#5503,.T.);
#7783=ORIENTED_EDGE('',*,*,#5507,.T.);
#7784=ORIENTED_EDGE('',*,*,#5508,.T.);
#7785=ORIENTED_EDGE('',*,*,#5509,.T.);
#7786=ORIENTED_EDGE('',*,*,#5510,.T.);
#7787=ORIENTED_EDGE('',*,*,#5507,.F.);
#7788=ORIENTED_EDGE('',*,*,#5506,.T.);
#7789=ORIENTED_EDGE('',*,*,#5511,.F.);
#7790=ORIENTED_EDGE('',*,*,#5499,.T.);
#7791=ORIENTED_EDGE('',*,*,#5509,.F.);
#7792=ORIENTED_EDGE('',*,*,#5512,.T.);
#7793=ORIENTED_EDGE('',*,*,#5513,.T.);
#7794=ORIENTED_EDGE('',*,*,#5514,.T.);
#7795=ORIENTED_EDGE('',*,*,#5513,.F.);
#7796=ORIENTED_EDGE('',*,*,#5515,.T.);
#7797=ORIENTED_EDGE('',*,*,#5511,.T.);
#7798=ORIENTED_EDGE('',*,*,#5508,.F.);
#7799=ORIENTED_EDGE('',*,*,#5510,.F.);
#7800=ORIENTED_EDGE('',*,*,#5515,.F.);
#7801=ORIENTED_EDGE('',*,*,#5512,.F.);
#7802=ORIENTED_EDGE('',*,*,#5516,.T.);
#7803=ORIENTED_EDGE('',*,*,#5500,.T.);
#7804=ORIENTED_EDGE('',*,*,#5514,.F.);
#7805=ORIENTED_EDGE('',*,*,#5505,.F.);
#7806=ORIENTED_EDGE('',*,*,#5517,.T.);
#7807=ORIENTED_EDGE('',*,*,#5518,.T.);
#7808=ORIENTED_EDGE('',*,*,#5519,.F.);
#7809=ORIENTED_EDGE('',*,*,#5520,.F.);
#7810=ORIENTED_EDGE('',*,*,#5521,.T.);
#7811=ORIENTED_EDGE('',*,*,#5522,.T.);
#7812=ORIENTED_EDGE('',*,*,#5523,.F.);
#7813=ORIENTED_EDGE('',*,*,#5518,.F.);
#7814=ORIENTED_EDGE('',*,*,#5524,.T.);
#7815=ORIENTED_EDGE('',*,*,#5525,.T.);
#7816=ORIENTED_EDGE('',*,*,#5526,.F.);
#7817=ORIENTED_EDGE('',*,*,#5522,.F.);
#7818=ORIENTED_EDGE('',*,*,#5523,.T.);
#7819=ORIENTED_EDGE('',*,*,#5527,.T.);
#7820=ORIENTED_EDGE('',*,*,#5528,.T.);
#7821=ORIENTED_EDGE('',*,*,#5529,.T.);
#7822=ORIENTED_EDGE('',*,*,#5530,.T.);
#7823=ORIENTED_EDGE('',*,*,#5527,.F.);
#7824=ORIENTED_EDGE('',*,*,#5526,.T.);
#7825=ORIENTED_EDGE('',*,*,#5531,.F.);
#7826=ORIENTED_EDGE('',*,*,#5519,.T.);
#7827=ORIENTED_EDGE('',*,*,#5529,.F.);
#7828=ORIENTED_EDGE('',*,*,#5532,.T.);
#7829=ORIENTED_EDGE('',*,*,#5533,.T.);
#7830=ORIENTED_EDGE('',*,*,#5534,.T.);
#7831=ORIENTED_EDGE('',*,*,#5533,.F.);
#7832=ORIENTED_EDGE('',*,*,#5535,.T.);
#7833=ORIENTED_EDGE('',*,*,#5531,.T.);
#7834=ORIENTED_EDGE('',*,*,#5528,.F.);
#7835=ORIENTED_EDGE('',*,*,#5530,.F.);
#7836=ORIENTED_EDGE('',*,*,#5535,.F.);
#7837=ORIENTED_EDGE('',*,*,#5532,.F.);
#7838=ORIENTED_EDGE('',*,*,#5536,.T.);
#7839=ORIENTED_EDGE('',*,*,#5520,.T.);
#7840=ORIENTED_EDGE('',*,*,#5534,.F.);
#7841=ORIENTED_EDGE('',*,*,#5525,.F.);
#7842=ORIENTED_EDGE('',*,*,#5537,.T.);
#7843=ORIENTED_EDGE('',*,*,#5538,.T.);
#7844=ORIENTED_EDGE('',*,*,#5539,.F.);
#7845=ORIENTED_EDGE('',*,*,#5540,.F.);
#7846=ORIENTED_EDGE('',*,*,#5541,.T.);
#7847=ORIENTED_EDGE('',*,*,#5542,.T.);
#7848=ORIENTED_EDGE('',*,*,#5543,.F.);
#7849=ORIENTED_EDGE('',*,*,#5538,.F.);
#7850=ORIENTED_EDGE('',*,*,#5544,.T.);
#7851=ORIENTED_EDGE('',*,*,#5545,.T.);
#7852=ORIENTED_EDGE('',*,*,#5546,.F.);
#7853=ORIENTED_EDGE('',*,*,#5542,.F.);
#7854=ORIENTED_EDGE('',*,*,#5543,.T.);
#7855=ORIENTED_EDGE('',*,*,#5547,.T.);
#7856=ORIENTED_EDGE('',*,*,#5548,.T.);
#7857=ORIENTED_EDGE('',*,*,#5549,.T.);
#7858=ORIENTED_EDGE('',*,*,#5550,.T.);
#7859=ORIENTED_EDGE('',*,*,#5547,.F.);
#7860=ORIENTED_EDGE('',*,*,#5546,.T.);
#7861=ORIENTED_EDGE('',*,*,#5551,.F.);
#7862=ORIENTED_EDGE('',*,*,#5539,.T.);
#7863=ORIENTED_EDGE('',*,*,#5549,.F.);
#7864=ORIENTED_EDGE('',*,*,#5552,.T.);
#7865=ORIENTED_EDGE('',*,*,#5553,.T.);
#7866=ORIENTED_EDGE('',*,*,#5554,.T.);
#7867=ORIENTED_EDGE('',*,*,#5553,.F.);
#7868=ORIENTED_EDGE('',*,*,#5555,.T.);
#7869=ORIENTED_EDGE('',*,*,#5551,.T.);
#7870=ORIENTED_EDGE('',*,*,#5548,.F.);
#7871=ORIENTED_EDGE('',*,*,#5550,.F.);
#7872=ORIENTED_EDGE('',*,*,#5555,.F.);
#7873=ORIENTED_EDGE('',*,*,#5552,.F.);
#7874=ORIENTED_EDGE('',*,*,#5556,.T.);
#7875=ORIENTED_EDGE('',*,*,#5540,.T.);
#7876=ORIENTED_EDGE('',*,*,#5554,.F.);
#7877=ORIENTED_EDGE('',*,*,#5545,.F.);
#7878=ORIENTED_EDGE('',*,*,#5557,.T.);
#7879=ORIENTED_EDGE('',*,*,#5558,.T.);
#7880=ORIENTED_EDGE('',*,*,#5559,.F.);
#7881=ORIENTED_EDGE('',*,*,#5560,.F.);
#7882=ORIENTED_EDGE('',*,*,#5561,.T.);
#7883=ORIENTED_EDGE('',*,*,#5562,.T.);
#7884=ORIENTED_EDGE('',*,*,#5563,.F.);
#7885=ORIENTED_EDGE('',*,*,#5558,.F.);
#7886=ORIENTED_EDGE('',*,*,#5564,.T.);
#7887=ORIENTED_EDGE('',*,*,#5565,.T.);
#7888=ORIENTED_EDGE('',*,*,#5566,.F.);
#7889=ORIENTED_EDGE('',*,*,#5562,.F.);
#7890=ORIENTED_EDGE('',*,*,#5563,.T.);
#7891=ORIENTED_EDGE('',*,*,#5567,.T.);
#7892=ORIENTED_EDGE('',*,*,#5568,.T.);
#7893=ORIENTED_EDGE('',*,*,#5569,.T.);
#7894=ORIENTED_EDGE('',*,*,#5570,.T.);
#7895=ORIENTED_EDGE('',*,*,#5567,.F.);
#7896=ORIENTED_EDGE('',*,*,#5566,.T.);
#7897=ORIENTED_EDGE('',*,*,#5571,.F.);
#7898=ORIENTED_EDGE('',*,*,#5559,.T.);
#7899=ORIENTED_EDGE('',*,*,#5569,.F.);
#7900=ORIENTED_EDGE('',*,*,#5572,.T.);
#7901=ORIENTED_EDGE('',*,*,#5573,.T.);
#7902=ORIENTED_EDGE('',*,*,#5574,.T.);
#7903=ORIENTED_EDGE('',*,*,#5573,.F.);
#7904=ORIENTED_EDGE('',*,*,#5575,.T.);
#7905=ORIENTED_EDGE('',*,*,#5571,.T.);
#7906=ORIENTED_EDGE('',*,*,#5568,.F.);
#7907=ORIENTED_EDGE('',*,*,#5570,.F.);
#7908=ORIENTED_EDGE('',*,*,#5575,.F.);
#7909=ORIENTED_EDGE('',*,*,#5572,.F.);
#7910=ORIENTED_EDGE('',*,*,#5576,.T.);
#7911=ORIENTED_EDGE('',*,*,#5560,.T.);
#7912=ORIENTED_EDGE('',*,*,#5574,.F.);
#7913=ORIENTED_EDGE('',*,*,#5565,.F.);
#7914=ORIENTED_EDGE('',*,*,#5577,.T.);
#7915=ORIENTED_EDGE('',*,*,#5578,.T.);
#7916=ORIENTED_EDGE('',*,*,#4810,.F.);
#7917=ORIENTED_EDGE('',*,*,#5579,.T.);
#7918=ORIENTED_EDGE('',*,*,#5580,.F.);
#7919=ORIENTED_EDGE('',*,*,#5581,.F.);
#7920=ORIENTED_EDGE('',*,*,#5579,.F.);
#7921=ORIENTED_EDGE('',*,*,#4809,.F.);
#7922=ORIENTED_EDGE('',*,*,#5582,.F.);
#7923=ORIENTED_EDGE('',*,*,#5583,.F.);
#7924=ORIENTED_EDGE('',*,*,#5584,.T.);
#7925=ORIENTED_EDGE('',*,*,#5585,.F.);
#7926=ORIENTED_EDGE('',*,*,#5580,.T.);
#7927=ORIENTED_EDGE('',*,*,#5586,.T.);
#7928=ORIENTED_EDGE('',*,*,#5587,.F.);
#7929=ORIENTED_EDGE('',*,*,#4806,.F.);
#7930=ORIENTED_EDGE('',*,*,#5588,.T.);
#7931=ORIENTED_EDGE('',*,*,#5589,.F.);
#7932=ORIENTED_EDGE('',*,*,#5590,.F.);
#7933=ORIENTED_EDGE('',*,*,#4807,.F.);
#7934=ORIENTED_EDGE('',*,*,#5587,.T.);
#7935=ORIENTED_EDGE('',*,*,#5591,.F.);
#7936=ORIENTED_EDGE('',*,*,#5592,.T.);
#7937=ORIENTED_EDGE('',*,*,#5593,.F.);
#7938=ORIENTED_EDGE('',*,*,#5589,.T.);
#7939=ORIENTED_EDGE('',*,*,#5594,.F.);
#7940=ORIENTED_EDGE('',*,*,#5581,.T.);
#7941=ORIENTED_EDGE('',*,*,#5585,.T.);
#7942=ORIENTED_EDGE('',*,*,#5595,.F.);
#7943=ORIENTED_EDGE('',*,*,#5596,.F.);
#7944=ORIENTED_EDGE('',*,*,#5597,.T.);
#7945=ORIENTED_EDGE('',*,*,#5598,.T.);
#7946=ORIENTED_EDGE('',*,*,#5599,.T.);
#7947=ORIENTED_EDGE('',*,*,#5583,.T.);
#7948=ORIENTED_EDGE('',*,*,#5582,.T.);
#7949=ORIENTED_EDGE('',*,*,#4808,.F.);
#7950=ORIENTED_EDGE('',*,*,#5590,.T.);
#7951=ORIENTED_EDGE('',*,*,#5593,.T.);
#7952=ORIENTED_EDGE('',*,*,#5600,.T.);
#7953=ORIENTED_EDGE('',*,*,#4804,.F.);
#7954=ORIENTED_EDGE('',*,*,#5405,.F.);
#7955=ORIENTED_EDGE('',*,*,#5451,.F.);
#7956=ORIENTED_EDGE('',*,*,#5601,.F.);
#7957=ORIENTED_EDGE('',*,*,#5602,.T.);
#7958=ORIENTED_EDGE('',*,*,#5603,.T.);
#7959=ORIENTED_EDGE('',*,*,#5604,.T.);
#7960=ORIENTED_EDGE('',*,*,#5605,.F.);
#7961=ORIENTED_EDGE('',*,*,#5606,.F.);
#7962=ORIENTED_EDGE('',*,*,#5383,.F.);
#7963=ORIENTED_EDGE('',*,*,#4812,.F.);
#7964=ORIENTED_EDGE('',*,*,#5607,.F.);
#7965=ORIENTED_EDGE('',*,*,#5608,.F.);
#7966=ORIENTED_EDGE('',*,*,#5609,.T.);
#7967=ORIENTED_EDGE('',*,*,#5610,.F.);
#7968=ORIENTED_EDGE('',*,*,#5611,.F.);
#7969=ORIENTED_EDGE('',*,*,#5612,.F.);
#7970=ORIENTED_EDGE('',*,*,#5613,.T.);
#7971=ORIENTED_EDGE('',*,*,#5614,.F.);
#7972=ORIENTED_EDGE('',*,*,#5613,.F.);
#7973=ORIENTED_EDGE('',*,*,#5615,.F.);
#7974=ORIENTED_EDGE('',*,*,#5609,.F.);
#7975=ORIENTED_EDGE('',*,*,#5616,.F.);
#7976=ORIENTED_EDGE('',*,*,#5617,.F.);
#7977=ORIENTED_EDGE('',*,*,#5449,.F.);
#7978=ORIENTED_EDGE('',*,*,#5618,.T.);
#7979=ORIENTED_EDGE('',*,*,#5619,.F.);
#7980=ORIENTED_EDGE('',*,*,#5620,.F.);
#7981=ORIENTED_EDGE('',*,*,#5621,.F.);
#7982=ORIENTED_EDGE('',*,*,#5622,.T.);
#7983=ORIENTED_EDGE('',*,*,#5447,.F.);
#7984=ORIENTED_EDGE('',*,*,#5622,.F.);
#7985=ORIENTED_EDGE('',*,*,#5623,.F.);
#7986=ORIENTED_EDGE('',*,*,#5618,.F.);
#7987=ORIENTED_EDGE('',*,*,#5448,.F.);
#7988=ORIENTED_EDGE('',*,*,#5407,.T.);
#7989=ORIENTED_EDGE('',*,*,#5606,.T.);
#7990=ORIENTED_EDGE('',*,*,#5624,.F.);
#7991=ORIENTED_EDGE('',*,*,#5614,.T.);
#7992=ORIENTED_EDGE('',*,*,#5616,.T.);
#7993=ORIENTED_EDGE('',*,*,#5608,.T.);
#7994=ORIENTED_EDGE('',*,*,#5625,.F.);
#7995=ORIENTED_EDGE('',*,*,#5452,.F.);
#7996=ORIENTED_EDGE('',*,*,#5386,.F.);
#7997=ORIENTED_EDGE('',*,*,#5617,.T.);
#7998=ORIENTED_EDGE('',*,*,#5626,.T.);
#7999=ORIENTED_EDGE('',*,*,#5627,.T.);
#8000=ORIENTED_EDGE('',*,*,#5628,.T.);
#8001=ORIENTED_EDGE('',*,*,#5601,.T.);
#8002=ORIENTED_EDGE('',*,*,#5450,.T.);
#8003=ORIENTED_EDGE('',*,*,#5607,.T.);
#8004=ORIENTED_EDGE('',*,*,#5629,.T.);
#8005=ORIENTED_EDGE('',*,*,#5630,.T.);
#8006=ORIENTED_EDGE('',*,*,#5631,.T.);
#8007=ORIENTED_EDGE('',*,*,#5620,.T.);
#8008=ORIENTED_EDGE('',*,*,#5446,.T.);
#8009=ORIENTED_EDGE('',*,*,#5456,.T.);
#8010=ORIENTED_EDGE('',*,*,#5632,.T.);
#8011=ORIENTED_EDGE('',*,*,#5633,.T.);
#8012=ORIENTED_EDGE('',*,*,#5634,.T.);
#8013=ORIENTED_EDGE('',*,*,#5453,.T.);
#8014=ORIENTED_EDGE('',*,*,#5625,.T.);
#8015=ORIENTED_EDGE('',*,*,#5611,.T.);
#8016=ORIENTED_EDGE('',*,*,#5624,.T.);
#8017=ORIENTED_EDGE('',*,*,#5605,.T.);
#8018=ORIENTED_EDGE('',*,*,#5635,.T.);
#8019=ORIENTED_EDGE('',*,*,#5596,.T.);
#8020=ORIENTED_EDGE('',*,*,#5636,.T.);
#8021=ORIENTED_EDGE('',*,*,#5632,.F.);
#8022=ORIENTED_EDGE('',*,*,#5455,.F.);
#8023=ORIENTED_EDGE('',*,*,#5390,.F.);
#8024=ORIENTED_EDGE('',*,*,#5637,.T.);
#8025=ORIENTED_EDGE('',*,*,#5638,.F.);
#8026=ORIENTED_EDGE('',*,*,#5634,.F.);
#8027=ORIENTED_EDGE('',*,*,#5639,.T.);
#8028=ORIENTED_EDGE('',*,*,#5640,.T.);
#8029=ORIENTED_EDGE('',*,*,#5392,.F.);
#8030=ORIENTED_EDGE('',*,*,#5454,.F.);
#8031=ORIENTED_EDGE('',*,*,#5633,.F.);
#8032=ORIENTED_EDGE('',*,*,#5638,.T.);
#8033=ORIENTED_EDGE('',*,*,#5641,.T.);
#8034=ORIENTED_EDGE('',*,*,#5639,.F.);
#8035=ORIENTED_EDGE('',*,*,#5641,.F.);
#8036=ORIENTED_EDGE('',*,*,#5637,.F.);
#8037=ORIENTED_EDGE('',*,*,#5393,.F.);
#8038=ORIENTED_EDGE('',*,*,#5640,.F.);
#8039=ORIENTED_EDGE('',*,*,#5635,.F.);
#8040=ORIENTED_EDGE('',*,*,#5604,.F.);
#8041=ORIENTED_EDGE('',*,*,#5642,.T.);
#8042=ORIENTED_EDGE('',*,*,#5597,.F.);
#8043=ORIENTED_EDGE('',*,*,#5628,.F.);
#8044=ORIENTED_EDGE('',*,*,#5643,.T.);
#8045=ORIENTED_EDGE('',*,*,#5644,.T.);
#8046=ORIENTED_EDGE('',*,*,#5602,.F.);
#8047=ORIENTED_EDGE('',*,*,#5591,.T.);
#8048=ORIENTED_EDGE('',*,*,#5645,.T.);
#8049=ORIENTED_EDGE('',*,*,#5643,.F.);
#8050=ORIENTED_EDGE('',*,*,#5627,.F.);
#8051=ORIENTED_EDGE('',*,*,#5646,.T.);
#8052=ORIENTED_EDGE('',*,*,#5594,.T.);
#8053=ORIENTED_EDGE('',*,*,#5621,.T.);
#8054=ORIENTED_EDGE('',*,*,#5631,.F.);
#8055=ORIENTED_EDGE('',*,*,#5647,.T.);
#8056=ORIENTED_EDGE('',*,*,#5648,.T.);
#8057=ORIENTED_EDGE('',*,*,#5588,.F.);
#8058=ORIENTED_EDGE('',*,*,#4805,.F.);
#8059=ORIENTED_EDGE('',*,*,#5600,.F.);
#8060=ORIENTED_EDGE('',*,*,#5592,.F.);
#8061=ORIENTED_EDGE('',*,*,#5646,.F.);
#8062=ORIENTED_EDGE('',*,*,#5626,.F.);
#8063=ORIENTED_EDGE('',*,*,#5619,.T.);
#8064=ORIENTED_EDGE('',*,*,#5623,.T.);
#8065=ORIENTED_EDGE('',*,*,#5630,.F.);
#8066=ORIENTED_EDGE('',*,*,#5649,.T.);
#8067=ORIENTED_EDGE('',*,*,#5650,.T.);
#8068=ORIENTED_EDGE('',*,*,#5647,.F.);
#8069=ORIENTED_EDGE('',*,*,#5612,.T.);
#8070=ORIENTED_EDGE('',*,*,#5636,.F.);
#8071=ORIENTED_EDGE('',*,*,#5595,.T.);
#8072=ORIENTED_EDGE('',*,*,#5584,.F.);
#8073=ORIENTED_EDGE('',*,*,#5599,.F.);
#8074=ORIENTED_EDGE('',*,*,#4811,.F.);
#8075=ORIENTED_EDGE('',*,*,#5578,.F.);
#8076=ORIENTED_EDGE('',*,*,#5651,.T.);
#8077=ORIENTED_EDGE('',*,*,#5649,.F.);
#8078=ORIENTED_EDGE('',*,*,#5629,.F.);
#8079=ORIENTED_EDGE('',*,*,#5610,.T.);
#8080=ORIENTED_EDGE('',*,*,#5615,.T.);
#8081=ORIENTED_EDGE('',*,*,#5598,.F.);
#8082=ORIENTED_EDGE('',*,*,#5642,.F.);
#8083=ORIENTED_EDGE('',*,*,#5603,.F.);
#8084=ORIENTED_EDGE('',*,*,#5644,.F.);
#8085=ORIENTED_EDGE('',*,*,#5645,.F.);
#8086=ORIENTED_EDGE('',*,*,#5586,.F.);
#8087=ORIENTED_EDGE('',*,*,#5648,.F.);
#8088=ORIENTED_EDGE('',*,*,#5650,.F.);
#8089=ORIENTED_EDGE('',*,*,#5651,.F.);
#8090=ORIENTED_EDGE('',*,*,#5577,.F.);
#8091=ORIENTED_EDGE('',*,*,#5496,.F.);
#8092=ORIENTED_EDGE('',*,*,#5484,.F.);
#8093=ORIENTED_EDGE('',*,*,#5481,.F.);
#8094=ORIENTED_EDGE('',*,*,#5477,.F.);
#8095=ORIENTED_EDGE('',*,*,#5476,.F.);
#8096=ORIENTED_EDGE('',*,*,#5464,.F.);
#8097=ORIENTED_EDGE('',*,*,#5461,.F.);
#8098=ORIENTED_EDGE('',*,*,#5457,.F.);
#8099=ORIENTED_EDGE('',*,*,#5536,.F.);
#8100=ORIENTED_EDGE('',*,*,#5524,.F.);
#8101=ORIENTED_EDGE('',*,*,#5521,.F.);
#8102=ORIENTED_EDGE('',*,*,#5517,.F.);
#8103=ORIENTED_EDGE('',*,*,#5576,.F.);
#8104=ORIENTED_EDGE('',*,*,#5564,.F.);
#8105=ORIENTED_EDGE('',*,*,#5561,.F.);
#8106=ORIENTED_EDGE('',*,*,#5557,.F.);
#8107=ORIENTED_EDGE('',*,*,#5516,.F.);
#8108=ORIENTED_EDGE('',*,*,#5504,.F.);
#8109=ORIENTED_EDGE('',*,*,#5501,.F.);
#8110=ORIENTED_EDGE('',*,*,#5497,.F.);
#8111=ORIENTED_EDGE('',*,*,#5556,.F.);
#8112=ORIENTED_EDGE('',*,*,#5544,.F.);
#8113=ORIENTED_EDGE('',*,*,#5541,.F.);
#8114=ORIENTED_EDGE('',*,*,#5537,.F.);
#8115=ORIENTED_EDGE('',*,*,#5652,.T.);
#8116=ORIENTED_EDGE('',*,*,#5653,.T.);
#8117=ORIENTED_EDGE('',*,*,#4828,.F.);
#8118=ORIENTED_EDGE('',*,*,#4825,.F.);
#8119=ORIENTED_EDGE('',*,*,#5653,.F.);
#8120=ORIENTED_EDGE('',*,*,#5654,.T.);
#8121=ORIENTED_EDGE('',*,*,#5655,.T.);
#8122=ORIENTED_EDGE('',*,*,#5656,.F.);
#8123=ORIENTED_EDGE('',*,*,#5657,.F.);
#8124=ORIENTED_EDGE('',*,*,#5658,.T.);
#8125=ORIENTED_EDGE('',*,*,#5659,.T.);
#8126=ORIENTED_EDGE('',*,*,#5660,.F.);
#8127=ORIENTED_EDGE('',*,*,#5661,.T.);
#8128=ORIENTED_EDGE('',*,*,#5662,.T.);
#8129=ORIENTED_EDGE('',*,*,#5663,.F.);
#8130=ORIENTED_EDGE('',*,*,#5664,.F.);
#8131=ORIENTED_EDGE('',*,*,#5665,.T.);
#8132=ORIENTED_EDGE('',*,*,#5666,.T.);
#8133=ORIENTED_EDGE('',*,*,#5667,.F.);
#8134=ORIENTED_EDGE('',*,*,#5668,.F.);
#8135=ORIENTED_EDGE('',*,*,#5669,.F.);
#8136=ORIENTED_EDGE('',*,*,#5660,.T.);
#8137=ORIENTED_EDGE('',*,*,#5670,.T.);
#8138=ORIENTED_EDGE('',*,*,#5671,.T.);
#8139=ORIENTED_EDGE('',*,*,#5672,.F.);
#8140=ORIENTED_EDGE('',*,*,#5673,.T.);
#8141=ORIENTED_EDGE('',*,*,#5664,.T.);
#8142=ORIENTED_EDGE('',*,*,#5674,.F.);
#8143=ORIENTED_EDGE('',*,*,#5675,.F.);
#8144=ORIENTED_EDGE('',*,*,#5668,.T.);
#8145=ORIENTED_EDGE('',*,*,#5676,.F.);
#8146=ORIENTED_EDGE('',*,*,#5656,.T.);
#8147=ORIENTED_EDGE('',*,*,#5677,.T.);
#8148=ORIENTED_EDGE('',*,*,#5657,.T.);
#8149=ORIENTED_EDGE('',*,*,#5676,.T.);
#8150=ORIENTED_EDGE('',*,*,#5678,.F.);
#8151=ORIENTED_EDGE('',*,*,#5679,.F.);
#8152=ORIENTED_EDGE('',*,*,#5680,.T.);
#8153=ORIENTED_EDGE('',*,*,#5681,.F.);
#8154=ORIENTED_EDGE('',*,*,#5682,.T.);
#8155=ORIENTED_EDGE('',*,*,#5683,.T.);
#8156=ORIENTED_EDGE('',*,*,#5670,.F.);
#8157=ORIENTED_EDGE('',*,*,#5659,.F.);
#8158=ORIENTED_EDGE('',*,*,#5667,.T.);
#8159=ORIENTED_EDGE('',*,*,#5684,.F.);
#8160=ORIENTED_EDGE('',*,*,#5685,.F.);
#8161=ORIENTED_EDGE('',*,*,#5686,.T.);
#8162=ORIENTED_EDGE('',*,*,#5674,.T.);
#8163=ORIENTED_EDGE('',*,*,#5680,.F.);
#8164=ORIENTED_EDGE('',*,*,#5687,.T.);
#8165=ORIENTED_EDGE('',*,*,#5681,.T.);
#8166=ORIENTED_EDGE('',*,*,#5658,.F.);
#8167=ORIENTED_EDGE('',*,*,#5673,.F.);
#8168=ORIENTED_EDGE('',*,*,#5688,.F.);
#8169=ORIENTED_EDGE('',*,*,#5689,.T.);
#8170=ORIENTED_EDGE('',*,*,#5690,.T.);
#8171=ORIENTED_EDGE('',*,*,#5665,.F.);
#8172=ORIENTED_EDGE('',*,*,#5690,.F.);
#8173=ORIENTED_EDGE('',*,*,#5691,.T.);
#8174=ORIENTED_EDGE('',*,*,#5684,.T.);
#8175=ORIENTED_EDGE('',*,*,#5666,.F.);
#8176=ORIENTED_EDGE('',*,*,#5685,.T.);
#8177=ORIENTED_EDGE('',*,*,#5691,.F.);
#8178=ORIENTED_EDGE('',*,*,#5689,.F.);
#8179=ORIENTED_EDGE('',*,*,#5692,.T.);
#8180=ORIENTED_EDGE('',*,*,#5693,.F.);
#8181=ORIENTED_EDGE('',*,*,#5694,.F.);
#8182=ORIENTED_EDGE('',*,*,#5682,.F.);
#8183=ORIENTED_EDGE('',*,*,#5687,.F.);
#8184=ORIENTED_EDGE('',*,*,#5679,.T.);
#8185=ORIENTED_EDGE('',*,*,#5695,.F.);
#8186=ORIENTED_EDGE('',*,*,#5696,.F.);
#8187=ORIENTED_EDGE('',*,*,#5697,.T.);
#8188=ORIENTED_EDGE('',*,*,#5698,.F.);
#8189=ORIENTED_EDGE('',*,*,#5693,.T.);
#8190=ORIENTED_EDGE('',*,*,#5699,.T.);
#8191=ORIENTED_EDGE('',*,*,#5662,.F.);
#8192=ORIENTED_EDGE('',*,*,#5671,.F.);
#8193=ORIENTED_EDGE('',*,*,#5683,.F.);
#8194=ORIENTED_EDGE('',*,*,#5694,.T.);
#8195=ORIENTED_EDGE('',*,*,#5698,.T.);
#8196=ORIENTED_EDGE('',*,*,#5661,.F.);
#8197=ORIENTED_EDGE('',*,*,#5663,.T.);
#8198=ORIENTED_EDGE('',*,*,#5699,.F.);
#8199=ORIENTED_EDGE('',*,*,#5692,.F.);
#8200=ORIENTED_EDGE('',*,*,#5688,.T.);
#8201=ORIENTED_EDGE('',*,*,#5672,.T.);
#8202=ORIENTED_EDGE('',*,*,#5669,.T.);
#8203=ORIENTED_EDGE('',*,*,#5675,.T.);
#8204=ORIENTED_EDGE('',*,*,#5686,.F.);
#8205=ORIENTED_EDGE('',*,*,#5697,.F.);
#8206=ORIENTED_EDGE('',*,*,#5700,.T.);
#8207=ORIENTED_EDGE('',*,*,#5700,.F.);
#8208=ORIENTED_EDGE('',*,*,#5696,.T.);
#8209=ORIENTED_EDGE('',*,*,#5701,.T.);
#8210=ORIENTED_EDGE('',*,*,#5654,.F.);
#8211=ORIENTED_EDGE('',*,*,#5652,.F.);
#8212=ORIENTED_EDGE('',*,*,#5701,.F.);
#8213=ORIENTED_EDGE('',*,*,#5695,.T.);
#8214=ORIENTED_EDGE('',*,*,#5678,.T.);
#8215=ORIENTED_EDGE('',*,*,#5677,.F.);
#8216=ORIENTED_EDGE('',*,*,#5655,.F.);
#8217=ORIENTED_EDGE('',*,*,#5702,.T.);
#8218=ORIENTED_EDGE('',*,*,#5703,.T.);
#8219=ORIENTED_EDGE('',*,*,#4824,.F.);
#8220=ORIENTED_EDGE('',*,*,#4821,.F.);
#8221=ORIENTED_EDGE('',*,*,#5703,.F.);
#8222=ORIENTED_EDGE('',*,*,#5704,.T.);
#8223=ORIENTED_EDGE('',*,*,#5705,.T.);
#8224=ORIENTED_EDGE('',*,*,#5706,.F.);
#8225=ORIENTED_EDGE('',*,*,#5707,.F.);
#8226=ORIENTED_EDGE('',*,*,#5708,.T.);
#8227=ORIENTED_EDGE('',*,*,#5709,.T.);
#8228=ORIENTED_EDGE('',*,*,#5710,.F.);
#8229=ORIENTED_EDGE('',*,*,#5711,.T.);
#8230=ORIENTED_EDGE('',*,*,#5712,.T.);
#8231=ORIENTED_EDGE('',*,*,#5713,.F.);
#8232=ORIENTED_EDGE('',*,*,#5714,.F.);
#8233=ORIENTED_EDGE('',*,*,#5715,.T.);
#8234=ORIENTED_EDGE('',*,*,#5716,.T.);
#8235=ORIENTED_EDGE('',*,*,#5717,.F.);
#8236=ORIENTED_EDGE('',*,*,#5718,.F.);
#8237=ORIENTED_EDGE('',*,*,#5719,.F.);
#8238=ORIENTED_EDGE('',*,*,#5710,.T.);
#8239=ORIENTED_EDGE('',*,*,#5720,.T.);
#8240=ORIENTED_EDGE('',*,*,#5721,.T.);
#8241=ORIENTED_EDGE('',*,*,#5722,.F.);
#8242=ORIENTED_EDGE('',*,*,#5723,.T.);
#8243=ORIENTED_EDGE('',*,*,#5714,.T.);
#8244=ORIENTED_EDGE('',*,*,#5724,.F.);
#8245=ORIENTED_EDGE('',*,*,#5725,.F.);
#8246=ORIENTED_EDGE('',*,*,#5718,.T.);
#8247=ORIENTED_EDGE('',*,*,#5726,.F.);
#8248=ORIENTED_EDGE('',*,*,#5706,.T.);
#8249=ORIENTED_EDGE('',*,*,#5727,.T.);
#8250=ORIENTED_EDGE('',*,*,#5707,.T.);
#8251=ORIENTED_EDGE('',*,*,#5726,.T.);
#8252=ORIENTED_EDGE('',*,*,#5728,.F.);
#8253=ORIENTED_EDGE('',*,*,#5729,.F.);
#8254=ORIENTED_EDGE('',*,*,#5730,.T.);
#8255=ORIENTED_EDGE('',*,*,#5731,.F.);
#8256=ORIENTED_EDGE('',*,*,#5732,.T.);
#8257=ORIENTED_EDGE('',*,*,#5733,.T.);
#8258=ORIENTED_EDGE('',*,*,#5720,.F.);
#8259=ORIENTED_EDGE('',*,*,#5709,.F.);
#8260=ORIENTED_EDGE('',*,*,#5717,.T.);
#8261=ORIENTED_EDGE('',*,*,#5734,.F.);
#8262=ORIENTED_EDGE('',*,*,#5735,.F.);
#8263=ORIENTED_EDGE('',*,*,#5736,.T.);
#8264=ORIENTED_EDGE('',*,*,#5724,.T.);
#8265=ORIENTED_EDGE('',*,*,#5730,.F.);
#8266=ORIENTED_EDGE('',*,*,#5737,.T.);
#8267=ORIENTED_EDGE('',*,*,#5731,.T.);
#8268=ORIENTED_EDGE('',*,*,#5708,.F.);
#8269=ORIENTED_EDGE('',*,*,#5723,.F.);
#8270=ORIENTED_EDGE('',*,*,#5738,.F.);
#8271=ORIENTED_EDGE('',*,*,#5739,.T.);
#8272=ORIENTED_EDGE('',*,*,#5740,.T.);
#8273=ORIENTED_EDGE('',*,*,#5715,.F.);
#8274=ORIENTED_EDGE('',*,*,#5740,.F.);
#8275=ORIENTED_EDGE('',*,*,#5741,.T.);
#8276=ORIENTED_EDGE('',*,*,#5734,.T.);
#8277=ORIENTED_EDGE('',*,*,#5716,.F.);
#8278=ORIENTED_EDGE('',*,*,#5735,.T.);
#8279=ORIENTED_EDGE('',*,*,#5741,.F.);
#8280=ORIENTED_EDGE('',*,*,#5739,.F.);
#8281=ORIENTED_EDGE('',*,*,#5742,.T.);
#8282=ORIENTED_EDGE('',*,*,#5743,.F.);
#8283=ORIENTED_EDGE('',*,*,#5744,.F.);
#8284=ORIENTED_EDGE('',*,*,#5732,.F.);
#8285=ORIENTED_EDGE('',*,*,#5737,.F.);
#8286=ORIENTED_EDGE('',*,*,#5729,.T.);
#8287=ORIENTED_EDGE('',*,*,#5745,.F.);
#8288=ORIENTED_EDGE('',*,*,#5746,.F.);
#8289=ORIENTED_EDGE('',*,*,#5747,.T.);
#8290=ORIENTED_EDGE('',*,*,#5748,.F.);
#8291=ORIENTED_EDGE('',*,*,#5743,.T.);
#8292=ORIENTED_EDGE('',*,*,#5749,.T.);
#8293=ORIENTED_EDGE('',*,*,#5712,.F.);
#8294=ORIENTED_EDGE('',*,*,#5721,.F.);
#8295=ORIENTED_EDGE('',*,*,#5733,.F.);
#8296=ORIENTED_EDGE('',*,*,#5744,.T.);
#8297=ORIENTED_EDGE('',*,*,#5748,.T.);
#8298=ORIENTED_EDGE('',*,*,#5711,.F.);
#8299=ORIENTED_EDGE('',*,*,#5713,.T.);
#8300=ORIENTED_EDGE('',*,*,#5749,.F.);
#8301=ORIENTED_EDGE('',*,*,#5742,.F.);
#8302=ORIENTED_EDGE('',*,*,#5738,.T.);
#8303=ORIENTED_EDGE('',*,*,#5722,.T.);
#8304=ORIENTED_EDGE('',*,*,#5719,.T.);
#8305=ORIENTED_EDGE('',*,*,#5725,.T.);
#8306=ORIENTED_EDGE('',*,*,#5736,.F.);
#8307=ORIENTED_EDGE('',*,*,#5747,.F.);
#8308=ORIENTED_EDGE('',*,*,#5750,.T.);
#8309=ORIENTED_EDGE('',*,*,#5750,.F.);
#8310=ORIENTED_EDGE('',*,*,#5746,.T.);
#8311=ORIENTED_EDGE('',*,*,#5751,.T.);
#8312=ORIENTED_EDGE('',*,*,#5704,.F.);
#8313=ORIENTED_EDGE('',*,*,#5702,.F.);
#8314=ORIENTED_EDGE('',*,*,#5751,.F.);
#8315=ORIENTED_EDGE('',*,*,#5745,.T.);
#8316=ORIENTED_EDGE('',*,*,#5728,.T.);
#8317=ORIENTED_EDGE('',*,*,#5727,.F.);
#8318=ORIENTED_EDGE('',*,*,#5705,.F.);
#8319=ORIENTED_EDGE('',*,*,#5752,.T.);
#8320=ORIENTED_EDGE('',*,*,#5753,.T.);
#8321=ORIENTED_EDGE('',*,*,#4798,.F.);
#8322=ORIENTED_EDGE('',*,*,#5753,.F.);
#8323=ORIENTED_EDGE('',*,*,#5754,.T.);
#8324=ORIENTED_EDGE('',*,*,#5755,.T.);
#8325=ORIENTED_EDGE('',*,*,#5756,.F.);
#8326=ORIENTED_EDGE('',*,*,#5757,.F.);
#8327=ORIENTED_EDGE('',*,*,#5758,.T.);
#8328=ORIENTED_EDGE('',*,*,#5759,.T.);
#8329=ORIENTED_EDGE('',*,*,#5760,.F.);
#8330=ORIENTED_EDGE('',*,*,#5761,.T.);
#8331=ORIENTED_EDGE('',*,*,#5762,.T.);
#8332=ORIENTED_EDGE('',*,*,#5763,.F.);
#8333=ORIENTED_EDGE('',*,*,#5764,.F.);
#8334=ORIENTED_EDGE('',*,*,#5765,.T.);
#8335=ORIENTED_EDGE('',*,*,#5766,.T.);
#8336=ORIENTED_EDGE('',*,*,#5767,.F.);
#8337=ORIENTED_EDGE('',*,*,#5768,.F.);
#8338=ORIENTED_EDGE('',*,*,#5769,.F.);
#8339=ORIENTED_EDGE('',*,*,#5760,.T.);
#8340=ORIENTED_EDGE('',*,*,#5770,.T.);
#8341=ORIENTED_EDGE('',*,*,#5771,.T.);
#8342=ORIENTED_EDGE('',*,*,#5772,.F.);
#8343=ORIENTED_EDGE('',*,*,#5773,.T.);
#8344=ORIENTED_EDGE('',*,*,#5764,.T.);
#8345=ORIENTED_EDGE('',*,*,#5774,.F.);
#8346=ORIENTED_EDGE('',*,*,#5775,.F.);
#8347=ORIENTED_EDGE('',*,*,#5768,.T.);
#8348=ORIENTED_EDGE('',*,*,#5776,.F.);
#8349=ORIENTED_EDGE('',*,*,#5756,.T.);
#8350=ORIENTED_EDGE('',*,*,#5777,.T.);
#8351=ORIENTED_EDGE('',*,*,#5757,.T.);
#8352=ORIENTED_EDGE('',*,*,#5776,.T.);
#8353=ORIENTED_EDGE('',*,*,#5778,.F.);
#8354=ORIENTED_EDGE('',*,*,#5779,.F.);
#8355=ORIENTED_EDGE('',*,*,#5780,.T.);
#8356=ORIENTED_EDGE('',*,*,#5781,.F.);
#8357=ORIENTED_EDGE('',*,*,#5782,.T.);
#8358=ORIENTED_EDGE('',*,*,#5783,.T.);
#8359=ORIENTED_EDGE('',*,*,#5770,.F.);
#8360=ORIENTED_EDGE('',*,*,#5759,.F.);
#8361=ORIENTED_EDGE('',*,*,#5767,.T.);
#8362=ORIENTED_EDGE('',*,*,#5784,.F.);
#8363=ORIENTED_EDGE('',*,*,#5785,.F.);
#8364=ORIENTED_EDGE('',*,*,#5786,.T.);
#8365=ORIENTED_EDGE('',*,*,#5774,.T.);
#8366=ORIENTED_EDGE('',*,*,#5780,.F.);
#8367=ORIENTED_EDGE('',*,*,#5787,.T.);
#8368=ORIENTED_EDGE('',*,*,#5781,.T.);
#8369=ORIENTED_EDGE('',*,*,#5758,.F.);
#8370=ORIENTED_EDGE('',*,*,#5773,.F.);
#8371=ORIENTED_EDGE('',*,*,#5788,.F.);
#8372=ORIENTED_EDGE('',*,*,#5789,.T.);
#8373=ORIENTED_EDGE('',*,*,#5790,.T.);
#8374=ORIENTED_EDGE('',*,*,#5765,.F.);
#8375=ORIENTED_EDGE('',*,*,#5790,.F.);
#8376=ORIENTED_EDGE('',*,*,#5791,.T.);
#8377=ORIENTED_EDGE('',*,*,#5784,.T.);
#8378=ORIENTED_EDGE('',*,*,#5766,.F.);
#8379=ORIENTED_EDGE('',*,*,#5785,.T.);
#8380=ORIENTED_EDGE('',*,*,#5791,.F.);
#8381=ORIENTED_EDGE('',*,*,#5789,.F.);
#8382=ORIENTED_EDGE('',*,*,#5792,.T.);
#8383=ORIENTED_EDGE('',*,*,#5793,.F.);
#8384=ORIENTED_EDGE('',*,*,#5794,.F.);
#8385=ORIENTED_EDGE('',*,*,#5782,.F.);
#8386=ORIENTED_EDGE('',*,*,#5787,.F.);
#8387=ORIENTED_EDGE('',*,*,#5779,.T.);
#8388=ORIENTED_EDGE('',*,*,#5795,.F.);
#8389=ORIENTED_EDGE('',*,*,#5796,.F.);
#8390=ORIENTED_EDGE('',*,*,#5797,.T.);
#8391=ORIENTED_EDGE('',*,*,#5798,.F.);
#8392=ORIENTED_EDGE('',*,*,#5793,.T.);
#8393=ORIENTED_EDGE('',*,*,#5799,.T.);
#8394=ORIENTED_EDGE('',*,*,#5762,.F.);
#8395=ORIENTED_EDGE('',*,*,#5771,.F.);
#8396=ORIENTED_EDGE('',*,*,#5783,.F.);
#8397=ORIENTED_EDGE('',*,*,#5794,.T.);
#8398=ORIENTED_EDGE('',*,*,#5798,.T.);
#8399=ORIENTED_EDGE('',*,*,#5761,.F.);
#8400=ORIENTED_EDGE('',*,*,#5763,.T.);
#8401=ORIENTED_EDGE('',*,*,#5799,.F.);
#8402=ORIENTED_EDGE('',*,*,#5792,.F.);
#8403=ORIENTED_EDGE('',*,*,#5788,.T.);
#8404=ORIENTED_EDGE('',*,*,#5772,.T.);
#8405=ORIENTED_EDGE('',*,*,#5769,.T.);
#8406=ORIENTED_EDGE('',*,*,#5775,.T.);
#8407=ORIENTED_EDGE('',*,*,#5786,.F.);
#8408=ORIENTED_EDGE('',*,*,#5797,.F.);
#8409=ORIENTED_EDGE('',*,*,#5800,.T.);
#8410=ORIENTED_EDGE('',*,*,#5800,.F.);
#8411=ORIENTED_EDGE('',*,*,#5796,.T.);
#8412=ORIENTED_EDGE('',*,*,#5801,.T.);
#8413=ORIENTED_EDGE('',*,*,#5754,.F.);
#8414=ORIENTED_EDGE('',*,*,#5752,.F.);
#8415=ORIENTED_EDGE('',*,*,#5801,.F.);
#8416=ORIENTED_EDGE('',*,*,#5795,.T.);
#8417=ORIENTED_EDGE('',*,*,#5778,.T.);
#8418=ORIENTED_EDGE('',*,*,#5777,.F.);
#8419=ORIENTED_EDGE('',*,*,#5755,.F.);
#8420=ORIENTED_EDGE('',*,*,#5802,.F.);
#8421=ORIENTED_EDGE('',*,*,#5803,.F.);
#8422=ORIENTED_EDGE('',*,*,#5804,.T.);
#8423=ORIENTED_EDGE('',*,*,#5805,.F.);
#8424=ORIENTED_EDGE('',*,*,#5802,.T.);
#8425=ORIENTED_EDGE('',*,*,#5806,.T.);
#8426=ORIENTED_EDGE('',*,*,#5807,.T.);
#8427=ORIENTED_EDGE('',*,*,#5808,.F.);
#8428=ORIENTED_EDGE('',*,*,#5804,.F.);
#8429=ORIENTED_EDGE('',*,*,#5809,.T.);
#8430=ORIENTED_EDGE('',*,*,#5810,.F.);
#8431=ORIENTED_EDGE('',*,*,#5809,.F.);
#8432=ORIENTED_EDGE('',*,*,#5811,.T.);
#8433=ORIENTED_EDGE('',*,*,#5806,.F.);
#8434=ORIENTED_EDGE('',*,*,#5805,.T.);
#8435=ORIENTED_EDGE('',*,*,#5808,.T.);
#8436=ORIENTED_EDGE('',*,*,#5803,.T.);
#8437=ORIENTED_EDGE('',*,*,#5807,.F.);
#8438=ORIENTED_EDGE('',*,*,#5811,.F.);
#8439=ORIENTED_EDGE('',*,*,#5812,.T.);
#8440=ORIENTED_EDGE('',*,*,#5813,.T.);
#8441=ORIENTED_EDGE('',*,*,#5810,.T.);
#8442=ORIENTED_EDGE('',*,*,#5813,.F.);
#8443=ORIENTED_EDGE('',*,*,#5812,.F.);
#8444=PLANE('',#9403);
#8445=PLANE('',#9404);
#8446=PLANE('',#9405);
#8447=PLANE('',#9406);
#8448=PLANE('',#9407);
#8449=PLANE('',#9408);
#8450=PLANE('',#9409);
#8451=PLANE('',#9410);
#8452=PLANE('',#9411);
#8453=PLANE('',#9412);
#8454=PLANE('',#9413);
#8455=PLANE('',#9414);
#8456=PLANE('',#9415);
#8457=PLANE('',#9416);
#8458=PLANE('',#9417);
#8459=PLANE('',#9418);
#8460=PLANE('',#9419);
#8461=PLANE('',#9420);
#8462=PLANE('',#9421);
#8463=PLANE('',#9422);
#8464=PLANE('',#9423);
#8465=PLANE('',#9424);
#8466=PLANE('',#9425);
#8467=PLANE('',#9426);
#8468=PLANE('',#9427);
#8469=PLANE('',#9428);
#8470=PLANE('',#9429);
#8471=PLANE('',#9430);
#8472=PLANE('',#9431);
#8473=PLANE('',#9432);
#8474=PLANE('',#9433);
#8475=PLANE('',#9434);
#8476=PLANE('',#9435);
#8477=PLANE('',#9436);
#8478=PLANE('',#9437);
#8479=PLANE('',#9438);
#8480=PLANE('',#9443);
#8481=PLANE('',#9444);
#8482=PLANE('',#9445);
#8483=PLANE('',#9446);
#8484=PLANE('',#9447);
#8485=PLANE('',#9448);
#8486=PLANE('',#9449);
#8487=PLANE('',#9450);
#8488=PLANE('',#9451);
#8489=PLANE('',#9452);
#8490=PLANE('',#9453);
#8491=PLANE('',#9454);
#8492=PLANE('',#9455);
#8493=PLANE('',#9456);
#8494=PLANE('',#9457);
#8495=PLANE('',#9464);
#8496=PLANE('',#9465);
#8497=PLANE('',#9466);
#8498=PLANE('',#9467);
#8499=PLANE('',#9468);
#8500=PLANE('',#9469);
#8501=PLANE('',#9470);
#8502=PLANE('',#9471);
#8503=PLANE('',#9472);
#8504=PLANE('',#9473);
#8505=PLANE('',#9474);
#8506=PLANE('',#9475);
#8507=PLANE('',#9476);
#8508=PLANE('',#9477);
#8509=PLANE('',#9478);
#8510=PLANE('',#9486);
#8511=PLANE('',#9487);
#8512=PLANE('',#9488);
#8513=PLANE('',#9489);
#8514=PLANE('',#9490);
#8515=PLANE('',#9491);
#8516=PLANE('',#9492);
#8517=PLANE('',#9493);
#8518=PLANE('',#9494);
#8519=PLANE('',#9495);
#8520=PLANE('',#9496);
#8521=PLANE('',#9497);
#8522=PLANE('',#9498);
#8523=PLANE('',#9499);
#8524=PLANE('',#9500);
#8525=PLANE('',#9507);
#8526=PLANE('',#9508);
#8527=PLANE('',#9509);
#8528=PLANE('',#9510);
#8529=PLANE('',#9511);
#8530=PLANE('',#9512);
#8531=PLANE('',#9513);
#8532=PLANE('',#9514);
#8533=PLANE('',#9515);
#8534=PLANE('',#9516);
#8535=PLANE('',#9517);
#8536=PLANE('',#9518);
#8537=PLANE('',#9519);
#8538=PLANE('',#9520);
#8539=PLANE('',#9521);
#8540=PLANE('',#9540);
#8541=PLANE('',#9541);
#8542=PLANE('',#9542);
#8543=PLANE('',#9543);
#8544=PLANE('',#9544);
#8545=PLANE('',#9545);
#8546=PLANE('',#9546);
#8547=PLANE('',#9547);
#8548=PLANE('',#9548);
#8549=PLANE('',#9549);
#8550=PLANE('',#9550);
#8551=PLANE('',#9551);
#8552=PLANE('',#9552);
#8553=PLANE('',#9553);
#8554=PLANE('',#9554);
#8555=PLANE('',#9555);
#8556=PLANE('',#9556);
#8557=PLANE('',#9562);
#8558=PLANE('',#9563);
#8559=PLANE('',#9575);
#8560=PLANE('',#9579);
#8561=PLANE('',#9593);
#8562=PLANE('',#9612);
#8563=PLANE('',#9619);
#8564=PLANE('',#9627);
#8565=PLANE('',#9638);
#8566=PLANE('',#9645);
#8567=PLANE('',#9651);
#8568=PLANE('',#9658);
#8569=PLANE('',#9660);
#8570=PLANE('',#9661);
#8571=PLANE('',#9662);
#8572=PLANE('',#9663);
#8573=PLANE('',#9664);
#8574=PLANE('',#9665);
#8575=PLANE('',#9676);
#8576=PLANE('',#9685);
#8577=PLANE('',#9687);
#8578=PLANE('',#9688);
#8579=PLANE('',#9689);
#8580=PLANE('',#9692);
#8581=PLANE('',#9695);
#8582=PLANE('',#9698);
#8583=PLANE('',#9707);
#8584=PLANE('',#9708);
#8585=PLANE('',#9710);
#8586=PLANE('',#9711);
#8587=PLANE('',#9715);
#8588=PLANE('',#9716);
#8589=PLANE('',#9720);
#8590=PLANE('',#9721);
#8591=PLANE('',#9725);
#8592=PLANE('',#9726);
#8593=PLANE('',#9730);
#8594=PLANE('',#9734);
#8595=PLANE('',#9738);
#8596=PLANE('',#9742);
#8597=PLANE('',#9748);
#8598=PLANE('',#9751);
#8599=PLANE('',#9754);
#8600=PLANE('',#9757);
#8601=PLANE('',#9764);
#8602=PLANE('',#9765);
#8603=PLANE('',#9766);
#8604=PLANE('',#9767);
#8605=PLANE('',#9768);
#8606=PLANE('',#9769);
#8607=PLANE('',#9770);
#8608=PLANE('',#9772);
#8609=PLANE('',#9773);
#8610=PLANE('',#9774);
#8611=PLANE('',#9775);
#8612=PLANE('',#9776);
#8613=PLANE('',#9777);
#8614=PLANE('',#9778);
#8615=PLANE('',#9780);
#8616=PLANE('',#9781);
#8617=PLANE('',#9782);
#8618=PLANE('',#9783);
#8619=PLANE('',#9784);
#8620=PLANE('',#9785);
#8621=PLANE('',#9786);
#8622=PLANE('',#9788);
#8623=PLANE('',#9789);
#8624=PLANE('',#9790);
#8625=PLANE('',#9791);
#8626=PLANE('',#9792);
#8627=PLANE('',#9793);
#8628=PLANE('',#9794);
#8629=PLANE('',#9808);
#8630=PLANE('',#9809);
#8631=PLANE('',#9810);
#8632=PLANE('',#9811);
#8633=PLANE('',#9812);
#8634=PLANE('',#9815);
#8635=PLANE('',#9818);
#8636=PLANE('',#9821);
#8637=PLANE('',#9824);
#8638=PLANE('',#9829);
#8639=PLANE('',#9830);
#8640=PLANE('',#9831);
#8641=PLANE('',#9832);
#8642=PLANE('',#9833);
#8643=PLANE('',#9834);
#8644=PLANE('',#9835);
#8645=PLANE('',#9836);
#8646=PLANE('',#9837);
#8647=PLANE('',#9848);
#8648=PLANE('',#9851);
#8649=PLANE('',#9854);
#8650=PLANE('',#9857);
#8651=PLANE('',#9859);
#8652=PLANE('',#9861);
#8653=PLANE('',#9864);
#8654=PLANE('',#9881);
#8655=PLANE('',#9882);
#8656=PLANE('',#9883);
#8657=PLANE('',#9884);
#8658=PLANE('',#9885);
#8659=PLANE('',#9886);
#8660=PLANE('',#9887);
#8661=PLANE('',#9888);
#8662=PLANE('',#9901);
#8663=PLANE('',#9902);
#8664=PLANE('',#9903);
#8665=PLANE('',#9904);
#8666=PLANE('',#9905);
#8667=PLANE('',#9906);
#8668=PLANE('',#9907);
#8669=PLANE('',#9908);
#8670=PLANE('',#9973);
#8671=PLANE('',#9978);
#8672=PLANE('',#9979);
#8673=PLANE('',#9980);
#8674=PLANE('',#9981);
#8675=PLANE('',#9982);
#8676=PLANE('',#9983);
#8677=PLANE('',#9984);
#8678=PLANE('',#9985);
#8679=PLANE('',#9986);
#8680=PLANE('',#9987);
#8681=PLANE('',#9988);
#8682=PLANE('',#9989);
#8683=PLANE('',#9990);
#8684=PLANE('',#9992);
#8685=PLANE('',#9993);
#8686=PLANE('',#9995);
#8687=PLANE('',#9997);
#8688=PLANE('',#10000);
#8689=PLANE('',#10002);
#8690=PLANE('',#10014);
#8691=PLANE('',#10015);
#8692=PLANE('',#10016);
#8693=PLANE('',#10017);
#8694=PLANE('',#10018);
#8695=PLANE('',#10019);
#8696=PLANE('',#10020);
#8697=PLANE('',#10021);
#8698=PLANE('',#10022);
#8699=PLANE('',#10023);
#8700=PLANE('',#10024);
#8701=PLANE('',#10025);
#8702=PLANE('',#10026);
#8703=PLANE('',#10027);
#8704=PLANE('',#10028);
#8705=PLANE('',#10029);
#8706=PLANE('',#10030);
#8707=PLANE('',#10031);
#8708=PLANE('',#10032);
#8709=PLANE('',#10033);
#8710=PLANE('',#10034);
#8711=PLANE('',#10035);
#8712=PLANE('',#10036);
#8713=PLANE('',#10037);
#8714=PLANE('',#10038);
#8715=PLANE('',#10039);
#8716=PLANE('',#10040);
#8717=PLANE('',#10041);
#8718=PLANE('',#10042);
#8719=PLANE('',#10043);
#8720=PLANE('',#10044);
#8721=PLANE('',#10045);
#8722=PLANE('',#10046);
#8723=PLANE('',#10047);
#8724=PLANE('',#10048);
#8725=PLANE('',#10049);
#8726=PLANE('',#10050);
#8727=PLANE('',#10051);
#8728=PLANE('',#10052);
#8729=PLANE('',#10053);
#8730=PLANE('',#10054);
#8731=PLANE('',#10055);
#8732=PLANE('',#10056);
#8733=PLANE('',#10057);
#8734=PLANE('',#10058);
#8735=PLANE('',#10059);
#8736=PLANE('',#10060);
#8737=PLANE('',#10061);
#8738=PLANE('',#10062);
#8739=PLANE('',#10063);
#8740=PLANE('',#10064);
#8741=PLANE('',#10065);
#8742=PLANE('',#10066);
#8743=PLANE('',#10067);
#8744=PLANE('',#10068);
#8745=PLANE('',#10069);
#8746=PLANE('',#10070);
#8747=PLANE('',#10071);
#8748=PLANE('',#10072);
#8749=PLANE('',#10073);
#8750=PLANE('',#10074);
#8751=PLANE('',#10075);
#8752=PLANE('',#10076);
#8753=PLANE('',#10077);
#8754=PLANE('',#10078);
#8755=PLANE('',#10079);
#8756=PLANE('',#10080);
#8757=PLANE('',#10081);
#8758=PLANE('',#10082);
#8759=PLANE('',#10083);
#8760=PLANE('',#10084);
#8761=PLANE('',#10085);
#8762=PLANE('',#10086);
#8763=PLANE('',#10087);
#8764=PLANE('',#10088);
#8765=PLANE('',#10089);
#8766=PLANE('',#10090);
#8767=PLANE('',#10091);
#8768=PLANE('',#10092);
#8769=PLANE('',#10093);
#8770=PLANE('',#10094);
#8771=PLANE('',#10095);
#8772=PLANE('',#10096);
#8773=PLANE('',#10097);
#8774=PLANE('',#10098);
#8775=PLANE('',#10099);
#8776=PLANE('',#10100);
#8777=PLANE('',#10101);
#8778=PLANE('',#10102);
#8779=PLANE('',#10103);
#8780=PLANE('',#10104);
#8781=PLANE('',#10105);
#8782=PLANE('',#10106);
#8783=PLANE('',#10121);
#8784=PLANE('',#10122);
#8785=PLANE('',#10123);
#8786=PLANE('',#10124);
#8787=PLANE('',#10125);
#8788=PLANE('',#10126);
#8789=PLANE('',#10127);
#8790=PLANE('',#10128);
#8791=PLANE('',#10129);
#8792=PLANE('',#10130);
#8793=PLANE('',#10131);
#8794=PLANE('',#10132);
#8795=PLANE('',#10133);
#8796=PLANE('',#10134);
#8797=PLANE('',#10135);
#8798=PLANE('',#10136);
#8799=PLANE('',#10137);
#8800=PLANE('',#10152);
#8801=PLANE('',#10153);
#8802=PLANE('',#10154);
#8803=PLANE('',#10155);
#8804=PLANE('',#10156);
#8805=PLANE('',#10157);
#8806=PLANE('',#10158);
#8807=PLANE('',#10159);
#8808=PLANE('',#10160);
#8809=PLANE('',#10161);
#8810=PLANE('',#10162);
#8811=PLANE('',#10163);
#8812=PLANE('',#10164);
#8813=PLANE('',#10165);
#8814=PLANE('',#10166);
#8815=PLANE('',#10167);
#8816=PLANE('',#10168);
#8817=PLANE('',#10183);
#8818=PLANE('',#10184);
#8819=PLANE('',#10185);
#8820=PLANE('',#10186);
#8821=PLANE('',#10187);
#8822=PLANE('',#10188);
#8823=PLANE('',#10189);
#8824=PLANE('',#10190);
#8825=PLANE('',#10191);
#8826=PLANE('',#10192);
#8827=PLANE('',#10193);
#8828=PLANE('',#10194);
#8829=PLANE('',#10195);
#8830=PLANE('',#10196);
#8831=PLANE('',#10197);
#8832=PLANE('',#10198);
#8833=PLANE('',#10199);
#8834=PLANE('',#10200);
#8835=PLANE('',#10201);
#8836=PLANE('',#10204);
#8837=PLANE('',#10206);
#8838=PLANE('',#10212);
#8839=ADVANCED_FACE('',(#572),#8444,.T.);
#8840=ADVANCED_FACE('',(#573),#8445,.T.);
#8841=ADVANCED_FACE('',(#574),#8446,.T.);
#8842=ADVANCED_FACE('',(#575),#8447,.T.);
#8843=ADVANCED_FACE('',(#576),#8448,.F.);
#8844=ADVANCED_FACE('',(#577),#8449,.F.);
#8845=ADVANCED_FACE('',(#578),#8450,.F.);
#8846=ADVANCED_FACE('',(#579),#8451,.F.);
#8847=ADVANCED_FACE('',(#580),#8452,.T.);
#8848=ADVANCED_FACE('',(#581),#8453,.T.);
#8849=ADVANCED_FACE('',(#582),#8454,.T.);
#8850=ADVANCED_FACE('',(#583),#8455,.T.);
#8851=ADVANCED_FACE('',(#584),#8456,.T.);
#8852=ADVANCED_FACE('',(#585),#8457,.T.);
#8853=ADVANCED_FACE('',(#586),#8458,.T.);
#8854=ADVANCED_FACE('',(#587),#8459,.T.);
#8855=ADVANCED_FACE('',(#588),#8460,.F.);
#8856=ADVANCED_FACE('',(#589),#8461,.F.);
#8857=ADVANCED_FACE('',(#590),#8462,.F.);
#8858=ADVANCED_FACE('',(#591),#8463,.F.);
#8859=ADVANCED_FACE('',(#592),#8464,.T.);
#8860=ADVANCED_FACE('',(#593),#8465,.T.);
#8861=ADVANCED_FACE('',(#594),#8466,.T.);
#8862=ADVANCED_FACE('',(#595),#8467,.T.);
#8863=ADVANCED_FACE('',(#596),#8468,.T.);
#8864=ADVANCED_FACE('',(#597),#8469,.T.);
#8865=ADVANCED_FACE('',(#598),#8470,.T.);
#8866=ADVANCED_FACE('',(#599),#8471,.T.);
#8867=ADVANCED_FACE('',(#600),#8472,.F.);
#8868=ADVANCED_FACE('',(#601),#8473,.F.);
#8869=ADVANCED_FACE('',(#602),#8474,.F.);
#8870=ADVANCED_FACE('',(#603),#8475,.F.);
#8871=ADVANCED_FACE('',(#604),#8476,.T.);
#8872=ADVANCED_FACE('',(#605),#8477,.T.);
#8873=ADVANCED_FACE('',(#606),#8478,.T.);
#8874=ADVANCED_FACE('',(#607),#8479,.T.);
#8875=ADVANCED_FACE('',(#608),#558,.T.);
#8876=ADVANCED_FACE('',(#609,#249),#8480,.F.);
#8877=ADVANCED_FACE('',(#610),#8481,.F.);
#8878=ADVANCED_FACE('',(#611),#8482,.F.);
#8879=ADVANCED_FACE('',(#612),#8483,.F.);
#8880=ADVANCED_FACE('',(#613),#8484,.F.);
#8881=ADVANCED_FACE('',(#614),#8485,.F.);
#8882=ADVANCED_FACE('',(#615),#8486,.F.);
#8883=ADVANCED_FACE('',(#616),#8487,.F.);
#8884=ADVANCED_FACE('',(#617),#8488,.F.);
#8885=ADVANCED_FACE('',(#618),#8489,.F.);
#8886=ADVANCED_FACE('',(#619),#8490,.F.);
#8887=ADVANCED_FACE('',(#620),#8491,.F.);
#8888=ADVANCED_FACE('',(#621),#8492,.F.);
#8889=ADVANCED_FACE('',(#622),#8493,.F.);
#8890=ADVANCED_FACE('',(#623,#250),#8494,.T.);
#8891=ADVANCED_FACE('',(#624),#559,.T.);
#8892=ADVANCED_FACE('',(#625,#251),#8495,.F.);
#8893=ADVANCED_FACE('',(#626),#8496,.F.);
#8894=ADVANCED_FACE('',(#627),#8497,.F.);
#8895=ADVANCED_FACE('',(#628),#8498,.F.);
#8896=ADVANCED_FACE('',(#629),#8499,.F.);
#8897=ADVANCED_FACE('',(#630),#8500,.F.);
#8898=ADVANCED_FACE('',(#631),#8501,.F.);
#8899=ADVANCED_FACE('',(#632),#8502,.F.);
#8900=ADVANCED_FACE('',(#633),#8503,.F.);
#8901=ADVANCED_FACE('',(#634),#8504,.F.);
#8902=ADVANCED_FACE('',(#635),#8505,.F.);
#8903=ADVANCED_FACE('',(#636),#8506,.F.);
#8904=ADVANCED_FACE('',(#637),#8507,.F.);
#8905=ADVANCED_FACE('',(#638),#8508,.F.);
#8906=ADVANCED_FACE('',(#639,#252),#8509,.T.);
#8907=ADVANCED_FACE('',(#640),#560,.T.);
#8908=ADVANCED_FACE('',(#641,#253),#8510,.F.);
#8909=ADVANCED_FACE('',(#642),#8511,.F.);
#8910=ADVANCED_FACE('',(#643),#8512,.F.);
#8911=ADVANCED_FACE('',(#644),#8513,.F.);
#8912=ADVANCED_FACE('',(#645),#8514,.F.);
#8913=ADVANCED_FACE('',(#646),#8515,.F.);
#8914=ADVANCED_FACE('',(#647),#8516,.F.);
#8915=ADVANCED_FACE('',(#648),#8517,.F.);
#8916=ADVANCED_FACE('',(#649),#8518,.F.);
#8917=ADVANCED_FACE('',(#650),#8519,.F.);
#8918=ADVANCED_FACE('',(#651),#8520,.F.);
#8919=ADVANCED_FACE('',(#652),#8521,.F.);
#8920=ADVANCED_FACE('',(#653),#8522,.F.);
#8921=ADVANCED_FACE('',(#654),#8523,.F.);
#8922=ADVANCED_FACE('',(#655,#254),#8524,.T.);
#8923=ADVANCED_FACE('',(#656),#561,.T.);
#8924=ADVANCED_FACE('',(#657,#255),#8525,.F.);
#8925=ADVANCED_FACE('',(#658),#8526,.F.);
#8926=ADVANCED_FACE('',(#659),#8527,.F.);
#8927=ADVANCED_FACE('',(#660),#8528,.F.);
#8928=ADVANCED_FACE('',(#661),#8529,.F.);
#8929=ADVANCED_FACE('',(#662),#8530,.F.);
#8930=ADVANCED_FACE('',(#663),#8531,.F.);
#8931=ADVANCED_FACE('',(#664),#8532,.F.);
#8932=ADVANCED_FACE('',(#665),#8533,.F.);
#8933=ADVANCED_FACE('',(#666),#8534,.F.);
#8934=ADVANCED_FACE('',(#667),#8535,.F.);
#8935=ADVANCED_FACE('',(#668),#8536,.F.);
#8936=ADVANCED_FACE('',(#669),#8537,.F.);
#8937=ADVANCED_FACE('',(#670),#8538,.F.);
#8938=ADVANCED_FACE('',(#671,#256),#8539,.T.);
#8939=ADVANCED_FACE('',(#672),#562,.T.);
#8940=ADVANCED_FACE('',(#673),#8540,.T.);
#8941=ADVANCED_FACE('',(#674),#8541,.T.);
#8942=ADVANCED_FACE('',(#675),#8542,.T.);
#8943=ADVANCED_FACE('',(#676),#8543,.T.);
#8944=ADVANCED_FACE('',(#677),#8544,.F.);
#8945=ADVANCED_FACE('',(#678),#8545,.T.);
#8946=ADVANCED_FACE('',(#679),#8546,.F.);
#8947=ADVANCED_FACE('',(#680),#8547,.T.);
#8948=ADVANCED_FACE('',(#681),#8548,.T.);
#8949=ADVANCED_FACE('',(#682),#8549,.T.);
#8950=ADVANCED_FACE('',(#683),#8550,.T.);
#8951=ADVANCED_FACE('',(#684),#8551,.T.);
#8952=ADVANCED_FACE('',(#685),#8552,.T.);
#8953=ADVANCED_FACE('',(#686),#8553,.F.);
#8954=ADVANCED_FACE('',(#687),#8554,.F.);
#8955=ADVANCED_FACE('',(#688),#8555,.T.);
#8956=ADVANCED_FACE('',(#689),#8556,.T.);
#8957=ADVANCED_FACE('',(#690),#63,.F.);
#8958=ADVANCED_FACE('',(#691),#64,.F.);
#8959=ADVANCED_FACE('',(#692),#8557,.F.);
#8960=ADVANCED_FACE('',(#693),#8558,.F.);
#8961=ADVANCED_FACE('',(#694),#65,.F.);
#8962=ADVANCED_FACE('',(#695),#66,.F.);
#8963=ADVANCED_FACE('',(#696),#47,.T.);
#8964=ADVANCED_FACE('',(#697),#48,.T.);
#8965=ADVANCED_FACE('',(#698),#49,.T.);
#8966=ADVANCED_FACE('',(#699),#50,.T.);
#8967=ADVANCED_FACE('',(#700),#67,.T.);
#8968=ADVANCED_FACE('',(#701),#8559,.F.);
#8969=ADVANCED_FACE('',(#702),#51,.T.);
#8970=ADVANCED_FACE('',(#703),#52,.T.);
#8971=ADVANCED_FACE('',(#704),#53,.T.);
#8972=ADVANCED_FACE('',(#705),#54,.T.);
#8973=ADVANCED_FACE('',(#706),#68,.T.);
#8974=ADVANCED_FACE('',(#707),#8560,.T.);
#8975=ADVANCED_FACE('',(#708),#37,.T.);
#8976=ADVANCED_FACE('',(#709),#69,.T.);
#8977=ADVANCED_FACE('',(#710),#38,.T.);
#8978=ADVANCED_FACE('',(#711),#70,.T.);
#8979=ADVANCED_FACE('',(#712),#71,.T.);
#8980=ADVANCED_FACE('',(#713),#72,.T.);
#8981=ADVANCED_FACE('',(#714,#257,#258,#259,#260,#261),#8561,.T.);
#8982=ADVANCED_FACE('',(#715),#29,.F.);
#8983=ADVANCED_FACE('',(#716),#73,.T.);
#8984=ADVANCED_FACE('',(#717),#8562,.F.);
#8985=ADVANCED_FACE('',(#718),#74,.T.);
#8986=ADVANCED_FACE('',(#719),#30,.F.);
#8987=ADVANCED_FACE('',(#720),#75,.T.);
#8988=ADVANCED_FACE('',(#721),#8563,.F.);
#8989=ADVANCED_FACE('',(#722),#76,.T.);
#8990=ADVANCED_FACE('',(#723),#31,.F.);
#8991=ADVANCED_FACE('',(#724),#77,.T.);
#8992=ADVANCED_FACE('',(#725),#8564,.F.);
#8993=ADVANCED_FACE('',(#726),#78,.T.);
#8994=ADVANCED_FACE('',(#727),#32,.F.);
#8995=ADVANCED_FACE('',(#728),#79,.T.);
#8996=ADVANCED_FACE('',(#729),#33,.F.);
#8997=ADVANCED_FACE('',(#730),#80,.T.);
#8998=ADVANCED_FACE('',(#731),#8565,.F.);
#8999=ADVANCED_FACE('',(#732),#81,.T.);
#9000=ADVANCED_FACE('',(#733),#34,.F.);
#9001=ADVANCED_FACE('',(#734),#82,.T.);
#9002=ADVANCED_FACE('',(#735),#8566,.F.);
#9003=ADVANCED_FACE('',(#736),#83,.T.);
#9004=ADVANCED_FACE('',(#737),#35,.F.);
#9005=ADVANCED_FACE('',(#738),#84,.T.);
#9006=ADVANCED_FACE('',(#739),#8567,.F.);
#9007=ADVANCED_FACE('',(#740),#85,.T.);
#9008=ADVANCED_FACE('',(#741),#36,.F.);
#9009=ADVANCED_FACE('',(#742),#86,.T.);
#9010=ADVANCED_FACE('',(#743),#8568,.F.);
#9011=ADVANCED_FACE('',(#744),#87,.T.);
#9012=ADVANCED_FACE('',(#745),#8569,.F.);
#9013=ADVANCED_FACE('',(#746),#8570,.F.);
#9014=ADVANCED_FACE('',(#747),#8571,.F.);
#9015=ADVANCED_FACE('',(#748),#8572,.T.);
#9016=ADVANCED_FACE('',(#749),#8573,.T.);
#9017=ADVANCED_FACE('',(#750),#8574,.T.);
#9018=ADVANCED_FACE('',(#751),#88,.T.);
#9019=ADVANCED_FACE('',(#752),#20,.F.);
#9020=ADVANCED_FACE('',(#753),#89,.F.);
#9021=ADVANCED_FACE('',(#754),#21,.F.);
#9022=ADVANCED_FACE('',(#755),#22,.F.);
#9023=ADVANCED_FACE('',(#756),#23,.F.);
#9024=ADVANCED_FACE('',(#757),#24,.F.);
#9025=ADVANCED_FACE('',(#758),#8575,.T.);
#9026=ADVANCED_FACE('',(#759,#262),#8576,.T.);
#9027=ADVANCED_FACE('',(#760),#8577,.F.);
#9028=ADVANCED_FACE('',(#761),#8578,.F.);
#9029=ADVANCED_FACE('',(#762,#263),#8579,.F.);
#9030=ADVANCED_FACE('',(#763,#264),#8580,.F.);
#9031=ADVANCED_FACE('',(#764,#265),#8581,.F.);
#9032=ADVANCED_FACE('',(#765,#266),#8582,.F.);
#9033=ADVANCED_FACE('',(#766),#90,.T.);
#9034=ADVANCED_FACE('',(#767),#91,.F.);
#9035=ADVANCED_FACE('',(#768,#267),#8583,.T.);
#9036=ADVANCED_FACE('',(#769,#268),#8584,.T.);
#9037=ADVANCED_FACE('',(#770),#8585,.F.);
#9038=ADVANCED_FACE('',(#771),#8586,.F.);
#9039=ADVANCED_FACE('',(#772),#92,.F.);
#9040=ADVANCED_FACE('',(#773),#8587,.F.);
#9041=ADVANCED_FACE('',(#774),#8588,.F.);
#9042=ADVANCED_FACE('',(#775),#93,.F.);
#9043=ADVANCED_FACE('',(#776),#8589,.F.);
#9044=ADVANCED_FACE('',(#777),#8590,.F.);
#9045=ADVANCED_FACE('',(#778),#94,.F.);
#9046=ADVANCED_FACE('',(#779),#8591,.F.);
#9047=ADVANCED_FACE('',(#780),#8592,.F.);
#9048=ADVANCED_FACE('',(#781),#95,.F.);
#9049=ADVANCED_FACE('',(#782,#269),#8593,.T.);
#9050=ADVANCED_FACE('',(#783,#270),#8594,.T.);
#9051=ADVANCED_FACE('',(#784,#271),#8595,.T.);
#9052=ADVANCED_FACE('',(#785,#272),#8596,.T.);
#9053=ADVANCED_FACE('',(#786),#96,.T.);
#9054=ADVANCED_FACE('',(#787,#273),#8597,.T.);
#9055=ADVANCED_FACE('',(#788,#274),#8598,.T.);
#9056=ADVANCED_FACE('',(#789,#275),#8599,.T.);
#9057=ADVANCED_FACE('',(#790,#276),#8600,.T.);
#9058=ADVANCED_FACE('',(#791),#97,.T.);
#9059=ADVANCED_FACE('',(#792),#98,.F.);
#9060=ADVANCED_FACE('',(#793),#8601,.F.);
#9061=ADVANCED_FACE('',(#794),#8602,.F.);
#9062=ADVANCED_FACE('',(#795),#8603,.F.);
#9063=ADVANCED_FACE('',(#796),#8604,.F.);
#9064=ADVANCED_FACE('',(#797),#8605,.F.);
#9065=ADVANCED_FACE('',(#798),#8606,.F.);
#9066=ADVANCED_FACE('',(#799,#277),#8607,.T.);
#9067=ADVANCED_FACE('',(#800),#8608,.F.);
#9068=ADVANCED_FACE('',(#801),#8609,.F.);
#9069=ADVANCED_FACE('',(#802),#8610,.F.);
#9070=ADVANCED_FACE('',(#803),#8611,.F.);
#9071=ADVANCED_FACE('',(#804),#8612,.F.);
#9072=ADVANCED_FACE('',(#805),#8613,.F.);
#9073=ADVANCED_FACE('',(#806,#278),#8614,.T.);
#9074=ADVANCED_FACE('',(#807),#8615,.F.);
#9075=ADVANCED_FACE('',(#808),#8616,.F.);
#9076=ADVANCED_FACE('',(#809),#8617,.F.);
#9077=ADVANCED_FACE('',(#810),#8618,.F.);
#9078=ADVANCED_FACE('',(#811),#8619,.F.);
#9079=ADVANCED_FACE('',(#812),#8620,.F.);
#9080=ADVANCED_FACE('',(#813,#279),#8621,.T.);
#9081=ADVANCED_FACE('',(#814),#8622,.F.);
#9082=ADVANCED_FACE('',(#815),#8623,.F.);
#9083=ADVANCED_FACE('',(#816),#8624,.F.);
#9084=ADVANCED_FACE('',(#817),#8625,.F.);
#9085=ADVANCED_FACE('',(#818),#8626,.F.);
#9086=ADVANCED_FACE('',(#819),#8627,.F.);
#9087=ADVANCED_FACE('',(#820,#280),#8628,.T.);
#9088=ADVANCED_FACE('',(#821),#99,.T.);
#9089=ADVANCED_FACE('',(#822),#100,.F.);
#9090=ADVANCED_FACE('',(#823),#101,.T.);
#9091=ADVANCED_FACE('',(#824),#102,.F.);
#9092=ADVANCED_FACE('',(#825),#103,.T.);
#9093=ADVANCED_FACE('',(#826),#104,.F.);
#9094=ADVANCED_FACE('',(#827,#281),#8629,.T.);
#9095=ADVANCED_FACE('',(#828,#282),#8630,.T.);
#9096=ADVANCED_FACE('',(#829,#283),#8631,.T.);
#9097=ADVANCED_FACE('',(#830,#284),#8632,.T.);
#9098=ADVANCED_FACE('',(#831,#285),#8633,.F.);
#9099=ADVANCED_FACE('',(#832,#286),#8634,.F.);
#9100=ADVANCED_FACE('',(#833,#287),#8635,.F.);
#9101=ADVANCED_FACE('',(#834,#288),#8636,.F.);
#9102=ADVANCED_FACE('',(#835,#289,#290,#291,#292,#293),#8637,.T.);
#9103=ADVANCED_FACE('',(#836),#105,.F.);
#9104=ADVANCED_FACE('',(#837),#106,.F.);
#9105=ADVANCED_FACE('',(#838),#107,.F.);
#9106=ADVANCED_FACE('',(#839),#108,.F.);
#9107=ADVANCED_FACE('',(#840),#8638,.T.);
#9108=ADVANCED_FACE('',(#841),#55,.T.);
#9109=ADVANCED_FACE('',(#842),#8639,.T.);
#9110=ADVANCED_FACE('',(#843),#56,.T.);
#9111=ADVANCED_FACE('',(#844),#8640,.T.);
#9112=ADVANCED_FACE('',(#845),#57,.T.);
#9113=ADVANCED_FACE('',(#846),#8641,.T.);
#9114=ADVANCED_FACE('',(#847),#58,.T.);
#9115=ADVANCED_FACE('',(#848),#8642,.T.);
#9116=ADVANCED_FACE('',(#849),#59,.T.);
#9117=ADVANCED_FACE('',(#850),#8643,.T.);
#9118=ADVANCED_FACE('',(#851),#60,.T.);
#9119=ADVANCED_FACE('',(#852),#8644,.T.);
#9120=ADVANCED_FACE('',(#853),#61,.T.);
#9121=ADVANCED_FACE('',(#854),#8645,.T.);
#9122=ADVANCED_FACE('',(#855),#62,.T.);
#9123=ADVANCED_FACE('',(#856,#294),#8646,.F.);
#9124=ADVANCED_FACE('',(#857),#109,.F.);
#9125=ADVANCED_FACE('',(#858),#8647,.T.);
#9126=ADVANCED_FACE('',(#859),#110,.F.);
#9127=ADVANCED_FACE('',(#860),#8648,.T.);
#9128=ADVANCED_FACE('',(#861),#111,.F.);
#9129=ADVANCED_FACE('',(#862),#8649,.T.);
#9130=ADVANCED_FACE('',(#863),#112,.F.);
#9131=ADVANCED_FACE('',(#864),#8650,.T.);
#9132=ADVANCED_FACE('',(#865),#113,.T.);
#9133=ADVANCED_FACE('',(#866,#295),#8651,.T.);
#9134=ADVANCED_FACE('',(#867,#296),#8652,.T.);
#9135=ADVANCED_FACE('',(#868,#297),#8653,.F.);
#9136=ADVANCED_FACE('',(#869),#8654,.F.);
#9137=ADVANCED_FACE('',(#870),#8655,.F.);
#9138=ADVANCED_FACE('',(#871),#8656,.F.);
#9139=ADVANCED_FACE('',(#872),#8657,.F.);
#9140=ADVANCED_FACE('',(#873),#8658,.T.);
#9141=ADVANCED_FACE('',(#874),#8659,.T.);
#9142=ADVANCED_FACE('',(#875),#8660,.T.);
#9143=ADVANCED_FACE('',(#876),#8661,.T.);
#9144=ADVANCED_FACE('',(#877),#114,.F.);
#9145=ADVANCED_FACE('',(#878),#25,.F.);
#9146=ADVANCED_FACE('',(#879),#115,.F.);
#9147=ADVANCED_FACE('',(#880),#26,.F.);
#9148=ADVANCED_FACE('',(#881),#116,.F.);
#9149=ADVANCED_FACE('',(#882),#27,.F.);
#9150=ADVANCED_FACE('',(#883),#117,.F.);
#9151=ADVANCED_FACE('',(#884),#28,.F.);
#9152=ADVANCED_FACE('',(#885),#8662,.T.);
#9153=ADVANCED_FACE('',(#886),#8663,.T.);
#9154=ADVANCED_FACE('',(#887),#8664,.T.);
#9155=ADVANCED_FACE('',(#888),#8665,.T.);
#9156=ADVANCED_FACE('',(#889),#8666,.F.);
#9157=ADVANCED_FACE('',(#890),#8667,.F.);
#9158=ADVANCED_FACE('',(#891),#8668,.F.);
#9159=ADVANCED_FACE('',(#892),#8669,.F.);
#9160=ADVANCED_FACE('',(#893),#118,.T.);
#9161=ADVANCED_FACE('',(#894),#119,.T.);
#9162=ADVANCED_FACE('',(#895),#120,.T.);
#9163=ADVANCED_FACE('',(#896),#121,.T.);
#9164=ADVANCED_FACE('',(#897),#122,.T.);
#9165=ADVANCED_FACE('',(#898),#123,.T.);
#9166=ADVANCED_FACE('',(#899),#124,.T.);
#9167=ADVANCED_FACE('',(#900),#125,.T.);
#9168=ADVANCED_FACE('',(#901),#126,.T.);
#9169=ADVANCED_FACE('',(#902),#127,.T.);
#9170=ADVANCED_FACE('',(#903),#128,.T.);
#9171=ADVANCED_FACE('',(#904),#39,.T.);
#9172=ADVANCED_FACE('',(#905),#129,.T.);
#9173=ADVANCED_FACE('',(#906),#40,.T.);
#9174=ADVANCED_FACE('',(#907),#130,.T.);
#9175=ADVANCED_FACE('',(#908),#131,.T.);
#9176=ADVANCED_FACE('',(#909),#132,.T.);
#9177=ADVANCED_FACE('',(#910),#41,.T.);
#9178=ADVANCED_FACE('',(#911),#133,.T.);
#9179=ADVANCED_FACE('',(#912),#42,.T.);
#9180=ADVANCED_FACE('',(#913),#134,.T.);
#9181=ADVANCED_FACE('',(#914),#135,.T.);
#9182=ADVANCED_FACE('',(#915),#136,.T.);
#9183=ADVANCED_FACE('',(#916),#43,.T.);
#9184=ADVANCED_FACE('',(#917),#137,.T.);
#9185=ADVANCED_FACE('',(#918),#44,.T.);
#9186=ADVANCED_FACE('',(#919),#138,.T.);
#9187=ADVANCED_FACE('',(#920),#139,.T.);
#9188=ADVANCED_FACE('',(#921),#140,.T.);
#9189=ADVANCED_FACE('',(#922),#45,.T.);
#9190=ADVANCED_FACE('',(#923),#141,.T.);
#9191=ADVANCED_FACE('',(#924),#46,.T.);
#9192=ADVANCED_FACE('',(#925,#298),#8670,.T.);
#9193=ADVANCED_FACE('',(#926),#142,.T.);
#9194=ADVANCED_FACE('',(#927),#143,.F.);
#9195=ADVANCED_FACE('',(#928),#8671,.T.);
#9196=ADVANCED_FACE('',(#929),#8672,.T.);
#9197=ADVANCED_FACE('',(#930),#8673,.T.);
#9198=ADVANCED_FACE('',(#931),#8674,.T.);
#9199=ADVANCED_FACE('',(#932),#8675,.T.);
#9200=ADVANCED_FACE('',(#933),#8676,.T.);
#9201=ADVANCED_FACE('',(#934),#8677,.T.);
#9202=ADVANCED_FACE('',(#935),#8678,.T.);
#9203=ADVANCED_FACE('',(#936),#8679,.T.);
#9204=ADVANCED_FACE('',(#937),#8680,.T.);
#9205=ADVANCED_FACE('',(#938),#8681,.T.);
#9206=ADVANCED_FACE('',(#939),#8682,.T.);
#9207=ADVANCED_FACE('',(#940),#8683,.T.);
#9208=ADVANCED_FACE('',(#941),#144,.T.);
#9209=ADVANCED_FACE('',(#942),#8684,.F.);
#9210=ADVANCED_FACE('',(#943),#8685,.F.);
#9211=ADVANCED_FACE('',(#944),#145,.T.);
#9212=ADVANCED_FACE('',(#945),#8686,.F.);
#9213=ADVANCED_FACE('',(#946),#146,.T.);
#9214=ADVANCED_FACE('',(#947),#8687,.T.);
#9215=ADVANCED_FACE('',(#948),#147,.T.);
#9216=ADVANCED_FACE('',(#949),#148,.T.);
#9217=ADVANCED_FACE('',(#950),#8688,.T.);
#9218=ADVANCED_FACE('',(#951),#149,.T.);
#9219=ADVANCED_FACE('',(#952),#8689,.F.);
#9220=ADVANCED_FACE('',(#953),#150,.T.);
#9221=ADVANCED_FACE('',(#954),#151,.T.);
#9222=ADVANCED_FACE('',(#955),#152,.F.);
#9223=ADVANCED_FACE('',(#956),#153,.F.);
#9224=ADVANCED_FACE('',(#957),#154,.F.);
#9225=ADVANCED_FACE('',(#958),#155,.F.);
#9226=ADVANCED_FACE('',(#959),#156,.F.);
#9227=ADVANCED_FACE('',(#960),#8690,.F.);
#9228=ADVANCED_FACE('',(#961),#8691,.F.);
#9229=ADVANCED_FACE('',(#962),#8692,.T.);
#9230=ADVANCED_FACE('',(#963),#8693,.T.);
#9231=ADVANCED_FACE('',(#964),#8694,.T.);
#9232=ADVANCED_FACE('',(#965),#8695,.T.);
#9233=ADVANCED_FACE('',(#966),#8696,.T.);
#9234=ADVANCED_FACE('',(#967),#8697,.T.);
#9235=ADVANCED_FACE('',(#968),#8698,.T.);
#9236=ADVANCED_FACE('',(#969),#8699,.T.);
#9237=ADVANCED_FACE('',(#970),#8700,.T.);
#9238=ADVANCED_FACE('',(#971),#8701,.T.);
#9239=ADVANCED_FACE('',(#972),#8702,.T.);
#9240=ADVANCED_FACE('',(#973),#8703,.T.);
#9241=ADVANCED_FACE('',(#974),#8704,.T.);
#9242=ADVANCED_FACE('',(#975),#8705,.T.);
#9243=ADVANCED_FACE('',(#976),#8706,.T.);
#9244=ADVANCED_FACE('',(#977),#8707,.T.);
#9245=ADVANCED_FACE('',(#978),#8708,.T.);
#9246=ADVANCED_FACE('',(#979),#8709,.T.);
#9247=ADVANCED_FACE('',(#980),#8710,.T.);
#9248=ADVANCED_FACE('',(#981),#8711,.T.);
#9249=ADVANCED_FACE('',(#982),#8712,.T.);
#9250=ADVANCED_FACE('',(#983),#8713,.T.);
#9251=ADVANCED_FACE('',(#984),#8714,.T.);
#9252=ADVANCED_FACE('',(#985),#8715,.T.);
#9253=ADVANCED_FACE('',(#986),#8716,.T.);
#9254=ADVANCED_FACE('',(#987),#8717,.T.);
#9255=ADVANCED_FACE('',(#988),#8718,.T.);
#9256=ADVANCED_FACE('',(#989),#8719,.T.);
#9257=ADVANCED_FACE('',(#990),#8720,.T.);
#9258=ADVANCED_FACE('',(#991),#8721,.T.);
#9259=ADVANCED_FACE('',(#992),#8722,.T.);
#9260=ADVANCED_FACE('',(#993),#8723,.T.);
#9261=ADVANCED_FACE('',(#994),#8724,.T.);
#9262=ADVANCED_FACE('',(#995),#8725,.T.);
#9263=ADVANCED_FACE('',(#996),#8726,.T.);
#9264=ADVANCED_FACE('',(#997),#8727,.T.);
#9265=ADVANCED_FACE('',(#998),#8728,.T.);
#9266=ADVANCED_FACE('',(#999),#8729,.T.);
#9267=ADVANCED_FACE('',(#1000),#8730,.T.);
#9268=ADVANCED_FACE('',(#1001),#8731,.T.);
#9269=ADVANCED_FACE('',(#1002),#8732,.T.);
#9270=ADVANCED_FACE('',(#1003),#8733,.T.);
#9271=ADVANCED_FACE('',(#1004),#8734,.T.);
#9272=ADVANCED_FACE('',(#1005),#8735,.T.);
#9273=ADVANCED_FACE('',(#1006),#8736,.T.);
#9274=ADVANCED_FACE('',(#1007),#8737,.T.);
#9275=ADVANCED_FACE('',(#1008),#8738,.T.);
#9276=ADVANCED_FACE('',(#1009),#8739,.T.);
#9277=ADVANCED_FACE('',(#1010),#8740,.T.);
#9278=ADVANCED_FACE('',(#1011),#8741,.T.);
#9279=ADVANCED_FACE('',(#1012),#8742,.T.);
#9280=ADVANCED_FACE('',(#1013),#8743,.T.);
#9281=ADVANCED_FACE('',(#1014),#8744,.T.);
#9282=ADVANCED_FACE('',(#1015),#8745,.T.);
#9283=ADVANCED_FACE('',(#1016),#8746,.T.);
#9284=ADVANCED_FACE('',(#1017),#8747,.T.);
#9285=ADVANCED_FACE('',(#1018),#8748,.T.);
#9286=ADVANCED_FACE('',(#1019),#8749,.T.);
#9287=ADVANCED_FACE('',(#1020),#8750,.T.);
#9288=ADVANCED_FACE('',(#1021),#8751,.T.);
#9289=ADVANCED_FACE('',(#1022),#8752,.T.);
#9290=ADVANCED_FACE('',(#1023),#8753,.T.);
#9291=ADVANCED_FACE('',(#1024),#8754,.F.);
#9292=ADVANCED_FACE('',(#1025),#8755,.F.);
#9293=ADVANCED_FACE('',(#1026),#8756,.F.);
#9294=ADVANCED_FACE('',(#1027),#8757,.F.);
#9295=ADVANCED_FACE('',(#1028),#8758,.F.);
#9296=ADVANCED_FACE('',(#1029),#8759,.F.);
#9297=ADVANCED_FACE('',(#1030),#8760,.F.);
#9298=ADVANCED_FACE('',(#1031),#8761,.T.);
#9299=ADVANCED_FACE('',(#1032),#8762,.F.);
#9300=ADVANCED_FACE('',(#1033),#8763,.F.);
#9301=ADVANCED_FACE('',(#1034),#8764,.F.);
#9302=ADVANCED_FACE('',(#1035),#8765,.F.);
#9303=ADVANCED_FACE('',(#1036),#8766,.F.);
#9304=ADVANCED_FACE('',(#1037),#8767,.F.);
#9305=ADVANCED_FACE('',(#1038),#8768,.T.);
#9306=ADVANCED_FACE('',(#1039),#8769,.T.);
#9307=ADVANCED_FACE('',(#1040),#8770,.T.);
#9308=ADVANCED_FACE('',(#1041),#8771,.T.);
#9309=ADVANCED_FACE('',(#1042),#8772,.F.);
#9310=ADVANCED_FACE('',(#1043),#8773,.F.);
#9311=ADVANCED_FACE('',(#1044),#8774,.F.);
#9312=ADVANCED_FACE('',(#1045),#8775,.F.);
#9313=ADVANCED_FACE('',(#1046),#8776,.F.);
#9314=ADVANCED_FACE('',(#1047),#8777,.F.);
#9315=ADVANCED_FACE('',(#1048),#8778,.F.);
#9316=ADVANCED_FACE('',(#1049),#8779,.F.);
#9317=ADVANCED_FACE('',(#1050),#8780,.F.);
#9318=ADVANCED_FACE('',(#1051),#8781,.F.);
#9319=ADVANCED_FACE('',(#1052,#299,#300,#301,#302,#303,#304),#8782,.F.);
#9320=ADVANCED_FACE('',(#1053),#563,.T.);
#9321=ADVANCED_FACE('',(#1054),#8783,.T.);
#9322=ADVANCED_FACE('',(#1055),#8784,.T.);
#9323=ADVANCED_FACE('',(#1056),#8785,.T.);
#9324=ADVANCED_FACE('',(#1057),#8786,.T.);
#9325=ADVANCED_FACE('',(#1058),#8787,.F.);
#9326=ADVANCED_FACE('',(#1059),#8788,.T.);
#9327=ADVANCED_FACE('',(#1060),#8789,.F.);
#9328=ADVANCED_FACE('',(#1061),#8790,.T.);
#9329=ADVANCED_FACE('',(#1062),#8791,.T.);
#9330=ADVANCED_FACE('',(#1063),#8792,.T.);
#9331=ADVANCED_FACE('',(#1064),#8793,.T.);
#9332=ADVANCED_FACE('',(#1065),#8794,.T.);
#9333=ADVANCED_FACE('',(#1066),#8795,.T.);
#9334=ADVANCED_FACE('',(#1067),#8796,.F.);
#9335=ADVANCED_FACE('',(#1068),#8797,.F.);
#9336=ADVANCED_FACE('',(#1069),#8798,.T.);
#9337=ADVANCED_FACE('',(#1070),#8799,.T.);
#9338=ADVANCED_FACE('',(#1071),#564,.T.);
#9339=ADVANCED_FACE('',(#1072),#8800,.T.);
#9340=ADVANCED_FACE('',(#1073),#8801,.T.);
#9341=ADVANCED_FACE('',(#1074),#8802,.T.);
#9342=ADVANCED_FACE('',(#1075),#8803,.T.);
#9343=ADVANCED_FACE('',(#1076),#8804,.F.);
#9344=ADVANCED_FACE('',(#1077),#8805,.T.);
#9345=ADVANCED_FACE('',(#1078),#8806,.F.);
#9346=ADVANCED_FACE('',(#1079),#8807,.T.);
#9347=ADVANCED_FACE('',(#1080),#8808,.T.);
#9348=ADVANCED_FACE('',(#1081),#8809,.T.);
#9349=ADVANCED_FACE('',(#1082),#8810,.T.);
#9350=ADVANCED_FACE('',(#1083),#8811,.T.);
#9351=ADVANCED_FACE('',(#1084),#8812,.T.);
#9352=ADVANCED_FACE('',(#1085),#8813,.F.);
#9353=ADVANCED_FACE('',(#1086),#8814,.F.);
#9354=ADVANCED_FACE('',(#1087),#8815,.T.);
#9355=ADVANCED_FACE('',(#1088),#8816,.T.);
#9356=ADVANCED_FACE('',(#1089),#565,.T.);
#9357=ADVANCED_FACE('',(#1090),#8817,.T.);
#9358=ADVANCED_FACE('',(#1091),#8818,.T.);
#9359=ADVANCED_FACE('',(#1092),#8819,.T.);
#9360=ADVANCED_FACE('',(#1093),#8820,.T.);
#9361=ADVANCED_FACE('',(#1094),#8821,.F.);
#9362=ADVANCED_FACE('',(#1095),#8822,.T.);
#9363=ADVANCED_FACE('',(#1096),#8823,.F.);
#9364=ADVANCED_FACE('',(#1097),#8824,.T.);
#9365=ADVANCED_FACE('',(#1098),#8825,.T.);
#9366=ADVANCED_FACE('',(#1099),#8826,.T.);
#9367=ADVANCED_FACE('',(#1100),#8827,.T.);
#9368=ADVANCED_FACE('',(#1101),#8828,.T.);
#9369=ADVANCED_FACE('',(#1102),#8829,.T.);
#9370=ADVANCED_FACE('',(#1103),#8830,.F.);
#9371=ADVANCED_FACE('',(#1104),#8831,.F.);
#9372=ADVANCED_FACE('',(#1105),#8832,.T.);
#9373=ADVANCED_FACE('',(#1106),#8833,.T.);
#9374=ADVANCED_FACE('',(#1107),#8834,.F.);
#9375=ADVANCED_FACE('',(#1108),#8835,.T.);
#9376=ADVANCED_FACE('',(#1109),#8836,.T.);
#9377=ADVANCED_FACE('',(#1110,#305),#8837,.F.);
#9378=ADVANCED_FACE('',(#1111),#157,.T.);
#9379=ADVANCED_FACE('',(#1112),#158,.T.);
#9380=ADVANCED_FACE('',(#1113),#8838,.T.);
#9381=CLOSED_SHELL('',(#8839,#8840,#8841,#8842,#8843,#8844));
#9382=CLOSED_SHELL('',(#8845,#8846,#8847,#8848,#8849,#8850));
#9383=CLOSED_SHELL('',(#8851,#8852,#8853,#8854,#8855,#8856));
#9384=CLOSED_SHELL('',(#8857,#8858,#8859,#8860,#8861,#8862));
#9385=CLOSED_SHELL('',(#8863,#8864,#8865,#8866,#8867,#8868));
#9386=CLOSED_SHELL('',(#8869,#8870,#8871,#8872,#8873,#8874));
#9387=CLOSED_SHELL('',(#8875,#8876,#8877,#8878,#8879,#8880,#8881,#8882,
#8883,#8884,#8885,#8886,#8887,#8888,#8889,#8890,#8891,#8892,#8893,#8894,
#8895,#8896,#8897,#8898,#8899,#8900,#8901,#8902,#8903,#8904,#8905,#8906,
#8907,#8908,#8909,#8910,#8911,#8912,#8913,#8914,#8915,#8916,#8917,#8918,
#8919,#8920,#8921,#8922,#8923,#8924,#8925,#8926,#8927,#8928,#8929,#8930,
#8931,#8932,#8933,#8934,#8935,#8936,#8937,#8938,#8939,#8940,#8941,#8942,
#8943,#8944,#8945,#8946,#8947,#8948,#8949,#8950,#8951,#8952,#8953,#8954,
#8955,#8956,#8957,#8958,#8959,#8960,#8961,#8962,#8963,#8964,#8965,#8966,
#8967,#8968,#8969,#8970,#8971,#8972,#8973,#8974,#8975,#8976,#8977,#8978,
#8979,#8980,#8981,#8982,#8983,#8984,#8985,#8986,#8987,#8988,#8989,#8990,
#8991,#8992,#8993,#8994,#8995,#8996,#8997,#8998,#8999,#9000,#9001,#9002,
#9003,#9004,#9005,#9006,#9007,#9008,#9009,#9010,#9011,#9012,#9013,#9014,
#9015,#9016,#9017,#9018,#9019,#9020,#9021,#9022,#9023,#9024,#9025,#9026,
#9027,#9028,#9029,#9030,#9031,#9032,#9033,#9034,#9035,#9036,#9037,#9038,
#9039,#9040,#9041,#9042,#9043,#9044,#9045,#9046,#9047,#9048,#9049,#9050,
#9051,#9052,#9053,#9054,#9055,#9056,#9057,#9058,#9059,#9060,#9061,#9062,
#9063,#9064,#9065,#9066,#9067,#9068,#9069,#9070,#9071,#9072,#9073,#9074,
#9075,#9076,#9077,#9078,#9079,#9080,#9081,#9082,#9083,#9084,#9085,#9086,
#9087,#9088,#9089,#9090,#9091,#9092,#9093,#9094,#9095,#9096,#9097,#9098,
#9099,#9100,#9101,#9102,#9103,#9104,#9105,#9106,#9107,#9108,#9109,#9110,
#9111,#9112,#9113,#9114,#9115,#9116,#9117,#9118,#9119,#9120,#9121,#9122,
#9123,#9124,#9125,#9126,#9127,#9128,#9129,#9130,#9131,#9132,#9133,#9134,
#9135,#9136,#9137,#9138,#9139,#9140,#9141,#9142,#9143,#9144,#9145,#9146,
#9147,#9148,#9149,#9150,#9151,#9152,#9153,#9154,#9155,#9156,#9157,#9158,
#9159,#9160,#9161,#9162,#9163,#9164,#9165,#9166,#9167,#9168,#9169,#9170,
#9171,#9172,#9173,#9174,#9175,#9176,#9177,#9178,#9179,#9180,#9181,#9182,
#9183,#9184,#9185,#9186,#9187,#9188,#9189,#9190,#9191,#9192,#9193,#9194,
#9195,#9196,#9197,#9198,#9199,#9200,#9201,#9202,#9203,#9204,#9205,#9206,
#9207,#9208,#9209,#9210,#9211,#9212,#9213,#9214,#9215,#9216,#9217,#9218,
#9219,#9220,#9221,#9222,#9223,#9224,#9225,#9226,#9227,#9228,#9229,#9230,
#9231,#9232,#9233,#9234,#9235,#9236,#9237,#9238,#9239,#9240,#9241,#9242,
#9243,#9244,#9245,#9246,#9247,#9248,#9249,#9250,#9251,#9252,#9253,#9254,
#9255,#9256,#9257,#9258,#9259,#9260,#9261,#9262,#9263,#9264,#9265,#9266,
#9267,#9268,#9269,#9270,#9271,#9272,#9273,#9274,#9275,#9276,#9277,#9278,
#9279,#9280,#9281,#9282,#9283,#9284,#9285,#9286,#9287,#9288,#9289,#9290,
#9291,#9292,#9293,#9294,#9295,#9296,#9297,#9298,#9299,#9300,#9301,#9302,
#9303,#9304,#9305,#9306,#9307,#9308,#9309,#9310,#9311,#9312,#9313,#9314,
#9315,#9316,#9317,#9318,#9319,#9320,#9321,#9322,#9323,#9324,#9325,#9326,
#9327,#9328,#9329,#9330,#9331,#9332,#9333,#9334,#9335,#9336,#9337,#9338,
#9339,#9340,#9341,#9342,#9343,#9344,#9345,#9346,#9347,#9348,#9349,#9350,
#9351,#9352,#9353,#9354,#9355,#9356,#9357,#9358,#9359,#9360,#9361,#9362,
#9363,#9364,#9365,#9366,#9367,#9368,#9369,#9370,#9371,#9372,#9373));
#9388=CLOSED_SHELL('',(#9374,#9375,#9376,#9377,#9378,#9379,#9380));
#9389=BREP_WITH_VOIDS('\X2\5B9E4F53\X0\1',#9387,(#566,#567,#568,#569,#570,
#571));
#9390=DERIVED_UNIT_ELEMENT(#9392,1.);
#9391=DERIVED_UNIT_ELEMENT(#16405,-3.);
#9392=(
MASS_UNIT()
NAMED_UNIT(*)
SI_UNIT(.KILO.,.GRAM.)
);
#9393=DERIVED_UNIT((#9390,#9391));
#9394=MEASURE_REPRESENTATION_ITEM('density measure',
POSITIVE_RATIO_MEASURE(7850.),#9393);
#9395=PROPERTY_DEFINITION_REPRESENTATION(#9400,#9397);
#9396=PROPERTY_DEFINITION_REPRESENTATION(#9401,#9398);
#9397=REPRESENTATION('material name',(#9399),#16402);
#9398=REPRESENTATION('density',(#9394),#16402);
#9399=DESCRIPTIVE_REPRESENTATION_ITEM('\X2\94A2\X0\','\X2\94A2\X0\');
#9400=PROPERTY_DEFINITION('material property','material name',#16412);
#9401=PROPERTY_DEFINITION('material property','density of part',#16412);
#9402=AXIS2_PLACEMENT_3D('',#12808,#10213,#10214);
#9403=AXIS2_PLACEMENT_3D('',#12809,#10215,#10216);
#9404=AXIS2_PLACEMENT_3D('',#12818,#10221,#10222);
#9405=AXIS2_PLACEMENT_3D('',#12824,#10226,#10227);
#9406=AXIS2_PLACEMENT_3D('',#12830,#10231,#10232);
#9407=AXIS2_PLACEMENT_3D('',#12833,#10235,#10236);
#9408=AXIS2_PLACEMENT_3D('',#12834,#10237,#10238);
#9409=AXIS2_PLACEMENT_3D('',#12835,#10239,#10240);
#9410=AXIS2_PLACEMENT_3D('',#12844,#10245,#10246);
#9411=AXIS2_PLACEMENT_3D('',#12853,#10251,#10252);
#9412=AXIS2_PLACEMENT_3D('',#12856,#10255,#10256);
#9413=AXIS2_PLACEMENT_3D('',#12858,#10258,#10259);
#9414=AXIS2_PLACEMENT_3D('',#12860,#10261,#10262);
#9415=AXIS2_PLACEMENT_3D('',#12861,#10263,#10264);
#9416=AXIS2_PLACEMENT_3D('',#12870,#10269,#10270);
#9417=AXIS2_PLACEMENT_3D('',#12876,#10274,#10275);
#9418=AXIS2_PLACEMENT_3D('',#12882,#10279,#10280);
#9419=AXIS2_PLACEMENT_3D('',#12885,#10283,#10284);
#9420=AXIS2_PLACEMENT_3D('',#12886,#10285,#10286);
#9421=AXIS2_PLACEMENT_3D('',#12887,#10287,#10288);
#9422=AXIS2_PLACEMENT_3D('',#12896,#10293,#10294);
#9423=AXIS2_PLACEMENT_3D('',#12905,#10299,#10300);
#9424=AXIS2_PLACEMENT_3D('',#12908,#10303,#10304);
#9425=AXIS2_PLACEMENT_3D('',#12910,#10306,#10307);
#9426=AXIS2_PLACEMENT_3D('',#12912,#10309,#10310);
#9427=AXIS2_PLACEMENT_3D('',#12913,#10311,#10312);
#9428=AXIS2_PLACEMENT_3D('',#12922,#10317,#10318);
#9429=AXIS2_PLACEMENT_3D('',#12928,#10322,#10323);
#9430=AXIS2_PLACEMENT_3D('',#12934,#10327,#10328);
#9431=AXIS2_PLACEMENT_3D('',#12937,#10331,#10332);
#9432=AXIS2_PLACEMENT_3D('',#12938,#10333,#10334);
#9433=AXIS2_PLACEMENT_3D('',#12939,#10335,#10336);
#9434=AXIS2_PLACEMENT_3D('',#12948,#10341,#10342);
#9435=AXIS2_PLACEMENT_3D('',#12957,#10347,#10348);
#9436=AXIS2_PLACEMENT_3D('',#12960,#10351,#10352);
#9437=AXIS2_PLACEMENT_3D('',#12962,#10354,#10355);
#9438=AXIS2_PLACEMENT_3D('',#12964,#10357,#10358);
#9439=AXIS2_PLACEMENT_3D('',#12965,#10359,#10360);
#9440=AXIS2_PLACEMENT_3D('',#12967,#10361,#10362);
#9441=AXIS2_PLACEMENT_3D('',#12969,#10363,#10364);
#9442=AXIS2_PLACEMENT_3D('',#12970,#10365,#10366);
#9443=AXIS2_PLACEMENT_3D('',#12971,#10367,#10368);
#9444=AXIS2_PLACEMENT_3D('',#12996,#10381,#10382);
#9445=AXIS2_PLACEMENT_3D('',#13002,#10386,#10387);
#9446=AXIS2_PLACEMENT_3D('',#13006,#10390,#10391);
#9447=AXIS2_PLACEMENT_3D('',#13010,#10394,#10395);
#9448=AXIS2_PLACEMENT_3D('',#13014,#10398,#10399);
#9449=AXIS2_PLACEMENT_3D('',#13018,#10402,#10403);
#9450=AXIS2_PLACEMENT_3D('',#13022,#10406,#10407);
#9451=AXIS2_PLACEMENT_3D('',#13026,#10410,#10411);
#9452=AXIS2_PLACEMENT_3D('',#13030,#10414,#10415);
#9453=AXIS2_PLACEMENT_3D('',#13034,#10418,#10419);
#9454=AXIS2_PLACEMENT_3D('',#13038,#10422,#10423);
#9455=AXIS2_PLACEMENT_3D('',#13042,#10426,#10427);
#9456=AXIS2_PLACEMENT_3D('',#13044,#10429,#10430);
#9457=AXIS2_PLACEMENT_3D('',#13045,#10431,#10432);
#9458=AXIS2_PLACEMENT_3D('',#13048,#10433,#10434);
#9459=AXIS2_PLACEMENT_3D('',#13052,#10436,#10437);
#9460=AXIS2_PLACEMENT_3D('',#13054,#10439,#10440);
#9461=AXIS2_PLACEMENT_3D('',#13056,#10441,#10442);
#9462=AXIS2_PLACEMENT_3D('',#13058,#10443,#10444);
#9463=AXIS2_PLACEMENT_3D('',#13059,#10445,#10446);
#9464=AXIS2_PLACEMENT_3D('',#13060,#10447,#10448);
#9465=AXIS2_PLACEMENT_3D('',#13085,#10461,#10462);
#9466=AXIS2_PLACEMENT_3D('',#13091,#10466,#10467);
#9467=AXIS2_PLACEMENT_3D('',#13095,#10470,#10471);
#9468=AXIS2_PLACEMENT_3D('',#13099,#10474,#10475);
#9469=AXIS2_PLACEMENT_3D('',#13103,#10478,#10479);
#9470=AXIS2_PLACEMENT_3D('',#13107,#10482,#10483);
#9471=AXIS2_PLACEMENT_3D('',#13111,#10486,#10487);
#9472=AXIS2_PLACEMENT_3D('',#13115,#10490,#10491);
#9473=AXIS2_PLACEMENT_3D('',#13119,#10494,#10495);
#9474=AXIS2_PLACEMENT_3D('',#13123,#10498,#10499);
#9475=AXIS2_PLACEMENT_3D('',#13127,#10502,#10503);
#9476=AXIS2_PLACEMENT_3D('',#13131,#10506,#10507);
#9477=AXIS2_PLACEMENT_3D('',#13133,#10509,#10510);
#9478=AXIS2_PLACEMENT_3D('',#13134,#10511,#10512);
#9479=AXIS2_PLACEMENT_3D('',#13137,#10513,#10514);
#9480=AXIS2_PLACEMENT_3D('',#13141,#10516,#10517);
#9481=AXIS2_PLACEMENT_3D('',#13143,#10518,#10519);
#9482=AXIS2_PLACEMENT_3D('',#13145,#10521,#10522);
#9483=AXIS2_PLACEMENT_3D('',#13147,#10523,#10524);
#9484=AXIS2_PLACEMENT_3D('',#13149,#10525,#10526);
#9485=AXIS2_PLACEMENT_3D('',#13150,#10527,#10528);
#9486=AXIS2_PLACEMENT_3D('',#13151,#10529,#10530);
#9487=AXIS2_PLACEMENT_3D('',#13176,#10543,#10544);
#9488=AXIS2_PLACEMENT_3D('',#13182,#10548,#10549);
#9489=AXIS2_PLACEMENT_3D('',#13186,#10552,#10553);
#9490=AXIS2_PLACEMENT_3D('',#13190,#10556,#10557);
#9491=AXIS2_PLACEMENT_3D('',#13194,#10560,#10561);
#9492=AXIS2_PLACEMENT_3D('',#13198,#10564,#10565);
#9493=AXIS2_PLACEMENT_3D('',#13202,#10568,#10569);
#9494=AXIS2_PLACEMENT_3D('',#13206,#10572,#10573);
#9495=AXIS2_PLACEMENT_3D('',#13210,#10576,#10577);
#9496=AXIS2_PLACEMENT_3D('',#13214,#10580,#10581);
#9497=AXIS2_PLACEMENT_3D('',#13218,#10584,#10585);
#9498=AXIS2_PLACEMENT_3D('',#13222,#10588,#10589);
#9499=AXIS2_PLACEMENT_3D('',#13224,#10591,#10592);
#9500=AXIS2_PLACEMENT_3D('',#13225,#10593,#10594);
#9501=AXIS2_PLACEMENT_3D('',#13228,#10595,#10596);
#9502=AXIS2_PLACEMENT_3D('',#13232,#10598,#10599);
#9503=AXIS2_PLACEMENT_3D('',#13234,#10601,#10602);
#9504=AXIS2_PLACEMENT_3D('',#13236,#10603,#10604);
#9505=AXIS2_PLACEMENT_3D('',#13238,#10605,#10606);
#9506=AXIS2_PLACEMENT_3D('',#13239,#10607,#10608);
#9507=AXIS2_PLACEMENT_3D('',#13240,#10609,#10610);
#9508=AXIS2_PLACEMENT_3D('',#13265,#10623,#10624);
#9509=AXIS2_PLACEMENT_3D('',#13271,#10628,#10629);
#9510=AXIS2_PLACEMENT_3D('',#13275,#10632,#10633);
#9511=AXIS2_PLACEMENT_3D('',#13279,#10636,#10637);
#9512=AXIS2_PLACEMENT_3D('',#13283,#10640,#10641);
#9513=AXIS2_PLACEMENT_3D('',#13287,#10644,#10645);
#9514=AXIS2_PLACEMENT_3D('',#13291,#10648,#10649);
#9515=AXIS2_PLACEMENT_3D('',#13295,#10652,#10653);
#9516=AXIS2_PLACEMENT_3D('',#13299,#10656,#10657);
#9517=AXIS2_PLACEMENT_3D('',#13303,#10660,#10661);
#9518=AXIS2_PLACEMENT_3D('',#13307,#10664,#10665);
#9519=AXIS2_PLACEMENT_3D('',#13311,#10668,#10669);
#9520=AXIS2_PLACEMENT_3D('',#13313,#10671,#10672);
#9521=AXIS2_PLACEMENT_3D('',#13314,#10673,#10674);
#9522=AXIS2_PLACEMENT_3D('',#13317,#10675,#10676);
#9523=AXIS2_PLACEMENT_3D('',#13321,#10678,#10679);
#9524=AXIS2_PLACEMENT_3D('',#13323,#10681,#10682);
#9525=AXIS2_PLACEMENT_3D('',#13331,#10683,#10684);
#9526=AXIS2_PLACEMENT_3D('',#13333,#10685,#10686);
#9527=AXIS2_PLACEMENT_3D('',#13334,#10687,#10688);
#9528=AXIS2_PLACEMENT_3D('',#13341,#10689,#10690);
#9529=AXIS2_PLACEMENT_3D('',#13343,#10691,#10692);
#9530=AXIS2_PLACEMENT_3D('',#13345,#10693,#10694);
#9531=AXIS2_PLACEMENT_3D('',#13354,#10695,#10696);
#9532=AXIS2_PLACEMENT_3D('',#13356,#10697,#10698);
#9533=AXIS2_PLACEMENT_3D('',#13358,#10699,#10700);
#9534=AXIS2_PLACEMENT_3D('',#13367,#10701,#10702);
#9535=AXIS2_PLACEMENT_3D('',#13369,#10703,#10704);
#9536=AXIS2_PLACEMENT_3D('',#13371,#10705,#10706);
#9537=AXIS2_PLACEMENT_3D('',#13380,#10707,#10708);
#9538=AXIS2_PLACEMENT_3D('',#13382,#10709,#10710);
#9539=AXIS2_PLACEMENT_3D('',#13383,#10711,#10712);
#9540=AXIS2_PLACEMENT_3D('',#13384,#10713,#10714);
#9541=AXIS2_PLACEMENT_3D('',#13388,#10717,#10718);
#9542=AXIS2_PLACEMENT_3D('',#13392,#10721,#10722);
#9543=AXIS2_PLACEMENT_3D('',#13396,#10725,#10726);
#9544=AXIS2_PLACEMENT_3D('',#13400,#10729,#10730);
#9545=AXIS2_PLACEMENT_3D('',#13406,#10734,#10735);
#9546=AXIS2_PLACEMENT_3D('',#13412,#10739,#10740);
#9547=AXIS2_PLACEMENT_3D('',#13418,#10744,#10745);
#9548=AXIS2_PLACEMENT_3D('',#13420,#10747,#10748);
#9549=AXIS2_PLACEMENT_3D('',#13426,#10752,#10753);
#9550=AXIS2_PLACEMENT_3D('',#13428,#10755,#10756);
#9551=AXIS2_PLACEMENT_3D('',#13439,#10763,#10764);
#9552=AXIS2_PLACEMENT_3D('',#13442,#10767,#10768);
#9553=AXIS2_PLACEMENT_3D('',#13443,#10769,#10770);
#9554=AXIS2_PLACEMENT_3D('',#13444,#10771,#10772);
#9555=AXIS2_PLACEMENT_3D('',#13446,#10774,#10775);
#9556=AXIS2_PLACEMENT_3D('',#13448,#10777,#10778);
#9557=AXIS2_PLACEMENT_3D('',#13449,#10779,#10780);
#9558=AXIS2_PLACEMENT_3D('',#13452,#10782,#10783);
#9559=AXIS2_PLACEMENT_3D('',#13453,#10784,#10785);
#9560=AXIS2_PLACEMENT_3D('',#13455,#10786,#10787);
#9561=AXIS2_PLACEMENT_3D('',#13458,#10789,#10790);
#9562=AXIS2_PLACEMENT_3D('',#13459,#10791,#10792);
#9563=AXIS2_PLACEMENT_3D('',#13484,#10805,#10806);
#9564=AXIS2_PLACEMENT_3D('',#13501,#10815,#10816);
#9565=AXIS2_PLACEMENT_3D('',#13504,#10817,#10818);
#9566=AXIS2_PLACEMENT_3D('',#13507,#10820,#10821);
#9567=AXIS2_PLACEMENT_3D('',#13508,#10822,#10823);
#9568=AXIS2_PLACEMENT_3D('',#13509,#10824,#10825);
#9569=AXIS2_PLACEMENT_3D('',#13512,#10826,#10827);
#9570=AXIS2_PLACEMENT_3D('',#13515,#10829,#10830);
#9571=AXIS2_PLACEMENT_3D('',#13516,#10831,#10832);
#9572=AXIS2_PLACEMENT_3D('',#13587,#10834,#10835);
#9573=AXIS2_PLACEMENT_3D('',#13867,#10840,#10841);
#9574=AXIS2_PLACEMENT_3D('',#13871,#10843,#10844);
#9575=AXIS2_PLACEMENT_3D('',#13873,#10846,#10847);
#9576=AXIS2_PLACEMENT_3D('',#13951,#10853,#10854);
#9577=AXIS2_PLACEMENT_3D('',#14227,#10859,#10860);
#9578=AXIS2_PLACEMENT_3D('',#14231,#10862,#10863);
#9579=AXIS2_PLACEMENT_3D('',#14233,#10865,#10866);
#9580=AXIS2_PLACEMENT_3D('',#14237,#10869,#10870);
#9581=AXIS2_PLACEMENT_3D('',#14239,#10871,#10872);
#9582=AXIS2_PLACEMENT_3D('',#14240,#10873,#10874);
#9583=AXIS2_PLACEMENT_3D('',#14241,#10875,#10876);
#9584=AXIS2_PLACEMENT_3D('',#14243,#10877,#10878);
#9585=AXIS2_PLACEMENT_3D('',#14245,#10880,#10881);
#9586=AXIS2_PLACEMENT_3D('',#14248,#10882,#10883);
#9587=AXIS2_PLACEMENT_3D('',#14250,#10884,#10885);
#9588=AXIS2_PLACEMENT_3D('',#14251,#10886,#10887);
#9589=AXIS2_PLACEMENT_3D('',#14252,#10888,#10889);
#9590=AXIS2_PLACEMENT_3D('',#14255,#10892,#10893);
#9591=AXIS2_PLACEMENT_3D('',#14258,#10896,#10897);
#9592=AXIS2_PLACEMENT_3D('',#14261,#10898,#10899);
#9593=AXIS2_PLACEMENT_3D('',#14264,#10902,#10903);
#9594=AXIS2_PLACEMENT_3D('',#14266,#10904,#10905);
#9595=AXIS2_PLACEMENT_3D('',#14270,#10907,#10908);
#9596=AXIS2_PLACEMENT_3D('',#14274,#10910,#10911);
#9597=AXIS2_PLACEMENT_3D('',#14278,#10913,#10914);
#9598=AXIS2_PLACEMENT_3D('',#14282,#10916,#10917);
#9599=AXIS2_PLACEMENT_3D('',#14286,#10919,#10920);
#9600=AXIS2_PLACEMENT_3D('',#14290,#10922,#10923);
#9601=AXIS2_PLACEMENT_3D('',#14294,#10925,#10926);
#9602=AXIS2_PLACEMENT_3D('',#14297,#10928,#10929);
#9603=AXIS2_PLACEMENT_3D('',#14299,#10930,#10931);
#9604=AXIS2_PLACEMENT_3D('',#14301,#10932,#10933);
#9605=AXIS2_PLACEMENT_3D('',#14303,#10934,#10935);
#9606=AXIS2_PLACEMENT_3D('',#14305,#10936,#10937);
#9607=AXIS2_PLACEMENT_3D('',#14316,#10938,#10939);
#9608=AXIS2_PLACEMENT_3D('',#14318,#10940,#10941);
#9609=AXIS2_PLACEMENT_3D('',#14319,#10942,#10943);
#9610=AXIS2_PLACEMENT_3D('',#14320,#10944,#10945);
#9611=AXIS2_PLACEMENT_3D('',#14323,#10946,#10947);
#9612=AXIS2_PLACEMENT_3D('',#14326,#10950,#10951);
#9613=AXIS2_PLACEMENT_3D('',#14332,#10955,#10956);
#9614=AXIS2_PLACEMENT_3D('',#14333,#10957,#10958);
#9615=AXIS2_PLACEMENT_3D('',#14344,#10959,#10960);
#9616=AXIS2_PLACEMENT_3D('',#14345,#10961,#10962);
#9617=AXIS2_PLACEMENT_3D('',#14346,#10963,#10964);
#9618=AXIS2_PLACEMENT_3D('',#14348,#10965,#10966);
#9619=AXIS2_PLACEMENT_3D('',#14350,#10968,#10969);
#9620=AXIS2_PLACEMENT_3D('',#14356,#10973,#10974);
#9621=AXIS2_PLACEMENT_3D('',#14357,#10975,#10976);
#9622=AXIS2_PLACEMENT_3D('',#14368,#10977,#10978);
#9623=AXIS2_PLACEMENT_3D('',#14370,#10979,#10980);
#9624=AXIS2_PLACEMENT_3D('',#14371,#10981,#10982);
#9625=AXIS2_PLACEMENT_3D('',#14372,#10983,#10984);
#9626=AXIS2_PLACEMENT_3D('',#14375,#10985,#10986);
#9627=AXIS2_PLACEMENT_3D('',#14378,#10989,#10990);
#9628=AXIS2_PLACEMENT_3D('',#14384,#10994,#10995);
#9629=AXIS2_PLACEMENT_3D('',#14385,#10996,#10997);
#9630=AXIS2_PLACEMENT_3D('',#14395,#10998,#10999);
#9631=AXIS2_PLACEMENT_3D('',#14396,#11000,#11001);
#9632=AXIS2_PLACEMENT_3D('',#14397,#11002,#11003);
#9633=AXIS2_PLACEMENT_3D('',#14408,#11004,#11005);
#9634=AXIS2_PLACEMENT_3D('',#14410,#11006,#11007);
#9635=AXIS2_PLACEMENT_3D('',#14411,#11008,#11009);
#9636=AXIS2_PLACEMENT_3D('',#14412,#11010,#11011);
#9637=AXIS2_PLACEMENT_3D('',#14415,#11012,#11013);
#9638=AXIS2_PLACEMENT_3D('',#14418,#11016,#11017);
#9639=AXIS2_PLACEMENT_3D('',#14424,#11021,#11022);
#9640=AXIS2_PLACEMENT_3D('',#14425,#11023,#11024);
#9641=AXIS2_PLACEMENT_3D('',#14436,#11025,#11026);
#9642=AXIS2_PLACEMENT_3D('',#14437,#11027,#11028);
#9643=AXIS2_PLACEMENT_3D('',#14438,#11029,#11030);
#9644=AXIS2_PLACEMENT_3D('',#14440,#11031,#11032);
#9645=AXIS2_PLACEMENT_3D('',#14442,#11034,#11035);
#9646=AXIS2_PLACEMENT_3D('',#14445,#11038,#11039);
#9647=AXIS2_PLACEMENT_3D('',#14456,#11040,#11041);
#9648=AXIS2_PLACEMENT_3D('',#14457,#11042,#11043);
#9649=AXIS2_PLACEMENT_3D('',#14458,#11044,#11045);
#9650=AXIS2_PLACEMENT_3D('',#14460,#11046,#11047);
#9651=AXIS2_PLACEMENT_3D('',#14462,#11049,#11050);
#9652=AXIS2_PLACEMENT_3D('',#14468,#11054,#11055);
#9653=AXIS2_PLACEMENT_3D('',#14469,#11056,#11057);
#9654=AXIS2_PLACEMENT_3D('',#14480,#11058,#11059);
#9655=AXIS2_PLACEMENT_3D('',#14481,#11060,#11061);
#9656=AXIS2_PLACEMENT_3D('',#14482,#11062,#11063);
#9657=AXIS2_PLACEMENT_3D('',#14484,#11064,#11065);
#9658=AXIS2_PLACEMENT_3D('',#14486,#11067,#11068);
#9659=AXIS2_PLACEMENT_3D('',#14489,#11071,#11072);
#9660=AXIS2_PLACEMENT_3D('',#14490,#11073,#11074);
#9661=AXIS2_PLACEMENT_3D('',#14495,#11078,#11079);
#9662=AXIS2_PLACEMENT_3D('',#14503,#11084,#11085);
#9663=AXIS2_PLACEMENT_3D('',#14507,#11089,#11090);
#9664=AXIS2_PLACEMENT_3D('',#14509,#11092,#11093);
#9665=AXIS2_PLACEMENT_3D('',#14511,#11095,#11096);
#9666=AXIS2_PLACEMENT_3D('',#14512,#11097,#11098);
#9667=AXIS2_PLACEMENT_3D('',#14513,#11099,#11100);
#9668=AXIS2_PLACEMENT_3D('',#14516,#11101,#11102);
#9669=AXIS2_PLACEMENT_3D('',#14518,#11104,#11105);
#9670=AXIS2_PLACEMENT_3D('',#14519,#11106,#11107);
#9671=AXIS2_PLACEMENT_3D('',#14521,#11108,#11109);
#9672=AXIS2_PLACEMENT_3D('',#14523,#11111,#11112);
#9673=AXIS2_PLACEMENT_3D('',#14525,#11114,#11115);
#9674=AXIS2_PLACEMENT_3D('',#14527,#11117,#11118);
#9675=AXIS2_PLACEMENT_3D('',#14529,#11120,#11121);
#9676=AXIS2_PLACEMENT_3D('',#14531,#11123,#11124);
#9677=AXIS2_PLACEMENT_3D('',#14537,#11127,#11128);
#9678=AXIS2_PLACEMENT_3D('',#14541,#11130,#11131);
#9679=AXIS2_PLACEMENT_3D('',#14545,#11133,#11134);
#9680=AXIS2_PLACEMENT_3D('',#14549,#11136,#11137);
#9681=AXIS2_PLACEMENT_3D('',#14553,#11139,#11140);
#9682=AXIS2_PLACEMENT_3D('',#14557,#11142,#11143);
#9683=AXIS2_PLACEMENT_3D('',#14561,#11145,#11146);
#9684=AXIS2_PLACEMENT_3D('',#14564,#11148,#11149);
#9685=AXIS2_PLACEMENT_3D('',#14565,#11150,#11151);
#9686=AXIS2_PLACEMENT_3D('',#14567,#11152,#11153);
#9687=AXIS2_PLACEMENT_3D('',#14568,#11154,#11155);
#9688=AXIS2_PLACEMENT_3D('',#14572,#11158,#11159);
#9689=AXIS2_PLACEMENT_3D('',#14578,#11163,#11164);
#9690=AXIS2_PLACEMENT_3D('',#14580,#11165,#11166);
#9691=AXIS2_PLACEMENT_3D('',#14582,#11167,#11168);
#9692=AXIS2_PLACEMENT_3D('',#14583,#11169,#11170);
#9693=AXIS2_PLACEMENT_3D('',#14585,#11171,#11172);
#9694=AXIS2_PLACEMENT_3D('',#14587,#11173,#11174);
#9695=AXIS2_PLACEMENT_3D('',#14588,#11175,#11176);
#9696=AXIS2_PLACEMENT_3D('',#14590,#11177,#11178);
#9697=AXIS2_PLACEMENT_3D('',#14592,#11179,#11180);
#9698=AXIS2_PLACEMENT_3D('',#14593,#11181,#11182);
#9699=AXIS2_PLACEMENT_3D('',#14595,#11183,#11184);
#9700=AXIS2_PLACEMENT_3D('',#14597,#11185,#11186);
#9701=AXIS2_PLACEMENT_3D('',#14598,#11187,#11188);
#9702=AXIS2_PLACEMENT_3D('',#14600,#11189,#11190);
#9703=AXIS2_PLACEMENT_3D('',#14603,#11192,#11193);
#9704=AXIS2_PLACEMENT_3D('',#14604,#11194,#11195);
#9705=AXIS2_PLACEMENT_3D('',#14606,#11196,#11197);
#9706=AXIS2_PLACEMENT_3D('',#14609,#11199,#11200);
#9707=AXIS2_PLACEMENT_3D('',#14610,#11201,#11202);
#9708=AXIS2_PLACEMENT_3D('',#14611,#11203,#11204);
#9709=AXIS2_PLACEMENT_3D('',#14613,#11205,#11206);
#9710=AXIS2_PLACEMENT_3D('',#14614,#11207,#11208);
#9711=AXIS2_PLACEMENT_3D('',#14620,#11212,#11213);
#9712=AXIS2_PLACEMENT_3D('',#14626,#11217,#11218);
#9713=AXIS2_PLACEMENT_3D('',#14628,#11219,#11220);
#9714=AXIS2_PLACEMENT_3D('',#14629,#11221,#11222);
#9715=AXIS2_PLACEMENT_3D('',#14630,#11223,#11224);
#9716=AXIS2_PLACEMENT_3D('',#14636,#11228,#11229);
#9717=AXIS2_PLACEMENT_3D('',#14642,#11233,#11234);
#9718=AXIS2_PLACEMENT_3D('',#14644,#11235,#11236);
#9719=AXIS2_PLACEMENT_3D('',#14645,#11237,#11238);
#9720=AXIS2_PLACEMENT_3D('',#14646,#11239,#11240);
#9721=AXIS2_PLACEMENT_3D('',#14652,#11244,#11245);
#9722=AXIS2_PLACEMENT_3D('',#14658,#11249,#11250);
#9723=AXIS2_PLACEMENT_3D('',#14660,#11251,#11252);
#9724=AXIS2_PLACEMENT_3D('',#14661,#11253,#11254);
#9725=AXIS2_PLACEMENT_3D('',#14662,#11255,#11256);
#9726=AXIS2_PLACEMENT_3D('',#14668,#11260,#11261);
#9727=AXIS2_PLACEMENT_3D('',#14674,#11265,#11266);
#9728=AXIS2_PLACEMENT_3D('',#14676,#11267,#11268);
#9729=AXIS2_PLACEMENT_3D('',#14677,#11269,#11270);
#9730=AXIS2_PLACEMENT_3D('',#14678,#11271,#11272);
#9731=AXIS2_PLACEMENT_3D('',#14679,#11273,#11274);
#9732=AXIS2_PLACEMENT_3D('',#14680,#11275,#11276);
#9733=AXIS2_PLACEMENT_3D('',#14682,#11277,#11278);
#9734=AXIS2_PLACEMENT_3D('',#14683,#11279,#11280);
#9735=AXIS2_PLACEMENT_3D('',#14684,#11281,#11282);
#9736=AXIS2_PLACEMENT_3D('',#14685,#11283,#11284);
#9737=AXIS2_PLACEMENT_3D('',#14687,#11285,#11286);
#9738=AXIS2_PLACEMENT_3D('',#14688,#11287,#11288);
#9739=AXIS2_PLACEMENT_3D('',#14689,#11289,#11290);
#9740=AXIS2_PLACEMENT_3D('',#14690,#11291,#11292);
#9741=AXIS2_PLACEMENT_3D('',#14692,#11293,#11294);
#9742=AXIS2_PLACEMENT_3D('',#14693,#11295,#11296);
#9743=AXIS2_PLACEMENT_3D('',#14694,#11297,#11298);
#9744=AXIS2_PLACEMENT_3D('',#14695,#11299,#11300);
#9745=AXIS2_PLACEMENT_3D('',#14697,#11301,#11302);
#9746=AXIS2_PLACEMENT_3D('',#14698,#11303,#11304);
#9747=AXIS2_PLACEMENT_3D('',#14701,#11306,#11307);
#9748=AXIS2_PLACEMENT_3D('',#14702,#11308,#11309);
#9749=AXIS2_PLACEMENT_3D('',#14704,#11310,#11311);
#9750=AXIS2_PLACEMENT_3D('',#14706,#11312,#11313);
#9751=AXIS2_PLACEMENT_3D('',#14707,#11314,#11315);
#9752=AXIS2_PLACEMENT_3D('',#14709,#11316,#11317);
#9753=AXIS2_PLACEMENT_3D('',#14711,#11318,#11319);
#9754=AXIS2_PLACEMENT_3D('',#14712,#11320,#11321);
#9755=AXIS2_PLACEMENT_3D('',#14714,#11322,#11323);
#9756=AXIS2_PLACEMENT_3D('',#14716,#11324,#11325);
#9757=AXIS2_PLACEMENT_3D('',#14717,#11326,#11327);
#9758=AXIS2_PLACEMENT_3D('',#14719,#11328,#11329);
#9759=AXIS2_PLACEMENT_3D('',#14721,#11330,#11331);
#9760=AXIS2_PLACEMENT_3D('',#14722,#11332,#11333);
#9761=AXIS2_PLACEMENT_3D('',#14724,#11334,#11335);
#9762=AXIS2_PLACEMENT_3D('',#14726,#11337,#11338);
#9763=AXIS2_PLACEMENT_3D('',#14728,#11339,#11340);
#9764=AXIS2_PLACEMENT_3D('',#14730,#11342,#11343);
#9765=AXIS2_PLACEMENT_3D('',#14739,#11348,#11349);
#9766=AXIS2_PLACEMENT_3D('',#14745,#11353,#11354);
#9767=AXIS2_PLACEMENT_3D('',#14751,#11358,#11359);
#9768=AXIS2_PLACEMENT_3D('',#14757,#11363,#11364);
#9769=AXIS2_PLACEMENT_3D('',#14763,#11368,#11369);
#9770=AXIS2_PLACEMENT_3D('',#14766,#11372,#11373);
#9771=AXIS2_PLACEMENT_3D('',#14768,#11374,#11375);
#9772=AXIS2_PLACEMENT_3D('',#14769,#11376,#11377);
#9773=AXIS2_PLACEMENT_3D('',#14778,#11382,#11383);
#9774=AXIS2_PLACEMENT_3D('',#14784,#11387,#11388);
#9775=AXIS2_PLACEMENT_3D('',#14790,#11392,#11393);
#9776=AXIS2_PLACEMENT_3D('',#14796,#11397,#11398);
#9777=AXIS2_PLACEMENT_3D('',#14802,#11402,#11403);
#9778=AXIS2_PLACEMENT_3D('',#14805,#11406,#11407);
#9779=AXIS2_PLACEMENT_3D('',#14807,#11408,#11409);
#9780=AXIS2_PLACEMENT_3D('',#14808,#11410,#11411);
#9781=AXIS2_PLACEMENT_3D('',#14817,#11416,#11417);
#9782=AXIS2_PLACEMENT_3D('',#14823,#11421,#11422);
#9783=AXIS2_PLACEMENT_3D('',#14829,#11426,#11427);
#9784=AXIS2_PLACEMENT_3D('',#14835,#11431,#11432);
#9785=AXIS2_PLACEMENT_3D('',#14841,#11436,#11437);
#9786=AXIS2_PLACEMENT_3D('',#14844,#11440,#11441);
#9787=AXIS2_PLACEMENT_3D('',#14846,#11442,#11443);
#9788=AXIS2_PLACEMENT_3D('',#14847,#11444,#11445);
#9789=AXIS2_PLACEMENT_3D('',#14856,#11450,#11451);
#9790=AXIS2_PLACEMENT_3D('',#14862,#11455,#11456);
#9791=AXIS2_PLACEMENT_3D('',#14868,#11460,#11461);
#9792=AXIS2_PLACEMENT_3D('',#14874,#11465,#11466);
#9793=AXIS2_PLACEMENT_3D('',#14880,#11470,#11471);
#9794=AXIS2_PLACEMENT_3D('',#14883,#11474,#11475);
#9795=AXIS2_PLACEMENT_3D('',#14885,#11476,#11477);
#9796=AXIS2_PLACEMENT_3D('',#14886,#11478,#11479);
#9797=AXIS2_PLACEMENT_3D('',#14888,#11480,#11481);
#9798=AXIS2_PLACEMENT_3D('',#14890,#11483,#11484);
#9799=AXIS2_PLACEMENT_3D('',#14892,#11485,#11486);
#9800=AXIS2_PLACEMENT_3D('',#14894,#11488,#11489);
#9801=AXIS2_PLACEMENT_3D('',#14896,#11490,#11491);
#9802=AXIS2_PLACEMENT_3D('',#14898,#11493,#11494);
#9803=AXIS2_PLACEMENT_3D('',#14900,#11495,#11496);
#9804=AXIS2_PLACEMENT_3D('',#14902,#11498,#11499);
#9805=AXIS2_PLACEMENT_3D('',#14904,#11500,#11501);
#9806=AXIS2_PLACEMENT_3D('',#14906,#11503,#11504);
#9807=AXIS2_PLACEMENT_3D('',#14908,#11505,#11506);
#9808=AXIS2_PLACEMENT_3D('',#14910,#11508,#11509);
#9809=AXIS2_PLACEMENT_3D('',#14911,#11510,#11511);
#9810=AXIS2_PLACEMENT_3D('',#14912,#11512,#11513);
#9811=AXIS2_PLACEMENT_3D('',#14913,#11514,#11515);
#9812=AXIS2_PLACEMENT_3D('',#14914,#11516,#11517);
#9813=AXIS2_PLACEMENT_3D('',#14916,#11518,#11519);
#9814=AXIS2_PLACEMENT_3D('',#14918,#11520,#11521);
#9815=AXIS2_PLACEMENT_3D('',#14919,#11522,#11523);
#9816=AXIS2_PLACEMENT_3D('',#14921,#11524,#11525);
#9817=AXIS2_PLACEMENT_3D('',#14923,#11526,#11527);
#9818=AXIS2_PLACEMENT_3D('',#14924,#11528,#11529);
#9819=AXIS2_PLACEMENT_3D('',#14926,#11530,#11531);
#9820=AXIS2_PLACEMENT_3D('',#14928,#11532,#11533);
#9821=AXIS2_PLACEMENT_3D('',#14929,#11534,#11535);
#9822=AXIS2_PLACEMENT_3D('',#14931,#11536,#11537);
#9823=AXIS2_PLACEMENT_3D('',#14933,#11538,#11539);
#9824=AXIS2_PLACEMENT_3D('',#14934,#11540,#11541);
#9825=AXIS2_PLACEMENT_3D('',#14991,#11550,#11551);
#9826=AXIS2_PLACEMENT_3D('',#14993,#11553,#11554);
#9827=AXIS2_PLACEMENT_3D('',#14995,#11556,#11557);
#9828=AXIS2_PLACEMENT_3D('',#14997,#11559,#11560);
#9829=AXIS2_PLACEMENT_3D('',#14999,#11562,#11563);
#9830=AXIS2_PLACEMENT_3D('',#15019,#11568,#11569);
#9831=AXIS2_PLACEMENT_3D('',#15037,#11573,#11574);
#9832=AXIS2_PLACEMENT_3D('',#15055,#11578,#11579);
#9833=AXIS2_PLACEMENT_3D('',#15073,#11583,#11584);
#9834=AXIS2_PLACEMENT_3D('',#15091,#11588,#11589);
#9835=AXIS2_PLACEMENT_3D('',#15109,#11593,#11594);
#9836=AXIS2_PLACEMENT_3D('',#15127,#11598,#11599);
#9837=AXIS2_PLACEMENT_3D('',#15143,#11602,#11603);
#9838=AXIS2_PLACEMENT_3D('',#15148,#11605,#11606);
#9839=AXIS2_PLACEMENT_3D('',#15152,#11608,#11609);
#9840=AXIS2_PLACEMENT_3D('',#15156,#11611,#11612);
#9841=AXIS2_PLACEMENT_3D('',#15160,#11614,#11615);
#9842=AXIS2_PLACEMENT_3D('',#15164,#11617,#11618);
#9843=AXIS2_PLACEMENT_3D('',#15168,#11620,#11621);
#9844=AXIS2_PLACEMENT_3D('',#15172,#11623,#11624);
#9845=AXIS2_PLACEMENT_3D('',#15175,#11626,#11627);
#9846=AXIS2_PLACEMENT_3D('',#15176,#11628,#11629);
#9847=AXIS2_PLACEMENT_3D('',#15179,#11631,#11632);
#9848=AXIS2_PLACEMENT_3D('',#15180,#11633,#11634);
#9849=AXIS2_PLACEMENT_3D('',#15181,#11635,#11636);
#9850=AXIS2_PLACEMENT_3D('',#15184,#11638,#11639);
#9851=AXIS2_PLACEMENT_3D('',#15185,#11640,#11641);
#9852=AXIS2_PLACEMENT_3D('',#15186,#11642,#11643);
#9853=AXIS2_PLACEMENT_3D('',#15189,#11645,#11646);
#9854=AXIS2_PLACEMENT_3D('',#15190,#11647,#11648);
#9855=AXIS2_PLACEMENT_3D('',#15191,#11649,#11650);
#9856=AXIS2_PLACEMENT_3D('',#15194,#11652,#11653);
#9857=AXIS2_PLACEMENT_3D('',#15195,#11654,#11655);
#9858=AXIS2_PLACEMENT_3D('',#15196,#11656,#11657);
#9859=AXIS2_PLACEMENT_3D('',#15198,#11659,#11660);
#9860=AXIS2_PLACEMENT_3D('',#15200,#11661,#11662);
#9861=AXIS2_PLACEMENT_3D('',#15201,#11663,#11664);
#9862=AXIS2_PLACEMENT_3D('',#15203,#11665,#11666);
#9863=AXIS2_PLACEMENT_3D('',#15205,#11667,#11668);
#9864=AXIS2_PLACEMENT_3D('',#15206,#11669,#11670);
#9865=AXIS2_PLACEMENT_3D('',#15209,#11671,#11672);
#9866=AXIS2_PLACEMENT_3D('',#15213,#11674,#11675);
#9867=AXIS2_PLACEMENT_3D('',#15217,#11677,#11678);
#9868=AXIS2_PLACEMENT_3D('',#15221,#11680,#11681);
#9869=AXIS2_PLACEMENT_3D('',#15225,#11683,#11684);
#9870=AXIS2_PLACEMENT_3D('',#15229,#11686,#11687);
#9871=AXIS2_PLACEMENT_3D('',#15233,#11689,#11690);
#9872=AXIS2_PLACEMENT_3D('',#15237,#11692,#11693);
#9873=AXIS2_PLACEMENT_3D('',#15241,#11695,#11696);
#9874=AXIS2_PLACEMENT_3D('',#15245,#11698,#11699);
#9875=AXIS2_PLACEMENT_3D('',#15249,#11701,#11702);
#9876=AXIS2_PLACEMENT_3D('',#15253,#11704,#11705);
#9877=AXIS2_PLACEMENT_3D('',#15257,#11707,#11708);
#9878=AXIS2_PLACEMENT_3D('',#15261,#11710,#11711);
#9879=AXIS2_PLACEMENT_3D('',#15265,#11713,#11714);
#9880=AXIS2_PLACEMENT_3D('',#15269,#11716,#11717);
#9881=AXIS2_PLACEMENT_3D('',#15271,#11719,#11720);
#9882=AXIS2_PLACEMENT_3D('',#15277,#11724,#11725);
#9883=AXIS2_PLACEMENT_3D('',#15283,#11729,#11730);
#9884=AXIS2_PLACEMENT_3D('',#15289,#11734,#11735);
#9885=AXIS2_PLACEMENT_3D('',#15295,#11739,#11740);
#9886=AXIS2_PLACEMENT_3D('',#15301,#11744,#11745);
#9887=AXIS2_PLACEMENT_3D('',#15307,#11749,#11750);
#9888=AXIS2_PLACEMENT_3D('',#15313,#11754,#11755);
#9889=AXIS2_PLACEMENT_3D('',#15319,#11759,#11760);
#9890=AXIS2_PLACEMENT_3D('',#15322,#11762,#11763);
#9891=AXIS2_PLACEMENT_3D('',#15323,#11764,#11765);
#9892=AXIS2_PLACEMENT_3D('',#15325,#11767,#11768);
#9893=AXIS2_PLACEMENT_3D('',#15328,#11770,#11771);
#9894=AXIS2_PLACEMENT_3D('',#15329,#11772,#11773);
#9895=AXIS2_PLACEMENT_3D('',#15331,#11775,#11776);
#9896=AXIS2_PLACEMENT_3D('',#15334,#11778,#11779);
#9897=AXIS2_PLACEMENT_3D('',#15335,#11780,#11781);
#9898=AXIS2_PLACEMENT_3D('',#15337,#11783,#11784);
#9899=AXIS2_PLACEMENT_3D('',#15340,#11786,#11787);
#9900=AXIS2_PLACEMENT_3D('',#15341,#11788,#11789);
#9901=AXIS2_PLACEMENT_3D('',#15343,#11791,#11792);
#9902=AXIS2_PLACEMENT_3D('',#15349,#11796,#11797);
#9903=AXIS2_PLACEMENT_3D('',#15355,#11801,#11802);
#9904=AXIS2_PLACEMENT_3D('',#15361,#11806,#11807);
#9905=AXIS2_PLACEMENT_3D('',#15367,#11811,#11812);
#9906=AXIS2_PLACEMENT_3D('',#15373,#11816,#11817);
#9907=AXIS2_PLACEMENT_3D('',#15379,#11821,#11822);
#9908=AXIS2_PLACEMENT_3D('',#15385,#11826,#11827);
#9909=AXIS2_PLACEMENT_3D('',#15391,#11831,#11832);
#9910=AXIS2_PLACEMENT_3D('',#15392,#11833,#11834);
#9911=AXIS2_PLACEMENT_3D('',#15393,#11835,#11836);
#9912=AXIS2_PLACEMENT_3D('',#15394,#11837,#11838);
#9913=AXIS2_PLACEMENT_3D('',#15395,#11839,#11840);
#9914=AXIS2_PLACEMENT_3D('',#15396,#11841,#11842);
#9915=AXIS2_PLACEMENT_3D('',#15397,#11843,#11844);
#9916=AXIS2_PLACEMENT_3D('',#15398,#11845,#11846);
#9917=AXIS2_PLACEMENT_3D('',#15399,#11847,#11848);
#9918=AXIS2_PLACEMENT_3D('',#15400,#11849,#11850);
#9919=AXIS2_PLACEMENT_3D('',#15401,#11851,#11852);
#9920=AXIS2_PLACEMENT_3D('',#15402,#11853,#11854);
#9921=AXIS2_PLACEMENT_3D('',#15403,#11855,#11856);
#9922=AXIS2_PLACEMENT_3D('',#15404,#11857,#11858);
#9923=AXIS2_PLACEMENT_3D('',#15405,#11859,#11860);
#9924=AXIS2_PLACEMENT_3D('',#15406,#11861,#11862);
#9925=AXIS2_PLACEMENT_3D('',#15407,#11863,#11864);
#9926=AXIS2_PLACEMENT_3D('',#15408,#11865,#11866);
#9927=AXIS2_PLACEMENT_3D('',#15409,#11867,#11868);
#9928=AXIS2_PLACEMENT_3D('',#15410,#11869,#11870);
#9929=AXIS2_PLACEMENT_3D('',#15411,#11871,#11872);
#9930=AXIS2_PLACEMENT_3D('',#15412,#11873,#11874);
#9931=AXIS2_PLACEMENT_3D('',#15413,#11875,#11876);
#9932=AXIS2_PLACEMENT_3D('',#15414,#11877,#11878);
#9933=AXIS2_PLACEMENT_3D('',#15415,#11879,#11880);
#9934=AXIS2_PLACEMENT_3D('',#15416,#11881,#11882);
#9935=AXIS2_PLACEMENT_3D('',#15417,#11883,#11884);
#9936=AXIS2_PLACEMENT_3D('',#15418,#11885,#11886);
#9937=AXIS2_PLACEMENT_3D('',#15419,#11887,#11888);
#9938=AXIS2_PLACEMENT_3D('',#15420,#11889,#11890);
#9939=AXIS2_PLACEMENT_3D('',#15421,#11891,#11892);
#9940=AXIS2_PLACEMENT_3D('',#15422,#11893,#11894);
#9941=AXIS2_PLACEMENT_3D('',#15423,#11895,#11896);
#9942=AXIS2_PLACEMENT_3D('',#15424,#11897,#11898);
#9943=AXIS2_PLACEMENT_3D('',#15425,#11899,#11900);
#9944=AXIS2_PLACEMENT_3D('',#15426,#11901,#11902);
#9945=AXIS2_PLACEMENT_3D('',#15427,#11903,#11904);
#9946=AXIS2_PLACEMENT_3D('',#15428,#11905,#11906);
#9947=AXIS2_PLACEMENT_3D('',#15429,#11907,#11908);
#9948=AXIS2_PLACEMENT_3D('',#15430,#11909,#11910);
#9949=AXIS2_PLACEMENT_3D('',#15431,#11911,#11912);
#9950=AXIS2_PLACEMENT_3D('',#15432,#11913,#11914);
#9951=AXIS2_PLACEMENT_3D('',#15433,#11915,#11916);
#9952=AXIS2_PLACEMENT_3D('',#15434,#11917,#11918);
#9953=AXIS2_PLACEMENT_3D('',#15435,#11919,#11920);
#9954=AXIS2_PLACEMENT_3D('',#15436,#11921,#11922);
#9955=AXIS2_PLACEMENT_3D('',#15437,#11923,#11924);
#9956=AXIS2_PLACEMENT_3D('',#15438,#11925,#11926);
#9957=AXIS2_PLACEMENT_3D('',#15439,#11927,#11928);
#9958=AXIS2_PLACEMENT_3D('',#15440,#11929,#11930);
#9959=AXIS2_PLACEMENT_3D('',#15441,#11931,#11932);
#9960=AXIS2_PLACEMENT_3D('',#15442,#11933,#11934);
#9961=AXIS2_PLACEMENT_3D('',#15443,#11935,#11936);
#9962=AXIS2_PLACEMENT_3D('',#15444,#11937,#11938);
#9963=AXIS2_PLACEMENT_3D('',#15445,#11939,#11940);
#9964=AXIS2_PLACEMENT_3D('',#15446,#11941,#11942);
#9965=AXIS2_PLACEMENT_3D('',#15447,#11943,#11944);
#9966=AXIS2_PLACEMENT_3D('',#15448,#11945,#11946);
#9967=AXIS2_PLACEMENT_3D('',#15449,#11947,#11948);
#9968=AXIS2_PLACEMENT_3D('',#15450,#11949,#11950);
#9969=AXIS2_PLACEMENT_3D('',#15451,#11951,#11952);
#9970=AXIS2_PLACEMENT_3D('',#15452,#11953,#11954);
#9971=AXIS2_PLACEMENT_3D('',#15453,#11955,#11956);
#9972=AXIS2_PLACEMENT_3D('',#15454,#11957,#11958);
#9973=AXIS2_PLACEMENT_3D('',#15455,#11959,#11960);
#9974=AXIS2_PLACEMENT_3D('',#15457,#11961,#11962);
#9975=AXIS2_PLACEMENT_3D('',#15459,#11963,#11964);
#9976=AXIS2_PLACEMENT_3D('',#15460,#11965,#11966);
#9977=AXIS2_PLACEMENT_3D('',#15462,#11968,#11969);
#9978=AXIS2_PLACEMENT_3D('',#15464,#11971,#11972);
#9979=AXIS2_PLACEMENT_3D('',#15470,#11976,#11977);
#9980=AXIS2_PLACEMENT_3D('',#15479,#11982,#11983);
#9981=AXIS2_PLACEMENT_3D('',#15488,#11988,#11989);
#9982=AXIS2_PLACEMENT_3D('',#15495,#11994,#11995);
#9983=AXIS2_PLACEMENT_3D('',#15503,#12000,#12001);
#9984=AXIS2_PLACEMENT_3D('',#15509,#12005,#12006);
#9985=AXIS2_PLACEMENT_3D('',#15511,#12008,#12009);
#9986=AXIS2_PLACEMENT_3D('',#15514,#12012,#12013);
#9987=AXIS2_PLACEMENT_3D('',#15520,#12017,#12018);
#9988=AXIS2_PLACEMENT_3D('',#15524,#12021,#12022);
#9989=AXIS2_PLACEMENT_3D('',#15529,#12026,#12027);
#9990=AXIS2_PLACEMENT_3D('',#15531,#12029,#12030);
#9991=AXIS2_PLACEMENT_3D('',#15534,#12033,#12034);
#9992=AXIS2_PLACEMENT_3D('',#15537,#12037,#12038);
#9993=AXIS2_PLACEMENT_3D('',#15539,#12040,#12041);
#9994=AXIS2_PLACEMENT_3D('',#15541,#12043,#12044);
#9995=AXIS2_PLACEMENT_3D('',#15544,#12047,#12048);
#9996=AXIS2_PLACEMENT_3D('',#15546,#12050,#12051);
#9997=AXIS2_PLACEMENT_3D('',#15548,#12053,#12054);
#9998=AXIS2_PLACEMENT_3D('',#15550,#12056,#12057);
#9999=AXIS2_PLACEMENT_3D('',#15552,#12059,#12060);
#10000=AXIS2_PLACEMENT_3D('',#15555,#12063,#12064);
#10001=AXIS2_PLACEMENT_3D('',#15557,#12066,#12067);
#10002=AXIS2_PLACEMENT_3D('',#15559,#12069,#12070);
#10003=AXIS2_PLACEMENT_3D('',#15561,#12072,#12073);
#10004=AXIS2_PLACEMENT_3D('',#15563,#12075,#12076);
#10005=AXIS2_PLACEMENT_3D('',#15565,#12078,#12079);
#10006=AXIS2_PLACEMENT_3D('',#15567,#12081,#12082);
#10007=AXIS2_PLACEMENT_3D('',#15569,#12083,#12084);
#10008=AXIS2_PLACEMENT_3D('',#15571,#12086,#12087);
#10009=AXIS2_PLACEMENT_3D('',#15573,#12088,#12089);
#10010=AXIS2_PLACEMENT_3D('',#15575,#12091,#12092);
#10011=AXIS2_PLACEMENT_3D('',#15577,#12093,#12094);
#10012=AXIS2_PLACEMENT_3D('',#15579,#12096,#12097);
#10013=AXIS2_PLACEMENT_3D('',#15581,#12098,#12099);
#10014=AXIS2_PLACEMENT_3D('',#15583,#12101,#12102);
#10015=AXIS2_PLACEMENT_3D('',#15584,#12103,#12104);
#10016=AXIS2_PLACEMENT_3D('',#15585,#12105,#12106);
#10017=AXIS2_PLACEMENT_3D('',#15586,#12107,#12108);
#10018=AXIS2_PLACEMENT_3D('',#15587,#12109,#12110);
#10019=AXIS2_PLACEMENT_3D('',#15588,#12111,#12112);
#10020=AXIS2_PLACEMENT_3D('',#15589,#12113,#12114);
#10021=AXIS2_PLACEMENT_3D('',#15590,#12115,#12116);
#10022=AXIS2_PLACEMENT_3D('',#15604,#12124,#12125);
#10023=AXIS2_PLACEMENT_3D('',#15610,#12129,#12130);
#10024=AXIS2_PLACEMENT_3D('',#15614,#12133,#12134);
#10025=AXIS2_PLACEMENT_3D('',#15623,#12139,#12140);
#10026=AXIS2_PLACEMENT_3D('',#15629,#12144,#12145);
#10027=AXIS2_PLACEMENT_3D('',#15635,#12149,#12150);
#10028=AXIS2_PLACEMENT_3D('',#15641,#12154,#12155);
#10029=AXIS2_PLACEMENT_3D('',#15645,#12158,#12159);
#10030=AXIS2_PLACEMENT_3D('',#15649,#12162,#12163);
#10031=AXIS2_PLACEMENT_3D('',#15652,#12166,#12167);
#10032=AXIS2_PLACEMENT_3D('',#15653,#12168,#12169);
#10033=AXIS2_PLACEMENT_3D('',#15655,#12171,#12172);
#10034=AXIS2_PLACEMENT_3D('',#15664,#12177,#12178);
#10035=AXIS2_PLACEMENT_3D('',#15670,#12182,#12183);
#10036=AXIS2_PLACEMENT_3D('',#15676,#12187,#12188);
#10037=AXIS2_PLACEMENT_3D('',#15682,#12192,#12193);
#10038=AXIS2_PLACEMENT_3D('',#15686,#12196,#12197);
#10039=AXIS2_PLACEMENT_3D('',#15690,#12200,#12201);
#10040=AXIS2_PLACEMENT_3D('',#15693,#12204,#12205);
#10041=AXIS2_PLACEMENT_3D('',#15694,#12206,#12207);
#10042=AXIS2_PLACEMENT_3D('',#15696,#12209,#12210);
#10043=AXIS2_PLACEMENT_3D('',#15705,#12215,#12216);
#10044=AXIS2_PLACEMENT_3D('',#15711,#12220,#12221);
#10045=AXIS2_PLACEMENT_3D('',#15717,#12225,#12226);
#10046=AXIS2_PLACEMENT_3D('',#15723,#12230,#12231);
#10047=AXIS2_PLACEMENT_3D('',#15727,#12234,#12235);
#10048=AXIS2_PLACEMENT_3D('',#15731,#12238,#12239);
#10049=AXIS2_PLACEMENT_3D('',#15734,#12242,#12243);
#10050=AXIS2_PLACEMENT_3D('',#15735,#12244,#12245);
#10051=AXIS2_PLACEMENT_3D('',#15737,#12247,#12248);
#10052=AXIS2_PLACEMENT_3D('',#15746,#12253,#12254);
#10053=AXIS2_PLACEMENT_3D('',#15752,#12258,#12259);
#10054=AXIS2_PLACEMENT_3D('',#15758,#12263,#12264);
#10055=AXIS2_PLACEMENT_3D('',#15764,#12268,#12269);
#10056=AXIS2_PLACEMENT_3D('',#15768,#12272,#12273);
#10057=AXIS2_PLACEMENT_3D('',#15772,#12276,#12277);
#10058=AXIS2_PLACEMENT_3D('',#15775,#12280,#12281);
#10059=AXIS2_PLACEMENT_3D('',#15776,#12282,#12283);
#10060=AXIS2_PLACEMENT_3D('',#15778,#12285,#12286);
#10061=AXIS2_PLACEMENT_3D('',#15787,#12291,#12292);
#10062=AXIS2_PLACEMENT_3D('',#15793,#12296,#12297);
#10063=AXIS2_PLACEMENT_3D('',#15799,#12301,#12302);
#10064=AXIS2_PLACEMENT_3D('',#15805,#12306,#12307);
#10065=AXIS2_PLACEMENT_3D('',#15809,#12310,#12311);
#10066=AXIS2_PLACEMENT_3D('',#15813,#12314,#12315);
#10067=AXIS2_PLACEMENT_3D('',#15816,#12318,#12319);
#10068=AXIS2_PLACEMENT_3D('',#15817,#12320,#12321);
#10069=AXIS2_PLACEMENT_3D('',#15819,#12323,#12324);
#10070=AXIS2_PLACEMENT_3D('',#15828,#12329,#12330);
#10071=AXIS2_PLACEMENT_3D('',#15834,#12334,#12335);
#10072=AXIS2_PLACEMENT_3D('',#15840,#12339,#12340);
#10073=AXIS2_PLACEMENT_3D('',#15846,#12344,#12345);
#10074=AXIS2_PLACEMENT_3D('',#15850,#12348,#12349);
#10075=AXIS2_PLACEMENT_3D('',#15854,#12352,#12353);
#10076=AXIS2_PLACEMENT_3D('',#15857,#12356,#12357);
#10077=AXIS2_PLACEMENT_3D('',#15858,#12358,#12359);
#10078=AXIS2_PLACEMENT_3D('',#15860,#12361,#12362);
#10079=AXIS2_PLACEMENT_3D('',#15866,#12366,#12367);
#10080=AXIS2_PLACEMENT_3D('',#15872,#12371,#12372);
#10081=AXIS2_PLACEMENT_3D('',#15878,#12376,#12377);
#10082=AXIS2_PLACEMENT_3D('',#15884,#12381,#12382);
#10083=AXIS2_PLACEMENT_3D('',#15890,#12386,#12387);
#10084=AXIS2_PLACEMENT_3D('',#15896,#12391,#12392);
#10085=AXIS2_PLACEMENT_3D('',#15904,#12397,#12398);
#10086=AXIS2_PLACEMENT_3D('',#15918,#12407,#12408);
#10087=AXIS2_PLACEMENT_3D('',#15927,#12413,#12414);
#10088=AXIS2_PLACEMENT_3D('',#15936,#12419,#12420);
#10089=AXIS2_PLACEMENT_3D('',#15939,#12423,#12424);
#10090=AXIS2_PLACEMENT_3D('',#15945,#12428,#12429);
#10091=AXIS2_PLACEMENT_3D('',#15951,#12433,#12434);
#10092=AXIS2_PLACEMENT_3D('',#15953,#12436,#12437);
#10093=AXIS2_PLACEMENT_3D('',#15956,#12440,#12441);
#10094=AXIS2_PLACEMENT_3D('',#15962,#12445,#12446);
#10095=AXIS2_PLACEMENT_3D('',#15973,#12453,#12454);
#10096=AXIS2_PLACEMENT_3D('',#15976,#12457,#12458);
#10097=AXIS2_PLACEMENT_3D('',#15980,#12461,#12462);
#10098=AXIS2_PLACEMENT_3D('',#15984,#12465,#12466);
#10099=AXIS2_PLACEMENT_3D('',#15986,#12468,#12469);
#10100=AXIS2_PLACEMENT_3D('',#15987,#12470,#12471);
#10101=AXIS2_PLACEMENT_3D('',#15989,#12473,#12474);
#10102=AXIS2_PLACEMENT_3D('',#15993,#12477,#12478);
#10103=AXIS2_PLACEMENT_3D('',#15996,#12481,#12482);
#10104=AXIS2_PLACEMENT_3D('',#16000,#12485,#12486);
#10105=AXIS2_PLACEMENT_3D('',#16004,#12489,#12490);
#10106=AXIS2_PLACEMENT_3D('',#16006,#12492,#12493);
#10107=AXIS2_PLACEMENT_3D('',#16007,#12494,#12495);
#10108=AXIS2_PLACEMENT_3D('',#16014,#12496,#12497);
#10109=AXIS2_PLACEMENT_3D('',#16021,#12498,#12499);
#10110=AXIS2_PLACEMENT_3D('',#16023,#12500,#12501);
#10111=AXIS2_PLACEMENT_3D('',#16025,#12502,#12503);
#10112=AXIS2_PLACEMENT_3D('',#16034,#12504,#12505);
#10113=AXIS2_PLACEMENT_3D('',#16036,#12506,#12507);
#10114=AXIS2_PLACEMENT_3D('',#16038,#12508,#12509);
#10115=AXIS2_PLACEMENT_3D('',#16047,#12510,#12511);
#10116=AXIS2_PLACEMENT_3D('',#16049,#12512,#12513);
#10117=AXIS2_PLACEMENT_3D('',#16051,#12514,#12515);
#10118=AXIS2_PLACEMENT_3D('',#16060,#12516,#12517);
#10119=AXIS2_PLACEMENT_3D('',#16062,#12518,#12519);
#10120=AXIS2_PLACEMENT_3D('',#16063,#12520,#12521);
#10121=AXIS2_PLACEMENT_3D('',#16064,#12522,#12523);
#10122=AXIS2_PLACEMENT_3D('',#16068,#12526,#12527);
#10123=AXIS2_PLACEMENT_3D('',#16072,#12530,#12531);
#10124=AXIS2_PLACEMENT_3D('',#16076,#12534,#12535);
#10125=AXIS2_PLACEMENT_3D('',#16080,#12538,#12539);
#10126=AXIS2_PLACEMENT_3D('',#16086,#12543,#12544);
#10127=AXIS2_PLACEMENT_3D('',#16092,#12548,#12549);
#10128=AXIS2_PLACEMENT_3D('',#16098,#12553,#12554);
#10129=AXIS2_PLACEMENT_3D('',#16100,#12556,#12557);
#10130=AXIS2_PLACEMENT_3D('',#16106,#12561,#12562);
#10131=AXIS2_PLACEMENT_3D('',#16108,#12564,#12565);
#10132=AXIS2_PLACEMENT_3D('',#16119,#12572,#12573);
#10133=AXIS2_PLACEMENT_3D('',#16122,#12576,#12577);
#10134=AXIS2_PLACEMENT_3D('',#16123,#12578,#12579);
#10135=AXIS2_PLACEMENT_3D('',#16124,#12580,#12581);
#10136=AXIS2_PLACEMENT_3D('',#16126,#12583,#12584);
#10137=AXIS2_PLACEMENT_3D('',#16128,#12586,#12587);
#10138=AXIS2_PLACEMENT_3D('',#16129,#12588,#12589);
#10139=AXIS2_PLACEMENT_3D('',#16136,#12590,#12591);
#10140=AXIS2_PLACEMENT_3D('',#16143,#12592,#12593);
#10141=AXIS2_PLACEMENT_3D('',#16145,#12594,#12595);
#10142=AXIS2_PLACEMENT_3D('',#16147,#12596,#12597);
#10143=AXIS2_PLACEMENT_3D('',#16156,#12598,#12599);
#10144=AXIS2_PLACEMENT_3D('',#16158,#12600,#12601);
#10145=AXIS2_PLACEMENT_3D('',#16160,#12602,#12603);
#10146=AXIS2_PLACEMENT_3D('',#16169,#12604,#12605);
#10147=AXIS2_PLACEMENT_3D('',#16171,#12606,#12607);
#10148=AXIS2_PLACEMENT_3D('',#16173,#12608,#12609);
#10149=AXIS2_PLACEMENT_3D('',#16182,#12610,#12611);
#10150=AXIS2_PLACEMENT_3D('',#16184,#12612,#12613);
#10151=AXIS2_PLACEMENT_3D('',#16185,#12614,#12615);
#10152=AXIS2_PLACEMENT_3D('',#16186,#12616,#12617);
#10153=AXIS2_PLACEMENT_3D('',#16190,#12620,#12621);
#10154=AXIS2_PLACEMENT_3D('',#16194,#12624,#12625);
#10155=AXIS2_PLACEMENT_3D('',#16198,#12628,#12629);
#10156=AXIS2_PLACEMENT_3D('',#16202,#12632,#12633);
#10157=AXIS2_PLACEMENT_3D('',#16208,#12637,#12638);
#10158=AXIS2_PLACEMENT_3D('',#16214,#12642,#12643);
#10159=AXIS2_PLACEMENT_3D('',#16220,#12647,#12648);
#10160=AXIS2_PLACEMENT_3D('',#16222,#12650,#12651);
#10161=AXIS2_PLACEMENT_3D('',#16228,#12655,#12656);
#10162=AXIS2_PLACEMENT_3D('',#16230,#12658,#12659);
#10163=AXIS2_PLACEMENT_3D('',#16241,#12666,#12667);
#10164=AXIS2_PLACEMENT_3D('',#16244,#12670,#12671);
#10165=AXIS2_PLACEMENT_3D('',#16245,#12672,#12673);
#10166=AXIS2_PLACEMENT_3D('',#16246,#12674,#12675);
#10167=AXIS2_PLACEMENT_3D('',#16248,#12677,#12678);
#10168=AXIS2_PLACEMENT_3D('',#16250,#12680,#12681);
#10169=AXIS2_PLACEMENT_3D('',#16251,#12682,#12683);
#10170=AXIS2_PLACEMENT_3D('',#16258,#12684,#12685);
#10171=AXIS2_PLACEMENT_3D('',#16265,#12686,#12687);
#10172=AXIS2_PLACEMENT_3D('',#16267,#12688,#12689);
#10173=AXIS2_PLACEMENT_3D('',#16269,#12690,#12691);
#10174=AXIS2_PLACEMENT_3D('',#16278,#12692,#12693);
#10175=AXIS2_PLACEMENT_3D('',#16280,#12694,#12695);
#10176=AXIS2_PLACEMENT_3D('',#16282,#12696,#12697);
#10177=AXIS2_PLACEMENT_3D('',#16291,#12698,#12699);
#10178=AXIS2_PLACEMENT_3D('',#16293,#12700,#12701);
#10179=AXIS2_PLACEMENT_3D('',#16295,#12702,#12703);
#10180=AXIS2_PLACEMENT_3D('',#16304,#12704,#12705);
#10181=AXIS2_PLACEMENT_3D('',#16306,#12706,#12707);
#10182=AXIS2_PLACEMENT_3D('',#16307,#12708,#12709);
#10183=AXIS2_PLACEMENT_3D('',#16308,#12710,#12711);
#10184=AXIS2_PLACEMENT_3D('',#16312,#12714,#12715);
#10185=AXIS2_PLACEMENT_3D('',#16316,#12718,#12719);
#10186=AXIS2_PLACEMENT_3D('',#16320,#12722,#12723);
#10187=AXIS2_PLACEMENT_3D('',#16324,#12726,#12727);
#10188=AXIS2_PLACEMENT_3D('',#16330,#12731,#12732);
#10189=AXIS2_PLACEMENT_3D('',#16336,#12736,#12737);
#10190=AXIS2_PLACEMENT_3D('',#16342,#12741,#12742);
#10191=AXIS2_PLACEMENT_3D('',#16344,#12744,#12745);
#10192=AXIS2_PLACEMENT_3D('',#16350,#12749,#12750);
#10193=AXIS2_PLACEMENT_3D('',#16352,#12752,#12753);
#10194=AXIS2_PLACEMENT_3D('',#16363,#12760,#12761);
#10195=AXIS2_PLACEMENT_3D('',#16366,#12764,#12765);
#10196=AXIS2_PLACEMENT_3D('',#16367,#12766,#12767);
#10197=AXIS2_PLACEMENT_3D('',#16368,#12768,#12769);
#10198=AXIS2_PLACEMENT_3D('',#16370,#12771,#12772);
#10199=AXIS2_PLACEMENT_3D('',#16372,#12774,#12775);
#10200=AXIS2_PLACEMENT_3D('',#16373,#12776,#12777);
#10201=AXIS2_PLACEMENT_3D('',#16382,#12782,#12783);
#10202=AXIS2_PLACEMENT_3D('',#16384,#12784,#12785);
#10203=AXIS2_PLACEMENT_3D('',#16385,#12786,#12787);
#10204=AXIS2_PLACEMENT_3D('',#16386,#12788,#12789);
#10205=AXIS2_PLACEMENT_3D('',#16387,#12790,#12791);
#10206=AXIS2_PLACEMENT_3D('',#16388,#12792,#12793);
#10207=AXIS2_PLACEMENT_3D('',#16390,#12794,#12795);
#10208=AXIS2_PLACEMENT_3D('',#16392,#12796,#12797);
#10209=AXIS2_PLACEMENT_3D('',#16393,#12798,#12799);
#10210=AXIS2_PLACEMENT_3D('',#16395,#12801,#12802);
#10211=AXIS2_PLACEMENT_3D('',#16397,#12803,#12804);
#10212=AXIS2_PLACEMENT_3D('',#16399,#12806,#12807);
#10213=DIRECTION('axis',(0.,0.,1.));
#10214=DIRECTION('refdir',(1.,0.,0.));
#10215=DIRECTION('center_axis',(0.,-1.,2.08166817117217E-15));
#10216=DIRECTION('ref_axis',(0.,-2.08166817117217E-15,-1.));
#10217=DIRECTION('',(0.,2.08166817117217E-15,1.));
#10218=DIRECTION('',(1.,0.,0.));
#10219=DIRECTION('',(0.,2.08166817117217E-15,1.));
#10220=DIRECTION('',(1.,0.,0.));
#10221=DIRECTION('center_axis',(0.,0.,1.));
#10222=DIRECTION('ref_axis',(0.,-1.,0.));
#10223=DIRECTION('',(0.,1.,0.));
#10224=DIRECTION('',(0.,1.,0.));
#10225=DIRECTION('',(-1.,0.,0.));
#10226=DIRECTION('center_axis',(0.,1.,-2.42861286636753E-15));
#10227=DIRECTION('ref_axis',(0.,2.42861286636753E-15,1.));
#10228=DIRECTION('',(0.,-2.42861286636753E-15,-1.));
#10229=DIRECTION('',(0.,-2.42861286636753E-15,-1.));
#10230=DIRECTION('',(1.,0.,0.));
#10231=DIRECTION('center_axis',(0.,0.,-1.));
#10232=DIRECTION('ref_axis',(0.,1.,0.));
#10233=DIRECTION('',(0.,-1.,0.));
#10234=DIRECTION('',(0.,-1.,0.));
#10235=DIRECTION('center_axis',(1.,0.,0.));
#10236=DIRECTION('ref_axis',(0.,1.,0.));
#10237=DIRECTION('center_axis',(-1.,0.,0.));
#10238=DIRECTION('ref_axis',(0.,0.,1.));
#10239=DIRECTION('center_axis',(-1.,0.,0.));
#10240=DIRECTION('ref_axis',(0.,0.,1.));
#10241=DIRECTION('',(0.,-1.,0.));
#10242=DIRECTION('',(0.,-2.77555756156289E-15,-1.));
#10243=DIRECTION('',(0.,1.,0.));
#10244=DIRECTION('',(0.,0.,1.));
#10245=DIRECTION('center_axis',(1.,0.,0.));
#10246=DIRECTION('ref_axis',(0.,1.,0.));
#10247=DIRECTION('',(0.,-2.77555756156289E-15,-1.));
#10248=DIRECTION('',(0.,-1.,0.));
#10249=DIRECTION('',(0.,0.,1.));
#10250=DIRECTION('',(0.,1.,0.));
#10251=DIRECTION('center_axis',(0.,0.,-1.));
#10252=DIRECTION('ref_axis',(0.,1.,0.));
#10253=DIRECTION('',(1.,0.,0.));
#10254=DIRECTION('',(1.,0.,0.));
#10255=DIRECTION('center_axis',(0.,1.,-2.77555756156289E-15));
#10256=DIRECTION('ref_axis',(0.,2.77555756156289E-15,1.));
#10257=DIRECTION('',(-1.,0.,0.));
#10258=DIRECTION('center_axis',(0.,0.,1.));
#10259=DIRECTION('ref_axis',(0.,-1.,0.));
#10260=DIRECTION('',(1.,0.,0.));
#10261=DIRECTION('center_axis',(0.,-1.,0.));
#10262=DIRECTION('ref_axis',(0.,0.,-1.));
#10263=DIRECTION('center_axis',(0.,1.,6.93889390390722E-16));
#10264=DIRECTION('ref_axis',(0.,-6.93889390390722E-16,1.));
#10265=DIRECTION('',(0.,6.93889390390722E-16,-1.));
#10266=DIRECTION('',(1.,0.,0.));
#10267=DIRECTION('',(0.,6.93889390390722E-16,-1.));
#10268=DIRECTION('',(1.,0.,0.));
#10269=DIRECTION('center_axis',(0.,0.,-1.));
#10270=DIRECTION('ref_axis',(0.,1.,0.));
#10271=DIRECTION('',(0.,-1.,0.));
#10272=DIRECTION('',(0.,-1.,0.));
#10273=DIRECTION('',(-1.,0.,0.));
#10274=DIRECTION('center_axis',(0.,-1.,0.));
#10275=DIRECTION('ref_axis',(0.,0.,-1.));
#10276=DIRECTION('',(0.,0.,1.));
#10277=DIRECTION('',(0.,0.,1.));
#10278=DIRECTION('',(1.,0.,0.));
#10279=DIRECTION('center_axis',(0.,0.,1.));
#10280=DIRECTION('ref_axis',(0.,-1.,0.));
#10281=DIRECTION('',(0.,1.,0.));
#10282=DIRECTION('',(0.,1.,0.));
#10283=DIRECTION('center_axis',(1.,0.,0.));
#10284=DIRECTION('ref_axis',(0.,1.,0.));
#10285=DIRECTION('center_axis',(-1.,0.,0.));
#10286=DIRECTION('ref_axis',(0.,0.,1.));
#10287=DIRECTION('center_axis',(-1.,0.,0.));
#10288=DIRECTION('ref_axis',(0.,0.,1.));
#10289=DIRECTION('',(0.,0.,1.));
#10290=DIRECTION('',(0.,-1.,0.));
#10291=DIRECTION('',(0.,1.38777878078144E-15,-1.));
#10292=DIRECTION('',(0.,1.,0.));
#10293=DIRECTION('center_axis',(1.,0.,0.));
#10294=DIRECTION('ref_axis',(0.,1.,0.));
#10295=DIRECTION('',(0.,-1.,0.));
#10296=DIRECTION('',(0.,0.,1.));
#10297=DIRECTION('',(0.,1.,0.));
#10298=DIRECTION('',(0.,1.38777878078144E-15,-1.));
#10299=DIRECTION('center_axis',(0.,-1.,0.));
#10300=DIRECTION('ref_axis',(0.,0.,-1.));
#10301=DIRECTION('',(1.,0.,0.));
#10302=DIRECTION('',(1.,0.,0.));
#10303=DIRECTION('center_axis',(0.,0.,-1.));
#10304=DIRECTION('ref_axis',(0.,1.,0.));
#10305=DIRECTION('',(-1.,0.,0.));
#10306=DIRECTION('center_axis',(0.,1.,1.38777878078144E-15));
#10307=DIRECTION('ref_axis',(0.,-1.38777878078144E-15,1.));
#10308=DIRECTION('',(1.,0.,0.));
#10309=DIRECTION('center_axis',(0.,0.,1.));
#10310=DIRECTION('ref_axis',(0.,-1.,0.));
#10311=DIRECTION('center_axis',(0.,0.,1.));
#10312=DIRECTION('ref_axis',(0.,-1.,0.));
#10313=DIRECTION('',(0.,1.,0.));
#10314=DIRECTION('',(1.,0.,0.));
#10315=DIRECTION('',(0.,1.,0.));
#10316=DIRECTION('',(1.,0.,0.));
#10317=DIRECTION('center_axis',(0.,1.,0.));
#10318=DIRECTION('ref_axis',(0.,0.,1.));
#10319=DIRECTION('',(0.,0.,-1.));
#10320=DIRECTION('',(0.,0.,-1.));
#10321=DIRECTION('',(-1.,0.,0.));
#10322=DIRECTION('center_axis',(0.,0.,-1.));
#10323=DIRECTION('ref_axis',(0.,1.,0.));
#10324=DIRECTION('',(0.,-1.,0.));
#10325=DIRECTION('',(0.,-1.,0.));
#10326=DIRECTION('',(1.,0.,0.));
#10327=DIRECTION('center_axis',(0.,-1.,-2.77555756156289E-15));
#10328=DIRECTION('ref_axis',(0.,2.77555756156289E-15,-1.));
#10329=DIRECTION('',(0.,-2.77555756156289E-15,1.));
#10330=DIRECTION('',(0.,-2.77555756156289E-15,1.));
#10331=DIRECTION('center_axis',(1.,0.,0.));
#10332=DIRECTION('ref_axis',(0.,1.,0.));
#10333=DIRECTION('center_axis',(-1.,0.,0.));
#10334=DIRECTION('ref_axis',(0.,0.,1.));
#10335=DIRECTION('center_axis',(-1.,0.,0.));
#10336=DIRECTION('ref_axis',(0.,0.,1.));
#10337=DIRECTION('',(0.,-1.,2.22044604925031E-14));
#10338=DIRECTION('',(0.,-2.77555756156289E-15,-1.));
#10339=DIRECTION('',(0.,1.,-2.22044604925032E-14));
#10340=DIRECTION('',(0.,4.16333634234433E-15,1.));
#10341=DIRECTION('center_axis',(1.,0.,0.));
#10342=DIRECTION('ref_axis',(0.,1.,0.));
#10343=DIRECTION('',(0.,-2.77555756156289E-15,-1.));
#10344=DIRECTION('',(0.,-1.,2.22044604925031E-14));
#10345=DIRECTION('',(0.,4.16333634234433E-15,1.));
#10346=DIRECTION('',(0.,1.,-2.22044604925032E-14));
#10347=DIRECTION('center_axis',(0.,-2.22044604925031E-14,-1.));
#10348=DIRECTION('ref_axis',(0.,1.,-2.22044604925031E-14));
#10349=DIRECTION('',(1.,0.,0.));
#10350=DIRECTION('',(1.,0.,0.));
#10351=DIRECTION('center_axis',(0.,1.,-2.77555756156289E-15));
#10352=DIRECTION('ref_axis',(0.,2.77555756156289E-15,1.));
#10353=DIRECTION('',(-1.,0.,0.));
#10354=DIRECTION('center_axis',(0.,2.22044604925032E-14,1.));
#10355=DIRECTION('ref_axis',(0.,-1.,2.22044604925032E-14));
#10356=DIRECTION('',(1.,0.,0.));
#10357=DIRECTION('center_axis',(0.,-1.,4.16333634234433E-15));
#10358=DIRECTION('ref_axis',(0.,-4.16333634234433E-15,-1.));
#10359=DIRECTION('center_axis',(5.41233724504763E-15,6.62820148305358E-31,
-1.));
#10360=DIRECTION('ref_axis',(-1.,-1.22464679914735E-16,-6.31593542897867E-15));
#10361=DIRECTION('center_axis',(-2.70616862252382E-15,-3.31410074152679E-31,
1.));
#10362=DIRECTION('ref_axis',(-1.,0.,-2.70616862252382E-15));
#10363=DIRECTION('center_axis',(3.27056973259586E-45,-1.,-6.62820148305358E-31));
#10364=DIRECTION('ref_axis',(1.,0.,4.93432455388959E-15));
#10365=DIRECTION('center_axis',(5.41233724504763E-15,6.62820148305358E-31,
-1.));
#10366=DIRECTION('ref_axis',(-1.,-1.22464679914735E-16,-5.41233724504763E-15));
#10367=DIRECTION('center_axis',(5.41233724504763E-15,6.62820148305358E-31,
-1.));
#10368=DIRECTION('ref_axis',(-1.,-1.22464679914735E-16,-5.41233724504763E-15));
#10369=DIRECTION('',(1.,1.22464679914735E-16,5.41233724504763E-15));
#10370=DIRECTION('',(-1.22464679914735E-16,1.,0.));
#10371=DIRECTION('',(1.,1.22464679914735E-16,5.41233724504763E-15));
#10372=DIRECTION('',(1.22464679914735E-16,-1.,0.));
#10373=DIRECTION('',(1.,1.22464679914735E-16,5.41233724504763E-15));
#10374=DIRECTION('',(1.22464679914735E-16,-1.,0.));
#10375=DIRECTION('',(-1.,-1.22464679914735E-16,-5.41233724504763E-15));
#10376=DIRECTION('',(1.22464679914735E-16,-1.,0.));
#10377=DIRECTION('',(-1.,-1.22464679914735E-16,-5.41233724504763E-15));
#10378=DIRECTION('',(-1.22464679914735E-16,1.,0.));
#10379=DIRECTION('',(-1.,-1.22464679914735E-16,-5.41233724504763E-15));
#10380=DIRECTION('',(-1.22464679914735E-16,1.,0.));
#10381=DIRECTION('center_axis',(-1.22464679914735E-16,1.,0.));
#10382=DIRECTION('ref_axis',(1.,1.22464679914735E-16,5.41233724504763E-15));
#10383=DIRECTION('',(5.41233724504763E-15,6.62820148305358E-31,-1.));
#10384=DIRECTION('',(1.,1.22464679914735E-16,5.41233724504763E-15));
#10385=DIRECTION('',(5.41233724504763E-15,6.62820148305358E-31,-1.));
#10386=DIRECTION('center_axis',(-1.,-1.22464679914735E-16,-5.41233724504763E-15));
#10387=DIRECTION('ref_axis',(-1.22464679914735E-16,1.,0.));
#10388=DIRECTION('',(5.41233724504763E-15,6.62820148305358E-31,-1.));
#10389=DIRECTION('',(-1.22464679914735E-16,1.,0.));
#10390=DIRECTION('center_axis',(1.22464679914735E-16,-1.,0.));
#10391=DIRECTION('ref_axis',(-1.,-1.22464679914735E-16,-5.41233724504763E-15));
#10392=DIRECTION('',(5.41233724504763E-15,6.62820148305358E-31,-1.));
#10393=DIRECTION('',(-1.,-1.22464679914735E-16,-5.41233724504763E-15));
#10394=DIRECTION('center_axis',(-1.,-1.22464679914735E-16,-5.41233724504763E-15));
#10395=DIRECTION('ref_axis',(-1.22464679914735E-16,1.,0.));
#10396=DIRECTION('',(5.41233724504763E-15,6.62820148305358E-31,-1.));
#10397=DIRECTION('',(-1.22464679914735E-16,1.,0.));
#10398=DIRECTION('center_axis',(1.22464679914735E-16,-1.,0.));
#10399=DIRECTION('ref_axis',(-1.,-1.22464679914735E-16,-5.41233724504763E-15));
#10400=DIRECTION('',(5.41233724504763E-15,6.62820148305358E-31,-1.));
#10401=DIRECTION('',(-1.,-1.22464679914735E-16,-5.41233724504763E-15));
#10402=DIRECTION('center_axis',(1.,1.22464679914735E-16,5.41233724504763E-15));
#10403=DIRECTION('ref_axis',(1.22464679914735E-16,-1.,0.));
#10404=DIRECTION('',(5.41233724504763E-15,6.62820148305358E-31,-1.));
#10405=DIRECTION('',(1.22464679914735E-16,-1.,0.));
#10406=DIRECTION('center_axis',(1.22464679914735E-16,-1.,0.));
#10407=DIRECTION('ref_axis',(-1.,-1.22464679914735E-16,-5.41233724504763E-15));
#10408=DIRECTION('',(5.41233724504763E-15,6.62820148305358E-31,-1.));
#10409=DIRECTION('',(-1.,-1.22464679914735E-16,-5.41233724504763E-15));
#10410=DIRECTION('center_axis',(1.,1.22464679914735E-16,5.41233724504763E-15));
#10411=DIRECTION('ref_axis',(1.22464679914735E-16,-1.,0.));
#10412=DIRECTION('',(5.41233724504763E-15,6.62820148305358E-31,-1.));
#10413=DIRECTION('',(1.22464679914735E-16,-1.,0.));
#10414=DIRECTION('center_axis',(-1.22464679914735E-16,1.,0.));
#10415=DIRECTION('ref_axis',(1.,1.22464679914735E-16,5.41233724504763E-15));
#10416=DIRECTION('',(5.41233724504763E-15,6.62820148305358E-31,-1.));
#10417=DIRECTION('',(1.,1.22464679914735E-16,5.41233724504763E-15));
#10418=DIRECTION('center_axis',(1.,1.22464679914735E-16,5.41233724504763E-15));
#10419=DIRECTION('ref_axis',(1.22464679914735E-16,-1.,0.));
#10420=DIRECTION('',(5.41233724504763E-15,6.62820148305358E-31,-1.));
#10421=DIRECTION('',(1.22464679914735E-16,-1.,0.));
#10422=DIRECTION('center_axis',(-1.22464679914735E-16,1.,0.));
#10423=DIRECTION('ref_axis',(1.,1.22464679914735E-16,5.41233724504763E-15));
#10424=DIRECTION('',(5.41233724504763E-15,6.62820148305358E-31,-1.));
#10425=DIRECTION('',(1.,1.22464679914735E-16,5.41233724504763E-15));
#10426=DIRECTION('center_axis',(-1.,-1.22464679914735E-16,-5.41233724504763E-15));
#10427=DIRECTION('ref_axis',(-1.22464679914735E-16,1.,0.));
#10428=DIRECTION('',(-1.22464679914735E-16,1.,0.));
#10429=DIRECTION('center_axis',(5.41233724504763E-15,6.62820148305358E-31,
-1.));
#10430=DIRECTION('ref_axis',(-1.,-1.22464679914735E-16,-5.41233724504763E-15));
#10431=DIRECTION('center_axis',(0.,0.,1.));
#10432=DIRECTION('ref_axis',(-1.,0.,0.));
#10433=DIRECTION('center_axis',(0.,0.,-1.));
#10434=DIRECTION('ref_axis',(-1.,0.,0.));
#10435=DIRECTION('',(1.,2.25826722225517E-16,0.));
#10436=DIRECTION('center_axis',(0.,0.,-1.));
#10437=DIRECTION('ref_axis',(-1.,0.,0.));
#10438=DIRECTION('',(-1.,-1.19272013846714E-16,0.));
#10439=DIRECTION('center_axis',(5.41233724504763E-15,6.62820148305357E-31,
-1.));
#10440=DIRECTION('ref_axis',(-1.,-1.22464679914735E-16,-6.31593542897867E-15));
#10441=DIRECTION('center_axis',(-2.70616862252381E-15,-3.31410074152679E-31,
1.));
#10442=DIRECTION('ref_axis',(-1.,0.,-2.70616862252381E-15));
#10443=DIRECTION('center_axis',(-1.09564014614026E-31,-1.,-6.62820148305358E-31));
#10444=DIRECTION('ref_axis',(1.,-1.09564014614029E-31,4.93432455388958E-15));
#10445=DIRECTION('center_axis',(5.41233724504763E-15,6.62820148305357E-31,
-1.));
#10446=DIRECTION('ref_axis',(-1.,-1.22464679914735E-16,-5.41233724504763E-15));
#10447=DIRECTION('center_axis',(5.41233724504763E-15,6.62820148305357E-31,
-1.));
#10448=DIRECTION('ref_axis',(-1.,-1.22464679914735E-16,-5.41233724504763E-15));
#10449=DIRECTION('',(1.,1.22464679914735E-16,5.41233724504763E-15));
#10450=DIRECTION('',(-1.22464679914735E-16,1.,0.));
#10451=DIRECTION('',(1.,1.22464679914735E-16,5.41233724504763E-15));
#10452=DIRECTION('',(1.22464679914735E-16,-1.,0.));
#10453=DIRECTION('',(1.,1.22464679914735E-16,5.41233724504763E-15));
#10454=DIRECTION('',(1.22464679914735E-16,-1.,0.));
#10455=DIRECTION('',(-1.,-1.22464679914735E-16,-5.41233724504763E-15));
#10456=DIRECTION('',(1.22464679914735E-16,-1.,0.));
#10457=DIRECTION('',(-1.,-1.22464679914735E-16,-5.41233724504763E-15));
#10458=DIRECTION('',(-1.22464679914735E-16,1.,0.));
#10459=DIRECTION('',(-1.,-1.22464679914735E-16,-5.41233724504763E-15));
#10460=DIRECTION('',(-1.22464679914735E-16,1.,0.));
#10461=DIRECTION('center_axis',(-1.22464679914735E-16,1.,0.));
#10462=DIRECTION('ref_axis',(1.,1.22464679914735E-16,5.41233724504763E-15));
#10463=DIRECTION('',(5.41233724504763E-15,6.62820148305357E-31,-1.));
#10464=DIRECTION('',(1.,1.22464679914735E-16,5.41233724504763E-15));
#10465=DIRECTION('',(5.41233724504763E-15,6.62820148305357E-31,-1.));
#10466=DIRECTION('center_axis',(-1.,-1.22464679914735E-16,-5.41233724504763E-15));
#10467=DIRECTION('ref_axis',(-1.22464679914735E-16,1.,0.));
#10468=DIRECTION('',(5.41233724504763E-15,6.62820148305357E-31,-1.));
#10469=DIRECTION('',(-1.22464679914735E-16,1.,0.));
#10470=DIRECTION('center_axis',(1.22464679914735E-16,-1.,0.));
#10471=DIRECTION('ref_axis',(-1.,-1.22464679914735E-16,-5.41233724504763E-15));
#10472=DIRECTION('',(5.41233724504763E-15,6.62820148305357E-31,-1.));
#10473=DIRECTION('',(-1.,-1.22464679914735E-16,-5.41233724504763E-15));
#10474=DIRECTION('center_axis',(-1.,-1.22464679914735E-16,-5.41233724504763E-15));
#10475=DIRECTION('ref_axis',(-1.22464679914735E-16,1.,0.));
#10476=DIRECTION('',(5.41233724504763E-15,6.62820148305357E-31,-1.));
#10477=DIRECTION('',(-1.22464679914735E-16,1.,0.));
#10478=DIRECTION('center_axis',(1.22464679914735E-16,-1.,0.));
#10479=DIRECTION('ref_axis',(-1.,-1.22464679914735E-16,-5.41233724504763E-15));
#10480=DIRECTION('',(5.41233724504763E-15,6.62820148305357E-31,-1.));
#10481=DIRECTION('',(-1.,-1.22464679914735E-16,-5.41233724504763E-15));
#10482=DIRECTION('center_axis',(1.,1.22464679914735E-16,5.41233724504763E-15));
#10483=DIRECTION('ref_axis',(1.22464679914735E-16,-1.,0.));
#10484=DIRECTION('',(5.41233724504763E-15,6.62820148305357E-31,-1.));
#10485=DIRECTION('',(1.22464679914735E-16,-1.,0.));
#10486=DIRECTION('center_axis',(1.22464679914735E-16,-1.,0.));
#10487=DIRECTION('ref_axis',(-1.,-1.22464679914735E-16,-5.41233724504763E-15));
#10488=DIRECTION('',(5.41233724504763E-15,6.62820148305357E-31,-1.));
#10489=DIRECTION('',(-1.,-1.22464679914735E-16,-5.41233724504763E-15));
#10490=DIRECTION('center_axis',(1.,1.22464679914735E-16,5.41233724504763E-15));
#10491=DIRECTION('ref_axis',(1.22464679914735E-16,-1.,0.));
#10492=DIRECTION('',(5.41233724504763E-15,6.62820148305357E-31,-1.));
#10493=DIRECTION('',(1.22464679914735E-16,-1.,0.));
#10494=DIRECTION('center_axis',(-1.22464679914735E-16,1.,0.));
#10495=DIRECTION('ref_axis',(1.,1.22464679914735E-16,5.41233724504763E-15));
#10496=DIRECTION('',(5.41233724504763E-15,6.62820148305357E-31,-1.));
#10497=DIRECTION('',(1.,1.22464679914735E-16,5.41233724504763E-15));
#10498=DIRECTION('center_axis',(1.,1.22464679914735E-16,5.41233724504763E-15));
#10499=DIRECTION('ref_axis',(1.22464679914735E-16,-1.,0.));
#10500=DIRECTION('',(5.41233724504763E-15,6.62820148305357E-31,-1.));
#10501=DIRECTION('',(1.22464679914735E-16,-1.,0.));
#10502=DIRECTION('center_axis',(-1.22464679914735E-16,1.,0.));
#10503=DIRECTION('ref_axis',(1.,1.22464679914735E-16,5.41233724504763E-15));
#10504=DIRECTION('',(5.41233724504763E-15,6.62820148305357E-31,-1.));
#10505=DIRECTION('',(1.,1.22464679914735E-16,5.41233724504763E-15));
#10506=DIRECTION('center_axis',(-1.,-1.22464679914735E-16,-5.41233724504763E-15));
#10507=DIRECTION('ref_axis',(-1.22464679914735E-16,1.,0.));
#10508=DIRECTION('',(-1.22464679914735E-16,1.,0.));
#10509=DIRECTION('center_axis',(5.41233724504763E-15,6.62820148305357E-31,
-1.));
#10510=DIRECTION('ref_axis',(-1.,-1.22464679914735E-16,-5.41233724504763E-15));
#10511=DIRECTION('center_axis',(0.,0.,1.));
#10512=DIRECTION('ref_axis',(-1.,0.,0.));
#10513=DIRECTION('center_axis',(0.,0.,-1.));
#10514=DIRECTION('ref_axis',(-1.,0.,0.));
#10515=DIRECTION('',(-1.,2.25826722225517E-16,0.));
#10516=DIRECTION('center_axis',(0.,0.,-1.));
#10517=DIRECTION('ref_axis',(-1.,0.,0.));
#10518=DIRECTION('center_axis',(0.,0.,-1.));
#10519=DIRECTION('ref_axis',(-1.,0.,0.));
#10520=DIRECTION('',(1.,-1.19272013846714E-16,0.));
#10521=DIRECTION('center_axis',(5.41233724504763E-15,6.62820148305358E-31,
-1.));
#10522=DIRECTION('ref_axis',(-1.,0.,-6.31593542897867E-15));
#10523=DIRECTION('center_axis',(-2.70616862252382E-15,-3.31410074152679E-31,
1.));
#10524=DIRECTION('ref_axis',(-1.,0.,-2.70616862252382E-15));
#10525=DIRECTION('center_axis',(3.27056973259586E-45,-1.,-6.62820148305358E-31));
#10526=DIRECTION('ref_axis',(1.,0.,4.93432455388959E-15));
#10527=DIRECTION('center_axis',(5.41233724504763E-15,6.62820148305358E-31,
-1.));
#10528=DIRECTION('ref_axis',(-1.,-1.22464679914735E-16,-5.41233724504763E-15));
#10529=DIRECTION('center_axis',(5.41233724504763E-15,6.62820148305358E-31,
-1.));
#10530=DIRECTION('ref_axis',(-1.,-1.22464679914735E-16,-5.41233724504763E-15));
#10531=DIRECTION('',(1.,1.22464679914735E-16,5.41233724504763E-15));
#10532=DIRECTION('',(-1.22464679914735E-16,1.,0.));
#10533=DIRECTION('',(1.,1.22464679914735E-16,5.41233724504763E-15));
#10534=DIRECTION('',(1.22464679914735E-16,-1.,0.));
#10535=DIRECTION('',(1.,1.22464679914735E-16,5.41233724504763E-15));
#10536=DIRECTION('',(1.22464679914735E-16,-1.,0.));
#10537=DIRECTION('',(-1.,-1.22464679914735E-16,-5.41233724504763E-15));
#10538=DIRECTION('',(1.22464679914735E-16,-1.,0.));
#10539=DIRECTION('',(-1.,-1.22464679914735E-16,-5.41233724504763E-15));
#10540=DIRECTION('',(-1.22464679914735E-16,1.,0.));
#10541=DIRECTION('',(-1.,-1.22464679914735E-16,-5.41233724504763E-15));
#10542=DIRECTION('',(-1.22464679914735E-16,1.,0.));
#10543=DIRECTION('center_axis',(-1.22464679914735E-16,1.,0.));
#10544=DIRECTION('ref_axis',(1.,1.22464679914735E-16,5.41233724504763E-15));
#10545=DIRECTION('',(5.41233724504763E-15,6.62820148305358E-31,-1.));
#10546=DIRECTION('',(1.,1.22464679914735E-16,5.41233724504763E-15));
#10547=DIRECTION('',(5.41233724504763E-15,6.62820148305358E-31,-1.));
#10548=DIRECTION('center_axis',(-1.,-1.22464679914735E-16,-5.41233724504763E-15));
#10549=DIRECTION('ref_axis',(-1.22464679914735E-16,1.,0.));
#10550=DIRECTION('',(5.41233724504763E-15,6.62820148305358E-31,-1.));
#10551=DIRECTION('',(-1.22464679914735E-16,1.,0.));
#10552=DIRECTION('center_axis',(1.22464679914735E-16,-1.,0.));
#10553=DIRECTION('ref_axis',(-1.,-1.22464679914735E-16,-5.41233724504763E-15));
#10554=DIRECTION('',(5.41233724504763E-15,6.62820148305358E-31,-1.));
#10555=DIRECTION('',(-1.,-1.22464679914735E-16,-5.41233724504763E-15));
#10556=DIRECTION('center_axis',(-1.,-1.22464679914735E-16,-5.41233724504763E-15));
#10557=DIRECTION('ref_axis',(-1.22464679914735E-16,1.,0.));
#10558=DIRECTION('',(5.41233724504763E-15,6.62820148305358E-31,-1.));
#10559=DIRECTION('',(-1.22464679914735E-16,1.,0.));
#10560=DIRECTION('center_axis',(1.22464679914735E-16,-1.,0.));
#10561=DIRECTION('ref_axis',(-1.,-1.22464679914735E-16,-5.41233724504763E-15));
#10562=DIRECTION('',(5.41233724504763E-15,6.62820148305358E-31,-1.));
#10563=DIRECTION('',(-1.,-1.22464679914735E-16,-5.41233724504763E-15));
#10564=DIRECTION('center_axis',(1.,1.22464679914735E-16,5.41233724504763E-15));
#10565=DIRECTION('ref_axis',(1.22464679914735E-16,-1.,0.));
#10566=DIRECTION('',(5.41233724504763E-15,6.62820148305358E-31,-1.));
#10567=DIRECTION('',(1.22464679914735E-16,-1.,0.));
#10568=DIRECTION('center_axis',(1.22464679914735E-16,-1.,0.));
#10569=DIRECTION('ref_axis',(-1.,-1.22464679914735E-16,-5.41233724504763E-15));
#10570=DIRECTION('',(5.41233724504763E-15,6.62820148305358E-31,-1.));
#10571=DIRECTION('',(-1.,-1.22464679914735E-16,-5.41233724504763E-15));
#10572=DIRECTION('center_axis',(1.,1.22464679914735E-16,5.41233724504763E-15));
#10573=DIRECTION('ref_axis',(1.22464679914735E-16,-1.,0.));
#10574=DIRECTION('',(5.41233724504763E-15,6.62820148305358E-31,-1.));
#10575=DIRECTION('',(1.22464679914735E-16,-1.,0.));
#10576=DIRECTION('center_axis',(-1.22464679914735E-16,1.,0.));
#10577=DIRECTION('ref_axis',(1.,1.22464679914735E-16,5.41233724504763E-15));
#10578=DIRECTION('',(5.41233724504763E-15,6.62820148305358E-31,-1.));
#10579=DIRECTION('',(1.,1.22464679914735E-16,5.41233724504763E-15));
#10580=DIRECTION('center_axis',(1.,1.22464679914735E-16,5.41233724504763E-15));
#10581=DIRECTION('ref_axis',(1.22464679914735E-16,-1.,0.));
#10582=DIRECTION('',(5.41233724504763E-15,6.62820148305358E-31,-1.));
#10583=DIRECTION('',(1.22464679914735E-16,-1.,0.));
#10584=DIRECTION('center_axis',(-1.22464679914735E-16,1.,0.));
#10585=DIRECTION('ref_axis',(1.,1.22464679914735E-16,5.41233724504763E-15));
#10586=DIRECTION('',(5.41233724504763E-15,6.62820148305358E-31,-1.));
#10587=DIRECTION('',(1.,1.22464679914735E-16,5.41233724504763E-15));
#10588=DIRECTION('center_axis',(-1.,-1.22464679914735E-16,-5.41233724504763E-15));
#10589=DIRECTION('ref_axis',(-1.22464679914735E-16,1.,0.));
#10590=DIRECTION('',(-1.22464679914735E-16,1.,0.));
#10591=DIRECTION('center_axis',(5.41233724504763E-15,6.62820148305358E-31,
-1.));
#10592=DIRECTION('ref_axis',(-1.,-1.22464679914735E-16,-5.41233724504763E-15));
#10593=DIRECTION('center_axis',(0.,0.,1.));
#10594=DIRECTION('ref_axis',(-1.,0.,0.));
#10595=DIRECTION('center_axis',(0.,0.,-1.));
#10596=DIRECTION('ref_axis',(-1.,0.,0.));
#10597=DIRECTION('',(1.12913361112758E-16,1.,0.));
#10598=DIRECTION('center_axis',(0.,0.,-1.));
#10599=DIRECTION('ref_axis',(-1.,0.,0.));
#10600=DIRECTION('',(-1.19272013846714E-16,-1.,0.));
#10601=DIRECTION('center_axis',(5.41233724504763E-15,6.62820148305357E-31,
-1.));
#10602=DIRECTION('ref_axis',(-1.,0.,-6.31593542897867E-15));
#10603=DIRECTION('center_axis',(-2.70616862252381E-15,-3.31410074152679E-31,
1.));
#10604=DIRECTION('ref_axis',(-1.,0.,-2.70616862252381E-15));
#10605=DIRECTION('center_axis',(3.27056973259586E-45,-1.,-6.62820148305357E-31));
#10606=DIRECTION('ref_axis',(1.,0.,4.93432455388959E-15));
#10607=DIRECTION('center_axis',(5.41233724504763E-15,6.62820148305357E-31,
-1.));
#10608=DIRECTION('ref_axis',(-1.,-1.22464679914735E-16,-5.41233724504763E-15));
#10609=DIRECTION('center_axis',(5.41233724504763E-15,6.62820148305357E-31,
-1.));
#10610=DIRECTION('ref_axis',(-1.,-1.22464679914735E-16,-5.41233724504763E-15));
#10611=DIRECTION('',(1.,1.22464679914735E-16,5.41233724504763E-15));
#10612=DIRECTION('',(-1.22464679914735E-16,1.,0.));
#10613=DIRECTION('',(1.,1.22464679914735E-16,5.41233724504763E-15));
#10614=DIRECTION('',(1.22464679914735E-16,-1.,0.));
#10615=DIRECTION('',(1.,1.22464679914735E-16,5.41233724504763E-15));
#10616=DIRECTION('',(1.22464679914735E-16,-1.,0.));
#10617=DIRECTION('',(-1.,-1.22464679914735E-16,-5.41233724504763E-15));
#10618=DIRECTION('',(1.22464679914735E-16,-1.,0.));
#10619=DIRECTION('',(-1.,-1.22464679914735E-16,-5.41233724504763E-15));
#10620=DIRECTION('',(-1.22464679914735E-16,1.,0.));
#10621=DIRECTION('',(-1.,-1.22464679914735E-16,-5.41233724504763E-15));
#10622=DIRECTION('',(-1.22464679914735E-16,1.,0.));
#10623=DIRECTION('center_axis',(-1.22464679914735E-16,1.,0.));
#10624=DIRECTION('ref_axis',(1.,1.22464679914735E-16,5.41233724504763E-15));
#10625=DIRECTION('',(5.41233724504763E-15,6.62820148305357E-31,-1.));
#10626=DIRECTION('',(1.,1.22464679914735E-16,5.41233724504763E-15));
#10627=DIRECTION('',(5.41233724504763E-15,6.62820148305357E-31,-1.));
#10628=DIRECTION('center_axis',(-1.,-1.22464679914735E-16,-5.41233724504763E-15));
#10629=DIRECTION('ref_axis',(-1.22464679914735E-16,1.,0.));
#10630=DIRECTION('',(5.41233724504763E-15,6.62820148305357E-31,-1.));
#10631=DIRECTION('',(-1.22464679914735E-16,1.,0.));
#10632=DIRECTION('center_axis',(1.22464679914735E-16,-1.,0.));
#10633=DIRECTION('ref_axis',(-1.,-1.22464679914735E-16,-5.41233724504763E-15));
#10634=DIRECTION('',(5.41233724504763E-15,6.62820148305357E-31,-1.));
#10635=DIRECTION('',(-1.,-1.22464679914735E-16,-5.41233724504763E-15));
#10636=DIRECTION('center_axis',(-1.,-1.22464679914735E-16,-5.41233724504763E-15));
#10637=DIRECTION('ref_axis',(-1.22464679914735E-16,1.,0.));
#10638=DIRECTION('',(5.41233724504763E-15,6.62820148305357E-31,-1.));
#10639=DIRECTION('',(-1.22464679914735E-16,1.,0.));
#10640=DIRECTION('center_axis',(1.22464679914735E-16,-1.,0.));
#10641=DIRECTION('ref_axis',(-1.,-1.22464679914735E-16,-5.41233724504763E-15));
#10642=DIRECTION('',(5.41233724504763E-15,6.62820148305357E-31,-1.));
#10643=DIRECTION('',(-1.,-1.22464679914735E-16,-5.41233724504763E-15));
#10644=DIRECTION('center_axis',(1.,1.22464679914735E-16,5.41233724504763E-15));
#10645=DIRECTION('ref_axis',(1.22464679914735E-16,-1.,0.));
#10646=DIRECTION('',(5.41233724504763E-15,6.62820148305357E-31,-1.));
#10647=DIRECTION('',(1.22464679914735E-16,-1.,0.));
#10648=DIRECTION('center_axis',(1.22464679914735E-16,-1.,0.));
#10649=DIRECTION('ref_axis',(-1.,-1.22464679914735E-16,-5.41233724504763E-15));
#10650=DIRECTION('',(5.41233724504763E-15,6.62820148305357E-31,-1.));
#10651=DIRECTION('',(-1.,-1.22464679914735E-16,-5.41233724504763E-15));
#10652=DIRECTION('center_axis',(1.,1.22464679914735E-16,5.41233724504763E-15));
#10653=DIRECTION('ref_axis',(1.22464679914735E-16,-1.,0.));
#10654=DIRECTION('',(5.41233724504763E-15,6.62820148305357E-31,-1.));
#10655=DIRECTION('',(1.22464679914735E-16,-1.,0.));
#10656=DIRECTION('center_axis',(-1.22464679914735E-16,1.,0.));
#10657=DIRECTION('ref_axis',(1.,1.22464679914735E-16,5.41233724504763E-15));
#10658=DIRECTION('',(5.41233724504763E-15,6.62820148305357E-31,-1.));
#10659=DIRECTION('',(1.,1.22464679914735E-16,5.41233724504763E-15));
#10660=DIRECTION('center_axis',(1.,1.22464679914735E-16,5.41233724504763E-15));
#10661=DIRECTION('ref_axis',(1.22464679914735E-16,-1.,0.));
#10662=DIRECTION('',(5.41233724504763E-15,6.62820148305357E-31,-1.));
#10663=DIRECTION('',(1.22464679914735E-16,-1.,0.));
#10664=DIRECTION('center_axis',(-1.22464679914735E-16,1.,0.));
#10665=DIRECTION('ref_axis',(1.,1.22464679914735E-16,5.41233724504763E-15));
#10666=DIRECTION('',(5.41233724504763E-15,6.62820148305357E-31,-1.));
#10667=DIRECTION('',(1.,1.22464679914735E-16,5.41233724504763E-15));
#10668=DIRECTION('center_axis',(-1.,-1.22464679914735E-16,-5.41233724504763E-15));
#10669=DIRECTION('ref_axis',(-1.22464679914735E-16,1.,0.));
#10670=DIRECTION('',(-1.22464679914735E-16,1.,0.));
#10671=DIRECTION('center_axis',(5.41233724504763E-15,6.62820148305357E-31,
-1.));
#10672=DIRECTION('ref_axis',(-1.,-1.22464679914735E-16,-5.41233724504763E-15));
#10673=DIRECTION('center_axis',(0.,0.,1.));
#10674=DIRECTION('ref_axis',(-1.,0.,0.));
#10675=DIRECTION('center_axis',(0.,0.,-1.));
#10676=DIRECTION('ref_axis',(-1.,0.,0.));
#10677=DIRECTION('',(0.,-1.,0.));
#10678=DIRECTION('center_axis',(0.,0.,-1.));
#10679=DIRECTION('ref_axis',(-1.,0.,0.));
#10680=DIRECTION('',(0.,1.,0.));
#10681=DIRECTION('center_axis',(0.,0.,-1.));
#10682=DIRECTION('ref_axis',(1.,0.,0.));
#10683=DIRECTION('center_axis',(0.,1.,0.));
#10684=DIRECTION('ref_axis',(-1.,0.,0.));
#10685=DIRECTION('center_axis',(0.,0.,-1.));
#10686=DIRECTION('ref_axis',(-1.,0.,0.));
#10687=DIRECTION('center_axis',(0.,0.,-1.));
#10688=DIRECTION('ref_axis',(-1.,0.,0.));
#10689=DIRECTION('center_axis',(0.,-1.,0.));
#10690=DIRECTION('ref_axis',(-0.662700408783491,0.,-0.748884616077934));
#10691=DIRECTION('center_axis',(0.,0.,-1.));
#10692=DIRECTION('ref_axis',(1.,0.,0.));
#10693=DIRECTION('center_axis',(1.,2.02187109242006E-14,1.90001062200612E-13));
#10694=DIRECTION('ref_axis',(-1.55687820482086E-13,0.662700409006335,0.748884615880735));
#10695=DIRECTION('center_axis',(1.,6.87436171423602E-14,6.46003611483212E-13));
#10696=DIRECTION('ref_axis',(-5.29338589899594E-13,0.662700408490137,0.748884616337527));
#10697=DIRECTION('center_axis',(0.,0.,-1.));
#10698=DIRECTION('ref_axis',(1.,0.,0.));
#10699=DIRECTION('center_axis',(2.42515865283882E-14,-1.,-2.2795089778668E-13));
#10700=DIRECTION('ref_axis',(0.628654464450547,1.92519804211014E-13,-0.777684746106284));
#10701=DIRECTION('center_axis',(-2.42515865283888E-14,-1.,2.27950897786682E-13));
#10702=DIRECTION('ref_axis',(0.628654464429681,-1.92519804214355E-13,-0.777684746123152));
#10703=DIRECTION('center_axis',(0.,0.,-1.));
#10704=DIRECTION('ref_axis',(1.,0.,0.));
#10705=DIRECTION('center_axis',(1.,2.82935176164527E-14,-2.65942714084459E-13));
#10706=DIRECTION('ref_axis',(2.24606438249527E-13,-0.628654464432628,0.77768474612077));
#10707=DIRECTION('center_axis',(1.,8.0673771879176E-14,-6.82057482811255E-13));
#10708=DIRECTION('ref_axis',(5.81141627294219E-13,-0.628654464262844,0.777684746258017));
#10709=DIRECTION('center_axis',(0.,0.,-1.));
#10710=DIRECTION('ref_axis',(1.,0.,0.));
#10711=DIRECTION('center_axis',(4.02653252918894E-14,-1.,3.02189686082992E-13));
#10712=DIRECTION('ref_axis',(-0.662700408976749,-2.5298905453181E-13,-0.748884615906917));
#10713=DIRECTION('center_axis',(0.,0.,-1.));
#10714=DIRECTION('ref_axis',(1.,0.,0.));
#10715=DIRECTION('',(0.,1.,0.));
#10716=DIRECTION('',(1.,0.,0.));
#10717=DIRECTION('center_axis',(0.,0.,-1.));
#10718=DIRECTION('ref_axis',(1.,0.,0.));
#10719=DIRECTION('',(1.,0.,0.));
#10720=DIRECTION('',(0.,1.,0.));
#10721=DIRECTION('center_axis',(0.,0.,-1.));
#10722=DIRECTION('ref_axis',(1.,0.,0.));
#10723=DIRECTION('',(0.,1.,0.));
#10724=DIRECTION('',(1.,0.,0.));
#10725=DIRECTION('center_axis',(0.,0.,-1.));
#10726=DIRECTION('ref_axis',(1.,0.,0.));
#10727=DIRECTION('',(0.,1.,0.));
#10728=DIRECTION('',(1.,0.,0.));
#10729=DIRECTION('center_axis',(-1.,0.,0.));
#10730=DIRECTION('ref_axis',(0.,0.,-1.));
#10731=DIRECTION('',(0.,0.,-1.));
#10732=DIRECTION('',(0.,1.,0.));
#10733=DIRECTION('',(0.,0.,-1.));
#10734=DIRECTION('center_axis',(-1.,0.,0.));
#10735=DIRECTION('ref_axis',(0.,0.,-1.));
#10736=DIRECTION('',(0.,0.,-1.));
#10737=DIRECTION('',(0.,1.,0.));
#10738=DIRECTION('',(0.,0.,-1.));
#10739=DIRECTION('center_axis',(-1.,0.,0.));
#10740=DIRECTION('ref_axis',(0.,0.,-1.));
#10741=DIRECTION('',(0.,0.,-1.));
#10742=DIRECTION('',(0.,1.,0.));
#10743=DIRECTION('',(0.,0.,-1.));
#10744=DIRECTION('center_axis',(0.,1.,0.));
#10745=DIRECTION('ref_axis',(0.,0.,-1.));
#10746=DIRECTION('',(1.,0.,0.));
#10747=DIRECTION('center_axis',(-1.,0.,0.));
#10748=DIRECTION('ref_axis',(0.,0.,-1.));
#10749=DIRECTION('',(0.,0.,-1.));
#10750=DIRECTION('',(0.,1.,0.));
#10751=DIRECTION('',(0.,0.,-1.));
#10752=DIRECTION('center_axis',(0.,-1.,0.));
#10753=DIRECTION('ref_axis',(0.,0.,1.));
#10754=DIRECTION('',(-1.,0.,0.));
#10755=DIRECTION('center_axis',(0.,0.,-1.));
#10756=DIRECTION('ref_axis',(1.,0.,0.));
#10757=DIRECTION('',(1.,0.,0.));
#10758=DIRECTION('',(0.,1.,0.));
#10759=DIRECTION('',(1.,0.,0.));
#10760=DIRECTION('',(1.,0.,0.));
#10761=DIRECTION('',(0.,-1.,0.));
#10762=DIRECTION('',(1.,0.,0.));
#10763=DIRECTION('center_axis',(-1.,0.,0.));
#10764=DIRECTION('ref_axis',(0.,0.,-1.));
#10765=DIRECTION('',(0.,0.,-1.));
#10766=DIRECTION('',(0.,0.,-1.));
#10767=DIRECTION('center_axis',(0.,1.,0.));
#10768=DIRECTION('ref_axis',(0.,0.,-1.));
#10769=DIRECTION('center_axis',(0.,1.,0.));
#10770=DIRECTION('ref_axis',(0.,0.,-1.));
#10771=DIRECTION('center_axis',(0.,1.,0.));
#10772=DIRECTION('ref_axis',(0.,0.,-1.));
#10773=DIRECTION('',(0.,0.,-1.));
#10774=DIRECTION('center_axis',(1.,0.,0.));
#10775=DIRECTION('ref_axis',(0.,0.,1.));
#10776=DIRECTION('',(0.,0.,-1.));
#10777=DIRECTION('center_axis',(0.,1.,0.));
#10778=DIRECTION('ref_axis',(0.,0.,-1.));
#10779=DIRECTION('center_axis',(0.,0.,-1.));
#10780=DIRECTION('ref_axis',(-1.,0.,0.));
#10781=DIRECTION('',(0.,0.,-1.));
#10782=DIRECTION('center_axis',(0.,0.,-1.));
#10783=DIRECTION('ref_axis',(-1.,0.,0.));
#10784=DIRECTION('center_axis',(0.,0.,-1.));
#10785=DIRECTION('ref_axis',(-1.,0.,0.));
#10786=DIRECTION('center_axis',(0.,0.,1.));
#10787=DIRECTION('ref_axis',(-1.,0.,0.));
#10788=DIRECTION('',(0.,0.,-1.));
#10789=DIRECTION('center_axis',(0.,0.,-1.));
#10790=DIRECTION('ref_axis',(-1.,0.,0.));
#10791=DIRECTION('center_axis',(-1.,0.,0.));
#10792=DIRECTION('ref_axis',(0.,0.,1.));
#10793=DIRECTION('',(0.,0.,1.));
#10794=DIRECTION('',(0.,1.,0.));
#10795=DIRECTION('',(0.,0.,-1.));
#10796=DIRECTION('',(0.,1.,0.));
#10797=DIRECTION('',(0.,0.,-1.));
#10798=DIRECTION('',(0.,1.,0.));
#10799=DIRECTION('',(0.,0.,1.));
#10800=DIRECTION('',(0.,1.,0.));
#10801=DIRECTION('',(0.,0.,-1.));
#10802=DIRECTION('',(0.,1.,0.));
#10803=DIRECTION('',(0.,0.,1.));
#10804=DIRECTION('',(0.,1.,0.));
#10805=DIRECTION('center_axis',(-1.,0.,0.));
#10806=DIRECTION('ref_axis',(0.,0.,1.));
#10807=DIRECTION('',(0.,0.,-1.));
#10808=DIRECTION('',(0.,-1.,0.));
#10809=DIRECTION('',(0.,0.,1.));
#10810=DIRECTION('',(0.,1.,0.));
#10811=DIRECTION('',(0.,3.37084960112083E-16,1.));
#10812=DIRECTION('',(0.,-1.,0.));
#10813=DIRECTION('',(0.,-1.68542480056042E-16,-1.));
#10814=DIRECTION('',(0.,1.,0.));
#10815=DIRECTION('center_axis',(0.,0.,-1.));
#10816=DIRECTION('ref_axis',(-1.,0.,0.));
#10817=DIRECTION('center_axis',(0.,0.,1.));
#10818=DIRECTION('ref_axis',(3.27821759239712E-15,-1.,0.));
#10819=DIRECTION('',(0.,0.,-1.));
#10820=DIRECTION('center_axis',(0.,0.,-1.));
#10821=DIRECTION('ref_axis',(-1.,0.,0.));
#10822=DIRECTION('center_axis',(0.,0.,1.));
#10823=DIRECTION('ref_axis',(3.27821759239712E-15,-1.,0.));
#10824=DIRECTION('center_axis',(0.,0.,-1.));
#10825=DIRECTION('ref_axis',(-1.,0.,0.));
#10826=DIRECTION('center_axis',(0.,0.,1.));
#10827=DIRECTION('ref_axis',(-9.83465277719135E-15,1.,0.));
#10828=DIRECTION('',(0.,0.,-1.));
#10829=DIRECTION('center_axis',(0.,0.,-1.));
#10830=DIRECTION('ref_axis',(-1.,0.,0.));
#10831=DIRECTION('center_axis',(0.,0.,1.));
#10832=DIRECTION('ref_axis',(-9.83465277719135E-15,1.,0.));
#10833=DIRECTION('',(0.707107172470938,0.707106389901941,0.));
#10834=DIRECTION('center_axis',(-0.70700800710575,0.70691687119979,-0.0202043337295335));
#10835=DIRECTION('ref_axis',(3.92880532180664E-9,0.0285692564909045,0.999591815484479));
#10836=DIRECTION('',(-0.00103950164021909,0.,-0.999999459718024));
#10837=DIRECTION('',(0.00103950161872444,0.,0.999999459718046));
#10838=DIRECTION('',(0.,0.,-1.));
#10839=DIRECTION('',(0.,0.,1.));
#10840=DIRECTION('center_axis',(0.,-1.,0.));
#10841=DIRECTION('ref_axis',(0.707106781186547,0.,-0.707106781186547));
#10842=DIRECTION('',(0.,-1.,0.));
#10843=DIRECTION('center_axis',(0.,-1.,0.));
#10844=DIRECTION('ref_axis',(0.,0.,-1.));
#10845=DIRECTION('',(0.,1.,0.));
#10846=DIRECTION('center_axis',(-1.,0.,0.));
#10847=DIRECTION('ref_axis',(0.,0.,1.));
#10848=DIRECTION('',(0.,1.,0.));
#10849=DIRECTION('',(0.,3.37084960112083E-16,1.));
#10850=DIRECTION('',(0.,1.,0.));
#10851=DIRECTION('',(0.,0.,1.));
#10852=DIRECTION('',(-0.707107172475414,0.707106389897464,0.));
#10853=DIRECTION('center_axis',(-0.707007778947511,-0.706916567301424,-0.0202229419837577));
#10854=DIRECTION('ref_axis',(-0.0285918735533912,3.96450864661709E-9,0.999591168811883));
#10855=DIRECTION('',(0.,0.,-1.));
#10856=DIRECTION('',(0.,0.,1.));
#10857=DIRECTION('',(0.00103950160813628,0.,0.999999459718057));
#10858=DIRECTION('',(-0.00103950159543978,0.,-0.999999459718071));
#10859=DIRECTION('center_axis',(1.,0.,0.));
#10860=DIRECTION('ref_axis',(0.,0.707106781186545,-0.70710678118655));
#10861=DIRECTION('',(1.,0.,0.));
#10862=DIRECTION('center_axis',(1.,0.,0.));
#10863=DIRECTION('ref_axis',(0.,1.,0.));
#10864=DIRECTION('',(-1.,0.,0.));
#10865=DIRECTION('center_axis',(0.,1.,0.));
#10866=DIRECTION('ref_axis',(0.,0.,1.));
#10867=DIRECTION('',(1.,0.,0.));
#10868=DIRECTION('',(0.,0.,1.));
#10869=DIRECTION('center_axis',(-0.40824829046386,-0.40824829046386,-0.816496580927729));
#10870=DIRECTION('ref_axis',(0.57735026918963,0.577350269189627,-0.57735026918962));
#10871=DIRECTION('center_axis',(0.,1.,0.));
#10872=DIRECTION('ref_axis',(0.,0.,-1.));
#10873=DIRECTION('center_axis',(0.,0.,-1.));
#10874=DIRECTION('ref_axis',(1.,0.,0.));
#10875=DIRECTION('center_axis',(0.,0.,1.));
#10876=DIRECTION('ref_axis',(0.707106781186545,0.70710678118655,0.));
#10877=DIRECTION('center_axis',(0.,0.,-1.));
#10878=DIRECTION('ref_axis',(0.707106781186545,0.70710678118655,0.));
#10879=DIRECTION('',(0.,0.,-1.));
#10880=DIRECTION('center_axis',(-0.408248290463863,0.408248290463863,-0.816496580927726));
#10881=DIRECTION('ref_axis',(0.577350269189628,-0.577350269189626,-0.577350269189623));
#10882=DIRECTION('center_axis',(0.,0.,-1.));
#10883=DIRECTION('ref_axis',(0.,-1.,0.));
#10884=DIRECTION('center_axis',(1.,0.,0.));
#10885=DIRECTION('ref_axis',(0.,0.,-1.));
#10886=DIRECTION('center_axis',(0.,-1.,0.));
#10887=DIRECTION('ref_axis',(1.,0.,0.));
#10888=DIRECTION('center_axis',(-1.,0.,0.));
#10889=DIRECTION('ref_axis',(0.,-0.707106781186545,-0.70710678118655));
#10890=DIRECTION('',(1.,0.,0.));
#10891=DIRECTION('',(-1.,0.,0.));
#10892=DIRECTION('center_axis',(0.,1.,0.));
#10893=DIRECTION('ref_axis',(0.707106781186543,0.,-0.707106781186552));
#10894=DIRECTION('',(0.,-1.,0.));
#10895=DIRECTION('',(0.,1.,0.));
#10896=DIRECTION('center_axis',(0.,0.,-1.));
#10897=DIRECTION('ref_axis',(0.707106781186545,-0.70710678118655,0.));
#10898=DIRECTION('center_axis',(0.,0.,-1.));
#10899=DIRECTION('ref_axis',(0.707106781186545,-0.70710678118655,0.));
#10900=DIRECTION('',(0.,0.,-1.));
#10901=DIRECTION('',(0.,0.,1.));
#10902=DIRECTION('center_axis',(0.,0.,-1.));
#10903=DIRECTION('ref_axis',(-1.,0.,0.));
#10904=DIRECTION('center_axis',(0.,0.,1.));
#10905=DIRECTION('ref_axis',(0.923879532511286,-0.382683432365091,0.));
#10906=DIRECTION('',(-0.707106781186551,-0.707106781186544,0.));
#10907=DIRECTION('center_axis',(0.,0.,1.));
#10908=DIRECTION('ref_axis',(0.382683432365091,-0.923879532511286,0.));
#10909=DIRECTION('',(1.,2.04566447638774E-16,0.));
#10910=DIRECTION('center_axis',(0.,0.,1.));
#10911=DIRECTION('ref_axis',(-0.382683432365091,-0.923879532511286,0.));
#10912=DIRECTION('',(-0.707106781186551,0.707106781186544,0.));
#10913=DIRECTION('center_axis',(0.,0.,1.));
#10914=DIRECTION('ref_axis',(-0.923879532511289,-0.382683432365084,0.));
#10915=DIRECTION('',(1.02283223819387E-16,-1.,0.));
#10916=DIRECTION('center_axis',(0.,0.,1.));
#10917=DIRECTION('ref_axis',(-0.923879532511286,0.382683432365091,0.));
#10918=DIRECTION('',(0.707106781186551,0.707106781186544,0.));
#10919=DIRECTION('center_axis',(0.,0.,1.));
#10920=DIRECTION('ref_axis',(-0.382683432365091,0.923879532511286,0.));
#10921=DIRECTION('',(-1.,0.,0.));
#10922=DIRECTION('center_axis',(0.,0.,1.));
#10923=DIRECTION('ref_axis',(0.382683432365091,0.923879532511286,0.));
#10924=DIRECTION('',(-0.707106781186551,0.707106781186544,0.));
#10925=DIRECTION('center_axis',(0.,0.,1.));
#10926=DIRECTION('ref_axis',(0.923879532511286,0.382683432365091,0.));
#10927=DIRECTION('',(0.,1.,0.));
#10928=DIRECTION('center_axis',(0.,0.,-1.));
#10929=DIRECTION('ref_axis',(1.,0.,0.));
#10930=DIRECTION('center_axis',(0.,0.,1.));
#10931=DIRECTION('ref_axis',(-1.,0.,0.));
#10932=DIRECTION('center_axis',(0.,0.,1.));
#10933=DIRECTION('ref_axis',(-1.,0.,0.));
#10934=DIRECTION('center_axis',(0.,0.,1.));
#10935=DIRECTION('ref_axis',(-1.,0.,0.));
#10936=DIRECTION('center_axis',(0.,0.,1.));
#10937=DIRECTION('ref_axis',(-1.,0.,0.));
#10938=DIRECTION('center_axis',(0.,1.,0.));
#10939=DIRECTION('ref_axis',(1.,0.,0.));
#10940=DIRECTION('center_axis',(0.707106781186549,-0.707106781186546,-4.12097758184723E-15));
#10941=DIRECTION('ref_axis',(-5.82794238648383E-15,-4.73316543132607E-30,
-1.));
#10942=DIRECTION('center_axis',(0.,0.,-1.));
#10943=DIRECTION('ref_axis',(0.923879532511286,0.382683432365091,0.));
#10944=DIRECTION('center_axis',(0.,0.,-1.));
#10945=DIRECTION('ref_axis',(0.923879532511286,0.382683432365092,0.));
#10946=DIRECTION('center_axis',(0.,0.,-1.));
#10947=DIRECTION('ref_axis',(0.923879532511286,0.382683432365092,0.));
#10948=DIRECTION('',(0.,0.,-1.));
#10949=DIRECTION('',(0.,0.,1.));
#10950=DIRECTION('center_axis',(-0.707106781186544,-0.707106781186551,0.));
#10951=DIRECTION('ref_axis',(0.707106781186551,-0.707106781186544,0.));
#10952=DIRECTION('',(0.707106781186551,-0.707106781186544,0.));
#10953=DIRECTION('',(0.,0.,-1.));
#10954=DIRECTION('',(-0.707106781186551,0.707106781186544,0.));
#10955=DIRECTION('center_axis',(0.707106781186551,-0.707106781186544,0.));
#10956=DIRECTION('ref_axis',(0.499999999999999,0.500000000000004,-0.707106781186546));
#10957=DIRECTION('center_axis',(-0.707106781186548,0.707106781186548,-2.06048879092361E-15));
#10958=DIRECTION('ref_axis',(0.707106781186548,0.707106781186548,0.));
#10959=DIRECTION('center_axis',(1.,0.,0.));
#10960=DIRECTION('ref_axis',(0.,0.,-1.));
#10961=DIRECTION('center_axis',(0.,0.,-1.));
#10962=DIRECTION('ref_axis',(0.382683432365091,0.923879532511286,0.));
#10963=DIRECTION('center_axis',(0.,0.,-1.));
#10964=DIRECTION('ref_axis',(0.382683432365088,0.923879532511288,0.));
#10965=DIRECTION('center_axis',(0.,0.,-1.));
#10966=DIRECTION('ref_axis',(0.382683432365088,0.923879532511288,0.));
#10967=DIRECTION('',(0.,0.,1.));
#10968=DIRECTION('center_axis',(0.,-1.,0.));
#10969=DIRECTION('ref_axis',(0.,0.,-1.));
#10970=DIRECTION('',(1.,0.,0.));
#10971=DIRECTION('',(0.,0.,-1.));
#10972=DIRECTION('',(-1.,0.,0.));
#10973=DIRECTION('center_axis',(-1.,0.,0.));
#10974=DIRECTION('ref_axis',(0.,0.707106781186547,-0.707106781186547));
#10975=DIRECTION('center_axis',(-1.,0.,0.));
#10976=DIRECTION('ref_axis',(0.,1.,0.));
#10977=DIRECTION('center_axis',(1.,0.,0.));
#10978=DIRECTION('ref_axis',(0.,-1.,0.));
#10979=DIRECTION('center_axis',(-0.707106781186548,-0.707106781186548,-2.06048879092361E-15));
#10980=DIRECTION('ref_axis',(-2.91397119324192E-15,5.82794238648382E-15,
-1.));
#10981=DIRECTION('center_axis',(0.,0.,-1.));
#10982=DIRECTION('ref_axis',(0.382683432365091,-0.923879532511286,0.));
#10983=DIRECTION('center_axis',(0.,0.,-1.));
#10984=DIRECTION('ref_axis',(0.382683432365086,-0.923879532511288,0.));
#10985=DIRECTION('center_axis',(0.,0.,-1.));
#10986=DIRECTION('ref_axis',(0.382683432365086,-0.923879532511288,0.));
#10987=DIRECTION('',(0.,0.,-1.));
#10988=DIRECTION('',(0.,0.,1.));
#10989=DIRECTION('center_axis',(-0.707106781186544,0.707106781186551,0.));
#10990=DIRECTION('ref_axis',(-0.707106781186551,-0.707106781186544,0.));
#10991=DIRECTION('',(0.707106781186551,0.707106781186544,0.));
#10992=DIRECTION('',(0.,0.,-1.));
#10993=DIRECTION('',(-0.707106781186551,-0.707106781186544,0.));
#10994=DIRECTION('center_axis',(-0.707106781186551,-0.707106781186544,0.));
#10995=DIRECTION('ref_axis',(0.707106781186544,-0.707106781186551,0.));
#10996=DIRECTION('center_axis',(0.707106781186548,0.707106781186548,-2.06048879092361E-15));
#10997=DIRECTION('ref_axis',(0.707106781186548,-0.707106781186548,0.));
#10998=DIRECTION('center_axis',(0.,0.,-1.));
#10999=DIRECTION('ref_axis',(0.923879532511286,-0.382683432365091,0.));
#11000=DIRECTION('center_axis',(0.,0.,-1.));
#11001=DIRECTION('ref_axis',(0.923879532511286,-0.382683432365092,0.));
#11002=DIRECTION('center_axis',(0.,0.,-1.));
#11003=DIRECTION('ref_axis',(0.923879532511286,-0.382683432365092,0.));
#11004=DIRECTION('center_axis',(0.,-1.,0.));
#11005=DIRECTION('ref_axis',(-1.,0.,0.));
#11006=DIRECTION('center_axis',(-0.707106781186548,0.707106781186548,-2.06048879092361E-15));
#11007=DIRECTION('ref_axis',(5.82794238648382E-15,2.91397119324192E-15,
-1.));
#11008=DIRECTION('center_axis',(0.,0.,-1.));
#11009=DIRECTION('ref_axis',(-0.923879532511289,-0.382683432365084,0.));
#11010=DIRECTION('center_axis',(0.,0.,-1.));
#11011=DIRECTION('ref_axis',(-0.923879532511286,-0.382683432365092,0.));
#11012=DIRECTION('center_axis',(0.,0.,-1.));
#11013=DIRECTION('ref_axis',(-0.923879532511286,-0.382683432365092,0.));
#11014=DIRECTION('',(0.,0.,-1.));
#11015=DIRECTION('',(0.,0.,1.));
#11016=DIRECTION('center_axis',(0.707106781186544,0.707106781186551,0.));
#11017=DIRECTION('ref_axis',(-0.707106781186551,0.707106781186544,0.));
#11018=DIRECTION('',(0.707106781186551,-0.707106781186544,0.));
#11019=DIRECTION('',(0.,0.,-1.));
#11020=DIRECTION('',(-0.707106781186551,0.707106781186544,0.));
#11021=DIRECTION('center_axis',(-0.707106781186551,0.707106781186544,0.));
#11022=DIRECTION('ref_axis',(-0.707106781186544,-0.707106781186551,0.));
#11023=DIRECTION('center_axis',(0.70710678118655,-0.707106781186545,3.39649124601745E-29));
#11024=DIRECTION('ref_axis',(-0.707106781186545,-0.70710678118655,0.));
#11025=DIRECTION('center_axis',(-1.,0.,0.));
#11026=DIRECTION('ref_axis',(0.,0.,-1.));
#11027=DIRECTION('center_axis',(0.,0.,-1.));
#11028=DIRECTION('ref_axis',(-0.382683432365091,-0.923879532511286,0.));
#11029=DIRECTION('center_axis',(0.,0.,-1.));
#11030=DIRECTION('ref_axis',(-0.382683432365086,-0.923879532511288,0.));
#11031=DIRECTION('center_axis',(0.,0.,-1.));
#11032=DIRECTION('ref_axis',(-0.382683432365086,-0.923879532511288,0.));
#11033=DIRECTION('',(0.,0.,1.));
#11034=DIRECTION('center_axis',(-2.04566447638774E-16,1.,0.));
#11035=DIRECTION('ref_axis',(-1.,-2.04566447638774E-16,0.));
#11036=DIRECTION('',(1.,2.04566447638774E-16,0.));
#11037=DIRECTION('',(-1.,-2.04566447638774E-16,0.));
#11038=DIRECTION('center_axis',(-1.,-2.04566447638774E-16,0.));
#11039=DIRECTION('ref_axis',(1.4465032232862E-16,-0.707106781186547,-0.707106781186547));
#11040=DIRECTION('center_axis',(0.707106781186548,0.707106781186548,-2.06048879092361E-15));
#11041=DIRECTION('ref_axis',(2.91397119324192E-15,-5.82794238648382E-15,
-1.));
#11042=DIRECTION('center_axis',(0.,0.,-1.));
#11043=DIRECTION('ref_axis',(-0.382683432365091,0.923879532511286,0.));
#11044=DIRECTION('center_axis',(0.,0.,-1.));
#11045=DIRECTION('ref_axis',(-0.382683432365086,0.923879532511288,0.));
#11046=DIRECTION('center_axis',(0.,0.,-1.));
#11047=DIRECTION('ref_axis',(-0.382683432365086,0.923879532511288,0.));
#11048=DIRECTION('',(0.,0.,1.));
#11049=DIRECTION('center_axis',(0.707106781186544,-0.707106781186551,0.));
#11050=DIRECTION('ref_axis',(0.707106781186551,0.707106781186544,0.));
#11051=DIRECTION('',(-0.707106781186551,-0.707106781186544,0.));
#11052=DIRECTION('',(0.,0.,-1.));
#11053=DIRECTION('',(0.707106781186551,0.707106781186544,0.));
#11054=DIRECTION('center_axis',(0.707106781186551,0.707106781186544,0.));
#11055=DIRECTION('ref_axis',(-0.707106781186544,0.707106781186551,0.));
#11056=DIRECTION('center_axis',(-0.707106781186548,-0.707106781186548,-2.06048879092361E-15));
#11057=DIRECTION('ref_axis',(-0.707106781186548,0.707106781186548,0.));
#11058=DIRECTION('center_axis',(0.,1.,0.));
#11059=DIRECTION('ref_axis',(0.,0.,-1.));
#11060=DIRECTION('center_axis',(0.,0.,-1.));
#11061=DIRECTION('ref_axis',(-0.923879532511286,0.382683432365091,0.));
#11062=DIRECTION('center_axis',(0.,0.,-1.));
#11063=DIRECTION('ref_axis',(-0.923879532511286,0.382683432365092,0.));
#11064=DIRECTION('center_axis',(0.,0.,-1.));
#11065=DIRECTION('ref_axis',(-0.923879532511286,0.382683432365092,0.));
#11066=DIRECTION('',(0.,0.,1.));
#11067=DIRECTION('center_axis',(1.,1.02283223819387E-16,0.));
#11068=DIRECTION('ref_axis',(-1.02283223819387E-16,1.,0.));
#11069=DIRECTION('',(1.02283223819387E-16,-1.,0.));
#11070=DIRECTION('',(-1.02283223819387E-16,1.,0.));
#11071=DIRECTION('center_axis',(-1.02283223819387E-16,1.,0.));
#11072=DIRECTION('ref_axis',(-0.707106781186547,-7.23251611643099E-17,-0.707106781186547));
#11073=DIRECTION('center_axis',(0.,-1.,3.37084960112083E-16));
#11074=DIRECTION('ref_axis',(0.,3.37084960112083E-16,1.));
#11075=DIRECTION('',(-1.,0.,0.));
#11076=DIRECTION('',(-1.,0.,0.));
#11077=DIRECTION('',(-1.,0.,0.));
#11078=DIRECTION('center_axis',(0.,1.,-1.68542480056042E-16));
#11079=DIRECTION('ref_axis',(0.,-1.68542480056042E-16,-1.));
#11080=DIRECTION('',(0.,-1.68542480056042E-16,-1.));
#11081=DIRECTION('',(1.,0.,0.));
#11082=DIRECTION('',(1.,0.,0.));
#11083=DIRECTION('',(-1.,0.,0.));
#11084=DIRECTION('center_axis',(-1.,0.,0.));
#11085=DIRECTION('ref_axis',(0.,0.,1.));
#11086=DIRECTION('',(0.,-1.,0.));
#11087=DIRECTION('',(0.,1.,0.));
#11088=DIRECTION('',(0.,1.,0.));
#11089=DIRECTION('center_axis',(0.,-1.,0.));
#11090=DIRECTION('ref_axis',(0.,0.,-1.));
#11091=DIRECTION('',(1.,0.,0.));
#11092=DIRECTION('center_axis',(0.,0.,1.));
#11093=DIRECTION('ref_axis',(0.,-1.,0.));
#11094=DIRECTION('',(0.,-1.,0.));
#11095=DIRECTION('center_axis',(1.,0.,0.));
#11096=DIRECTION('ref_axis',(0.,0.,-1.));
#11097=DIRECTION('center_axis',(0.,-1.,0.));
#11098=DIRECTION('ref_axis',(0.707106781186547,0.,-0.707106781186547));
#11099=DIRECTION('center_axis',(0.,0.,-1.));
#11100=DIRECTION('ref_axis',(1.,0.,0.));
#11101=DIRECTION('center_axis',(0.,0.,1.));
#11102=DIRECTION('ref_axis',(1.,0.,0.));
#11103=DIRECTION('',(-0.707106781186549,8.65956056235496E-17,-0.707106781186546));
#11104=DIRECTION('center_axis',(0.,0.,1.));
#11105=DIRECTION('ref_axis',(1.,0.,0.));
#11106=DIRECTION('center_axis',(0.,0.,-1.));
#11107=DIRECTION('ref_axis',(-1.,0.,0.));
#11108=DIRECTION('center_axis',(0.,0.,-1.));
#11109=DIRECTION('ref_axis',(-1.,0.,0.));
#11110=DIRECTION('',(0.,0.,-1.));
#11111=DIRECTION('center_axis',(0.,0.,-1.));
#11112=DIRECTION('ref_axis',(-1.,0.,0.));
#11113=DIRECTION('',(0.707106781186542,-8.65956056235487E-17,-0.707106781186553));
#11114=DIRECTION('center_axis',(0.,0.,-1.));
#11115=DIRECTION('ref_axis',(-1.,0.,0.));
#11116=DIRECTION('',(0.707106781186542,-8.65956056235487E-17,-0.707106781186553));
#11117=DIRECTION('center_axis',(0.,0.,-1.));
#11118=DIRECTION('ref_axis',(-1.,0.,0.));
#11119=DIRECTION('',(0.707106781186542,-8.65956056235487E-17,-0.707106781186553));
#11120=DIRECTION('center_axis',(0.,0.,-1.));
#11121=DIRECTION('ref_axis',(-1.,0.,0.));
#11122=DIRECTION('',(0.707106781186542,-8.65956056235487E-17,-0.707106781186553));
#11123=DIRECTION('center_axis',(0.,0.,1.));
#11124=DIRECTION('ref_axis',(1.,0.,0.));
#11125=DIRECTION('',(-2.38943891978176E-16,-1.,0.));
#11126=DIRECTION('',(-2.38943891978176E-16,-1.,0.));
#11127=DIRECTION('center_axis',(0.,0.,1.));
#11128=DIRECTION('ref_axis',(0.923879532511285,-0.382683432365093,0.));
#11129=DIRECTION('',(0.707106781186552,0.707106781186543,0.));
#11130=DIRECTION('center_axis',(0.,0.,1.));
#11131=DIRECTION('ref_axis',(0.382683432365086,-0.923879532511288,0.));
#11132=DIRECTION('',(1.,0.,0.));
#11133=DIRECTION('center_axis',(0.,0.,1.));
#11134=DIRECTION('ref_axis',(-0.382683432365088,-0.923879532511288,0.));
#11135=DIRECTION('',(0.707106781186551,-0.707106781186544,0.));
#11136=DIRECTION('center_axis',(0.,0.,1.));
#11137=DIRECTION('ref_axis',(-0.923879532511285,-0.382683432365093,0.));
#11138=DIRECTION('',(-2.38943891978177E-16,1.,0.));
#11139=DIRECTION('center_axis',(0.,0.,1.));
#11140=DIRECTION('ref_axis',(-0.923879532511286,0.382683432365092,0.));
#11141=DIRECTION('',(0.707106781186551,0.707106781186544,0.));
#11142=DIRECTION('center_axis',(0.,0.,1.));
#11143=DIRECTION('ref_axis',(-0.382683432365087,0.923879532511288,0.));
#11144=DIRECTION('',(1.,0.,0.));
#11145=DIRECTION('center_axis',(0.,0.,1.));
#11146=DIRECTION('ref_axis',(0.382683432365087,0.923879532511288,0.));
#11147=DIRECTION('',(0.707106781186551,-0.707106781186544,0.));
#11148=DIRECTION('center_axis',(0.,0.,1.));
#11149=DIRECTION('ref_axis',(0.923879532511286,0.382683432365092,0.));
#11150=DIRECTION('center_axis',(0.,0.,-1.));
#11151=DIRECTION('ref_axis',(-1.,0.,0.));
#11152=DIRECTION('center_axis',(0.,0.,1.));
#11153=DIRECTION('ref_axis',(-1.,0.,0.));
#11154=DIRECTION('center_axis',(0.,0.,1.));
#11155=DIRECTION('ref_axis',(1.,0.,0.));
#11156=DIRECTION('',(1.,0.,0.));
#11157=DIRECTION('',(-2.38943891978176E-16,-1.,0.));
#11158=DIRECTION('center_axis',(0.,0.,1.));
#11159=DIRECTION('ref_axis',(1.,0.,0.));
#11160=DIRECTION('',(1.,0.,0.));
#11161=DIRECTION('',(-2.38943891978176E-16,-1.,0.));
#11162=DIRECTION('',(-1.,0.,0.));
#11163=DIRECTION('center_axis',(0.,0.,1.));
#11164=DIRECTION('ref_axis',(1.,0.,0.));
#11165=DIRECTION('center_axis',(0.,0.,-1.));
#11166=DIRECTION('ref_axis',(1.,0.,0.));
#11167=DIRECTION('center_axis',(0.,0.,-1.));
#11168=DIRECTION('ref_axis',(1.,0.,0.));
#11169=DIRECTION('center_axis',(0.,0.,1.));
#11170=DIRECTION('ref_axis',(1.,0.,0.));
#11171=DIRECTION('center_axis',(0.,0.,-1.));
#11172=DIRECTION('ref_axis',(1.,0.,0.));
#11173=DIRECTION('center_axis',(0.,0.,-1.));
#11174=DIRECTION('ref_axis',(1.,0.,0.));
#11175=DIRECTION('center_axis',(0.,0.,1.));
#11176=DIRECTION('ref_axis',(1.,0.,0.));
#11177=DIRECTION('center_axis',(0.,0.,-1.));
#11178=DIRECTION('ref_axis',(1.,0.,0.));
#11179=DIRECTION('center_axis',(0.,0.,-1.));
#11180=DIRECTION('ref_axis',(1.,0.,0.));
#11181=DIRECTION('center_axis',(0.,0.,1.));
#11182=DIRECTION('ref_axis',(1.,0.,0.));
#11183=DIRECTION('center_axis',(0.,0.,-1.));
#11184=DIRECTION('ref_axis',(1.,0.,0.));
#11185=DIRECTION('center_axis',(0.,0.,-1.));
#11186=DIRECTION('ref_axis',(1.,0.,0.));
#11187=DIRECTION('center_axis',(0.,0.,-1.));
#11188=DIRECTION('ref_axis',(-1.,0.,0.));
#11189=DIRECTION('center_axis',(0.,0.,1.));
#11190=DIRECTION('ref_axis',(-1.,0.,0.));
#11191=DIRECTION('',(0.,0.,-1.));
#11192=DIRECTION('center_axis',(0.,0.,1.));
#11193=DIRECTION('ref_axis',(-1.,0.,0.));
#11194=DIRECTION('center_axis',(0.,0.,-1.));
#11195=DIRECTION('ref_axis',(-1.,0.,0.));
#11196=DIRECTION('center_axis',(0.,0.,-1.));
#11197=DIRECTION('ref_axis',(-1.,0.,0.));
#11198=DIRECTION('',(0.,0.,-1.));
#11199=DIRECTION('center_axis',(0.,0.,-1.));
#11200=DIRECTION('ref_axis',(-1.,0.,0.));
#11201=DIRECTION('center_axis',(0.,0.,1.));
#11202=DIRECTION('ref_axis',(-1.,0.,0.));
#11203=DIRECTION('center_axis',(0.,0.,1.));
#11204=DIRECTION('ref_axis',(-1.,0.,0.));
#11205=DIRECTION('center_axis',(0.,0.,1.));
#11206=DIRECTION('ref_axis',(-1.,0.,0.));
#11207=DIRECTION('center_axis',(-2.25826722225517E-16,1.,0.));
#11208=DIRECTION('ref_axis',(1.,2.25826722225517E-16,0.));
#11209=DIRECTION('',(1.,2.25826722225517E-16,0.));
#11210=DIRECTION('',(0.,0.,1.));
#11211=DIRECTION('',(0.,0.,-1.));
#11212=DIRECTION('center_axis',(1.19272013846714E-16,-1.,0.));
#11213=DIRECTION('ref_axis',(-1.,-1.19272013846714E-16,0.));
#11214=DIRECTION('',(-1.,-1.19272013846714E-16,0.));
#11215=DIRECTION('',(0.,0.,-1.));
#11216=DIRECTION('',(0.,0.,-1.));
#11217=DIRECTION('center_axis',(0.,0.,-1.));
#11218=DIRECTION('ref_axis',(1.,-1.22464679914735E-16,0.));
#11219=DIRECTION('center_axis',(0.,0.,-1.));
#11220=DIRECTION('ref_axis',(-1.,0.,0.));
#11221=DIRECTION('center_axis',(0.,0.,-1.));
#11222=DIRECTION('ref_axis',(-1.,0.,0.));
#11223=DIRECTION('center_axis',(-1.,1.12913361112758E-16,0.));
#11224=DIRECTION('ref_axis',(1.12913361112758E-16,1.,0.));
#11225=DIRECTION('',(1.12913361112758E-16,1.,0.));
#11226=DIRECTION('',(0.,0.,1.));
#11227=DIRECTION('',(0.,0.,-1.));
#11228=DIRECTION('center_axis',(1.,-1.19272013846714E-16,0.));
#11229=DIRECTION('ref_axis',(-1.19272013846714E-16,-1.,0.));
#11230=DIRECTION('',(-1.19272013846714E-16,-1.,0.));
#11231=DIRECTION('',(0.,0.,-1.));
#11232=DIRECTION('',(0.,0.,-1.));
#11233=DIRECTION('center_axis',(0.,0.,-1.));
#11234=DIRECTION('ref_axis',(-1.,0.,0.));
#11235=DIRECTION('center_axis',(0.,0.,-1.));
#11236=DIRECTION('ref_axis',(-1.,0.,0.));
#11237=DIRECTION('center_axis',(0.,0.,-1.));
#11238=DIRECTION('ref_axis',(-1.,0.,0.));
#11239=DIRECTION('center_axis',(1.,0.,0.));
#11240=DIRECTION('ref_axis',(0.,-1.,0.));
#11241=DIRECTION('',(0.,-1.,0.));
#11242=DIRECTION('',(0.,0.,1.));
#11243=DIRECTION('',(0.,0.,-1.));
#11244=DIRECTION('center_axis',(-1.,0.,0.));
#11245=DIRECTION('ref_axis',(0.,1.,0.));
#11246=DIRECTION('',(0.,1.,0.));
#11247=DIRECTION('',(0.,0.,-1.));
#11248=DIRECTION('',(0.,0.,-1.));
#11249=DIRECTION('center_axis',(0.,0.,-1.));
#11250=DIRECTION('ref_axis',(-1.,0.,0.));
#11251=DIRECTION('center_axis',(0.,0.,-1.));
#11252=DIRECTION('ref_axis',(-1.,0.,0.));
#11253=DIRECTION('center_axis',(0.,0.,-1.));
#11254=DIRECTION('ref_axis',(-1.,0.,0.));
#11255=DIRECTION('center_axis',(-2.25826722225517E-16,-1.,0.));
#11256=DIRECTION('ref_axis',(-1.,2.25826722225517E-16,0.));
#11257=DIRECTION('',(-1.,2.25826722225517E-16,0.));
#11258=DIRECTION('',(0.,0.,1.));
#11259=DIRECTION('',(0.,0.,-1.));
#11260=DIRECTION('center_axis',(1.19272013846714E-16,1.,0.));
#11261=DIRECTION('ref_axis',(1.,-1.19272013846714E-16,0.));
#11262=DIRECTION('',(1.,-1.19272013846714E-16,0.));
#11263=DIRECTION('',(0.,0.,-1.));
#11264=DIRECTION('',(0.,0.,-1.));
#11265=DIRECTION('center_axis',(0.,0.,-1.));
#11266=DIRECTION('ref_axis',(-1.,0.,0.));
#11267=DIRECTION('center_axis',(0.,0.,-1.));
#11268=DIRECTION('ref_axis',(-1.,0.,0.));
#11269=DIRECTION('center_axis',(0.,0.,-1.));
#11270=DIRECTION('ref_axis',(-1.,0.,0.));
#11271=DIRECTION('center_axis',(0.,0.,1.));
#11272=DIRECTION('ref_axis',(-1.,0.,0.));
#11273=DIRECTION('center_axis',(0.,0.,-1.));
#11274=DIRECTION('ref_axis',(-1.,0.,0.));
#11275=DIRECTION('center_axis',(0.,0.,1.));
#11276=DIRECTION('ref_axis',(-1.,0.,0.));
#11277=DIRECTION('center_axis',(0.,0.,-1.));
#11278=DIRECTION('ref_axis',(-1.,0.,0.));
#11279=DIRECTION('center_axis',(0.,0.,1.));
#11280=DIRECTION('ref_axis',(-1.,0.,0.));
#11281=DIRECTION('center_axis',(0.,0.,1.));
#11282=DIRECTION('ref_axis',(-1.,0.,0.));
#11283=DIRECTION('center_axis',(0.,0.,-1.));
#11284=DIRECTION('ref_axis',(-1.,0.,0.));
#11285=DIRECTION('center_axis',(0.,0.,-1.));
#11286=DIRECTION('ref_axis',(-1.,0.,0.));
#11287=DIRECTION('center_axis',(0.,0.,1.));
#11288=DIRECTION('ref_axis',(-1.,0.,0.));
#11289=DIRECTION('center_axis',(0.,0.,1.));
#11290=DIRECTION('ref_axis',(-1.,0.,0.));
#11291=DIRECTION('center_axis',(0.,0.,-1.));
#11292=DIRECTION('ref_axis',(-1.,0.,0.));
#11293=DIRECTION('center_axis',(0.,0.,-1.));
#11294=DIRECTION('ref_axis',(-1.,0.,0.));
#11295=DIRECTION('center_axis',(0.,0.,1.));
#11296=DIRECTION('ref_axis',(-1.,0.,0.));
#11297=DIRECTION('center_axis',(0.,0.,-1.));
#11298=DIRECTION('ref_axis',(-1.,0.,0.));
#11299=DIRECTION('center_axis',(0.,0.,1.));
#11300=DIRECTION('ref_axis',(-1.,0.,0.));
#11301=DIRECTION('center_axis',(0.,0.,-1.));
#11302=DIRECTION('ref_axis',(-1.,0.,0.));
#11303=DIRECTION('center_axis',(0.,0.,1.));
#11304=DIRECTION('ref_axis',(-1.,0.,0.));
#11305=DIRECTION('',(0.,0.,-1.));
#11306=DIRECTION('center_axis',(0.,0.,-1.));
#11307=DIRECTION('ref_axis',(-1.,0.,0.));
#11308=DIRECTION('center_axis',(0.,0.,1.));
#11309=DIRECTION('ref_axis',(-1.,0.,0.));
#11310=DIRECTION('center_axis',(0.,0.,-1.));
#11311=DIRECTION('ref_axis',(-1.,0.,0.));
#11312=DIRECTION('center_axis',(0.,0.,1.));
#11313=DIRECTION('ref_axis',(-1.,0.,0.));
#11314=DIRECTION('center_axis',(0.,0.,1.));
#11315=DIRECTION('ref_axis',(-1.,0.,0.));
#11316=DIRECTION('center_axis',(0.,0.,-1.));
#11317=DIRECTION('ref_axis',(-1.,0.,0.));
#11318=DIRECTION('center_axis',(0.,0.,1.));
#11319=DIRECTION('ref_axis',(-1.,0.,0.));
#11320=DIRECTION('center_axis',(0.,0.,1.));
#11321=DIRECTION('ref_axis',(-1.,0.,0.));
#11322=DIRECTION('center_axis',(0.,0.,-1.));
#11323=DIRECTION('ref_axis',(-1.,0.,0.));
#11324=DIRECTION('center_axis',(0.,0.,1.));
#11325=DIRECTION('ref_axis',(-1.,0.,0.));
#11326=DIRECTION('center_axis',(0.,0.,1.));
#11327=DIRECTION('ref_axis',(-1.,0.,0.));
#11328=DIRECTION('center_axis',(0.,0.,-1.));
#11329=DIRECTION('ref_axis',(-1.,0.,0.));
#11330=DIRECTION('center_axis',(0.,0.,1.));
#11331=DIRECTION('ref_axis',(-1.,0.,0.));
#11332=DIRECTION('center_axis',(0.,0.,-1.));
#11333=DIRECTION('ref_axis',(-1.,0.,0.));
#11334=DIRECTION('center_axis',(0.,0.,1.));
#11335=DIRECTION('ref_axis',(-1.,0.,0.));
#11336=DIRECTION('',(0.,0.,-1.));
#11337=DIRECTION('center_axis',(0.,0.,-1.));
#11338=DIRECTION('ref_axis',(-1.,0.,0.));
#11339=DIRECTION('center_axis',(0.,0.,-1.));
#11340=DIRECTION('ref_axis',(-1.,0.,0.));
#11341=DIRECTION('',(0.,0.,-1.));
#11342=DIRECTION('center_axis',(-0.5,-0.866025403784439,0.));
#11343=DIRECTION('ref_axis',(-0.866025403784439,0.5,0.));
#11344=DIRECTION('',(-0.866025403784439,0.5,0.));
#11345=DIRECTION('',(0.,0.,-1.));
#11346=DIRECTION('',(-0.866025403784439,0.5,0.));
#11347=DIRECTION('',(0.,0.,-1.));
#11348=DIRECTION('center_axis',(0.5,-0.866025403784439,0.));
#11349=DIRECTION('ref_axis',(-0.866025403784439,-0.5,0.));
#11350=DIRECTION('',(-0.866025403784439,-0.5,0.));
#11351=DIRECTION('',(0.,0.,-1.));
#11352=DIRECTION('',(-0.866025403784439,-0.5,0.));
#11353=DIRECTION('center_axis',(1.,0.,0.));
#11354=DIRECTION('ref_axis',(0.,-1.,0.));
#11355=DIRECTION('',(0.,-1.,0.));
#11356=DIRECTION('',(0.,0.,-1.));
#11357=DIRECTION('',(0.,-1.,0.));
#11358=DIRECTION('center_axis',(0.5,0.866025403784439,0.));
#11359=DIRECTION('ref_axis',(0.866025403784439,-0.5,0.));
#11360=DIRECTION('',(0.866025403784439,-0.5,0.));
#11361=DIRECTION('',(0.,0.,-1.));
#11362=DIRECTION('',(0.866025403784439,-0.5,0.));
#11363=DIRECTION('center_axis',(-0.5,0.866025403784439,0.));
#11364=DIRECTION('ref_axis',(0.866025403784439,0.5,0.));
#11365=DIRECTION('',(0.866025403784439,0.5,0.));
#11366=DIRECTION('',(0.,0.,-1.));
#11367=DIRECTION('',(0.866025403784439,0.5,0.));
#11368=DIRECTION('center_axis',(-1.,0.,0.));
#11369=DIRECTION('ref_axis',(0.,1.,0.));
#11370=DIRECTION('',(0.,1.,0.));
#11371=DIRECTION('',(0.,1.,0.));
#11372=DIRECTION('center_axis',(0.,0.,1.));
#11373=DIRECTION('ref_axis',(-1.,0.,0.));
#11374=DIRECTION('center_axis',(0.,0.,1.));
#11375=DIRECTION('ref_axis',(-1.,0.,0.));
#11376=DIRECTION('center_axis',(-0.5,-0.866025403784439,0.));
#11377=DIRECTION('ref_axis',(-0.866025403784439,0.5,0.));
#11378=DIRECTION('',(-0.866025403784439,0.5,0.));
#11379=DIRECTION('',(0.,0.,-1.));
#11380=DIRECTION('',(-0.866025403784439,0.5,0.));
#11381=DIRECTION('',(0.,0.,-1.));
#11382=DIRECTION('center_axis',(0.5,-0.866025403784439,0.));
#11383=DIRECTION('ref_axis',(-0.866025403784439,-0.5,0.));
#11384=DIRECTION('',(-0.866025403784439,-0.5,0.));
#11385=DIRECTION('',(0.,0.,-1.));
#11386=DIRECTION('',(-0.866025403784439,-0.5,0.));
#11387=DIRECTION('center_axis',(1.,0.,0.));
#11388=DIRECTION('ref_axis',(0.,-1.,0.));
#11389=DIRECTION('',(0.,-1.,0.));
#11390=DIRECTION('',(0.,0.,-1.));
#11391=DIRECTION('',(0.,-1.,0.));
#11392=DIRECTION('center_axis',(0.5,0.866025403784439,0.));
#11393=DIRECTION('ref_axis',(0.866025403784439,-0.5,0.));
#11394=DIRECTION('',(0.866025403784439,-0.5,0.));
#11395=DIRECTION('',(0.,0.,-1.));
#11396=DIRECTION('',(0.866025403784439,-0.5,0.));
#11397=DIRECTION('center_axis',(-0.5,0.866025403784439,0.));
#11398=DIRECTION('ref_axis',(0.866025403784439,0.5,0.));
#11399=DIRECTION('',(0.866025403784439,0.5,0.));
#11400=DIRECTION('',(0.,0.,-1.));
#11401=DIRECTION('',(0.866025403784439,0.5,0.));
#11402=DIRECTION('center_axis',(-1.,0.,0.));
#11403=DIRECTION('ref_axis',(0.,1.,0.));
#11404=DIRECTION('',(0.,1.,0.));
#11405=DIRECTION('',(0.,1.,0.));
#11406=DIRECTION('center_axis',(0.,0.,1.));
#11407=DIRECTION('ref_axis',(-1.,0.,0.));
#11408=DIRECTION('center_axis',(0.,0.,1.));
#11409=DIRECTION('ref_axis',(-1.,0.,0.));
#11410=DIRECTION('center_axis',(-0.5,-0.866025403784439,0.));
#11411=DIRECTION('ref_axis',(-0.866025403784439,0.5,0.));
#11412=DIRECTION('',(-0.866025403784439,0.5,0.));
#11413=DIRECTION('',(0.,0.,-1.));
#11414=DIRECTION('',(-0.866025403784439,0.5,0.));
#11415=DIRECTION('',(0.,0.,-1.));
#11416=DIRECTION('center_axis',(0.5,-0.866025403784439,0.));
#11417=DIRECTION('ref_axis',(-0.866025403784439,-0.5,0.));
#11418=DIRECTION('',(-0.866025403784439,-0.5,0.));
#11419=DIRECTION('',(0.,0.,-1.));
#11420=DIRECTION('',(-0.866025403784439,-0.5,0.));
#11421=DIRECTION('center_axis',(1.,0.,0.));
#11422=DIRECTION('ref_axis',(0.,-1.,0.));
#11423=DIRECTION('',(0.,-1.,0.));
#11424=DIRECTION('',(0.,0.,-1.));
#11425=DIRECTION('',(0.,-1.,0.));
#11426=DIRECTION('center_axis',(0.5,0.866025403784439,0.));
#11427=DIRECTION('ref_axis',(0.866025403784439,-0.5,0.));
#11428=DIRECTION('',(0.866025403784439,-0.5,0.));
#11429=DIRECTION('',(0.,0.,-1.));
#11430=DIRECTION('',(0.866025403784439,-0.5,0.));
#11431=DIRECTION('center_axis',(-0.5,0.866025403784439,0.));
#11432=DIRECTION('ref_axis',(0.866025403784439,0.5,0.));
#11433=DIRECTION('',(0.866025403784439,0.5,0.));
#11434=DIRECTION('',(0.,0.,-1.));
#11435=DIRECTION('',(0.866025403784439,0.5,0.));
#11436=DIRECTION('center_axis',(-1.,0.,0.));
#11437=DIRECTION('ref_axis',(0.,1.,0.));
#11438=DIRECTION('',(0.,1.,0.));
#11439=DIRECTION('',(0.,1.,0.));
#11440=DIRECTION('center_axis',(0.,0.,1.));
#11441=DIRECTION('ref_axis',(-1.,0.,0.));
#11442=DIRECTION('center_axis',(0.,0.,1.));
#11443=DIRECTION('ref_axis',(-1.,0.,0.));
#11444=DIRECTION('center_axis',(-0.5,-0.866025403784439,0.));
#11445=DIRECTION('ref_axis',(-0.866025403784439,0.5,0.));
#11446=DIRECTION('',(-0.866025403784439,0.5,0.));
#11447=DIRECTION('',(0.,0.,-1.));
#11448=DIRECTION('',(-0.866025403784439,0.5,0.));
#11449=DIRECTION('',(0.,0.,-1.));
#11450=DIRECTION('center_axis',(0.5,-0.866025403784439,0.));
#11451=DIRECTION('ref_axis',(-0.866025403784439,-0.5,0.));
#11452=DIRECTION('',(-0.866025403784439,-0.5,0.));
#11453=DIRECTION('',(0.,0.,-1.));
#11454=DIRECTION('',(-0.866025403784439,-0.5,0.));
#11455=DIRECTION('center_axis',(1.,0.,0.));
#11456=DIRECTION('ref_axis',(0.,-1.,0.));
#11457=DIRECTION('',(0.,-1.,0.));
#11458=DIRECTION('',(0.,0.,-1.));
#11459=DIRECTION('',(0.,-1.,0.));
#11460=DIRECTION('center_axis',(0.5,0.866025403784439,0.));
#11461=DIRECTION('ref_axis',(0.866025403784439,-0.5,0.));
#11462=DIRECTION('',(0.866025403784439,-0.5,0.));
#11463=DIRECTION('',(0.,0.,-1.));
#11464=DIRECTION('',(0.866025403784439,-0.5,0.));
#11465=DIRECTION('center_axis',(-0.5,0.866025403784439,0.));
#11466=DIRECTION('ref_axis',(0.866025403784439,0.5,0.));
#11467=DIRECTION('',(0.866025403784439,0.5,0.));
#11468=DIRECTION('',(0.,0.,-1.));
#11469=DIRECTION('',(0.866025403784439,0.5,0.));
#11470=DIRECTION('center_axis',(-1.,0.,0.));
#11471=DIRECTION('ref_axis',(0.,1.,0.));
#11472=DIRECTION('',(0.,1.,0.));
#11473=DIRECTION('',(0.,1.,0.));
#11474=DIRECTION('center_axis',(0.,0.,1.));
#11475=DIRECTION('ref_axis',(-1.,0.,0.));
#11476=DIRECTION('center_axis',(0.,0.,1.));
#11477=DIRECTION('ref_axis',(-1.,0.,0.));
#11478=DIRECTION('center_axis',(0.,0.,-1.));
#11479=DIRECTION('ref_axis',(-1.,0.,0.));
#11480=DIRECTION('center_axis',(0.,0.,1.));
#11481=DIRECTION('ref_axis',(-1.,0.,0.));
#11482=DIRECTION('',(0.,0.,-1.));
#11483=DIRECTION('center_axis',(0.,0.,-1.));
#11484=DIRECTION('ref_axis',(-1.,0.,0.));
#11485=DIRECTION('center_axis',(0.,0.,-1.));
#11486=DIRECTION('ref_axis',(-1.,0.,0.));
#11487=DIRECTION('',(0.,0.,-1.));
#11488=DIRECTION('center_axis',(0.,0.,-1.));
#11489=DIRECTION('ref_axis',(-1.,0.,0.));
#11490=DIRECTION('center_axis',(0.,0.,1.));
#11491=DIRECTION('ref_axis',(-1.,0.,0.));
#11492=DIRECTION('',(0.,0.,-1.));
#11493=DIRECTION('center_axis',(0.,0.,-1.));
#11494=DIRECTION('ref_axis',(-1.,0.,0.));
#11495=DIRECTION('center_axis',(0.,0.,-1.));
#11496=DIRECTION('ref_axis',(-1.,0.,0.));
#11497=DIRECTION('',(0.,0.,-1.));
#11498=DIRECTION('center_axis',(0.,0.,-1.));
#11499=DIRECTION('ref_axis',(-1.,0.,0.));
#11500=DIRECTION('center_axis',(0.,0.,1.));
#11501=DIRECTION('ref_axis',(-1.,0.,0.));
#11502=DIRECTION('',(0.,0.,-1.));
#11503=DIRECTION('center_axis',(0.,0.,-1.));
#11504=DIRECTION('ref_axis',(-1.,0.,0.));
#11505=DIRECTION('center_axis',(0.,0.,-1.));
#11506=DIRECTION('ref_axis',(-1.,0.,0.));
#11507=DIRECTION('',(0.,0.,-1.));
#11508=DIRECTION('center_axis',(0.,0.,1.));
#11509=DIRECTION('ref_axis',(-1.,0.,0.));
#11510=DIRECTION('center_axis',(0.,0.,1.));
#11511=DIRECTION('ref_axis',(-1.,0.,0.));
#11512=DIRECTION('center_axis',(0.,0.,1.));
#11513=DIRECTION('ref_axis',(-1.,0.,0.));
#11514=DIRECTION('center_axis',(0.,0.,1.));
#11515=DIRECTION('ref_axis',(-1.,0.,0.));
#11516=DIRECTION('center_axis',(0.,0.,1.));
#11517=DIRECTION('ref_axis',(-1.,0.,0.));
#11518=DIRECTION('center_axis',(0.,0.,1.));
#11519=DIRECTION('ref_axis',(1.,0.,0.));
#11520=DIRECTION('center_axis',(0.,0.,-1.));
#11521=DIRECTION('ref_axis',(-1.,0.,0.));
#11522=DIRECTION('center_axis',(0.,0.,1.));
#11523=DIRECTION('ref_axis',(-1.,0.,0.));
#11524=DIRECTION('center_axis',(0.,0.,1.));
#11525=DIRECTION('ref_axis',(1.,0.,0.));
#11526=DIRECTION('center_axis',(0.,0.,-1.));
#11527=DIRECTION('ref_axis',(-1.,0.,0.));
#11528=DIRECTION('center_axis',(0.,0.,1.));
#11529=DIRECTION('ref_axis',(-1.,0.,0.));
#11530=DIRECTION('center_axis',(0.,0.,1.));
#11531=DIRECTION('ref_axis',(1.,0.,0.));
#11532=DIRECTION('center_axis',(0.,0.,-1.));
#11533=DIRECTION('ref_axis',(-1.,0.,0.));
#11534=DIRECTION('center_axis',(0.,0.,1.));
#11535=DIRECTION('ref_axis',(-1.,0.,0.));
#11536=DIRECTION('center_axis',(0.,0.,1.));
#11537=DIRECTION('ref_axis',(1.,0.,0.));
#11538=DIRECTION('center_axis',(0.,0.,-1.));
#11539=DIRECTION('ref_axis',(-1.,0.,0.));
#11540=DIRECTION('center_axis',(0.,0.,1.));
#11541=DIRECTION('ref_axis',(-1.,0.,0.));
#11542=DIRECTION('',(0.707106781186544,0.707106781186551,0.));
#11543=DIRECTION('',(-3.98182837513035E-16,1.,0.));
#11544=DIRECTION('',(-0.70710678118655,0.707106781186545,0.));
#11545=DIRECTION('',(-1.,-3.98182837513038E-16,0.));
#11546=DIRECTION('',(-0.707106781186556,-0.707106781186539,0.));
#11547=DIRECTION('',(3.98182837513035E-16,-1.,0.));
#11548=DIRECTION('',(0.707106781186548,-0.707106781186547,0.));
#11549=DIRECTION('',(1.,3.98182837513036E-16,0.));
#11550=DIRECTION('center_axis',(0.,0.,1.));
#11551=DIRECTION('ref_axis',(-1.,0.,0.));
#11552=DIRECTION('',(0.,0.,-1.));
#11553=DIRECTION('center_axis',(0.,0.,1.));
#11554=DIRECTION('ref_axis',(-1.,0.,0.));
#11555=DIRECTION('',(0.,0.,-1.));
#11556=DIRECTION('center_axis',(0.,0.,1.));
#11557=DIRECTION('ref_axis',(-1.,0.,0.));
#11558=DIRECTION('',(0.,0.,-1.));
#11559=DIRECTION('center_axis',(0.,0.,1.));
#11560=DIRECTION('ref_axis',(-1.,0.,0.));
#11561=DIRECTION('',(0.,0.,-1.));
#11562=DIRECTION('center_axis',(3.98182837513036E-16,-1.,0.));
#11563=DIRECTION('ref_axis',(1.,3.98182837513036E-16,0.));
#11564=DIRECTION('',(1.,3.98182837513036E-16,0.));
#11565=DIRECTION('',(0.,0.,1.));
#11566=DIRECTION('',(0.,0.,1.));
#11567=DIRECTION('',(0.,0.,1.));
#11568=DIRECTION('center_axis',(-0.707106781186547,-0.707106781186548,0.));
#11569=DIRECTION('ref_axis',(0.707106781186548,-0.707106781186547,0.));
#11570=DIRECTION('',(0.707106781186548,-0.707106781186547,0.));
#11571=DIRECTION('',(0.,0.,1.));
#11572=DIRECTION('',(0.,0.,1.));
#11573=DIRECTION('center_axis',(-1.,-3.98182837513035E-16,0.));
#11574=DIRECTION('ref_axis',(3.98182837513035E-16,-1.,0.));
#11575=DIRECTION('',(3.98182837513035E-16,-1.,0.));
#11576=DIRECTION('',(0.,0.,1.));
#11577=DIRECTION('',(0.,0.,1.));
#11578=DIRECTION('center_axis',(-0.707106781186539,0.707106781186556,0.));
#11579=DIRECTION('ref_axis',(-0.707106781186556,-0.707106781186539,0.));
#11580=DIRECTION('',(-0.707106781186556,-0.707106781186539,0.));
#11581=DIRECTION('',(0.,0.,1.));
#11582=DIRECTION('',(0.,0.,1.));
#11583=DIRECTION('center_axis',(-3.98182837513038E-16,1.,0.));
#11584=DIRECTION('ref_axis',(-1.,-3.98182837513038E-16,0.));
#11585=DIRECTION('',(-1.,-3.98182837513038E-16,0.));
#11586=DIRECTION('',(0.,0.,1.));
#11587=DIRECTION('',(0.,0.,1.));
#11588=DIRECTION('center_axis',(0.707106781186545,0.70710678118655,0.));
#11589=DIRECTION('ref_axis',(-0.70710678118655,0.707106781186545,0.));
#11590=DIRECTION('',(-0.70710678118655,0.707106781186545,0.));
#11591=DIRECTION('',(0.,0.,1.));
#11592=DIRECTION('',(0.,0.,1.));
#11593=DIRECTION('center_axis',(1.,3.98182837513035E-16,0.));
#11594=DIRECTION('ref_axis',(-3.98182837513035E-16,1.,0.));
#11595=DIRECTION('',(-3.98182837513035E-16,1.,0.));
#11596=DIRECTION('',(0.,0.,1.));
#11597=DIRECTION('',(0.,0.,1.));
#11598=DIRECTION('center_axis',(0.707106781186551,-0.707106781186544,0.));
#11599=DIRECTION('ref_axis',(0.707106781186544,0.707106781186551,0.));
#11600=DIRECTION('',(0.707106781186544,0.707106781186551,0.));
#11601=DIRECTION('',(0.,0.,1.));
#11602=DIRECTION('center_axis',(0.,0.,1.));
#11603=DIRECTION('ref_axis',(-1.,0.,0.));
#11604=DIRECTION('',(-1.,-2.04566447638774E-16,0.));
#11605=DIRECTION('center_axis',(0.,0.,-1.));
#11606=DIRECTION('ref_axis',(0.382683432365099,-0.923879532511283,0.));
#11607=DIRECTION('',(-0.707106781186551,-0.707106781186544,0.));
#11608=DIRECTION('center_axis',(0.,0.,-1.));
#11609=DIRECTION('ref_axis',(0.923879532511283,-0.3826834323651,0.));
#11610=DIRECTION('',(0.,-1.,0.));
#11611=DIRECTION('center_axis',(0.,0.,-1.));
#11612=DIRECTION('ref_axis',(0.923879532511283,0.382683432365099,0.));
#11613=DIRECTION('',(0.707106781186551,-0.707106781186544,0.));
#11614=DIRECTION('center_axis',(0.,0.,-1.));
#11615=DIRECTION('ref_axis',(0.382683432365096,0.923879532511284,0.));
#11616=DIRECTION('',(1.,0.,0.));
#11617=DIRECTION('center_axis',(0.,0.,-1.));
#11618=DIRECTION('ref_axis',(-0.382683432365094,0.923879532511285,0.));
#11619=DIRECTION('',(0.707106781186551,0.707106781186544,0.));
#11620=DIRECTION('center_axis',(0.,0.,-1.));
#11621=DIRECTION('ref_axis',(-0.923879532511282,0.382683432365101,0.));
#11622=DIRECTION('',(-1.02283223819387E-16,1.,0.));
#11623=DIRECTION('center_axis',(0.,0.,-1.));
#11624=DIRECTION('ref_axis',(-0.923879532511283,-0.382683432365099,0.));
#11625=DIRECTION('',(-0.707106781186551,0.707106781186544,0.));
#11626=DIRECTION('center_axis',(0.,0.,-1.));
#11627=DIRECTION('ref_axis',(-0.382683432365101,-0.923879532511282,0.));
#11628=DIRECTION('center_axis',(0.,0.,-1.));
#11629=DIRECTION('ref_axis',(-1.,0.,0.));
#11630=DIRECTION('',(0.,0.,-1.));
#11631=DIRECTION('center_axis',(0.,0.,-1.));
#11632=DIRECTION('ref_axis',(-1.,0.,0.));
#11633=DIRECTION('center_axis',(0.,0.,1.));
#11634=DIRECTION('ref_axis',(-1.,0.,0.));
#11635=DIRECTION('center_axis',(0.,0.,-1.));
#11636=DIRECTION('ref_axis',(-1.,0.,0.));
#11637=DIRECTION('',(0.,0.,-1.));
#11638=DIRECTION('center_axis',(0.,0.,-1.));
#11639=DIRECTION('ref_axis',(-1.,0.,0.));
#11640=DIRECTION('center_axis',(0.,0.,1.));
#11641=DIRECTION('ref_axis',(-1.,0.,0.));
#11642=DIRECTION('center_axis',(0.,0.,-1.));
#11643=DIRECTION('ref_axis',(-1.,0.,0.));
#11644=DIRECTION('',(0.,0.,-1.));
#11645=DIRECTION('center_axis',(0.,0.,-1.));
#11646=DIRECTION('ref_axis',(-1.,0.,0.));
#11647=DIRECTION('center_axis',(0.,0.,1.));
#11648=DIRECTION('ref_axis',(-1.,0.,0.));
#11649=DIRECTION('center_axis',(0.,0.,-1.));
#11650=DIRECTION('ref_axis',(-1.,0.,0.));
#11651=DIRECTION('',(0.,0.,-1.));
#11652=DIRECTION('center_axis',(0.,0.,-1.));
#11653=DIRECTION('ref_axis',(-1.,0.,0.));
#11654=DIRECTION('center_axis',(0.,0.,1.));
#11655=DIRECTION('ref_axis',(-1.,0.,0.));
#11656=DIRECTION('center_axis',(0.,0.,1.));
#11657=DIRECTION('ref_axis',(-1.,0.,0.));
#11658=DIRECTION('',(0.,0.,-1.));
#11659=DIRECTION('center_axis',(0.,0.,1.));
#11660=DIRECTION('ref_axis',(-1.,0.,0.));
#11661=DIRECTION('center_axis',(0.,0.,-1.));
#11662=DIRECTION('ref_axis',(-1.,0.,0.));
#11663=DIRECTION('center_axis',(0.,0.,1.));
#11664=DIRECTION('ref_axis',(1.,0.,0.));
#11665=DIRECTION('center_axis',(0.,0.,1.));
#11666=DIRECTION('ref_axis',(-1.,0.,0.));
#11667=DIRECTION('center_axis',(0.,0.,-1.));
#11668=DIRECTION('ref_axis',(1.,0.,0.));
#11669=DIRECTION('center_axis',(0.,0.,1.));
#11670=DIRECTION('ref_axis',(1.,0.,0.));
#11671=DIRECTION('center_axis',(0.,0.,1.));
#11672=DIRECTION('ref_axis',(0.382683432365088,0.923879532511288,0.));
#11673=DIRECTION('',(0.707106781186551,-0.707106781186544,0.));
#11674=DIRECTION('center_axis',(0.,0.,1.));
#11675=DIRECTION('ref_axis',(0.923879532511285,0.382683432365094,0.));
#11676=DIRECTION('',(0.,1.,0.));
#11677=DIRECTION('center_axis',(0.,0.,1.));
#11678=DIRECTION('ref_axis',(0.923879532511286,-0.382683432365092,0.));
#11679=DIRECTION('',(-0.707106781186551,-0.707106781186544,0.));
#11680=DIRECTION('center_axis',(0.,0.,1.));
#11681=DIRECTION('ref_axis',(0.382683432365086,-0.923879532511288,0.));
#11682=DIRECTION('',(1.,2.04566447638774E-16,0.));
#11683=DIRECTION('center_axis',(0.,0.,1.));
#11684=DIRECTION('ref_axis',(-0.382683432365086,-0.923879532511288,0.));
#11685=DIRECTION('',(-0.707106781186551,0.707106781186544,0.));
#11686=DIRECTION('center_axis',(0.,0.,1.));
#11687=DIRECTION('ref_axis',(-0.923879532511286,-0.382683432365092,0.));
#11688=DIRECTION('',(1.02283223819387E-16,-1.,0.));
#11689=DIRECTION('center_axis',(0.,0.,1.));
#11690=DIRECTION('ref_axis',(-0.923879532511286,0.382683432365092,0.));
#11691=DIRECTION('',(0.707106781186551,0.707106781186544,0.));
#11692=DIRECTION('center_axis',(0.,0.,1.));
#11693=DIRECTION('ref_axis',(-0.382683432365086,0.923879532511288,0.));
#11694=DIRECTION('',(-1.,0.,0.));
#11695=DIRECTION('center_axis',(0.,0.,-1.));
#11696=DIRECTION('ref_axis',(-0.382683432365088,-0.923879532511288,0.));
#11697=DIRECTION('',(-1.,0.,0.));
#11698=DIRECTION('center_axis',(0.,0.,-1.));
#11699=DIRECTION('ref_axis',(0.382683432365086,-0.923879532511288,0.));
#11700=DIRECTION('',(-0.707106781186552,-0.707106781186543,0.));
#11701=DIRECTION('center_axis',(0.,0.,-1.));
#11702=DIRECTION('ref_axis',(0.923879532511285,-0.382683432365093,0.));
#11703=DIRECTION('',(2.38943891978176E-16,1.,0.));
#11704=DIRECTION('center_axis',(0.,0.,-1.));
#11705=DIRECTION('ref_axis',(0.923879532511286,0.382683432365092,0.));
#11706=DIRECTION('',(-0.707106781186551,0.707106781186544,0.));
#11707=DIRECTION('center_axis',(0.,0.,-1.));
#11708=DIRECTION('ref_axis',(0.382683432365087,0.923879532511288,0.));
#11709=DIRECTION('',(-1.,0.,0.));
#11710=DIRECTION('center_axis',(0.,0.,-1.));
#11711=DIRECTION('ref_axis',(-0.382683432365087,0.923879532511288,0.));
#11712=DIRECTION('',(-0.707106781186551,-0.707106781186544,0.));
#11713=DIRECTION('center_axis',(0.,0.,-1.));
#11714=DIRECTION('ref_axis',(-0.923879532511286,0.382683432365092,0.));
#11715=DIRECTION('',(2.38943891978177E-16,-1.,0.));
#11716=DIRECTION('center_axis',(0.,0.,-1.));
#11717=DIRECTION('ref_axis',(-0.923879532511285,-0.382683432365093,0.));
#11718=DIRECTION('',(-0.707106781186551,0.707106781186544,0.));
#11719=DIRECTION('center_axis',(0.707106781186544,-0.707106781186551,0.));
#11720=DIRECTION('ref_axis',(0.707106781186551,0.707106781186544,0.));
#11721=DIRECTION('',(0.,0.,1.));
#11722=DIRECTION('',(0.,0.,-1.));
#11723=DIRECTION('',(-0.707106781186551,-0.707106781186544,-1.62303748228066E-16));
#11724=DIRECTION('center_axis',(0.,-1.,0.));
#11725=DIRECTION('ref_axis',(0.,0.,-1.));
#11726=DIRECTION('',(0.,0.,1.));
#11727=DIRECTION('',(0.,0.,-1.));
#11728=DIRECTION('',(-1.,0.,0.));
#11729=DIRECTION('center_axis',(1.,1.02283223819387E-16,0.));
#11730=DIRECTION('ref_axis',(-1.02283223819387E-16,1.,0.));
#11731=DIRECTION('',(0.,0.,1.));
#11732=DIRECTION('',(0.,0.,-1.));
#11733=DIRECTION('',(1.02283223819387E-16,-1.,0.));
#11734=DIRECTION('center_axis',(0.707106781186544,0.707106781186551,0.));
#11735=DIRECTION('ref_axis',(-0.707106781186551,0.707106781186544,0.));
#11736=DIRECTION('',(0.,0.,1.));
#11737=DIRECTION('',(0.,0.,-1.));
#11738=DIRECTION('',(0.707106781186551,-0.707106781186544,1.62303748228066E-16));
#11739=DIRECTION('center_axis',(-0.664463024388669,0.664463024388676,0.342020143325677));
#11740=DIRECTION('ref_axis',(0.457661538155745,1.11022302462516E-16,0.889126490715982));
#11741=DIRECTION('',(-0.33863874931727,0.140268762712304,-0.930402317101583));
#11742=DIRECTION('',(0.140268762712302,-0.33863874931727,0.930402317101583));
#11743=DIRECTION('',(0.707106781186551,0.707106781186544,1.62303748228066E-16));
#11744=DIRECTION('center_axis',(-0.664463024388669,-0.664463024388676,0.342020143325677));
#11745=DIRECTION('ref_axis',(0.457661538155745,-1.11022302462516E-16,0.889126490715982));
#11746=DIRECTION('',(-0.140268762712318,-0.338638749317256,-0.930402317101586));
#11747=DIRECTION('',(0.33863874931727,0.140268762712304,0.930402317101583));
#11748=DIRECTION('',(-0.707106781186551,0.707106781186544,-1.62303748228066E-16));
#11749=DIRECTION('center_axis',(-0.939692620785912,-9.61147906532717E-17,
0.34202014332566));
#11750=DIRECTION('ref_axis',(0.34202014332566,0.,0.939692620785912));
#11751=DIRECTION('',(-0.33863874931727,-0.140268762712304,-0.930402317101583));
#11752=DIRECTION('',(0.33863874931727,-0.140268762712304,0.930402317101583));
#11753=DIRECTION('',(-1.02283223819387E-16,1.,0.));
#11754=DIRECTION('center_axis',(0.,0.939692620785912,0.34202014332566));
#11755=DIRECTION('ref_axis',(0.,-0.34202014332566,0.939692620785912));
#11756=DIRECTION('',(-0.140268762712302,0.33863874931727,-0.930402317101583));
#11757=DIRECTION('',(-0.140268762712302,-0.33863874931727,0.930402317101583));
#11758=DIRECTION('',(1.,0.,0.));
#11759=DIRECTION('center_axis',(0.,0.,1.));
#11760=DIRECTION('ref_axis',(1.,0.,0.));
#11761=DIRECTION('',(0.,0.,1.));
#11762=DIRECTION('center_axis',(0.,0.,-1.));
#11763=DIRECTION('ref_axis',(1.,0.,0.));
#11764=DIRECTION('center_axis',(0.,0.,1.));
#11765=DIRECTION('ref_axis',(1.,0.,0.));
#11766=DIRECTION('',(-0.707106781186547,-8.65956056235493E-17,0.707106781186548));
#11767=DIRECTION('center_axis',(0.,0.,1.));
#11768=DIRECTION('ref_axis',(1.,0.,0.));
#11769=DIRECTION('',(0.,0.,1.));
#11770=DIRECTION('center_axis',(0.,0.,-1.));
#11771=DIRECTION('ref_axis',(1.,0.,0.));
#11772=DIRECTION('center_axis',(0.,0.,1.));
#11773=DIRECTION('ref_axis',(1.,0.,0.));
#11774=DIRECTION('',(-0.707106781186547,-8.65956056235493E-17,0.707106781186548));
#11775=DIRECTION('center_axis',(0.,0.,1.));
#11776=DIRECTION('ref_axis',(1.,0.,0.));
#11777=DIRECTION('',(0.,0.,1.));
#11778=DIRECTION('center_axis',(0.,0.,-1.));
#11779=DIRECTION('ref_axis',(1.,0.,0.));
#11780=DIRECTION('center_axis',(0.,0.,1.));
#11781=DIRECTION('ref_axis',(1.,0.,0.));
#11782=DIRECTION('',(-0.707106781186547,-8.65956056235493E-17,0.707106781186548));
#11783=DIRECTION('center_axis',(0.,0.,1.));
#11784=DIRECTION('ref_axis',(1.,0.,0.));
#11785=DIRECTION('',(0.,0.,1.));
#11786=DIRECTION('center_axis',(0.,0.,-1.));
#11787=DIRECTION('ref_axis',(1.,0.,0.));
#11788=DIRECTION('center_axis',(0.,0.,1.));
#11789=DIRECTION('ref_axis',(1.,0.,0.));
#11790=DIRECTION('',(-0.707106781186547,-8.65956056235493E-17,0.707106781186548));
#11791=DIRECTION('center_axis',(0.664463024388669,0.664463024388676,0.342020143325677));
#11792=DIRECTION('ref_axis',(0.457661538155745,-1.11022302462516E-16,-0.889126490715982));
#11793=DIRECTION('',(-0.33863874931727,-0.140268762712304,0.930402317101583));
#11794=DIRECTION('',(0.707106781186551,-0.707106781186544,-1.62303748228066E-16));
#11795=DIRECTION('',(0.140268762712302,0.33863874931727,-0.930402317101583));
#11796=DIRECTION('center_axis',(0.939692620785912,0.,0.34202014332566));
#11797=DIRECTION('ref_axis',(0.34202014332566,0.,-0.939692620785912));
#11798=DIRECTION('',(-0.33863874931727,0.140268762712304,0.930402317101583));
#11799=DIRECTION('',(0.,-1.,0.));
#11800=DIRECTION('',(0.33863874931727,0.140268762712304,-0.930402317101583));
#11801=DIRECTION('center_axis',(0.664463024388669,-0.664463024388676,0.342020143325677));
#11802=DIRECTION('ref_axis',(0.457661538155745,1.11022302462516E-16,-0.889126490715982));
#11803=DIRECTION('',(-0.140268762712318,0.338638749317256,0.930402317101586));
#11804=DIRECTION('',(-0.707106781186551,-0.707106781186544,1.62303748228066E-16));
#11805=DIRECTION('',(0.33863874931727,-0.140268762712304,-0.930402317101583));
#11806=DIRECTION('center_axis',(1.92229581306545E-16,-0.939692620785917,
0.342020143325646));
#11807=DIRECTION('ref_axis',(1.23259516440783E-32,-0.342020143325646,-0.939692620785917));
#11808=DIRECTION('',(0.140268762712318,0.338638749317256,0.930402317101586));
#11809=DIRECTION('',(-1.,-2.04566447638774E-16,0.));
#11810=DIRECTION('',(0.140268762712318,-0.338638749317256,-0.930402317101586));
#11811=DIRECTION('center_axis',(-2.04566447638774E-16,1.,0.));
#11812=DIRECTION('ref_axis',(-1.,-2.04566447638774E-16,0.));
#11813=DIRECTION('',(0.,0.,-1.));
#11814=DIRECTION('',(1.,2.04566447638774E-16,0.));
#11815=DIRECTION('',(0.,0.,1.));
#11816=DIRECTION('center_axis',(-0.707106781186544,0.707106781186551,0.));
#11817=DIRECTION('ref_axis',(-0.707106781186551,-0.707106781186544,0.));
#11818=DIRECTION('',(0.,0.,-1.));
#11819=DIRECTION('',(0.707106781186551,0.707106781186544,-1.62303748228066E-16));
#11820=DIRECTION('',(0.,0.,1.));
#11821=DIRECTION('center_axis',(-1.,0.,0.));
#11822=DIRECTION('ref_axis',(0.,0.,1.));
#11823=DIRECTION('',(0.,0.,-1.));
#11824=DIRECTION('',(0.,1.,0.));
#11825=DIRECTION('',(0.,0.,1.));
#11826=DIRECTION('center_axis',(-0.707106781186544,-0.707106781186551,0.));
#11827=DIRECTION('ref_axis',(0.707106781186551,-0.707106781186544,0.));
#11828=DIRECTION('',(0.,0.,-1.));
#11829=DIRECTION('',(-0.707106781186551,0.707106781186544,1.62303748228066E-16));
#11830=DIRECTION('',(0.,0.,1.));
#11831=DIRECTION('center_axis',(0.140268762712302,0.33863874931727,-0.930402317101583));
#11832=DIRECTION('ref_axis',(0.356049552188865,0.85957965777123,0.366539940977794));
#11833=DIRECTION('center_axis',(-0.140268762712278,-0.338638749317292,0.930402317101579));
#11834=DIRECTION('ref_axis',(0.66446302438867,0.664463024388676,0.342020143325676));
#11835=DIRECTION('center_axis',(-1.,0.,0.));
#11836=DIRECTION('ref_axis',(0.,0.984807753012209,0.173648177666925));
#11837=DIRECTION('center_axis',(-1.,0.,3.2460749645615E-14));
#11838=DIRECTION('ref_axis',(0.,1.,0.));
#11839=DIRECTION('center_axis',(1.,-1.33226762955019E-14,3.66037522885958E-14));
#11840=DIRECTION('ref_axis',(3.62876016401665E-29,0.939692620785912,0.34202014332566));
#11841=DIRECTION('center_axis',(0.140268762712302,-0.33863874931727,0.930402317101583));
#11842=DIRECTION('ref_axis',(-0.356049552188862,0.859579657771231,0.366539940977794));
#11843=DIRECTION('center_axis',(0.140268762712277,-0.338638749317271,0.930402317101587));
#11844=DIRECTION('ref_axis',(-2.77555756156289E-17,0.939692620785912,0.342020143325659));
#11845=DIRECTION('center_axis',(-0.707106781186551,-0.707106781186544,-1.62303748228066E-16));
#11846=DIRECTION('ref_axis',(-0.696364240320015,0.696364240320022,0.173648177666935));
#11847=DIRECTION('center_axis',(-0.707106781186551,-0.707106781186544,-2.68815583002735E-14));
#11848=DIRECTION('ref_axis',(-0.707106781186544,0.707106781186551,1.57772181044202E-30));
#11849=DIRECTION('center_axis',(0.707106781186542,0.707106781186553,-3.06855523993688E-14));
#11850=DIRECTION('ref_axis',(-0.66446302438867,0.664463024388675,0.342020143325677));
#11851=DIRECTION('center_axis',(-0.33863874931727,0.140268762712304,-0.930402317101583));
#11852=DIRECTION('ref_axis',(-0.859579657771227,0.356049552188869,0.366539940977795));
#11853=DIRECTION('center_axis',(0.338638749317269,-0.140268762712303,0.930402317101583));
#11854=DIRECTION('ref_axis',(-0.664463024388671,0.664463024388675,0.342020143325675));
#11855=DIRECTION('center_axis',(1.02283223819387E-16,-1.,0.));
#11856=DIRECTION('ref_axis',(-0.984807753012209,-1.00729311820415E-16,0.173648177666925));
#11857=DIRECTION('center_axis',(0.,-1.,1.94764497873689E-14));
#11858=DIRECTION('ref_axis',(-1.,0.,0.));
#11859=DIRECTION('center_axis',(4.44089209850061E-15,1.,1.22012507628653E-14));
#11860=DIRECTION('ref_axis',(-0.939692620785912,3.15544362088405E-30,0.342020143325658));
#11861=DIRECTION('center_axis',(0.33863874931727,0.140268762712304,0.930402317101583));
#11862=DIRECTION('ref_axis',(-0.859579657771228,-0.356049552188867,0.366539940977795));
#11863=DIRECTION('center_axis',(0.33863874931727,0.140268762712307,0.930402317101583));
#11864=DIRECTION('ref_axis',(-0.939692620785912,3.46944695195361E-17,0.342020143325659));
#11865=DIRECTION('center_axis',(0.707106781186551,-0.707106781186544,1.62303748228066E-16));
#11866=DIRECTION('ref_axis',(-0.696364240320015,-0.696364240320022,0.173648177666935));
#11867=DIRECTION('center_axis',(0.707106781186551,-0.707106781186544,-1.47087771831686E-14));
#11868=DIRECTION('ref_axis',(-0.707106781186544,-0.707106781186551,0.));
#11869=DIRECTION('center_axis',(-0.707106781186561,0.707106781186534,-3.3475148072039E-14));
#11870=DIRECTION('ref_axis',(-0.664463024388668,-0.664463024388677,0.342020143325676));
#11871=DIRECTION('center_axis',(0.140268762712318,0.338638749317256,0.930402317101586));
#11872=DIRECTION('ref_axis',(-0.356049552188864,-0.859579657771233,0.366539940977787));
#11873=DIRECTION('center_axis',(0.140268762712292,0.338638749317282,0.930402317101581));
#11874=DIRECTION('ref_axis',(-0.664463024388669,-0.664463024388676,0.342020143325678));
#11875=DIRECTION('center_axis',(1.,2.04566447638774E-16,0.));
#11876=DIRECTION('ref_axis',(2.01458623640831E-16,-0.98480775301221,0.173648177666918));
#11877=DIRECTION('center_axis',(1.,0.,2.5968599716493E-14));
#11878=DIRECTION('ref_axis',(0.,-1.,0.));
#11879=DIRECTION('center_axis',(-1.,8.88178419700126E-15,2.44025015257317E-14));
#11880=DIRECTION('ref_axis',(-3.15544362088405E-30,-0.939692620785917,0.342020143325646));
#11881=DIRECTION('center_axis',(0.,0.,-1.));
#11882=DIRECTION('ref_axis',(-0.382683432365086,-0.923879532511288,0.));
#11883=DIRECTION('center_axis',(3.14018491736758E-14,0.,-1.));
#11884=DIRECTION('ref_axis',(0.,-1.,0.));
#11885=DIRECTION('center_axis',(0.,0.,1.));
#11886=DIRECTION('ref_axis',(1.,0.,0.));
#11887=DIRECTION('center_axis',(0.,0.,-1.));
#11888=DIRECTION('ref_axis',(-0.923879532511286,-0.382683432365092,0.));
#11889=DIRECTION('center_axis',(4.44089209850062E-15,-4.44089209850057E-15,
-1.));
#11890=DIRECTION('ref_axis',(-0.707106781186543,-0.707106781186552,4.73316543132607E-30));
#11891=DIRECTION('center_axis',(0.,0.,1.));
#11892=DIRECTION('ref_axis',(1.,0.,0.));
#11893=DIRECTION('center_axis',(-0.140268762712318,0.338638749317256,0.930402317101586));
#11894=DIRECTION('ref_axis',(0.356049552188862,-0.859579657771234,0.366539940977787));
#11895=DIRECTION('center_axis',(-0.140268762712284,0.338638749317257,0.930402317101591));
#11896=DIRECTION('ref_axis',(0.,-0.939692620785917,0.342020143325645));
#11897=DIRECTION('center_axis',(0.707106781186551,0.707106781186544,-1.62303748228066E-16));
#11898=DIRECTION('ref_axis',(0.696364240320015,-0.696364240320022,0.173648177666935));
#11899=DIRECTION('center_axis',(0.707106781186552,0.707106781186543,-3.55039449248896E-14));
#11900=DIRECTION('ref_axis',(0.707106781186543,-0.707106781186552,0.));
#11901=DIRECTION('center_axis',(-0.707106781186543,-0.707106781186552,-3.09391520059753E-14));
#11902=DIRECTION('ref_axis',(0.664463024388669,-0.664463024388676,0.342020143325678));
#11903=DIRECTION('center_axis',(0.,0.,-1.));
#11904=DIRECTION('ref_axis',(0.382683432365086,-0.923879532511288,0.));
#11905=DIRECTION('center_axis',(-2.22044604925033E-14,-2.22044604925031E-14,
-1.));
#11906=DIRECTION('ref_axis',(0.707106781186544,-0.707106781186551,1.26217744835362E-29));
#11907=DIRECTION('center_axis',(0.,0.,1.));
#11908=DIRECTION('ref_axis',(1.,0.,0.));
#11909=DIRECTION('center_axis',(0.,0.,-1.));
#11910=DIRECTION('ref_axis',(-0.923879532511286,0.382683432365092,0.));
#11911=DIRECTION('center_axis',(0.,0.,-1.));
#11912=DIRECTION('ref_axis',(-1.,0.,0.));
#11913=DIRECTION('center_axis',(0.,0.,1.));
#11914=DIRECTION('ref_axis',(1.,0.,0.));
#11915=DIRECTION('center_axis',(-0.33863874931727,0.140268762712304,0.930402317101583));
#11916=DIRECTION('ref_axis',(0.859579657771228,-0.356049552188868,0.366539940977795));
#11917=DIRECTION('center_axis',(-0.338638749317283,0.14026876271229,0.93040231710158));
#11918=DIRECTION('ref_axis',(0.664463024388668,-0.664463024388677,0.342020143325676));
#11919=DIRECTION('center_axis',(0.,1.,0.));
#11920=DIRECTION('ref_axis',(0.984807753012209,0.,0.173648177666925));
#11921=DIRECTION('center_axis',(0.,1.,2.5968599716492E-14));
#11922=DIRECTION('ref_axis',(1.,0.,0.));
#11923=DIRECTION('center_axis',(-1.33226762955019E-14,-1.,3.66037522885958E-14));
#11924=DIRECTION('ref_axis',(0.939692620785912,-3.62876016401665E-29,0.34202014332566));
#11925=DIRECTION('center_axis',(0.,0.,-1.));
#11926=DIRECTION('ref_axis',(0.923879532511286,-0.382683432365092,0.));
#11927=DIRECTION('center_axis',(0.,1.57009245868377E-14,-1.));
#11928=DIRECTION('ref_axis',(1.,0.,0.));
#11929=DIRECTION('center_axis',(0.,0.,1.));
#11930=DIRECTION('ref_axis',(1.,0.,0.));
#11931=DIRECTION('center_axis',(0.,0.,-1.));
#11932=DIRECTION('ref_axis',(-0.382683432365086,0.923879532511288,0.));
#11933=DIRECTION('center_axis',(1.55431223447523E-14,1.55431223447522E-14,
-1.));
#11934=DIRECTION('ref_axis',(-0.707106781186544,0.707106781186551,3.94430452610506E-29));
#11935=DIRECTION('center_axis',(0.,0.,1.));
#11936=DIRECTION('ref_axis',(1.,0.,0.));
#11937=DIRECTION('center_axis',(0.33863874931727,0.140268762712304,-0.930402317101583));
#11938=DIRECTION('ref_axis',(0.859579657771228,0.356049552188867,0.366539940977795));
#11939=DIRECTION('center_axis',(-0.338638749317271,-0.140268762712271,0.930402317101588));
#11940=DIRECTION('ref_axis',(0.939692620785912,6.93889390390723E-17,0.342020143325659));
#11941=DIRECTION('center_axis',(-0.707106781186551,0.707106781186544,1.62303748228066E-16));
#11942=DIRECTION('ref_axis',(0.696364240320015,0.696364240320022,0.173648177666935));
#11943=DIRECTION('center_axis',(-0.707106781186551,0.707106781186544,-3.75327417777404E-14));
#11944=DIRECTION('ref_axis',(0.707106781186544,0.707106781186551,0.));
#11945=DIRECTION('center_axis',(0.707106781186558,-0.707106781186538,-2.05415681351147E-14));
#11946=DIRECTION('ref_axis',(0.664463024388668,0.664463024388677,0.342020143325678));
#11947=DIRECTION('center_axis',(0.,0.,-1.));
#11948=DIRECTION('ref_axis',(0.923879532511285,0.382683432365094,0.));
#11949=DIRECTION('center_axis',(1.99840144432528E-14,-1.99840144432526E-14,
-1.));
#11950=DIRECTION('ref_axis',(0.707106781186544,0.707106781186551,1.57772181044202E-30));
#11951=DIRECTION('center_axis',(0.,0.,1.));
#11952=DIRECTION('ref_axis',(1.,0.,0.));
#11953=DIRECTION('center_axis',(0.,0.,-1.));
#11954=DIRECTION('ref_axis',(0.382683432365088,0.923879532511288,0.));
#11955=DIRECTION('center_axis',(-2.82616642563081E-14,0.,-1.));
#11956=DIRECTION('ref_axis',(0.,1.,0.));
#11957=DIRECTION('center_axis',(0.,0.,1.));
#11958=DIRECTION('ref_axis',(1.,0.,0.));
#11959=DIRECTION('center_axis',(0.,0.,1.));
#11960=DIRECTION('ref_axis',(-1.,0.,0.));
#11961=DIRECTION('center_axis',(0.,0.,-1.));
#11962=DIRECTION('ref_axis',(-1.,0.,0.));
#11963=DIRECTION('center_axis',(0.,0.,1.));
#11964=DIRECTION('ref_axis',(-1.,0.,0.));
#11965=DIRECTION('center_axis',(0.,0.,-1.));
#11966=DIRECTION('ref_axis',(-1.,0.,0.));
#11967=DIRECTION('',(0.,0.,-1.));
#11968=DIRECTION('center_axis',(0.,0.,-1.));
#11969=DIRECTION('ref_axis',(-1.,0.,0.));
#11970=DIRECTION('',(0.,0.,-1.));
#11971=DIRECTION('center_axis',(0.,-1.,0.));
#11972=DIRECTION('ref_axis',(0.,0.,-1.));
#11973=DIRECTION('',(1.,0.,0.));
#11974=DIRECTION('',(0.,0.,-1.));
#11975=DIRECTION('',(1.,0.,0.));
#11976=DIRECTION('center_axis',(0.,0.,1.));
#11977=DIRECTION('ref_axis',(0.,-1.,0.));
#11978=DIRECTION('',(1.,0.,0.));
#11979=DIRECTION('',(0.,-1.,0.));
#11980=DIRECTION('',(1.,0.,0.));
#11981=DIRECTION('',(0.,-1.,0.));
#11982=DIRECTION('center_axis',(0.,0.,1.));
#11983=DIRECTION('ref_axis',(0.,-1.,0.));
#11984=DIRECTION('',(1.,0.,0.));
#11985=DIRECTION('',(0.,-1.,0.));
#11986=DIRECTION('',(-1.,0.,0.));
#11987=DIRECTION('',(0.,-1.,0.));
#11988=DIRECTION('center_axis',(0.,0.,1.));
#11989=DIRECTION('ref_axis',(0.,-1.,0.));
#11990=DIRECTION('',(-2.38943891978176E-16,-1.,0.));
#11991=DIRECTION('',(1.,0.,0.));
#11992=DIRECTION('',(0.,-1.,0.));
#11993=DIRECTION('',(1.,0.,0.));
#11994=DIRECTION('center_axis',(1.,0.,0.));
#11995=DIRECTION('ref_axis',(0.,0.,-1.));
#11996=DIRECTION('',(0.,-1.,0.));
#11997=DIRECTION('',(0.,0.,-1.));
#11998=DIRECTION('',(0.,0.,1.));
#11999=DIRECTION('',(0.,0.,-1.));
#12000=DIRECTION('center_axis',(0.,0.,1.));
#12001=DIRECTION('ref_axis',(0.,-1.,0.));
#12002=DIRECTION('',(-2.38943891978176E-16,-1.,0.));
#12003=DIRECTION('',(0.,-1.,0.));
#12004=DIRECTION('',(1.,0.,0.));
#12005=DIRECTION('center_axis',(0.,1.,0.));
#12006=DIRECTION('ref_axis',(0.,0.,1.));
#12007=DIRECTION('',(-1.,0.,0.));
#12008=DIRECTION('center_axis',(1.,0.,0.));
#12009=DIRECTION('ref_axis',(0.,0.,-1.));
#12010=DIRECTION('',(0.,0.,1.));
#12011=DIRECTION('',(0.,0.,1.));
#12012=DIRECTION('center_axis',(0.,0.,1.));
#12013=DIRECTION('ref_axis',(0.,-1.,0.));
#12014=DIRECTION('',(1.,0.,0.));
#12015=DIRECTION('',(1.,0.,0.));
#12016=DIRECTION('',(0.,-1.,0.));
#12017=DIRECTION('center_axis',(0.,-1.,0.));
#12018=DIRECTION('ref_axis',(0.,0.,-1.));
#12019=DIRECTION('',(1.,0.,0.));
#12020=DIRECTION('',(0.,0.,-1.));
#12021=DIRECTION('center_axis',(0.,1.,0.));
#12022=DIRECTION('ref_axis',(0.,0.,1.));
#12023=DIRECTION('',(0.,0.,1.));
#12024=DIRECTION('',(1.,0.,0.));
#12025=DIRECTION('',(-1.,0.,0.));
#12026=DIRECTION('center_axis',(0.,0.,-1.));
#12027=DIRECTION('ref_axis',(0.,1.,0.));
#12028=DIRECTION('',(0.,1.,0.));
#12029=DIRECTION('center_axis',(1.,0.,0.));
#12030=DIRECTION('ref_axis',(0.,0.,-1.));
#12031=DIRECTION('',(0.,1.,0.));
#12032=DIRECTION('',(0.,1.,0.));
#12033=DIRECTION('center_axis',(0.,0.,1.));
#12034=DIRECTION('ref_axis',(0.382683432365087,0.923879532511288,0.));
#12035=DIRECTION('',(0.,0.,-1.));
#12036=DIRECTION('',(0.,0.,1.));
#12037=DIRECTION('center_axis',(0.,-1.,0.));
#12038=DIRECTION('ref_axis',(0.,0.,-1.));
#12039=DIRECTION('',(0.,0.,-1.));
#12040=DIRECTION('center_axis',(0.,0.,1.));
#12041=DIRECTION('ref_axis',(1.,0.,0.));
#12042=DIRECTION('',(-2.38943891978176E-16,-1.,0.));
#12043=DIRECTION('center_axis',(0.,0.,1.));
#12044=DIRECTION('ref_axis',(0.923879532511286,0.382683432365092,0.));
#12045=DIRECTION('',(0.,0.,-1.));
#12046=DIRECTION('',(0.,0.,1.));
#12047=DIRECTION('center_axis',(-1.,2.38943891978176E-16,0.));
#12048=DIRECTION('ref_axis',(-2.38943891978176E-16,-1.,0.));
#12049=DIRECTION('',(0.,0.,1.));
#12050=DIRECTION('center_axis',(0.,0.,1.));
#12051=DIRECTION('ref_axis',(0.923879532511285,-0.382683432365093,0.));
#12052=DIRECTION('',(0.,0.,-1.));
#12053=DIRECTION('center_axis',(0.707106781186543,-0.707106781186552,0.));
#12054=DIRECTION('ref_axis',(0.707106781186552,0.707106781186543,0.));
#12055=DIRECTION('',(0.,0.,1.));
#12056=DIRECTION('center_axis',(0.,0.,1.));
#12057=DIRECTION('ref_axis',(0.382683432365086,-0.923879532511288,0.));
#12058=DIRECTION('',(0.,0.,-1.));
#12059=DIRECTION('center_axis',(0.,0.,1.));
#12060=DIRECTION('ref_axis',(-0.382683432365088,-0.923879532511288,0.));
#12061=DIRECTION('',(0.,0.,-1.));
#12062=DIRECTION('',(0.,0.,1.));
#12063=DIRECTION('center_axis',(-0.707106781186544,-0.707106781186551,0.));
#12064=DIRECTION('ref_axis',(0.707106781186551,-0.707106781186544,0.));
#12065=DIRECTION('',(0.,0.,1.));
#12066=DIRECTION('center_axis',(0.,0.,1.));
#12067=DIRECTION('ref_axis',(-0.923879532511285,-0.382683432365093,0.));
#12068=DIRECTION('',(0.,0.,-1.));
#12069=DIRECTION('center_axis',(1.,2.38943891978177E-16,0.));
#12070=DIRECTION('ref_axis',(-2.38943891978177E-16,1.,0.));
#12071=DIRECTION('',(0.,0.,1.));
#12072=DIRECTION('center_axis',(0.,0.,1.));
#12073=DIRECTION('ref_axis',(-0.923879532511286,0.382683432365092,0.));
#12074=DIRECTION('',(0.,0.,-1.));
#12075=DIRECTION('center_axis',(0.,0.,1.));
#12076=DIRECTION('ref_axis',(-0.382683432365087,0.923879532511288,0.));
#12077=DIRECTION('',(0.,0.,1.));
#12078=DIRECTION('center_axis',(0.,0.,1.));
#12079=DIRECTION('ref_axis',(1.,0.,0.));
#12080=DIRECTION('',(0.,0.,1.));
#12081=DIRECTION('center_axis',(0.,0.,1.));
#12082=DIRECTION('ref_axis',(1.,0.,0.));
#12083=DIRECTION('center_axis',(0.,0.,1.));
#12084=DIRECTION('ref_axis',(1.,0.,0.));
#12085=DIRECTION('',(0.,0.,1.));
#12086=DIRECTION('center_axis',(0.,0.,1.));
#12087=DIRECTION('ref_axis',(1.,0.,0.));
#12088=DIRECTION('center_axis',(0.,0.,1.));
#12089=DIRECTION('ref_axis',(1.,0.,0.));
#12090=DIRECTION('',(0.,0.,1.));
#12091=DIRECTION('center_axis',(0.,0.,1.));
#12092=DIRECTION('ref_axis',(1.,0.,0.));
#12093=DIRECTION('center_axis',(0.,0.,1.));
#12094=DIRECTION('ref_axis',(1.,0.,0.));
#12095=DIRECTION('',(0.,0.,1.));
#12096=DIRECTION('center_axis',(0.,0.,1.));
#12097=DIRECTION('ref_axis',(1.,0.,0.));
#12098=DIRECTION('center_axis',(0.,0.,1.));
#12099=DIRECTION('ref_axis',(1.,0.,0.));
#12100=DIRECTION('',(0.,0.,1.));
#12101=DIRECTION('center_axis',(-0.707106781186544,-0.707106781186551,0.));
#12102=DIRECTION('ref_axis',(0.707106781186551,-0.707106781186544,0.));
#12103=DIRECTION('center_axis',(0.707106781186544,-0.707106781186551,0.));
#12104=DIRECTION('ref_axis',(0.707106781186551,0.707106781186544,0.));
#12105=DIRECTION('center_axis',(0.,-1.,0.));
#12106=DIRECTION('ref_axis',(0.,0.,-1.));
#12107=DIRECTION('center_axis',(0.,0.,1.));
#12108=DIRECTION('ref_axis',(1.,0.,0.));
#12109=DIRECTION('center_axis',(0.,0.,1.));
#12110=DIRECTION('ref_axis',(1.,0.,0.));
#12111=DIRECTION('center_axis',(0.,0.,1.));
#12112=DIRECTION('ref_axis',(1.,0.,0.));
#12113=DIRECTION('center_axis',(0.,0.,1.));
#12114=DIRECTION('ref_axis',(1.,0.,0.));
#12115=DIRECTION('center_axis',(0.,-1.,0.));
#12116=DIRECTION('ref_axis',(0.,0.,-1.));
#12117=DIRECTION('',(1.,0.,0.));
#12118=DIRECTION('',(0.,0.,-1.));
#12119=DIRECTION('',(-1.,0.,0.));
#12120=DIRECTION('',(0.,0.,1.));
#12121=DIRECTION('',(1.,0.,0.));
#12122=DIRECTION('',(0.,0.,-1.));
#12123=DIRECTION('',(-1.,0.,0.));
#12124=DIRECTION('center_axis',(0.,0.,-1.));
#12125=DIRECTION('ref_axis',(0.,1.,0.));
#12126=DIRECTION('',(1.,0.,0.));
#12127=DIRECTION('',(0.,1.,0.));
#12128=DIRECTION('',(-1.,0.,0.));
#12129=DIRECTION('center_axis',(0.,0.,-1.));
#12130=DIRECTION('ref_axis',(0.,1.,0.));
#12131=DIRECTION('',(1.,0.,0.));
#12132=DIRECTION('',(0.,1.,0.));
#12133=DIRECTION('center_axis',(0.,0.,-1.));
#12134=DIRECTION('ref_axis',(0.,1.,0.));
#12135=DIRECTION('',(0.,1.,0.));
#12136=DIRECTION('',(1.,0.,0.));
#12137=DIRECTION('',(0.,1.,0.));
#12138=DIRECTION('',(1.,0.,0.));
#12139=DIRECTION('center_axis',(0.,1.,2.77555756156289E-15));
#12140=DIRECTION('ref_axis',(0.,-2.77555756156289E-15,1.));
#12141=DIRECTION('',(0.,-2.77555756156289E-15,1.));
#12142=DIRECTION('',(1.,0.,0.));
#12143=DIRECTION('',(0.,-2.77555756156289E-15,1.));
#12144=DIRECTION('center_axis',(0.,0.,1.));
#12145=DIRECTION('ref_axis',(0.,-1.,0.));
#12146=DIRECTION('',(0.,-1.,0.));
#12147=DIRECTION('',(1.,0.,0.));
#12148=DIRECTION('',(0.,-1.,0.));
#12149=DIRECTION('center_axis',(0.342020143325671,0.939692620785908,2.60817095916717E-15));
#12150=DIRECTION('ref_axis',(2.16936748935778E-30,-2.77555756156289E-15,
1.));
#12151=DIRECTION('',(0.889126490715989,-0.323615577118188,-0.32361557711818));
#12152=DIRECTION('',(0.,2.77555756156289E-15,-1.));
#12153=DIRECTION('',(-0.889126490715989,0.323615577118188,-0.32361557711818));
#12154=DIRECTION('center_axis',(0.342020143325664,0.,0.93969262078591));
#12155=DIRECTION('ref_axis',(0.93969262078591,0.,-0.342020143325664));
#12156=DIRECTION('',(0.,1.,0.));
#12157=DIRECTION('',(-0.889126490715989,-0.323615577118188,0.32361557711818));
#12158=DIRECTION('center_axis',(0.342020143325664,0.,-0.93969262078591));
#12159=DIRECTION('ref_axis',(-0.93969262078591,0.,-0.342020143325664));
#12160=DIRECTION('',(0.,-1.,0.));
#12161=DIRECTION('',(-0.889126490715989,-0.323615577118188,-0.32361557711818));
#12162=DIRECTION('center_axis',(0.342020143325671,-0.939692620785908,0.));
#12163=DIRECTION('ref_axis',(0.,0.,-1.));
#12164=DIRECTION('',(0.,0.,-1.));
#12165=DIRECTION('',(0.,0.,1.));
#12166=DIRECTION('center_axis',(1.,0.,0.));
#12167=DIRECTION('ref_axis',(0.,0.,-1.));
#12168=DIRECTION('center_axis',(0.,-1.,0.));
#12169=DIRECTION('ref_axis',(0.,0.,-1.));
#12170=DIRECTION('',(0.,0.,-1.));
#12171=DIRECTION('center_axis',(0.,1.,-4.16333634234433E-15));
#12172=DIRECTION('ref_axis',(0.,4.16333634234433E-15,1.));
#12173=DIRECTION('',(0.,4.16333634234433E-15,1.));
#12174=DIRECTION('',(1.,0.,0.));
#12175=DIRECTION('',(0.,4.16333634234433E-15,1.));
#12176=DIRECTION('',(1.,0.,0.));
#12177=DIRECTION('center_axis',(0.,2.22044604925031E-14,1.));
#12178=DIRECTION('ref_axis',(0.,-1.,2.22044604925031E-14));
#12179=DIRECTION('',(0.,-1.,2.22044604925031E-14));
#12180=DIRECTION('',(1.,0.,0.));
#12181=DIRECTION('',(0.,-1.,2.22044604925031E-14));
#12182=DIRECTION('center_axis',(0.,-1.,2.77555756156289E-15));
#12183=DIRECTION('ref_axis',(0.,-2.77555756156289E-15,-1.));
#12184=DIRECTION('',(0.,-2.77555756156289E-15,-1.));
#12185=DIRECTION('',(1.,0.,0.));
#12186=DIRECTION('',(0.,-2.77555756156289E-15,-1.));
#12187=DIRECTION('center_axis',(0.342020143325651,2.08653676733376E-14,
0.939692620785915));
#12188=DIRECTION('ref_axis',(0.939692620785915,0.,-0.342020143325651));
#12189=DIRECTION('',(0.889126490715994,0.323615577118187,-0.323615577118168));
#12190=DIRECTION('',(0.,1.,-2.22044604925031E-14));
#12191=DIRECTION('',(-0.889126490715998,0.323615577118189,0.323615577118155));
#12192=DIRECTION('center_axis',(0.342020143325671,-0.939692620785908,2.60817095916717E-15));
#12193=DIRECTION('ref_axis',(-2.16936748935778E-30,-2.77555756156289E-15,
-1.));
#12194=DIRECTION('',(0.,2.77555756156289E-15,1.));
#12195=DIRECTION('',(-0.889126490715997,-0.323615577118191,-0.323615577118155));
#12196=DIRECTION('center_axis',(0.342020143325669,0.939692620785908,-3.91225643875076E-15));
#12197=DIRECTION('ref_axis',(1.97215226305253E-31,4.16333634234433E-15,
1.));
#12198=DIRECTION('',(0.,-4.16333634234433E-15,-1.));
#12199=DIRECTION('',(-0.889126490715994,0.323615577118186,-0.323615577118168));
#12200=DIRECTION('center_axis',(0.342020143325651,-2.08653676733376E-14,
-0.939692620785915));
#12201=DIRECTION('ref_axis',(-0.939692620785915,0.,-0.342020143325651));
#12202=DIRECTION('',(0.,1.,-2.22044604925032E-14));
#12203=DIRECTION('',(0.,-1.,2.22044604925032E-14));
#12204=DIRECTION('center_axis',(1.,0.,0.));
#12205=DIRECTION('ref_axis',(0.,0.,-1.));
#12206=DIRECTION('center_axis',(0.,-2.22044604925032E-14,-1.));
#12207=DIRECTION('ref_axis',(0.,1.,-2.22044604925032E-14));
#12208=DIRECTION('',(0.,1.,-2.22044604925032E-14));
#12209=DIRECTION('center_axis',(0.,-1.,-6.93889390390722E-16));
#12210=DIRECTION('ref_axis',(0.,6.93889390390722E-16,-1.));
#12211=DIRECTION('',(0.,6.93889390390722E-16,-1.));
#12212=DIRECTION('',(1.,0.,0.));
#12213=DIRECTION('',(0.,6.93889390390722E-16,-1.));
#12214=DIRECTION('',(1.,0.,0.));
#12215=DIRECTION('center_axis',(0.,0.,-1.));
#12216=DIRECTION('ref_axis',(0.,1.,0.));
#12217=DIRECTION('',(0.,1.,0.));
#12218=DIRECTION('',(1.,0.,0.));
#12219=DIRECTION('',(0.,1.,0.));
#12220=DIRECTION('center_axis',(0.,1.,0.));
#12221=DIRECTION('ref_axis',(0.,0.,1.));
#12222=DIRECTION('',(0.,0.,1.));
#12223=DIRECTION('',(1.,0.,0.));
#12224=DIRECTION('',(0.,0.,1.));
#12225=DIRECTION('center_axis',(0.342020143325664,0.,-0.93969262078591));
#12226=DIRECTION('ref_axis',(-0.93969262078591,0.,-0.342020143325664));
#12227=DIRECTION('',(0.889126490715989,-0.323615577118187,0.32361557711818));
#12228=DIRECTION('',(0.,-1.,0.));
#12229=DIRECTION('',(-0.889126490715989,-0.323615577118187,-0.32361557711818));
#12230=DIRECTION('center_axis',(0.342020143325671,0.939692620785908,0.));
#12231=DIRECTION('ref_axis',(0.,0.,1.));
#12232=DIRECTION('',(0.,0.,-1.));
#12233=DIRECTION('',(-0.889126490715989,0.323615577118187,0.32361557711818));
#12234=DIRECTION('center_axis',(0.342020143325671,-0.939692620785908,-6.52042739791794E-16));
#12235=DIRECTION('ref_axis',(-9.86076131526265E-32,6.93889390390723E-16,
-1.));
#12236=DIRECTION('',(0.,-6.93889390390722E-16,1.));
#12237=DIRECTION('',(-0.889126490715989,-0.323615577118188,0.32361557711818));
#12238=DIRECTION('center_axis',(0.342020143325664,0.,0.93969262078591));
#12239=DIRECTION('ref_axis',(0.93969262078591,0.,-0.342020143325664));
#12240=DIRECTION('',(0.,-1.,0.));
#12241=DIRECTION('',(0.,1.,0.));
#12242=DIRECTION('center_axis',(1.,0.,0.));
#12243=DIRECTION('ref_axis',(0.,0.,-1.));
#12244=DIRECTION('center_axis',(0.,0.,1.));
#12245=DIRECTION('ref_axis',(0.,-1.,0.));
#12246=DIRECTION('',(0.,-1.,0.));
#12247=DIRECTION('center_axis',(0.,0.,-1.));
#12248=DIRECTION('ref_axis',(0.,1.,0.));
#12249=DIRECTION('',(0.,1.,0.));
#12250=DIRECTION('',(1.,0.,0.));
#12251=DIRECTION('',(0.,1.,0.));
#12252=DIRECTION('',(1.,0.,0.));
#12253=DIRECTION('center_axis',(0.,1.,0.));
#12254=DIRECTION('ref_axis',(0.,0.,1.));
#12255=DIRECTION('',(0.,0.,1.));
#12256=DIRECTION('',(1.,0.,0.));
#12257=DIRECTION('',(0.,0.,1.));
#12258=DIRECTION('center_axis',(0.,0.,1.));
#12259=DIRECTION('ref_axis',(0.,-1.,0.));
#12260=DIRECTION('',(0.,-1.,0.));
#12261=DIRECTION('',(1.,0.,0.));
#12262=DIRECTION('',(0.,-1.,0.));
#12263=DIRECTION('center_axis',(0.342020143325671,0.939692620785908,0.));
#12264=DIRECTION('ref_axis',(0.,0.,1.));
#12265=DIRECTION('',(0.889126490715989,-0.323615577118188,-0.32361557711818));
#12266=DIRECTION('',(0.,0.,-1.));
#12267=DIRECTION('',(-0.889126490715989,0.323615577118188,-0.32361557711818));
#12268=DIRECTION('center_axis',(0.342020143325664,0.,0.93969262078591));
#12269=DIRECTION('ref_axis',(0.93969262078591,0.,-0.342020143325664));
#12270=DIRECTION('',(0.,1.,0.));
#12271=DIRECTION('',(-0.889126490715989,-0.323615577118188,0.32361557711818));
#12272=DIRECTION('center_axis',(0.342020143325664,0.,-0.93969262078591));
#12273=DIRECTION('ref_axis',(-0.93969262078591,0.,-0.342020143325664));
#12274=DIRECTION('',(0.,-1.,0.));
#12275=DIRECTION('',(-0.889126490715989,-0.323615577118186,-0.323615577118181));
#12276=DIRECTION('center_axis',(0.342020143325671,-0.939692620785908,-1.30408547958359E-15));
#12277=DIRECTION('ref_axis',(-2.26797510251041E-30,1.38777878078145E-15,
-1.));
#12278=DIRECTION('',(0.,1.38777878078144E-15,-1.));
#12279=DIRECTION('',(0.,-1.38777878078144E-15,1.));
#12280=DIRECTION('center_axis',(1.,0.,0.));
#12281=DIRECTION('ref_axis',(0.,0.,-1.));
#12282=DIRECTION('center_axis',(0.,-1.,-1.38777878078144E-15));
#12283=DIRECTION('ref_axis',(0.,1.38777878078144E-15,-1.));
#12284=DIRECTION('',(0.,1.38777878078144E-15,-1.));
#12285=DIRECTION('center_axis',(0.,1.,-2.08166817117217E-15));
#12286=DIRECTION('ref_axis',(0.,2.08166817117217E-15,1.));
#12287=DIRECTION('',(0.,2.08166817117217E-15,1.));
#12288=DIRECTION('',(1.,0.,0.));
#12289=DIRECTION('',(0.,2.08166817117217E-15,1.));
#12290=DIRECTION('',(1.,0.,0.));
#12291=DIRECTION('center_axis',(0.,0.,1.));
#12292=DIRECTION('ref_axis',(0.,-1.,0.));
#12293=DIRECTION('',(0.,-1.,0.));
#12294=DIRECTION('',(1.,0.,0.));
#12295=DIRECTION('',(0.,-1.,0.));
#12296=DIRECTION('center_axis',(0.,-1.,2.42861286636753E-15));
#12297=DIRECTION('ref_axis',(0.,-2.42861286636753E-15,-1.));
#12298=DIRECTION('',(0.,-2.42861286636753E-15,-1.));
#12299=DIRECTION('',(1.,0.,0.));
#12300=DIRECTION('',(0.,-2.42861286636753E-15,-1.));
#12301=DIRECTION('center_axis',(0.342020143325664,0.,0.93969262078591));
#12302=DIRECTION('ref_axis',(0.93969262078591,0.,-0.342020143325664));
#12303=DIRECTION('',(0.889126490715989,0.323615577118187,-0.32361557711818));
#12304=DIRECTION('',(0.,1.,0.));
#12305=DIRECTION('',(-0.889126490715989,0.323615577118188,0.32361557711818));
#12306=DIRECTION('center_axis',(0.342020143325671,-0.939692620785908,2.28214958927128E-15));
#12307=DIRECTION('ref_axis',(-9.86076131526265E-32,-2.42861286636753E-15,
-1.));
#12308=DIRECTION('',(0.,2.42861286636753E-15,1.));
#12309=DIRECTION('',(-0.889126490715989,-0.323615577118188,-0.32361557711818));
#12310=DIRECTION('center_axis',(0.342020143325671,0.939692620785908,-1.95612821937538E-15));
#12311=DIRECTION('ref_axis',(-1.57772181044202E-30,2.08166817117217E-15,
1.));
#12312=DIRECTION('',(0.,-2.08166817117217E-15,-1.));
#12313=DIRECTION('',(-0.889126490715989,0.323615577118187,-0.32361557711818));
#12314=DIRECTION('center_axis',(0.342020143325664,0.,-0.93969262078591));
#12315=DIRECTION('ref_axis',(-0.93969262078591,0.,-0.342020143325664));
#12316=DIRECTION('',(0.,1.,0.));
#12317=DIRECTION('',(0.,-1.,0.));
#12318=DIRECTION('center_axis',(1.,0.,0.));
#12319=DIRECTION('ref_axis',(0.,0.,-1.));
#12320=DIRECTION('center_axis',(0.,0.,-1.));
#12321=DIRECTION('ref_axis',(0.,1.,0.));
#12322=DIRECTION('',(0.,1.,0.));
#12323=DIRECTION('center_axis',(0.,1.,0.));
#12324=DIRECTION('ref_axis',(0.,0.,1.));
#12325=DIRECTION('',(0.,0.,1.));
#12326=DIRECTION('',(1.,0.,0.));
#12327=DIRECTION('',(0.,0.,1.));
#12328=DIRECTION('',(1.,0.,0.));
#12329=DIRECTION('center_axis',(0.,0.,1.));
#12330=DIRECTION('ref_axis',(0.,-1.,0.));
#12331=DIRECTION('',(0.,-1.,0.));
#12332=DIRECTION('',(1.,0.,0.));
#12333=DIRECTION('',(0.,-1.,0.));
#12334=DIRECTION('center_axis',(0.,-1.,2.77555756156289E-15));
#12335=DIRECTION('ref_axis',(0.,-2.77555756156289E-15,-1.));
#12336=DIRECTION('',(0.,-2.77555756156289E-15,-1.));
#12337=DIRECTION('',(1.,0.,0.));
#12338=DIRECTION('',(0.,-2.77555756156289E-15,-1.));
#12339=DIRECTION('center_axis',(0.342020143325664,0.,0.93969262078591));
#12340=DIRECTION('ref_axis',(0.93969262078591,0.,-0.342020143325664));
#12341=DIRECTION('',(0.889126490715988,0.323615577118189,-0.32361557711818));
#12342=DIRECTION('',(0.,1.,0.));
#12343=DIRECTION('',(-0.889126490715989,0.323615577118188,0.32361557711818));
#12344=DIRECTION('center_axis',(0.342020143325675,-0.939692620785906,2.60817095916717E-15));
#12345=DIRECTION('ref_axis',(0.,-2.77555756156289E-15,-1.));
#12346=DIRECTION('',(0.,2.77555756156289E-15,1.));
#12347=DIRECTION('',(-0.889126490715988,-0.323615577118191,-0.32361557711818));
#12348=DIRECTION('center_axis',(0.342020143325671,0.939692620785908,0.));
#12349=DIRECTION('ref_axis',(0.,0.,1.));
#12350=DIRECTION('',(0.,0.,-1.));
#12351=DIRECTION('',(-0.889126490715989,0.323615577118188,-0.32361557711818));
#12352=DIRECTION('center_axis',(0.342020143325664,0.,-0.93969262078591));
#12353=DIRECTION('ref_axis',(-0.93969262078591,0.,-0.342020143325664));
#12354=DIRECTION('',(0.,1.,0.));
#12355=DIRECTION('',(0.,-1.,0.));
#12356=DIRECTION('center_axis',(1.,0.,0.));
#12357=DIRECTION('ref_axis',(0.,0.,-1.));
#12358=DIRECTION('center_axis',(0.,0.,-1.));
#12359=DIRECTION('ref_axis',(0.,1.,0.));
#12360=DIRECTION('',(0.,1.,0.));
#12361=DIRECTION('center_axis',(0.,0.,-1.));
#12362=DIRECTION('ref_axis',(0.,1.,0.));
#12363=DIRECTION('',(0.,1.,0.));
#12364=DIRECTION('',(-1.,0.,0.));
#12365=DIRECTION('',(1.,0.,0.));
#12366=DIRECTION('center_axis',(0.,-1.,0.));
#12367=DIRECTION('ref_axis',(0.,0.,-1.));
#12368=DIRECTION('',(0.,0.,-1.));
#12369=DIRECTION('',(1.,0.,0.));
#12370=DIRECTION('',(-1.,0.,0.));
#12371=DIRECTION('center_axis',(1.,0.,0.));
#12372=DIRECTION('ref_axis',(0.,0.,-1.));
#12373=DIRECTION('',(0.,-1.,0.));
#12374=DIRECTION('',(0.,0.,1.));
#12375=DIRECTION('',(0.,1.,0.));
#12376=DIRECTION('center_axis',(0.,0.,-1.));
#12377=DIRECTION('ref_axis',(0.,1.,0.));
#12378=DIRECTION('',(0.,1.,0.));
#12379=DIRECTION('',(1.,0.,0.));
#12380=DIRECTION('',(1.,0.,0.));
#12381=DIRECTION('center_axis',(0.,1.,0.));
#12382=DIRECTION('ref_axis',(0.,0.,1.));
#12383=DIRECTION('',(0.,0.,1.));
#12384=DIRECTION('',(1.,0.,0.));
#12385=DIRECTION('',(-1.,0.,0.));
#12386=DIRECTION('center_axis',(1.,0.,0.));
#12387=DIRECTION('ref_axis',(0.,0.,-1.));
#12388=DIRECTION('',(0.,0.,-1.));
#12389=DIRECTION('',(0.,-1.,0.));
#12390=DIRECTION('',(0.,1.,0.));
#12391=DIRECTION('center_axis',(0.,0.,1.));
#12392=DIRECTION('ref_axis',(0.,1.,0.));
#12393=DIRECTION('',(-1.,0.,0.));
#12394=DIRECTION('',(0.,1.,0.));
#12395=DIRECTION('',(-1.,0.,0.));
#12396=DIRECTION('',(0.,1.,0.));
#12397=DIRECTION('center_axis',(0.,0.,1.));
#12398=DIRECTION('ref_axis',(0.,-1.,0.));
#12399=DIRECTION('',(1.,0.,0.));
#12400=DIRECTION('',(-1.,0.,0.));
#12401=DIRECTION('',(0.,-1.,0.));
#12402=DIRECTION('',(-1.,0.,0.));
#12403=DIRECTION('',(0.,1.,0.));
#12404=DIRECTION('',(1.,0.,0.));
#12405=DIRECTION('',(0.,-1.,0.));
#12406=DIRECTION('',(1.,0.,0.));
#12407=DIRECTION('center_axis',(0.,0.,-1.));
#12408=DIRECTION('ref_axis',(0.,-1.,0.));
#12409=DIRECTION('',(0.,-1.,0.));
#12410=DIRECTION('',(1.,0.,0.));
#12411=DIRECTION('',(0.,-1.,0.));
#12412=DIRECTION('',(-1.,0.,0.));
#12413=DIRECTION('center_axis',(0.,0.,1.));
#12414=DIRECTION('ref_axis',(0.,1.,0.));
#12415=DIRECTION('',(0.,1.,0.));
#12416=DIRECTION('',(1.,0.,0.));
#12417=DIRECTION('',(0.,1.,0.));
#12418=DIRECTION('',(-1.,0.,0.));
#12419=DIRECTION('center_axis',(-1.,0.,0.));
#12420=DIRECTION('ref_axis',(0.,0.,1.));
#12421=DIRECTION('',(0.,0.,1.));
#12422=DIRECTION('',(0.,0.,-1.));
#12423=DIRECTION('center_axis',(0.,0.,1.));
#12424=DIRECTION('ref_axis',(0.,1.,0.));
#12425=DIRECTION('',(0.,1.,0.));
#12426=DIRECTION('',(0.,1.,0.));
#12427=DIRECTION('',(-1.,0.,0.));
#12428=DIRECTION('center_axis',(0.,0.,-1.));
#12429=DIRECTION('ref_axis',(0.,-1.,0.));
#12430=DIRECTION('',(0.,-1.,0.));
#12431=DIRECTION('',(1.,0.,0.));
#12432=DIRECTION('',(0.,-1.,0.));
#12433=DIRECTION('center_axis',(-1.,0.,0.));
#12434=DIRECTION('ref_axis',(0.,0.,1.));
#12435=DIRECTION('',(0.,2.81069120158267E-16,-1.));
#12436=DIRECTION('center_axis',(0.,1.,0.));
#12437=DIRECTION('ref_axis',(0.,0.,1.));
#12438=DIRECTION('',(0.,0.,1.));
#12439=DIRECTION('',(0.,0.,1.));
#12440=DIRECTION('center_axis',(1.,0.,0.));
#12441=DIRECTION('ref_axis',(0.,0.,-1.));
#12442=DIRECTION('',(0.,-2.81069120158267E-16,1.));
#12443=DIRECTION('',(0.,1.,0.));
#12444=DIRECTION('',(0.,0.,1.));
#12445=DIRECTION('center_axis',(1.,0.,0.));
#12446=DIRECTION('ref_axis',(0.,0.,-1.));
#12447=DIRECTION('',(0.,0.,-1.));
#12448=DIRECTION('',(0.,-1.,0.));
#12449=DIRECTION('',(0.,-2.81069120158267E-16,1.));
#12450=DIRECTION('',(0.,0.,1.));
#12451=DIRECTION('',(0.,1.,0.));
#12452=DIRECTION('',(0.,0.,-1.));
#12453=DIRECTION('center_axis',(1.,0.,0.));
#12454=DIRECTION('ref_axis',(0.,0.,-1.));
#12455=DIRECTION('',(0.,-2.77555756156289E-15,-1.));
#12456=DIRECTION('',(0.,0.,-1.));
#12457=DIRECTION('center_axis',(0.,-1.,0.));
#12458=DIRECTION('ref_axis',(0.,0.,1.));
#12459=DIRECTION('',(0.,0.,1.));
#12460=DIRECTION('',(-1.,0.,0.));
#12461=DIRECTION('center_axis',(0.,1.,0.));
#12462=DIRECTION('ref_axis',(0.,0.,-1.));
#12463=DIRECTION('',(-1.,0.,0.));
#12464=DIRECTION('',(0.,0.,-1.));
#12465=DIRECTION('center_axis',(0.,0.,1.));
#12466=DIRECTION('ref_axis',(0.,1.,0.));
#12467=DIRECTION('',(0.,1.,0.));
#12468=DIRECTION('center_axis',(-1.,0.,0.));
#12469=DIRECTION('ref_axis',(0.,0.,1.));
#12470=DIRECTION('center_axis',(0.,1.,-2.77555756156289E-15));
#12471=DIRECTION('ref_axis',(0.,-2.77555756156289E-15,-1.));
#12472=DIRECTION('',(0.,-2.77555756156289E-15,-1.));
#12473=DIRECTION('center_axis',(0.,-1.,0.));
#12474=DIRECTION('ref_axis',(0.,0.,1.));
#12475=DIRECTION('',(-1.,0.,0.));
#12476=DIRECTION('',(0.,0.,1.));
#12477=DIRECTION('center_axis',(0.,0.,1.));
#12478=DIRECTION('ref_axis',(0.,1.,0.));
#12479=DIRECTION('',(0.,1.,0.));
#12480=DIRECTION('',(-1.,0.,0.));
#12481=DIRECTION('center_axis',(0.,-1.,-2.81069120158267E-16));
#12482=DIRECTION('ref_axis',(0.,-2.81069120158267E-16,1.));
#12483=DIRECTION('',(-1.,0.,0.));
#12484=DIRECTION('',(0.,-2.81069120158267E-16,1.));
#12485=DIRECTION('center_axis',(0.,0.,-1.));
#12486=DIRECTION('ref_axis',(0.,-1.,0.));
#12487=DIRECTION('',(-1.,0.,0.));
#12488=DIRECTION('',(0.,-1.,0.));
#12489=DIRECTION('center_axis',(0.,1.,0.));
#12490=DIRECTION('ref_axis',(0.,0.,-1.));
#12491=DIRECTION('',(0.,0.,-1.));
#12492=DIRECTION('center_axis',(-1.,0.,0.));
#12493=DIRECTION('ref_axis',(0.,0.,1.));
#12494=DIRECTION('center_axis',(0.,0.,-1.));
#12495=DIRECTION('ref_axis',(-1.00706844438439E-14,1.,0.));
#12496=DIRECTION('center_axis',(-1.,-9.79094320929272E-15,0.));
#12497=DIRECTION('ref_axis',(9.79094320929272E-15,-1.,0.));
#12498=DIRECTION('center_axis',(1.,4.39648743637368E-14,1.8456502188676E-13));
#12499=DIRECTION('ref_axis',(-1.67353445778853E-13,0.6627004087097,0.748884616143232));
#12500=DIRECTION('center_axis',(0.,0.,-1.));
#12501=DIRECTION('ref_axis',(-1.0927391974657E-14,1.,0.));
#12502=DIRECTION('center_axis',(-4.8180713105074E-14,1.,3.00377672645035E-13));
#12503=DIRECTION('ref_axis',(-0.662700408969532,-2.56877596286885E-13,0.748884615913303));
#12504=DIRECTION('center_axis',(-5.66123905878279E-14,1.,5.32002974162653E-13));
#12505=DIRECTION('ref_axis',(-0.662700408524247,-4.35925897550251E-13,0.748884616307342));
#12506=DIRECTION('center_axis',(0.,0.,-1.));
#12507=DIRECTION('ref_axis',(-1.0927391974657E-14,1.,0.));
#12508=DIRECTION('center_axis',(1.,3.62125299104337E-14,-2.64147503534751E-13));
#12509=DIRECTION('ref_axis',(2.28188652836296E-13,-0.628654464348912,0.777684746188442));
#12510=DIRECTION('center_axis',(1.,-8.41356194042765E-15,2.31541318886103E-13));
#12511=DIRECTION('ref_axis',(-1.85355375063961E-13,-0.628654464466621,0.777684746093291));
#12512=DIRECTION('center_axis',(0.,0.,-1.));
#12513=DIRECTION('ref_axis',(-1.0927391974657E-14,1.,0.));
#12514=DIRECTION('center_axis',(-6.01344166745251E-14,1.,-3.36540715030894E-13));
#12515=DIRECTION('ref_axis',(0.628654464396583,2.99526350044234E-13,0.777684746149907));
#12516=DIRECTION('center_axis',(-9.6676646349296E-14,1.,-7.56245904857214E-13));
#12517=DIRECTION('ref_axis',(0.628654464214323,6.48897109969963E-13,0.77768474629724));
#12518=DIRECTION('center_axis',(0.,0.,-1.));
#12519=DIRECTION('ref_axis',(-1.0927391974657E-14,1.,0.));
#12520=DIRECTION('center_axis',(1.,1.61749687393579E-14,1.52000849760486E-13));
#12521=DIRECTION('ref_axis',(-1.24550256385379E-13,0.662700409008744,0.748884615878603));
#12522=DIRECTION('center_axis',(0.,0.,-1.));
#12523=DIRECTION('ref_axis',(-1.04744440165294E-14,1.,0.));
#12524=DIRECTION('',(-1.,-1.04744440165294E-14,0.));
#12525=DIRECTION('',(-1.04744440165294E-14,1.,0.));
#12526=DIRECTION('center_axis',(0.,0.,-1.));
#12527=DIRECTION('ref_axis',(-1.04744440165294E-14,1.,0.));
#12528=DIRECTION('',(-1.04744440165294E-14,1.,0.));
#12529=DIRECTION('',(-1.,-1.04744440165294E-14,0.));
#12530=DIRECTION('center_axis',(0.,0.,-1.));
#12531=DIRECTION('ref_axis',(-1.04744440165294E-14,1.,0.));
#12532=DIRECTION('',(-1.,-1.04744440165294E-14,0.));
#12533=DIRECTION('',(-1.04744440165294E-14,1.,0.));
#12534=DIRECTION('center_axis',(0.,0.,-1.));
#12535=DIRECTION('ref_axis',(-1.04744440165294E-14,1.,0.));
#12536=DIRECTION('',(-1.,-1.04744440165294E-14,0.));
#12537=DIRECTION('',(-1.04744440165294E-14,1.,0.));
#12538=DIRECTION('center_axis',(1.04744440165294E-14,-1.,0.));
#12539=DIRECTION('ref_axis',(0.,0.,-1.));
#12540=DIRECTION('',(0.,0.,-1.));
#12541=DIRECTION('',(-1.,-1.04744440165294E-14,0.));
#12542=DIRECTION('',(0.,0.,-1.));
#12543=DIRECTION('center_axis',(1.04744440165294E-14,-1.,0.));
#12544=DIRECTION('ref_axis',(0.,0.,-1.));
#12545=DIRECTION('',(0.,0.,-1.));
#12546=DIRECTION('',(-1.,-1.04744440165294E-14,0.));
#12547=DIRECTION('',(0.,0.,-1.));
#12548=DIRECTION('center_axis',(1.04744440165294E-14,-1.,0.));
#12549=DIRECTION('ref_axis',(0.,0.,-1.));
#12550=DIRECTION('',(0.,0.,-1.));
#12551=DIRECTION('',(-1.,-1.04744440165294E-14,0.));
#12552=DIRECTION('',(0.,0.,-1.));
#12553=DIRECTION('center_axis',(-1.,-1.04744440165294E-14,0.));
#12554=DIRECTION('ref_axis',(0.,0.,-1.));
#12555=DIRECTION('',(-1.04744440165294E-14,1.,0.));
#12556=DIRECTION('center_axis',(1.04744440165294E-14,-1.,0.));
#12557=DIRECTION('ref_axis',(0.,0.,-1.));
#12558=DIRECTION('',(0.,0.,-1.));
#12559=DIRECTION('',(-1.,-1.04744440165294E-14,0.));
#12560=DIRECTION('',(0.,0.,-1.));
#12561=DIRECTION('center_axis',(1.,1.04744440165294E-14,0.));
#12562=DIRECTION('ref_axis',(0.,0.,1.));
#12563=DIRECTION('',(1.04744440165294E-14,-1.,0.));
#12564=DIRECTION('center_axis',(0.,0.,-1.));
#12565=DIRECTION('ref_axis',(-1.04744440165294E-14,1.,0.));
#12566=DIRECTION('',(-1.04744440165294E-14,1.,0.));
#12567=DIRECTION('',(-1.,-1.04744440165294E-14,0.));
#12568=DIRECTION('',(-1.04744440165294E-14,1.,0.));
#12569=DIRECTION('',(-1.04744440165294E-14,1.,0.));
#12570=DIRECTION('',(1.,1.04744440165294E-14,0.));
#12571=DIRECTION('',(-1.04744440165294E-14,1.,0.));
#12572=DIRECTION('center_axis',(1.04744440165294E-14,-1.,0.));
#12573=DIRECTION('ref_axis',(0.,0.,-1.));
#12574=DIRECTION('',(0.,0.,-1.));
#12575=DIRECTION('',(0.,0.,-1.));
#12576=DIRECTION('center_axis',(-1.,-1.04744440165294E-14,0.));
#12577=DIRECTION('ref_axis',(0.,0.,-1.));
#12578=DIRECTION('center_axis',(-1.,-1.04744440165294E-14,0.));
#12579=DIRECTION('ref_axis',(0.,0.,-1.));
#12580=DIRECTION('center_axis',(-1.,-1.04744440165294E-14,0.));
#12581=DIRECTION('ref_axis',(0.,0.,-1.));
#12582=DIRECTION('',(0.,0.,-1.));
#12583=DIRECTION('center_axis',(-1.04744440165294E-14,1.,0.));
#12584=DIRECTION('ref_axis',(0.,0.,1.));
#12585=DIRECTION('',(0.,0.,-1.));
#12586=DIRECTION('center_axis',(-1.,-1.04744440165294E-14,0.));
#12587=DIRECTION('ref_axis',(0.,0.,-1.));
#12588=DIRECTION('center_axis',(0.,0.,-1.));
#12589=DIRECTION('ref_axis',(3.35689481461465E-15,-1.,0.));
#12590=DIRECTION('center_axis',(1.,3.49676543189026E-15,0.));
#12591=DIRECTION('ref_axis',(-3.49676543189026E-15,1.,0.));
#12592=DIRECTION('center_axis',(-1.,-2.79620021808782E-14,1.10376610444462E-13));
#12593=DIRECTION('ref_axis',(-1.01189775811298E-13,0.662700408798693,-0.748884616064481));
#12594=DIRECTION('center_axis',(0.,0.,-1.));
#12595=DIRECTION('ref_axis',(3.64246399155235E-15,-1.,0.));
#12596=DIRECTION('center_axis',(5.22244552899125E-14,-1.,3.3837788508515E-13));
#12597=DIRECTION('ref_axis',(-0.662700408426277,-2.88015160518683E-13,-0.748884616394038));
#12598=DIRECTION('center_axis',(4.86970027746468E-14,-1.,5.33814987600633E-13));
#12599=DIRECTION('ref_axis',(-0.66270040859503,-4.32037355771084E-13,-0.748884616244706));
#12600=DIRECTION('center_axis',(0.,0.,-1.));
#12601=DIRECTION('ref_axis',(3.64246399155235E-15,-1.,0.));
#12602=DIRECTION('center_axis',(-1.,-3.21705988223686E-14,-2.26155687236969E-13));
#12603=DIRECTION('ref_axis',(1.96102018798365E-13,-0.628654464349244,-0.777684746188174));
#12604=DIRECTION('center_axis',(-1.,1.63325742344081E-14,2.29746108336392E-13));
#12605=DIRECTION('ref_axis',(-1.88937589636422E-13,-0.628654464465321,-0.777684746094342));
#12606=DIRECTION('center_axis',(0.,0.,-1.));
#12607=DIRECTION('ref_axis',(3.64246399155235E-15,-1.,0.));
#12608=DIRECTION('center_axis',(4.81734732924781E-14,-1.,-3.00344109282817E-13));
#12609=DIRECTION('ref_axis',(0.628654464481625,2.63857501419483E-13,-0.777684746081162));
#12610=DIRECTION('center_axis',(7.66318407911128E-14,-1.,-6.44065666513438E-13));
#12611=DIRECTION('ref_axis',(0.628654464263061,5.4905499325392E-13,-0.777684746257841));
#12612=DIRECTION('center_axis',(0.,0.,-1.));
#12613=DIRECTION('ref_axis',(3.64246399155235E-15,-1.,0.));
#12614=DIRECTION('center_axis',(-1.,-5.22244552898844E-14,3.38377885085049E-13));
#12615=DIRECTION('ref_axis',(-2.88015160605787E-13,0.66270040807355,-0.748884616706172));
#12616=DIRECTION('center_axis',(0.,0.,-1.));
#12617=DIRECTION('ref_axis',(3.49148133884313E-15,-1.,0.));
#12618=DIRECTION('',(1.,3.49148133884313E-15,0.));
#12619=DIRECTION('',(3.49148133884313E-15,-1.,0.));
#12620=DIRECTION('center_axis',(0.,0.,-1.));
#12621=DIRECTION('ref_axis',(3.49148133884313E-15,-1.,0.));
#12622=DIRECTION('',(3.49148133884313E-15,-1.,0.));
#12623=DIRECTION('',(1.,3.49148133884313E-15,0.));
#12624=DIRECTION('center_axis',(0.,0.,-1.));
#12625=DIRECTION('ref_axis',(3.49148133884313E-15,-1.,0.));
#12626=DIRECTION('',(1.,3.49148133884313E-15,0.));
#12627=DIRECTION('',(3.49148133884313E-15,-1.,0.));
#12628=DIRECTION('center_axis',(0.,0.,-1.));
#12629=DIRECTION('ref_axis',(3.49148133884313E-15,-1.,0.));
#12630=DIRECTION('',(1.,3.49148133884313E-15,0.));
#12631=DIRECTION('',(3.49148133884313E-15,-1.,0.));
#12632=DIRECTION('center_axis',(-3.49148133884313E-15,1.,0.));
#12633=DIRECTION('ref_axis',(0.,0.,-1.));
#12634=DIRECTION('',(0.,0.,-1.));
#12635=DIRECTION('',(1.,3.49148133884313E-15,0.));
#12636=DIRECTION('',(0.,0.,-1.));
#12637=DIRECTION('center_axis',(-3.49148133884313E-15,1.,0.));
#12638=DIRECTION('ref_axis',(0.,0.,-1.));
#12639=DIRECTION('',(0.,0.,-1.));
#12640=DIRECTION('',(1.,3.49148133884313E-15,0.));
#12641=DIRECTION('',(0.,0.,-1.));
#12642=DIRECTION('center_axis',(-3.49148133884313E-15,1.,0.));
#12643=DIRECTION('ref_axis',(0.,0.,-1.));
#12644=DIRECTION('',(0.,0.,-1.));
#12645=DIRECTION('',(1.,3.49148133884313E-15,0.));
#12646=DIRECTION('',(0.,0.,-1.));
#12647=DIRECTION('center_axis',(1.,3.49148133884313E-15,0.));
#12648=DIRECTION('ref_axis',(0.,0.,-1.));
#12649=DIRECTION('',(3.49148133884313E-15,-1.,0.));
#12650=DIRECTION('center_axis',(-3.49148133884313E-15,1.,0.));
#12651=DIRECTION('ref_axis',(0.,0.,-1.));
#12652=DIRECTION('',(0.,0.,-1.));
#12653=DIRECTION('',(1.,3.49148133884313E-15,0.));
#12654=DIRECTION('',(0.,0.,-1.));
#12655=DIRECTION('center_axis',(-1.,-3.49148133884313E-15,0.));
#12656=DIRECTION('ref_axis',(0.,0.,1.));
#12657=DIRECTION('',(-3.49148133884313E-15,1.,0.));
#12658=DIRECTION('center_axis',(0.,0.,-1.));
#12659=DIRECTION('ref_axis',(3.49148133884313E-15,-1.,0.));
#12660=DIRECTION('',(3.49148133884313E-15,-1.,0.));
#12661=DIRECTION('',(1.,3.49148133884313E-15,0.));
#12662=DIRECTION('',(3.49148133884313E-15,-1.,0.));
#12663=DIRECTION('',(3.49148133884313E-15,-1.,0.));
#12664=DIRECTION('',(-1.,-3.49148133884313E-15,0.));
#12665=DIRECTION('',(3.49148133884313E-15,-1.,0.));
#12666=DIRECTION('center_axis',(-3.49148133884313E-15,1.,0.));
#12667=DIRECTION('ref_axis',(0.,0.,-1.));
#12668=DIRECTION('',(0.,0.,-1.));
#12669=DIRECTION('',(0.,0.,-1.));
#12670=DIRECTION('center_axis',(1.,3.49148133884313E-15,0.));
#12671=DIRECTION('ref_axis',(0.,0.,-1.));
#12672=DIRECTION('center_axis',(1.,3.49148133884313E-15,0.));
#12673=DIRECTION('ref_axis',(0.,0.,-1.));
#12674=DIRECTION('center_axis',(1.,3.49148133884313E-15,0.));
#12675=DIRECTION('ref_axis',(0.,0.,-1.));
#12676=DIRECTION('',(0.,0.,-1.));
#12677=DIRECTION('center_axis',(3.49148133884313E-15,-1.,0.));
#12678=DIRECTION('ref_axis',(0.,0.,1.));
#12679=DIRECTION('',(0.,0.,-1.));
#12680=DIRECTION('center_axis',(1.,3.49148133884313E-15,0.));
#12681=DIRECTION('ref_axis',(0.,0.,-1.));
#12682=DIRECTION('center_axis',(0.,0.,-1.));
#12683=DIRECTION('ref_axis',(-1.,0.,0.));
#12684=DIRECTION('center_axis',(0.,-1.,0.));
#12685=DIRECTION('ref_axis',(1.,0.,0.));
#12686=DIRECTION('center_axis',(0.,1.,0.));
#12687=DIRECTION('ref_axis',(-0.662700408783491,0.,0.748884616077934));
#12688=DIRECTION('center_axis',(0.,0.,-1.));
#12689=DIRECTION('ref_axis',(-1.,0.,0.));
#12690=DIRECTION('center_axis',(-1.,-2.02187109242006E-14,1.90001062200612E-13));
#12691=DIRECTION('ref_axis',(-1.55687820482086E-13,0.662700409006335,-0.748884615880735));
#12692=DIRECTION('center_axis',(-1.,-6.87436171423602E-14,6.46003611483212E-13));
#12693=DIRECTION('ref_axis',(-5.29338589899594E-13,0.662700408490137,-0.748884616337527));
#12694=DIRECTION('center_axis',(0.,0.,-1.));
#12695=DIRECTION('ref_axis',(-1.,0.,0.));
#12696=DIRECTION('center_axis',(-2.42515865283882E-14,1.,-2.2795089778668E-13));
#12697=DIRECTION('ref_axis',(0.628654464450547,1.92519804211014E-13,0.777684746106284));
#12698=DIRECTION('center_axis',(2.42515865283888E-14,1.,2.27950897786682E-13));
#12699=DIRECTION('ref_axis',(0.628654464429681,-1.92519804214355E-13,0.777684746123152));
#12700=DIRECTION('center_axis',(0.,0.,-1.));
#12701=DIRECTION('ref_axis',(-1.,0.,0.));
#12702=DIRECTION('center_axis',(-1.,-2.82935176164527E-14,-2.65942714084459E-13));
#12703=DIRECTION('ref_axis',(2.24606438249527E-13,-0.628654464432628,-0.77768474612077));
#12704=DIRECTION('center_axis',(-1.,-8.0673771879176E-14,-6.82057482811255E-13));
#12705=DIRECTION('ref_axis',(5.81141627294219E-13,-0.628654464262844,-0.777684746258017));
#12706=DIRECTION('center_axis',(0.,0.,-1.));
#12707=DIRECTION('ref_axis',(-1.,0.,0.));
#12708=DIRECTION('center_axis',(-4.02653252918894E-14,1.,3.02189686082992E-13));
#12709=DIRECTION('ref_axis',(-0.662700408976749,-2.5298905453181E-13,0.748884615906917));
#12710=DIRECTION('center_axis',(0.,0.,-1.));
#12711=DIRECTION('ref_axis',(-1.,0.,0.));
#12712=DIRECTION('',(0.,-1.,0.));
#12713=DIRECTION('',(-1.,0.,0.));
#12714=DIRECTION('center_axis',(0.,0.,-1.));
#12715=DIRECTION('ref_axis',(-1.,0.,0.));
#12716=DIRECTION('',(-1.,0.,0.));
#12717=DIRECTION('',(0.,-1.,0.));
#12718=DIRECTION('center_axis',(0.,0.,-1.));
#12719=DIRECTION('ref_axis',(-1.,0.,0.));
#12720=DIRECTION('',(0.,-1.,0.));
#12721=DIRECTION('',(-1.,0.,0.));
#12722=DIRECTION('center_axis',(0.,0.,-1.));
#12723=DIRECTION('ref_axis',(-1.,0.,0.));
#12724=DIRECTION('',(0.,-1.,0.));
#12725=DIRECTION('',(-1.,0.,0.));
#12726=DIRECTION('center_axis',(1.,0.,0.));
#12727=DIRECTION('ref_axis',(0.,0.,-1.));
#12728=DIRECTION('',(0.,0.,-1.));
#12729=DIRECTION('',(0.,-1.,0.));
#12730=DIRECTION('',(0.,0.,-1.));
#12731=DIRECTION('center_axis',(1.,0.,0.));
#12732=DIRECTION('ref_axis',(0.,0.,-1.));
#12733=DIRECTION('',(0.,0.,-1.));
#12734=DIRECTION('',(0.,-1.,0.));
#12735=DIRECTION('',(0.,0.,-1.));
#12736=DIRECTION('center_axis',(1.,0.,0.));
#12737=DIRECTION('ref_axis',(0.,0.,-1.));
#12738=DIRECTION('',(0.,0.,-1.));
#12739=DIRECTION('',(0.,-1.,0.));
#12740=DIRECTION('',(0.,0.,-1.));
#12741=DIRECTION('center_axis',(0.,-1.,0.));
#12742=DIRECTION('ref_axis',(0.,0.,-1.));
#12743=DIRECTION('',(-1.,0.,0.));
#12744=DIRECTION('center_axis',(1.,0.,0.));
#12745=DIRECTION('ref_axis',(0.,0.,-1.));
#12746=DIRECTION('',(0.,0.,-1.));
#12747=DIRECTION('',(0.,-1.,0.));
#12748=DIRECTION('',(0.,0.,-1.));
#12749=DIRECTION('center_axis',(0.,1.,0.));
#12750=DIRECTION('ref_axis',(0.,0.,1.));
#12751=DIRECTION('',(1.,0.,0.));
#12752=DIRECTION('center_axis',(0.,0.,-1.));
#12753=DIRECTION('ref_axis',(-1.,0.,0.));
#12754=DIRECTION('',(-1.,0.,0.));
#12755=DIRECTION('',(0.,-1.,0.));
#12756=DIRECTION('',(-1.,0.,0.));
#12757=DIRECTION('',(-1.,0.,0.));
#12758=DIRECTION('',(0.,1.,0.));
#12759=DIRECTION('',(-1.,0.,0.));
#12760=DIRECTION('center_axis',(1.,0.,0.));
#12761=DIRECTION('ref_axis',(0.,0.,-1.));
#12762=DIRECTION('',(0.,0.,-1.));
#12763=DIRECTION('',(0.,0.,-1.));
#12764=DIRECTION('center_axis',(0.,-1.,0.));
#12765=DIRECTION('ref_axis',(0.,0.,-1.));
#12766=DIRECTION('center_axis',(0.,-1.,0.));
#12767=DIRECTION('ref_axis',(0.,0.,-1.));
#12768=DIRECTION('center_axis',(0.,-1.,0.));
#12769=DIRECTION('ref_axis',(0.,0.,-1.));
#12770=DIRECTION('',(0.,0.,-1.));
#12771=DIRECTION('center_axis',(-1.,0.,0.));
#12772=DIRECTION('ref_axis',(0.,0.,1.));
#12773=DIRECTION('',(0.,0.,-1.));
#12774=DIRECTION('center_axis',(0.,-1.,0.));
#12775=DIRECTION('ref_axis',(0.,0.,-1.));
#12776=DIRECTION('center_axis',(6.1402641234166E-30,-1.,3.98541598583389E-15));
#12777=DIRECTION('ref_axis',(-1.,-6.50810246807335E-30,-9.22960980645986E-17));
#12778=DIRECTION('',(-1.,-6.1402641234166E-30,0.));
#12779=DIRECTION('',(0.,0.,1.));
#12780=DIRECTION('',(-1.,-6.50810246807335E-30,-9.22960980645986E-17));
#12781=DIRECTION('',(0.,0.,-1.));
#12782=DIRECTION('center_axis',(0.,0.,1.));
#12783=DIRECTION('ref_axis',(1.,0.,0.));
#12784=DIRECTION('center_axis',(0.,0.,1.));
#12785=DIRECTION('ref_axis',(-1.,0.,0.));
#12786=DIRECTION('center_axis',(0.,0.,1.));
#12787=DIRECTION('ref_axis',(-1.,0.,0.));
#12788=DIRECTION('center_axis',(0.,0.,1.));
#12789=DIRECTION('ref_axis',(-1.,0.,0.));
#12790=DIRECTION('center_axis',(9.22960980645986E-17,-3.99680288865056E-15,
-1.));
#12791=DIRECTION('ref_axis',(-1.,0.,0.));
#12792=DIRECTION('center_axis',(0.,0.,1.));
#12793=DIRECTION('ref_axis',(-1.,0.,0.));
#12794=DIRECTION('center_axis',(0.,0.,-1.));
#12795=DIRECTION('ref_axis',(-1.,0.,0.));
#12796=DIRECTION('center_axis',(0.,0.,-1.));
#12797=DIRECTION('ref_axis',(-1.,0.,0.));
#12798=DIRECTION('center_axis',(0.,0.,-1.));
#12799=DIRECTION('ref_axis',(-1.,0.,0.));
#12800=DIRECTION('',(0.,0.,1.));
#12801=DIRECTION('center_axis',(0.,0.,-1.));
#12802=DIRECTION('ref_axis',(-1.,0.,0.));
#12803=DIRECTION('center_axis',(0.,0.,1.));
#12804=DIRECTION('ref_axis',(-1.,0.,0.));
#12805=DIRECTION('',(0.,0.,1.));
#12806=DIRECTION('center_axis',(0.,0.,-1.));
#12807=DIRECTION('ref_axis',(-1.,0.,0.));
#12808=CARTESIAN_POINT('',(0.,0.,0.));
#12809=CARTESIAN_POINT('Origin',(21.,1.2585786437627,-40.248));
#12810=CARTESIAN_POINT('',(21.,1.2585786437627,-40.648));
#12811=CARTESIAN_POINT('',(21.,1.2585786437627,-40.248));
#12812=CARTESIAN_POINT('',(21.,1.2585786437627,-40.348));
#12813=CARTESIAN_POINT('',(20.,1.2585786437627,-40.248));
#12814=CARTESIAN_POINT('',(21.,1.2585786437627,-40.248));
#12815=CARTESIAN_POINT('',(20.,1.2585786437627,-40.648));
#12816=CARTESIAN_POINT('',(20.,1.2585786437627,-40.248));
#12817=CARTESIAN_POINT('',(21.,1.2585786437627,-40.648));
#12818=CARTESIAN_POINT('Origin',(21.,1.2585786437627,-40.648));
#12819=CARTESIAN_POINT('',(21.,0.858578643762696,-40.648));
#12820=CARTESIAN_POINT('',(21.,1.1585786437627,-40.648));
#12821=CARTESIAN_POINT('',(20.,0.858578643762696,-40.648));
#12822=CARTESIAN_POINT('',(20.,1.2585786437627,-40.648));
#12823=CARTESIAN_POINT('',(21.,0.858578643762696,-40.648));
#12824=CARTESIAN_POINT('Origin',(21.,0.858578643762696,-40.648));
#12825=CARTESIAN_POINT('',(21.,0.858578643762697,-40.248));
#12826=CARTESIAN_POINT('',(21.,0.858578643762696,-40.548));
#12827=CARTESIAN_POINT('',(20.,0.858578643762696,-40.248));
#12828=CARTESIAN_POINT('',(20.,0.858578643762696,-40.648));
#12829=CARTESIAN_POINT('',(21.,0.858578643762697,-40.248));
#12830=CARTESIAN_POINT('Origin',(21.,0.858578643762697,-40.248));
#12831=CARTESIAN_POINT('',(21.,0.958578643762699,-40.248));
#12832=CARTESIAN_POINT('',(20.,0.858578643762697,-40.248));
#12833=CARTESIAN_POINT('Origin',(21.,1.0585786437627,-40.448));
#12834=CARTESIAN_POINT('Origin',(20.,-0.141421356237307,-41.8044));
#12835=CARTESIAN_POINT('Origin',(20.,-0.141421356237307,-41.8044));
#12836=CARTESIAN_POINT('',(20.,5.2585786437627,-40.248));
#12837=CARTESIAN_POINT('',(20.,4.8585786437627,-40.248));
#12838=CARTESIAN_POINT('',(20.,4.8585786437627,-40.248));
#12839=CARTESIAN_POINT('',(20.,4.8585786437627,-40.648));
#12840=CARTESIAN_POINT('',(20.,4.8585786437627,-40.648));
#12841=CARTESIAN_POINT('',(20.,5.2585786437627,-40.648));
#12842=CARTESIAN_POINT('',(20.,5.2585786437627,-40.648));
#12843=CARTESIAN_POINT('',(20.,5.2585786437627,-40.248));
#12844=CARTESIAN_POINT('Origin',(21.,5.0585786437627,-40.448));
#12845=CARTESIAN_POINT('',(21.,4.8585786437627,-40.248));
#12846=CARTESIAN_POINT('',(21.,4.8585786437627,-40.648));
#12847=CARTESIAN_POINT('',(21.,4.8585786437627,-40.548));
#12848=CARTESIAN_POINT('',(21.,5.2585786437627,-40.248));
#12849=CARTESIAN_POINT('',(21.,4.9585786437627,-40.248));
#12850=CARTESIAN_POINT('',(21.,5.2585786437627,-40.648));
#12851=CARTESIAN_POINT('',(21.,5.2585786437627,-40.348));
#12852=CARTESIAN_POINT('',(21.,5.1585786437627,-40.648));
#12853=CARTESIAN_POINT('Origin',(21.,4.8585786437627,-40.248));
#12854=CARTESIAN_POINT('',(21.,4.8585786437627,-40.248));
#12855=CARTESIAN_POINT('',(21.,5.2585786437627,-40.248));
#12856=CARTESIAN_POINT('Origin',(21.,4.8585786437627,-40.648));
#12857=CARTESIAN_POINT('',(21.,4.8585786437627,-40.648));
#12858=CARTESIAN_POINT('Origin',(21.,5.2585786437627,-40.648));
#12859=CARTESIAN_POINT('',(21.,5.2585786437627,-40.648));
#12860=CARTESIAN_POINT('Origin',(21.,5.2585786437627,-40.248));
#12861=CARTESIAN_POINT('Origin',(21.,-1.5414213562373,-40.648));
#12862=CARTESIAN_POINT('',(21.,-1.5414213562373,-40.248));
#12863=CARTESIAN_POINT('',(21.,-1.5414213562373,-40.648));
#12864=CARTESIAN_POINT('',(21.,-1.5414213562373,-40.548));
#12865=CARTESIAN_POINT('',(20.,-1.5414213562373,-40.648));
#12866=CARTESIAN_POINT('',(21.,-1.5414213562373,-40.648));
#12867=CARTESIAN_POINT('',(20.,-1.5414213562373,-40.248));
#12868=CARTESIAN_POINT('',(20.,-1.5414213562373,-40.248));
#12869=CARTESIAN_POINT('',(21.,-1.5414213562373,-40.248));
#12870=CARTESIAN_POINT('Origin',(21.,-1.5414213562373,-40.248));
#12871=CARTESIAN_POINT('',(21.,-1.1414213562373,-40.248));
#12872=CARTESIAN_POINT('',(21.,-1.4414213562373,-40.248));
#12873=CARTESIAN_POINT('',(20.,-1.1414213562373,-40.248));
#12874=CARTESIAN_POINT('',(20.,-1.1414213562373,-40.248));
#12875=CARTESIAN_POINT('',(21.,-1.1414213562373,-40.248));
#12876=CARTESIAN_POINT('Origin',(21.,-1.1414213562373,-40.248));
#12877=CARTESIAN_POINT('',(21.,-1.1414213562373,-40.648));
#12878=CARTESIAN_POINT('',(21.,-1.1414213562373,-40.348));
#12879=CARTESIAN_POINT('',(20.,-1.1414213562373,-40.648));
#12880=CARTESIAN_POINT('',(20.,-1.1414213562373,-40.648));
#12881=CARTESIAN_POINT('',(21.,-1.1414213562373,-40.648));
#12882=CARTESIAN_POINT('Origin',(21.,-1.1414213562373,-40.648));
#12883=CARTESIAN_POINT('',(21.,-1.2414213562373,-40.648));
#12884=CARTESIAN_POINT('',(20.,-1.5414213562373,-40.648));
#12885=CARTESIAN_POINT('Origin',(21.,-1.3414213562373,-40.448));
#12886=CARTESIAN_POINT('Origin',(20.,-0.141421356237307,-41.8044));
#12887=CARTESIAN_POINT('Origin',(20.,-0.141421356237307,-41.8044));
#12888=CARTESIAN_POINT('',(20.,-3.1414213562373,-40.648));
#12889=CARTESIAN_POINT('',(20.,-3.1414213562373,-40.248));
#12890=CARTESIAN_POINT('',(20.,-3.1414213562373,-40.648));
#12891=CARTESIAN_POINT('',(20.,-3.5414213562373,-40.248));
#12892=CARTESIAN_POINT('',(20.,-3.1414213562373,-40.248));
#12893=CARTESIAN_POINT('',(20.,-3.5414213562373,-40.648));
#12894=CARTESIAN_POINT('',(20.,-3.5414213562373,-40.248));
#12895=CARTESIAN_POINT('',(20.,-3.5414213562373,-40.648));
#12896=CARTESIAN_POINT('Origin',(21.,-3.3414213562373,-40.448));
#12897=CARTESIAN_POINT('',(21.,-3.1414213562373,-40.248));
#12898=CARTESIAN_POINT('',(21.,-3.5414213562373,-40.248));
#12899=CARTESIAN_POINT('',(21.,-3.4414213562373,-40.248));
#12900=CARTESIAN_POINT('',(21.,-3.1414213562373,-40.648));
#12901=CARTESIAN_POINT('',(21.,-3.1414213562373,-40.348));
#12902=CARTESIAN_POINT('',(21.,-3.5414213562373,-40.648));
#12903=CARTESIAN_POINT('',(21.,-3.2414213562373,-40.648));
#12904=CARTESIAN_POINT('',(21.,-3.5414213562373,-40.548));
#12905=CARTESIAN_POINT('Origin',(21.,-3.1414213562373,-40.248));
#12906=CARTESIAN_POINT('',(21.,-3.1414213562373,-40.248));
#12907=CARTESIAN_POINT('',(21.,-3.1414213562373,-40.648));
#12908=CARTESIAN_POINT('Origin',(21.,-3.5414213562373,-40.248));
#12909=CARTESIAN_POINT('',(21.,-3.5414213562373,-40.248));
#12910=CARTESIAN_POINT('Origin',(21.,-3.5414213562373,-40.648));
#12911=CARTESIAN_POINT('',(21.,-3.5414213562373,-40.648));
#12912=CARTESIAN_POINT('Origin',(21.,-3.1414213562373,-40.648));
#12913=CARTESIAN_POINT('Origin',(21.,-5.1414213562373,-40.648));
#12914=CARTESIAN_POINT('',(21.,-5.5414213562373,-40.648));
#12915=CARTESIAN_POINT('',(21.,-5.1414213562373,-40.648));
#12916=CARTESIAN_POINT('',(21.,-5.2414213562373,-40.648));
#12917=CARTESIAN_POINT('',(20.,-5.1414213562373,-40.648));
#12918=CARTESIAN_POINT('',(21.,-5.1414213562373,-40.648));
#12919=CARTESIAN_POINT('',(20.,-5.5414213562373,-40.648));
#12920=CARTESIAN_POINT('',(20.,-5.5414213562373,-40.648));
#12921=CARTESIAN_POINT('',(21.,-5.5414213562373,-40.648));
#12922=CARTESIAN_POINT('Origin',(21.,-5.5414213562373,-40.648));
#12923=CARTESIAN_POINT('',(21.,-5.5414213562373,-40.248));
#12924=CARTESIAN_POINT('',(21.,-5.5414213562373,-40.548));
#12925=CARTESIAN_POINT('',(20.,-5.5414213562373,-40.248));
#12926=CARTESIAN_POINT('',(20.,-5.5414213562373,-40.248));
#12927=CARTESIAN_POINT('',(21.,-5.5414213562373,-40.248));
#12928=CARTESIAN_POINT('Origin',(21.,-5.5414213562373,-40.248));
#12929=CARTESIAN_POINT('',(21.,-5.1414213562373,-40.248));
#12930=CARTESIAN_POINT('',(21.,-5.4414213562373,-40.248));
#12931=CARTESIAN_POINT('',(20.,-5.1414213562373,-40.248));
#12932=CARTESIAN_POINT('',(20.,-5.1414213562373,-40.248));
#12933=CARTESIAN_POINT('',(21.,-5.1414213562373,-40.248));
#12934=CARTESIAN_POINT('Origin',(21.,-5.1414213562373,-40.248));
#12935=CARTESIAN_POINT('',(21.,-5.1414213562373,-40.348));
#12936=CARTESIAN_POINT('',(20.,-5.1414213562373,-40.648));
#12937=CARTESIAN_POINT('Origin',(21.,-5.3414213562373,-40.448));
#12938=CARTESIAN_POINT('Origin',(20.,-0.141421356237307,-41.8044));
#12939=CARTESIAN_POINT('Origin',(20.,-0.141421356237307,-41.8044));
#12940=CARTESIAN_POINT('',(20.,3.2585786437627,-40.248));
#12941=CARTESIAN_POINT('',(20.,2.8585786437627,-40.248));
#12942=CARTESIAN_POINT('',(20.,2.8585786437627,-40.248));
#12943=CARTESIAN_POINT('',(20.,2.8585786437627,-40.648));
#12944=CARTESIAN_POINT('',(20.,2.8585786437627,-40.648));
#12945=CARTESIAN_POINT('',(20.,3.2585786437627,-40.648));
#12946=CARTESIAN_POINT('',(20.,3.2585786437627,-40.648));
#12947=CARTESIAN_POINT('',(20.,3.2585786437627,-40.248));
#12948=CARTESIAN_POINT('Origin',(21.,3.0585786437627,-40.448));
#12949=CARTESIAN_POINT('',(21.,2.8585786437627,-40.248));
#12950=CARTESIAN_POINT('',(21.,2.8585786437627,-40.648));
#12951=CARTESIAN_POINT('',(21.,2.8585786437627,-40.548));
#12952=CARTESIAN_POINT('',(21.,3.2585786437627,-40.248));
#12953=CARTESIAN_POINT('',(21.,2.9585786437627,-40.248));
#12954=CARTESIAN_POINT('',(21.,3.2585786437627,-40.648));
#12955=CARTESIAN_POINT('',(21.,3.2585786437627,-40.348));
#12956=CARTESIAN_POINT('',(21.,3.1585786437627,-40.648));
#12957=CARTESIAN_POINT('Origin',(21.,2.8585786437627,-40.248));
#12958=CARTESIAN_POINT('',(21.,2.8585786437627,-40.248));
#12959=CARTESIAN_POINT('',(21.,3.2585786437627,-40.248));
#12960=CARTESIAN_POINT('Origin',(21.,2.8585786437627,-40.648));
#12961=CARTESIAN_POINT('',(21.,2.8585786437627,-40.648));
#12962=CARTESIAN_POINT('Origin',(21.,3.2585786437627,-40.648));
#12963=CARTESIAN_POINT('',(21.,3.2585786437627,-40.648));
#12964=CARTESIAN_POINT('Origin',(21.,3.2585786437627,-40.248));
#12965=CARTESIAN_POINT('Origin',(-14.,-5.19029264012261E-15,16.202));
#12966=CARTESIAN_POINT('',(-12.25,-4.76166626042103E-15,15.702));
#12967=CARTESIAN_POINT('Origin',(-14.,-5.19029264012261E-15,15.702));
#12968=CARTESIAN_POINT('',(-12.25,-5.19029264012261E-15,16.702));
#12969=CARTESIAN_POINT('Origin',(-12.25,-5.19029264012261E-15,16.202));
#12970=CARTESIAN_POINT('Origin',(-14.,-5.19029264012261E-15,16.702));
#12971=CARTESIAN_POINT('Origin',(-14.,-5.19029264012261E-15,16.702));
#12972=CARTESIAN_POINT('',(-15.25,0.499999999999995,16.702));
#12973=CARTESIAN_POINT('',(-14.5,0.499999999999995,16.702));
#12974=CARTESIAN_POINT('',(-14.625,0.499999999999995,16.702));
#12975=CARTESIAN_POINT('',(-14.5,1.24999999999999,16.702));
#12976=CARTESIAN_POINT('',(-14.5,0.249999999999995,16.702));
#12977=CARTESIAN_POINT('',(-13.5,1.24999999999999,16.702));
#12978=CARTESIAN_POINT('',(-14.25,1.24999999999999,16.702));
#12979=CARTESIAN_POINT('',(-13.5,0.499999999999995,16.702));
#12980=CARTESIAN_POINT('',(-13.5,0.624999999999995,16.702));
#12981=CARTESIAN_POINT('',(-12.75,0.499999999999995,16.702));
#12982=CARTESIAN_POINT('',(-13.75,0.499999999999995,16.702));
#12983=CARTESIAN_POINT('',(-12.75,-0.500000000000005,16.702));
#12984=CARTESIAN_POINT('',(-12.75,0.249999999999995,16.702));
#12985=CARTESIAN_POINT('',(-13.5,-0.500000000000005,16.702));
#12986=CARTESIAN_POINT('',(-13.375,-0.500000000000005,16.702));
#12987=CARTESIAN_POINT('',(-13.5,-1.25000000000001,16.702));
#12988=CARTESIAN_POINT('',(-13.5,-0.250000000000005,16.702));
#12989=CARTESIAN_POINT('',(-14.5,-1.25000000000001,16.702));
#12990=CARTESIAN_POINT('',(-13.75,-1.25000000000001,16.702));
#12991=CARTESIAN_POINT('',(-14.5,-0.500000000000005,16.702));
#12992=CARTESIAN_POINT('',(-14.5,-0.625000000000005,16.702));
#12993=CARTESIAN_POINT('',(-15.25,-0.500000000000005,16.702));
#12994=CARTESIAN_POINT('',(-14.25,-0.500000000000005,16.702));
#12995=CARTESIAN_POINT('',(-15.25,-0.250000000000005,16.702));
#12996=CARTESIAN_POINT('Origin',(-15.25,0.499999999999995,16.702));
#12997=CARTESIAN_POINT('',(-15.25,0.499999999999995,16.202));
#12998=CARTESIAN_POINT('',(-15.25,0.499999999999995,16.702));
#12999=CARTESIAN_POINT('',(-14.5,0.499999999999995,16.202));
#13000=CARTESIAN_POINT('',(-12.75,0.499999999999995,16.202));
#13001=CARTESIAN_POINT('',(-14.5,0.499999999999995,16.702));
#13002=CARTESIAN_POINT('Origin',(-15.25,-0.500000000000005,16.702));
#13003=CARTESIAN_POINT('',(-15.25,-0.500000000000006,16.202));
#13004=CARTESIAN_POINT('',(-15.25,-0.500000000000005,16.702));
#13005=CARTESIAN_POINT('',(-15.25,0.499999999999995,16.202));
#13006=CARTESIAN_POINT('Origin',(-14.5,-0.500000000000005,16.702));
#13007=CARTESIAN_POINT('',(-14.5,-0.500000000000005,16.202));
#13008=CARTESIAN_POINT('',(-14.5,-0.500000000000005,16.702));
#13009=CARTESIAN_POINT('',(-15.25,-0.500000000000005,16.202));
#13010=CARTESIAN_POINT('Origin',(-14.5,-1.25000000000001,16.702));
#13011=CARTESIAN_POINT('',(-14.5,-1.25000000000001,16.202));
#13012=CARTESIAN_POINT('',(-14.5,-1.25000000000001,16.702));
#13013=CARTESIAN_POINT('',(-14.5,1.24999999999999,16.202));
#13014=CARTESIAN_POINT('Origin',(-13.5,-1.25000000000001,16.702));
#13015=CARTESIAN_POINT('',(-13.5,-1.25000000000001,16.202));
#13016=CARTESIAN_POINT('',(-13.5,-1.25000000000001,16.702));
#13017=CARTESIAN_POINT('',(-14.5,-1.25000000000001,16.202));
#13018=CARTESIAN_POINT('Origin',(-13.5,-0.500000000000005,16.702));
#13019=CARTESIAN_POINT('',(-13.5,-0.500000000000005,16.202));
#13020=CARTESIAN_POINT('',(-13.5,-0.500000000000005,16.702));
#13021=CARTESIAN_POINT('',(-13.5,-1.25000000000001,16.202));
#13022=CARTESIAN_POINT('Origin',(-12.75,-0.500000000000005,16.702));
#13023=CARTESIAN_POINT('',(-12.75,-0.500000000000005,16.202));
#13024=CARTESIAN_POINT('',(-12.75,-0.500000000000005,16.702));
#13025=CARTESIAN_POINT('',(-15.25,-0.500000000000005,16.202));
#13026=CARTESIAN_POINT('Origin',(-12.75,0.499999999999995,16.702));
#13027=CARTESIAN_POINT('',(-12.75,0.499999999999995,16.202));
#13028=CARTESIAN_POINT('',(-12.75,0.499999999999995,16.702));
#13029=CARTESIAN_POINT('',(-12.75,-0.500000000000005,16.202));
#13030=CARTESIAN_POINT('Origin',(-13.5,0.499999999999995,16.702));
#13031=CARTESIAN_POINT('',(-13.5,0.499999999999995,16.202));
#13032=CARTESIAN_POINT('',(-13.5,0.499999999999995,16.702));
#13033=CARTESIAN_POINT('',(-12.75,0.499999999999995,16.202));
#13034=CARTESIAN_POINT('Origin',(-13.5,1.24999999999999,16.702));
#13035=CARTESIAN_POINT('',(-13.5,1.24999999999999,16.202));
#13036=CARTESIAN_POINT('',(-13.5,1.24999999999999,16.702));
#13037=CARTESIAN_POINT('',(-13.5,-1.25000000000001,16.202));
#13038=CARTESIAN_POINT('Origin',(-14.5,1.24999999999999,16.702));
#13039=CARTESIAN_POINT('',(-14.5,1.24999999999999,16.202));
#13040=CARTESIAN_POINT('',(-14.5,1.24999999999999,16.702));
#13041=CARTESIAN_POINT('',(-13.5,1.24999999999999,16.202));
#13042=CARTESIAN_POINT('Origin',(-14.5,0.499999999999995,16.702));
#13043=CARTESIAN_POINT('',(-14.5,1.24999999999999,16.202));
#13044=CARTESIAN_POINT('Origin',(-14.,-5.19029264012261E-15,16.202));
#13045=CARTESIAN_POINT('Origin',(-14.5,-3.88578058618805E-15,15.702));
#13046=CARTESIAN_POINT('',(-14.,3.,15.702));
#13047=CARTESIAN_POINT('',(-14.,-3.,15.702));
#13048=CARTESIAN_POINT('Origin',(-14.,-3.10862446895044E-15,15.702));
#13049=CARTESIAN_POINT('',(-17.7482393492988,3.,15.702));
#13050=CARTESIAN_POINT('',(-14.,3.,15.702));
#13051=CARTESIAN_POINT('',(-17.7482393492988,-3.,15.702));
#13052=CARTESIAN_POINT('Origin',(0.,0.,15.702));
#13053=CARTESIAN_POINT('',(-14.,-3.,15.702));
#13054=CARTESIAN_POINT('Origin',(14.,-2.22044604925031E-15,16.202));
#13055=CARTESIAN_POINT('',(15.75,-1.79181966954874E-15,15.702));
#13056=CARTESIAN_POINT('Origin',(14.,-2.22044604925031E-15,15.702));
#13057=CARTESIAN_POINT('',(15.75,-2.22044604925031E-15,16.702));
#13058=CARTESIAN_POINT('Origin',(15.75,-2.22044604925031E-15,16.202));
#13059=CARTESIAN_POINT('Origin',(14.,-2.22044604925031E-15,16.702));
#13060=CARTESIAN_POINT('Origin',(14.,-2.22044604925031E-15,16.702));
#13061=CARTESIAN_POINT('',(12.75,0.499999999999998,16.702));
#13062=CARTESIAN_POINT('',(13.5,0.499999999999998,16.702));
#13063=CARTESIAN_POINT('',(13.375,0.499999999999998,16.702));
#13064=CARTESIAN_POINT('',(13.5,1.25,16.702));
#13065=CARTESIAN_POINT('',(13.5,0.249999999999998,16.702));
#13066=CARTESIAN_POINT('',(14.5,1.25,16.702));
#13067=CARTESIAN_POINT('',(13.75,1.25,16.702));
#13068=CARTESIAN_POINT('',(14.5,0.499999999999998,16.702));
#13069=CARTESIAN_POINT('',(14.5,0.624999999999998,16.702));
#13070=CARTESIAN_POINT('',(15.25,0.499999999999998,16.702));
#13071=CARTESIAN_POINT('',(14.25,0.499999999999998,16.702));
#13072=CARTESIAN_POINT('',(15.25,-0.500000000000002,16.702));
#13073=CARTESIAN_POINT('',(15.25,0.249999999999998,16.702));
#13074=CARTESIAN_POINT('',(14.5,-0.500000000000002,16.702));
#13075=CARTESIAN_POINT('',(14.625,-0.500000000000002,16.702));
#13076=CARTESIAN_POINT('',(14.5,-1.25,16.702));
#13077=CARTESIAN_POINT('',(14.5,-0.250000000000002,16.702));
#13078=CARTESIAN_POINT('',(13.5,-1.25,16.702));
#13079=CARTESIAN_POINT('',(14.25,-1.25,16.702));
#13080=CARTESIAN_POINT('',(13.5,-0.500000000000002,16.702));
#13081=CARTESIAN_POINT('',(13.5,-0.625000000000002,16.702));
#13082=CARTESIAN_POINT('',(12.75,-0.500000000000002,16.702));
#13083=CARTESIAN_POINT('',(13.75,-0.500000000000002,16.702));
#13084=CARTESIAN_POINT('',(12.75,-0.250000000000002,16.702));
#13085=CARTESIAN_POINT('Origin',(12.75,0.499999999999998,16.702));
#13086=CARTESIAN_POINT('',(12.75,0.499999999999998,16.202));
#13087=CARTESIAN_POINT('',(12.75,0.499999999999998,16.702));
#13088=CARTESIAN_POINT('',(13.5,0.499999999999998,16.202));
#13089=CARTESIAN_POINT('',(15.25,0.499999999999998,16.202));
#13090=CARTESIAN_POINT('',(13.5,0.499999999999998,16.702));
#13091=CARTESIAN_POINT('Origin',(12.75,-0.500000000000002,16.702));
#13092=CARTESIAN_POINT('',(12.75,-0.500000000000003,16.202));
#13093=CARTESIAN_POINT('',(12.75,-0.500000000000002,16.702));
#13094=CARTESIAN_POINT('',(12.75,0.499999999999998,16.202));
#13095=CARTESIAN_POINT('Origin',(13.5,-0.500000000000002,16.702));
#13096=CARTESIAN_POINT('',(13.5,-0.500000000000002,16.202));
#13097=CARTESIAN_POINT('',(13.5,-0.500000000000002,16.702));
#13098=CARTESIAN_POINT('',(12.75,-0.500000000000002,16.202));
#13099=CARTESIAN_POINT('Origin',(13.5,-1.25,16.702));
#13100=CARTESIAN_POINT('',(13.5,-1.25,16.202));
#13101=CARTESIAN_POINT('',(13.5,-1.25,16.702));
#13102=CARTESIAN_POINT('',(13.5,1.25,16.202));
#13103=CARTESIAN_POINT('Origin',(14.5,-1.25,16.702));
#13104=CARTESIAN_POINT('',(14.5,-1.25,16.202));
#13105=CARTESIAN_POINT('',(14.5,-1.25,16.702));
#13106=CARTESIAN_POINT('',(13.5,-1.25,16.202));
#13107=CARTESIAN_POINT('Origin',(14.5,-0.500000000000002,16.702));
#13108=CARTESIAN_POINT('',(14.5,-0.500000000000002,16.202));
#13109=CARTESIAN_POINT('',(14.5,-0.500000000000002,16.702));
#13110=CARTESIAN_POINT('',(14.5,-1.25,16.202));
#13111=CARTESIAN_POINT('Origin',(15.25,-0.500000000000002,16.702));
#13112=CARTESIAN_POINT('',(15.25,-0.500000000000002,16.202));
#13113=CARTESIAN_POINT('',(15.25,-0.500000000000002,16.702));
#13114=CARTESIAN_POINT('',(12.75,-0.500000000000002,16.202));
#13115=CARTESIAN_POINT('Origin',(15.25,0.499999999999998,16.702));
#13116=CARTESIAN_POINT('',(15.25,0.499999999999998,16.202));
#13117=CARTESIAN_POINT('',(15.25,0.499999999999998,16.702));
#13118=CARTESIAN_POINT('',(15.25,-0.500000000000002,16.202));
#13119=CARTESIAN_POINT('Origin',(14.5,0.499999999999998,16.702));
#13120=CARTESIAN_POINT('',(14.5,0.499999999999998,16.202));
#13121=CARTESIAN_POINT('',(14.5,0.499999999999998,16.702));
#13122=CARTESIAN_POINT('',(15.25,0.499999999999998,16.202));
#13123=CARTESIAN_POINT('Origin',(14.5,1.25,16.702));
#13124=CARTESIAN_POINT('',(14.5,1.25,16.202));
#13125=CARTESIAN_POINT('',(14.5,1.25,16.702));
#13126=CARTESIAN_POINT('',(14.5,-1.25,16.202));
#13127=CARTESIAN_POINT('Origin',(13.5,1.25,16.702));
#13128=CARTESIAN_POINT('',(13.5,1.25,16.202));
#13129=CARTESIAN_POINT('',(13.5,1.25,16.702));
#13130=CARTESIAN_POINT('',(14.5,1.25,16.202));
#13131=CARTESIAN_POINT('Origin',(13.5,0.499999999999998,16.702));
#13132=CARTESIAN_POINT('',(13.5,1.25,16.202));
#13133=CARTESIAN_POINT('Origin',(14.,-2.22044604925031E-15,16.202));
#13134=CARTESIAN_POINT('Origin',(14.5,-3.88578058618805E-15,15.702));
#13135=CARTESIAN_POINT('',(14.,-3.,15.702));
#13136=CARTESIAN_POINT('',(14.,3.,15.702));
#13137=CARTESIAN_POINT('Origin',(14.,-3.10862446895044E-15,15.702));
#13138=CARTESIAN_POINT('',(17.7482393492988,-3.,15.702));
#13139=CARTESIAN_POINT('',(14.,-3.,15.702));
#13140=CARTESIAN_POINT('',(18.,2.20436423846524E-15,15.702));
#13141=CARTESIAN_POINT('Origin',(0.,0.,15.702));
#13142=CARTESIAN_POINT('',(17.7482393492988,3.,15.702));
#13143=CARTESIAN_POINT('Origin',(0.,0.,15.702));
#13144=CARTESIAN_POINT('',(14.,3.,15.702));
#13145=CARTESIAN_POINT('Origin',(-6.73671433220209E-16,-14.,16.202));
#13146=CARTESIAN_POINT('',(1.75,-14.,15.702));
#13147=CARTESIAN_POINT('Origin',(6.79412878041712E-16,-14.,15.702));
#13148=CARTESIAN_POINT('',(1.75,-14.,16.702));
#13149=CARTESIAN_POINT('Origin',(1.75,-14.,16.202));
#13150=CARTESIAN_POINT('Origin',(-3.37984005574402E-15,-14.,16.702));
#13151=CARTESIAN_POINT('Origin',(-3.37984005574402E-15,-14.,16.702));
#13152=CARTESIAN_POINT('',(-1.25,-13.5,16.702));
#13153=CARTESIAN_POINT('',(-0.500000000000004,-13.5,16.702));
#13154=CARTESIAN_POINT('',(-0.625000000000003,-13.5,16.702));
#13155=CARTESIAN_POINT('',(-0.500000000000004,-12.75,16.702));
#13156=CARTESIAN_POINT('',(-0.500000000000004,-13.75,16.702));
#13157=CARTESIAN_POINT('',(0.499999999999997,-12.75,16.702));
#13158=CARTESIAN_POINT('',(-0.250000000000004,-12.75,16.702));
#13159=CARTESIAN_POINT('',(0.499999999999997,-13.5,16.702));
#13160=CARTESIAN_POINT('',(0.499999999999997,-13.375,16.702));
#13161=CARTESIAN_POINT('',(1.25,-13.5,16.702));
#13162=CARTESIAN_POINT('',(0.249999999999997,-13.5,16.702));
#13163=CARTESIAN_POINT('',(1.25,-14.5,16.702));
#13164=CARTESIAN_POINT('',(1.25,-13.75,16.702));
#13165=CARTESIAN_POINT('',(0.499999999999997,-14.5,16.702));
#13166=CARTESIAN_POINT('',(0.624999999999997,-14.5,16.702));
#13167=CARTESIAN_POINT('',(0.499999999999997,-15.25,16.702));
#13168=CARTESIAN_POINT('',(0.499999999999997,-14.25,16.702));
#13169=CARTESIAN_POINT('',(-0.500000000000003,-15.25,16.702));
#13170=CARTESIAN_POINT('',(0.249999999999997,-15.25,16.702));
#13171=CARTESIAN_POINT('',(-0.500000000000003,-14.5,16.702));
#13172=CARTESIAN_POINT('',(-0.500000000000003,-14.625,16.702));
#13173=CARTESIAN_POINT('',(-1.25,-14.5,16.702));
#13174=CARTESIAN_POINT('',(-0.250000000000003,-14.5,16.702));
#13175=CARTESIAN_POINT('',(-1.25,-14.25,16.702));
#13176=CARTESIAN_POINT('Origin',(-1.25,-13.5,16.702));
#13177=CARTESIAN_POINT('',(-1.25,-13.5,16.202));
#13178=CARTESIAN_POINT('',(-1.25,-13.5,16.702));
#13179=CARTESIAN_POINT('',(-0.500000000000001,-13.5,16.202));
#13180=CARTESIAN_POINT('',(1.25,-13.5,16.202));
#13181=CARTESIAN_POINT('',(-0.500000000000004,-13.5,16.702));
#13182=CARTESIAN_POINT('Origin',(-1.25,-14.5,16.702));
#13183=CARTESIAN_POINT('',(-1.25,-14.5,16.202));
#13184=CARTESIAN_POINT('',(-1.25,-14.5,16.702));
#13185=CARTESIAN_POINT('',(-1.25,-13.5,16.202));
#13186=CARTESIAN_POINT('Origin',(-0.500000000000004,-14.5,16.702));
#13187=CARTESIAN_POINT('',(-0.500000000000001,-14.5,16.202));
#13188=CARTESIAN_POINT('',(-0.500000000000003,-14.5,16.702));
#13189=CARTESIAN_POINT('',(-1.25,-14.5,16.202));
#13190=CARTESIAN_POINT('Origin',(-0.500000000000003,-15.25,16.702));
#13191=CARTESIAN_POINT('',(-0.500000000000001,-15.25,16.202));
#13192=CARTESIAN_POINT('',(-0.500000000000003,-15.25,16.702));
#13193=CARTESIAN_POINT('',(-0.500000000000001,-12.75,16.202));
#13194=CARTESIAN_POINT('Origin',(0.499999999999997,-15.25,16.702));
#13195=CARTESIAN_POINT('',(0.5,-15.25,16.202));
#13196=CARTESIAN_POINT('',(0.499999999999997,-15.25,16.702));
#13197=CARTESIAN_POINT('',(-0.500000000000001,-15.25,16.202));
#13198=CARTESIAN_POINT('Origin',(0.499999999999997,-14.5,16.702));
#13199=CARTESIAN_POINT('',(0.499999999999999,-14.5,16.202));
#13200=CARTESIAN_POINT('',(0.499999999999997,-14.5,16.702));
#13201=CARTESIAN_POINT('',(0.5,-15.25,16.202));
#13202=CARTESIAN_POINT('Origin',(1.25,-14.5,16.702));
#13203=CARTESIAN_POINT('',(1.25,-14.5,16.202));
#13204=CARTESIAN_POINT('',(1.25,-14.5,16.702));
#13205=CARTESIAN_POINT('',(-1.25,-14.5,16.202));
#13206=CARTESIAN_POINT('Origin',(1.25,-13.5,16.702));
#13207=CARTESIAN_POINT('',(1.25,-13.5,16.202));
#13208=CARTESIAN_POINT('',(1.25,-13.5,16.702));
#13209=CARTESIAN_POINT('',(1.25,-14.5,16.202));
#13210=CARTESIAN_POINT('Origin',(0.499999999999997,-13.5,16.702));
#13211=CARTESIAN_POINT('',(0.499999999999999,-13.5,16.202));
#13212=CARTESIAN_POINT('',(0.499999999999997,-13.5,16.702));
#13213=CARTESIAN_POINT('',(1.25,-13.5,16.202));
#13214=CARTESIAN_POINT('Origin',(0.499999999999997,-12.75,16.702));
#13215=CARTESIAN_POINT('',(0.499999999999999,-12.75,16.202));
#13216=CARTESIAN_POINT('',(0.499999999999997,-12.75,16.702));
#13217=CARTESIAN_POINT('',(0.5,-15.25,16.202));
#13218=CARTESIAN_POINT('Origin',(-0.500000000000004,-12.75,16.702));
#13219=CARTESIAN_POINT('',(-0.500000000000001,-12.75,16.202));
#13220=CARTESIAN_POINT('',(-0.500000000000004,-12.75,16.702));
#13221=CARTESIAN_POINT('',(0.499999999999999,-12.75,16.202));
#13222=CARTESIAN_POINT('Origin',(-0.500000000000004,-13.5,16.702));
#13223=CARTESIAN_POINT('',(-0.500000000000001,-12.75,16.202));
#13224=CARTESIAN_POINT('Origin',(-6.73671433220209E-16,-14.,16.202));
#13225=CARTESIAN_POINT('Origin',(-2.77555756156289E-15,-14.5,15.702));
#13226=CARTESIAN_POINT('',(-3.,-14.,15.702));
#13227=CARTESIAN_POINT('',(3.,-14.,15.702));
#13228=CARTESIAN_POINT('Origin',(-1.71450551880629E-15,-14.,15.702));
#13229=CARTESIAN_POINT('',(-3.,-17.7482393492988,15.702));
#13230=CARTESIAN_POINT('',(-3.,-14.,15.702));
#13231=CARTESIAN_POINT('',(3.,-17.7482393492988,15.702));
#13232=CARTESIAN_POINT('Origin',(0.,0.,15.702));
#13233=CARTESIAN_POINT('',(3.,-14.,15.702));
#13234=CARTESIAN_POINT('Origin',(-1.73472347597681E-15,14.,16.202));
#13235=CARTESIAN_POINT('',(1.75,14.,15.702));
#13236=CARTESIAN_POINT('Origin',(-3.81639164714893E-16,14.,15.702));
#13237=CARTESIAN_POINT('',(1.75,14.,16.702));
#13238=CARTESIAN_POINT('Origin',(1.75,14.,16.202));
#13239=CARTESIAN_POINT('Origin',(-4.44089209850063E-15,14.,16.702));
#13240=CARTESIAN_POINT('Origin',(-4.44089209850063E-15,14.,16.702));
#13241=CARTESIAN_POINT('',(-1.25,14.5,16.702));
#13242=CARTESIAN_POINT('',(-0.500000000000005,14.5,16.702));
#13243=CARTESIAN_POINT('',(-0.625000000000004,14.5,16.702));
#13244=CARTESIAN_POINT('',(-0.500000000000005,15.25,16.702));
#13245=CARTESIAN_POINT('',(-0.500000000000005,14.25,16.702));
#13246=CARTESIAN_POINT('',(0.499999999999996,15.25,16.702));
#13247=CARTESIAN_POINT('',(-0.250000000000005,15.25,16.702));
#13248=CARTESIAN_POINT('',(0.499999999999996,14.5,16.702));
#13249=CARTESIAN_POINT('',(0.499999999999996,14.625,16.702));
#13250=CARTESIAN_POINT('',(1.25,14.5,16.702));
#13251=CARTESIAN_POINT('',(0.249999999999996,14.5,16.702));
#13252=CARTESIAN_POINT('',(1.25,13.5,16.702));
#13253=CARTESIAN_POINT('',(1.25,14.25,16.702));
#13254=CARTESIAN_POINT('',(0.499999999999996,13.5,16.702));
#13255=CARTESIAN_POINT('',(0.624999999999996,13.5,16.702));
#13256=CARTESIAN_POINT('',(0.499999999999996,12.75,16.702));
#13257=CARTESIAN_POINT('',(0.499999999999996,13.75,16.702));
#13258=CARTESIAN_POINT('',(-0.500000000000004,12.75,16.702));
#13259=CARTESIAN_POINT('',(0.249999999999996,12.75,16.702));
#13260=CARTESIAN_POINT('',(-0.500000000000004,13.5,16.702));
#13261=CARTESIAN_POINT('',(-0.500000000000004,13.375,16.702));
#13262=CARTESIAN_POINT('',(-1.25,13.5,16.702));
#13263=CARTESIAN_POINT('',(-0.250000000000004,13.5,16.702));
#13264=CARTESIAN_POINT('',(-1.25,13.75,16.702));
#13265=CARTESIAN_POINT('Origin',(-1.25,14.5,16.702));
#13266=CARTESIAN_POINT('',(-1.25,14.5,16.202));
#13267=CARTESIAN_POINT('',(-1.25,14.5,16.702));
#13268=CARTESIAN_POINT('',(-0.500000000000002,14.5,16.202));
#13269=CARTESIAN_POINT('',(1.25,14.5,16.202));
#13270=CARTESIAN_POINT('',(-0.500000000000005,14.5,16.702));
#13271=CARTESIAN_POINT('Origin',(-1.25,13.5,16.702));
#13272=CARTESIAN_POINT('',(-1.25,13.5,16.202));
#13273=CARTESIAN_POINT('',(-1.25,13.5,16.702));
#13274=CARTESIAN_POINT('',(-1.25,14.5,16.202));
#13275=CARTESIAN_POINT('Origin',(-0.500000000000005,13.5,16.702));
#13276=CARTESIAN_POINT('',(-0.500000000000002,13.5,16.202));
#13277=CARTESIAN_POINT('',(-0.500000000000004,13.5,16.702));
#13278=CARTESIAN_POINT('',(-1.25,13.5,16.202));
#13279=CARTESIAN_POINT('Origin',(-0.500000000000004,12.75,16.702));
#13280=CARTESIAN_POINT('',(-0.500000000000002,12.75,16.202));
#13281=CARTESIAN_POINT('',(-0.500000000000004,12.75,16.702));
#13282=CARTESIAN_POINT('',(-0.500000000000002,15.25,16.202));
#13283=CARTESIAN_POINT('Origin',(0.499999999999996,12.75,16.702));
#13284=CARTESIAN_POINT('',(0.499999999999999,12.75,16.202));
#13285=CARTESIAN_POINT('',(0.499999999999996,12.75,16.702));
#13286=CARTESIAN_POINT('',(-0.500000000000002,12.75,16.202));
#13287=CARTESIAN_POINT('Origin',(0.499999999999996,13.5,16.702));
#13288=CARTESIAN_POINT('',(0.499999999999998,13.5,16.202));
#13289=CARTESIAN_POINT('',(0.499999999999996,13.5,16.702));
#13290=CARTESIAN_POINT('',(0.499999999999999,12.75,16.202));
#13291=CARTESIAN_POINT('Origin',(1.25,13.5,16.702));
#13292=CARTESIAN_POINT('',(1.25,13.5,16.202));
#13293=CARTESIAN_POINT('',(1.25,13.5,16.702));
#13294=CARTESIAN_POINT('',(-1.25,13.5,16.202));
#13295=CARTESIAN_POINT('Origin',(1.25,14.5,16.702));
#13296=CARTESIAN_POINT('',(1.25,14.5,16.202));
#13297=CARTESIAN_POINT('',(1.25,14.5,16.702));
#13298=CARTESIAN_POINT('',(1.25,13.5,16.202));
#13299=CARTESIAN_POINT('Origin',(0.499999999999996,14.5,16.702));
#13300=CARTESIAN_POINT('',(0.499999999999998,14.5,16.202));
#13301=CARTESIAN_POINT('',(0.499999999999996,14.5,16.702));
#13302=CARTESIAN_POINT('',(1.25,14.5,16.202));
#13303=CARTESIAN_POINT('Origin',(0.499999999999996,15.25,16.702));
#13304=CARTESIAN_POINT('',(0.499999999999998,15.25,16.202));
#13305=CARTESIAN_POINT('',(0.499999999999996,15.25,16.702));
#13306=CARTESIAN_POINT('',(0.499999999999999,12.75,16.202));
#13307=CARTESIAN_POINT('Origin',(-0.500000000000005,15.25,16.702));
#13308=CARTESIAN_POINT('',(-0.500000000000002,15.25,16.202));
#13309=CARTESIAN_POINT('',(-0.500000000000005,15.25,16.702));
#13310=CARTESIAN_POINT('',(0.499999999999998,15.25,16.202));
#13311=CARTESIAN_POINT('Origin',(-0.500000000000005,14.5,16.702));
#13312=CARTESIAN_POINT('',(-0.500000000000002,15.25,16.202));
#13313=CARTESIAN_POINT('Origin',(-1.73472347597681E-15,14.,16.202));
#13314=CARTESIAN_POINT('Origin',(1.11022302462516E-15,14.5,15.702));
#13315=CARTESIAN_POINT('',(3.,14.,15.702));
#13316=CARTESIAN_POINT('',(-3.,14.,15.702));
#13317=CARTESIAN_POINT('Origin',(0.,14.,15.702));
#13318=CARTESIAN_POINT('',(3.,17.7482393492988,15.702));
#13319=CARTESIAN_POINT('',(3.,14.,15.702));
#13320=CARTESIAN_POINT('',(-3.,17.7482393492988,15.702));
#13321=CARTESIAN_POINT('Origin',(0.,0.,15.702));
#13322=CARTESIAN_POINT('',(-3.,14.,15.702));
#13323=CARTESIAN_POINT('Origin',(-15.5,-15.5,-45.258));
#13324=CARTESIAN_POINT('',(-17.913,-15.1825,-46.4126740328739));
#13325=CARTESIAN_POINT('',(-17.913,-15.5,-46.4219742265188));
#13326=CARTESIAN_POINT('Ctrl Pts',(-17.913,-15.5,-46.4219742265188));
#13327=CARTESIAN_POINT('Ctrl Pts',(-17.913,-15.3977178848389,-46.4219742265188));
#13328=CARTESIAN_POINT('Ctrl Pts',(-17.913,-15.2910620631233,-46.4191598997242));
#13329=CARTESIAN_POINT('Ctrl Pts',(-17.913,-15.1824999999999,-46.4126740328742));
#13330=CARTESIAN_POINT('',(-18.675,-15.5,-45.258));
#13331=CARTESIAN_POINT('Origin',(-17.405,-15.5,-45.258));
#13332=CARTESIAN_POINT('',(-12.325,-15.5,-45.258));
#13333=CARTESIAN_POINT('Origin',(-15.5,-15.5,-45.258));
#13334=CARTESIAN_POINT('Origin',(-15.5,-15.5,-45.258));
#13335=CARTESIAN_POINT('',(-17.913,-15.8175,-46.4126740328742));
#13336=CARTESIAN_POINT('Ctrl Pts',(-17.913,-15.8175,-46.4126740328742));
#13337=CARTESIAN_POINT('Ctrl Pts',(-17.913,-15.7089379368767,-46.4191598997242));
#13338=CARTESIAN_POINT('Ctrl Pts',(-17.913,-15.6022821151611,-46.4219742265188));
#13339=CARTESIAN_POINT('Ctrl Pts',(-17.913,-15.5,-46.4219742265188));
#13340=CARTESIAN_POINT('',(-17.3783553311341,-15.8175,-46.528));
#13341=CARTESIAN_POINT('Origin',(-17.3559153980597,-15.8175,-45.216309975323));
#13342=CARTESIAN_POINT('',(-15.8175,-17.3783553311341,-46.528));
#13343=CARTESIAN_POINT('Origin',(-15.5,-15.5,-46.528));
#13344=CARTESIAN_POINT('',(-15.8175,-17.913,-46.4126740328739));
#13345=CARTESIAN_POINT('Origin',(-15.8175000000003,-17.3559153980679,-45.2163099753545));
#13346=CARTESIAN_POINT('',(-15.1825,-17.913,-46.412674032875));
#13347=CARTESIAN_POINT('Ctrl Pts',(-15.8175,-17.913,-46.4126740328742));
#13348=CARTESIAN_POINT('Ctrl Pts',(-15.7089379368767,-17.913,-46.4191598997242));
#13349=CARTESIAN_POINT('Ctrl Pts',(-15.6022821151611,-17.913,-46.4219742265188));
#13350=CARTESIAN_POINT('Ctrl Pts',(-15.3977178848389,-17.913,-46.4219742265188));
#13351=CARTESIAN_POINT('Ctrl Pts',(-15.2910620631233,-17.913,-46.4191598997242));
#13352=CARTESIAN_POINT('Ctrl Pts',(-15.1825,-17.913,-46.4126740328742));
#13353=CARTESIAN_POINT('',(-15.1825,-17.3783553311341,-46.528));
#13354=CARTESIAN_POINT('Origin',(-15.1825000000009,-17.3559153980538,-45.2163099752851));
#13355=CARTESIAN_POINT('',(-13.6216446688659,-15.8175,-46.528));
#13356=CARTESIAN_POINT('Origin',(-15.5,-15.5,-46.528));
#13357=CARTESIAN_POINT('',(-13.087,-15.8175,-46.4126740328739));
#13358=CARTESIAN_POINT('Origin',(-13.645107123056,-15.8175000000003,-45.2115038144545));
#13359=CARTESIAN_POINT('',(-13.087,-15.1825,-46.4126740328739));
#13360=CARTESIAN_POINT('Ctrl Pts',(-13.087,-15.1825,-46.4126740328742));
#13361=CARTESIAN_POINT('Ctrl Pts',(-13.087,-15.2910620631233,-46.4191598997242));
#13362=CARTESIAN_POINT('Ctrl Pts',(-13.087,-15.3977178848389,-46.4219742265188));
#13363=CARTESIAN_POINT('Ctrl Pts',(-13.087,-15.6022821151611,-46.4219742265188));
#13364=CARTESIAN_POINT('Ctrl Pts',(-13.087,-15.7089379368767,-46.4191598997242));
#13365=CARTESIAN_POINT('Ctrl Pts',(-13.087,-15.8175,-46.4126740328742));
#13366=CARTESIAN_POINT('',(-13.6216446688659,-15.1825,-46.528));
#13367=CARTESIAN_POINT('Origin',(-13.6451071230561,-15.1824999999997,-45.211503814452));
#13368=CARTESIAN_POINT('',(-15.1825,-13.6216446688659,-46.528));
#13369=CARTESIAN_POINT('Origin',(-15.5,-15.5,-46.528));
#13370=CARTESIAN_POINT('',(-15.1825,-13.087,-46.4126740328739));
#13371=CARTESIAN_POINT('Origin',(-15.1824999999997,-13.6451071230565,-45.211503814452));
#13372=CARTESIAN_POINT('',(-15.8175,-13.087,-46.412674032875));
#13373=CARTESIAN_POINT('Ctrl Pts',(-15.1825,-13.087,-46.4126740328742));
#13374=CARTESIAN_POINT('Ctrl Pts',(-15.2910620631233,-13.087,-46.4191598997242));
#13375=CARTESIAN_POINT('Ctrl Pts',(-15.3977178848389,-13.087,-46.4219742265188));
#13376=CARTESIAN_POINT('Ctrl Pts',(-15.6022821151611,-13.087,-46.4219742265188));
#13377=CARTESIAN_POINT('Ctrl Pts',(-15.7089379368767,-13.087,-46.4191598997242));
#13378=CARTESIAN_POINT('Ctrl Pts',(-15.8175,-13.087,-46.4126740328742));
#13379=CARTESIAN_POINT('',(-15.8175,-13.6216446688659,-46.528));
#13380=CARTESIAN_POINT('Origin',(-15.8174999999991,-13.6451071230597,-45.2115038144291));
#13381=CARTESIAN_POINT('',(-17.3783553311341,-15.1825,-46.528));
#13382=CARTESIAN_POINT('Origin',(-15.5,-15.5,-46.528));
#13383=CARTESIAN_POINT('Origin',(-17.355915398066,-15.1824999999996,-45.2163099753495));
#13384=CARTESIAN_POINT('Origin',(0.,0.,-46.528));
#13385=CARTESIAN_POINT('',(-15.1825,-15.8175,-46.528));
#13386=CARTESIAN_POINT('',(-15.1825,-17.913,-46.528));
#13387=CARTESIAN_POINT('',(-17.913,-15.8175,-46.528));
#13388=CARTESIAN_POINT('Origin',(0.,0.,-46.528));
#13389=CARTESIAN_POINT('',(-15.1825,-15.1825,-46.528));
#13390=CARTESIAN_POINT('',(-17.913,-15.1825,-46.528));
#13391=CARTESIAN_POINT('',(-15.1825,-17.913,-46.528));
#13392=CARTESIAN_POINT('Origin',(0.,0.,-46.528));
#13393=CARTESIAN_POINT('',(-15.8175,-15.1825,-46.528));
#13394=CARTESIAN_POINT('',(-15.8175,-17.913,-46.528));
#13395=CARTESIAN_POINT('',(-17.913,-15.1825,-46.528));
#13396=CARTESIAN_POINT('Origin',(0.,0.,-46.528));
#13397=CARTESIAN_POINT('',(-15.8175,-15.8175,-46.528));
#13398=CARTESIAN_POINT('',(-15.8175,-17.913,-46.528));
#13399=CARTESIAN_POINT('',(-17.913,-15.8175,-46.528));
#13400=CARTESIAN_POINT('Origin',(-15.8175,-17.913,-45.766));
#13401=CARTESIAN_POINT('',(-15.8175,-15.8175,-45.766));
#13402=CARTESIAN_POINT('',(-15.8175,-15.8175,-45.766));
#13403=CARTESIAN_POINT('',(-15.8175,-17.913,-45.766));
#13404=CARTESIAN_POINT('',(-15.8175,-17.913,-45.766));
#13405=CARTESIAN_POINT('',(-15.8175,-17.913,-45.766));
#13406=CARTESIAN_POINT('Origin',(-15.1825,-17.913,-45.766));
#13407=CARTESIAN_POINT('',(-15.1825,-17.913,-45.766));
#13408=CARTESIAN_POINT('',(-15.1825,-17.913,-45.766));
#13409=CARTESIAN_POINT('',(-15.1825,-15.8175,-45.766));
#13410=CARTESIAN_POINT('',(-15.1825,-17.913,-45.766));
#13411=CARTESIAN_POINT('',(-15.1825,-15.8175,-45.766));
#13412=CARTESIAN_POINT('Origin',(-15.8175,-17.913,-45.766));
#13413=CARTESIAN_POINT('',(-15.8175,-13.087,-45.766));
#13414=CARTESIAN_POINT('',(-15.8175,-13.087,-45.766));
#13415=CARTESIAN_POINT('',(-15.8175,-15.1825,-45.766));
#13416=CARTESIAN_POINT('',(-15.8175,-17.913,-45.766));
#13417=CARTESIAN_POINT('',(-15.8175,-15.1825,-45.766));
#13418=CARTESIAN_POINT('Origin',(-15.8175,-17.913,-45.766));
#13419=CARTESIAN_POINT('',(-15.8175,-17.913,-45.766));
#13420=CARTESIAN_POINT('Origin',(-15.1825,-17.913,-45.766));
#13421=CARTESIAN_POINT('',(-15.1825,-15.1825,-45.766));
#13422=CARTESIAN_POINT('',(-15.1825,-15.1825,-45.766));
#13423=CARTESIAN_POINT('',(-15.1825,-13.087,-45.766));
#13424=CARTESIAN_POINT('',(-15.1825,-17.913,-45.766));
#13425=CARTESIAN_POINT('',(-15.1825,-13.087,-45.766));
#13426=CARTESIAN_POINT('Origin',(-15.1825,-13.087,-45.766));
#13427=CARTESIAN_POINT('',(-15.1825,-13.087,-45.766));
#13428=CARTESIAN_POINT('Origin',(0.,0.,-45.766));
#13429=CARTESIAN_POINT('',(-13.087,-15.1825,-45.766));
#13430=CARTESIAN_POINT('',(-17.913,-15.1825,-45.766));
#13431=CARTESIAN_POINT('',(-13.087,-15.8175,-45.766));
#13432=CARTESIAN_POINT('',(-13.087,-15.8175,-45.766));
#13433=CARTESIAN_POINT('',(-17.913,-15.8175,-45.766));
#13434=CARTESIAN_POINT('',(-17.913,-15.8175,-45.766));
#13435=CARTESIAN_POINT('',(-17.913,-15.8175,-45.766));
#13436=CARTESIAN_POINT('',(-17.913,-15.1825,-45.766));
#13437=CARTESIAN_POINT('',(-17.913,-15.1825,-45.766));
#13438=CARTESIAN_POINT('',(-17.913,-15.1825,-45.766));
#13439=CARTESIAN_POINT('Origin',(-13.087,-15.8175,-45.766));
#13440=CARTESIAN_POINT('',(-13.087,-15.8175,-45.766));
#13441=CARTESIAN_POINT('',(-13.087,-15.1825,-45.766));
#13442=CARTESIAN_POINT('Origin',(-17.913,-15.8175,-45.766));
#13443=CARTESIAN_POINT('Origin',(-17.913,-15.1825,-45.766));
#13444=CARTESIAN_POINT('Origin',(-17.913,-15.1825,-45.766));
#13445=CARTESIAN_POINT('',(-17.913,-15.1825,-45.766));
#13446=CARTESIAN_POINT('Origin',(-17.913,-15.1825,-45.766));
#13447=CARTESIAN_POINT('',(-17.913,-15.8175,-45.766));
#13448=CARTESIAN_POINT('Origin',(-17.913,-15.8175,-45.766));
#13449=CARTESIAN_POINT('Origin',(-15.5,-15.5,-44.623));
#13450=CARTESIAN_POINT('',(-12.325,-15.5,-47.544));
#13451=CARTESIAN_POINT('',(-12.325,-15.5,-44.623));
#13452=CARTESIAN_POINT('Origin',(-15.5,-15.5,-47.544));
#13453=CARTESIAN_POINT('Origin',(15.5,15.5,-44.623));
#13454=CARTESIAN_POINT('',(18.675,15.5,-45.258));
#13455=CARTESIAN_POINT('Origin',(15.5,15.5,-45.258));
#13456=CARTESIAN_POINT('',(18.675,15.5,-47.544));
#13457=CARTESIAN_POINT('',(18.675,15.5,-44.623));
#13458=CARTESIAN_POINT('Origin',(15.5,15.5,-47.544));
#13459=CARTESIAN_POINT('Origin',(20.,-0.141421356237307,-41.8044));
#13460=CARTESIAN_POINT('',(20.,6.7085786437627,-38.548));
#13461=CARTESIAN_POINT('',(20.,6.7085786437627,-38.5108));
#13462=CARTESIAN_POINT('',(20.,6.7085786437627,-38.5108));
#13463=CARTESIAN_POINT('',(20.,-6.9914213562373,-38.5108));
#13464=CARTESIAN_POINT('',(20.,8.40928932188135,-38.5108));
#13465=CARTESIAN_POINT('',(20.,-6.9914213562373,-38.548));
#13466=CARTESIAN_POINT('',(20.,-6.9914213562373,-43.698));
#13467=CARTESIAN_POINT('',(20.,-6.5914213562373,-38.548));
#13468=CARTESIAN_POINT('',(20.,-6.9914213562373,-38.548));
#13469=CARTESIAN_POINT('',(20.,-6.5914213562373,-38.948));
#13470=CARTESIAN_POINT('',(20.,-6.5914213562373,-39.8355));
#13471=CARTESIAN_POINT('',(20.,-5.2914213562373,-38.948));
#13472=CARTESIAN_POINT('',(20.,-3.3664213562373,-38.948));
#13473=CARTESIAN_POINT('',(20.,-5.2914213562373,-38.548));
#13474=CARTESIAN_POINT('',(20.,-5.2914213562373,-40.0355));
#13475=CARTESIAN_POINT('',(20.,5.0085786437627,-38.548));
#13476=CARTESIAN_POINT('',(20.,-6.9914213562373,-38.548));
#13477=CARTESIAN_POINT('',(20.,5.0085786437627,-38.948));
#13478=CARTESIAN_POINT('',(20.,5.0085786437627,-39.8355));
#13479=CARTESIAN_POINT('',(20.,6.3085786437627,-38.948));
#13480=CARTESIAN_POINT('',(20.,2.4335786437627,-38.948));
#13481=CARTESIAN_POINT('',(20.,6.3085786437627,-38.548));
#13482=CARTESIAN_POINT('',(20.,6.3085786437627,-40.0355));
#13483=CARTESIAN_POINT('',(20.,-6.9914213562373,-38.548));
#13484=CARTESIAN_POINT('Origin',(20.,-0.141421356237307,-41.8044));
#13485=CARTESIAN_POINT('',(20.,7.4085786437627,-38.5108));
#13486=CARTESIAN_POINT('',(20.,7.4085786437627,-44.398));
#13487=CARTESIAN_POINT('',(20.,7.4085786437627,-44.398));
#13488=CARTESIAN_POINT('',(20.,-7.6914213562373,-44.398));
#13489=CARTESIAN_POINT('',(20.,-7.6914213562373,-44.398));
#13490=CARTESIAN_POINT('',(20.,-7.6914213562373,-38.5108));
#13491=CARTESIAN_POINT('',(20.,-7.6914213562373,-38.5108));
#13492=CARTESIAN_POINT('',(20.,-8.39142135623731,-38.5108));
#13493=CARTESIAN_POINT('',(20.,8.40928932188135,-38.5108));
#13494=CARTESIAN_POINT('',(20.,-8.39142135623731,-45.098));
#13495=CARTESIAN_POINT('',(20.,-8.39142135623731,-38.5108));
#13496=CARTESIAN_POINT('',(20.,8.10857864376269,-45.098));
#13497=CARTESIAN_POINT('',(20.,-8.39142135623731,-45.098));
#13498=CARTESIAN_POINT('',(20.,8.10857864376269,-38.5108));
#13499=CARTESIAN_POINT('',(20.,8.10857864376269,-45.098));
#13500=CARTESIAN_POINT('',(20.,8.40928932188135,-38.5108));
#13501=CARTESIAN_POINT('Origin',(-15.5,15.5,-44.623));
#13502=CARTESIAN_POINT('',(-15.5000000000001,18.675,-45.258));
#13503=CARTESIAN_POINT('',(-12.325,15.5,-45.258));
#13504=CARTESIAN_POINT('Origin',(-15.5000000000001,15.5,-45.258));
#13505=CARTESIAN_POINT('',(-12.325,15.5,-47.544));
#13506=CARTESIAN_POINT('',(-12.325,15.5,-44.623));
#13507=CARTESIAN_POINT('Origin',(-15.5,15.5,-47.544));
#13508=CARTESIAN_POINT('Origin',(-15.5000000000001,15.5,-45.258));
#13509=CARTESIAN_POINT('Origin',(15.5,-15.5,-44.623));
#13510=CARTESIAN_POINT('',(15.5000000000002,-18.6749999999998,-45.258));
#13511=CARTESIAN_POINT('',(18.675,-15.5,-45.258));
#13512=CARTESIAN_POINT('Origin',(15.5000000000002,-15.4999999999998,-45.258));
#13513=CARTESIAN_POINT('',(18.675,-15.5,-47.544));
#13514=CARTESIAN_POINT('',(18.675,-15.5,-44.623));
#13515=CARTESIAN_POINT('Origin',(15.5,-15.5,-47.544));
#13516=CARTESIAN_POINT('Origin',(15.5000000000002,-15.4999999999998,-45.258));
#13517=CARTESIAN_POINT('Ctrl Pts',(20.4597540854556,-7.65313398817234,-47.7976897798539));
#13518=CARTESIAN_POINT('Ctrl Pts',(20.4576290569159,-7.65101288621352,-47.7977504028968));
#13519=CARTESIAN_POINT('Ctrl Pts',(20.4401257717546,-7.63354283061,-47.798));
#13520=CARTESIAN_POINT('Ctrl Pts',(20.4380002339613,-7.63142135623731,-47.798));
#13521=CARTESIAN_POINT('Ctrl Pts',(20.3930781075739,-7.71976413384307,-47.7957854290688));
#13522=CARTESIAN_POINT('Ctrl Pts',(20.3909571932186,-7.71764339743288,-47.796032316981));
#13523=CARTESIAN_POINT('Ctrl Pts',(20.3734549308215,-7.70019630623765,-47.798));
#13524=CARTESIAN_POINT('Ctrl Pts',(20.3713334893075,-7.69808802710971,-47.798));
#13525=CARTESIAN_POINT('Ctrl Pts',(20.3263885303387,-7.78646230169885,-47.7957851835567));
#13526=CARTESIAN_POINT('Ctrl Pts',(20.3242634438404,-7.78434489116005,-47.7960321302143));
#13527=CARTESIAN_POINT('Ctrl Pts',(20.3067795567707,-7.76687245592699,-47.798));
#13528=CARTESIAN_POINT('Ctrl Pts',(20.3046667446538,-7.76475469798211,-47.798));
#13529=CARTESIAN_POINT('Ctrl Pts',(20.2597669665275,-7.85314686844927,-47.7976890436183));
#13530=CARTESIAN_POINT('Ctrl Pts',(20.2576406671559,-7.85102449605706,-47.7977498073744));
#13531=CARTESIAN_POINT('Ctrl Pts',(20.2401268538611,-7.83354407191454,-47.798));
#13532=CARTESIAN_POINT('Ctrl Pts',(20.238,-7.83142136885451,-47.798));
#13533=CARTESIAN_POINT('',(20.238,-7.83142136885451,-47.798));
#13534=CARTESIAN_POINT('',(20.4380002339613,-7.63142135623731,-47.798));
#13535=CARTESIAN_POINT('',(20.3380001169807,-7.73142136254591,-47.798));
#13536=CARTESIAN_POINT('',(20.4597540854556,-7.65313398817234,-47.7976897798539));
#13537=CARTESIAN_POINT('Ctrl Pts',(20.4380002339613,-7.63142135623731,-47.798));
#13538=CARTESIAN_POINT('Ctrl Pts',(20.438089186261,-7.63151013848568,-47.798));
#13539=CARTESIAN_POINT('Ctrl Pts',(20.438183266841,-7.6316040395612,-47.7979996225443));
#13540=CARTESIAN_POINT('Ctrl Pts',(20.4382889644475,-7.63170953619274,-47.7979990455614));
#13541=CARTESIAN_POINT('Ctrl Pts',(20.4383408472872,-7.63176132038156,-47.7979987623429));
#13542=CARTESIAN_POINT('Ctrl Pts',(20.4383961503803,-7.63181651847243,-47.7979984210002));
#13543=CARTESIAN_POINT('Ctrl Pts',(20.4384586834373,-7.63187893298482,-47.7979979929427));
#13544=CARTESIAN_POINT('Ctrl Pts',(20.4386685757311,-7.63208842738341,-47.7979965561673));
#13545=CARTESIAN_POINT('Ctrl Pts',(20.4389442850831,-7.63236361693016,-47.7979942335026));
#13546=CARTESIAN_POINT('Ctrl Pts',(20.4393067710115,-7.63272541806527,-47.7979906669578));
#13547=CARTESIAN_POINT('Ctrl Pts',(20.4397189637637,-7.63313683212015,-47.7979866113412));
#13548=CARTESIAN_POINT('Ctrl Pts',(20.4402427698987,-7.63365964682626,-47.7979809301353));
#13549=CARTESIAN_POINT('Ctrl Pts',(20.4408558004884,-7.63427150509207,-47.7979737790128));
#13550=CARTESIAN_POINT('Ctrl Pts',(20.4415961610362,-7.63501044981749,-47.7979651425612));
#13551=CARTESIAN_POINT('Ctrl Pts',(20.4424635386208,-7.63587617377174,-47.7979543986006));
#13552=CARTESIAN_POINT('Ctrl Pts',(20.4433700998637,-7.6367810122257,-47.797942708674));
#13553=CARTESIAN_POINT('Ctrl Pts',(20.4434974939953,-7.63690816426311,-47.7979410659521));
#13554=CARTESIAN_POINT('Ctrl Pts',(20.4436256037123,-7.63703603063032,-47.7979394056431));
#13555=CARTESIAN_POINT('Ctrl Pts',(20.4437541391874,-7.63716432205496,-47.797937731883));
#13556=CARTESIAN_POINT('Ctrl Pts',(20.4445151278217,-7.63792386579903,-47.7979278224598));
#13557=CARTESIAN_POINT('Ctrl Pts',(20.4452903872478,-7.63869765365324,-47.7979174488708));
#13558=CARTESIAN_POINT('Ctrl Pts',(20.446041654966,-7.63944749569464,-47.7979072008319));
#13559=CARTESIAN_POINT('Ctrl Pts',(20.4467287880863,-7.64013332484608,-47.7978978276527));
#13560=CARTESIAN_POINT('Ctrl Pts',(20.4473934477939,-7.64079672352991,-47.7978885966587));
#13561=CARTESIAN_POINT('Ctrl Pts',(20.4480392898511,-7.64144134053347,-47.7978795007308));
#13562=CARTESIAN_POINT('Ctrl Pts',(20.448686066039,-7.64208688989589,-47.7978703916467));
#13563=CARTESIAN_POINT('Ctrl Pts',(20.4493159313469,-7.64271556072168,-47.7978613940455));
#13564=CARTESIAN_POINT('Ctrl Pts',(20.4499667335428,-7.64336512905342,-47.7978519638148));
#13565=CARTESIAN_POINT('Ctrl Pts',(20.4507126393122,-7.64410962065045,-47.7978411555178));
#13566=CARTESIAN_POINT('Ctrl Pts',(20.4514892115239,-7.64488472096791,-47.7978297275498));
#13567=CARTESIAN_POINT('Ctrl Pts',(20.4522877609443,-7.64568175750582,-47.7978177339716));
#13568=CARTESIAN_POINT('Ctrl Pts',(20.4533635410284,-7.64675549948326,-47.7978015766089));
#13569=CARTESIAN_POINT('Ctrl Pts',(20.4544754019903,-7.64786525521788,-47.7977844277634));
#13570=CARTESIAN_POINT('Ctrl Pts',(20.4554866362377,-7.64887457679443,-47.7977681919722));
#13571=CARTESIAN_POINT('Ctrl Pts',(20.4562258459466,-7.64961238834565,-47.7977563236494));
#13572=CARTESIAN_POINT('Ctrl Pts',(20.4569066152614,-7.65029187124908,-47.7977450146816));
#13573=CARTESIAN_POINT('Ctrl Pts',(20.4574797551236,-7.65086392951099,-47.7977350722774));
#13574=CARTESIAN_POINT('Ctrl Pts',(20.4578685636689,-7.65125200431666,-47.7977283275159));
#13575=CARTESIAN_POINT('Ctrl Pts',(20.4582079557339,-7.65159075666808,-47.7977222133742));
#13576=CARTESIAN_POINT('Ctrl Pts',(20.4584928008736,-7.65187506566052,-47.7977168656315));
#13577=CARTESIAN_POINT('Ctrl Pts',(20.458823929176,-7.65220557069961,-47.7977106489589));
#13578=CARTESIAN_POINT('Ctrl Pts',(20.45908021472,-7.65246137503627,-47.7977054971089));
#13579=CARTESIAN_POINT('Ctrl Pts',(20.4592788167946,-7.65265960523966,-47.7977012135219));
#13580=CARTESIAN_POINT('Ctrl Pts',(20.4594093212852,-7.65278986536805,-47.7976983987107));
#13581=CARTESIAN_POINT('Ctrl Pts',(20.4595106425469,-7.65289099739624,-47.797696075863));
#13582=CARTESIAN_POINT('Ctrl Pts',(20.4596076634222,-7.65298783775527,-47.7976936582545));
#13583=CARTESIAN_POINT('Ctrl Pts',(20.4596582891682,-7.65303836930739,-47.79769239674));
#13584=CARTESIAN_POINT('Ctrl Pts',(20.4597072868087,-7.65308727599898,-47.7976911149307));
#13585=CARTESIAN_POINT('Ctrl Pts',(20.4597540854556,-7.65313398817234,-47.7976897798539));
#13586=CARTESIAN_POINT('',(20.2597669665275,-7.85314686844927,-47.7976890436183));
#13587=CARTESIAN_POINT('Origin',(20.4597540579501,-7.85314684094124,-54.7958141686753));
#13588=CARTESIAN_POINT('Ctrl Pts',(20.2597669665275,-7.85314686844927,-47.7976890436183));
#13589=CARTESIAN_POINT('Ctrl Pts',(20.2596779996845,-7.8530580659157,-47.7976915860447));
#13590=CARTESIAN_POINT('Ctrl Pts',(20.2595838991798,-7.85296414077894,-47.7976938967881));
#13591=CARTESIAN_POINT('Ctrl Pts',(20.2594781809381,-7.85285862019428,-47.797696339527));
#13592=CARTESIAN_POINT('Ctrl Pts',(20.2594262830538,-7.8528068193414,-47.797697538686));
#13593=CARTESIAN_POINT('Ctrl Pts',(20.2593709640859,-7.85275160396579,-47.7976987773369));
#13594=CARTESIAN_POINT('Ctrl Pts',(20.2593084135667,-7.85268917075638,-47.797700135715));
#13595=CARTESIAN_POINT('Ctrl Pts',(20.2590863360907,-7.85246750977383,-47.7977049584596));
#13596=CARTESIAN_POINT('Ctrl Pts',(20.2587901704093,-7.85217190157138,-47.7977109005439));
#13597=CARTESIAN_POINT('Ctrl Pts',(20.2583964187702,-7.85177889349451,-47.7977182217422));
#13598=CARTESIAN_POINT('Ctrl Pts',(20.2579934056318,-7.85137664140774,-47.7977257151435));
#13599=CARTESIAN_POINT('Ctrl Pts',(20.2574895880794,-7.85087377722711,-47.797734608988));
#13600=CARTESIAN_POINT('Ctrl Pts',(20.2569052753724,-7.85029057205428,-47.7977444734327));
#13601=CARTESIAN_POINT('Ctrl Pts',(20.2561673024332,-7.84955399790431,-47.7977569319898));
#13602=CARTESIAN_POINT('Ctrl Pts',(20.2553035249764,-7.84869186023057,-47.7977708931733));
#13603=CARTESIAN_POINT('Ctrl Pts',(20.2544006660499,-7.84779071710112,-47.7977850281315));
#13604=CARTESIAN_POINT('Ctrl Pts',(20.2536329807068,-7.84702449067065,-47.7977970468422));
#13605=CARTESIAN_POINT('Ctrl Pts',(20.2528419743253,-7.84623498873819,-47.7978091244261));
#13606=CARTESIAN_POINT('Ctrl Pts',(20.2520706379378,-7.84546512021564,-47.7978206867922));
#13607=CARTESIAN_POINT('Ctrl Pts',(20.2513645091567,-7.84476033520846,-47.7978312716935));
#13608=CARTESIAN_POINT('Ctrl Pts',(20.2506787788688,-7.8440759105692,-47.7978413707754));
#13609=CARTESIAN_POINT('Ctrl Pts',(20.2500149910671,-7.84341338713864,-47.7978510120971));
#13610=CARTESIAN_POINT('Ctrl Pts',(20.249229769989,-7.84262966173566,-47.7978624172012));
#13611=CARTESIAN_POINT('Ctrl Pts',(20.2484763999293,-7.84187772737231,-47.797873174942));
#13612=CARTESIAN_POINT('Ctrl Pts',(20.2476902842541,-7.8410931104919,-47.7978842066372));
#13613=CARTESIAN_POINT('Ctrl Pts',(20.2470138177973,-7.84041793377452,-47.7978936996062));
#13614=CARTESIAN_POINT('Ctrl Pts',(20.2463124838495,-7.83971793750121,-47.7979033962739));
#13615=CARTESIAN_POINT('Ctrl Pts',(20.2455926226051,-7.838999447045,-47.7979131544173));
#13616=CARTESIAN_POINT('Ctrl Pts',(20.2446905740238,-7.8380991161802,-47.7979253822175));
#13617=CARTESIAN_POINT('Ctrl Pts',(20.2437607845252,-7.83717106060104,-47.7979376781966));
#13618=CARTESIAN_POINT('Ctrl Pts',(20.2428810498214,-7.83629298734326,-47.7979488857374));
#13619=CARTESIAN_POINT('Ctrl Pts',(20.2420728943003,-7.83548635808538,-47.7979591813822));
#13620=CARTESIAN_POINT('Ctrl Pts',(20.2413106684968,-7.83472559047367,-47.7979685032403));
#13621=CARTESIAN_POINT('Ctrl Pts',(20.2406591214365,-7.83407530199089,-47.7979760180343));
#13622=CARTESIAN_POINT('Ctrl Pts',(20.2401091843407,-7.83352642719511,-47.7979823608824));
#13623=CARTESIAN_POINT('Ctrl Pts',(20.2396391476603,-7.83305730756537,-47.7979874052436));
#13624=CARTESIAN_POINT('Ctrl Pts',(20.2392643639368,-7.83268325711689,-47.7979910666142));
#13625=CARTESIAN_POINT('Ctrl Pts',(20.2389323339467,-7.83235187675304,-47.7979943103112));
#13626=CARTESIAN_POINT('Ctrl Pts',(20.2386753639805,-7.83209541134446,-47.7979964790434));
#13627=CARTESIAN_POINT('Ctrl Pts',(20.238476281494,-7.83189671898698,-47.7979978668345));
#13628=CARTESIAN_POINT('Ctrl Pts',(20.2383455793535,-7.83176627297497,-47.7979987779507));
#13629=CARTESIAN_POINT('Ctrl Pts',(20.2382441176764,-7.83166500998318,-47.7979993474365));
#13630=CARTESIAN_POINT('Ctrl Pts',(20.2381469751221,-7.83156805713605,-47.7979996991503));
#13631=CARTESIAN_POINT('Ctrl Pts',(20.2380961523778,-7.8315173336421,-47.7979998831588));
#13632=CARTESIAN_POINT('Ctrl Pts',(20.2380469698332,-7.83146824702061,-47.798));
#13633=CARTESIAN_POINT('Ctrl Pts',(20.238,-7.83142136885451,-47.798));
#13634=CARTESIAN_POINT('Ctrl Pts',(21.1999979210136,-8.39142135623731,-47.0379999999973));
#13635=CARTESIAN_POINT('Ctrl Pts',(21.1999792695098,-8.39142135623734,-47.0459281732946));
#13636=CARTESIAN_POINT('Ctrl Pts',(21.1995414025563,-8.39103276749334,-47.0671957792346));
#13637=CARTESIAN_POINT('Ctrl Pts',(21.1970468771745,-8.38862584387461,-47.1064151185065));
#13638=CARTESIAN_POINT('Ctrl Pts',(21.1887977146337,-8.38052643879812,-47.1759242610546));
#13639=CARTESIAN_POINT('Ctrl Pts',(21.1371855160675,-8.32932613074711,-47.3839606007333));
#13640=CARTESIAN_POINT('Ctrl Pts',(20.9586515295113,-8.15123878222216,-47.6249592928567));
#13641=CARTESIAN_POINT('Ctrl Pts',(20.7351090078445,-7.92805057982143,-47.7468740684445));
#13642=CARTESIAN_POINT('Ctrl Pts',(20.5806920402851,-7.77386830723157,-47.7863640719874));
#13643=CARTESIAN_POINT('Ctrl Pts',(20.5059404269977,-7.69923804085995,-47.7953542078203));
#13644=CARTESIAN_POINT('Ctrl Pts',(20.4783504837575,-7.67169602445993,-47.7971592598014));
#13645=CARTESIAN_POINT('Ctrl Pts',(20.4597540854556,-7.65313398817234,-47.7976897798539));
#13646=CARTESIAN_POINT('Ctrl Pts',(21.1932635852698,-8.39142135623731,-47.037985999269));
#13647=CARTESIAN_POINT('Ctrl Pts',(21.1932478795426,-8.39142633766369,-47.045825100409));
#13648=CARTESIAN_POINT('Ctrl Pts',(21.1928068261958,-8.39103287286619,-47.0669180676763));
#13649=CARTESIAN_POINT('Ctrl Pts',(21.1903451085858,-8.38868801093498,-47.1057830824059));
#13650=CARTESIAN_POINT('Ctrl Pts',(21.1821465565263,-8.38069534972856,-47.1747133338297));
#13651=CARTESIAN_POINT('Ctrl Pts',(21.1310073262642,-8.33043927031031,-47.3811628637001));
#13652=CARTESIAN_POINT('Ctrl Pts',(20.9533501081543,-8.15441329270126,-47.6219742320209));
#13653=CARTESIAN_POINT('Ctrl Pts',(20.7301817191768,-7.93233470881822,-47.7450765535715));
#13654=CARTESIAN_POINT('Ctrl Pts',(20.5758985497967,-7.7785254682396,-47.785452156443));
#13655=CARTESIAN_POINT('Ctrl Pts',(20.5011686656512,-7.70397330260909,-47.7949327527322));
#13656=CARTESIAN_POINT('Ctrl Pts',(20.4735874952965,-7.67645031165693,-47.7968853455692));
#13657=CARTESIAN_POINT('Ctrl Pts',(20.4549915156069,-7.65789328429168,-47.7975537547978));
#13658=CARTESIAN_POINT('Ctrl Pts',(21.1795155138828,-8.39209910590282,-47.0379574169383));
#13659=CARTESIAN_POINT('Ctrl Pts',(21.1795030720045,-8.39211055003783,-47.0456374316563));
#13660=CARTESIAN_POINT('Ctrl Pts',(21.1790623932829,-8.39171527327466,-47.0663818850801));
#13661=CARTESIAN_POINT('Ctrl Pts',(21.1766598266208,-8.38947935346103,-47.1045674329555));
#13662=CARTESIAN_POINT('Ctrl Pts',(21.1685884373988,-8.38171336794296,-47.1723674928058));
#13663=CARTESIAN_POINT('Ctrl Pts',(21.118428405047,-8.33325399308413,-47.3757792431222));
#13664=CARTESIAN_POINT('Ctrl Pts',(20.942675434025,-8.1611262816473,-47.6163575844944));
#13665=CARTESIAN_POINT('Ctrl Pts',(20.7202987148979,-7.94100302255981,-47.7417302484677));
#13666=CARTESIAN_POINT('Ctrl Pts',(20.5663052424574,-7.78786605054172,-47.7837714177728));
#13667=CARTESIAN_POINT('Ctrl Pts',(20.491625219848,-7.71345052551767,-47.7941494526376));
#13668=CARTESIAN_POINT('Ctrl Pts',(20.4640601789396,-7.6859610328345,-47.7963906586116));
#13669=CARTESIAN_POINT('Ctrl Pts',(20.4454662370849,-7.66741257046631,-47.797301126506));
#13670=CARTESIAN_POINT('Ctrl Pts',(21.1512607253683,-8.39651314871233,-47.0378986750474));
#13671=CARTESIAN_POINT('Ctrl Pts',(21.1512599488222,-8.39654130128981,-47.045274417876));
#13672=CARTESIAN_POINT('Ctrl Pts',(21.1508092993399,-8.39613048462993,-47.0653905369027));
#13673=CARTESIAN_POINT('Ctrl Pts',(21.1485531844155,-8.39410856854164,-47.1023352963705));
#13674=CARTESIAN_POINT('Ctrl Pts',(21.1407330437474,-8.38671321206276,-47.1680807666468));
#13675=CARTESIAN_POINT('Ctrl Pts',(21.0927747074589,-8.34151276476858,-47.366054739318));
#13676=CARTESIAN_POINT('Ctrl Pts',(20.9211389952063,-8.17588893565232,-47.6066179231169));
#13677=CARTESIAN_POINT('Ctrl Pts',(20.7004816214033,-7.9587437616287,-47.7360316538724));
#13678=CARTESIAN_POINT('Ctrl Pts',(20.5471106277617,-7.80664808211705,-47.7809073693373));
#13679=CARTESIAN_POINT('Ctrl Pts',(20.4725323690072,-7.73242236738958,-47.7928242196139));
#13680=CARTESIAN_POINT('Ctrl Pts',(20.4450067227811,-7.70499370529876,-47.7955387617674));
#13681=CARTESIAN_POINT('Ctrl Pts',(20.426415362687,-7.68645368093082,-47.796873569327));
#13682=CARTESIAN_POINT('Ctrl Pts',(21.1083205128248,-8.41050670756874,-47.0378094020634));
#13683=CARTESIAN_POINT('Ctrl Pts',(21.108336045654,-8.41055244920382,-47.0448305323421));
#13684=CARTESIAN_POINT('Ctrl Pts',(21.1078745130469,-8.41012758804003,-47.0641699755737));
#13685=CARTESIAN_POINT('Ctrl Pts',(21.1058421933774,-8.40834500891098,-47.0996272272037));
#13686=CARTESIAN_POINT('Ctrl Pts',(21.0984313278401,-8.40137750571464,-47.1628677813285));
#13687=CARTESIAN_POINT('Ctrl Pts',(21.0539252907919,-8.35985235947329,-47.3544621375484));
#13688=CARTESIAN_POINT('Ctrl Pts',(20.8887368817296,-8.2008492415915,-47.595665362837));
#13689=CARTESIAN_POINT('Ctrl Pts',(20.6707176671713,-7.9861802545098,-47.7297636556352));
#13690=CARTESIAN_POINT('Ctrl Pts',(20.5183128112516,-7.835016197033,-47.7777919786872));
#13691=CARTESIAN_POINT('Ctrl Pts',(20.4438914783707,-7.76092521984232,-47.7913760795373));
#13692=CARTESIAN_POINT('Ctrl Pts',(20.4164259972498,-7.73355985586013,-47.7946236567654));
#13693=CARTESIAN_POINT('Ctrl Pts',(20.3978388725511,-7.71502052253735,-47.7964070826472));
#13694=CARTESIAN_POINT('Ctrl Pts',(21.0488093382566,-8.45146740047812,-47.0376856779405));
#13695=CARTESIAN_POINT('Ctrl Pts',(21.0488437592079,-8.45151734196781,-47.0444883651364));
#13696=CARTESIAN_POINT('Ctrl Pts',(21.048369876869,-8.45109238231288,-47.0633227357264));
#13697=CARTESIAN_POINT('Ctrl Pts',(21.0465944339352,-8.44937661946414,-47.0978431209177));
#13698=CARTESIAN_POINT('Ctrl Pts',(21.0396527503097,-8.44253909522179,-47.1594758750466));
#13699=CARTESIAN_POINT('Ctrl Pts',(20.9991039426976,-8.40203636411995,-47.3471747807335));
#13700=CARTESIAN_POINT('Ctrl Pts',(20.841380140555,-8.24401842024822,-47.5892731653901));
#13701=CARTESIAN_POINT('Ctrl Pts',(20.6264665856709,-8.02909124955913,-47.7261921995743));
#13702=CARTESIAN_POINT('Ctrl Pts',(20.4751905161749,-7.87792504625141,-47.7760431091857));
#13703=CARTESIAN_POINT('Ctrl Pts',(20.4009550167555,-7.80378590342012,-47.7905583782524));
#13704=CARTESIAN_POINT('Ctrl Pts',(20.3735584893829,-7.77643031576179,-47.7941168530149));
#13705=CARTESIAN_POINT('Ctrl Pts',(20.3549763685784,-7.75788104933029,-47.7961445639757));
#13706=CARTESIAN_POINT('Ctrl Pts',(21.0153890542535,-8.50698021952195,-47.0376161969503));
#13707=CARTESIAN_POINT('Ctrl Pts',(21.0154179534805,-8.50701326463588,-47.0446753114745));
#13708=CARTESIAN_POINT('Ctrl Pts',(21.0149458885543,-8.50660021446823,-47.0641210824403));
#13709=CARTESIAN_POINT('Ctrl Pts',(21.0130654821962,-8.50462373602559,-47.099765284687));
#13710=CARTESIAN_POINT('Ctrl Pts',(21.0059079143017,-8.49728458593269,-47.1633344378669));
#13711=CARTESIAN_POINT('Ctrl Pts',(20.9636493009626,-8.45261689982453,-47.3557204779335));
#13712=CARTESIAN_POINT('Ctrl Pts',(20.8036715000364,-8.2867676561047,-47.5967946797759));
#13713=CARTESIAN_POINT('Ctrl Pts',(20.5885641564062,-8.06866009286475,-47.7303980177199));
#13714=CARTESIAN_POINT('Ctrl Pts',(20.4371052714646,-7.91631425072835,-47.778101104478));
#13715=CARTESIAN_POINT('Ctrl Pts',(20.3628832141953,-7.84197679784033,-47.7915253313078));
#13716=CARTESIAN_POINT('Ctrl Pts',(20.3354609163184,-7.81454521462398,-47.7947105540456));
#13717=CARTESIAN_POINT('Ctrl Pts',(20.3168841403698,-7.79598707155808,-47.7964553713142));
#13718=CARTESIAN_POINT('Ctrl Pts',(21.0040010105441,-8.54974791799328,-47.0375925211325));
#13719=CARTESIAN_POINT('Ctrl Pts',(21.0040087916654,-8.54976443447928,-47.0450464548802));
#13720=CARTESIAN_POINT('Ctrl Pts',(21.0035571015547,-8.54936794124278,-47.0653297521998));
#13721=CARTESIAN_POINT('Ctrl Pts',(21.0014040910428,-8.54716982587181,-47.1026009251837));
#13722=CARTESIAN_POINT('Ctrl Pts',(20.993777915595,-8.53944319427632,-47.1688892898598));
#13723=CARTESIAN_POINT('Ctrl Pts',(20.947380755307,-8.49137311327384,-47.3683035222393));
#13724=CARTESIAN_POINT('Ctrl Pts',(20.7796780992785,-8.31916701745182,-47.6089521982572));
#13725=CARTESIAN_POINT('Ctrl Pts',(20.5614260179647,-8.09843380751449,-47.7374122528777));
#13726=CARTESIAN_POINT('Ctrl Pts',(20.4088168934325,-7.94512585205747,-47.7816081552123));
#13727=CARTESIAN_POINT('Ctrl Pts',(20.3344061647841,-7.87062745412496,-47.7931516619716));
#13728=CARTESIAN_POINT('Ctrl Pts',(20.306906338114,-7.84313198646461,-47.7957490721303));
#13729=CARTESIAN_POINT('Ctrl Pts',(20.2883227032678,-7.82456718326159,-47.7969799329511));
#13730=CARTESIAN_POINT('Ctrl Pts',(21.0006563638043,-8.5709347480858,-47.0375855675899));
#13731=CARTESIAN_POINT('Ctrl Pts',(21.0006510525782,-8.57094238776467,-47.0452705686713));
#13732=CARTESIAN_POINT('Ctrl Pts',(21.000212800417,-8.57055612487234,-47.066023683223));
#13733=CARTESIAN_POINT('Ctrl Pts',(20.9978978851356,-8.56824778825462,-47.104227205007));
#13734=CARTESIAN_POINT('Ctrl Pts',(20.99000001337,-8.56034023236633,-47.1720561199025));
#13735=CARTESIAN_POINT('Ctrl Pts',(20.9411656202966,-8.51061928471073,-47.3755536193203));
#13736=CARTESIAN_POINT('Ctrl Pts',(20.7686151775539,-8.33533401824441,-47.6162331677933));
#13737=CARTESIAN_POINT('Ctrl Pts',(20.5481293430173,-8.11330726941387,-47.7416774705156));
#13738=CARTESIAN_POINT('Ctrl Pts',(20.3947382387078,-7.95952965647915,-47.7837561260431));
#13739=CARTESIAN_POINT('Ctrl Pts',(20.3201824383803,-7.88495236421715,-47.7941447231725));
#13740=CARTESIAN_POINT('Ctrl Pts',(20.2926350239289,-7.85742518245229,-47.7963904701));
#13741=CARTESIAN_POINT('Ctrl Pts',(20.2740437097543,-7.83885717958718,-47.7973004950952));
#13742=CARTESIAN_POINT('Ctrl Pts',(20.9999983532211,-8.58468700595764,-47.0375841995815));
#13743=CARTESIAN_POINT('Ctrl Pts',(20.999986839351,-8.58469194289737,-47.0454274566496));
#13744=CARTESIAN_POINT('Ctrl Pts',(20.9995496916693,-8.58430540935586,-47.0665315226969));
#13745=CARTESIAN_POINT('Ctrl Pts',(20.9971266615953,-8.58194015876806,-47.1054163606331));
#13746=CARTESIAN_POINT('Ctrl Pts',(20.9889993749475,-8.57390554512445,-47.1743806446023));
#13747=CARTESIAN_POINT('Ctrl Pts',(20.9383659839259,-8.52321137164528,-47.3809250829996));
#13748=CARTESIAN_POINT('Ctrl Pts',(20.7619079785872,-8.34601737089274,-47.6218398242921));
#13749=CARTESIAN_POINT('Ctrl Pts',(20.5394689108037,-8.12319858476393,-47.7450181962936));
#13750=CARTESIAN_POINT('Ctrl Pts',(20.3854029151518,-7.96912845025448,-47.7854335837719));
#13751=CARTESIAN_POINT('Ctrl Pts',(20.3107083680964,-7.89449894159616,-47.7949275781387));
#13752=CARTESIAN_POINT('Ctrl Pts',(20.2831264557612,-7.86695471848664,-47.7968835374344));
#13753=CARTESIAN_POINT('Ctrl Pts',(20.2645256496568,-7.84838368510995,-47.7975530536139));
#13754=CARTESIAN_POINT('Ctrl Pts',(20.9999983532211,-8.59142135625526,-47.0375841995815));
#13755=CARTESIAN_POINT('Ctrl Pts',(20.9999818614864,-8.59142352503012,-47.0455167068569));
#13756=CARTESIAN_POINT('Ctrl Pts',(20.9995495808555,-8.5910405457906,-47.0667957800795));
#13757=CARTESIAN_POINT('Ctrl Pts',(20.9970645103007,-8.58864311578006,-47.1060355853571));
#13758=CARTESIAN_POINT('Ctrl Pts',(20.9888304942995,-8.58055891881257,-47.1755798405164));
#13759=CARTESIAN_POINT('Ctrl Pts',(20.937253395752,-8.52939385087228,-47.3837136468122));
#13760=CARTESIAN_POINT('Ctrl Pts',(20.7587361400553,-8.35132331515375,-47.6248186744803));
#13761=CARTESIAN_POINT('Ctrl Pts',(20.5351882343979,-8.12812976929649,-47.7468128975488));
#13762=CARTESIAN_POINT('Ctrl Pts',(20.3807484246722,-7.97392467578422,-47.7863445371315));
#13763=CARTESIAN_POINT('Ctrl Pts',(20.305974739733,-7.89927234824711,-47.7953487839033));
#13764=CARTESIAN_POINT('Ctrl Pts',(20.2783732924284,-7.87171883105292,-47.7971573262771));
#13765=CARTESIAN_POINT('Ctrl Pts',(20.2597669665275,-7.85314686844927,-47.7976890436183));
#13766=CARTESIAN_POINT('',(21.1999979210136,-8.39142135623731,-47.0379999999986));
#13767=CARTESIAN_POINT('Ctrl Pts',(20.4597540854556,-7.65313398817234,-47.7976897798539));
#13768=CARTESIAN_POINT('Ctrl Pts',(20.4783504837575,-7.67169602445993,-47.7971592598014));
#13769=CARTESIAN_POINT('Ctrl Pts',(20.5059404269977,-7.69923804085995,-47.7953542078203));
#13770=CARTESIAN_POINT('Ctrl Pts',(20.5806920402851,-7.77386830723157,-47.7863640719874));
#13771=CARTESIAN_POINT('Ctrl Pts',(20.7351090078445,-7.92805057982143,-47.7468740684445));
#13772=CARTESIAN_POINT('Ctrl Pts',(20.9586515295113,-8.15123878222216,-47.6249592928567));
#13773=CARTESIAN_POINT('Ctrl Pts',(21.1371855160675,-8.32932613074711,-47.3839606007333));
#13774=CARTESIAN_POINT('Ctrl Pts',(21.1887977146337,-8.38052643879812,-47.1759242610546));
#13775=CARTESIAN_POINT('Ctrl Pts',(21.1970468771745,-8.38862584387461,-47.1064151185065));
#13776=CARTESIAN_POINT('Ctrl Pts',(21.1995414025563,-8.39103276749334,-47.0671957792346));
#13777=CARTESIAN_POINT('Ctrl Pts',(21.1999792695098,-8.39142135623734,-47.0459281732946));
#13778=CARTESIAN_POINT('Ctrl Pts',(21.1999979210136,-8.39142135623731,-47.0379999999973));
#13779=CARTESIAN_POINT('',(20.9999983532211,-8.59142135625526,-47.0375841995766));
#13780=CARTESIAN_POINT('Ctrl Pts',(21.1999979210136,-8.39142135623731,-47.0379999999973));
#13781=CARTESIAN_POINT('Ctrl Pts',(21.1932635852698,-8.39142135623731,-47.037985999269));
#13782=CARTESIAN_POINT('Ctrl Pts',(21.1795155138828,-8.39209910590282,-47.0379574169383));
#13783=CARTESIAN_POINT('Ctrl Pts',(21.1512607253683,-8.39651314871233,-47.0378986750474));
#13784=CARTESIAN_POINT('Ctrl Pts',(21.1083205128248,-8.41050670756874,-47.0378094020634));
#13785=CARTESIAN_POINT('Ctrl Pts',(21.0488093382566,-8.45146740047812,-47.0376856779405));
#13786=CARTESIAN_POINT('Ctrl Pts',(21.0153890542535,-8.50698021952195,-47.0376161969503));
#13787=CARTESIAN_POINT('Ctrl Pts',(21.0040010105441,-8.54974791799328,-47.0375925211325));
#13788=CARTESIAN_POINT('Ctrl Pts',(21.0006563638043,-8.5709347480858,-47.0375855675899));
#13789=CARTESIAN_POINT('Ctrl Pts',(20.9999983532211,-8.58468700595764,-47.0375841995815));
#13790=CARTESIAN_POINT('Ctrl Pts',(20.9999983532211,-8.59142135625526,-47.0375841995815));
#13791=CARTESIAN_POINT('Ctrl Pts',(20.9999983532211,-8.59142135625526,-47.0375841995815));
#13792=CARTESIAN_POINT('Ctrl Pts',(20.9999818614864,-8.59142352503012,-47.0455167068569));
#13793=CARTESIAN_POINT('Ctrl Pts',(20.9995495808555,-8.5910405457906,-47.0667957800795));
#13794=CARTESIAN_POINT('Ctrl Pts',(20.9970645103007,-8.58864311578006,-47.1060355853571));
#13795=CARTESIAN_POINT('Ctrl Pts',(20.9888304942995,-8.58055891881257,-47.1755798405164));
#13796=CARTESIAN_POINT('Ctrl Pts',(20.937253395752,-8.52939385087228,-47.3837136468122));
#13797=CARTESIAN_POINT('Ctrl Pts',(20.7587361400553,-8.35132331515375,-47.6248186744803));
#13798=CARTESIAN_POINT('Ctrl Pts',(20.5351882343979,-8.12812976929649,-47.7468128975488));
#13799=CARTESIAN_POINT('Ctrl Pts',(20.3807484246722,-7.97392467578422,-47.7863445371315));
#13800=CARTESIAN_POINT('Ctrl Pts',(20.305974739733,-7.89927234824711,-47.7953487839033));
#13801=CARTESIAN_POINT('Ctrl Pts',(20.2783732924284,-7.87171883105292,-47.7971573262771));
#13802=CARTESIAN_POINT('Ctrl Pts',(20.2597669665275,-7.85314686844927,-47.7976890436183));
#13803=CARTESIAN_POINT('Ctrl Pts',(20.9999983532211,-8.59142135625526,-47.0375841995837));
#13804=CARTESIAN_POINT('Ctrl Pts',(20.9999994100065,-8.59142135625526,-47.0370758869138));
#13805=CARTESIAN_POINT('Ctrl Pts',(21.,-8.59142135625526,-47.0364793561347));
#13806=CARTESIAN_POINT('Ctrl Pts',(21.,-8.59142135625526,-47.0359999999958));
#13807=CARTESIAN_POINT('Ctrl Pts',(20.9999983532211,-8.56448395506478,-47.0375841995837));
#13808=CARTESIAN_POINT('Ctrl Pts',(20.9999994100065,-8.56448395506478,-47.0370758869138));
#13809=CARTESIAN_POINT('Ctrl Pts',(21.,-8.56448395506478,-47.0364793561347));
#13810=CARTESIAN_POINT('Ctrl Pts',(21.,-8.56448395506478,-47.0359999999958));
#13811=CARTESIAN_POINT('Ctrl Pts',(21.0099817237943,-8.51296327594984,-47.0376049550768));
#13812=CARTESIAN_POINT('Ctrl Pts',(21.0099827975511,-8.51296327594984,-47.0370868231493));
#13813=CARTESIAN_POINT('Ctrl Pts',(21.0099833898061,-8.51296327594984,-47.0364844696414));
#13814=CARTESIAN_POINT('Ctrl Pts',(21.0099833921486,-8.51296327594984,-47.0359999999958));
#13815=CARTESIAN_POINT('Ctrl Pts',(21.0600640749266,-8.44014984755056,-47.0377090766139));
#13816=CARTESIAN_POINT('Ctrl Pts',(21.0600652169323,-8.44014984755056,-47.0371587572186));
#13817=CARTESIAN_POINT('Ctrl Pts',(21.0600658500785,-8.44014984755056,-47.0365164263806));
#13818=CARTESIAN_POINT('Ctrl Pts',(21.0600658515155,-8.44014984755056,-47.0359999999955));
#13819=CARTESIAN_POINT('Ctrl Pts',(21.1294222838565,-8.39845674276754,-47.037853272786));
#13820=CARTESIAN_POINT('Ctrl Pts',(21.1294235209012,-8.39845674276754,-47.0372578494784));
#13821=CARTESIAN_POINT('Ctrl Pts',(21.1294242097632,-8.39845674276754,-47.036560487736));
#13822=CARTESIAN_POINT('Ctrl Pts',(21.1294242103375,-8.39845674276754,-47.0359999999951));
#13823=CARTESIAN_POINT('Ctrl Pts',(21.1797949137821,-8.39142135623731,-47.0379579978146));
#13824=CARTESIAN_POINT('Ctrl Pts',(21.1797962211712,-8.39142135623731,-47.0373284823138));
#13825=CARTESIAN_POINT('Ctrl Pts',(21.1797969481877,-8.39142135623731,-47.0365919951893));
#13826=CARTESIAN_POINT('Ctrl Pts',(21.1797969491251,-8.39142135623731,-47.0359999999948));
#13827=CARTESIAN_POINT('Ctrl Pts',(21.1999979210136,-8.39142135623731,-47.0379999999994));
#13828=CARTESIAN_POINT('Ctrl Pts',(21.1999992551705,-8.39142135623731,-47.0373582719306));
#13829=CARTESIAN_POINT('Ctrl Pts',(21.200000000018,-8.39142135623731,-47.0366051713932));
#13830=CARTESIAN_POINT('Ctrl Pts',(21.200000000018,-8.39142135623731,-47.0359999999947));
#13831=CARTESIAN_POINT('',(21.200000000018,-8.39142135623731,-47.0360000000461));
#13832=CARTESIAN_POINT('',(21.,-8.59142135625526,-47.0360000000368));
#13833=CARTESIAN_POINT('Ctrl Pts',(21.200000000018,-8.39142135623731,-47.0359999999947));
#13834=CARTESIAN_POINT('Ctrl Pts',(21.1797969491251,-8.39142135623731,-47.0359999999948));
#13835=CARTESIAN_POINT('Ctrl Pts',(21.1294242103375,-8.39845674276754,-47.0359999999951));
#13836=CARTESIAN_POINT('Ctrl Pts',(21.0600658515155,-8.44014984755056,-47.0359999999955));
#13837=CARTESIAN_POINT('Ctrl Pts',(21.0099833921486,-8.51296327594984,-47.0359999999958));
#13838=CARTESIAN_POINT('Ctrl Pts',(21.,-8.56448395506478,-47.0359999999958));
#13839=CARTESIAN_POINT('Ctrl Pts',(21.,-8.59142135625526,-47.0359999999958));
#13840=CARTESIAN_POINT('',(21.,-8.59142135625526,-47.0360000000416));
#13841=CARTESIAN_POINT('',(21.1999979210137,-8.39142135623731,-47.0379999999844));
#13842=CARTESIAN_POINT('Ctrl Pts',(21.,-8.59142135625526,-47.0360000000446));
#13843=CARTESIAN_POINT('Ctrl Pts',(21.,-8.59142135625526,-44.7103999999911));
#13844=CARTESIAN_POINT('Ctrl Pts',(21.,-8.56448395506478,-47.0360000000446));
#13845=CARTESIAN_POINT('Ctrl Pts',(21.,-8.56448395506478,-44.7103999999911));
#13846=CARTESIAN_POINT('Ctrl Pts',(21.0099833920139,-8.51296327635388,-47.0360000000446));
#13847=CARTESIAN_POINT('Ctrl Pts',(21.0099833920139,-8.51296327635388,-44.7103999999911));
#13848=CARTESIAN_POINT('Ctrl Pts',(21.0600658514728,-8.44014984783175,-47.0360000000446));
#13849=CARTESIAN_POINT('Ctrl Pts',(21.0600658514728,-8.44014984783175,-44.7103999999911));
#13850=CARTESIAN_POINT('Ctrl Pts',(21.129424210373,-8.39845674318672,-47.0360000000446));
#13851=CARTESIAN_POINT('Ctrl Pts',(21.129424210373,-8.39845674318672,-44.7103999999911));
#13852=CARTESIAN_POINT('Ctrl Pts',(21.1797969491251,-8.39142135623731,-47.0360000000446));
#13853=CARTESIAN_POINT('Ctrl Pts',(21.1797969491251,-8.39142135623731,-44.7103999999911));
#13854=CARTESIAN_POINT('Ctrl Pts',(21.200000000018,-8.39142135623731,-47.0360000000446));
#13855=CARTESIAN_POINT('Ctrl Pts',(21.200000000018,-8.39142135623731,-44.7103999999911));
#13856=CARTESIAN_POINT('',(21.,-8.59142135625526,-45.098));
#13857=CARTESIAN_POINT('',(21.200000000018,-8.39142135623731,-45.098));
#13858=CARTESIAN_POINT('Ctrl Pts',(21.200000000018,-8.39142135623731,-45.0980000000002));
#13859=CARTESIAN_POINT('Ctrl Pts',(21.1797969491251,-8.39142135623731,-45.0980000000002));
#13860=CARTESIAN_POINT('Ctrl Pts',(21.1294242103729,-8.39845674318672,-45.0980000000002));
#13861=CARTESIAN_POINT('Ctrl Pts',(21.0600658514729,-8.44014984783175,-45.0980000000002));
#13862=CARTESIAN_POINT('Ctrl Pts',(21.0099833920138,-8.51296327635387,-45.0980000000002));
#13863=CARTESIAN_POINT('Ctrl Pts',(21.,-8.56448395506478,-45.0980000000002));
#13864=CARTESIAN_POINT('Ctrl Pts',(21.,-8.59142135625526,-45.0980000000002));
#13865=CARTESIAN_POINT('',(21.,-8.59142135625526,-45.098));
#13866=CARTESIAN_POINT('',(21.200000000018,-8.39142135623731,-47.0360000000446));
#13867=CARTESIAN_POINT('Origin',(20.238,8.48000000000002,-47.036));
#13868=CARTESIAN_POINT('',(21.,-16.7457864376269,-47.036));
#13869=CARTESIAN_POINT('',(21.,8.48000000000002,-47.036));
#13870=CARTESIAN_POINT('',(20.238,-16.7457864376269,-47.798));
#13871=CARTESIAN_POINT('Origin',(20.238,-16.7457864376269,-47.036));
#13872=CARTESIAN_POINT('',(20.238,8.48000000000002,-47.798));
#13873=CARTESIAN_POINT('Origin',(21.,16.96,11.638));
#13874=CARTESIAN_POINT('',(21.,-8.39142135623731,-45.098));
#13875=CARTESIAN_POINT('',(21.,12.5342893218814,-45.098));
#13876=CARTESIAN_POINT('',(21.,-8.39142135623731,-38.5108));
#13877=CARTESIAN_POINT('',(21.,-8.3914213562373,-16.73));
#13878=CARTESIAN_POINT('',(21.,-16.7457864376269,-38.5108));
#13879=CARTESIAN_POINT('',(21.,16.96,-38.5108));
#13880=CARTESIAN_POINT('',(21.,-16.7457864376269,11.638));
#13881=CARTESIAN_POINT('Ctrl Pts',(20.2597870046515,7.57032415709232,-47.7976884707204));
#13882=CARTESIAN_POINT('Ctrl Pts',(20.2576587468394,7.56819982967378,-47.7977493464781));
#13883=CARTESIAN_POINT('Ctrl Pts',(20.240128813716,7.55070331546917,-47.798));
#13884=CARTESIAN_POINT('Ctrl Pts',(20.238,7.54857865637897,-47.798));
#13885=CARTESIAN_POINT('Ctrl Pts',(20.3264084897138,7.50363956170546,-47.7957828588321));
#13886=CARTESIAN_POINT('Ctrl Pts',(20.3242814465869,7.50152020485155,-47.7960300891486));
#13887=CARTESIAN_POINT('Ctrl Pts',(20.3067814911994,7.4840316907861,-47.798));
#13888=CARTESIAN_POINT('Ctrl Pts',(20.3046667446543,7.48191198550688,-47.798));
#13889=CARTESIAN_POINT('Ctrl Pts',(20.3930981135021,7.43694134016041,-47.7957831047745));
#13890=CARTESIAN_POINT('Ctrl Pts',(20.3909752497661,7.43481865088491,-47.7960302762461));
#13891=CARTESIAN_POINT('Ctrl Pts',(20.3734568815915,7.4173555240503,-47.798));
#13892=CARTESIAN_POINT('Ctrl Pts',(20.3713334893086,7.41524531463479,-47.798));
#13893=CARTESIAN_POINT('Ctrl Pts',(20.4597741128887,7.37031126612595,-47.7976892082459));
#13894=CARTESIAN_POINT('Ctrl Pts',(20.4576471269587,7.36818821019036,-47.7977499430469));
#13895=CARTESIAN_POINT('Ctrl Pts',(20.4401277305163,7.35070207315137,-47.798));
#13896=CARTESIAN_POINT('Ctrl Pts',(20.4380002339629,7.34857864376269,-47.798));
#13897=CARTESIAN_POINT('',(20.4380002339629,7.34857864376269,-47.798));
#13898=CARTESIAN_POINT('',(20.238,7.54857865637897,-47.798));
#13899=CARTESIAN_POINT('',(20.3380001169814,7.44857865007083,-47.798));
#13900=CARTESIAN_POINT('',(20.2597870046515,7.57032415709232,-47.7976884707204));
#13901=CARTESIAN_POINT('Ctrl Pts',(20.238,7.54857865637897,-47.798));
#13902=CARTESIAN_POINT('Ctrl Pts',(20.2380890447158,7.54866752731367,-47.798));
#13903=CARTESIAN_POINT('Ctrl Pts',(20.2381832185998,7.54876151749709,-47.7979996212968));
#13904=CARTESIAN_POINT('Ctrl Pts',(20.2382890114471,7.54886710328504,-47.7979990424238));
#13905=CARTESIAN_POINT('Ctrl Pts',(20.2383409532189,7.5489189433957,-47.7979987582109));
#13906=CARTESIAN_POINT('Ctrl Pts',(20.2383963172817,7.54897419898544,-47.797998415665));
#13907=CARTESIAN_POINT('Ctrl Pts',(20.2384589164422,7.54903667548616,-47.7979979861081));
#13908=CARTESIAN_POINT('Ctrl Pts',(20.2386689989142,7.54924634631234,-47.7979965445172));
#13909=CARTESIAN_POINT('Ctrl Pts',(20.238944928283,7.54952173376962,-47.7979942142597));
#13910=CARTESIAN_POINT('Ctrl Pts',(20.2393076915379,7.54988378746814,-47.7979906360604));
#13911=CARTESIAN_POINT('Ctrl Pts',(20.2397201599978,7.55029544914931,-47.7979865675823));
#13912=CARTESIAN_POINT('Ctrl Pts',(20.2402442945122,7.55081856180753,-47.7979808684998));
#13913=CARTESIAN_POINT('Ctrl Pts',(20.2408577357061,7.55143082048482,-47.7979736942359));
#13914=CARTESIAN_POINT('Ctrl Pts',(20.2415984504202,7.55217010734003,-47.797965031494));
#13915=CARTESIAN_POINT('Ctrl Pts',(20.2424662623412,7.55303626598166,-47.7979542544759));
#13916=CARTESIAN_POINT('Ctrl Pts',(20.2433734262702,7.55394172365509,-47.7979425265037));
#13917=CARTESIAN_POINT('Ctrl Pts',(20.2435020527725,7.55407010822795,-47.7979408635981));
#13918=CARTESIAN_POINT('Ctrl Pts',(20.2436314111447,7.55419922371765,-47.7979391826904));
#13919=CARTESIAN_POINT('Ctrl Pts',(20.2437612038175,7.5543287731362,-47.7979374880385));
#13920=CARTESIAN_POINT('Ctrl Pts',(20.2445862896897,7.55515231265216,-47.7979267152171));
#13921=CARTESIAN_POINT('Ctrl Pts',(20.2454280647655,7.55599249366587,-47.7979153966726));
#13922=CARTESIAN_POINT('Ctrl Pts',(20.2462382267326,7.5568011101009,-47.7979042803073));
#13923=CARTESIAN_POINT('Ctrl Pts',(20.2469491362225,7.55751066340092,-47.7978945258014));
#13924=CARTESIAN_POINT('Ctrl Pts',(20.2476346441052,7.55819486415877,-47.7978849470216));
#13925=CARTESIAN_POINT('Ctrl Pts',(20.2483025149695,7.55886146201682,-47.7978754803868));
#13926=CARTESIAN_POINT('Ctrl Pts',(20.248934372812,7.55949211549631,-47.7978665242132));
#13927=CARTESIAN_POINT('Ctrl Pts',(20.2495550357992,7.56011159589626,-47.7978576060439));
#13928=CARTESIAN_POINT('Ctrl Pts',(20.2501993395484,7.56075467251221,-47.797848215139));
#13929=CARTESIAN_POINT('Ctrl Pts',(20.2509219684571,7.56147592511051,-47.7978376826232));
#13930=CARTESIAN_POINT('Ctrl Pts',(20.2516731117707,7.56222563842699,-47.7978265681488));
#13931=CARTESIAN_POINT('Ctrl Pts',(20.2524429028099,7.5629939648519,-47.7978149494142));
#13932=CARTESIAN_POINT('Ctrl Pts',(20.2534106800991,7.5639599008355,-47.7978003424014));
#13933=CARTESIAN_POINT('Ctrl Pts',(20.2544027184738,7.56495005316301,-47.7977850027426));
#13934=CARTESIAN_POINT('Ctrl Pts',(20.2553215296673,7.56586711956572,-47.7977702877474));
#13935=CARTESIAN_POINT('Ctrl Pts',(20.2560758379264,7.56661999541941,-47.7977582073086));
#13936=CARTESIAN_POINT('Ctrl Pts',(20.2567762939384,7.56731912279747,-47.7977466144424));
#13937=CARTESIAN_POINT('Ctrl Pts',(20.2573706125908,7.56791231587542,-47.797736354801));
#13938=CARTESIAN_POINT('Ctrl Pts',(20.2578156776267,7.56835653800685,-47.7977286717043));
#13939=CARTESIAN_POINT('Ctrl Pts',(20.2582009916697,7.56874112344328,-47.7977217432621));
#13940=CARTESIAN_POINT('Ctrl Pts',(20.2585186306066,7.56905816283768,-47.7977157672836));
#13941=CARTESIAN_POINT('Ctrl Pts',(20.2588518770324,7.56939078026201,-47.7977094976698));
#13942=CARTESIAN_POINT('Ctrl Pts',(20.2591097561255,7.56964817403056,-47.7977043026296));
#13943=CARTESIAN_POINT('Ctrl Pts',(20.2593094631567,7.56984750643816,-47.7976999857027));
#13944=CARTESIAN_POINT('Ctrl Pts',(20.2594404041489,7.56997820180271,-47.797697155243));
#13945=CARTESIAN_POINT('Ctrl Pts',(20.2595420290242,7.5700796366178,-47.7976948203322));
#13946=CARTESIAN_POINT('Ctrl Pts',(20.2596393031064,7.57017672958346,-47.7976923917055));
#13947=CARTESIAN_POINT('Ctrl Pts',(20.2596903883564,7.5702277197168,-47.7976911162682));
#13948=CARTESIAN_POINT('Ctrl Pts',(20.2597398145016,7.57027705409153,-47.7976898205269));
#13949=CARTESIAN_POINT('Ctrl Pts',(20.2597870046515,7.57032415709232,-47.7976884707204));
#13950=CARTESIAN_POINT('',(20.4597741128887,7.37031126612595,-47.7976892082459));
#13951=CARTESIAN_POINT('Origin',(20.4597740851628,7.5703241293624,-54.7893715859349));
#13952=CARTESIAN_POINT('Ctrl Pts',(20.4597741128887,7.37031126612595,-47.7976892082459));
#13953=CARTESIAN_POINT('Ctrl Pts',(20.4596851264591,7.37022244411505,-47.7976917491998));
#13954=CARTESIAN_POINT('Ctrl Pts',(20.4595910061456,7.37012849904953,-47.7976940585894));
#13955=CARTESIAN_POINT('Ctrl Pts',(20.4594852679285,7.37002295825376,-47.7976964998395));
#13956=CARTESIAN_POINT('Ctrl Pts',(20.4594333560062,7.36997114325497,-47.7976976983654));
#13957=CARTESIAN_POINT('Ctrl Pts',(20.4593780224198,7.36991591312054,-47.7976989363502));
#13958=CARTESIAN_POINT('Ctrl Pts',(20.4593154556935,7.36985346351817,-47.797700293987));
#13959=CARTESIAN_POINT('Ctrl Pts',(20.4590860447804,7.36962448205867,-47.7977052719794));
#13960=CARTESIAN_POINT('Ctrl Pts',(20.4587773017832,7.36931631887126,-47.7977114484804));
#13961=CARTESIAN_POINT('Ctrl Pts',(20.4583642249587,7.36890401994082,-47.7977190931129));
#13962=CARTESIAN_POINT('Ctrl Pts',(20.4579454372018,7.36848602083265,-47.7977268434351));
#13963=CARTESIAN_POINT('Ctrl Pts',(20.457421025403,7.36796259830515,-47.7977360540938));
#13964=CARTESIAN_POINT('Ctrl Pts',(20.4568146106151,7.36735732903116,-47.7977462409789));
#13965=CARTESIAN_POINT('Ctrl Pts',(20.4560612351916,7.3666053767293,-47.7977588965887));
#13966=CARTESIAN_POINT('Ctrl Pts',(20.4551833781976,7.36572918006368,-47.7977730233382));
#13967=CARTESIAN_POINT('Ctrl Pts',(20.4542712355217,7.36481876393703,-47.7977872498385));
#13968=CARTESIAN_POINT('Ctrl Pts',(20.4534228575816,7.36397199184903,-47.7978004818135));
#13969=CARTESIAN_POINT('Ctrl Pts',(20.4525502798599,7.36310106688659,-47.7978137274734));
#13970=CARTESIAN_POINT('Ctrl Pts',(20.4517085808928,7.36226096284206,-47.7978262597414));
#13971=CARTESIAN_POINT('Ctrl Pts',(20.4510416096568,7.36159525543979,-47.7978361904441));
#13972=CARTESIAN_POINT('Ctrl Pts',(20.4503958317418,7.36095070161314,-47.7978456507779));
#13973=CARTESIAN_POINT('Ctrl Pts',(20.4497678769391,7.3603239373978,-47.7978547302807));
#13974=CARTESIAN_POINT('Ctrl Pts',(20.4491160203259,7.35967331668928,-47.7978641553761));
#13975=CARTESIAN_POINT('Ctrl Pts',(20.4484821744943,7.35904067292158,-47.7978731913084));
#13976=CARTESIAN_POINT('Ctrl Pts',(20.4478276624408,7.35838740240387,-47.7978823871016));
#13977=CARTESIAN_POINT('Ctrl Pts',(20.4471299889234,7.35769105229462,-47.7978921893068));
#13978=CARTESIAN_POINT('Ctrl Pts',(20.4464058347253,7.35696827205702,-47.7979022101086));
#13979=CARTESIAN_POINT('Ctrl Pts',(20.4456612116492,7.35622506214087,-47.7979123073578));
#13980=CARTESIAN_POINT('Ctrl Pts',(20.4447391026426,7.3553047031305,-47.7979248113544));
#13981=CARTESIAN_POINT('Ctrl Pts',(20.4437859804721,7.3543533903765,-47.7979374162243));
#13982=CARTESIAN_POINT('Ctrl Pts',(20.442885205028,7.35345432558999,-47.7979488827151));
#13983=CARTESIAN_POINT('Ctrl Pts',(20.442076564778,7.35264722102407,-47.7979591763638));
#13984=CARTESIAN_POINT('Ctrl Pts',(20.441313813085,7.35188593140797,-47.7979684973688));
#13985=CARTESIAN_POINT('Ctrl Pts',(20.4406617761863,7.35123513912361,-47.7979760122245));
#13986=CARTESIAN_POINT('Ctrl Pts',(20.4401115022868,7.3506859155922,-47.7979823542413));
#13987=CARTESIAN_POINT('Ctrl Pts',(20.4396411347498,7.35021643782064,-47.797987398769));
#13988=CARTESIAN_POINT('Ctrl Pts',(20.439266055439,7.3498420669614,-47.7979910608231));
#13989=CARTESIAN_POINT('Ctrl Pts',(20.4389335893073,7.34951022879323,-47.797994306827));
#13990=CARTESIAN_POINT('Ctrl Pts',(20.4386762927387,7.34925341741663,-47.7979964770854));
#13991=CARTESIAN_POINT('Ctrl Pts',(20.4384769832599,7.34905448565287,-47.7979978657155));
#13992=CARTESIAN_POINT('Ctrl Pts',(20.438346193158,7.34892394341381,-47.7979987769569));
#13993=CARTESIAN_POINT('Ctrl Pts',(20.4382446702055,7.34882261355973,-47.79799934654));
#13994=CARTESIAN_POINT('Ctrl Pts',(20.4381474763971,7.34872560507408,-47.797999698506));
#13995=CARTESIAN_POINT('Ctrl Pts',(20.4380965577182,7.3486747834835,-47.7979998828968));
#13996=CARTESIAN_POINT('Ctrl Pts',(20.4380472856149,7.34862560546541,-47.798));
#13997=CARTESIAN_POINT('Ctrl Pts',(20.4380002339629,7.34857864376269,-47.798));
#13998=CARTESIAN_POINT('Ctrl Pts',(21.,8.30857864378064,-45.0979999999997));
#13999=CARTESIAN_POINT('Ctrl Pts',(21.,8.30857864378064,-47.4235999999959));
#14000=CARTESIAN_POINT('Ctrl Pts',(21.,8.28164124259016,-45.0979999999997));
#14001=CARTESIAN_POINT('Ctrl Pts',(21.,8.28164124259016,-47.4235999999959));
#14002=CARTESIAN_POINT('Ctrl Pts',(21.0099833728752,8.2301206212525,-45.0979999999997));
#14003=CARTESIAN_POINT('Ctrl Pts',(21.0099833728752,8.2301206212525,-47.4235999999959));
#14004=CARTESIAN_POINT('Ctrl Pts',(21.0600658454191,8.15730717528567,-45.0979999999997));
#14005=CARTESIAN_POINT('Ctrl Pts',(21.0600658454191,8.15730717528567,-47.4235999999959));
#14006=CARTESIAN_POINT('Ctrl Pts',(21.1294242154124,8.11561409024319,-45.0979999999997));
#14007=CARTESIAN_POINT('Ctrl Pts',(21.1294242154124,8.11561409024319,-47.4235999999959));
#14008=CARTESIAN_POINT('Ctrl Pts',(21.1797969491251,8.10857864376269,-45.0979999999997));
#14009=CARTESIAN_POINT('Ctrl Pts',(21.1797969491251,8.10857864376269,-47.4235999999959));
#14010=CARTESIAN_POINT('Ctrl Pts',(21.200000000018,8.10857864376269,-45.0979999999997));
#14011=CARTESIAN_POINT('Ctrl Pts',(21.200000000018,8.10857864376269,-47.4235999999959));
#14012=CARTESIAN_POINT('',(21.,8.30857864378064,-45.098));
#14013=CARTESIAN_POINT('',(21.200000000018,8.10857864376269,-45.098));
#14014=CARTESIAN_POINT('Ctrl Pts',(21.,8.30857864378064,-45.0979999999999));
#14015=CARTESIAN_POINT('Ctrl Pts',(21.,8.28164124259016,-45.0979999999999));
#14016=CARTESIAN_POINT('Ctrl Pts',(21.0099833728752,8.2301206212525,-45.0979999999997));
#14017=CARTESIAN_POINT('Ctrl Pts',(21.0600658454191,8.15730717528567,-45.098));
#14018=CARTESIAN_POINT('Ctrl Pts',(21.1294242154124,8.11561409024318,-45.0979999999999));
#14019=CARTESIAN_POINT('Ctrl Pts',(21.1797969491251,8.10857864376269,-45.0979999999999));
#14020=CARTESIAN_POINT('Ctrl Pts',(21.200000000018,8.10857864376269,-45.0979999999999));
#14021=CARTESIAN_POINT('',(21.200000000018,8.10857864376269,-47.0359999999905));
#14022=CARTESIAN_POINT('',(21.200000000018,8.10857864376269,-45.0979999999997));
#14023=CARTESIAN_POINT('',(21.,8.30857864378064,-47.0359999999974));
#14024=CARTESIAN_POINT('Ctrl Pts',(21.200000000018,8.10857864376269,-47.0359999999965));
#14025=CARTESIAN_POINT('Ctrl Pts',(21.1797969491251,8.10857864376269,-47.0359999999965));
#14026=CARTESIAN_POINT('Ctrl Pts',(21.1294242154124,8.11561409024319,-47.0359999999965));
#14027=CARTESIAN_POINT('Ctrl Pts',(21.0600658454191,8.15730717528567,-47.0359999999965));
#14028=CARTESIAN_POINT('Ctrl Pts',(21.0099833728752,8.2301206212525,-47.0359999999965));
#14029=CARTESIAN_POINT('Ctrl Pts',(21.,8.28164124259016,-47.0359999999965));
#14030=CARTESIAN_POINT('Ctrl Pts',(21.,8.30857864378064,-47.0359999999965));
#14031=CARTESIAN_POINT('',(21.,8.30857864378064,-47.0359999999965));
#14032=CARTESIAN_POINT('Ctrl Pts',(21.,8.30857864378064,-47.0359999999933));
#14033=CARTESIAN_POINT('Ctrl Pts',(21.,8.30857864378064,-47.0364793561149));
#14034=CARTESIAN_POINT('Ctrl Pts',(20.9999994100066,8.30857864378064,-47.0370758868675));
#14035=CARTESIAN_POINT('Ctrl Pts',(20.9999983532211,8.30857864378064,-47.0375841995789));
#14036=CARTESIAN_POINT('Ctrl Pts',(21.,8.28164124259016,-47.0359999999933));
#14037=CARTESIAN_POINT('Ctrl Pts',(21.,8.28164124259016,-47.0364793561149));
#14038=CARTESIAN_POINT('Ctrl Pts',(20.9999994100066,8.28164124259016,-47.0370758868676));
#14039=CARTESIAN_POINT('Ctrl Pts',(20.9999983532211,8.28164124259016,-47.0375841995789));
#14040=CARTESIAN_POINT('Ctrl Pts',(21.0099833730108,8.23012062084602,-47.0359999999933));
#14041=CARTESIAN_POINT('Ctrl Pts',(21.0099833706702,8.23012062084602,-47.0364844705377));
#14042=CARTESIAN_POINT('Ctrl Pts',(21.009982778411,8.23012062084602,-47.0370868255851));
#14043=CARTESIAN_POINT('Ctrl Pts',(21.0099817046566,8.23012062084602,-47.0376049550321));
#14044=CARTESIAN_POINT('Ctrl Pts',(21.060065845462,8.15730717500278,-47.0359999999928));
#14045=CARTESIAN_POINT('Ctrl Pts',(21.0600658440262,8.15730717500278,-47.0365164269586));
#14046=CARTESIAN_POINT('Ctrl Pts',(21.0600652108773,8.15730717500278,-47.0371587587908));
#14047=CARTESIAN_POINT('Ctrl Pts',(21.0600640688732,8.15730717500278,-47.0377090765961));
#14048=CARTESIAN_POINT('Ctrl Pts',(21.1294242153766,8.11561408982136,-47.0359999999922));
#14049=CARTESIAN_POINT('Ctrl Pts',(21.1294242148035,8.11561408982136,-47.0365604883735));
#14050=CARTESIAN_POINT('Ctrl Pts',(21.1294235259386,8.11561408982136,-47.0372578512106));
#14051=CARTESIAN_POINT('Ctrl Pts',(21.1294222888955,8.11561408982136,-47.0378532727908));
#14052=CARTESIAN_POINT('Ctrl Pts',(21.1797969491251,8.10857864376269,-47.0359999999918));
#14053=CARTESIAN_POINT('Ctrl Pts',(21.1797969481877,8.10857864376269,-47.0365919951648));
#14054=CARTESIAN_POINT('Ctrl Pts',(21.1797962211713,8.10857864376269,-47.0373284822549));
#14055=CARTESIAN_POINT('Ctrl Pts',(21.1797949137821,8.10857864376269,-47.0379579978087));
#14056=CARTESIAN_POINT('Ctrl Pts',(21.200000000018,8.10857864376269,-47.0359999999916));
#14057=CARTESIAN_POINT('Ctrl Pts',(21.200000000018,8.10857864376269,-47.0366051713681));
#14058=CARTESIAN_POINT('Ctrl Pts',(21.1999992551706,8.10857864376269,-47.0373582718722));
#14059=CARTESIAN_POINT('Ctrl Pts',(21.1999979210136,8.10857864376269,-47.0379999999933));
#14060=CARTESIAN_POINT('',(21.1999979210137,8.10857864376269,-47.0379999999909));
#14061=CARTESIAN_POINT('',(20.9999983532211,8.30857864378064,-47.0375841995789));
#14062=CARTESIAN_POINT('Ctrl Pts',(21.1999979210136,8.10857864376269,-47.0379999999933));
#14063=CARTESIAN_POINT('Ctrl Pts',(21.1797949137821,8.10857864376269,-47.0379579978087));
#14064=CARTESIAN_POINT('Ctrl Pts',(21.1294222888955,8.11561408982136,-47.0378532727908));
#14065=CARTESIAN_POINT('Ctrl Pts',(21.0600640688732,8.15730717500278,-47.0377090765961));
#14066=CARTESIAN_POINT('Ctrl Pts',(21.0099817046566,8.23012062084602,-47.0376049550321));
#14067=CARTESIAN_POINT('Ctrl Pts',(20.9999983532211,8.28164124259016,-47.0375841995789));
#14068=CARTESIAN_POINT('Ctrl Pts',(20.9999983532211,8.30857864378064,-47.0375841995789));
#14069=CARTESIAN_POINT('',(20.9999983532211,8.30857864378064,-47.0375841995789));
#14070=CARTESIAN_POINT('',(21.200000000018,8.10857864376269,-47.0359999999916));
#14071=CARTESIAN_POINT('Ctrl Pts',(20.4597741128887,7.37031126612595,-47.7976892082459));
#14072=CARTESIAN_POINT('Ctrl Pts',(20.4783714033568,7.38887419470807,-47.7971581738275));
#14073=CARTESIAN_POINT('Ctrl Pts',(20.5059556883577,7.41641056386418,-47.7953530426439));
#14074=CARTESIAN_POINT('Ctrl Pts',(20.5807166376759,7.49105015320129,-47.7863601339125));
#14075=CARTESIAN_POINT('Ctrl Pts',(20.7351238967816,7.6452227336694,-47.7468673352268));
#14076=CARTESIAN_POINT('Ctrl Pts',(20.9586636937818,7.86840821070197,-47.6249494442969));
#14077=CARTESIAN_POINT('Ctrl Pts',(21.1371884891604,8.04648637651416,-47.3839525416285));
#14078=CARTESIAN_POINT('Ctrl Pts',(21.1887983606783,8.09768436495652,-47.1759208001652));
#14079=CARTESIAN_POINT('Ctrl Pts',(21.1970470291847,8.10578327957279,-47.1064133791811));
#14080=CARTESIAN_POINT('Ctrl Pts',(21.1995414369567,8.108190087684,-47.0671950366672));
#14081=CARTESIAN_POINT('Ctrl Pts',(21.1999792699864,8.1085786437627,-47.045927970658));
#14082=CARTESIAN_POINT('Ctrl Pts',(21.1999979210136,8.10857864376269,-47.0379999999996));
#14083=CARTESIAN_POINT('Ctrl Pts',(20.455011541504,7.37507055712841,-47.7975530579979));
#14084=CARTESIAN_POINT('Ctrl Pts',(20.4736084119089,7.39362847276341,-47.7968841598603));
#14085=CARTESIAN_POINT('Ctrl Pts',(20.5011839232738,7.42114581394111,-47.7949314908104));
#14086=CARTESIAN_POINT('Ctrl Pts',(20.5759231350571,7.49570727820541,-47.7854480960446));
#14087=CARTESIAN_POINT('Ctrl Pts',(20.7301965863775,7.64950679873193,-47.7450697344378));
#14088=CARTESIAN_POINT('Ctrl Pts',(20.9533622372037,7.87158262993032,-47.621964354294));
#14089=CARTESIAN_POINT('Ctrl Pts',(21.1310102736062,8.04759946274415,-47.3811548521665));
#14090=CARTESIAN_POINT('Ctrl Pts',(21.1821471985303,8.09785326782032,-47.1747099027702));
#14091=CARTESIAN_POINT('Ctrl Pts',(21.1903452589487,8.1058454433378,-47.1057813582532));
#14092=CARTESIAN_POINT('Ctrl Pts',(21.1928068606324,8.10819019315739,-47.06691733214));
#14093=CARTESIAN_POINT('Ctrl Pts',(21.1932478798656,8.10858362487719,-47.0458248999157));
#14094=CARTESIAN_POINT('Ctrl Pts',(21.1932635852698,8.10857864376269,-47.0379859992713));
#14095=CARTESIAN_POINT('Ctrl Pts',(20.4454862596541,7.38458983434751,-47.7973001971808));
#14096=CARTESIAN_POINT('Ctrl Pts',(20.4640810858641,7.40313917494104,-47.7963893108191));
#14097=CARTESIAN_POINT('Ctrl Pts',(20.4916404745667,7.43062302235891,-47.7941480100122));
#14098=CARTESIAN_POINT('Ctrl Pts',(20.5663297968519,7.50504779209709,-47.7837671554056));
#14099=CARTESIAN_POINT('Ctrl Pts',(20.7203135229849,7.65817498326867,-47.7417232793046));
#14100=CARTESIAN_POINT('Ctrl Pts',(20.9426875037261,7.87829547215239,-47.6163476621134));
#14101=CARTESIAN_POINT('Ctrl Pts',(21.1184312342269,8.0504140054337,-47.3757713607051));
#14102=CARTESIAN_POINT('Ctrl Pts',(21.1685891046967,8.09887131484244,-47.1723641319492));
#14103=CARTESIAN_POINT('Ctrl Pts',(21.1766599521601,8.10663675536579,-47.1045657725655));
#14104=CARTESIAN_POINT('Ctrl Pts',(21.1790624388272,8.10887260988768,-47.0663811769813));
#14105=CARTESIAN_POINT('Ctrl Pts',(21.1795030619531,8.10926782660603,-47.0456372764746));
#14106=CARTESIAN_POINT('Ctrl Pts',(21.1795155126197,8.10925639425975,-47.0379574169379));
#14107=CARTESIAN_POINT('Ctrl Pts',(20.4264353780155,7.40363093157661,-47.7968722464191));
#14108=CARTESIAN_POINT('Ctrl Pts',(20.4450276133577,7.42217182065258,-47.7955371150962));
#14109=CARTESIAN_POINT('Ctrl Pts',(20.4725476102339,7.44959483803257,-47.7928224722789));
#14110=CARTESIAN_POINT('Ctrl Pts',(20.547135122453,7.52382972336611,-47.7809027352989));
#14111=CARTESIAN_POINT('Ctrl Pts',(20.7004963197875,7.67591553950532,-47.7360244110044));
#14112=CARTESIAN_POINT('Ctrl Pts',(20.921150913043,7.89305787048351,-47.606607886124));
#14113=CARTESIAN_POINT('Ctrl Pts',(21.0927773686404,8.05867254293787,-47.3660470351921));
#14114=CARTESIAN_POINT('Ctrl Pts',(21.1407337170331,8.10387116183383,-47.168077521259));
#14115=CARTESIAN_POINT('Ctrl Pts',(21.1485532861581,8.11126594299632,-47.1023337118386));
#14116=CARTESIAN_POINT('Ctrl Pts',(21.1508093530167,8.11328783303601,-47.065389863849));
#14117=CARTESIAN_POINT('Ctrl Pts',(21.1512599303531,8.11369857037123,-47.0452742979237));
#14118=CARTESIAN_POINT('Ctrl Pts',(21.1512607229322,8.11367043808396,-47.0378986750445));
#14119=CARTESIAN_POINT('Ctrl Pts',(20.3978588766894,7.43219776286603,-47.7964053302375));
#14120=CARTESIAN_POINT('Ctrl Pts',(20.4164468604295,7.45073794506731,-47.7946217048567));
#14121=CARTESIAN_POINT('Ctrl Pts',(20.4439067026682,7.47809767651414,-47.7913739990571));
#14122=CARTESIAN_POINT('Ctrl Pts',(20.5183372105338,7.55219774774815,-47.777786959089));
#14123=CARTESIAN_POINT('Ctrl Pts',(20.6707321869098,7.70335186017459,-47.7297561153772));
#14124=CARTESIAN_POINT('Ctrl Pts',(20.8887485762855,7.91801795798472,-47.5956551816758));
#14125=CARTESIAN_POINT('Ctrl Pts',(21.0539276422799,8.07701180495029,-47.3544546651188));
#14126=CARTESIAN_POINT('Ctrl Pts',(21.0984320369351,8.11853549865774,-47.1628646890874));
#14127=CARTESIAN_POINT('Ctrl Pts',(21.1058422437545,8.12550232915924,-47.0996257637822));
#14128=CARTESIAN_POINT('Ctrl Pts',(21.1078745893555,8.1272849637005,-47.0641693583134));
#14129=CARTESIAN_POINT('Ctrl Pts',(21.1083360083372,8.12770969965281,-47.0448304912815));
#14130=CARTESIAN_POINT('Ctrl Pts',(21.1083205093746,8.12766399793863,-47.0378094020583));
#14131=CARTESIAN_POINT('Ctrl Pts',(20.354996360043,7.4750582930975,-47.7961425697396));
#14132=CARTESIAN_POINT('Ctrl Pts',(20.3735793213058,7.49360840141351,-47.7941147369966));
#14133=CARTESIAN_POINT('Ctrl Pts',(20.4009702207099,7.52095837293955,-47.790556110319));
#14134=CARTESIAN_POINT('Ctrl Pts',(20.4752148043022,7.59510659485389,-47.7760378788028));
#14135=CARTESIAN_POINT('Ctrl Pts',(20.6264808968604,7.74626284681605,-47.7261844900061));
#14136=CARTESIAN_POINT('Ctrl Pts',(20.8413915735528,7.96118714944573,-47.5892628866407));
#14137=CARTESIAN_POINT('Ctrl Pts',(20.9991059442764,8.11919566037949,-47.3471674511144));
#14138=CARTESIAN_POINT('Ctrl Pts',(21.0396535025733,8.15969713548212,-47.1594728912234));
#14139=CARTESIAN_POINT('Ctrl Pts',(21.0465944305419,8.16653390571563,-47.0978417454289));
#14140=CARTESIAN_POINT('Ctrl Pts',(21.0483699826769,8.16824977877353,-47.0633221616899));
#14141=CARTESIAN_POINT('Ctrl Pts',(21.048843704925,8.16867457966934,-47.0444883893568));
#14142=CARTESIAN_POINT('Ctrl Pts',(21.0488093378346,8.16862469223277,-47.0376856779416));
#14143=CARTESIAN_POINT('Ctrl Pts',(20.3169041348979,7.51316433271289,-47.7964536631175));
#14144=CARTESIAN_POINT('Ctrl Pts',(20.3354817627557,7.53172333912304,-47.7947086228526));
#14145=CARTESIAN_POINT('Ctrl Pts',(20.3628984079364,7.55914928672299,-47.7915232849371));
#14146=CARTESIAN_POINT('Ctrl Pts',(20.4371295838237,7.63349592010062,-47.778096111828));
#14147=CARTESIAN_POINT('Ctrl Pts',(20.5885785137581,7.78583191412446,-47.7303905020892));
#14148=CARTESIAN_POINT('Ctrl Pts',(20.8036829545348,8.00393664557592,-47.5967845089986));
#14149=CARTESIAN_POINT('Ctrl Pts',(20.9636515442824,8.16977660861709,-47.3557129619172));
#14150=CARTESIAN_POINT('Ctrl Pts',(21.0059085971325,8.21444255615825,-47.1633313189779));
#14151=CARTESIAN_POINT('Ctrl Pts',(21.0130655339954,8.22178109234942,-47.0997637904928));
#14152=CARTESIAN_POINT('Ctrl Pts',(21.0149459648461,8.22375757092194,-47.0641204510967));
#14153=CARTESIAN_POINT('Ctrl Pts',(21.0154179214799,8.22417052588171,-47.0446752413572));
#14154=CARTESIAN_POINT('Ctrl Pts',(21.0153890542555,8.22413750779043,-47.0376161969524));
#14155=CARTESIAN_POINT('Ctrl Pts',(20.2883427143433,7.54174445855356,-47.7969787075181));
#14156=CARTESIAN_POINT('Ctrl Pts',(20.3069272169404,7.56031013909776,-47.7957474970821));
#14157=CARTESIAN_POINT('Ctrl Pts',(20.3344213839004,7.58779996393998,-47.7931499892901));
#14158=CARTESIAN_POINT('Ctrl Pts',(20.4088413165446,7.66230761533949,-47.781603608639));
#14159=CARTESIAN_POINT('Ctrl Pts',(20.5614405787156,7.81560580000825,-47.7374050740414));
#14160=CARTESIAN_POINT('Ctrl Pts',(20.7796898333734,8.03633623613077,-47.6089421854942));
#14161=CARTESIAN_POINT('Ctrl Pts',(20.9473833263428,8.20853309649734,-47.3682957690777));
#14162=CARTESIAN_POINT('Ctrl Pts',(20.9937785812404,8.25660114425435,-47.1688860134435));
#14163=CARTESIAN_POINT('Ctrl Pts',(21.0014041916246,8.26432722162274,-47.1025993185359));
#14164=CARTESIAN_POINT('Ctrl Pts',(21.003557160875,8.26652527968754,-47.0653290689186));
#14165=CARTESIAN_POINT('Ctrl Pts',(21.0040087776116,8.26692170858265,-47.0450463226454));
#14166=CARTESIAN_POINT('Ctrl Pts',(21.0040010133332,8.26690520580685,-47.0375925211404));
#14167=CARTESIAN_POINT('Ctrl Pts',(20.2740637322815,7.556034461838,-47.7972995646635));
#14168=CARTESIAN_POINT('Ctrl Pts',(20.2926559231694,7.57460334771346,-47.7963891232641));
#14169=CARTESIAN_POINT('Ctrl Pts',(20.3201976791819,7.60212488608668,-47.7941432785097));
#14170=CARTESIAN_POINT('Ctrl Pts',(20.3947627365213,7.67671146414388,-47.7837518623733));
#14171=CARTESIAN_POINT('Ctrl Pts',(20.5481440377303,7.83047934157252,-47.7416704983759));
#14172=CARTESIAN_POINT('Ctrl Pts',(20.768627106673,8.05250335435331,-47.6162232430946));
#14173=CARTESIAN_POINT('Ctrl Pts',(20.9411683505782,8.2277793795138,-47.3755457391829));
#14174=CARTESIAN_POINT('Ctrl Pts',(20.9900006849823,8.27749818449399,-47.1720527593133));
#14175=CARTESIAN_POINT('Ctrl Pts',(20.9978980009272,8.28540519641648,-47.1042255480339));
#14176=CARTESIAN_POINT('Ctrl Pts',(21.0002128535059,8.28771345889999,-47.0660229764157));
#14177=CARTESIAN_POINT('Ctrl Pts',(21.0006510415845,8.28809966526602,-47.0452704181266));
#14178=CARTESIAN_POINT('Ctrl Pts',(21.0006563654208,8.28809203581529,-47.0375855675954));
#14179=CARTESIAN_POINT('Ctrl Pts',(20.264545682156,7.56556097170755,-47.7975523555855));
#14180=CARTESIAN_POINT('Ctrl Pts',(20.2831473752571,7.58413289477872,-47.7968823495233));
#14181=CARTESIAN_POINT('Ctrl Pts',(20.3107236232977,7.61167146636922,-47.7949263141132));
#14182=CARTESIAN_POINT('Ctrl Pts',(20.3854274824804,7.68631028999831,-47.785429518346));
#14183=CARTESIAN_POINT('Ctrl Pts',(20.5394837364949,7.84037071748666,-47.7450113724402));
#14184=CARTESIAN_POINT('Ctrl Pts',(20.7619200523304,8.06318676475801,-47.6218299419118));
#14185=CARTESIAN_POINT('Ctrl Pts',(20.9383689026795,8.24037159065817,-47.3809170680108));
#14186=CARTESIAN_POINT('Ctrl Pts',(20.9890000122803,8.29106346664172,-47.174377211885));
#14187=CARTESIAN_POINT('Ctrl Pts',(20.9971268099144,8.29909759244635,-47.1054146356137));
#14188=CARTESIAN_POINT('Ctrl Pts',(20.9995497259849,8.30146272941171,-47.0665307867759));
#14189=CARTESIAN_POINT('Ctrl Pts',(20.9999868394614,8.30184923021812,-47.0454272560499));
#14190=CARTESIAN_POINT('Ctrl Pts',(20.9999983532211,8.30184429348302,-47.0375841995837));
#14191=CARTESIAN_POINT('Ctrl Pts',(20.2597870046515,7.57032415709232,-47.7976884707204));
#14192=CARTESIAN_POINT('Ctrl Pts',(20.2783942213908,7.58889701066173,-47.7971562380121));
#14193=CARTESIAN_POINT('Ctrl Pts',(20.3059900068695,7.61644487702578,-47.7953476165083));
#14194=CARTESIAN_POINT('Ctrl Pts',(20.3807730281665,7.69110652785411,-47.7863405938042));
#14195=CARTESIAN_POINT('Ctrl Pts',(20.5352031239974,7.84530192380468,-47.7468061593791));
#14196=CARTESIAN_POINT('Ctrl Pts',(20.758748304954,8.06849274425866,-47.6248088211113));
#14197=CARTESIAN_POINT('Ctrl Pts',(20.9372563677936,8.24655409558381,-47.3837055841659));
#14198=CARTESIAN_POINT('Ctrl Pts',(20.9888311396996,8.29771684432356,-47.1755763779176));
#14199=CARTESIAN_POINT('Ctrl Pts',(20.9970646619127,8.3058005510784,-47.1060338451372));
#14200=CARTESIAN_POINT('Ctrl Pts',(20.9995496150717,8.30819786579635,-47.0667950371134));
#14201=CARTESIAN_POINT('Ctrl Pts',(20.9999818619079,8.30858081250005,-47.0455165041095));
#14202=CARTESIAN_POINT('Ctrl Pts',(20.9999983532211,8.30857864378064,-47.0375841995837));
#14203=CARTESIAN_POINT('Ctrl Pts',(20.2597870046515,7.57032415709232,-47.7976884707204));
#14204=CARTESIAN_POINT('Ctrl Pts',(20.2783942213908,7.58889701066173,-47.7971562380121));
#14205=CARTESIAN_POINT('Ctrl Pts',(20.3059900068695,7.61644487702578,-47.7953476165083));
#14206=CARTESIAN_POINT('Ctrl Pts',(20.3807730281665,7.69110652785411,-47.7863405938042));
#14207=CARTESIAN_POINT('Ctrl Pts',(20.5352031239974,7.84530192380468,-47.7468061593791));
#14208=CARTESIAN_POINT('Ctrl Pts',(20.758748304954,8.06849274425866,-47.6248088211113));
#14209=CARTESIAN_POINT('Ctrl Pts',(20.9372563677936,8.24655409558381,-47.3837055841659));
#14210=CARTESIAN_POINT('Ctrl Pts',(20.9888311396996,8.29771684432356,-47.1755763779176));
#14211=CARTESIAN_POINT('Ctrl Pts',(20.9970646619127,8.3058005510784,-47.1060338451372));
#14212=CARTESIAN_POINT('Ctrl Pts',(20.9995496150717,8.30819786579635,-47.0667950371134));
#14213=CARTESIAN_POINT('Ctrl Pts',(20.9999818619079,8.30858081250005,-47.0455165041095));
#14214=CARTESIAN_POINT('Ctrl Pts',(20.9999983532211,8.30857864378064,-47.0375841995837));
#14215=CARTESIAN_POINT('Ctrl Pts',(21.1999979210136,8.10857864376269,-47.0379999999996));
#14216=CARTESIAN_POINT('Ctrl Pts',(21.1999792699864,8.1085786437627,-47.045927970658));
#14217=CARTESIAN_POINT('Ctrl Pts',(21.1995414369567,8.108190087684,-47.0671950366672));
#14218=CARTESIAN_POINT('Ctrl Pts',(21.1970470291847,8.10578327957279,-47.1064133791811));
#14219=CARTESIAN_POINT('Ctrl Pts',(21.1887983606783,8.09768436495652,-47.1759208001652));
#14220=CARTESIAN_POINT('Ctrl Pts',(21.1371884891604,8.04648637651416,-47.3839525416285));
#14221=CARTESIAN_POINT('Ctrl Pts',(20.9586636937818,7.86840821070197,-47.6249494442969));
#14222=CARTESIAN_POINT('Ctrl Pts',(20.7351238967816,7.6452227336694,-47.7468673352268));
#14223=CARTESIAN_POINT('Ctrl Pts',(20.5807166376759,7.49105015320129,-47.7863601339125));
#14224=CARTESIAN_POINT('Ctrl Pts',(20.5059556883577,7.41641056386418,-47.7953530426439));
#14225=CARTESIAN_POINT('Ctrl Pts',(20.4783714033568,7.38887419470807,-47.7971581738275));
#14226=CARTESIAN_POINT('Ctrl Pts',(20.4597741128887,7.37031126612595,-47.7976892082459));
#14227=CARTESIAN_POINT('Origin',(10.5,7.34857864376269,-47.038));
#14228=CARTESIAN_POINT('',(24.24,8.10857864376269,-47.038));
#14229=CARTESIAN_POINT('',(10.5,8.10857864376269,-47.038));
#14230=CARTESIAN_POINT('',(24.24,7.34857864376269,-47.798));
#14231=CARTESIAN_POINT('Origin',(24.24,7.34857864376269,-47.038));
#14232=CARTESIAN_POINT('',(10.5,7.34857864376269,-47.798));
#14233=CARTESIAN_POINT('Origin',(21.,8.10857864376269,-47.798));
#14234=CARTESIAN_POINT('',(24.24,8.10857864376269,-45.098));
#14235=CARTESIAN_POINT('',(21.,8.10857864376269,-45.098));
#14236=CARTESIAN_POINT('',(24.24,8.10857864376269,-47.123));
#14237=CARTESIAN_POINT('Origin',(24.24,7.34857864376269,-47.038));
#14238=CARTESIAN_POINT('',(25.,7.34857864376269,-47.038));
#14239=CARTESIAN_POINT('Origin',(24.24,7.34857864376269,-47.038));
#14240=CARTESIAN_POINT('Origin',(24.24,7.34857864376269,-47.038));
#14241=CARTESIAN_POINT('Origin',(24.24,7.34857864376269,-47.123));
#14242=CARTESIAN_POINT('',(25.,7.34857864376269,-45.098));
#14243=CARTESIAN_POINT('Origin',(24.24,7.34857864376269,-45.098));
#14244=CARTESIAN_POINT('',(25.,7.34857864376269,-47.123));
#14245=CARTESIAN_POINT('Origin',(24.24,-7.63142135623731,-47.038));
#14246=CARTESIAN_POINT('',(24.24,-8.39142135623731,-47.038));
#14247=CARTESIAN_POINT('',(25.,-7.63142135623731,-47.038));
#14248=CARTESIAN_POINT('Origin',(24.24,-7.63142135623731,-47.038));
#14249=CARTESIAN_POINT('',(24.24,-7.63142135623731,-47.798));
#14250=CARTESIAN_POINT('Origin',(24.24,-7.63142135623731,-47.038));
#14251=CARTESIAN_POINT('Origin',(24.24,-7.63142135623731,-47.038));
#14252=CARTESIAN_POINT('Origin',(10.5,-7.63142135623731,-47.038));
#14253=CARTESIAN_POINT('',(10.5,-7.63142135623731,-47.798));
#14254=CARTESIAN_POINT('',(10.5,-8.39142135623731,-47.038));
#14255=CARTESIAN_POINT('Origin',(24.24,-0.0707106781186539,-47.038));
#14256=CARTESIAN_POINT('',(25.,-0.0707106781186539,-47.038));
#14257=CARTESIAN_POINT('',(24.24,-0.0707106781186539,-47.798));
#14258=CARTESIAN_POINT('Origin',(24.24,-7.63142135623731,-45.773));
#14259=CARTESIAN_POINT('',(25.,-7.63142135623731,-45.098));
#14260=CARTESIAN_POINT('',(24.24,-8.39142135623731,-45.098));
#14261=CARTESIAN_POINT('Origin',(24.24,-7.63142135623731,-45.098));
#14262=CARTESIAN_POINT('',(24.24,-8.39142135623731,-45.773));
#14263=CARTESIAN_POINT('',(25.,-7.63142135623731,-45.773));
#14264=CARTESIAN_POINT('Origin',(0.,0.,-47.798));
#14265=CARTESIAN_POINT('',(20.1682914139224,-16.9140778515493,-47.798));
#14266=CARTESIAN_POINT('Origin',(20.,-16.7457864376269,-47.798));
#14267=CARTESIAN_POINT('',(16.9140778515493,-20.1682914139224,-47.798));
#14268=CARTESIAN_POINT('',(16.4211846327359,-20.6611846327358,-47.798));
#14269=CARTESIAN_POINT('',(16.7457864376269,-20.238,-47.798));
#14270=CARTESIAN_POINT('Origin',(16.7457864376269,-20.,-47.798));
#14271=CARTESIAN_POINT('',(-16.7457864376269,-20.238,-47.798));
#14272=CARTESIAN_POINT('',(8.48000000000001,-20.238,-47.798));
#14273=CARTESIAN_POINT('',(-16.9140778515493,-20.1682914139224,-47.798));
#14274=CARTESIAN_POINT('Origin',(-16.7457864376269,-20.,-47.798));
#14275=CARTESIAN_POINT('',(-20.1682914139224,-16.9140778515493,-47.798));
#14276=CARTESIAN_POINT('',(-20.6611846327359,-16.4211846327359,-47.798));
#14277=CARTESIAN_POINT('',(-20.238,-16.7457864376269,-47.798));
#14278=CARTESIAN_POINT('Origin',(-20.,-16.7457864376269,-47.798));
#14279=CARTESIAN_POINT('',(-20.238,16.7457864376269,-47.798));
#14280=CARTESIAN_POINT('',(-20.238,-8.48000000000002,-47.798));
#14281=CARTESIAN_POINT('',(-20.1682914139224,16.9140778515493,-47.798));
#14282=CARTESIAN_POINT('Origin',(-20.,16.7457864376269,-47.798));
#14283=CARTESIAN_POINT('',(-16.9140778515493,20.1682914139224,-47.798));
#14284=CARTESIAN_POINT('',(-16.4211846327359,20.6611846327359,-47.798));
#14285=CARTESIAN_POINT('',(-16.7457864376269,20.238,-47.798));
#14286=CARTESIAN_POINT('Origin',(-16.7457864376269,20.,-47.798));
#14287=CARTESIAN_POINT('',(16.4629437251523,20.238,-47.798));
#14288=CARTESIAN_POINT('',(-8.48,20.238,-47.798));
#14289=CARTESIAN_POINT('',(16.6312351390747,20.1682914139224,-47.798));
#14290=CARTESIAN_POINT('Origin',(16.4629437251523,20.,-47.798));
#14291=CARTESIAN_POINT('',(20.1682914139224,16.6312351390747,-47.798));
#14292=CARTESIAN_POINT('',(17.3397632764985,19.4597632764986,-47.798));
#14293=CARTESIAN_POINT('',(20.238,16.4629437251523,-47.798));
#14294=CARTESIAN_POINT('Origin',(20.,16.4629437251523,-47.798));
#14295=CARTESIAN_POINT('',(20.238,8.48000000000002,-47.798));
#14296=CARTESIAN_POINT('',(-5.667,6.94007341076804E-16,-47.798));
#14297=CARTESIAN_POINT('Origin',(0.,0.,-47.798));
#14298=CARTESIAN_POINT('',(-12.071,15.5,-47.798));
#14299=CARTESIAN_POINT('Origin',(-15.5,15.5,-47.798));
#14300=CARTESIAN_POINT('',(18.929,15.5,-47.798));
#14301=CARTESIAN_POINT('Origin',(15.5,15.5,-47.798));
#14302=CARTESIAN_POINT('',(18.929,-15.5,-47.798));
#14303=CARTESIAN_POINT('Origin',(15.5,-15.5,-47.798));
#14304=CARTESIAN_POINT('',(-12.071,-15.5,-47.798));
#14305=CARTESIAN_POINT('Origin',(-15.5,-15.5,-47.798));
#14306=CARTESIAN_POINT('Ctrl Pts',(20.7071067811847,17.1700505063407,-47.036));
#14307=CARTESIAN_POINT('Ctrl Pts',(21.0000000000006,16.8771572875273,-47.0359999999997));
#14308=CARTESIAN_POINT('Ctrl Pts',(21.,16.4629437251525,-47.036));
#14309=CARTESIAN_POINT('Ctrl Pts',(20.7071067811851,17.1700505063403,-47.7980000000001));
#14310=CARTESIAN_POINT('Ctrl Pts',(21.0000000000006,16.8771572875273,-47.7979999999998));
#14311=CARTESIAN_POINT('Ctrl Pts',(21.,16.462943725153,-47.7980000000001));
#14312=CARTESIAN_POINT('Ctrl Pts',(20.1682914139223,16.6312351390746,-47.798));
#14313=CARTESIAN_POINT('Ctrl Pts',(20.238,16.5615265529975,-47.798));
#14314=CARTESIAN_POINT('Ctrl Pts',(20.2379999999999,16.462943725153,-47.798));
#14315=CARTESIAN_POINT('',(21.,16.4629437251523,-47.036));
#14316=CARTESIAN_POINT('Origin',(20.238,16.4629437251523,-47.036));
#14317=CARTESIAN_POINT('',(20.7071067811866,17.1700505063389,-47.036));
#14318=CARTESIAN_POINT('Origin',(20.1682914139224,16.6312351390747,-47.036));
#14319=CARTESIAN_POINT('Origin',(20.,16.4629437251523,-47.036));
#14320=CARTESIAN_POINT('Origin',(20.,16.4629437251523,11.638));
#14321=CARTESIAN_POINT('',(20.7071067811865,17.1700505063389,-38.5108));
#14322=CARTESIAN_POINT('',(21.,16.4629437251523,-38.5108));
#14323=CARTESIAN_POINT('Origin',(20.,16.4629437251523,-38.5108));
#14324=CARTESIAN_POINT('',(21.,16.4629437251523,11.638));
#14325=CARTESIAN_POINT('',(20.7071067811865,17.1700505063389,11.638));
#14326=CARTESIAN_POINT('Origin',(16.8185786437627,21.0585786437627,11.638));
#14327=CARTESIAN_POINT('',(17.1700505063388,20.7071067811865,-47.036));
#14328=CARTESIAN_POINT('',(17.8785786437627,19.9985786437627,-47.036));
#14329=CARTESIAN_POINT('',(17.1700505063388,20.7071067811865,-38.5108));
#14330=CARTESIAN_POINT('',(17.1700505063388,20.7071067811865,11.638));
#14331=CARTESIAN_POINT('',(8.33857864376258,29.5385786437627,-38.5108));
#14332=CARTESIAN_POINT('Origin',(17.3397632764985,19.4597632764986,-47.036));
#14333=CARTESIAN_POINT('Origin',(16.6312351390747,20.1682914139224,-47.036));
#14334=CARTESIAN_POINT('Ctrl Pts',(16.4629437251385,20.9999999999999,-47.0359999999998));
#14335=CARTESIAN_POINT('Ctrl Pts',(16.8771572875296,21.000000000006,-47.0359999999983));
#14336=CARTESIAN_POINT('Ctrl Pts',(17.1700505063506,20.7071067811746,-47.036));
#14337=CARTESIAN_POINT('Ctrl Pts',(16.4629437251411,21.0000000000002,-47.7980000000006));
#14338=CARTESIAN_POINT('Ctrl Pts',(16.8771572875295,21.0000000000063,-47.7979999999992));
#14339=CARTESIAN_POINT('Ctrl Pts',(17.1700505063485,20.7071067811768,-47.7980000000009));
#14340=CARTESIAN_POINT('Ctrl Pts',(16.4629437251523,20.2379999999994,-47.7980000000001));
#14341=CARTESIAN_POINT('Ctrl Pts',(16.5615265529974,20.2380000000008,-47.7979999999998));
#14342=CARTESIAN_POINT('Ctrl Pts',(16.631235139074,20.1682914139217,-47.7980000000002));
#14343=CARTESIAN_POINT('',(16.4629437251523,21.,-47.036));
#14344=CARTESIAN_POINT('Origin',(16.4629437251523,20.238,-47.036));
#14345=CARTESIAN_POINT('Origin',(16.4629437251523,20.,-47.036));
#14346=CARTESIAN_POINT('Origin',(16.4629437251523,20.,11.638));
#14347=CARTESIAN_POINT('',(16.4629437251523,21.,-38.5108));
#14348=CARTESIAN_POINT('Origin',(16.4629437251523,20.,-38.5108));
#14349=CARTESIAN_POINT('',(16.4629437251523,21.,11.638));
#14350=CARTESIAN_POINT('Origin',(-16.96,21.,11.638));
#14351=CARTESIAN_POINT('',(-16.7457864376269,21.,-47.036));
#14352=CARTESIAN_POINT('',(-8.48,21.,-47.036));
#14353=CARTESIAN_POINT('',(-16.7457864376269,21.,-38.5108));
#14354=CARTESIAN_POINT('',(-16.7457864376269,21.,11.638));
#14355=CARTESIAN_POINT('',(-19.08,21.,-38.5108));
#14356=CARTESIAN_POINT('Origin',(-8.48,20.238,-47.036));
#14357=CARTESIAN_POINT('Origin',(-16.7457864376269,20.238,-47.036));
#14358=CARTESIAN_POINT('Ctrl Pts',(17.4528932188137,-20.7071067811863,-47.036));
#14359=CARTESIAN_POINT('Ctrl Pts',(17.1600000000003,-21.0000000000001,-47.036));
#14360=CARTESIAN_POINT('Ctrl Pts',(16.745786437627,-21.,-47.036));
#14361=CARTESIAN_POINT('Ctrl Pts',(17.4528932188137,-20.7071067811863,-47.798));
#14362=CARTESIAN_POINT('Ctrl Pts',(17.1600000000003,-21.0000000000001,-47.798));
#14363=CARTESIAN_POINT('Ctrl Pts',(16.745786437627,-21.,-47.798));
#14364=CARTESIAN_POINT('Ctrl Pts',(16.9140778515493,-20.1682914139224,-47.798));
#14365=CARTESIAN_POINT('Ctrl Pts',(16.8443692654718,-20.238,-47.798));
#14366=CARTESIAN_POINT('Ctrl Pts',(16.745786437627,-20.238,-47.798));
#14367=CARTESIAN_POINT('',(16.7457864376269,-21.,-47.036));
#14368=CARTESIAN_POINT('Origin',(16.7457864376269,-20.238,-47.036));
#14369=CARTESIAN_POINT('',(17.4528932188135,-20.7071067811865,-47.036));
#14370=CARTESIAN_POINT('Origin',(16.9140778515493,-20.1682914139224,-47.036));
#14371=CARTESIAN_POINT('Origin',(16.7457864376269,-20.,-47.036));
#14372=CARTESIAN_POINT('Origin',(16.7457864376269,-20.,11.638));
#14373=CARTESIAN_POINT('',(17.4528932188135,-20.7071067811865,-38.5108));
#14374=CARTESIAN_POINT('',(16.7457864376269,-21.,-38.5108));
#14375=CARTESIAN_POINT('Origin',(16.7457864376269,-20.,-38.5108));
#14376=CARTESIAN_POINT('',(16.7457864376269,-21.,11.638));
#14377=CARTESIAN_POINT('',(17.4528932188135,-20.7071067811865,11.638));
#14378=CARTESIAN_POINT('Origin',(16.96,-21.2,11.638));
#14379=CARTESIAN_POINT('',(20.7071067811866,-17.4528932188135,-47.036));
#14380=CARTESIAN_POINT('',(21.2,-16.96,-47.036));
#14381=CARTESIAN_POINT('',(20.7071067811865,-17.4528932188135,-38.5108));
#14382=CARTESIAN_POINT('',(20.7071067811865,-17.4528932188135,11.638));
#14383=CARTESIAN_POINT('',(16.9599999999999,-21.2000000000001,-38.5108));
#14384=CARTESIAN_POINT('Origin',(16.4211846327359,-20.6611846327358,-47.036));
#14385=CARTESIAN_POINT('Origin',(20.1682914139224,-16.9140778515493,-47.036));
#14386=CARTESIAN_POINT('Ctrl Pts',(21.,-16.7457864376269,-47.036));
#14387=CARTESIAN_POINT('Ctrl Pts',(21.,-17.1600000000002,-47.0359999999997));
#14388=CARTESIAN_POINT('Ctrl Pts',(20.7071067811863,-17.4528932188138,-47.0359999999999));
#14389=CARTESIAN_POINT('Ctrl Pts',(21.,-16.7457864376274,-47.7980000000002));
#14390=CARTESIAN_POINT('Ctrl Pts',(21.,-17.1600000000004,-47.7979999999999));
#14391=CARTESIAN_POINT('Ctrl Pts',(20.7071067811866,-17.4528932188137,-47.7980000000001));
#14392=CARTESIAN_POINT('Ctrl Pts',(20.2379999999998,-16.7457864376274,-47.798));
#14393=CARTESIAN_POINT('Ctrl Pts',(20.2379999999998,-16.8443692654719,-47.798));
#14394=CARTESIAN_POINT('Ctrl Pts',(20.1682914139224,-16.9140778515493,-47.798));
#14395=CARTESIAN_POINT('Origin',(20.,-16.7457864376269,-47.036));
#14396=CARTESIAN_POINT('Origin',(20.,-16.7457864376269,11.638));
#14397=CARTESIAN_POINT('Origin',(20.,-16.7457864376269,-38.5108));
#14398=CARTESIAN_POINT('Ctrl Pts',(-20.7071067811865,-17.4528932188135,
-47.036));
#14399=CARTESIAN_POINT('Ctrl Pts',(-21.,-17.1599999999998,-47.036));
#14400=CARTESIAN_POINT('Ctrl Pts',(-21.,-16.7457864376265,-47.036));
#14401=CARTESIAN_POINT('Ctrl Pts',(-20.7071067811865,-17.4528932188135,
-47.7980000000001));
#14402=CARTESIAN_POINT('Ctrl Pts',(-21.,-17.1599999999998,-47.7980000000001));
#14403=CARTESIAN_POINT('Ctrl Pts',(-21.0000000000001,-16.7457864376265,
-47.7980000000001));
#14404=CARTESIAN_POINT('Ctrl Pts',(-20.1682914139222,-16.9140778515495,
-47.798));
#14405=CARTESIAN_POINT('Ctrl Pts',(-20.238,-16.8443692654716,-47.798));
#14406=CARTESIAN_POINT('Ctrl Pts',(-20.238,-16.7457864376265,-47.798));
#14407=CARTESIAN_POINT('',(-21.,-16.7457864376269,-47.036));
#14408=CARTESIAN_POINT('Origin',(-20.238,-16.7457864376269,-47.036));
#14409=CARTESIAN_POINT('',(-20.7071067811865,-17.4528932188135,-47.036));
#14410=CARTESIAN_POINT('Origin',(-20.1682914139224,-16.9140778515493,-47.036));
#14411=CARTESIAN_POINT('Origin',(-20.,-16.7457864376269,-47.036));
#14412=CARTESIAN_POINT('Origin',(-20.,-16.7457864376269,11.638));
#14413=CARTESIAN_POINT('',(-20.7071067811865,-17.4528932188135,-38.5108));
#14414=CARTESIAN_POINT('',(-21.,-16.7457864376269,-38.5108));
#14415=CARTESIAN_POINT('Origin',(-20.,-16.7457864376269,-38.5108));
#14416=CARTESIAN_POINT('',(-21.,-16.7457864376269,11.638));
#14417=CARTESIAN_POINT('',(-20.7071067811865,-17.4528932188135,11.638));
#14418=CARTESIAN_POINT('Origin',(-16.96,-21.2,11.638));
#14419=CARTESIAN_POINT('',(-17.4528932188135,-20.7071067811865,-47.036));
#14420=CARTESIAN_POINT('',(-16.96,-21.2,-47.036));
#14421=CARTESIAN_POINT('',(-17.4528932188135,-20.7071067811865,-38.5108));
#14422=CARTESIAN_POINT('',(-17.4528932188135,-20.7071067811865,11.638));
#14423=CARTESIAN_POINT('',(-27.56,-10.6000000000001,-38.5108));
#14424=CARTESIAN_POINT('Origin',(-16.4211846327358,-20.6611846327359,-47.036));
#14425=CARTESIAN_POINT('Origin',(-16.9140778515493,-20.1682914139224,-47.036));
#14426=CARTESIAN_POINT('Ctrl Pts',(-16.745786437627,-21.,-47.036));
#14427=CARTESIAN_POINT('Ctrl Pts',(-17.1600000000017,-21.0000000000005,
-47.0359999999997));
#14428=CARTESIAN_POINT('Ctrl Pts',(-17.4528932188152,-20.7071067811848,
-47.036));
#14429=CARTESIAN_POINT('Ctrl Pts',(-16.7457864376275,-21.,-47.7980000000001));
#14430=CARTESIAN_POINT('Ctrl Pts',(-17.1600000000017,-21.0000000000005,
-47.7979999999999));
#14431=CARTESIAN_POINT('Ctrl Pts',(-17.4528932188148,-20.7071067811852,
-47.7980000000001));
#14432=CARTESIAN_POINT('Ctrl Pts',(-16.7457864376275,-20.2379999999999,
-47.798));
#14433=CARTESIAN_POINT('Ctrl Pts',(-16.844369265472,-20.238,-47.798));
#14434=CARTESIAN_POINT('Ctrl Pts',(-16.9140778515492,-20.1682914139223,
-47.798));
#14435=CARTESIAN_POINT('',(-16.7457864376269,-21.,-47.036));
#14436=CARTESIAN_POINT('Origin',(-16.7457864376269,-20.238,-47.036));
#14437=CARTESIAN_POINT('Origin',(-16.7457864376269,-20.,-47.036));
#14438=CARTESIAN_POINT('Origin',(-16.7457864376269,-20.,11.638));
#14439=CARTESIAN_POINT('',(-16.7457864376269,-21.,-38.5108));
#14440=CARTESIAN_POINT('Origin',(-16.7457864376269,-20.,-38.5108));
#14441=CARTESIAN_POINT('',(-16.7457864376269,-21.,11.638));
#14442=CARTESIAN_POINT('Origin',(16.96,-21.,11.638));
#14443=CARTESIAN_POINT('',(-2.11999999999999,-21.,-38.5108));
#14444=CARTESIAN_POINT('',(8.48000000000001,-21.,-47.036));
#14445=CARTESIAN_POINT('Origin',(8.48000000000001,-20.238,-47.036));
#14446=CARTESIAN_POINT('Ctrl Pts',(-17.4528932188171,20.7071067811829,-47.0359999999999));
#14447=CARTESIAN_POINT('Ctrl Pts',(-17.1600000000037,21.0000000000012,-47.0359999999994));
#14448=CARTESIAN_POINT('Ctrl Pts',(-16.7457864376272,21.,-47.036));
#14449=CARTESIAN_POINT('Ctrl Pts',(-17.4528932188164,20.7071067811837,-47.7980000000003));
#14450=CARTESIAN_POINT('Ctrl Pts',(-17.1600000000038,21.0000000000013,-47.7979999999997));
#14451=CARTESIAN_POINT('Ctrl Pts',(-16.7457864376284,21.,-47.7980000000003));
#14452=CARTESIAN_POINT('Ctrl Pts',(-16.9140778515491,20.1682914139222,-47.798));
#14453=CARTESIAN_POINT('Ctrl Pts',(-16.8443692654726,20.238,-47.7979999999999));
#14454=CARTESIAN_POINT('Ctrl Pts',(-16.7457864376284,20.2379999999997,-47.7980000000001));
#14455=CARTESIAN_POINT('',(-17.4528932188135,20.7071067811865,-47.036));
#14456=CARTESIAN_POINT('Origin',(-16.9140778515493,20.1682914139224,-47.036));
#14457=CARTESIAN_POINT('Origin',(-16.7457864376269,20.,-47.036));
#14458=CARTESIAN_POINT('Origin',(-16.7457864376269,20.,11.638));
#14459=CARTESIAN_POINT('',(-17.4528932188135,20.7071067811865,-38.5108));
#14460=CARTESIAN_POINT('Origin',(-16.7457864376269,20.,-38.5108));
#14461=CARTESIAN_POINT('',(-17.4528932188135,20.7071067811865,11.638));
#14462=CARTESIAN_POINT('Origin',(-16.96,21.2,11.638));
#14463=CARTESIAN_POINT('',(-20.7071067811865,17.4528932188135,-47.036));
#14464=CARTESIAN_POINT('',(-21.2,16.96,-47.036));
#14465=CARTESIAN_POINT('',(-20.7071067811865,17.4528932188135,-38.5108));
#14466=CARTESIAN_POINT('',(-20.7071067811865,17.4528932188135,11.638));
#14467=CARTESIAN_POINT('',(-19.08,19.08,-38.5108));
#14468=CARTESIAN_POINT('Origin',(-16.4211846327359,20.6611846327359,-47.036));
#14469=CARTESIAN_POINT('Origin',(-20.1682914139224,16.9140778515493,-47.036));
#14470=CARTESIAN_POINT('Ctrl Pts',(-21.,16.7457864376125,-47.0359999999998));
#14471=CARTESIAN_POINT('Ctrl Pts',(-21.0000000000061,17.1600000000035,-47.0359999999981));
#14472=CARTESIAN_POINT('Ctrl Pts',(-20.7071067811752,17.4528932188247,-47.036));
#14473=CARTESIAN_POINT('Ctrl Pts',(-21.0000000000002,16.7457864376157,-47.7980000000007));
#14474=CARTESIAN_POINT('Ctrl Pts',(-21.0000000000063,17.1600000000034,-47.797999999999));
#14475=CARTESIAN_POINT('Ctrl Pts',(-20.7071067811777,17.4528932188224,-47.7980000000009));
#14476=CARTESIAN_POINT('Ctrl Pts',(-20.2379999999993,16.7457864376269,-47.7980000000001));
#14477=CARTESIAN_POINT('Ctrl Pts',(-20.2380000000008,16.844369265472,-47.7979999999997));
#14478=CARTESIAN_POINT('Ctrl Pts',(-20.1682914139218,16.9140778515487,-47.7980000000002));
#14479=CARTESIAN_POINT('',(-21.,16.7457864376269,-47.036));
#14480=CARTESIAN_POINT('Origin',(-20.238,16.7457864376269,-47.036));
#14481=CARTESIAN_POINT('Origin',(-20.,16.7457864376269,-47.036));
#14482=CARTESIAN_POINT('Origin',(-20.,16.7457864376269,11.638));
#14483=CARTESIAN_POINT('',(-21.,16.7457864376269,-38.5108));
#14484=CARTESIAN_POINT('Origin',(-20.,16.7457864376269,-38.5108));
#14485=CARTESIAN_POINT('',(-21.,16.7457864376269,11.638));
#14486=CARTESIAN_POINT('Origin',(-21.,-16.96,11.638));
#14487=CARTESIAN_POINT('',(-21.,1.02283223819388E-17,-38.5108));
#14488=CARTESIAN_POINT('',(-21.,-8.48000000000002,-47.036));
#14489=CARTESIAN_POINT('Origin',(-20.238,-8.48000000000002,-47.036));
#14490=CARTESIAN_POINT('Origin',(21.,-8.39142135623731,-45.098));
#14491=CARTESIAN_POINT('',(21.,-8.39142135623731,-45.098));
#14492=CARTESIAN_POINT('',(20.946,-8.39142135623731,-38.5108));
#14493=CARTESIAN_POINT('',(-0.1,-8.39142135623731,-38.5108));
#14494=CARTESIAN_POINT('',(-0.0999999999999956,-8.3914213562373,-38.5108));
#14495=CARTESIAN_POINT('Origin',(21.,8.10857864376269,-38.5108));
#14496=CARTESIAN_POINT('',(21.,8.10857864376269,-38.5108));
#14497=CARTESIAN_POINT('',(21.,8.10857864376269,-45.098));
#14498=CARTESIAN_POINT('',(21.,8.1085786437627,-13.4364));
#14499=CARTESIAN_POINT('',(20.946,8.10857864376269,-38.5108));
#14500=CARTESIAN_POINT('',(-0.0999999999999956,8.10857864376269,-38.5108));
#14501=CARTESIAN_POINT('',(-0.1,8.10857864376269,-38.5108));
#14502=CARTESIAN_POINT('',(21.,8.10857864376269,-45.098));
#14503=CARTESIAN_POINT('Origin',(21.,16.96,11.638));
#14504=CARTESIAN_POINT('',(21.,8.48000000000002,-47.036));
#14505=CARTESIAN_POINT('',(21.,16.96,-38.5108));
#14506=CARTESIAN_POINT('',(21.,12.5342893218814,-45.098));
#14507=CARTESIAN_POINT('Origin',(21.,-8.39142135623731,-45.098));
#14508=CARTESIAN_POINT('',(21.,-8.39142135623731,-45.098));
#14509=CARTESIAN_POINT('Origin',(21.,8.10857864376269,-45.098));
#14510=CARTESIAN_POINT('',(25.,-8.39142135623731,-45.098));
#14511=CARTESIAN_POINT('Origin',(25.,-0.141421356237308,-46.448));
#14512=CARTESIAN_POINT('Origin',(20.238,8.48000000000002,-47.036));
#14513=CARTESIAN_POINT('Origin',(0.,0.,-47.548));
#14514=CARTESIAN_POINT('',(5.16699999999999,-6.32775001119437E-16,-47.298));
#14515=CARTESIAN_POINT('',(-5.167,6.32775001119437E-16,-47.298));
#14516=CARTESIAN_POINT('Origin',(0.,0.,-47.298));
#14517=CARTESIAN_POINT('',(-5.417,6.63391171098121E-16,-47.548));
#14518=CARTESIAN_POINT('Origin',(0.,0.,-47.298));
#14519=CARTESIAN_POINT('Origin',(0.,0.,-43.353));
#14520=CARTESIAN_POINT('',(5.16699999999999,-6.32775001119437E-16,-43.353));
#14521=CARTESIAN_POINT('Origin',(0.,0.,-43.353));
#14522=CARTESIAN_POINT('',(5.16699999999999,-6.32775001119436E-16,-43.353));
#14523=CARTESIAN_POINT('Origin',(-15.5,-15.5,-47.544));
#14524=CARTESIAN_POINT('',(-12.325,-15.5,-47.544));
#14525=CARTESIAN_POINT('Origin',(15.5,-15.5,-47.544));
#14526=CARTESIAN_POINT('',(18.675,-15.5,-47.544));
#14527=CARTESIAN_POINT('Origin',(15.5,15.5,-47.544));
#14528=CARTESIAN_POINT('',(18.675,15.5,-47.544));
#14529=CARTESIAN_POINT('Origin',(-15.5,15.5,-47.544));
#14530=CARTESIAN_POINT('',(-12.325,15.5,-47.544));
#14531=CARTESIAN_POINT('Origin',(-21.2,16.96,-38.5108));
#14532=CARTESIAN_POINT('',(20.946,13.6914960389331,-38.5108));
#14533=CARTESIAN_POINT('',(20.946,15.7399615818397,-38.5108));
#14534=CARTESIAN_POINT('',(20.946,-13.6914960389331,-38.5108));
#14535=CARTESIAN_POINT('',(20.946,15.7399615818397,-38.5108));
#14536=CARTESIAN_POINT('',(20.3602135623731,-15.1057096013062,-38.5108));
#14537=CARTESIAN_POINT('Origin',(18.946,-13.6914960389331,-38.5108));
#14538=CARTESIAN_POINT('',(15.1057096013061,-20.3602135623731,-38.5108));
#14539=CARTESIAN_POINT('',(15.6129615818395,-19.8529615818397,-38.5108));
#14540=CARTESIAN_POINT('',(13.6914960389331,-20.946,-38.5108));
#14541=CARTESIAN_POINT('Origin',(13.6914960389331,-18.946,-38.5108));
#14542=CARTESIAN_POINT('',(-13.691496038933,-20.946,-38.5108));
#14543=CARTESIAN_POINT('',(-17.8599615818396,-20.946,-38.5108));
#14544=CARTESIAN_POINT('',(-15.1057096013061,-20.3602135623731,-38.5108));
#14545=CARTESIAN_POINT('Origin',(-13.691496038933,-18.946,-38.5108));
#14546=CARTESIAN_POINT('',(-20.3602135623731,-15.1057096013062,-38.5108));
#14547=CARTESIAN_POINT('',(-28.8794807909198,-6.58644237275956,-38.5108));
#14548=CARTESIAN_POINT('',(-20.946,-13.6914960389331,-38.5108));
#14549=CARTESIAN_POINT('Origin',(-18.946,-13.6914960389331,-38.5108));
#14550=CARTESIAN_POINT('',(-20.946,13.6914960389331,-38.5108));
#14551=CARTESIAN_POINT('',(-20.946,15.7399615818397,-38.5108));
#14552=CARTESIAN_POINT('',(-20.3602135623731,15.1057096013062,-38.5108));
#14553=CARTESIAN_POINT('Origin',(-18.946,13.6914960389331,-38.5108));
#14554=CARTESIAN_POINT('',(-15.1057096013061,20.3602135623731,-38.5108));
#14555=CARTESIAN_POINT('',(-17.7329615818396,17.7329615818396,-38.5108));
#14556=CARTESIAN_POINT('',(-13.6914960389331,20.946,-38.5108));
#14557=CARTESIAN_POINT('Origin',(-13.6914960389331,18.946,-38.5108));
#14558=CARTESIAN_POINT('',(13.6914960389331,20.946,-38.5108));
#14559=CARTESIAN_POINT('',(-17.8599615818396,20.946,-38.5108));
#14560=CARTESIAN_POINT('',(15.1057096013061,20.3602135623731,-38.5108));
#14561=CARTESIAN_POINT('Origin',(13.6914960389331,18.946,-38.5108));
#14562=CARTESIAN_POINT('',(20.3602135623731,15.1057096013062,-38.5108));
#14563=CARTESIAN_POINT('',(9.7994807909197,25.6664423727595,-38.5108));
#14564=CARTESIAN_POINT('Origin',(18.946,13.6914960389331,-38.5108));
#14565=CARTESIAN_POINT('Origin',(0.,0.,-43.353));
#14566=CARTESIAN_POINT('',(-2.62699999999999,-3.21714714136009E-16,-43.353));
#14567=CARTESIAN_POINT('Origin',(0.,0.,-43.353));
#14568=CARTESIAN_POINT('Origin',(-21.2,16.96,-38.5108));
#14569=CARTESIAN_POINT('',(20.946,-7.6914213562373,-38.5108));
#14570=CARTESIAN_POINT('',(-0.1,-7.6914213562373,-38.5108));
#14571=CARTESIAN_POINT('',(20.946,15.7399615818397,-38.5108));
#14572=CARTESIAN_POINT('Origin',(-21.2,16.96,-38.5108));
#14573=CARTESIAN_POINT('',(20.946,6.7085786437627,-38.5108));
#14574=CARTESIAN_POINT('',(-0.1,6.7085786437627,-38.5108));
#14575=CARTESIAN_POINT('',(20.946,-6.9914213562373,-38.5108));
#14576=CARTESIAN_POINT('',(20.946,15.7399615818397,-38.5108));
#14577=CARTESIAN_POINT('',(-0.1,-6.9914213562373,-38.5108));
#14578=CARTESIAN_POINT('Origin',(0.,0.,-16.3492));
#14579=CARTESIAN_POINT('',(-17.405,-15.5,-16.3492));
#14580=CARTESIAN_POINT('Origin',(-15.5,-15.5,-16.3492));
#14581=CARTESIAN_POINT('',(-17.005,-15.5,-16.3492));
#14582=CARTESIAN_POINT('Origin',(-15.5,-15.5,-16.3492));
#14583=CARTESIAN_POINT('Origin',(0.,0.,-16.3492));
#14584=CARTESIAN_POINT('',(13.595,15.5,-16.3492));
#14585=CARTESIAN_POINT('Origin',(15.5,15.5,-16.3492));
#14586=CARTESIAN_POINT('',(13.995,15.5,-16.3492));
#14587=CARTESIAN_POINT('Origin',(15.5,15.5,-16.3492));
#14588=CARTESIAN_POINT('Origin',(0.,0.,-16.3492));
#14589=CARTESIAN_POINT('',(-17.405,15.5,-16.3492));
#14590=CARTESIAN_POINT('Origin',(-15.5,15.5,-16.3492));
#14591=CARTESIAN_POINT('',(-17.005,15.5,-16.3492));
#14592=CARTESIAN_POINT('Origin',(-15.5,15.5,-16.3492));
#14593=CARTESIAN_POINT('Origin',(0.,0.,-16.3492));
#14594=CARTESIAN_POINT('',(13.595,-15.5,-16.3492));
#14595=CARTESIAN_POINT('Origin',(15.5,-15.5,-16.3492));
#14596=CARTESIAN_POINT('',(13.995,-15.5,-16.3492));
#14597=CARTESIAN_POINT('Origin',(15.5,-15.5,-16.3492));
#14598=CARTESIAN_POINT('Origin',(0.,0.,21.702));
#14599=CARTESIAN_POINT('',(9.7,1.18790739517293E-15,21.702));
#14600=CARTESIAN_POINT('Origin',(0.,0.,21.702));
#14601=CARTESIAN_POINT('',(9.7,1.18790739517293E-15,21.602));
#14602=CARTESIAN_POINT('',(9.7,-1.18790739517293E-15,21.702));
#14603=CARTESIAN_POINT('Origin',(0.,0.,21.602));
#14604=CARTESIAN_POINT('Origin',(0.,0.,21.702));
#14605=CARTESIAN_POINT('',(9.8,1.20015386316441E-15,21.702));
#14606=CARTESIAN_POINT('Origin',(0.,0.,21.702));
#14607=CARTESIAN_POINT('',(9.8,1.20015386316441E-15,21.602));
#14608=CARTESIAN_POINT('',(9.8,-1.20015386316441E-15,21.702));
#14609=CARTESIAN_POINT('Origin',(0.,0.,21.602));
#14610=CARTESIAN_POINT('Origin',(0.,0.,21.602));
#14611=CARTESIAN_POINT('Origin',(0.,0.,21.702));
#14612=CARTESIAN_POINT('',(11.,1.34711147906209E-15,21.702));
#14613=CARTESIAN_POINT('Origin',(0.,0.,21.702));
#14614=CARTESIAN_POINT('Origin',(-17.7482393492988,3.,19.702));
#14615=CARTESIAN_POINT('',(-17.7482393492988,3.,19.702));
#14616=CARTESIAN_POINT('',(-14.,3.,19.702));
#14617=CARTESIAN_POINT('',(-8.87411967464942,3.,19.702));
#14618=CARTESIAN_POINT('',(-17.7482393492988,3.,-3.298));
#14619=CARTESIAN_POINT('',(-14.,3.,19.702));
#14620=CARTESIAN_POINT('Origin',(-14.,-3.,19.702));
#14621=CARTESIAN_POINT('',(-14.,-3.,19.702));
#14622=CARTESIAN_POINT('',(-17.7482393492988,-3.,19.702));
#14623=CARTESIAN_POINT('',(-7.,-3.,19.702));
#14624=CARTESIAN_POINT('',(-14.,-3.,19.702));
#14625=CARTESIAN_POINT('',(-17.7482393492988,-3.,-3.298));
#14626=CARTESIAN_POINT('Origin',(-14.,-3.10862446895044E-15,19.702));
#14627=CARTESIAN_POINT('',(-11.,-2.44249065417534E-15,19.702));
#14628=CARTESIAN_POINT('Origin',(-14.,-3.10862446895044E-15,19.702));
#14629=CARTESIAN_POINT('Origin',(-14.,-3.10862446895044E-15,19.702));
#14630=CARTESIAN_POINT('Origin',(-3.,-17.7482393492988,19.702));
#14631=CARTESIAN_POINT('',(-3.,-17.7482393492988,19.702));
#14632=CARTESIAN_POINT('',(-3.,-14.,19.702));
#14633=CARTESIAN_POINT('',(-3.,-8.87411967464942,19.702));
#14634=CARTESIAN_POINT('',(-3.,-17.7482393492988,-3.298));
#14635=CARTESIAN_POINT('',(-3.,-14.,19.702));
#14636=CARTESIAN_POINT('Origin',(3.,-14.,19.702));
#14637=CARTESIAN_POINT('',(3.,-14.,19.702));
#14638=CARTESIAN_POINT('',(3.,-17.7482393492988,19.702));
#14639=CARTESIAN_POINT('',(3.,-7.,19.702));
#14640=CARTESIAN_POINT('',(3.,-14.,19.702));
#14641=CARTESIAN_POINT('',(3.,-17.7482393492988,-3.298));
#14642=CARTESIAN_POINT('Origin',(-1.71450551880629E-15,-14.,19.702));
#14643=CARTESIAN_POINT('',(-1.34711147906209E-15,-11.,19.702));
#14644=CARTESIAN_POINT('Origin',(-1.71450551880629E-15,-14.,19.702));
#14645=CARTESIAN_POINT('Origin',(-1.71450551880629E-15,-14.,19.702));
#14646=CARTESIAN_POINT('Origin',(3.,17.7482393492988,19.702));
#14647=CARTESIAN_POINT('',(3.,17.7482393492988,19.702));
#14648=CARTESIAN_POINT('',(3.,14.,19.702));
#14649=CARTESIAN_POINT('',(3.,8.87411967464942,19.702));
#14650=CARTESIAN_POINT('',(3.,17.7482393492988,-3.298));
#14651=CARTESIAN_POINT('',(3.,14.,19.702));
#14652=CARTESIAN_POINT('Origin',(-3.,14.,19.702));
#14653=CARTESIAN_POINT('',(-3.,14.,19.702));
#14654=CARTESIAN_POINT('',(-3.,17.7482393492988,19.702));
#14655=CARTESIAN_POINT('',(-3.,7.,19.702));
#14656=CARTESIAN_POINT('',(-3.,14.,19.702));
#14657=CARTESIAN_POINT('',(-3.,17.7482393492988,-3.298));
#14658=CARTESIAN_POINT('Origin',(0.,14.,19.702));
#14659=CARTESIAN_POINT('',(0.,11.,19.702));
#14660=CARTESIAN_POINT('Origin',(0.,14.,19.702));
#14661=CARTESIAN_POINT('Origin',(0.,14.,19.702));
#14662=CARTESIAN_POINT('Origin',(17.7482393492988,-3.,19.702));
#14663=CARTESIAN_POINT('',(17.7482393492988,-3.,19.702));
#14664=CARTESIAN_POINT('',(14.,-3.,19.702));
#14665=CARTESIAN_POINT('',(8.87411967464942,-3.,19.702));
#14666=CARTESIAN_POINT('',(17.7482393492988,-3.,-3.298));
#14667=CARTESIAN_POINT('',(14.,-3.,19.702));
#14668=CARTESIAN_POINT('Origin',(14.,3.,19.702));
#14669=CARTESIAN_POINT('',(14.,3.,19.702));
#14670=CARTESIAN_POINT('',(17.7482393492988,3.,19.702));
#14671=CARTESIAN_POINT('',(7.,3.,19.702));
#14672=CARTESIAN_POINT('',(14.,3.,19.702));
#14673=CARTESIAN_POINT('',(17.7482393492988,3.,-3.298));
#14674=CARTESIAN_POINT('Origin',(14.,-3.10862446895044E-15,19.702));
#14675=CARTESIAN_POINT('',(11.,1.34711147906209E-15,19.702));
#14676=CARTESIAN_POINT('Origin',(14.,-3.10862446895044E-15,19.702));
#14677=CARTESIAN_POINT('Origin',(14.,-3.10862446895044E-15,19.702));
#14678=CARTESIAN_POINT('Origin',(0.,0.,19.702));
#14679=CARTESIAN_POINT('Origin',(0.,0.,19.702));
#14680=CARTESIAN_POINT('Origin',(0.,0.,19.702));
#14681=CARTESIAN_POINT('',(11.3994949366117,9.89949493661166,19.702));
#14682=CARTESIAN_POINT('Origin',(9.89949493661167,9.89949493661166,19.702));
#14683=CARTESIAN_POINT('Origin',(0.,0.,19.702));
#14684=CARTESIAN_POINT('Origin',(0.,0.,19.702));
#14685=CARTESIAN_POINT('Origin',(0.,0.,19.702));
#14686=CARTESIAN_POINT('',(11.3994949366117,-9.89949493661167,19.702));
#14687=CARTESIAN_POINT('Origin',(9.89949493661166,-9.89949493661167,19.702));
#14688=CARTESIAN_POINT('Origin',(0.,0.,19.702));
#14689=CARTESIAN_POINT('Origin',(0.,0.,19.702));
#14690=CARTESIAN_POINT('Origin',(0.,0.,19.702));
#14691=CARTESIAN_POINT('',(-8.39949493661166,-9.89949493661167,19.702));
#14692=CARTESIAN_POINT('Origin',(-9.89949493661166,-9.89949493661167,19.702));
#14693=CARTESIAN_POINT('Origin',(0.,0.,19.702));
#14694=CARTESIAN_POINT('Origin',(0.,0.,19.702));
#14695=CARTESIAN_POINT('Origin',(0.,0.,19.702));
#14696=CARTESIAN_POINT('',(-8.39949493661166,9.89949493661166,19.702));
#14697=CARTESIAN_POINT('Origin',(-9.89949493661166,9.89949493661166,19.702));
#14698=CARTESIAN_POINT('Origin',(0.,0.,-3.298));
#14699=CARTESIAN_POINT('',(18.,2.20436423846524E-15,-3.298));
#14700=CARTESIAN_POINT('',(18.,2.20436423846524E-15,-3.298));
#14701=CARTESIAN_POINT('Origin',(0.,0.,-3.298));
#14702=CARTESIAN_POINT('Origin',(15.5,-15.5,-6.298));
#14703=CARTESIAN_POINT('',(18.8,-15.5,-6.298));
#14704=CARTESIAN_POINT('Origin',(15.5,-15.5,-6.298));
#14705=CARTESIAN_POINT('',(17.9,-15.5,-6.298));
#14706=CARTESIAN_POINT('Origin',(15.5,-15.5,-6.298));
#14707=CARTESIAN_POINT('Origin',(-15.5,15.5,-6.298));
#14708=CARTESIAN_POINT('',(-12.2,15.5,-6.298));
#14709=CARTESIAN_POINT('Origin',(-15.5,15.5,-6.298));
#14710=CARTESIAN_POINT('',(-13.1,15.5,-6.298));
#14711=CARTESIAN_POINT('Origin',(-15.5,15.5,-6.298));
#14712=CARTESIAN_POINT('Origin',(15.5,15.5,-6.298));
#14713=CARTESIAN_POINT('',(18.8,15.5,-6.298));
#14714=CARTESIAN_POINT('Origin',(15.5,15.5,-6.298));
#14715=CARTESIAN_POINT('',(17.9,15.5,-6.298));
#14716=CARTESIAN_POINT('Origin',(15.5,15.5,-6.298));
#14717=CARTESIAN_POINT('Origin',(-15.5,-15.5,-6.298));
#14718=CARTESIAN_POINT('',(-12.2,-15.5,-6.298));
#14719=CARTESIAN_POINT('Origin',(-15.5,-15.5,-6.298));
#14720=CARTESIAN_POINT('',(-13.1,-15.5,-6.298));
#14721=CARTESIAN_POINT('Origin',(-15.5,-15.5,-6.298));
#14722=CARTESIAN_POINT('Origin',(15.5,15.5,-3.298));
#14723=CARTESIAN_POINT('',(17.9,15.5,-3.298));
#14724=CARTESIAN_POINT('Origin',(15.5,15.5,-3.298));
#14725=CARTESIAN_POINT('',(17.9,15.5,-3.298));
#14726=CARTESIAN_POINT('Origin',(15.5,15.5,-3.298));
#14727=CARTESIAN_POINT('',(18.8,15.5,-3.298));
#14728=CARTESIAN_POINT('Origin',(15.5,15.5,-3.298));
#14729=CARTESIAN_POINT('',(18.8,15.5,-3.298));
#14730=CARTESIAN_POINT('Origin',(-15.5,-16.8856406460551,-3.298));
#14731=CARTESIAN_POINT('',(-15.5,-16.8856406460551,-3.298));
#14732=CARTESIAN_POINT('',(-16.7,-16.1928203230276,-3.298));
#14733=CARTESIAN_POINT('',(-13.3433484396647,-18.1307840049629,-3.298));
#14734=CARTESIAN_POINT('',(-15.5,-16.8856406460551,-4.298));
#14735=CARTESIAN_POINT('',(-15.5,-16.8856406460551,-3.298));
#14736=CARTESIAN_POINT('',(-16.7,-16.1928203230276,-4.298));
#14737=CARTESIAN_POINT('',(-16.7,-16.1928203230276,-4.298));
#14738=CARTESIAN_POINT('',(-16.7,-16.1928203230276,-3.298));
#14739=CARTESIAN_POINT('Origin',(-14.3,-16.1928203230276,-3.298));
#14740=CARTESIAN_POINT('',(-14.3,-16.1928203230276,-3.298));
#14741=CARTESIAN_POINT('',(-5.4316515603353,-11.0726769641197,-3.298));
#14742=CARTESIAN_POINT('',(-14.3,-16.1928203230276,-4.298));
#14743=CARTESIAN_POINT('',(-14.3,-16.1928203230276,-3.298));
#14744=CARTESIAN_POINT('',(-15.5,-16.8856406460551,-4.298));
#14745=CARTESIAN_POINT('Origin',(-14.3,-14.8071796769725,-3.298));
#14746=CARTESIAN_POINT('',(-14.3,-14.8071796769725,-3.298));
#14747=CARTESIAN_POINT('',(-14.3,-7.40358983848623,-3.298));
#14748=CARTESIAN_POINT('',(-14.3,-14.8071796769725,-4.298));
#14749=CARTESIAN_POINT('',(-14.3,-14.8071796769725,-3.298));
#14750=CARTESIAN_POINT('',(-14.3,-16.1928203230276,-4.298));
#14751=CARTESIAN_POINT('Origin',(-15.5,-14.1143593539449,-3.298));
#14752=CARTESIAN_POINT('',(-15.5,-14.1143593539449,-3.298));
#14753=CARTESIAN_POINT('',(-12.7433484396647,-15.7059128743665,-3.298));
#14754=CARTESIAN_POINT('',(-15.5,-14.1143593539449,-4.298));
#14755=CARTESIAN_POINT('',(-15.5,-14.1143593539449,-3.298));
#14756=CARTESIAN_POINT('',(-14.3,-14.8071796769725,-4.298));
#14757=CARTESIAN_POINT('Origin',(-16.7,-14.8071796769725,-3.298));
#14758=CARTESIAN_POINT('',(-16.7,-14.8071796769725,-3.298));
#14759=CARTESIAN_POINT('',(-7.2316515603353,-9.34062615655087,-3.298));
#14760=CARTESIAN_POINT('',(-16.7,-14.8071796769725,-4.298));
#14761=CARTESIAN_POINT('',(-16.7,-14.8071796769725,-3.298));
#14762=CARTESIAN_POINT('',(-15.5,-14.1143593539449,-4.298));
#14763=CARTESIAN_POINT('Origin',(-16.7,-16.1928203230276,-3.298));
#14764=CARTESIAN_POINT('',(-16.7,-8.09641016151378,-3.298));
#14765=CARTESIAN_POINT('',(-16.7,-14.8071796769725,-4.298));
#14766=CARTESIAN_POINT('Origin',(-15.5,-15.5,-4.298));
#14767=CARTESIAN_POINT('',(-15.25,-15.5,-4.298));
#14768=CARTESIAN_POINT('Origin',(-15.5,-15.5,-4.298));
#14769=CARTESIAN_POINT('Origin',(15.5,-16.8856406460551,-3.298));
#14770=CARTESIAN_POINT('',(15.5,-16.8856406460551,-3.298));
#14771=CARTESIAN_POINT('',(14.3,-16.1928203230276,-3.298));
#14772=CARTESIAN_POINT('',(6.0316515603353,-11.4190871256335,-3.298));
#14773=CARTESIAN_POINT('',(15.5,-16.8856406460551,-4.298));
#14774=CARTESIAN_POINT('',(15.5,-16.8856406460551,-3.298));
#14775=CARTESIAN_POINT('',(14.3,-16.1928203230276,-4.298));
#14776=CARTESIAN_POINT('',(14.3,-16.1928203230276,-4.298));
#14777=CARTESIAN_POINT('',(14.3,-16.1928203230276,-3.298));
#14778=CARTESIAN_POINT('Origin',(16.7,-16.1928203230276,-3.298));
#14779=CARTESIAN_POINT('',(16.7,-16.1928203230276,-3.298));
#14780=CARTESIAN_POINT('',(13.9433484396647,-17.7843738434491,-3.298));
#14781=CARTESIAN_POINT('',(16.7,-16.1928203230276,-4.298));
#14782=CARTESIAN_POINT('',(16.7,-16.1928203230276,-3.298));
#14783=CARTESIAN_POINT('',(15.5,-16.8856406460551,-4.298));
#14784=CARTESIAN_POINT('Origin',(16.7,-14.8071796769725,-3.298));
#14785=CARTESIAN_POINT('',(16.7,-14.8071796769725,-3.298));
#14786=CARTESIAN_POINT('',(16.7,-7.40358983848623,-3.298));
#14787=CARTESIAN_POINT('',(16.7,-14.8071796769725,-4.298));
#14788=CARTESIAN_POINT('',(16.7,-14.8071796769725,-3.298));
#14789=CARTESIAN_POINT('',(16.7,-16.1928203230276,-4.298));
#14790=CARTESIAN_POINT('Origin',(15.5,-14.1143593539449,-3.298));
#14791=CARTESIAN_POINT('',(15.5,-14.1143593539449,-3.298));
#14792=CARTESIAN_POINT('',(6.6316515603353,-8.99421599503709,-3.298));
#14793=CARTESIAN_POINT('',(15.5,-14.1143593539449,-4.298));
#14794=CARTESIAN_POINT('',(15.5,-14.1143593539449,-3.298));
#14795=CARTESIAN_POINT('',(16.7,-14.8071796769725,-4.298));
#14796=CARTESIAN_POINT('Origin',(14.3,-14.8071796769725,-3.298));
#14797=CARTESIAN_POINT('',(14.3,-14.8071796769725,-3.298));
#14798=CARTESIAN_POINT('',(12.1433484396647,-16.0523230358803,-3.298));
#14799=CARTESIAN_POINT('',(14.3,-14.8071796769725,-4.298));
#14800=CARTESIAN_POINT('',(14.3,-14.8071796769725,-3.298));
#14801=CARTESIAN_POINT('',(15.5,-14.1143593539449,-4.298));
#14802=CARTESIAN_POINT('Origin',(14.3,-16.1928203230276,-3.298));
#14803=CARTESIAN_POINT('',(14.3,-8.09641016151378,-3.298));
#14804=CARTESIAN_POINT('',(14.3,-14.8071796769725,-4.298));
#14805=CARTESIAN_POINT('Origin',(15.5,-15.5,-4.298));
#14806=CARTESIAN_POINT('',(15.75,-15.5,-4.298));
#14807=CARTESIAN_POINT('Origin',(15.5,-15.5,-4.298));
#14808=CARTESIAN_POINT('Origin',(-15.5,14.1143593539449,-3.298));
#14809=CARTESIAN_POINT('',(-15.5,14.1143593539449,-3.298));
#14810=CARTESIAN_POINT('',(-16.7,14.8071796769725,-3.298));
#14811=CARTESIAN_POINT('',(-6.6316515603353,8.99421599503709,-3.298));
#14812=CARTESIAN_POINT('',(-15.5,14.1143593539449,-4.298));
#14813=CARTESIAN_POINT('',(-15.5,14.1143593539449,-3.298));
#14814=CARTESIAN_POINT('',(-16.7,14.8071796769725,-4.298));
#14815=CARTESIAN_POINT('',(-16.7,14.8071796769725,-4.298));
#14816=CARTESIAN_POINT('',(-16.7,14.8071796769725,-3.298));
#14817=CARTESIAN_POINT('Origin',(-14.3,14.8071796769725,-3.298));
#14818=CARTESIAN_POINT('',(-14.3,14.8071796769725,-3.298));
#14819=CARTESIAN_POINT('',(-12.1433484396647,16.0523230358803,-3.298));
#14820=CARTESIAN_POINT('',(-14.3,14.8071796769725,-4.298));
#14821=CARTESIAN_POINT('',(-14.3,14.8071796769725,-3.298));
#14822=CARTESIAN_POINT('',(-15.5,14.1143593539449,-4.298));
#14823=CARTESIAN_POINT('Origin',(-14.3,16.1928203230276,-3.298));
#14824=CARTESIAN_POINT('',(-14.3,16.1928203230276,-3.298));
#14825=CARTESIAN_POINT('',(-14.3,8.09641016151378,-3.298));
#14826=CARTESIAN_POINT('',(-14.3,16.1928203230276,-4.298));
#14827=CARTESIAN_POINT('',(-14.3,16.1928203230276,-3.298));
#14828=CARTESIAN_POINT('',(-14.3,14.8071796769725,-4.298));
#14829=CARTESIAN_POINT('Origin',(-15.5,16.8856406460551,-3.298));
#14830=CARTESIAN_POINT('',(-15.5,16.8856406460551,-3.298));
#14831=CARTESIAN_POINT('',(-6.0316515603353,11.4190871256335,-3.298));
#14832=CARTESIAN_POINT('',(-15.5,16.8856406460551,-4.298));
#14833=CARTESIAN_POINT('',(-15.5,16.8856406460551,-3.298));
#14834=CARTESIAN_POINT('',(-14.3,16.1928203230276,-4.298));
#14835=CARTESIAN_POINT('Origin',(-16.7,16.1928203230276,-3.298));
#14836=CARTESIAN_POINT('',(-16.7,16.1928203230276,-3.298));
#14837=CARTESIAN_POINT('',(-13.9433484396647,17.7843738434491,-3.298));
#14838=CARTESIAN_POINT('',(-16.7,16.1928203230276,-4.298));
#14839=CARTESIAN_POINT('',(-16.7,16.1928203230276,-3.298));
#14840=CARTESIAN_POINT('',(-15.5,16.8856406460551,-4.298));
#14841=CARTESIAN_POINT('Origin',(-16.7,14.8071796769725,-3.298));
#14842=CARTESIAN_POINT('',(-16.7,7.40358983848623,-3.298));
#14843=CARTESIAN_POINT('',(-16.7,16.1928203230276,-4.298));
#14844=CARTESIAN_POINT('Origin',(-15.5,15.5,-4.298));
#14845=CARTESIAN_POINT('',(-15.25,15.5,-4.298));
#14846=CARTESIAN_POINT('Origin',(-15.5,15.5,-4.298));
#14847=CARTESIAN_POINT('Origin',(15.5,14.1143593539449,-3.298));
#14848=CARTESIAN_POINT('',(15.5,14.1143593539449,-3.298));
#14849=CARTESIAN_POINT('',(14.3,14.8071796769725,-3.298));
#14850=CARTESIAN_POINT('',(12.7433484396647,15.7059128743665,-3.298));
#14851=CARTESIAN_POINT('',(15.5,14.1143593539449,-4.298));
#14852=CARTESIAN_POINT('',(15.5,14.1143593539449,-3.298));
#14853=CARTESIAN_POINT('',(14.3,14.8071796769725,-4.298));
#14854=CARTESIAN_POINT('',(14.3,14.8071796769725,-4.298));
#14855=CARTESIAN_POINT('',(14.3,14.8071796769725,-3.298));
#14856=CARTESIAN_POINT('Origin',(16.7,14.8071796769725,-3.298));
#14857=CARTESIAN_POINT('',(16.7,14.8071796769725,-3.298));
#14858=CARTESIAN_POINT('',(7.2316515603353,9.34062615655087,-3.298));
#14859=CARTESIAN_POINT('',(16.7,14.8071796769725,-4.298));
#14860=CARTESIAN_POINT('',(16.7,14.8071796769725,-3.298));
#14861=CARTESIAN_POINT('',(15.5,14.1143593539449,-4.298));
#14862=CARTESIAN_POINT('Origin',(16.7,16.1928203230276,-3.298));
#14863=CARTESIAN_POINT('',(16.7,16.1928203230276,-3.298));
#14864=CARTESIAN_POINT('',(16.7,8.09641016151378,-3.298));
#14865=CARTESIAN_POINT('',(16.7,16.1928203230276,-4.298));
#14866=CARTESIAN_POINT('',(16.7,16.1928203230276,-3.298));
#14867=CARTESIAN_POINT('',(16.7,14.8071796769725,-4.298));
#14868=CARTESIAN_POINT('Origin',(15.5,16.8856406460551,-3.298));
#14869=CARTESIAN_POINT('',(15.5,16.8856406460551,-3.298));
#14870=CARTESIAN_POINT('',(13.3433484396647,18.1307840049629,-3.298));
#14871=CARTESIAN_POINT('',(15.5,16.8856406460551,-4.298));
#14872=CARTESIAN_POINT('',(15.5,16.8856406460551,-3.298));
#14873=CARTESIAN_POINT('',(16.7,16.1928203230276,-4.298));
#14874=CARTESIAN_POINT('Origin',(14.3,16.1928203230276,-3.298));
#14875=CARTESIAN_POINT('',(14.3,16.1928203230276,-3.298));
#14876=CARTESIAN_POINT('',(5.4316515603353,11.0726769641197,-3.298));
#14877=CARTESIAN_POINT('',(14.3,16.1928203230276,-4.298));
#14878=CARTESIAN_POINT('',(14.3,16.1928203230276,-3.298));
#14879=CARTESIAN_POINT('',(15.5,16.8856406460551,-4.298));
#14880=CARTESIAN_POINT('Origin',(14.3,14.8071796769725,-3.298));
#14881=CARTESIAN_POINT('',(14.3,7.40358983848623,-3.298));
#14882=CARTESIAN_POINT('',(14.3,16.1928203230276,-4.298));
#14883=CARTESIAN_POINT('Origin',(15.5,15.5,-4.298));
#14884=CARTESIAN_POINT('',(15.75,15.5,-4.298));
#14885=CARTESIAN_POINT('Origin',(15.5,15.5,-4.298));
#14886=CARTESIAN_POINT('Origin',(-15.5,-15.5,-3.298));
#14887=CARTESIAN_POINT('',(-13.1,-15.5,-3.298));
#14888=CARTESIAN_POINT('Origin',(-15.5,-15.5,-3.298));
#14889=CARTESIAN_POINT('',(-13.1,-15.5,-3.298));
#14890=CARTESIAN_POINT('Origin',(-15.5,-15.5,-3.298));
#14891=CARTESIAN_POINT('',(-12.2,-15.5,-3.298));
#14892=CARTESIAN_POINT('Origin',(-15.5,-15.5,-3.298));
#14893=CARTESIAN_POINT('',(-12.2,-15.5,-3.298));
#14894=CARTESIAN_POINT('Origin',(15.5,-15.5,-3.298));
#14895=CARTESIAN_POINT('',(17.9,-15.5,-3.298));
#14896=CARTESIAN_POINT('Origin',(15.5,-15.5,-3.298));
#14897=CARTESIAN_POINT('',(17.9,-15.5,-3.298));
#14898=CARTESIAN_POINT('Origin',(15.5,-15.5,-3.298));
#14899=CARTESIAN_POINT('',(18.8,-15.5,-3.298));
#14900=CARTESIAN_POINT('Origin',(15.5,-15.5,-3.298));
#14901=CARTESIAN_POINT('',(18.8,-15.5,-3.298));
#14902=CARTESIAN_POINT('Origin',(-15.5,15.5,-3.298));
#14903=CARTESIAN_POINT('',(-13.1,15.5,-3.298));
#14904=CARTESIAN_POINT('Origin',(-15.5,15.5,-3.298));
#14905=CARTESIAN_POINT('',(-13.1,15.5,-3.298));
#14906=CARTESIAN_POINT('Origin',(-15.5,15.5,-3.298));
#14907=CARTESIAN_POINT('',(-12.2,15.5,-3.298));
#14908=CARTESIAN_POINT('Origin',(-15.5,15.5,-3.298));
#14909=CARTESIAN_POINT('',(-12.2,15.5,-3.298));
#14910=CARTESIAN_POINT('Origin',(0.,0.,-3.298));
#14911=CARTESIAN_POINT('Origin',(0.,0.,-3.298));
#14912=CARTESIAN_POINT('Origin',(0.,0.,-3.298));
#14913=CARTESIAN_POINT('Origin',(0.,0.,-3.298));
#14914=CARTESIAN_POINT('Origin',(0.,0.,-8.362));
#14915=CARTESIAN_POINT('',(-17.305,-15.5,-8.362));
#14916=CARTESIAN_POINT('Origin',(-15.5,-15.5,-8.362));
#14917=CARTESIAN_POINT('',(-15.25,-15.5,-8.362));
#14918=CARTESIAN_POINT('Origin',(-15.5,-15.5,-8.362));
#14919=CARTESIAN_POINT('Origin',(0.,0.,-8.362));
#14920=CARTESIAN_POINT('',(13.695,-15.5,-8.362));
#14921=CARTESIAN_POINT('Origin',(15.5,-15.5,-8.362));
#14922=CARTESIAN_POINT('',(15.75,-15.5,-8.362));
#14923=CARTESIAN_POINT('Origin',(15.5,-15.5,-8.362));
#14924=CARTESIAN_POINT('Origin',(0.,0.,-8.362));
#14925=CARTESIAN_POINT('',(13.695,15.5,-8.362));
#14926=CARTESIAN_POINT('Origin',(15.5,15.5,-8.362));
#14927=CARTESIAN_POINT('',(15.75,15.5,-8.362));
#14928=CARTESIAN_POINT('Origin',(15.5,15.5,-8.362));
#14929=CARTESIAN_POINT('Origin',(0.,0.,-8.362));
#14930=CARTESIAN_POINT('',(-17.305,15.5,-8.362));
#14931=CARTESIAN_POINT('Origin',(-15.5,15.5,-8.362));
#14932=CARTESIAN_POINT('',(-15.25,15.5,-8.362));
#14933=CARTESIAN_POINT('Origin',(-15.5,15.5,-8.362));
#14934=CARTESIAN_POINT('Origin',(0.,0.,-3.298));
#14935=CARTESIAN_POINT('',(16.7293452157712,-20.9996525113219,-3.298));
#14936=CARTESIAN_POINT('',(17.4642732066779,-20.6952353701208,-3.298));
#14937=CARTESIAN_POINT('Ctrl Pts',(16.7293452157712,-20.9996525113219,-3.298));
#14938=CARTESIAN_POINT('Ctrl Pts',(17.0027724343622,-20.9996525113219,-3.298));
#14939=CARTESIAN_POINT('Ctrl Pts',(17.2709309662513,-20.8885776105475,-3.298));
#14940=CARTESIAN_POINT('Ctrl Pts',(17.4642732066779,-20.6952353701208,-3.298));
#14941=CARTESIAN_POINT('',(20.6952353701208,-17.4642732066779,-3.298));
#14942=CARTESIAN_POINT('',(17.4642732066779,-20.6952353701208,-3.298));
#14943=CARTESIAN_POINT('',(20.9996525113219,-16.7293452157713,-3.298));
#14944=CARTESIAN_POINT('Ctrl Pts',(20.6952353701208,-17.4642732066779,-3.298));
#14945=CARTESIAN_POINT('Ctrl Pts',(20.8885776105474,-17.2709309662513,-3.298));
#14946=CARTESIAN_POINT('Ctrl Pts',(20.9996525113219,-17.0027724343622,-3.298));
#14947=CARTESIAN_POINT('Ctrl Pts',(20.9996525113219,-16.7293452157713,-3.298));
#14948=CARTESIAN_POINT('',(20.9996525113219,16.7293452157713,-3.298));
#14949=CARTESIAN_POINT('',(20.9996525113219,-16.7293452157713,-3.298));
#14950=CARTESIAN_POINT('',(20.6952353701208,17.464273206678,-3.298));
#14951=CARTESIAN_POINT('Ctrl Pts',(20.9996525113219,16.7293452157713,-3.298));
#14952=CARTESIAN_POINT('Ctrl Pts',(20.9996525113219,17.0027724343623,-3.298));
#14953=CARTESIAN_POINT('Ctrl Pts',(20.8885776105474,17.2709309662513,-3.298));
#14954=CARTESIAN_POINT('Ctrl Pts',(20.6952353701208,17.464273206678,-3.298));
#14955=CARTESIAN_POINT('',(17.4642732066779,20.6952353701208,-3.298));
#14956=CARTESIAN_POINT('',(20.6952353701208,17.464273206678,-3.298));
#14957=CARTESIAN_POINT('',(16.7293452157712,20.9996525113219,-3.298));
#14958=CARTESIAN_POINT('Ctrl Pts',(17.4642732066779,20.6952353701208,-3.298));
#14959=CARTESIAN_POINT('Ctrl Pts',(17.2709309662513,20.8885776105474,-3.298));
#14960=CARTESIAN_POINT('Ctrl Pts',(17.0027724343622,20.9996525113219,-3.298));
#14961=CARTESIAN_POINT('Ctrl Pts',(16.7293452157712,20.9996525113219,-3.298));
#14962=CARTESIAN_POINT('',(-16.7293452157712,20.9996525113219,-3.298));
#14963=CARTESIAN_POINT('',(16.7293452157712,20.9996525113219,-3.298));
#14964=CARTESIAN_POINT('',(-17.4642732066779,20.6952353701208,-3.298));
#14965=CARTESIAN_POINT('Ctrl Pts',(-16.7293452157712,20.9996525113219,-3.298));
#14966=CARTESIAN_POINT('Ctrl Pts',(-17.0027724343622,20.9996525113219,-3.298));
#14967=CARTESIAN_POINT('Ctrl Pts',(-17.2709309662512,20.8885776105474,-3.298));
#14968=CARTESIAN_POINT('Ctrl Pts',(-17.4642732066779,20.6952353701208,-3.298));
#14969=CARTESIAN_POINT('',(-20.6952353701208,17.464273206678,-3.298));
#14970=CARTESIAN_POINT('',(-17.4642732066779,20.6952353701208,-3.298));
#14971=CARTESIAN_POINT('',(-20.9996525113219,16.7293452157713,-3.298));
#14972=CARTESIAN_POINT('Ctrl Pts',(-20.6952353701208,17.464273206678,-3.298));
#14973=CARTESIAN_POINT('Ctrl Pts',(-20.8885776105474,17.2709309662513,-3.298));
#14974=CARTESIAN_POINT('Ctrl Pts',(-20.9996525113219,17.0027724343623,-3.298));
#14975=CARTESIAN_POINT('Ctrl Pts',(-20.9996525113219,16.7293452157713,-3.298));
#14976=CARTESIAN_POINT('',(-20.9996525113219,-16.7293452157713,-3.298));
#14977=CARTESIAN_POINT('',(-20.9996525113219,16.7293452157713,-3.298));
#14978=CARTESIAN_POINT('',(-20.6952353701208,-17.464273206678,-3.298));
#14979=CARTESIAN_POINT('Ctrl Pts',(-20.9996525113219,-16.7293452157713,
-3.298));
#14980=CARTESIAN_POINT('Ctrl Pts',(-20.9996525113219,-17.0027724343623,
-3.298));
#14981=CARTESIAN_POINT('Ctrl Pts',(-20.8885776105474,-17.2709309662513,
-3.298));
#14982=CARTESIAN_POINT('Ctrl Pts',(-20.6952353701208,-17.464273206678,-3.298));
#14983=CARTESIAN_POINT('',(-17.4642732066779,-20.6952353701208,-3.298));
#14984=CARTESIAN_POINT('',(-20.6952353701208,-17.464273206678,-3.298));
#14985=CARTESIAN_POINT('',(-16.7293452157713,-20.9996525113219,-3.298));
#14986=CARTESIAN_POINT('Ctrl Pts',(-17.4642732066779,-20.6952353701208,
-3.298));
#14987=CARTESIAN_POINT('Ctrl Pts',(-17.2709309662513,-20.8885776105474,
-3.298));
#14988=CARTESIAN_POINT('Ctrl Pts',(-17.0027724343622,-20.9996525113219,
-3.298));
#14989=CARTESIAN_POINT('Ctrl Pts',(-16.7293452157713,-20.9996525113219,
-3.298));
#14990=CARTESIAN_POINT('',(-16.7293452157713,-20.9996525113219,-3.298));
#14991=CARTESIAN_POINT('Origin',(-15.5,-15.5,-8.362));
#14992=CARTESIAN_POINT('',(-15.25,-15.5,-8.362));
#14993=CARTESIAN_POINT('Origin',(15.5,15.5,-8.362));
#14994=CARTESIAN_POINT('',(15.75,15.5,-8.362));
#14995=CARTESIAN_POINT('Origin',(-15.5,15.5,-8.362));
#14996=CARTESIAN_POINT('',(-15.25,15.5,-8.362));
#14997=CARTESIAN_POINT('Origin',(15.5,-15.5,-8.362));
#14998=CARTESIAN_POINT('',(15.75,-15.5,-8.362));
#14999=CARTESIAN_POINT('Origin',(-16.7293452157713,-20.9996525113219,-8.362));
#15000=CARTESIAN_POINT('',(-16.7293452157713,-20.9996525113219,-8.362));
#15001=CARTESIAN_POINT('',(16.7293452157712,-20.9996525113219,-8.362));
#15002=CARTESIAN_POINT('',(-16.7293452157713,-20.9996525113219,-8.362));
#15003=CARTESIAN_POINT('',(16.7293452157712,-20.9996525113219,-8.362));
#15004=CARTESIAN_POINT('',(-16.7293452157713,-20.9996525113219,-8.362));
#15005=CARTESIAN_POINT('Ctrl Pts',(-17.4642732066779,-20.6952353701208,
-8.362));
#15006=CARTESIAN_POINT('Ctrl Pts',(-17.4642732066779,-20.6952353701208,
-3.298));
#15007=CARTESIAN_POINT('Ctrl Pts',(-17.2709309662513,-20.8885776105474,
-8.362));
#15008=CARTESIAN_POINT('Ctrl Pts',(-17.2709309662513,-20.8885776105474,
-3.298));
#15009=CARTESIAN_POINT('Ctrl Pts',(-17.0027724343622,-20.9996525113219,
-8.362));
#15010=CARTESIAN_POINT('Ctrl Pts',(-17.0027724343622,-20.9996525113219,
-3.298));
#15011=CARTESIAN_POINT('Ctrl Pts',(-16.7293452157713,-20.9996525113219,
-8.362));
#15012=CARTESIAN_POINT('Ctrl Pts',(-16.7293452157713,-20.9996525113219,
-3.298));
#15013=CARTESIAN_POINT('',(-17.4642732066779,-20.6952353701208,-8.362));
#15014=CARTESIAN_POINT('Ctrl Pts',(-17.4642732066779,-20.6952353701208,
-8.362));
#15015=CARTESIAN_POINT('Ctrl Pts',(-17.2709309662513,-20.8885776105474,
-8.362));
#15016=CARTESIAN_POINT('Ctrl Pts',(-17.0027724343622,-20.9996525113219,
-8.362));
#15017=CARTESIAN_POINT('Ctrl Pts',(-16.7293452157713,-20.9996525113219,
-8.362));
#15018=CARTESIAN_POINT('',(-17.4642732066779,-20.6952353701208,-8.362));
#15019=CARTESIAN_POINT('Origin',(-20.6952353701208,-17.464273206678,-8.362));
#15020=CARTESIAN_POINT('',(-20.6952353701208,-17.464273206678,-8.362));
#15021=CARTESIAN_POINT('',(-20.6952353701208,-17.464273206678,-8.362));
#15022=CARTESIAN_POINT('',(-20.6952353701208,-17.464273206678,-8.362));
#15023=CARTESIAN_POINT('Ctrl Pts',(-20.9996525113219,-16.7293452157713,
-8.362));
#15024=CARTESIAN_POINT('Ctrl Pts',(-20.9996525113219,-16.7293452157713,
-3.298));
#15025=CARTESIAN_POINT('Ctrl Pts',(-20.9996525113219,-17.0027724343623,
-8.362));
#15026=CARTESIAN_POINT('Ctrl Pts',(-20.9996525113219,-17.0027724343623,
-3.298));
#15027=CARTESIAN_POINT('Ctrl Pts',(-20.8885776105474,-17.2709309662513,
-8.362));
#15028=CARTESIAN_POINT('Ctrl Pts',(-20.8885776105474,-17.2709309662513,
-3.298));
#15029=CARTESIAN_POINT('Ctrl Pts',(-20.6952353701208,-17.464273206678,-8.362));
#15030=CARTESIAN_POINT('Ctrl Pts',(-20.6952353701208,-17.464273206678,-3.298));
#15031=CARTESIAN_POINT('',(-20.9996525113219,-16.7293452157713,-8.362));
#15032=CARTESIAN_POINT('Ctrl Pts',(-20.9996525113219,-16.7293452157713,
-8.362));
#15033=CARTESIAN_POINT('Ctrl Pts',(-20.9996525113219,-17.0027724343623,
-8.362));
#15034=CARTESIAN_POINT('Ctrl Pts',(-20.8885776105474,-17.2709309662513,
-8.362));
#15035=CARTESIAN_POINT('Ctrl Pts',(-20.6952353701208,-17.464273206678,-8.362));
#15036=CARTESIAN_POINT('',(-20.9996525113219,-16.7293452157713,-8.362));
#15037=CARTESIAN_POINT('Origin',(-20.9996525113219,16.7293452157713,-8.362));
#15038=CARTESIAN_POINT('',(-20.9996525113219,16.7293452157713,-8.362));
#15039=CARTESIAN_POINT('',(-20.9996525113219,16.7293452157713,-8.362));
#15040=CARTESIAN_POINT('',(-20.9996525113219,16.7293452157713,-8.362));
#15041=CARTESIAN_POINT('Ctrl Pts',(-20.6952353701208,17.464273206678,-8.362));
#15042=CARTESIAN_POINT('Ctrl Pts',(-20.6952353701208,17.464273206678,-3.298));
#15043=CARTESIAN_POINT('Ctrl Pts',(-20.8885776105474,17.2709309662513,-8.362));
#15044=CARTESIAN_POINT('Ctrl Pts',(-20.8885776105474,17.2709309662513,-3.298));
#15045=CARTESIAN_POINT('Ctrl Pts',(-20.9996525113219,17.0027724343623,-8.362));
#15046=CARTESIAN_POINT('Ctrl Pts',(-20.9996525113219,17.0027724343623,-3.298));
#15047=CARTESIAN_POINT('Ctrl Pts',(-20.9996525113219,16.7293452157713,-8.362));
#15048=CARTESIAN_POINT('Ctrl Pts',(-20.9996525113219,16.7293452157713,-3.298));
#15049=CARTESIAN_POINT('',(-20.6952353701208,17.464273206678,-8.362));
#15050=CARTESIAN_POINT('Ctrl Pts',(-20.6952353701208,17.464273206678,-8.362));
#15051=CARTESIAN_POINT('Ctrl Pts',(-20.8885776105474,17.2709309662513,-8.362));
#15052=CARTESIAN_POINT('Ctrl Pts',(-20.9996525113219,17.0027724343623,-8.362));
#15053=CARTESIAN_POINT('Ctrl Pts',(-20.9996525113219,16.7293452157713,-8.362));
#15054=CARTESIAN_POINT('',(-20.6952353701208,17.464273206678,-8.362));
#15055=CARTESIAN_POINT('Origin',(-17.4642732066779,20.6952353701208,-8.362));
#15056=CARTESIAN_POINT('',(-17.4642732066779,20.6952353701208,-8.362));
#15057=CARTESIAN_POINT('',(-17.4642732066779,20.6952353701208,-8.362));
#15058=CARTESIAN_POINT('',(-17.4642732066779,20.6952353701208,-8.362));
#15059=CARTESIAN_POINT('Ctrl Pts',(-16.7293452157712,20.9996525113219,-8.362));
#15060=CARTESIAN_POINT('Ctrl Pts',(-16.7293452157712,20.9996525113219,-3.298));
#15061=CARTESIAN_POINT('Ctrl Pts',(-17.0027724343622,20.9996525113219,-8.362));
#15062=CARTESIAN_POINT('Ctrl Pts',(-17.0027724343622,20.9996525113219,-3.298));
#15063=CARTESIAN_POINT('Ctrl Pts',(-17.2709309662512,20.8885776105474,-8.362));
#15064=CARTESIAN_POINT('Ctrl Pts',(-17.2709309662512,20.8885776105474,-3.298));
#15065=CARTESIAN_POINT('Ctrl Pts',(-17.4642732066779,20.6952353701208,-8.362));
#15066=CARTESIAN_POINT('Ctrl Pts',(-17.4642732066779,20.6952353701208,-3.298));
#15067=CARTESIAN_POINT('',(-16.7293452157712,20.9996525113219,-8.362));
#15068=CARTESIAN_POINT('Ctrl Pts',(-16.7293452157712,20.9996525113219,-8.362));
#15069=CARTESIAN_POINT('Ctrl Pts',(-17.0027724343622,20.9996525113219,-8.362));
#15070=CARTESIAN_POINT('Ctrl Pts',(-17.2709309662512,20.8885776105474,-8.362));
#15071=CARTESIAN_POINT('Ctrl Pts',(-17.4642732066779,20.6952353701208,-8.362));
#15072=CARTESIAN_POINT('',(-16.7293452157712,20.9996525113219,-8.362));
#15073=CARTESIAN_POINT('Origin',(16.7293452157712,20.9996525113219,-8.362));
#15074=CARTESIAN_POINT('',(16.7293452157712,20.9996525113219,-8.362));
#15075=CARTESIAN_POINT('',(16.7293452157712,20.9996525113219,-8.362));
#15076=CARTESIAN_POINT('',(16.7293452157712,20.9996525113219,-8.362));
#15077=CARTESIAN_POINT('Ctrl Pts',(17.4642732066779,20.6952353701208,-8.362));
#15078=CARTESIAN_POINT('Ctrl Pts',(17.4642732066779,20.6952353701208,-3.298));
#15079=CARTESIAN_POINT('Ctrl Pts',(17.2709309662513,20.8885776105474,-8.362));
#15080=CARTESIAN_POINT('Ctrl Pts',(17.2709309662513,20.8885776105474,-3.298));
#15081=CARTESIAN_POINT('Ctrl Pts',(17.0027724343622,20.9996525113219,-8.362));
#15082=CARTESIAN_POINT('Ctrl Pts',(17.0027724343622,20.9996525113219,-3.298));
#15083=CARTESIAN_POINT('Ctrl Pts',(16.7293452157712,20.9996525113219,-8.362));
#15084=CARTESIAN_POINT('Ctrl Pts',(16.7293452157712,20.9996525113219,-3.298));
#15085=CARTESIAN_POINT('',(17.4642732066779,20.6952353701208,-8.362));
#15086=CARTESIAN_POINT('Ctrl Pts',(17.4642732066779,20.6952353701208,-8.362));
#15087=CARTESIAN_POINT('Ctrl Pts',(17.2709309662513,20.8885776105474,-8.362));
#15088=CARTESIAN_POINT('Ctrl Pts',(17.0027724343622,20.9996525113219,-8.362));
#15089=CARTESIAN_POINT('Ctrl Pts',(16.7293452157712,20.9996525113219,-8.362));
#15090=CARTESIAN_POINT('',(17.4642732066779,20.6952353701208,-8.362));
#15091=CARTESIAN_POINT('Origin',(20.6952353701208,17.464273206678,-8.362));
#15092=CARTESIAN_POINT('',(20.6952353701208,17.464273206678,-8.362));
#15093=CARTESIAN_POINT('',(20.6952353701208,17.464273206678,-8.362));
#15094=CARTESIAN_POINT('',(20.6952353701208,17.464273206678,-8.362));
#15095=CARTESIAN_POINT('Ctrl Pts',(20.9996525113219,16.7293452157713,-8.362));
#15096=CARTESIAN_POINT('Ctrl Pts',(20.9996525113219,16.7293452157713,-3.298));
#15097=CARTESIAN_POINT('Ctrl Pts',(20.9996525113219,17.0027724343623,-8.362));
#15098=CARTESIAN_POINT('Ctrl Pts',(20.9996525113219,17.0027724343623,-3.298));
#15099=CARTESIAN_POINT('Ctrl Pts',(20.8885776105474,17.2709309662513,-8.362));
#15100=CARTESIAN_POINT('Ctrl Pts',(20.8885776105474,17.2709309662513,-3.298));
#15101=CARTESIAN_POINT('Ctrl Pts',(20.6952353701208,17.464273206678,-8.362));
#15102=CARTESIAN_POINT('Ctrl Pts',(20.6952353701208,17.464273206678,-3.298));
#15103=CARTESIAN_POINT('',(20.9996525113219,16.7293452157713,-8.362));
#15104=CARTESIAN_POINT('Ctrl Pts',(20.9996525113219,16.7293452157713,-8.362));
#15105=CARTESIAN_POINT('Ctrl Pts',(20.9996525113219,17.0027724343623,-8.362));
#15106=CARTESIAN_POINT('Ctrl Pts',(20.8885776105474,17.2709309662513,-8.362));
#15107=CARTESIAN_POINT('Ctrl Pts',(20.6952353701208,17.464273206678,-8.362));
#15108=CARTESIAN_POINT('',(20.9996525113219,16.7293452157713,-8.362));
#15109=CARTESIAN_POINT('Origin',(20.9996525113219,-16.7293452157713,-8.362));
#15110=CARTESIAN_POINT('',(20.9996525113219,-16.7293452157713,-8.362));
#15111=CARTESIAN_POINT('',(20.9996525113219,-16.7293452157713,-8.362));
#15112=CARTESIAN_POINT('',(20.9996525113219,-16.7293452157713,-8.362));
#15113=CARTESIAN_POINT('Ctrl Pts',(20.6952353701208,-17.4642732066779,-8.362));
#15114=CARTESIAN_POINT('Ctrl Pts',(20.6952353701208,-17.4642732066779,-3.298));
#15115=CARTESIAN_POINT('Ctrl Pts',(20.8885776105474,-17.2709309662513,-8.362));
#15116=CARTESIAN_POINT('Ctrl Pts',(20.8885776105474,-17.2709309662513,-3.298));
#15117=CARTESIAN_POINT('Ctrl Pts',(20.9996525113219,-17.0027724343622,-8.362));
#15118=CARTESIAN_POINT('Ctrl Pts',(20.9996525113219,-17.0027724343622,-3.298));
#15119=CARTESIAN_POINT('Ctrl Pts',(20.9996525113219,-16.7293452157713,-8.362));
#15120=CARTESIAN_POINT('Ctrl Pts',(20.9996525113219,-16.7293452157713,-3.298));
#15121=CARTESIAN_POINT('',(20.6952353701208,-17.4642732066779,-8.362));
#15122=CARTESIAN_POINT('Ctrl Pts',(20.6952353701208,-17.4642732066779,-8.362));
#15123=CARTESIAN_POINT('Ctrl Pts',(20.8885776105474,-17.2709309662513,-8.362));
#15124=CARTESIAN_POINT('Ctrl Pts',(20.9996525113219,-17.0027724343622,-8.362));
#15125=CARTESIAN_POINT('Ctrl Pts',(20.9996525113219,-16.7293452157713,-8.362));
#15126=CARTESIAN_POINT('',(20.6952353701208,-17.4642732066779,-8.362));
#15127=CARTESIAN_POINT('Origin',(17.4642732066779,-20.6952353701208,-8.362));
#15128=CARTESIAN_POINT('',(17.4642732066779,-20.6952353701208,-8.362));
#15129=CARTESIAN_POINT('',(17.4642732066779,-20.6952353701208,-8.362));
#15130=CARTESIAN_POINT('',(17.4642732066779,-20.6952353701208,-8.362));
#15131=CARTESIAN_POINT('Ctrl Pts',(16.7293452157712,-20.9996525113219,-8.362));
#15132=CARTESIAN_POINT('Ctrl Pts',(16.7293452157712,-20.9996525113219,-3.298));
#15133=CARTESIAN_POINT('Ctrl Pts',(17.0027724343622,-20.9996525113219,-8.362));
#15134=CARTESIAN_POINT('Ctrl Pts',(17.0027724343622,-20.9996525113219,-3.298));
#15135=CARTESIAN_POINT('Ctrl Pts',(17.2709309662513,-20.8885776105475,-8.362));
#15136=CARTESIAN_POINT('Ctrl Pts',(17.2709309662513,-20.8885776105475,-3.298));
#15137=CARTESIAN_POINT('Ctrl Pts',(17.4642732066779,-20.6952353701208,-8.362));
#15138=CARTESIAN_POINT('Ctrl Pts',(17.4642732066779,-20.6952353701208,-3.298));
#15139=CARTESIAN_POINT('Ctrl Pts',(16.7293452157712,-20.9996525113219,-8.362));
#15140=CARTESIAN_POINT('Ctrl Pts',(17.0027724343622,-20.9996525113219,-8.362));
#15141=CARTESIAN_POINT('Ctrl Pts',(17.2709309662513,-20.8885776105475,-8.362));
#15142=CARTESIAN_POINT('Ctrl Pts',(17.4642732066779,-20.6952353701208,-8.362));
#15143=CARTESIAN_POINT('Origin',(0.,0.,-8.362));
#15144=CARTESIAN_POINT('',(16.7293452157712,-20.9,-8.362));
#15145=CARTESIAN_POINT('',(-16.7293452157713,-20.9,-8.362));
#15146=CARTESIAN_POINT('',(8.48000000000001,-20.9,-8.362));
#15147=CARTESIAN_POINT('',(17.3938082401599,-20.6247704036028,-8.362));
#15148=CARTESIAN_POINT('Origin',(16.6777817776272,-19.8358222275241,-8.362));
#15149=CARTESIAN_POINT('',(20.6247704036028,-17.3938082401599,-8.362));
#15150=CARTESIAN_POINT('',(17.9492893218813,-20.0692893218814,-8.362));
#15151=CARTESIAN_POINT('',(20.9,-16.7293452157713,-8.362));
#15152=CARTESIAN_POINT('Origin',(19.8358222275241,-16.6777817776272,-8.362));
#15153=CARTESIAN_POINT('',(20.9,16.7293452157713,-8.362));
#15154=CARTESIAN_POINT('',(20.9,8.48000000000002,-8.362));
#15155=CARTESIAN_POINT('',(20.6247704036028,17.39380824016,-8.362));
#15156=CARTESIAN_POINT('Origin',(19.8358222275241,16.6777817776272,-8.362));
#15157=CARTESIAN_POINT('',(17.3938082401599,20.6247704036028,-8.362));
#15158=CARTESIAN_POINT('',(17.9492893218813,20.0692893218814,-8.362));
#15159=CARTESIAN_POINT('',(16.7293452157712,20.9,-8.362));
#15160=CARTESIAN_POINT('Origin',(16.6777817776272,19.8358222275241,-8.362));
#15161=CARTESIAN_POINT('',(-16.7293452157712,20.9,-8.362));
#15162=CARTESIAN_POINT('',(-8.48,20.9,-8.362));
#15163=CARTESIAN_POINT('',(-17.3938082401599,20.6247704036028,-8.362));
#15164=CARTESIAN_POINT('Origin',(-16.6777817776272,19.8358222275241,-8.362));
#15165=CARTESIAN_POINT('',(-20.6247704036028,17.39380824016,-8.362));
#15166=CARTESIAN_POINT('',(-17.9492893218813,20.0692893218814,-8.362));
#15167=CARTESIAN_POINT('',(-20.9,16.7293452157713,-8.362));
#15168=CARTESIAN_POINT('Origin',(-19.8358222275241,16.6777817776272,-8.362));
#15169=CARTESIAN_POINT('',(-20.9,-16.7293452157713,-8.362));
#15170=CARTESIAN_POINT('',(-20.9,-8.48000000000002,-8.362));
#15171=CARTESIAN_POINT('',(-20.6247704036028,-17.39380824016,-8.362));
#15172=CARTESIAN_POINT('Origin',(-19.8358222275241,-16.6777817776272,-8.362));
#15173=CARTESIAN_POINT('',(-17.3938082401599,-20.6247704036028,-8.362));
#15174=CARTESIAN_POINT('',(-17.9492893218813,-20.0692893218814,-8.362));
#15175=CARTESIAN_POINT('Origin',(-16.6777817776272,-19.8358222275241,-8.362));
#15176=CARTESIAN_POINT('Origin',(9.89949493661167,9.89949493661166,19.702));
#15177=CARTESIAN_POINT('',(11.3994949366117,9.89949493661166,11.702));
#15178=CARTESIAN_POINT('',(11.3994949366117,9.89949493661166,19.702));
#15179=CARTESIAN_POINT('Origin',(9.89949493661167,9.89949493661166,11.702));
#15180=CARTESIAN_POINT('Origin',(9.89949493661167,9.89949493661166,11.702));
#15181=CARTESIAN_POINT('Origin',(9.89949493661166,-9.89949493661167,19.702));
#15182=CARTESIAN_POINT('',(11.3994949366117,-9.89949493661167,11.702));
#15183=CARTESIAN_POINT('',(11.3994949366117,-9.89949493661167,19.702));
#15184=CARTESIAN_POINT('Origin',(9.89949493661166,-9.89949493661167,11.702));
#15185=CARTESIAN_POINT('Origin',(9.89949493661166,-9.89949493661167,11.702));
#15186=CARTESIAN_POINT('Origin',(-9.89949493661166,9.89949493661166,19.702));
#15187=CARTESIAN_POINT('',(-8.39949493661166,9.89949493661166,11.702));
#15188=CARTESIAN_POINT('',(-8.39949493661166,9.89949493661166,19.702));
#15189=CARTESIAN_POINT('Origin',(-9.89949493661166,9.89949493661166,11.702));
#15190=CARTESIAN_POINT('Origin',(-9.89949493661166,9.89949493661166,11.702));
#15191=CARTESIAN_POINT('Origin',(-9.89949493661166,-9.89949493661167,19.702));
#15192=CARTESIAN_POINT('',(-8.39949493661166,-9.89949493661167,11.702));
#15193=CARTESIAN_POINT('',(-8.39949493661166,-9.89949493661167,19.702));
#15194=CARTESIAN_POINT('Origin',(-9.89949493661166,-9.89949493661167,11.702));
#15195=CARTESIAN_POINT('Origin',(-9.89949493661166,-9.89949493661167,11.702));
#15196=CARTESIAN_POINT('Origin',(0.,0.,19.702));
#15197=CARTESIAN_POINT('',(11.,1.34711147906209E-15,19.702));
#15198=CARTESIAN_POINT('Origin',(0.,0.,21.702));
#15199=CARTESIAN_POINT('',(5.,6.12323399573677E-16,21.702));
#15200=CARTESIAN_POINT('Origin',(0.,0.,21.702));
#15201=CARTESIAN_POINT('Origin',(0.,0.,-12.68));
#15202=CARTESIAN_POINT('',(3.,3.67394039744206E-16,-12.68));
#15203=CARTESIAN_POINT('Origin',(0.,0.,-12.68));
#15204=CARTESIAN_POINT('',(-2.62699999999999,-3.21714714136009E-16,-12.68));
#15205=CARTESIAN_POINT('Origin',(0.,0.,-12.68));
#15206=CARTESIAN_POINT('Origin',(0.,0.,-16.3492));
#15207=CARTESIAN_POINT('',(17.4528932188135,20.7071067811865,-16.3492));
#15208=CARTESIAN_POINT('',(16.7457864376269,21.,-16.3492));
#15209=CARTESIAN_POINT('Origin',(16.7457864376269,20.,-16.3492));
#15210=CARTESIAN_POINT('',(20.7071067811866,17.4528932188135,-16.3492));
#15211=CARTESIAN_POINT('',(18.02,20.1400000000001,-16.3492));
#15212=CARTESIAN_POINT('',(21.,16.7457864376269,-16.3492));
#15213=CARTESIAN_POINT('Origin',(20.,16.7457864376269,-16.3492));
#15214=CARTESIAN_POINT('',(21.,-16.7457864376269,-16.3492));
#15215=CARTESIAN_POINT('',(21.,8.48000000000002,-16.3492));
#15216=CARTESIAN_POINT('',(20.7071067811865,-17.4528932188135,-16.3492));
#15217=CARTESIAN_POINT('Origin',(20.,-16.7457864376269,-16.3492));
#15218=CARTESIAN_POINT('',(17.4528932188135,-20.7071067811865,-16.3492));
#15219=CARTESIAN_POINT('',(18.02,-20.1400000000001,-16.3492));
#15220=CARTESIAN_POINT('',(16.7457864376269,-21.,-16.3492));
#15221=CARTESIAN_POINT('Origin',(16.7457864376269,-20.,-16.3492));
#15222=CARTESIAN_POINT('',(-16.7457864376269,-21.,-16.3492));
#15223=CARTESIAN_POINT('',(8.48000000000001,-21.,-16.3492));
#15224=CARTESIAN_POINT('',(-17.4528932188135,-20.7071067811865,-16.3492));
#15225=CARTESIAN_POINT('Origin',(-16.7457864376269,-20.,-16.3492));
#15226=CARTESIAN_POINT('',(-20.7071067811865,-17.4528932188135,-16.3492));
#15227=CARTESIAN_POINT('',(-18.02,-20.1400000000001,-16.3492));
#15228=CARTESIAN_POINT('',(-21.,-16.7457864376269,-16.3492));
#15229=CARTESIAN_POINT('Origin',(-20.,-16.7457864376269,-16.3492));
#15230=CARTESIAN_POINT('',(-21.,16.7457864376269,-16.3492));
#15231=CARTESIAN_POINT('',(-21.,-8.48000000000002,-16.3492));
#15232=CARTESIAN_POINT('',(-20.7071067811865,17.4528932188135,-16.3492));
#15233=CARTESIAN_POINT('Origin',(-20.,16.7457864376269,-16.3492));
#15234=CARTESIAN_POINT('',(-17.4528932188135,20.7071067811865,-16.3492));
#15235=CARTESIAN_POINT('',(-18.02,20.1400000000001,-16.3492));
#15236=CARTESIAN_POINT('',(-16.7457864376269,21.,-16.3492));
#15237=CARTESIAN_POINT('Origin',(-16.7457864376269,20.,-16.3492));
#15238=CARTESIAN_POINT('',(-8.48,21.,-16.3492));
#15239=CARTESIAN_POINT('',(-13.691496038933,-20.946,-16.3492));
#15240=CARTESIAN_POINT('',(-15.1057096013061,-20.3602135623731,-16.3492));
#15241=CARTESIAN_POINT('Origin',(-13.691496038933,-18.946,-16.3492));
#15242=CARTESIAN_POINT('',(13.6914960389331,-20.946,-16.3492));
#15243=CARTESIAN_POINT('',(1.22003841816038,-20.946,-16.3492));
#15244=CARTESIAN_POINT('',(15.1057096013061,-20.3602135623731,-16.3492));
#15245=CARTESIAN_POINT('Origin',(13.6914960389331,-18.946,-16.3492));
#15246=CARTESIAN_POINT('',(20.3602135623731,-15.1057096013062,-16.3492));
#15247=CARTESIAN_POINT('',(26.2129615818396,-9.25296158183975,-16.3492));
#15248=CARTESIAN_POINT('',(20.946,-13.6914960389331,-16.3492));
#15249=CARTESIAN_POINT('Origin',(18.946,-13.6914960389331,-16.3492));
#15250=CARTESIAN_POINT('',(20.946,13.6914960389331,-16.3492));
#15251=CARTESIAN_POINT('',(20.946,17.8599615818397,-16.3492));
#15252=CARTESIAN_POINT('',(20.3602135623731,15.1057096013062,-16.3492));
#15253=CARTESIAN_POINT('Origin',(18.946,13.6914960389331,-16.3492));
#15254=CARTESIAN_POINT('',(15.1057096013061,20.3602135623731,-16.3492));
#15255=CARTESIAN_POINT('',(18.2794807909198,17.1864423727595,-16.3492));
#15256=CARTESIAN_POINT('',(13.6914960389331,20.946,-16.3492));
#15257=CARTESIAN_POINT('Origin',(13.6914960389331,18.946,-16.3492));
#15258=CARTESIAN_POINT('',(-13.6914960389331,20.946,-16.3492));
#15259=CARTESIAN_POINT('',(1.22003841816038,20.946,-16.3492));
#15260=CARTESIAN_POINT('',(-15.1057096013061,20.3602135623731,-16.3492));
#15261=CARTESIAN_POINT('Origin',(-13.6914960389331,18.946,-16.3492));
#15262=CARTESIAN_POINT('',(-20.3602135623731,15.1057096013062,-16.3492));
#15263=CARTESIAN_POINT('',(-7.13296158183955,28.3329615818396,-16.3492));
#15264=CARTESIAN_POINT('',(-20.946,13.6914960389331,-16.3492));
#15265=CARTESIAN_POINT('Origin',(-18.946,13.6914960389331,-16.3492));
#15266=CARTESIAN_POINT('',(-20.946,-13.6914960389331,-16.3492));
#15267=CARTESIAN_POINT('',(-20.946,17.8599615818397,-16.3492));
#15268=CARTESIAN_POINT('',(-20.3602135623731,-15.1057096013062,-16.3492));
#15269=CARTESIAN_POINT('Origin',(-18.946,-13.6914960389331,-16.3492));
#15270=CARTESIAN_POINT('',(-20.3994807909197,-15.0664423727596,-16.3492));
#15271=CARTESIAN_POINT('Origin',(-16.96,21.2,-8.362));
#15272=CARTESIAN_POINT('',(-17.4528932188135,20.7071067811865,-8.8130747226539));
#15273=CARTESIAN_POINT('',(-17.4528932188135,20.7071067811865,-8.362));
#15274=CARTESIAN_POINT('',(-20.7071067811865,17.4528932188135,-8.8130747226539));
#15275=CARTESIAN_POINT('',(-20.7071067811865,17.4528932188135,-8.362));
#15276=CARTESIAN_POINT('',(-17.49,20.67,-8.8130747226539));
#15277=CARTESIAN_POINT('Origin',(-16.96,21.,-8.362));
#15278=CARTESIAN_POINT('',(16.7457864376269,21.,-8.8130747226539));
#15279=CARTESIAN_POINT('',(16.7457864376269,21.,-8.362));
#15280=CARTESIAN_POINT('',(-16.7457864376269,21.,-8.8130747226539));
#15281=CARTESIAN_POINT('',(-16.7457864376269,21.,-8.362));
#15282=CARTESIAN_POINT('',(-12.72,21.,-8.8130747226539));
#15283=CARTESIAN_POINT('Origin',(-21.,-16.96,-8.362));
#15284=CARTESIAN_POINT('',(-21.,16.7457864376269,-8.8130747226539));
#15285=CARTESIAN_POINT('',(-21.,16.7457864376269,-8.362));
#15286=CARTESIAN_POINT('',(-21.,-16.7457864376269,-8.8130747226539));
#15287=CARTESIAN_POINT('',(-21.,-16.7457864376269,-8.362));
#15288=CARTESIAN_POINT('',(-21.,-12.72,-8.8130747226539));
#15289=CARTESIAN_POINT('Origin',(-16.96,-21.2,-8.362));
#15290=CARTESIAN_POINT('',(-20.7071067811865,-17.4528932188135,-8.8130747226539));
#15291=CARTESIAN_POINT('',(-20.7071067811865,-17.4528932188135,-8.362));
#15292=CARTESIAN_POINT('',(-17.4528932188135,-20.7071067811865,-8.8130747226539));
#15293=CARTESIAN_POINT('',(-17.4528932188135,-20.7071067811865,-8.362));
#15294=CARTESIAN_POINT('',(-17.49,-20.67,-8.8130747226539));
#15295=CARTESIAN_POINT('Origin',(-17.9846446609406,20.1046446609407,-8.4993738709727));
#15296=CARTESIAN_POINT('',(-20.6644630243887,17.4102494620156,-8.4710545793283));
#15297=CARTESIAN_POINT('',(-19.9851954198,17.1288876077143,-6.6047821739539));
#15298=CARTESIAN_POINT('',(-17.4102494620156,20.6644630243887,-8.4710545793283));
#15299=CARTESIAN_POINT('',(-17.3252289897727,20.4592054472205,-7.9071140208868));
#15300=CARTESIAN_POINT('',(-17.4473562432021,20.6273562432022,-8.4710545793283));
#15301=CARTESIAN_POINT('Origin',(-17.9846446609406,-20.1046446609407,-8.4993738709727));
#15302=CARTESIAN_POINT('',(-17.4102494620156,-20.6644630243887,-8.4710545793283));
#15303=CARTESIAN_POINT('',(-17.1583822270493,-20.056401729816,-6.8004199028453));
#15304=CARTESIAN_POINT('',(-20.6644630243887,-17.4102494620156,-8.4710545793283));
#15305=CARTESIAN_POINT('',(-20.3879991372046,-17.2957343704376,-7.7114762919953));
#15306=CARTESIAN_POINT('',(-17.4473562432021,-20.6273562432022,-8.4710545793283));
#15307=CARTESIAN_POINT('Origin',(-20.95,-8.48000000000002,-8.4993738709727));
#15308=CARTESIAN_POINT('',(-20.9396926207859,-16.7457864376269,-8.4710545793283));
#15309=CARTESIAN_POINT('',(-20.6632287336018,-16.6312713460489,-7.7114762919953));
#15310=CARTESIAN_POINT('',(-20.9396926207859,16.7457864376269,-8.4710545793283));
#15311=CARTESIAN_POINT('',(-20.2604250161973,16.4644245833256,-6.6047821739539));
#15312=CARTESIAN_POINT('',(-20.9396926207859,-12.72,-8.4710545793283));
#15313=CARTESIAN_POINT('Origin',(-8.48,20.95,-8.4993738709727));
#15314=CARTESIAN_POINT('',(-16.7457864376269,20.9396926207859,-8.4710545793283));
#15315=CARTESIAN_POINT('',(-16.660765965384,20.7344350436178,-7.9071140208868));
#15316=CARTESIAN_POINT('',(16.7457864376269,20.9396926207859,-8.4710545793283));
#15317=CARTESIAN_POINT('',(16.4939192026607,20.3316313262133,-6.8004199028455));
#15318=CARTESIAN_POINT('',(-12.72,20.9396926207859,-8.4710545793283));
#15319=CARTESIAN_POINT('Origin',(-15.5,15.5,-21.062));
#15320=CARTESIAN_POINT('',(-17.005,15.5,-8.662));
#15321=CARTESIAN_POINT('',(-17.005,15.5,-21.062));
#15322=CARTESIAN_POINT('Origin',(-15.5,15.5,-8.662));
#15323=CARTESIAN_POINT('Origin',(-15.5,15.5,-8.512));
#15324=CARTESIAN_POINT('',(-17.155,15.5,-8.512));
#15325=CARTESIAN_POINT('Origin',(15.5,15.5,-21.062));
#15326=CARTESIAN_POINT('',(13.995,15.5,-8.662));
#15327=CARTESIAN_POINT('',(13.995,15.5,-21.062));
#15328=CARTESIAN_POINT('Origin',(15.5,15.5,-8.662));
#15329=CARTESIAN_POINT('Origin',(15.5,15.5,-8.512));
#15330=CARTESIAN_POINT('',(13.845,15.5,-8.512));
#15331=CARTESIAN_POINT('Origin',(15.5,-15.5,-21.062));
#15332=CARTESIAN_POINT('',(13.995,-15.5,-8.662));
#15333=CARTESIAN_POINT('',(13.995,-15.5,-21.062));
#15334=CARTESIAN_POINT('Origin',(15.5,-15.5,-8.662));
#15335=CARTESIAN_POINT('Origin',(15.5,-15.5,-8.512));
#15336=CARTESIAN_POINT('',(13.845,-15.5,-8.512));
#15337=CARTESIAN_POINT('Origin',(-15.5,-15.5,-21.062));
#15338=CARTESIAN_POINT('',(-17.005,-15.5,-8.662));
#15339=CARTESIAN_POINT('',(-17.005,-15.5,-21.062));
#15340=CARTESIAN_POINT('Origin',(-15.5,-15.5,-8.662));
#15341=CARTESIAN_POINT('Origin',(-15.5,-15.5,-8.512));
#15342=CARTESIAN_POINT('',(-17.155,-15.5,-8.512));
#15343=CARTESIAN_POINT('Origin',(17.9846446609406,20.1046446609407,-8.4993738709727));
#15344=CARTESIAN_POINT('',(20.6644630243887,17.4102494620156,-8.4710545793283));
#15345=CARTESIAN_POINT('',(20.3879991372046,17.2957343704376,-7.7114762919953));
#15346=CARTESIAN_POINT('',(17.4102494620156,20.6644630243887,-8.4710545793283));
#15347=CARTESIAN_POINT('',(17.4473562432021,20.6273562432022,-8.4710545793283));
#15348=CARTESIAN_POINT('',(17.1583822270494,20.056401729816,-6.8004199028455));
#15349=CARTESIAN_POINT('Origin',(20.95,8.48000000000002,-8.4993738709727));
#15350=CARTESIAN_POINT('',(20.9396926207859,-16.7457864376269,-8.4710545793283));
#15351=CARTESIAN_POINT('',(20.2604250161973,-16.4644245833256,-6.6047821739539));
#15352=CARTESIAN_POINT('',(20.9396926207859,16.7457864376269,-8.4710545793283));
#15353=CARTESIAN_POINT('',(20.9396926207859,12.72,-8.4710545793283));
#15354=CARTESIAN_POINT('',(20.6632287336018,16.6312713460489,-7.7114762919953));
#15355=CARTESIAN_POINT('Origin',(17.9846446609406,-20.1046446609407,-8.4993738709727));
#15356=CARTESIAN_POINT('',(17.4102494620156,-20.6644630243887,-8.4710545793283));
#15357=CARTESIAN_POINT('',(17.3252289897727,-20.4592054472205,-7.9071140208868));
#15358=CARTESIAN_POINT('',(20.6644630243887,-17.4102494620156,-8.4710545793283));
#15359=CARTESIAN_POINT('',(17.4473562432021,-20.6273562432021,-8.4710545793283));
#15360=CARTESIAN_POINT('',(19.9851954198001,-17.1288876077143,-6.6047821739539));
#15361=CARTESIAN_POINT('Origin',(8.48000000000001,-20.95,-8.4993738709727));
#15362=CARTESIAN_POINT('',(-16.7457864376269,-20.9396926207859,-8.4710545793283));
#15363=CARTESIAN_POINT('',(-16.4939192026607,-20.3316313262132,-6.8004199028453));
#15364=CARTESIAN_POINT('',(16.7457864376269,-20.9396926207859,-8.4710545793283));
#15365=CARTESIAN_POINT('',(12.72,-20.9396926207859,-8.4710545793283));
#15366=CARTESIAN_POINT('',(16.660765965384,-20.7344350436178,-7.9071140208868));
#15367=CARTESIAN_POINT('Origin',(16.96,-21.,-8.362));
#15368=CARTESIAN_POINT('',(16.7457864376269,-21.,-8.8130747226539));
#15369=CARTESIAN_POINT('',(16.7457864376269,-21.,-8.362));
#15370=CARTESIAN_POINT('',(-16.7457864376269,-21.,-8.8130747226539));
#15371=CARTESIAN_POINT('',(12.72,-21.,-8.8130747226539));
#15372=CARTESIAN_POINT('',(-16.7457864376269,-21.,-8.362));
#15373=CARTESIAN_POINT('Origin',(16.96,-21.2,-8.362));
#15374=CARTESIAN_POINT('',(20.7071067811865,-17.4528932188135,-8.8130747226539));
#15375=CARTESIAN_POINT('',(20.7071067811865,-17.4528932188135,-8.362));
#15376=CARTESIAN_POINT('',(17.4528932188135,-20.7071067811865,-8.8130747226539));
#15377=CARTESIAN_POINT('',(17.49,-20.67,-8.8130747226539));
#15378=CARTESIAN_POINT('',(17.4528932188135,-20.7071067811865,-8.362));
#15379=CARTESIAN_POINT('Origin',(21.,16.96,-8.362));
#15380=CARTESIAN_POINT('',(21.,16.7457864376269,-8.8130747226539));
#15381=CARTESIAN_POINT('',(21.,16.7457864376269,-8.362));
#15382=CARTESIAN_POINT('',(21.,-16.7457864376269,-8.8130747226539));
#15383=CARTESIAN_POINT('',(21.,12.72,-8.8130747226539));
#15384=CARTESIAN_POINT('',(21.,-16.7457864376269,-8.362));
#15385=CARTESIAN_POINT('Origin',(16.96,21.2,-8.362));
#15386=CARTESIAN_POINT('',(17.4528932188135,20.7071067811865,-8.8130747226539));
#15387=CARTESIAN_POINT('',(17.4528932188135,20.7071067811865,-8.362));
#15388=CARTESIAN_POINT('',(20.7071067811866,17.4528932188135,-8.8130747226539));
#15389=CARTESIAN_POINT('',(17.49,20.67,-8.8130747226539));
#15390=CARTESIAN_POINT('',(20.7071067811866,17.4528932188135,-8.362));
#15391=CARTESIAN_POINT('Origin',(16.4939192026607,19.3919387054273,-7.1424400461711));
#15392=CARTESIAN_POINT('Origin',(16.7457864376269,20.,-8.8130747226539));
#15393=CARTESIAN_POINT('Origin',(-12.72,20.,-8.8130747226539));
#15394=CARTESIAN_POINT('Origin',(-16.7457864376269,20.,-8.8130747226539));
#15395=CARTESIAN_POINT('Origin',(16.7457864376269,20.,-8.8130747226539));
#15396=CARTESIAN_POINT('Origin',(-16.660765965384,19.7947424228319,-8.2491341642125));
#15397=CARTESIAN_POINT('Origin',(-16.7457864376269,20.,-8.8130747226539));
#15398=CARTESIAN_POINT('Origin',(-16.7828932188134,19.9628932188135,-8.8130747226539));
#15399=CARTESIAN_POINT('Origin',(-20.,16.7457864376269,-8.8130747226539));
#15400=CARTESIAN_POINT('Origin',(-16.7457864376269,20.,-8.8130747226539));
#15401=CARTESIAN_POINT('Origin',(-19.3207323954114,16.4644245833256,-6.9468023172796));
#15402=CARTESIAN_POINT('Origin',(-20.,16.7457864376269,-8.8130747226539));
#15403=CARTESIAN_POINT('Origin',(-20.,-12.72,-8.8130747226539));
#15404=CARTESIAN_POINT('Origin',(-20.,-16.7457864376269,-8.8130747226539));
#15405=CARTESIAN_POINT('Origin',(-20.,16.7457864376269,-8.8130747226539));
#15406=CARTESIAN_POINT('Origin',(-19.7235361128159,-16.6312713460489,-8.053496435321));
#15407=CARTESIAN_POINT('Origin',(-20.,-16.7457864376269,-8.8130747226539));
#15408=CARTESIAN_POINT('Origin',(-16.7828932188134,-19.9628932188135,-8.8130747226539));
#15409=CARTESIAN_POINT('Origin',(-16.7457864376269,-20.,-8.8130747226539));
#15410=CARTESIAN_POINT('Origin',(-20.,-16.7457864376269,-8.8130747226539));
#15411=CARTESIAN_POINT('Origin',(-16.4939192026607,-19.3919387054273,-7.142440046171));
#15412=CARTESIAN_POINT('Origin',(-16.7457864376269,-20.,-8.8130747226539));
#15413=CARTESIAN_POINT('Origin',(12.72,-20.,-8.8130747226539));
#15414=CARTESIAN_POINT('Origin',(16.7457864376269,-20.,-8.8130747226539));
#15415=CARTESIAN_POINT('Origin',(-16.7457864376269,-20.,-8.8130747226539));
#15416=CARTESIAN_POINT('Origin',(-16.7457864376269,-20.,-8.362));
#15417=CARTESIAN_POINT('Origin',(-16.7457864376269,-20.,-8.8130747226539));
#15418=CARTESIAN_POINT('Origin',(-16.7457864376269,-20.,-8.8130747226539));
#15419=CARTESIAN_POINT('Origin',(-20.,-16.7457864376269,-8.362));
#15420=CARTESIAN_POINT('Origin',(-20.,-16.7457864376269,-8.8130747226539));
#15421=CARTESIAN_POINT('Origin',(-20.,-16.7457864376269,-8.8130747226539));
#15422=CARTESIAN_POINT('Origin',(16.660765965384,-19.7947424228318,-8.2491341642124));
#15423=CARTESIAN_POINT('Origin',(16.7457864376269,-20.,-8.8130747226539));
#15424=CARTESIAN_POINT('Origin',(16.7828932188134,-19.9628932188135,-8.8130747226539));
#15425=CARTESIAN_POINT('Origin',(20.,-16.7457864376269,-8.8130747226539));
#15426=CARTESIAN_POINT('Origin',(16.7457864376269,-20.,-8.8130747226539));
#15427=CARTESIAN_POINT('Origin',(16.7457864376269,-20.,-8.362));
#15428=CARTESIAN_POINT('Origin',(16.7457864376269,-20.,-8.8130747226539));
#15429=CARTESIAN_POINT('Origin',(16.7457864376269,-20.,-8.8130747226539));
#15430=CARTESIAN_POINT('Origin',(-20.,16.7457864376269,-8.362));
#15431=CARTESIAN_POINT('Origin',(-20.,16.7457864376269,-8.8130747226539));
#15432=CARTESIAN_POINT('Origin',(-20.,16.7457864376269,-8.8130747226539));
#15433=CARTESIAN_POINT('Origin',(19.3207323954114,-16.4644245833256,-6.9468023172796));
#15434=CARTESIAN_POINT('Origin',(20.,-16.7457864376269,-8.8130747226539));
#15435=CARTESIAN_POINT('Origin',(20.,12.72,-8.8130747226539));
#15436=CARTESIAN_POINT('Origin',(20.,16.7457864376269,-8.8130747226539));
#15437=CARTESIAN_POINT('Origin',(20.,-16.7457864376269,-8.8130747226539));
#15438=CARTESIAN_POINT('Origin',(20.,-16.7457864376269,-8.362));
#15439=CARTESIAN_POINT('Origin',(20.,-16.7457864376269,-8.8130747226539));
#15440=CARTESIAN_POINT('Origin',(20.,-16.7457864376269,-8.8130747226539));
#15441=CARTESIAN_POINT('Origin',(-16.7457864376269,20.,-8.362));
#15442=CARTESIAN_POINT('Origin',(-16.7457864376269,20.,-8.8130747226539));
#15443=CARTESIAN_POINT('Origin',(-16.7457864376269,20.,-8.8130747226539));
#15444=CARTESIAN_POINT('Origin',(19.7235361128159,16.6312713460489,-8.053496435321));
#15445=CARTESIAN_POINT('Origin',(20.,16.7457864376269,-8.8130747226539));
#15446=CARTESIAN_POINT('Origin',(16.7828932188134,19.9628932188135,-8.8130747226539));
#15447=CARTESIAN_POINT('Origin',(16.7457864376269,20.,-8.8130747226539));
#15448=CARTESIAN_POINT('Origin',(20.,16.7457864376269,-8.8130747226539));
#15449=CARTESIAN_POINT('Origin',(20.,16.7457864376269,-8.362));
#15450=CARTESIAN_POINT('Origin',(20.,16.7457864376269,-8.8130747226539));
#15451=CARTESIAN_POINT('Origin',(20.,16.7457864376269,-8.8130747226539));
#15452=CARTESIAN_POINT('Origin',(16.7457864376269,20.,-8.362));
#15453=CARTESIAN_POINT('Origin',(16.7457864376269,20.,-8.8130747226539));
#15454=CARTESIAN_POINT('Origin',(16.7457864376269,20.,-8.8130747226539));
#15455=CARTESIAN_POINT('Origin',(0.,0.,-12.83));
#15456=CARTESIAN_POINT('',(5.,6.12323399573677E-16,-12.83));
#15457=CARTESIAN_POINT('Origin',(0.,0.,-12.83));
#15458=CARTESIAN_POINT('',(3.,3.67394039744206E-16,-12.83));
#15459=CARTESIAN_POINT('Origin',(0.,0.,-12.83));
#15460=CARTESIAN_POINT('Origin',(0.,0.,-6.33));
#15461=CARTESIAN_POINT('',(3.,-3.67394039744206E-16,-6.33));
#15462=CARTESIAN_POINT('Origin',(0.,0.,-6.33));
#15463=CARTESIAN_POINT('',(5.,-6.12323399573677E-16,-6.33));
#15464=CARTESIAN_POINT('Origin',(21.,6.7085786437627,-38.5108));
#15465=CARTESIAN_POINT('',(23.5,6.7085786437627,-38.548));
#15466=CARTESIAN_POINT('',(21.,6.7085786437627,-38.548));
#15467=CARTESIAN_POINT('',(23.5,6.7085786437627,-38.5108));
#15468=CARTESIAN_POINT('',(23.5,6.7085786437627,-38.5108));
#15469=CARTESIAN_POINT('',(21.,6.7085786437627,-38.5108));
#15470=CARTESIAN_POINT('Origin',(21.,7.4085786437627,-43.698));
#15471=CARTESIAN_POINT('',(23.5,6.7085786437627,-43.698));
#15472=CARTESIAN_POINT('',(24.5,6.7085786437627,-43.698));
#15473=CARTESIAN_POINT('',(21.,6.7085786437627,-43.698));
#15474=CARTESIAN_POINT('',(24.5,7.4085786437627,-43.698));
#15475=CARTESIAN_POINT('',(24.5,-7.6914213562373,-43.698));
#15476=CARTESIAN_POINT('',(23.5,7.4085786437627,-43.698));
#15477=CARTESIAN_POINT('',(21.,7.4085786437627,-43.698));
#15478=CARTESIAN_POINT('',(23.5,3.6335786437627,-43.698));
#15479=CARTESIAN_POINT('Origin',(21.,7.4085786437627,-43.698));
#15480=CARTESIAN_POINT('',(24.4,-6.5914213562373,-43.698));
#15481=CARTESIAN_POINT('',(24.5,-6.5914213562373,-43.698));
#15482=CARTESIAN_POINT('',(23.7,-6.5914213562373,-43.698));
#15483=CARTESIAN_POINT('',(24.5,6.3085786437627,-43.698));
#15484=CARTESIAN_POINT('',(24.5,-7.6914213562373,-43.698));
#15485=CARTESIAN_POINT('',(24.4,6.3085786437627,-43.698));
#15486=CARTESIAN_POINT('',(23.7,6.3085786437627,-43.698));
#15487=CARTESIAN_POINT('',(24.4,-3.5664213562373,-43.698));
#15488=CARTESIAN_POINT('Origin',(21.,-6.9914213562373,-38.5108));
#15489=CARTESIAN_POINT('',(20.946,15.7399615818397,-38.5108));
#15490=CARTESIAN_POINT('',(23.5,-7.6914213562373,-38.5108));
#15491=CARTESIAN_POINT('',(21.,-7.6914213562373,-38.5108));
#15492=CARTESIAN_POINT('',(23.5,-6.9914213562373,-38.5108));
#15493=CARTESIAN_POINT('',(23.5,7.4085786437627,-38.5108));
#15494=CARTESIAN_POINT('',(21.,-6.9914213562373,-38.5108));
#15495=CARTESIAN_POINT('Origin',(23.5,-0.141421356237301,-41.4544));
#15496=CARTESIAN_POINT('',(23.5,-6.9914213562373,-43.698));
#15497=CARTESIAN_POINT('',(23.5,-7.6914213562373,-43.698));
#15498=CARTESIAN_POINT('',(23.5,3.6335786437627,-43.698));
#15499=CARTESIAN_POINT('',(23.5,-6.9914213562373,-38.548));
#15500=CARTESIAN_POINT('',(23.5,-6.9914213562373,-40.0012));
#15501=CARTESIAN_POINT('',(23.5,-6.9914213562373,-43.698));
#15502=CARTESIAN_POINT('',(23.5,-7.6914213562373,-38.5108));
#15503=CARTESIAN_POINT('Origin',(21.,7.4085786437627,-38.5108));
#15504=CARTESIAN_POINT('',(20.946,7.4085786437627,-38.5108));
#15505=CARTESIAN_POINT('',(20.946,15.7399615818397,-38.5108));
#15506=CARTESIAN_POINT('',(23.5,7.4085786437627,-38.5108));
#15507=CARTESIAN_POINT('',(23.5,7.4085786437627,-38.5108));
#15508=CARTESIAN_POINT('',(21.,7.4085786437627,-38.5108));
#15509=CARTESIAN_POINT('Origin',(21.,-6.9914213562373,-43.698));
#15510=CARTESIAN_POINT('',(21.,-6.9914213562373,-38.548));
#15511=CARTESIAN_POINT('Origin',(23.5,-0.141421356237301,-41.4544));
#15512=CARTESIAN_POINT('',(23.5,7.4085786437627,-44.398));
#15513=CARTESIAN_POINT('',(23.5,6.7085786437627,-42.5762));
#15514=CARTESIAN_POINT('Origin',(21.,7.4085786437627,-43.698));
#15515=CARTESIAN_POINT('',(24.5,-6.9914213562373,-43.698));
#15516=CARTESIAN_POINT('',(21.,-6.9914213562373,-43.698));
#15517=CARTESIAN_POINT('',(24.5,-7.6914213562373,-43.698));
#15518=CARTESIAN_POINT('',(21.,-7.6914213562373,-43.698));
#15519=CARTESIAN_POINT('',(24.5,-7.6914213562373,-43.698));
#15520=CARTESIAN_POINT('Origin',(21.,-7.6914213562373,-43.698));
#15521=CARTESIAN_POINT('',(24.5,-7.6914213562373,-44.398));
#15522=CARTESIAN_POINT('',(21.,-7.6914213562373,-44.398));
#15523=CARTESIAN_POINT('',(24.5,-7.6914213562373,-38.5108));
#15524=CARTESIAN_POINT('Origin',(21.,7.4085786437627,-44.398));
#15525=CARTESIAN_POINT('',(24.5,7.4085786437627,-44.398));
#15526=CARTESIAN_POINT('',(24.5,7.4085786437627,-44.398));
#15527=CARTESIAN_POINT('',(21.,7.4085786437627,-44.398));
#15528=CARTESIAN_POINT('',(-0.1,7.4085786437627,-38.5108));
#15529=CARTESIAN_POINT('Origin',(21.,-7.6914213562373,-44.398));
#15530=CARTESIAN_POINT('',(24.5,-7.6914213562373,-44.398));
#15531=CARTESIAN_POINT('Origin',(24.5,-0.141421356237301,-44.048));
#15532=CARTESIAN_POINT('',(24.5,-3.5664213562373,-43.698));
#15533=CARTESIAN_POINT('',(24.5,-3.5664213562373,-43.698));
#15534=CARTESIAN_POINT('Origin',(13.6914960389331,18.946,-35.9108));
#15535=CARTESIAN_POINT('',(15.1057096013061,20.3602135623731,-35.9108));
#15536=CARTESIAN_POINT('',(13.6914960389331,20.946,-35.9108));
#15537=CARTESIAN_POINT('Origin',(-14.5199231636792,20.946,-35.9108));
#15538=CARTESIAN_POINT('',(-13.6914960389331,20.946,-35.9108));
#15539=CARTESIAN_POINT('Origin',(-21.2,16.96,-38.5108));
#15540=CARTESIAN_POINT('',(20.946,15.7399615818397,-38.5108));
#15541=CARTESIAN_POINT('Origin',(18.946,13.6914960389331,-35.9108));
#15542=CARTESIAN_POINT('',(20.946,13.6914960389331,-35.9108));
#15543=CARTESIAN_POINT('',(20.3602135623731,15.1057096013062,-35.9108));
#15544=CARTESIAN_POINT('Origin',(20.946,14.5199231636793,-35.9108));
#15545=CARTESIAN_POINT('',(20.946,-13.6914960389331,-35.9108));
#15546=CARTESIAN_POINT('Origin',(18.946,-13.6914960389331,-35.9108));
#15547=CARTESIAN_POINT('',(20.3602135623731,-15.1057096013062,-35.9108));
#15548=CARTESIAN_POINT('Origin',(15.6129615818396,-19.8529615818396,-35.9108));
#15549=CARTESIAN_POINT('',(15.1057096013061,-20.3602135623731,-35.9108));
#15550=CARTESIAN_POINT('Origin',(13.6914960389331,-18.946,-35.9108));
#15551=CARTESIAN_POINT('',(13.6914960389331,-20.946,-35.9108));
#15552=CARTESIAN_POINT('Origin',(-13.691496038933,-18.946,-35.9108));
#15553=CARTESIAN_POINT('',(-15.1057096013061,-20.3602135623731,-35.9108));
#15554=CARTESIAN_POINT('',(-13.691496038933,-20.946,-35.9108));
#15555=CARTESIAN_POINT('Origin',(-20.946,-14.5199231636793,-35.9108));
#15556=CARTESIAN_POINT('',(-20.3602135623731,-15.1057096013062,-35.9108));
#15557=CARTESIAN_POINT('Origin',(-18.946,-13.6914960389331,-35.9108));
#15558=CARTESIAN_POINT('',(-20.946,-13.6914960389331,-35.9108));
#15559=CARTESIAN_POINT('Origin',(-20.946,14.5199231636793,-35.9108));
#15560=CARTESIAN_POINT('',(-20.946,13.6914960389331,-35.9108));
#15561=CARTESIAN_POINT('Origin',(-18.946,13.6914960389331,-35.9108));
#15562=CARTESIAN_POINT('',(-20.3602135623731,15.1057096013062,-35.9108));
#15563=CARTESIAN_POINT('Origin',(-13.6914960389331,18.946,-35.9108));
#15564=CARTESIAN_POINT('',(-15.1057096013061,20.3602135623731,-35.9108));
#15565=CARTESIAN_POINT('Origin',(0.,0.,-47.798));
#15566=CARTESIAN_POINT('',(-2.62699999999999,-3.21714714136008E-16,-47.798));
#15567=CARTESIAN_POINT('Origin',(15.5,-15.5,-1.062));
#15568=CARTESIAN_POINT('',(13.595,-15.5,-21.062));
#15569=CARTESIAN_POINT('Origin',(15.5,-15.5,-21.062));
#15570=CARTESIAN_POINT('',(13.595,-15.5,-1.062));
#15571=CARTESIAN_POINT('Origin',(-15.5,15.5,-1.062));
#15572=CARTESIAN_POINT('',(-17.405,15.5,-21.062));
#15573=CARTESIAN_POINT('Origin',(-15.5,15.5,-21.062));
#15574=CARTESIAN_POINT('',(-17.405,15.5,-1.062));
#15575=CARTESIAN_POINT('Origin',(15.5,15.5,-1.062));
#15576=CARTESIAN_POINT('',(13.595,15.5,-21.062));
#15577=CARTESIAN_POINT('Origin',(15.5,15.5,-21.062));
#15578=CARTESIAN_POINT('',(13.595,15.5,-1.062));
#15579=CARTESIAN_POINT('Origin',(-15.5,-15.5,-1.062));
#15580=CARTESIAN_POINT('',(-17.405,-15.5,-21.062));
#15581=CARTESIAN_POINT('Origin',(-15.5,-15.5,-21.062));
#15582=CARTESIAN_POINT('',(-17.405,-15.5,-1.062));
#15583=CARTESIAN_POINT('Origin',(20.946,14.5199231636793,-35.9108));
#15584=CARTESIAN_POINT('Origin',(-15.6129615818396,19.8529615818396,-35.9108));
#15585=CARTESIAN_POINT('Origin',(-14.5199231636792,-20.946,-35.9108));
#15586=CARTESIAN_POINT('Origin',(15.5,-15.5,-21.062));
#15587=CARTESIAN_POINT('Origin',(-15.5,15.5,-21.062));
#15588=CARTESIAN_POINT('Origin',(15.5,15.5,-21.062));
#15589=CARTESIAN_POINT('Origin',(-15.5,-15.5,-21.062));
#15590=CARTESIAN_POINT('Origin',(21.,-6.9914213562373,-38.548));
#15591=CARTESIAN_POINT('',(26.4,-6.9914213562373,-43.698));
#15592=CARTESIAN_POINT('',(21.,-6.9914213562373,-43.698));
#15593=CARTESIAN_POINT('',(26.4,-6.9914213562373,-40.898));
#15594=CARTESIAN_POINT('',(26.4,-6.9914213562373,-43.698));
#15595=CARTESIAN_POINT('',(24.6,-6.9914213562373,-40.898));
#15596=CARTESIAN_POINT('',(23.7,-6.9914213562373,-40.898));
#15597=CARTESIAN_POINT('',(24.6,-6.9914213562373,-39.948));
#15598=CARTESIAN_POINT('',(24.6,-6.9914213562373,-39.4855));
#15599=CARTESIAN_POINT('',(26.4,-6.9914213562373,-39.948));
#15600=CARTESIAN_POINT('',(23.7,-6.9914213562373,-39.948));
#15601=CARTESIAN_POINT('',(26.4,-6.9914213562373,-38.548));
#15602=CARTESIAN_POINT('',(26.4,-6.9914213562373,-43.698));
#15603=CARTESIAN_POINT('',(21.,-6.9914213562373,-38.548));
#15604=CARTESIAN_POINT('Origin',(21.,-6.9914213562373,-43.698));
#15605=CARTESIAN_POINT('',(26.4,6.7085786437627,-43.698));
#15606=CARTESIAN_POINT('',(21.,6.7085786437627,-43.698));
#15607=CARTESIAN_POINT('',(26.4,6.3085786437627,-43.698));
#15608=CARTESIAN_POINT('',(26.4,-7.6914213562373,-43.698));
#15609=CARTESIAN_POINT('',(23.7,6.3085786437627,-43.698));
#15610=CARTESIAN_POINT('Origin',(21.,-6.9914213562373,-43.698));
#15611=CARTESIAN_POINT('',(26.4,-6.5914213562373,-43.698));
#15612=CARTESIAN_POINT('',(23.7,-6.5914213562373,-43.698));
#15613=CARTESIAN_POINT('',(26.4,-7.6914213562373,-43.698));
#15614=CARTESIAN_POINT('Origin',(21.,-5.5414213562373,-40.648));
#15615=CARTESIAN_POINT('',(22.1,-5.5414213562373,-40.648));
#15616=CARTESIAN_POINT('',(22.1,-5.1414213562373,-40.648));
#15617=CARTESIAN_POINT('',(22.1,-2.6414213562373,-40.648));
#15618=CARTESIAN_POINT('',(25.6252522580546,-5.1414213562373,-40.648));
#15619=CARTESIAN_POINT('',(21.,-5.1414213562373,-40.648));
#15620=CARTESIAN_POINT('',(25.6252522580546,-5.5414213562373,-40.648));
#15621=CARTESIAN_POINT('',(25.6252522580546,-2.8414213562373,-40.648));
#15622=CARTESIAN_POINT('',(21.,-5.5414213562373,-40.648));
#15623=CARTESIAN_POINT('Origin',(21.,-5.1414213562373,-40.648));
#15624=CARTESIAN_POINT('',(22.1,-5.1414213562373,-40.248));
#15625=CARTESIAN_POINT('',(22.1,-5.1414213562373,-40.4855));
#15626=CARTESIAN_POINT('',(25.6252522580546,-5.1414213562373,-40.248));
#15627=CARTESIAN_POINT('',(21.,-5.1414213562373,-40.248));
#15628=CARTESIAN_POINT('',(25.6252522580546,-5.1414213562373,-40.548));
#15629=CARTESIAN_POINT('Origin',(21.,-5.1414213562373,-40.248));
#15630=CARTESIAN_POINT('',(22.1,-5.5414213562373,-40.248));
#15631=CARTESIAN_POINT('',(22.1,-2.8414213562373,-40.248));
#15632=CARTESIAN_POINT('',(25.6252522580546,-5.5414213562373,-40.248));
#15633=CARTESIAN_POINT('',(21.,-5.5414213562373,-40.248));
#15634=CARTESIAN_POINT('',(25.6252522580546,-2.6414213562373,-40.248));
#15635=CARTESIAN_POINT('Origin',(25.7626261290273,-5.1914213562373,-40.548));
#15636=CARTESIAN_POINT('',(25.9,-5.2414213562373,-40.348));
#15637=CARTESIAN_POINT('',(25.6252522580546,-5.1414213562373,-40.248));
#15638=CARTESIAN_POINT('',(25.9,-5.2414213562373,-40.548));
#15639=CARTESIAN_POINT('',(25.9,-5.2414213562373,-40.548));
#15640=CARTESIAN_POINT('',(25.9,-5.2414213562373,-40.548));
#15641=CARTESIAN_POINT('Origin',(25.7626261290273,-2.6414213562373,-40.298));
#15642=CARTESIAN_POINT('',(25.9,-5.4414213562373,-40.348));
#15643=CARTESIAN_POINT('',(25.9,-2.6414213562373,-40.348));
#15644=CARTESIAN_POINT('',(25.9,-5.4414213562373,-40.348));
#15645=CARTESIAN_POINT('Origin',(25.7626261290273,-2.8414213562373,-40.598));
#15646=CARTESIAN_POINT('',(25.9,-5.4414213562373,-40.548));
#15647=CARTESIAN_POINT('',(25.9,-2.8414213562373,-40.548));
#15648=CARTESIAN_POINT('',(25.9,-5.4414213562373,-40.548));
#15649=CARTESIAN_POINT('Origin',(25.7626261290273,-5.4914213562373,-40.348));
#15650=CARTESIAN_POINT('',(25.6252522580546,-5.5414213562373,-40.348));
#15651=CARTESIAN_POINT('',(25.9,-5.4414213562373,-40.348));
#15652=CARTESIAN_POINT('Origin',(25.9,-0.141421356237302,-40.448));
#15653=CARTESIAN_POINT('Origin',(21.,-5.5414213562373,-40.248));
#15654=CARTESIAN_POINT('',(22.1,-5.5414213562373,-40.6855));
#15655=CARTESIAN_POINT('Origin',(21.,3.2585786437627,-40.648));
#15656=CARTESIAN_POINT('',(22.1,3.2585786437627,-40.648));
#15657=CARTESIAN_POINT('',(22.1,3.2585786437627,-40.248));
#15658=CARTESIAN_POINT('',(22.1,3.2585786437627,-40.4855));
#15659=CARTESIAN_POINT('',(25.6252522580546,3.2585786437627,-40.248));
#15660=CARTESIAN_POINT('',(21.,3.2585786437627,-40.248));
#15661=CARTESIAN_POINT('',(25.6252522580546,3.2585786437627,-40.648));
#15662=CARTESIAN_POINT('',(25.6252522580546,3.2585786437627,-40.548));
#15663=CARTESIAN_POINT('',(21.,3.2585786437627,-40.648));
#15664=CARTESIAN_POINT('Origin',(21.,3.2585786437627,-40.248));
#15665=CARTESIAN_POINT('',(22.1,2.8585786437627,-40.248));
#15666=CARTESIAN_POINT('',(22.1,1.3585786437627,-40.248));
#15667=CARTESIAN_POINT('',(25.6252522580546,2.8585786437627,-40.248));
#15668=CARTESIAN_POINT('',(21.,2.8585786437627,-40.248));
#15669=CARTESIAN_POINT('',(25.6252522580546,1.5585786437627,-40.248));
#15670=CARTESIAN_POINT('Origin',(21.,2.8585786437627,-40.248));
#15671=CARTESIAN_POINT('',(22.1,2.8585786437627,-40.648));
#15672=CARTESIAN_POINT('',(22.1,2.8585786437627,-40.6855));
#15673=CARTESIAN_POINT('',(25.6252522580546,2.8585786437627,-40.648));
#15674=CARTESIAN_POINT('',(21.,2.8585786437627,-40.648));
#15675=CARTESIAN_POINT('',(25.6252522580546,2.8585786437627,-40.348));
#15676=CARTESIAN_POINT('Origin',(25.7626261290273,1.5585786437627,-40.298));
#15677=CARTESIAN_POINT('',(25.9,2.9585786437627,-40.348));
#15678=CARTESIAN_POINT('',(25.6252522580546,2.8585786437627,-40.248));
#15679=CARTESIAN_POINT('',(25.9,3.1585786437627,-40.348));
#15680=CARTESIAN_POINT('',(25.9,1.5585786437627,-40.348));
#15681=CARTESIAN_POINT('',(25.9,3.1585786437627,-40.348));
#15682=CARTESIAN_POINT('Origin',(25.7626261290273,2.9085786437627,-40.348));
#15683=CARTESIAN_POINT('',(25.9,2.9585786437627,-40.548));
#15684=CARTESIAN_POINT('',(25.9,2.9585786437627,-40.348));
#15685=CARTESIAN_POINT('',(25.9,2.9585786437627,-40.548));
#15686=CARTESIAN_POINT('Origin',(25.7626261290273,3.2085786437627,-40.548));
#15687=CARTESIAN_POINT('',(25.9,3.1585786437627,-40.548));
#15688=CARTESIAN_POINT('',(25.9,3.1585786437627,-40.548));
#15689=CARTESIAN_POINT('',(25.9,3.1585786437627,-40.548));
#15690=CARTESIAN_POINT('Origin',(25.7626261290273,1.3585786437627,-40.598));
#15691=CARTESIAN_POINT('',(25.6252522580546,1.35857864376269,-40.648));
#15692=CARTESIAN_POINT('',(25.9,1.3585786437627,-40.548));
#15693=CARTESIAN_POINT('Origin',(25.9,-0.141421356237302,-40.448));
#15694=CARTESIAN_POINT('Origin',(21.,2.8585786437627,-40.648));
#15695=CARTESIAN_POINT('',(22.1,1.5585786437627,-40.648));
#15696=CARTESIAN_POINT('Origin',(21.,-1.5414213562373,-40.248));
#15697=CARTESIAN_POINT('',(22.1,-1.5414213562373,-40.248));
#15698=CARTESIAN_POINT('',(22.1,-1.5414213562373,-40.648));
#15699=CARTESIAN_POINT('',(22.1,-1.5414213562373,-40.6855));
#15700=CARTESIAN_POINT('',(25.6252522580546,-1.5414213562373,-40.648));
#15701=CARTESIAN_POINT('',(21.,-1.5414213562373,-40.648));
#15702=CARTESIAN_POINT('',(25.6252522580546,-1.5414213562373,-40.248));
#15703=CARTESIAN_POINT('',(25.6252522580546,-1.5414213562373,-40.348));
#15704=CARTESIAN_POINT('',(21.,-1.5414213562373,-40.248));
#15705=CARTESIAN_POINT('Origin',(21.,-1.5414213562373,-40.648));
#15706=CARTESIAN_POINT('',(22.1,-1.1414213562373,-40.648));
#15707=CARTESIAN_POINT('',(22.1,-0.641421356237303,-40.648));
#15708=CARTESIAN_POINT('',(25.6252522580546,-1.1414213562373,-40.648));
#15709=CARTESIAN_POINT('',(21.,-1.1414213562373,-40.648));
#15710=CARTESIAN_POINT('',(25.6252522580546,-0.841421356237302,-40.648));
#15711=CARTESIAN_POINT('Origin',(21.,-1.1414213562373,-40.648));
#15712=CARTESIAN_POINT('',(22.1,-1.1414213562373,-40.248));
#15713=CARTESIAN_POINT('',(22.1,-1.1414213562373,-40.4855));
#15714=CARTESIAN_POINT('',(25.6252522580546,-1.1414213562373,-40.248));
#15715=CARTESIAN_POINT('',(21.,-1.1414213562373,-40.248));
#15716=CARTESIAN_POINT('',(25.6252522580546,-1.1414213562373,-40.548));
#15717=CARTESIAN_POINT('Origin',(25.7626261290273,-0.841421356237302,-40.598));
#15718=CARTESIAN_POINT('',(25.9,-1.2414213562373,-40.548));
#15719=CARTESIAN_POINT('',(25.6252522580546,-1.1414213562373,-40.648));
#15720=CARTESIAN_POINT('',(25.9,-1.4414213562373,-40.548));
#15721=CARTESIAN_POINT('',(25.9,-0.841421356237302,-40.548));
#15722=CARTESIAN_POINT('',(25.9,-1.4414213562373,-40.548));
#15723=CARTESIAN_POINT('Origin',(25.7626261290273,-1.1914213562373,-40.548));
#15724=CARTESIAN_POINT('',(25.9,-1.2414213562373,-40.348));
#15725=CARTESIAN_POINT('',(25.9,-1.2414213562373,-40.548));
#15726=CARTESIAN_POINT('',(25.9,-1.2414213562373,-40.348));
#15727=CARTESIAN_POINT('Origin',(25.7626261290273,-1.4914213562373,-40.348));
#15728=CARTESIAN_POINT('',(25.9,-1.4414213562373,-40.348));
#15729=CARTESIAN_POINT('',(25.9,-1.4414213562373,-40.348));
#15730=CARTESIAN_POINT('',(25.9,-1.4414213562373,-40.348));
#15731=CARTESIAN_POINT('Origin',(25.7626261290273,-0.641421356237302,-40.298));
#15732=CARTESIAN_POINT('',(25.6252522580546,-0.641421356237302,-40.248));
#15733=CARTESIAN_POINT('',(25.9,-0.641421356237302,-40.348));
#15734=CARTESIAN_POINT('Origin',(25.9,-0.141421356237302,-40.448));
#15735=CARTESIAN_POINT('Origin',(21.,-1.1414213562373,-40.248));
#15736=CARTESIAN_POINT('',(22.1,-0.841421356237303,-40.248));
#15737=CARTESIAN_POINT('Origin',(21.,-3.5414213562373,-40.648));
#15738=CARTESIAN_POINT('',(22.1,-3.5414213562373,-40.648));
#15739=CARTESIAN_POINT('',(22.1,-3.1414213562373,-40.648));
#15740=CARTESIAN_POINT('',(22.1,-1.6414213562373,-40.648));
#15741=CARTESIAN_POINT('',(25.6252522580546,-3.1414213562373,-40.648));
#15742=CARTESIAN_POINT('',(21.,-3.1414213562373,-40.648));
#15743=CARTESIAN_POINT('',(25.6252522580546,-3.5414213562373,-40.648));
#15744=CARTESIAN_POINT('',(25.6252522580546,-1.8414213562373,-40.648));
#15745=CARTESIAN_POINT('',(21.,-3.5414213562373,-40.648));
#15746=CARTESIAN_POINT('Origin',(21.,-3.1414213562373,-40.648));
#15747=CARTESIAN_POINT('',(22.1,-3.1414213562373,-40.248));
#15748=CARTESIAN_POINT('',(22.1,-3.1414213562373,-40.4855));
#15749=CARTESIAN_POINT('',(25.6252522580546,-3.1414213562373,-40.248));
#15750=CARTESIAN_POINT('',(21.,-3.1414213562373,-40.248));
#15751=CARTESIAN_POINT('',(25.6252522580546,-3.1414213562373,-40.548));
#15752=CARTESIAN_POINT('Origin',(21.,-3.1414213562373,-40.248));
#15753=CARTESIAN_POINT('',(22.1,-3.5414213562373,-40.248));
#15754=CARTESIAN_POINT('',(22.1,-1.8414213562373,-40.248));
#15755=CARTESIAN_POINT('',(25.6252522580546,-3.5414213562373,-40.248));
#15756=CARTESIAN_POINT('',(21.,-3.5414213562373,-40.248));
#15757=CARTESIAN_POINT('',(25.6252522580546,-1.6414213562373,-40.248));
#15758=CARTESIAN_POINT('Origin',(25.7626261290273,-3.1914213562373,-40.548));
#15759=CARTESIAN_POINT('',(25.9,-3.2414213562373,-40.348));
#15760=CARTESIAN_POINT('',(25.6252522580546,-3.1414213562373,-40.248));
#15761=CARTESIAN_POINT('',(25.9,-3.2414213562373,-40.548));
#15762=CARTESIAN_POINT('',(25.9,-3.2414213562373,-40.548));
#15763=CARTESIAN_POINT('',(25.9,-3.2414213562373,-40.548));
#15764=CARTESIAN_POINT('Origin',(25.7626261290273,-1.6414213562373,-40.298));
#15765=CARTESIAN_POINT('',(25.9,-3.4414213562373,-40.348));
#15766=CARTESIAN_POINT('',(25.9,-1.6414213562373,-40.348));
#15767=CARTESIAN_POINT('',(25.9,-3.4414213562373,-40.348));
#15768=CARTESIAN_POINT('Origin',(25.7626261290273,-1.8414213562373,-40.598));
#15769=CARTESIAN_POINT('',(25.9,-3.4414213562373,-40.548));
#15770=CARTESIAN_POINT('',(25.9,-1.8414213562373,-40.548));
#15771=CARTESIAN_POINT('',(25.9,-3.4414213562373,-40.548));
#15772=CARTESIAN_POINT('Origin',(25.7626261290273,-3.4914213562373,-40.348));
#15773=CARTESIAN_POINT('',(25.6252522580546,-3.5414213562373,-40.348));
#15774=CARTESIAN_POINT('',(25.9,-3.4414213562373,-40.348));
#15775=CARTESIAN_POINT('Origin',(25.9,-0.141421356237302,-40.448));
#15776=CARTESIAN_POINT('Origin',(21.,-3.5414213562373,-40.248));
#15777=CARTESIAN_POINT('',(22.1,-3.5414213562373,-40.6855));
#15778=CARTESIAN_POINT('Origin',(21.,1.2585786437627,-40.648));
#15779=CARTESIAN_POINT('',(22.1,1.2585786437627,-40.648));
#15780=CARTESIAN_POINT('',(22.1,1.2585786437627,-40.248));
#15781=CARTESIAN_POINT('',(22.1,1.2585786437627,-40.4855));
#15782=CARTESIAN_POINT('',(25.6252522580546,1.2585786437627,-40.248));
#15783=CARTESIAN_POINT('',(21.,1.2585786437627,-40.248));
#15784=CARTESIAN_POINT('',(25.6252522580546,1.2585786437627,-40.648));
#15785=CARTESIAN_POINT('',(25.6252522580546,1.2585786437627,-40.548));
#15786=CARTESIAN_POINT('',(21.,1.2585786437627,-40.648));
#15787=CARTESIAN_POINT('Origin',(21.,1.2585786437627,-40.248));
#15788=CARTESIAN_POINT('',(22.1,0.858578643762697,-40.248));
#15789=CARTESIAN_POINT('',(22.1,0.358578643762696,-40.248));
#15790=CARTESIAN_POINT('',(25.6252522580546,0.858578643762697,-40.248));
#15791=CARTESIAN_POINT('',(21.,0.858578643762697,-40.248));
#15792=CARTESIAN_POINT('',(25.6252522580546,0.558578643762697,-40.248));
#15793=CARTESIAN_POINT('Origin',(21.,0.858578643762697,-40.248));
#15794=CARTESIAN_POINT('',(22.1,0.858578643762696,-40.648));
#15795=CARTESIAN_POINT('',(22.1,0.858578643762696,-40.6855));
#15796=CARTESIAN_POINT('',(25.6252522580546,0.858578643762696,-40.648));
#15797=CARTESIAN_POINT('',(21.,0.858578643762696,-40.648));
#15798=CARTESIAN_POINT('',(25.6252522580546,0.858578643762697,-40.348));
#15799=CARTESIAN_POINT('Origin',(25.7626261290273,0.558578643762697,-40.298));
#15800=CARTESIAN_POINT('',(25.9,0.958578643762697,-40.348));
#15801=CARTESIAN_POINT('',(25.6252522580546,0.858578643762697,-40.248));
#15802=CARTESIAN_POINT('',(25.9,1.1585786437627,-40.348));
#15803=CARTESIAN_POINT('',(25.9,0.558578643762697,-40.348));
#15804=CARTESIAN_POINT('',(25.9,1.1585786437627,-40.348));
#15805=CARTESIAN_POINT('Origin',(25.7626261290273,0.908578643762697,-40.348));
#15806=CARTESIAN_POINT('',(25.9,0.958578643762696,-40.548));
#15807=CARTESIAN_POINT('',(25.9,0.958578643762697,-40.348));
#15808=CARTESIAN_POINT('',(25.9,0.958578643762696,-40.548));
#15809=CARTESIAN_POINT('Origin',(25.7626261290273,1.2085786437627,-40.548));
#15810=CARTESIAN_POINT('',(25.9,1.1585786437627,-40.548));
#15811=CARTESIAN_POINT('',(25.9,1.1585786437627,-40.548));
#15812=CARTESIAN_POINT('',(25.9,1.1585786437627,-40.548));
#15813=CARTESIAN_POINT('Origin',(25.7626261290273,0.358578643762697,-40.598));
#15814=CARTESIAN_POINT('',(25.6252522580546,0.358578643762697,-40.648));
#15815=CARTESIAN_POINT('',(25.9,0.358578643762697,-40.548));
#15816=CARTESIAN_POINT('Origin',(25.9,-0.141421356237302,-40.448));
#15817=CARTESIAN_POINT('Origin',(21.,0.858578643762696,-40.648));
#15818=CARTESIAN_POINT('',(22.1,0.558578643762696,-40.648));
#15819=CARTESIAN_POINT('Origin',(21.,5.2585786437627,-40.648));
#15820=CARTESIAN_POINT('',(22.1,5.2585786437627,-40.648));
#15821=CARTESIAN_POINT('',(22.1,5.2585786437627,-40.248));
#15822=CARTESIAN_POINT('',(22.1,5.2585786437627,-40.4855));
#15823=CARTESIAN_POINT('',(25.6252522580546,5.2585786437627,-40.248));
#15824=CARTESIAN_POINT('',(21.,5.2585786437627,-40.248));
#15825=CARTESIAN_POINT('',(25.6252522580546,5.2585786437627,-40.648));
#15826=CARTESIAN_POINT('',(25.6252522580546,5.2585786437627,-40.548));
#15827=CARTESIAN_POINT('',(21.,5.2585786437627,-40.648));
#15828=CARTESIAN_POINT('Origin',(21.,5.2585786437627,-40.248));
#15829=CARTESIAN_POINT('',(22.1,4.8585786437627,-40.248));
#15830=CARTESIAN_POINT('',(22.1,2.3585786437627,-40.248));
#15831=CARTESIAN_POINT('',(25.6252522580546,4.8585786437627,-40.248));
#15832=CARTESIAN_POINT('',(21.,4.8585786437627,-40.248));
#15833=CARTESIAN_POINT('',(25.6252522580546,2.5585786437627,-40.248));
#15834=CARTESIAN_POINT('Origin',(21.,4.8585786437627,-40.248));
#15835=CARTESIAN_POINT('',(22.1,4.8585786437627,-40.648));
#15836=CARTESIAN_POINT('',(22.1,4.8585786437627,-40.6855));
#15837=CARTESIAN_POINT('',(25.6252522580546,4.8585786437627,-40.648));
#15838=CARTESIAN_POINT('',(21.,4.8585786437627,-40.648));
#15839=CARTESIAN_POINT('',(25.6252522580546,4.8585786437627,-40.348));
#15840=CARTESIAN_POINT('Origin',(25.7626261290273,2.5585786437627,-40.298));
#15841=CARTESIAN_POINT('',(25.9,4.9585786437627,-40.348));
#15842=CARTESIAN_POINT('',(25.6252522580546,4.8585786437627,-40.248));
#15843=CARTESIAN_POINT('',(25.9,5.1585786437627,-40.348));
#15844=CARTESIAN_POINT('',(25.9,2.5585786437627,-40.348));
#15845=CARTESIAN_POINT('',(25.9,5.1585786437627,-40.348));
#15846=CARTESIAN_POINT('Origin',(25.7626261290273,4.9085786437627,-40.348));
#15847=CARTESIAN_POINT('',(25.9,4.9585786437627,-40.548));
#15848=CARTESIAN_POINT('',(25.9,4.9585786437627,-40.348));
#15849=CARTESIAN_POINT('',(25.9,4.9585786437627,-40.548));
#15850=CARTESIAN_POINT('Origin',(25.7626261290273,5.2085786437627,-40.548));
#15851=CARTESIAN_POINT('',(25.9,5.1585786437627,-40.548));
#15852=CARTESIAN_POINT('',(25.9,5.1585786437627,-40.548));
#15853=CARTESIAN_POINT('',(25.9,5.1585786437627,-40.548));
#15854=CARTESIAN_POINT('Origin',(25.7626261290273,2.3585786437627,-40.598));
#15855=CARTESIAN_POINT('',(25.6252522580546,2.3585786437627,-40.648));
#15856=CARTESIAN_POINT('',(25.9,2.3585786437627,-40.548));
#15857=CARTESIAN_POINT('Origin',(25.9,-0.141421356237302,-40.448));
#15858=CARTESIAN_POINT('Origin',(21.,4.8585786437627,-40.648));
#15859=CARTESIAN_POINT('',(22.1,2.5585786437627,-40.648));
#15860=CARTESIAN_POINT('Origin',(21.,5.0085786437627,-38.948));
#15861=CARTESIAN_POINT('',(22.1,5.0085786437627,-38.948));
#15862=CARTESIAN_POINT('',(22.1,6.30857864376269,-38.948));
#15863=CARTESIAN_POINT('',(22.1,3.08357864376269,-38.948));
#15864=CARTESIAN_POINT('',(21.,6.3085786437627,-38.948));
#15865=CARTESIAN_POINT('',(21.,5.0085786437627,-38.948));
#15866=CARTESIAN_POINT('Origin',(21.,5.0085786437627,-38.548));
#15867=CARTESIAN_POINT('',(24.6,5.0085786437627,-38.948));
#15868=CARTESIAN_POINT('',(24.6,5.0085786437627,-38.548));
#15869=CARTESIAN_POINT('',(24.6,5.0085786437627,-38.648));
#15870=CARTESIAN_POINT('',(23.7,5.0085786437627,-38.948));
#15871=CARTESIAN_POINT('',(21.,5.0085786437627,-38.548));
#15872=CARTESIAN_POINT('Origin',(24.6,-0.141421356237301,-38.748));
#15873=CARTESIAN_POINT('',(24.6,6.3085786437627,-38.548));
#15874=CARTESIAN_POINT('',(24.6,3.2835786437627,-38.548));
#15875=CARTESIAN_POINT('',(24.6,6.3085786437627,-38.948));
#15876=CARTESIAN_POINT('',(24.6,6.3085786437627,-38.848));
#15877=CARTESIAN_POINT('',(24.6,1.7335786437627,-38.948));
#15878=CARTESIAN_POINT('Origin',(21.,-6.5914213562373,-38.948));
#15879=CARTESIAN_POINT('',(22.1,-6.5914213562373,-38.948));
#15880=CARTESIAN_POINT('',(22.1,-5.2914213562373,-38.948));
#15881=CARTESIAN_POINT('',(22.1,-2.0164213562373,-38.948));
#15882=CARTESIAN_POINT('',(21.,-5.2914213562373,-38.948));
#15883=CARTESIAN_POINT('',(21.,-6.5914213562373,-38.948));
#15884=CARTESIAN_POINT('Origin',(21.,-5.2914213562373,-38.948));
#15885=CARTESIAN_POINT('',(24.6,-5.2914213562373,-38.548));
#15886=CARTESIAN_POINT('',(24.6,-5.2914213562373,-38.948));
#15887=CARTESIAN_POINT('',(24.6,-5.2914213562373,-38.848));
#15888=CARTESIAN_POINT('',(21.,-5.2914213562373,-38.548));
#15889=CARTESIAN_POINT('',(23.7,-5.2914213562373,-38.948));
#15890=CARTESIAN_POINT('Origin',(24.6,-0.141421356237301,-38.748));
#15891=CARTESIAN_POINT('',(24.6,-6.5914213562373,-38.948));
#15892=CARTESIAN_POINT('',(24.6,-6.5914213562373,-38.548));
#15893=CARTESIAN_POINT('',(24.6,-6.5914213562373,-38.648));
#15894=CARTESIAN_POINT('',(24.6,3.2835786437627,-38.548));
#15895=CARTESIAN_POINT('',(24.6,-3.3664213562373,-38.948));
#15896=CARTESIAN_POINT('Origin',(26.4,3.6085786437627,-38.948));
#15897=CARTESIAN_POINT('',(26.4,6.30857864376269,-38.948));
#15898=CARTESIAN_POINT('',(26.4,6.30857864376269,-38.948));
#15899=CARTESIAN_POINT('',(26.4,3.6085786437627,-38.948));
#15900=CARTESIAN_POINT('',(26.4,1.7335786437627,-38.948));
#15901=CARTESIAN_POINT('',(22.1,3.6085786437627,-38.948));
#15902=CARTESIAN_POINT('',(26.4,3.6085786437627,-38.948));
#15903=CARTESIAN_POINT('',(22.1,3.08357864376269,-38.948));
#15904=CARTESIAN_POINT('Origin',(21.,6.7085786437627,-38.548));
#15905=CARTESIAN_POINT('',(21.,6.3085786437627,-38.548));
#15906=CARTESIAN_POINT('',(21.,-6.5914213562373,-38.548));
#15907=CARTESIAN_POINT('',(26.4,-3.8914213562373,-38.548));
#15908=CARTESIAN_POINT('',(26.4,-6.9914213562373,-38.548));
#15909=CARTESIAN_POINT('',(22.1,-3.8914213562373,-38.548));
#15910=CARTESIAN_POINT('',(23.7,-3.8914213562373,-38.548));
#15911=CARTESIAN_POINT('',(22.1,3.6085786437627,-38.548));
#15912=CARTESIAN_POINT('',(22.1,3.2835786437627,-38.548));
#15913=CARTESIAN_POINT('',(26.4,3.6085786437627,-38.548));
#15914=CARTESIAN_POINT('',(23.7,3.6085786437627,-38.548));
#15915=CARTESIAN_POINT('',(26.4,6.7085786437627,-38.548));
#15916=CARTESIAN_POINT('',(26.4,-6.9914213562373,-38.548));
#15917=CARTESIAN_POINT('',(21.,6.7085786437627,-38.548));
#15918=CARTESIAN_POINT('Origin',(26.4,6.70857864376269,-40.898));
#15919=CARTESIAN_POINT('',(26.4,6.70857864376269,-40.898));
#15920=CARTESIAN_POINT('',(26.4,6.30857864376269,-40.898));
#15921=CARTESIAN_POINT('',(26.4,3.2835786437627,-40.898));
#15922=CARTESIAN_POINT('',(24.6,6.70857864376269,-40.898));
#15923=CARTESIAN_POINT('',(23.7,6.7085786437627,-40.898));
#15924=CARTESIAN_POINT('',(24.6,6.30857864376269,-40.898));
#15925=CARTESIAN_POINT('',(24.6,3.0835786437627,-40.898));
#15926=CARTESIAN_POINT('',(26.4,6.30857864376269,-40.898));
#15927=CARTESIAN_POINT('Origin',(26.4,6.3085786437627,-39.948));
#15928=CARTESIAN_POINT('',(26.4,6.3085786437627,-39.948));
#15929=CARTESIAN_POINT('',(26.4,6.7085786437627,-39.948));
#15930=CARTESIAN_POINT('',(26.4,3.0835786437627,-39.948));
#15931=CARTESIAN_POINT('',(24.6,6.3085786437627,-39.948));
#15932=CARTESIAN_POINT('',(26.4,6.30857864376269,-39.948));
#15933=CARTESIAN_POINT('',(24.6,6.7085786437627,-39.948));
#15934=CARTESIAN_POINT('',(24.6,3.2835786437627,-39.948));
#15935=CARTESIAN_POINT('',(23.7,6.7085786437627,-39.948));
#15936=CARTESIAN_POINT('Origin',(24.6,-0.141421356237301,-40.423));
#15937=CARTESIAN_POINT('',(24.6,6.30857864376269,-39.6855));
#15938=CARTESIAN_POINT('',(24.6,6.7085786437627,-42.0605));
#15939=CARTESIAN_POINT('Origin',(26.4,-6.9914213562373,-39.948));
#15940=CARTESIAN_POINT('',(26.4,-6.5914213562373,-39.948));
#15941=CARTESIAN_POINT('',(26.4,-3.5664213562373,-39.948));
#15942=CARTESIAN_POINT('',(24.6,-6.5914213562373,-39.948));
#15943=CARTESIAN_POINT('',(24.6,-3.3664213562373,-39.948));
#15944=CARTESIAN_POINT('',(26.4,-6.5914213562373,-39.948));
#15945=CARTESIAN_POINT('Origin',(26.4,-6.5914213562373,-40.898));
#15946=CARTESIAN_POINT('',(26.4,-6.5914213562373,-40.898));
#15947=CARTESIAN_POINT('',(26.4,-3.3664213562373,-40.898));
#15948=CARTESIAN_POINT('',(24.6,-6.5914213562373,-40.898));
#15949=CARTESIAN_POINT('',(26.4,-6.5914213562373,-40.898));
#15950=CARTESIAN_POINT('',(24.6,-3.5664213562373,-40.898));
#15951=CARTESIAN_POINT('Origin',(24.6,-0.141421356237301,-40.423));
#15952=CARTESIAN_POINT('',(24.6,-6.5914213562373,-41.6605));
#15953=CARTESIAN_POINT('Origin',(21.,6.7085786437627,-43.698));
#15954=CARTESIAN_POINT('',(26.4,6.7085786437627,-38.5108));
#15955=CARTESIAN_POINT('',(26.4,6.7085786437627,-38.5108));
#15956=CARTESIAN_POINT('Origin',(26.4,-0.141421356237301,-41.123));
#15957=CARTESIAN_POINT('',(26.4,-6.5914213562373,-38.948));
#15958=CARTESIAN_POINT('',(26.4,-6.5914213562373,-42.0105));
#15959=CARTESIAN_POINT('',(26.4,-3.8914213562373,-38.948));
#15960=CARTESIAN_POINT('',(26.4,-3.3664213562373,-38.948));
#15961=CARTESIAN_POINT('',(26.4,-3.8914213562373,-40.0355));
#15962=CARTESIAN_POINT('Origin',(26.4,-0.141421356237301,-41.123));
#15963=CARTESIAN_POINT('',(26.4,6.30857864376269,-42.898));
#15964=CARTESIAN_POINT('',(26.4,6.30857864376269,-40.0355));
#15965=CARTESIAN_POINT('',(26.4,-6.5914213562373,-42.898));
#15966=CARTESIAN_POINT('',(26.4,3.0835786437627,-42.898));
#15967=CARTESIAN_POINT('',(26.4,-6.5914213562373,-42.0105));
#15968=CARTESIAN_POINT('',(26.4,-6.5914213562373,-43.298));
#15969=CARTESIAN_POINT('',(26.4,-6.5914213562373,-42.4105));
#15970=CARTESIAN_POINT('',(26.4,6.3085786437627,-43.298));
#15971=CARTESIAN_POINT('',(26.4,-3.3664213562373,-43.298));
#15972=CARTESIAN_POINT('',(26.4,6.3085786437627,-42.2105));
#15973=CARTESIAN_POINT('Origin',(26.4,-0.141421356237301,-41.123));
#15974=CARTESIAN_POINT('',(26.4,3.6085786437627,-39.8355));
#15975=CARTESIAN_POINT('',(26.4,6.30857864376269,-40.0355));
#15976=CARTESIAN_POINT('Origin',(26.4,-6.5914213562373,-43.698));
#15977=CARTESIAN_POINT('',(24.4,-6.5914213562373,-43.298));
#15978=CARTESIAN_POINT('',(24.4,-6.5914213562373,-43.398));
#15979=CARTESIAN_POINT('',(26.4,-6.5914213562373,-43.298));
#15980=CARTESIAN_POINT('Origin',(26.4,6.3085786437627,-43.298));
#15981=CARTESIAN_POINT('',(24.4,6.3085786437627,-43.298));
#15982=CARTESIAN_POINT('',(26.4,6.3085786437627,-43.298));
#15983=CARTESIAN_POINT('',(24.4,6.3085786437627,-43.598));
#15984=CARTESIAN_POINT('Origin',(26.4,-6.5914213562373,-43.298));
#15985=CARTESIAN_POINT('',(24.4,3.0835786437627,-43.298));
#15986=CARTESIAN_POINT('Origin',(24.4,-0.141421356237301,-43.498));
#15987=CARTESIAN_POINT('Origin',(26.4,3.6085786437627,-38.548));
#15988=CARTESIAN_POINT('',(22.1,3.6085786437627,-39.8355));
#15989=CARTESIAN_POINT('Origin',(26.4,-3.8914213562373,-38.948));
#15990=CARTESIAN_POINT('',(22.1,-3.8914213562373,-38.948));
#15991=CARTESIAN_POINT('',(26.4,-3.8914213562373,-38.948));
#15992=CARTESIAN_POINT('',(22.1,-3.8914213562373,-39.6355));
#15993=CARTESIAN_POINT('Origin',(26.4,-6.5914213562373,-38.948));
#15994=CARTESIAN_POINT('',(22.1,-2.0164213562373,-38.948));
#15995=CARTESIAN_POINT('',(26.4,-6.5914213562373,-38.948));
#15996=CARTESIAN_POINT('Origin',(26.4,-6.5914213562373,-42.898));
#15997=CARTESIAN_POINT('',(22.1,-6.5914213562373,-42.898));
#15998=CARTESIAN_POINT('',(26.4,-6.5914213562373,-42.898));
#15999=CARTESIAN_POINT('',(22.1,-6.5914213562373,-39.8355));
#16000=CARTESIAN_POINT('Origin',(26.4,6.30857864376269,-42.898));
#16001=CARTESIAN_POINT('',(22.1,6.30857864376269,-42.898));
#16002=CARTESIAN_POINT('',(26.4,6.30857864376269,-42.898));
#16003=CARTESIAN_POINT('',(22.1,-3.3664213562373,-42.898));
#16004=CARTESIAN_POINT('Origin',(26.4,6.30857864376269,-38.948));
#16005=CARTESIAN_POINT('',(22.1,6.30857864376269,-41.8105));
#16006=CARTESIAN_POINT('Origin',(22.1,-0.141421356237305,-40.723));
#16007=CARTESIAN_POINT('Origin',(15.5000000000002,-15.4999999999998,-45.258));
#16008=CARTESIAN_POINT('',(15.1825000000002,-17.9129999999998,-46.4126740328739));
#16009=CARTESIAN_POINT('',(15.5000000000002,-17.9129999999998,-46.4219742265188));
#16010=CARTESIAN_POINT('Ctrl Pts',(15.5000000000002,-17.9129999999998,-46.4219742265188));
#16011=CARTESIAN_POINT('Ctrl Pts',(15.3977178848391,-17.9129999999998,-46.4219742265188));
#16012=CARTESIAN_POINT('Ctrl Pts',(15.2910620631235,-17.9129999999998,-46.4191598997242));
#16013=CARTESIAN_POINT('Ctrl Pts',(15.1825000000001,-17.9129999999998,-46.4126740328742));
#16014=CARTESIAN_POINT('Origin',(15.5000000000002,-17.4049999999998,-45.258));
#16015=CARTESIAN_POINT('',(15.8175000000002,-17.9129999999998,-46.4126740328742));
#16016=CARTESIAN_POINT('Ctrl Pts',(15.8175000000002,-17.9129999999998,-46.4126740328742));
#16017=CARTESIAN_POINT('Ctrl Pts',(15.7089379368769,-17.9129999999998,-46.4191598997242));
#16018=CARTESIAN_POINT('Ctrl Pts',(15.6022821151613,-17.9129999999998,-46.4219742265188));
#16019=CARTESIAN_POINT('Ctrl Pts',(15.5000000000002,-17.9129999999998,-46.4219742265188));
#16020=CARTESIAN_POINT('',(15.8175000000002,-17.378355331134,-46.528));
#16021=CARTESIAN_POINT('Origin',(15.8174999999999,-17.3559153980576,-45.216309975313));
#16022=CARTESIAN_POINT('',(17.3783553311343,-15.8174999999998,-46.528));
#16023=CARTESIAN_POINT('Origin',(15.5000000000002,-15.4999999999998,-46.528));
#16024=CARTESIAN_POINT('',(17.9130000000002,-15.8174999999998,-46.4126740328739));
#16025=CARTESIAN_POINT('Origin',(17.3559153980669,-15.8175000000002,-45.2163099753495));
#16026=CARTESIAN_POINT('',(17.9130000000002,-15.1824999999998,-46.412674032875));
#16027=CARTESIAN_POINT('Ctrl Pts',(17.9130000000002,-15.8174999999998,-46.4126740328742));
#16028=CARTESIAN_POINT('Ctrl Pts',(17.9130000000002,-15.7089379368765,-46.4191598997242));
#16029=CARTESIAN_POINT('Ctrl Pts',(17.9130000000002,-15.6022821151609,-46.4219742265188));
#16030=CARTESIAN_POINT('Ctrl Pts',(17.9130000000002,-15.3977178848387,-46.4219742265188));
#16031=CARTESIAN_POINT('Ctrl Pts',(17.9130000000002,-15.2910620631231,-46.4191598997242));
#16032=CARTESIAN_POINT('Ctrl Pts',(17.9130000000002,-15.1824999999999,-46.4126740328742));
#16033=CARTESIAN_POINT('',(17.3783553311343,-15.1824999999998,-46.528));
#16034=CARTESIAN_POINT('Origin',(17.3559153980552,-15.1825000000005,-45.2163099752899));
#16035=CARTESIAN_POINT('',(15.8175000000001,-13.6216446688657,-46.528));
#16036=CARTESIAN_POINT('Origin',(15.5000000000002,-15.4999999999998,-46.528));
#16037=CARTESIAN_POINT('',(15.8175000000001,-13.0869999999998,-46.4126740328739));
#16038=CARTESIAN_POINT('Origin',(15.8175000000005,-13.6451071230586,-45.2115038144399));
#16039=CARTESIAN_POINT('',(15.1825000000001,-13.0869999999998,-46.4126740328739));
#16040=CARTESIAN_POINT('Ctrl Pts',(15.1825000000001,-13.0869999999998,-46.4126740328742));
#16041=CARTESIAN_POINT('Ctrl Pts',(15.2910620631234,-13.0869999999998,-46.4191598997242));
#16042=CARTESIAN_POINT('Ctrl Pts',(15.3977178848391,-13.0869999999998,-46.4219742265188));
#16043=CARTESIAN_POINT('Ctrl Pts',(15.6022821151613,-13.0869999999998,-46.4219742265188));
#16044=CARTESIAN_POINT('Ctrl Pts',(15.7089379368768,-13.0869999999998,-46.4191598997242));
#16045=CARTESIAN_POINT('Ctrl Pts',(15.8175000000001,-13.0869999999998,-46.4126740328742));
#16046=CARTESIAN_POINT('',(15.1825000000001,-13.6216446688657,-46.528));
#16047=CARTESIAN_POINT('Origin',(15.1824999999998,-13.6451071230552,-45.211503814457));
#16048=CARTESIAN_POINT('',(13.621644668866,-15.1824999999999,-46.528));
#16049=CARTESIAN_POINT('Origin',(15.5000000000002,-15.4999999999998,-46.528));
#16050=CARTESIAN_POINT('',(13.0870000000002,-15.1824999999999,-46.4126740328739));
#16051=CARTESIAN_POINT('Origin',(13.6451071230573,-15.1824999999994,-45.2115038144471));
#16052=CARTESIAN_POINT('',(13.0870000000002,-15.8174999999999,-46.412674032875));
#16053=CARTESIAN_POINT('Ctrl Pts',(13.0870000000002,-15.1824999999999,-46.4126740328742));
#16054=CARTESIAN_POINT('Ctrl Pts',(13.0870000000002,-15.2910620631232,-46.4191598997242));
#16055=CARTESIAN_POINT('Ctrl Pts',(13.0870000000002,-15.3977178848388,-46.4219742265188));
#16056=CARTESIAN_POINT('Ctrl Pts',(13.0870000000002,-15.6022821151609,-46.4219742265188));
#16057=CARTESIAN_POINT('Ctrl Pts',(13.0870000000002,-15.7089379368765,-46.4191598997242));
#16058=CARTESIAN_POINT('Ctrl Pts',(13.0870000000002,-15.8174999999999,-46.4126740328742));
#16059=CARTESIAN_POINT('',(13.621644668866,-15.8174999999999,-46.528));
#16060=CARTESIAN_POINT('Origin',(13.6451071230616,-15.8174999999989,-45.2115038144218));
#16061=CARTESIAN_POINT('',(15.1825000000002,-17.3783553311339,-46.528));
#16062=CARTESIAN_POINT('Origin',(15.5000000000002,-15.4999999999998,-46.528));
#16063=CARTESIAN_POINT('Origin',(15.1825,-17.355915398067,-45.216309975354));
#16064=CARTESIAN_POINT('Origin',(0.,0.,-46.528));
#16065=CARTESIAN_POINT('',(15.8175000000002,-15.1824999999998,-46.528));
#16066=CARTESIAN_POINT('',(17.9130000000002,-15.1824999999998,-46.528));
#16067=CARTESIAN_POINT('',(15.8175000000002,-17.9129999999998,-46.528));
#16068=CARTESIAN_POINT('Origin',(0.,0.,-46.528));
#16069=CARTESIAN_POINT('',(15.1825000000002,-15.1824999999998,-46.528));
#16070=CARTESIAN_POINT('',(15.1825000000002,-17.9129999999998,-46.528));
#16071=CARTESIAN_POINT('',(17.9130000000002,-15.1824999999998,-46.528));
#16072=CARTESIAN_POINT('Origin',(0.,0.,-46.528));
#16073=CARTESIAN_POINT('',(15.1825000000002,-15.8174999999998,-46.528));
#16074=CARTESIAN_POINT('',(17.9130000000002,-15.8174999999998,-46.528));
#16075=CARTESIAN_POINT('',(15.1825000000002,-17.9129999999998,-46.528));
#16076=CARTESIAN_POINT('Origin',(0.,0.,-46.528));
#16077=CARTESIAN_POINT('',(15.8175000000002,-15.8174999999998,-46.528));
#16078=CARTESIAN_POINT('',(17.9130000000002,-15.8174999999998,-46.528));
#16079=CARTESIAN_POINT('',(15.8175000000002,-17.9129999999998,-46.528));
#16080=CARTESIAN_POINT('Origin',(17.9130000000002,-15.8174999999998,-45.766));
#16081=CARTESIAN_POINT('',(15.8175000000002,-15.8174999999998,-45.766));
#16082=CARTESIAN_POINT('',(15.8175000000002,-15.8174999999998,-45.766));
#16083=CARTESIAN_POINT('',(17.9130000000002,-15.8174999999998,-45.766));
#16084=CARTESIAN_POINT('',(17.9130000000002,-15.8174999999998,-45.766));
#16085=CARTESIAN_POINT('',(17.9130000000002,-15.8174999999998,-45.766));
#16086=CARTESIAN_POINT('Origin',(17.9130000000002,-15.1824999999998,-45.766));
#16087=CARTESIAN_POINT('',(17.9130000000002,-15.1824999999998,-45.766));
#16088=CARTESIAN_POINT('',(17.9130000000002,-15.1824999999998,-45.766));
#16089=CARTESIAN_POINT('',(15.8175000000002,-15.1824999999998,-45.766));
#16090=CARTESIAN_POINT('',(17.9130000000002,-15.1824999999998,-45.766));
#16091=CARTESIAN_POINT('',(15.8175000000002,-15.1824999999998,-45.766));
#16092=CARTESIAN_POINT('Origin',(17.9130000000002,-15.8174999999998,-45.766));
#16093=CARTESIAN_POINT('',(13.0870000000002,-15.8174999999999,-45.766));
#16094=CARTESIAN_POINT('',(13.0870000000002,-15.8174999999999,-45.766));
#16095=CARTESIAN_POINT('',(15.1825000000002,-15.8174999999998,-45.766));
#16096=CARTESIAN_POINT('',(17.9130000000002,-15.8174999999998,-45.766));
#16097=CARTESIAN_POINT('',(15.1825000000002,-15.8174999999998,-45.766));
#16098=CARTESIAN_POINT('Origin',(17.9130000000002,-15.8174999999998,-45.766));
#16099=CARTESIAN_POINT('',(17.9130000000002,-15.8174999999998,-45.766));
#16100=CARTESIAN_POINT('Origin',(17.9130000000002,-15.1824999999998,-45.766));
#16101=CARTESIAN_POINT('',(15.1825000000002,-15.1824999999998,-45.766));
#16102=CARTESIAN_POINT('',(15.1825000000002,-15.1824999999998,-45.766));
#16103=CARTESIAN_POINT('',(13.0870000000002,-15.1824999999999,-45.766));
#16104=CARTESIAN_POINT('',(17.9130000000002,-15.1824999999998,-45.766));
#16105=CARTESIAN_POINT('',(13.0870000000002,-15.1824999999999,-45.766));
#16106=CARTESIAN_POINT('Origin',(13.0870000000002,-15.1824999999999,-45.766));
#16107=CARTESIAN_POINT('',(13.0870000000002,-15.1824999999999,-45.766));
#16108=CARTESIAN_POINT('Origin',(0.,0.,-45.766));
#16109=CARTESIAN_POINT('',(15.1825000000001,-13.0869999999998,-45.766));
#16110=CARTESIAN_POINT('',(15.1825000000002,-17.9129999999998,-45.766));
#16111=CARTESIAN_POINT('',(15.8175000000001,-13.0869999999998,-45.766));
#16112=CARTESIAN_POINT('',(15.8175000000001,-13.0869999999998,-45.766));
#16113=CARTESIAN_POINT('',(15.8175000000002,-17.9129999999998,-45.766));
#16114=CARTESIAN_POINT('',(15.8175000000002,-17.9129999999998,-45.766));
#16115=CARTESIAN_POINT('',(15.8175000000002,-17.9129999999998,-45.766));
#16116=CARTESIAN_POINT('',(15.1825000000002,-17.9129999999998,-45.766));
#16117=CARTESIAN_POINT('',(15.1825000000002,-17.9129999999998,-45.766));
#16118=CARTESIAN_POINT('',(15.1825000000002,-17.9129999999998,-45.766));
#16119=CARTESIAN_POINT('Origin',(15.8175000000001,-13.0869999999998,-45.766));
#16120=CARTESIAN_POINT('',(15.8175000000001,-13.0869999999998,-45.766));
#16121=CARTESIAN_POINT('',(15.1825000000001,-13.0869999999998,-45.766));
#16122=CARTESIAN_POINT('Origin',(15.8175000000002,-17.9129999999998,-45.766));
#16123=CARTESIAN_POINT('Origin',(15.1825000000002,-17.9129999999998,-45.766));
#16124=CARTESIAN_POINT('Origin',(15.1825000000002,-17.9129999999998,-45.766));
#16125=CARTESIAN_POINT('',(15.1825000000002,-17.9129999999998,-45.766));
#16126=CARTESIAN_POINT('Origin',(15.1825000000002,-17.9129999999998,-45.766));
#16127=CARTESIAN_POINT('',(15.8175000000002,-17.9129999999998,-45.766));
#16128=CARTESIAN_POINT('Origin',(15.8175000000002,-17.9129999999998,-45.766));
#16129=CARTESIAN_POINT('Origin',(-15.5000000000001,15.5,-45.258));
#16130=CARTESIAN_POINT('',(-15.1825000000001,17.913,-46.4126740328739));
#16131=CARTESIAN_POINT('',(-15.5000000000001,17.913,-46.4219742265188));
#16132=CARTESIAN_POINT('Ctrl Pts',(-15.5000000000001,17.913,-46.4219742265188));
#16133=CARTESIAN_POINT('Ctrl Pts',(-15.397717884839,17.913,-46.4219742265188));
#16134=CARTESIAN_POINT('Ctrl Pts',(-15.2910620631234,17.913,-46.4191598997242));
#16135=CARTESIAN_POINT('Ctrl Pts',(-15.1825,17.913,-46.4126740328742));
#16136=CARTESIAN_POINT('Origin',(-15.5000000000001,17.405,-45.258));
#16137=CARTESIAN_POINT('',(-15.8175000000001,17.913,-46.4126740328742));
#16138=CARTESIAN_POINT('Ctrl Pts',(-15.8175000000002,17.913,-46.4126740328742));
#16139=CARTESIAN_POINT('Ctrl Pts',(-15.7089379368768,17.913,-46.4191598997242));
#16140=CARTESIAN_POINT('Ctrl Pts',(-15.6022821151612,17.913,-46.4219742265188));
#16141=CARTESIAN_POINT('Ctrl Pts',(-15.5000000000001,17.913,-46.4219742265188));
#16142=CARTESIAN_POINT('',(-15.8175000000001,17.3783553311341,-46.528));
#16143=CARTESIAN_POINT('Origin',(-15.8174999999999,17.3559153980605,-45.2163099753253));
#16144=CARTESIAN_POINT('',(-17.3783553311342,15.8174999999999,-46.528));
#16145=CARTESIAN_POINT('Origin',(-15.5000000000001,15.5,-46.528));
#16146=CARTESIAN_POINT('',(-17.9130000000001,15.8174999999999,-46.4126740328739));
#16147=CARTESIAN_POINT('Origin',(-17.3559153980519,15.8175000000004,-45.2163099752764));
#16148=CARTESIAN_POINT('',(-17.913,15.1824999999999,-46.412674032875));
#16149=CARTESIAN_POINT('Ctrl Pts',(-17.9130000000001,15.8174999999999,-46.4126740328742));
#16150=CARTESIAN_POINT('Ctrl Pts',(-17.9130000000001,15.7089379368766,-46.4191598997242));
#16151=CARTESIAN_POINT('Ctrl Pts',(-17.9130000000001,15.6022821151611,-46.4219742265188));
#16152=CARTESIAN_POINT('Ctrl Pts',(-17.9130000000001,15.3977178848389,-46.4219742265188));
#16153=CARTESIAN_POINT('Ctrl Pts',(-17.9130000000001,15.2910620631233,-46.4191598997242));
#16154=CARTESIAN_POINT('Ctrl Pts',(-17.9130000000001,15.1824999999999,-46.4126740328742));
#16155=CARTESIAN_POINT('',(-17.3783553311342,15.1824999999999,-46.528));
#16156=CARTESIAN_POINT('Origin',(-17.355915398057,15.1825000000006,-45.2163099752994));
#16157=CARTESIAN_POINT('',(-15.8175,13.6216446688658,-46.528));
#16158=CARTESIAN_POINT('Origin',(-15.5000000000001,15.5,-46.528));
#16159=CARTESIAN_POINT('',(-15.8175,13.087,-46.4126740328739));
#16160=CARTESIAN_POINT('Origin',(-15.8175000000003,13.6451071230587,-45.21150381444));
#16161=CARTESIAN_POINT('',(-15.1825,13.087,-46.4126740328739));
#16162=CARTESIAN_POINT('Ctrl Pts',(-15.1825,13.087,-46.4126740328742));
#16163=CARTESIAN_POINT('Ctrl Pts',(-15.2910620631233,13.087,-46.4191598997242));
#16164=CARTESIAN_POINT('Ctrl Pts',(-15.397717884839,13.087,-46.4219742265188));
#16165=CARTESIAN_POINT('Ctrl Pts',(-15.6022821151612,13.087,-46.4219742265188));
#16166=CARTESIAN_POINT('Ctrl Pts',(-15.7089379368768,13.087,-46.4191598997242));
#16167=CARTESIAN_POINT('Ctrl Pts',(-15.8175,13.087,-46.4126740328742));
#16168=CARTESIAN_POINT('',(-15.1825,13.6216446688658,-46.528));
#16169=CARTESIAN_POINT('Origin',(-15.1824999999997,13.6451071230551,-45.211503814457));
#16170=CARTESIAN_POINT('',(-13.6216446688659,15.1825,-46.528));
#16171=CARTESIAN_POINT('Origin',(-15.5000000000001,15.5,-46.528));
#16172=CARTESIAN_POINT('',(-13.0870000000001,15.1825,-46.4126740328739));
#16173=CARTESIAN_POINT('Origin',(-13.6451071230548,15.1824999999996,-45.2115038144593));
#16174=CARTESIAN_POINT('',(-13.0870000000001,15.8175,-46.412674032875));
#16175=CARTESIAN_POINT('Ctrl Pts',(-13.0870000000001,15.1825,-46.4126740328742));
#16176=CARTESIAN_POINT('Ctrl Pts',(-13.0870000000001,15.2910620631233,-46.4191598997242));
#16177=CARTESIAN_POINT('Ctrl Pts',(-13.0870000000001,15.3977178848389,-46.4219742265188));
#16178=CARTESIAN_POINT('Ctrl Pts',(-13.0870000000001,15.6022821151611,-46.4219742265188));
#16179=CARTESIAN_POINT('Ctrl Pts',(-13.0870000000001,15.7089379368767,-46.4191598997242));
#16180=CARTESIAN_POINT('Ctrl Pts',(-13.0870000000001,15.8175,-46.4126740328742));
#16181=CARTESIAN_POINT('',(-13.6216446688659,15.8175,-46.528));
#16182=CARTESIAN_POINT('Origin',(-13.6451071230595,15.8174999999991,-45.2115038144294));
#16183=CARTESIAN_POINT('',(-15.1825000000001,17.378355331134,-46.528));
#16184=CARTESIAN_POINT('Origin',(-15.5000000000001,15.5,-46.528));
#16185=CARTESIAN_POINT('Origin',(-15.1824999999996,17.3559153980374,-45.2163099752252));
#16186=CARTESIAN_POINT('Origin',(0.,0.,-46.528));
#16187=CARTESIAN_POINT('',(-15.8175000000001,15.1825,-46.528));
#16188=CARTESIAN_POINT('',(-17.913,15.1824999999999,-46.528));
#16189=CARTESIAN_POINT('',(-15.8175000000001,17.913,-46.528));
#16190=CARTESIAN_POINT('Origin',(0.,0.,-46.528));
#16191=CARTESIAN_POINT('',(-15.1825000000001,15.1825,-46.528));
#16192=CARTESIAN_POINT('',(-15.1825000000001,17.913,-46.528));
#16193=CARTESIAN_POINT('',(-17.913,15.1824999999999,-46.528));
#16194=CARTESIAN_POINT('Origin',(0.,0.,-46.528));
#16195=CARTESIAN_POINT('',(-15.1825000000001,15.8175,-46.528));
#16196=CARTESIAN_POINT('',(-17.9130000000001,15.8174999999999,-46.528));
#16197=CARTESIAN_POINT('',(-15.1825000000001,17.913,-46.528));
#16198=CARTESIAN_POINT('Origin',(0.,0.,-46.528));
#16199=CARTESIAN_POINT('',(-15.8175000000001,15.8174999999999,-46.528));
#16200=CARTESIAN_POINT('',(-17.9130000000001,15.8174999999999,-46.528));
#16201=CARTESIAN_POINT('',(-15.8175000000001,17.913,-46.528));
#16202=CARTESIAN_POINT('Origin',(-17.9130000000001,15.8174999999999,-45.766));
#16203=CARTESIAN_POINT('',(-15.8175000000001,15.8174999999999,-45.766));
#16204=CARTESIAN_POINT('',(-15.8175000000001,15.8174999999999,-45.766));
#16205=CARTESIAN_POINT('',(-17.9130000000001,15.8174999999999,-45.766));
#16206=CARTESIAN_POINT('',(-17.9130000000001,15.8174999999999,-45.766));
#16207=CARTESIAN_POINT('',(-17.9130000000001,15.8174999999999,-45.766));
#16208=CARTESIAN_POINT('Origin',(-17.913,15.1824999999999,-45.766));
#16209=CARTESIAN_POINT('',(-17.913,15.1824999999999,-45.766));
#16210=CARTESIAN_POINT('',(-17.913,15.1824999999999,-45.766));
#16211=CARTESIAN_POINT('',(-15.8175000000001,15.1825,-45.766));
#16212=CARTESIAN_POINT('',(-17.913,15.1824999999999,-45.766));
#16213=CARTESIAN_POINT('',(-15.8175000000001,15.1825,-45.766));
#16214=CARTESIAN_POINT('Origin',(-17.9130000000001,15.8174999999999,-45.766));
#16215=CARTESIAN_POINT('',(-13.0870000000001,15.8175,-45.766));
#16216=CARTESIAN_POINT('',(-13.0870000000001,15.8175,-45.766));
#16217=CARTESIAN_POINT('',(-15.1825000000001,15.8175,-45.766));
#16218=CARTESIAN_POINT('',(-17.9130000000001,15.8174999999999,-45.766));
#16219=CARTESIAN_POINT('',(-15.1825000000001,15.8175,-45.766));
#16220=CARTESIAN_POINT('Origin',(-17.9130000000001,15.8174999999999,-45.766));
#16221=CARTESIAN_POINT('',(-17.9130000000001,15.8174999999999,-45.766));
#16222=CARTESIAN_POINT('Origin',(-17.913,15.1824999999999,-45.766));
#16223=CARTESIAN_POINT('',(-15.1825000000001,15.1825,-45.766));
#16224=CARTESIAN_POINT('',(-15.1825000000001,15.1825,-45.766));
#16225=CARTESIAN_POINT('',(-13.0870000000001,15.1825,-45.766));
#16226=CARTESIAN_POINT('',(-17.913,15.1824999999999,-45.766));
#16227=CARTESIAN_POINT('',(-13.0870000000001,15.1825,-45.766));
#16228=CARTESIAN_POINT('Origin',(-13.0870000000001,15.1825,-45.766));
#16229=CARTESIAN_POINT('',(-13.0870000000001,15.1825,-45.766));
#16230=CARTESIAN_POINT('Origin',(0.,0.,-45.766));
#16231=CARTESIAN_POINT('',(-15.1825,13.087,-45.766));
#16232=CARTESIAN_POINT('',(-15.1825000000001,17.913,-45.766));
#16233=CARTESIAN_POINT('',(-15.8175,13.087,-45.766));
#16234=CARTESIAN_POINT('',(-15.8175,13.087,-45.766));
#16235=CARTESIAN_POINT('',(-15.8175000000001,17.913,-45.766));
#16236=CARTESIAN_POINT('',(-15.8175000000001,17.913,-45.766));
#16237=CARTESIAN_POINT('',(-15.8175000000001,17.913,-45.766));
#16238=CARTESIAN_POINT('',(-15.1825000000001,17.913,-45.766));
#16239=CARTESIAN_POINT('',(-15.1825000000001,17.913,-45.766));
#16240=CARTESIAN_POINT('',(-15.1825000000001,17.913,-45.766));
#16241=CARTESIAN_POINT('Origin',(-15.8175,13.087,-45.766));
#16242=CARTESIAN_POINT('',(-15.8175,13.087,-45.766));
#16243=CARTESIAN_POINT('',(-15.1825,13.087,-45.766));
#16244=CARTESIAN_POINT('Origin',(-15.8175000000001,17.913,-45.766));
#16245=CARTESIAN_POINT('Origin',(-15.1825000000001,17.913,-45.766));
#16246=CARTESIAN_POINT('Origin',(-15.1825000000001,17.913,-45.766));
#16247=CARTESIAN_POINT('',(-15.1825000000001,17.913,-45.766));
#16248=CARTESIAN_POINT('Origin',(-15.1825000000001,17.913,-45.766));
#16249=CARTESIAN_POINT('',(-15.8175000000001,17.913,-45.766));
#16250=CARTESIAN_POINT('Origin',(-15.8175000000001,17.913,-45.766));
#16251=CARTESIAN_POINT('Origin',(15.5,15.5,-45.258));
#16252=CARTESIAN_POINT('',(17.913,15.1825,-46.4126740328739));
#16253=CARTESIAN_POINT('',(17.913,15.5,-46.4219742265188));
#16254=CARTESIAN_POINT('Ctrl Pts',(17.913,15.5,-46.4219742265188));
#16255=CARTESIAN_POINT('Ctrl Pts',(17.913,15.3977178848389,-46.4219742265188));
#16256=CARTESIAN_POINT('Ctrl Pts',(17.913,15.2910620631233,-46.4191598997242));
#16257=CARTESIAN_POINT('Ctrl Pts',(17.913,15.1824999999999,-46.4126740328742));
#16258=CARTESIAN_POINT('Origin',(17.405,15.5,-45.258));
#16259=CARTESIAN_POINT('',(17.913,15.8175,-46.4126740328742));
#16260=CARTESIAN_POINT('Ctrl Pts',(17.913,15.8175,-46.4126740328742));
#16261=CARTESIAN_POINT('Ctrl Pts',(17.913,15.7089379368767,-46.4191598997242));
#16262=CARTESIAN_POINT('Ctrl Pts',(17.913,15.6022821151611,-46.4219742265188));
#16263=CARTESIAN_POINT('Ctrl Pts',(17.913,15.5,-46.4219742265188));
#16264=CARTESIAN_POINT('',(17.3783553311341,15.8175,-46.528));
#16265=CARTESIAN_POINT('Origin',(17.3559153980597,15.8175,-45.216309975323));
#16266=CARTESIAN_POINT('',(15.8175,17.3783553311341,-46.528));
#16267=CARTESIAN_POINT('Origin',(15.5,15.5,-46.528));
#16268=CARTESIAN_POINT('',(15.8175,17.913,-46.4126740328739));
#16269=CARTESIAN_POINT('Origin',(15.8175000000003,17.3559153980679,-45.2163099753545));
#16270=CARTESIAN_POINT('',(15.1825,17.913,-46.412674032875));
#16271=CARTESIAN_POINT('Ctrl Pts',(15.8175,17.913,-46.4126740328742));
#16272=CARTESIAN_POINT('Ctrl Pts',(15.7089379368767,17.913,-46.4191598997242));
#16273=CARTESIAN_POINT('Ctrl Pts',(15.6022821151611,17.913,-46.4219742265188));
#16274=CARTESIAN_POINT('Ctrl Pts',(15.3977178848389,17.913,-46.4219742265188));
#16275=CARTESIAN_POINT('Ctrl Pts',(15.2910620631233,17.913,-46.4191598997242));
#16276=CARTESIAN_POINT('Ctrl Pts',(15.1825,17.913,-46.4126740328742));
#16277=CARTESIAN_POINT('',(15.1825,17.3783553311341,-46.528));
#16278=CARTESIAN_POINT('Origin',(15.1825000000009,17.3559153980538,-45.2163099752851));
#16279=CARTESIAN_POINT('',(13.6216446688659,15.8175,-46.528));
#16280=CARTESIAN_POINT('Origin',(15.5,15.5,-46.528));
#16281=CARTESIAN_POINT('',(13.087,15.8175,-46.4126740328739));
#16282=CARTESIAN_POINT('Origin',(13.645107123056,15.8175000000003,-45.2115038144545));
#16283=CARTESIAN_POINT('',(13.087,15.1825,-46.4126740328739));
#16284=CARTESIAN_POINT('Ctrl Pts',(13.087,15.1825,-46.4126740328742));
#16285=CARTESIAN_POINT('Ctrl Pts',(13.087,15.2910620631233,-46.4191598997242));
#16286=CARTESIAN_POINT('Ctrl Pts',(13.087,15.3977178848389,-46.4219742265188));
#16287=CARTESIAN_POINT('Ctrl Pts',(13.087,15.6022821151611,-46.4219742265188));
#16288=CARTESIAN_POINT('Ctrl Pts',(13.087,15.7089379368767,-46.4191598997242));
#16289=CARTESIAN_POINT('Ctrl Pts',(13.087,15.8175,-46.4126740328742));
#16290=CARTESIAN_POINT('',(13.6216446688659,15.1825,-46.528));
#16291=CARTESIAN_POINT('Origin',(13.6451071230561,15.1824999999997,-45.211503814452));
#16292=CARTESIAN_POINT('',(15.1825,13.6216446688659,-46.528));
#16293=CARTESIAN_POINT('Origin',(15.5,15.5,-46.528));
#16294=CARTESIAN_POINT('',(15.1825,13.087,-46.4126740328739));
#16295=CARTESIAN_POINT('Origin',(15.1824999999997,13.6451071230565,-45.211503814452));
#16296=CARTESIAN_POINT('',(15.8175,13.087,-46.412674032875));
#16297=CARTESIAN_POINT('Ctrl Pts',(15.1825,13.087,-46.4126740328742));
#16298=CARTESIAN_POINT('Ctrl Pts',(15.2910620631233,13.087,-46.4191598997242));
#16299=CARTESIAN_POINT('Ctrl Pts',(15.3977178848389,13.087,-46.4219742265188));
#16300=CARTESIAN_POINT('Ctrl Pts',(15.6022821151611,13.087,-46.4219742265188));
#16301=CARTESIAN_POINT('Ctrl Pts',(15.7089379368767,13.087,-46.4191598997242));
#16302=CARTESIAN_POINT('Ctrl Pts',(15.8175,13.087,-46.4126740328742));
#16303=CARTESIAN_POINT('',(15.8175,13.6216446688659,-46.528));
#16304=CARTESIAN_POINT('Origin',(15.8174999999991,13.6451071230597,-45.2115038144291));
#16305=CARTESIAN_POINT('',(17.3783553311341,15.1825,-46.528));
#16306=CARTESIAN_POINT('Origin',(15.5,15.5,-46.528));
#16307=CARTESIAN_POINT('Origin',(17.355915398066,15.1824999999996,-45.2163099753495));
#16308=CARTESIAN_POINT('Origin',(0.,0.,-46.528));
#16309=CARTESIAN_POINT('',(15.1825,15.8175,-46.528));
#16310=CARTESIAN_POINT('',(15.1825,17.913,-46.528));
#16311=CARTESIAN_POINT('',(17.913,15.8175,-46.528));
#16312=CARTESIAN_POINT('Origin',(0.,0.,-46.528));
#16313=CARTESIAN_POINT('',(15.1825,15.1825,-46.528));
#16314=CARTESIAN_POINT('',(17.913,15.1825,-46.528));
#16315=CARTESIAN_POINT('',(15.1825,17.913,-46.528));
#16316=CARTESIAN_POINT('Origin',(0.,0.,-46.528));
#16317=CARTESIAN_POINT('',(15.8175,15.1825,-46.528));
#16318=CARTESIAN_POINT('',(15.8175,17.913,-46.528));
#16319=CARTESIAN_POINT('',(17.913,15.1825,-46.528));
#16320=CARTESIAN_POINT('Origin',(0.,0.,-46.528));
#16321=CARTESIAN_POINT('',(15.8175,15.8175,-46.528));
#16322=CARTESIAN_POINT('',(15.8175,17.913,-46.528));
#16323=CARTESIAN_POINT('',(17.913,15.8175,-46.528));
#16324=CARTESIAN_POINT('Origin',(15.8175,17.913,-45.766));
#16325=CARTESIAN_POINT('',(15.8175,15.8175,-45.766));
#16326=CARTESIAN_POINT('',(15.8175,15.8175,-45.766));
#16327=CARTESIAN_POINT('',(15.8175,17.913,-45.766));
#16328=CARTESIAN_POINT('',(15.8175,17.913,-45.766));
#16329=CARTESIAN_POINT('',(15.8175,17.913,-45.766));
#16330=CARTESIAN_POINT('Origin',(15.1825,17.913,-45.766));
#16331=CARTESIAN_POINT('',(15.1825,17.913,-45.766));
#16332=CARTESIAN_POINT('',(15.1825,17.913,-45.766));
#16333=CARTESIAN_POINT('',(15.1825,15.8175,-45.766));
#16334=CARTESIAN_POINT('',(15.1825,17.913,-45.766));
#16335=CARTESIAN_POINT('',(15.1825,15.8175,-45.766));
#16336=CARTESIAN_POINT('Origin',(15.8175,17.913,-45.766));
#16337=CARTESIAN_POINT('',(15.8175,13.087,-45.766));
#16338=CARTESIAN_POINT('',(15.8175,13.087,-45.766));
#16339=CARTESIAN_POINT('',(15.8175,15.1825,-45.766));
#16340=CARTESIAN_POINT('',(15.8175,17.913,-45.766));
#16341=CARTESIAN_POINT('',(15.8175,15.1825,-45.766));
#16342=CARTESIAN_POINT('Origin',(15.8175,17.913,-45.766));
#16343=CARTESIAN_POINT('',(15.8175,17.913,-45.766));
#16344=CARTESIAN_POINT('Origin',(15.1825,17.913,-45.766));
#16345=CARTESIAN_POINT('',(15.1825,15.1825,-45.766));
#16346=CARTESIAN_POINT('',(15.1825,15.1825,-45.766));
#16347=CARTESIAN_POINT('',(15.1825,13.087,-45.766));
#16348=CARTESIAN_POINT('',(15.1825,17.913,-45.766));
#16349=CARTESIAN_POINT('',(15.1825,13.087,-45.766));
#16350=CARTESIAN_POINT('Origin',(15.1825,13.087,-45.766));
#16351=CARTESIAN_POINT('',(15.1825,13.087,-45.766));
#16352=CARTESIAN_POINT('Origin',(0.,0.,-45.766));
#16353=CARTESIAN_POINT('',(13.087,15.1825,-45.766));
#16354=CARTESIAN_POINT('',(17.913,15.1825,-45.766));
#16355=CARTESIAN_POINT('',(13.087,15.8175,-45.766));
#16356=CARTESIAN_POINT('',(13.087,15.8175,-45.766));
#16357=CARTESIAN_POINT('',(17.913,15.8175,-45.766));
#16358=CARTESIAN_POINT('',(17.913,15.8175,-45.766));
#16359=CARTESIAN_POINT('',(17.913,15.8175,-45.766));
#16360=CARTESIAN_POINT('',(17.913,15.1825,-45.766));
#16361=CARTESIAN_POINT('',(17.913,15.1825,-45.766));
#16362=CARTESIAN_POINT('',(17.913,15.1825,-45.766));
#16363=CARTESIAN_POINT('Origin',(13.087,15.8175,-45.766));
#16364=CARTESIAN_POINT('',(13.087,15.8175,-45.766));
#16365=CARTESIAN_POINT('',(13.087,15.1825,-45.766));
#16366=CARTESIAN_POINT('Origin',(17.913,15.8175,-45.766));
#16367=CARTESIAN_POINT('Origin',(17.913,15.1825,-45.766));
#16368=CARTESIAN_POINT('Origin',(17.913,15.1825,-45.766));
#16369=CARTESIAN_POINT('',(17.913,15.1825,-45.766));
#16370=CARTESIAN_POINT('Origin',(17.913,15.1825,-45.766));
#16371=CARTESIAN_POINT('',(17.913,15.8175,-45.766));
#16372=CARTESIAN_POINT('Origin',(17.913,15.8175,-45.766));
#16373=CARTESIAN_POINT('Origin',(2.64575131106459,3.,40.702));
#16374=CARTESIAN_POINT('',(2.64575131106459,3.,39.702));
#16375=CARTESIAN_POINT('',(-2.64575131106459,3.,39.702));
#16376=CARTESIAN_POINT('',(1.32287565553229,3.,39.702));
#16377=CARTESIAN_POINT('',(2.64575131106459,2.99999999999992,24.702));
#16378=CARTESIAN_POINT('',(2.64575131106459,3.,41.702));
#16379=CARTESIAN_POINT('',(-2.64575131106459,2.99999999999992,24.702));
#16380=CARTESIAN_POINT('',(3.42654212747804,2.99999999999992,24.702));
#16381=CARTESIAN_POINT('',(-2.64575131106459,3.,41.702));
#16382=CARTESIAN_POINT('Origin',(0.,0.,39.702));
#16383=CARTESIAN_POINT('',(4.,-4.89858719658941E-16,39.702));
#16384=CARTESIAN_POINT('Origin',(0.,0.,39.702));
#16385=CARTESIAN_POINT('Origin',(0.,0.,39.702));
#16386=CARTESIAN_POINT('Origin',(2.77555756156289E-16,3.75,24.702));
#16387=CARTESIAN_POINT('Origin',(0.,0.,24.702));
#16388=CARTESIAN_POINT('Origin',(0.,0.,12.702));
#16389=CARTESIAN_POINT('',(4.,4.89858719658941E-16,12.702));
#16390=CARTESIAN_POINT('Origin',(0.,0.,12.702));
#16391=CARTESIAN_POINT('',(2.5,-3.06161699786838E-16,12.702));
#16392=CARTESIAN_POINT('Origin',(0.,0.,12.702));
#16393=CARTESIAN_POINT('Origin',(0.,0.,41.702));
#16394=CARTESIAN_POINT('',(4.,-4.89858719658941E-16,41.702));
#16395=CARTESIAN_POINT('Origin',(0.,0.,42.734));
#16396=CARTESIAN_POINT('',(2.5,-3.06161699786838E-16,-37.654));
#16397=CARTESIAN_POINT('Origin',(0.,0.,-37.654));
#16398=CARTESIAN_POINT('',(2.5,-3.06161699786838E-16,42.734));
#16399=CARTESIAN_POINT('Origin',(0.,0.,-37.654));
#16400=UNCERTAINTY_MEASURE_WITH_UNIT(LENGTH_MEASURE(0.01),#16404,
'DISTANCE_ACCURACY_VALUE',
'Maximum model space distance between geometric entities at asserted c
onnectivities');
#16401=UNCERTAINTY_MEASURE_WITH_UNIT(LENGTH_MEASURE(0.01),#16404,
'DISTANCE_ACCURACY_VALUE',
'Maximum model space distance between geometric entities at asserted c
onnectivities');
#16402=(
GEOMETRIC_REPRESENTATION_CONTEXT(3)
GLOBAL_UNCERTAINTY_ASSIGNED_CONTEXT((#16400))
GLOBAL_UNIT_ASSIGNED_CONTEXT((#16404,#16406,#16407))
REPRESENTATION_CONTEXT('','3D')
);
#16403=(
GEOMETRIC_REPRESENTATION_CONTEXT(3)
GLOBAL_UNCERTAINTY_ASSIGNED_CONTEXT((#16401))
GLOBAL_UNIT_ASSIGNED_CONTEXT((#16404,#16406,#16407))
REPRESENTATION_CONTEXT('','3D')
);
#16404=(
LENGTH_UNIT()
NAMED_UNIT(*)
SI_UNIT(.MILLI.,.METRE.)
);
#16405=(
LENGTH_UNIT()
NAMED_UNIT(*)
SI_UNIT($,.METRE.)
);
#16406=(
NAMED_UNIT(*)
PLANE_ANGLE_UNIT()
SI_UNIT($,.RADIAN.)
);
#16407=(
NAMED_UNIT(*)
SI_UNIT($,.STERADIAN.)
SOLID_ANGLE_UNIT()
);
#16408=SHAPE_DEFINITION_REPRESENTATION(#16409,#16410);
#16409=PRODUCT_DEFINITION_SHAPE('',$,#16412);
#16410=SHAPE_REPRESENTATION('',(#9402),#16402);
#16411=PRODUCT_DEFINITION_CONTEXT('part definition',#16416,'design');
#16412=PRODUCT_DEFINITION('Nema 17 60mm Right Stepper Motor',
'4240BY-G5.2 v2',#16413,#16411);
#16413=PRODUCT_DEFINITION_FORMATION('',$,#16418);
#16414=PRODUCT_RELATED_PRODUCT_CATEGORY('4240BY-G5.2 v2',
'4240BY-G5.2 v2',(#16418));
#16415=APPLICATION_PROTOCOL_DEFINITION('international standard',
'automotive_design',2009,#16416);
#16416=APPLICATION_CONTEXT(
'Core Data for Automotive Mechanical Design Process');
#16417=PRODUCT_CONTEXT('part definition',#16416,'mechanical');
#16418=PRODUCT('Nema 17 60mm Right Stepper Motor','4240BY-G5.2 v2',$,(#16417));
#16419=PRESENTATION_STYLE_ASSIGNMENT((#16420));
#16420=SURFACE_STYLE_USAGE(.BOTH.,#16421);
#16421=SURFACE_SIDE_STYLE('',(#16422));
#16422=SURFACE_STYLE_FILL_AREA(#16423);
#16423=FILL_AREA_STYLE('\X2\94A2\X0\ - \X2\7F0E5149\X0\',(#16424));
#16424=FILL_AREA_STYLE_COLOUR('\X2\94A2\X0\ - \X2\7F0E5149\X0\',#16425);
#16425=COLOUR_RGB('\X2\94A2\X0\ - \X2\7F0E5149\X0\',0.627450980392157,0.627450980392157,
0.627450980392157);
ENDSEC;
END-ISO-10303-21;
