ISO-10303-21;
HEADER;
FILE_DESCRIPTION((''),'2;1');
FILE_NAME('SJ-BB00-0024-CYCLE-0716_9','2020-07-16T',('WUSALT01'),(''),
'PRO/ENGINEER BY PARAMETRIC TECHNOLOGY CORPORATION, 2008380',
'PRO/ENGINEER BY PARAMETRIC TECHNOLOGY CORPORATION, 2008380','');
FILE_SCHEMA(('AUTOMOTIVE_DESIGN_CC2 { 1 2 10303 214 -1 1 5 2 }'));
ENDSEC;
DATA;
#14=DIRECTION('',(0.E0,-1.E0,0.E0));
#15=VECTOR('',#14,1.5E0);
#16=CARTESIAN_POINT('',(-9.E0,7.5E-1,0.E0));
#17=LINE('',#16,#15);
#18=CARTESIAN_POINT('',(0.E0,-7.5E-1,0.E0));
#19=DIRECTION('',(0.E0,1.E0,0.E0));
#20=DIRECTION('',(1.E0,0.E0,0.E0));
#21=AXIS2_PLACEMENT_3D('',#18,#19,#20);
#23=CARTESIAN_POINT('',(0.E0,-7.5E-1,0.E0));
#24=DIRECTION('',(0.E0,1.E0,0.E0));
#25=DIRECTION('',(-1.E0,0.E0,0.E0));
#26=AXIS2_PLACEMENT_3D('',#23,#24,#25);
#28=CARTESIAN_POINT('',(6.E0,-7.5E-1,0.E0));
#29=DIRECTION('',(0.E0,-1.E0,0.E0));
#30=DIRECTION('',(0.E0,0.E0,-1.E0));
#31=AXIS2_PLACEMENT_3D('',#28,#29,#30);
#33=CARTESIAN_POINT('',(6.E0,-7.5E-1,0.E0));
#34=DIRECTION('',(0.E0,-1.E0,0.E0));
#35=DIRECTION('',(0.E0,0.E0,1.E0));
#36=AXIS2_PLACEMENT_3D('',#33,#34,#35);
#38=CARTESIAN_POINT('',(-6.E0,-7.5E-1,0.E0));
#39=DIRECTION('',(0.E0,-1.E0,0.E0));
#40=DIRECTION('',(0.E0,0.E0,-1.E0));
#41=AXIS2_PLACEMENT_3D('',#38,#39,#40);
#43=CARTESIAN_POINT('',(-6.E0,-7.5E-1,0.E0));
#44=DIRECTION('',(0.E0,-1.E0,0.E0));
#45=DIRECTION('',(0.E0,0.E0,1.E0));
#46=AXIS2_PLACEMENT_3D('',#43,#44,#45);
#48=CARTESIAN_POINT('',(5.638155724715E0,-7.5E-1,2.052120859954E0));
#49=DIRECTION('',(0.E0,-1.E0,0.E0));
#50=DIRECTION('',(0.E0,0.E0,-1.E0));
#51=AXIS2_PLACEMENT_3D('',#48,#49,#50);
#53=CARTESIAN_POINT('',(5.638155724715E0,-7.5E-1,2.052120859954E0));
#54=DIRECTION('',(0.E0,-1.E0,0.E0));
#55=DIRECTION('',(0.E0,0.E0,1.E0));
#56=AXIS2_PLACEMENT_3D('',#53,#54,#55);
#58=CARTESIAN_POINT('',(-5.638155724715E0,-7.5E-1,-2.052120859954E0));
#59=DIRECTION('',(0.E0,-1.E0,0.E0));
#60=DIRECTION('',(0.E0,0.E0,-1.E0));
#61=AXIS2_PLACEMENT_3D('',#58,#59,#60);
#63=CARTESIAN_POINT('',(-5.638155724715E0,-7.5E-1,-2.052120859954E0));
#64=DIRECTION('',(0.E0,-1.E0,0.E0));
#65=DIRECTION('',(0.E0,0.E0,1.E0));
#66=AXIS2_PLACEMENT_3D('',#63,#64,#65);
#68=CARTESIAN_POINT('',(0.E0,-7.5E-1,-7.5E0));
#69=DIRECTION('',(0.E0,-1.E0,0.E0));
#70=DIRECTION('',(0.E0,0.E0,-1.E0));
#71=AXIS2_PLACEMENT_3D('',#68,#69,#70);
#73=CARTESIAN_POINT('',(0.E0,-7.5E-1,-7.5E0));
#74=DIRECTION('',(0.E0,-1.E0,0.E0));
#75=DIRECTION('',(0.E0,0.E0,1.E0));
#76=AXIS2_PLACEMENT_3D('',#73,#74,#75);
#78=CARTESIAN_POINT('',(2.565151074943E0,-7.5E-1,-7.047694655894E0));
#79=DIRECTION('',(0.E0,-1.E0,0.E0));
#80=DIRECTION('',(0.E0,0.E0,-1.E0));
#81=AXIS2_PLACEMENT_3D('',#78,#79,#80);
#83=CARTESIAN_POINT('',(2.565151074943E0,-7.5E-1,-7.047694655894E0));
#84=DIRECTION('',(0.E0,-1.E0,0.E0));
#85=DIRECTION('',(0.E0,0.E0,1.E0));
#86=AXIS2_PLACEMENT_3D('',#83,#84,#85);
#88=CARTESIAN_POINT('',(4.820907072649E0,-7.5E-1,-5.745333323392E0));
#89=DIRECTION('',(0.E0,-1.E0,0.E0));
#90=DIRECTION('',(0.E0,0.E0,-1.E0));
#91=AXIS2_PLACEMENT_3D('',#88,#89,#90);
#93=CARTESIAN_POINT('',(4.820907072649E0,-7.5E-1,-5.745333323392E0));
#94=DIRECTION('',(0.E0,-1.E0,0.E0));
#95=DIRECTION('',(0.E0,0.E0,1.E0));
#96=AXIS2_PLACEMENT_3D('',#93,#94,#95);
#98=CARTESIAN_POINT('',(0.E0,-7.5E-1,7.5E0));
#99=DIRECTION('',(0.E0,-1.E0,0.E0));
#100=DIRECTION('',(0.E0,0.E0,-1.E0));
#101=AXIS2_PLACEMENT_3D('',#98,#99,#100);
#103=CARTESIAN_POINT('',(0.E0,-7.5E-1,7.5E0));
#104=DIRECTION('',(0.E0,-1.E0,0.E0));
#105=DIRECTION('',(0.E0,0.E0,1.E0));
#106=AXIS2_PLACEMENT_3D('',#103,#104,#105);
#108=CARTESIAN_POINT('',(-2.565151074943E0,-7.5E-1,7.047694655894E0));
#109=DIRECTION('',(0.E0,-1.E0,0.E0));
#110=DIRECTION('',(0.E0,0.E0,-1.E0));
#111=AXIS2_PLACEMENT_3D('',#108,#109,#110);
#113=CARTESIAN_POINT('',(-2.565151074943E0,-7.5E-1,7.047694655894E0));
#114=DIRECTION('',(0.E0,-1.E0,0.E0));
#115=DIRECTION('',(0.E0,0.E0,1.E0));
#116=AXIS2_PLACEMENT_3D('',#113,#114,#115);
#118=CARTESIAN_POINT('',(-4.820907072649E0,-7.5E-1,5.745333323392E0));
#119=DIRECTION('',(0.E0,-1.E0,0.E0));
#120=DIRECTION('',(0.E0,0.E0,-1.E0));
#121=AXIS2_PLACEMENT_3D('',#118,#119,#120);
#123=CARTESIAN_POINT('',(-4.820907072649E0,-7.5E-1,5.745333323392E0));
#124=DIRECTION('',(0.E0,-1.E0,0.E0));
#125=DIRECTION('',(0.E0,0.E0,1.E0));
#126=AXIS2_PLACEMENT_3D('',#123,#124,#125);
#128=CARTESIAN_POINT('',(0.E0,-7.5E-1,0.E0));
#129=DIRECTION('',(0.E0,-1.E0,0.E0));
#130=DIRECTION('',(0.E0,0.E0,-1.E0));
#131=AXIS2_PLACEMENT_3D('',#128,#129,#130);
#133=CARTESIAN_POINT('',(0.E0,-7.5E-1,0.E0));
#134=DIRECTION('',(0.E0,-1.E0,0.E0));
#135=DIRECTION('',(0.E0,0.E0,1.E0));
#136=AXIS2_PLACEMENT_3D('',#133,#134,#135);
#138=DIRECTION('',(0.E0,-1.E0,0.E0));
#139=VECTOR('',#138,1.5E0);
#140=CARTESIAN_POINT('',(9.E0,7.5E-1,0.E0));
#141=LINE('',#140,#139);
#142=CARTESIAN_POINT('',(0.E0,7.5E-1,0.E0));
#143=DIRECTION('',(0.E0,-1.E0,0.E0));
#144=DIRECTION('',(-1.E0,0.E0,0.E0));
#145=AXIS2_PLACEMENT_3D('',#142,#143,#144);
#147=CARTESIAN_POINT('',(0.E0,7.5E-1,0.E0));
#148=DIRECTION('',(0.E0,-1.E0,0.E0));
#149=DIRECTION('',(1.E0,0.E0,0.E0));
#150=AXIS2_PLACEMENT_3D('',#147,#148,#149);
#152=CARTESIAN_POINT('',(0.E0,7.5E-1,0.E0));
#153=DIRECTION('',(0.E0,1.E0,0.E0));
#154=DIRECTION('',(1.E0,0.E0,0.E0));
#155=AXIS2_PLACEMENT_3D('',#152,#153,#154);
#157=CARTESIAN_POINT('',(0.E0,7.5E-1,0.E0));
#158=DIRECTION('',(0.E0,1.E0,0.E0));
#159=DIRECTION('',(-1.E0,0.E0,0.E0));
#160=AXIS2_PLACEMENT_3D('',#157,#158,#159);
#162=CARTESIAN_POINT('',(6.E0,7.5E-1,0.E0));
#163=DIRECTION('',(0.E0,1.E0,0.E0));
#164=DIRECTION('',(0.E0,0.E0,1.E0));
#165=AXIS2_PLACEMENT_3D('',#162,#163,#164);
#167=CARTESIAN_POINT('',(6.E0,7.5E-1,0.E0));
#168=DIRECTION('',(0.E0,1.E0,0.E0));
#169=DIRECTION('',(0.E0,0.E0,-1.E0));
#170=AXIS2_PLACEMENT_3D('',#167,#168,#169);
#172=CARTESIAN_POINT('',(-6.E0,7.5E-1,0.E0));
#173=DIRECTION('',(0.E0,1.E0,0.E0));
#174=DIRECTION('',(0.E0,0.E0,1.E0));
#175=AXIS2_PLACEMENT_3D('',#172,#173,#174);
#177=CARTESIAN_POINT('',(-6.E0,7.5E-1,0.E0));
#178=DIRECTION('',(0.E0,1.E0,0.E0));
#179=DIRECTION('',(0.E0,0.E0,-1.E0));
#180=AXIS2_PLACEMENT_3D('',#177,#178,#179);
#182=CARTESIAN_POINT('',(5.638155724715E0,7.5E-1,2.052120859954E0));
#183=DIRECTION('',(0.E0,1.E0,0.E0));
#184=DIRECTION('',(0.E0,0.E0,1.E0));
#185=AXIS2_PLACEMENT_3D('',#182,#183,#184);
#187=CARTESIAN_POINT('',(5.638155724715E0,7.5E-1,2.052120859954E0));
#188=DIRECTION('',(0.E0,1.E0,0.E0));
#189=DIRECTION('',(0.E0,0.E0,-1.E0));
#190=AXIS2_PLACEMENT_3D('',#187,#188,#189);
#192=CARTESIAN_POINT('',(-5.638155724715E0,7.5E-1,-2.052120859954E0));
#193=DIRECTION('',(0.E0,1.E0,0.E0));
#194=DIRECTION('',(0.E0,0.E0,1.E0));
#195=AXIS2_PLACEMENT_3D('',#192,#193,#194);
#197=CARTESIAN_POINT('',(-5.638155724715E0,7.5E-1,-2.052120859954E0));
#198=DIRECTION('',(0.E0,1.E0,0.E0));
#199=DIRECTION('',(0.E0,0.E0,-1.E0));
#200=AXIS2_PLACEMENT_3D('',#197,#198,#199);
#202=CARTESIAN_POINT('',(0.E0,7.5E-1,-7.5E0));
#203=DIRECTION('',(0.E0,1.E0,0.E0));
#204=DIRECTION('',(0.E0,0.E0,1.E0));
#205=AXIS2_PLACEMENT_3D('',#202,#203,#204);
#207=CARTESIAN_POINT('',(0.E0,7.5E-1,-7.5E0));
#208=DIRECTION('',(0.E0,1.E0,0.E0));
#209=DIRECTION('',(0.E0,0.E0,-1.E0));
#210=AXIS2_PLACEMENT_3D('',#207,#208,#209);
#212=CARTESIAN_POINT('',(2.565151074943E0,7.5E-1,-7.047694655894E0));
#213=DIRECTION('',(0.E0,1.E0,0.E0));
#214=DIRECTION('',(0.E0,0.E0,1.E0));
#215=AXIS2_PLACEMENT_3D('',#212,#213,#214);
#217=CARTESIAN_POINT('',(2.565151074943E0,7.5E-1,-7.047694655894E0));
#218=DIRECTION('',(0.E0,1.E0,0.E0));
#219=DIRECTION('',(0.E0,0.E0,-1.E0));
#220=AXIS2_PLACEMENT_3D('',#217,#218,#219);
#222=CARTESIAN_POINT('',(4.820907072649E0,7.5E-1,-5.745333323392E0));
#223=DIRECTION('',(0.E0,1.E0,0.E0));
#224=DIRECTION('',(0.E0,0.E0,1.E0));
#225=AXIS2_PLACEMENT_3D('',#222,#223,#224);
#227=CARTESIAN_POINT('',(4.820907072649E0,7.5E-1,-5.745333323392E0));
#228=DIRECTION('',(0.E0,1.E0,0.E0));
#229=DIRECTION('',(0.E0,0.E0,-1.E0));
#230=AXIS2_PLACEMENT_3D('',#227,#228,#229);
#232=CARTESIAN_POINT('',(0.E0,7.5E-1,7.5E0));
#233=DIRECTION('',(0.E0,1.E0,0.E0));
#234=DIRECTION('',(0.E0,0.E0,1.E0));
#235=AXIS2_PLACEMENT_3D('',#232,#233,#234);
#237=CARTESIAN_POINT('',(0.E0,7.5E-1,7.5E0));
#238=DIRECTION('',(0.E0,1.E0,0.E0));
#239=DIRECTION('',(0.E0,0.E0,-1.E0));
#240=AXIS2_PLACEMENT_3D('',#237,#238,#239);
#242=CARTESIAN_POINT('',(-2.565151074943E0,7.5E-1,7.047694655894E0));
#243=DIRECTION('',(0.E0,1.E0,0.E0));
#244=DIRECTION('',(0.E0,0.E0,1.E0));
#245=AXIS2_PLACEMENT_3D('',#242,#243,#244);
#247=CARTESIAN_POINT('',(-2.565151074943E0,7.5E-1,7.047694655894E0));
#248=DIRECTION('',(0.E0,1.E0,0.E0));
#249=DIRECTION('',(0.E0,0.E0,-1.E0));
#250=AXIS2_PLACEMENT_3D('',#247,#248,#249);
#252=CARTESIAN_POINT('',(-4.820907072649E0,7.5E-1,5.745333323392E0));
#253=DIRECTION('',(0.E0,1.E0,0.E0));
#254=DIRECTION('',(0.E0,0.E0,1.E0));
#255=AXIS2_PLACEMENT_3D('',#252,#253,#254);
#257=CARTESIAN_POINT('',(-4.820907072649E0,7.5E-1,5.745333323392E0));
#258=DIRECTION('',(0.E0,1.E0,0.E0));
#259=DIRECTION('',(0.E0,0.E0,-1.E0));
#260=AXIS2_PLACEMENT_3D('',#257,#258,#259);
#262=DIRECTION('',(0.E0,-1.E0,0.E0));
#263=VECTOR('',#262,6.E-1);
#264=CARTESIAN_POINT('',(-2.8E0,1.35E0,0.E0));
#265=LINE('',#264,#263);
#266=DIRECTION('',(0.E0,-1.E0,0.E0));
#267=VECTOR('',#266,6.E-1);
#268=CARTESIAN_POINT('',(2.8E0,1.35E0,0.E0));
#269=LINE('',#268,#267);
#270=CARTESIAN_POINT('',(0.E0,1.35E0,0.E0));
#271=DIRECTION('',(0.E0,-1.E0,0.E0));
#272=DIRECTION('',(-1.E0,0.E0,0.E0));
#273=AXIS2_PLACEMENT_3D('',#270,#271,#272);
#275=CARTESIAN_POINT('',(0.E0,1.35E0,0.E0));
#276=DIRECTION('',(0.E0,-1.E0,0.E0));
#277=DIRECTION('',(1.E0,0.E0,0.E0));
#278=AXIS2_PLACEMENT_3D('',#275,#276,#277);
#280=CARTESIAN_POINT('',(0.E0,1.35E0,0.E0));
#281=DIRECTION('',(0.E0,1.E0,0.E0));
#282=DIRECTION('',(-1.E0,0.E0,0.E0));
#283=AXIS2_PLACEMENT_3D('',#280,#281,#282);
#285=CARTESIAN_POINT('',(0.E0,1.35E0,0.E0));
#286=DIRECTION('',(0.E0,1.E0,0.E0));
#287=DIRECTION('',(-9.996471093389E-1,0.E0,2.656420129407E-2));
#288=AXIS2_PLACEMENT_3D('',#285,#286,#287);
#290=CARTESIAN_POINT('',(0.E0,1.35E0,0.E0));
#291=DIRECTION('',(0.E0,1.E0,0.E0));
#292=DIRECTION('',(1.E0,0.E0,0.E0));
#293=AXIS2_PLACEMENT_3D('',#290,#291,#292);
#295=CARTESIAN_POINT('',(0.E0,1.35E0,0.E0));
#296=DIRECTION('',(0.E0,1.E0,0.E0));
#297=DIRECTION('',(9.996471093389E-1,0.E0,-2.656420129407E-2));
#298=AXIS2_PLACEMENT_3D('',#295,#296,#297);
#300=CARTESIAN_POINT('',(0.E0,1.05E0,0.E0));
#301=DIRECTION('',(0.E0,1.E0,0.E0));
#302=DIRECTION('',(-1.E0,0.E0,6.999544243505E-11));
#303=AXIS2_PLACEMENT_3D('',#300,#301,#302);
#305=CARTESIAN_POINT('',(0.E0,1.05E0,0.E0));
#306=DIRECTION('',(0.E0,1.E0,0.E0));
#307=DIRECTION('',(-9.996471093389E-1,0.E0,2.656420129407E-2));
#308=AXIS2_PLACEMENT_3D('',#305,#306,#307);
#310=CARTESIAN_POINT('',(2.4E0,1.05E0,-2.263597642660E-11));
#311=DIRECTION('',(-9.431656844416E-12,0.E0,-1.E0));
#312=DIRECTION('',(-1.E0,0.E0,9.431656844416E-12));
#313=AXIS2_PLACEMENT_3D('',#310,#311,#312);
#315=CARTESIAN_POINT('',(0.E0,1.05E0,0.E0));
#316=DIRECTION('',(0.E0,1.E0,0.E0));
#317=DIRECTION('',(1.E0,0.E0,0.E0));
#318=AXIS2_PLACEMENT_3D('',#315,#316,#317);
#320=CARTESIAN_POINT('',(0.E0,1.05E0,0.E0));
#321=DIRECTION('',(0.E0,1.E0,0.E0));
#322=DIRECTION('',(9.996471093389E-1,0.E0,-2.656420129407E-2));
#323=AXIS2_PLACEMENT_3D('',#320,#321,#322);
#325=CARTESIAN_POINT('',(-2.4E0,1.05E0,2.263597642660E-11));
#326=DIRECTION('',(9.431656844416E-12,0.E0,1.E0));
#327=DIRECTION('',(1.E0,0.E0,-9.431656844416E-12));
#328=AXIS2_PLACEMENT_3D('',#325,#326,#327);
#330=DIRECTION('',(0.E0,-1.E0,1.650604812677E-11));
#331=VECTOR('',#330,6.E-1);
#332=CARTESIAN_POINT('',(2.1E0,1.05E0,-9.903414675332E-12));
#333=LINE('',#332,#331);
#334=DIRECTION('',(0.E0,1.E0,-2.432469806474E-11));
#335=VECTOR('',#334,6.E-1);
#336=CARTESIAN_POINT('',(-2.1E0,4.5E-1,9.799357665889E-11));
#337=LINE('',#336,#335);
#338=CARTESIAN_POINT('',(0.E0,4.5E-1,0.E0));
#339=DIRECTION('',(0.E0,-1.E0,0.E0));
#340=DIRECTION('',(-1.E0,0.E0,0.E0));
#341=AXIS2_PLACEMENT_3D('',#338,#339,#340);
#343=CARTESIAN_POINT('',(0.E0,4.5E-1,0.E0));
#344=DIRECTION('',(0.E0,-1.E0,0.E0));
#345=DIRECTION('',(1.E0,0.E0,0.E0));
#346=AXIS2_PLACEMENT_3D('',#343,#344,#345);
#348=CARTESIAN_POINT('',(0.E0,4.5E-1,0.E0));
#349=DIRECTION('',(0.E0,1.E0,0.E0));
#350=DIRECTION('',(-1.E0,0.E0,0.E0));
#351=AXIS2_PLACEMENT_3D('',#348,#349,#350);
#353=CARTESIAN_POINT('',(0.E0,4.5E-1,0.E0));
#354=DIRECTION('',(0.E0,1.E0,0.E0));
#355=DIRECTION('',(1.E0,0.E0,0.E0));
#356=AXIS2_PLACEMENT_3D('',#353,#354,#355);
#358=DIRECTION('',(0.E0,-1.E0,0.E0));
#359=VECTOR('',#358,6.E-1);
#360=CARTESIAN_POINT('',(-1.E0,4.5E-1,0.E0));
#361=LINE('',#360,#359);
#362=CARTESIAN_POINT('',(1.827058486068E0,-1.5E-1,-2.904432620794E-1));
#363=DIRECTION('',(0.E0,-1.E0,0.E0));
#364=DIRECTION('',(-5.591929034703E-1,0.E0,8.290375725554E-1));
#365=AXIS2_PLACEMENT_3D('',#362,#363,#364);
#367=CARTESIAN_POINT('',(1.827058486068E0,-1.5E-1,-2.904432620794E-1));
#368=DIRECTION('',(0.E0,-1.E0,0.E0));
#369=DIRECTION('',(-9.875991830932E-1,0.E0,1.569963488542E-1));
#370=AXIS2_PLACEMENT_3D('',#367,#368,#369);
#372=CARTESIAN_POINT('',(1.748341347909E0,-1.5E-1,-3.507251032914E-1));
#373=CARTESIAN_POINT('',(1.793983846477E0,-1.5E-1,-4.091448374060E-1));
#374=CARTESIAN_POINT('',(1.840165957753E0,-1.5E-1,-4.671464076657E-1));
#375=CARTESIAN_POINT('',(1.885808456322E0,-1.5E-1,-5.255661417804E-1));
#377=CARTESIAN_POINT('',(1.807007380961E0,-1.5E-1,-5.871322893124E-1));
#378=DIRECTION('',(0.E0,1.E0,0.E0));
#379=DIRECTION('',(7.880107536196E-1,0.E0,6.156614753092E-1));
#380=AXIS2_PLACEMENT_3D('',#377,#378,#379);
#382=CARTESIAN_POINT('',(1.834571116542E0,-1.5E-1,-6.832584589063E-1));
#383=CARTESIAN_POINT('',(1.763307301379E0,-1.5E-1,-7.036930290760E-1));
#384=CARTESIAN_POINT('',(1.691852720913E0,-1.5E-1,-7.234721211884E-1));
#385=CARTESIAN_POINT('',(1.620588905749E0,-1.5E-1,-7.439066913581E-1));
#387=CARTESIAN_POINT('',(1.648839631024E0,-1.5E-1,-8.389444982626E-1));
#388=DIRECTION('',(0.E0,-1.E0,0.E0));
#389=DIRECTION('',(-2.849194531383E-1,0.E0,9.585514619588E-1));
#390=AXIS2_PLACEMENT_3D('',#387,#388,#389);
#392=CARTESIAN_POINT('',(1.648839631024E0,-1.5E-1,-8.389444982626E-1));
#393=DIRECTION('',(0.E0,-1.E0,0.E0));
#394=DIRECTION('',(-8.912645687737E-1,0.E0,4.534837025171E-1));
#395=AXIS2_PLACEMENT_3D('',#392,#393,#394);
#397=DIRECTION('',(3.420201433248E-1,0.E0,-9.396926207862E-1));
#398=VECTOR('',#397,2.228850666642E-1);
#399=CARTESIAN_POINT('',(1.554870368945E0,-1.5E-1,-8.731465125944E-1));
#400=LINE('',#399,#398);
#401=CARTESIAN_POINT('',(1.537132289312E0,-1.5E-1,-1.116791979356E0));
#402=DIRECTION('',(0.E0,1.E0,0.E0));
#403=DIRECTION('',(9.396926207758E-1,0.E0,3.420201433533E-1));
#404=AXIS2_PLACEMENT_3D('',#401,#402,#403);
#406=CARTESIAN_POINT('',(1.533642339643E0,-1.5E-1,-1.216731062058E0));
#407=CARTESIAN_POINT('',(1.459551794400E0,-1.5E-1,-1.214143763206E0));
#408=CARTESIAN_POINT('',(1.385482374432E0,-1.5E-1,-1.210874117956E0));
#409=CARTESIAN_POINT('',(1.311391829189E0,-1.5E-1,-1.208286819104E0));
#411=CARTESIAN_POINT('',(1.308891568110E0,-1.5E-1,-1.307403098868E0));
#412=DIRECTION('',(0.E0,-1.E0,0.E0));
#413=DIRECTION('',(2.523418920654E-2,0.E0,9.996815671478E-1));
#414=AXIS2_PLACEMENT_3D('',#411,#412,#413);
#416=CARTESIAN_POINT('',(1.308891568110E0,-1.5E-1,-1.307403098868E0));
#417=DIRECTION('',(0.E0,-1.E0,0.E0));
#418=DIRECTION('',(-7.075088051254E-1,0.E0,7.067045285479E-1));
#419=AXIS2_PLACEMENT_3D('',#416,#417,#418);
#421=DIRECTION('',(3.489949670361E-2,0.E0,-9.993908270191E-1));
#422=VECTOR('',#421,2.228850666641E-1);
#423=CARTESIAN_POINT('',(1.208952485409E0,-1.5E-1,-1.310893048538E0));
#424=LINE('',#423,#422);
#425=CARTESIAN_POINT('',(1.116791979356E0,-1.5E-1,-1.537132289312E0));
#426=DIRECTION('',(0.E0,1.E0,0.E0));
#427=DIRECTION('',(9.993908270190E-1,0.E0,3.489949670408E-2));
#428=AXIS2_PLACEMENT_3D('',#425,#426,#427);
#430=CARTESIAN_POINT('',(1.082589965023E0,-1.5E-1,-1.631101551391E0));
#431=CARTESIAN_POINT('',(1.012925188489E0,-1.5E-1,-1.605745646356E0));
#432=CARTESIAN_POINT('',(9.434913599181E-1,-1.5E-1,-1.579747319401E0));
#433=CARTESIAN_POINT('',(8.738265833846E-1,-1.5E-1,-1.554391414366E0));
#435=CARTESIAN_POINT('',(8.408200789265E-1,-1.5E-1,-1.647883974943E0));
#436=DIRECTION('',(0.E0,-1.E0,0.E0));
#437=DIRECTION('',(3.329177332888E-1,0.E0,9.429558753525E-1));
#438=AXIS2_PLACEMENT_3D('',#435,#436,#437);
#440=CARTESIAN_POINT('',(8.408200789265E-1,-1.5E-1,-1.647883974943E0));
#441=DIRECTION('',(0.E0,-1.E0,0.E0));
#442=DIRECTION('',(-4.544971501276E-1,0.E0,8.907481914244E-1));
#443=AXIS2_PLACEMENT_3D('',#440,#441,#442);
#445=DIRECTION('',(-2.756373558169E-1,0.E0,-9.612616959384E-1));
#446=VECTOR('',#445,2.228850666645E-1);
#447=CARTESIAN_POINT('',(7.446939093326E-1,-1.5E-1,-1.620320239361E0));
#448=LINE('',#447,#446);
#449=CARTESIAN_POINT('',(5.871322893124E-1,-1.5E-1,-1.807007380961E0));
#450=DIRECTION('',(0.E0,1.E0,0.E0));
#451=DIRECTION('',(9.612616959371E-1,0.E0,-2.756373558214E-1));
#452=AXIS2_PLACEMENT_3D('',#449,#450,#451);
#454=CARTESIAN_POINT('',(5.255661417798E-1,-1.5E-1,-1.885808456321E0));
#455=CARTESIAN_POINT('',(4.671464076647E-1,-1.5E-1,-1.840165957753E0));
#456=CARTESIAN_POINT('',(4.091448374055E-1,-1.5E-1,-1.793983846477E0));
#457=CARTESIAN_POINT('',(3.507251032904E-1,-1.5E-1,-1.748341347909E0));
#459=CARTESIAN_POINT('',(2.904432620794E-1,-1.5E-1,-1.827058486068E0));
#460=DIRECTION('',(0.E0,-1.E0,0.E0));
#461=DIRECTION('',(6.080129700644E-1,0.E0,7.939270925176E-1));
#462=AXIS2_PLACEMENT_3D('',#459,#460,#461);
#464=CARTESIAN_POINT('',(2.904432620794E-1,-1.5E-1,-1.827058486068E0));
#465=DIRECTION('',(0.E0,-1.E0,0.E0));
#466=DIRECTION('',(-1.569961474075E-1,0.E0,9.875992151167E-1));
#467=AXIS2_PLACEMENT_3D('',#464,#465,#466);
#469=DIRECTION('',(-5.591929034708E-1,0.E0,-8.290375725550E-1));
#470=VECTOR('',#469,2.228850666639E-1);
#471=CARTESIAN_POINT('',(2.075395048235E-1,-1.5E-1,-1.771139195721E0));
#472=LINE('',#471,#470);
#473=CARTESIAN_POINT('',(0.E0,-1.5E-1,-1.9E0));
#474=DIRECTION('',(0.E0,1.E0,0.E0));
#475=DIRECTION('',(8.290375725541E-1,0.E0,-5.591929034721E-1));
#476=AXIS2_PLACEMENT_3D('',#473,#474,#475);
#478=CARTESIAN_POINT('',(-8.290375725583E-2,-1.5E-1,-1.955919290347E0));
#479=CARTESIAN_POINT('',(-1.243599183425E-1,-1.5E-1,-1.894458004015E0));
#480=CARTESIAN_POINT('',(-1.652516324728E-1,-1.5E-1,-1.832612735239E0));
#481=CARTESIAN_POINT('',(-2.067077935595E-1,-1.5E-1,-1.771151448908E0));
#483=CARTESIAN_POINT('',(-2.883641648973E-1,-1.5E-1,-1.827387782711E0));
#484=DIRECTION('',(0.E0,-1.E0,0.E0));
#485=DIRECTION('',(8.235916610581E-1,0.E0,5.671831942464E-1));
#486=AXIS2_PLACEMENT_3D('',#483,#484,#485);
#488=CARTESIAN_POINT('',(-2.883641648973E-1,-1.5E-1,-1.827387782711E0));
#489=DIRECTION('',(0.E0,-1.E0,0.E0));
#490=DIRECTION('',(1.558727320773E-1,0.E0,9.877771466251E-1));
#491=AXIS2_PLACEMENT_3D('',#488,#489,#490);
#493=DIRECTION('',(-7.880107536062E-1,0.E0,-6.156614753263E-1));
#494=VECTOR('',#493,2.228850666635E-1);
#495=CARTESIAN_POINT('',(-3.499303124312E-1,-1.5E-1,-1.748586707351E0));
#496=LINE('',#495,#494);
#497=CARTESIAN_POINT('',(-5.871322893124E-1,-1.5E-1,-1.807007380961E0));
#498=DIRECTION('',(0.E0,1.E0,0.E0));
#499=DIRECTION('',(6.156614753090E-1,0.E0,-7.880107536197E-1));
#500=AXIS2_PLACEMENT_3D('',#497,#498,#499);
#502=CARTESIAN_POINT('',(-6.832584589063E-1,-1.5E-1,-1.834571116542E0));
#503=CARTESIAN_POINT('',(-7.036930290760E-1,-1.5E-1,-1.763307301379E0));
#504=CARTESIAN_POINT('',(-7.234721211884E-1,-1.5E-1,-1.691852720913E0));
#505=CARTESIAN_POINT('',(-7.439066913581E-1,-1.5E-1,-1.620588905749E0));
#507=CARTESIAN_POINT('',(-8.389444982626E-1,-1.5E-1,-1.648839631024E0));
#508=DIRECTION('',(0.E0,-1.E0,0.E0));
#509=DIRECTION('',(9.585514619588E-1,0.E0,2.849194531383E-1));
#510=AXIS2_PLACEMENT_3D('',#507,#508,#509);
#512=CARTESIAN_POINT('',(-8.389444982626E-1,-1.5E-1,-1.648839631024E0));
#513=DIRECTION('',(0.E0,-1.E0,0.E0));
#514=DIRECTION('',(4.534837025171E-1,0.E0,8.912645687737E-1));
#515=AXIS2_PLACEMENT_3D('',#512,#513,#514);
#517=DIRECTION('',(-9.396926207862E-1,0.E0,-3.420201433248E-1));
#518=VECTOR('',#517,2.228850666642E-1);
#519=CARTESIAN_POINT('',(-8.731465125944E-1,-1.5E-1,-1.554870368945E0));
#520=LINE('',#519,#518);
#521=CARTESIAN_POINT('',(-1.116791979356E0,-1.5E-1,-1.537132289312E0));
#522=DIRECTION('',(0.E0,1.E0,0.E0));
#523=DIRECTION('',(3.420201433533E-1,0.E0,-9.396926207758E-1));
#524=AXIS2_PLACEMENT_3D('',#521,#522,#523);
#526=CARTESIAN_POINT('',(-1.216731062058E0,-1.5E-1,-1.533642339643E0));
#527=CARTESIAN_POINT('',(-1.214143763206E0,-1.5E-1,-1.459551794400E0));
#528=CARTESIAN_POINT('',(-1.210874117956E0,-1.5E-1,-1.385482374432E0));
#529=CARTESIAN_POINT('',(-1.208286819104E0,-1.5E-1,-1.311391829189E0));
#531=CARTESIAN_POINT('',(-1.307403098868E0,-1.5E-1,-1.308891568110E0));
#532=DIRECTION('',(0.E0,-1.E0,0.E0));
#533=DIRECTION('',(9.996815671478E-1,0.E0,-2.523418920654E-2));
#534=AXIS2_PLACEMENT_3D('',#531,#532,#533);
#536=CARTESIAN_POINT('',(-1.307403098868E0,-1.5E-1,-1.308891568110E0));
#537=DIRECTION('',(0.E0,-1.E0,0.E0));
#538=DIRECTION('',(7.067045285479E-1,0.E0,7.075088051254E-1));
#539=AXIS2_PLACEMENT_3D('',#536,#537,#538);
#541=DIRECTION('',(-9.993908270191E-1,0.E0,-3.489949670361E-2));
#542=VECTOR('',#541,2.228850666641E-1);
#543=CARTESIAN_POINT('',(-1.310893048538E0,-1.5E-1,-1.208952485409E0));
#544=LINE('',#543,#542);
#545=CARTESIAN_POINT('',(-1.537132289312E0,-1.5E-1,-1.116791979356E0));
#546=DIRECTION('',(0.E0,1.E0,0.E0));
#547=DIRECTION('',(3.489949670408E-2,0.E0,-9.993908270190E-1));
#548=AXIS2_PLACEMENT_3D('',#545,#546,#547);
#550=CARTESIAN_POINT('',(-1.631101551391E0,-1.5E-1,-1.082589965023E0));
#551=CARTESIAN_POINT('',(-1.605745646356E0,-1.5E-1,-1.012925188489E0));
#552=CARTESIAN_POINT('',(-1.579747319401E0,-1.5E-1,-9.434913599181E-1));
#553=CARTESIAN_POINT('',(-1.554391414366E0,-1.5E-1,-8.738265833846E-1));
#555=CARTESIAN_POINT('',(-1.647883974943E0,-1.5E-1,-8.408200789265E-1));
#556=DIRECTION('',(0.E0,-1.E0,0.E0));
#557=DIRECTION('',(9.429558753525E-1,0.E0,-3.329177332888E-1));
#558=AXIS2_PLACEMENT_3D('',#555,#556,#557);
#560=CARTESIAN_POINT('',(-1.647883974943E0,-1.5E-1,-8.408200789265E-1));
#561=DIRECTION('',(0.E0,-1.E0,0.E0));
#562=DIRECTION('',(8.907481914244E-1,0.E0,4.544971501276E-1));
#563=AXIS2_PLACEMENT_3D('',#560,#561,#562);
#565=DIRECTION('',(-9.612616959384E-1,0.E0,2.756373558169E-1));
#566=VECTOR('',#565,2.228850666645E-1);
#567=CARTESIAN_POINT('',(-1.620320239361E0,-1.5E-1,-7.446939093326E-1));
#568=LINE('',#567,#566);
#569=CARTESIAN_POINT('',(-1.807007380961E0,-1.5E-1,-5.871322893124E-1));
#570=DIRECTION('',(0.E0,1.E0,0.E0));
#571=DIRECTION('',(-2.756373558214E-1,0.E0,-9.612616959371E-1));
#572=AXIS2_PLACEMENT_3D('',#569,#570,#571);
#574=CARTESIAN_POINT('',(-1.885808456321E0,-1.5E-1,-5.255661417798E-1));
#575=CARTESIAN_POINT('',(-1.840165957753E0,-1.5E-1,-4.671464076647E-1));
#576=CARTESIAN_POINT('',(-1.793983846477E0,-1.5E-1,-4.091448374055E-1));
#577=CARTESIAN_POINT('',(-1.748341347909E0,-1.5E-1,-3.507251032904E-1));
#579=CARTESIAN_POINT('',(-1.827058486068E0,-1.5E-1,-2.904432620794E-1));
#580=DIRECTION('',(0.E0,-1.E0,0.E0));
#581=DIRECTION('',(7.939270925176E-1,0.E0,-6.080129700644E-1));
#582=AXIS2_PLACEMENT_3D('',#579,#580,#581);
#584=CARTESIAN_POINT('',(-1.827058486068E0,-1.5E-1,-2.904432620794E-1));
#585=DIRECTION('',(0.E0,-1.E0,0.E0));
#586=DIRECTION('',(9.875992151167E-1,0.E0,1.569961474075E-1));
#587=AXIS2_PLACEMENT_3D('',#584,#585,#586);
#589=DIRECTION('',(-8.290375725550E-1,0.E0,5.591929034708E-1));
#590=VECTOR('',#589,2.228850666639E-1);
#591=CARTESIAN_POINT('',(-1.771139195721E0,-1.5E-1,-2.075395048235E-1));
#592=LINE('',#591,#590);
#593=CARTESIAN_POINT('',(-1.9E0,-1.5E-1,0.E0));
#594=DIRECTION('',(0.E0,1.E0,0.E0));
#595=DIRECTION('',(-5.591929034721E-1,0.E0,-8.290375725541E-1));
#596=AXIS2_PLACEMENT_3D('',#593,#594,#595);
#598=CARTESIAN_POINT('',(-1.955919290347E0,-1.5E-1,8.290375725583E-2));
#599=CARTESIAN_POINT('',(-1.894458004015E0,-1.5E-1,1.243599183425E-1));
#600=CARTESIAN_POINT('',(-1.832612735239E0,-1.5E-1,1.652516324728E-1));
#601=CARTESIAN_POINT('',(-1.771151448908E0,-1.5E-1,2.067077935595E-1));
#603=CARTESIAN_POINT('',(-1.827387782711E0,-1.5E-1,2.883641648973E-1));
#604=DIRECTION('',(0.E0,-1.E0,0.E0));
#605=DIRECTION('',(5.671831942464E-1,0.E0,-8.235916610581E-1));
#606=AXIS2_PLACEMENT_3D('',#603,#604,#605);
#608=CARTESIAN_POINT('',(-1.827387782711E0,-1.5E-1,2.883641648973E-1));
#609=DIRECTION('',(0.E0,-1.E0,0.E0));
#610=DIRECTION('',(9.877771466251E-1,0.E0,-1.558727320773E-1));
#611=AXIS2_PLACEMENT_3D('',#608,#609,#610);
#613=DIRECTION('',(-6.156614753263E-1,0.E0,7.880107536062E-1));
#614=VECTOR('',#613,2.228850666635E-1);
#615=CARTESIAN_POINT('',(-1.748586707351E0,-1.5E-1,3.499303124312E-1));
#616=LINE('',#615,#614);
#617=CARTESIAN_POINT('',(-1.807007380961E0,-1.5E-1,5.871322893124E-1));
#618=DIRECTION('',(0.E0,1.E0,0.E0));
#619=DIRECTION('',(-7.880107536197E-1,0.E0,-6.156614753090E-1));
#620=AXIS2_PLACEMENT_3D('',#617,#618,#619);
#622=CARTESIAN_POINT('',(-1.834571116542E0,-1.5E-1,6.832584589063E-1));
#623=CARTESIAN_POINT('',(-1.763307301379E0,-1.5E-1,7.036930290760E-1));
#624=CARTESIAN_POINT('',(-1.691852720913E0,-1.5E-1,7.234721211884E-1));
#625=CARTESIAN_POINT('',(-1.620588905749E0,-1.5E-1,7.439066913581E-1));
#627=CARTESIAN_POINT('',(-1.648839631024E0,-1.5E-1,8.389444982626E-1));
#628=DIRECTION('',(0.E0,-1.E0,0.E0));
#629=DIRECTION('',(2.849194531383E-1,0.E0,-9.585514619588E-1));
#630=AXIS2_PLACEMENT_3D('',#627,#628,#629);
#632=CARTESIAN_POINT('',(-1.648839631024E0,-1.5E-1,8.389444982626E-1));
#633=DIRECTION('',(0.E0,-1.E0,0.E0));
#634=DIRECTION('',(8.912645687737E-1,0.E0,-4.534837025171E-1));
#635=AXIS2_PLACEMENT_3D('',#632,#633,#634);
#637=DIRECTION('',(-3.420201433248E-1,0.E0,9.396926207862E-1));
#638=VECTOR('',#637,2.228850666642E-1);
#639=CARTESIAN_POINT('',(-1.554870368945E0,-1.5E-1,8.731465125944E-1));
#640=LINE('',#639,#638);
#641=CARTESIAN_POINT('',(-1.537132289312E0,-1.5E-1,1.116791979356E0));
#642=DIRECTION('',(0.E0,1.E0,0.E0));
#643=DIRECTION('',(-9.396926207758E-1,0.E0,-3.420201433533E-1));
#644=AXIS2_PLACEMENT_3D('',#641,#642,#643);
#646=CARTESIAN_POINT('',(-1.533642339643E0,-1.5E-1,1.216731062058E0));
#647=CARTESIAN_POINT('',(-1.459551794400E0,-1.5E-1,1.214143763206E0));
#648=CARTESIAN_POINT('',(-1.385482374432E0,-1.5E-1,1.210874117956E0));
#649=CARTESIAN_POINT('',(-1.311391829189E0,-1.5E-1,1.208286819104E0));
#651=CARTESIAN_POINT('',(-1.308891568110E0,-1.5E-1,1.307403098868E0));
#652=DIRECTION('',(0.E0,-1.E0,0.E0));
#653=DIRECTION('',(-2.523418920654E-2,0.E0,-9.996815671478E-1));
#654=AXIS2_PLACEMENT_3D('',#651,#652,#653);
#656=CARTESIAN_POINT('',(-1.308891568110E0,-1.5E-1,1.307403098868E0));
#657=DIRECTION('',(0.E0,-1.E0,0.E0));
#658=DIRECTION('',(7.075088051254E-1,0.E0,-7.067045285479E-1));
#659=AXIS2_PLACEMENT_3D('',#656,#657,#658);
#661=DIRECTION('',(-3.489949670361E-2,0.E0,9.993908270191E-1));
#662=VECTOR('',#661,2.228850666641E-1);
#663=CARTESIAN_POINT('',(-1.208952485409E0,-1.5E-1,1.310893048538E0));
#664=LINE('',#663,#662);
#665=CARTESIAN_POINT('',(-1.116791979356E0,-1.5E-1,1.537132289312E0));
#666=DIRECTION('',(0.E0,1.E0,0.E0));
#667=DIRECTION('',(-9.993908270190E-1,0.E0,-3.489949670408E-2));
#668=AXIS2_PLACEMENT_3D('',#665,#666,#667);
#670=CARTESIAN_POINT('',(-1.082589965023E0,-1.5E-1,1.631101551391E0));
#671=CARTESIAN_POINT('',(-1.012925188489E0,-1.5E-1,1.605745646356E0));
#672=CARTESIAN_POINT('',(-9.434913599181E-1,-1.5E-1,1.579747319401E0));
#673=CARTESIAN_POINT('',(-8.738265833846E-1,-1.5E-1,1.554391414366E0));
#675=CARTESIAN_POINT('',(-8.408200789265E-1,-1.5E-1,1.647883974943E0));
#676=DIRECTION('',(0.E0,-1.E0,0.E0));
#677=DIRECTION('',(-3.329177332888E-1,0.E0,-9.429558753525E-1));
#678=AXIS2_PLACEMENT_3D('',#675,#676,#677);
#680=CARTESIAN_POINT('',(-8.408200789265E-1,-1.5E-1,1.647883974943E0));
#681=DIRECTION('',(0.E0,-1.E0,0.E0));
#682=DIRECTION('',(4.544971501276E-1,0.E0,-8.907481914244E-1));
#683=AXIS2_PLACEMENT_3D('',#680,#681,#682);
#685=DIRECTION('',(2.756373558169E-1,0.E0,9.612616959384E-1));
#686=VECTOR('',#685,2.228850666645E-1);
#687=CARTESIAN_POINT('',(-7.446939093326E-1,-1.5E-1,1.620320239361E0));
#688=LINE('',#687,#686);
#689=CARTESIAN_POINT('',(-5.871322893124E-1,-1.5E-1,1.807007380961E0));
#690=DIRECTION('',(0.E0,1.E0,0.E0));
#691=DIRECTION('',(-9.612616959371E-1,0.E0,2.756373558214E-1));
#692=AXIS2_PLACEMENT_3D('',#689,#690,#691);
#694=CARTESIAN_POINT('',(-5.255661417798E-1,-1.5E-1,1.885808456321E0));
#695=CARTESIAN_POINT('',(-4.671464076647E-1,-1.5E-1,1.840165957753E0));
#696=CARTESIAN_POINT('',(-4.091448374055E-1,-1.5E-1,1.793983846477E0));
#697=CARTESIAN_POINT('',(-3.507251032904E-1,-1.5E-1,1.748341347909E0));
#699=CARTESIAN_POINT('',(-2.904432620794E-1,-1.5E-1,1.827058486068E0));
#700=DIRECTION('',(0.E0,-1.E0,0.E0));
#701=DIRECTION('',(-6.080129700644E-1,0.E0,-7.939270925176E-1));
#702=AXIS2_PLACEMENT_3D('',#699,#700,#701);
#704=CARTESIAN_POINT('',(-2.904432620794E-1,-1.5E-1,1.827058486068E0));
#705=DIRECTION('',(0.E0,-1.E0,0.E0));
#706=DIRECTION('',(1.569961474075E-1,0.E0,-9.875992151167E-1));
#707=AXIS2_PLACEMENT_3D('',#704,#705,#706);
#709=DIRECTION('',(5.591929034708E-1,0.E0,8.290375725550E-1));
#710=VECTOR('',#709,2.228850666639E-1);
#711=CARTESIAN_POINT('',(-2.075395048235E-1,-1.5E-1,1.771139195721E0));
#712=LINE('',#711,#710);
#713=CARTESIAN_POINT('',(0.E0,-1.5E-1,1.9E0));
#714=DIRECTION('',(0.E0,1.E0,0.E0));
#715=DIRECTION('',(-8.290375725541E-1,0.E0,5.591929034721E-1));
#716=AXIS2_PLACEMENT_3D('',#713,#714,#715);
#718=CARTESIAN_POINT('',(8.290375725583E-2,-1.5E-1,1.955919290347E0));
#719=CARTESIAN_POINT('',(1.243599183425E-1,-1.5E-1,1.894458004015E0));
#720=CARTESIAN_POINT('',(1.652516324728E-1,-1.5E-1,1.832612735239E0));
#721=CARTESIAN_POINT('',(2.067077935595E-1,-1.5E-1,1.771151448908E0));
#723=CARTESIAN_POINT('',(2.883641648973E-1,-1.5E-1,1.827387782711E0));
#724=DIRECTION('',(0.E0,-1.E0,0.E0));
#725=DIRECTION('',(-8.235916610581E-1,0.E0,-5.671831942464E-1));
#726=AXIS2_PLACEMENT_3D('',#723,#724,#725);
#728=CARTESIAN_POINT('',(2.883641648973E-1,-1.5E-1,1.827387782711E0));
#729=DIRECTION('',(0.E0,-1.E0,0.E0));
#730=DIRECTION('',(-1.558727320773E-1,0.E0,-9.877771466251E-1));
#731=AXIS2_PLACEMENT_3D('',#728,#729,#730);
#733=DIRECTION('',(7.880107536062E-1,0.E0,6.156614753263E-1));
#734=VECTOR('',#733,2.228850666635E-1);
#735=CARTESIAN_POINT('',(3.499303124312E-1,-1.5E-1,1.748586707351E0));
#736=LINE('',#735,#734);
#737=CARTESIAN_POINT('',(5.871322893124E-1,-1.5E-1,1.807007380961E0));
#738=DIRECTION('',(0.E0,1.E0,0.E0));
#739=DIRECTION('',(-6.156614753090E-1,0.E0,7.880107536197E-1));
#740=AXIS2_PLACEMENT_3D('',#737,#738,#739);
#742=CARTESIAN_POINT('',(6.832584589063E-1,-1.5E-1,1.834571116542E0));
#743=CARTESIAN_POINT('',(7.036930290760E-1,-1.5E-1,1.763307301379E0));
#744=CARTESIAN_POINT('',(7.234721211884E-1,-1.5E-1,1.691852720913E0));
#745=CARTESIAN_POINT('',(7.439066913581E-1,-1.5E-1,1.620588905749E0));
#747=CARTESIAN_POINT('',(8.389444982626E-1,-1.5E-1,1.648839631024E0));
#748=DIRECTION('',(0.E0,-1.E0,0.E0));
#749=DIRECTION('',(-9.585514619588E-1,0.E0,-2.849194531383E-1));
#750=AXIS2_PLACEMENT_3D('',#747,#748,#749);
#752=CARTESIAN_POINT('',(8.389444982626E-1,-1.5E-1,1.648839631024E0));
#753=DIRECTION('',(0.E0,-1.E0,0.E0));
#754=DIRECTION('',(-4.534837025171E-1,0.E0,-8.912645687737E-1));
#755=AXIS2_PLACEMENT_3D('',#752,#753,#754);
#757=DIRECTION('',(9.396926207862E-1,0.E0,3.420201433248E-1));
#758=VECTOR('',#757,2.228850666642E-1);
#759=CARTESIAN_POINT('',(8.731465125944E-1,-1.5E-1,1.554870368945E0));
#760=LINE('',#759,#758);
#761=CARTESIAN_POINT('',(1.116791979356E0,-1.5E-1,1.537132289312E0));
#762=DIRECTION('',(0.E0,1.E0,0.E0));
#763=DIRECTION('',(-3.420201433533E-1,0.E0,9.396926207758E-1));
#764=AXIS2_PLACEMENT_3D('',#761,#762,#763);
#766=CARTESIAN_POINT('',(1.216731062058E0,-1.5E-1,1.533642339643E0));
#767=CARTESIAN_POINT('',(1.214143763206E0,-1.5E-1,1.459551794400E0));
#768=CARTESIAN_POINT('',(1.210874117956E0,-1.5E-1,1.385482374432E0));
#769=CARTESIAN_POINT('',(1.208286819104E0,-1.5E-1,1.311391829189E0));
#771=CARTESIAN_POINT('',(1.307403098868E0,-1.5E-1,1.308891568110E0));
#772=DIRECTION('',(0.E0,-1.E0,0.E0));
#773=DIRECTION('',(-9.996815671478E-1,0.E0,2.523418920654E-2));
#774=AXIS2_PLACEMENT_3D('',#771,#772,#773);
#776=CARTESIAN_POINT('',(1.307403098868E0,-1.5E-1,1.308891568110E0));
#777=DIRECTION('',(0.E0,-1.E0,0.E0));
#778=DIRECTION('',(-7.067045285479E-1,0.E0,-7.075088051254E-1));
#779=AXIS2_PLACEMENT_3D('',#776,#777,#778);
#781=DIRECTION('',(9.993908270191E-1,0.E0,3.489949670361E-2));
#782=VECTOR('',#781,2.228850666641E-1);
#783=CARTESIAN_POINT('',(1.310893048538E0,-1.5E-1,1.208952485409E0));
#784=LINE('',#783,#782);
#785=CARTESIAN_POINT('',(1.537132289312E0,-1.5E-1,1.116791979356E0));
#786=DIRECTION('',(0.E0,1.E0,0.E0));
#787=DIRECTION('',(-3.489949670408E-2,0.E0,9.993908270190E-1));
#788=AXIS2_PLACEMENT_3D('',#785,#786,#787);
#790=CARTESIAN_POINT('',(1.631101551391E0,-1.5E-1,1.082589965023E0));
#791=CARTESIAN_POINT('',(1.605745646356E0,-1.5E-1,1.012925188489E0));
#792=CARTESIAN_POINT('',(1.579747319401E0,-1.5E-1,9.434913599181E-1));
#793=CARTESIAN_POINT('',(1.554391414366E0,-1.5E-1,8.738265833846E-1));
#795=CARTESIAN_POINT('',(1.647883974943E0,-1.5E-1,8.408200789265E-1));
#796=DIRECTION('',(0.E0,-1.E0,0.E0));
#797=DIRECTION('',(-9.429558753525E-1,0.E0,3.329177332888E-1));
#798=AXIS2_PLACEMENT_3D('',#795,#796,#797);
#800=CARTESIAN_POINT('',(1.647883974943E0,-1.5E-1,8.408200789265E-1));
#801=DIRECTION('',(0.E0,-1.E0,0.E0));
#802=DIRECTION('',(-8.907481914244E-1,0.E0,-4.544971501276E-1));
#803=AXIS2_PLACEMENT_3D('',#800,#801,#802);
#805=DIRECTION('',(9.612616959384E-1,0.E0,-2.756373558169E-1));
#806=VECTOR('',#805,2.228850666645E-1);
#807=CARTESIAN_POINT('',(1.620320239361E0,-1.5E-1,7.446939093326E-1));
#808=LINE('',#807,#806);
#809=CARTESIAN_POINT('',(1.807007380961E0,-1.5E-1,5.871322893124E-1));
#810=DIRECTION('',(0.E0,1.E0,0.E0));
#811=DIRECTION('',(2.756373558214E-1,0.E0,9.612616959371E-1));
#812=AXIS2_PLACEMENT_3D('',#809,#810,#811);
#814=CARTESIAN_POINT('',(1.885808456321E0,-1.5E-1,5.255661417798E-1));
#815=CARTESIAN_POINT('',(1.840165957753E0,-1.5E-1,4.671464076647E-1));
#816=CARTESIAN_POINT('',(1.793983846477E0,-1.5E-1,4.091448374055E-1));
#817=CARTESIAN_POINT('',(1.748341347909E0,-1.5E-1,3.507251032904E-1));
#819=CARTESIAN_POINT('',(1.827058486068E0,-1.5E-1,2.904432620794E-1));
#820=DIRECTION('',(0.E0,-1.E0,0.E0));
#821=DIRECTION('',(-7.939270925176E-1,0.E0,6.080129700644E-1));
#822=AXIS2_PLACEMENT_3D('',#819,#820,#821);
#824=CARTESIAN_POINT('',(1.827058486068E0,-1.5E-1,2.904432620794E-1));
#825=DIRECTION('',(0.E0,-1.E0,0.E0));
#826=DIRECTION('',(-9.875992151167E-1,0.E0,-1.569961474075E-1));
#827=AXIS2_PLACEMENT_3D('',#824,#825,#826);
#829=DIRECTION('',(8.290375725550E-1,0.E0,-5.591929034708E-1));
#830=VECTOR('',#829,2.228850666639E-1);
#831=CARTESIAN_POINT('',(1.771139195721E0,-1.5E-1,2.075395048235E-1));
#832=LINE('',#831,#830);
#833=CARTESIAN_POINT('',(1.9E0,-1.5E-1,0.E0));
#834=DIRECTION('',(0.E0,1.E0,0.E0));
#835=DIRECTION('',(5.591929034721E-1,0.E0,8.290375725541E-1));
#836=AXIS2_PLACEMENT_3D('',#833,#834,#835);
#838=DIRECTION('',(-8.290375725550E-1,0.E0,-5.591929034709E-1));
#839=VECTOR('',#838,2.228850666640E-1);
#840=CARTESIAN_POINT('',(1.955919290347E0,-1.5E-1,-8.290375725573E-2));
#841=LINE('',#840,#839);
#842=CARTESIAN_POINT('',(0.E0,-1.5E-1,0.E0));
#843=DIRECTION('',(0.E0,-1.E0,0.E0));
#844=DIRECTION('',(1.E0,0.E0,0.E0));
#845=AXIS2_PLACEMENT_3D('',#842,#843,#844);
#847=CARTESIAN_POINT('',(0.E0,-1.5E-1,0.E0));
#848=DIRECTION('',(0.E0,-1.E0,0.E0));
#849=DIRECTION('',(-1.E0,0.E0,0.E0));
#850=AXIS2_PLACEMENT_3D('',#847,#848,#849);
#852=DIRECTION('',(0.E0,1.E0,0.E0));
#853=VECTOR('',#852,2.6E0);
#854=CARTESIAN_POINT('',(1.748341347909E0,-2.75E0,-3.507251032914E-1));
#855=LINE('',#854,#853);
#856=DIRECTION('',(0.E0,-1.E0,0.E0));
#857=VECTOR('',#856,2.6E0);
#858=CARTESIAN_POINT('',(1.771139195721E0,-1.5E-1,-2.075395048239E-1));
#859=LINE('',#858,#857);
#860=CARTESIAN_POINT('',(0.E0,-2.75E0,0.E0));
#861=DIRECTION('',(0.E0,1.E0,0.E0));
#862=DIRECTION('',(0.E0,0.E0,1.E0));
#863=AXIS2_PLACEMENT_3D('',#860,#861,#862);
#865=CARTESIAN_POINT('',(0.E0,-2.75E0,0.E0));
#866=DIRECTION('',(0.E0,1.E0,0.E0));
#867=DIRECTION('',(1.343885524404E-2,0.E0,9.999096945073E-1));
#868=AXIS2_PLACEMENT_3D('',#865,#866,#867);
#870=CARTESIAN_POINT('',(0.E0,-2.75E0,0.E0));
#871=DIRECTION('',(0.E0,1.E0,0.E0));
#872=DIRECTION('',(0.E0,0.E0,-1.E0));
#873=AXIS2_PLACEMENT_3D('',#870,#871,#872);
#875=CARTESIAN_POINT('',(0.E0,-2.75E0,0.E0));
#876=DIRECTION('',(0.E0,1.E0,0.E0));
#877=DIRECTION('',(-1.343885524404E-2,0.E0,-9.999096945073E-1));
#878=AXIS2_PLACEMENT_3D('',#875,#876,#877);
#880=CARTESIAN_POINT('',(1.648839631024E0,-2.75E0,-8.389444982626E-1));
#881=DIRECTION('',(0.E0,1.E0,0.E0));
#882=DIRECTION('',(-9.396926207939E-1,0.E0,-3.420201433038E-1));
#883=AXIS2_PLACEMENT_3D('',#880,#881,#882);
#885=CARTESIAN_POINT('',(1.648839631024E0,-2.75E0,-8.389444982626E-1));
#886=DIRECTION('',(0.E0,1.E0,0.E0));
#887=DIRECTION('',(-8.912645687737E-1,0.E0,4.534837025171E-1));
#888=AXIS2_PLACEMENT_3D('',#885,#886,#887);
#890=CARTESIAN_POINT('',(1.620588905749E0,-2.75E0,-7.439066913581E-1));
#891=CARTESIAN_POINT('',(1.691852720913E0,-2.75E0,-7.234721211884E-1));
#892=CARTESIAN_POINT('',(1.763307301379E0,-2.75E0,-7.036930290760E-1));
#893=CARTESIAN_POINT('',(1.834571116542E0,-2.75E0,-6.832584589063E-1));
#895=CARTESIAN_POINT('',(1.807007380961E0,-2.75E0,-5.871322893124E-1));
#896=DIRECTION('',(0.E0,-1.E0,0.E0));
#897=DIRECTION('',(2.756373558220E-1,0.E0,-9.612616959369E-1));
#898=AXIS2_PLACEMENT_3D('',#895,#896,#897);
#900=CARTESIAN_POINT('',(1.885808456322E0,-2.75E0,-5.255661417804E-1));
#901=CARTESIAN_POINT('',(1.840165957754E0,-2.75E0,-4.671464076657E-1));
#902=CARTESIAN_POINT('',(1.793983846477E0,-2.75E0,-4.091448374060E-1));
#903=CARTESIAN_POINT('',(1.748341347909E0,-2.75E0,-3.507251032914E-1));
#905=CARTESIAN_POINT('',(1.827058486068E0,-2.75E0,-2.904432620794E-1));
#906=DIRECTION('',(0.E0,1.E0,0.E0));
#907=DIRECTION('',(-7.939270924966E-1,0.E0,-6.080129700919E-1));
#908=AXIS2_PLACEMENT_3D('',#905,#906,#907);
#910=CARTESIAN_POINT('',(1.827058486068E0,-2.75E0,-2.904432620794E-1));
#911=DIRECTION('',(0.E0,1.E0,0.E0));
#912=DIRECTION('',(-9.875991825232E-1,0.E0,1.569963524402E-1));
#913=AXIS2_PLACEMENT_3D('',#910,#911,#912);
#915=DIRECTION('',(8.290375725549E-1,0.E0,5.591929034709E-1));
#916=VECTOR('',#915,2.228850666641E-1);
#917=CARTESIAN_POINT('',(1.771139195721E0,-2.75E0,-2.075395048239E-1));
#918=LINE('',#917,#916);
#919=CARTESIAN_POINT('',(1.9E0,-2.75E0,0.E0));
#920=DIRECTION('',(0.E0,-1.E0,0.E0));
#921=DIRECTION('',(5.591929034659E-1,0.E0,-8.290375725583E-1));
#922=AXIS2_PLACEMENT_3D('',#919,#920,#921);
#924=DIRECTION('',(-8.290375725550E-1,0.E0,5.591929034708E-1));
#925=VECTOR('',#924,2.228850666639E-1);
#926=CARTESIAN_POINT('',(1.955919290347E0,-2.75E0,8.290375725547E-2));
#927=LINE('',#926,#925);
#928=CARTESIAN_POINT('',(1.827058486068E0,-2.75E0,2.904432620794E-1));
#929=DIRECTION('',(0.E0,1.E0,0.E0));
#930=DIRECTION('',(-5.591929034593E-1,0.E0,-8.290375725627E-1));
#931=AXIS2_PLACEMENT_3D('',#928,#929,#930);
#933=CARTESIAN_POINT('',(1.827058486068E0,-2.75E0,2.904432620794E-1));
#934=DIRECTION('',(0.E0,1.E0,0.E0));
#935=DIRECTION('',(-9.875992151167E-1,0.E0,-1.569961474075E-1));
#936=AXIS2_PLACEMENT_3D('',#933,#934,#935);
#938=CARTESIAN_POINT('',(1.748341347909E0,-2.75E0,3.507251032904E-1));
#939=CARTESIAN_POINT('',(1.793983846477E0,-2.75E0,4.091448374055E-1));
#940=CARTESIAN_POINT('',(1.840165957753E0,-2.75E0,4.671464076647E-1));
#941=CARTESIAN_POINT('',(1.885808456321E0,-2.75E0,5.255661417798E-1));
#943=CARTESIAN_POINT('',(1.807007380961E0,-2.75E0,5.871322893124E-1));
#944=DIRECTION('',(0.E0,-1.E0,0.E0));
#945=DIRECTION('',(7.880107536095E-1,0.E0,-6.156614753222E-1));
#946=AXIS2_PLACEMENT_3D('',#943,#944,#945);
#948=DIRECTION('',(-9.612616959384E-1,0.E0,2.756373558169E-1));
#949=VECTOR('',#948,2.228850666645E-1);
#950=CARTESIAN_POINT('',(1.834571116542E0,-2.75E0,6.832584589062E-1));
#951=LINE('',#950,#949);
#952=CARTESIAN_POINT('',(1.647883974943E0,-2.75E0,8.408200789265E-1));
#953=DIRECTION('',(0.E0,1.E0,0.E0));
#954=DIRECTION('',(-2.756373558152E-1,0.E0,-9.612616959388E-1));
#955=AXIS2_PLACEMENT_3D('',#952,#953,#954);
#957=CARTESIAN_POINT('',(1.647883974943E0,-2.75E0,8.408200789265E-1));
#958=DIRECTION('',(0.E0,1.E0,0.E0));
#959=DIRECTION('',(-8.907481914244E-1,0.E0,-4.544971501276E-1));
#960=AXIS2_PLACEMENT_3D('',#957,#958,#959);
#962=CARTESIAN_POINT('',(1.554391414366E0,-2.75E0,8.738265833846E-1));
#963=CARTESIAN_POINT('',(1.579747319401E0,-2.75E0,9.434913599181E-1));
#964=CARTESIAN_POINT('',(1.605745646356E0,-2.75E0,1.012925188489E0));
#965=CARTESIAN_POINT('',(1.631101551391E0,-2.75E0,1.082589965023E0));
#967=CARTESIAN_POINT('',(1.537132289312E0,-2.75E0,1.116791979356E0));
#968=DIRECTION('',(0.E0,-1.E0,0.E0));
#969=DIRECTION('',(9.396926207827E-1,0.E0,-3.420201433346E-1));
#970=AXIS2_PLACEMENT_3D('',#967,#968,#969);
#972=DIRECTION('',(-9.993908270191E-1,0.E0,-3.489949670361E-2));
#973=VECTOR('',#972,2.228850666641E-1);
#974=CARTESIAN_POINT('',(1.533642339642E0,-2.75E0,1.216731062058E0));
#975=LINE('',#974,#973);
#976=CARTESIAN_POINT('',(1.307403098868E0,-2.75E0,1.308891568110E0));
#977=DIRECTION('',(0.E0,1.E0,0.E0));
#978=DIRECTION('',(3.489949670707E-2,0.E0,-9.993908270189E-1));
#979=AXIS2_PLACEMENT_3D('',#976,#977,#978);
#981=CARTESIAN_POINT('',(1.307403098868E0,-2.75E0,1.308891568110E0));
#982=DIRECTION('',(0.E0,1.E0,0.E0));
#983=DIRECTION('',(-7.067045285479E-1,0.E0,-7.075088051254E-1));
#984=AXIS2_PLACEMENT_3D('',#981,#982,#983);
#986=CARTESIAN_POINT('',(1.208286819104E0,-2.75E0,1.311391829189E0));
#987=CARTESIAN_POINT('',(1.210874117956E0,-2.75E0,1.385482374432E0));
#988=CARTESIAN_POINT('',(1.214143763206E0,-2.75E0,1.459551794400E0));
#989=CARTESIAN_POINT('',(1.216731062058E0,-2.75E0,1.533642339643E0));
#991=CARTESIAN_POINT('',(1.116791979356E0,-2.75E0,1.537132289312E0));
#992=DIRECTION('',(0.E0,-1.E0,0.E0));
#993=DIRECTION('',(9.993908270202E-1,0.E0,-3.489949667022E-2));
#994=AXIS2_PLACEMENT_3D('',#991,#992,#993);
#996=DIRECTION('',(-9.396926207862E-1,0.E0,-3.420201433248E-1));
#997=VECTOR('',#996,2.228850666642E-1);
#998=CARTESIAN_POINT('',(1.082589965022E0,-2.75E0,1.631101551391E0));
#999=LINE('',#998,#997);
#1000=CARTESIAN_POINT('',(8.389444982626E-1,-2.75E0,1.648839631024E0));
#1001=DIRECTION('',(0.E0,1.E0,0.E0));
#1002=DIRECTION('',(3.420201433038E-1,0.E0,-9.396926207939E-1));
#1003=AXIS2_PLACEMENT_3D('',#1000,#1001,#1002);
#1005=CARTESIAN_POINT('',(8.389444982626E-1,-2.75E0,1.648839631024E0));
#1006=DIRECTION('',(0.E0,1.E0,0.E0));
#1007=DIRECTION('',(-4.534837025171E-1,0.E0,-8.912645687737E-1));
#1008=AXIS2_PLACEMENT_3D('',#1005,#1006,#1007);
#1010=CARTESIAN_POINT('',(7.439066913581E-1,-2.75E0,1.620588905749E0));
#1011=CARTESIAN_POINT('',(7.234721211884E-1,-2.75E0,1.691852720913E0));
#1012=CARTESIAN_POINT('',(7.036930290760E-1,-2.75E0,1.763307301379E0));
#1013=CARTESIAN_POINT('',(6.832584589063E-1,-2.75E0,1.834571116542E0));
#1015=CARTESIAN_POINT('',(5.871322893124E-1,-2.75E0,1.807007380961E0));
#1016=DIRECTION('',(0.E0,-1.E0,0.E0));
#1017=DIRECTION('',(9.612616959369E-1,0.E0,2.756373558220E-1));
#1018=AXIS2_PLACEMENT_3D('',#1015,#1016,#1017);
#1020=DIRECTION('',(-7.880107536062E-1,0.E0,-6.156614753263E-1));
#1021=VECTOR('',#1020,2.228850666635E-1);
#1022=CARTESIAN_POINT('',(5.255661417804E-1,-2.75E0,1.885808456322E0));
#1023=LINE('',#1022,#1021);
#1024=CARTESIAN_POINT('',(2.883641648973E-1,-2.75E0,1.827387782711E0));
#1025=DIRECTION('',(0.E0,1.E0,0.E0));
#1026=DIRECTION('',(6.156614753598E-1,0.E0,-7.880107535800E-1));
#1027=AXIS2_PLACEMENT_3D('',#1024,#1025,#1026);
#1029=CARTESIAN_POINT('',(2.883641648973E-1,-2.75E0,1.827387782711E0));
#1030=DIRECTION('',(0.E0,1.E0,0.E0));
#1031=DIRECTION('',(-1.558727320773E-1,0.E0,-9.877771466251E-1));
#1032=AXIS2_PLACEMENT_3D('',#1029,#1030,#1031);
#1034=CARTESIAN_POINT('',(2.067077935595E-1,-2.75E0,1.771151448908E0));
#1035=CARTESIAN_POINT('',(1.652516324728E-1,-2.75E0,1.832612735239E0));
#1036=CARTESIAN_POINT('',(1.243599183425E-1,-2.75E0,1.894458004015E0));
#1037=CARTESIAN_POINT('',(8.290375725583E-2,-2.75E0,1.955919290347E0));
#1039=CARTESIAN_POINT('',(0.E0,-2.75E0,1.9E0));
#1040=DIRECTION('',(0.E0,-1.E0,0.E0));
#1041=DIRECTION('',(8.290375725613E-1,0.E0,5.591929034614E-1));
#1042=AXIS2_PLACEMENT_3D('',#1039,#1040,#1041);
#1044=DIRECTION('',(-5.591929034708E-1,0.E0,-8.290375725550E-1));
#1045=VECTOR('',#1044,2.228850666639E-1);
#1046=CARTESIAN_POINT('',(-8.290375725547E-2,-2.75E0,1.955919290347E0));
#1047=LINE('',#1046,#1045);
#1048=CARTESIAN_POINT('',(-2.904432620794E-1,-2.75E0,1.827058486068E0));
#1049=DIRECTION('',(0.E0,1.E0,0.E0));
#1050=DIRECTION('',(8.290375725627E-1,0.E0,-5.591929034593E-1));
#1051=AXIS2_PLACEMENT_3D('',#1048,#1049,#1050);
#1053=CARTESIAN_POINT('',(-2.904432620794E-1,-2.75E0,1.827058486068E0));
#1054=DIRECTION('',(0.E0,1.E0,0.E0));
#1055=DIRECTION('',(1.569961474075E-1,0.E0,-9.875992151167E-1));
#1056=AXIS2_PLACEMENT_3D('',#1053,#1054,#1055);
#1058=CARTESIAN_POINT('',(-3.507251032904E-1,-2.75E0,1.748341347909E0));
#1059=CARTESIAN_POINT('',(-4.091448374055E-1,-2.75E0,1.793983846477E0));
#1060=CARTESIAN_POINT('',(-4.671464076647E-1,-2.75E0,1.840165957753E0));
#1061=CARTESIAN_POINT('',(-5.255661417798E-1,-2.75E0,1.885808456321E0));
#1063=CARTESIAN_POINT('',(-5.871322893124E-1,-2.75E0,1.807007380961E0));
#1064=DIRECTION('',(0.E0,-1.E0,0.E0));
#1065=DIRECTION('',(6.156614753222E-1,0.E0,7.880107536095E-1));
#1066=AXIS2_PLACEMENT_3D('',#1063,#1064,#1065);
#1068=DIRECTION('',(-2.756373558169E-1,0.E0,-9.612616959384E-1));
#1069=VECTOR('',#1068,2.228850666645E-1);
#1070=CARTESIAN_POINT('',(-6.832584589062E-1,-2.75E0,1.834571116542E0));
#1071=LINE('',#1070,#1069);
#1072=CARTESIAN_POINT('',(-8.408200789265E-1,-2.75E0,1.647883974943E0));
#1073=DIRECTION('',(0.E0,1.E0,0.E0));
#1074=DIRECTION('',(9.612616959388E-1,0.E0,-2.756373558152E-1));
#1075=AXIS2_PLACEMENT_3D('',#1072,#1073,#1074);
#1077=CARTESIAN_POINT('',(-8.408200789265E-1,-2.75E0,1.647883974943E0));
#1078=DIRECTION('',(0.E0,1.E0,0.E0));
#1079=DIRECTION('',(4.544971501276E-1,0.E0,-8.907481914244E-1));
#1080=AXIS2_PLACEMENT_3D('',#1077,#1078,#1079);
#1082=CARTESIAN_POINT('',(-8.738265833846E-1,-2.75E0,1.554391414366E0));
#1083=CARTESIAN_POINT('',(-9.434913599181E-1,-2.75E0,1.579747319401E0));
#1084=CARTESIAN_POINT('',(-1.012925188489E0,-2.75E0,1.605745646356E0));
#1085=CARTESIAN_POINT('',(-1.082589965023E0,-2.75E0,1.631101551391E0));
#1087=CARTESIAN_POINT('',(-1.116791979356E0,-2.75E0,1.537132289312E0));
#1088=DIRECTION('',(0.E0,-1.E0,0.E0));
#1089=DIRECTION('',(3.420201433346E-1,0.E0,9.396926207827E-1));
#1090=AXIS2_PLACEMENT_3D('',#1087,#1088,#1089);
#1092=DIRECTION('',(3.489949670361E-2,0.E0,-9.993908270191E-1));
#1093=VECTOR('',#1092,2.228850666641E-1);
#1094=CARTESIAN_POINT('',(-1.216731062058E0,-2.75E0,1.533642339642E0));
#1095=LINE('',#1094,#1093);
#1096=CARTESIAN_POINT('',(-1.308891568110E0,-2.75E0,1.307403098868E0));
#1097=DIRECTION('',(0.E0,1.E0,0.E0));
#1098=DIRECTION('',(9.993908270189E-1,0.E0,3.489949670707E-2));
#1099=AXIS2_PLACEMENT_3D('',#1096,#1097,#1098);
#1101=CARTESIAN_POINT('',(-1.308891568110E0,-2.75E0,1.307403098868E0));
#1102=DIRECTION('',(0.E0,1.E0,0.E0));
#1103=DIRECTION('',(7.075088051254E-1,0.E0,-7.067045285479E-1));
#1104=AXIS2_PLACEMENT_3D('',#1101,#1102,#1103);
#1106=CARTESIAN_POINT('',(-1.311391829189E0,-2.75E0,1.208286819104E0));
#1107=CARTESIAN_POINT('',(-1.385482374432E0,-2.75E0,1.210874117956E0));
#1108=CARTESIAN_POINT('',(-1.459551794400E0,-2.75E0,1.214143763206E0));
#1109=CARTESIAN_POINT('',(-1.533642339643E0,-2.75E0,1.216731062058E0));
#1111=CARTESIAN_POINT('',(-1.537132289312E0,-2.75E0,1.116791979356E0));
#1112=DIRECTION('',(0.E0,-1.E0,0.E0));
#1113=DIRECTION('',(3.489949667022E-2,0.E0,9.993908270202E-1));
#1114=AXIS2_PLACEMENT_3D('',#1111,#1112,#1113);
#1116=DIRECTION('',(3.420201433248E-1,0.E0,-9.396926207862E-1));
#1117=VECTOR('',#1116,2.228850666642E-1);
#1118=CARTESIAN_POINT('',(-1.631101551391E0,-2.75E0,1.082589965022E0));
#1119=LINE('',#1118,#1117);
#1120=CARTESIAN_POINT('',(-1.648839631024E0,-2.75E0,8.389444982626E-1));
#1121=DIRECTION('',(0.E0,1.E0,0.E0));
#1122=DIRECTION('',(9.396926207939E-1,0.E0,3.420201433038E-1));
#1123=AXIS2_PLACEMENT_3D('',#1120,#1121,#1122);
#1125=CARTESIAN_POINT('',(-1.648839631024E0,-2.75E0,8.389444982626E-1));
#1126=DIRECTION('',(0.E0,1.E0,0.E0));
#1127=DIRECTION('',(8.912645687737E-1,0.E0,-4.534837025171E-1));
#1128=AXIS2_PLACEMENT_3D('',#1125,#1126,#1127);
#1130=CARTESIAN_POINT('',(-1.620588905749E0,-2.75E0,7.439066913581E-1));
#1131=CARTESIAN_POINT('',(-1.691852720913E0,-2.75E0,7.234721211884E-1));
#1132=CARTESIAN_POINT('',(-1.763307301379E0,-2.75E0,7.036930290760E-1));
#1133=CARTESIAN_POINT('',(-1.834571116542E0,-2.75E0,6.832584589063E-1));
#1135=CARTESIAN_POINT('',(-1.807007380961E0,-2.75E0,5.871322893124E-1));
#1136=DIRECTION('',(0.E0,-1.E0,0.E0));
#1137=DIRECTION('',(-2.756373558220E-1,0.E0,9.612616959369E-1));
#1138=AXIS2_PLACEMENT_3D('',#1135,#1136,#1137);
#1140=DIRECTION('',(6.156614753263E-1,0.E0,-7.880107536062E-1));
#1141=VECTOR('',#1140,2.228850666635E-1);
#1142=CARTESIAN_POINT('',(-1.885808456322E0,-2.75E0,5.255661417804E-1));
#1143=LINE('',#1142,#1141);
#1144=CARTESIAN_POINT('',(-1.827387782711E0,-2.75E0,2.883641648973E-1));
#1145=DIRECTION('',(0.E0,1.E0,0.E0));
#1146=DIRECTION('',(7.880107535800E-1,0.E0,6.156614753598E-1));
#1147=AXIS2_PLACEMENT_3D('',#1144,#1145,#1146);
#1149=CARTESIAN_POINT('',(-1.827387782711E0,-2.75E0,2.883641648973E-1));
#1150=DIRECTION('',(0.E0,1.E0,0.E0));
#1151=DIRECTION('',(9.877771466251E-1,0.E0,-1.558727320773E-1));
#1152=AXIS2_PLACEMENT_3D('',#1149,#1150,#1151);
#1154=CARTESIAN_POINT('',(-1.771151448908E0,-2.75E0,2.067077935595E-1));
#1155=CARTESIAN_POINT('',(-1.832612735239E0,-2.75E0,1.652516324728E-1));
#1156=CARTESIAN_POINT('',(-1.894458004015E0,-2.75E0,1.243599183425E-1));
#1157=CARTESIAN_POINT('',(-1.955919290347E0,-2.75E0,8.290375725584E-2));
#1159=CARTESIAN_POINT('',(-1.9E0,-2.75E0,0.E0));
#1160=DIRECTION('',(0.E0,-1.E0,0.E0));
#1161=DIRECTION('',(-5.591929034613E-1,0.E0,8.290375725614E-1));
#1162=AXIS2_PLACEMENT_3D('',#1159,#1160,#1161);
#1164=DIRECTION('',(8.290375725550E-1,0.E0,-5.591929034708E-1));
#1165=VECTOR('',#1164,2.228850666639E-1);
#1166=CARTESIAN_POINT('',(-1.955919290347E0,-2.75E0,-8.290375725547E-2));
#1167=LINE('',#1166,#1165);
#1168=CARTESIAN_POINT('',(-1.827058486068E0,-2.75E0,-2.904432620794E-1));
#1169=DIRECTION('',(0.E0,1.E0,0.E0));
#1170=DIRECTION('',(5.591929034593E-1,0.E0,8.290375725627E-1));
#1171=AXIS2_PLACEMENT_3D('',#1168,#1169,#1170);
#1173=CARTESIAN_POINT('',(-1.827058486068E0,-2.75E0,-2.904432620794E-1));
#1174=DIRECTION('',(0.E0,1.E0,0.E0));
#1175=DIRECTION('',(9.875992151167E-1,0.E0,1.569961474075E-1));
#1176=AXIS2_PLACEMENT_3D('',#1173,#1174,#1175);
#1178=CARTESIAN_POINT('',(-1.748341347909E0,-2.75E0,-3.507251032904E-1));
#1179=CARTESIAN_POINT('',(-1.793983846477E0,-2.75E0,-4.091448374055E-1));
#1180=CARTESIAN_POINT('',(-1.840165957753E0,-2.75E0,-4.671464076647E-1));
#1181=CARTESIAN_POINT('',(-1.885808456321E0,-2.75E0,-5.255661417798E-1));
#1183=CARTESIAN_POINT('',(-1.807007380961E0,-2.75E0,-5.871322893124E-1));
#1184=DIRECTION('',(0.E0,-1.E0,0.E0));
#1185=DIRECTION('',(-7.880107536095E-1,0.E0,6.156614753221E-1));
#1186=AXIS2_PLACEMENT_3D('',#1183,#1184,#1185);
#1188=DIRECTION('',(9.612616959384E-1,0.E0,-2.756373558169E-1));
#1189=VECTOR('',#1188,2.228850666645E-1);
#1190=CARTESIAN_POINT('',(-1.834571116542E0,-2.75E0,-6.832584589062E-1));
#1191=LINE('',#1190,#1189);
#1192=CARTESIAN_POINT('',(-1.647883974943E0,-2.75E0,-8.408200789265E-1));
#1193=DIRECTION('',(0.E0,1.E0,0.E0));
#1194=DIRECTION('',(2.756373558152E-1,0.E0,9.612616959388E-1));
#1195=AXIS2_PLACEMENT_3D('',#1192,#1193,#1194);
#1197=CARTESIAN_POINT('',(-1.647883974943E0,-2.75E0,-8.408200789265E-1));
#1198=DIRECTION('',(0.E0,1.E0,0.E0));
#1199=DIRECTION('',(8.907481914244E-1,0.E0,4.544971501276E-1));
#1200=AXIS2_PLACEMENT_3D('',#1197,#1198,#1199);
#1202=CARTESIAN_POINT('',(-1.554391414366E0,-2.75E0,-8.738265833846E-1));
#1203=CARTESIAN_POINT('',(-1.579747319401E0,-2.75E0,-9.434913599181E-1));
#1204=CARTESIAN_POINT('',(-1.605745646356E0,-2.75E0,-1.012925188489E0));
#1205=CARTESIAN_POINT('',(-1.631101551391E0,-2.75E0,-1.082589965023E0));
#1207=CARTESIAN_POINT('',(-1.537132289312E0,-2.75E0,-1.116791979356E0));
#1208=DIRECTION('',(0.E0,-1.E0,0.E0));
#1209=DIRECTION('',(-9.396926207827E-1,0.E0,3.420201433346E-1));
#1210=AXIS2_PLACEMENT_3D('',#1207,#1208,#1209);
#1212=DIRECTION('',(9.993908270191E-1,0.E0,3.489949670361E-2));
#1213=VECTOR('',#1212,2.228850666641E-1);
#1214=CARTESIAN_POINT('',(-1.533642339642E0,-2.75E0,-1.216731062058E0));
#1215=LINE('',#1214,#1213);
#1216=CARTESIAN_POINT('',(-1.307403098868E0,-2.75E0,-1.308891568110E0));
#1217=DIRECTION('',(0.E0,1.E0,0.E0));
#1218=DIRECTION('',(-3.489949670707E-2,0.E0,9.993908270189E-1));
#1219=AXIS2_PLACEMENT_3D('',#1216,#1217,#1218);
#1221=CARTESIAN_POINT('',(-1.307403098868E0,-2.75E0,-1.308891568110E0));
#1222=DIRECTION('',(0.E0,1.E0,0.E0));
#1223=DIRECTION('',(7.067045285479E-1,0.E0,7.075088051254E-1));
#1224=AXIS2_PLACEMENT_3D('',#1221,#1222,#1223);
#1226=CARTESIAN_POINT('',(-1.208286819104E0,-2.75E0,-1.311391829189E0));
#1227=CARTESIAN_POINT('',(-1.210874117956E0,-2.75E0,-1.385482374432E0));
#1228=CARTESIAN_POINT('',(-1.214143763206E0,-2.75E0,-1.459551794400E0));
#1229=CARTESIAN_POINT('',(-1.216731062058E0,-2.75E0,-1.533642339643E0));
#1231=CARTESIAN_POINT('',(-1.116791979356E0,-2.75E0,-1.537132289312E0));
#1232=DIRECTION('',(0.E0,-1.E0,0.E0));
#1233=DIRECTION('',(-9.993908270202E-1,0.E0,3.489949667022E-2));
#1234=AXIS2_PLACEMENT_3D('',#1231,#1232,#1233);
#1236=DIRECTION('',(9.396926207862E-1,0.E0,3.420201433248E-1));
#1237=VECTOR('',#1236,2.228850666642E-1);
#1238=CARTESIAN_POINT('',(-1.082589965022E0,-2.75E0,-1.631101551391E0));
#1239=LINE('',#1238,#1237);
#1240=CARTESIAN_POINT('',(-8.389444982626E-1,-2.75E0,-1.648839631024E0));
#1241=DIRECTION('',(0.E0,1.E0,0.E0));
#1242=DIRECTION('',(-3.420201433038E-1,0.E0,9.396926207939E-1));
#1243=AXIS2_PLACEMENT_3D('',#1240,#1241,#1242);
#1245=CARTESIAN_POINT('',(-8.389444982626E-1,-2.75E0,-1.648839631024E0));
#1246=DIRECTION('',(0.E0,1.E0,0.E0));
#1247=DIRECTION('',(4.534837025171E-1,0.E0,8.912645687737E-1));
#1248=AXIS2_PLACEMENT_3D('',#1245,#1246,#1247);
#1250=CARTESIAN_POINT('',(-7.439066913581E-1,-2.75E0,-1.620588905749E0));
#1251=CARTESIAN_POINT('',(-7.234721211884E-1,-2.75E0,-1.691852720913E0));
#1252=CARTESIAN_POINT('',(-7.036930290760E-1,-2.75E0,-1.763307301379E0));
#1253=CARTESIAN_POINT('',(-6.832584589063E-1,-2.75E0,-1.834571116542E0));
#1255=CARTESIAN_POINT('',(-5.871322893124E-1,-2.75E0,-1.807007380961E0));
#1256=DIRECTION('',(0.E0,-1.E0,0.E0));
#1257=DIRECTION('',(-9.612616959369E-1,0.E0,-2.756373558220E-1));
#1258=AXIS2_PLACEMENT_3D('',#1255,#1256,#1257);
#1260=DIRECTION('',(7.880107536062E-1,0.E0,6.156614753263E-1));
#1261=VECTOR('',#1260,2.228850666635E-1);
#1262=CARTESIAN_POINT('',(-5.255661417804E-1,-2.75E0,-1.885808456322E0));
#1263=LINE('',#1262,#1261);
#1264=CARTESIAN_POINT('',(-2.883641648973E-1,-2.75E0,-1.827387782711E0));
#1265=DIRECTION('',(0.E0,1.E0,0.E0));
#1266=DIRECTION('',(-6.156614753598E-1,0.E0,7.880107535800E-1));
#1267=AXIS2_PLACEMENT_3D('',#1264,#1265,#1266);
#1269=CARTESIAN_POINT('',(-2.883641648973E-1,-2.75E0,-1.827387782711E0));
#1270=DIRECTION('',(0.E0,1.E0,0.E0));
#1271=DIRECTION('',(1.558727320773E-1,0.E0,9.877771466251E-1));
#1272=AXIS2_PLACEMENT_3D('',#1269,#1270,#1271);
#1274=CARTESIAN_POINT('',(-2.067077935595E-1,-2.75E0,-1.771151448908E0));
#1275=CARTESIAN_POINT('',(-1.652516324728E-1,-2.75E0,-1.832612735239E0));
#1276=CARTESIAN_POINT('',(-1.243599183425E-1,-2.75E0,-1.894458004015E0));
#1277=CARTESIAN_POINT('',(-8.290375725583E-2,-2.75E0,-1.955919290347E0));
#1279=CARTESIAN_POINT('',(0.E0,-2.75E0,-1.9E0));
#1280=DIRECTION('',(0.E0,-1.E0,0.E0));
#1281=DIRECTION('',(-8.290375725613E-1,0.E0,-5.591929034614E-1));
#1282=AXIS2_PLACEMENT_3D('',#1279,#1280,#1281);
#1284=DIRECTION('',(5.591929034708E-1,0.E0,8.290375725550E-1));
#1285=VECTOR('',#1284,2.228850666639E-1);
#1286=CARTESIAN_POINT('',(8.290375725547E-2,-2.75E0,-1.955919290347E0));
#1287=LINE('',#1286,#1285);
#1288=CARTESIAN_POINT('',(2.904432620794E-1,-2.75E0,-1.827058486068E0));
#1289=DIRECTION('',(0.E0,1.E0,0.E0));
#1290=DIRECTION('',(-8.290375725627E-1,0.E0,5.591929034593E-1));
#1291=AXIS2_PLACEMENT_3D('',#1288,#1289,#1290);
#1293=CARTESIAN_POINT('',(2.904432620794E-1,-2.75E0,-1.827058486068E0));
#1294=DIRECTION('',(0.E0,1.E0,0.E0));
#1295=DIRECTION('',(-1.569961474075E-1,0.E0,9.875992151167E-1));
#1296=AXIS2_PLACEMENT_3D('',#1293,#1294,#1295);
#1298=CARTESIAN_POINT('',(3.507251032904E-1,-2.75E0,-1.748341347909E0));
#1299=CARTESIAN_POINT('',(4.091448374055E-1,-2.75E0,-1.793983846477E0));
#1300=CARTESIAN_POINT('',(4.671464076647E-1,-2.75E0,-1.840165957753E0));
#1301=CARTESIAN_POINT('',(5.255661417798E-1,-2.75E0,-1.885808456321E0));
#1303=CARTESIAN_POINT('',(5.871322893124E-1,-2.75E0,-1.807007380961E0));
#1304=DIRECTION('',(0.E0,-1.E0,0.E0));
#1305=DIRECTION('',(-6.156614753221E-1,0.E0,-7.880107536095E-1));
#1306=AXIS2_PLACEMENT_3D('',#1303,#1304,#1305);
#1308=DIRECTION('',(2.756373558169E-1,0.E0,9.612616959384E-1));
#1309=VECTOR('',#1308,2.228850666645E-1);
#1310=CARTESIAN_POINT('',(6.832584589062E-1,-2.75E0,-1.834571116542E0));
#1311=LINE('',#1310,#1309);
#1312=CARTESIAN_POINT('',(8.408200789265E-1,-2.75E0,-1.647883974943E0));
#1313=DIRECTION('',(0.E0,1.E0,0.E0));
#1314=DIRECTION('',(-9.612616959388E-1,0.E0,2.756373558152E-1));
#1315=AXIS2_PLACEMENT_3D('',#1312,#1313,#1314);
#1317=CARTESIAN_POINT('',(8.408200789265E-1,-2.75E0,-1.647883974943E0));
#1318=DIRECTION('',(0.E0,1.E0,0.E0));
#1319=DIRECTION('',(-4.544971501276E-1,0.E0,8.907481914244E-1));
#1320=AXIS2_PLACEMENT_3D('',#1317,#1318,#1319);
#1322=CARTESIAN_POINT('',(8.738265833846E-1,-2.75E0,-1.554391414366E0));
#1323=CARTESIAN_POINT('',(9.434913599181E-1,-2.75E0,-1.579747319401E0));
#1324=CARTESIAN_POINT('',(1.012925188489E0,-2.75E0,-1.605745646356E0));
#1325=CARTESIAN_POINT('',(1.082589965023E0,-2.75E0,-1.631101551391E0));
#1327=CARTESIAN_POINT('',(1.116791979356E0,-2.75E0,-1.537132289312E0));
#1328=DIRECTION('',(0.E0,-1.E0,0.E0));
#1329=DIRECTION('',(-3.420201433346E-1,0.E0,-9.396926207827E-1));
#1330=AXIS2_PLACEMENT_3D('',#1327,#1328,#1329);
#1332=DIRECTION('',(-3.489949670361E-2,0.E0,9.993908270191E-1));
#1333=VECTOR('',#1332,2.228850666641E-1);
#1334=CARTESIAN_POINT('',(1.216731062058E0,-2.75E0,-1.533642339642E0));
#1335=LINE('',#1334,#1333);
#1336=CARTESIAN_POINT('',(1.308891568110E0,-2.75E0,-1.307403098868E0));
#1337=DIRECTION('',(0.E0,1.E0,0.E0));
#1338=DIRECTION('',(-9.993908270189E-1,0.E0,-3.489949670707E-2));
#1339=AXIS2_PLACEMENT_3D('',#1336,#1337,#1338);
#1341=CARTESIAN_POINT('',(1.308891568110E0,-2.75E0,-1.307403098868E0));
#1342=DIRECTION('',(0.E0,1.E0,0.E0));
#1343=DIRECTION('',(-7.075088051254E-1,0.E0,7.067045285479E-1));
#1344=AXIS2_PLACEMENT_3D('',#1341,#1342,#1343);
#1346=CARTESIAN_POINT('',(1.311391829189E0,-2.75E0,-1.208286819104E0));
#1347=CARTESIAN_POINT('',(1.385482374432E0,-2.75E0,-1.210874117956E0));
#1348=CARTESIAN_POINT('',(1.459551794400E0,-2.75E0,-1.214143763206E0));
#1349=CARTESIAN_POINT('',(1.533642339643E0,-2.75E0,-1.216731062058E0));
#1351=CARTESIAN_POINT('',(1.537132289312E0,-2.75E0,-1.116791979356E0));
#1352=DIRECTION('',(0.E0,-1.E0,0.E0));
#1353=DIRECTION('',(-3.489949667022E-2,0.E0,-9.993908270202E-1));
#1354=AXIS2_PLACEMENT_3D('',#1351,#1352,#1353);
#1356=DIRECTION('',(-3.420201433248E-1,0.E0,9.396926207862E-1));
#1357=VECTOR('',#1356,2.228850666642E-1);
#1358=CARTESIAN_POINT('',(1.631101551391E0,-2.75E0,-1.082589965022E0));
#1359=LINE('',#1358,#1357);
#1360=CARTESIAN_POINT('',(0.E0,-2.45E0,0.E0));
#1361=DIRECTION('',(0.E0,1.E0,0.E0));
#1362=DIRECTION('',(6.014192548169E-13,0.E0,1.E0));
#1363=AXIS2_PLACEMENT_3D('',#1360,#1361,#1362);
#1365=CARTESIAN_POINT('',(0.E0,-2.45E0,-2.65E0));
#1366=DIRECTION('',(-1.E0,0.E0,0.E0));
#1367=DIRECTION('',(0.E0,0.E0,-1.E0));
#1368=AXIS2_PLACEMENT_3D('',#1365,#1366,#1367);
#1370=CARTESIAN_POINT('',(0.E0,-2.45E0,0.E0));
#1371=DIRECTION('',(0.E0,1.E0,0.E0));
#1372=DIRECTION('',(0.E0,0.E0,-1.E0));
#1373=AXIS2_PLACEMENT_3D('',#1370,#1371,#1372);
#1375=CARTESIAN_POINT('',(0.E0,-2.45E0,2.65E0));
#1376=DIRECTION('',(1.E0,0.E0,0.E0));
#1377=DIRECTION('',(0.E0,0.E0,1.E0));
#1378=AXIS2_PLACEMENT_3D('',#1375,#1376,#1377);
#1380=DIRECTION('',(0.E0,1.E0,0.E0));
#1381=VECTOR('',#1380,1.7E0);
#1382=CARTESIAN_POINT('',(0.E0,-2.45E0,-2.95E0));
#1383=LINE('',#1382,#1381);
#1384=DIRECTION('',(1.737243798259E-13,1.E0,0.E0));
#1385=VECTOR('',#1384,1.7E0);
#1386=CARTESIAN_POINT('',(8.875201428300E-13,-2.45E0,2.95E0));
#1387=LINE('',#1386,#1385);
#1388=DIRECTION('',(0.E0,-1.E0,0.E0));
#1389=VECTOR('',#1388,2.6E0);
#1390=CARTESIAN_POINT('',(1.620588905749E0,-1.5E-1,-7.439066913581E-1));
#1391=LINE('',#1390,#1389);
#1392=DIRECTION('',(0.E0,1.E0,0.E0));
#1393=VECTOR('',#1392,2.6E0);
#1394=CARTESIAN_POINT('',(1.554870368945E0,-2.75E0,-8.731465125944E-1));
#1395=LINE('',#1394,#1393);
#1396=DIRECTION('',(0.E0,-1.E0,0.E0));
#1397=VECTOR('',#1396,2.6E0);
#1398=CARTESIAN_POINT('',(1.885808456322E0,-1.5E-1,-5.255661417804E-1));
#1399=LINE('',#1398,#1397);
#1400=DIRECTION('',(0.E0,1.E0,0.E0));
#1401=VECTOR('',#1400,2.6E0);
#1402=CARTESIAN_POINT('',(1.834571116542E0,-2.75E0,-6.832584589063E-1));
#1403=LINE('',#1402,#1401);
#1404=DIRECTION('',(0.E0,-1.E0,0.E0));
#1405=VECTOR('',#1404,2.6E0);
#1406=CARTESIAN_POINT('',(1.631101551391E0,-1.5E-1,-1.082589965022E0));
#1407=LINE('',#1406,#1405);
#1408=DIRECTION('',(0.E0,1.E0,0.E0));
#1409=VECTOR('',#1408,2.6E0);
#1410=CARTESIAN_POINT('',(1.533642339643E0,-2.75E0,-1.216731062058E0));
#1411=LINE('',#1410,#1409);
#1412=DIRECTION('',(0.E0,-1.E0,0.E0));
#1413=VECTOR('',#1412,2.6E0);
#1414=CARTESIAN_POINT('',(1.311391829189E0,-1.5E-1,-1.208286819104E0));
#1415=LINE('',#1414,#1413);
#1416=DIRECTION('',(0.E0,1.E0,0.E0));
#1417=VECTOR('',#1416,2.6E0);
#1418=CARTESIAN_POINT('',(1.208952485409E0,-2.75E0,-1.310893048538E0));
#1419=LINE('',#1418,#1417);
#1420=DIRECTION('',(0.E0,-1.E0,0.E0));
#1421=VECTOR('',#1420,2.6E0);
#1422=CARTESIAN_POINT('',(1.216731062058E0,-1.5E-1,-1.533642339642E0));
#1423=LINE('',#1422,#1421);
#1424=DIRECTION('',(0.E0,1.E0,0.E0));
#1425=VECTOR('',#1424,2.6E0);
#1426=CARTESIAN_POINT('',(1.082589965023E0,-2.75E0,-1.631101551391E0));
#1427=LINE('',#1426,#1425);
#1428=DIRECTION('',(0.E0,-1.E0,0.E0));
#1429=VECTOR('',#1428,2.6E0);
#1430=CARTESIAN_POINT('',(8.738265833846E-1,-1.5E-1,-1.554391414366E0));
#1431=LINE('',#1430,#1429);
#1432=DIRECTION('',(0.E0,1.E0,0.E0));
#1433=VECTOR('',#1432,2.6E0);
#1434=CARTESIAN_POINT('',(7.446939093326E-1,-2.75E0,-1.620320239361E0));
#1435=LINE('',#1434,#1433);
#1436=DIRECTION('',(0.E0,-1.E0,0.E0));
#1437=VECTOR('',#1436,2.6E0);
#1438=CARTESIAN_POINT('',(6.832584589062E-1,-1.5E-1,-1.834571116542E0));
#1439=LINE('',#1438,#1437);
#1440=DIRECTION('',(0.E0,1.E0,0.E0));
#1441=VECTOR('',#1440,2.6E0);
#1442=CARTESIAN_POINT('',(5.255661417798E-1,-2.75E0,-1.885808456321E0));
#1443=LINE('',#1442,#1441);
#1444=DIRECTION('',(0.E0,-1.E0,0.E0));
#1445=VECTOR('',#1444,2.6E0);
#1446=CARTESIAN_POINT('',(3.507251032904E-1,-1.5E-1,-1.748341347909E0));
#1447=LINE('',#1446,#1445);
#1448=DIRECTION('',(0.E0,1.E0,0.E0));
#1449=VECTOR('',#1448,2.6E0);
#1450=CARTESIAN_POINT('',(2.075395048235E-1,-2.75E0,-1.771139195721E0));
#1451=LINE('',#1450,#1449);
#1452=DIRECTION('',(0.E0,-1.E0,0.E0));
#1453=VECTOR('',#1452,2.6E0);
#1454=CARTESIAN_POINT('',(8.290375725547E-2,-1.5E-1,-1.955919290347E0));
#1455=LINE('',#1454,#1453);
#1456=DIRECTION('',(0.E0,1.E0,0.E0));
#1457=VECTOR('',#1456,2.6E0);
#1458=CARTESIAN_POINT('',(-8.290375725583E-2,-2.75E0,-1.955919290347E0));
#1459=LINE('',#1458,#1457);
#1460=DIRECTION('',(0.E0,-1.E0,0.E0));
#1461=VECTOR('',#1460,2.6E0);
#1462=CARTESIAN_POINT('',(-2.067077935595E-1,-1.5E-1,-1.771151448908E0));
#1463=LINE('',#1462,#1461);
#1464=DIRECTION('',(0.E0,1.E0,0.E0));
#1465=VECTOR('',#1464,2.6E0);
#1466=CARTESIAN_POINT('',(-3.499303124312E-1,-2.75E0,-1.748586707351E0));
#1467=LINE('',#1466,#1465);
#1468=DIRECTION('',(0.E0,-1.E0,0.E0));
#1469=VECTOR('',#1468,2.6E0);
#1470=CARTESIAN_POINT('',(-5.255661417804E-1,-1.5E-1,-1.885808456322E0));
#1471=LINE('',#1470,#1469);
#1472=DIRECTION('',(0.E0,1.E0,0.E0));
#1473=VECTOR('',#1472,2.6E0);
#1474=CARTESIAN_POINT('',(-6.832584589063E-1,-2.75E0,-1.834571116542E0));
#1475=LINE('',#1474,#1473);
#1476=DIRECTION('',(0.E0,-1.E0,0.E0));
#1477=VECTOR('',#1476,2.6E0);
#1478=CARTESIAN_POINT('',(-7.439066913581E-1,-1.5E-1,-1.620588905749E0));
#1479=LINE('',#1478,#1477);
#1480=DIRECTION('',(0.E0,1.E0,0.E0));
#1481=VECTOR('',#1480,2.6E0);
#1482=CARTESIAN_POINT('',(-8.731465125944E-1,-2.75E0,-1.554870368945E0));
#1483=LINE('',#1482,#1481);
#1484=DIRECTION('',(0.E0,-1.E0,0.E0));
#1485=VECTOR('',#1484,2.6E0);
#1486=CARTESIAN_POINT('',(-1.082589965022E0,-1.5E-1,-1.631101551391E0));
#1487=LINE('',#1486,#1485);
#1488=DIRECTION('',(0.E0,1.E0,0.E0));
#1489=VECTOR('',#1488,2.6E0);
#1490=CARTESIAN_POINT('',(-1.216731062058E0,-2.75E0,-1.533642339643E0));
#1491=LINE('',#1490,#1489);
#1492=DIRECTION('',(0.E0,-1.E0,0.E0));
#1493=VECTOR('',#1492,2.6E0);
#1494=CARTESIAN_POINT('',(-1.208286819104E0,-1.5E-1,-1.311391829189E0));
#1495=LINE('',#1494,#1493);
#1496=DIRECTION('',(0.E0,1.E0,0.E0));
#1497=VECTOR('',#1496,2.6E0);
#1498=CARTESIAN_POINT('',(-1.310893048538E0,-2.75E0,-1.208952485409E0));
#1499=LINE('',#1498,#1497);
#1500=DIRECTION('',(0.E0,-1.E0,0.E0));
#1501=VECTOR('',#1500,2.6E0);
#1502=CARTESIAN_POINT('',(-1.533642339642E0,-1.5E-1,-1.216731062058E0));
#1503=LINE('',#1502,#1501);
#1504=DIRECTION('',(0.E0,1.E0,0.E0));
#1505=VECTOR('',#1504,2.6E0);
#1506=CARTESIAN_POINT('',(-1.631101551391E0,-2.75E0,-1.082589965023E0));
#1507=LINE('',#1506,#1505);
#1508=DIRECTION('',(0.E0,-1.E0,0.E0));
#1509=VECTOR('',#1508,2.6E0);
#1510=CARTESIAN_POINT('',(-1.554391414366E0,-1.5E-1,-8.738265833846E-1));
#1511=LINE('',#1510,#1509);
#1512=DIRECTION('',(0.E0,1.E0,0.E0));
#1513=VECTOR('',#1512,2.6E0);
#1514=CARTESIAN_POINT('',(-1.620320239361E0,-2.75E0,-7.446939093326E-1));
#1515=LINE('',#1514,#1513);
#1516=DIRECTION('',(0.E0,-1.E0,0.E0));
#1517=VECTOR('',#1516,2.6E0);
#1518=CARTESIAN_POINT('',(-1.834571116542E0,-1.5E-1,-6.832584589062E-1));
#1519=LINE('',#1518,#1517);
#1520=DIRECTION('',(0.E0,1.E0,0.E0));
#1521=VECTOR('',#1520,2.6E0);
#1522=CARTESIAN_POINT('',(-1.885808456321E0,-2.75E0,-5.255661417798E-1));
#1523=LINE('',#1522,#1521);
#1524=DIRECTION('',(0.E0,-1.E0,0.E0));
#1525=VECTOR('',#1524,2.6E0);
#1526=CARTESIAN_POINT('',(-1.748341347909E0,-1.5E-1,-3.507251032904E-1));
#1527=LINE('',#1526,#1525);
#1528=DIRECTION('',(0.E0,1.E0,0.E0));
#1529=VECTOR('',#1528,2.6E0);
#1530=CARTESIAN_POINT('',(-1.771139195721E0,-2.75E0,-2.075395048235E-1));
#1531=LINE('',#1530,#1529);
#1532=DIRECTION('',(0.E0,-1.E0,0.E0));
#1533=VECTOR('',#1532,2.6E0);
#1534=CARTESIAN_POINT('',(-1.955919290347E0,-1.5E-1,-8.290375725547E-2));
#1535=LINE('',#1534,#1533);
#1536=DIRECTION('',(0.E0,1.E0,0.E0));
#1537=VECTOR('',#1536,2.6E0);
#1538=CARTESIAN_POINT('',(-1.955919290347E0,-2.75E0,8.290375725584E-2));
#1539=LINE('',#1538,#1537);
#1540=DIRECTION('',(0.E0,-1.E0,0.E0));
#1541=VECTOR('',#1540,2.6E0);
#1542=CARTESIAN_POINT('',(-1.771151448908E0,-1.5E-1,2.067077935595E-1));
#1543=LINE('',#1542,#1541);
#1544=DIRECTION('',(0.E0,1.E0,0.E0));
#1545=VECTOR('',#1544,2.6E0);
#1546=CARTESIAN_POINT('',(-1.748586707351E0,-2.75E0,3.499303124312E-1));
#1547=LINE('',#1546,#1545);
#1548=DIRECTION('',(0.E0,-1.E0,0.E0));
#1549=VECTOR('',#1548,2.6E0);
#1550=CARTESIAN_POINT('',(-1.885808456322E0,-1.5E-1,5.255661417804E-1));
#1551=LINE('',#1550,#1549);
#1552=DIRECTION('',(0.E0,1.E0,0.E0));
#1553=VECTOR('',#1552,2.6E0);
#1554=CARTESIAN_POINT('',(-1.834571116542E0,-2.75E0,6.832584589063E-1));
#1555=LINE('',#1554,#1553);
#1556=DIRECTION('',(0.E0,-1.E0,0.E0));
#1557=VECTOR('',#1556,2.6E0);
#1558=CARTESIAN_POINT('',(-1.620588905749E0,-1.5E-1,7.439066913581E-1));
#1559=LINE('',#1558,#1557);
#1560=DIRECTION('',(0.E0,1.E0,0.E0));
#1561=VECTOR('',#1560,2.6E0);
#1562=CARTESIAN_POINT('',(-1.554870368945E0,-2.75E0,8.731465125944E-1));
#1563=LINE('',#1562,#1561);
#1564=DIRECTION('',(0.E0,-1.E0,0.E0));
#1565=VECTOR('',#1564,2.6E0);
#1566=CARTESIAN_POINT('',(-1.631101551391E0,-1.5E-1,1.082589965022E0));
#1567=LINE('',#1566,#1565);
#1568=DIRECTION('',(0.E0,1.E0,0.E0));
#1569=VECTOR('',#1568,2.6E0);
#1570=CARTESIAN_POINT('',(-1.533642339643E0,-2.75E0,1.216731062058E0));
#1571=LINE('',#1570,#1569);
#1572=DIRECTION('',(0.E0,-1.E0,0.E0));
#1573=VECTOR('',#1572,2.6E0);
#1574=CARTESIAN_POINT('',(-1.311391829189E0,-1.5E-1,1.208286819104E0));
#1575=LINE('',#1574,#1573);
#1576=DIRECTION('',(0.E0,1.E0,0.E0));
#1577=VECTOR('',#1576,2.6E0);
#1578=CARTESIAN_POINT('',(-1.208952485409E0,-2.75E0,1.310893048538E0));
#1579=LINE('',#1578,#1577);
#1580=DIRECTION('',(0.E0,-1.E0,0.E0));
#1581=VECTOR('',#1580,2.6E0);
#1582=CARTESIAN_POINT('',(-1.216731062058E0,-1.5E-1,1.533642339642E0));
#1583=LINE('',#1582,#1581);
#1584=DIRECTION('',(0.E0,1.E0,0.E0));
#1585=VECTOR('',#1584,2.6E0);
#1586=CARTESIAN_POINT('',(-1.082589965023E0,-2.75E0,1.631101551391E0));
#1587=LINE('',#1586,#1585);
#1588=DIRECTION('',(0.E0,-1.E0,0.E0));
#1589=VECTOR('',#1588,2.6E0);
#1590=CARTESIAN_POINT('',(-8.738265833846E-1,-1.5E-1,1.554391414366E0));
#1591=LINE('',#1590,#1589);
#1592=DIRECTION('',(0.E0,1.E0,0.E0));
#1593=VECTOR('',#1592,2.6E0);
#1594=CARTESIAN_POINT('',(-7.446939093326E-1,-2.75E0,1.620320239361E0));
#1595=LINE('',#1594,#1593);
#1596=DIRECTION('',(0.E0,-1.E0,0.E0));
#1597=VECTOR('',#1596,2.6E0);
#1598=CARTESIAN_POINT('',(-6.832584589062E-1,-1.5E-1,1.834571116542E0));
#1599=LINE('',#1598,#1597);
#1600=DIRECTION('',(0.E0,1.E0,0.E0));
#1601=VECTOR('',#1600,2.6E0);
#1602=CARTESIAN_POINT('',(-5.255661417798E-1,-2.75E0,1.885808456321E0));
#1603=LINE('',#1602,#1601);
#1604=DIRECTION('',(0.E0,-1.E0,0.E0));
#1605=VECTOR('',#1604,2.6E0);
#1606=CARTESIAN_POINT('',(-3.507251032904E-1,-1.5E-1,1.748341347909E0));
#1607=LINE('',#1606,#1605);
#1608=DIRECTION('',(0.E0,1.E0,0.E0));
#1609=VECTOR('',#1608,2.6E0);
#1610=CARTESIAN_POINT('',(-2.075395048235E-1,-2.75E0,1.771139195721E0));
#1611=LINE('',#1610,#1609);
#1612=DIRECTION('',(0.E0,-1.E0,0.E0));
#1613=VECTOR('',#1612,2.6E0);
#1614=CARTESIAN_POINT('',(-8.290375725547E-2,-1.5E-1,1.955919290347E0));
#1615=LINE('',#1614,#1613);
#1616=DIRECTION('',(0.E0,1.E0,0.E0));
#1617=VECTOR('',#1616,2.6E0);
#1618=CARTESIAN_POINT('',(8.290375725583E-2,-2.75E0,1.955919290347E0));
#1619=LINE('',#1618,#1617);
#1620=DIRECTION('',(0.E0,-1.E0,0.E0));
#1621=VECTOR('',#1620,2.6E0);
#1622=CARTESIAN_POINT('',(2.067077935595E-1,-1.5E-1,1.771151448908E0));
#1623=LINE('',#1622,#1621);
#1624=DIRECTION('',(0.E0,1.E0,0.E0));
#1625=VECTOR('',#1624,2.6E0);
#1626=CARTESIAN_POINT('',(3.499303124312E-1,-2.75E0,1.748586707351E0));
#1627=LINE('',#1626,#1625);
#1628=DIRECTION('',(0.E0,-1.E0,0.E0));
#1629=VECTOR('',#1628,2.6E0);
#1630=CARTESIAN_POINT('',(5.255661417804E-1,-1.5E-1,1.885808456322E0));
#1631=LINE('',#1630,#1629);
#1632=DIRECTION('',(0.E0,1.E0,0.E0));
#1633=VECTOR('',#1632,2.6E0);
#1634=CARTESIAN_POINT('',(6.832584589063E-1,-2.75E0,1.834571116542E0));
#1635=LINE('',#1634,#1633);
#1636=DIRECTION('',(0.E0,-1.E0,0.E0));
#1637=VECTOR('',#1636,2.6E0);
#1638=CARTESIAN_POINT('',(7.439066913581E-1,-1.5E-1,1.620588905749E0));
#1639=LINE('',#1638,#1637);
#1640=DIRECTION('',(0.E0,1.E0,0.E0));
#1641=VECTOR('',#1640,2.6E0);
#1642=CARTESIAN_POINT('',(8.731465125944E-1,-2.75E0,1.554870368945E0));
#1643=LINE('',#1642,#1641);
#1644=DIRECTION('',(0.E0,-1.E0,0.E0));
#1645=VECTOR('',#1644,2.6E0);
#1646=CARTESIAN_POINT('',(1.082589965022E0,-1.5E-1,1.631101551391E0));
#1647=LINE('',#1646,#1645);
#1648=DIRECTION('',(0.E0,1.E0,0.E0));
#1649=VECTOR('',#1648,2.6E0);
#1650=CARTESIAN_POINT('',(1.216731062058E0,-2.75E0,1.533642339643E0));
#1651=LINE('',#1650,#1649);
#1652=DIRECTION('',(0.E0,-1.E0,0.E0));
#1653=VECTOR('',#1652,2.6E0);
#1654=CARTESIAN_POINT('',(1.208286819104E0,-1.5E-1,1.311391829189E0));
#1655=LINE('',#1654,#1653);
#1656=DIRECTION('',(0.E0,1.E0,0.E0));
#1657=VECTOR('',#1656,2.6E0);
#1658=CARTESIAN_POINT('',(1.310893048538E0,-2.75E0,1.208952485409E0));
#1659=LINE('',#1658,#1657);
#1660=DIRECTION('',(0.E0,-1.E0,0.E0));
#1661=VECTOR('',#1660,2.6E0);
#1662=CARTESIAN_POINT('',(1.533642339642E0,-1.5E-1,1.216731062058E0));
#1663=LINE('',#1662,#1661);
#1664=DIRECTION('',(0.E0,1.E0,0.E0));
#1665=VECTOR('',#1664,2.6E0);
#1666=CARTESIAN_POINT('',(1.631101551391E0,-2.75E0,1.082589965023E0));
#1667=LINE('',#1666,#1665);
#1668=DIRECTION('',(0.E0,-1.E0,0.E0));
#1669=VECTOR('',#1668,2.6E0);
#1670=CARTESIAN_POINT('',(1.554391414366E0,-1.5E-1,8.738265833846E-1));
#1671=LINE('',#1670,#1669);
#1672=DIRECTION('',(0.E0,1.E0,0.E0));
#1673=VECTOR('',#1672,2.6E0);
#1674=CARTESIAN_POINT('',(1.620320239361E0,-2.75E0,7.446939093326E-1));
#1675=LINE('',#1674,#1673);
#1676=DIRECTION('',(0.E0,-1.E0,0.E0));
#1677=VECTOR('',#1676,2.6E0);
#1678=CARTESIAN_POINT('',(1.834571116542E0,-1.5E-1,6.832584589062E-1));
#1679=LINE('',#1678,#1677);
#1680=DIRECTION('',(0.E0,1.E0,0.E0));
#1681=VECTOR('',#1680,2.6E0);
#1682=CARTESIAN_POINT('',(1.885808456321E0,-2.75E0,5.255661417798E-1));
#1683=LINE('',#1682,#1681);
#1684=DIRECTION('',(0.E0,-1.E0,0.E0));
#1685=VECTOR('',#1684,2.6E0);
#1686=CARTESIAN_POINT('',(1.748341347909E0,-1.5E-1,3.507251032904E-1));
#1687=LINE('',#1686,#1685);
#1688=DIRECTION('',(0.E0,1.E0,0.E0));
#1689=VECTOR('',#1688,2.6E0);
#1690=CARTESIAN_POINT('',(1.771139195721E0,-2.75E0,2.075395048235E-1));
#1691=LINE('',#1690,#1689);
#1692=DIRECTION('',(0.E0,1.E0,0.E0));
#1693=VECTOR('',#1692,2.6E0);
#1694=CARTESIAN_POINT('',(1.955919290347E0,-2.75E0,-8.290375725570E-2));
#1695=LINE('',#1694,#1693);
#1696=DIRECTION('',(0.E0,-1.E0,0.E0));
#1697=VECTOR('',#1696,2.6E0);
#1698=CARTESIAN_POINT('',(1.955919290347E0,-1.5E-1,8.290375725547E-2));
#1699=LINE('',#1698,#1697);
#1700=DIRECTION('',(0.E0,-1.E0,0.E0));
#1701=VECTOR('',#1700,6.E-1);
#1702=CARTESIAN_POINT('',(1.E0,4.5E-1,0.E0));
#1703=LINE('',#1702,#1701);
#1704=DIRECTION('',(0.E0,1.E0,0.E0));
#1705=VECTOR('',#1704,1.5E0);
#1706=CARTESIAN_POINT('',(6.E0,-7.5E-1,-4.E-1));
#1707=LINE('',#1706,#1705);
#1708=DIRECTION('',(0.E0,1.E0,0.E0));
#1709=VECTOR('',#1708,1.5E0);
#1710=CARTESIAN_POINT('',(6.E0,-7.5E-1,4.E-1));
#1711=LINE('',#1710,#1709);
#1712=DIRECTION('',(0.E0,1.E0,0.E0));
#1713=VECTOR('',#1712,1.5E0);
#1714=CARTESIAN_POINT('',(-6.E0,-7.5E-1,-4.E-1));
#1715=LINE('',#1714,#1713);
#1716=DIRECTION('',(0.E0,1.E0,0.E0));
#1717=VECTOR('',#1716,1.5E0);
#1718=CARTESIAN_POINT('',(-6.E0,-7.5E-1,4.E-1));
#1719=LINE('',#1718,#1717);
#1720=DIRECTION('',(0.E0,1.E0,0.E0));
#1721=VECTOR('',#1720,1.5E0);
#1722=CARTESIAN_POINT('',(5.638155724715E0,-7.5E-1,1.552120859954E0));
#1723=LINE('',#1722,#1721);
#1724=DIRECTION('',(0.E0,1.E0,0.E0));
#1725=VECTOR('',#1724,1.5E0);
#1726=CARTESIAN_POINT('',(5.638155724715E0,-7.5E-1,2.552120859954E0));
#1727=LINE('',#1726,#1725);
#1728=DIRECTION('',(0.E0,1.E0,0.E0));
#1729=VECTOR('',#1728,1.5E0);
#1730=CARTESIAN_POINT('',(-5.638155724715E0,-7.5E-1,-2.552120859954E0));
#1731=LINE('',#1730,#1729);
#1732=DIRECTION('',(0.E0,1.E0,0.E0));
#1733=VECTOR('',#1732,1.5E0);
#1734=CARTESIAN_POINT('',(-5.638155724715E0,-7.5E-1,-1.552120859954E0));
#1735=LINE('',#1734,#1733);
#1736=DIRECTION('',(0.E0,1.E0,0.E0));
#1737=VECTOR('',#1736,1.5E0);
#1738=CARTESIAN_POINT('',(0.E0,-7.5E-1,-7.9E0));
#1739=LINE('',#1738,#1737);
#1740=DIRECTION('',(0.E0,1.E0,0.E0));
#1741=VECTOR('',#1740,1.5E0);
#1742=CARTESIAN_POINT('',(0.E0,-7.5E-1,-7.1E0));
#1743=LINE('',#1742,#1741);
#1744=DIRECTION('',(0.E0,1.E0,0.E0));
#1745=VECTOR('',#1744,1.5E0);
#1746=CARTESIAN_POINT('',(2.565151074943E0,-7.5E-1,-7.547694655894E0));
#1747=LINE('',#1746,#1745);
#1748=DIRECTION('',(0.E0,1.E0,0.E0));
#1749=VECTOR('',#1748,1.5E0);
#1750=CARTESIAN_POINT('',(2.565151074943E0,-7.5E-1,-6.547694655894E0));
#1751=LINE('',#1750,#1749);
#1752=DIRECTION('',(0.E0,1.E0,0.E0));
#1753=VECTOR('',#1752,1.5E0);
#1754=CARTESIAN_POINT('',(4.820907072649E0,-7.5E-1,-6.345333323392E0));
#1755=LINE('',#1754,#1753);
#1756=DIRECTION('',(0.E0,1.E0,0.E0));
#1757=VECTOR('',#1756,1.5E0);
#1758=CARTESIAN_POINT('',(4.820907072649E0,-7.5E-1,-5.145333323392E0));
#1759=LINE('',#1758,#1757);
#1760=DIRECTION('',(0.E0,1.E0,0.E0));
#1761=VECTOR('',#1760,1.5E0);
#1762=CARTESIAN_POINT('',(0.E0,-7.5E-1,7.1E0));
#1763=LINE('',#1762,#1761);
#1764=DIRECTION('',(0.E0,1.E0,0.E0));
#1765=VECTOR('',#1764,1.5E0);
#1766=CARTESIAN_POINT('',(0.E0,-7.5E-1,7.9E0));
#1767=LINE('',#1766,#1765);
#1768=DIRECTION('',(0.E0,1.E0,0.E0));
#1769=VECTOR('',#1768,1.5E0);
#1770=CARTESIAN_POINT('',(-2.565151074943E0,-7.5E-1,6.547694655894E0));
#1771=LINE('',#1770,#1769);
#1772=DIRECTION('',(0.E0,1.E0,0.E0));
#1773=VECTOR('',#1772,1.5E0);
#1774=CARTESIAN_POINT('',(-2.565151074943E0,-7.5E-1,7.547694655894E0));
#1775=LINE('',#1774,#1773);
#1776=DIRECTION('',(0.E0,1.E0,0.E0));
#1777=VECTOR('',#1776,1.5E0);
#1778=CARTESIAN_POINT('',(-4.820907072649E0,-7.5E-1,5.145333323392E0));
#1779=LINE('',#1778,#1777);
#1780=DIRECTION('',(0.E0,1.E0,0.E0));
#1781=VECTOR('',#1780,1.5E0);
#1782=CARTESIAN_POINT('',(-4.820907072649E0,-7.5E-1,6.345333323392E0));
#1783=LINE('',#1782,#1781);
#1784=CARTESIAN_POINT('',(9.E0,-7.5E-1,0.E0));
#1785=CARTESIAN_POINT('',(-9.E0,-7.5E-1,0.E0));
#1786=VERTEX_POINT('',#1784);
#1787=VERTEX_POINT('',#1785);
#1788=CARTESIAN_POINT('',(9.E0,7.5E-1,0.E0));
#1789=VERTEX_POINT('',#1788);
#1790=CARTESIAN_POINT('',(-9.E0,7.5E-1,0.E0));
#1791=VERTEX_POINT('',#1790);
#1792=CARTESIAN_POINT('',(6.E0,-7.5E-1,-4.E-1));
#1793=CARTESIAN_POINT('',(6.E0,-7.5E-1,4.E-1));
#1794=VERTEX_POINT('',#1792);
#1795=VERTEX_POINT('',#1793);
#1796=CARTESIAN_POINT('',(-6.E0,-7.5E-1,-4.E-1));
#1797=CARTESIAN_POINT('',(-6.E0,-7.5E-1,4.E-1));
#1798=VERTEX_POINT('',#1796);
#1799=VERTEX_POINT('',#1797);
#1800=CARTESIAN_POINT('',(5.638155724715E0,-7.5E-1,1.552120859954E0));
#1801=CARTESIAN_POINT('',(5.638155724715E0,-7.5E-1,2.552120859954E0));
#1802=VERTEX_POINT('',#1800);
#1803=VERTEX_POINT('',#1801);
#1804=CARTESIAN_POINT('',(-5.638155724715E0,-7.5E-1,-2.552120859954E0));
#1805=CARTESIAN_POINT('',(-5.638155724715E0,-7.5E-1,-1.552120859954E0));
#1806=VERTEX_POINT('',#1804);
#1807=VERTEX_POINT('',#1805);
#1808=CARTESIAN_POINT('',(0.E0,-7.5E-1,-7.9E0));
#1809=CARTESIAN_POINT('',(0.E0,-7.5E-1,-7.1E0));
#1810=VERTEX_POINT('',#1808);
#1811=VERTEX_POINT('',#1809);
#1812=CARTESIAN_POINT('',(2.565151074943E0,-7.5E-1,-7.547694655894E0));
#1813=CARTESIAN_POINT('',(2.565151074943E0,-7.5E-1,-6.547694655894E0));
#1814=VERTEX_POINT('',#1812);
#1815=VERTEX_POINT('',#1813);
#1816=CARTESIAN_POINT('',(4.820907072649E0,-7.5E-1,-6.345333323392E0));
#1817=CARTESIAN_POINT('',(4.820907072649E0,-7.5E-1,-5.145333323392E0));
#1818=VERTEX_POINT('',#1816);
#1819=VERTEX_POINT('',#1817);
#1820=CARTESIAN_POINT('',(0.E0,-7.5E-1,7.1E0));
#1821=CARTESIAN_POINT('',(0.E0,-7.5E-1,7.9E0));
#1822=VERTEX_POINT('',#1820);
#1823=VERTEX_POINT('',#1821);
#1824=CARTESIAN_POINT('',(-2.565151074943E0,-7.5E-1,6.547694655894E0));
#1825=CARTESIAN_POINT('',(-2.565151074943E0,-7.5E-1,7.547694655894E0));
#1826=VERTEX_POINT('',#1824);
#1827=VERTEX_POINT('',#1825);
#1828=CARTESIAN_POINT('',(-4.820907072649E0,-7.5E-1,5.145333323392E0));
#1829=CARTESIAN_POINT('',(-4.820907072649E0,-7.5E-1,6.345333323392E0));
#1830=VERTEX_POINT('',#1828);
#1831=VERTEX_POINT('',#1829);
#1832=CARTESIAN_POINT('',(0.E0,-7.5E-1,-2.95E0));
#1833=CARTESIAN_POINT('',(0.E0,-7.5E-1,2.95E0));
#1834=VERTEX_POINT('',#1832);
#1835=VERTEX_POINT('',#1833);
#1836=CARTESIAN_POINT('',(2.8E0,7.5E-1,0.E0));
#1837=CARTESIAN_POINT('',(-2.8E0,7.5E-1,0.E0));
#1838=VERTEX_POINT('',#1836);
#1839=VERTEX_POINT('',#1837);
#1840=CARTESIAN_POINT('',(6.E0,7.5E-1,4.E-1));
#1841=CARTESIAN_POINT('',(6.E0,7.5E-1,-4.E-1));
#1842=VERTEX_POINT('',#1840);
#1843=VERTEX_POINT('',#1841);
#1844=CARTESIAN_POINT('',(-6.E0,7.5E-1,4.E-1));
#1845=CARTESIAN_POINT('',(-6.E0,7.5E-1,-4.E-1));
#1846=VERTEX_POINT('',#1844);
#1847=VERTEX_POINT('',#1845);
#1848=CARTESIAN_POINT('',(5.638155724715E0,7.5E-1,2.552120859954E0));
#1849=CARTESIAN_POINT('',(5.638155724715E0,7.5E-1,1.552120859954E0));
#1850=VERTEX_POINT('',#1848);
#1851=VERTEX_POINT('',#1849);
#1852=CARTESIAN_POINT('',(-5.638155724715E0,7.5E-1,-1.552120859954E0));
#1853=CARTESIAN_POINT('',(-5.638155724715E0,7.5E-1,-2.552120859954E0));
#1854=VERTEX_POINT('',#1852);
#1855=VERTEX_POINT('',#1853);
#1856=CARTESIAN_POINT('',(0.E0,7.5E-1,-7.1E0));
#1857=CARTESIAN_POINT('',(0.E0,7.5E-1,-7.9E0));
#1858=VERTEX_POINT('',#1856);
#1859=VERTEX_POINT('',#1857);
#1860=CARTESIAN_POINT('',(2.565151074943E0,7.5E-1,-6.547694655894E0));
#1861=CARTESIAN_POINT('',(2.565151074943E0,7.5E-1,-7.547694655894E0));
#1862=VERTEX_POINT('',#1860);
#1863=VERTEX_POINT('',#1861);
#1864=CARTESIAN_POINT('',(4.820907072649E0,7.5E-1,-5.145333323392E0));
#1865=CARTESIAN_POINT('',(4.820907072649E0,7.5E-1,-6.345333323392E0));
#1866=VERTEX_POINT('',#1864);
#1867=VERTEX_POINT('',#1865);
#1868=CARTESIAN_POINT('',(0.E0,7.5E-1,7.9E0));
#1869=CARTESIAN_POINT('',(0.E0,7.5E-1,7.1E0));
#1870=VERTEX_POINT('',#1868);
#1871=VERTEX_POINT('',#1869);
#1872=CARTESIAN_POINT('',(-2.565151074943E0,7.5E-1,7.547694655894E0));
#1873=CARTESIAN_POINT('',(-2.565151074943E0,7.5E-1,6.547694655894E0));
#1874=VERTEX_POINT('',#1872);
#1875=VERTEX_POINT('',#1873);
#1876=CARTESIAN_POINT('',(-4.820907072649E0,7.5E-1,6.345333323392E0));
#1877=CARTESIAN_POINT('',(-4.820907072649E0,7.5E-1,5.145333323392E0));
#1878=VERTEX_POINT('',#1876);
#1879=VERTEX_POINT('',#1877);
#1880=CARTESIAN_POINT('',(2.8E0,1.35E0,0.E0));
#1881=VERTEX_POINT('',#1880);
#1882=CARTESIAN_POINT('',(-2.8E0,1.35E0,0.E0));
#1883=VERTEX_POINT('',#1882);
#1884=CARTESIAN_POINT('',(-2.399153062413E0,1.35E0,6.375408310577E-2));
#1885=CARTESIAN_POINT('',(2.4E0,1.35E0,0.E0));
#1886=VERTEX_POINT('',#1884);
#1887=VERTEX_POINT('',#1885);
#1888=CARTESIAN_POINT('',(-2.4E0,1.35E0,0.E0));
#1889=VERTEX_POINT('',#1888);
#1890=CARTESIAN_POINT('',(2.399153062413E0,1.35E0,-6.375408310577E-2));
#1891=VERTEX_POINT('',#1890);
#1892=CARTESIAN_POINT('',(-2.1E0,1.05E0,1.980647937327E-11));
#1893=VERTEX_POINT('',#1892);
#1894=CARTESIAN_POINT('',(-2.099258929612E0,1.05E0,5.578482271754E-2));
#1895=CARTESIAN_POINT('',(2.1E0,1.05E0,0.E0));
#1896=VERTEX_POINT('',#1894);
#1897=VERTEX_POINT('',#1895);
#1898=CARTESIAN_POINT('',(2.099258929612E0,1.05E0,-5.578482271755E-2));
#1899=VERTEX_POINT('',#1898);
#1900=CARTESIAN_POINT('',(2.1E0,4.5E-1,0.E0));
#1901=VERTEX_POINT('',#1900);
#1902=CARTESIAN_POINT('',(-2.1E0,4.5E-1,0.E0));
#1903=VERTEX_POINT('',#1902);
#1904=CARTESIAN_POINT('',(-1.E0,4.5E-1,0.E0));
#1905=CARTESIAN_POINT('',(1.E0,4.5E-1,0.E0));
#1906=VERTEX_POINT('',#1904);
#1907=VERTEX_POINT('',#1905);
#1908=CARTESIAN_POINT('',(1.E0,-1.5E-1,0.E0));
#1909=CARTESIAN_POINT('',(-1.E0,-1.5E-1,0.E0));
#1910=VERTEX_POINT('',#1908);
#1911=VERTEX_POINT('',#1909);
#1912=CARTESIAN_POINT('',(1.771139195721E0,-1.5E-1,-2.075395048239E-1));
#1913=CARTESIAN_POINT('',(1.728298567759E0,-1.5E-1,-2.747436271940E-1));
#1914=VERTEX_POINT('',#1912);
#1915=VERTEX_POINT('',#1913);
#1916=CARTESIAN_POINT('',(1.747665776818E0,-1.5E-1,-3.512445590886E-1));
#1917=VERTEX_POINT('',#1916);
#1918=VERTEX_POINT('',#375);
#1919=CARTESIAN_POINT('',(1.834571116543E0,-1.5E-1,-6.832584589061E-1));
#1920=VERTEX_POINT('',#1919);
#1921=VERTEX_POINT('',#385);
#1922=CARTESIAN_POINT('',(1.559713174147E0,-1.5E-1,-7.935961280109E-1));
#1923=VERTEX_POINT('',#1922);
#1924=CARTESIAN_POINT('',(1.554870368945E0,-1.5E-1,-8.731465125930E-1));
#1925=VERTEX_POINT('',#1924);
#1926=CARTESIAN_POINT('',(1.631101551391E0,-1.5E-1,-1.082589965022E0));
#1927=VERTEX_POINT('',#1926);
#1928=CARTESIAN_POINT('',(1.533642339645E0,-1.5E-1,-1.216731062058E0));
#1929=VERTEX_POINT('',#1928);
#1930=VERTEX_POINT('',#409);
#1931=CARTESIAN_POINT('',(1.238140687597E0,-1.5E-1,-1.236732646013E0));
#1932=VERTEX_POINT('',#1931);
#1933=CARTESIAN_POINT('',(1.208952485408E0,-1.5E-1,-1.310893048539E0));
#1934=VERTEX_POINT('',#1933);
#1935=CARTESIAN_POINT('',(1.216731062058E0,-1.5E-1,-1.533642339642E0));
#1936=VERTEX_POINT('',#1935);
#1937=CARTESIAN_POINT('',(1.082589965023E0,-1.5E-1,-1.631101551390E0));
#1938=VERTEX_POINT('',#1937);
#1939=VERTEX_POINT('',#433);
#1940=CARTESIAN_POINT('',(7.953703639137E-1,-1.5E-1,-1.558809155801E0));
#1941=VERTEX_POINT('',#1940);
#1942=CARTESIAN_POINT('',(7.446939093326E-1,-1.5E-1,-1.620320239361E0));
#1943=VERTEX_POINT('',#1942);
#1944=CARTESIAN_POINT('',(6.832584589062E-1,-1.5E-1,-1.834571116542E0));
#1945=VERTEX_POINT('',#1944);
#1946=CARTESIAN_POINT('',(5.255661417802E-1,-1.5E-1,-1.885808456322E0));
#1947=VERTEX_POINT('',#1946);
#1948=VERTEX_POINT('',#457);
#1949=CARTESIAN_POINT('',(2.747436473386E-1,-1.5E-1,-1.728298564556E0));
#1950=VERTEX_POINT('',#1949);
#1951=CARTESIAN_POINT('',(2.075395048231E-1,-1.5E-1,-1.771139195722E0));
#1952=VERTEX_POINT('',#1951);
#1953=CARTESIAN_POINT('',(8.290375725547E-2,-1.5E-1,-1.955919290347E0));
#1954=VERTEX_POINT('',#1953);
#1955=CARTESIAN_POINT('',(-8.290375725613E-2,-1.5E-1,-1.955919290346E0));
#1956=VERTEX_POINT('',#1955);
#1957=VERTEX_POINT('',#481);
#1958=CARTESIAN_POINT('',(-2.727768916896E-1,-1.5E-1,-1.728610068048E0));
#1959=VERTEX_POINT('',#1958);
#1960=CARTESIAN_POINT('',(-3.499303124333E-1,-1.5E-1,-1.748586707353E0));
#1961=VERTEX_POINT('',#1960);
#1962=CARTESIAN_POINT('',(-5.255661417804E-1,-1.5E-1,-1.885808456322E0));
#1963=VERTEX_POINT('',#1962);
#1964=CARTESIAN_POINT('',(-6.832584589061E-1,-1.5E-1,-1.834571116543E0));
#1965=VERTEX_POINT('',#1964);
#1966=VERTEX_POINT('',#505);
#1967=CARTESIAN_POINT('',(-7.935961280109E-1,-1.5E-1,-1.559713174147E0));
#1968=VERTEX_POINT('',#1967);
#1969=CARTESIAN_POINT('',(-8.731465125930E-1,-1.5E-1,-1.554870368945E0));
#1970=VERTEX_POINT('',#1969);
#1971=CARTESIAN_POINT('',(-1.082589965022E0,-1.5E-1,-1.631101551391E0));
#1972=VERTEX_POINT('',#1971);
#1973=CARTESIAN_POINT('',(-1.216731062058E0,-1.5E-1,-1.533642339645E0));
#1974=VERTEX_POINT('',#1973);
#1975=VERTEX_POINT('',#529);
#1976=CARTESIAN_POINT('',(-1.236732646013E0,-1.5E-1,-1.238140687597E0));
#1977=VERTEX_POINT('',#1976);
#1978=CARTESIAN_POINT('',(-1.310893048539E0,-1.5E-1,-1.208952485408E0));
#1979=VERTEX_POINT('',#1978);
#1980=CARTESIAN_POINT('',(-1.533642339642E0,-1.5E-1,-1.216731062058E0));
#1981=VERTEX_POINT('',#1980);
#1982=CARTESIAN_POINT('',(-1.631101551390E0,-1.5E-1,-1.082589965023E0));
#1983=VERTEX_POINT('',#1982);
#1984=VERTEX_POINT('',#553);
#1985=CARTESIAN_POINT('',(-1.558809155801E0,-1.5E-1,-7.953703639137E-1));
#1986=VERTEX_POINT('',#1985);
#1987=CARTESIAN_POINT('',(-1.620320239361E0,-1.5E-1,-7.446939093326E-1));
#1988=VERTEX_POINT('',#1987);
#1989=CARTESIAN_POINT('',(-1.834571116542E0,-1.5E-1,-6.832584589062E-1));
#1990=VERTEX_POINT('',#1989);
#1991=CARTESIAN_POINT('',(-1.885808456322E0,-1.5E-1,-5.255661417802E-1));
#1992=VERTEX_POINT('',#1991);
#1993=VERTEX_POINT('',#577);
#1994=CARTESIAN_POINT('',(-1.728298564556E0,-1.5E-1,-2.747436473386E-1));
#1995=VERTEX_POINT('',#1994);
#1996=CARTESIAN_POINT('',(-1.771139195722E0,-1.5E-1,-2.075395048231E-1));
#1997=VERTEX_POINT('',#1996);
#1998=CARTESIAN_POINT('',(-1.955919290347E0,-1.5E-1,-8.290375725547E-2));
#1999=VERTEX_POINT('',#1998);
#2000=CARTESIAN_POINT('',(-1.955919290346E0,-1.5E-1,8.290375725613E-2));
#2001=VERTEX_POINT('',#2000);
#2002=VERTEX_POINT('',#601);
#2003=CARTESIAN_POINT('',(-1.728610068048E0,-1.5E-1,2.727768916896E-1));
#2004=VERTEX_POINT('',#2003);
#2005=CARTESIAN_POINT('',(-1.748586707353E0,-1.5E-1,3.499303124333E-1));
#2006=VERTEX_POINT('',#2005);
#2007=CARTESIAN_POINT('',(-1.885808456322E0,-1.5E-1,5.255661417804E-1));
#2008=VERTEX_POINT('',#2007);
#2009=CARTESIAN_POINT('',(-1.834571116543E0,-1.5E-1,6.832584589061E-1));
#2010=VERTEX_POINT('',#2009);
#2011=VERTEX_POINT('',#625);
#2012=CARTESIAN_POINT('',(-1.559713174147E0,-1.5E-1,7.935961280109E-1));
#2013=VERTEX_POINT('',#2012);
#2014=CARTESIAN_POINT('',(-1.554870368945E0,-1.5E-1,8.731465125930E-1));
#2015=VERTEX_POINT('',#2014);
#2016=CARTESIAN_POINT('',(-1.631101551391E0,-1.5E-1,1.082589965022E0));
#2017=VERTEX_POINT('',#2016);
#2018=CARTESIAN_POINT('',(-1.533642339645E0,-1.5E-1,1.216731062058E0));
#2019=VERTEX_POINT('',#2018);
#2020=VERTEX_POINT('',#649);
#2021=CARTESIAN_POINT('',(-1.238140687597E0,-1.5E-1,1.236732646013E0));
#2022=VERTEX_POINT('',#2021);
#2023=CARTESIAN_POINT('',(-1.208952485408E0,-1.5E-1,1.310893048539E0));
#2024=VERTEX_POINT('',#2023);
#2025=CARTESIAN_POINT('',(-1.216731062058E0,-1.5E-1,1.533642339642E0));
#2026=VERTEX_POINT('',#2025);
#2027=CARTESIAN_POINT('',(-1.082589965023E0,-1.5E-1,1.631101551390E0));
#2028=VERTEX_POINT('',#2027);
#2029=VERTEX_POINT('',#673);
#2030=CARTESIAN_POINT('',(-7.953703639137E-1,-1.5E-1,1.558809155801E0));
#2031=VERTEX_POINT('',#2030);
#2032=CARTESIAN_POINT('',(-7.446939093326E-1,-1.5E-1,1.620320239361E0));
#2033=VERTEX_POINT('',#2032);
#2034=CARTESIAN_POINT('',(-6.832584589062E-1,-1.5E-1,1.834571116542E0));
#2035=VERTEX_POINT('',#2034);
#2036=CARTESIAN_POINT('',(-5.255661417802E-1,-1.5E-1,1.885808456322E0));
#2037=VERTEX_POINT('',#2036);
#2038=VERTEX_POINT('',#697);
#2039=CARTESIAN_POINT('',(-2.747436473386E-1,-1.5E-1,1.728298564556E0));
#2040=VERTEX_POINT('',#2039);
#2041=CARTESIAN_POINT('',(-2.075395048231E-1,-1.5E-1,1.771139195722E0));
#2042=VERTEX_POINT('',#2041);
#2043=CARTESIAN_POINT('',(-8.290375725547E-2,-1.5E-1,1.955919290347E0));
#2044=VERTEX_POINT('',#2043);
#2045=CARTESIAN_POINT('',(8.290375725613E-2,-1.5E-1,1.955919290346E0));
#2046=VERTEX_POINT('',#2045);
#2047=VERTEX_POINT('',#721);
#2048=CARTESIAN_POINT('',(2.727768916896E-1,-1.5E-1,1.728610068048E0));
#2049=VERTEX_POINT('',#2048);
#2050=CARTESIAN_POINT('',(3.499303124333E-1,-1.5E-1,1.748586707353E0));
#2051=VERTEX_POINT('',#2050);
#2052=CARTESIAN_POINT('',(5.255661417804E-1,-1.5E-1,1.885808456322E0));
#2053=VERTEX_POINT('',#2052);
#2054=CARTESIAN_POINT('',(6.832584589061E-1,-1.5E-1,1.834571116543E0));
#2055=VERTEX_POINT('',#2054);
#2056=VERTEX_POINT('',#745);
#2057=CARTESIAN_POINT('',(7.935961280109E-1,-1.5E-1,1.559713174147E0));
#2058=VERTEX_POINT('',#2057);
#2059=CARTESIAN_POINT('',(8.731465125930E-1,-1.5E-1,1.554870368945E0));
#2060=VERTEX_POINT('',#2059);
#2061=CARTESIAN_POINT('',(1.082589965022E0,-1.5E-1,1.631101551391E0));
#2062=VERTEX_POINT('',#2061);
#2063=CARTESIAN_POINT('',(1.216731062058E0,-1.5E-1,1.533642339645E0));
#2064=VERTEX_POINT('',#2063);
#2065=VERTEX_POINT('',#769);
#2066=CARTESIAN_POINT('',(1.236732646013E0,-1.5E-1,1.238140687597E0));
#2067=VERTEX_POINT('',#2066);
#2068=CARTESIAN_POINT('',(1.310893048539E0,-1.5E-1,1.208952485408E0));
#2069=VERTEX_POINT('',#2068);
#2070=CARTESIAN_POINT('',(1.533642339642E0,-1.5E-1,1.216731062058E0));
#2071=VERTEX_POINT('',#2070);
#2072=CARTESIAN_POINT('',(1.631101551390E0,-1.5E-1,1.082589965023E0));
#2073=VERTEX_POINT('',#2072);
#2074=VERTEX_POINT('',#793);
#2075=CARTESIAN_POINT('',(1.558809155801E0,-1.5E-1,7.953703639137E-1));
#2076=VERTEX_POINT('',#2075);
#2077=CARTESIAN_POINT('',(1.620320239361E0,-1.5E-1,7.446939093326E-1));
#2078=VERTEX_POINT('',#2077);
#2079=CARTESIAN_POINT('',(1.834571116542E0,-1.5E-1,6.832584589062E-1));
#2080=VERTEX_POINT('',#2079);
#2081=CARTESIAN_POINT('',(1.885808456322E0,-1.5E-1,5.255661417802E-1));
#2082=VERTEX_POINT('',#2081);
#2083=VERTEX_POINT('',#817);
#2084=CARTESIAN_POINT('',(1.728298564556E0,-1.5E-1,2.747436473386E-1));
#2085=VERTEX_POINT('',#2084);
#2086=CARTESIAN_POINT('',(1.771139195722E0,-1.5E-1,2.075395048231E-1));
#2087=VERTEX_POINT('',#2086);
#2088=CARTESIAN_POINT('',(1.955919290347E0,-1.5E-1,8.290375725547E-2));
#2089=VERTEX_POINT('',#2088);
#2090=CARTESIAN_POINT('',(1.955919290347E0,-1.5E-1,-8.290375725589E-2));
#2091=VERTEX_POINT('',#2090);
#2092=CARTESIAN_POINT('',(1.728298567816E0,-2.75E0,-2.747436268354E-1));
#2093=CARTESIAN_POINT('',(1.771139195721E0,-2.75E0,-2.075395048239E-1));
#2094=VERTEX_POINT('',#2092);
#2095=VERTEX_POINT('',#2093);
#2096=CARTESIAN_POINT('',(1.747665776818E0,-2.75E0,-3.512445590886E-1));
#2097=VERTEX_POINT('',#2096);
#2098=CARTESIAN_POINT('',(3.561296639671E-2,-2.75E0,2.649760690444E0));
#2099=CARTESIAN_POINT('',(0.E0,-2.75E0,-2.65E0));
#2100=VERTEX_POINT('',#2098);
#2101=VERTEX_POINT('',#2099);
#2102=CARTESIAN_POINT('',(0.E0,-2.75E0,2.65E0));
#2103=VERTEX_POINT('',#2102);
#2104=CARTESIAN_POINT('',(-3.561296639671E-2,-2.75E0,-2.649760690444E0));
#2105=VERTEX_POINT('',#2104);
#2106=CARTESIAN_POINT('',(1.559713174147E0,-2.75E0,-7.935961280109E-1));
#2107=CARTESIAN_POINT('',(1.620347685710E0,-2.75E0,-7.430893520667E-1));
#2108=VERTEX_POINT('',#2106);
#2109=VERTEX_POINT('',#2107);
#2110=CARTESIAN_POINT('',(1.554870368945E0,-2.75E0,-8.731465125930E-1));
#2111=VERTEX_POINT('',#2110);
#2112=VERTEX_POINT('',#893);
#2113=CARTESIAN_POINT('',(1.885808456323E0,-2.75E0,-5.255661417815E-1));
#2114=VERTEX_POINT('',#2113);
#2115=CARTESIAN_POINT('',(1.955919290347E0,-2.75E0,-8.290375725570E-2));
#2116=VERTEX_POINT('',#2115);
#2117=CARTESIAN_POINT('',(1.955919290347E0,-2.75E0,8.290375725541E-2));
#2118=VERTEX_POINT('',#2117);
#2119=CARTESIAN_POINT('',(1.771139195721E0,-2.75E0,2.075395048235E-1));
#2120=VERTEX_POINT('',#2119);
#2121=CARTESIAN_POINT('',(1.728298564556E0,-2.75E0,2.747436473386E-1));
#2122=CARTESIAN_POINT('',(1.747665776816E0,-2.75E0,3.512445590858E-1));
#2123=VERTEX_POINT('',#2121);
#2124=VERTEX_POINT('',#2122);
#2125=VERTEX_POINT('',#941);
#2126=CARTESIAN_POINT('',(1.834571116543E0,-2.75E0,6.832584589061E-1));
#2127=VERTEX_POINT('',#2126);
#2128=CARTESIAN_POINT('',(1.620320239361E0,-2.75E0,7.446939093326E-1));
#2129=VERTEX_POINT('',#2128);
#2130=CARTESIAN_POINT('',(1.558809155801E0,-2.75E0,7.953703639137E-1));
#2131=CARTESIAN_POINT('',(1.553588387408E0,-2.75E0,8.741118522554E-1));
#2132=VERTEX_POINT('',#2130);
#2133=VERTEX_POINT('',#2131);
#2134=VERTEX_POINT('',#965);
#2135=CARTESIAN_POINT('',(1.533642339642E0,-2.75E0,1.216731062058E0));
#2136=VERTEX_POINT('',#2135);
#2137=CARTESIAN_POINT('',(1.310893048538E0,-2.75E0,1.208952485409E0));
#2138=VERTEX_POINT('',#2137);
#2139=CARTESIAN_POINT('',(1.236732646013E0,-2.75E0,1.238140687597E0));
#2140=CARTESIAN_POINT('',(1.207434942153E0,-2.75E0,1.311414987031E0));
#2141=VERTEX_POINT('',#2139);
#2142=VERTEX_POINT('',#2140);
#2143=VERTEX_POINT('',#989);
#2144=CARTESIAN_POINT('',(1.082589965021E0,-2.75E0,1.631101551390E0));
#2145=VERTEX_POINT('',#2144);
#2146=CARTESIAN_POINT('',(8.731465125944E-1,-2.75E0,1.554870368945E0));
#2147=VERTEX_POINT('',#2146);
#2148=CARTESIAN_POINT('',(7.935961280109E-1,-2.75E0,1.559713174147E0));
#2149=CARTESIAN_POINT('',(7.430893520667E-1,-2.75E0,1.620347685710E0));
#2150=VERTEX_POINT('',#2148);
#2151=VERTEX_POINT('',#2149);
#2152=VERTEX_POINT('',#1013);
#2153=CARTESIAN_POINT('',(5.255661417815E-1,-2.75E0,1.885808456323E0));
#2154=VERTEX_POINT('',#2153);
#2155=CARTESIAN_POINT('',(3.499303124312E-1,-2.75E0,1.748586707351E0));
#2156=VERTEX_POINT('',#2155);
#2157=CARTESIAN_POINT('',(2.727768916896E-1,-2.75E0,1.728610068048E0));
#2158=CARTESIAN_POINT('',(2.060049987915E-1,-2.75E0,1.770669463286E0));
#2159=VERTEX_POINT('',#2157);
#2160=VERTEX_POINT('',#2158);
#2161=VERTEX_POINT('',#1037);
#2162=CARTESIAN_POINT('',(-8.290375725541E-2,-2.75E0,1.955919290347E0));
#2163=VERTEX_POINT('',#2162);
#2164=CARTESIAN_POINT('',(-2.075395048235E-1,-2.75E0,1.771139195721E0));
#2165=VERTEX_POINT('',#2164);
#2166=CARTESIAN_POINT('',(-2.747436473386E-1,-2.75E0,1.728298564556E0));
#2167=CARTESIAN_POINT('',(-3.512445590858E-1,-2.75E0,1.747665776816E0));
#2168=VERTEX_POINT('',#2166);
#2169=VERTEX_POINT('',#2167);
#2170=VERTEX_POINT('',#1061);
#2171=CARTESIAN_POINT('',(-6.832584589061E-1,-2.75E0,1.834571116543E0));
#2172=VERTEX_POINT('',#2171);
#2173=CARTESIAN_POINT('',(-7.446939093326E-1,-2.75E0,1.620320239361E0));
#2174=VERTEX_POINT('',#2173);
#2175=CARTESIAN_POINT('',(-7.953703639137E-1,-2.75E0,1.558809155801E0));
#2176=CARTESIAN_POINT('',(-8.741118522554E-1,-2.75E0,1.553588387408E0));
#2177=VERTEX_POINT('',#2175);
#2178=VERTEX_POINT('',#2176);
#2179=VERTEX_POINT('',#1085);
#2180=CARTESIAN_POINT('',(-1.216731062058E0,-2.75E0,1.533642339642E0));
#2181=VERTEX_POINT('',#2180);
#2182=CARTESIAN_POINT('',(-1.208952485409E0,-2.75E0,1.310893048538E0));
#2183=VERTEX_POINT('',#2182);
#2184=CARTESIAN_POINT('',(-1.238140687597E0,-2.75E0,1.236732646013E0));
#2185=CARTESIAN_POINT('',(-1.311414987031E0,-2.75E0,1.207434942153E0));
#2186=VERTEX_POINT('',#2184);
#2187=VERTEX_POINT('',#2185);
#2188=VERTEX_POINT('',#1109);
#2189=CARTESIAN_POINT('',(-1.631101551390E0,-2.75E0,1.082589965021E0));
#2190=VERTEX_POINT('',#2189);
#2191=CARTESIAN_POINT('',(-1.554870368945E0,-2.75E0,8.731465125944E-1));
#2192=VERTEX_POINT('',#2191);
#2193=CARTESIAN_POINT('',(-1.559713174147E0,-2.75E0,7.935961280109E-1));
#2194=CARTESIAN_POINT('',(-1.620347685710E0,-2.75E0,7.430893520667E-1));
#2195=VERTEX_POINT('',#2193);
#2196=VERTEX_POINT('',#2194);
#2197=VERTEX_POINT('',#1133);
#2198=CARTESIAN_POINT('',(-1.885808456323E0,-2.75E0,5.255661417815E-1));
#2199=VERTEX_POINT('',#2198);
#2200=CARTESIAN_POINT('',(-1.748586707351E0,-2.75E0,3.499303124312E-1));
#2201=VERTEX_POINT('',#2200);
#2202=CARTESIAN_POINT('',(-1.728610068048E0,-2.75E0,2.727768916896E-1));
#2203=CARTESIAN_POINT('',(-1.770669463286E0,-2.75E0,2.060049987915E-1));
#2204=VERTEX_POINT('',#2202);
#2205=VERTEX_POINT('',#2203);
#2206=VERTEX_POINT('',#1157);
#2207=CARTESIAN_POINT('',(-1.955919290347E0,-2.75E0,-8.290375725541E-2));
#2208=VERTEX_POINT('',#2207);
#2209=CARTESIAN_POINT('',(-1.771139195721E0,-2.75E0,-2.075395048235E-1));
#2210=VERTEX_POINT('',#2209);
#2211=CARTESIAN_POINT('',(-1.728298564556E0,-2.75E0,-2.747436473386E-1));
#2212=CARTESIAN_POINT('',(-1.747665776816E0,-2.75E0,-3.512445590858E-1));
#2213=VERTEX_POINT('',#2211);
#2214=VERTEX_POINT('',#2212);
#2215=VERTEX_POINT('',#1181);
#2216=CARTESIAN_POINT('',(-1.834571116543E0,-2.75E0,-6.832584589061E-1));
#2217=VERTEX_POINT('',#2216);
#2218=CARTESIAN_POINT('',(-1.620320239361E0,-2.75E0,-7.446939093326E-1));
#2219=VERTEX_POINT('',#2218);
#2220=CARTESIAN_POINT('',(-1.558809155801E0,-2.75E0,-7.953703639137E-1));
#2221=CARTESIAN_POINT('',(-1.553588387408E0,-2.75E0,-8.741118522554E-1));
#2222=VERTEX_POINT('',#2220);
#2223=VERTEX_POINT('',#2221);
#2224=VERTEX_POINT('',#1205);
#2225=CARTESIAN_POINT('',(-1.533642339642E0,-2.75E0,-1.216731062058E0));
#2226=VERTEX_POINT('',#2225);
#2227=CARTESIAN_POINT('',(-1.310893048538E0,-2.75E0,-1.208952485409E0));
#2228=VERTEX_POINT('',#2227);
#2229=CARTESIAN_POINT('',(-1.236732646013E0,-2.75E0,-1.238140687597E0));
#2230=CARTESIAN_POINT('',(-1.207434942153E0,-2.75E0,-1.311414987031E0));
#2231=VERTEX_POINT('',#2229);
#2232=VERTEX_POINT('',#2230);
#2233=VERTEX_POINT('',#1229);
#2234=CARTESIAN_POINT('',(-1.082589965021E0,-2.75E0,-1.631101551390E0));
#2235=VERTEX_POINT('',#2234);
#2236=CARTESIAN_POINT('',(-8.731465125944E-1,-2.75E0,-1.554870368945E0));
#2237=VERTEX_POINT('',#2236);
#2238=CARTESIAN_POINT('',(-7.935961280109E-1,-2.75E0,-1.559713174147E0));
#2239=CARTESIAN_POINT('',(-7.430893520667E-1,-2.75E0,-1.620347685710E0));
#2240=VERTEX_POINT('',#2238);
#2241=VERTEX_POINT('',#2239);
#2242=VERTEX_POINT('',#1253);
#2243=CARTESIAN_POINT('',(-5.255661417815E-1,-2.75E0,-1.885808456323E0));
#2244=VERTEX_POINT('',#2243);
#2245=CARTESIAN_POINT('',(-3.499303124312E-1,-2.75E0,-1.748586707351E0));
#2246=VERTEX_POINT('',#2245);
#2247=CARTESIAN_POINT('',(-2.727768916896E-1,-2.75E0,-1.728610068048E0));
#2248=CARTESIAN_POINT('',(-2.060049987915E-1,-2.75E0,-1.770669463286E0));
#2249=VERTEX_POINT('',#2247);
#2250=VERTEX_POINT('',#2248);
#2251=VERTEX_POINT('',#1277);
#2252=CARTESIAN_POINT('',(8.290375725541E-2,-2.75E0,-1.955919290347E0));
#2253=VERTEX_POINT('',#2252);
#2254=CARTESIAN_POINT('',(2.075395048235E-1,-2.75E0,-1.771139195721E0));
#2255=VERTEX_POINT('',#2254);
#2256=CARTESIAN_POINT('',(2.747436473386E-1,-2.75E0,-1.728298564556E0));
#2257=CARTESIAN_POINT('',(3.512445590858E-1,-2.75E0,-1.747665776816E0));
#2258=VERTEX_POINT('',#2256);
#2259=VERTEX_POINT('',#2257);
#2260=VERTEX_POINT('',#1301);
#2261=CARTESIAN_POINT('',(6.832584589061E-1,-2.75E0,-1.834571116543E0));
#2262=VERTEX_POINT('',#2261);
#2263=CARTESIAN_POINT('',(7.446939093326E-1,-2.75E0,-1.620320239361E0));
#2264=VERTEX_POINT('',#2263);
#2265=CARTESIAN_POINT('',(7.953703639137E-1,-2.75E0,-1.558809155801E0));
#2266=CARTESIAN_POINT('',(8.741118522554E-1,-2.75E0,-1.553588387408E0));
#2267=VERTEX_POINT('',#2265);
#2268=VERTEX_POINT('',#2266);
#2269=VERTEX_POINT('',#1325);
#2270=CARTESIAN_POINT('',(1.216731062058E0,-2.75E0,-1.533642339642E0));
#2271=VERTEX_POINT('',#2270);
#2272=CARTESIAN_POINT('',(1.208952485409E0,-2.75E0,-1.310893048538E0));
#2273=VERTEX_POINT('',#2272);
#2274=CARTESIAN_POINT('',(1.238140687597E0,-2.75E0,-1.236732646013E0));
#2275=CARTESIAN_POINT('',(1.311414987031E0,-2.75E0,-1.207434942153E0));
#2276=VERTEX_POINT('',#2274);
#2277=VERTEX_POINT('',#2275);
#2278=VERTEX_POINT('',#1349);
#2279=CARTESIAN_POINT('',(1.631101551390E0,-2.75E0,-1.082589965021E0));
#2280=VERTEX_POINT('',#2279);
#2281=CARTESIAN_POINT('',(0.E0,-2.45E0,2.95E0));
#2282=VERTEX_POINT('',#2281);
#2283=CARTESIAN_POINT('',(0.E0,-2.45E0,-2.95E0));
#2284=VERTEX_POINT('',#2283);
#2285=CARTESIAN_POINT('',(0.E0,-7.5E-1,0.E0));
#2286=DIRECTION('',(0.E0,1.E0,0.E0));
#2287=DIRECTION('',(1.E0,0.E0,0.E0));
#2288=AXIS2_PLACEMENT_3D('',#2285,#2286,#2287);
#2289=CYLINDRICAL_SURFACE('',#2288,9.E0);
#2291=ORIENTED_EDGE('',*,*,#2290,.F.);
#2293=ORIENTED_EDGE('',*,*,#2292,.F.);
#2295=ORIENTED_EDGE('',*,*,#2294,.F.);
#2297=ORIENTED_EDGE('',*,*,#2296,.T.);
#2298=EDGE_LOOP('',(#2291,#2293,#2295,#2297));
#2299=FACE_OUTER_BOUND('',#2298,.F.);
#2301=CARTESIAN_POINT('',(0.E0,-7.5E-1,0.E0));
#2302=DIRECTION('',(0.E0,1.E0,0.E0));
#2303=DIRECTION('',(1.E0,0.E0,0.E0));
#2304=AXIS2_PLACEMENT_3D('',#2301,#2302,#2303);
#2305=PLANE('',#2304);
#2306=ORIENTED_EDGE('',*,*,#2290,.T.);
#2308=ORIENTED_EDGE('',*,*,#2307,.T.);
#2309=EDGE_LOOP('',(#2306,#2308));
#2310=FACE_OUTER_BOUND('',#2309,.F.);
#2312=ORIENTED_EDGE('',*,*,#2311,.T.);
#2314=ORIENTED_EDGE('',*,*,#2313,.T.);
#2315=EDGE_LOOP('',(#2312,#2314));
#2316=FACE_BOUND('',#2315,.F.);
#2318=ORIENTED_EDGE('',*,*,#2317,.T.);
#2320=ORIENTED_EDGE('',*,*,#2319,.T.);
#2321=EDGE_LOOP('',(#2318,#2320));
#2322=FACE_BOUND('',#2321,.F.);
#2324=ORIENTED_EDGE('',*,*,#2323,.T.);
#2326=ORIENTED_EDGE('',*,*,#2325,.T.);
#2327=EDGE_LOOP('',(#2324,#2326));
#2328=FACE_BOUND('',#2327,.F.);
#2330=ORIENTED_EDGE('',*,*,#2329,.T.);
#2332=ORIENTED_EDGE('',*,*,#2331,.T.);
#2333=EDGE_LOOP('',(#2330,#2332));
#2334=FACE_BOUND('',#2333,.F.);
#2336=ORIENTED_EDGE('',*,*,#2335,.T.);
#2338=ORIENTED_EDGE('',*,*,#2337,.T.);
#2339=EDGE_LOOP('',(#2336,#2338));
#2340=FACE_BOUND('',#2339,.F.);
#2342=ORIENTED_EDGE('',*,*,#2341,.T.);
#2344=ORIENTED_EDGE('',*,*,#2343,.T.);
#2345=EDGE_LOOP('',(#2342,#2344));
#2346=FACE_BOUND('',#2345,.F.);
#2348=ORIENTED_EDGE('',*,*,#2347,.T.);
#2350=ORIENTED_EDGE('',*,*,#2349,.T.);
#2351=EDGE_LOOP('',(#2348,#2350));
#2352=FACE_BOUND('',#2351,.F.);
#2354=ORIENTED_EDGE('',*,*,#2353,.T.);
#2356=ORIENTED_EDGE('',*,*,#2355,.T.);
#2357=EDGE_LOOP('',(#2354,#2356));
#2358=FACE_BOUND('',#2357,.F.);
#2360=ORIENTED_EDGE('',*,*,#2359,.T.);
#2362=ORIENTED_EDGE('',*,*,#2361,.T.);
#2363=EDGE_LOOP('',(#2360,#2362));
#2364=FACE_BOUND('',#2363,.F.);
#2366=ORIENTED_EDGE('',*,*,#2365,.T.);
#2368=ORIENTED_EDGE('',*,*,#2367,.T.);
#2369=EDGE_LOOP('',(#2366,#2368));
#2370=FACE_BOUND('',#2369,.F.);
#2372=ORIENTED_EDGE('',*,*,#2371,.T.);
#2374=ORIENTED_EDGE('',*,*,#2373,.T.);
#2375=EDGE_LOOP('',(#2372,#2374));
#2376=FACE_BOUND('',#2375,.F.);
#2378=CARTESIAN_POINT('',(0.E0,-7.5E-1,0.E0));
#2379=DIRECTION('',(0.E0,1.E0,0.E0));
#2380=DIRECTION('',(1.E0,0.E0,0.E0));
#2381=AXIS2_PLACEMENT_3D('',#2378,#2379,#2380);
#2382=CYLINDRICAL_SURFACE('',#2381,9.E0);
#2383=ORIENTED_EDGE('',*,*,#2307,.F.);
#2384=ORIENTED_EDGE('',*,*,#2296,.F.);
#2386=ORIENTED_EDGE('',*,*,#2385,.F.);
#2387=ORIENTED_EDGE('',*,*,#2292,.T.);
#2388=EDGE_LOOP('',(#2383,#2384,#2386,#2387));
#2389=FACE_OUTER_BOUND('',#2388,.F.);
#2391=CARTESIAN_POINT('',(0.E0,7.5E-1,0.E0));
#2392=DIRECTION('',(0.E0,1.E0,0.E0));
#2393=DIRECTION('',(1.E0,0.E0,0.E0));
#2394=AXIS2_PLACEMENT_3D('',#2391,#2392,#2393);
#2395=PLANE('',#2394);
#2396=ORIENTED_EDGE('',*,*,#2294,.T.);
#2397=ORIENTED_EDGE('',*,*,#2385,.T.);
#2398=EDGE_LOOP('',(#2396,#2397));
#2399=FACE_OUTER_BOUND('',#2398,.F.);
#2401=ORIENTED_EDGE('',*,*,#2400,.T.);
#2403=ORIENTED_EDGE('',*,*,#2402,.T.);
#2404=EDGE_LOOP('',(#2401,#2403));
#2405=FACE_BOUND('',#2404,.F.);
#2407=ORIENTED_EDGE('',*,*,#2406,.T.);
#2409=ORIENTED_EDGE('',*,*,#2408,.T.);
#2410=EDGE_LOOP('',(#2407,#2409));
#2411=FACE_BOUND('',#2410,.F.);
#2413=ORIENTED_EDGE('',*,*,#2412,.T.);
#2415=ORIENTED_EDGE('',*,*,#2414,.T.);
#2416=EDGE_LOOP('',(#2413,#2415));
#2417=FACE_BOUND('',#2416,.F.);
#2419=ORIENTED_EDGE('',*,*,#2418,.T.);
#2421=ORIENTED_EDGE('',*,*,#2420,.T.);
#2422=EDGE_LOOP('',(#2419,#2421));
#2423=FACE_BOUND('',#2422,.F.);
#2425=ORIENTED_EDGE('',*,*,#2424,.T.);
#2427=ORIENTED_EDGE('',*,*,#2426,.T.);
#2428=EDGE_LOOP('',(#2425,#2427));
#2429=FACE_BOUND('',#2428,.F.);
#2431=ORIENTED_EDGE('',*,*,#2430,.T.);
#2433=ORIENTED_EDGE('',*,*,#2432,.T.);
#2434=EDGE_LOOP('',(#2431,#2433));
#2435=FACE_BOUND('',#2434,.F.);
#2437=ORIENTED_EDGE('',*,*,#2436,.T.);
#2439=ORIENTED_EDGE('',*,*,#2438,.T.);
#2440=EDGE_LOOP('',(#2437,#2439));
#2441=FACE_BOUND('',#2440,.F.);
#2443=ORIENTED_EDGE('',*,*,#2442,.T.);
#2445=ORIENTED_EDGE('',*,*,#2444,.T.);
#2446=EDGE_LOOP('',(#2443,#2445));
#2447=FACE_BOUND('',#2446,.F.);
#2449=ORIENTED_EDGE('',*,*,#2448,.T.);
#2451=ORIENTED_EDGE('',*,*,#2450,.T.);
#2452=EDGE_LOOP('',(#2449,#2451));
#2453=FACE_BOUND('',#2452,.F.);
#2455=ORIENTED_EDGE('',*,*,#2454,.T.);
#2457=ORIENTED_EDGE('',*,*,#2456,.T.);
#2458=EDGE_LOOP('',(#2455,#2457));
#2459=FACE_BOUND('',#2458,.F.);
#2461=ORIENTED_EDGE('',*,*,#2460,.T.);
#2463=ORIENTED_EDGE('',*,*,#2462,.T.);
#2464=EDGE_LOOP('',(#2461,#2463));
#2465=FACE_BOUND('',#2464,.F.);
#2467=CARTESIAN_POINT('',(0.E0,7.5E-1,0.E0));
#2468=DIRECTION('',(0.E0,1.E0,0.E0));
#2469=DIRECTION('',(1.E0,0.E0,0.E0));
#2470=AXIS2_PLACEMENT_3D('',#2467,#2468,#2469);
#2471=CYLINDRICAL_SURFACE('',#2470,2.8E0);
#2472=ORIENTED_EDGE('',*,*,#2400,.F.);
#2474=ORIENTED_EDGE('',*,*,#2473,.F.);
#2476=ORIENTED_EDGE('',*,*,#2475,.F.);
#2478=ORIENTED_EDGE('',*,*,#2477,.T.);
#2479=EDGE_LOOP('',(#2472,#2474,#2476,#2478));
#2480=FACE_OUTER_BOUND('',#2479,.F.);
#2482=CARTESIAN_POINT('',(0.E0,7.5E-1,0.E0));
#2483=DIRECTION('',(0.E0,1.E0,0.E0));
#2484=DIRECTION('',(1.E0,0.E0,0.E0));
#2485=AXIS2_PLACEMENT_3D('',#2482,#2483,#2484);
#2486=CYLINDRICAL_SURFACE('',#2485,2.8E0);
#2487=ORIENTED_EDGE('',*,*,#2402,.F.);
#2488=ORIENTED_EDGE('',*,*,#2477,.F.);
#2490=ORIENTED_EDGE('',*,*,#2489,.F.);
#2491=ORIENTED_EDGE('',*,*,#2473,.T.);
#2492=EDGE_LOOP('',(#2487,#2488,#2490,#2491));
#2493=FACE_OUTER_BOUND('',#2492,.F.);
#2495=CARTESIAN_POINT('',(0.E0,1.35E0,0.E0));
#2496=DIRECTION('',(0.E0,1.E0,0.E0));
#2497=DIRECTION('',(1.E0,0.E0,0.E0));
#2498=AXIS2_PLACEMENT_3D('',#2495,#2496,#2497);
#2499=PLANE('',#2498);
#2500=ORIENTED_EDGE('',*,*,#2475,.T.);
#2501=ORIENTED_EDGE('',*,*,#2489,.T.);
#2502=EDGE_LOOP('',(#2500,#2501));
#2503=FACE_OUTER_BOUND('',#2502,.F.);
#2505=ORIENTED_EDGE('',*,*,#2504,.T.);
#2507=ORIENTED_EDGE('',*,*,#2506,.T.);
#2509=ORIENTED_EDGE('',*,*,#2508,.T.);
#2511=ORIENTED_EDGE('',*,*,#2510,.T.);
#2512=EDGE_LOOP('',(#2505,#2507,#2509,#2511));
#2513=FACE_BOUND('',#2512,.F.);
#2515=CARTESIAN_POINT('',(0.E0,1.05E0,0.E0));
#2516=DIRECTION('',(0.E0,1.E0,0.E0));
#2517=DIRECTION('',(9.996471093389E-1,0.E0,-2.656420129407E-2));
#2518=AXIS2_PLACEMENT_3D('',#2515,#2516,#2517);
#2519=TOROIDAL_SURFACE('',#2518,2.4E0,3.E-1);
#2520=ORIENTED_EDGE('',*,*,#2506,.F.);
#2521=ORIENTED_EDGE('',*,*,#2504,.F.);
#2523=ORIENTED_EDGE('',*,*,#2522,.F.);
#2525=ORIENTED_EDGE('',*,*,#2524,.T.);
#2527=ORIENTED_EDGE('',*,*,#2526,.T.);
#2529=ORIENTED_EDGE('',*,*,#2528,.T.);
#2530=EDGE_LOOP('',(#2520,#2521,#2523,#2525,#2527,#2529));
#2531=FACE_OUTER_BOUND('',#2530,.F.);
#2533=CARTESIAN_POINT('',(0.E0,1.05E0,0.E0));
#2534=DIRECTION('',(0.E0,1.E0,0.E0));
#2535=DIRECTION('',(-9.996471093389E-1,0.E0,2.656420129407E-2));
#2536=AXIS2_PLACEMENT_3D('',#2533,#2534,#2535);
#2537=TOROIDAL_SURFACE('',#2536,2.4E0,3.E-1);
#2538=ORIENTED_EDGE('',*,*,#2510,.F.);
#2539=ORIENTED_EDGE('',*,*,#2508,.F.);
#2540=ORIENTED_EDGE('',*,*,#2528,.F.);
#2542=ORIENTED_EDGE('',*,*,#2541,.T.);
#2544=ORIENTED_EDGE('',*,*,#2543,.T.);
#2545=ORIENTED_EDGE('',*,*,#2522,.T.);
#2546=EDGE_LOOP('',(#2538,#2539,#2540,#2542,#2544,#2545));
#2547=FACE_OUTER_BOUND('',#2546,.F.);
#2549=CARTESIAN_POINT('',(0.E0,7.5E-1,0.E0));
#2550=DIRECTION('',(0.E0,1.E0,0.E0));
#2551=DIRECTION('',(1.E0,0.E0,0.E0));
#2552=AXIS2_PLACEMENT_3D('',#2549,#2550,#2551);
#2553=CYLINDRICAL_SURFACE('',#2552,2.1E0);
#2554=ORIENTED_EDGE('',*,*,#2543,.F.);
#2555=ORIENTED_EDGE('',*,*,#2541,.F.);
#2557=ORIENTED_EDGE('',*,*,#2556,.T.);
#2559=ORIENTED_EDGE('',*,*,#2558,.F.);
#2561=ORIENTED_EDGE('',*,*,#2560,.T.);
#2562=EDGE_LOOP('',(#2554,#2555,#2557,#2559,#2561));
#2563=FACE_OUTER_BOUND('',#2562,.F.);
#2565=CARTESIAN_POINT('',(0.E0,7.5E-1,0.E0));
#2566=DIRECTION('',(0.E0,1.E0,0.E0));
#2567=DIRECTION('',(1.E0,0.E0,0.E0));
#2568=AXIS2_PLACEMENT_3D('',#2565,#2566,#2567);
#2569=CYLINDRICAL_SURFACE('',#2568,2.1E0);
#2570=ORIENTED_EDGE('',*,*,#2526,.F.);
#2571=ORIENTED_EDGE('',*,*,#2524,.F.);
#2572=ORIENTED_EDGE('',*,*,#2560,.F.);
#2574=ORIENTED_EDGE('',*,*,#2573,.F.);
#2575=ORIENTED_EDGE('',*,*,#2556,.F.);
#2576=EDGE_LOOP('',(#2570,#2571,#2572,#2574,#2575));
#2577=FACE_OUTER_BOUND('',#2576,.F.);
#2579=CARTESIAN_POINT('',(0.E0,4.5E-1,0.E0));
#2580=DIRECTION('',(0.E0,1.E0,0.E0));
#2581=DIRECTION('',(1.E0,0.E0,0.E0));
#2582=AXIS2_PLACEMENT_3D('',#2579,#2580,#2581);
#2583=PLANE('',#2582);
#2584=ORIENTED_EDGE('',*,*,#2558,.T.);
#2585=ORIENTED_EDGE('',*,*,#2573,.T.);
#2586=EDGE_LOOP('',(#2584,#2585));
#2587=FACE_OUTER_BOUND('',#2586,.F.);
#2589=ORIENTED_EDGE('',*,*,#2588,.T.);
#2591=ORIENTED_EDGE('',*,*,#2590,.T.);
#2592=EDGE_LOOP('',(#2589,#2591));
#2593=FACE_BOUND('',#2592,.F.);
#2595=CARTESIAN_POINT('',(0.E0,-7.5E-1,0.E0));
#2596=DIRECTION('',(0.E0,1.E0,0.E0));
#2597=DIRECTION('',(1.E0,0.E0,0.E0));
#2598=AXIS2_PLACEMENT_3D('',#2595,#2596,#2597);
#2599=CYLINDRICAL_SURFACE('',#2598,1.E0);
#2601=ORIENTED_EDGE('',*,*,#2600,.F.);
#2603=ORIENTED_EDGE('',*,*,#2602,.F.);
#2604=ORIENTED_EDGE('',*,*,#2588,.F.);
#2606=ORIENTED_EDGE('',*,*,#2605,.T.);
#2607=EDGE_LOOP('',(#2601,#2603,#2604,#2606));
#2608=FACE_OUTER_BOUND('',#2607,.F.);
#2610=CARTESIAN_POINT('',(0.E0,-1.5E-1,0.E0));
#2611=DIRECTION('',(0.E0,-1.E0,0.E0));
#2612=DIRECTION('',(0.E0,0.E0,-1.E0));
#2613=AXIS2_PLACEMENT_3D('',#2610,#2611,#2612);
#2614=PLANE('',#2613);
#2616=ORIENTED_EDGE('',*,*,#2615,.T.);
#2618=ORIENTED_EDGE('',*,*,#2617,.T.);
#2620=ORIENTED_EDGE('',*,*,#2619,.T.);
#2622=ORIENTED_EDGE('',*,*,#2621,.T.);
#2624=ORIENTED_EDGE('',*,*,#2623,.T.);
#2626=ORIENTED_EDGE('',*,*,#2625,.T.);
#2628=ORIENTED_EDGE('',*,*,#2627,.T.);
#2630=ORIENTED_EDGE('',*,*,#2629,.T.);
#2632=ORIENTED_EDGE('',*,*,#2631,.T.);
#2634=ORIENTED_EDGE('',*,*,#2633,.T.);
#2636=ORIENTED_EDGE('',*,*,#2635,.T.);
#2638=ORIENTED_EDGE('',*,*,#2637,.T.);
#2640=ORIENTED_EDGE('',*,*,#2639,.T.);
#2642=ORIENTED_EDGE('',*,*,#2641,.T.);
#2644=ORIENTED_EDGE('',*,*,#2643,.T.);
#2646=ORIENTED_EDGE('',*,*,#2645,.T.);
#2648=ORIENTED_EDGE('',*,*,#2647,.T.);
#2650=ORIENTED_EDGE('',*,*,#2649,.T.);
#2652=ORIENTED_EDGE('',*,*,#2651,.T.);
#2654=ORIENTED_EDGE('',*,*,#2653,.T.);
#2656=ORIENTED_EDGE('',*,*,#2655,.T.);
#2658=ORIENTED_EDGE('',*,*,#2657,.T.);
#2660=ORIENTED_EDGE('',*,*,#2659,.T.);
#2662=ORIENTED_EDGE('',*,*,#2661,.T.);
#2664=ORIENTED_EDGE('',*,*,#2663,.T.);
#2666=ORIENTED_EDGE('',*,*,#2665,.T.);
#2668=ORIENTED_EDGE('',*,*,#2667,.T.);
#2670=ORIENTED_EDGE('',*,*,#2669,.T.);
#2672=ORIENTED_EDGE('',*,*,#2671,.T.);
#2674=ORIENTED_EDGE('',*,*,#2673,.T.);
#2676=ORIENTED_EDGE('',*,*,#2675,.T.);
#2678=ORIENTED_EDGE('',*,*,#2677,.T.);
#2680=ORIENTED_EDGE('',*,*,#2679,.T.);
#2682=ORIENTED_EDGE('',*,*,#2681,.T.);
#2684=ORIENTED_EDGE('',*,*,#2683,.T.);
#2686=ORIENTED_EDGE('',*,*,#2685,.T.);
#2688=ORIENTED_EDGE('',*,*,#2687,.T.);
#2690=ORIENTED_EDGE('',*,*,#2689,.T.);
#2692=ORIENTED_EDGE('',*,*,#2691,.T.);
#2694=ORIENTED_EDGE('',*,*,#2693,.T.);
#2696=ORIENTED_EDGE('',*,*,#2695,.T.);
#2698=ORIENTED_EDGE('',*,*,#2697,.T.);
#2700=ORIENTED_EDGE('',*,*,#2699,.T.);
#2702=ORIENTED_EDGE('',*,*,#2701,.T.);
#2704=ORIENTED_EDGE('',*,*,#2703,.T.);
#2706=ORIENTED_EDGE('',*,*,#2705,.T.);
#2708=ORIENTED_EDGE('',*,*,#2707,.T.);
#2710=ORIENTED_EDGE('',*,*,#2709,.T.);
#2712=ORIENTED_EDGE('',*,*,#2711,.T.);
#2714=ORIENTED_EDGE('',*,*,#2713,.T.);
#2716=ORIENTED_EDGE('',*,*,#2715,.T.);
#2718=ORIENTED_EDGE('',*,*,#2717,.T.);
#2720=ORIENTED_EDGE('',*,*,#2719,.T.);
#2722=ORIENTED_EDGE('',*,*,#2721,.T.);
#2724=ORIENTED_EDGE('',*,*,#2723,.T.);
#2726=ORIENTED_EDGE('',*,*,#2725,.T.);
#2728=ORIENTED_EDGE('',*,*,#2727,.T.);
#2730=ORIENTED_EDGE('',*,*,#2729,.T.);
#2732=ORIENTED_EDGE('',*,*,#2731,.T.);
#2734=ORIENTED_EDGE('',*,*,#2733,.T.);
#2736=ORIENTED_EDGE('',*,*,#2735,.T.);
#2738=ORIENTED_EDGE('',*,*,#2737,.T.);
#2740=ORIENTED_EDGE('',*,*,#2739,.T.);
#2742=ORIENTED_EDGE('',*,*,#2741,.T.);
#2744=ORIENTED_EDGE('',*,*,#2743,.T.);
#2746=ORIENTED_EDGE('',*,*,#2745,.T.);
#2748=ORIENTED_EDGE('',*,*,#2747,.T.);
#2750=ORIENTED_EDGE('',*,*,#2749,.T.);
#2752=ORIENTED_EDGE('',*,*,#2751,.T.);
#2754=ORIENTED_EDGE('',*,*,#2753,.T.);
#2756=ORIENTED_EDGE('',*,*,#2755,.T.);
#2758=ORIENTED_EDGE('',*,*,#2757,.T.);
#2760=ORIENTED_EDGE('',*,*,#2759,.T.);
#2762=ORIENTED_EDGE('',*,*,#2761,.T.);
#2764=ORIENTED_EDGE('',*,*,#2763,.T.);
#2766=ORIENTED_EDGE('',*,*,#2765,.T.);
#2768=ORIENTED_EDGE('',*,*,#2767,.T.);
#2770=ORIENTED_EDGE('',*,*,#2769,.T.);
#2772=ORIENTED_EDGE('',*,*,#2771,.T.);
#2774=ORIENTED_EDGE('',*,*,#2773,.T.);
#2776=ORIENTED_EDGE('',*,*,#2775,.T.);
#2778=ORIENTED_EDGE('',*,*,#2777,.T.);
#2780=ORIENTED_EDGE('',*,*,#2779,.T.);
#2782=ORIENTED_EDGE('',*,*,#2781,.T.);
#2784=ORIENTED_EDGE('',*,*,#2783,.T.);
#2786=ORIENTED_EDGE('',*,*,#2785,.T.);
#2788=ORIENTED_EDGE('',*,*,#2787,.T.);
#2790=ORIENTED_EDGE('',*,*,#2789,.T.);
#2792=ORIENTED_EDGE('',*,*,#2791,.T.);
#2794=ORIENTED_EDGE('',*,*,#2793,.T.);
#2796=ORIENTED_EDGE('',*,*,#2795,.T.);
#2798=ORIENTED_EDGE('',*,*,#2797,.T.);
#2800=ORIENTED_EDGE('',*,*,#2799,.T.);
#2802=ORIENTED_EDGE('',*,*,#2801,.T.);
#2804=ORIENTED_EDGE('',*,*,#2803,.T.);
#2806=ORIENTED_EDGE('',*,*,#2805,.T.);
#2808=ORIENTED_EDGE('',*,*,#2807,.T.);
#2810=ORIENTED_EDGE('',*,*,#2809,.T.);
#2812=ORIENTED_EDGE('',*,*,#2811,.T.);
#2814=ORIENTED_EDGE('',*,*,#2813,.T.);
#2815=EDGE_LOOP('',(#2616,#2618,#2620,#2622,#2624,#2626,#2628,#2630,#2632,#2634,
#2636,#2638,#2640,#2642,#2644,#2646,#2648,#2650,#2652,#2654,#2656,#2658,#2660,
#2662,#2664,#2666,#2668,#2670,#2672,#2674,#2676,#2678,#2680,#2682,#2684,#2686,
#2688,#2690,#2692,#2694,#2696,#2698,#2700,#2702,#2704,#2706,#2708,#2710,#2712,
#2714,#2716,#2718,#2720,#2722,#2724,#2726,#2728,#2730,#2732,#2734,#2736,#2738,
#2740,#2742,#2744,#2746,#2748,#2750,#2752,#2754,#2756,#2758,#2760,#2762,#2764,
#2766,#2768,#2770,#2772,#2774,#2776,#2778,#2780,#2782,#2784,#2786,#2788,#2790,
#2792,#2794,#2796,#2798,#2800,#2802,#2804,#2806,#2808,#2810,#2812,#2814));
#2816=FACE_OUTER_BOUND('',#2815,.F.);
#2817=ORIENTED_EDGE('',*,*,#2600,.T.);
#2819=ORIENTED_EDGE('',*,*,#2818,.T.);
#2820=EDGE_LOOP('',(#2817,#2819));
#2821=FACE_BOUND('',#2820,.F.);
#2823=CARTESIAN_POINT('',(1.827058486068E0,-8.09476E0,-2.904432620794E-1));
#2824=DIRECTION('',(0.E0,1.E0,0.E0));
#2825=DIRECTION('',(-9.875991816583E-1,0.E0,1.569963578807E-1));
#2826=AXIS2_PLACEMENT_3D('',#2823,#2824,#2825);
#2827=CYLINDRICAL_SURFACE('',#2826,1.E-1);
#2829=ORIENTED_EDGE('',*,*,#2828,.F.);
#2831=ORIENTED_EDGE('',*,*,#2830,.F.);
#2833=ORIENTED_EDGE('',*,*,#2832,.T.);
#2834=ORIENTED_EDGE('',*,*,#2617,.F.);
#2835=ORIENTED_EDGE('',*,*,#2615,.F.);
#2837=ORIENTED_EDGE('',*,*,#2836,.T.);
#2838=EDGE_LOOP('',(#2829,#2831,#2833,#2834,#2835,#2837));
#2839=FACE_OUTER_BOUND('',#2838,.F.);
#2841=CARTESIAN_POINT('',(0.E0,-2.75E0,0.E0));
#2842=DIRECTION('',(0.E0,-1.E0,0.E0));
#2843=DIRECTION('',(0.E0,0.E0,-1.E0));
#2844=AXIS2_PLACEMENT_3D('',#2841,#2842,#2843);
#2845=PLANE('',#2844);
#2847=ORIENTED_EDGE('',*,*,#2846,.T.);
#2849=ORIENTED_EDGE('',*,*,#2848,.T.);
#2851=ORIENTED_EDGE('',*,*,#2850,.T.);
#2853=ORIENTED_EDGE('',*,*,#2852,.T.);
#2854=EDGE_LOOP('',(#2847,#2849,#2851,#2853));
#2855=FACE_OUTER_BOUND('',#2854,.F.);
#2857=ORIENTED_EDGE('',*,*,#2856,.T.);
#2859=ORIENTED_EDGE('',*,*,#2858,.T.);
#2861=ORIENTED_EDGE('',*,*,#2860,.T.);
#2863=ORIENTED_EDGE('',*,*,#2862,.T.);
#2865=ORIENTED_EDGE('',*,*,#2864,.T.);
#2866=ORIENTED_EDGE('',*,*,#2830,.T.);
#2867=ORIENTED_EDGE('',*,*,#2828,.T.);
#2869=ORIENTED_EDGE('',*,*,#2868,.T.);
#2871=ORIENTED_EDGE('',*,*,#2870,.T.);
#2873=ORIENTED_EDGE('',*,*,#2872,.T.);
#2875=ORIENTED_EDGE('',*,*,#2874,.T.);
#2877=ORIENTED_EDGE('',*,*,#2876,.T.);
#2879=ORIENTED_EDGE('',*,*,#2878,.T.);
#2881=ORIENTED_EDGE('',*,*,#2880,.T.);
#2883=ORIENTED_EDGE('',*,*,#2882,.T.);
#2885=ORIENTED_EDGE('',*,*,#2884,.T.);
#2887=ORIENTED_EDGE('',*,*,#2886,.T.);
#2889=ORIENTED_EDGE('',*,*,#2888,.T.);
#2891=ORIENTED_EDGE('',*,*,#2890,.T.);
#2893=ORIENTED_EDGE('',*,*,#2892,.T.);
#2895=ORIENTED_EDGE('',*,*,#2894,.T.);
#2897=ORIENTED_EDGE('',*,*,#2896,.T.);
#2899=ORIENTED_EDGE('',*,*,#2898,.T.);
#2901=ORIENTED_EDGE('',*,*,#2900,.T.);
#2903=ORIENTED_EDGE('',*,*,#2902,.T.);
#2905=ORIENTED_EDGE('',*,*,#2904,.T.);
#2907=ORIENTED_EDGE('',*,*,#2906,.T.);
#2909=ORIENTED_EDGE('',*,*,#2908,.T.);
#2911=ORIENTED_EDGE('',*,*,#2910,.T.);
#2913=ORIENTED_EDGE('',*,*,#2912,.T.);
#2915=ORIENTED_EDGE('',*,*,#2914,.T.);
#2917=ORIENTED_EDGE('',*,*,#2916,.T.);
#2919=ORIENTED_EDGE('',*,*,#2918,.T.);
#2921=ORIENTED_EDGE('',*,*,#2920,.T.);
#2923=ORIENTED_EDGE('',*,*,#2922,.T.);
#2925=ORIENTED_EDGE('',*,*,#2924,.T.);
#2927=ORIENTED_EDGE('',*,*,#2926,.T.);
#2929=ORIENTED_EDGE('',*,*,#2928,.T.);
#2931=ORIENTED_EDGE('',*,*,#2930,.T.);
#2933=ORIENTED_EDGE('',*,*,#2932,.T.);
#2935=ORIENTED_EDGE('',*,*,#2934,.T.);
#2937=ORIENTED_EDGE('',*,*,#2936,.T.);
#2939=ORIENTED_EDGE('',*,*,#2938,.T.);
#2941=ORIENTED_EDGE('',*,*,#2940,.T.);
#2943=ORIENTED_EDGE('',*,*,#2942,.T.);
#2945=ORIENTED_EDGE('',*,*,#2944,.T.);
#2947=ORIENTED_EDGE('',*,*,#2946,.T.);
#2949=ORIENTED_EDGE('',*,*,#2948,.T.);
#2951=ORIENTED_EDGE('',*,*,#2950,.T.);
#2953=ORIENTED_EDGE('',*,*,#2952,.T.);
#2955=ORIENTED_EDGE('',*,*,#2954,.T.);
#2957=ORIENTED_EDGE('',*,*,#2956,.T.);
#2959=ORIENTED_EDGE('',*,*,#2958,.T.);
#2961=ORIENTED_EDGE('',*,*,#2960,.T.);
#2963=ORIENTED_EDGE('',*,*,#2962,.T.);
#2965=ORIENTED_EDGE('',*,*,#2964,.T.);
#2967=ORIENTED_EDGE('',*,*,#2966,.T.);
#2969=ORIENTED_EDGE('',*,*,#2968,.T.);
#2971=ORIENTED_EDGE('',*,*,#2970,.T.);
#2973=ORIENTED_EDGE('',*,*,#2972,.T.);
#2975=ORIENTED_EDGE('',*,*,#2974,.T.);
#2977=ORIENTED_EDGE('',*,*,#2976,.T.);
#2979=ORIENTED_EDGE('',*,*,#2978,.T.);
#2981=ORIENTED_EDGE('',*,*,#2980,.T.);
#2983=ORIENTED_EDGE('',*,*,#2982,.T.);
#2985=ORIENTED_EDGE('',*,*,#2984,.T.);
#2987=ORIENTED_EDGE('',*,*,#2986,.T.);
#2989=ORIENTED_EDGE('',*,*,#2988,.T.);
#2991=ORIENTED_EDGE('',*,*,#2990,.T.);
#2993=ORIENTED_EDGE('',*,*,#2992,.T.);
#2995=ORIENTED_EDGE('',*,*,#2994,.T.);
#2997=ORIENTED_EDGE('',*,*,#2996,.T.);
#2999=ORIENTED_EDGE('',*,*,#2998,.T.);
#3001=ORIENTED_EDGE('',*,*,#3000,.T.);
#3003=ORIENTED_EDGE('',*,*,#3002,.T.);
#3005=ORIENTED_EDGE('',*,*,#3004,.T.);
#3007=ORIENTED_EDGE('',*,*,#3006,.T.);
#3009=ORIENTED_EDGE('',*,*,#3008,.T.);
#3011=ORIENTED_EDGE('',*,*,#3010,.T.);
#3013=ORIENTED_EDGE('',*,*,#3012,.T.);
#3015=ORIENTED_EDGE('',*,*,#3014,.T.);
#3017=ORIENTED_EDGE('',*,*,#3016,.T.);
#3019=ORIENTED_EDGE('',*,*,#3018,.T.);
#3021=ORIENTED_EDGE('',*,*,#3020,.T.);
#3023=ORIENTED_EDGE('',*,*,#3022,.T.);
#3025=ORIENTED_EDGE('',*,*,#3024,.T.);
#3027=ORIENTED_EDGE('',*,*,#3026,.T.);
#3029=ORIENTED_EDGE('',*,*,#3028,.T.);
#3031=ORIENTED_EDGE('',*,*,#3030,.T.);
#3033=ORIENTED_EDGE('',*,*,#3032,.T.);
#3035=ORIENTED_EDGE('',*,*,#3034,.T.);
#3037=ORIENTED_EDGE('',*,*,#3036,.T.);
#3039=ORIENTED_EDGE('',*,*,#3038,.T.);
#3041=ORIENTED_EDGE('',*,*,#3040,.T.);
#3043=ORIENTED_EDGE('',*,*,#3042,.T.);
#3045=ORIENTED_EDGE('',*,*,#3044,.T.);
#3047=ORIENTED_EDGE('',*,*,#3046,.T.);
#3049=ORIENTED_EDGE('',*,*,#3048,.T.);
#3051=ORIENTED_EDGE('',*,*,#3050,.T.);
#3053=ORIENTED_EDGE('',*,*,#3052,.T.);
#3054=EDGE_LOOP('',(#2857,#2859,#2861,#2863,#2865,#2866,#2867,#2869,#2871,#2873,
#2875,#2877,#2879,#2881,#2883,#2885,#2887,#2889,#2891,#2893,#2895,#2897,#2899,
#2901,#2903,#2905,#2907,#2909,#2911,#2913,#2915,#2917,#2919,#2921,#2923,#2925,
#2927,#2929,#2931,#2933,#2935,#2937,#2939,#2941,#2943,#2945,#2947,#2949,#2951,
#2953,#2955,#2957,#2959,#2961,#2963,#2965,#2967,#2969,#2971,#2973,#2975,#2977,
#2979,#2981,#2983,#2985,#2987,#2989,#2991,#2993,#2995,#2997,#2999,#3001,#3003,
#3005,#3007,#3009,#3011,#3013,#3015,#3017,#3019,#3021,#3023,#3025,#3027,#3029,
#3031,#3033,#3035,#3037,#3039,#3041,#3043,#3045,#3047,#3049,#3051,#3053));
#3055=FACE_BOUND('',#3054,.F.);
#3057=CARTESIAN_POINT('',(0.E0,-2.45E0,0.E0));
#3058=DIRECTION('',(0.E0,-1.E0,0.E0));
#3059=DIRECTION('',(-1.343885524404E-2,0.E0,-9.999096945073E-1));
#3060=AXIS2_PLACEMENT_3D('',#3057,#3058,#3059);
#3061=TOROIDAL_SURFACE('',#3060,2.65E0,3.E-1);
#3062=ORIENTED_EDGE('',*,*,#2848,.F.);
#3063=ORIENTED_EDGE('',*,*,#2846,.F.);
#3065=ORIENTED_EDGE('',*,*,#3064,.F.);
#3067=ORIENTED_EDGE('',*,*,#3066,.T.);
#3069=ORIENTED_EDGE('',*,*,#3068,.T.);
#3070=EDGE_LOOP('',(#3062,#3063,#3065,#3067,#3069));
#3071=FACE_OUTER_BOUND('',#3070,.F.);
#3073=CARTESIAN_POINT('',(0.E0,-2.45E0,0.E0));
#3074=DIRECTION('',(0.E0,-1.E0,0.E0));
#3075=DIRECTION('',(1.343885524404E-2,0.E0,9.999096945073E-1));
#3076=AXIS2_PLACEMENT_3D('',#3073,#3074,#3075);
#3077=TOROIDAL_SURFACE('',#3076,2.65E0,3.E-1);
#3078=ORIENTED_EDGE('',*,*,#2852,.F.);
#3079=ORIENTED_EDGE('',*,*,#2850,.F.);
#3080=ORIENTED_EDGE('',*,*,#3068,.F.);
#3082=ORIENTED_EDGE('',*,*,#3081,.T.);
#3083=ORIENTED_EDGE('',*,*,#3064,.T.);
#3084=EDGE_LOOP('',(#3078,#3079,#3080,#3082,#3083));
#3085=FACE_OUTER_BOUND('',#3084,.F.);
#3087=CARTESIAN_POINT('',(0.E0,-7.5E-1,0.E0));
#3088=DIRECTION('',(0.E0,-1.E0,0.E0));
#3089=DIRECTION('',(0.E0,0.E0,-1.E0));
#3090=AXIS2_PLACEMENT_3D('',#3087,#3088,#3089);
#3091=CYLINDRICAL_SURFACE('',#3090,2.95E0);
#3092=ORIENTED_EDGE('',*,*,#3081,.F.);
#3094=ORIENTED_EDGE('',*,*,#3093,.T.);
#3095=ORIENTED_EDGE('',*,*,#2373,.F.);
#3097=ORIENTED_EDGE('',*,*,#3096,.F.);
#3098=EDGE_LOOP('',(#3092,#3094,#3095,#3097));
#3099=FACE_OUTER_BOUND('',#3098,.F.);
#3101=CARTESIAN_POINT('',(0.E0,-7.5E-1,0.E0));
#3102=DIRECTION('',(0.E0,-1.E0,0.E0));
#3103=DIRECTION('',(0.E0,0.E0,-1.E0));
#3104=AXIS2_PLACEMENT_3D('',#3101,#3102,#3103);
#3105=CYLINDRICAL_SURFACE('',#3104,2.95E0);
#3106=ORIENTED_EDGE('',*,*,#3066,.F.);
#3107=ORIENTED_EDGE('',*,*,#3096,.T.);
#3108=ORIENTED_EDGE('',*,*,#2371,.F.);
#3109=ORIENTED_EDGE('',*,*,#3093,.F.);
#3110=EDGE_LOOP('',(#3106,#3107,#3108,#3109));
#3111=FACE_OUTER_BOUND('',#3110,.F.);
#3113=CARTESIAN_POINT('',(1.648839631024E0,6.69476E0,-8.389444982626E-1));
#3114=DIRECTION('',(0.E0,-1.E0,0.E0));
#3115=DIRECTION('',(-8.912646654183E-1,0.E0,4.534835125744E-1));
#3116=AXIS2_PLACEMENT_3D('',#3113,#3114,#3115);
#3117=CYLINDRICAL_SURFACE('',#3116,1.E-1);
#3118=ORIENTED_EDGE('',*,*,#2627,.F.);
#3119=ORIENTED_EDGE('',*,*,#2625,.F.);
#3121=ORIENTED_EDGE('',*,*,#3120,.T.);
#3122=ORIENTED_EDGE('',*,*,#2858,.F.);
#3123=ORIENTED_EDGE('',*,*,#2856,.F.);
#3125=ORIENTED_EDGE('',*,*,#3124,.T.);
#3126=EDGE_LOOP('',(#3118,#3119,#3121,#3122,#3123,#3125));
#3127=FACE_OUTER_BOUND('',#3126,.F.);
#3129=CARTESIAN_POINT('',(1.380963569365E0,-2.75E0,-8.133283300048E-1));
#3130=DIRECTION('',(2.756373558170E-1,0.E0,-9.612616959383E-1));
#3131=DIRECTION('',(9.612616959383E-1,0.E0,2.756373558170E-1));
#3132=AXIS2_PLACEMENT_3D('',#3129,#3130,#3131);
#3133=PLANE('',#3132);
#3134=ORIENTED_EDGE('',*,*,#3120,.F.);
#3135=ORIENTED_EDGE('',*,*,#2623,.F.);
#3137=ORIENTED_EDGE('',*,*,#3136,.F.);
#3138=ORIENTED_EDGE('',*,*,#2860,.F.);
#3139=EDGE_LOOP('',(#3134,#3135,#3137,#3138));
#3140=FACE_OUTER_BOUND('',#3139,.F.);
#3142=CARTESIAN_POINT('',(1.807007380961E0,-2.75E0,-5.871322893124E-1));
#3143=DIRECTION('',(0.E0,-1.E0,0.E0));
#3144=DIRECTION('',(-3.090169943749E-1,0.E0,-9.510565162952E-1));
#3145=AXIS2_PLACEMENT_3D('',#3142,#3143,#3144);
#3146=CYLINDRICAL_SURFACE('',#3145,1.E-1);
#3148=ORIENTED_EDGE('',*,*,#3147,.T.);
#3149=ORIENTED_EDGE('',*,*,#2862,.F.);
#3150=ORIENTED_EDGE('',*,*,#3136,.T.);
#3151=ORIENTED_EDGE('',*,*,#2621,.F.);
#3152=EDGE_LOOP('',(#3148,#3149,#3150,#3151));
#3153=FACE_OUTER_BOUND('',#3152,.F.);
#3155=CARTESIAN_POINT('',(1.885808456321E0,-2.75E0,-5.255661417798E-1));
#3156=DIRECTION('',(7.880107536067E-1,0.E0,6.156614753257E-1));
#3157=DIRECTION('',(-6.156614753257E-1,0.E0,7.880107536067E-1));
#3158=AXIS2_PLACEMENT_3D('',#3155,#3156,#3157);
#3159=PLANE('',#3158);
#3160=ORIENTED_EDGE('',*,*,#2832,.F.);
#3161=ORIENTED_EDGE('',*,*,#2864,.F.);
#3162=ORIENTED_EDGE('',*,*,#3147,.F.);
#3163=ORIENTED_EDGE('',*,*,#2619,.F.);
#3164=EDGE_LOOP('',(#3160,#3161,#3162,#3163));
#3165=FACE_OUTER_BOUND('',#3164,.F.);
#3167=CARTESIAN_POINT('',(1.631101551391E0,-2.75E0,-1.082589965023E0));
#3168=DIRECTION('',(9.396926207859E-1,0.E0,3.420201433257E-1));
#3169=DIRECTION('',(-3.420201433257E-1,0.E0,9.396926207859E-1));
#3170=AXIS2_PLACEMENT_3D('',#3167,#3168,#3169);
#3171=PLANE('',#3170);
#3172=ORIENTED_EDGE('',*,*,#3124,.F.);
#3173=ORIENTED_EDGE('',*,*,#3052,.F.);
#3175=ORIENTED_EDGE('',*,*,#3174,.F.);
#3176=ORIENTED_EDGE('',*,*,#2629,.F.);
#3177=EDGE_LOOP('',(#3172,#3173,#3175,#3176));
#3178=FACE_OUTER_BOUND('',#3177,.F.);
#3180=CARTESIAN_POINT('',(1.537132289312E0,-2.75E0,-1.116791979356E0));
#3181=DIRECTION('',(0.E0,-1.E0,0.E0));
#3182=DIRECTION('',(-5.877852522925E-1,0.E0,-8.090169943749E-1));
#3183=AXIS2_PLACEMENT_3D('',#3180,#3181,#3182);
#3184=CYLINDRICAL_SURFACE('',#3183,1.E-1);
#3185=ORIENTED_EDGE('',*,*,#3174,.T.);
#3186=ORIENTED_EDGE('',*,*,#3050,.F.);
#3188=ORIENTED_EDGE('',*,*,#3187,.T.);
#3189=ORIENTED_EDGE('',*,*,#2631,.F.);
#3190=EDGE_LOOP('',(#3185,#3186,#3188,#3189));
#3191=FACE_OUTER_BOUND('',#3190,.F.);
#3193=CARTESIAN_POINT('',(1.062042125433E0,-2.75E0,-1.200262419685E0));
#3194=DIRECTION('',(-3.489949670250E-2,0.E0,-9.993908270191E-1));
#3195=DIRECTION('',(9.993908270191E-1,0.E0,-3.489949670250E-2));
#3196=AXIS2_PLACEMENT_3D('',#3193,#3194,#3195);
#3197=PLANE('',#3196);
#3199=ORIENTED_EDGE('',*,*,#3198,.F.);
#3200=ORIENTED_EDGE('',*,*,#2633,.F.);
#3201=ORIENTED_EDGE('',*,*,#3187,.F.);
#3202=ORIENTED_EDGE('',*,*,#3048,.F.);
#3203=EDGE_LOOP('',(#3199,#3200,#3201,#3202));
#3204=FACE_OUTER_BOUND('',#3203,.F.);
#3206=CARTESIAN_POINT('',(1.308891568110E0,6.69476E0,-1.307403098868E0));
#3207=DIRECTION('',(0.E0,-1.E0,0.E0));
#3208=DIRECTION('',(-7.075089557354E-1,0.E0,7.067043777664E-1));
#3209=AXIS2_PLACEMENT_3D('',#3206,#3207,#3208);
#3210=CYLINDRICAL_SURFACE('',#3209,1.E-1);
#3211=ORIENTED_EDGE('',*,*,#2637,.F.);
#3212=ORIENTED_EDGE('',*,*,#2635,.F.);
#3213=ORIENTED_EDGE('',*,*,#3198,.T.);
#3214=ORIENTED_EDGE('',*,*,#3046,.F.);
#3215=ORIENTED_EDGE('',*,*,#3044,.F.);
#3217=ORIENTED_EDGE('',*,*,#3216,.T.);
#3218=EDGE_LOOP('',(#3211,#3212,#3213,#3214,#3215,#3217));
#3219=FACE_OUTER_BOUND('',#3218,.F.);
#3221=CARTESIAN_POINT('',(1.216731062058E0,-2.75E0,-1.533642339642E0));
#3222=DIRECTION('',(9.993908270191E-1,0.E0,3.489949670250E-2));
#3223=DIRECTION('',(-3.489949670250E-2,0.E0,9.993908270191E-1));
#3224=AXIS2_PLACEMENT_3D('',#3221,#3222,#3223);
#3225=PLANE('',#3224);
#3226=ORIENTED_EDGE('',*,*,#3216,.F.);
#3227=ORIENTED_EDGE('',*,*,#3042,.F.);
#3229=ORIENTED_EDGE('',*,*,#3228,.F.);
#3230=ORIENTED_EDGE('',*,*,#2639,.F.);
#3231=EDGE_LOOP('',(#3226,#3227,#3229,#3230));
#3232=FACE_OUTER_BOUND('',#3231,.F.);
#3234=CARTESIAN_POINT('',(1.116791979356E0,-2.75E0,-1.537132289312E0));
#3235=DIRECTION('',(0.E0,-1.E0,0.E0));
#3236=DIRECTION('',(-8.090169943749E-1,0.E0,-5.877852522925E-1));
#3237=AXIS2_PLACEMENT_3D('',#3234,#3235,#3236);
#3238=CYLINDRICAL_SURFACE('',#3237,1.E-1);
#3239=ORIENTED_EDGE('',*,*,#3228,.T.);
#3240=ORIENTED_EDGE('',*,*,#3040,.F.);
#3242=ORIENTED_EDGE('',*,*,#3241,.T.);
#3243=ORIENTED_EDGE('',*,*,#2641,.F.);
#3244=EDGE_LOOP('',(#3239,#3240,#3242,#3243));
#3245=FACE_OUTER_BOUND('',#3244,.F.);
#3247=CARTESIAN_POINT('',(6.391605985804E-1,-2.75E0,-1.469706461006E0));
#3248=DIRECTION('',(-3.420201433257E-1,0.E0,-9.396926207859E-1));
#3249=DIRECTION('',(9.396926207859E-1,0.E0,-3.420201433257E-1));
#3250=AXIS2_PLACEMENT_3D('',#3247,#3248,#3249);
#3251=PLANE('',#3250);
#3253=ORIENTED_EDGE('',*,*,#3252,.F.);
#3254=ORIENTED_EDGE('',*,*,#2643,.F.);
#3255=ORIENTED_EDGE('',*,*,#3241,.F.);
#3256=ORIENTED_EDGE('',*,*,#3038,.F.);
#3257=EDGE_LOOP('',(#3253,#3254,#3255,#3256));
#3258=FACE_OUTER_BOUND('',#3257,.F.);
#3260=CARTESIAN_POINT('',(8.408200789265E-1,6.69476E0,-1.647883974943E0));
#3261=DIRECTION('',(0.E0,-1.E0,0.E0));
#3262=DIRECTION('',(-4.544973399603E-1,0.E0,8.907480945638E-1));
#3263=AXIS2_PLACEMENT_3D('',#3260,#3261,#3262);
#3264=CYLINDRICAL_SURFACE('',#3263,1.E-1);
#3265=ORIENTED_EDGE('',*,*,#2647,.F.);
#3266=ORIENTED_EDGE('',*,*,#2645,.F.);
#3267=ORIENTED_EDGE('',*,*,#3252,.T.);
#3268=ORIENTED_EDGE('',*,*,#3036,.F.);
#3269=ORIENTED_EDGE('',*,*,#3034,.F.);
#3271=ORIENTED_EDGE('',*,*,#3270,.T.);
#3272=EDGE_LOOP('',(#3265,#3266,#3267,#3268,#3269,#3271));
#3273=FACE_OUTER_BOUND('',#3272,.F.);
#3275=CARTESIAN_POINT('',(6.832584589062E-1,-2.75E0,-1.834571116542E0));
#3276=DIRECTION('',(9.612616959383E-1,0.E0,-2.756373558170E-1));
#3277=DIRECTION('',(2.756373558170E-1,0.E0,9.612616959383E-1));
#3278=AXIS2_PLACEMENT_3D('',#3275,#3276,#3277);
#3279=PLANE('',#3278);
#3280=ORIENTED_EDGE('',*,*,#3270,.F.);
#3281=ORIENTED_EDGE('',*,*,#3032,.F.);
#3283=ORIENTED_EDGE('',*,*,#3282,.F.);
#3284=ORIENTED_EDGE('',*,*,#2649,.F.);
#3285=EDGE_LOOP('',(#3280,#3281,#3283,#3284));
#3286=FACE_OUTER_BOUND('',#3285,.F.);
#3288=CARTESIAN_POINT('',(5.871322893124E-1,-2.75E0,-1.807007380961E0));
#3289=DIRECTION('',(0.E0,-1.E0,0.E0));
#3290=DIRECTION('',(-9.510565162952E-1,0.E0,-3.090169943749E-1));
#3291=AXIS2_PLACEMENT_3D('',#3288,#3289,#3290);
#3292=CYLINDRICAL_SURFACE('',#3291,1.E-1);
#3293=ORIENTED_EDGE('',*,*,#3282,.T.);
#3294=ORIENTED_EDGE('',*,*,#3030,.F.);
#3296=ORIENTED_EDGE('',*,*,#3295,.T.);
#3297=ORIENTED_EDGE('',*,*,#2651,.F.);
#3298=EDGE_LOOP('',(#3293,#3294,#3296,#3297));
#3299=FACE_OUTER_BOUND('',#3298,.F.);
#3301=CARTESIAN_POINT('',(1.537135790454E-1,-2.75E0,-1.595285393877E0));
#3302=DIRECTION('',(-6.156614753257E-1,0.E0,-7.880107536067E-1));
#3303=DIRECTION('',(7.880107536067E-1,0.E0,-6.156614753257E-1));
#3304=AXIS2_PLACEMENT_3D('',#3301,#3302,#3303);
#3305=PLANE('',#3304);
#3307=ORIENTED_EDGE('',*,*,#3306,.F.);
#3308=ORIENTED_EDGE('',*,*,#2653,.F.);
#3309=ORIENTED_EDGE('',*,*,#3295,.F.);
#3310=ORIENTED_EDGE('',*,*,#3028,.F.);
#3311=EDGE_LOOP('',(#3307,#3308,#3309,#3310));
#3312=FACE_OUTER_BOUND('',#3311,.F.);
#3314=CARTESIAN_POINT('',(2.904432620794E-1,6.69476E0,-1.827058486068E0));
#3315=DIRECTION('',(0.E0,-1.E0,0.E0));
#3316=DIRECTION('',(-1.569963578807E-1,0.E0,9.875991816583E-1));
#3317=AXIS2_PLACEMENT_3D('',#3314,#3315,#3316);
#3318=CYLINDRICAL_SURFACE('',#3317,1.E-1);
#3319=ORIENTED_EDGE('',*,*,#2657,.F.);
#3320=ORIENTED_EDGE('',*,*,#2655,.F.);
#3321=ORIENTED_EDGE('',*,*,#3306,.T.);
#3322=ORIENTED_EDGE('',*,*,#3026,.F.);
#3323=ORIENTED_EDGE('',*,*,#3024,.F.);
#3325=ORIENTED_EDGE('',*,*,#3324,.T.);
#3326=EDGE_LOOP('',(#3319,#3320,#3321,#3322,#3323,#3325));
#3327=FACE_OUTER_BOUND('',#3326,.F.);
#3329=CARTESIAN_POINT('',(8.290375725550E-2,-2.75E0,-1.955919290347E0));
#3330=DIRECTION('',(8.290375725551E-1,0.E0,-5.591929034707E-1));
#3331=DIRECTION('',(5.591929034707E-1,0.E0,8.290375725551E-1));
#3332=AXIS2_PLACEMENT_3D('',#3329,#3330,#3331);
#3333=PLANE('',#3332);
#3334=ORIENTED_EDGE('',*,*,#3324,.F.);
#3335=ORIENTED_EDGE('',*,*,#3022,.F.);
#3337=ORIENTED_EDGE('',*,*,#3336,.F.);
#3338=ORIENTED_EDGE('',*,*,#2659,.F.);
#3339=EDGE_LOOP('',(#3334,#3335,#3337,#3338));
#3340=FACE_OUTER_BOUND('',#3339,.F.);
#3342=CARTESIAN_POINT('',(0.E0,-2.75E0,-1.9E0));
#3343=DIRECTION('',(0.E0,-1.E0,0.E0));
#3344=DIRECTION('',(-1.E0,0.E0,0.E0));
#3345=AXIS2_PLACEMENT_3D('',#3342,#3343,#3344);
#3346=CYLINDRICAL_SURFACE('',#3345,1.E-1);
#3347=ORIENTED_EDGE('',*,*,#3336,.T.);
#3348=ORIENTED_EDGE('',*,*,#3020,.F.);
#3350=ORIENTED_EDGE('',*,*,#3349,.T.);
#3351=ORIENTED_EDGE('',*,*,#2661,.F.);
#3352=EDGE_LOOP('',(#3347,#3348,#3350,#3351));
#3353=FACE_OUTER_BOUND('',#3352,.F.);
#3355=CARTESIAN_POINT('',(-3.467799965921E-1,-2.75E0,-1.564706677389E0));
#3356=DIRECTION('',(-8.290375725550E-1,0.E0,-5.591929034708E-1));
#3357=DIRECTION('',(5.591929034708E-1,0.E0,-8.290375725550E-1));
#3358=AXIS2_PLACEMENT_3D('',#3355,#3356,#3357);
#3359=PLANE('',#3358);
#3361=ORIENTED_EDGE('',*,*,#3360,.F.);
#3362=ORIENTED_EDGE('',*,*,#2663,.F.);
#3363=ORIENTED_EDGE('',*,*,#3349,.F.);
#3364=ORIENTED_EDGE('',*,*,#3018,.F.);
#3365=EDGE_LOOP('',(#3361,#3362,#3363,#3364));
#3366=FACE_OUTER_BOUND('',#3365,.F.);
#3368=CARTESIAN_POINT('',(-2.883641648973E-1,6.69476E0,-1.827387782711E0));
#3369=DIRECTION('',(0.E0,-1.E0,0.E0));
#3370=DIRECTION('',(1.558725215661E-1,0.E0,9.877771798440E-1));
#3371=AXIS2_PLACEMENT_3D('',#3368,#3369,#3370);
#3372=CYLINDRICAL_SURFACE('',#3371,1.E-1);
#3373=ORIENTED_EDGE('',*,*,#2667,.F.);
#3374=ORIENTED_EDGE('',*,*,#2665,.F.);
#3375=ORIENTED_EDGE('',*,*,#3360,.T.);
#3376=ORIENTED_EDGE('',*,*,#3016,.F.);
#3377=ORIENTED_EDGE('',*,*,#3014,.F.);
#3379=ORIENTED_EDGE('',*,*,#3378,.T.);
#3380=EDGE_LOOP('',(#3373,#3374,#3375,#3376,#3377,#3379));
#3381=FACE_OUTER_BOUND('',#3380,.F.);
#3383=CARTESIAN_POINT('',(-5.255661417798E-1,-2.75E0,-1.885808456321E0));
#3384=DIRECTION('',(6.156614753257E-1,0.E0,-7.880107536067E-1));
#3385=DIRECTION('',(7.880107536067E-1,0.E0,6.156614753257E-1));
#3386=AXIS2_PLACEMENT_3D('',#3383,#3384,#3385);
#3387=PLANE('',#3386);
#3388=ORIENTED_EDGE('',*,*,#3378,.F.);
#3389=ORIENTED_EDGE('',*,*,#3012,.F.);
#3391=ORIENTED_EDGE('',*,*,#3390,.F.);
#3392=ORIENTED_EDGE('',*,*,#2669,.F.);
#3393=EDGE_LOOP('',(#3388,#3389,#3391,#3392));
#3394=FACE_OUTER_BOUND('',#3393,.F.);
#3396=CARTESIAN_POINT('',(-5.871322893124E-1,-2.75E0,-1.807007380961E0));
#3397=DIRECTION('',(0.E0,-1.E0,0.E0));
#3398=DIRECTION('',(-9.510565162952E-1,0.E0,3.090169943749E-1));
#3399=AXIS2_PLACEMENT_3D('',#3396,#3397,#3398);
#3400=CYLINDRICAL_SURFACE('',#3399,1.E-1);
#3401=ORIENTED_EDGE('',*,*,#3390,.T.);
#3402=ORIENTED_EDGE('',*,*,#3010,.F.);
#3404=ORIENTED_EDGE('',*,*,#3403,.T.);
#3405=ORIENTED_EDGE('',*,*,#2671,.F.);
#3406=EDGE_LOOP('',(#3401,#3402,#3404,#3405));
#3407=FACE_OUTER_BOUND('',#3406,.F.);
#3409=CARTESIAN_POINT('',(-8.133283300048E-1,-2.75E0,-1.380963569365E0));
#3410=DIRECTION('',(-9.612616959383E-1,0.E0,-2.756373558170E-1));
#3411=DIRECTION('',(2.756373558170E-1,0.E0,-9.612616959383E-1));
#3412=AXIS2_PLACEMENT_3D('',#3409,#3410,#3411);
#3413=PLANE('',#3412);
#3415=ORIENTED_EDGE('',*,*,#3414,.F.);
#3416=ORIENTED_EDGE('',*,*,#2673,.F.);
#3417=ORIENTED_EDGE('',*,*,#3403,.F.);
#3418=ORIENTED_EDGE('',*,*,#3008,.F.);
#3419=EDGE_LOOP('',(#3415,#3416,#3417,#3418));
#3420=FACE_OUTER_BOUND('',#3419,.F.);
#3422=CARTESIAN_POINT('',(-8.389444982626E-1,6.69476E0,-1.648839631024E0));
#3423=DIRECTION('',(0.E0,-1.E0,0.E0));
#3424=DIRECTION('',(4.534835125744E-1,0.E0,8.912646654183E-1));
#3425=AXIS2_PLACEMENT_3D('',#3422,#3423,#3424);
#3426=CYLINDRICAL_SURFACE('',#3425,1.E-1);
#3427=ORIENTED_EDGE('',*,*,#2677,.F.);
#3428=ORIENTED_EDGE('',*,*,#2675,.F.);
#3429=ORIENTED_EDGE('',*,*,#3414,.T.);
#3430=ORIENTED_EDGE('',*,*,#3006,.F.);
#3431=ORIENTED_EDGE('',*,*,#3004,.F.);
#3433=ORIENTED_EDGE('',*,*,#3432,.T.);
#3434=EDGE_LOOP('',(#3427,#3428,#3429,#3430,#3431,#3433));
#3435=FACE_OUTER_BOUND('',#3434,.F.);
#3437=CARTESIAN_POINT('',(-1.082589965023E0,-2.75E0,-1.631101551391E0));
#3438=DIRECTION('',(3.420201433257E-1,0.E0,-9.396926207859E-1));
#3439=DIRECTION('',(9.396926207859E-1,0.E0,3.420201433257E-1));
#3440=AXIS2_PLACEMENT_3D('',#3437,#3438,#3439);
#3441=PLANE('',#3440);
#3442=ORIENTED_EDGE('',*,*,#3432,.F.);
#3443=ORIENTED_EDGE('',*,*,#3002,.F.);
#3445=ORIENTED_EDGE('',*,*,#3444,.F.);
#3446=ORIENTED_EDGE('',*,*,#2679,.F.);
#3447=EDGE_LOOP('',(#3442,#3443,#3445,#3446));
#3448=FACE_OUTER_BOUND('',#3447,.F.);
#3450=CARTESIAN_POINT('',(-1.116791979356E0,-2.75E0,-1.537132289312E0));
#3451=DIRECTION('',(0.E0,-1.E0,0.E0));
#3452=DIRECTION('',(-8.090169943749E-1,0.E0,5.877852522925E-1));
#3453=AXIS2_PLACEMENT_3D('',#3450,#3451,#3452);
#3454=CYLINDRICAL_SURFACE('',#3453,1.E-1);
#3455=ORIENTED_EDGE('',*,*,#3444,.T.);
#3456=ORIENTED_EDGE('',*,*,#3000,.F.);
#3458=ORIENTED_EDGE('',*,*,#3457,.T.);
#3459=ORIENTED_EDGE('',*,*,#2681,.F.);
#3460=EDGE_LOOP('',(#3455,#3456,#3458,#3459));
#3461=FACE_OUTER_BOUND('',#3460,.F.);
#3463=CARTESIAN_POINT('',(-1.200262419685E0,-2.75E0,-1.062042125433E0));
#3464=DIRECTION('',(-9.993908270191E-1,0.E0,3.489949670250E-2));
#3465=DIRECTION('',(-3.489949670250E-2,0.E0,-9.993908270191E-1));
#3466=AXIS2_PLACEMENT_3D('',#3463,#3464,#3465);
#3467=PLANE('',#3466);
#3469=ORIENTED_EDGE('',*,*,#3468,.F.);
#3470=ORIENTED_EDGE('',*,*,#2683,.F.);
#3471=ORIENTED_EDGE('',*,*,#3457,.F.);
#3472=ORIENTED_EDGE('',*,*,#2998,.F.);
#3473=EDGE_LOOP('',(#3469,#3470,#3471,#3472));
#3474=FACE_OUTER_BOUND('',#3473,.F.);
#3476=CARTESIAN_POINT('',(-1.307403098868E0,6.69476E0,-1.308891568110E0));
#3477=DIRECTION('',(0.E0,-1.E0,0.E0));
#3478=DIRECTION('',(7.067043777664E-1,0.E0,7.075089557354E-1));
#3479=AXIS2_PLACEMENT_3D('',#3476,#3477,#3478);
#3480=CYLINDRICAL_SURFACE('',#3479,1.E-1);
#3481=ORIENTED_EDGE('',*,*,#2687,.F.);
#3482=ORIENTED_EDGE('',*,*,#2685,.F.);
#3483=ORIENTED_EDGE('',*,*,#3468,.T.);
#3484=ORIENTED_EDGE('',*,*,#2996,.F.);
#3485=ORIENTED_EDGE('',*,*,#2994,.F.);
#3487=ORIENTED_EDGE('',*,*,#3486,.T.);
#3488=EDGE_LOOP('',(#3481,#3482,#3483,#3484,#3485,#3487));
#3489=FACE_OUTER_BOUND('',#3488,.F.);
#3491=CARTESIAN_POINT('',(-1.533642339642E0,-2.75E0,-1.216731062058E0));
#3492=DIRECTION('',(3.489949670250E-2,0.E0,-9.993908270191E-1));
#3493=DIRECTION('',(9.993908270191E-1,0.E0,3.489949670250E-2));
#3494=AXIS2_PLACEMENT_3D('',#3491,#3492,#3493);
#3495=PLANE('',#3494);
#3496=ORIENTED_EDGE('',*,*,#3486,.F.);
#3497=ORIENTED_EDGE('',*,*,#2992,.F.);
#3499=ORIENTED_EDGE('',*,*,#3498,.F.);
#3500=ORIENTED_EDGE('',*,*,#2689,.F.);
#3501=EDGE_LOOP('',(#3496,#3497,#3499,#3500));
#3502=FACE_OUTER_BOUND('',#3501,.F.);
#3504=CARTESIAN_POINT('',(-1.537132289312E0,-2.75E0,-1.116791979356E0));
#3505=DIRECTION('',(0.E0,-1.E0,0.E0));
#3506=DIRECTION('',(-5.877852522925E-1,0.E0,8.090169943749E-1));
#3507=AXIS2_PLACEMENT_3D('',#3504,#3505,#3506);
#3508=CYLINDRICAL_SURFACE('',#3507,1.E-1);
#3509=ORIENTED_EDGE('',*,*,#3498,.T.);
#3510=ORIENTED_EDGE('',*,*,#2990,.F.);
#3512=ORIENTED_EDGE('',*,*,#3511,.T.);
#3513=ORIENTED_EDGE('',*,*,#2691,.F.);
#3514=EDGE_LOOP('',(#3509,#3510,#3512,#3513));
#3515=FACE_OUTER_BOUND('',#3514,.F.);
#3517=CARTESIAN_POINT('',(-1.469706461006E0,-2.75E0,-6.391605985804E-1));
#3518=DIRECTION('',(-9.396926207859E-1,0.E0,3.420201433257E-1));
#3519=DIRECTION('',(-3.420201433257E-1,0.E0,-9.396926207859E-1));
#3520=AXIS2_PLACEMENT_3D('',#3517,#3518,#3519);
#3521=PLANE('',#3520);
#3523=ORIENTED_EDGE('',*,*,#3522,.F.);
#3524=ORIENTED_EDGE('',*,*,#2693,.F.);
#3525=ORIENTED_EDGE('',*,*,#3511,.F.);
#3526=ORIENTED_EDGE('',*,*,#2988,.F.);
#3527=EDGE_LOOP('',(#3523,#3524,#3525,#3526));
#3528=FACE_OUTER_BOUND('',#3527,.F.);
#3530=CARTESIAN_POINT('',(-1.647883974943E0,6.69476E0,-8.408200789265E-1));
#3531=DIRECTION('',(0.E0,-1.E0,0.E0));
#3532=DIRECTION('',(8.907480945638E-1,0.E0,4.544973399603E-1));
#3533=AXIS2_PLACEMENT_3D('',#3530,#3531,#3532);
#3534=CYLINDRICAL_SURFACE('',#3533,1.E-1);
#3535=ORIENTED_EDGE('',*,*,#2697,.F.);
#3536=ORIENTED_EDGE('',*,*,#2695,.F.);
#3537=ORIENTED_EDGE('',*,*,#3522,.T.);
#3538=ORIENTED_EDGE('',*,*,#2986,.F.);
#3539=ORIENTED_EDGE('',*,*,#2984,.F.);
#3541=ORIENTED_EDGE('',*,*,#3540,.T.);
#3542=EDGE_LOOP('',(#3535,#3536,#3537,#3538,#3539,#3541));
#3543=FACE_OUTER_BOUND('',#3542,.F.);
#3545=CARTESIAN_POINT('',(-1.834571116542E0,-2.75E0,-6.832584589062E-1));
#3546=DIRECTION('',(-2.756373558170E-1,0.E0,-9.612616959383E-1));
#3547=DIRECTION('',(9.612616959383E-1,0.E0,-2.756373558170E-1));
#3548=AXIS2_PLACEMENT_3D('',#3545,#3546,#3547);
#3549=PLANE('',#3548);
#3550=ORIENTED_EDGE('',*,*,#3540,.F.);
#3551=ORIENTED_EDGE('',*,*,#2982,.F.);
#3553=ORIENTED_EDGE('',*,*,#3552,.F.);
#3554=ORIENTED_EDGE('',*,*,#2699,.F.);
#3555=EDGE_LOOP('',(#3550,#3551,#3553,#3554));
#3556=FACE_OUTER_BOUND('',#3555,.F.);
#3558=CARTESIAN_POINT('',(-1.807007380961E0,-2.75E0,-5.871322893124E-1));
#3559=DIRECTION('',(0.E0,-1.E0,0.E0));
#3560=DIRECTION('',(-3.090169943749E-1,0.E0,9.510565162952E-1));
#3561=AXIS2_PLACEMENT_3D('',#3558,#3559,#3560);
#3562=CYLINDRICAL_SURFACE('',#3561,1.E-1);
#3563=ORIENTED_EDGE('',*,*,#3552,.T.);
#3564=ORIENTED_EDGE('',*,*,#2980,.F.);
#3566=ORIENTED_EDGE('',*,*,#3565,.T.);
#3567=ORIENTED_EDGE('',*,*,#2701,.F.);
#3568=EDGE_LOOP('',(#3563,#3564,#3566,#3567));
#3569=FACE_OUTER_BOUND('',#3568,.F.);
#3571=CARTESIAN_POINT('',(-1.595285393877E0,-2.75E0,-1.537135790454E-1));
#3572=DIRECTION('',(-7.880107536067E-1,0.E0,6.156614753257E-1));
#3573=DIRECTION('',(-6.156614753257E-1,0.E0,-7.880107536067E-1));
#3574=AXIS2_PLACEMENT_3D('',#3571,#3572,#3573);
#3575=PLANE('',#3574);
#3577=ORIENTED_EDGE('',*,*,#3576,.F.);
#3578=ORIENTED_EDGE('',*,*,#2703,.F.);
#3579=ORIENTED_EDGE('',*,*,#3565,.F.);
#3580=ORIENTED_EDGE('',*,*,#2978,.F.);
#3581=EDGE_LOOP('',(#3577,#3578,#3579,#3580));
#3582=FACE_OUTER_BOUND('',#3581,.F.);
#3584=CARTESIAN_POINT('',(-1.827058486068E0,6.69476E0,-2.904432620794E-1));
#3585=DIRECTION('',(0.E0,-1.E0,0.E0));
#3586=DIRECTION('',(9.875991816583E-1,0.E0,1.569963578807E-1));
#3587=AXIS2_PLACEMENT_3D('',#3584,#3585,#3586);
#3588=CYLINDRICAL_SURFACE('',#3587,1.E-1);
#3589=ORIENTED_EDGE('',*,*,#2707,.F.);
#3590=ORIENTED_EDGE('',*,*,#2705,.F.);
#3591=ORIENTED_EDGE('',*,*,#3576,.T.);
#3592=ORIENTED_EDGE('',*,*,#2976,.F.);
#3593=ORIENTED_EDGE('',*,*,#2974,.F.);
#3595=ORIENTED_EDGE('',*,*,#3594,.T.);
#3596=EDGE_LOOP('',(#3589,#3590,#3591,#3592,#3593,#3595));
#3597=FACE_OUTER_BOUND('',#3596,.F.);
#3599=CARTESIAN_POINT('',(-1.955919290347E0,-2.75E0,-8.290375725550E-2));
#3600=DIRECTION('',(-5.591929034707E-1,0.E0,-8.290375725551E-1));
#3601=DIRECTION('',(8.290375725551E-1,0.E0,-5.591929034707E-1));
#3602=AXIS2_PLACEMENT_3D('',#3599,#3600,#3601);
#3603=PLANE('',#3602);
#3604=ORIENTED_EDGE('',*,*,#3594,.F.);
#3605=ORIENTED_EDGE('',*,*,#2972,.F.);
#3607=ORIENTED_EDGE('',*,*,#3606,.F.);
#3608=ORIENTED_EDGE('',*,*,#2709,.F.);
#3609=EDGE_LOOP('',(#3604,#3605,#3607,#3608));
#3610=FACE_OUTER_BOUND('',#3609,.F.);
#3612=CARTESIAN_POINT('',(-1.9E0,-2.75E0,0.E0));
#3613=DIRECTION('',(0.E0,-1.E0,0.E0));
#3614=DIRECTION('',(0.E0,0.E0,1.E0));
#3615=AXIS2_PLACEMENT_3D('',#3612,#3613,#3614);
#3616=CYLINDRICAL_SURFACE('',#3615,1.E-1);
#3617=ORIENTED_EDGE('',*,*,#3606,.T.);
#3618=ORIENTED_EDGE('',*,*,#2970,.F.);
#3620=ORIENTED_EDGE('',*,*,#3619,.T.);
#3621=ORIENTED_EDGE('',*,*,#2711,.F.);
#3622=EDGE_LOOP('',(#3617,#3618,#3620,#3621));
#3623=FACE_OUTER_BOUND('',#3622,.F.);
#3625=CARTESIAN_POINT('',(-1.564706677389E0,-2.75E0,3.467799965921E-1));
#3626=DIRECTION('',(-5.591929034708E-1,0.E0,8.290375725550E-1));
#3627=DIRECTION('',(-8.290375725550E-1,0.E0,-5.591929034708E-1));
#3628=AXIS2_PLACEMENT_3D('',#3625,#3626,#3627);
#3629=PLANE('',#3628);
#3631=ORIENTED_EDGE('',*,*,#3630,.F.);
#3632=ORIENTED_EDGE('',*,*,#2713,.F.);
#3633=ORIENTED_EDGE('',*,*,#3619,.F.);
#3634=ORIENTED_EDGE('',*,*,#2968,.F.);
#3635=EDGE_LOOP('',(#3631,#3632,#3633,#3634));
#3636=FACE_OUTER_BOUND('',#3635,.F.);
#3638=CARTESIAN_POINT('',(-1.827387782711E0,6.69476E0,2.883641648973E-1));
#3639=DIRECTION('',(0.E0,-1.E0,0.E0));
#3640=DIRECTION('',(9.877771798440E-1,0.E0,-1.558725215661E-1));
#3641=AXIS2_PLACEMENT_3D('',#3638,#3639,#3640);
#3642=CYLINDRICAL_SURFACE('',#3641,1.E-1);
#3643=ORIENTED_EDGE('',*,*,#2717,.F.);
#3644=ORIENTED_EDGE('',*,*,#2715,.F.);
#3645=ORIENTED_EDGE('',*,*,#3630,.T.);
#3646=ORIENTED_EDGE('',*,*,#2966,.F.);
#3647=ORIENTED_EDGE('',*,*,#2964,.F.);
#3649=ORIENTED_EDGE('',*,*,#3648,.T.);
#3650=EDGE_LOOP('',(#3643,#3644,#3645,#3646,#3647,#3649));
#3651=FACE_OUTER_BOUND('',#3650,.F.);
#3653=CARTESIAN_POINT('',(-1.885808456321E0,-2.75E0,5.255661417798E-1));
#3654=DIRECTION('',(-7.880107536067E-1,0.E0,-6.156614753257E-1));
#3655=DIRECTION('',(6.156614753257E-1,0.E0,-7.880107536067E-1));
#3656=AXIS2_PLACEMENT_3D('',#3653,#3654,#3655);
#3657=PLANE('',#3656);
#3658=ORIENTED_EDGE('',*,*,#3648,.F.);
#3659=ORIENTED_EDGE('',*,*,#2962,.F.);
#3661=ORIENTED_EDGE('',*,*,#3660,.F.);
#3662=ORIENTED_EDGE('',*,*,#2719,.F.);
#3663=EDGE_LOOP('',(#3658,#3659,#3661,#3662));
#3664=FACE_OUTER_BOUND('',#3663,.F.);
#3666=CARTESIAN_POINT('',(-1.807007380961E0,-2.75E0,5.871322893124E-1));
#3667=DIRECTION('',(0.E0,-1.E0,0.E0));
#3668=DIRECTION('',(3.090169943749E-1,0.E0,9.510565162952E-1));
#3669=AXIS2_PLACEMENT_3D('',#3666,#3667,#3668);
#3670=CYLINDRICAL_SURFACE('',#3669,1.E-1);
#3671=ORIENTED_EDGE('',*,*,#3660,.T.);
#3672=ORIENTED_EDGE('',*,*,#2960,.F.);
#3674=ORIENTED_EDGE('',*,*,#3673,.T.);
#3675=ORIENTED_EDGE('',*,*,#2721,.F.);
#3676=EDGE_LOOP('',(#3671,#3672,#3674,#3675));
#3677=FACE_OUTER_BOUND('',#3676,.F.);
#3679=CARTESIAN_POINT('',(-1.380963569365E0,-2.75E0,8.133283300048E-1));
#3680=DIRECTION('',(-2.756373558170E-1,0.E0,9.612616959383E-1));
#3681=DIRECTION('',(-9.612616959383E-1,0.E0,-2.756373558170E-1));
#3682=AXIS2_PLACEMENT_3D('',#3679,#3680,#3681);
#3683=PLANE('',#3682);
#3685=ORIENTED_EDGE('',*,*,#3684,.F.);
#3686=ORIENTED_EDGE('',*,*,#2723,.F.);
#3687=ORIENTED_EDGE('',*,*,#3673,.F.);
#3688=ORIENTED_EDGE('',*,*,#2958,.F.);
#3689=EDGE_LOOP('',(#3685,#3686,#3687,#3688));
#3690=FACE_OUTER_BOUND('',#3689,.F.);
#3692=CARTESIAN_POINT('',(-1.648839631024E0,6.69476E0,8.389444982626E-1));
#3693=DIRECTION('',(0.E0,-1.E0,0.E0));
#3694=DIRECTION('',(8.912646654183E-1,0.E0,-4.534835125744E-1));
#3695=AXIS2_PLACEMENT_3D('',#3692,#3693,#3694);
#3696=CYLINDRICAL_SURFACE('',#3695,1.E-1);
#3697=ORIENTED_EDGE('',*,*,#2727,.F.);
#3698=ORIENTED_EDGE('',*,*,#2725,.F.);
#3699=ORIENTED_EDGE('',*,*,#3684,.T.);
#3700=ORIENTED_EDGE('',*,*,#2956,.F.);
#3701=ORIENTED_EDGE('',*,*,#2954,.F.);
#3703=ORIENTED_EDGE('',*,*,#3702,.T.);
#3704=EDGE_LOOP('',(#3697,#3698,#3699,#3700,#3701,#3703));
#3705=FACE_OUTER_BOUND('',#3704,.F.);
#3707=CARTESIAN_POINT('',(-1.631101551391E0,-2.75E0,1.082589965023E0));
#3708=DIRECTION('',(-9.396926207859E-1,0.E0,-3.420201433257E-1));
#3709=DIRECTION('',(3.420201433257E-1,0.E0,-9.396926207859E-1));
#3710=AXIS2_PLACEMENT_3D('',#3707,#3708,#3709);
#3711=PLANE('',#3710);
#3712=ORIENTED_EDGE('',*,*,#3702,.F.);
#3713=ORIENTED_EDGE('',*,*,#2952,.F.);
#3715=ORIENTED_EDGE('',*,*,#3714,.F.);
#3716=ORIENTED_EDGE('',*,*,#2729,.F.);
#3717=EDGE_LOOP('',(#3712,#3713,#3715,#3716));
#3718=FACE_OUTER_BOUND('',#3717,.F.);
#3720=CARTESIAN_POINT('',(-1.537132289312E0,-2.75E0,1.116791979356E0));
#3721=DIRECTION('',(0.E0,-1.E0,0.E0));
#3722=DIRECTION('',(5.877852522925E-1,0.E0,8.090169943749E-1));
#3723=AXIS2_PLACEMENT_3D('',#3720,#3721,#3722);
#3724=CYLINDRICAL_SURFACE('',#3723,1.E-1);
#3725=ORIENTED_EDGE('',*,*,#3714,.T.);
#3726=ORIENTED_EDGE('',*,*,#2950,.F.);
#3728=ORIENTED_EDGE('',*,*,#3727,.T.);
#3729=ORIENTED_EDGE('',*,*,#2731,.F.);
#3730=EDGE_LOOP('',(#3725,#3726,#3728,#3729));
#3731=FACE_OUTER_BOUND('',#3730,.F.);
#3733=CARTESIAN_POINT('',(-1.062042125433E0,-2.75E0,1.200262419685E0));
#3734=DIRECTION('',(3.489949670250E-2,0.E0,9.993908270191E-1));
#3735=DIRECTION('',(-9.993908270191E-1,0.E0,3.489949670250E-2));
#3736=AXIS2_PLACEMENT_3D('',#3733,#3734,#3735);
#3737=PLANE('',#3736);
#3739=ORIENTED_EDGE('',*,*,#3738,.F.);
#3740=ORIENTED_EDGE('',*,*,#2733,.F.);
#3741=ORIENTED_EDGE('',*,*,#3727,.F.);
#3742=ORIENTED_EDGE('',*,*,#2948,.F.);
#3743=EDGE_LOOP('',(#3739,#3740,#3741,#3742));
#3744=FACE_OUTER_BOUND('',#3743,.F.);
#3746=CARTESIAN_POINT('',(-1.308891568110E0,6.69476E0,1.307403098868E0));
#3747=DIRECTION('',(0.E0,-1.E0,0.E0));
#3748=DIRECTION('',(7.075089557354E-1,0.E0,-7.067043777664E-1));
#3749=AXIS2_PLACEMENT_3D('',#3746,#3747,#3748);
#3750=CYLINDRICAL_SURFACE('',#3749,1.E-1);
#3751=ORIENTED_EDGE('',*,*,#2737,.F.);
#3752=ORIENTED_EDGE('',*,*,#2735,.F.);
#3753=ORIENTED_EDGE('',*,*,#3738,.T.);
#3754=ORIENTED_EDGE('',*,*,#2946,.F.);
#3755=ORIENTED_EDGE('',*,*,#2944,.F.);
#3757=ORIENTED_EDGE('',*,*,#3756,.T.);
#3758=EDGE_LOOP('',(#3751,#3752,#3753,#3754,#3755,#3757));
#3759=FACE_OUTER_BOUND('',#3758,.F.);
#3761=CARTESIAN_POINT('',(-1.216731062058E0,-2.75E0,1.533642339642E0));
#3762=DIRECTION('',(-9.993908270191E-1,0.E0,-3.489949670250E-2));
#3763=DIRECTION('',(3.489949670250E-2,0.E0,-9.993908270191E-1));
#3764=AXIS2_PLACEMENT_3D('',#3761,#3762,#3763);
#3765=PLANE('',#3764);
#3766=ORIENTED_EDGE('',*,*,#3756,.F.);
#3767=ORIENTED_EDGE('',*,*,#2942,.F.);
#3769=ORIENTED_EDGE('',*,*,#3768,.F.);
#3770=ORIENTED_EDGE('',*,*,#2739,.F.);
#3771=EDGE_LOOP('',(#3766,#3767,#3769,#3770));
#3772=FACE_OUTER_BOUND('',#3771,.F.);
#3774=CARTESIAN_POINT('',(-1.116791979356E0,-2.75E0,1.537132289312E0));
#3775=DIRECTION('',(0.E0,-1.E0,0.E0));
#3776=DIRECTION('',(8.090169943749E-1,0.E0,5.877852522925E-1));
#3777=AXIS2_PLACEMENT_3D('',#3774,#3775,#3776);
#3778=CYLINDRICAL_SURFACE('',#3777,1.E-1);
#3779=ORIENTED_EDGE('',*,*,#3768,.T.);
#3780=ORIENTED_EDGE('',*,*,#2940,.F.);
#3782=ORIENTED_EDGE('',*,*,#3781,.T.);
#3783=ORIENTED_EDGE('',*,*,#2741,.F.);
#3784=EDGE_LOOP('',(#3779,#3780,#3782,#3783));
#3785=FACE_OUTER_BOUND('',#3784,.F.);
#3787=CARTESIAN_POINT('',(-6.391605985804E-1,-2.75E0,1.469706461006E0));
#3788=DIRECTION('',(3.420201433257E-1,0.E0,9.396926207859E-1));
#3789=DIRECTION('',(-9.396926207859E-1,0.E0,3.420201433257E-1));
#3790=AXIS2_PLACEMENT_3D('',#3787,#3788,#3789);
#3791=PLANE('',#3790);
#3793=ORIENTED_EDGE('',*,*,#3792,.F.);
#3794=ORIENTED_EDGE('',*,*,#2743,.F.);
#3795=ORIENTED_EDGE('',*,*,#3781,.F.);
#3796=ORIENTED_EDGE('',*,*,#2938,.F.);
#3797=EDGE_LOOP('',(#3793,#3794,#3795,#3796));
#3798=FACE_OUTER_BOUND('',#3797,.F.);
#3800=CARTESIAN_POINT('',(-8.408200789265E-1,6.69476E0,1.647883974943E0));
#3801=DIRECTION('',(0.E0,-1.E0,0.E0));
#3802=DIRECTION('',(4.544973399603E-1,0.E0,-8.907480945638E-1));
#3803=AXIS2_PLACEMENT_3D('',#3800,#3801,#3802);
#3804=CYLINDRICAL_SURFACE('',#3803,1.E-1);
#3805=ORIENTED_EDGE('',*,*,#2747,.F.);
#3806=ORIENTED_EDGE('',*,*,#2745,.F.);
#3807=ORIENTED_EDGE('',*,*,#3792,.T.);
#3808=ORIENTED_EDGE('',*,*,#2936,.F.);
#3809=ORIENTED_EDGE('',*,*,#2934,.F.);
#3811=ORIENTED_EDGE('',*,*,#3810,.T.);
#3812=EDGE_LOOP('',(#3805,#3806,#3807,#3808,#3809,#3811));
#3813=FACE_OUTER_BOUND('',#3812,.F.);
#3815=CARTESIAN_POINT('',(-6.832584589062E-1,-2.75E0,1.834571116542E0));
#3816=DIRECTION('',(-9.612616959383E-1,0.E0,2.756373558170E-1));
#3817=DIRECTION('',(-2.756373558170E-1,0.E0,-9.612616959383E-1));
#3818=AXIS2_PLACEMENT_3D('',#3815,#3816,#3817);
#3819=PLANE('',#3818);
#3820=ORIENTED_EDGE('',*,*,#3810,.F.);
#3821=ORIENTED_EDGE('',*,*,#2932,.F.);
#3823=ORIENTED_EDGE('',*,*,#3822,.F.);
#3824=ORIENTED_EDGE('',*,*,#2749,.F.);
#3825=EDGE_LOOP('',(#3820,#3821,#3823,#3824));
#3826=FACE_OUTER_BOUND('',#3825,.F.);
#3828=CARTESIAN_POINT('',(-5.871322893124E-1,-2.75E0,1.807007380961E0));
#3829=DIRECTION('',(0.E0,-1.E0,0.E0));
#3830=DIRECTION('',(9.510565162952E-1,0.E0,3.090169943749E-1));
#3831=AXIS2_PLACEMENT_3D('',#3828,#3829,#3830);
#3832=CYLINDRICAL_SURFACE('',#3831,1.E-1);
#3833=ORIENTED_EDGE('',*,*,#3822,.T.);
#3834=ORIENTED_EDGE('',*,*,#2930,.F.);
#3836=ORIENTED_EDGE('',*,*,#3835,.T.);
#3837=ORIENTED_EDGE('',*,*,#2751,.F.);
#3838=EDGE_LOOP('',(#3833,#3834,#3836,#3837));
#3839=FACE_OUTER_BOUND('',#3838,.F.);
#3841=CARTESIAN_POINT('',(-1.537135790454E-1,-2.75E0,1.595285393877E0));
#3842=DIRECTION('',(6.156614753257E-1,0.E0,7.880107536067E-1));
#3843=DIRECTION('',(-7.880107536067E-1,0.E0,6.156614753257E-1));
#3844=AXIS2_PLACEMENT_3D('',#3841,#3842,#3843);
#3845=PLANE('',#3844);
#3847=ORIENTED_EDGE('',*,*,#3846,.F.);
#3848=ORIENTED_EDGE('',*,*,#2753,.F.);
#3849=ORIENTED_EDGE('',*,*,#3835,.F.);
#3850=ORIENTED_EDGE('',*,*,#2928,.F.);
#3851=EDGE_LOOP('',(#3847,#3848,#3849,#3850));
#3852=FACE_OUTER_BOUND('',#3851,.F.);
#3854=CARTESIAN_POINT('',(-2.904432620794E-1,6.69476E0,1.827058486068E0));
#3855=DIRECTION('',(0.E0,-1.E0,0.E0));
#3856=DIRECTION('',(1.569963578807E-1,0.E0,-9.875991816583E-1));
#3857=AXIS2_PLACEMENT_3D('',#3854,#3855,#3856);
#3858=CYLINDRICAL_SURFACE('',#3857,1.E-1);
#3859=ORIENTED_EDGE('',*,*,#2757,.F.);
#3860=ORIENTED_EDGE('',*,*,#2755,.F.);
#3861=ORIENTED_EDGE('',*,*,#3846,.T.);
#3862=ORIENTED_EDGE('',*,*,#2926,.F.);
#3863=ORIENTED_EDGE('',*,*,#2924,.F.);
#3865=ORIENTED_EDGE('',*,*,#3864,.T.);
#3866=EDGE_LOOP('',(#3859,#3860,#3861,#3862,#3863,#3865));
#3867=FACE_OUTER_BOUND('',#3866,.F.);
#3869=CARTESIAN_POINT('',(-8.290375725550E-2,-2.75E0,1.955919290347E0));
#3870=DIRECTION('',(-8.290375725551E-1,0.E0,5.591929034707E-1));
#3871=DIRECTION('',(-5.591929034707E-1,0.E0,-8.290375725551E-1));
#3872=AXIS2_PLACEMENT_3D('',#3869,#3870,#3871);
#3873=PLANE('',#3872);
#3874=ORIENTED_EDGE('',*,*,#3864,.F.);
#3875=ORIENTED_EDGE('',*,*,#2922,.F.);
#3877=ORIENTED_EDGE('',*,*,#3876,.F.);
#3878=ORIENTED_EDGE('',*,*,#2759,.F.);
#3879=EDGE_LOOP('',(#3874,#3875,#3877,#3878));
#3880=FACE_OUTER_BOUND('',#3879,.F.);
#3882=CARTESIAN_POINT('',(0.E0,-2.75E0,1.9E0));
#3883=DIRECTION('',(0.E0,-1.E0,0.E0));
#3884=DIRECTION('',(1.E0,0.E0,0.E0));
#3885=AXIS2_PLACEMENT_3D('',#3882,#3883,#3884);
#3886=CYLINDRICAL_SURFACE('',#3885,1.E-1);
#3887=ORIENTED_EDGE('',*,*,#3876,.T.);
#3888=ORIENTED_EDGE('',*,*,#2920,.F.);
#3890=ORIENTED_EDGE('',*,*,#3889,.T.);
#3891=ORIENTED_EDGE('',*,*,#2761,.F.);
#3892=EDGE_LOOP('',(#3887,#3888,#3890,#3891));
#3893=FACE_OUTER_BOUND('',#3892,.F.);
#3895=CARTESIAN_POINT('',(3.467799965921E-1,-2.75E0,1.564706677389E0));
#3896=DIRECTION('',(8.290375725550E-1,0.E0,5.591929034708E-1));
#3897=DIRECTION('',(-5.591929034708E-1,0.E0,8.290375725550E-1));
#3898=AXIS2_PLACEMENT_3D('',#3895,#3896,#3897);
#3899=PLANE('',#3898);
#3901=ORIENTED_EDGE('',*,*,#3900,.F.);
#3902=ORIENTED_EDGE('',*,*,#2763,.F.);
#3903=ORIENTED_EDGE('',*,*,#3889,.F.);
#3904=ORIENTED_EDGE('',*,*,#2918,.F.);
#3905=EDGE_LOOP('',(#3901,#3902,#3903,#3904));
#3906=FACE_OUTER_BOUND('',#3905,.F.);
#3908=CARTESIAN_POINT('',(2.883641648973E-1,6.69476E0,1.827387782711E0));
#3909=DIRECTION('',(0.E0,-1.E0,0.E0));
#3910=DIRECTION('',(-1.558725215661E-1,0.E0,-9.877771798440E-1));
#3911=AXIS2_PLACEMENT_3D('',#3908,#3909,#3910);
#3912=CYLINDRICAL_SURFACE('',#3911,1.E-1);
#3913=ORIENTED_EDGE('',*,*,#2767,.F.);
#3914=ORIENTED_EDGE('',*,*,#2765,.F.);
#3915=ORIENTED_EDGE('',*,*,#3900,.T.);
#3916=ORIENTED_EDGE('',*,*,#2916,.F.);
#3917=ORIENTED_EDGE('',*,*,#2914,.F.);
#3919=ORIENTED_EDGE('',*,*,#3918,.T.);
#3920=EDGE_LOOP('',(#3913,#3914,#3915,#3916,#3917,#3919));
#3921=FACE_OUTER_BOUND('',#3920,.F.);
#3923=CARTESIAN_POINT('',(5.255661417798E-1,-2.75E0,1.885808456321E0));
#3924=DIRECTION('',(-6.156614753257E-1,0.E0,7.880107536067E-1));
#3925=DIRECTION('',(-7.880107536067E-1,0.E0,-6.156614753257E-1));
#3926=AXIS2_PLACEMENT_3D('',#3923,#3924,#3925);
#3927=PLANE('',#3926);
#3928=ORIENTED_EDGE('',*,*,#3918,.F.);
#3929=ORIENTED_EDGE('',*,*,#2912,.F.);
#3931=ORIENTED_EDGE('',*,*,#3930,.F.);
#3932=ORIENTED_EDGE('',*,*,#2769,.F.);
#3933=EDGE_LOOP('',(#3928,#3929,#3931,#3932));
#3934=FACE_OUTER_BOUND('',#3933,.F.);
#3936=CARTESIAN_POINT('',(5.871322893124E-1,-2.75E0,1.807007380961E0));
#3937=DIRECTION('',(0.E0,-1.E0,0.E0));
#3938=DIRECTION('',(9.510565162952E-1,0.E0,-3.090169943749E-1));
#3939=AXIS2_PLACEMENT_3D('',#3936,#3937,#3938);
#3940=CYLINDRICAL_SURFACE('',#3939,1.E-1);
#3941=ORIENTED_EDGE('',*,*,#3930,.T.);
#3942=ORIENTED_EDGE('',*,*,#2910,.F.);
#3944=ORIENTED_EDGE('',*,*,#3943,.T.);
#3945=ORIENTED_EDGE('',*,*,#2771,.F.);
#3946=EDGE_LOOP('',(#3941,#3942,#3944,#3945));
#3947=FACE_OUTER_BOUND('',#3946,.F.);
#3949=CARTESIAN_POINT('',(8.133283300048E-1,-2.75E0,1.380963569365E0));
#3950=DIRECTION('',(9.612616959383E-1,0.E0,2.756373558170E-1));
#3951=DIRECTION('',(-2.756373558170E-1,0.E0,9.612616959383E-1));
#3952=AXIS2_PLACEMENT_3D('',#3949,#3950,#3951);
#3953=PLANE('',#3952);
#3955=ORIENTED_EDGE('',*,*,#3954,.F.);
#3956=ORIENTED_EDGE('',*,*,#2773,.F.);
#3957=ORIENTED_EDGE('',*,*,#3943,.F.);
#3958=ORIENTED_EDGE('',*,*,#2908,.F.);
#3959=EDGE_LOOP('',(#3955,#3956,#3957,#3958));
#3960=FACE_OUTER_BOUND('',#3959,.F.);
#3962=CARTESIAN_POINT('',(8.389444982626E-1,6.69476E0,1.648839631024E0));
#3963=DIRECTION('',(0.E0,-1.E0,0.E0));
#3964=DIRECTION('',(-4.534835125744E-1,0.E0,-8.912646654183E-1));
#3965=AXIS2_PLACEMENT_3D('',#3962,#3963,#3964);
#3966=CYLINDRICAL_SURFACE('',#3965,1.E-1);
#3967=ORIENTED_EDGE('',*,*,#2777,.F.);
#3968=ORIENTED_EDGE('',*,*,#2775,.F.);
#3969=ORIENTED_EDGE('',*,*,#3954,.T.);
#3970=ORIENTED_EDGE('',*,*,#2906,.F.);
#3971=ORIENTED_EDGE('',*,*,#2904,.F.);
#3973=ORIENTED_EDGE('',*,*,#3972,.T.);
#3974=EDGE_LOOP('',(#3967,#3968,#3969,#3970,#3971,#3973));
#3975=FACE_OUTER_BOUND('',#3974,.F.);
#3977=CARTESIAN_POINT('',(1.082589965023E0,-2.75E0,1.631101551391E0));
#3978=DIRECTION('',(-3.420201433257E-1,0.E0,9.396926207859E-1));
#3979=DIRECTION('',(-9.396926207859E-1,0.E0,-3.420201433257E-1));
#3980=AXIS2_PLACEMENT_3D('',#3977,#3978,#3979);
#3981=PLANE('',#3980);
#3982=ORIENTED_EDGE('',*,*,#3972,.F.);
#3983=ORIENTED_EDGE('',*,*,#2902,.F.);
#3985=ORIENTED_EDGE('',*,*,#3984,.F.);
#3986=ORIENTED_EDGE('',*,*,#2779,.F.);
#3987=EDGE_LOOP('',(#3982,#3983,#3985,#3986));
#3988=FACE_OUTER_BOUND('',#3987,.F.);
#3990=CARTESIAN_POINT('',(1.116791979356E0,-2.75E0,1.537132289312E0));
#3991=DIRECTION('',(0.E0,-1.E0,0.E0));
#3992=DIRECTION('',(8.090169943749E-1,0.E0,-5.877852522925E-1));
#3993=AXIS2_PLACEMENT_3D('',#3990,#3991,#3992);
#3994=CYLINDRICAL_SURFACE('',#3993,1.E-1);
#3995=ORIENTED_EDGE('',*,*,#3984,.T.);
#3996=ORIENTED_EDGE('',*,*,#2900,.F.);
#3998=ORIENTED_EDGE('',*,*,#3997,.T.);
#3999=ORIENTED_EDGE('',*,*,#2781,.F.);
#4000=EDGE_LOOP('',(#3995,#3996,#3998,#3999));
#4001=FACE_OUTER_BOUND('',#4000,.F.);
#4003=CARTESIAN_POINT('',(1.200262419685E0,-2.75E0,1.062042125433E0));
#4004=DIRECTION('',(9.993908270191E-1,0.E0,-3.489949670250E-2));
#4005=DIRECTION('',(3.489949670250E-2,0.E0,9.993908270191E-1));
#4006=AXIS2_PLACEMENT_3D('',#4003,#4004,#4005);
#4007=PLANE('',#4006);
#4009=ORIENTED_EDGE('',*,*,#4008,.F.);
#4010=ORIENTED_EDGE('',*,*,#2783,.F.);
#4011=ORIENTED_EDGE('',*,*,#3997,.F.);
#4012=ORIENTED_EDGE('',*,*,#2898,.F.);
#4013=EDGE_LOOP('',(#4009,#4010,#4011,#4012));
#4014=FACE_OUTER_BOUND('',#4013,.F.);
#4016=CARTESIAN_POINT('',(1.307403098868E0,6.69476E0,1.308891568110E0));
#4017=DIRECTION('',(0.E0,-1.E0,0.E0));
#4018=DIRECTION('',(-7.067043777664E-1,0.E0,-7.075089557354E-1));
#4019=AXIS2_PLACEMENT_3D('',#4016,#4017,#4018);
#4020=CYLINDRICAL_SURFACE('',#4019,1.E-1);
#4021=ORIENTED_EDGE('',*,*,#2787,.F.);
#4022=ORIENTED_EDGE('',*,*,#2785,.F.);
#4023=ORIENTED_EDGE('',*,*,#4008,.T.);
#4024=ORIENTED_EDGE('',*,*,#2896,.F.);
#4025=ORIENTED_EDGE('',*,*,#2894,.F.);
#4027=ORIENTED_EDGE('',*,*,#4026,.T.);
#4028=EDGE_LOOP('',(#4021,#4022,#4023,#4024,#4025,#4027));
#4029=FACE_OUTER_BOUND('',#4028,.F.);
#4031=CARTESIAN_POINT('',(1.533642339642E0,-2.75E0,1.216731062058E0));
#4032=DIRECTION('',(-3.489949670250E-2,0.E0,9.993908270191E-1));
#4033=DIRECTION('',(-9.993908270191E-1,0.E0,-3.489949670250E-2));
#4034=AXIS2_PLACEMENT_3D('',#4031,#4032,#4033);
#4035=PLANE('',#4034);
#4036=ORIENTED_EDGE('',*,*,#4026,.F.);
#4037=ORIENTED_EDGE('',*,*,#2892,.F.);
#4039=ORIENTED_EDGE('',*,*,#4038,.F.);
#4040=ORIENTED_EDGE('',*,*,#2789,.F.);
#4041=EDGE_LOOP('',(#4036,#4037,#4039,#4040));
#4042=FACE_OUTER_BOUND('',#4041,.F.);
#4044=CARTESIAN_POINT('',(1.537132289312E0,-2.75E0,1.116791979356E0));
#4045=DIRECTION('',(0.E0,-1.E0,0.E0));
#4046=DIRECTION('',(5.877852522925E-1,0.E0,-8.090169943749E-1));
#4047=AXIS2_PLACEMENT_3D('',#4044,#4045,#4046);
#4048=CYLINDRICAL_SURFACE('',#4047,1.E-1);
#4049=ORIENTED_EDGE('',*,*,#4038,.T.);
#4050=ORIENTED_EDGE('',*,*,#2890,.F.);
#4052=ORIENTED_EDGE('',*,*,#4051,.T.);
#4053=ORIENTED_EDGE('',*,*,#2791,.F.);
#4054=EDGE_LOOP('',(#4049,#4050,#4052,#4053));
#4055=FACE_OUTER_BOUND('',#4054,.F.);
#4057=CARTESIAN_POINT('',(1.469706461006E0,-2.75E0,6.391605985804E-1));
#4058=DIRECTION('',(9.396926207859E-1,0.E0,-3.420201433257E-1));
#4059=DIRECTION('',(3.420201433257E-1,0.E0,9.396926207859E-1));
#4060=AXIS2_PLACEMENT_3D('',#4057,#4058,#4059);
#4061=PLANE('',#4060);
#4063=ORIENTED_EDGE('',*,*,#4062,.F.);
#4064=ORIENTED_EDGE('',*,*,#2793,.F.);
#4065=ORIENTED_EDGE('',*,*,#4051,.F.);
#4066=ORIENTED_EDGE('',*,*,#2888,.F.);
#4067=EDGE_LOOP('',(#4063,#4064,#4065,#4066));
#4068=FACE_OUTER_BOUND('',#4067,.F.);
#4070=CARTESIAN_POINT('',(1.647883974943E0,6.69476E0,8.408200789265E-1));
#4071=DIRECTION('',(0.E0,-1.E0,0.E0));
#4072=DIRECTION('',(-8.907480945638E-1,0.E0,-4.544973399603E-1));
#4073=AXIS2_PLACEMENT_3D('',#4070,#4071,#4072);
#4074=CYLINDRICAL_SURFACE('',#4073,1.E-1);
#4075=ORIENTED_EDGE('',*,*,#2797,.F.);
#4076=ORIENTED_EDGE('',*,*,#2795,.F.);
#4077=ORIENTED_EDGE('',*,*,#4062,.T.);
#4078=ORIENTED_EDGE('',*,*,#2886,.F.);
#4079=ORIENTED_EDGE('',*,*,#2884,.F.);
#4081=ORIENTED_EDGE('',*,*,#4080,.T.);
#4082=EDGE_LOOP('',(#4075,#4076,#4077,#4078,#4079,#4081));
#4083=FACE_OUTER_BOUND('',#4082,.F.);
#4085=CARTESIAN_POINT('',(1.834571116542E0,-2.75E0,6.832584589062E-1));
#4086=DIRECTION('',(2.756373558170E-1,0.E0,9.612616959383E-1));
#4087=DIRECTION('',(-9.612616959383E-1,0.E0,2.756373558170E-1));
#4088=AXIS2_PLACEMENT_3D('',#4085,#4086,#4087);
#4089=PLANE('',#4088);
#4090=ORIENTED_EDGE('',*,*,#4080,.F.);
#4091=ORIENTED_EDGE('',*,*,#2882,.F.);
#4093=ORIENTED_EDGE('',*,*,#4092,.F.);
#4094=ORIENTED_EDGE('',*,*,#2799,.F.);
#4095=EDGE_LOOP('',(#4090,#4091,#4093,#4094));
#4096=FACE_OUTER_BOUND('',#4095,.F.);
#4098=CARTESIAN_POINT('',(1.807007380961E0,-2.75E0,5.871322893124E-1));
#4099=DIRECTION('',(0.E0,-1.E0,0.E0));
#4100=DIRECTION('',(3.090169943749E-1,0.E0,-9.510565162952E-1));
#4101=AXIS2_PLACEMENT_3D('',#4098,#4099,#4100);
#4102=CYLINDRICAL_SURFACE('',#4101,1.E-1);
#4103=ORIENTED_EDGE('',*,*,#4092,.T.);
#4104=ORIENTED_EDGE('',*,*,#2880,.F.);
#4106=ORIENTED_EDGE('',*,*,#4105,.T.);
#4107=ORIENTED_EDGE('',*,*,#2801,.F.);
#4108=EDGE_LOOP('',(#4103,#4104,#4106,#4107));
#4109=FACE_OUTER_BOUND('',#4108,.F.);
#4111=CARTESIAN_POINT('',(1.595285393877E0,-2.75E0,1.537135790454E-1));
#4112=DIRECTION('',(7.880107536067E-1,0.E0,-6.156614753257E-1));
#4113=DIRECTION('',(6.156614753257E-1,0.E0,7.880107536067E-1));
#4114=AXIS2_PLACEMENT_3D('',#4111,#4112,#4113);
#4115=PLANE('',#4114);
#4117=ORIENTED_EDGE('',*,*,#4116,.F.);
#4118=ORIENTED_EDGE('',*,*,#2803,.F.);
#4119=ORIENTED_EDGE('',*,*,#4105,.F.);
#4120=ORIENTED_EDGE('',*,*,#2878,.F.);
#4121=EDGE_LOOP('',(#4117,#4118,#4119,#4120));
#4122=FACE_OUTER_BOUND('',#4121,.F.);
#4124=CARTESIAN_POINT('',(1.827058486068E0,6.69476E0,2.904432620794E-1));
#4125=DIRECTION('',(0.E0,-1.E0,0.E0));
#4126=DIRECTION('',(-9.875991816583E-1,0.E0,-1.569963578807E-1));
#4127=AXIS2_PLACEMENT_3D('',#4124,#4125,#4126);
#4128=CYLINDRICAL_SURFACE('',#4127,1.E-1);
#4129=ORIENTED_EDGE('',*,*,#2807,.F.);
#4130=ORIENTED_EDGE('',*,*,#2805,.F.);
#4131=ORIENTED_EDGE('',*,*,#4116,.T.);
#4132=ORIENTED_EDGE('',*,*,#2876,.F.);
#4133=ORIENTED_EDGE('',*,*,#2874,.F.);
#4135=ORIENTED_EDGE('',*,*,#4134,.T.);
#4136=EDGE_LOOP('',(#4129,#4130,#4131,#4132,#4133,#4135));
#4137=FACE_OUTER_BOUND('',#4136,.F.);
#4139=CARTESIAN_POINT('',(1.955919290347E0,-2.75E0,8.290375725550E-2));
#4140=DIRECTION('',(5.591929034707E-1,0.E0,8.290375725551E-1));
#4141=DIRECTION('',(-8.290375725551E-1,0.E0,5.591929034707E-1));
#4142=AXIS2_PLACEMENT_3D('',#4139,#4140,#4141);
#4143=PLANE('',#4142);
#4144=ORIENTED_EDGE('',*,*,#4134,.F.);
#4145=ORIENTED_EDGE('',*,*,#2872,.F.);
#4147=ORIENTED_EDGE('',*,*,#4146,.F.);
#4148=ORIENTED_EDGE('',*,*,#2809,.F.);
#4149=EDGE_LOOP('',(#4144,#4145,#4147,#4148));
#4150=FACE_OUTER_BOUND('',#4149,.F.);
#4152=CARTESIAN_POINT('',(1.9E0,-2.75E0,0.E0));
#4153=DIRECTION('',(0.E0,-1.E0,0.E0));
#4154=DIRECTION('',(0.E0,0.E0,-1.E0));
#4155=AXIS2_PLACEMENT_3D('',#4152,#4153,#4154);
#4156=CYLINDRICAL_SURFACE('',#4155,1.E-1);
#4157=ORIENTED_EDGE('',*,*,#2870,.F.);
#4159=ORIENTED_EDGE('',*,*,#4158,.T.);
#4160=ORIENTED_EDGE('',*,*,#2811,.F.);
#4161=ORIENTED_EDGE('',*,*,#4146,.T.);
#4162=EDGE_LOOP('',(#4157,#4159,#4160,#4161));
#4163=FACE_OUTER_BOUND('',#4162,.F.);
#4165=CARTESIAN_POINT('',(1.564706677389E0,-2.75E0,-3.467799965921E-1));
#4166=DIRECTION('',(5.591929034708E-1,0.E0,-8.290375725550E-1));
#4167=DIRECTION('',(8.290375725550E-1,0.E0,5.591929034708E-1));
#4168=AXIS2_PLACEMENT_3D('',#4165,#4166,#4167);
#4169=PLANE('',#4168);
#4170=ORIENTED_EDGE('',*,*,#2836,.F.);
#4171=ORIENTED_EDGE('',*,*,#2813,.F.);
#4172=ORIENTED_EDGE('',*,*,#4158,.F.);
#4173=ORIENTED_EDGE('',*,*,#2868,.F.);
#4174=EDGE_LOOP('',(#4170,#4171,#4172,#4173));
#4175=FACE_OUTER_BOUND('',#4174,.F.);
#4177=CARTESIAN_POINT('',(0.E0,-7.5E-1,0.E0));
#4178=DIRECTION('',(0.E0,1.E0,0.E0));
#4179=DIRECTION('',(1.E0,0.E0,0.E0));
#4180=AXIS2_PLACEMENT_3D('',#4177,#4178,#4179);
#4181=CYLINDRICAL_SURFACE('',#4180,1.E0);
#4182=ORIENTED_EDGE('',*,*,#2818,.F.);
#4183=ORIENTED_EDGE('',*,*,#2605,.F.);
#4184=ORIENTED_EDGE('',*,*,#2590,.F.);
#4185=ORIENTED_EDGE('',*,*,#2602,.T.);
#4186=EDGE_LOOP('',(#4182,#4183,#4184,#4185));
#4187=FACE_OUTER_BOUND('',#4186,.F.);
#4189=CARTESIAN_POINT('',(6.E0,7.5E-1,0.E0));
#4190=DIRECTION('',(0.E0,1.E0,0.E0));
#4191=DIRECTION('',(0.E0,0.E0,1.E0));
#4192=AXIS2_PLACEMENT_3D('',#4189,#4190,#4191);
#4193=CYLINDRICAL_SURFACE('',#4192,4.E-1);
#4194=ORIENTED_EDGE('',*,*,#2311,.F.);
#4196=ORIENTED_EDGE('',*,*,#4195,.T.);
#4197=ORIENTED_EDGE('',*,*,#2406,.F.);
#4199=ORIENTED_EDGE('',*,*,#4198,.F.);
#4200=EDGE_LOOP('',(#4194,#4196,#4197,#4199));
#4201=FACE_OUTER_BOUND('',#4200,.F.);
#4203=CARTESIAN_POINT('',(6.E0,7.5E-1,0.E0));
#4204=DIRECTION('',(0.E0,1.E0,0.E0));
#4205=DIRECTION('',(0.E0,0.E0,1.E0));
#4206=AXIS2_PLACEMENT_3D('',#4203,#4204,#4205);
#4207=CYLINDRICAL_SURFACE('',#4206,4.E-1);
#4208=ORIENTED_EDGE('',*,*,#2313,.F.);
#4209=ORIENTED_EDGE('',*,*,#4198,.T.);
#4210=ORIENTED_EDGE('',*,*,#2408,.F.);
#4211=ORIENTED_EDGE('',*,*,#4195,.F.);
#4212=EDGE_LOOP('',(#4208,#4209,#4210,#4211));
#4213=FACE_OUTER_BOUND('',#4212,.F.);
#4215=CARTESIAN_POINT('',(-6.E0,7.5E-1,0.E0));
#4216=DIRECTION('',(0.E0,1.E0,0.E0));
#4217=DIRECTION('',(0.E0,0.E0,1.E0));
#4218=AXIS2_PLACEMENT_3D('',#4215,#4216,#4217);
#4219=CYLINDRICAL_SURFACE('',#4218,4.E-1);
#4220=ORIENTED_EDGE('',*,*,#2317,.F.);
#4222=ORIENTED_EDGE('',*,*,#4221,.T.);
#4223=ORIENTED_EDGE('',*,*,#2412,.F.);
#4225=ORIENTED_EDGE('',*,*,#4224,.F.);
#4226=EDGE_LOOP('',(#4220,#4222,#4223,#4225));
#4227=FACE_OUTER_BOUND('',#4226,.F.);
#4229=CARTESIAN_POINT('',(-6.E0,7.5E-1,0.E0));
#4230=DIRECTION('',(0.E0,1.E0,0.E0));
#4231=DIRECTION('',(0.E0,0.E0,1.E0));
#4232=AXIS2_PLACEMENT_3D('',#4229,#4230,#4231);
#4233=CYLINDRICAL_SURFACE('',#4232,4.E-1);
#4234=ORIENTED_EDGE('',*,*,#2319,.F.);
#4235=ORIENTED_EDGE('',*,*,#4224,.T.);
#4236=ORIENTED_EDGE('',*,*,#2414,.F.);
#4237=ORIENTED_EDGE('',*,*,#4221,.F.);
#4238=EDGE_LOOP('',(#4234,#4235,#4236,#4237));
#4239=FACE_OUTER_BOUND('',#4238,.F.);
#4241=CARTESIAN_POINT('',(5.638155724715E0,7.5E-1,2.052120859954E0));
#4242=DIRECTION('',(0.E0,1.E0,0.E0));
#4243=DIRECTION('',(0.E0,0.E0,1.E0));
#4244=AXIS2_PLACEMENT_3D('',#4241,#4242,#4243);
#4245=CYLINDRICAL_SURFACE('',#4244,5.E-1);
#4246=ORIENTED_EDGE('',*,*,#2323,.F.);
#4248=ORIENTED_EDGE('',*,*,#4247,.T.);
#4249=ORIENTED_EDGE('',*,*,#2418,.F.);
#4251=ORIENTED_EDGE('',*,*,#4250,.F.);
#4252=EDGE_LOOP('',(#4246,#4248,#4249,#4251));
#4253=FACE_OUTER_BOUND('',#4252,.F.);
#4255=CARTESIAN_POINT('',(5.638155724715E0,7.5E-1,2.052120859954E0));
#4256=DIRECTION('',(0.E0,1.E0,0.E0));
#4257=DIRECTION('',(0.E0,0.E0,1.E0));
#4258=AXIS2_PLACEMENT_3D('',#4255,#4256,#4257);
#4259=CYLINDRICAL_SURFACE('',#4258,5.E-1);
#4260=ORIENTED_EDGE('',*,*,#2325,.F.);
#4261=ORIENTED_EDGE('',*,*,#4250,.T.);
#4262=ORIENTED_EDGE('',*,*,#2420,.F.);
#4263=ORIENTED_EDGE('',*,*,#4247,.F.);
#4264=EDGE_LOOP('',(#4260,#4261,#4262,#4263));
#4265=FACE_OUTER_BOUND('',#4264,.F.);
#4267=CARTESIAN_POINT('',(-5.638155724715E0,7.5E-1,-2.052120859954E0));
#4268=DIRECTION('',(0.E0,1.E0,0.E0));
#4269=DIRECTION('',(0.E0,0.E0,1.E0));
#4270=AXIS2_PLACEMENT_3D('',#4267,#4268,#4269);
#4271=CYLINDRICAL_SURFACE('',#4270,5.E-1);
#4272=ORIENTED_EDGE('',*,*,#2329,.F.);
#4274=ORIENTED_EDGE('',*,*,#4273,.T.);
#4275=ORIENTED_EDGE('',*,*,#2424,.F.);
#4277=ORIENTED_EDGE('',*,*,#4276,.F.);
#4278=EDGE_LOOP('',(#4272,#4274,#4275,#4277));
#4279=FACE_OUTER_BOUND('',#4278,.F.);
#4281=CARTESIAN_POINT('',(-5.638155724715E0,7.5E-1,-2.052120859954E0));
#4282=DIRECTION('',(0.E0,1.E0,0.E0));
#4283=DIRECTION('',(0.E0,0.E0,1.E0));
#4284=AXIS2_PLACEMENT_3D('',#4281,#4282,#4283);
#4285=CYLINDRICAL_SURFACE('',#4284,5.E-1);
#4286=ORIENTED_EDGE('',*,*,#2331,.F.);
#4287=ORIENTED_EDGE('',*,*,#4276,.T.);
#4288=ORIENTED_EDGE('',*,*,#2426,.F.);
#4289=ORIENTED_EDGE('',*,*,#4273,.F.);
#4290=EDGE_LOOP('',(#4286,#4287,#4288,#4289));
#4291=FACE_OUTER_BOUND('',#4290,.F.);
#4293=CARTESIAN_POINT('',(0.E0,7.5E-1,-7.5E0));
#4294=DIRECTION('',(0.E0,1.E0,0.E0));
#4295=DIRECTION('',(0.E0,0.E0,1.E0));
#4296=AXIS2_PLACEMENT_3D('',#4293,#4294,#4295);
#4297=CYLINDRICAL_SURFACE('',#4296,4.E-1);
#4298=ORIENTED_EDGE('',*,*,#2335,.F.);
#4300=ORIENTED_EDGE('',*,*,#4299,.T.);
#4301=ORIENTED_EDGE('',*,*,#2430,.F.);
#4303=ORIENTED_EDGE('',*,*,#4302,.F.);
#4304=EDGE_LOOP('',(#4298,#4300,#4301,#4303));
#4305=FACE_OUTER_BOUND('',#4304,.F.);
#4307=CARTESIAN_POINT('',(0.E0,7.5E-1,-7.5E0));
#4308=DIRECTION('',(0.E0,1.E0,0.E0));
#4309=DIRECTION('',(0.E0,0.E0,1.E0));
#4310=AXIS2_PLACEMENT_3D('',#4307,#4308,#4309);
#4311=CYLINDRICAL_SURFACE('',#4310,4.E-1);
#4312=ORIENTED_EDGE('',*,*,#2337,.F.);
#4313=ORIENTED_EDGE('',*,*,#4302,.T.);
#4314=ORIENTED_EDGE('',*,*,#2432,.F.);
#4315=ORIENTED_EDGE('',*,*,#4299,.F.);
#4316=EDGE_LOOP('',(#4312,#4313,#4314,#4315));
#4317=FACE_OUTER_BOUND('',#4316,.F.);
#4319=CARTESIAN_POINT('',(2.565151074943E0,7.5E-1,-7.047694655894E0));
#4320=DIRECTION('',(0.E0,1.E0,0.E0));
#4321=DIRECTION('',(0.E0,0.E0,1.E0));
#4322=AXIS2_PLACEMENT_3D('',#4319,#4320,#4321);
#4323=CYLINDRICAL_SURFACE('',#4322,5.E-1);
#4324=ORIENTED_EDGE('',*,*,#2341,.F.);
#4326=ORIENTED_EDGE('',*,*,#4325,.T.);
#4327=ORIENTED_EDGE('',*,*,#2436,.F.);
#4329=ORIENTED_EDGE('',*,*,#4328,.F.);
#4330=EDGE_LOOP('',(#4324,#4326,#4327,#4329));
#4331=FACE_OUTER_BOUND('',#4330,.F.);
#4333=CARTESIAN_POINT('',(2.565151074943E0,7.5E-1,-7.047694655894E0));
#4334=DIRECTION('',(0.E0,1.E0,0.E0));
#4335=DIRECTION('',(0.E0,0.E0,1.E0));
#4336=AXIS2_PLACEMENT_3D('',#4333,#4334,#4335);
#4337=CYLINDRICAL_SURFACE('',#4336,5.E-1);
#4338=ORIENTED_EDGE('',*,*,#2343,.F.);
#4339=ORIENTED_EDGE('',*,*,#4328,.T.);
#4340=ORIENTED_EDGE('',*,*,#2438,.F.);
#4341=ORIENTED_EDGE('',*,*,#4325,.F.);
#4342=EDGE_LOOP('',(#4338,#4339,#4340,#4341));
#4343=FACE_OUTER_BOUND('',#4342,.F.);
#4345=CARTESIAN_POINT('',(4.820907072649E0,7.5E-1,-5.745333323392E0));
#4346=DIRECTION('',(0.E0,1.E0,0.E0));
#4347=DIRECTION('',(0.E0,0.E0,1.E0));
#4348=AXIS2_PLACEMENT_3D('',#4345,#4346,#4347);
#4349=CYLINDRICAL_SURFACE('',#4348,6.E-1);
#4350=ORIENTED_EDGE('',*,*,#2347,.F.);
#4352=ORIENTED_EDGE('',*,*,#4351,.T.);
#4353=ORIENTED_EDGE('',*,*,#2442,.F.);
#4355=ORIENTED_EDGE('',*,*,#4354,.F.);
#4356=EDGE_LOOP('',(#4350,#4352,#4353,#4355));
#4357=FACE_OUTER_BOUND('',#4356,.F.);
#4359=CARTESIAN_POINT('',(4.820907072649E0,7.5E-1,-5.745333323392E0));
#4360=DIRECTION('',(0.E0,1.E0,0.E0));
#4361=DIRECTION('',(0.E0,0.E0,1.E0));
#4362=AXIS2_PLACEMENT_3D('',#4359,#4360,#4361);
#4363=CYLINDRICAL_SURFACE('',#4362,6.E-1);
#4364=ORIENTED_EDGE('',*,*,#2349,.F.);
#4365=ORIENTED_EDGE('',*,*,#4354,.T.);
#4366=ORIENTED_EDGE('',*,*,#2444,.F.);
#4367=ORIENTED_EDGE('',*,*,#4351,.F.);
#4368=EDGE_LOOP('',(#4364,#4365,#4366,#4367));
#4369=FACE_OUTER_BOUND('',#4368,.F.);
#4371=CARTESIAN_POINT('',(0.E0,7.5E-1,7.5E0));
#4372=DIRECTION('',(0.E0,1.E0,0.E0));
#4373=DIRECTION('',(0.E0,0.E0,1.E0));
#4374=AXIS2_PLACEMENT_3D('',#4371,#4372,#4373);
#4375=CYLINDRICAL_SURFACE('',#4374,4.E-1);
#4376=ORIENTED_EDGE('',*,*,#2353,.F.);
#4378=ORIENTED_EDGE('',*,*,#4377,.T.);
#4379=ORIENTED_EDGE('',*,*,#2448,.F.);
#4381=ORIENTED_EDGE('',*,*,#4380,.F.);
#4382=EDGE_LOOP('',(#4376,#4378,#4379,#4381));
#4383=FACE_OUTER_BOUND('',#4382,.F.);
#4385=CARTESIAN_POINT('',(0.E0,7.5E-1,7.5E0));
#4386=DIRECTION('',(0.E0,1.E0,0.E0));
#4387=DIRECTION('',(0.E0,0.E0,1.E0));
#4388=AXIS2_PLACEMENT_3D('',#4385,#4386,#4387);
#4389=CYLINDRICAL_SURFACE('',#4388,4.E-1);
#4390=ORIENTED_EDGE('',*,*,#2355,.F.);
#4391=ORIENTED_EDGE('',*,*,#4380,.T.);
#4392=ORIENTED_EDGE('',*,*,#2450,.F.);
#4393=ORIENTED_EDGE('',*,*,#4377,.F.);
#4394=EDGE_LOOP('',(#4390,#4391,#4392,#4393));
#4395=FACE_OUTER_BOUND('',#4394,.F.);
#4397=CARTESIAN_POINT('',(-2.565151074943E0,7.5E-1,7.047694655894E0));
#4398=DIRECTION('',(0.E0,1.E0,0.E0));
#4399=DIRECTION('',(0.E0,0.E0,1.E0));
#4400=AXIS2_PLACEMENT_3D('',#4397,#4398,#4399);
#4401=CYLINDRICAL_SURFACE('',#4400,5.E-1);
#4402=ORIENTED_EDGE('',*,*,#2359,.F.);
#4404=ORIENTED_EDGE('',*,*,#4403,.T.);
#4405=ORIENTED_EDGE('',*,*,#2454,.F.);
#4407=ORIENTED_EDGE('',*,*,#4406,.F.);
#4408=EDGE_LOOP('',(#4402,#4404,#4405,#4407));
#4409=FACE_OUTER_BOUND('',#4408,.F.);
#4411=CARTESIAN_POINT('',(-2.565151074943E0,7.5E-1,7.047694655894E0));
#4412=DIRECTION('',(0.E0,1.E0,0.E0));
#4413=DIRECTION('',(0.E0,0.E0,1.E0));
#4414=AXIS2_PLACEMENT_3D('',#4411,#4412,#4413);
#4415=CYLINDRICAL_SURFACE('',#4414,5.E-1);
#4416=ORIENTED_EDGE('',*,*,#2361,.F.);
#4417=ORIENTED_EDGE('',*,*,#4406,.T.);
#4418=ORIENTED_EDGE('',*,*,#2456,.F.);
#4419=ORIENTED_EDGE('',*,*,#4403,.F.);
#4420=EDGE_LOOP('',(#4416,#4417,#4418,#4419));
#4421=FACE_OUTER_BOUND('',#4420,.F.);
#4423=CARTESIAN_POINT('',(-4.820907072649E0,7.5E-1,5.745333323392E0));
#4424=DIRECTION('',(0.E0,1.E0,0.E0));
#4425=DIRECTION('',(0.E0,0.E0,1.E0));
#4426=AXIS2_PLACEMENT_3D('',#4423,#4424,#4425);
#4427=CYLINDRICAL_SURFACE('',#4426,6.E-1);
#4428=ORIENTED_EDGE('',*,*,#2365,.F.);
#4430=ORIENTED_EDGE('',*,*,#4429,.T.);
#4431=ORIENTED_EDGE('',*,*,#2460,.F.);
#4433=ORIENTED_EDGE('',*,*,#4432,.F.);
#4434=EDGE_LOOP('',(#4428,#4430,#4431,#4433));
#4435=FACE_OUTER_BOUND('',#4434,.F.);
#4437=CARTESIAN_POINT('',(-4.820907072649E0,7.5E-1,5.745333323392E0));
#4438=DIRECTION('',(0.E0,1.E0,0.E0));
#4439=DIRECTION('',(0.E0,0.E0,1.E0));
#4440=AXIS2_PLACEMENT_3D('',#4437,#4438,#4439);
#4441=CYLINDRICAL_SURFACE('',#4440,6.E-1);
#4442=ORIENTED_EDGE('',*,*,#2367,.F.);
#4443=ORIENTED_EDGE('',*,*,#4432,.T.);
#4444=ORIENTED_EDGE('',*,*,#2462,.F.);
#4445=ORIENTED_EDGE('',*,*,#4429,.F.);
#4446=EDGE_LOOP('',(#4442,#4443,#4444,#4445));
#4447=FACE_OUTER_BOUND('',#4446,.F.);
#4449=CLOSED_SHELL('',(#2300,#2377,#2390,#2466,#2481,#2494,#2514,#2532,#2548,
#2564,#2578,#2594,#2609,#2822,#2840,#3056,#3072,#3086,#3100,#3112,#3128,#3141,
#3154,#3166,#3179,#3192,#3205,#3220,#3233,#3246,#3259,#3274,#3287,#3300,#3313,
#3328,#3341,#3354,#3367,#3382,#3395,#3408,#3421,#3436,#3449,#3462,#3475,#3490,
#3503,#3516,#3529,#3544,#3557,#3570,#3583,#3598,#3611,#3624,#3637,#3652,#3665,
#3678,#3691,#3706,#3719,#3732,#3745,#3760,#3773,#3786,#3799,#3814,#3827,#3840,
#3853,#3868,#3881,#3894,#3907,#3922,#3935,#3948,#3961,#3976,#3989,#4002,#4015,
#4030,#4043,#4056,#4069,#4084,#4097,#4110,#4123,#4138,#4151,#4164,#4176,#4188,
#4202,#4214,#4228,#4240,#4254,#4266,#4280,#4292,#4306,#4318,#4332,#4344,#4358,
#4370,#4384,#4396,#4410,#4422,#4436,#4448));
#4450=MANIFOLD_SOLID_BREP('',#4449);
#4451=(LENGTH_UNIT()NAMED_UNIT(*)SI_UNIT(.MILLI.,.METRE.));
#4452=DIMENSIONAL_EXPONENTS(0.E0,0.E0,0.E0,0.E0,0.E0,0.E0,0.E0);
#4453=(NAMED_UNIT(*)PLANE_ANGLE_UNIT()SI_UNIT($,.RADIAN.));
#4454=PLANE_ANGLE_MEASURE_WITH_UNIT(PLANE_ANGLE_MEASURE(1.745329251994E-2),
#4453);
#4455=(CONVERSION_BASED_UNIT('DEGREE',#4454)NAMED_UNIT(#4452)PLANE_ANGLE_UNIT(
));
#4456=(NAMED_UNIT(*)SI_UNIT($,.STERADIAN.)SOLID_ANGLE_UNIT());
#4457=UNCERTAINTY_MEASURE_WITH_UNIT(LENGTH_MEASURE(2.579146675890E-3),#4451,
'distance_accuracy_value',
'Maximum model space distance between geometric entities at asserted connectivities');
#4460=APPLICATION_CONTEXT('automotive_design');
#4461=APPLICATION_PROTOCOL_DEFINITION('draft international standard',
'automotive_design',1998,#4460);
#4462=PRODUCT_DEFINITION_CONTEXT('part definition',#4460,'design');
#4463=PRODUCT_CONTEXT('',#4460,'mechanical');
#4464=PRODUCT('SJ-BB00-0024-CYCLE-0716_9','SJ-BB00-0024-CYCLE-0716_9',
'NOT SPECIFIED',(#4463));
#4465=PRODUCT_DEFINITION_FORMATION_WITH_SPECIFIED_SOURCE('1','LAST_VERSION',
#4464,.MADE.);
#4469=PRODUCT_TYPE('part','',(#4464));
#1=DRAUGHTING_PRE_DEFINED_COLOUR('green');
#2=COLOUR_RGB('',1.1E-2,1.2E-2,1.E0);
#3=COLOUR_RGB('',1.1E-1,1.1E-1,1.1E-1);
#4=COLOUR_RGB('',3.92E-1,1.2E-2,1.2E-2);
#5=COLOUR_RGB('',4.1E-1,0.E0,2.2E-1);
#6=COLOUR_RGB('',8.784E-1,9.49E-1,1.E0);
#7=COLOUR_RGB('',9.6E-1,9.6E-1,9.6E-1);
#8=COLOUR_RGB('',9.8E-1,6.27E-1,0.E0);
#9=DRAUGHTING_PRE_DEFINED_COLOUR('red');
#10=COLOUR_RGB('',1.E0,0.E0,2.E-1);
#11=DRAUGHTING_PRE_DEFINED_COLOUR('yellow');
#12=COLOUR_RGB('',1.E0,1.E0,9.49E-1);
#13=DRAUGHTING_PRE_DEFINED_COLOUR('white');
#22=CIRCLE('',#21,9.E0);
#27=CIRCLE('',#26,9.E0);
#32=CIRCLE('',#31,4.E-1);
#37=CIRCLE('',#36,4.E-1);
#42=CIRCLE('',#41,4.E-1);
#47=CIRCLE('',#46,4.E-1);
#52=CIRCLE('',#51,5.E-1);
#57=CIRCLE('',#56,5.E-1);
#62=CIRCLE('',#61,5.E-1);
#67=CIRCLE('',#66,5.E-1);
#72=CIRCLE('',#71,4.E-1);
#77=CIRCLE('',#76,4.E-1);
#82=CIRCLE('',#81,5.E-1);
#87=CIRCLE('',#86,5.E-1);
#92=CIRCLE('',#91,6.E-1);
#97=CIRCLE('',#96,6.E-1);
#102=CIRCLE('',#101,4.E-1);
#107=CIRCLE('',#106,4.E-1);
#112=CIRCLE('',#111,5.E-1);
#117=CIRCLE('',#116,5.E-1);
#122=CIRCLE('',#121,6.E-1);
#127=CIRCLE('',#126,6.E-1);
#132=CIRCLE('',#131,2.95E0);
#137=CIRCLE('',#136,2.95E0);
#146=CIRCLE('',#145,9.E0);
#151=CIRCLE('',#150,9.E0);
#156=CIRCLE('',#155,2.8E0);
#161=CIRCLE('',#160,2.8E0);
#166=CIRCLE('',#165,4.E-1);
#171=CIRCLE('',#170,4.E-1);
#176=CIRCLE('',#175,4.E-1);
#181=CIRCLE('',#180,4.E-1);
#186=CIRCLE('',#185,5.E-1);
#191=CIRCLE('',#190,5.E-1);
#196=CIRCLE('',#195,5.E-1);
#201=CIRCLE('',#200,5.E-1);
#206=CIRCLE('',#205,4.E-1);
#211=CIRCLE('',#210,4.E-1);
#216=CIRCLE('',#215,5.E-1);
#221=CIRCLE('',#220,5.E-1);
#226=CIRCLE('',#225,6.E-1);
#231=CIRCLE('',#230,6.E-1);
#236=CIRCLE('',#235,4.E-1);
#241=CIRCLE('',#240,4.E-1);
#246=CIRCLE('',#245,5.E-1);
#251=CIRCLE('',#250,5.E-1);
#256=CIRCLE('',#255,6.E-1);
#261=CIRCLE('',#260,6.E-1);
#274=CIRCLE('',#273,2.8E0);
#279=CIRCLE('',#278,2.8E0);
#284=CIRCLE('',#283,2.4E0);
#289=CIRCLE('',#288,2.4E0);
#294=CIRCLE('',#293,2.4E0);
#299=CIRCLE('',#298,2.4E0);
#304=CIRCLE('',#303,2.1E0);
#309=CIRCLE('',#308,2.1E0);
#314=CIRCLE('',#313,3.E-1);
#319=CIRCLE('',#318,2.1E0);
#324=CIRCLE('',#323,2.1E0);
#329=CIRCLE('',#328,3.E-1);
#342=CIRCLE('',#341,2.1E0);
#347=CIRCLE('',#346,2.1E0);
#352=CIRCLE('',#351,1.E0);
#357=CIRCLE('',#356,1.E0);
#366=CIRCLE('',#365,1.E-1);
#371=CIRCLE('',#370,1.E-1);
#376=B_SPLINE_CURVE_WITH_KNOTS('',3,(#372,#373,#374,#375),.UNSPECIFIED.,.F.,.F.,
(4,4),(0.E0,1.E0),.UNSPECIFIED.);
#381=CIRCLE('',#380,1.E-1);
#386=B_SPLINE_CURVE_WITH_KNOTS('',3,(#382,#383,#384,#385),.UNSPECIFIED.,.F.,.F.,
(4,4),(0.E0,1.E0),.UNSPECIFIED.);
#391=CIRCLE('',#390,1.E-1);
#396=CIRCLE('',#395,1.E-1);
#405=CIRCLE('',#404,1.E-1);
#410=B_SPLINE_CURVE_WITH_KNOTS('',3,(#406,#407,#408,#409),.UNSPECIFIED.,.F.,.F.,
(4,4),(0.E0,1.E0),.UNSPECIFIED.);
#415=CIRCLE('',#414,1.E-1);
#420=CIRCLE('',#419,1.E-1);
#429=CIRCLE('',#428,1.E-1);
#434=B_SPLINE_CURVE_WITH_KNOTS('',3,(#430,#431,#432,#433),.UNSPECIFIED.,.F.,.F.,
(4,4),(0.E0,1.E0),.UNSPECIFIED.);
#439=CIRCLE('',#438,1.E-1);
#444=CIRCLE('',#443,1.E-1);
#453=CIRCLE('',#452,1.E-1);
#458=B_SPLINE_CURVE_WITH_KNOTS('',3,(#454,#455,#456,#457),.UNSPECIFIED.,.F.,.F.,
(4,4),(0.E0,1.E0),.UNSPECIFIED.);
#463=CIRCLE('',#462,1.E-1);
#468=CIRCLE('',#467,1.E-1);
#477=CIRCLE('',#476,1.E-1);
#482=B_SPLINE_CURVE_WITH_KNOTS('',3,(#478,#479,#480,#481),.UNSPECIFIED.,.F.,.F.,
(4,4),(0.E0,1.E0),.UNSPECIFIED.);
#487=CIRCLE('',#486,1.E-1);
#492=CIRCLE('',#491,1.E-1);
#501=CIRCLE('',#500,1.E-1);
#506=B_SPLINE_CURVE_WITH_KNOTS('',3,(#502,#503,#504,#505),.UNSPECIFIED.,.F.,.F.,
(4,4),(0.E0,1.E0),.UNSPECIFIED.);
#511=CIRCLE('',#510,1.E-1);
#516=CIRCLE('',#515,1.E-1);
#525=CIRCLE('',#524,1.E-1);
#530=B_SPLINE_CURVE_WITH_KNOTS('',3,(#526,#527,#528,#529),.UNSPECIFIED.,.F.,.F.,
(4,4),(0.E0,1.E0),.UNSPECIFIED.);
#535=CIRCLE('',#534,1.E-1);
#540=CIRCLE('',#539,1.E-1);
#549=CIRCLE('',#548,1.E-1);
#554=B_SPLINE_CURVE_WITH_KNOTS('',3,(#550,#551,#552,#553),.UNSPECIFIED.,.F.,.F.,
(4,4),(0.E0,1.E0),.UNSPECIFIED.);
#559=CIRCLE('',#558,1.E-1);
#564=CIRCLE('',#563,1.E-1);
#573=CIRCLE('',#572,1.E-1);
#578=B_SPLINE_CURVE_WITH_KNOTS('',3,(#574,#575,#576,#577),.UNSPECIFIED.,.F.,.F.,
(4,4),(0.E0,1.E0),.UNSPECIFIED.);
#583=CIRCLE('',#582,1.E-1);
#588=CIRCLE('',#587,1.E-1);
#597=CIRCLE('',#596,1.E-1);
#602=B_SPLINE_CURVE_WITH_KNOTS('',3,(#598,#599,#600,#601),.UNSPECIFIED.,.F.,.F.,
(4,4),(0.E0,1.E0),.UNSPECIFIED.);
#607=CIRCLE('',#606,1.E-1);
#612=CIRCLE('',#611,1.E-1);
#621=CIRCLE('',#620,1.E-1);
#626=B_SPLINE_CURVE_WITH_KNOTS('',3,(#622,#623,#624,#625),.UNSPECIFIED.,.F.,.F.,
(4,4),(0.E0,1.E0),.UNSPECIFIED.);
#631=CIRCLE('',#630,1.E-1);
#636=CIRCLE('',#635,1.E-1);
#645=CIRCLE('',#644,1.E-1);
#650=B_SPLINE_CURVE_WITH_KNOTS('',3,(#646,#647,#648,#649),.UNSPECIFIED.,.F.,.F.,
(4,4),(0.E0,1.E0),.UNSPECIFIED.);
#655=CIRCLE('',#654,1.E-1);
#660=CIRCLE('',#659,1.E-1);
#669=CIRCLE('',#668,1.E-1);
#674=B_SPLINE_CURVE_WITH_KNOTS('',3,(#670,#671,#672,#673),.UNSPECIFIED.,.F.,.F.,
(4,4),(0.E0,1.E0),.UNSPECIFIED.);
#679=CIRCLE('',#678,1.E-1);
#684=CIRCLE('',#683,1.E-1);
#693=CIRCLE('',#692,1.E-1);
#698=B_SPLINE_CURVE_WITH_KNOTS('',3,(#694,#695,#696,#697),.UNSPECIFIED.,.F.,.F.,
(4,4),(0.E0,1.E0),.UNSPECIFIED.);
#703=CIRCLE('',#702,1.E-1);
#708=CIRCLE('',#707,1.E-1);
#717=CIRCLE('',#716,1.E-1);
#722=B_SPLINE_CURVE_WITH_KNOTS('',3,(#718,#719,#720,#721),.UNSPECIFIED.,.F.,.F.,
(4,4),(0.E0,1.E0),.UNSPECIFIED.);
#727=CIRCLE('',#726,1.E-1);
#732=CIRCLE('',#731,1.E-1);
#741=CIRCLE('',#740,1.E-1);
#746=B_SPLINE_CURVE_WITH_KNOTS('',3,(#742,#743,#744,#745),.UNSPECIFIED.,.F.,.F.,
(4,4),(0.E0,1.E0),.UNSPECIFIED.);
#751=CIRCLE('',#750,1.E-1);
#756=CIRCLE('',#755,1.E-1);
#765=CIRCLE('',#764,1.E-1);
#770=B_SPLINE_CURVE_WITH_KNOTS('',3,(#766,#767,#768,#769),.UNSPECIFIED.,.F.,.F.,
(4,4),(0.E0,1.E0),.UNSPECIFIED.);
#775=CIRCLE('',#774,1.E-1);
#780=CIRCLE('',#779,1.E-1);
#789=CIRCLE('',#788,1.E-1);
#794=B_SPLINE_CURVE_WITH_KNOTS('',3,(#790,#791,#792,#793),.UNSPECIFIED.,.F.,.F.,
(4,4),(0.E0,1.E0),.UNSPECIFIED.);
#799=CIRCLE('',#798,1.E-1);
#804=CIRCLE('',#803,1.E-1);
#813=CIRCLE('',#812,1.E-1);
#818=B_SPLINE_CURVE_WITH_KNOTS('',3,(#814,#815,#816,#817),.UNSPECIFIED.,.F.,.F.,
(4,4),(0.E0,1.E0),.UNSPECIFIED.);
#823=CIRCLE('',#822,1.E-1);
#828=CIRCLE('',#827,1.E-1);
#837=CIRCLE('',#836,1.E-1);
#846=CIRCLE('',#845,1.E0);
#851=CIRCLE('',#850,1.E0);
#864=CIRCLE('',#863,2.65E0);
#869=CIRCLE('',#868,2.65E0);
#874=CIRCLE('',#873,2.65E0);
#879=CIRCLE('',#878,2.65E0);
#884=CIRCLE('',#883,1.E-1);
#889=CIRCLE('',#888,1.E-1);
#894=B_SPLINE_CURVE_WITH_KNOTS('',3,(#890,#891,#892,#893),.UNSPECIFIED.,.F.,.F.,
(4,4),(0.E0,1.E0),.UNSPECIFIED.);
#899=CIRCLE('',#898,1.E-1);
#904=B_SPLINE_CURVE_WITH_KNOTS('',3,(#900,#901,#902,#903),.UNSPECIFIED.,.F.,.F.,
(4,4),(0.E0,1.E0),.UNSPECIFIED.);
#909=CIRCLE('',#908,1.E-1);
#914=CIRCLE('',#913,1.E-1);
#923=CIRCLE('',#922,1.E-1);
#932=CIRCLE('',#931,1.E-1);
#937=CIRCLE('',#936,1.E-1);
#942=B_SPLINE_CURVE_WITH_KNOTS('',3,(#938,#939,#940,#941),.UNSPECIFIED.,.F.,.F.,
(4,4),(0.E0,1.E0),.UNSPECIFIED.);
#947=CIRCLE('',#946,1.E-1);
#956=CIRCLE('',#955,1.E-1);
#961=CIRCLE('',#960,1.E-1);
#966=B_SPLINE_CURVE_WITH_KNOTS('',3,(#962,#963,#964,#965),.UNSPECIFIED.,.F.,.F.,
(4,4),(0.E0,1.E0),.UNSPECIFIED.);
#971=CIRCLE('',#970,1.E-1);
#980=CIRCLE('',#979,1.E-1);
#985=CIRCLE('',#984,1.E-1);
#990=B_SPLINE_CURVE_WITH_KNOTS('',3,(#986,#987,#988,#989),.UNSPECIFIED.,.F.,.F.,
(4,4),(0.E0,1.E0),.UNSPECIFIED.);
#995=CIRCLE('',#994,1.E-1);
#1004=CIRCLE('',#1003,1.E-1);
#1009=CIRCLE('',#1008,1.E-1);
#1014=B_SPLINE_CURVE_WITH_KNOTS('',3,(#1010,#1011,#1012,#1013),.UNSPECIFIED.,
.F.,.F.,(4,4),(0.E0,1.E0),.UNSPECIFIED.);
#1019=CIRCLE('',#1018,1.E-1);
#1028=CIRCLE('',#1027,1.E-1);
#1033=CIRCLE('',#1032,1.E-1);
#1038=B_SPLINE_CURVE_WITH_KNOTS('',3,(#1034,#1035,#1036,#1037),.UNSPECIFIED.,
.F.,.F.,(4,4),(0.E0,1.E0),.UNSPECIFIED.);
#1043=CIRCLE('',#1042,1.E-1);
#1052=CIRCLE('',#1051,1.E-1);
#1057=CIRCLE('',#1056,1.E-1);
#1062=B_SPLINE_CURVE_WITH_KNOTS('',3,(#1058,#1059,#1060,#1061),.UNSPECIFIED.,
.F.,.F.,(4,4),(0.E0,1.E0),.UNSPECIFIED.);
#1067=CIRCLE('',#1066,1.E-1);
#1076=CIRCLE('',#1075,1.E-1);
#1081=CIRCLE('',#1080,1.E-1);
#1086=B_SPLINE_CURVE_WITH_KNOTS('',3,(#1082,#1083,#1084,#1085),.UNSPECIFIED.,
.F.,.F.,(4,4),(0.E0,1.E0),.UNSPECIFIED.);
#1091=CIRCLE('',#1090,1.E-1);
#1100=CIRCLE('',#1099,1.E-1);
#1105=CIRCLE('',#1104,1.E-1);
#1110=B_SPLINE_CURVE_WITH_KNOTS('',3,(#1106,#1107,#1108,#1109),.UNSPECIFIED.,
.F.,.F.,(4,4),(0.E0,1.E0),.UNSPECIFIED.);
#1115=CIRCLE('',#1114,1.E-1);
#1124=CIRCLE('',#1123,1.E-1);
#1129=CIRCLE('',#1128,1.E-1);
#1134=B_SPLINE_CURVE_WITH_KNOTS('',3,(#1130,#1131,#1132,#1133),.UNSPECIFIED.,
.F.,.F.,(4,4),(0.E0,1.E0),.UNSPECIFIED.);
#1139=CIRCLE('',#1138,1.E-1);
#1148=CIRCLE('',#1147,1.E-1);
#1153=CIRCLE('',#1152,1.E-1);
#1158=B_SPLINE_CURVE_WITH_KNOTS('',3,(#1154,#1155,#1156,#1157),.UNSPECIFIED.,
.F.,.F.,(4,4),(0.E0,1.E0),.UNSPECIFIED.);
#1163=CIRCLE('',#1162,1.E-1);
#1172=CIRCLE('',#1171,1.E-1);
#1177=CIRCLE('',#1176,1.E-1);
#1182=B_SPLINE_CURVE_WITH_KNOTS('',3,(#1178,#1179,#1180,#1181),.UNSPECIFIED.,
.F.,.F.,(4,4),(0.E0,1.E0),.UNSPECIFIED.);
#1187=CIRCLE('',#1186,1.E-1);
#1196=CIRCLE('',#1195,1.E-1);
#1201=CIRCLE('',#1200,1.E-1);
#1206=B_SPLINE_CURVE_WITH_KNOTS('',3,(#1202,#1203,#1204,#1205),.UNSPECIFIED.,
.F.,.F.,(4,4),(0.E0,1.E0),.UNSPECIFIED.);
#1211=CIRCLE('',#1210,1.E-1);
#1220=CIRCLE('',#1219,1.E-1);
#1225=CIRCLE('',#1224,1.E-1);
#1230=B_SPLINE_CURVE_WITH_KNOTS('',3,(#1226,#1227,#1228,#1229),.UNSPECIFIED.,
.F.,.F.,(4,4),(0.E0,1.E0),.UNSPECIFIED.);
#1235=CIRCLE('',#1234,1.E-1);
#1244=CIRCLE('',#1243,1.E-1);
#1249=CIRCLE('',#1248,1.E-1);
#1254=B_SPLINE_CURVE_WITH_KNOTS('',3,(#1250,#1251,#1252,#1253),.UNSPECIFIED.,
.F.,.F.,(4,4),(0.E0,1.E0),.UNSPECIFIED.);
#1259=CIRCLE('',#1258,1.E-1);
#1268=CIRCLE('',#1267,1.E-1);
#1273=CIRCLE('',#1272,1.E-1);
#1278=B_SPLINE_CURVE_WITH_KNOTS('',3,(#1274,#1275,#1276,#1277),.UNSPECIFIED.,
.F.,.F.,(4,4),(0.E0,1.E0),.UNSPECIFIED.);
#1283=CIRCLE('',#1282,1.E-1);
#1292=CIRCLE('',#1291,1.E-1);
#1297=CIRCLE('',#1296,1.E-1);
#1302=B_SPLINE_CURVE_WITH_KNOTS('',3,(#1298,#1299,#1300,#1301),.UNSPECIFIED.,
.F.,.F.,(4,4),(0.E0,1.E0),.UNSPECIFIED.);
#1307=CIRCLE('',#1306,1.E-1);
#1316=CIRCLE('',#1315,1.E-1);
#1321=CIRCLE('',#1320,1.E-1);
#1326=B_SPLINE_CURVE_WITH_KNOTS('',3,(#1322,#1323,#1324,#1325),.UNSPECIFIED.,
.F.,.F.,(4,4),(0.E0,1.E0),.UNSPECIFIED.);
#1331=CIRCLE('',#1330,1.E-1);
#1340=CIRCLE('',#1339,1.E-1);
#1345=CIRCLE('',#1344,1.E-1);
#1350=B_SPLINE_CURVE_WITH_KNOTS('',3,(#1346,#1347,#1348,#1349),.UNSPECIFIED.,
.F.,.F.,(4,4),(0.E0,1.E0),.UNSPECIFIED.);
#1355=CIRCLE('',#1354,1.E-1);
#1364=CIRCLE('',#1363,2.95E0);
#1369=CIRCLE('',#1368,3.E-1);
#1374=CIRCLE('',#1373,2.95E0);
#1379=CIRCLE('',#1378,3.E-1);
#2290=EDGE_CURVE('',#1786,#1787,#22,.T.);
#2292=EDGE_CURVE('',#1789,#1786,#141,.T.);
#2294=EDGE_CURVE('',#1791,#1789,#146,.T.);
#2296=EDGE_CURVE('',#1791,#1787,#17,.T.);
#2300=ADVANCED_FACE('',(#2299),#2289,.T.);
#2307=EDGE_CURVE('',#1787,#1786,#27,.T.);
#2311=EDGE_CURVE('',#1794,#1795,#32,.T.);
#2313=EDGE_CURVE('',#1795,#1794,#37,.T.);
#2317=EDGE_CURVE('',#1798,#1799,#42,.T.);
#2319=EDGE_CURVE('',#1799,#1798,#47,.T.);
#2323=EDGE_CURVE('',#1802,#1803,#52,.T.);
#2325=EDGE_CURVE('',#1803,#1802,#57,.T.);
#2329=EDGE_CURVE('',#1806,#1807,#62,.T.);
#2331=EDGE_CURVE('',#1807,#1806,#67,.T.);
#2335=EDGE_CURVE('',#1810,#1811,#72,.T.);
#2337=EDGE_CURVE('',#1811,#1810,#77,.T.);
#2341=EDGE_CURVE('',#1814,#1815,#82,.T.);
#2343=EDGE_CURVE('',#1815,#1814,#87,.T.);
#2347=EDGE_CURVE('',#1818,#1819,#92,.T.);
#2349=EDGE_CURVE('',#1819,#1818,#97,.T.);
#2353=EDGE_CURVE('',#1822,#1823,#102,.T.);
#2355=EDGE_CURVE('',#1823,#1822,#107,.T.);
#2359=EDGE_CURVE('',#1826,#1827,#112,.T.);
#2361=EDGE_CURVE('',#1827,#1826,#117,.T.);
#2365=EDGE_CURVE('',#1830,#1831,#122,.T.);
#2367=EDGE_CURVE('',#1831,#1830,#127,.T.);
#2371=EDGE_CURVE('',#1834,#1835,#132,.T.);
#2373=EDGE_CURVE('',#1835,#1834,#137,.T.);
#2377=ADVANCED_FACE('',(#2310,#2316,#2322,#2328,#2334,#2340,#2346,#2352,#2358,
#2364,#2370,#2376),#2305,.F.);
#2385=EDGE_CURVE('',#1789,#1791,#151,.T.);
#2390=ADVANCED_FACE('',(#2389),#2382,.T.);
#2400=EDGE_CURVE('',#1838,#1839,#156,.T.);
#2402=EDGE_CURVE('',#1839,#1838,#161,.T.);
#2406=EDGE_CURVE('',#1842,#1843,#166,.T.);
#2408=EDGE_CURVE('',#1843,#1842,#171,.T.);
#2412=EDGE_CURVE('',#1846,#1847,#176,.T.);
#2414=EDGE_CURVE('',#1847,#1846,#181,.T.);
#2418=EDGE_CURVE('',#1850,#1851,#186,.T.);
#2420=EDGE_CURVE('',#1851,#1850,#191,.T.);
#2424=EDGE_CURVE('',#1854,#1855,#196,.T.);
#2426=EDGE_CURVE('',#1855,#1854,#201,.T.);
#2430=EDGE_CURVE('',#1858,#1859,#206,.T.);
#2432=EDGE_CURVE('',#1859,#1858,#211,.T.);
#2436=EDGE_CURVE('',#1862,#1863,#216,.T.);
#2438=EDGE_CURVE('',#1863,#1862,#221,.T.);
#2442=EDGE_CURVE('',#1866,#1867,#226,.T.);
#2444=EDGE_CURVE('',#1867,#1866,#231,.T.);
#2448=EDGE_CURVE('',#1870,#1871,#236,.T.);
#2450=EDGE_CURVE('',#1871,#1870,#241,.T.);
#2454=EDGE_CURVE('',#1874,#1875,#246,.T.);
#2456=EDGE_CURVE('',#1875,#1874,#251,.T.);
#2460=EDGE_CURVE('',#1878,#1879,#256,.T.);
#2462=EDGE_CURVE('',#1879,#1878,#261,.T.);
#2466=ADVANCED_FACE('',(#2399,#2405,#2411,#2417,#2423,#2429,#2435,#2441,#2447,
#2453,#2459,#2465),#2395,.T.);
#2473=EDGE_CURVE('',#1881,#1838,#269,.T.);
#2475=EDGE_CURVE('',#1883,#1881,#274,.T.);
#2477=EDGE_CURVE('',#1883,#1839,#265,.T.);
#2481=ADVANCED_FACE('',(#2480),#2471,.T.);
#2489=EDGE_CURVE('',#1881,#1883,#279,.T.);
#2494=ADVANCED_FACE('',(#2493),#2486,.T.);
#2504=EDGE_CURVE('',#1889,#1886,#284,.T.);
#2506=EDGE_CURVE('',#1886,#1887,#289,.T.);
#2508=EDGE_CURVE('',#1887,#1891,#294,.T.);
#2510=EDGE_CURVE('',#1891,#1889,#299,.T.);
#2514=ADVANCED_FACE('',(#2503,#2513),#2499,.T.);
#2522=EDGE_CURVE('',#1893,#1889,#329,.T.);
#2524=EDGE_CURVE('',#1893,#1896,#304,.T.);
#2526=EDGE_CURVE('',#1896,#1897,#309,.T.);
#2528=EDGE_CURVE('',#1897,#1887,#314,.T.);
#2532=ADVANCED_FACE('',(#2531),#2519,.T.);
#2541=EDGE_CURVE('',#1897,#1899,#319,.T.);
#2543=EDGE_CURVE('',#1899,#1893,#324,.T.);
#2548=ADVANCED_FACE('',(#2547),#2537,.T.);
#2556=EDGE_CURVE('',#1897,#1901,#333,.T.);
#2558=EDGE_CURVE('',#1903,#1901,#342,.T.);
#2560=EDGE_CURVE('',#1903,#1893,#337,.T.);
#2564=ADVANCED_FACE('',(#2563),#2553,.F.);
#2573=EDGE_CURVE('',#1901,#1903,#347,.T.);
#2578=ADVANCED_FACE('',(#2577),#2569,.F.);
#2588=EDGE_CURVE('',#1906,#1907,#352,.T.);
#2590=EDGE_CURVE('',#1907,#1906,#357,.T.);
#2594=ADVANCED_FACE('',(#2587,#2593),#2583,.T.);
#2600=EDGE_CURVE('',#1910,#1911,#846,.T.);
#2602=EDGE_CURVE('',#1907,#1910,#1703,.T.);
#2605=EDGE_CURVE('',#1906,#1911,#361,.T.);
#2609=ADVANCED_FACE('',(#2608),#2599,.F.);
#2615=EDGE_CURVE('',#1914,#1915,#366,.T.);
#2617=EDGE_CURVE('',#1915,#1917,#371,.T.);
#2619=EDGE_CURVE('',#1917,#1918,#376,.T.);
#2621=EDGE_CURVE('',#1918,#1920,#381,.T.);
#2623=EDGE_CURVE('',#1920,#1921,#386,.T.);
#2625=EDGE_CURVE('',#1921,#1923,#391,.T.);
#2627=EDGE_CURVE('',#1923,#1925,#396,.T.);
#2629=EDGE_CURVE('',#1925,#1927,#400,.T.);
#2631=EDGE_CURVE('',#1927,#1929,#405,.T.);
#2633=EDGE_CURVE('',#1929,#1930,#410,.T.);
#2635=EDGE_CURVE('',#1930,#1932,#415,.T.);
#2637=EDGE_CURVE('',#1932,#1934,#420,.T.);
#2639=EDGE_CURVE('',#1934,#1936,#424,.T.);
#2641=EDGE_CURVE('',#1936,#1938,#429,.T.);
#2643=EDGE_CURVE('',#1938,#1939,#434,.T.);
#2645=EDGE_CURVE('',#1939,#1941,#439,.T.);
#2647=EDGE_CURVE('',#1941,#1943,#444,.T.);
#2649=EDGE_CURVE('',#1943,#1945,#448,.T.);
#2651=EDGE_CURVE('',#1945,#1947,#453,.T.);
#2653=EDGE_CURVE('',#1947,#1948,#458,.T.);
#2655=EDGE_CURVE('',#1948,#1950,#463,.T.);
#2657=EDGE_CURVE('',#1950,#1952,#468,.T.);
#2659=EDGE_CURVE('',#1952,#1954,#472,.T.);
#2661=EDGE_CURVE('',#1954,#1956,#477,.T.);
#2663=EDGE_CURVE('',#1956,#1957,#482,.T.);
#2665=EDGE_CURVE('',#1957,#1959,#487,.T.);
#2667=EDGE_CURVE('',#1959,#1961,#492,.T.);
#2669=EDGE_CURVE('',#1961,#1963,#496,.T.);
#2671=EDGE_CURVE('',#1963,#1965,#501,.T.);
#2673=EDGE_CURVE('',#1965,#1966,#506,.T.);
#2675=EDGE_CURVE('',#1966,#1968,#511,.T.);
#2677=EDGE_CURVE('',#1968,#1970,#516,.T.);
#2679=EDGE_CURVE('',#1970,#1972,#520,.T.);
#2681=EDGE_CURVE('',#1972,#1974,#525,.T.);
#2683=EDGE_CURVE('',#1974,#1975,#530,.T.);
#2685=EDGE_CURVE('',#1975,#1977,#535,.T.);
#2687=EDGE_CURVE('',#1977,#1979,#540,.T.);
#2689=EDGE_CURVE('',#1979,#1981,#544,.T.);
#2691=EDGE_CURVE('',#1981,#1983,#549,.T.);
#2693=EDGE_CURVE('',#1983,#1984,#554,.T.);
#2695=EDGE_CURVE('',#1984,#1986,#559,.T.);
#2697=EDGE_CURVE('',#1986,#1988,#564,.T.);
#2699=EDGE_CURVE('',#1988,#1990,#568,.T.);
#2701=EDGE_CURVE('',#1990,#1992,#573,.T.);
#2703=EDGE_CURVE('',#1992,#1993,#578,.T.);
#2705=EDGE_CURVE('',#1993,#1995,#583,.T.);
#2707=EDGE_CURVE('',#1995,#1997,#588,.T.);
#2709=EDGE_CURVE('',#1997,#1999,#592,.T.);
#2711=EDGE_CURVE('',#1999,#2001,#597,.T.);
#2713=EDGE_CURVE('',#2001,#2002,#602,.T.);
#2715=EDGE_CURVE('',#2002,#2004,#607,.T.);
#2717=EDGE_CURVE('',#2004,#2006,#612,.T.);
#2719=EDGE_CURVE('',#2006,#2008,#616,.T.);
#2721=EDGE_CURVE('',#2008,#2010,#621,.T.);
#2723=EDGE_CURVE('',#2010,#2011,#626,.T.);
#2725=EDGE_CURVE('',#2011,#2013,#631,.T.);
#2727=EDGE_CURVE('',#2013,#2015,#636,.T.);
#2729=EDGE_CURVE('',#2015,#2017,#640,.T.);
#2731=EDGE_CURVE('',#2017,#2019,#645,.T.);
#2733=EDGE_CURVE('',#2019,#2020,#650,.T.);
#2735=EDGE_CURVE('',#2020,#2022,#655,.T.);
#2737=EDGE_CURVE('',#2022,#2024,#660,.T.);
#2739=EDGE_CURVE('',#2024,#2026,#664,.T.);
#2741=EDGE_CURVE('',#2026,#2028,#669,.T.);
#2743=EDGE_CURVE('',#2028,#2029,#674,.T.);
#2745=EDGE_CURVE('',#2029,#2031,#679,.T.);
#2747=EDGE_CURVE('',#2031,#2033,#684,.T.);
#2749=EDGE_CURVE('',#2033,#2035,#688,.T.);
#2751=EDGE_CURVE('',#2035,#2037,#693,.T.);
#2753=EDGE_CURVE('',#2037,#2038,#698,.T.);
#2755=EDGE_CURVE('',#2038,#2040,#703,.T.);
#2757=EDGE_CURVE('',#2040,#2042,#708,.T.);
#2759=EDGE_CURVE('',#2042,#2044,#712,.T.);
#2761=EDGE_CURVE('',#2044,#2046,#717,.T.);
#2763=EDGE_CURVE('',#2046,#2047,#722,.T.);
#2765=EDGE_CURVE('',#2047,#2049,#727,.T.);
#2767=EDGE_CURVE('',#2049,#2051,#732,.T.);
#2769=EDGE_CURVE('',#2051,#2053,#736,.T.);
#2771=EDGE_CURVE('',#2053,#2055,#741,.T.);
#2773=EDGE_CURVE('',#2055,#2056,#746,.T.);
#2775=EDGE_CURVE('',#2056,#2058,#751,.T.);
#2777=EDGE_CURVE('',#2058,#2060,#756,.T.);
#2779=EDGE_CURVE('',#2060,#2062,#760,.T.);
#2781=EDGE_CURVE('',#2062,#2064,#765,.T.);
#2783=EDGE_CURVE('',#2064,#2065,#770,.T.);
#2785=EDGE_CURVE('',#2065,#2067,#775,.T.);
#2787=EDGE_CURVE('',#2067,#2069,#780,.T.);
#2789=EDGE_CURVE('',#2069,#2071,#784,.T.);
#2791=EDGE_CURVE('',#2071,#2073,#789,.T.);
#2793=EDGE_CURVE('',#2073,#2074,#794,.T.);
#2795=EDGE_CURVE('',#2074,#2076,#799,.T.);
#2797=EDGE_CURVE('',#2076,#2078,#804,.T.);
#2799=EDGE_CURVE('',#2078,#2080,#808,.T.);
#2801=EDGE_CURVE('',#2080,#2082,#813,.T.);
#2803=EDGE_CURVE('',#2082,#2083,#818,.T.);
#2805=EDGE_CURVE('',#2083,#2085,#823,.T.);
#2807=EDGE_CURVE('',#2085,#2087,#828,.T.);
#2809=EDGE_CURVE('',#2087,#2089,#832,.T.);
#2811=EDGE_CURVE('',#2089,#2091,#837,.T.);
#2813=EDGE_CURVE('',#2091,#1914,#841,.T.);
#2818=EDGE_CURVE('',#1911,#1910,#851,.T.);
#2822=ADVANCED_FACE('',(#2816,#2821),#2614,.T.);
#2828=EDGE_CURVE('',#2094,#2095,#914,.T.);
#2830=EDGE_CURVE('',#2097,#2094,#909,.T.);
#2832=EDGE_CURVE('',#2097,#1917,#855,.T.);
#2836=EDGE_CURVE('',#1914,#2095,#859,.T.);
#2840=ADVANCED_FACE('',(#2839),#2827,.T.);
#2846=EDGE_CURVE('',#2103,#2100,#864,.T.);
#2848=EDGE_CURVE('',#2100,#2101,#869,.T.);
#2850=EDGE_CURVE('',#2101,#2105,#874,.T.);
#2852=EDGE_CURVE('',#2105,#2103,#879,.T.);
#2856=EDGE_CURVE('',#2111,#2108,#884,.T.);
#2858=EDGE_CURVE('',#2108,#2109,#889,.T.);
#2860=EDGE_CURVE('',#2109,#2112,#894,.T.);
#2862=EDGE_CURVE('',#2112,#2114,#899,.T.);
#2864=EDGE_CURVE('',#2114,#2097,#904,.T.);
#2868=EDGE_CURVE('',#2095,#2116,#918,.T.);
#2870=EDGE_CURVE('',#2116,#2118,#923,.T.);
#2872=EDGE_CURVE('',#2118,#2120,#927,.T.);
#2874=EDGE_CURVE('',#2120,#2123,#932,.T.);
#2876=EDGE_CURVE('',#2123,#2124,#937,.T.);
#2878=EDGE_CURVE('',#2124,#2125,#942,.T.);
#2880=EDGE_CURVE('',#2125,#2127,#947,.T.);
#2882=EDGE_CURVE('',#2127,#2129,#951,.T.);
#2884=EDGE_CURVE('',#2129,#2132,#956,.T.);
#2886=EDGE_CURVE('',#2132,#2133,#961,.T.);
#2888=EDGE_CURVE('',#2133,#2134,#966,.T.);
#2890=EDGE_CURVE('',#2134,#2136,#971,.T.);
#2892=EDGE_CURVE('',#2136,#2138,#975,.T.);
#2894=EDGE_CURVE('',#2138,#2141,#980,.T.);
#2896=EDGE_CURVE('',#2141,#2142,#985,.T.);
#2898=EDGE_CURVE('',#2142,#2143,#990,.T.);
#2900=EDGE_CURVE('',#2143,#2145,#995,.T.);
#2902=EDGE_CURVE('',#2145,#2147,#999,.T.);
#2904=EDGE_CURVE('',#2147,#2150,#1004,.T.);
#2906=EDGE_CURVE('',#2150,#2151,#1009,.T.);
#2908=EDGE_CURVE('',#2151,#2152,#1014,.T.);
#2910=EDGE_CURVE('',#2152,#2154,#1019,.T.);
#2912=EDGE_CURVE('',#2154,#2156,#1023,.T.);
#2914=EDGE_CURVE('',#2156,#2159,#1028,.T.);
#2916=EDGE_CURVE('',#2159,#2160,#1033,.T.);
#2918=EDGE_CURVE('',#2160,#2161,#1038,.T.);
#2920=EDGE_CURVE('',#2161,#2163,#1043,.T.);
#2922=EDGE_CURVE('',#2163,#2165,#1047,.T.);
#2924=EDGE_CURVE('',#2165,#2168,#1052,.T.);
#2926=EDGE_CURVE('',#2168,#2169,#1057,.T.);
#2928=EDGE_CURVE('',#2169,#2170,#1062,.T.);
#2930=EDGE_CURVE('',#2170,#2172,#1067,.T.);
#2932=EDGE_CURVE('',#2172,#2174,#1071,.T.);
#2934=EDGE_CURVE('',#2174,#2177,#1076,.T.);
#2936=EDGE_CURVE('',#2177,#2178,#1081,.T.);
#2938=EDGE_CURVE('',#2178,#2179,#1086,.T.);
#2940=EDGE_CURVE('',#2179,#2181,#1091,.T.);
#2942=EDGE_CURVE('',#2181,#2183,#1095,.T.);
#2944=EDGE_CURVE('',#2183,#2186,#1100,.T.);
#2946=EDGE_CURVE('',#2186,#2187,#1105,.T.);
#2948=EDGE_CURVE('',#2187,#2188,#1110,.T.);
#2950=EDGE_CURVE('',#2188,#2190,#1115,.T.);
#2952=EDGE_CURVE('',#2190,#2192,#1119,.T.);
#2954=EDGE_CURVE('',#2192,#2195,#1124,.T.);
#2956=EDGE_CURVE('',#2195,#2196,#1129,.T.);
#2958=EDGE_CURVE('',#2196,#2197,#1134,.T.);
#2960=EDGE_CURVE('',#2197,#2199,#1139,.T.);
#2962=EDGE_CURVE('',#2199,#2201,#1143,.T.);
#2964=EDGE_CURVE('',#2201,#2204,#1148,.T.);
#2966=EDGE_CURVE('',#2204,#2205,#1153,.T.);
#2968=EDGE_CURVE('',#2205,#2206,#1158,.T.);
#2970=EDGE_CURVE('',#2206,#2208,#1163,.T.);
#2972=EDGE_CURVE('',#2208,#2210,#1167,.T.);
#2974=EDGE_CURVE('',#2210,#2213,#1172,.T.);
#2976=EDGE_CURVE('',#2213,#2214,#1177,.T.);
#2978=EDGE_CURVE('',#2214,#2215,#1182,.T.);
#2980=EDGE_CURVE('',#2215,#2217,#1187,.T.);
#2982=EDGE_CURVE('',#2217,#2219,#1191,.T.);
#2984=EDGE_CURVE('',#2219,#2222,#1196,.T.);
#2986=EDGE_CURVE('',#2222,#2223,#1201,.T.);
#2988=EDGE_CURVE('',#2223,#2224,#1206,.T.);
#2990=EDGE_CURVE('',#2224,#2226,#1211,.T.);
#2992=EDGE_CURVE('',#2226,#2228,#1215,.T.);
#2994=EDGE_CURVE('',#2228,#2231,#1220,.T.);
#2996=EDGE_CURVE('',#2231,#2232,#1225,.T.);
#2998=EDGE_CURVE('',#2232,#2233,#1230,.T.);
#3000=EDGE_CURVE('',#2233,#2235,#1235,.T.);
#3002=EDGE_CURVE('',#2235,#2237,#1239,.T.);
#3004=EDGE_CURVE('',#2237,#2240,#1244,.T.);
#3006=EDGE_CURVE('',#2240,#2241,#1249,.T.);
#3008=EDGE_CURVE('',#2241,#2242,#1254,.T.);
#3010=EDGE_CURVE('',#2242,#2244,#1259,.T.);
#3012=EDGE_CURVE('',#2244,#2246,#1263,.T.);
#3014=EDGE_CURVE('',#2246,#2249,#1268,.T.);
#3016=EDGE_CURVE('',#2249,#2250,#1273,.T.);
#3018=EDGE_CURVE('',#2250,#2251,#1278,.T.);
#3020=EDGE_CURVE('',#2251,#2253,#1283,.T.);
#3022=EDGE_CURVE('',#2253,#2255,#1287,.T.);
#3024=EDGE_CURVE('',#2255,#2258,#1292,.T.);
#3026=EDGE_CURVE('',#2258,#2259,#1297,.T.);
#3028=EDGE_CURVE('',#2259,#2260,#1302,.T.);
#3030=EDGE_CURVE('',#2260,#2262,#1307,.T.);
#3032=EDGE_CURVE('',#2262,#2264,#1311,.T.);
#3034=EDGE_CURVE('',#2264,#2267,#1316,.T.);
#3036=EDGE_CURVE('',#2267,#2268,#1321,.T.);
#3038=EDGE_CURVE('',#2268,#2269,#1326,.T.);
#3040=EDGE_CURVE('',#2269,#2271,#1331,.T.);
#3042=EDGE_CURVE('',#2271,#2273,#1335,.T.);
#3044=EDGE_CURVE('',#2273,#2276,#1340,.T.);
#3046=EDGE_CURVE('',#2276,#2277,#1345,.T.);
#3048=EDGE_CURVE('',#2277,#2278,#1350,.T.);
#3050=EDGE_CURVE('',#2278,#2280,#1355,.T.);
#3052=EDGE_CURVE('',#2280,#2111,#1359,.T.);
#3056=ADVANCED_FACE('',(#2855,#3055),#2845,.T.);
#3064=EDGE_CURVE('',#2282,#2103,#1379,.T.);
#3066=EDGE_CURVE('',#2282,#2284,#1364,.T.);
#3068=EDGE_CURVE('',#2284,#2101,#1369,.T.);
#3072=ADVANCED_FACE('',(#3071),#3061,.T.);
#3081=EDGE_CURVE('',#2284,#2282,#1374,.T.);
#3086=ADVANCED_FACE('',(#3085),#3077,.T.);
#3093=EDGE_CURVE('',#2284,#1834,#1383,.T.);
#3096=EDGE_CURVE('',#2282,#1835,#1387,.T.);
#3100=ADVANCED_FACE('',(#3099),#3091,.T.);
#3112=ADVANCED_FACE('',(#3111),#3105,.T.);
#3120=EDGE_CURVE('',#1921,#2109,#1391,.T.);
#3124=EDGE_CURVE('',#2111,#1925,#1395,.T.);
#3128=ADVANCED_FACE('',(#3127),#3117,.T.);
#3136=EDGE_CURVE('',#2112,#1920,#1403,.T.);
#3141=ADVANCED_FACE('',(#3140),#3133,.F.);
#3147=EDGE_CURVE('',#1918,#2114,#1399,.T.);
#3154=ADVANCED_FACE('',(#3153),#3146,.F.);
#3166=ADVANCED_FACE('',(#3165),#3159,.F.);
#3174=EDGE_CURVE('',#1927,#2280,#1407,.T.);
#3179=ADVANCED_FACE('',(#3178),#3171,.F.);
#3187=EDGE_CURVE('',#2278,#1929,#1411,.T.);
#3192=ADVANCED_FACE('',(#3191),#3184,.F.);
#3198=EDGE_CURVE('',#1930,#2277,#1415,.T.);
#3205=ADVANCED_FACE('',(#3204),#3197,.F.);
#3216=EDGE_CURVE('',#2273,#1934,#1419,.T.);
#3220=ADVANCED_FACE('',(#3219),#3210,.T.);
#3228=EDGE_CURVE('',#1936,#2271,#1423,.T.);
#3233=ADVANCED_FACE('',(#3232),#3225,.F.);
#3241=EDGE_CURVE('',#2269,#1938,#1427,.T.);
#3246=ADVANCED_FACE('',(#3245),#3238,.F.);
#3252=EDGE_CURVE('',#1939,#2268,#1431,.T.);
#3259=ADVANCED_FACE('',(#3258),#3251,.F.);
#3270=EDGE_CURVE('',#2264,#1943,#1435,.T.);
#3274=ADVANCED_FACE('',(#3273),#3264,.T.);
#3282=EDGE_CURVE('',#1945,#2262,#1439,.T.);
#3287=ADVANCED_FACE('',(#3286),#3279,.F.);
#3295=EDGE_CURVE('',#2260,#1947,#1443,.T.);
#3300=ADVANCED_FACE('',(#3299),#3292,.F.);
#3306=EDGE_CURVE('',#1948,#2259,#1447,.T.);
#3313=ADVANCED_FACE('',(#3312),#3305,.F.);
#3324=EDGE_CURVE('',#2255,#1952,#1451,.T.);
#3328=ADVANCED_FACE('',(#3327),#3318,.T.);
#3336=EDGE_CURVE('',#1954,#2253,#1455,.T.);
#3341=ADVANCED_FACE('',(#3340),#3333,.F.);
#3349=EDGE_CURVE('',#2251,#1956,#1459,.T.);
#3354=ADVANCED_FACE('',(#3353),#3346,.F.);
#3360=EDGE_CURVE('',#1957,#2250,#1463,.T.);
#3367=ADVANCED_FACE('',(#3366),#3359,.F.);
#3378=EDGE_CURVE('',#2246,#1961,#1467,.T.);
#3382=ADVANCED_FACE('',(#3381),#3372,.T.);
#3390=EDGE_CURVE('',#1963,#2244,#1471,.T.);
#3395=ADVANCED_FACE('',(#3394),#3387,.F.);
#3403=EDGE_CURVE('',#2242,#1965,#1475,.T.);
#3408=ADVANCED_FACE('',(#3407),#3400,.F.);
#3414=EDGE_CURVE('',#1966,#2241,#1479,.T.);
#3421=ADVANCED_FACE('',(#3420),#3413,.F.);
#3432=EDGE_CURVE('',#2237,#1970,#1483,.T.);
#3436=ADVANCED_FACE('',(#3435),#3426,.T.);
#3444=EDGE_CURVE('',#1972,#2235,#1487,.T.);
#3449=ADVANCED_FACE('',(#3448),#3441,.F.);
#3457=EDGE_CURVE('',#2233,#1974,#1491,.T.);
#3462=ADVANCED_FACE('',(#3461),#3454,.F.);
#3468=EDGE_CURVE('',#1975,#2232,#1495,.T.);
#3475=ADVANCED_FACE('',(#3474),#3467,.F.);
#3486=EDGE_CURVE('',#2228,#1979,#1499,.T.);
#3490=ADVANCED_FACE('',(#3489),#3480,.T.);
#3498=EDGE_CURVE('',#1981,#2226,#1503,.T.);
#3503=ADVANCED_FACE('',(#3502),#3495,.F.);
#3511=EDGE_CURVE('',#2224,#1983,#1507,.T.);
#3516=ADVANCED_FACE('',(#3515),#3508,.F.);
#3522=EDGE_CURVE('',#1984,#2223,#1511,.T.);
#3529=ADVANCED_FACE('',(#3528),#3521,.F.);
#3540=EDGE_CURVE('',#2219,#1988,#1515,.T.);
#3544=ADVANCED_FACE('',(#3543),#3534,.T.);
#3552=EDGE_CURVE('',#1990,#2217,#1519,.T.);
#3557=ADVANCED_FACE('',(#3556),#3549,.F.);
#3565=EDGE_CURVE('',#2215,#1992,#1523,.T.);
#3570=ADVANCED_FACE('',(#3569),#3562,.F.);
#3576=EDGE_CURVE('',#1993,#2214,#1527,.T.);
#3583=ADVANCED_FACE('',(#3582),#3575,.F.);
#3594=EDGE_CURVE('',#2210,#1997,#1531,.T.);
#3598=ADVANCED_FACE('',(#3597),#3588,.T.);
#3606=EDGE_CURVE('',#1999,#2208,#1535,.T.);
#3611=ADVANCED_FACE('',(#3610),#3603,.F.);
#3619=EDGE_CURVE('',#2206,#2001,#1539,.T.);
#3624=ADVANCED_FACE('',(#3623),#3616,.F.);
#3630=EDGE_CURVE('',#2002,#2205,#1543,.T.);
#3637=ADVANCED_FACE('',(#3636),#3629,.F.);
#3648=EDGE_CURVE('',#2201,#2006,#1547,.T.);
#3652=ADVANCED_FACE('',(#3651),#3642,.T.);
#3660=EDGE_CURVE('',#2008,#2199,#1551,.T.);
#3665=ADVANCED_FACE('',(#3664),#3657,.F.);
#3673=EDGE_CURVE('',#2197,#2010,#1555,.T.);
#3678=ADVANCED_FACE('',(#3677),#3670,.F.);
#3684=EDGE_CURVE('',#2011,#2196,#1559,.T.);
#3691=ADVANCED_FACE('',(#3690),#3683,.F.);
#3702=EDGE_CURVE('',#2192,#2015,#1563,.T.);
#3706=ADVANCED_FACE('',(#3705),#3696,.T.);
#3714=EDGE_CURVE('',#2017,#2190,#1567,.T.);
#3719=ADVANCED_FACE('',(#3718),#3711,.F.);
#3727=EDGE_CURVE('',#2188,#2019,#1571,.T.);
#3732=ADVANCED_FACE('',(#3731),#3724,.F.);
#3738=EDGE_CURVE('',#2020,#2187,#1575,.T.);
#3745=ADVANCED_FACE('',(#3744),#3737,.F.);
#3756=EDGE_CURVE('',#2183,#2024,#1579,.T.);
#3760=ADVANCED_FACE('',(#3759),#3750,.T.);
#3768=EDGE_CURVE('',#2026,#2181,#1583,.T.);
#3773=ADVANCED_FACE('',(#3772),#3765,.F.);
#3781=EDGE_CURVE('',#2179,#2028,#1587,.T.);
#3786=ADVANCED_FACE('',(#3785),#3778,.F.);
#3792=EDGE_CURVE('',#2029,#2178,#1591,.T.);
#3799=ADVANCED_FACE('',(#3798),#3791,.F.);
#3810=EDGE_CURVE('',#2174,#2033,#1595,.T.);
#3814=ADVANCED_FACE('',(#3813),#3804,.T.);
#3822=EDGE_CURVE('',#2035,#2172,#1599,.T.);
#3827=ADVANCED_FACE('',(#3826),#3819,.F.);
#3835=EDGE_CURVE('',#2170,#2037,#1603,.T.);
#3840=ADVANCED_FACE('',(#3839),#3832,.F.);
#3846=EDGE_CURVE('',#2038,#2169,#1607,.T.);
#3853=ADVANCED_FACE('',(#3852),#3845,.F.);
#3864=EDGE_CURVE('',#2165,#2042,#1611,.T.);
#3868=ADVANCED_FACE('',(#3867),#3858,.T.);
#3876=EDGE_CURVE('',#2044,#2163,#1615,.T.);
#3881=ADVANCED_FACE('',(#3880),#3873,.F.);
#3889=EDGE_CURVE('',#2161,#2046,#1619,.T.);
#3894=ADVANCED_FACE('',(#3893),#3886,.F.);
#3900=EDGE_CURVE('',#2047,#2160,#1623,.T.);
#3907=ADVANCED_FACE('',(#3906),#3899,.F.);
#3918=EDGE_CURVE('',#2156,#2051,#1627,.T.);
#3922=ADVANCED_FACE('',(#3921),#3912,.T.);
#3930=EDGE_CURVE('',#2053,#2154,#1631,.T.);
#3935=ADVANCED_FACE('',(#3934),#3927,.F.);
#3943=EDGE_CURVE('',#2152,#2055,#1635,.T.);
#3948=ADVANCED_FACE('',(#3947),#3940,.F.);
#3954=EDGE_CURVE('',#2056,#2151,#1639,.T.);
#3961=ADVANCED_FACE('',(#3960),#3953,.F.);
#3972=EDGE_CURVE('',#2147,#2060,#1643,.T.);
#3976=ADVANCED_FACE('',(#3975),#3966,.T.);
#3984=EDGE_CURVE('',#2062,#2145,#1647,.T.);
#3989=ADVANCED_FACE('',(#3988),#3981,.F.);
#3997=EDGE_CURVE('',#2143,#2064,#1651,.T.);
#4002=ADVANCED_FACE('',(#4001),#3994,.F.);
#4008=EDGE_CURVE('',#2065,#2142,#1655,.T.);
#4015=ADVANCED_FACE('',(#4014),#4007,.F.);
#4026=EDGE_CURVE('',#2138,#2069,#1659,.T.);
#4030=ADVANCED_FACE('',(#4029),#4020,.T.);
#4038=EDGE_CURVE('',#2071,#2136,#1663,.T.);
#4043=ADVANCED_FACE('',(#4042),#4035,.F.);
#4051=EDGE_CURVE('',#2134,#2073,#1667,.T.);
#4056=ADVANCED_FACE('',(#4055),#4048,.F.);
#4062=EDGE_CURVE('',#2074,#2133,#1671,.T.);
#4069=ADVANCED_FACE('',(#4068),#4061,.F.);
#4080=EDGE_CURVE('',#2129,#2078,#1675,.T.);
#4084=ADVANCED_FACE('',(#4083),#4074,.T.);
#4092=EDGE_CURVE('',#2080,#2127,#1679,.T.);
#4097=ADVANCED_FACE('',(#4096),#4089,.F.);
#4105=EDGE_CURVE('',#2125,#2082,#1683,.T.);
#4110=ADVANCED_FACE('',(#4109),#4102,.F.);
#4116=EDGE_CURVE('',#2083,#2124,#1687,.T.);
#4123=ADVANCED_FACE('',(#4122),#4115,.F.);
#4134=EDGE_CURVE('',#2120,#2087,#1691,.T.);
#4138=ADVANCED_FACE('',(#4137),#4128,.T.);
#4146=EDGE_CURVE('',#2089,#2118,#1699,.T.);
#4151=ADVANCED_FACE('',(#4150),#4143,.F.);
#4158=EDGE_CURVE('',#2116,#2091,#1695,.T.);
#4164=ADVANCED_FACE('',(#4163),#4156,.F.);
#4176=ADVANCED_FACE('',(#4175),#4169,.F.);
#4188=ADVANCED_FACE('',(#4187),#4181,.F.);
#4195=EDGE_CURVE('',#1794,#1843,#1707,.T.);
#4198=EDGE_CURVE('',#1795,#1842,#1711,.T.);
#4202=ADVANCED_FACE('',(#4201),#4193,.F.);
#4214=ADVANCED_FACE('',(#4213),#4207,.F.);
#4221=EDGE_CURVE('',#1798,#1847,#1715,.T.);
#4224=EDGE_CURVE('',#1799,#1846,#1719,.T.);
#4228=ADVANCED_FACE('',(#4227),#4219,.F.);
#4240=ADVANCED_FACE('',(#4239),#4233,.F.);
#4247=EDGE_CURVE('',#1802,#1851,#1723,.T.);
#4250=EDGE_CURVE('',#1803,#1850,#1727,.T.);
#4254=ADVANCED_FACE('',(#4253),#4245,.F.);
#4266=ADVANCED_FACE('',(#4265),#4259,.F.);
#4273=EDGE_CURVE('',#1806,#1855,#1731,.T.);
#4276=EDGE_CURVE('',#1807,#1854,#1735,.T.);
#4280=ADVANCED_FACE('',(#4279),#4271,.F.);
#4292=ADVANCED_FACE('',(#4291),#4285,.F.);
#4299=EDGE_CURVE('',#1810,#1859,#1739,.T.);
#4302=EDGE_CURVE('',#1811,#1858,#1743,.T.);
#4306=ADVANCED_FACE('',(#4305),#4297,.F.);
#4318=ADVANCED_FACE('',(#4317),#4311,.F.);
#4325=EDGE_CURVE('',#1814,#1863,#1747,.T.);
#4328=EDGE_CURVE('',#1815,#1862,#1751,.T.);
#4332=ADVANCED_FACE('',(#4331),#4323,.F.);
#4344=ADVANCED_FACE('',(#4343),#4337,.F.);
#4351=EDGE_CURVE('',#1818,#1867,#1755,.T.);
#4354=EDGE_CURVE('',#1819,#1866,#1759,.T.);
#4358=ADVANCED_FACE('',(#4357),#4349,.F.);
#4370=ADVANCED_FACE('',(#4369),#4363,.F.);
#4377=EDGE_CURVE('',#1822,#1871,#1763,.T.);
#4380=EDGE_CURVE('',#1823,#1870,#1767,.T.);
#4384=ADVANCED_FACE('',(#4383),#4375,.F.);
#4396=ADVANCED_FACE('',(#4395),#4389,.F.);
#4403=EDGE_CURVE('',#1826,#1875,#1771,.T.);
#4406=EDGE_CURVE('',#1827,#1874,#1775,.T.);
#4410=ADVANCED_FACE('',(#4409),#4401,.F.);
#4422=ADVANCED_FACE('',(#4421),#4415,.F.);
#4429=EDGE_CURVE('',#1830,#1879,#1779,.T.);
#4432=EDGE_CURVE('',#1831,#1878,#1783,.T.);
#4436=ADVANCED_FACE('',(#4435),#4427,.F.);
#4448=ADVANCED_FACE('',(#4447),#4441,.F.);
#4458=(GEOMETRIC_REPRESENTATION_CONTEXT(3)GLOBAL_UNCERTAINTY_ASSIGNED_CONTEXT((
#4457))GLOBAL_UNIT_ASSIGNED_CONTEXT((#4451,#4455,#4456))REPRESENTATION_CONTEXT(
'ID1','3'));
#4459=ADVANCED_BREP_SHAPE_REPRESENTATION('',(#4450),#4458);
#4466=PRODUCT_DEFINITION('part definition','',#4465,#4462);
#4467=PRODUCT_DEFINITION_SHAPE('','SHAPE FOR SJ-BB00-0024-CYCLE-0716_9.',#4466);
#4468=SHAPE_DEFINITION_REPRESENTATION(#4467,#4459);
ENDSEC;
END-ISO-10303-21;
