ISO-10303-21;
HEADER;
FILE_DESCRIPTION((''),'2;1');
FILE_NAME('SJ-BB00-0023-HAFTARM-0716_10','2020-07-16T',('WUSALT01'),(''),
'PRO/ENGINEER BY PARAMETRIC TECHNOLOGY CORPORATION, 2008380',
'PRO/ENGINEER BY PARAMETRIC TECHNOLOGY CORPORATION, 2008380','');
FILE_SCHEMA(('AUTOMOTIVE_DESIGN_CC2 { 1 2 10303 214 -1 1 5 2 }'));
ENDSEC;
DATA;
#14=DIRECTION('',(0.E0,-1.E0,0.E0));
#15=VECTOR('',#14,1.5E0);
#16=CARTESIAN_POINT('',(-5.E-1,1.5E0,-1.5E1));
#17=LINE('',#16,#15);
#18=CARTESIAN_POINT('',(0.E0,0.E0,0.E0));
#19=DIRECTION('',(0.E0,-1.E0,0.E0));
#20=DIRECTION('',(-9.944134157931E-1,0.E0,-1.055554758913E-1));
#21=AXIS2_PLACEMENT_3D('',#18,#19,#20);
#23=CARTESIAN_POINT('',(0.E0,0.E0,0.E0));
#24=DIRECTION('',(0.E0,-1.E0,0.E0));
#25=DIRECTION('',(0.E0,0.E0,-1.E0));
#26=AXIS2_PLACEMENT_3D('',#23,#24,#25);
#28=DIRECTION('',(-4.361938736541E-2,0.E0,-9.990482215819E-1));
#29=VECTOR('',#28,1.480196857641E1);
#30=CARTESIAN_POINT('',(2.943463710743E0,0.E0,-3.124442087736E-1));
#31=LINE('',#30,#29);
#32=CARTESIAN_POINT('',(0.E0,0.E0,-1.5E1));
#33=DIRECTION('',(0.E0,1.E0,0.E0));
#34=DIRECTION('',(9.990482215818E-1,0.E0,-4.361938736726E-2));
#35=AXIS2_PLACEMENT_3D('',#32,#33,#34);
#37=DIRECTION('',(-4.361938736451E-2,0.E0,9.990482215819E-1));
#38=VECTOR('',#37,1.480196857615E1);
#39=CARTESIAN_POINT('',(-2.297810909638E0,0.E0,-1.510032459094E1));
#40=LINE('',#39,#38);
#41=CARTESIAN_POINT('',(0.E0,0.E0,-1.5E1));
#42=DIRECTION('',(0.E0,-1.E0,0.E0));
#43=DIRECTION('',(1.E0,0.E0,0.E0));
#44=AXIS2_PLACEMENT_3D('',#41,#42,#43);
#46=CARTESIAN_POINT('',(0.E0,0.E0,-1.5E1));
#47=DIRECTION('',(0.E0,-1.E0,0.E0));
#48=DIRECTION('',(-1.E0,0.E0,0.E0));
#49=AXIS2_PLACEMENT_3D('',#46,#47,#48);
#51=CARTESIAN_POINT('',(0.E0,0.E0,-7.E0));
#52=DIRECTION('',(0.E0,-1.E0,0.E0));
#53=DIRECTION('',(1.E0,0.E0,0.E0));
#54=AXIS2_PLACEMENT_3D('',#51,#52,#53);
#56=CARTESIAN_POINT('',(0.E0,0.E0,-7.E0));
#57=DIRECTION('',(0.E0,-1.E0,0.E0));
#58=DIRECTION('',(-1.E0,0.E0,0.E0));
#59=AXIS2_PLACEMENT_3D('',#56,#57,#58);
#61=CARTESIAN_POINT('',(0.E0,0.E0,-1.E1));
#62=DIRECTION('',(0.E0,-1.E0,0.E0));
#63=DIRECTION('',(1.E0,0.E0,0.E0));
#64=AXIS2_PLACEMENT_3D('',#61,#62,#63);
#66=CARTESIAN_POINT('',(0.E0,0.E0,-1.E1));
#67=DIRECTION('',(0.E0,-1.E0,0.E0));
#68=DIRECTION('',(-1.E0,0.E0,0.E0));
#69=AXIS2_PLACEMENT_3D('',#66,#67,#68);
#71=CARTESIAN_POINT('',(0.E0,0.E0,-1.25E1));
#72=DIRECTION('',(0.E0,-1.E0,0.E0));
#73=DIRECTION('',(1.E0,0.E0,0.E0));
#74=AXIS2_PLACEMENT_3D('',#71,#72,#73);
#76=CARTESIAN_POINT('',(0.E0,0.E0,-1.25E1));
#77=DIRECTION('',(0.E0,-1.E0,0.E0));
#78=DIRECTION('',(-1.E0,0.E0,0.E0));
#79=AXIS2_PLACEMENT_3D('',#76,#77,#78);
#81=DIRECTION('',(0.E0,-1.E0,0.E0));
#82=VECTOR('',#81,1.5E0);
#83=CARTESIAN_POINT('',(2.96E0,3.E0,0.E0));
#84=LINE('',#83,#82);
#85=DIRECTION('',(2.169109336592E-11,-1.E0,1.124304353321E-10));
#86=VECTOR('',#85,1.5E0);
#87=CARTESIAN_POINT('',(2.943463710710E0,1.5E0,-3.124442089423E-1));
#88=LINE('',#87,#86);
#89=DIRECTION('',(5.230409086991E-14,1.E0,0.E0));
#90=VECTOR('',#89,4.1E-1);
#91=CARTESIAN_POINT('',(6.428545387044E-14,-4.1E-1,-2.96E0));
#92=LINE('',#91,#90);
#93=DIRECTION('',(1.080350623776E-11,1.E0,-1.540856331417E-11));
#94=VECTOR('',#93,1.5E0);
#95=CARTESIAN_POINT('',(-2.943463710718E0,0.E0,-3.124442090280E-1));
#96=LINE('',#95,#94);
#97=DIRECTION('',(0.E0,-1.E0,8.448736825817E-14));
#98=VECTOR('',#97,1.5E0);
#99=CARTESIAN_POINT('',(-2.96E0,3.E0,1.252912319022E-13));
#100=LINE('',#99,#98);
#101=CARTESIAN_POINT('',(0.E0,1.5E0,0.E0));
#102=DIRECTION('',(0.E0,-1.E0,0.E0));
#103=DIRECTION('',(-1.E0,0.E0,8.514266361130E-14));
#104=AXIS2_PLACEMENT_3D('',#101,#102,#103);
#106=CARTESIAN_POINT('',(0.E0,1.5E0,0.E0));
#107=DIRECTION('',(0.E0,-1.E0,0.E0));
#108=DIRECTION('',(9.944134157932E-1,0.E0,-1.055554758904E-1));
#109=AXIS2_PLACEMENT_3D('',#106,#107,#108);
#111=CARTESIAN_POINT('',(0.E0,3.E0,0.E0));
#112=DIRECTION('',(0.E0,-1.E0,0.E0));
#113=DIRECTION('',(-1.E0,0.E0,8.514266361130E-14));
#114=AXIS2_PLACEMENT_3D('',#111,#112,#113);
#116=CARTESIAN_POINT('',(2.66E0,3.E0,0.E0));
#117=DIRECTION('',(0.E0,0.E0,1.E0));
#118=DIRECTION('',(1.E0,0.E0,0.E0));
#119=AXIS2_PLACEMENT_3D('',#116,#117,#118);
#121=CARTESIAN_POINT('',(0.E0,3.3E0,0.E0));
#122=DIRECTION('',(0.E0,-1.E0,0.E0));
#123=DIRECTION('',(-1.E0,0.E0,0.E0));
#124=AXIS2_PLACEMENT_3D('',#121,#122,#123);
#126=CARTESIAN_POINT('',(0.E0,3.3E0,0.E0));
#127=DIRECTION('',(0.E0,-1.E0,0.E0));
#128=DIRECTION('',(1.206062228651E-2,0.E0,-9.999272680501E-1));
#129=AXIS2_PLACEMENT_3D('',#126,#127,#128);
#131=CARTESIAN_POINT('',(0.E0,3.3E0,0.E0));
#132=DIRECTION('',(0.E0,-1.E0,0.E0));
#133=DIRECTION('',(1.E0,0.E0,0.E0));
#134=AXIS2_PLACEMENT_3D('',#131,#132,#133);
#136=CARTESIAN_POINT('',(0.E0,3.3E0,0.E0));
#137=DIRECTION('',(0.E0,-1.E0,0.E0));
#138=DIRECTION('',(-1.206062228651E-2,0.E0,9.999272680501E-1));
#139=AXIS2_PLACEMENT_3D('',#136,#137,#138);
#141=CARTESIAN_POINT('',(-2.904432620794E-1,3.3E0,1.827058486068E0));
#142=DIRECTION('',(0.E0,-1.E0,0.E0));
#143=DIRECTION('',(-6.080129700935E-1,0.E0,-7.939270924953E-1));
#144=AXIS2_PLACEMENT_3D('',#141,#142,#143);
#146=CARTESIAN_POINT('',(-2.904432620794E-1,3.3E0,1.827058486068E0));
#147=DIRECTION('',(0.E0,-1.E0,0.E0));
#148=DIRECTION('',(1.569966055189E-1,0.E0,-9.875991422918E-1));
#149=AXIS2_PLACEMENT_3D('',#146,#147,#148);
#151=DIRECTION('',(5.591929034708E-1,0.E0,8.290375725550E-1));
#152=VECTOR('',#151,2.228850666640E-1);
#153=CARTESIAN_POINT('',(-2.075395048239E-1,3.3E0,1.771139195721E0));
#154=LINE('',#153,#152);
#155=CARTESIAN_POINT('',(-8.290375725574E-2,3.3E0,1.955919290347E0));
#156=CARTESIAN_POINT('',(-7.516408643795E-2,3.3E0,1.967393824211E0));
#157=CARTESIAN_POINT('',(-5.657751831475E-2,3.3E0,1.985473451484E0));
#158=CARTESIAN_POINT('',(-1.938449990952E-2,3.3E0,2.000743284524E0));
#159=CARTESIAN_POINT('',(2.023651774900E-2,3.3E0,2.000633774905E0));
#160=CARTESIAN_POINT('',(5.752067865125E-2,3.3E0,1.984772239656E0));
#161=CARTESIAN_POINT('',(7.532673995398E-2,3.3E0,1.967152680456E0));
#162=CARTESIAN_POINT('',(8.307013597711E-2,3.3E0,1.955672623748E0));
#164=DIRECTION('',(5.591929034708E-1,0.E0,-8.290375725550E-1));
#165=VECTOR('',#164,2.225875329852E-1);
#166=CARTESIAN_POINT('',(8.307013597711E-2,3.3E0,1.955672623748E0));
#167=LINE('',#166,#165);
#168=CARTESIAN_POINT('',(2.904432620794E-1,3.3E0,1.827058486068E0));
#169=DIRECTION('',(0.E0,-1.E0,0.E0));
#170=DIRECTION('',(-8.290375725626E-1,0.E0,-5.591929034595E-1));
#171=AXIS2_PLACEMENT_3D('',#168,#169,#170);
#173=CARTESIAN_POINT('',(2.904432620794E-1,3.3E0,1.827058486068E0));
#174=DIRECTION('',(0.E0,-1.E0,0.E0));
#175=DIRECTION('',(-1.569960276710E-1,0.E0,-9.875992341509E-1));
#176=AXIS2_PLACEMENT_3D('',#173,#174,#175);
#178=CARTESIAN_POINT('',(3.507251032903E-1,3.3E0,1.748341347909E0));
#179=CARTESIAN_POINT('',(4.091448374055E-1,3.3E0,1.793983846477E0));
#180=CARTESIAN_POINT('',(4.671464076647E-1,3.3E0,1.840165957753E0));
#181=CARTESIAN_POINT('',(5.255661417798E-1,3.3E0,1.885808456321E0));
#183=CARTESIAN_POINT('',(5.255661417798E-1,3.3E0,1.885808456321E0));
#184=CARTESIAN_POINT('',(5.364728321110E-1,3.3E0,1.894329696710E0));
#185=CARTESIAN_POINT('',(5.597366209200E-1,3.3E0,1.905780878624E0));
#186=CARTESIAN_POINT('',(5.998279213455E-1,3.3E0,1.908810078080E0));
#187=CARTESIAN_POINT('',(6.374759080386E-1,3.3E0,1.896462360453E0));
#188=CARTESIAN_POINT('',(6.680337682702E-1,3.3E0,1.869855704655E0));
#189=CARTESIAN_POINT('',(6.795235956756E-1,3.3E0,1.847596132519E0));
#190=CARTESIAN_POINT('',(6.833404703027E-1,3.3E0,1.834285108814E0));
#192=DIRECTION('',(2.756373558170E-1,0.E0,-9.612616959383E-1));
#193=VECTOR('',#192,2.225875329869E-1);
#194=CARTESIAN_POINT('',(6.833404703027E-1,3.3E0,1.834285108814E0));
#195=LINE('',#194,#193);
#196=CARTESIAN_POINT('',(8.408200789266E-1,3.3E0,1.647883974943E0));
#197=DIRECTION('',(0.E0,-1.E0,0.E0));
#198=DIRECTION('',(-9.612616959335E-1,0.E0,-2.756373558340E-1));
#199=AXIS2_PLACEMENT_3D('',#196,#197,#198);
#201=CARTESIAN_POINT('',(8.408200789266E-1,3.3E0,1.647883974943E0));
#202=DIRECTION('',(0.E0,-1.E0,0.E0));
#203=DIRECTION('',(-4.544970421333E-1,0.E0,-8.907482465276E-1));
#204=AXIS2_PLACEMENT_3D('',#201,#202,#203);
#206=CARTESIAN_POINT('',(8.738265833846E-1,3.3E0,1.554391414366E0));
#207=CARTESIAN_POINT('',(9.434913599181E-1,3.3E0,1.579747319401E0));
#208=CARTESIAN_POINT('',(1.012925188489E0,3.3E0,1.605745646356E0));
#209=CARTESIAN_POINT('',(1.082589965023E0,3.3E0,1.631101551391E0));
#211=CARTESIAN_POINT('',(1.082589965023E0,3.3E0,1.631101551391E0));
#212=CARTESIAN_POINT('',(1.095596052027E0,3.3E0,1.635835379925E0));
#213=CARTESIAN_POINT('',(1.121259839785E0,3.3E0,1.639537195007E0));
#214=CARTESIAN_POINT('',(1.160325006413E0,3.3E0,1.630029241731E0));
#215=CARTESIAN_POINT('',(1.192314714894E0,3.3E0,1.606651996728E0));
#216=CARTESIAN_POINT('',(1.213155058186E0,3.3E0,1.571904665231E0));
#217=CARTESIAN_POINT('',(1.217203947334E0,3.3E0,1.547184002171E0));
#218=CARTESIAN_POINT('',(1.216720678282E0,3.3E0,1.533344987213E0));
#220=DIRECTION('',(-3.489949670361E-2,0.E0,-9.993908270191E-1));
#221=VECTOR('',#220,2.225875329853E-1);
#222=CARTESIAN_POINT('',(1.216720678282E0,3.3E0,1.533344987213E0));
#223=LINE('',#222,#221);
#224=CARTESIAN_POINT('',(1.308891568110E0,3.3E0,1.307403098868E0));
#225=DIRECTION('',(0.E0,-1.E0,0.E0));
#226=DIRECTION('',(-9.993908270189E-1,0.E0,3.489949670694E-2));
#227=AXIS2_PLACEMENT_3D('',#224,#225,#226);
#229=CARTESIAN_POINT('',(1.308891568110E0,3.3E0,1.307403098868E0));
#230=DIRECTION('',(0.E0,-1.E0,0.E0));
#231=DIRECTION('',(-7.075087194446E-1,0.E0,-7.067046143262E-1));
#232=AXIS2_PLACEMENT_3D('',#229,#230,#231);
#234=CARTESIAN_POINT('',(1.311391829189E0,3.3E0,1.208286819103E0));
#235=CARTESIAN_POINT('',(1.385482374432E0,3.3E0,1.210874117955E0));
#236=CARTESIAN_POINT('',(1.459551794400E0,3.3E0,1.214143763206E0));
#237=CARTESIAN_POINT('',(1.533642339643E0,3.3E0,1.216731062058E0));
#239=CARTESIAN_POINT('',(1.533642339643E0,3.3E0,1.216731062058E0));
#240=CARTESIAN_POINT('',(1.547474696904E0,3.3E0,1.217214098617E0));
#241=CARTESIAN_POINT('',(1.573026333254E0,3.3E0,1.212804187417E0));
#242=CARTESIAN_POINT('',(1.607241395391E0,3.3E0,1.191689786121E0));
#243=CARTESIAN_POINT('',(1.630441450109E0,3.3E0,1.159571341362E0));
#244=CARTESIAN_POINT('',(1.639524278457E0,3.3E0,1.120084645072E0));
#245=CARTESIAN_POINT('',(1.635735895867E0,3.3E0,1.095322721827E0));
#246=CARTESIAN_POINT('',(1.630999788879E0,3.3E0,1.082310374820E0));
#248=DIRECTION('',(-3.420201433248E-1,0.E0,-9.396926207862E-1));
#249=VECTOR('',#248,2.225875329856E-1);
#250=CARTESIAN_POINT('',(1.630999788879E0,3.3E0,1.082310374820E0));
#251=LINE('',#250,#249);
#252=CARTESIAN_POINT('',(1.648839631024E0,3.3E0,8.389444982626E-1));
#253=DIRECTION('',(0.E0,-1.E0,0.E0));
#254=DIRECTION('',(-9.396926207937E-1,0.E0,3.420201433041E-1));
#255=AXIS2_PLACEMENT_3D('',#252,#253,#254);
#257=CARTESIAN_POINT('',(1.648839631024E0,3.3E0,8.389444982626E-1));
#258=DIRECTION('',(0.E0,-1.E0,0.E0));
#259=DIRECTION('',(-8.912645137933E-1,0.E0,-4.534838105740E-1));
#260=AXIS2_PLACEMENT_3D('',#257,#258,#259);
#262=CARTESIAN_POINT('',(1.620588905749E0,3.3E0,7.439066913581E-1));
#263=CARTESIAN_POINT('',(1.691852720912E0,3.3E0,7.234721211884E-1));
#264=CARTESIAN_POINT('',(1.763307301380E0,3.3E0,7.036930290758E-1));
#265=CARTESIAN_POINT('',(1.834571116543E0,3.3E0,6.832584589061E-1));
#267=CARTESIAN_POINT('',(1.834571116543E0,3.3E0,6.832584589061E-1));
#268=CARTESIAN_POINT('',(1.847875736558E0,3.3E0,6.794434205073E-1));
#269=CARTESIAN_POINT('',(1.870814049306E0,3.3E0,6.673534558581E-1));
#270=CARTESIAN_POINT('',(1.896829798281E0,3.3E0,6.366994312537E-1));
#271=CARTESIAN_POINT('',(1.908969216236E0,3.3E0,5.989837638939E-1));
#272=CARTESIAN_POINT('',(1.905405439118E0,3.3E0,5.586229357643E-1));
#273=CARTESIAN_POINT('',(1.894150618071E0,3.3E0,5.362436219063E-1));
#274=CARTESIAN_POINT('',(1.885625276298E0,3.3E0,5.253316820422E-1));
#276=DIRECTION('',(-6.156614753263E-1,0.E0,-7.880107536062E-1));
#277=VECTOR('',#276,2.225875329851E-1);
#278=CARTESIAN_POINT('',(1.885625276298E0,3.3E0,5.253316820422E-1));
#279=LINE('',#278,#277);
#280=CARTESIAN_POINT('',(1.827387782711E0,3.3E0,2.883641648973E-1));
#281=DIRECTION('',(0.E0,-1.E0,0.E0));
#282=DIRECTION('',(-7.880107535805E-1,0.E0,6.156614753592E-1));
#283=AXIS2_PLACEMENT_3D('',#280,#281,#282);
#285=CARTESIAN_POINT('',(1.827387782711E0,3.3E0,2.883641648973E-1));
#286=DIRECTION('',(0.E0,-1.E0,0.E0));
#287=DIRECTION('',(-9.877771277271E-1,0.E0,-1.558728518353E-1));
#288=AXIS2_PLACEMENT_3D('',#285,#286,#287);
#290=CARTESIAN_POINT('',(1.771151448908E0,3.3E0,2.067077935595E-1));
#291=CARTESIAN_POINT('',(1.832612735239E0,3.3E0,1.652516324728E-1));
#292=CARTESIAN_POINT('',(1.894458004015E0,3.3E0,1.243599183425E-1));
#293=CARTESIAN_POINT('',(1.955919290347E0,3.3E0,8.290375725585E-2));
#295=CARTESIAN_POINT('',(1.955919290347E0,3.3E0,8.290375725585E-2));
#296=CARTESIAN_POINT('',(1.967393824211E0,3.3E0,7.516408643793E-2));
#297=CARTESIAN_POINT('',(1.985473451484E0,3.3E0,5.657751831476E-2));
#298=CARTESIAN_POINT('',(2.000743284524E0,3.3E0,1.938449990952E-2));
#299=CARTESIAN_POINT('',(2.000633774905E0,3.3E0,-2.023651774900E-2));
#300=CARTESIAN_POINT('',(1.984772239656E0,3.3E0,-5.752067865125E-2));
#301=CARTESIAN_POINT('',(1.967152680456E0,3.3E0,-7.532673995398E-2));
#302=CARTESIAN_POINT('',(1.955672623748E0,3.3E0,-8.307013597711E-2));
#304=DIRECTION('',(-8.290375725550E-1,0.E0,-5.591929034708E-1));
#305=VECTOR('',#304,2.225875329852E-1);
#306=CARTESIAN_POINT('',(1.955672623748E0,3.3E0,-8.307013597711E-2));
#307=LINE('',#306,#305);
#308=CARTESIAN_POINT('',(1.827058486068E0,3.3E0,-2.904432620794E-1));
#309=DIRECTION('',(0.E0,-1.E0,0.E0));
#310=DIRECTION('',(-5.591929034595E-1,0.E0,8.290375725626E-1));
#311=AXIS2_PLACEMENT_3D('',#308,#309,#310);
#313=CARTESIAN_POINT('',(1.827058486068E0,3.3E0,-2.904432620794E-1));
#314=DIRECTION('',(0.E0,-1.E0,0.E0));
#315=DIRECTION('',(-9.875992341509E-1,0.E0,1.569960276710E-1));
#316=AXIS2_PLACEMENT_3D('',#313,#314,#315);
#318=CARTESIAN_POINT('',(1.748341347909E0,3.3E0,-3.507251032903E-1));
#319=CARTESIAN_POINT('',(1.793983846477E0,3.3E0,-4.091448374055E-1));
#320=CARTESIAN_POINT('',(1.840165957753E0,3.3E0,-4.671464076647E-1));
#321=CARTESIAN_POINT('',(1.885808456321E0,3.3E0,-5.255661417798E-1));
#323=CARTESIAN_POINT('',(1.885808456321E0,3.3E0,-5.255661417798E-1));
#324=CARTESIAN_POINT('',(1.894329696710E0,3.3E0,-5.364728321110E-1));
#325=CARTESIAN_POINT('',(1.905780878624E0,3.3E0,-5.597366209200E-1));
#326=CARTESIAN_POINT('',(1.908810078080E0,3.3E0,-5.998279213455E-1));
#327=CARTESIAN_POINT('',(1.896462360453E0,3.3E0,-6.374759080386E-1));
#328=CARTESIAN_POINT('',(1.869855704655E0,3.3E0,-6.680337682702E-1));
#329=CARTESIAN_POINT('',(1.847596132519E0,3.3E0,-6.795235956756E-1));
#330=CARTESIAN_POINT('',(1.834285108814E0,3.3E0,-6.833404703027E-1));
#332=DIRECTION('',(-9.612616959383E-1,0.E0,-2.756373558170E-1));
#333=VECTOR('',#332,2.225875329869E-1);
#334=CARTESIAN_POINT('',(1.834285108814E0,3.3E0,-6.833404703027E-1));
#335=LINE('',#334,#333);
#336=CARTESIAN_POINT('',(1.647883974943E0,3.3E0,-8.408200789266E-1));
#337=DIRECTION('',(0.E0,-1.E0,0.E0));
#338=DIRECTION('',(-2.756373558340E-1,0.E0,9.612616959335E-1));
#339=AXIS2_PLACEMENT_3D('',#336,#337,#338);
#341=CARTESIAN_POINT('',(1.647883974943E0,3.3E0,-8.408200789266E-1));
#342=DIRECTION('',(0.E0,-1.E0,0.E0));
#343=DIRECTION('',(-8.907482465276E-1,0.E0,4.544970421333E-1));
#344=AXIS2_PLACEMENT_3D('',#341,#342,#343);
#346=CARTESIAN_POINT('',(1.554391414366E0,3.3E0,-8.738265833846E-1));
#347=CARTESIAN_POINT('',(1.579747319401E0,3.3E0,-9.434913599181E-1));
#348=CARTESIAN_POINT('',(1.605745646356E0,3.3E0,-1.012925188489E0));
#349=CARTESIAN_POINT('',(1.631101551391E0,3.3E0,-1.082589965023E0));
#351=CARTESIAN_POINT('',(1.631101551391E0,3.3E0,-1.082589965023E0));
#352=CARTESIAN_POINT('',(1.635835379925E0,3.3E0,-1.095596052027E0));
#353=CARTESIAN_POINT('',(1.639537195007E0,3.3E0,-1.121259839785E0));
#354=CARTESIAN_POINT('',(1.630029241731E0,3.3E0,-1.160325006413E0));
#355=CARTESIAN_POINT('',(1.606651996728E0,3.3E0,-1.192314714894E0));
#356=CARTESIAN_POINT('',(1.571904665231E0,3.3E0,-1.213155058186E0));
#357=CARTESIAN_POINT('',(1.547184002171E0,3.3E0,-1.217203947334E0));
#358=CARTESIAN_POINT('',(1.533344987213E0,3.3E0,-1.216720678282E0));
#360=DIRECTION('',(-9.993908270191E-1,0.E0,3.489949670361E-2));
#361=VECTOR('',#360,2.225875329853E-1);
#362=CARTESIAN_POINT('',(1.533344987213E0,3.3E0,-1.216720678282E0));
#363=LINE('',#362,#361);
#364=CARTESIAN_POINT('',(1.307403098868E0,3.3E0,-1.308891568110E0));
#365=DIRECTION('',(0.E0,-1.E0,0.E0));
#366=DIRECTION('',(3.489949670694E-2,0.E0,9.993908270189E-1));
#367=AXIS2_PLACEMENT_3D('',#364,#365,#366);
#369=CARTESIAN_POINT('',(1.307403098868E0,3.3E0,-1.308891568110E0));
#370=DIRECTION('',(0.E0,-1.E0,0.E0));
#371=DIRECTION('',(-7.067046143262E-1,0.E0,7.075087194446E-1));
#372=AXIS2_PLACEMENT_3D('',#369,#370,#371);
#374=CARTESIAN_POINT('',(1.208286819103E0,3.3E0,-1.311391829189E0));
#375=CARTESIAN_POINT('',(1.210874117955E0,3.3E0,-1.385482374432E0));
#376=CARTESIAN_POINT('',(1.214143763206E0,3.3E0,-1.459551794400E0));
#377=CARTESIAN_POINT('',(1.216731062058E0,3.3E0,-1.533642339643E0));
#379=CARTESIAN_POINT('',(1.216731062058E0,3.3E0,-1.533642339643E0));
#380=CARTESIAN_POINT('',(1.217214098617E0,3.3E0,-1.547474696904E0));
#381=CARTESIAN_POINT('',(1.212804187417E0,3.3E0,-1.573026333254E0));
#382=CARTESIAN_POINT('',(1.191689786121E0,3.3E0,-1.607241395391E0));
#383=CARTESIAN_POINT('',(1.159571341362E0,3.3E0,-1.630441450109E0));
#384=CARTESIAN_POINT('',(1.120084645072E0,3.3E0,-1.639524278457E0));
#385=CARTESIAN_POINT('',(1.095322721827E0,3.3E0,-1.635735895867E0));
#386=CARTESIAN_POINT('',(1.082310374820E0,3.3E0,-1.630999788879E0));
#388=DIRECTION('',(-9.396926207862E-1,0.E0,3.420201433248E-1));
#389=VECTOR('',#388,2.225875329856E-1);
#390=CARTESIAN_POINT('',(1.082310374820E0,3.3E0,-1.630999788879E0));
#391=LINE('',#390,#389);
#392=CARTESIAN_POINT('',(8.389444982626E-1,3.3E0,-1.648839631024E0));
#393=DIRECTION('',(0.E0,-1.E0,0.E0));
#394=DIRECTION('',(3.420201433041E-1,0.E0,9.396926207937E-1));
#395=AXIS2_PLACEMENT_3D('',#392,#393,#394);
#397=CARTESIAN_POINT('',(8.389444982626E-1,3.3E0,-1.648839631024E0));
#398=DIRECTION('',(0.E0,-1.E0,0.E0));
#399=DIRECTION('',(-4.534838105740E-1,0.E0,8.912645137933E-1));
#400=AXIS2_PLACEMENT_3D('',#397,#398,#399);
#402=CARTESIAN_POINT('',(7.439066913581E-1,3.3E0,-1.620588905749E0));
#403=CARTESIAN_POINT('',(7.234721211884E-1,3.3E0,-1.691852720912E0));
#404=CARTESIAN_POINT('',(7.036930290758E-1,3.3E0,-1.763307301380E0));
#405=CARTESIAN_POINT('',(6.832584589061E-1,3.3E0,-1.834571116543E0));
#407=CARTESIAN_POINT('',(6.832584589061E-1,3.3E0,-1.834571116543E0));
#408=CARTESIAN_POINT('',(6.794434205073E-1,3.3E0,-1.847875736558E0));
#409=CARTESIAN_POINT('',(6.673534558581E-1,3.3E0,-1.870814049306E0));
#410=CARTESIAN_POINT('',(6.366994312537E-1,3.3E0,-1.896829798281E0));
#411=CARTESIAN_POINT('',(5.989837638939E-1,3.3E0,-1.908969216236E0));
#412=CARTESIAN_POINT('',(5.586229357643E-1,3.3E0,-1.905405439118E0));
#413=CARTESIAN_POINT('',(5.362436219063E-1,3.3E0,-1.894150618071E0));
#414=CARTESIAN_POINT('',(5.253316820422E-1,3.3E0,-1.885625276298E0));
#416=DIRECTION('',(-7.880107536062E-1,0.E0,6.156614753263E-1));
#417=VECTOR('',#416,2.225875329851E-1);
#418=CARTESIAN_POINT('',(5.253316820422E-1,3.3E0,-1.885625276298E0));
#419=LINE('',#418,#417);
#420=CARTESIAN_POINT('',(2.883641648973E-1,3.3E0,-1.827387782711E0));
#421=DIRECTION('',(0.E0,-1.E0,0.E0));
#422=DIRECTION('',(6.156614753592E-1,0.E0,7.880107535805E-1));
#423=AXIS2_PLACEMENT_3D('',#420,#421,#422);
#425=CARTESIAN_POINT('',(2.883641648973E-1,3.3E0,-1.827387782711E0));
#426=DIRECTION('',(0.E0,-1.E0,0.E0));
#427=DIRECTION('',(-1.558728518353E-1,0.E0,9.877771277271E-1));
#428=AXIS2_PLACEMENT_3D('',#425,#426,#427);
#430=CARTESIAN_POINT('',(2.067077935595E-1,3.3E0,-1.771151448908E0));
#431=CARTESIAN_POINT('',(1.652516324728E-1,3.3E0,-1.832612735239E0));
#432=CARTESIAN_POINT('',(1.243599183425E-1,3.3E0,-1.894458004015E0));
#433=CARTESIAN_POINT('',(8.290375725585E-2,3.3E0,-1.955919290347E0));
#435=CARTESIAN_POINT('',(8.290375725585E-2,3.3E0,-1.955919290347E0));
#436=CARTESIAN_POINT('',(7.516408643793E-2,3.3E0,-1.967393824211E0));
#437=CARTESIAN_POINT('',(5.657751831476E-2,3.3E0,-1.985473451484E0));
#438=CARTESIAN_POINT('',(1.938449990952E-2,3.3E0,-2.000743284524E0));
#439=CARTESIAN_POINT('',(-2.023651774900E-2,3.3E0,-2.000633774905E0));
#440=CARTESIAN_POINT('',(-5.752067865125E-2,3.3E0,-1.984772239656E0));
#441=CARTESIAN_POINT('',(-7.532673995398E-2,3.3E0,-1.967152680456E0));
#442=CARTESIAN_POINT('',(-8.307013597711E-2,3.3E0,-1.955672623748E0));
#444=DIRECTION('',(-5.591929034708E-1,0.E0,8.290375725550E-1));
#445=VECTOR('',#444,2.225875329852E-1);
#446=CARTESIAN_POINT('',(-8.307013597711E-2,3.3E0,-1.955672623748E0));
#447=LINE('',#446,#445);
#448=CARTESIAN_POINT('',(-2.904432620794E-1,3.3E0,-1.827058486068E0));
#449=DIRECTION('',(0.E0,-1.E0,0.E0));
#450=DIRECTION('',(8.290375725626E-1,0.E0,5.591929034595E-1));
#451=AXIS2_PLACEMENT_3D('',#448,#449,#450);
#453=CARTESIAN_POINT('',(-2.904432620794E-1,3.3E0,-1.827058486068E0));
#454=DIRECTION('',(0.E0,-1.E0,0.E0));
#455=DIRECTION('',(1.569960276710E-1,0.E0,9.875992341509E-1));
#456=AXIS2_PLACEMENT_3D('',#453,#454,#455);
#458=CARTESIAN_POINT('',(-3.507251032903E-1,3.3E0,-1.748341347909E0));
#459=CARTESIAN_POINT('',(-4.091448374055E-1,3.3E0,-1.793983846477E0));
#460=CARTESIAN_POINT('',(-4.671464076647E-1,3.3E0,-1.840165957753E0));
#461=CARTESIAN_POINT('',(-5.255661417798E-1,3.3E0,-1.885808456321E0));
#463=CARTESIAN_POINT('',(-5.255661417798E-1,3.3E0,-1.885808456321E0));
#464=CARTESIAN_POINT('',(-5.364728321110E-1,3.3E0,-1.894329696710E0));
#465=CARTESIAN_POINT('',(-5.597366209200E-1,3.3E0,-1.905780878624E0));
#466=CARTESIAN_POINT('',(-5.998279213455E-1,3.3E0,-1.908810078080E0));
#467=CARTESIAN_POINT('',(-6.374759080386E-1,3.3E0,-1.896462360453E0));
#468=CARTESIAN_POINT('',(-6.680337682702E-1,3.3E0,-1.869855704655E0));
#469=CARTESIAN_POINT('',(-6.795235956756E-1,3.3E0,-1.847596132519E0));
#470=CARTESIAN_POINT('',(-6.833404703027E-1,3.3E0,-1.834285108814E0));
#472=DIRECTION('',(-2.756373558170E-1,0.E0,9.612616959383E-1));
#473=VECTOR('',#472,2.225875329869E-1);
#474=CARTESIAN_POINT('',(-6.833404703027E-1,3.3E0,-1.834285108814E0));
#475=LINE('',#474,#473);
#476=CARTESIAN_POINT('',(-8.408200789266E-1,3.3E0,-1.647883974943E0));
#477=DIRECTION('',(0.E0,-1.E0,0.E0));
#478=DIRECTION('',(9.612616959335E-1,0.E0,2.756373558340E-1));
#479=AXIS2_PLACEMENT_3D('',#476,#477,#478);
#481=CARTESIAN_POINT('',(-8.408200789266E-1,3.3E0,-1.647883974943E0));
#482=DIRECTION('',(0.E0,-1.E0,0.E0));
#483=DIRECTION('',(4.544970421333E-1,0.E0,8.907482465276E-1));
#484=AXIS2_PLACEMENT_3D('',#481,#482,#483);
#486=CARTESIAN_POINT('',(-8.738265833846E-1,3.3E0,-1.554391414366E0));
#487=CARTESIAN_POINT('',(-9.434913599181E-1,3.3E0,-1.579747319401E0));
#488=CARTESIAN_POINT('',(-1.012925188489E0,3.3E0,-1.605745646356E0));
#489=CARTESIAN_POINT('',(-1.082589965023E0,3.3E0,-1.631101551391E0));
#491=CARTESIAN_POINT('',(-1.082589965023E0,3.3E0,-1.631101551391E0));
#492=CARTESIAN_POINT('',(-1.095596052027E0,3.3E0,-1.635835379925E0));
#493=CARTESIAN_POINT('',(-1.121259839785E0,3.3E0,-1.639537195007E0));
#494=CARTESIAN_POINT('',(-1.160325006413E0,3.3E0,-1.630029241731E0));
#495=CARTESIAN_POINT('',(-1.192314714894E0,3.3E0,-1.606651996728E0));
#496=CARTESIAN_POINT('',(-1.213155058186E0,3.3E0,-1.571904665231E0));
#497=CARTESIAN_POINT('',(-1.217203947334E0,3.3E0,-1.547184002171E0));
#498=CARTESIAN_POINT('',(-1.216720678282E0,3.3E0,-1.533344987213E0));
#500=DIRECTION('',(3.489949670361E-2,0.E0,9.993908270191E-1));
#501=VECTOR('',#500,2.225875329853E-1);
#502=CARTESIAN_POINT('',(-1.216720678282E0,3.3E0,-1.533344987213E0));
#503=LINE('',#502,#501);
#504=CARTESIAN_POINT('',(-1.308891568110E0,3.3E0,-1.307403098868E0));
#505=DIRECTION('',(0.E0,-1.E0,0.E0));
#506=DIRECTION('',(9.993908270189E-1,0.E0,-3.489949670694E-2));
#507=AXIS2_PLACEMENT_3D('',#504,#505,#506);
#509=CARTESIAN_POINT('',(-1.308891568110E0,3.3E0,-1.307403098868E0));
#510=DIRECTION('',(0.E0,-1.E0,0.E0));
#511=DIRECTION('',(7.075087194446E-1,0.E0,7.067046143262E-1));
#512=AXIS2_PLACEMENT_3D('',#509,#510,#511);
#514=CARTESIAN_POINT('',(-1.311391829189E0,3.3E0,-1.208286819103E0));
#515=CARTESIAN_POINT('',(-1.385482374432E0,3.3E0,-1.210874117955E0));
#516=CARTESIAN_POINT('',(-1.459551794400E0,3.3E0,-1.214143763206E0));
#517=CARTESIAN_POINT('',(-1.533642339643E0,3.3E0,-1.216731062058E0));
#519=CARTESIAN_POINT('',(-1.533642339643E0,3.3E0,-1.216731062058E0));
#520=CARTESIAN_POINT('',(-1.547474696904E0,3.3E0,-1.217214098617E0));
#521=CARTESIAN_POINT('',(-1.573026333254E0,3.3E0,-1.212804187417E0));
#522=CARTESIAN_POINT('',(-1.607241395391E0,3.3E0,-1.191689786121E0));
#523=CARTESIAN_POINT('',(-1.630441450109E0,3.3E0,-1.159571341362E0));
#524=CARTESIAN_POINT('',(-1.639524278457E0,3.3E0,-1.120084645072E0));
#525=CARTESIAN_POINT('',(-1.635735895867E0,3.3E0,-1.095322721827E0));
#526=CARTESIAN_POINT('',(-1.630999788879E0,3.3E0,-1.082310374820E0));
#528=DIRECTION('',(3.420201433248E-1,0.E0,9.396926207862E-1));
#529=VECTOR('',#528,2.225875329856E-1);
#530=CARTESIAN_POINT('',(-1.630999788879E0,3.3E0,-1.082310374820E0));
#531=LINE('',#530,#529);
#532=CARTESIAN_POINT('',(-1.648839631024E0,3.3E0,-8.389444982626E-1));
#533=DIRECTION('',(0.E0,-1.E0,0.E0));
#534=DIRECTION('',(9.396926207937E-1,0.E0,-3.420201433041E-1));
#535=AXIS2_PLACEMENT_3D('',#532,#533,#534);
#537=CARTESIAN_POINT('',(-1.648839631024E0,3.3E0,-8.389444982626E-1));
#538=DIRECTION('',(0.E0,-1.E0,0.E0));
#539=DIRECTION('',(8.912645137933E-1,0.E0,4.534838105740E-1));
#540=AXIS2_PLACEMENT_3D('',#537,#538,#539);
#542=CARTESIAN_POINT('',(-1.620588905749E0,3.3E0,-7.439066913581E-1));
#543=CARTESIAN_POINT('',(-1.691852720912E0,3.3E0,-7.234721211884E-1));
#544=CARTESIAN_POINT('',(-1.763307301380E0,3.3E0,-7.036930290758E-1));
#545=CARTESIAN_POINT('',(-1.834571116543E0,3.3E0,-6.832584589061E-1));
#547=CARTESIAN_POINT('',(-1.834571116543E0,3.3E0,-6.832584589061E-1));
#548=CARTESIAN_POINT('',(-1.847875736558E0,3.3E0,-6.794434205073E-1));
#549=CARTESIAN_POINT('',(-1.870814049306E0,3.3E0,-6.673534558581E-1));
#550=CARTESIAN_POINT('',(-1.896829798281E0,3.3E0,-6.366994312537E-1));
#551=CARTESIAN_POINT('',(-1.908969216236E0,3.3E0,-5.989837638939E-1));
#552=CARTESIAN_POINT('',(-1.905405439118E0,3.3E0,-5.586229357643E-1));
#553=CARTESIAN_POINT('',(-1.894150618071E0,3.3E0,-5.362436219063E-1));
#554=CARTESIAN_POINT('',(-1.885625276298E0,3.3E0,-5.253316820422E-1));
#556=DIRECTION('',(6.156614753263E-1,0.E0,7.880107536062E-1));
#557=VECTOR('',#556,2.225875329851E-1);
#558=CARTESIAN_POINT('',(-1.885625276298E0,3.3E0,-5.253316820422E-1));
#559=LINE('',#558,#557);
#560=CARTESIAN_POINT('',(-1.827387782711E0,3.3E0,-2.883641648973E-1));
#561=DIRECTION('',(0.E0,-1.E0,0.E0));
#562=DIRECTION('',(7.880107535805E-1,0.E0,-6.156614753592E-1));
#563=AXIS2_PLACEMENT_3D('',#560,#561,#562);
#565=CARTESIAN_POINT('',(-1.827387782711E0,3.3E0,-2.883641648973E-1));
#566=DIRECTION('',(0.E0,-1.E0,0.E0));
#567=DIRECTION('',(9.877771277271E-1,0.E0,1.558728518353E-1));
#568=AXIS2_PLACEMENT_3D('',#565,#566,#567);
#570=CARTESIAN_POINT('',(-1.771151448908E0,3.3E0,-2.067077935595E-1));
#571=CARTESIAN_POINT('',(-1.832612735239E0,3.3E0,-1.652516324728E-1));
#572=CARTESIAN_POINT('',(-1.894458004015E0,3.3E0,-1.243599183425E-1));
#573=CARTESIAN_POINT('',(-1.955919290347E0,3.3E0,-8.290375725585E-2));
#575=CARTESIAN_POINT('',(-1.955919290347E0,3.3E0,-8.290375725585E-2));
#576=CARTESIAN_POINT('',(-1.967393824211E0,3.3E0,-7.516408643793E-2));
#577=CARTESIAN_POINT('',(-1.985473451484E0,3.3E0,-5.657751831476E-2));
#578=CARTESIAN_POINT('',(-2.000743284524E0,3.3E0,-1.938449990952E-2));
#579=CARTESIAN_POINT('',(-2.000633774905E0,3.3E0,2.023651774900E-2));
#580=CARTESIAN_POINT('',(-1.984772239656E0,3.3E0,5.752067865125E-2));
#581=CARTESIAN_POINT('',(-1.967152680456E0,3.3E0,7.532673995398E-2));
#582=CARTESIAN_POINT('',(-1.955672623748E0,3.3E0,8.307013597711E-2));
#584=DIRECTION('',(8.290375725550E-1,0.E0,5.591929034708E-1));
#585=VECTOR('',#584,2.225875329852E-1);
#586=CARTESIAN_POINT('',(-1.955672623748E0,3.3E0,8.307013597711E-2));
#587=LINE('',#586,#585);
#588=CARTESIAN_POINT('',(-1.827058486068E0,3.3E0,2.904432620794E-1));
#589=DIRECTION('',(0.E0,-1.E0,0.E0));
#590=DIRECTION('',(5.591929034595E-1,0.E0,-8.290375725626E-1));
#591=AXIS2_PLACEMENT_3D('',#588,#589,#590);
#593=CARTESIAN_POINT('',(-1.827058486068E0,3.3E0,2.904432620794E-1));
#594=DIRECTION('',(0.E0,-1.E0,0.E0));
#595=DIRECTION('',(9.875992341509E-1,0.E0,-1.569960276710E-1));
#596=AXIS2_PLACEMENT_3D('',#593,#594,#595);
#598=CARTESIAN_POINT('',(-1.748341347909E0,3.3E0,3.507251032903E-1));
#599=CARTESIAN_POINT('',(-1.793983846477E0,3.3E0,4.091448374055E-1));
#600=CARTESIAN_POINT('',(-1.840165957753E0,3.3E0,4.671464076647E-1));
#601=CARTESIAN_POINT('',(-1.885808456321E0,3.3E0,5.255661417798E-1));
#603=CARTESIAN_POINT('',(-1.885808456321E0,3.3E0,5.255661417798E-1));
#604=CARTESIAN_POINT('',(-1.894329696710E0,3.3E0,5.364728321110E-1));
#605=CARTESIAN_POINT('',(-1.905780878624E0,3.3E0,5.597366209200E-1));
#606=CARTESIAN_POINT('',(-1.908810078080E0,3.3E0,5.998279213455E-1));
#607=CARTESIAN_POINT('',(-1.896462360453E0,3.3E0,6.374759080386E-1));
#608=CARTESIAN_POINT('',(-1.869855704655E0,3.3E0,6.680337682702E-1));
#609=CARTESIAN_POINT('',(-1.847596132519E0,3.3E0,6.795235956756E-1));
#610=CARTESIAN_POINT('',(-1.834285108814E0,3.3E0,6.833404703027E-1));
#612=DIRECTION('',(9.612616959383E-1,0.E0,2.756373558170E-1));
#613=VECTOR('',#612,2.225875329869E-1);
#614=CARTESIAN_POINT('',(-1.834285108814E0,3.3E0,6.833404703027E-1));
#615=LINE('',#614,#613);
#616=CARTESIAN_POINT('',(-1.647883974943E0,3.3E0,8.408200789266E-1));
#617=DIRECTION('',(0.E0,-1.E0,0.E0));
#618=DIRECTION('',(2.756373558340E-1,0.E0,-9.612616959335E-1));
#619=AXIS2_PLACEMENT_3D('',#616,#617,#618);
#621=CARTESIAN_POINT('',(-1.647883974943E0,3.3E0,8.408200789266E-1));
#622=DIRECTION('',(0.E0,-1.E0,0.E0));
#623=DIRECTION('',(8.907482465276E-1,0.E0,-4.544970421333E-1));
#624=AXIS2_PLACEMENT_3D('',#621,#622,#623);
#626=CARTESIAN_POINT('',(-1.554391414366E0,3.3E0,8.738265833846E-1));
#627=CARTESIAN_POINT('',(-1.579747319401E0,3.3E0,9.434913599181E-1));
#628=CARTESIAN_POINT('',(-1.605745646356E0,3.3E0,1.012925188489E0));
#629=CARTESIAN_POINT('',(-1.631101551391E0,3.3E0,1.082589965023E0));
#631=CARTESIAN_POINT('',(-1.631101551391E0,3.3E0,1.082589965023E0));
#632=CARTESIAN_POINT('',(-1.635835379925E0,3.3E0,1.095596052027E0));
#633=CARTESIAN_POINT('',(-1.639537195007E0,3.3E0,1.121259839785E0));
#634=CARTESIAN_POINT('',(-1.630029241731E0,3.3E0,1.160325006413E0));
#635=CARTESIAN_POINT('',(-1.606651996728E0,3.3E0,1.192314714894E0));
#636=CARTESIAN_POINT('',(-1.571904665231E0,3.3E0,1.213155058186E0));
#637=CARTESIAN_POINT('',(-1.547184002171E0,3.3E0,1.217203947334E0));
#638=CARTESIAN_POINT('',(-1.533344987213E0,3.3E0,1.216720678282E0));
#640=DIRECTION('',(9.993908270191E-1,0.E0,-3.489949670361E-2));
#641=VECTOR('',#640,2.225875329853E-1);
#642=CARTESIAN_POINT('',(-1.533344987213E0,3.3E0,1.216720678282E0));
#643=LINE('',#642,#641);
#644=CARTESIAN_POINT('',(-1.307403098868E0,3.3E0,1.308891568110E0));
#645=DIRECTION('',(0.E0,-1.E0,0.E0));
#646=DIRECTION('',(-3.489949670694E-2,0.E0,-9.993908270189E-1));
#647=AXIS2_PLACEMENT_3D('',#644,#645,#646);
#649=CARTESIAN_POINT('',(-1.307403098868E0,3.3E0,1.308891568110E0));
#650=DIRECTION('',(0.E0,-1.E0,0.E0));
#651=DIRECTION('',(7.067046143262E-1,0.E0,-7.075087194446E-1));
#652=AXIS2_PLACEMENT_3D('',#649,#650,#651);
#654=CARTESIAN_POINT('',(-1.208286819103E0,3.3E0,1.311391829189E0));
#655=CARTESIAN_POINT('',(-1.210874117955E0,3.3E0,1.385482374432E0));
#656=CARTESIAN_POINT('',(-1.214143763206E0,3.3E0,1.459551794400E0));
#657=CARTESIAN_POINT('',(-1.216731062058E0,3.3E0,1.533642339643E0));
#659=CARTESIAN_POINT('',(-1.216731062058E0,3.3E0,1.533642339643E0));
#660=CARTESIAN_POINT('',(-1.217214098617E0,3.3E0,1.547474696904E0));
#661=CARTESIAN_POINT('',(-1.212804187417E0,3.3E0,1.573026333254E0));
#662=CARTESIAN_POINT('',(-1.191689786121E0,3.3E0,1.607241395391E0));
#663=CARTESIAN_POINT('',(-1.159571341362E0,3.3E0,1.630441450109E0));
#664=CARTESIAN_POINT('',(-1.120084645072E0,3.3E0,1.639524278457E0));
#665=CARTESIAN_POINT('',(-1.095322721827E0,3.3E0,1.635735895867E0));
#666=CARTESIAN_POINT('',(-1.082310374820E0,3.3E0,1.630999788879E0));
#668=DIRECTION('',(9.396926207862E-1,0.E0,-3.420201433248E-1));
#669=VECTOR('',#668,2.225875329856E-1);
#670=CARTESIAN_POINT('',(-1.082310374820E0,3.3E0,1.630999788879E0));
#671=LINE('',#670,#669);
#672=CARTESIAN_POINT('',(-8.389444982626E-1,3.3E0,1.648839631024E0));
#673=DIRECTION('',(0.E0,-1.E0,0.E0));
#674=DIRECTION('',(-3.420201433041E-1,0.E0,-9.396926207937E-1));
#675=AXIS2_PLACEMENT_3D('',#672,#673,#674);
#677=CARTESIAN_POINT('',(-8.389444982626E-1,3.3E0,1.648839631024E0));
#678=DIRECTION('',(0.E0,-1.E0,0.E0));
#679=DIRECTION('',(4.534838105740E-1,0.E0,-8.912645137933E-1));
#680=AXIS2_PLACEMENT_3D('',#677,#678,#679);
#682=CARTESIAN_POINT('',(-7.439066913581E-1,3.3E0,1.620588905749E0));
#683=CARTESIAN_POINT('',(-7.234721211884E-1,3.3E0,1.691852720912E0));
#684=CARTESIAN_POINT('',(-7.036930290758E-1,3.3E0,1.763307301380E0));
#685=CARTESIAN_POINT('',(-6.832584589061E-1,3.3E0,1.834571116543E0));
#687=CARTESIAN_POINT('',(-6.832584589061E-1,3.3E0,1.834571116543E0));
#688=CARTESIAN_POINT('',(-6.794434205073E-1,3.3E0,1.847875736558E0));
#689=CARTESIAN_POINT('',(-6.673534463950E-1,3.3E0,1.870814033676E0));
#690=CARTESIAN_POINT('',(-6.366994643744E-1,3.3E0,1.896829852989E0));
#691=CARTESIAN_POINT('',(-5.989836408741E-1,3.3E0,1.908969013037E0));
#692=CARTESIAN_POINT('',(-5.586233947229E-1,3.3E0,1.905406197203E0));
#693=CARTESIAN_POINT('',(-5.362426330162E-1,3.3E0,1.894148984671E0));
#694=CARTESIAN_POINT('',(-5.253348998602E-1,3.3E0,1.885626929539E0));
#696=CARTESIAN_POINT('',(-5.253348998602E-1,3.3E0,1.885626929539E0));
#697=CARTESIAN_POINT('',(-4.671468258950E-1,3.3E0,1.840165423716E0));
#698=CARTESIAN_POINT('',(-4.089131772566E-1,3.3E0,1.793802853732E0));
#699=CARTESIAN_POINT('',(-3.507251032914E-1,3.3E0,1.748341347909E0));
#701=CARTESIAN_POINT('',(0.E0,3.E0,0.E0));
#702=DIRECTION('',(0.E0,-1.E0,0.E0));
#703=DIRECTION('',(1.E0,0.E0,0.E0));
#704=AXIS2_PLACEMENT_3D('',#701,#702,#703);
#706=CARTESIAN_POINT('',(-2.66E0,3.E0,0.E0));
#707=DIRECTION('',(0.E0,0.E0,-1.E0));
#708=DIRECTION('',(-1.E0,0.E0,0.E0));
#709=AXIS2_PLACEMENT_3D('',#706,#707,#708);
#711=DIRECTION('',(0.E0,-1.E0,0.E0));
#712=VECTOR('',#711,2.55E0);
#713=CARTESIAN_POINT('',(-3.507251032914E-1,3.3E0,1.748341347909E0));
#714=LINE('',#713,#712);
#715=DIRECTION('',(-6.941996423777E-7,9.999999999992E-1,-1.029193294161E-6));
#716=VECTOR('',#715,2.550000000002E0);
#717=CARTESIAN_POINT('',(-2.075377346148E-1,7.5E-1,1.771141820164E0));
#718=LINE('',#717,#716);
#719=DIRECTION('',(1.942265520529E-10,1.E0,-1.524694096468E-10));
#720=VECTOR('',#719,2.55E0);
#721=CARTESIAN_POINT('',(-5.253349003554E-1,7.5E-1,1.885626929928E0));
#722=LINE('',#721,#720);
#723=DIRECTION('',(0.E0,-1.E0,0.E0));
#724=VECTOR('',#723,2.55E0);
#725=CARTESIAN_POINT('',(-6.832584589061E-1,3.3E0,1.834571116543E0));
#726=LINE('',#725,#724);
#727=DIRECTION('',(0.E0,1.E0,0.E0));
#728=VECTOR('',#727,2.55E0);
#729=CARTESIAN_POINT('',(-7.439066913581E-1,7.5E-1,1.620588905749E0));
#730=LINE('',#729,#728);
#731=DIRECTION('',(0.E0,-1.E0,0.E0));
#732=VECTOR('',#731,2.55E0);
#733=CARTESIAN_POINT('',(-8.731465125944E-1,3.3E0,1.554870368945E0));
#734=LINE('',#733,#732);
#735=CARTESIAN_POINT('',(-6.832584589061E-1,7.5E-1,1.834571116543E0));
#736=CARTESIAN_POINT('',(-7.036930290758E-1,7.5E-1,1.763307301380E0));
#737=CARTESIAN_POINT('',(-7.234721211884E-1,7.5E-1,1.691852720912E0));
#738=CARTESIAN_POINT('',(-7.439066913581E-1,7.5E-1,1.620588905749E0));
#740=CARTESIAN_POINT('',(-8.389444982626E-1,7.5E-1,1.648839631024E0));
#741=DIRECTION('',(0.E0,1.E0,0.E0));
#742=DIRECTION('',(9.585514619588E-1,0.E0,-2.849194531383E-1));
#743=AXIS2_PLACEMENT_3D('',#740,#741,#742);
#745=CARTESIAN_POINT('',(-8.389444982626E-1,7.5E-1,1.648839631024E0));
#746=DIRECTION('',(0.E0,1.E0,0.E0));
#747=DIRECTION('',(4.534838105740E-1,0.E0,-8.912645137933E-1));
#748=AXIS2_PLACEMENT_3D('',#745,#746,#747);
#750=DIRECTION('',(-9.396926207862E-1,0.E0,3.420201433248E-1));
#751=VECTOR('',#750,2.225875343544E-1);
#752=CARTESIAN_POINT('',(-8.731465125944E-1,7.5E-1,1.554870368945E0));
#753=LINE('',#752,#751);
#754=CARTESIAN_POINT('',(-1.082310376106E0,7.5E-1,1.630999789347E0));
#755=CARTESIAN_POINT('',(-1.095325847730E0,7.5E-1,1.635737033603E0));
#756=CARTESIAN_POINT('',(-1.120093023203E0,7.5E-1,1.639524706907E0));
#757=CARTESIAN_POINT('',(-1.159582715732E0,7.5E-1,1.630436550727E0));
#758=CARTESIAN_POINT('',(-1.191698037532E0,7.5E-1,1.607232164357E0));
#759=CARTESIAN_POINT('',(-1.212806453096E0,7.5E-1,1.573018251736E0));
#760=CARTESIAN_POINT('',(-1.217213982502E0,7.5E-1,1.547471371800E0));
#761=CARTESIAN_POINT('',(-1.216731062058E0,7.5E-1,1.533642339643E0));
#763=CARTESIAN_POINT('',(-1.216731062058E0,7.5E-1,1.533642339643E0));
#764=CARTESIAN_POINT('',(-1.214143763206E0,7.5E-1,1.459551794400E0));
#765=CARTESIAN_POINT('',(-1.210874117955E0,7.5E-1,1.385482374432E0));
#766=CARTESIAN_POINT('',(-1.208286819103E0,7.5E-1,1.311391829189E0));
#768=CARTESIAN_POINT('',(-1.307403098868E0,7.5E-1,1.308891568110E0));
#769=DIRECTION('',(0.E0,1.E0,0.E0));
#770=DIRECTION('',(9.996815671478E-1,0.E0,2.523418920654E-2));
#771=AXIS2_PLACEMENT_3D('',#768,#769,#770);
#773=CARTESIAN_POINT('',(-1.307403098868E0,7.5E-1,1.308891568110E0));
#774=DIRECTION('',(0.E0,1.E0,0.E0));
#775=DIRECTION('',(7.067046143262E-1,0.E0,-7.075087194446E-1));
#776=AXIS2_PLACEMENT_3D('',#773,#774,#775);
#778=DIRECTION('',(-9.993908270191E-1,0.E0,3.489949670361E-2));
#779=VECTOR('',#778,2.225875343541E-1);
#780=CARTESIAN_POINT('',(-1.310893048538E0,7.5E-1,1.208952485409E0));
#781=LINE('',#780,#779);
#782=CARTESIAN_POINT('',(-1.533344988581E0,7.5E-1,1.216720678330E0));
#783=CARTESIAN_POINT('',(-1.547187326661E0,7.5E-1,1.217204063427E0));
#784=CARTESIAN_POINT('',(-1.571912765705E0,7.5E-1,1.213152876681E0));
#785=CARTESIAN_POINT('',(-1.606661300405E0,7.5E-1,1.192306540431E0));
#786=CARTESIAN_POINT('',(-1.630034236743E0,7.5E-1,1.160313677351E0));
#787=CARTESIAN_POINT('',(-1.639536852469E0,7.5E-1,1.121251453672E0));
#788=CARTESIAN_POINT('',(-1.635834241979E0,7.5E-1,1.095592925548E0));
#789=CARTESIAN_POINT('',(-1.631101551391E0,7.5E-1,1.082589965023E0));
#791=CARTESIAN_POINT('',(-1.631101551391E0,7.5E-1,1.082589965023E0));
#792=CARTESIAN_POINT('',(-1.605745646356E0,7.5E-1,1.012925188489E0));
#793=CARTESIAN_POINT('',(-1.579747319401E0,7.5E-1,9.434913599181E-1));
#794=CARTESIAN_POINT('',(-1.554391414366E0,7.5E-1,8.738265833846E-1));
#796=CARTESIAN_POINT('',(-1.647883974943E0,7.5E-1,8.408200789266E-1));
#797=DIRECTION('',(0.E0,1.E0,0.E0));
#798=DIRECTION('',(9.429558753528E-1,0.E0,3.329177332879E-1));
#799=AXIS2_PLACEMENT_3D('',#796,#797,#798);
#801=CARTESIAN_POINT('',(-1.647883974943E0,7.5E-1,8.408200789266E-1));
#802=DIRECTION('',(0.E0,1.E0,0.E0));
#803=DIRECTION('',(8.907482465276E-1,0.E0,-4.544970421333E-1));
#804=AXIS2_PLACEMENT_3D('',#801,#802,#803);
#806=DIRECTION('',(-9.612616959383E-1,0.E0,-2.756373558170E-1));
#807=VECTOR('',#806,2.225875343556E-1);
#808=CARTESIAN_POINT('',(-1.620320239361E0,7.5E-1,7.446939093330E-1));
#809=LINE('',#808,#807);
#810=CARTESIAN_POINT('',(-1.834285110130E0,7.5E-1,6.833404699254E-1));
#811=CARTESIAN_POINT('',(-1.847599330172E0,7.5E-1,6.795226787632E-1));
#812=CARTESIAN_POINT('',(-1.869862734541E0,7.5E-1,6.680291903515E-1));
#813=CARTESIAN_POINT('',(-1.896468682727E0,7.5E-1,6.374652586680E-1));
#814=CARTESIAN_POINT('',(-1.908811327747E0,7.5E-1,5.998156032242E-1));
#815=CARTESIAN_POINT('',(-1.905777961400E0,7.5E-1,5.597287511023E-1));
#816=CARTESIAN_POINT('',(-1.894327648324E0,7.5E-1,5.364702102968E-1));
#817=CARTESIAN_POINT('',(-1.885808456321E0,7.5E-1,5.255661417798E-1));
#819=CARTESIAN_POINT('',(-1.885808456321E0,7.5E-1,5.255661417798E-1));
#820=CARTESIAN_POINT('',(-1.840165957753E0,7.5E-1,4.671464076647E-1));
#821=CARTESIAN_POINT('',(-1.793983846477E0,7.5E-1,4.091448374055E-1));
#822=CARTESIAN_POINT('',(-1.748341347909E0,7.5E-1,3.507251032903E-1));
#824=CARTESIAN_POINT('',(-1.827058486068E0,7.5E-1,2.904432620794E-1));
#825=DIRECTION('',(0.E0,1.E0,0.E0));
#826=DIRECTION('',(7.939270925176E-1,0.E0,6.080129700644E-1));
#827=AXIS2_PLACEMENT_3D('',#824,#825,#826);
#829=CARTESIAN_POINT('',(-1.827058486068E0,7.5E-1,2.904432620794E-1));
#830=DIRECTION('',(0.E0,1.E0,0.E0));
#831=DIRECTION('',(9.875992341509E-1,0.E0,-1.569960276710E-1));
#832=AXIS2_PLACEMENT_3D('',#829,#830,#831);
#834=DIRECTION('',(-8.290375725550E-1,0.E0,-5.591929034708E-1));
#835=VECTOR('',#834,2.225875343540E-1);
#836=CARTESIAN_POINT('',(-1.771139195721E0,7.5E-1,2.075395048235E-1));
#837=LINE('',#836,#835);
#838=CARTESIAN_POINT('',(-1.955672624883E0,7.5E-1,8.307013521170E-2));
#839=CARTESIAN_POINT('',(-1.967155438264E0,7.5E-1,7.532487978926E-2));
#840=CARTESIAN_POINT('',(-1.984777510820E0,7.5E-1,5.751415243766E-2));
#841=CARTESIAN_POINT('',(-2.000636496909E0,7.5E-1,2.022443590549E-2));
#842=CARTESIAN_POINT('',(-2.000740666519E0,7.5E-1,-1.939660130714E-2));
#843=CARTESIAN_POINT('',(-1.985468245131E0,7.5E-1,-5.658410148410E-2));
#844=CARTESIAN_POINT('',(-1.967391065895E0,7.5E-1,-7.516594694535E-2));
#845=CARTESIAN_POINT('',(-1.955919290347E0,7.5E-1,-8.290375725585E-2));
#847=CARTESIAN_POINT('',(-1.955919290347E0,7.5E-1,-8.290375725585E-2));
#848=CARTESIAN_POINT('',(-1.894458004015E0,7.5E-1,-1.243599183425E-1));
#849=CARTESIAN_POINT('',(-1.832612735239E0,7.5E-1,-1.652516324728E-1));
#850=CARTESIAN_POINT('',(-1.771151448908E0,7.5E-1,-2.067077935595E-1));
#852=CARTESIAN_POINT('',(-1.827387782711E0,7.5E-1,-2.883641648973E-1));
#853=DIRECTION('',(0.E0,1.E0,0.E0));
#854=DIRECTION('',(5.671831942464E-1,0.E0,8.235916610581E-1));
#855=AXIS2_PLACEMENT_3D('',#852,#853,#854);
#857=CARTESIAN_POINT('',(-1.827387782711E0,7.5E-1,-2.883641648973E-1));
#858=DIRECTION('',(0.E0,1.E0,0.E0));
#859=DIRECTION('',(9.877771277271E-1,0.E0,1.558728518353E-1));
#860=AXIS2_PLACEMENT_3D('',#857,#858,#859);
#862=DIRECTION('',(-6.156614753263E-1,0.E0,-7.880107536062E-1));
#863=VECTOR('',#862,2.225875343539E-1);
#864=CARTESIAN_POINT('',(-1.748586707351E0,7.5E-1,-3.499303124312E-1));
#865=LINE('',#864,#863);
#866=CARTESIAN_POINT('',(-1.885625277141E0,7.5E-1,-5.253316831208E-1));
#867=CARTESIAN_POINT('',(-1.894152666080E0,7.5E-1,-5.362462432375E-1));
#868=CARTESIAN_POINT('',(-1.905408435582E0,7.5E-1,-5.586307714416E-1));
#869=CARTESIAN_POINT('',(-1.908968071520E0,7.5E-1,-5.989960955553E-1));
#870=CARTESIAN_POINT('',(-1.896823568873E0,7.5E-1,-6.367101313585E-1));
#871=CARTESIAN_POINT('',(-1.870807063459E0,7.5E-1,-6.673581079726E-1));
#872=CARTESIAN_POINT('',(-1.847872538316E0,7.5E-1,-6.794443375886E-1));
#873=CARTESIAN_POINT('',(-1.834571116543E0,7.5E-1,-6.832584589061E-1));
#875=CARTESIAN_POINT('',(-1.834571116543E0,7.5E-1,-6.832584589061E-1));
#876=CARTESIAN_POINT('',(-1.763307301380E0,7.5E-1,-7.036930290758E-1));
#877=CARTESIAN_POINT('',(-1.691852720912E0,7.5E-1,-7.234721211884E-1));
#878=CARTESIAN_POINT('',(-1.620588905749E0,7.5E-1,-7.439066913581E-1));
#880=CARTESIAN_POINT('',(-1.648839631024E0,7.5E-1,-8.389444982626E-1));
#881=DIRECTION('',(0.E0,1.E0,0.E0));
#882=DIRECTION('',(2.849194531383E-1,0.E0,9.585514619588E-1));
#883=AXIS2_PLACEMENT_3D('',#880,#881,#882);
#885=CARTESIAN_POINT('',(-1.648839631024E0,7.5E-1,-8.389444982626E-1));
#886=DIRECTION('',(0.E0,1.E0,0.E0));
#887=DIRECTION('',(8.912645137933E-1,0.E0,4.534838105740E-1));
#888=AXIS2_PLACEMENT_3D('',#885,#886,#887);
#890=DIRECTION('',(-3.420201433248E-1,0.E0,-9.396926207862E-1));
#891=VECTOR('',#890,2.225875343544E-1);
#892=CARTESIAN_POINT('',(-1.554870368945E0,7.5E-1,-8.731465125944E-1));
#893=LINE('',#892,#891);
#894=CARTESIAN_POINT('',(-1.630999789347E0,7.5E-1,-1.082310376106E0));
#895=CARTESIAN_POINT('',(-1.635737033603E0,7.5E-1,-1.095325847730E0));
#896=CARTESIAN_POINT('',(-1.639524706907E0,7.5E-1,-1.120093023203E0));
#897=CARTESIAN_POINT('',(-1.630436550727E0,7.5E-1,-1.159582715732E0));
#898=CARTESIAN_POINT('',(-1.607232164357E0,7.5E-1,-1.191698037532E0));
#899=CARTESIAN_POINT('',(-1.573018251736E0,7.5E-1,-1.212806453096E0));
#900=CARTESIAN_POINT('',(-1.547471371800E0,7.5E-1,-1.217213982502E0));
#901=CARTESIAN_POINT('',(-1.533642339643E0,7.5E-1,-1.216731062058E0));
#903=CARTESIAN_POINT('',(-1.533642339643E0,7.5E-1,-1.216731062058E0));
#904=CARTESIAN_POINT('',(-1.459551794400E0,7.5E-1,-1.214143763206E0));
#905=CARTESIAN_POINT('',(-1.385482374432E0,7.5E-1,-1.210874117955E0));
#906=CARTESIAN_POINT('',(-1.311391829189E0,7.5E-1,-1.208286819103E0));
#908=CARTESIAN_POINT('',(-1.308891568110E0,7.5E-1,-1.307403098868E0));
#909=DIRECTION('',(0.E0,1.E0,0.E0));
#910=DIRECTION('',(-2.523418920654E-2,0.E0,9.996815671478E-1));
#911=AXIS2_PLACEMENT_3D('',#908,#909,#910);
#913=CARTESIAN_POINT('',(-1.308891568110E0,7.5E-1,-1.307403098868E0));
#914=DIRECTION('',(0.E0,1.E0,0.E0));
#915=DIRECTION('',(7.075087194446E-1,0.E0,7.067046143262E-1));
#916=AXIS2_PLACEMENT_3D('',#913,#914,#915);
#918=DIRECTION('',(-3.489949670361E-2,0.E0,-9.993908270191E-1));
#919=VECTOR('',#918,2.225875343541E-1);
#920=CARTESIAN_POINT('',(-1.208952485409E0,7.5E-1,-1.310893048538E0));
#921=LINE('',#920,#919);
#922=CARTESIAN_POINT('',(-1.216720678330E0,7.5E-1,-1.533344988581E0));
#923=CARTESIAN_POINT('',(-1.217204063427E0,7.5E-1,-1.547187326661E0));
#924=CARTESIAN_POINT('',(-1.213152876681E0,7.5E-1,-1.571912765705E0));
#925=CARTESIAN_POINT('',(-1.192306540431E0,7.5E-1,-1.606661300405E0));
#926=CARTESIAN_POINT('',(-1.160313677351E0,7.5E-1,-1.630034236743E0));
#927=CARTESIAN_POINT('',(-1.121251453672E0,7.5E-1,-1.639536852469E0));
#928=CARTESIAN_POINT('',(-1.095592925548E0,7.5E-1,-1.635834241979E0));
#929=CARTESIAN_POINT('',(-1.082589965023E0,7.5E-1,-1.631101551391E0));
#931=CARTESIAN_POINT('',(-1.082589965023E0,7.5E-1,-1.631101551391E0));
#932=CARTESIAN_POINT('',(-1.012925188489E0,7.5E-1,-1.605745646356E0));
#933=CARTESIAN_POINT('',(-9.434913599181E-1,7.5E-1,-1.579747319401E0));
#934=CARTESIAN_POINT('',(-8.738265833846E-1,7.5E-1,-1.554391414366E0));
#936=CARTESIAN_POINT('',(-8.408200789266E-1,7.5E-1,-1.647883974943E0));
#937=DIRECTION('',(0.E0,1.E0,0.E0));
#938=DIRECTION('',(-3.329177332879E-1,0.E0,9.429558753528E-1));
#939=AXIS2_PLACEMENT_3D('',#936,#937,#938);
#941=CARTESIAN_POINT('',(-8.408200789266E-1,7.5E-1,-1.647883974943E0));
#942=DIRECTION('',(0.E0,1.E0,0.E0));
#943=DIRECTION('',(4.544970421333E-1,0.E0,8.907482465276E-1));
#944=AXIS2_PLACEMENT_3D('',#941,#942,#943);
#946=DIRECTION('',(2.756373558170E-1,0.E0,-9.612616959383E-1));
#947=VECTOR('',#946,2.225875343556E-1);
#948=CARTESIAN_POINT('',(-7.446939093330E-1,7.5E-1,-1.620320239361E0));
#949=LINE('',#948,#947);
#950=CARTESIAN_POINT('',(-6.833404699254E-1,7.5E-1,-1.834285110130E0));
#951=CARTESIAN_POINT('',(-6.795226787632E-1,7.5E-1,-1.847599330172E0));
#952=CARTESIAN_POINT('',(-6.680291903515E-1,7.5E-1,-1.869862734541E0));
#953=CARTESIAN_POINT('',(-6.374652586680E-1,7.5E-1,-1.896468682727E0));
#954=CARTESIAN_POINT('',(-5.998156032242E-1,7.5E-1,-1.908811327747E0));
#955=CARTESIAN_POINT('',(-5.597287511023E-1,7.5E-1,-1.905777961400E0));
#956=CARTESIAN_POINT('',(-5.364702102968E-1,7.5E-1,-1.894327648324E0));
#957=CARTESIAN_POINT('',(-5.255661417798E-1,7.5E-1,-1.885808456321E0));
#959=CARTESIAN_POINT('',(-5.255661417798E-1,7.5E-1,-1.885808456321E0));
#960=CARTESIAN_POINT('',(-4.671464076647E-1,7.5E-1,-1.840165957753E0));
#961=CARTESIAN_POINT('',(-4.091448374055E-1,7.5E-1,-1.793983846477E0));
#962=CARTESIAN_POINT('',(-3.507251032903E-1,7.5E-1,-1.748341347909E0));
#964=CARTESIAN_POINT('',(-2.904432620794E-1,7.5E-1,-1.827058486068E0));
#965=DIRECTION('',(0.E0,1.E0,0.E0));
#966=DIRECTION('',(-6.080129700644E-1,0.E0,7.939270925176E-1));
#967=AXIS2_PLACEMENT_3D('',#964,#965,#966);
#969=CARTESIAN_POINT('',(-2.904432620794E-1,7.5E-1,-1.827058486068E0));
#970=DIRECTION('',(0.E0,1.E0,0.E0));
#971=DIRECTION('',(1.569960276710E-1,0.E0,9.875992341509E-1));
#972=AXIS2_PLACEMENT_3D('',#969,#970,#971);
#974=DIRECTION('',(5.591929034708E-1,0.E0,-8.290375725550E-1));
#975=VECTOR('',#974,2.225875343540E-1);
#976=CARTESIAN_POINT('',(-2.075395048235E-1,7.5E-1,-1.771139195721E0));
#977=LINE('',#976,#975);
#978=CARTESIAN_POINT('',(-8.307013521170E-2,7.5E-1,-1.955672624883E0));
#979=CARTESIAN_POINT('',(-7.532487978926E-2,7.5E-1,-1.967155438264E0));
#980=CARTESIAN_POINT('',(-5.751415243766E-2,7.5E-1,-1.984777510820E0));
#981=CARTESIAN_POINT('',(-2.022443590549E-2,7.5E-1,-2.000636496909E0));
#982=CARTESIAN_POINT('',(1.939660130714E-2,7.5E-1,-2.000740666519E0));
#983=CARTESIAN_POINT('',(5.658410148410E-2,7.5E-1,-1.985468245131E0));
#984=CARTESIAN_POINT('',(7.516594694535E-2,7.5E-1,-1.967391065895E0));
#985=CARTESIAN_POINT('',(8.290375725585E-2,7.5E-1,-1.955919290347E0));
#987=CARTESIAN_POINT('',(8.290375725585E-2,7.5E-1,-1.955919290347E0));
#988=CARTESIAN_POINT('',(1.243599183425E-1,7.5E-1,-1.894458004015E0));
#989=CARTESIAN_POINT('',(1.652516324728E-1,7.5E-1,-1.832612735239E0));
#990=CARTESIAN_POINT('',(2.067077935595E-1,7.5E-1,-1.771151448908E0));
#992=CARTESIAN_POINT('',(2.883641648973E-1,7.5E-1,-1.827387782711E0));
#993=DIRECTION('',(0.E0,1.E0,0.E0));
#994=DIRECTION('',(-8.235916610581E-1,0.E0,5.671831942464E-1));
#995=AXIS2_PLACEMENT_3D('',#992,#993,#994);
#997=CARTESIAN_POINT('',(2.883641648973E-1,7.5E-1,-1.827387782711E0));
#998=DIRECTION('',(0.E0,1.E0,0.E0));
#999=DIRECTION('',(-1.558728518353E-1,0.E0,9.877771277271E-1));
#1000=AXIS2_PLACEMENT_3D('',#997,#998,#999);
#1002=DIRECTION('',(7.880107536062E-1,0.E0,-6.156614753263E-1));
#1003=VECTOR('',#1002,2.225875343539E-1);
#1004=CARTESIAN_POINT('',(3.499303124312E-1,7.5E-1,-1.748586707351E0));
#1005=LINE('',#1004,#1003);
#1006=CARTESIAN_POINT('',(5.253316831208E-1,7.5E-1,-1.885625277141E0));
#1007=CARTESIAN_POINT('',(5.362462432375E-1,7.5E-1,-1.894152666080E0));
#1008=CARTESIAN_POINT('',(5.586307714416E-1,7.5E-1,-1.905408435582E0));
#1009=CARTESIAN_POINT('',(5.989960955553E-1,7.5E-1,-1.908968071520E0));
#1010=CARTESIAN_POINT('',(6.367101313585E-1,7.5E-1,-1.896823568873E0));
#1011=CARTESIAN_POINT('',(6.673581079726E-1,7.5E-1,-1.870807063459E0));
#1012=CARTESIAN_POINT('',(6.794443375886E-1,7.5E-1,-1.847872538316E0));
#1013=CARTESIAN_POINT('',(6.832584589061E-1,7.5E-1,-1.834571116543E0));
#1015=CARTESIAN_POINT('',(6.832584589061E-1,7.5E-1,-1.834571116543E0));
#1016=CARTESIAN_POINT('',(7.036930290758E-1,7.5E-1,-1.763307301380E0));
#1017=CARTESIAN_POINT('',(7.234721211884E-1,7.5E-1,-1.691852720912E0));
#1018=CARTESIAN_POINT('',(7.439066913581E-1,7.5E-1,-1.620588905749E0));
#1020=CARTESIAN_POINT('',(8.389444982626E-1,7.5E-1,-1.648839631024E0));
#1021=DIRECTION('',(0.E0,1.E0,0.E0));
#1022=DIRECTION('',(-9.585514619588E-1,0.E0,2.849194531383E-1));
#1023=AXIS2_PLACEMENT_3D('',#1020,#1021,#1022);
#1025=CARTESIAN_POINT('',(8.389444982626E-1,7.5E-1,-1.648839631024E0));
#1026=DIRECTION('',(0.E0,1.E0,0.E0));
#1027=DIRECTION('',(-4.534838105740E-1,0.E0,8.912645137933E-1));
#1028=AXIS2_PLACEMENT_3D('',#1025,#1026,#1027);
#1030=DIRECTION('',(9.396926207862E-1,0.E0,-3.420201433248E-1));
#1031=VECTOR('',#1030,2.225875343544E-1);
#1032=CARTESIAN_POINT('',(8.731465125944E-1,7.5E-1,-1.554870368945E0));
#1033=LINE('',#1032,#1031);
#1034=CARTESIAN_POINT('',(1.082310376106E0,7.5E-1,-1.630999789347E0));
#1035=CARTESIAN_POINT('',(1.095325847730E0,7.5E-1,-1.635737033603E0));
#1036=CARTESIAN_POINT('',(1.120093023203E0,7.5E-1,-1.639524706907E0));
#1037=CARTESIAN_POINT('',(1.159582715732E0,7.5E-1,-1.630436550727E0));
#1038=CARTESIAN_POINT('',(1.191698037532E0,7.5E-1,-1.607232164357E0));
#1039=CARTESIAN_POINT('',(1.212806453096E0,7.5E-1,-1.573018251736E0));
#1040=CARTESIAN_POINT('',(1.217213982502E0,7.5E-1,-1.547471371800E0));
#1041=CARTESIAN_POINT('',(1.216731062058E0,7.5E-1,-1.533642339643E0));
#1043=CARTESIAN_POINT('',(1.216731062058E0,7.5E-1,-1.533642339643E0));
#1044=CARTESIAN_POINT('',(1.214143763206E0,7.5E-1,-1.459551794400E0));
#1045=CARTESIAN_POINT('',(1.210874117955E0,7.5E-1,-1.385482374432E0));
#1046=CARTESIAN_POINT('',(1.208286819103E0,7.5E-1,-1.311391829189E0));
#1048=CARTESIAN_POINT('',(1.307403098868E0,7.5E-1,-1.308891568110E0));
#1049=DIRECTION('',(0.E0,1.E0,0.E0));
#1050=DIRECTION('',(-9.996815671478E-1,0.E0,-2.523418920654E-2));
#1051=AXIS2_PLACEMENT_3D('',#1048,#1049,#1050);
#1053=CARTESIAN_POINT('',(1.307403098868E0,7.5E-1,-1.308891568110E0));
#1054=DIRECTION('',(0.E0,1.E0,0.E0));
#1055=DIRECTION('',(-7.067046143262E-1,0.E0,7.075087194446E-1));
#1056=AXIS2_PLACEMENT_3D('',#1053,#1054,#1055);
#1058=DIRECTION('',(9.993908270191E-1,0.E0,-3.489949670361E-2));
#1059=VECTOR('',#1058,2.225875343541E-1);
#1060=CARTESIAN_POINT('',(1.310893048538E0,7.5E-1,-1.208952485409E0));
#1061=LINE('',#1060,#1059);
#1062=CARTESIAN_POINT('',(1.533344988581E0,7.5E-1,-1.216720678330E0));
#1063=CARTESIAN_POINT('',(1.547187326661E0,7.5E-1,-1.217204063427E0));
#1064=CARTESIAN_POINT('',(1.571912765705E0,7.5E-1,-1.213152876681E0));
#1065=CARTESIAN_POINT('',(1.606661300405E0,7.5E-1,-1.192306540431E0));
#1066=CARTESIAN_POINT('',(1.630034236743E0,7.5E-1,-1.160313677351E0));
#1067=CARTESIAN_POINT('',(1.639536852469E0,7.5E-1,-1.121251453672E0));
#1068=CARTESIAN_POINT('',(1.635834241979E0,7.5E-1,-1.095592925548E0));
#1069=CARTESIAN_POINT('',(1.631101551391E0,7.5E-1,-1.082589965023E0));
#1071=CARTESIAN_POINT('',(1.631101551391E0,7.5E-1,-1.082589965023E0));
#1072=CARTESIAN_POINT('',(1.605745646356E0,7.5E-1,-1.012925188489E0));
#1073=CARTESIAN_POINT('',(1.579747319401E0,7.5E-1,-9.434913599181E-1));
#1074=CARTESIAN_POINT('',(1.554391414366E0,7.5E-1,-8.738265833846E-1));
#1076=CARTESIAN_POINT('',(1.647883974943E0,7.5E-1,-8.408200789266E-1));
#1077=DIRECTION('',(0.E0,1.E0,0.E0));
#1078=DIRECTION('',(-9.429558753528E-1,0.E0,-3.329177332879E-1));
#1079=AXIS2_PLACEMENT_3D('',#1076,#1077,#1078);
#1081=CARTESIAN_POINT('',(1.647883974943E0,7.5E-1,-8.408200789266E-1));
#1082=DIRECTION('',(0.E0,1.E0,0.E0));
#1083=DIRECTION('',(-8.907482465276E-1,0.E0,4.544970421333E-1));
#1084=AXIS2_PLACEMENT_3D('',#1081,#1082,#1083);
#1086=DIRECTION('',(9.612616959383E-1,0.E0,2.756373558170E-1));
#1087=VECTOR('',#1086,2.225875343556E-1);
#1088=CARTESIAN_POINT('',(1.620320239361E0,7.5E-1,-7.446939093330E-1));
#1089=LINE('',#1088,#1087);
#1090=CARTESIAN_POINT('',(1.834285110130E0,7.5E-1,-6.833404699254E-1));
#1091=CARTESIAN_POINT('',(1.847599330172E0,7.5E-1,-6.795226787632E-1));
#1092=CARTESIAN_POINT('',(1.869862734541E0,7.5E-1,-6.680291903515E-1));
#1093=CARTESIAN_POINT('',(1.896468682727E0,7.5E-1,-6.374652586680E-1));
#1094=CARTESIAN_POINT('',(1.908811327747E0,7.5E-1,-5.998156032242E-1));
#1095=CARTESIAN_POINT('',(1.905777961400E0,7.5E-1,-5.597287511023E-1));
#1096=CARTESIAN_POINT('',(1.894327648324E0,7.5E-1,-5.364702102968E-1));
#1097=CARTESIAN_POINT('',(1.885808456321E0,7.5E-1,-5.255661417798E-1));
#1099=CARTESIAN_POINT('',(1.885808456321E0,7.5E-1,-5.255661417798E-1));
#1100=CARTESIAN_POINT('',(1.840165957753E0,7.5E-1,-4.671464076647E-1));
#1101=CARTESIAN_POINT('',(1.793983846477E0,7.5E-1,-4.091448374055E-1));
#1102=CARTESIAN_POINT('',(1.748341347909E0,7.5E-1,-3.507251032903E-1));
#1104=CARTESIAN_POINT('',(1.827058486068E0,7.5E-1,-2.904432620794E-1));
#1105=DIRECTION('',(0.E0,1.E0,0.E0));
#1106=DIRECTION('',(-7.939270925176E-1,0.E0,-6.080129700644E-1));
#1107=AXIS2_PLACEMENT_3D('',#1104,#1105,#1106);
#1109=CARTESIAN_POINT('',(1.827058486068E0,7.5E-1,-2.904432620794E-1));
#1110=DIRECTION('',(0.E0,1.E0,0.E0));
#1111=DIRECTION('',(-9.875992341509E-1,0.E0,1.569960276710E-1));
#1112=AXIS2_PLACEMENT_3D('',#1109,#1110,#1111);
#1114=DIRECTION('',(8.290375725550E-1,0.E0,5.591929034708E-1));
#1115=VECTOR('',#1114,2.225875343540E-1);
#1116=CARTESIAN_POINT('',(1.771139195721E0,7.5E-1,-2.075395048235E-1));
#1117=LINE('',#1116,#1115);
#1118=CARTESIAN_POINT('',(1.955672624883E0,7.5E-1,-8.307013521170E-2));
#1119=CARTESIAN_POINT('',(1.967155438264E0,7.5E-1,-7.532487978926E-2));
#1120=CARTESIAN_POINT('',(1.984777510820E0,7.5E-1,-5.751415243766E-2));
#1121=CARTESIAN_POINT('',(2.000636496909E0,7.5E-1,-2.022443590549E-2));
#1122=CARTESIAN_POINT('',(2.000740666519E0,7.5E-1,1.939660130714E-2));
#1123=CARTESIAN_POINT('',(1.985468245131E0,7.5E-1,5.658410148410E-2));
#1124=CARTESIAN_POINT('',(1.967391065895E0,7.5E-1,7.516594694535E-2));
#1125=CARTESIAN_POINT('',(1.955919290347E0,7.5E-1,8.290375725585E-2));
#1127=CARTESIAN_POINT('',(1.955919290347E0,7.5E-1,8.290375725585E-2));
#1128=CARTESIAN_POINT('',(1.894458004015E0,7.5E-1,1.243599183425E-1));
#1129=CARTESIAN_POINT('',(1.832612735239E0,7.5E-1,1.652516324728E-1));
#1130=CARTESIAN_POINT('',(1.771151448908E0,7.5E-1,2.067077935595E-1));
#1132=CARTESIAN_POINT('',(1.827387782711E0,7.5E-1,2.883641648973E-1));
#1133=DIRECTION('',(0.E0,1.E0,0.E0));
#1134=DIRECTION('',(-5.671831942464E-1,0.E0,-8.235916610581E-1));
#1135=AXIS2_PLACEMENT_3D('',#1132,#1133,#1134);
#1137=CARTESIAN_POINT('',(1.827387782711E0,7.5E-1,2.883641648973E-1));
#1138=DIRECTION('',(0.E0,1.E0,0.E0));
#1139=DIRECTION('',(-9.877771277271E-1,0.E0,-1.558728518353E-1));
#1140=AXIS2_PLACEMENT_3D('',#1137,#1138,#1139);
#1142=DIRECTION('',(6.156614753263E-1,0.E0,7.880107536062E-1));
#1143=VECTOR('',#1142,2.225875343539E-1);
#1144=CARTESIAN_POINT('',(1.748586707351E0,7.5E-1,3.499303124312E-1));
#1145=LINE('',#1144,#1143);
#1146=CARTESIAN_POINT('',(1.885625277141E0,7.5E-1,5.253316831208E-1));
#1147=CARTESIAN_POINT('',(1.894152666080E0,7.5E-1,5.362462432375E-1));
#1148=CARTESIAN_POINT('',(1.905408435582E0,7.5E-1,5.586307714416E-1));
#1149=CARTESIAN_POINT('',(1.908968071520E0,7.5E-1,5.989960955553E-1));
#1150=CARTESIAN_POINT('',(1.896823568873E0,7.5E-1,6.367101313585E-1));
#1151=CARTESIAN_POINT('',(1.870807063459E0,7.5E-1,6.673581079726E-1));
#1152=CARTESIAN_POINT('',(1.847872538316E0,7.5E-1,6.794443375886E-1));
#1153=CARTESIAN_POINT('',(1.834571116543E0,7.5E-1,6.832584589061E-1));
#1155=CARTESIAN_POINT('',(1.834571116543E0,7.5E-1,6.832584589061E-1));
#1156=CARTESIAN_POINT('',(1.763307301380E0,7.5E-1,7.036930290758E-1));
#1157=CARTESIAN_POINT('',(1.691852720912E0,7.5E-1,7.234721211884E-1));
#1158=CARTESIAN_POINT('',(1.620588905749E0,7.5E-1,7.439066913581E-1));
#1160=CARTESIAN_POINT('',(1.648839631024E0,7.5E-1,8.389444982626E-1));
#1161=DIRECTION('',(0.E0,1.E0,0.E0));
#1162=DIRECTION('',(-2.849194531383E-1,0.E0,-9.585514619588E-1));
#1163=AXIS2_PLACEMENT_3D('',#1160,#1161,#1162);
#1165=CARTESIAN_POINT('',(1.648839631024E0,7.5E-1,8.389444982626E-1));
#1166=DIRECTION('',(0.E0,1.E0,0.E0));
#1167=DIRECTION('',(-8.912645137933E-1,0.E0,-4.534838105740E-1));
#1168=AXIS2_PLACEMENT_3D('',#1165,#1166,#1167);
#1170=DIRECTION('',(3.420201433248E-1,0.E0,9.396926207862E-1));
#1171=VECTOR('',#1170,2.225875343544E-1);
#1172=CARTESIAN_POINT('',(1.554870368945E0,7.5E-1,8.731465125944E-1));
#1173=LINE('',#1172,#1171);
#1174=CARTESIAN_POINT('',(1.630999789347E0,7.5E-1,1.082310376106E0));
#1175=CARTESIAN_POINT('',(1.635737033603E0,7.5E-1,1.095325847730E0));
#1176=CARTESIAN_POINT('',(1.639524706907E0,7.5E-1,1.120093023203E0));
#1177=CARTESIAN_POINT('',(1.630436550727E0,7.5E-1,1.159582715732E0));
#1178=CARTESIAN_POINT('',(1.607232164357E0,7.5E-1,1.191698037532E0));
#1179=CARTESIAN_POINT('',(1.573018251736E0,7.5E-1,1.212806453096E0));
#1180=CARTESIAN_POINT('',(1.547471371800E0,7.5E-1,1.217213982502E0));
#1181=CARTESIAN_POINT('',(1.533642339643E0,7.5E-1,1.216731062058E0));
#1183=CARTESIAN_POINT('',(1.533642339643E0,7.5E-1,1.216731062058E0));
#1184=CARTESIAN_POINT('',(1.459551794400E0,7.5E-1,1.214143763206E0));
#1185=CARTESIAN_POINT('',(1.385482374432E0,7.5E-1,1.210874117955E0));
#1186=CARTESIAN_POINT('',(1.311391829189E0,7.5E-1,1.208286819103E0));
#1188=CARTESIAN_POINT('',(1.308891568110E0,7.5E-1,1.307403098868E0));
#1189=DIRECTION('',(0.E0,1.E0,0.E0));
#1190=DIRECTION('',(2.523418920654E-2,0.E0,-9.996815671478E-1));
#1191=AXIS2_PLACEMENT_3D('',#1188,#1189,#1190);
#1193=CARTESIAN_POINT('',(1.308891568110E0,7.5E-1,1.307403098868E0));
#1194=DIRECTION('',(0.E0,1.E0,0.E0));
#1195=DIRECTION('',(-7.075087194446E-1,0.E0,-7.067046143262E-1));
#1196=AXIS2_PLACEMENT_3D('',#1193,#1194,#1195);
#1198=DIRECTION('',(3.489949670361E-2,0.E0,9.993908270191E-1));
#1199=VECTOR('',#1198,2.225875343541E-1);
#1200=CARTESIAN_POINT('',(1.208952485409E0,7.5E-1,1.310893048538E0));
#1201=LINE('',#1200,#1199);
#1202=CARTESIAN_POINT('',(1.216720678330E0,7.5E-1,1.533344988581E0));
#1203=CARTESIAN_POINT('',(1.217204063427E0,7.5E-1,1.547187326661E0));
#1204=CARTESIAN_POINT('',(1.213152876681E0,7.5E-1,1.571912765705E0));
#1205=CARTESIAN_POINT('',(1.192306540431E0,7.5E-1,1.606661300405E0));
#1206=CARTESIAN_POINT('',(1.160313677351E0,7.5E-1,1.630034236743E0));
#1207=CARTESIAN_POINT('',(1.121251453672E0,7.5E-1,1.639536852469E0));
#1208=CARTESIAN_POINT('',(1.095592925548E0,7.5E-1,1.635834241979E0));
#1209=CARTESIAN_POINT('',(1.082589965023E0,7.5E-1,1.631101551391E0));
#1211=CARTESIAN_POINT('',(1.082589965023E0,7.5E-1,1.631101551391E0));
#1212=CARTESIAN_POINT('',(1.012925188489E0,7.5E-1,1.605745646356E0));
#1213=CARTESIAN_POINT('',(9.434913599181E-1,7.5E-1,1.579747319401E0));
#1214=CARTESIAN_POINT('',(8.738265833846E-1,7.5E-1,1.554391414366E0));
#1216=CARTESIAN_POINT('',(8.408200789266E-1,7.5E-1,1.647883974943E0));
#1217=DIRECTION('',(0.E0,1.E0,0.E0));
#1218=DIRECTION('',(3.329177332879E-1,0.E0,-9.429558753528E-1));
#1219=AXIS2_PLACEMENT_3D('',#1216,#1217,#1218);
#1221=CARTESIAN_POINT('',(8.408200789266E-1,7.5E-1,1.647883974943E0));
#1222=DIRECTION('',(0.E0,1.E0,0.E0));
#1223=DIRECTION('',(-4.544970421333E-1,0.E0,-8.907482465276E-1));
#1224=AXIS2_PLACEMENT_3D('',#1221,#1222,#1223);
#1226=DIRECTION('',(-2.756373558170E-1,0.E0,9.612616959383E-1));
#1227=VECTOR('',#1226,2.225875343556E-1);
#1228=CARTESIAN_POINT('',(7.446939093330E-1,7.5E-1,1.620320239361E0));
#1229=LINE('',#1228,#1227);
#1230=CARTESIAN_POINT('',(6.833404699254E-1,7.5E-1,1.834285110130E0));
#1231=CARTESIAN_POINT('',(6.795226787632E-1,7.5E-1,1.847599330172E0));
#1232=CARTESIAN_POINT('',(6.680291903515E-1,7.5E-1,1.869862734541E0));
#1233=CARTESIAN_POINT('',(6.374652586680E-1,7.5E-1,1.896468682727E0));
#1234=CARTESIAN_POINT('',(5.998156032242E-1,7.5E-1,1.908811327747E0));
#1235=CARTESIAN_POINT('',(5.597287511023E-1,7.5E-1,1.905777961400E0));
#1236=CARTESIAN_POINT('',(5.364702102968E-1,7.5E-1,1.894327648324E0));
#1237=CARTESIAN_POINT('',(5.255661417798E-1,7.5E-1,1.885808456321E0));
#1239=CARTESIAN_POINT('',(5.255661417798E-1,7.5E-1,1.885808456321E0));
#1240=CARTESIAN_POINT('',(4.671464076647E-1,7.5E-1,1.840165957753E0));
#1241=CARTESIAN_POINT('',(4.091448374055E-1,7.5E-1,1.793983846477E0));
#1242=CARTESIAN_POINT('',(3.507251032903E-1,7.5E-1,1.748341347909E0));
#1244=CARTESIAN_POINT('',(2.904432620794E-1,7.5E-1,1.827058486068E0));
#1245=DIRECTION('',(0.E0,1.E0,0.E0));
#1246=DIRECTION('',(6.080129700644E-1,0.E0,-7.939270925176E-1));
#1247=AXIS2_PLACEMENT_3D('',#1244,#1245,#1246);
#1249=CARTESIAN_POINT('',(2.904432620794E-1,7.5E-1,1.827058486068E0));
#1250=DIRECTION('',(0.E0,1.E0,0.E0));
#1251=DIRECTION('',(-1.569960276710E-1,0.E0,-9.875992341509E-1));
#1252=AXIS2_PLACEMENT_3D('',#1249,#1250,#1251);
#1254=DIRECTION('',(-5.591929034708E-1,0.E0,8.290375725550E-1));
#1255=VECTOR('',#1254,2.225875343540E-1);
#1256=CARTESIAN_POINT('',(2.075395048235E-1,7.5E-1,1.771139195721E0));
#1257=LINE('',#1256,#1255);
#1258=CARTESIAN_POINT('',(8.307013521170E-2,7.5E-1,1.955672624883E0));
#1259=CARTESIAN_POINT('',(7.532487978926E-2,7.5E-1,1.967155438264E0));
#1260=CARTESIAN_POINT('',(5.751415243766E-2,7.5E-1,1.984777510820E0));
#1261=CARTESIAN_POINT('',(2.022443590549E-2,7.5E-1,2.000636496909E0));
#1262=CARTESIAN_POINT('',(-1.939660130714E-2,7.5E-1,2.000740666519E0));
#1263=CARTESIAN_POINT('',(-5.658410148409E-2,7.5E-1,1.985468245131E0));
#1264=CARTESIAN_POINT('',(-7.516594694536E-2,7.5E-1,1.967391065895E0));
#1265=CARTESIAN_POINT('',(-8.290375725574E-2,7.5E-1,1.955919290347E0));
#1267=DIRECTION('',(-5.591929034708E-1,0.E0,-8.290375725550E-1));
#1268=VECTOR('',#1267,2.228819010139E-1);
#1269=CARTESIAN_POINT('',(-8.290375725574E-2,7.5E-1,1.955919290347E0));
#1270=LINE('',#1269,#1268);
#1271=CARTESIAN_POINT('',(-2.904432620794E-1,7.5E-1,1.827058486068E0));
#1272=DIRECTION('',(0.E0,1.E0,0.E0));
#1273=DIRECTION('',(8.290906750891E-1,0.E0,-5.591141676619E-1));
#1274=AXIS2_PLACEMENT_3D('',#1271,#1272,#1273);
#1276=CARTESIAN_POINT('',(-2.904432620794E-1,7.5E-1,1.827058486068E0));
#1277=DIRECTION('',(0.E0,1.E0,0.E0));
#1278=DIRECTION('',(1.571245993857E-1,0.E0,-9.875787868661E-1));
#1279=AXIS2_PLACEMENT_3D('',#1276,#1277,#1278);
#1281=CARTESIAN_POINT('',(-3.507251032914E-1,7.5E-1,1.748341347909E0));
#1282=CARTESIAN_POINT('',(-4.089131777528E-1,7.5E-1,1.793802854120E0));
#1283=CARTESIAN_POINT('',(-4.671468258940E-1,7.5E-1,1.840165423717E0));
#1284=CARTESIAN_POINT('',(-5.253349003554E-1,7.5E-1,1.885626929928E0));
#1286=CARTESIAN_POINT('',(-5.253349003554E-1,7.5E-1,1.885626929928E0));
#1287=CARTESIAN_POINT('',(-5.362452546076E-1,7.5E-1,1.894151032885E0));
#1288=CARTESIAN_POINT('',(-5.586312302793E-1,7.5E-1,1.905409193572E0));
#1289=CARTESIAN_POINT('',(-5.989959725679E-1,7.5E-1,1.908967868347E0));
#1290=CARTESIAN_POINT('',(-6.367101644705E-1,7.5E-1,1.896823623573E0));
#1291=CARTESIAN_POINT('',(-6.673580985121E-1,7.5E-1,1.870807047831E0));
#1292=CARTESIAN_POINT('',(-6.794443375886E-1,7.5E-1,1.847872538316E0));
#1293=CARTESIAN_POINT('',(-6.832584589061E-1,7.5E-1,1.834571116543E0));
#1295=CARTESIAN_POINT('',(0.E0,7.5E-1,0.E0));
#1296=DIRECTION('',(0.E0,1.E0,0.E0));
#1297=DIRECTION('',(0.E0,0.E0,-1.E0));
#1298=AXIS2_PLACEMENT_3D('',#1295,#1296,#1297);
#1300=CARTESIAN_POINT('',(0.E0,7.5E-1,0.E0));
#1301=DIRECTION('',(0.E0,1.E0,0.E0));
#1302=DIRECTION('',(0.E0,0.E0,1.E0));
#1303=AXIS2_PLACEMENT_3D('',#1300,#1301,#1302);
#1305=DIRECTION('',(5.044034906530E-10,1.E0,-1.835878725731E-10));
#1306=VECTOR('',#1305,2.55E0);
#1307=CARTESIAN_POINT('',(-1.082310376106E0,7.5E-1,1.630999789347E0));
#1308=LINE('',#1307,#1306);
#1309=DIRECTION('',(0.E0,-1.E0,0.E0));
#1310=VECTOR('',#1309,2.55E0);
#1311=CARTESIAN_POINT('',(-1.216731062058E0,3.3E0,1.533642339643E0));
#1312=LINE('',#1311,#1310);
#1313=DIRECTION('',(0.E0,1.E0,0.E0));
#1314=VECTOR('',#1313,2.55E0);
#1315=CARTESIAN_POINT('',(-1.208286819103E0,7.5E-1,1.311391829189E0));
#1316=LINE('',#1315,#1314);
#1317=DIRECTION('',(0.E0,-1.E0,0.E0));
#1318=VECTOR('',#1317,2.55E0);
#1319=CARTESIAN_POINT('',(-1.310893048538E0,3.3E0,1.208952485409E0));
#1320=LINE('',#1319,#1318);
#1321=DIRECTION('',(5.364480101963E-10,1.E0,-1.873307609253E-11));
#1322=VECTOR('',#1321,2.55E0);
#1323=CARTESIAN_POINT('',(-1.533344988581E0,7.5E-1,1.216720678330E0));
#1324=LINE('',#1323,#1322);
#1325=DIRECTION('',(0.E0,-1.E0,0.E0));
#1326=VECTOR('',#1325,2.55E0);
#1327=CARTESIAN_POINT('',(-1.631101551391E0,3.3E0,1.082589965023E0));
#1328=LINE('',#1327,#1326);
#1329=DIRECTION('',(0.E0,1.E0,0.E0));
#1330=VECTOR('',#1329,2.55E0);
#1331=CARTESIAN_POINT('',(-1.554391414366E0,7.5E-1,8.738265833846E-1));
#1332=LINE('',#1331,#1330);
#1333=DIRECTION('',(0.E0,-1.E0,0.E0));
#1334=VECTOR('',#1333,2.55E0);
#1335=CARTESIAN_POINT('',(-1.620320239361E0,3.3E0,7.446939093330E-1));
#1336=LINE('',#1335,#1334);
#1337=DIRECTION('',(5.159811575827E-10,1.E0,1.479551992905E-10));
#1338=VECTOR('',#1337,2.55E0);
#1339=CARTESIAN_POINT('',(-1.834285110130E0,7.5E-1,6.833404699254E-1));
#1340=LINE('',#1339,#1338);
#1341=DIRECTION('',(0.E0,-1.E0,0.E0));
#1342=VECTOR('',#1341,2.55E0);
#1343=CARTESIAN_POINT('',(-1.885808456321E0,3.3E0,5.255661417798E-1));
#1344=LINE('',#1343,#1342);
#1345=DIRECTION('',(0.E0,1.E0,0.E0));
#1346=VECTOR('',#1345,2.55E0);
#1347=CARTESIAN_POINT('',(-1.748341347909E0,7.5E-1,3.507251032903E-1));
#1348=LINE('',#1347,#1346);
#1349=DIRECTION('',(0.E0,-1.E0,0.E0));
#1350=VECTOR('',#1349,2.55E0);
#1351=CARTESIAN_POINT('',(-1.771139195721E0,3.3E0,2.075395048235E-1));
#1352=LINE('',#1351,#1350);
#1353=DIRECTION('',(4.450066459118E-10,1.E0,3.001607568163E-10));
#1354=VECTOR('',#1353,2.55E0);
#1355=CARTESIAN_POINT('',(-1.955672624883E0,7.5E-1,8.307013521170E-2));
#1356=LINE('',#1355,#1354);
#1357=DIRECTION('',(0.E0,-1.E0,0.E0));
#1358=VECTOR('',#1357,2.55E0);
#1359=CARTESIAN_POINT('',(-1.955919290347E0,3.3E0,-8.290375725585E-2));
#1360=LINE('',#1359,#1358);
#1361=DIRECTION('',(0.E0,1.E0,0.E0));
#1362=VECTOR('',#1361,2.55E0);
#1363=CARTESIAN_POINT('',(-1.771151448908E0,7.5E-1,-2.067077935595E-1));
#1364=LINE('',#1363,#1362);
#1365=DIRECTION('',(0.E0,-1.E0,0.E0));
#1366=VECTOR('',#1365,2.55E0);
#1367=CARTESIAN_POINT('',(-1.748586707351E0,3.3E0,-3.499303124312E-1));
#1368=LINE('',#1367,#1366);
#1369=DIRECTION('',(3.304716848757E-10,1.E0,4.229843926098E-10));
#1370=VECTOR('',#1369,2.55E0);
#1371=CARTESIAN_POINT('',(-1.885625277141E0,7.5E-1,-5.253316831208E-1));
#1372=LINE('',#1371,#1370);
#1373=DIRECTION('',(0.E0,-1.E0,0.E0));
#1374=VECTOR('',#1373,2.55E0);
#1375=CARTESIAN_POINT('',(-1.834571116543E0,3.3E0,-6.832584589061E-1));
#1376=LINE('',#1375,#1374);
#1377=DIRECTION('',(0.E0,1.E0,0.E0));
#1378=VECTOR('',#1377,2.55E0);
#1379=CARTESIAN_POINT('',(-1.620588905749E0,7.5E-1,-7.439066913581E-1));
#1380=LINE('',#1379,#1378);
#1381=DIRECTION('',(0.E0,-1.E0,0.E0));
#1382=VECTOR('',#1381,2.55E0);
#1383=CARTESIAN_POINT('',(-1.554870368945E0,3.3E0,-8.731465125944E-1));
#1384=LINE('',#1383,#1382);
#1385=DIRECTION('',(1.835878725731E-10,1.E0,5.044034906530E-10));
#1386=VECTOR('',#1385,2.55E0);
#1387=CARTESIAN_POINT('',(-1.630999789347E0,7.5E-1,-1.082310376106E0));
#1388=LINE('',#1387,#1386);
#1389=DIRECTION('',(0.E0,-1.E0,0.E0));
#1390=VECTOR('',#1389,2.55E0);
#1391=CARTESIAN_POINT('',(-1.533642339643E0,3.3E0,-1.216731062058E0));
#1392=LINE('',#1391,#1390);
#1393=DIRECTION('',(0.E0,1.E0,0.E0));
#1394=VECTOR('',#1393,2.55E0);
#1395=CARTESIAN_POINT('',(-1.311391829189E0,7.5E-1,-1.208286819103E0));
#1396=LINE('',#1395,#1394);
#1397=DIRECTION('',(0.E0,-1.E0,0.E0));
#1398=VECTOR('',#1397,2.55E0);
#1399=CARTESIAN_POINT('',(-1.208952485409E0,3.3E0,-1.310893048538E0));
#1400=LINE('',#1399,#1398);
#1401=DIRECTION('',(1.873307609253E-11,1.E0,5.364480101963E-10));
#1402=VECTOR('',#1401,2.55E0);
#1403=CARTESIAN_POINT('',(-1.216720678330E0,7.5E-1,-1.533344988581E0));
#1404=LINE('',#1403,#1402);
#1405=DIRECTION('',(0.E0,-1.E0,0.E0));
#1406=VECTOR('',#1405,2.55E0);
#1407=CARTESIAN_POINT('',(-1.082589965023E0,3.3E0,-1.631101551391E0));
#1408=LINE('',#1407,#1406);
#1409=DIRECTION('',(0.E0,1.E0,0.E0));
#1410=VECTOR('',#1409,2.55E0);
#1411=CARTESIAN_POINT('',(-8.738265833846E-1,7.5E-1,-1.554391414366E0));
#1412=LINE('',#1411,#1410);
#1413=DIRECTION('',(0.E0,-1.E0,0.E0));
#1414=VECTOR('',#1413,2.55E0);
#1415=CARTESIAN_POINT('',(-7.446939093330E-1,3.3E0,-1.620320239361E0));
#1416=LINE('',#1415,#1414);
#1417=DIRECTION('',(-1.479551992905E-10,1.E0,5.159811575827E-10));
#1418=VECTOR('',#1417,2.55E0);
#1419=CARTESIAN_POINT('',(-6.833404699254E-1,7.5E-1,-1.834285110130E0));
#1420=LINE('',#1419,#1418);
#1421=DIRECTION('',(0.E0,-1.E0,0.E0));
#1422=VECTOR('',#1421,2.55E0);
#1423=CARTESIAN_POINT('',(-5.255661417798E-1,3.3E0,-1.885808456321E0));
#1424=LINE('',#1423,#1422);
#1425=DIRECTION('',(0.E0,1.E0,0.E0));
#1426=VECTOR('',#1425,2.55E0);
#1427=CARTESIAN_POINT('',(-3.507251032903E-1,7.5E-1,-1.748341347909E0));
#1428=LINE('',#1427,#1426);
#1429=DIRECTION('',(0.E0,-1.E0,0.E0));
#1430=VECTOR('',#1429,2.55E0);
#1431=CARTESIAN_POINT('',(-2.075395048235E-1,3.3E0,-1.771139195721E0));
#1432=LINE('',#1431,#1430);
#1433=DIRECTION('',(-3.001607568163E-10,1.E0,4.450066459118E-10));
#1434=VECTOR('',#1433,2.55E0);
#1435=CARTESIAN_POINT('',(-8.307013521170E-2,7.5E-1,-1.955672624883E0));
#1436=LINE('',#1435,#1434);
#1437=DIRECTION('',(0.E0,-1.E0,0.E0));
#1438=VECTOR('',#1437,2.55E0);
#1439=CARTESIAN_POINT('',(8.290375725585E-2,3.3E0,-1.955919290347E0));
#1440=LINE('',#1439,#1438);
#1441=DIRECTION('',(0.E0,1.E0,0.E0));
#1442=VECTOR('',#1441,2.55E0);
#1443=CARTESIAN_POINT('',(2.067077935595E-1,7.5E-1,-1.771151448908E0));
#1444=LINE('',#1443,#1442);
#1445=DIRECTION('',(0.E0,-1.E0,0.E0));
#1446=VECTOR('',#1445,2.55E0);
#1447=CARTESIAN_POINT('',(3.499303124312E-1,3.3E0,-1.748586707351E0));
#1448=LINE('',#1447,#1446);
#1449=DIRECTION('',(-4.229843926098E-10,1.E0,3.304716848757E-10));
#1450=VECTOR('',#1449,2.55E0);
#1451=CARTESIAN_POINT('',(5.253316831208E-1,7.5E-1,-1.885625277141E0));
#1452=LINE('',#1451,#1450);
#1453=DIRECTION('',(0.E0,-1.E0,0.E0));
#1454=VECTOR('',#1453,2.55E0);
#1455=CARTESIAN_POINT('',(6.832584589061E-1,3.3E0,-1.834571116543E0));
#1456=LINE('',#1455,#1454);
#1457=DIRECTION('',(0.E0,1.E0,0.E0));
#1458=VECTOR('',#1457,2.55E0);
#1459=CARTESIAN_POINT('',(7.439066913581E-1,7.5E-1,-1.620588905749E0));
#1460=LINE('',#1459,#1458);
#1461=DIRECTION('',(0.E0,-1.E0,0.E0));
#1462=VECTOR('',#1461,2.55E0);
#1463=CARTESIAN_POINT('',(8.731465125944E-1,3.3E0,-1.554870368945E0));
#1464=LINE('',#1463,#1462);
#1465=DIRECTION('',(-5.044034906530E-10,1.E0,1.835878725731E-10));
#1466=VECTOR('',#1465,2.55E0);
#1467=CARTESIAN_POINT('',(1.082310376106E0,7.5E-1,-1.630999789347E0));
#1468=LINE('',#1467,#1466);
#1469=DIRECTION('',(0.E0,-1.E0,0.E0));
#1470=VECTOR('',#1469,2.55E0);
#1471=CARTESIAN_POINT('',(1.216731062058E0,3.3E0,-1.533642339643E0));
#1472=LINE('',#1471,#1470);
#1473=DIRECTION('',(0.E0,1.E0,0.E0));
#1474=VECTOR('',#1473,2.55E0);
#1475=CARTESIAN_POINT('',(1.208286819103E0,7.5E-1,-1.311391829189E0));
#1476=LINE('',#1475,#1474);
#1477=DIRECTION('',(0.E0,-1.E0,0.E0));
#1478=VECTOR('',#1477,2.55E0);
#1479=CARTESIAN_POINT('',(1.310893048538E0,3.3E0,-1.208952485409E0));
#1480=LINE('',#1479,#1478);
#1481=DIRECTION('',(-5.364480101963E-10,1.E0,1.873307609253E-11));
#1482=VECTOR('',#1481,2.55E0);
#1483=CARTESIAN_POINT('',(1.533344988581E0,7.5E-1,-1.216720678330E0));
#1484=LINE('',#1483,#1482);
#1485=DIRECTION('',(0.E0,-1.E0,0.E0));
#1486=VECTOR('',#1485,2.55E0);
#1487=CARTESIAN_POINT('',(1.631101551391E0,3.3E0,-1.082589965023E0));
#1488=LINE('',#1487,#1486);
#1489=DIRECTION('',(0.E0,1.E0,0.E0));
#1490=VECTOR('',#1489,2.55E0);
#1491=CARTESIAN_POINT('',(1.554391414366E0,7.5E-1,-8.738265833846E-1));
#1492=LINE('',#1491,#1490);
#1493=DIRECTION('',(0.E0,-1.E0,0.E0));
#1494=VECTOR('',#1493,2.55E0);
#1495=CARTESIAN_POINT('',(1.620320239361E0,3.3E0,-7.446939093330E-1));
#1496=LINE('',#1495,#1494);
#1497=DIRECTION('',(-5.159811575827E-10,1.E0,-1.479551992905E-10));
#1498=VECTOR('',#1497,2.55E0);
#1499=CARTESIAN_POINT('',(1.834285110130E0,7.5E-1,-6.833404699254E-1));
#1500=LINE('',#1499,#1498);
#1501=DIRECTION('',(0.E0,-1.E0,0.E0));
#1502=VECTOR('',#1501,2.55E0);
#1503=CARTESIAN_POINT('',(1.885808456321E0,3.3E0,-5.255661417798E-1));
#1504=LINE('',#1503,#1502);
#1505=DIRECTION('',(0.E0,1.E0,0.E0));
#1506=VECTOR('',#1505,2.55E0);
#1507=CARTESIAN_POINT('',(1.748341347909E0,7.5E-1,-3.507251032903E-1));
#1508=LINE('',#1507,#1506);
#1509=DIRECTION('',(0.E0,-1.E0,0.E0));
#1510=VECTOR('',#1509,2.55E0);
#1511=CARTESIAN_POINT('',(1.771139195721E0,3.3E0,-2.075395048235E-1));
#1512=LINE('',#1511,#1510);
#1513=DIRECTION('',(-4.450066459118E-10,1.E0,-3.001607568163E-10));
#1514=VECTOR('',#1513,2.55E0);
#1515=CARTESIAN_POINT('',(1.955672624883E0,7.5E-1,-8.307013521170E-2));
#1516=LINE('',#1515,#1514);
#1517=DIRECTION('',(0.E0,-1.E0,0.E0));
#1518=VECTOR('',#1517,2.55E0);
#1519=CARTESIAN_POINT('',(1.955919290347E0,3.3E0,8.290375725585E-2));
#1520=LINE('',#1519,#1518);
#1521=DIRECTION('',(0.E0,1.E0,0.E0));
#1522=VECTOR('',#1521,2.55E0);
#1523=CARTESIAN_POINT('',(1.771151448908E0,7.5E-1,2.067077935595E-1));
#1524=LINE('',#1523,#1522);
#1525=DIRECTION('',(0.E0,-1.E0,0.E0));
#1526=VECTOR('',#1525,2.55E0);
#1527=CARTESIAN_POINT('',(1.748586707351E0,3.3E0,3.499303124312E-1));
#1528=LINE('',#1527,#1526);
#1529=DIRECTION('',(-3.304716848757E-10,1.E0,-4.229843926098E-10));
#1530=VECTOR('',#1529,2.55E0);
#1531=CARTESIAN_POINT('',(1.885625277141E0,7.5E-1,5.253316831208E-1));
#1532=LINE('',#1531,#1530);
#1533=DIRECTION('',(0.E0,-1.E0,0.E0));
#1534=VECTOR('',#1533,2.55E0);
#1535=CARTESIAN_POINT('',(1.834571116543E0,3.3E0,6.832584589061E-1));
#1536=LINE('',#1535,#1534);
#1537=DIRECTION('',(0.E0,1.E0,0.E0));
#1538=VECTOR('',#1537,2.55E0);
#1539=CARTESIAN_POINT('',(1.620588905749E0,7.5E-1,7.439066913581E-1));
#1540=LINE('',#1539,#1538);
#1541=DIRECTION('',(0.E0,-1.E0,0.E0));
#1542=VECTOR('',#1541,2.55E0);
#1543=CARTESIAN_POINT('',(1.554870368945E0,3.3E0,8.731465125944E-1));
#1544=LINE('',#1543,#1542);
#1545=DIRECTION('',(-1.835878725731E-10,1.E0,-5.044034906530E-10));
#1546=VECTOR('',#1545,2.55E0);
#1547=CARTESIAN_POINT('',(1.630999789347E0,7.5E-1,1.082310376106E0));
#1548=LINE('',#1547,#1546);
#1549=DIRECTION('',(0.E0,-1.E0,0.E0));
#1550=VECTOR('',#1549,2.55E0);
#1551=CARTESIAN_POINT('',(1.533642339643E0,3.3E0,1.216731062058E0));
#1552=LINE('',#1551,#1550);
#1553=DIRECTION('',(0.E0,1.E0,0.E0));
#1554=VECTOR('',#1553,2.55E0);
#1555=CARTESIAN_POINT('',(1.311391829189E0,7.5E-1,1.208286819103E0));
#1556=LINE('',#1555,#1554);
#1557=DIRECTION('',(0.E0,-1.E0,0.E0));
#1558=VECTOR('',#1557,2.55E0);
#1559=CARTESIAN_POINT('',(1.208952485409E0,3.3E0,1.310893048538E0));
#1560=LINE('',#1559,#1558);
#1561=DIRECTION('',(-1.873307609253E-11,1.E0,-5.364480101963E-10));
#1562=VECTOR('',#1561,2.55E0);
#1563=CARTESIAN_POINT('',(1.216720678330E0,7.5E-1,1.533344988581E0));
#1564=LINE('',#1563,#1562);
#1565=DIRECTION('',(0.E0,-1.E0,0.E0));
#1566=VECTOR('',#1565,2.55E0);
#1567=CARTESIAN_POINT('',(1.082589965023E0,3.3E0,1.631101551391E0));
#1568=LINE('',#1567,#1566);
#1569=DIRECTION('',(0.E0,1.E0,0.E0));
#1570=VECTOR('',#1569,2.55E0);
#1571=CARTESIAN_POINT('',(8.738265833846E-1,7.5E-1,1.554391414366E0));
#1572=LINE('',#1571,#1570);
#1573=DIRECTION('',(0.E0,-1.E0,0.E0));
#1574=VECTOR('',#1573,2.55E0);
#1575=CARTESIAN_POINT('',(7.446939093330E-1,3.3E0,1.620320239361E0));
#1576=LINE('',#1575,#1574);
#1577=DIRECTION('',(1.479551992905E-10,1.E0,-5.159811575827E-10));
#1578=VECTOR('',#1577,2.55E0);
#1579=CARTESIAN_POINT('',(6.833404699254E-1,7.5E-1,1.834285110130E0));
#1580=LINE('',#1579,#1578);
#1581=DIRECTION('',(0.E0,-1.E0,0.E0));
#1582=VECTOR('',#1581,2.55E0);
#1583=CARTESIAN_POINT('',(5.255661417798E-1,3.3E0,1.885808456321E0));
#1584=LINE('',#1583,#1582);
#1585=DIRECTION('',(0.E0,1.E0,0.E0));
#1586=VECTOR('',#1585,2.55E0);
#1587=CARTESIAN_POINT('',(3.507251032903E-1,7.5E-1,1.748341347909E0));
#1588=LINE('',#1587,#1586);
#1589=DIRECTION('',(0.E0,-1.E0,0.E0));
#1590=VECTOR('',#1589,2.55E0);
#1591=CARTESIAN_POINT('',(2.075395048235E-1,3.3E0,1.771139195721E0));
#1592=LINE('',#1591,#1590);
#1593=DIRECTION('',(0.E0,-1.E0,0.E0));
#1594=VECTOR('',#1593,2.55E0);
#1595=CARTESIAN_POINT('',(-8.290375725574E-2,3.3E0,1.955919290347E0));
#1596=LINE('',#1595,#1594);
#1597=DIRECTION('',(3.001607568163E-10,1.E0,-4.450066459118E-10));
#1598=VECTOR('',#1597,2.55E0);
#1599=CARTESIAN_POINT('',(8.307013521170E-2,7.5E-1,1.955672624883E0));
#1600=LINE('',#1599,#1598);
#1601=DIRECTION('',(0.E0,-1.E0,0.E0));
#1602=VECTOR('',#1601,4.5E-1);
#1603=CARTESIAN_POINT('',(0.E0,7.5E-1,-1.E0));
#1604=LINE('',#1603,#1602);
#1605=DIRECTION('',(0.E0,-1.E0,0.E0));
#1606=VECTOR('',#1605,4.5E-1);
#1607=CARTESIAN_POINT('',(0.E0,7.5E-1,1.E0));
#1608=LINE('',#1607,#1606);
#1609=CARTESIAN_POINT('',(0.E0,3.E-1,0.E0));
#1610=DIRECTION('',(0.E0,1.E0,0.E0));
#1611=DIRECTION('',(0.E0,0.E0,-1.E0));
#1612=AXIS2_PLACEMENT_3D('',#1609,#1610,#1611);
#1614=CARTESIAN_POINT('',(0.E0,3.E-1,0.E0));
#1615=DIRECTION('',(0.E0,1.E0,0.E0));
#1616=DIRECTION('',(0.E0,0.E0,1.E0));
#1617=AXIS2_PLACEMENT_3D('',#1614,#1615,#1616);
#1619=CARTESIAN_POINT('',(0.E0,3.E-1,0.E0));
#1620=DIRECTION('',(0.E0,-1.E0,0.E0));
#1621=DIRECTION('',(0.E0,0.E0,1.E0));
#1622=AXIS2_PLACEMENT_3D('',#1619,#1620,#1621);
#1624=CARTESIAN_POINT('',(0.E0,3.E-1,0.E0));
#1625=DIRECTION('',(0.E0,-1.E0,0.E0));
#1626=DIRECTION('',(0.E0,0.E0,-1.E0));
#1627=AXIS2_PLACEMENT_3D('',#1624,#1625,#1626);
#1629=DIRECTION('',(9.117138430229E-13,1.E0,0.E0));
#1630=VECTOR('',#1629,6.E-1);
#1631=CARTESIAN_POINT('',(-5.468141115503E-13,-3.E-1,2.1E0));
#1632=LINE('',#1631,#1630);
#1633=DIRECTION('',(-1.048273884650E-12,-1.E0,0.E0));
#1634=VECTOR('',#1633,6.E-1);
#1635=CARTESIAN_POINT('',(4.703756352152E-12,3.E-1,-2.1E0));
#1636=LINE('',#1635,#1634);
#1637=CARTESIAN_POINT('',(0.E0,-3.E-1,0.E0));
#1638=DIRECTION('',(0.E0,-1.E0,0.E0));
#1639=DIRECTION('',(0.E0,0.E0,1.E0));
#1640=AXIS2_PLACEMENT_3D('',#1637,#1638,#1639);
#1642=CARTESIAN_POINT('',(0.E0,-3.E-1,0.E0));
#1643=DIRECTION('',(0.E0,-1.E0,0.E0));
#1644=DIRECTION('',(-2.414730662046E-2,0.E0,9.997084112795E-1));
#1645=AXIS2_PLACEMENT_3D('',#1642,#1643,#1644);
#1647=CARTESIAN_POINT('',(1.247349445954E-12,-3.E-1,-2.4E0));
#1648=DIRECTION('',(1.E0,0.E0,5.197300922966E-13));
#1649=DIRECTION('',(-5.197300922966E-13,0.E0,1.E0));
#1650=AXIS2_PLACEMENT_3D('',#1647,#1648,#1649);
#1652=CARTESIAN_POINT('',(0.E0,-6.E-1,0.E0));
#1653=DIRECTION('',(0.E0,1.E0,0.E0));
#1654=DIRECTION('',(0.E0,0.E0,-1.E0));
#1655=AXIS2_PLACEMENT_3D('',#1652,#1653,#1654);
#1657=CARTESIAN_POINT('',(0.E0,-6.E-1,0.E0));
#1658=DIRECTION('',(0.E0,1.E0,0.E0));
#1659=DIRECTION('',(-9.924590514016E-1,0.E0,1.225766343597E-1));
#1660=AXIS2_PLACEMENT_3D('',#1657,#1658,#1659);
#1662=CARTESIAN_POINT('',(0.E0,-6.E-1,0.E0));
#1663=DIRECTION('',(0.E0,1.E0,0.E0));
#1664=DIRECTION('',(0.E0,0.E0,1.E0));
#1665=AXIS2_PLACEMENT_3D('',#1662,#1663,#1664);
#1667=CARTESIAN_POINT('',(0.E0,-6.E-1,0.E0));
#1668=DIRECTION('',(0.E0,1.E0,0.E0));
#1669=DIRECTION('',(9.998532303121E-1,0.E0,-1.713236219769E-2));
#1670=AXIS2_PLACEMENT_3D('',#1667,#1668,#1669);
#1672=CARTESIAN_POINT('',(0.E0,-6.E-1,0.E0));
#1673=DIRECTION('',(0.E0,-1.E0,0.E0));
#1674=DIRECTION('',(0.E0,0.E0,-1.E0));
#1675=AXIS2_PLACEMENT_3D('',#1672,#1673,#1674);
#1677=CARTESIAN_POINT('',(0.E0,-6.E-1,0.E0));
#1678=DIRECTION('',(0.E0,-1.E0,0.E0));
#1679=DIRECTION('',(2.414730662046E-2,0.E0,-9.997084112795E-1));
#1680=AXIS2_PLACEMENT_3D('',#1677,#1678,#1679);
#1682=CARTESIAN_POINT('',(0.E0,-6.E-1,0.E0));
#1683=DIRECTION('',(0.E0,-1.E0,0.E0));
#1684=DIRECTION('',(0.E0,0.E0,1.E0));
#1685=AXIS2_PLACEMENT_3D('',#1682,#1683,#1684);
#1687=CARTESIAN_POINT('',(0.E0,-6.E-1,0.E0));
#1688=DIRECTION('',(0.E0,-1.E0,0.E0));
#1689=DIRECTION('',(-2.414730662046E-2,0.E0,9.997084112795E-1));
#1690=AXIS2_PLACEMENT_3D('',#1687,#1688,#1689);
#1692=CARTESIAN_POINT('',(0.E0,-4.1E-1,0.E0));
#1693=DIRECTION('',(0.E0,1.E0,0.E0));
#1694=DIRECTION('',(4.335993030034E-14,0.E0,-1.E0));
#1695=AXIS2_PLACEMENT_3D('',#1692,#1693,#1694);
#1697=CARTESIAN_POINT('',(0.E0,-4.1E-1,0.E0));
#1698=DIRECTION('',(0.E0,1.E0,0.E0));
#1699=DIRECTION('',(-1.E0,0.E0,0.E0));
#1700=AXIS2_PLACEMENT_3D('',#1697,#1698,#1699);
#1702=CARTESIAN_POINT('',(0.E0,-4.1E-1,0.E0));
#1703=DIRECTION('',(0.E0,1.E0,0.E0));
#1704=DIRECTION('',(-9.924590514016E-1,0.E0,1.225766343597E-1));
#1705=AXIS2_PLACEMENT_3D('',#1702,#1703,#1704);
#1707=CARTESIAN_POINT('',(0.E0,-4.1E-1,2.77E0));
#1708=DIRECTION('',(1.E0,0.E0,0.E0));
#1709=DIRECTION('',(0.E0,0.E0,1.E0));
#1710=AXIS2_PLACEMENT_3D('',#1707,#1708,#1709);
#1712=CARTESIAN_POINT('',(0.E0,-4.1E-1,0.E0));
#1713=DIRECTION('',(0.E0,1.E0,0.E0));
#1714=DIRECTION('',(1.782480073396E-14,0.E0,1.E0));
#1715=AXIS2_PLACEMENT_3D('',#1712,#1713,#1714);
#1717=CARTESIAN_POINT('',(0.E0,-4.1E-1,0.E0));
#1718=DIRECTION('',(0.E0,1.E0,0.E0));
#1719=DIRECTION('',(1.E0,0.E0,0.E0));
#1720=AXIS2_PLACEMENT_3D('',#1717,#1718,#1719);
#1722=CARTESIAN_POINT('',(0.E0,-4.1E-1,0.E0));
#1723=DIRECTION('',(0.E0,1.E0,0.E0));
#1724=DIRECTION('',(9.998532303121E-1,0.E0,-1.713236219769E-2));
#1725=AXIS2_PLACEMENT_3D('',#1722,#1723,#1724);
#1727=CARTESIAN_POINT('',(0.E0,-4.1E-1,-2.77E0));
#1728=DIRECTION('',(-1.E0,0.E0,0.E0));
#1729=DIRECTION('',(0.E0,0.E0,-1.E0));
#1730=AXIS2_PLACEMENT_3D('',#1727,#1728,#1729);
#1732=DIRECTION('',(6.500118405790E-14,1.E0,0.E0));
#1733=VECTOR('',#1732,4.1E-1);
#1734=CARTESIAN_POINT('',(2.574842925623E-14,-4.1E-1,2.96E0));
#1735=LINE('',#1734,#1733);
#1736=CARTESIAN_POINT('',(0.E0,0.E0,0.E0));
#1737=DIRECTION('',(0.E0,1.E0,0.E0));
#1738=DIRECTION('',(1.782480073396E-14,0.E0,1.E0));
#1739=AXIS2_PLACEMENT_3D('',#1736,#1737,#1738);
#1741=CARTESIAN_POINT('',(0.E0,0.E0,0.E0));
#1742=DIRECTION('',(0.E0,1.E0,0.E0));
#1743=DIRECTION('',(1.E0,0.E0,0.E0));
#1744=AXIS2_PLACEMENT_3D('',#1741,#1742,#1743);
#1746=CARTESIAN_POINT('',(0.E0,-3.E-1,0.E0));
#1747=DIRECTION('',(0.E0,-1.E0,0.E0));
#1748=DIRECTION('',(3.359856497046E-12,0.E0,-1.E0));
#1749=AXIS2_PLACEMENT_3D('',#1746,#1747,#1748);
#1751=CARTESIAN_POINT('',(0.E0,-3.E-1,0.E0));
#1752=DIRECTION('',(0.E0,-1.E0,0.E0));
#1753=DIRECTION('',(2.414730662046E-2,0.E0,-9.997084112795E-1));
#1754=AXIS2_PLACEMENT_3D('',#1751,#1752,#1753);
#1756=CARTESIAN_POINT('',(-1.247349445954E-12,-3.E-1,2.4E0));
#1757=DIRECTION('',(-1.E0,0.E0,-5.197300922966E-13));
#1758=DIRECTION('',(5.197300922966E-13,0.E0,-1.E0));
#1759=AXIS2_PLACEMENT_3D('',#1756,#1757,#1758);
#1761=CARTESIAN_POINT('',(0.E0,1.5E0,0.E0));
#1762=DIRECTION('',(0.E0,1.E0,0.E0));
#1763=DIRECTION('',(9.944134157755E-1,0.E0,-1.055554760573E-1));
#1764=AXIS2_PLACEMENT_3D('',#1761,#1762,#1763);
#1766=DIRECTION('',(4.361938736348E-2,0.E0,-9.990482215819E-1));
#1767=VECTOR('',#1766,1.480196857613E1);
#1768=CARTESIAN_POINT('',(-2.943463710702E0,1.5E0,-3.124442090511E-1));
#1769=LINE('',#1768,#1767);
#1770=CARTESIAN_POINT('',(0.E0,1.5E0,-1.5E1));
#1771=DIRECTION('',(0.E0,-1.E0,0.E0));
#1772=DIRECTION('',(-9.990482215818E-1,0.E0,-4.361938736659E-2));
#1773=AXIS2_PLACEMENT_3D('',#1770,#1771,#1772);
#1775=DIRECTION('',(4.361938736371E-2,0.E0,9.990482215819E-1));
#1776=VECTOR('',#1775,1.480196857624E1);
#1777=CARTESIAN_POINT('',(2.297810909638E0,1.5E0,-1.510032459094E1));
#1778=LINE('',#1777,#1776);
#1779=CARTESIAN_POINT('',(0.E0,1.5E0,-1.5E1));
#1780=DIRECTION('',(0.E0,1.E0,0.E0));
#1781=DIRECTION('',(-1.E0,0.E0,0.E0));
#1782=AXIS2_PLACEMENT_3D('',#1779,#1780,#1781);
#1784=CARTESIAN_POINT('',(0.E0,1.5E0,-1.5E1));
#1785=DIRECTION('',(0.E0,1.E0,0.E0));
#1786=DIRECTION('',(1.E0,0.E0,0.E0));
#1787=AXIS2_PLACEMENT_3D('',#1784,#1785,#1786);
#1789=CARTESIAN_POINT('',(0.E0,1.5E0,-7.E0));
#1790=DIRECTION('',(0.E0,1.E0,0.E0));
#1791=DIRECTION('',(-1.E0,0.E0,0.E0));
#1792=AXIS2_PLACEMENT_3D('',#1789,#1790,#1791);
#1794=CARTESIAN_POINT('',(0.E0,1.5E0,-7.E0));
#1795=DIRECTION('',(0.E0,1.E0,0.E0));
#1796=DIRECTION('',(1.E0,0.E0,0.E0));
#1797=AXIS2_PLACEMENT_3D('',#1794,#1795,#1796);
#1799=CARTESIAN_POINT('',(0.E0,1.5E0,-1.E1));
#1800=DIRECTION('',(0.E0,1.E0,0.E0));
#1801=DIRECTION('',(-1.E0,0.E0,0.E0));
#1802=AXIS2_PLACEMENT_3D('',#1799,#1800,#1801);
#1804=CARTESIAN_POINT('',(0.E0,1.5E0,-1.E1));
#1805=DIRECTION('',(0.E0,1.E0,0.E0));
#1806=DIRECTION('',(1.E0,0.E0,0.E0));
#1807=AXIS2_PLACEMENT_3D('',#1804,#1805,#1806);
#1809=CARTESIAN_POINT('',(0.E0,1.5E0,-1.25E1));
#1810=DIRECTION('',(0.E0,1.E0,0.E0));
#1811=DIRECTION('',(-1.E0,0.E0,0.E0));
#1812=AXIS2_PLACEMENT_3D('',#1809,#1810,#1811);
#1814=CARTESIAN_POINT('',(0.E0,1.5E0,-1.25E1));
#1815=DIRECTION('',(0.E0,1.E0,0.E0));
#1816=DIRECTION('',(1.E0,0.E0,0.E0));
#1817=AXIS2_PLACEMENT_3D('',#1814,#1815,#1816);
#1819=DIRECTION('',(0.E0,1.E0,2.013204417987E-14));
#1820=VECTOR('',#1819,1.5E0);
#1821=CARTESIAN_POINT('',(2.297810909638E0,0.E0,-1.510032459094E1));
#1822=LINE('',#1821,#1820);
#1823=DIRECTION('',(0.E0,-1.E0,0.E0));
#1824=VECTOR('',#1823,1.5E0);
#1825=CARTESIAN_POINT('',(-2.297810909638E0,1.5E0,-1.510032459094E1));
#1826=LINE('',#1825,#1824);
#1827=DIRECTION('',(0.E0,-1.E0,0.E0));
#1828=VECTOR('',#1827,1.5E0);
#1829=CARTESIAN_POINT('',(5.E-1,1.5E0,-1.5E1));
#1830=LINE('',#1829,#1828);
#1831=DIRECTION('',(0.E0,-1.E0,0.E0));
#1832=VECTOR('',#1831,1.5E0);
#1833=CARTESIAN_POINT('',(-5.E-1,1.5E0,-7.E0));
#1834=LINE('',#1833,#1832);
#1835=DIRECTION('',(0.E0,-1.E0,0.E0));
#1836=VECTOR('',#1835,1.5E0);
#1837=CARTESIAN_POINT('',(5.E-1,1.5E0,-7.E0));
#1838=LINE('',#1837,#1836);
#1839=DIRECTION('',(0.E0,-1.E0,0.E0));
#1840=VECTOR('',#1839,1.5E0);
#1841=CARTESIAN_POINT('',(-5.E-1,1.5E0,-1.E1));
#1842=LINE('',#1841,#1840);
#1843=DIRECTION('',(0.E0,-1.E0,0.E0));
#1844=VECTOR('',#1843,1.5E0);
#1845=CARTESIAN_POINT('',(5.E-1,1.5E0,-1.E1));
#1846=LINE('',#1845,#1844);
#1847=DIRECTION('',(0.E0,-1.E0,0.E0));
#1848=VECTOR('',#1847,1.5E0);
#1849=CARTESIAN_POINT('',(-5.E-1,1.5E0,-1.25E1));
#1850=LINE('',#1849,#1848);
#1851=DIRECTION('',(0.E0,-1.E0,0.E0));
#1852=VECTOR('',#1851,1.5E0);
#1853=CARTESIAN_POINT('',(5.E-1,1.5E0,-1.25E1));
#1854=LINE('',#1853,#1852);
#1855=CARTESIAN_POINT('',(5.E-1,0.E0,-1.5E1));
#1856=CARTESIAN_POINT('',(-5.E-1,0.E0,-1.5E1));
#1857=VERTEX_POINT('',#1855);
#1858=VERTEX_POINT('',#1856);
#1859=CARTESIAN_POINT('',(5.E-1,1.5E0,-1.5E1));
#1860=VERTEX_POINT('',#1859);
#1861=CARTESIAN_POINT('',(-5.E-1,1.5E0,-1.5E1));
#1862=VERTEX_POINT('',#1861);
#1863=CARTESIAN_POINT('',(-2.943463710748E0,0.E0,-3.124442086381E-1));
#1864=CARTESIAN_POINT('',(0.E0,0.E0,-2.96E0));
#1865=VERTEX_POINT('',#1863);
#1866=VERTEX_POINT('',#1864);
#1867=CARTESIAN_POINT('',(2.943463710768E0,0.E0,-3.124442084490E-1));
#1868=VERTEX_POINT('',#1867);
#1869=CARTESIAN_POINT('',(2.297810909638E0,0.E0,-1.510032459094E1));
#1870=VERTEX_POINT('',#1869);
#1871=CARTESIAN_POINT('',(-2.297810909638E0,0.E0,-1.510032459094E1));
#1872=VERTEX_POINT('',#1871);
#1873=CARTESIAN_POINT('',(5.E-1,0.E0,-7.E0));
#1874=CARTESIAN_POINT('',(-5.E-1,0.E0,-7.E0));
#1875=VERTEX_POINT('',#1873);
#1876=VERTEX_POINT('',#1874);
#1877=CARTESIAN_POINT('',(5.E-1,0.E0,-1.E1));
#1878=CARTESIAN_POINT('',(-5.E-1,0.E0,-1.E1));
#1879=VERTEX_POINT('',#1877);
#1880=VERTEX_POINT('',#1878);
#1881=CARTESIAN_POINT('',(5.E-1,0.E0,-1.25E1));
#1882=CARTESIAN_POINT('',(-5.E-1,0.E0,-1.25E1));
#1883=VERTEX_POINT('',#1881);
#1884=VERTEX_POINT('',#1882);
#1885=CARTESIAN_POINT('',(2.943463710695E0,1.5E0,-3.124442091297E-1));
#1886=CARTESIAN_POINT('',(-2.943463710696E0,1.5E0,-3.124442091275E-1));
#1887=VERTEX_POINT('',#1885);
#1888=VERTEX_POINT('',#1886);
#1889=CARTESIAN_POINT('',(-2.297810909638E0,1.5E0,-1.510032459094E1));
#1890=VERTEX_POINT('',#1889);
#1891=CARTESIAN_POINT('',(2.297810909638E0,1.5E0,-1.510032459094E1));
#1892=VERTEX_POINT('',#1891);
#1893=CARTESIAN_POINT('',(-5.E-1,1.5E0,-7.E0));
#1894=CARTESIAN_POINT('',(5.E-1,1.5E0,-7.E0));
#1895=VERTEX_POINT('',#1893);
#1896=VERTEX_POINT('',#1894);
#1897=CARTESIAN_POINT('',(-5.E-1,1.5E0,-1.E1));
#1898=CARTESIAN_POINT('',(5.E-1,1.5E0,-1.E1));
#1899=VERTEX_POINT('',#1897);
#1900=VERTEX_POINT('',#1898);
#1901=CARTESIAN_POINT('',(-5.E-1,1.5E0,-1.25E1));
#1902=CARTESIAN_POINT('',(5.E-1,1.5E0,-1.25E1));
#1903=VERTEX_POINT('',#1901);
#1904=VERTEX_POINT('',#1902);
#1905=CARTESIAN_POINT('',(2.574842925623E-14,-4.1E-1,2.96E0));
#1906=CARTESIAN_POINT('',(5.239891471997E-14,0.E0,2.96E0));
#1907=VERTEX_POINT('',#1905);
#1908=VERTEX_POINT('',#1906);
#1909=CARTESIAN_POINT('',(2.96E0,0.E0,0.E0));
#1910=VERTEX_POINT('',#1909);
#1911=CARTESIAN_POINT('',(6.428545387044E-14,-4.1E-1,-2.96E0));
#1912=VERTEX_POINT('',#1911);
#1913=CARTESIAN_POINT('',(2.959565561724E0,-4.1E-1,-5.071179210516E-2));
#1914=VERTEX_POINT('',#1913);
#1915=CARTESIAN_POINT('',(2.96E0,-4.1E-1,0.E0));
#1916=VERTEX_POINT('',#1915);
#1917=CARTESIAN_POINT('',(-2.96E0,3.E0,2.520222842894E-13));
#1918=CARTESIAN_POINT('',(2.96E0,3.E0,0.E0));
#1919=VERTEX_POINT('',#1917);
#1920=VERTEX_POINT('',#1918);
#1921=CARTESIAN_POINT('',(-2.96E0,1.5E0,2.520222842894E-13));
#1922=VERTEX_POINT('',#1921);
#1923=CARTESIAN_POINT('',(2.96E0,1.5E0,0.E0));
#1924=VERTEX_POINT('',#1923);
#1925=CARTESIAN_POINT('',(-2.937678792149E0,-4.1E-1,3.628268377047E-1));
#1926=VERTEX_POINT('',#1925);
#1927=CARTESIAN_POINT('',(-2.96E0,-4.1E-1,0.E0));
#1928=VERTEX_POINT('',#1927);
#1929=CARTESIAN_POINT('',(-2.749111572383E0,-6.E-1,3.395372771764E-1));
#1930=CARTESIAN_POINT('',(0.E0,-6.E-1,2.77E0));
#1931=VERTEX_POINT('',#1929);
#1932=VERTEX_POINT('',#1930);
#1933=CARTESIAN_POINT('',(0.E0,-6.E-1,-2.77E0));
#1934=VERTEX_POINT('',#1933);
#1935=CARTESIAN_POINT('',(2.769593447964E0,-6.E-1,-4.745664328760E-2));
#1936=VERTEX_POINT('',#1935);
#1937=CARTESIAN_POINT('',(5.795353588911E-2,-6.E-1,-2.399300187071E0));
#1938=CARTESIAN_POINT('',(0.E0,-6.E-1,2.4E0));
#1939=VERTEX_POINT('',#1937);
#1940=VERTEX_POINT('',#1938);
#1941=CARTESIAN_POINT('',(0.E0,-6.E-1,-2.4E0));
#1942=VERTEX_POINT('',#1941);
#1943=CARTESIAN_POINT('',(-5.795353588911E-2,-6.E-1,2.399300187071E0));
#1944=VERTEX_POINT('',#1943);
#1945=CARTESIAN_POINT('',(1.091430418265E-12,-3.E-1,-2.1E0));
#1946=VERTEX_POINT('',#1945);
#1947=CARTESIAN_POINT('',(5.070934390296E-2,-3.E-1,-2.099387663687E0));
#1948=CARTESIAN_POINT('',(0.E0,-3.E-1,2.1E0));
#1949=VERTEX_POINT('',#1947);
#1950=VERTEX_POINT('',#1948);
#1951=CARTESIAN_POINT('',(-5.070934390297E-2,-3.E-1,2.099387663687E0));
#1952=VERTEX_POINT('',#1951);
#1953=CARTESIAN_POINT('',(0.E0,3.E-1,2.1E0));
#1954=VERTEX_POINT('',#1953);
#1955=CARTESIAN_POINT('',(0.E0,3.E-1,-2.1E0));
#1956=VERTEX_POINT('',#1955);
#1957=CARTESIAN_POINT('',(0.E0,3.E-1,1.E0));
#1958=CARTESIAN_POINT('',(0.E0,3.E-1,-1.E0));
#1959=VERTEX_POINT('',#1957);
#1960=VERTEX_POINT('',#1958);
#1961=CARTESIAN_POINT('',(0.E0,7.5E-1,-1.E0));
#1962=CARTESIAN_POINT('',(0.E0,7.5E-1,1.E0));
#1963=VERTEX_POINT('',#1961);
#1964=VERTEX_POINT('',#1962);
#1965=VERTEX_POINT('',#735);
#1966=VERTEX_POINT('',#738);
#1967=CARTESIAN_POINT('',(-7.935961172052E-1,7.5E-1,1.559713179645E0));
#1968=VERTEX_POINT('',#1967);
#1969=CARTESIAN_POINT('',(-8.731465125930E-1,7.5E-1,1.554870368945E0));
#1970=VERTEX_POINT('',#1969);
#1971=CARTESIAN_POINT('',(-1.082310376106E0,7.5E-1,1.630999789347E0));
#1972=VERTEX_POINT('',#1971);
#1973=VERTEX_POINT('',#761);
#1974=VERTEX_POINT('',#766);
#1975=CARTESIAN_POINT('',(-1.236732637435E0,7.5E-1,1.238140696166E0));
#1976=VERTEX_POINT('',#1975);
#1977=CARTESIAN_POINT('',(-1.310893048539E0,7.5E-1,1.208952485408E0));
#1978=VERTEX_POINT('',#1977);
#1979=CARTESIAN_POINT('',(-1.533344988581E0,7.5E-1,1.216720678330E0));
#1980=VERTEX_POINT('',#1979);
#1981=VERTEX_POINT('',#789);
#1982=VERTEX_POINT('',#794);
#1983=CARTESIAN_POINT('',(-1.558809150290E0,7.5E-1,7.953703747133E-1));
#1984=VERTEX_POINT('',#1983);
#1985=CARTESIAN_POINT('',(-1.620320239360E0,7.5E-1,7.446939093333E-1));
#1986=VERTEX_POINT('',#1985);
#1987=CARTESIAN_POINT('',(-1.834285110130E0,7.5E-1,6.833404699254E-1));
#1988=VERTEX_POINT('',#1987);
#1989=VERTEX_POINT('',#817);
#1990=VERTEX_POINT('',#822);
#1991=CARTESIAN_POINT('',(-1.728298562653E0,7.5E-1,2.747436593123E-1));
#1992=VERTEX_POINT('',#1991);
#1993=CARTESIAN_POINT('',(-1.771139195722E0,7.5E-1,2.075395048231E-1));
#1994=VERTEX_POINT('',#1993);
#1995=CARTESIAN_POINT('',(-1.955672624883E0,7.5E-1,8.307013521170E-2));
#1996=VERTEX_POINT('',#1995);
#1997=VERTEX_POINT('',#845);
#1998=VERTEX_POINT('',#850);
#1999=CARTESIAN_POINT('',(-1.728610069938E0,7.5E-1,-2.727768797138E-1));
#2000=VERTEX_POINT('',#1999);
#2001=CARTESIAN_POINT('',(-1.748586707353E0,7.5E-1,-3.499303124332E-1));
#2002=VERTEX_POINT('',#2001);
#2003=CARTESIAN_POINT('',(-1.885625277141E0,7.5E-1,-5.253316831208E-1));
#2004=VERTEX_POINT('',#2003);
#2005=VERTEX_POINT('',#873);
#2006=VERTEX_POINT('',#878);
#2007=CARTESIAN_POINT('',(-1.559713179645E0,7.5E-1,-7.935961172052E-1));
#2008=VERTEX_POINT('',#2007);
#2009=CARTESIAN_POINT('',(-1.554870368945E0,7.5E-1,-8.731465125930E-1));
#2010=VERTEX_POINT('',#2009);
#2011=CARTESIAN_POINT('',(-1.630999789347E0,7.5E-1,-1.082310376106E0));
#2012=VERTEX_POINT('',#2011);
#2013=VERTEX_POINT('',#901);
#2014=VERTEX_POINT('',#906);
#2015=CARTESIAN_POINT('',(-1.238140696166E0,7.5E-1,-1.236732637435E0));
#2016=VERTEX_POINT('',#2015);
#2017=CARTESIAN_POINT('',(-1.208952485408E0,7.5E-1,-1.310893048539E0));
#2018=VERTEX_POINT('',#2017);
#2019=CARTESIAN_POINT('',(-1.216720678330E0,7.5E-1,-1.533344988581E0));
#2020=VERTEX_POINT('',#2019);
#2021=VERTEX_POINT('',#929);
#2022=VERTEX_POINT('',#934);
#2023=CARTESIAN_POINT('',(-7.953703747133E-1,7.5E-1,-1.558809150290E0));
#2024=VERTEX_POINT('',#2023);
#2025=CARTESIAN_POINT('',(-7.446939093333E-1,7.5E-1,-1.620320239360E0));
#2026=VERTEX_POINT('',#2025);
#2027=CARTESIAN_POINT('',(-6.833404699254E-1,7.5E-1,-1.834285110130E0));
#2028=VERTEX_POINT('',#2027);
#2029=VERTEX_POINT('',#957);
#2030=VERTEX_POINT('',#962);
#2031=CARTESIAN_POINT('',(-2.747436593123E-1,7.5E-1,-1.728298562653E0));
#2032=VERTEX_POINT('',#2031);
#2033=CARTESIAN_POINT('',(-2.075395048231E-1,7.5E-1,-1.771139195722E0));
#2034=VERTEX_POINT('',#2033);
#2035=CARTESIAN_POINT('',(-8.307013521170E-2,7.5E-1,-1.955672624883E0));
#2036=VERTEX_POINT('',#2035);
#2037=VERTEX_POINT('',#985);
#2038=VERTEX_POINT('',#990);
#2039=CARTESIAN_POINT('',(2.727768797138E-1,7.5E-1,-1.728610069938E0));
#2040=VERTEX_POINT('',#2039);
#2041=CARTESIAN_POINT('',(3.499303124332E-1,7.5E-1,-1.748586707353E0));
#2042=VERTEX_POINT('',#2041);
#2043=CARTESIAN_POINT('',(5.253316831208E-1,7.5E-1,-1.885625277141E0));
#2044=VERTEX_POINT('',#2043);
#2045=VERTEX_POINT('',#1013);
#2046=VERTEX_POINT('',#1018);
#2047=CARTESIAN_POINT('',(7.935961172052E-1,7.5E-1,-1.559713179645E0));
#2048=VERTEX_POINT('',#2047);
#2049=CARTESIAN_POINT('',(8.731465125930E-1,7.5E-1,-1.554870368945E0));
#2050=VERTEX_POINT('',#2049);
#2051=CARTESIAN_POINT('',(1.082310376106E0,7.5E-1,-1.630999789347E0));
#2052=VERTEX_POINT('',#2051);
#2053=VERTEX_POINT('',#1041);
#2054=VERTEX_POINT('',#1046);
#2055=CARTESIAN_POINT('',(1.236732637435E0,7.5E-1,-1.238140696166E0));
#2056=VERTEX_POINT('',#2055);
#2057=CARTESIAN_POINT('',(1.310893048539E0,7.5E-1,-1.208952485408E0));
#2058=VERTEX_POINT('',#2057);
#2059=CARTESIAN_POINT('',(1.533344988581E0,7.5E-1,-1.216720678330E0));
#2060=VERTEX_POINT('',#2059);
#2061=VERTEX_POINT('',#1069);
#2062=VERTEX_POINT('',#1074);
#2063=CARTESIAN_POINT('',(1.558809150290E0,7.5E-1,-7.953703747133E-1));
#2064=VERTEX_POINT('',#2063);
#2065=CARTESIAN_POINT('',(1.620320239360E0,7.5E-1,-7.446939093333E-1));
#2066=VERTEX_POINT('',#2065);
#2067=CARTESIAN_POINT('',(1.834285110130E0,7.5E-1,-6.833404699254E-1));
#2068=VERTEX_POINT('',#2067);
#2069=VERTEX_POINT('',#1097);
#2070=VERTEX_POINT('',#1102);
#2071=CARTESIAN_POINT('',(1.728298562653E0,7.5E-1,-2.747436593123E-1));
#2072=VERTEX_POINT('',#2071);
#2073=CARTESIAN_POINT('',(1.771139195722E0,7.5E-1,-2.075395048231E-1));
#2074=VERTEX_POINT('',#2073);
#2075=CARTESIAN_POINT('',(1.955672624883E0,7.5E-1,-8.307013521170E-2));
#2076=VERTEX_POINT('',#2075);
#2077=VERTEX_POINT('',#1125);
#2078=VERTEX_POINT('',#1130);
#2079=CARTESIAN_POINT('',(1.728610069938E0,7.5E-1,2.727768797138E-1));
#2080=VERTEX_POINT('',#2079);
#2081=CARTESIAN_POINT('',(1.748586707353E0,7.5E-1,3.499303124332E-1));
#2082=VERTEX_POINT('',#2081);
#2083=CARTESIAN_POINT('',(1.885625277141E0,7.5E-1,5.253316831208E-1));
#2084=VERTEX_POINT('',#2083);
#2085=VERTEX_POINT('',#1153);
#2086=VERTEX_POINT('',#1158);
#2087=CARTESIAN_POINT('',(1.559713179645E0,7.5E-1,7.935961172052E-1));
#2088=VERTEX_POINT('',#2087);
#2089=CARTESIAN_POINT('',(1.554870368945E0,7.5E-1,8.731465125930E-1));
#2090=VERTEX_POINT('',#2089);
#2091=CARTESIAN_POINT('',(1.630999789347E0,7.5E-1,1.082310376106E0));
#2092=VERTEX_POINT('',#2091);
#2093=VERTEX_POINT('',#1181);
#2094=VERTEX_POINT('',#1186);
#2095=CARTESIAN_POINT('',(1.238140696166E0,7.5E-1,1.236732637435E0));
#2096=VERTEX_POINT('',#2095);
#2097=CARTESIAN_POINT('',(1.208952485408E0,7.5E-1,1.310893048539E0));
#2098=VERTEX_POINT('',#2097);
#2099=CARTESIAN_POINT('',(1.216720678330E0,7.5E-1,1.533344988581E0));
#2100=VERTEX_POINT('',#2099);
#2101=VERTEX_POINT('',#1209);
#2102=VERTEX_POINT('',#1214);
#2103=CARTESIAN_POINT('',(7.953703747133E-1,7.5E-1,1.558809150290E0));
#2104=VERTEX_POINT('',#2103);
#2105=CARTESIAN_POINT('',(7.446939093333E-1,7.5E-1,1.620320239360E0));
#2106=VERTEX_POINT('',#2105);
#2107=CARTESIAN_POINT('',(6.833404699254E-1,7.5E-1,1.834285110130E0));
#2108=VERTEX_POINT('',#2107);
#2109=VERTEX_POINT('',#1237);
#2110=VERTEX_POINT('',#1242);
#2111=CARTESIAN_POINT('',(2.747436593123E-1,7.5E-1,1.728298562653E0));
#2112=VERTEX_POINT('',#2111);
#2113=CARTESIAN_POINT('',(2.075395048231E-1,7.5E-1,1.771139195722E0));
#2114=VERTEX_POINT('',#2113);
#2115=CARTESIAN_POINT('',(8.307013521170E-2,7.5E-1,1.955672624883E0));
#2116=VERTEX_POINT('',#2115);
#2117=VERTEX_POINT('',#1265);
#2118=CARTESIAN_POINT('',(-2.075377346148E-1,7.5E-1,1.771141820164E0));
#2119=VERTEX_POINT('',#2118);
#2120=CARTESIAN_POINT('',(-2.747308021408E-1,7.5E-1,1.728300607381E0));
#2121=VERTEX_POINT('',#2120);
#2122=CARTESIAN_POINT('',(-3.512445590887E-1,7.5E-1,1.747665776818E0));
#2123=VERTEX_POINT('',#2122);
#2124=VERTEX_POINT('',#1284);
#2125=CARTESIAN_POINT('',(-7.439066913581E-1,3.3E0,1.620588905749E0));
#2126=VERTEX_POINT('',#2125);
#2127=CARTESIAN_POINT('',(-6.832584589061E-1,3.3E0,1.834571116543E0));
#2128=VERTEX_POINT('',#2127);
#2129=CARTESIAN_POINT('',(-7.935961172052E-1,3.3E0,1.559713179645E0));
#2130=VERTEX_POINT('',#2129);
#2131=CARTESIAN_POINT('',(-8.731465125930E-1,3.3E0,1.554870368945E0));
#2132=VERTEX_POINT('',#2131);
#2133=CARTESIAN_POINT('',(3.208125528211E-2,3.3E0,-2.659806533013E0));
#2134=CARTESIAN_POINT('',(2.66E0,3.3E0,0.E0));
#2135=VERTEX_POINT('',#2133);
#2136=VERTEX_POINT('',#2134);
#2137=CARTESIAN_POINT('',(-2.66E0,3.3E0,0.E0));
#2138=VERTEX_POINT('',#2137);
#2139=CARTESIAN_POINT('',(-3.208125528211E-2,3.3E0,2.659806533013E0));
#2140=VERTEX_POINT('',#2139);
#2141=CARTESIAN_POINT('',(-2.747436015275E-1,3.3E0,1.728298571839E0));
#2142=CARTESIAN_POINT('',(-2.075395048239E-1,3.3E0,1.771139195721E0));
#2143=VERTEX_POINT('',#2141);
#2144=VERTEX_POINT('',#2142);
#2145=CARTESIAN_POINT('',(-3.512445590888E-1,3.3E0,1.747665776818E0));
#2146=VERTEX_POINT('',#2145);
#2147=CARTESIAN_POINT('',(-8.290375725574E-2,3.3E0,1.955919290347E0));
#2148=VERTEX_POINT('',#2147);
#2149=VERTEX_POINT('',#162);
#2150=CARTESIAN_POINT('',(2.075395048235E-1,3.3E0,1.771139195721E0));
#2151=VERTEX_POINT('',#2150);
#2152=CARTESIAN_POINT('',(2.747436593123E-1,3.3E0,1.728298562653E0));
#2153=CARTESIAN_POINT('',(3.512445590858E-1,3.3E0,1.747665776816E0));
#2154=VERTEX_POINT('',#2152);
#2155=VERTEX_POINT('',#2153);
#2156=VERTEX_POINT('',#181);
#2157=VERTEX_POINT('',#190);
#2158=CARTESIAN_POINT('',(7.446939093330E-1,3.3E0,1.620320239361E0));
#2159=VERTEX_POINT('',#2158);
#2160=CARTESIAN_POINT('',(7.953703747133E-1,3.3E0,1.558809150290E0));
#2161=CARTESIAN_POINT('',(8.741118522554E-1,3.3E0,1.553588387408E0));
#2162=VERTEX_POINT('',#2160);
#2163=VERTEX_POINT('',#2161);
#2164=VERTEX_POINT('',#209);
#2165=VERTEX_POINT('',#218);
#2166=CARTESIAN_POINT('',(1.208952485409E0,3.3E0,1.310893048538E0));
#2167=VERTEX_POINT('',#2166);
#2168=CARTESIAN_POINT('',(1.238140696166E0,3.3E0,1.236732637435E0));
#2169=CARTESIAN_POINT('',(1.311414987031E0,3.3E0,1.207434942153E0));
#2170=VERTEX_POINT('',#2168);
#2171=VERTEX_POINT('',#2169);
#2172=VERTEX_POINT('',#237);
#2173=VERTEX_POINT('',#246);
#2174=CARTESIAN_POINT('',(1.554870368945E0,3.3E0,8.731465125944E-1));
#2175=VERTEX_POINT('',#2174);
#2176=CARTESIAN_POINT('',(1.559713179645E0,3.3E0,7.935961172052E-1));
#2177=CARTESIAN_POINT('',(1.620347685710E0,3.3E0,7.430893520667E-1));
#2178=VERTEX_POINT('',#2176);
#2179=VERTEX_POINT('',#2177);
#2180=VERTEX_POINT('',#265);
#2181=VERTEX_POINT('',#274);
#2182=CARTESIAN_POINT('',(1.748586707351E0,3.3E0,3.499303124312E-1));
#2183=VERTEX_POINT('',#2182);
#2184=CARTESIAN_POINT('',(1.728610069938E0,3.3E0,2.727768797138E-1));
#2185=CARTESIAN_POINT('',(1.770669463286E0,3.3E0,2.060049987915E-1));
#2186=VERTEX_POINT('',#2184);
#2187=VERTEX_POINT('',#2185);
#2188=VERTEX_POINT('',#293);
#2189=VERTEX_POINT('',#302);
#2190=CARTESIAN_POINT('',(1.771139195721E0,3.3E0,-2.075395048235E-1));
#2191=VERTEX_POINT('',#2190);
#2192=CARTESIAN_POINT('',(1.728298562653E0,3.3E0,-2.747436593123E-1));
#2193=CARTESIAN_POINT('',(1.747665776816E0,3.3E0,-3.512445590858E-1));
#2194=VERTEX_POINT('',#2192);
#2195=VERTEX_POINT('',#2193);
#2196=VERTEX_POINT('',#321);
#2197=VERTEX_POINT('',#330);
#2198=CARTESIAN_POINT('',(1.620320239361E0,3.3E0,-7.446939093330E-1));
#2199=VERTEX_POINT('',#2198);
#2200=CARTESIAN_POINT('',(1.558809150290E0,3.3E0,-7.953703747133E-1));
#2201=CARTESIAN_POINT('',(1.553588387408E0,3.3E0,-8.741118522554E-1));
#2202=VERTEX_POINT('',#2200);
#2203=VERTEX_POINT('',#2201);
#2204=VERTEX_POINT('',#349);
#2205=VERTEX_POINT('',#358);
#2206=CARTESIAN_POINT('',(1.310893048538E0,3.3E0,-1.208952485409E0));
#2207=VERTEX_POINT('',#2206);
#2208=CARTESIAN_POINT('',(1.236732637435E0,3.3E0,-1.238140696166E0));
#2209=CARTESIAN_POINT('',(1.207434942153E0,3.3E0,-1.311414987031E0));
#2210=VERTEX_POINT('',#2208);
#2211=VERTEX_POINT('',#2209);
#2212=VERTEX_POINT('',#377);
#2213=VERTEX_POINT('',#386);
#2214=CARTESIAN_POINT('',(8.731465125944E-1,3.3E0,-1.554870368945E0));
#2215=VERTEX_POINT('',#2214);
#2216=CARTESIAN_POINT('',(7.935961172052E-1,3.3E0,-1.559713179645E0));
#2217=CARTESIAN_POINT('',(7.430893520667E-1,3.3E0,-1.620347685710E0));
#2218=VERTEX_POINT('',#2216);
#2219=VERTEX_POINT('',#2217);
#2220=VERTEX_POINT('',#405);
#2221=VERTEX_POINT('',#414);
#2222=CARTESIAN_POINT('',(3.499303124312E-1,3.3E0,-1.748586707351E0));
#2223=VERTEX_POINT('',#2222);
#2224=CARTESIAN_POINT('',(2.727768797138E-1,3.3E0,-1.728610069938E0));
#2225=CARTESIAN_POINT('',(2.060049987915E-1,3.3E0,-1.770669463286E0));
#2226=VERTEX_POINT('',#2224);
#2227=VERTEX_POINT('',#2225);
#2228=VERTEX_POINT('',#433);
#2229=VERTEX_POINT('',#442);
#2230=CARTESIAN_POINT('',(-2.075395048235E-1,3.3E0,-1.771139195721E0));
#2231=VERTEX_POINT('',#2230);
#2232=CARTESIAN_POINT('',(-2.747436593123E-1,3.3E0,-1.728298562653E0));
#2233=CARTESIAN_POINT('',(-3.512445590858E-1,3.3E0,-1.747665776816E0));
#2234=VERTEX_POINT('',#2232);
#2235=VERTEX_POINT('',#2233);
#2236=VERTEX_POINT('',#461);
#2237=VERTEX_POINT('',#470);
#2238=CARTESIAN_POINT('',(-7.446939093330E-1,3.3E0,-1.620320239361E0));
#2239=VERTEX_POINT('',#2238);
#2240=CARTESIAN_POINT('',(-7.953703747133E-1,3.3E0,-1.558809150290E0));
#2241=CARTESIAN_POINT('',(-8.741118522554E-1,3.3E0,-1.553588387408E0));
#2242=VERTEX_POINT('',#2240);
#2243=VERTEX_POINT('',#2241);
#2244=VERTEX_POINT('',#489);
#2245=VERTEX_POINT('',#498);
#2246=CARTESIAN_POINT('',(-1.208952485409E0,3.3E0,-1.310893048538E0));
#2247=VERTEX_POINT('',#2246);
#2248=CARTESIAN_POINT('',(-1.238140696166E0,3.3E0,-1.236732637435E0));
#2249=CARTESIAN_POINT('',(-1.311414987031E0,3.3E0,-1.207434942153E0));
#2250=VERTEX_POINT('',#2248);
#2251=VERTEX_POINT('',#2249);
#2252=VERTEX_POINT('',#517);
#2253=VERTEX_POINT('',#526);
#2254=CARTESIAN_POINT('',(-1.554870368945E0,3.3E0,-8.731465125944E-1));
#2255=VERTEX_POINT('',#2254);
#2256=CARTESIAN_POINT('',(-1.559713179645E0,3.3E0,-7.935961172052E-1));
#2257=CARTESIAN_POINT('',(-1.620347685710E0,3.3E0,-7.430893520667E-1));
#2258=VERTEX_POINT('',#2256);
#2259=VERTEX_POINT('',#2257);
#2260=VERTEX_POINT('',#545);
#2261=VERTEX_POINT('',#554);
#2262=CARTESIAN_POINT('',(-1.748586707351E0,3.3E0,-3.499303124312E-1));
#2263=VERTEX_POINT('',#2262);
#2264=CARTESIAN_POINT('',(-1.728610069938E0,3.3E0,-2.727768797138E-1));
#2265=CARTESIAN_POINT('',(-1.770669463286E0,3.3E0,-2.060049987915E-1));
#2266=VERTEX_POINT('',#2264);
#2267=VERTEX_POINT('',#2265);
#2268=VERTEX_POINT('',#573);
#2269=VERTEX_POINT('',#582);
#2270=CARTESIAN_POINT('',(-1.771139195721E0,3.3E0,2.075395048235E-1));
#2271=VERTEX_POINT('',#2270);
#2272=CARTESIAN_POINT('',(-1.728298562653E0,3.3E0,2.747436593123E-1));
#2273=CARTESIAN_POINT('',(-1.747665776816E0,3.3E0,3.512445590858E-1));
#2274=VERTEX_POINT('',#2272);
#2275=VERTEX_POINT('',#2273);
#2276=VERTEX_POINT('',#601);
#2277=VERTEX_POINT('',#610);
#2278=CARTESIAN_POINT('',(-1.620320239361E0,3.3E0,7.446939093330E-1));
#2279=VERTEX_POINT('',#2278);
#2280=CARTESIAN_POINT('',(-1.558809150290E0,3.3E0,7.953703747133E-1));
#2281=CARTESIAN_POINT('',(-1.553588387408E0,3.3E0,8.741118522554E-1));
#2282=VERTEX_POINT('',#2280);
#2283=VERTEX_POINT('',#2281);
#2284=VERTEX_POINT('',#629);
#2285=VERTEX_POINT('',#638);
#2286=CARTESIAN_POINT('',(-1.310893048538E0,3.3E0,1.208952485409E0));
#2287=VERTEX_POINT('',#2286);
#2288=CARTESIAN_POINT('',(-1.236732637435E0,3.3E0,1.238140696166E0));
#2289=CARTESIAN_POINT('',(-1.207434942153E0,3.3E0,1.311414987031E0));
#2290=VERTEX_POINT('',#2288);
#2291=VERTEX_POINT('',#2289);
#2292=VERTEX_POINT('',#657);
#2293=VERTEX_POINT('',#666);
#2294=VERTEX_POINT('',#694);
#2295=CARTESIAN_POINT('',(0.E0,0.E0,-1.5E1));
#2296=DIRECTION('',(0.E0,1.E0,0.E0));
#2297=DIRECTION('',(1.E0,0.E0,0.E0));
#2298=AXIS2_PLACEMENT_3D('',#2295,#2296,#2297);
#2299=CYLINDRICAL_SURFACE('',#2298,5.E-1);
#2301=ORIENTED_EDGE('',*,*,#2300,.F.);
#2303=ORIENTED_EDGE('',*,*,#2302,.F.);
#2305=ORIENTED_EDGE('',*,*,#2304,.F.);
#2307=ORIENTED_EDGE('',*,*,#2306,.T.);
#2308=EDGE_LOOP('',(#2301,#2303,#2305,#2307));
#2309=FACE_OUTER_BOUND('',#2308,.F.);
#2311=CARTESIAN_POINT('',(0.E0,0.E0,0.E0));
#2312=DIRECTION('',(0.E0,1.E0,0.E0));
#2313=DIRECTION('',(1.E0,0.E0,0.E0));
#2314=AXIS2_PLACEMENT_3D('',#2311,#2312,#2313);
#2315=PLANE('',#2314);
#2317=ORIENTED_EDGE('',*,*,#2316,.T.);
#2319=ORIENTED_EDGE('',*,*,#2318,.T.);
#2321=ORIENTED_EDGE('',*,*,#2320,.T.);
#2323=ORIENTED_EDGE('',*,*,#2322,.T.);
#2325=ORIENTED_EDGE('',*,*,#2324,.T.);
#2326=EDGE_LOOP('',(#2317,#2319,#2321,#2323,#2325));
#2327=FACE_OUTER_BOUND('',#2326,.F.);
#2328=ORIENTED_EDGE('',*,*,#2300,.T.);
#2330=ORIENTED_EDGE('',*,*,#2329,.T.);
#2331=EDGE_LOOP('',(#2328,#2330));
#2332=FACE_BOUND('',#2331,.F.);
#2334=ORIENTED_EDGE('',*,*,#2333,.T.);
#2336=ORIENTED_EDGE('',*,*,#2335,.T.);
#2337=EDGE_LOOP('',(#2334,#2336));
#2338=FACE_BOUND('',#2337,.F.);
#2340=ORIENTED_EDGE('',*,*,#2339,.T.);
#2342=ORIENTED_EDGE('',*,*,#2341,.T.);
#2343=EDGE_LOOP('',(#2340,#2342));
#2344=FACE_BOUND('',#2343,.F.);
#2346=ORIENTED_EDGE('',*,*,#2345,.T.);
#2348=ORIENTED_EDGE('',*,*,#2347,.T.);
#2349=EDGE_LOOP('',(#2346,#2348));
#2350=FACE_BOUND('',#2349,.F.);
#2352=CARTESIAN_POINT('',(0.E0,0.E0,0.E0));
#2353=DIRECTION('',(0.E0,1.E0,0.E0));
#2354=DIRECTION('',(1.E0,0.E0,0.E0));
#2355=AXIS2_PLACEMENT_3D('',#2352,#2353,#2354);
#2356=CYLINDRICAL_SURFACE('',#2355,2.96E0);
#2358=ORIENTED_EDGE('',*,*,#2357,.T.);
#2360=ORIENTED_EDGE('',*,*,#2359,.F.);
#2362=ORIENTED_EDGE('',*,*,#2361,.T.);
#2364=ORIENTED_EDGE('',*,*,#2363,.F.);
#2366=ORIENTED_EDGE('',*,*,#2365,.F.);
#2368=ORIENTED_EDGE('',*,*,#2367,.F.);
#2370=ORIENTED_EDGE('',*,*,#2369,.F.);
#2372=ORIENTED_EDGE('',*,*,#2371,.F.);
#2374=ORIENTED_EDGE('',*,*,#2373,.F.);
#2376=ORIENTED_EDGE('',*,*,#2375,.T.);
#2377=ORIENTED_EDGE('',*,*,#2316,.F.);
#2379=ORIENTED_EDGE('',*,*,#2378,.T.);
#2381=ORIENTED_EDGE('',*,*,#2380,.F.);
#2383=ORIENTED_EDGE('',*,*,#2382,.F.);
#2385=ORIENTED_EDGE('',*,*,#2384,.F.);
#2386=EDGE_LOOP('',(#2358,#2360,#2362,#2364,#2366,#2368,#2370,#2372,#2374,#2376,
#2377,#2379,#2381,#2383,#2385));
#2387=FACE_OUTER_BOUND('',#2386,.F.);
#2389=CARTESIAN_POINT('',(0.E0,1.5E0,0.E0));
#2390=DIRECTION('',(0.E0,1.E0,0.E0));
#2391=DIRECTION('',(1.E0,0.E0,0.E0));
#2392=AXIS2_PLACEMENT_3D('',#2389,#2390,#2391);
#2393=CYLINDRICAL_SURFACE('',#2392,2.96E0);
#2395=ORIENTED_EDGE('',*,*,#2394,.F.);
#2396=ORIENTED_EDGE('',*,*,#2382,.T.);
#2397=ORIENTED_EDGE('',*,*,#2380,.T.);
#2399=ORIENTED_EDGE('',*,*,#2398,.F.);
#2400=ORIENTED_EDGE('',*,*,#2359,.T.);
#2401=ORIENTED_EDGE('',*,*,#2357,.F.);
#2402=EDGE_LOOP('',(#2395,#2396,#2397,#2399,#2400,#2401));
#2403=FACE_OUTER_BOUND('',#2402,.F.);
#2405=CARTESIAN_POINT('',(0.E0,3.E0,0.E0));
#2406=DIRECTION('',(0.E0,1.E0,0.E0));
#2407=DIRECTION('',(-1.206062228651E-2,0.E0,9.999272680501E-1));
#2408=AXIS2_PLACEMENT_3D('',#2405,#2406,#2407);
#2409=TOROIDAL_SURFACE('',#2408,2.66E0,3.E-1);
#2411=ORIENTED_EDGE('',*,*,#2410,.F.);
#2413=ORIENTED_EDGE('',*,*,#2412,.F.);
#2415=ORIENTED_EDGE('',*,*,#2414,.F.);
#2416=ORIENTED_EDGE('',*,*,#2394,.T.);
#2418=ORIENTED_EDGE('',*,*,#2417,.T.);
#2419=EDGE_LOOP('',(#2411,#2413,#2415,#2416,#2418));
#2420=FACE_OUTER_BOUND('',#2419,.F.);
#2422=CARTESIAN_POINT('',(0.E0,3.3E0,0.E0));
#2423=DIRECTION('',(0.E0,1.E0,0.E0));
#2424=DIRECTION('',(1.E0,0.E0,0.E0));
#2425=AXIS2_PLACEMENT_3D('',#2422,#2423,#2424);
#2426=PLANE('',#2425);
#2427=ORIENTED_EDGE('',*,*,#2412,.T.);
#2428=ORIENTED_EDGE('',*,*,#2410,.T.);
#2430=ORIENTED_EDGE('',*,*,#2429,.T.);
#2432=ORIENTED_EDGE('',*,*,#2431,.T.);
#2433=EDGE_LOOP('',(#2427,#2428,#2430,#2432));
#2434=FACE_OUTER_BOUND('',#2433,.F.);
#2436=ORIENTED_EDGE('',*,*,#2435,.T.);
#2438=ORIENTED_EDGE('',*,*,#2437,.T.);
#2440=ORIENTED_EDGE('',*,*,#2439,.T.);
#2442=ORIENTED_EDGE('',*,*,#2441,.T.);
#2444=ORIENTED_EDGE('',*,*,#2443,.T.);
#2446=ORIENTED_EDGE('',*,*,#2445,.T.);
#2448=ORIENTED_EDGE('',*,*,#2447,.T.);
#2450=ORIENTED_EDGE('',*,*,#2449,.T.);
#2452=ORIENTED_EDGE('',*,*,#2451,.T.);
#2454=ORIENTED_EDGE('',*,*,#2453,.T.);
#2456=ORIENTED_EDGE('',*,*,#2455,.T.);
#2458=ORIENTED_EDGE('',*,*,#2457,.T.);
#2460=ORIENTED_EDGE('',*,*,#2459,.T.);
#2462=ORIENTED_EDGE('',*,*,#2461,.T.);
#2464=ORIENTED_EDGE('',*,*,#2463,.T.);
#2466=ORIENTED_EDGE('',*,*,#2465,.T.);
#2468=ORIENTED_EDGE('',*,*,#2467,.T.);
#2470=ORIENTED_EDGE('',*,*,#2469,.T.);
#2472=ORIENTED_EDGE('',*,*,#2471,.T.);
#2474=ORIENTED_EDGE('',*,*,#2473,.T.);
#2476=ORIENTED_EDGE('',*,*,#2475,.T.);
#2478=ORIENTED_EDGE('',*,*,#2477,.T.);
#2480=ORIENTED_EDGE('',*,*,#2479,.T.);
#2482=ORIENTED_EDGE('',*,*,#2481,.T.);
#2484=ORIENTED_EDGE('',*,*,#2483,.T.);
#2486=ORIENTED_EDGE('',*,*,#2485,.T.);
#2488=ORIENTED_EDGE('',*,*,#2487,.T.);
#2490=ORIENTED_EDGE('',*,*,#2489,.T.);
#2492=ORIENTED_EDGE('',*,*,#2491,.T.);
#2494=ORIENTED_EDGE('',*,*,#2493,.T.);
#2496=ORIENTED_EDGE('',*,*,#2495,.T.);
#2498=ORIENTED_EDGE('',*,*,#2497,.T.);
#2500=ORIENTED_EDGE('',*,*,#2499,.T.);
#2502=ORIENTED_EDGE('',*,*,#2501,.T.);
#2504=ORIENTED_EDGE('',*,*,#2503,.T.);
#2506=ORIENTED_EDGE('',*,*,#2505,.T.);
#2508=ORIENTED_EDGE('',*,*,#2507,.T.);
#2510=ORIENTED_EDGE('',*,*,#2509,.T.);
#2512=ORIENTED_EDGE('',*,*,#2511,.T.);
#2514=ORIENTED_EDGE('',*,*,#2513,.T.);
#2516=ORIENTED_EDGE('',*,*,#2515,.T.);
#2518=ORIENTED_EDGE('',*,*,#2517,.T.);
#2520=ORIENTED_EDGE('',*,*,#2519,.T.);
#2522=ORIENTED_EDGE('',*,*,#2521,.T.);
#2524=ORIENTED_EDGE('',*,*,#2523,.T.);
#2526=ORIENTED_EDGE('',*,*,#2525,.T.);
#2528=ORIENTED_EDGE('',*,*,#2527,.T.);
#2530=ORIENTED_EDGE('',*,*,#2529,.T.);
#2532=ORIENTED_EDGE('',*,*,#2531,.T.);
#2534=ORIENTED_EDGE('',*,*,#2533,.T.);
#2536=ORIENTED_EDGE('',*,*,#2535,.T.);
#2538=ORIENTED_EDGE('',*,*,#2537,.T.);
#2540=ORIENTED_EDGE('',*,*,#2539,.T.);
#2542=ORIENTED_EDGE('',*,*,#2541,.T.);
#2544=ORIENTED_EDGE('',*,*,#2543,.T.);
#2546=ORIENTED_EDGE('',*,*,#2545,.T.);
#2548=ORIENTED_EDGE('',*,*,#2547,.T.);
#2550=ORIENTED_EDGE('',*,*,#2549,.T.);
#2552=ORIENTED_EDGE('',*,*,#2551,.T.);
#2554=ORIENTED_EDGE('',*,*,#2553,.T.);
#2556=ORIENTED_EDGE('',*,*,#2555,.T.);
#2558=ORIENTED_EDGE('',*,*,#2557,.T.);
#2560=ORIENTED_EDGE('',*,*,#2559,.T.);
#2562=ORIENTED_EDGE('',*,*,#2561,.T.);
#2564=ORIENTED_EDGE('',*,*,#2563,.T.);
#2566=ORIENTED_EDGE('',*,*,#2565,.T.);
#2568=ORIENTED_EDGE('',*,*,#2567,.T.);
#2570=ORIENTED_EDGE('',*,*,#2569,.T.);
#2572=ORIENTED_EDGE('',*,*,#2571,.T.);
#2574=ORIENTED_EDGE('',*,*,#2573,.T.);
#2576=ORIENTED_EDGE('',*,*,#2575,.T.);
#2578=ORIENTED_EDGE('',*,*,#2577,.T.);
#2580=ORIENTED_EDGE('',*,*,#2579,.T.);
#2582=ORIENTED_EDGE('',*,*,#2581,.T.);
#2584=ORIENTED_EDGE('',*,*,#2583,.T.);
#2586=ORIENTED_EDGE('',*,*,#2585,.T.);
#2588=ORIENTED_EDGE('',*,*,#2587,.T.);
#2590=ORIENTED_EDGE('',*,*,#2589,.T.);
#2592=ORIENTED_EDGE('',*,*,#2591,.T.);
#2594=ORIENTED_EDGE('',*,*,#2593,.T.);
#2596=ORIENTED_EDGE('',*,*,#2595,.T.);
#2598=ORIENTED_EDGE('',*,*,#2597,.T.);
#2600=ORIENTED_EDGE('',*,*,#2599,.T.);
#2602=ORIENTED_EDGE('',*,*,#2601,.T.);
#2604=ORIENTED_EDGE('',*,*,#2603,.T.);
#2606=ORIENTED_EDGE('',*,*,#2605,.T.);
#2608=ORIENTED_EDGE('',*,*,#2607,.T.);
#2610=ORIENTED_EDGE('',*,*,#2609,.T.);
#2612=ORIENTED_EDGE('',*,*,#2611,.T.);
#2614=ORIENTED_EDGE('',*,*,#2613,.T.);
#2616=ORIENTED_EDGE('',*,*,#2615,.T.);
#2618=ORIENTED_EDGE('',*,*,#2617,.T.);
#2620=ORIENTED_EDGE('',*,*,#2619,.T.);
#2622=ORIENTED_EDGE('',*,*,#2621,.T.);
#2624=ORIENTED_EDGE('',*,*,#2623,.T.);
#2626=ORIENTED_EDGE('',*,*,#2625,.T.);
#2628=ORIENTED_EDGE('',*,*,#2627,.T.);
#2630=ORIENTED_EDGE('',*,*,#2629,.T.);
#2632=ORIENTED_EDGE('',*,*,#2631,.T.);
#2634=ORIENTED_EDGE('',*,*,#2633,.T.);
#2635=EDGE_LOOP('',(#2436,#2438,#2440,#2442,#2444,#2446,#2448,#2450,#2452,#2454,
#2456,#2458,#2460,#2462,#2464,#2466,#2468,#2470,#2472,#2474,#2476,#2478,#2480,
#2482,#2484,#2486,#2488,#2490,#2492,#2494,#2496,#2498,#2500,#2502,#2504,#2506,
#2508,#2510,#2512,#2514,#2516,#2518,#2520,#2522,#2524,#2526,#2528,#2530,#2532,
#2534,#2536,#2538,#2540,#2542,#2544,#2546,#2548,#2550,#2552,#2554,#2556,#2558,
#2560,#2562,#2564,#2566,#2568,#2570,#2572,#2574,#2576,#2578,#2580,#2582,#2584,
#2586,#2588,#2590,#2592,#2594,#2596,#2598,#2600,#2602,#2604,#2606,#2608,#2610,
#2612,#2614,#2616,#2618,#2620,#2622,#2624,#2626,#2628,#2630,#2632,#2634));
#2636=FACE_BOUND('',#2635,.F.);
#2638=CARTESIAN_POINT('',(0.E0,3.E0,0.E0));
#2639=DIRECTION('',(0.E0,1.E0,0.E0));
#2640=DIRECTION('',(1.206062228651E-2,0.E0,-9.999272680501E-1));
#2641=AXIS2_PLACEMENT_3D('',#2638,#2639,#2640);
#2642=TOROIDAL_SURFACE('',#2641,2.66E0,3.E-1);
#2643=ORIENTED_EDGE('',*,*,#2417,.F.);
#2644=ORIENTED_EDGE('',*,*,#2384,.T.);
#2645=ORIENTED_EDGE('',*,*,#2414,.T.);
#2646=ORIENTED_EDGE('',*,*,#2431,.F.);
#2647=ORIENTED_EDGE('',*,*,#2429,.F.);
#2648=EDGE_LOOP('',(#2643,#2644,#2645,#2646,#2647));
#2649=FACE_OUTER_BOUND('',#2648,.F.);
#2651=CARTESIAN_POINT('',(-2.904432620794E-1,8.38404E0,1.827058486068E0));
#2652=DIRECTION('',(0.E0,-1.E0,0.E0));
#2653=DIRECTION('',(1.569963578807E-1,0.E0,-9.875991816583E-1));
#2654=AXIS2_PLACEMENT_3D('',#2651,#2652,#2653);
#2655=CYLINDRICAL_SURFACE('',#2654,1.E-1);
#2656=ORIENTED_EDGE('',*,*,#2437,.F.);
#2657=ORIENTED_EDGE('',*,*,#2435,.F.);
#2659=ORIENTED_EDGE('',*,*,#2658,.T.);
#2661=ORIENTED_EDGE('',*,*,#2660,.F.);
#2663=ORIENTED_EDGE('',*,*,#2662,.F.);
#2665=ORIENTED_EDGE('',*,*,#2664,.T.);
#2666=EDGE_LOOP('',(#2656,#2657,#2659,#2661,#2663,#2665));
#2667=FACE_OUTER_BOUND('',#2666,.F.);
#2669=CARTESIAN_POINT('',(-5.255661417798E-1,3.3E0,1.885808456321E0));
#2670=DIRECTION('',(6.156614753257E-1,0.E0,7.880107536067E-1));
#2671=DIRECTION('',(7.880107536067E-1,0.E0,-6.156614753257E-1));
#2672=AXIS2_PLACEMENT_3D('',#2669,#2670,#2671);
#2673=PLANE('',#2672);
#2674=ORIENTED_EDGE('',*,*,#2658,.F.);
#2675=ORIENTED_EDGE('',*,*,#2633,.F.);
#2677=ORIENTED_EDGE('',*,*,#2676,.F.);
#2679=ORIENTED_EDGE('',*,*,#2678,.F.);
#2680=EDGE_LOOP('',(#2674,#2675,#2677,#2679));
#2681=FACE_OUTER_BOUND('',#2680,.F.);
#2683=CARTESIAN_POINT('',(-5.871322893124E-1,3.3E0,1.807007380961E0));
#2684=DIRECTION('',(0.E0,1.E0,0.E0));
#2685=DIRECTION('',(-9.510565162952E-1,0.E0,-3.090169943749E-1));
#2686=AXIS2_PLACEMENT_3D('',#2683,#2684,#2685);
#2687=CYLINDRICAL_SURFACE('',#2686,1.E-1);
#2688=ORIENTED_EDGE('',*,*,#2676,.T.);
#2689=ORIENTED_EDGE('',*,*,#2631,.F.);
#2691=ORIENTED_EDGE('',*,*,#2690,.T.);
#2693=ORIENTED_EDGE('',*,*,#2692,.F.);
#2694=EDGE_LOOP('',(#2688,#2689,#2691,#2693));
#2695=FACE_OUTER_BOUND('',#2694,.F.);
#2697=CARTESIAN_POINT('',(-7.568684649234E-1,3.3E0,1.577862518347E0));
#2698=DIRECTION('',(-9.612616959383E-1,0.E0,2.756373558170E-1));
#2699=DIRECTION('',(2.756373558170E-1,0.E0,9.612616959383E-1));
#2700=AXIS2_PLACEMENT_3D('',#2697,#2698,#2699);
#2701=PLANE('',#2700);
#2703=ORIENTED_EDGE('',*,*,#2702,.F.);
#2705=ORIENTED_EDGE('',*,*,#2704,.F.);
#2706=ORIENTED_EDGE('',*,*,#2690,.F.);
#2707=ORIENTED_EDGE('',*,*,#2629,.F.);
#2708=EDGE_LOOP('',(#2703,#2705,#2706,#2707));
#2709=FACE_OUTER_BOUND('',#2708,.F.);
#2711=CARTESIAN_POINT('',(-8.389444982626E-1,-5.68404E0,1.648839631024E0));
#2712=DIRECTION('',(0.E0,1.E0,0.E0));
#2713=DIRECTION('',(4.534835125744E-1,0.E0,-8.912646654183E-1));
#2714=AXIS2_PLACEMENT_3D('',#2711,#2712,#2713);
#2715=CYLINDRICAL_SURFACE('',#2714,1.E-1);
#2717=ORIENTED_EDGE('',*,*,#2716,.F.);
#2719=ORIENTED_EDGE('',*,*,#2718,.F.);
#2720=ORIENTED_EDGE('',*,*,#2702,.T.);
#2721=ORIENTED_EDGE('',*,*,#2627,.F.);
#2722=ORIENTED_EDGE('',*,*,#2625,.F.);
#2724=ORIENTED_EDGE('',*,*,#2723,.T.);
#2725=EDGE_LOOP('',(#2717,#2719,#2720,#2721,#2722,#2724));
#2726=FACE_OUTER_BOUND('',#2725,.F.);
#2728=CARTESIAN_POINT('',(0.E0,7.5E-1,0.E0));
#2729=DIRECTION('',(0.E0,1.E0,0.E0));
#2730=DIRECTION('',(0.E0,0.E0,1.E0));
#2731=AXIS2_PLACEMENT_3D('',#2728,#2729,#2730);
#2732=PLANE('',#2731);
#2733=ORIENTED_EDGE('',*,*,#2704,.T.);
#2734=ORIENTED_EDGE('',*,*,#2718,.T.);
#2735=ORIENTED_EDGE('',*,*,#2716,.T.);
#2737=ORIENTED_EDGE('',*,*,#2736,.T.);
#2739=ORIENTED_EDGE('',*,*,#2738,.T.);
#2741=ORIENTED_EDGE('',*,*,#2740,.T.);
#2743=ORIENTED_EDGE('',*,*,#2742,.T.);
#2745=ORIENTED_EDGE('',*,*,#2744,.T.);
#2747=ORIENTED_EDGE('',*,*,#2746,.T.);
#2749=ORIENTED_EDGE('',*,*,#2748,.T.);
#2751=ORIENTED_EDGE('',*,*,#2750,.T.);
#2753=ORIENTED_EDGE('',*,*,#2752,.T.);
#2755=ORIENTED_EDGE('',*,*,#2754,.T.);
#2757=ORIENTED_EDGE('',*,*,#2756,.T.);
#2759=ORIENTED_EDGE('',*,*,#2758,.T.);
#2761=ORIENTED_EDGE('',*,*,#2760,.T.);
#2763=ORIENTED_EDGE('',*,*,#2762,.T.);
#2765=ORIENTED_EDGE('',*,*,#2764,.T.);
#2767=ORIENTED_EDGE('',*,*,#2766,.T.);
#2769=ORIENTED_EDGE('',*,*,#2768,.T.);
#2771=ORIENTED_EDGE('',*,*,#2770,.T.);
#2773=ORIENTED_EDGE('',*,*,#2772,.T.);
#2775=ORIENTED_EDGE('',*,*,#2774,.T.);
#2777=ORIENTED_EDGE('',*,*,#2776,.T.);
#2779=ORIENTED_EDGE('',*,*,#2778,.T.);
#2781=ORIENTED_EDGE('',*,*,#2780,.T.);
#2783=ORIENTED_EDGE('',*,*,#2782,.T.);
#2785=ORIENTED_EDGE('',*,*,#2784,.T.);
#2787=ORIENTED_EDGE('',*,*,#2786,.T.);
#2789=ORIENTED_EDGE('',*,*,#2788,.T.);
#2791=ORIENTED_EDGE('',*,*,#2790,.T.);
#2793=ORIENTED_EDGE('',*,*,#2792,.T.);
#2795=ORIENTED_EDGE('',*,*,#2794,.T.);
#2797=ORIENTED_EDGE('',*,*,#2796,.T.);
#2799=ORIENTED_EDGE('',*,*,#2798,.T.);
#2801=ORIENTED_EDGE('',*,*,#2800,.T.);
#2803=ORIENTED_EDGE('',*,*,#2802,.T.);
#2805=ORIENTED_EDGE('',*,*,#2804,.T.);
#2807=ORIENTED_EDGE('',*,*,#2806,.T.);
#2809=ORIENTED_EDGE('',*,*,#2808,.T.);
#2811=ORIENTED_EDGE('',*,*,#2810,.T.);
#2813=ORIENTED_EDGE('',*,*,#2812,.T.);
#2815=ORIENTED_EDGE('',*,*,#2814,.T.);
#2817=ORIENTED_EDGE('',*,*,#2816,.T.);
#2819=ORIENTED_EDGE('',*,*,#2818,.T.);
#2821=ORIENTED_EDGE('',*,*,#2820,.T.);
#2823=ORIENTED_EDGE('',*,*,#2822,.T.);
#2825=ORIENTED_EDGE('',*,*,#2824,.T.);
#2827=ORIENTED_EDGE('',*,*,#2826,.T.);
#2829=ORIENTED_EDGE('',*,*,#2828,.T.);
#2831=ORIENTED_EDGE('',*,*,#2830,.T.);
#2833=ORIENTED_EDGE('',*,*,#2832,.T.);
#2835=ORIENTED_EDGE('',*,*,#2834,.T.);
#2837=ORIENTED_EDGE('',*,*,#2836,.T.);
#2839=ORIENTED_EDGE('',*,*,#2838,.T.);
#2841=ORIENTED_EDGE('',*,*,#2840,.T.);
#2843=ORIENTED_EDGE('',*,*,#2842,.T.);
#2845=ORIENTED_EDGE('',*,*,#2844,.T.);
#2847=ORIENTED_EDGE('',*,*,#2846,.T.);
#2849=ORIENTED_EDGE('',*,*,#2848,.T.);
#2851=ORIENTED_EDGE('',*,*,#2850,.T.);
#2853=ORIENTED_EDGE('',*,*,#2852,.T.);
#2855=ORIENTED_EDGE('',*,*,#2854,.T.);
#2857=ORIENTED_EDGE('',*,*,#2856,.T.);
#2859=ORIENTED_EDGE('',*,*,#2858,.T.);
#2861=ORIENTED_EDGE('',*,*,#2860,.T.);
#2863=ORIENTED_EDGE('',*,*,#2862,.T.);
#2865=ORIENTED_EDGE('',*,*,#2864,.T.);
#2867=ORIENTED_EDGE('',*,*,#2866,.T.);
#2869=ORIENTED_EDGE('',*,*,#2868,.T.);
#2871=ORIENTED_EDGE('',*,*,#2870,.T.);
#2873=ORIENTED_EDGE('',*,*,#2872,.T.);
#2875=ORIENTED_EDGE('',*,*,#2874,.T.);
#2877=ORIENTED_EDGE('',*,*,#2876,.T.);
#2879=ORIENTED_EDGE('',*,*,#2878,.T.);
#2881=ORIENTED_EDGE('',*,*,#2880,.T.);
#2883=ORIENTED_EDGE('',*,*,#2882,.T.);
#2885=ORIENTED_EDGE('',*,*,#2884,.T.);
#2887=ORIENTED_EDGE('',*,*,#2886,.T.);
#2889=ORIENTED_EDGE('',*,*,#2888,.T.);
#2891=ORIENTED_EDGE('',*,*,#2890,.T.);
#2893=ORIENTED_EDGE('',*,*,#2892,.T.);
#2895=ORIENTED_EDGE('',*,*,#2894,.T.);
#2897=ORIENTED_EDGE('',*,*,#2896,.T.);
#2899=ORIENTED_EDGE('',*,*,#2898,.T.);
#2901=ORIENTED_EDGE('',*,*,#2900,.T.);
#2903=ORIENTED_EDGE('',*,*,#2902,.T.);
#2905=ORIENTED_EDGE('',*,*,#2904,.T.);
#2907=ORIENTED_EDGE('',*,*,#2906,.T.);
#2909=ORIENTED_EDGE('',*,*,#2908,.T.);
#2911=ORIENTED_EDGE('',*,*,#2910,.T.);
#2913=ORIENTED_EDGE('',*,*,#2912,.T.);
#2915=ORIENTED_EDGE('',*,*,#2914,.T.);
#2917=ORIENTED_EDGE('',*,*,#2916,.T.);
#2919=ORIENTED_EDGE('',*,*,#2918,.T.);
#2921=ORIENTED_EDGE('',*,*,#2920,.T.);
#2922=ORIENTED_EDGE('',*,*,#2662,.T.);
#2923=ORIENTED_EDGE('',*,*,#2660,.T.);
#2924=ORIENTED_EDGE('',*,*,#2678,.T.);
#2925=ORIENTED_EDGE('',*,*,#2692,.T.);
#2926=EDGE_LOOP('',(#2733,#2734,#2735,#2737,#2739,#2741,#2743,#2745,#2747,#2749,
#2751,#2753,#2755,#2757,#2759,#2761,#2763,#2765,#2767,#2769,#2771,#2773,#2775,
#2777,#2779,#2781,#2783,#2785,#2787,#2789,#2791,#2793,#2795,#2797,#2799,#2801,
#2803,#2805,#2807,#2809,#2811,#2813,#2815,#2817,#2819,#2821,#2823,#2825,#2827,
#2829,#2831,#2833,#2835,#2837,#2839,#2841,#2843,#2845,#2847,#2849,#2851,#2853,
#2855,#2857,#2859,#2861,#2863,#2865,#2867,#2869,#2871,#2873,#2875,#2877,#2879,
#2881,#2883,#2885,#2887,#2889,#2891,#2893,#2895,#2897,#2899,#2901,#2903,#2905,
#2907,#2909,#2911,#2913,#2915,#2917,#2919,#2921,#2922,#2923,#2924,#2925));
#2927=FACE_OUTER_BOUND('',#2926,.F.);
#2929=ORIENTED_EDGE('',*,*,#2928,.T.);
#2931=ORIENTED_EDGE('',*,*,#2930,.T.);
#2932=EDGE_LOOP('',(#2929,#2931));
#2933=FACE_BOUND('',#2932,.F.);
#2935=CARTESIAN_POINT('',(-1.082589965023E0,3.3E0,1.631101551391E0));
#2936=DIRECTION('',(3.420201433257E-1,0.E0,9.396926207859E-1));
#2937=DIRECTION('',(9.396926207859E-1,0.E0,-3.420201433257E-1));
#2938=AXIS2_PLACEMENT_3D('',#2935,#2936,#2937);
#2939=PLANE('',#2938);
#2940=ORIENTED_EDGE('',*,*,#2723,.F.);
#2941=ORIENTED_EDGE('',*,*,#2623,.F.);
#2943=ORIENTED_EDGE('',*,*,#2942,.F.);
#2944=ORIENTED_EDGE('',*,*,#2736,.F.);
#2945=EDGE_LOOP('',(#2940,#2941,#2943,#2944));
#2946=FACE_OUTER_BOUND('',#2945,.F.);
#2948=CARTESIAN_POINT('',(-1.116791979356E0,3.3E0,1.537132289312E0));
#2949=DIRECTION('',(0.E0,1.E0,0.E0));
#2950=DIRECTION('',(-8.090169943749E-1,0.E0,-5.877852522925E-1));
#2951=AXIS2_PLACEMENT_3D('',#2948,#2949,#2950);
#2952=CYLINDRICAL_SURFACE('',#2951,1.E-1);
#2953=ORIENTED_EDGE('',*,*,#2942,.T.);
#2954=ORIENTED_EDGE('',*,*,#2621,.F.);
#2956=ORIENTED_EDGE('',*,*,#2955,.T.);
#2957=ORIENTED_EDGE('',*,*,#2738,.F.);
#2958=EDGE_LOOP('',(#2953,#2954,#2956,#2957));
#2959=FACE_OUTER_BOUND('',#2958,.F.);
#2961=CARTESIAN_POINT('',(-1.207411018500E0,3.3E0,1.266751211724E0));
#2962=DIRECTION('',(-9.993908270191E-1,0.E0,-3.489949670250E-2));
#2963=DIRECTION('',(-3.489949670250E-2,0.E0,9.993908270191E-1));
#2964=AXIS2_PLACEMENT_3D('',#2961,#2962,#2963);
#2965=PLANE('',#2964);
#2967=ORIENTED_EDGE('',*,*,#2966,.F.);
#2968=ORIENTED_EDGE('',*,*,#2740,.F.);
#2969=ORIENTED_EDGE('',*,*,#2955,.F.);
#2970=ORIENTED_EDGE('',*,*,#2619,.F.);
#2971=EDGE_LOOP('',(#2967,#2968,#2969,#2970));
#2972=FACE_OUTER_BOUND('',#2971,.F.);
#2974=CARTESIAN_POINT('',(-1.307403098868E0,-5.68404E0,1.308891568110E0));
#2975=DIRECTION('',(0.E0,1.E0,0.E0));
#2976=DIRECTION('',(7.067043777664E-1,0.E0,-7.075089557354E-1));
#2977=AXIS2_PLACEMENT_3D('',#2974,#2975,#2976);
#2978=CYLINDRICAL_SURFACE('',#2977,1.E-1);
#2979=ORIENTED_EDGE('',*,*,#2744,.F.);
#2980=ORIENTED_EDGE('',*,*,#2742,.F.);
#2981=ORIENTED_EDGE('',*,*,#2966,.T.);
#2982=ORIENTED_EDGE('',*,*,#2617,.F.);
#2983=ORIENTED_EDGE('',*,*,#2615,.F.);
#2985=ORIENTED_EDGE('',*,*,#2984,.T.);
#2986=EDGE_LOOP('',(#2979,#2980,#2981,#2982,#2983,#2985));
#2987=FACE_OUTER_BOUND('',#2986,.F.);
#2989=CARTESIAN_POINT('',(-1.533642339642E0,3.3E0,1.216731062058E0));
#2990=DIRECTION('',(3.489949670250E-2,0.E0,9.993908270191E-1));
#2991=DIRECTION('',(9.993908270191E-1,0.E0,-3.489949670250E-2));
#2992=AXIS2_PLACEMENT_3D('',#2989,#2990,#2991);
#2993=PLANE('',#2992);
#2994=ORIENTED_EDGE('',*,*,#2984,.F.);
#2995=ORIENTED_EDGE('',*,*,#2613,.F.);
#2997=ORIENTED_EDGE('',*,*,#2996,.F.);
#2998=ORIENTED_EDGE('',*,*,#2746,.F.);
#2999=EDGE_LOOP('',(#2994,#2995,#2997,#2998));
#3000=FACE_OUTER_BOUND('',#2999,.F.);
#3002=CARTESIAN_POINT('',(-1.537132289312E0,3.3E0,1.116791979356E0));
#3003=DIRECTION('',(0.E0,1.E0,0.E0));
#3004=DIRECTION('',(-5.877852522925E-1,0.E0,-8.090169943749E-1));
#3005=AXIS2_PLACEMENT_3D('',#3002,#3003,#3004);
#3006=CYLINDRICAL_SURFACE('',#3005,1.E-1);
#3007=ORIENTED_EDGE('',*,*,#2996,.T.);
#3008=ORIENTED_EDGE('',*,*,#2611,.F.);
#3010=ORIENTED_EDGE('',*,*,#3009,.T.);
#3011=ORIENTED_EDGE('',*,*,#2748,.F.);
#3012=EDGE_LOOP('',(#3007,#3008,#3010,#3011));
#3013=FACE_OUTER_BOUND('',#3012,.F.);
#3015=CARTESIAN_POINT('',(-1.539763769059E0,3.3E0,8.316414705228E-1));
#3016=DIRECTION('',(-9.396926207859E-1,0.E0,-3.420201433257E-1));
#3017=DIRECTION('',(-3.420201433257E-1,0.E0,9.396926207859E-1));
#3018=AXIS2_PLACEMENT_3D('',#3015,#3016,#3017);
#3019=PLANE('',#3018);
#3021=ORIENTED_EDGE('',*,*,#3020,.F.);
#3022=ORIENTED_EDGE('',*,*,#2750,.F.);
#3023=ORIENTED_EDGE('',*,*,#3009,.F.);
#3024=ORIENTED_EDGE('',*,*,#2609,.F.);
#3025=EDGE_LOOP('',(#3021,#3022,#3023,#3024));
#3026=FACE_OUTER_BOUND('',#3025,.F.);
#3028=CARTESIAN_POINT('',(-1.647883974943E0,-5.68404E0,8.408200789266E-1));
#3029=DIRECTION('',(0.E0,1.E0,0.E0));
#3030=DIRECTION('',(8.907480945638E-1,0.E0,-4.544973399603E-1));
#3031=AXIS2_PLACEMENT_3D('',#3028,#3029,#3030);
#3032=CYLINDRICAL_SURFACE('',#3031,1.E-1);
#3033=ORIENTED_EDGE('',*,*,#2754,.F.);
#3034=ORIENTED_EDGE('',*,*,#2752,.F.);
#3035=ORIENTED_EDGE('',*,*,#3020,.T.);
#3036=ORIENTED_EDGE('',*,*,#2607,.F.);
#3037=ORIENTED_EDGE('',*,*,#2605,.F.);
#3039=ORIENTED_EDGE('',*,*,#3038,.T.);
#3040=EDGE_LOOP('',(#3033,#3034,#3035,#3036,#3037,#3039));
#3041=FACE_OUTER_BOUND('',#3040,.F.);
#3043=CARTESIAN_POINT('',(-1.834571116543E0,3.3E0,6.832584589062E-1));
#3044=DIRECTION('',(-2.756373558170E-1,0.E0,9.612616959383E-1));
#3045=DIRECTION('',(9.612616959383E-1,0.E0,2.756373558170E-1));
#3046=AXIS2_PLACEMENT_3D('',#3043,#3044,#3045);
#3047=PLANE('',#3046);
#3048=ORIENTED_EDGE('',*,*,#3038,.F.);
#3049=ORIENTED_EDGE('',*,*,#2603,.F.);
#3051=ORIENTED_EDGE('',*,*,#3050,.F.);
#3052=ORIENTED_EDGE('',*,*,#2756,.F.);
#3053=EDGE_LOOP('',(#3048,#3049,#3051,#3052));
#3054=FACE_OUTER_BOUND('',#3053,.F.);
#3056=CARTESIAN_POINT('',(-1.807007380961E0,3.3E0,5.871322893124E-1));
#3057=DIRECTION('',(0.E0,1.E0,0.E0));
#3058=DIRECTION('',(-3.090169943749E-1,0.E0,-9.510565162952E-1));
#3059=AXIS2_PLACEMENT_3D('',#3056,#3057,#3058);
#3060=CYLINDRICAL_SURFACE('',#3059,1.E-1);
#3061=ORIENTED_EDGE('',*,*,#3050,.T.);
#3062=ORIENTED_EDGE('',*,*,#2601,.F.);
#3064=ORIENTED_EDGE('',*,*,#3063,.T.);
#3065=ORIENTED_EDGE('',*,*,#2758,.F.);
#3066=EDGE_LOOP('',(#3061,#3062,#3064,#3065));
#3067=FACE_OUTER_BOUND('',#3066,.F.);
#3069=CARTESIAN_POINT('',(-1.721393713737E0,3.3E0,3.151248678E-1));
#3070=DIRECTION('',(-7.880107536067E-1,0.E0,-6.156614753257E-1));
#3071=DIRECTION('',(-6.156614753257E-1,0.E0,7.880107536067E-1));
#3072=AXIS2_PLACEMENT_3D('',#3069,#3070,#3071);
#3073=PLANE('',#3072);
#3075=ORIENTED_EDGE('',*,*,#3074,.F.);
#3076=ORIENTED_EDGE('',*,*,#2760,.F.);
#3077=ORIENTED_EDGE('',*,*,#3063,.F.);
#3078=ORIENTED_EDGE('',*,*,#2599,.F.);
#3079=EDGE_LOOP('',(#3075,#3076,#3077,#3078));
#3080=FACE_OUTER_BOUND('',#3079,.F.);
#3082=CARTESIAN_POINT('',(-1.827058486068E0,-5.68404E0,2.904432620794E-1));
#3083=DIRECTION('',(0.E0,1.E0,0.E0));
#3084=DIRECTION('',(9.875991816583E-1,0.E0,-1.569963578807E-1));
#3085=AXIS2_PLACEMENT_3D('',#3082,#3083,#3084);
#3086=CYLINDRICAL_SURFACE('',#3085,1.E-1);
#3087=ORIENTED_EDGE('',*,*,#2764,.F.);
#3088=ORIENTED_EDGE('',*,*,#2762,.F.);
#3089=ORIENTED_EDGE('',*,*,#3074,.T.);
#3090=ORIENTED_EDGE('',*,*,#2597,.F.);
#3091=ORIENTED_EDGE('',*,*,#2595,.F.);
#3093=ORIENTED_EDGE('',*,*,#3092,.T.);
#3094=EDGE_LOOP('',(#3087,#3088,#3089,#3090,#3091,#3093));
#3095=FACE_OUTER_BOUND('',#3094,.F.);
#3097=CARTESIAN_POINT('',(-1.955919290347E0,3.3E0,8.290375725550E-2));
#3098=DIRECTION('',(-5.591929034707E-1,0.E0,8.290375725551E-1));
#3099=DIRECTION('',(8.290375725551E-1,0.E0,5.591929034707E-1));
#3100=AXIS2_PLACEMENT_3D('',#3097,#3098,#3099);
#3101=PLANE('',#3100);
#3102=ORIENTED_EDGE('',*,*,#3092,.F.);
#3103=ORIENTED_EDGE('',*,*,#2593,.F.);
#3105=ORIENTED_EDGE('',*,*,#3104,.F.);
#3106=ORIENTED_EDGE('',*,*,#2766,.F.);
#3107=EDGE_LOOP('',(#3102,#3103,#3105,#3106));
#3108=FACE_OUTER_BOUND('',#3107,.F.);
#3110=CARTESIAN_POINT('',(-1.9E0,3.3E0,0.E0));
#3111=DIRECTION('',(0.E0,1.E0,0.E0));
#3112=DIRECTION('',(0.E0,0.E0,-1.E0));
#3113=AXIS2_PLACEMENT_3D('',#3110,#3111,#3112);
#3114=CYLINDRICAL_SURFACE('',#3113,1.E-1);
#3115=ORIENTED_EDGE('',*,*,#3104,.T.);
#3116=ORIENTED_EDGE('',*,*,#2591,.F.);
#3118=ORIENTED_EDGE('',*,*,#3117,.T.);
#3119=ORIENTED_EDGE('',*,*,#2768,.F.);
#3120=EDGE_LOOP('',(#3115,#3116,#3118,#3119));
#3121=FACE_OUTER_BOUND('',#3120,.F.);
#3123=CARTESIAN_POINT('',(-1.734521648060E0,3.3E0,-2.322383525872E-1));
#3124=DIRECTION('',(-5.591929034707E-1,0.E0,-8.290375725551E-1));
#3125=DIRECTION('',(-8.290375725551E-1,0.E0,5.591929034707E-1));
#3126=AXIS2_PLACEMENT_3D('',#3123,#3124,#3125);
#3127=PLANE('',#3126);
#3129=ORIENTED_EDGE('',*,*,#3128,.F.);
#3130=ORIENTED_EDGE('',*,*,#2770,.F.);
#3131=ORIENTED_EDGE('',*,*,#3117,.F.);
#3132=ORIENTED_EDGE('',*,*,#2589,.F.);
#3133=EDGE_LOOP('',(#3129,#3130,#3131,#3132));
#3134=FACE_OUTER_BOUND('',#3133,.F.);
#3136=CARTESIAN_POINT('',(-1.827387782711E0,-5.68404E0,-2.883641648973E-1));
#3137=DIRECTION('',(0.E0,1.E0,0.E0));
#3138=DIRECTION('',(9.877771798440E-1,0.E0,1.558725215661E-1));
#3139=AXIS2_PLACEMENT_3D('',#3136,#3137,#3138);
#3140=CYLINDRICAL_SURFACE('',#3139,1.E-1);
#3141=ORIENTED_EDGE('',*,*,#2774,.F.);
#3142=ORIENTED_EDGE('',*,*,#2772,.F.);
#3143=ORIENTED_EDGE('',*,*,#3128,.T.);
#3144=ORIENTED_EDGE('',*,*,#2587,.F.);
#3145=ORIENTED_EDGE('',*,*,#2585,.F.);
#3147=ORIENTED_EDGE('',*,*,#3146,.T.);
#3148=EDGE_LOOP('',(#3141,#3142,#3143,#3144,#3145,#3147));
#3149=FACE_OUTER_BOUND('',#3148,.F.);
#3151=CARTESIAN_POINT('',(-1.885808456321E0,3.3E0,-5.255661417798E-1));
#3152=DIRECTION('',(-7.880107536067E-1,0.E0,6.156614753257E-1));
#3153=DIRECTION('',(6.156614753257E-1,0.E0,7.880107536067E-1));
#3154=AXIS2_PLACEMENT_3D('',#3151,#3152,#3153);
#3155=PLANE('',#3154);
#3156=ORIENTED_EDGE('',*,*,#3146,.F.);
#3157=ORIENTED_EDGE('',*,*,#2583,.F.);
#3159=ORIENTED_EDGE('',*,*,#3158,.F.);
#3160=ORIENTED_EDGE('',*,*,#2776,.F.);
#3161=EDGE_LOOP('',(#3156,#3157,#3159,#3160));
#3162=FACE_OUTER_BOUND('',#3161,.F.);
#3164=CARTESIAN_POINT('',(-1.807007380961E0,3.3E0,-5.871322893124E-1));
#3165=DIRECTION('',(0.E0,1.E0,0.E0));
#3166=DIRECTION('',(3.090169943749E-1,0.E0,-9.510565162952E-1));
#3167=AXIS2_PLACEMENT_3D('',#3164,#3165,#3166);
#3168=CYLINDRICAL_SURFACE('',#3167,1.E-1);
#3169=ORIENTED_EDGE('',*,*,#3158,.T.);
#3170=ORIENTED_EDGE('',*,*,#2581,.F.);
#3172=ORIENTED_EDGE('',*,*,#3171,.T.);
#3173=ORIENTED_EDGE('',*,*,#2778,.F.);
#3174=EDGE_LOOP('',(#3169,#3170,#3172,#3173));
#3175=FACE_OUTER_BOUND('',#3174,.F.);
#3177=CARTESIAN_POINT('',(-1.577862518347E0,3.3E0,-7.568684649234E-1));
#3178=DIRECTION('',(-2.756373558170E-1,0.E0,-9.612616959383E-1));
#3179=DIRECTION('',(-9.612616959383E-1,0.E0,2.756373558170E-1));
#3180=AXIS2_PLACEMENT_3D('',#3177,#3178,#3179);
#3181=PLANE('',#3180);
#3183=ORIENTED_EDGE('',*,*,#3182,.F.);
#3184=ORIENTED_EDGE('',*,*,#2780,.F.);
#3185=ORIENTED_EDGE('',*,*,#3171,.F.);
#3186=ORIENTED_EDGE('',*,*,#2579,.F.);
#3187=EDGE_LOOP('',(#3183,#3184,#3185,#3186));
#3188=FACE_OUTER_BOUND('',#3187,.F.);
#3190=CARTESIAN_POINT('',(-1.648839631024E0,-5.68404E0,-8.389444982626E-1));
#3191=DIRECTION('',(0.E0,1.E0,0.E0));
#3192=DIRECTION('',(8.912646654183E-1,0.E0,4.534835125744E-1));
#3193=AXIS2_PLACEMENT_3D('',#3190,#3191,#3192);
#3194=CYLINDRICAL_SURFACE('',#3193,1.E-1);
#3195=ORIENTED_EDGE('',*,*,#2784,.F.);
#3196=ORIENTED_EDGE('',*,*,#2782,.F.);
#3197=ORIENTED_EDGE('',*,*,#3182,.T.);
#3198=ORIENTED_EDGE('',*,*,#2577,.F.);
#3199=ORIENTED_EDGE('',*,*,#2575,.F.);
#3201=ORIENTED_EDGE('',*,*,#3200,.T.);
#3202=EDGE_LOOP('',(#3195,#3196,#3197,#3198,#3199,#3201));
#3203=FACE_OUTER_BOUND('',#3202,.F.);
#3205=CARTESIAN_POINT('',(-1.631101551391E0,3.3E0,-1.082589965023E0));
#3206=DIRECTION('',(-9.396926207859E-1,0.E0,3.420201433257E-1));
#3207=DIRECTION('',(3.420201433257E-1,0.E0,9.396926207859E-1));
#3208=AXIS2_PLACEMENT_3D('',#3205,#3206,#3207);
#3209=PLANE('',#3208);
#3210=ORIENTED_EDGE('',*,*,#3200,.F.);
#3211=ORIENTED_EDGE('',*,*,#2573,.F.);
#3213=ORIENTED_EDGE('',*,*,#3212,.F.);
#3214=ORIENTED_EDGE('',*,*,#2786,.F.);
#3215=EDGE_LOOP('',(#3210,#3211,#3213,#3214));
#3216=FACE_OUTER_BOUND('',#3215,.F.);
#3218=CARTESIAN_POINT('',(-1.537132289312E0,3.3E0,-1.116791979356E0));
#3219=DIRECTION('',(0.E0,1.E0,0.E0));
#3220=DIRECTION('',(5.877852522925E-1,0.E0,-8.090169943749E-1));
#3221=AXIS2_PLACEMENT_3D('',#3218,#3219,#3220);
#3222=CYLINDRICAL_SURFACE('',#3221,1.E-1);
#3223=ORIENTED_EDGE('',*,*,#3212,.T.);
#3224=ORIENTED_EDGE('',*,*,#2571,.F.);
#3226=ORIENTED_EDGE('',*,*,#3225,.T.);
#3227=ORIENTED_EDGE('',*,*,#2788,.F.);
#3228=EDGE_LOOP('',(#3223,#3224,#3226,#3227));
#3229=FACE_OUTER_BOUND('',#3228,.F.);
#3231=CARTESIAN_POINT('',(-1.266751211724E0,3.3E0,-1.207411018500E0));
#3232=DIRECTION('',(3.489949670250E-2,0.E0,-9.993908270191E-1));
#3233=DIRECTION('',(-9.993908270191E-1,0.E0,-3.489949670250E-2));
#3234=AXIS2_PLACEMENT_3D('',#3231,#3232,#3233);
#3235=PLANE('',#3234);
#3237=ORIENTED_EDGE('',*,*,#3236,.F.);
#3238=ORIENTED_EDGE('',*,*,#2790,.F.);
#3239=ORIENTED_EDGE('',*,*,#3225,.F.);
#3240=ORIENTED_EDGE('',*,*,#2569,.F.);
#3241=EDGE_LOOP('',(#3237,#3238,#3239,#3240));
#3242=FACE_OUTER_BOUND('',#3241,.F.);
#3244=CARTESIAN_POINT('',(-1.308891568110E0,-5.68404E0,-1.307403098868E0));
#3245=DIRECTION('',(0.E0,1.E0,0.E0));
#3246=DIRECTION('',(7.075089557354E-1,0.E0,7.067043777664E-1));
#3247=AXIS2_PLACEMENT_3D('',#3244,#3245,#3246);
#3248=CYLINDRICAL_SURFACE('',#3247,1.E-1);
#3249=ORIENTED_EDGE('',*,*,#2794,.F.);
#3250=ORIENTED_EDGE('',*,*,#2792,.F.);
#3251=ORIENTED_EDGE('',*,*,#3236,.T.);
#3252=ORIENTED_EDGE('',*,*,#2567,.F.);
#3253=ORIENTED_EDGE('',*,*,#2565,.F.);
#3255=ORIENTED_EDGE('',*,*,#3254,.T.);
#3256=EDGE_LOOP('',(#3249,#3250,#3251,#3252,#3253,#3255));
#3257=FACE_OUTER_BOUND('',#3256,.F.);
#3259=CARTESIAN_POINT('',(-1.216731062058E0,3.3E0,-1.533642339642E0));
#3260=DIRECTION('',(-9.993908270191E-1,0.E0,3.489949670250E-2));
#3261=DIRECTION('',(3.489949670250E-2,0.E0,9.993908270191E-1));
#3262=AXIS2_PLACEMENT_3D('',#3259,#3260,#3261);
#3263=PLANE('',#3262);
#3264=ORIENTED_EDGE('',*,*,#3254,.F.);
#3265=ORIENTED_EDGE('',*,*,#2563,.F.);
#3267=ORIENTED_EDGE('',*,*,#3266,.F.);
#3268=ORIENTED_EDGE('',*,*,#2796,.F.);
#3269=EDGE_LOOP('',(#3264,#3265,#3267,#3268));
#3270=FACE_OUTER_BOUND('',#3269,.F.);
#3272=CARTESIAN_POINT('',(-1.116791979356E0,3.3E0,-1.537132289312E0));
#3273=DIRECTION('',(0.E0,1.E0,0.E0));
#3274=DIRECTION('',(8.090169943749E-1,0.E0,-5.877852522925E-1));
#3275=AXIS2_PLACEMENT_3D('',#3272,#3273,#3274);
#3276=CYLINDRICAL_SURFACE('',#3275,1.E-1);
#3277=ORIENTED_EDGE('',*,*,#3266,.T.);
#3278=ORIENTED_EDGE('',*,*,#2561,.F.);
#3280=ORIENTED_EDGE('',*,*,#3279,.T.);
#3281=ORIENTED_EDGE('',*,*,#2798,.F.);
#3282=EDGE_LOOP('',(#3277,#3278,#3280,#3281));
#3283=FACE_OUTER_BOUND('',#3282,.F.);
#3285=CARTESIAN_POINT('',(-8.316414705228E-1,3.3E0,-1.539763769059E0));
#3286=DIRECTION('',(3.420201433257E-1,0.E0,-9.396926207859E-1));
#3287=DIRECTION('',(-9.396926207859E-1,0.E0,-3.420201433257E-1));
#3288=AXIS2_PLACEMENT_3D('',#3285,#3286,#3287);
#3289=PLANE('',#3288);
#3291=ORIENTED_EDGE('',*,*,#3290,.F.);
#3292=ORIENTED_EDGE('',*,*,#2800,.F.);
#3293=ORIENTED_EDGE('',*,*,#3279,.F.);
#3294=ORIENTED_EDGE('',*,*,#2559,.F.);
#3295=EDGE_LOOP('',(#3291,#3292,#3293,#3294));
#3296=FACE_OUTER_BOUND('',#3295,.F.);
#3298=CARTESIAN_POINT('',(-8.408200789266E-1,-5.68404E0,-1.647883974943E0));
#3299=DIRECTION('',(0.E0,1.E0,0.E0));
#3300=DIRECTION('',(4.544973399603E-1,0.E0,8.907480945638E-1));
#3301=AXIS2_PLACEMENT_3D('',#3298,#3299,#3300);
#3302=CYLINDRICAL_SURFACE('',#3301,1.E-1);
#3303=ORIENTED_EDGE('',*,*,#2804,.F.);
#3304=ORIENTED_EDGE('',*,*,#2802,.F.);
#3305=ORIENTED_EDGE('',*,*,#3290,.T.);
#3306=ORIENTED_EDGE('',*,*,#2557,.F.);
#3307=ORIENTED_EDGE('',*,*,#2555,.F.);
#3309=ORIENTED_EDGE('',*,*,#3308,.T.);
#3310=EDGE_LOOP('',(#3303,#3304,#3305,#3306,#3307,#3309));
#3311=FACE_OUTER_BOUND('',#3310,.F.);
#3313=CARTESIAN_POINT('',(-6.832584589062E-1,3.3E0,-1.834571116543E0));
#3314=DIRECTION('',(-9.612616959383E-1,0.E0,-2.756373558170E-1));
#3315=DIRECTION('',(-2.756373558170E-1,0.E0,9.612616959383E-1));
#3316=AXIS2_PLACEMENT_3D('',#3313,#3314,#3315);
#3317=PLANE('',#3316);
#3318=ORIENTED_EDGE('',*,*,#3308,.F.);
#3319=ORIENTED_EDGE('',*,*,#2553,.F.);
#3321=ORIENTED_EDGE('',*,*,#3320,.F.);
#3322=ORIENTED_EDGE('',*,*,#2806,.F.);
#3323=EDGE_LOOP('',(#3318,#3319,#3321,#3322));
#3324=FACE_OUTER_BOUND('',#3323,.F.);
#3326=CARTESIAN_POINT('',(-5.871322893124E-1,3.3E0,-1.807007380961E0));
#3327=DIRECTION('',(0.E0,1.E0,0.E0));
#3328=DIRECTION('',(9.510565162952E-1,0.E0,-3.090169943749E-1));
#3329=AXIS2_PLACEMENT_3D('',#3326,#3327,#3328);
#3330=CYLINDRICAL_SURFACE('',#3329,1.E-1);
#3331=ORIENTED_EDGE('',*,*,#3320,.T.);
#3332=ORIENTED_EDGE('',*,*,#2551,.F.);
#3334=ORIENTED_EDGE('',*,*,#3333,.T.);
#3335=ORIENTED_EDGE('',*,*,#2808,.F.);
#3336=EDGE_LOOP('',(#3331,#3332,#3334,#3335));
#3337=FACE_OUTER_BOUND('',#3336,.F.);
#3339=CARTESIAN_POINT('',(-3.151248678E-1,3.3E0,-1.721393713737E0));
#3340=DIRECTION('',(6.156614753257E-1,0.E0,-7.880107536067E-1));
#3341=DIRECTION('',(-7.880107536067E-1,0.E0,-6.156614753257E-1));
#3342=AXIS2_PLACEMENT_3D('',#3339,#3340,#3341);
#3343=PLANE('',#3342);
#3345=ORIENTED_EDGE('',*,*,#3344,.F.);
#3346=ORIENTED_EDGE('',*,*,#2810,.F.);
#3347=ORIENTED_EDGE('',*,*,#3333,.F.);
#3348=ORIENTED_EDGE('',*,*,#2549,.F.);
#3349=EDGE_LOOP('',(#3345,#3346,#3347,#3348));
#3350=FACE_OUTER_BOUND('',#3349,.F.);
#3352=CARTESIAN_POINT('',(-2.904432620794E-1,-5.68404E0,-1.827058486068E0));
#3353=DIRECTION('',(0.E0,1.E0,0.E0));
#3354=DIRECTION('',(1.569963578807E-1,0.E0,9.875991816583E-1));
#3355=AXIS2_PLACEMENT_3D('',#3352,#3353,#3354);
#3356=CYLINDRICAL_SURFACE('',#3355,1.E-1);
#3357=ORIENTED_EDGE('',*,*,#2814,.F.);
#3358=ORIENTED_EDGE('',*,*,#2812,.F.);
#3359=ORIENTED_EDGE('',*,*,#3344,.T.);
#3360=ORIENTED_EDGE('',*,*,#2547,.F.);
#3361=ORIENTED_EDGE('',*,*,#2545,.F.);
#3363=ORIENTED_EDGE('',*,*,#3362,.T.);
#3364=EDGE_LOOP('',(#3357,#3358,#3359,#3360,#3361,#3363));
#3365=FACE_OUTER_BOUND('',#3364,.F.);
#3367=CARTESIAN_POINT('',(-8.290375725550E-2,3.3E0,-1.955919290347E0));
#3368=DIRECTION('',(-8.290375725551E-1,0.E0,-5.591929034707E-1));
#3369=DIRECTION('',(-5.591929034707E-1,0.E0,8.290375725551E-1));
#3370=AXIS2_PLACEMENT_3D('',#3367,#3368,#3369);
#3371=PLANE('',#3370);
#3372=ORIENTED_EDGE('',*,*,#3362,.F.);
#3373=ORIENTED_EDGE('',*,*,#2543,.F.);
#3375=ORIENTED_EDGE('',*,*,#3374,.F.);
#3376=ORIENTED_EDGE('',*,*,#2816,.F.);
#3377=EDGE_LOOP('',(#3372,#3373,#3375,#3376));
#3378=FACE_OUTER_BOUND('',#3377,.F.);
#3380=CARTESIAN_POINT('',(0.E0,3.3E0,-1.9E0));
#3381=DIRECTION('',(0.E0,1.E0,0.E0));
#3382=DIRECTION('',(1.E0,0.E0,0.E0));
#3383=AXIS2_PLACEMENT_3D('',#3380,#3381,#3382);
#3384=CYLINDRICAL_SURFACE('',#3383,1.E-1);
#3385=ORIENTED_EDGE('',*,*,#3374,.T.);
#3386=ORIENTED_EDGE('',*,*,#2541,.F.);
#3388=ORIENTED_EDGE('',*,*,#3387,.T.);
#3389=ORIENTED_EDGE('',*,*,#2818,.F.);
#3390=EDGE_LOOP('',(#3385,#3386,#3388,#3389));
#3391=FACE_OUTER_BOUND('',#3390,.F.);
#3393=CARTESIAN_POINT('',(2.322383525872E-1,3.3E0,-1.734521648060E0));
#3394=DIRECTION('',(8.290375725551E-1,0.E0,-5.591929034707E-1));
#3395=DIRECTION('',(-5.591929034707E-1,0.E0,-8.290375725551E-1));
#3396=AXIS2_PLACEMENT_3D('',#3393,#3394,#3395);
#3397=PLANE('',#3396);
#3399=ORIENTED_EDGE('',*,*,#3398,.F.);
#3400=ORIENTED_EDGE('',*,*,#2820,.F.);
#3401=ORIENTED_EDGE('',*,*,#3387,.F.);
#3402=ORIENTED_EDGE('',*,*,#2539,.F.);
#3403=EDGE_LOOP('',(#3399,#3400,#3401,#3402));
#3404=FACE_OUTER_BOUND('',#3403,.F.);
#3406=CARTESIAN_POINT('',(2.883641648973E-1,-5.68404E0,-1.827387782711E0));
#3407=DIRECTION('',(0.E0,1.E0,0.E0));
#3408=DIRECTION('',(-1.558725215661E-1,0.E0,9.877771798440E-1));
#3409=AXIS2_PLACEMENT_3D('',#3406,#3407,#3408);
#3410=CYLINDRICAL_SURFACE('',#3409,1.E-1);
#3411=ORIENTED_EDGE('',*,*,#2824,.F.);
#3412=ORIENTED_EDGE('',*,*,#2822,.F.);
#3413=ORIENTED_EDGE('',*,*,#3398,.T.);
#3414=ORIENTED_EDGE('',*,*,#2537,.F.);
#3415=ORIENTED_EDGE('',*,*,#2535,.F.);
#3417=ORIENTED_EDGE('',*,*,#3416,.T.);
#3418=EDGE_LOOP('',(#3411,#3412,#3413,#3414,#3415,#3417));
#3419=FACE_OUTER_BOUND('',#3418,.F.);
#3421=CARTESIAN_POINT('',(5.255661417798E-1,3.3E0,-1.885808456321E0));
#3422=DIRECTION('',(-6.156614753257E-1,0.E0,-7.880107536067E-1));
#3423=DIRECTION('',(-7.880107536067E-1,0.E0,6.156614753257E-1));
#3424=AXIS2_PLACEMENT_3D('',#3421,#3422,#3423);
#3425=PLANE('',#3424);
#3426=ORIENTED_EDGE('',*,*,#3416,.F.);
#3427=ORIENTED_EDGE('',*,*,#2533,.F.);
#3429=ORIENTED_EDGE('',*,*,#3428,.F.);
#3430=ORIENTED_EDGE('',*,*,#2826,.F.);
#3431=EDGE_LOOP('',(#3426,#3427,#3429,#3430));
#3432=FACE_OUTER_BOUND('',#3431,.F.);
#3434=CARTESIAN_POINT('',(5.871322893124E-1,3.3E0,-1.807007380961E0));
#3435=DIRECTION('',(0.E0,1.E0,0.E0));
#3436=DIRECTION('',(9.510565162952E-1,0.E0,3.090169943749E-1));
#3437=AXIS2_PLACEMENT_3D('',#3434,#3435,#3436);
#3438=CYLINDRICAL_SURFACE('',#3437,1.E-1);
#3439=ORIENTED_EDGE('',*,*,#3428,.T.);
#3440=ORIENTED_EDGE('',*,*,#2531,.F.);
#3442=ORIENTED_EDGE('',*,*,#3441,.T.);
#3443=ORIENTED_EDGE('',*,*,#2828,.F.);
#3444=EDGE_LOOP('',(#3439,#3440,#3442,#3443));
#3445=FACE_OUTER_BOUND('',#3444,.F.);
#3447=CARTESIAN_POINT('',(7.568684649234E-1,3.3E0,-1.577862518347E0));
#3448=DIRECTION('',(9.612616959383E-1,0.E0,-2.756373558170E-1));
#3449=DIRECTION('',(-2.756373558170E-1,0.E0,-9.612616959383E-1));
#3450=AXIS2_PLACEMENT_3D('',#3447,#3448,#3449);
#3451=PLANE('',#3450);
#3453=ORIENTED_EDGE('',*,*,#3452,.F.);
#3454=ORIENTED_EDGE('',*,*,#2830,.F.);
#3455=ORIENTED_EDGE('',*,*,#3441,.F.);
#3456=ORIENTED_EDGE('',*,*,#2529,.F.);
#3457=EDGE_LOOP('',(#3453,#3454,#3455,#3456));
#3458=FACE_OUTER_BOUND('',#3457,.F.);
#3460=CARTESIAN_POINT('',(8.389444982626E-1,-5.68404E0,-1.648839631024E0));
#3461=DIRECTION('',(0.E0,1.E0,0.E0));
#3462=DIRECTION('',(-4.534835125744E-1,0.E0,8.912646654183E-1));
#3463=AXIS2_PLACEMENT_3D('',#3460,#3461,#3462);
#3464=CYLINDRICAL_SURFACE('',#3463,1.E-1);
#3465=ORIENTED_EDGE('',*,*,#2834,.F.);
#3466=ORIENTED_EDGE('',*,*,#2832,.F.);
#3467=ORIENTED_EDGE('',*,*,#3452,.T.);
#3468=ORIENTED_EDGE('',*,*,#2527,.F.);
#3469=ORIENTED_EDGE('',*,*,#2525,.F.);
#3471=ORIENTED_EDGE('',*,*,#3470,.T.);
#3472=EDGE_LOOP('',(#3465,#3466,#3467,#3468,#3469,#3471));
#3473=FACE_OUTER_BOUND('',#3472,.F.);
#3475=CARTESIAN_POINT('',(1.082589965023E0,3.3E0,-1.631101551391E0));
#3476=DIRECTION('',(-3.420201433257E-1,0.E0,-9.396926207859E-1));
#3477=DIRECTION('',(-9.396926207859E-1,0.E0,3.420201433257E-1));
#3478=AXIS2_PLACEMENT_3D('',#3475,#3476,#3477);
#3479=PLANE('',#3478);
#3480=ORIENTED_EDGE('',*,*,#3470,.F.);
#3481=ORIENTED_EDGE('',*,*,#2523,.F.);
#3483=ORIENTED_EDGE('',*,*,#3482,.F.);
#3484=ORIENTED_EDGE('',*,*,#2836,.F.);
#3485=EDGE_LOOP('',(#3480,#3481,#3483,#3484));
#3486=FACE_OUTER_BOUND('',#3485,.F.);
#3488=CARTESIAN_POINT('',(1.116791979356E0,3.3E0,-1.537132289312E0));
#3489=DIRECTION('',(0.E0,1.E0,0.E0));
#3490=DIRECTION('',(8.090169943749E-1,0.E0,5.877852522925E-1));
#3491=AXIS2_PLACEMENT_3D('',#3488,#3489,#3490);
#3492=CYLINDRICAL_SURFACE('',#3491,1.E-1);
#3493=ORIENTED_EDGE('',*,*,#3482,.T.);
#3494=ORIENTED_EDGE('',*,*,#2521,.F.);
#3496=ORIENTED_EDGE('',*,*,#3495,.T.);
#3497=ORIENTED_EDGE('',*,*,#2838,.F.);
#3498=EDGE_LOOP('',(#3493,#3494,#3496,#3497));
#3499=FACE_OUTER_BOUND('',#3498,.F.);
#3501=CARTESIAN_POINT('',(1.207411018500E0,3.3E0,-1.266751211724E0));
#3502=DIRECTION('',(9.993908270191E-1,0.E0,3.489949670250E-2));
#3503=DIRECTION('',(3.489949670250E-2,0.E0,-9.993908270191E-1));
#3504=AXIS2_PLACEMENT_3D('',#3501,#3502,#3503);
#3505=PLANE('',#3504);
#3507=ORIENTED_EDGE('',*,*,#3506,.F.);
#3508=ORIENTED_EDGE('',*,*,#2840,.F.);
#3509=ORIENTED_EDGE('',*,*,#3495,.F.);
#3510=ORIENTED_EDGE('',*,*,#2519,.F.);
#3511=EDGE_LOOP('',(#3507,#3508,#3509,#3510));
#3512=FACE_OUTER_BOUND('',#3511,.F.);
#3514=CARTESIAN_POINT('',(1.307403098868E0,-5.68404E0,-1.308891568110E0));
#3515=DIRECTION('',(0.E0,1.E0,0.E0));
#3516=DIRECTION('',(-7.067043777664E-1,0.E0,7.075089557354E-1));
#3517=AXIS2_PLACEMENT_3D('',#3514,#3515,#3516);
#3518=CYLINDRICAL_SURFACE('',#3517,1.E-1);
#3519=ORIENTED_EDGE('',*,*,#2844,.F.);
#3520=ORIENTED_EDGE('',*,*,#2842,.F.);
#3521=ORIENTED_EDGE('',*,*,#3506,.T.);
#3522=ORIENTED_EDGE('',*,*,#2517,.F.);
#3523=ORIENTED_EDGE('',*,*,#2515,.F.);
#3525=ORIENTED_EDGE('',*,*,#3524,.T.);
#3526=EDGE_LOOP('',(#3519,#3520,#3521,#3522,#3523,#3525));
#3527=FACE_OUTER_BOUND('',#3526,.F.);
#3529=CARTESIAN_POINT('',(1.533642339642E0,3.3E0,-1.216731062058E0));
#3530=DIRECTION('',(-3.489949670250E-2,0.E0,-9.993908270191E-1));
#3531=DIRECTION('',(-9.993908270191E-1,0.E0,3.489949670250E-2));
#3532=AXIS2_PLACEMENT_3D('',#3529,#3530,#3531);
#3533=PLANE('',#3532);
#3534=ORIENTED_EDGE('',*,*,#3524,.F.);
#3535=ORIENTED_EDGE('',*,*,#2513,.F.);
#3537=ORIENTED_EDGE('',*,*,#3536,.F.);
#3538=ORIENTED_EDGE('',*,*,#2846,.F.);
#3539=EDGE_LOOP('',(#3534,#3535,#3537,#3538));
#3540=FACE_OUTER_BOUND('',#3539,.F.);
#3542=CARTESIAN_POINT('',(1.537132289312E0,3.3E0,-1.116791979356E0));
#3543=DIRECTION('',(0.E0,1.E0,0.E0));
#3544=DIRECTION('',(5.877852522925E-1,0.E0,8.090169943749E-1));
#3545=AXIS2_PLACEMENT_3D('',#3542,#3543,#3544);
#3546=CYLINDRICAL_SURFACE('',#3545,1.E-1);
#3547=ORIENTED_EDGE('',*,*,#3536,.T.);
#3548=ORIENTED_EDGE('',*,*,#2511,.F.);
#3550=ORIENTED_EDGE('',*,*,#3549,.T.);
#3551=ORIENTED_EDGE('',*,*,#2848,.F.);
#3552=EDGE_LOOP('',(#3547,#3548,#3550,#3551));
#3553=FACE_OUTER_BOUND('',#3552,.F.);
#3555=CARTESIAN_POINT('',(1.539763769059E0,3.3E0,-8.316414705228E-1));
#3556=DIRECTION('',(9.396926207859E-1,0.E0,3.420201433257E-1));
#3557=DIRECTION('',(3.420201433257E-1,0.E0,-9.396926207859E-1));
#3558=AXIS2_PLACEMENT_3D('',#3555,#3556,#3557);
#3559=PLANE('',#3558);
#3561=ORIENTED_EDGE('',*,*,#3560,.F.);
#3562=ORIENTED_EDGE('',*,*,#2850,.F.);
#3563=ORIENTED_EDGE('',*,*,#3549,.F.);
#3564=ORIENTED_EDGE('',*,*,#2509,.F.);
#3565=EDGE_LOOP('',(#3561,#3562,#3563,#3564));
#3566=FACE_OUTER_BOUND('',#3565,.F.);
#3568=CARTESIAN_POINT('',(1.647883974943E0,-5.68404E0,-8.408200789266E-1));
#3569=DIRECTION('',(0.E0,1.E0,0.E0));
#3570=DIRECTION('',(-8.907480945638E-1,0.E0,4.544973399603E-1));
#3571=AXIS2_PLACEMENT_3D('',#3568,#3569,#3570);
#3572=CYLINDRICAL_SURFACE('',#3571,1.E-1);
#3573=ORIENTED_EDGE('',*,*,#2854,.F.);
#3574=ORIENTED_EDGE('',*,*,#2852,.F.);
#3575=ORIENTED_EDGE('',*,*,#3560,.T.);
#3576=ORIENTED_EDGE('',*,*,#2507,.F.);
#3577=ORIENTED_EDGE('',*,*,#2505,.F.);
#3579=ORIENTED_EDGE('',*,*,#3578,.T.);
#3580=EDGE_LOOP('',(#3573,#3574,#3575,#3576,#3577,#3579));
#3581=FACE_OUTER_BOUND('',#3580,.F.);
#3583=CARTESIAN_POINT('',(1.834571116543E0,3.3E0,-6.832584589062E-1));
#3584=DIRECTION('',(2.756373558170E-1,0.E0,-9.612616959383E-1));
#3585=DIRECTION('',(-9.612616959383E-1,0.E0,-2.756373558170E-1));
#3586=AXIS2_PLACEMENT_3D('',#3583,#3584,#3585);
#3587=PLANE('',#3586);
#3588=ORIENTED_EDGE('',*,*,#3578,.F.);
#3589=ORIENTED_EDGE('',*,*,#2503,.F.);
#3591=ORIENTED_EDGE('',*,*,#3590,.F.);
#3592=ORIENTED_EDGE('',*,*,#2856,.F.);
#3593=EDGE_LOOP('',(#3588,#3589,#3591,#3592));
#3594=FACE_OUTER_BOUND('',#3593,.F.);
#3596=CARTESIAN_POINT('',(1.807007380961E0,3.3E0,-5.871322893124E-1));
#3597=DIRECTION('',(0.E0,1.E0,0.E0));
#3598=DIRECTION('',(3.090169943749E-1,0.E0,9.510565162952E-1));
#3599=AXIS2_PLACEMENT_3D('',#3596,#3597,#3598);
#3600=CYLINDRICAL_SURFACE('',#3599,1.E-1);
#3601=ORIENTED_EDGE('',*,*,#3590,.T.);
#3602=ORIENTED_EDGE('',*,*,#2501,.F.);
#3604=ORIENTED_EDGE('',*,*,#3603,.T.);
#3605=ORIENTED_EDGE('',*,*,#2858,.F.);
#3606=EDGE_LOOP('',(#3601,#3602,#3604,#3605));
#3607=FACE_OUTER_BOUND('',#3606,.F.);
#3609=CARTESIAN_POINT('',(1.721393713737E0,3.3E0,-3.151248678E-1));
#3610=DIRECTION('',(7.880107536067E-1,0.E0,6.156614753257E-1));
#3611=DIRECTION('',(6.156614753257E-1,0.E0,-7.880107536067E-1));
#3612=AXIS2_PLACEMENT_3D('',#3609,#3610,#3611);
#3613=PLANE('',#3612);
#3615=ORIENTED_EDGE('',*,*,#3614,.F.);
#3616=ORIENTED_EDGE('',*,*,#2860,.F.);
#3617=ORIENTED_EDGE('',*,*,#3603,.F.);
#3618=ORIENTED_EDGE('',*,*,#2499,.F.);
#3619=EDGE_LOOP('',(#3615,#3616,#3617,#3618));
#3620=FACE_OUTER_BOUND('',#3619,.F.);
#3622=CARTESIAN_POINT('',(1.827058486068E0,-5.68404E0,-2.904432620794E-1));
#3623=DIRECTION('',(0.E0,1.E0,0.E0));
#3624=DIRECTION('',(-9.875991816583E-1,0.E0,1.569963578807E-1));
#3625=AXIS2_PLACEMENT_3D('',#3622,#3623,#3624);
#3626=CYLINDRICAL_SURFACE('',#3625,1.E-1);
#3627=ORIENTED_EDGE('',*,*,#2864,.F.);
#3628=ORIENTED_EDGE('',*,*,#2862,.F.);
#3629=ORIENTED_EDGE('',*,*,#3614,.T.);
#3630=ORIENTED_EDGE('',*,*,#2497,.F.);
#3631=ORIENTED_EDGE('',*,*,#2495,.F.);
#3633=ORIENTED_EDGE('',*,*,#3632,.T.);
#3634=EDGE_LOOP('',(#3627,#3628,#3629,#3630,#3631,#3633));
#3635=FACE_OUTER_BOUND('',#3634,.F.);
#3637=CARTESIAN_POINT('',(1.955919290347E0,3.3E0,-8.290375725550E-2));
#3638=DIRECTION('',(5.591929034707E-1,0.E0,-8.290375725551E-1));
#3639=DIRECTION('',(-8.290375725551E-1,0.E0,-5.591929034707E-1));
#3640=AXIS2_PLACEMENT_3D('',#3637,#3638,#3639);
#3641=PLANE('',#3640);
#3642=ORIENTED_EDGE('',*,*,#3632,.F.);
#3643=ORIENTED_EDGE('',*,*,#2493,.F.);
#3645=ORIENTED_EDGE('',*,*,#3644,.F.);
#3646=ORIENTED_EDGE('',*,*,#2866,.F.);
#3647=EDGE_LOOP('',(#3642,#3643,#3645,#3646));
#3648=FACE_OUTER_BOUND('',#3647,.F.);
#3650=CARTESIAN_POINT('',(1.9E0,3.3E0,0.E0));
#3651=DIRECTION('',(0.E0,1.E0,0.E0));
#3652=DIRECTION('',(0.E0,0.E0,1.E0));
#3653=AXIS2_PLACEMENT_3D('',#3650,#3651,#3652);
#3654=CYLINDRICAL_SURFACE('',#3653,1.E-1);
#3655=ORIENTED_EDGE('',*,*,#3644,.T.);
#3656=ORIENTED_EDGE('',*,*,#2491,.F.);
#3658=ORIENTED_EDGE('',*,*,#3657,.T.);
#3659=ORIENTED_EDGE('',*,*,#2868,.F.);
#3660=EDGE_LOOP('',(#3655,#3656,#3658,#3659));
#3661=FACE_OUTER_BOUND('',#3660,.F.);
#3663=CARTESIAN_POINT('',(1.734521648060E0,3.3E0,2.322383525872E-1));
#3664=DIRECTION('',(5.591929034707E-1,0.E0,8.290375725551E-1));
#3665=DIRECTION('',(8.290375725551E-1,0.E0,-5.591929034707E-1));
#3666=AXIS2_PLACEMENT_3D('',#3663,#3664,#3665);
#3667=PLANE('',#3666);
#3669=ORIENTED_EDGE('',*,*,#3668,.F.);
#3670=ORIENTED_EDGE('',*,*,#2870,.F.);
#3671=ORIENTED_EDGE('',*,*,#3657,.F.);
#3672=ORIENTED_EDGE('',*,*,#2489,.F.);
#3673=EDGE_LOOP('',(#3669,#3670,#3671,#3672));
#3674=FACE_OUTER_BOUND('',#3673,.F.);
#3676=CARTESIAN_POINT('',(1.827387782711E0,-5.68404E0,2.883641648973E-1));
#3677=DIRECTION('',(0.E0,1.E0,0.E0));
#3678=DIRECTION('',(-9.877771798440E-1,0.E0,-1.558725215661E-1));
#3679=AXIS2_PLACEMENT_3D('',#3676,#3677,#3678);
#3680=CYLINDRICAL_SURFACE('',#3679,1.E-1);
#3681=ORIENTED_EDGE('',*,*,#2874,.F.);
#3682=ORIENTED_EDGE('',*,*,#2872,.F.);
#3683=ORIENTED_EDGE('',*,*,#3668,.T.);
#3684=ORIENTED_EDGE('',*,*,#2487,.F.);
#3685=ORIENTED_EDGE('',*,*,#2485,.F.);
#3687=ORIENTED_EDGE('',*,*,#3686,.T.);
#3688=EDGE_LOOP('',(#3681,#3682,#3683,#3684,#3685,#3687));
#3689=FACE_OUTER_BOUND('',#3688,.F.);
#3691=CARTESIAN_POINT('',(1.885808456321E0,3.3E0,5.255661417798E-1));
#3692=DIRECTION('',(7.880107536067E-1,0.E0,-6.156614753257E-1));
#3693=DIRECTION('',(-6.156614753257E-1,0.E0,-7.880107536067E-1));
#3694=AXIS2_PLACEMENT_3D('',#3691,#3692,#3693);
#3695=PLANE('',#3694);
#3696=ORIENTED_EDGE('',*,*,#3686,.F.);
#3697=ORIENTED_EDGE('',*,*,#2483,.F.);
#3699=ORIENTED_EDGE('',*,*,#3698,.F.);
#3700=ORIENTED_EDGE('',*,*,#2876,.F.);
#3701=EDGE_LOOP('',(#3696,#3697,#3699,#3700));
#3702=FACE_OUTER_BOUND('',#3701,.F.);
#3704=CARTESIAN_POINT('',(1.807007380961E0,3.3E0,5.871322893124E-1));
#3705=DIRECTION('',(0.E0,1.E0,0.E0));
#3706=DIRECTION('',(-3.090169943749E-1,0.E0,9.510565162952E-1));
#3707=AXIS2_PLACEMENT_3D('',#3704,#3705,#3706);
#3708=CYLINDRICAL_SURFACE('',#3707,1.E-1);
#3709=ORIENTED_EDGE('',*,*,#3698,.T.);
#3710=ORIENTED_EDGE('',*,*,#2481,.F.);
#3712=ORIENTED_EDGE('',*,*,#3711,.T.);
#3713=ORIENTED_EDGE('',*,*,#2878,.F.);
#3714=EDGE_LOOP('',(#3709,#3710,#3712,#3713));
#3715=FACE_OUTER_BOUND('',#3714,.F.);
#3717=CARTESIAN_POINT('',(1.577862518347E0,3.3E0,7.568684649234E-1));
#3718=DIRECTION('',(2.756373558170E-1,0.E0,9.612616959383E-1));
#3719=DIRECTION('',(9.612616959383E-1,0.E0,-2.756373558170E-1));
#3720=AXIS2_PLACEMENT_3D('',#3717,#3718,#3719);
#3721=PLANE('',#3720);
#3723=ORIENTED_EDGE('',*,*,#3722,.F.);
#3724=ORIENTED_EDGE('',*,*,#2880,.F.);
#3725=ORIENTED_EDGE('',*,*,#3711,.F.);
#3726=ORIENTED_EDGE('',*,*,#2479,.F.);
#3727=EDGE_LOOP('',(#3723,#3724,#3725,#3726));
#3728=FACE_OUTER_BOUND('',#3727,.F.);
#3730=CARTESIAN_POINT('',(1.648839631024E0,-5.68404E0,8.389444982626E-1));
#3731=DIRECTION('',(0.E0,1.E0,0.E0));
#3732=DIRECTION('',(-8.912646654183E-1,0.E0,-4.534835125744E-1));
#3733=AXIS2_PLACEMENT_3D('',#3730,#3731,#3732);
#3734=CYLINDRICAL_SURFACE('',#3733,1.E-1);
#3735=ORIENTED_EDGE('',*,*,#2884,.F.);
#3736=ORIENTED_EDGE('',*,*,#2882,.F.);
#3737=ORIENTED_EDGE('',*,*,#3722,.T.);
#3738=ORIENTED_EDGE('',*,*,#2477,.F.);
#3739=ORIENTED_EDGE('',*,*,#2475,.F.);
#3741=ORIENTED_EDGE('',*,*,#3740,.T.);
#3742=EDGE_LOOP('',(#3735,#3736,#3737,#3738,#3739,#3741));
#3743=FACE_OUTER_BOUND('',#3742,.F.);
#3745=CARTESIAN_POINT('',(1.631101551391E0,3.3E0,1.082589965023E0));
#3746=DIRECTION('',(9.396926207859E-1,0.E0,-3.420201433257E-1));
#3747=DIRECTION('',(-3.420201433257E-1,0.E0,-9.396926207859E-1));
#3748=AXIS2_PLACEMENT_3D('',#3745,#3746,#3747);
#3749=PLANE('',#3748);
#3750=ORIENTED_EDGE('',*,*,#3740,.F.);
#3751=ORIENTED_EDGE('',*,*,#2473,.F.);
#3753=ORIENTED_EDGE('',*,*,#3752,.F.);
#3754=ORIENTED_EDGE('',*,*,#2886,.F.);
#3755=EDGE_LOOP('',(#3750,#3751,#3753,#3754));
#3756=FACE_OUTER_BOUND('',#3755,.F.);
#3758=CARTESIAN_POINT('',(1.537132289312E0,3.3E0,1.116791979356E0));
#3759=DIRECTION('',(0.E0,1.E0,0.E0));
#3760=DIRECTION('',(-5.877852522925E-1,0.E0,8.090169943749E-1));
#3761=AXIS2_PLACEMENT_3D('',#3758,#3759,#3760);
#3762=CYLINDRICAL_SURFACE('',#3761,1.E-1);
#3763=ORIENTED_EDGE('',*,*,#3752,.T.);
#3764=ORIENTED_EDGE('',*,*,#2471,.F.);
#3766=ORIENTED_EDGE('',*,*,#3765,.T.);
#3767=ORIENTED_EDGE('',*,*,#2888,.F.);
#3768=EDGE_LOOP('',(#3763,#3764,#3766,#3767));
#3769=FACE_OUTER_BOUND('',#3768,.F.);
#3771=CARTESIAN_POINT('',(1.266751211724E0,3.3E0,1.207411018500E0));
#3772=DIRECTION('',(-3.489949670250E-2,0.E0,9.993908270191E-1));
#3773=DIRECTION('',(9.993908270191E-1,0.E0,3.489949670250E-2));
#3774=AXIS2_PLACEMENT_3D('',#3771,#3772,#3773);
#3775=PLANE('',#3774);
#3777=ORIENTED_EDGE('',*,*,#3776,.F.);
#3778=ORIENTED_EDGE('',*,*,#2890,.F.);
#3779=ORIENTED_EDGE('',*,*,#3765,.F.);
#3780=ORIENTED_EDGE('',*,*,#2469,.F.);
#3781=EDGE_LOOP('',(#3777,#3778,#3779,#3780));
#3782=FACE_OUTER_BOUND('',#3781,.F.);
#3784=CARTESIAN_POINT('',(1.308891568110E0,-5.68404E0,1.307403098868E0));
#3785=DIRECTION('',(0.E0,1.E0,0.E0));
#3786=DIRECTION('',(-7.075089557354E-1,0.E0,-7.067043777664E-1));
#3787=AXIS2_PLACEMENT_3D('',#3784,#3785,#3786);
#3788=CYLINDRICAL_SURFACE('',#3787,1.E-1);
#3789=ORIENTED_EDGE('',*,*,#2894,.F.);
#3790=ORIENTED_EDGE('',*,*,#2892,.F.);
#3791=ORIENTED_EDGE('',*,*,#3776,.T.);
#3792=ORIENTED_EDGE('',*,*,#2467,.F.);
#3793=ORIENTED_EDGE('',*,*,#2465,.F.);
#3795=ORIENTED_EDGE('',*,*,#3794,.T.);
#3796=EDGE_LOOP('',(#3789,#3790,#3791,#3792,#3793,#3795));
#3797=FACE_OUTER_BOUND('',#3796,.F.);
#3799=CARTESIAN_POINT('',(1.216731062058E0,3.3E0,1.533642339642E0));
#3800=DIRECTION('',(9.993908270191E-1,0.E0,-3.489949670250E-2));
#3801=DIRECTION('',(-3.489949670250E-2,0.E0,-9.993908270191E-1));
#3802=AXIS2_PLACEMENT_3D('',#3799,#3800,#3801);
#3803=PLANE('',#3802);
#3804=ORIENTED_EDGE('',*,*,#3794,.F.);
#3805=ORIENTED_EDGE('',*,*,#2463,.F.);
#3807=ORIENTED_EDGE('',*,*,#3806,.F.);
#3808=ORIENTED_EDGE('',*,*,#2896,.F.);
#3809=EDGE_LOOP('',(#3804,#3805,#3807,#3808));
#3810=FACE_OUTER_BOUND('',#3809,.F.);
#3812=CARTESIAN_POINT('',(1.116791979356E0,3.3E0,1.537132289312E0));
#3813=DIRECTION('',(0.E0,1.E0,0.E0));
#3814=DIRECTION('',(-8.090169943749E-1,0.E0,5.877852522925E-1));
#3815=AXIS2_PLACEMENT_3D('',#3812,#3813,#3814);
#3816=CYLINDRICAL_SURFACE('',#3815,1.E-1);
#3817=ORIENTED_EDGE('',*,*,#3806,.T.);
#3818=ORIENTED_EDGE('',*,*,#2461,.F.);
#3820=ORIENTED_EDGE('',*,*,#3819,.T.);
#3821=ORIENTED_EDGE('',*,*,#2898,.F.);
#3822=EDGE_LOOP('',(#3817,#3818,#3820,#3821));
#3823=FACE_OUTER_BOUND('',#3822,.F.);
#3825=CARTESIAN_POINT('',(8.316414705228E-1,3.3E0,1.539763769059E0));
#3826=DIRECTION('',(-3.420201433257E-1,0.E0,9.396926207859E-1));
#3827=DIRECTION('',(9.396926207859E-1,0.E0,3.420201433257E-1));
#3828=AXIS2_PLACEMENT_3D('',#3825,#3826,#3827);
#3829=PLANE('',#3828);
#3831=ORIENTED_EDGE('',*,*,#3830,.F.);
#3832=ORIENTED_EDGE('',*,*,#2900,.F.);
#3833=ORIENTED_EDGE('',*,*,#3819,.F.);
#3834=ORIENTED_EDGE('',*,*,#2459,.F.);
#3835=EDGE_LOOP('',(#3831,#3832,#3833,#3834));
#3836=FACE_OUTER_BOUND('',#3835,.F.);
#3838=CARTESIAN_POINT('',(8.408200789266E-1,-5.68404E0,1.647883974943E0));
#3839=DIRECTION('',(0.E0,1.E0,0.E0));
#3840=DIRECTION('',(-4.544973399603E-1,0.E0,-8.907480945638E-1));
#3841=AXIS2_PLACEMENT_3D('',#3838,#3839,#3840);
#3842=CYLINDRICAL_SURFACE('',#3841,1.E-1);
#3843=ORIENTED_EDGE('',*,*,#2904,.F.);
#3844=ORIENTED_EDGE('',*,*,#2902,.F.);
#3845=ORIENTED_EDGE('',*,*,#3830,.T.);
#3846=ORIENTED_EDGE('',*,*,#2457,.F.);
#3847=ORIENTED_EDGE('',*,*,#2455,.F.);
#3849=ORIENTED_EDGE('',*,*,#3848,.T.);
#3850=EDGE_LOOP('',(#3843,#3844,#3845,#3846,#3847,#3849));
#3851=FACE_OUTER_BOUND('',#3850,.F.);
#3853=CARTESIAN_POINT('',(6.832584589062E-1,3.3E0,1.834571116543E0));
#3854=DIRECTION('',(9.612616959383E-1,0.E0,2.756373558170E-1));
#3855=DIRECTION('',(2.756373558170E-1,0.E0,-9.612616959383E-1));
#3856=AXIS2_PLACEMENT_3D('',#3853,#3854,#3855);
#3857=PLANE('',#3856);
#3858=ORIENTED_EDGE('',*,*,#3848,.F.);
#3859=ORIENTED_EDGE('',*,*,#2453,.F.);
#3861=ORIENTED_EDGE('',*,*,#3860,.F.);
#3862=ORIENTED_EDGE('',*,*,#2906,.F.);
#3863=EDGE_LOOP('',(#3858,#3859,#3861,#3862));
#3864=FACE_OUTER_BOUND('',#3863,.F.);
#3866=CARTESIAN_POINT('',(5.871322893124E-1,3.3E0,1.807007380961E0));
#3867=DIRECTION('',(0.E0,1.E0,0.E0));
#3868=DIRECTION('',(-9.510565162952E-1,0.E0,3.090169943749E-1));
#3869=AXIS2_PLACEMENT_3D('',#3866,#3867,#3868);
#3870=CYLINDRICAL_SURFACE('',#3869,1.E-1);
#3871=ORIENTED_EDGE('',*,*,#3860,.T.);
#3872=ORIENTED_EDGE('',*,*,#2451,.F.);
#3874=ORIENTED_EDGE('',*,*,#3873,.T.);
#3875=ORIENTED_EDGE('',*,*,#2908,.F.);
#3876=EDGE_LOOP('',(#3871,#3872,#3874,#3875));
#3877=FACE_OUTER_BOUND('',#3876,.F.);
#3879=CARTESIAN_POINT('',(3.151248678E-1,3.3E0,1.721393713737E0));
#3880=DIRECTION('',(-6.156614753257E-1,0.E0,7.880107536067E-1));
#3881=DIRECTION('',(7.880107536067E-1,0.E0,6.156614753257E-1));
#3882=AXIS2_PLACEMENT_3D('',#3879,#3880,#3881);
#3883=PLANE('',#3882);
#3885=ORIENTED_EDGE('',*,*,#3884,.F.);
#3886=ORIENTED_EDGE('',*,*,#2910,.F.);
#3887=ORIENTED_EDGE('',*,*,#3873,.F.);
#3888=ORIENTED_EDGE('',*,*,#2449,.F.);
#3889=EDGE_LOOP('',(#3885,#3886,#3887,#3888));
#3890=FACE_OUTER_BOUND('',#3889,.F.);
#3892=CARTESIAN_POINT('',(2.904432620794E-1,-5.68404E0,1.827058486068E0));
#3893=DIRECTION('',(0.E0,1.E0,0.E0));
#3894=DIRECTION('',(-1.569963578807E-1,0.E0,-9.875991816583E-1));
#3895=AXIS2_PLACEMENT_3D('',#3892,#3893,#3894);
#3896=CYLINDRICAL_SURFACE('',#3895,1.E-1);
#3897=ORIENTED_EDGE('',*,*,#2914,.F.);
#3898=ORIENTED_EDGE('',*,*,#2912,.F.);
#3899=ORIENTED_EDGE('',*,*,#3884,.T.);
#3900=ORIENTED_EDGE('',*,*,#2447,.F.);
#3901=ORIENTED_EDGE('',*,*,#2445,.F.);
#3903=ORIENTED_EDGE('',*,*,#3902,.T.);
#3904=EDGE_LOOP('',(#3897,#3898,#3899,#3900,#3901,#3903));
#3905=FACE_OUTER_BOUND('',#3904,.F.);
#3907=CARTESIAN_POINT('',(8.290375725550E-2,3.3E0,1.955919290347E0));
#3908=DIRECTION('',(8.290375725551E-1,0.E0,5.591929034707E-1));
#3909=DIRECTION('',(5.591929034707E-1,0.E0,-8.290375725551E-1));
#3910=AXIS2_PLACEMENT_3D('',#3907,#3908,#3909);
#3911=PLANE('',#3910);
#3912=ORIENTED_EDGE('',*,*,#3902,.F.);
#3913=ORIENTED_EDGE('',*,*,#2443,.F.);
#3915=ORIENTED_EDGE('',*,*,#3914,.F.);
#3916=ORIENTED_EDGE('',*,*,#2916,.F.);
#3917=EDGE_LOOP('',(#3912,#3913,#3915,#3916));
#3918=FACE_OUTER_BOUND('',#3917,.F.);
#3920=CARTESIAN_POINT('',(0.E0,3.3E0,1.9E0));
#3921=DIRECTION('',(0.E0,1.E0,0.E0));
#3922=DIRECTION('',(-1.E0,0.E0,0.E0));
#3923=AXIS2_PLACEMENT_3D('',#3920,#3921,#3922);
#3924=CYLINDRICAL_SURFACE('',#3923,1.E-1);
#3925=ORIENTED_EDGE('',*,*,#2441,.F.);
#3927=ORIENTED_EDGE('',*,*,#3926,.T.);
#3928=ORIENTED_EDGE('',*,*,#2918,.F.);
#3929=ORIENTED_EDGE('',*,*,#3914,.T.);
#3930=EDGE_LOOP('',(#3925,#3927,#3928,#3929));
#3931=FACE_OUTER_BOUND('',#3930,.F.);
#3933=CARTESIAN_POINT('',(-2.322383525872E-1,3.3E0,1.734521648060E0));
#3934=DIRECTION('',(-8.290375725551E-1,0.E0,5.591929034707E-1));
#3935=DIRECTION('',(5.591929034707E-1,0.E0,8.290375725551E-1));
#3936=AXIS2_PLACEMENT_3D('',#3933,#3934,#3935);
#3937=PLANE('',#3936);
#3938=ORIENTED_EDGE('',*,*,#2664,.F.);
#3939=ORIENTED_EDGE('',*,*,#2920,.F.);
#3940=ORIENTED_EDGE('',*,*,#3926,.F.);
#3941=ORIENTED_EDGE('',*,*,#2439,.F.);
#3942=EDGE_LOOP('',(#3938,#3939,#3940,#3941));
#3943=FACE_OUTER_BOUND('',#3942,.F.);
#3945=CARTESIAN_POINT('',(0.E0,3.E-1,0.E0));
#3946=DIRECTION('',(0.E0,-1.E0,0.E0));
#3947=DIRECTION('',(0.E0,0.E0,1.E0));
#3948=AXIS2_PLACEMENT_3D('',#3945,#3946,#3947);
#3949=CYLINDRICAL_SURFACE('',#3948,1.E0);
#3950=ORIENTED_EDGE('',*,*,#2928,.F.);
#3952=ORIENTED_EDGE('',*,*,#3951,.T.);
#3954=ORIENTED_EDGE('',*,*,#3953,.F.);
#3956=ORIENTED_EDGE('',*,*,#3955,.F.);
#3957=EDGE_LOOP('',(#3950,#3952,#3954,#3956));
#3958=FACE_OUTER_BOUND('',#3957,.F.);
#3960=CARTESIAN_POINT('',(0.E0,3.E-1,0.E0));
#3961=DIRECTION('',(0.E0,-1.E0,0.E0));
#3962=DIRECTION('',(0.E0,0.E0,1.E0));
#3963=AXIS2_PLACEMENT_3D('',#3960,#3961,#3962);
#3964=CYLINDRICAL_SURFACE('',#3963,1.E0);
#3965=ORIENTED_EDGE('',*,*,#2930,.F.);
#3966=ORIENTED_EDGE('',*,*,#3955,.T.);
#3968=ORIENTED_EDGE('',*,*,#3967,.F.);
#3969=ORIENTED_EDGE('',*,*,#3951,.F.);
#3970=EDGE_LOOP('',(#3965,#3966,#3968,#3969));
#3971=FACE_OUTER_BOUND('',#3970,.F.);
#3973=CARTESIAN_POINT('',(0.E0,3.E-1,0.E0));
#3974=DIRECTION('',(0.E0,-1.E0,0.E0));
#3975=DIRECTION('',(0.E0,0.E0,1.E0));
#3976=AXIS2_PLACEMENT_3D('',#3973,#3974,#3975);
#3977=PLANE('',#3976);
#3979=ORIENTED_EDGE('',*,*,#3978,.T.);
#3981=ORIENTED_EDGE('',*,*,#3980,.T.);
#3982=EDGE_LOOP('',(#3979,#3981));
#3983=FACE_OUTER_BOUND('',#3982,.F.);
#3984=ORIENTED_EDGE('',*,*,#3953,.T.);
#3985=ORIENTED_EDGE('',*,*,#3967,.T.);
#3986=EDGE_LOOP('',(#3984,#3985));
#3987=FACE_BOUND('',#3986,.F.);
#3989=CARTESIAN_POINT('',(0.E0,0.E0,0.E0));
#3990=DIRECTION('',(0.E0,-1.E0,0.E0));
#3991=DIRECTION('',(0.E0,0.E0,1.E0));
#3992=AXIS2_PLACEMENT_3D('',#3989,#3990,#3991);
#3993=CYLINDRICAL_SURFACE('',#3992,2.1E0);
#3995=ORIENTED_EDGE('',*,*,#3994,.F.);
#3997=ORIENTED_EDGE('',*,*,#3996,.F.);
#3999=ORIENTED_EDGE('',*,*,#3998,.T.);
#4000=ORIENTED_EDGE('',*,*,#3978,.F.);
#4002=ORIENTED_EDGE('',*,*,#4001,.T.);
#4003=EDGE_LOOP('',(#3995,#3997,#3999,#4000,#4002));
#4004=FACE_OUTER_BOUND('',#4003,.F.);
#4006=CARTESIAN_POINT('',(0.E0,-3.E-1,0.E0));
#4007=DIRECTION('',(0.E0,-1.E0,0.E0));
#4008=DIRECTION('',(2.414730662046E-2,0.E0,-9.997084112795E-1));
#4009=AXIS2_PLACEMENT_3D('',#4006,#4007,#4008);
#4010=TOROIDAL_SURFACE('',#4009,2.4E0,3.E-1);
#4012=ORIENTED_EDGE('',*,*,#4011,.F.);
#4014=ORIENTED_EDGE('',*,*,#4013,.F.);
#4016=ORIENTED_EDGE('',*,*,#4015,.F.);
#4017=ORIENTED_EDGE('',*,*,#3996,.T.);
#4018=ORIENTED_EDGE('',*,*,#3994,.T.);
#4020=ORIENTED_EDGE('',*,*,#4019,.T.);
#4021=EDGE_LOOP('',(#4012,#4014,#4016,#4017,#4018,#4020));
#4022=FACE_OUTER_BOUND('',#4021,.F.);
#4024=CARTESIAN_POINT('',(0.E0,-6.E-1,0.E0));
#4025=DIRECTION('',(0.E0,-1.E0,0.E0));
#4026=DIRECTION('',(0.E0,0.E0,1.E0));
#4027=AXIS2_PLACEMENT_3D('',#4024,#4025,#4026);
#4028=PLANE('',#4027);
#4030=ORIENTED_EDGE('',*,*,#4029,.T.);
#4032=ORIENTED_EDGE('',*,*,#4031,.T.);
#4034=ORIENTED_EDGE('',*,*,#4033,.T.);
#4036=ORIENTED_EDGE('',*,*,#4035,.T.);
#4037=EDGE_LOOP('',(#4030,#4032,#4034,#4036));
#4038=FACE_OUTER_BOUND('',#4037,.F.);
#4040=ORIENTED_EDGE('',*,*,#4039,.T.);
#4042=ORIENTED_EDGE('',*,*,#4041,.T.);
#4043=ORIENTED_EDGE('',*,*,#4013,.T.);
#4044=ORIENTED_EDGE('',*,*,#4011,.T.);
#4045=EDGE_LOOP('',(#4040,#4042,#4043,#4044));
#4046=FACE_BOUND('',#4045,.F.);
#4048=CARTESIAN_POINT('',(0.E0,-4.1E-1,0.E0));
#4049=DIRECTION('',(0.E0,1.E0,0.E0));
#4050=DIRECTION('',(9.924590514016E-1,0.E0,-1.225766343597E-1));
#4051=AXIS2_PLACEMENT_3D('',#4048,#4049,#4050);
#4052=TOROIDAL_SURFACE('',#4051,2.77E0,1.9E-1);
#4053=ORIENTED_EDGE('',*,*,#4031,.F.);
#4054=ORIENTED_EDGE('',*,*,#4029,.F.);
#4056=ORIENTED_EDGE('',*,*,#4055,.F.);
#4057=ORIENTED_EDGE('',*,*,#2373,.T.);
#4058=ORIENTED_EDGE('',*,*,#2371,.T.);
#4059=ORIENTED_EDGE('',*,*,#2369,.T.);
#4061=ORIENTED_EDGE('',*,*,#4060,.T.);
#4062=EDGE_LOOP('',(#4053,#4054,#4056,#4057,#4058,#4059,#4061));
#4063=FACE_OUTER_BOUND('',#4062,.F.);
#4065=CARTESIAN_POINT('',(0.E0,-4.1E-1,0.E0));
#4066=DIRECTION('',(0.E0,1.E0,0.E0));
#4067=DIRECTION('',(-9.998532303121E-1,0.E0,1.713236219769E-2));
#4068=AXIS2_PLACEMENT_3D('',#4065,#4066,#4067);
#4069=TOROIDAL_SURFACE('',#4068,2.77E0,1.9E-1);
#4070=ORIENTED_EDGE('',*,*,#4035,.F.);
#4071=ORIENTED_EDGE('',*,*,#4033,.F.);
#4072=ORIENTED_EDGE('',*,*,#4060,.F.);
#4074=ORIENTED_EDGE('',*,*,#4073,.T.);
#4076=ORIENTED_EDGE('',*,*,#4075,.T.);
#4078=ORIENTED_EDGE('',*,*,#4077,.T.);
#4079=ORIENTED_EDGE('',*,*,#4055,.T.);
#4080=EDGE_LOOP('',(#4070,#4071,#4072,#4074,#4076,#4078,#4079));
#4081=FACE_OUTER_BOUND('',#4080,.F.);
#4083=CARTESIAN_POINT('',(0.E0,1.5E0,0.E0));
#4084=DIRECTION('',(0.E0,1.E0,0.E0));
#4085=DIRECTION('',(1.E0,0.E0,0.E0));
#4086=AXIS2_PLACEMENT_3D('',#4083,#4084,#4085);
#4087=CYLINDRICAL_SURFACE('',#4086,2.96E0);
#4088=ORIENTED_EDGE('',*,*,#2367,.T.);
#4089=ORIENTED_EDGE('',*,*,#2365,.T.);
#4090=ORIENTED_EDGE('',*,*,#2363,.T.);
#4091=ORIENTED_EDGE('',*,*,#2318,.F.);
#4092=ORIENTED_EDGE('',*,*,#2375,.F.);
#4093=ORIENTED_EDGE('',*,*,#4077,.F.);
#4094=ORIENTED_EDGE('',*,*,#4075,.F.);
#4095=ORIENTED_EDGE('',*,*,#4073,.F.);
#4096=EDGE_LOOP('',(#4088,#4089,#4090,#4091,#4092,#4093,#4094,#4095));
#4097=FACE_OUTER_BOUND('',#4096,.F.);
#4099=CARTESIAN_POINT('',(0.E0,-3.E-1,0.E0));
#4100=DIRECTION('',(0.E0,-1.E0,0.E0));
#4101=DIRECTION('',(-2.414730662046E-2,0.E0,9.997084112795E-1));
#4102=AXIS2_PLACEMENT_3D('',#4099,#4100,#4101);
#4103=TOROIDAL_SURFACE('',#4102,2.4E0,3.E-1);
#4104=ORIENTED_EDGE('',*,*,#4041,.F.);
#4105=ORIENTED_EDGE('',*,*,#4039,.F.);
#4106=ORIENTED_EDGE('',*,*,#4019,.F.);
#4108=ORIENTED_EDGE('',*,*,#4107,.T.);
#4110=ORIENTED_EDGE('',*,*,#4109,.T.);
#4111=ORIENTED_EDGE('',*,*,#4015,.T.);
#4112=EDGE_LOOP('',(#4104,#4105,#4106,#4108,#4110,#4111));
#4113=FACE_OUTER_BOUND('',#4112,.F.);
#4115=CARTESIAN_POINT('',(0.E0,0.E0,0.E0));
#4116=DIRECTION('',(0.E0,-1.E0,0.E0));
#4117=DIRECTION('',(0.E0,0.E0,1.E0));
#4118=AXIS2_PLACEMENT_3D('',#4115,#4116,#4117);
#4119=CYLINDRICAL_SURFACE('',#4118,2.1E0);
#4120=ORIENTED_EDGE('',*,*,#4109,.F.);
#4121=ORIENTED_EDGE('',*,*,#4107,.F.);
#4122=ORIENTED_EDGE('',*,*,#4001,.F.);
#4123=ORIENTED_EDGE('',*,*,#3980,.F.);
#4124=ORIENTED_EDGE('',*,*,#3998,.F.);
#4125=EDGE_LOOP('',(#4120,#4121,#4122,#4123,#4124));
#4126=FACE_OUTER_BOUND('',#4125,.F.);
#4128=CARTESIAN_POINT('',(0.E0,1.5E0,0.E0));
#4129=DIRECTION('',(0.E0,1.E0,0.E0));
#4130=DIRECTION('',(1.E0,0.E0,0.E0));
#4131=AXIS2_PLACEMENT_3D('',#4128,#4129,#4130);
#4132=PLANE('',#4131);
#4133=ORIENTED_EDGE('',*,*,#2398,.T.);
#4135=ORIENTED_EDGE('',*,*,#4134,.T.);
#4137=ORIENTED_EDGE('',*,*,#4136,.T.);
#4139=ORIENTED_EDGE('',*,*,#4138,.T.);
#4140=EDGE_LOOP('',(#4133,#4135,#4137,#4139));
#4141=FACE_OUTER_BOUND('',#4140,.F.);
#4142=ORIENTED_EDGE('',*,*,#2304,.T.);
#4144=ORIENTED_EDGE('',*,*,#4143,.T.);
#4145=EDGE_LOOP('',(#4142,#4144));
#4146=FACE_BOUND('',#4145,.F.);
#4148=ORIENTED_EDGE('',*,*,#4147,.T.);
#4150=ORIENTED_EDGE('',*,*,#4149,.T.);
#4151=EDGE_LOOP('',(#4148,#4150));
#4152=FACE_BOUND('',#4151,.F.);
#4154=ORIENTED_EDGE('',*,*,#4153,.T.);
#4156=ORIENTED_EDGE('',*,*,#4155,.T.);
#4157=EDGE_LOOP('',(#4154,#4156));
#4158=FACE_BOUND('',#4157,.F.);
#4160=ORIENTED_EDGE('',*,*,#4159,.T.);
#4162=ORIENTED_EDGE('',*,*,#4161,.T.);
#4163=EDGE_LOOP('',(#4160,#4162));
#4164=FACE_BOUND('',#4163,.F.);
#4166=CARTESIAN_POINT('',(-2.297810909638E0,0.E0,-1.510032459094E1));
#4167=DIRECTION('',(-9.990482215819E-1,0.E0,-4.361938736533E-2));
#4168=DIRECTION('',(-4.361938736533E-2,0.E0,9.990482215819E-1));
#4169=AXIS2_PLACEMENT_3D('',#4166,#4167,#4168);
#4170=PLANE('',#4169);
#4171=ORIENTED_EDGE('',*,*,#2324,.F.);
#4173=ORIENTED_EDGE('',*,*,#4172,.F.);
#4174=ORIENTED_EDGE('',*,*,#4134,.F.);
#4175=ORIENTED_EDGE('',*,*,#2378,.F.);
#4176=EDGE_LOOP('',(#4171,#4173,#4174,#4175));
#4177=FACE_OUTER_BOUND('',#4176,.F.);
#4179=CARTESIAN_POINT('',(0.E0,0.E0,-1.5E1));
#4180=DIRECTION('',(0.E0,1.E0,0.E0));
#4181=DIRECTION('',(1.E0,0.E0,0.E0));
#4182=AXIS2_PLACEMENT_3D('',#4179,#4180,#4181);
#4183=CYLINDRICAL_SURFACE('',#4182,2.3E0);
#4184=ORIENTED_EDGE('',*,*,#2322,.F.);
#4186=ORIENTED_EDGE('',*,*,#4185,.T.);
#4187=ORIENTED_EDGE('',*,*,#4136,.F.);
#4188=ORIENTED_EDGE('',*,*,#4172,.T.);
#4189=EDGE_LOOP('',(#4184,#4186,#4187,#4188));
#4190=FACE_OUTER_BOUND('',#4189,.F.);
#4192=CARTESIAN_POINT('',(2.943463710748E0,0.E0,-3.124442086355E-1));
#4193=DIRECTION('',(9.990482215819E-1,0.E0,-4.361938736533E-2));
#4194=DIRECTION('',(-4.361938736533E-2,0.E0,-9.990482215819E-1));
#4195=AXIS2_PLACEMENT_3D('',#4192,#4193,#4194);
#4196=PLANE('',#4195);
#4197=ORIENTED_EDGE('',*,*,#2320,.F.);
#4198=ORIENTED_EDGE('',*,*,#2361,.F.);
#4199=ORIENTED_EDGE('',*,*,#4138,.F.);
#4200=ORIENTED_EDGE('',*,*,#4185,.F.);
#4201=EDGE_LOOP('',(#4197,#4198,#4199,#4200));
#4202=FACE_OUTER_BOUND('',#4201,.F.);
#4204=CARTESIAN_POINT('',(0.E0,0.E0,-1.5E1));
#4205=DIRECTION('',(0.E0,1.E0,0.E0));
#4206=DIRECTION('',(1.E0,0.E0,0.E0));
#4207=AXIS2_PLACEMENT_3D('',#4204,#4205,#4206);
#4208=CYLINDRICAL_SURFACE('',#4207,5.E-1);
#4209=ORIENTED_EDGE('',*,*,#2329,.F.);
#4210=ORIENTED_EDGE('',*,*,#2306,.F.);
#4211=ORIENTED_EDGE('',*,*,#4143,.F.);
#4212=ORIENTED_EDGE('',*,*,#2302,.T.);
#4213=EDGE_LOOP('',(#4209,#4210,#4211,#4212));
#4214=FACE_OUTER_BOUND('',#4213,.F.);
#4216=CARTESIAN_POINT('',(0.E0,0.E0,-7.E0));
#4217=DIRECTION('',(0.E0,1.E0,0.E0));
#4218=DIRECTION('',(1.E0,0.E0,0.E0));
#4219=AXIS2_PLACEMENT_3D('',#4216,#4217,#4218);
#4220=CYLINDRICAL_SURFACE('',#4219,5.E-1);
#4221=ORIENTED_EDGE('',*,*,#2333,.F.);
#4223=ORIENTED_EDGE('',*,*,#4222,.F.);
#4224=ORIENTED_EDGE('',*,*,#4147,.F.);
#4226=ORIENTED_EDGE('',*,*,#4225,.T.);
#4227=EDGE_LOOP('',(#4221,#4223,#4224,#4226));
#4228=FACE_OUTER_BOUND('',#4227,.F.);
#4230=CARTESIAN_POINT('',(0.E0,0.E0,-7.E0));
#4231=DIRECTION('',(0.E0,1.E0,0.E0));
#4232=DIRECTION('',(1.E0,0.E0,0.E0));
#4233=AXIS2_PLACEMENT_3D('',#4230,#4231,#4232);
#4234=CYLINDRICAL_SURFACE('',#4233,5.E-1);
#4235=ORIENTED_EDGE('',*,*,#2335,.F.);
#4236=ORIENTED_EDGE('',*,*,#4225,.F.);
#4237=ORIENTED_EDGE('',*,*,#4149,.F.);
#4238=ORIENTED_EDGE('',*,*,#4222,.T.);
#4239=EDGE_LOOP('',(#4235,#4236,#4237,#4238));
#4240=FACE_OUTER_BOUND('',#4239,.F.);
#4242=CARTESIAN_POINT('',(0.E0,0.E0,-1.E1));
#4243=DIRECTION('',(0.E0,1.E0,0.E0));
#4244=DIRECTION('',(1.E0,0.E0,0.E0));
#4245=AXIS2_PLACEMENT_3D('',#4242,#4243,#4244);
#4246=CYLINDRICAL_SURFACE('',#4245,5.E-1);
#4247=ORIENTED_EDGE('',*,*,#2339,.F.);
#4249=ORIENTED_EDGE('',*,*,#4248,.F.);
#4250=ORIENTED_EDGE('',*,*,#4153,.F.);
#4252=ORIENTED_EDGE('',*,*,#4251,.T.);
#4253=EDGE_LOOP('',(#4247,#4249,#4250,#4252));
#4254=FACE_OUTER_BOUND('',#4253,.F.);
#4256=CARTESIAN_POINT('',(0.E0,0.E0,-1.E1));
#4257=DIRECTION('',(0.E0,1.E0,0.E0));
#4258=DIRECTION('',(1.E0,0.E0,0.E0));
#4259=AXIS2_PLACEMENT_3D('',#4256,#4257,#4258);
#4260=CYLINDRICAL_SURFACE('',#4259,5.E-1);
#4261=ORIENTED_EDGE('',*,*,#2341,.F.);
#4262=ORIENTED_EDGE('',*,*,#4251,.F.);
#4263=ORIENTED_EDGE('',*,*,#4155,.F.);
#4264=ORIENTED_EDGE('',*,*,#4248,.T.);
#4265=EDGE_LOOP('',(#4261,#4262,#4263,#4264));
#4266=FACE_OUTER_BOUND('',#4265,.F.);
#4268=CARTESIAN_POINT('',(0.E0,0.E0,-1.25E1));
#4269=DIRECTION('',(0.E0,1.E0,0.E0));
#4270=DIRECTION('',(1.E0,0.E0,0.E0));
#4271=AXIS2_PLACEMENT_3D('',#4268,#4269,#4270);
#4272=CYLINDRICAL_SURFACE('',#4271,5.E-1);
#4273=ORIENTED_EDGE('',*,*,#2345,.F.);
#4275=ORIENTED_EDGE('',*,*,#4274,.F.);
#4276=ORIENTED_EDGE('',*,*,#4159,.F.);
#4278=ORIENTED_EDGE('',*,*,#4277,.T.);
#4279=EDGE_LOOP('',(#4273,#4275,#4276,#4278));
#4280=FACE_OUTER_BOUND('',#4279,.F.);
#4282=CARTESIAN_POINT('',(0.E0,0.E0,-1.25E1));
#4283=DIRECTION('',(0.E0,1.E0,0.E0));
#4284=DIRECTION('',(1.E0,0.E0,0.E0));
#4285=AXIS2_PLACEMENT_3D('',#4282,#4283,#4284);
#4286=CYLINDRICAL_SURFACE('',#4285,5.E-1);
#4287=ORIENTED_EDGE('',*,*,#2347,.F.);
#4288=ORIENTED_EDGE('',*,*,#4277,.F.);
#4289=ORIENTED_EDGE('',*,*,#4161,.F.);
#4290=ORIENTED_EDGE('',*,*,#4274,.T.);
#4291=EDGE_LOOP('',(#4287,#4288,#4289,#4290));
#4292=FACE_OUTER_BOUND('',#4291,.F.);
#4294=CLOSED_SHELL('',(#2310,#2351,#2388,#2404,#2421,#2637,#2650,#2668,#2682,
#2696,#2710,#2727,#2934,#2947,#2960,#2973,#2988,#3001,#3014,#3027,#3042,#3055,
#3068,#3081,#3096,#3109,#3122,#3135,#3150,#3163,#3176,#3189,#3204,#3217,#3230,
#3243,#3258,#3271,#3284,#3297,#3312,#3325,#3338,#3351,#3366,#3379,#3392,#3405,
#3420,#3433,#3446,#3459,#3474,#3487,#3500,#3513,#3528,#3541,#3554,#3567,#3582,
#3595,#3608,#3621,#3636,#3649,#3662,#3675,#3690,#3703,#3716,#3729,#3744,#3757,
#3770,#3783,#3798,#3811,#3824,#3837,#3852,#3865,#3878,#3891,#3906,#3919,#3932,
#3944,#3959,#3972,#3988,#4005,#4023,#4047,#4064,#4082,#4098,#4114,#4127,#4165,
#4178,#4191,#4203,#4215,#4229,#4241,#4255,#4267,#4281,#4293));
#4295=MANIFOLD_SOLID_BREP('',#4294);
#4296=(LENGTH_UNIT()NAMED_UNIT(*)SI_UNIT(.MILLI.,.METRE.));
#4297=DIMENSIONAL_EXPONENTS(0.E0,0.E0,0.E0,0.E0,0.E0,0.E0,0.E0);
#4298=(NAMED_UNIT(*)PLANE_ANGLE_UNIT()SI_UNIT($,.RADIAN.));
#4299=PLANE_ANGLE_MEASURE_WITH_UNIT(PLANE_ANGLE_MEASURE(1.745329251994E-2),
#4298);
#4300=(CONVERSION_BASED_UNIT('DEGREE',#4299)NAMED_UNIT(#4297)PLANE_ANGLE_UNIT(
));
#4301=(NAMED_UNIT(*)SI_UNIT($,.STERADIAN.)SOLID_ANGLE_UNIT());
#4302=UNCERTAINTY_MEASURE_WITH_UNIT(LENGTH_MEASURE(2.146615385295E-3),#4296,
'distance_accuracy_value',
'Maximum model space distance between geometric entities at asserted connectivities');
#4305=APPLICATION_CONTEXT('automotive_design');
#4306=APPLICATION_PROTOCOL_DEFINITION('draft international standard',
'automotive_design',1998,#4305);
#4307=PRODUCT_DEFINITION_CONTEXT('part definition',#4305,'design');
#4308=PRODUCT_CONTEXT('',#4305,'mechanical');
#4309=PRODUCT('SJ-BB00-0023-HAFTARM-0716_10','SJ-BB00-0023-HAFTARM-0716_10',
'NOT SPECIFIED',(#4308));
#4310=PRODUCT_DEFINITION_FORMATION_WITH_SPECIFIED_SOURCE('1','LAST_VERSION',
#4309,.MADE.);
#4314=PRODUCT_TYPE('part','',(#4309));
#1=DRAUGHTING_PRE_DEFINED_COLOUR('green');
#2=COLOUR_RGB('',1.1E-2,1.2E-2,1.E0);
#3=COLOUR_RGB('',1.1E-1,1.1E-1,1.1E-1);
#4=COLOUR_RGB('',3.92E-1,1.2E-2,1.2E-2);
#5=COLOUR_RGB('',4.1E-1,0.E0,2.2E-1);
#6=COLOUR_RGB('',8.784E-1,9.49E-1,1.E0);
#7=COLOUR_RGB('',9.6E-1,9.6E-1,9.6E-1);
#8=COLOUR_RGB('',9.8E-1,6.27E-1,0.E0);
#9=DRAUGHTING_PRE_DEFINED_COLOUR('red');
#10=COLOUR_RGB('',1.E0,0.E0,2.E-1);
#11=DRAUGHTING_PRE_DEFINED_COLOUR('yellow');
#12=COLOUR_RGB('',1.E0,1.E0,9.49E-1);
#13=DRAUGHTING_PRE_DEFINED_COLOUR('white');
#22=CIRCLE('',#21,2.96E0);
#27=CIRCLE('',#26,2.96E0);
#36=CIRCLE('',#35,2.3E0);
#45=CIRCLE('',#44,5.E-1);
#50=CIRCLE('',#49,5.E-1);
#55=CIRCLE('',#54,5.E-1);
#60=CIRCLE('',#59,5.E-1);
#65=CIRCLE('',#64,5.E-1);
#70=CIRCLE('',#69,5.E-1);
#75=CIRCLE('',#74,5.E-1);
#80=CIRCLE('',#79,5.E-1);
#105=CIRCLE('',#104,2.96E0);
#110=CIRCLE('',#109,2.96E0);
#115=CIRCLE('',#114,2.96E0);
#120=CIRCLE('',#119,3.E-1);
#125=CIRCLE('',#124,2.66E0);
#130=CIRCLE('',#129,2.66E0);
#135=CIRCLE('',#134,2.66E0);
#140=CIRCLE('',#139,2.66E0);
#145=CIRCLE('',#144,1.E-1);
#150=CIRCLE('',#149,1.E-1);
#163=B_SPLINE_CURVE_WITH_KNOTS('',3,(#155,#156,#157,#158,#159,#160,#161,#162),
.UNSPECIFIED.,.F.,.F.,(4,1,1,1,1,4),(0.E0,2.E-1,4.E-1,6.E-1,8.E-1,1.E0),
.UNSPECIFIED.);
#172=CIRCLE('',#171,1.E-1);
#177=CIRCLE('',#176,1.E-1);
#182=B_SPLINE_CURVE_WITH_KNOTS('',3,(#178,#179,#180,#181),.UNSPECIFIED.,.F.,.F.,
(4,4),(0.E0,1.E0),.UNSPECIFIED.);
#191=B_SPLINE_CURVE_WITH_KNOTS('',3,(#183,#184,#185,#186,#187,#188,#189,#190),
.UNSPECIFIED.,.F.,.F.,(4,1,1,1,1,4),(0.E0,2.E-1,4.E-1,6.E-1,8.E-1,1.E0),
.UNSPECIFIED.);
#200=CIRCLE('',#199,1.E-1);
#205=CIRCLE('',#204,1.E-1);
#210=B_SPLINE_CURVE_WITH_KNOTS('',3,(#206,#207,#208,#209),.UNSPECIFIED.,.F.,.F.,
(4,4),(0.E0,1.E0),.UNSPECIFIED.);
#219=B_SPLINE_CURVE_WITH_KNOTS('',3,(#211,#212,#213,#214,#215,#216,#217,#218),
.UNSPECIFIED.,.F.,.F.,(4,1,1,1,1,4),(0.E0,2.E-1,4.E-1,6.E-1,8.E-1,1.E0),
.UNSPECIFIED.);
#228=CIRCLE('',#227,1.E-1);
#233=CIRCLE('',#232,1.E-1);
#238=B_SPLINE_CURVE_WITH_KNOTS('',3,(#234,#235,#236,#237),.UNSPECIFIED.,.F.,.F.,
(4,4),(0.E0,1.E0),.UNSPECIFIED.);
#247=B_SPLINE_CURVE_WITH_KNOTS('',3,(#239,#240,#241,#242,#243,#244,#245,#246),
.UNSPECIFIED.,.F.,.F.,(4,1,1,1,1,4),(0.E0,2.E-1,4.E-1,6.E-1,8.E-1,1.E0),
.UNSPECIFIED.);
#256=CIRCLE('',#255,1.E-1);
#261=CIRCLE('',#260,1.E-1);
#266=B_SPLINE_CURVE_WITH_KNOTS('',3,(#262,#263,#264,#265),.UNSPECIFIED.,.F.,.F.,
(4,4),(0.E0,1.E0),.UNSPECIFIED.);
#275=B_SPLINE_CURVE_WITH_KNOTS('',3,(#267,#268,#269,#270,#271,#272,#273,#274),
.UNSPECIFIED.,.F.,.F.,(4,1,1,1,1,4),(0.E0,2.E-1,4.E-1,6.E-1,8.E-1,1.E0),
.UNSPECIFIED.);
#284=CIRCLE('',#283,1.E-1);
#289=CIRCLE('',#288,1.E-1);
#294=B_SPLINE_CURVE_WITH_KNOTS('',3,(#290,#291,#292,#293),.UNSPECIFIED.,.F.,.F.,
(4,4),(0.E0,1.E0),.UNSPECIFIED.);
#303=B_SPLINE_CURVE_WITH_KNOTS('',3,(#295,#296,#297,#298,#299,#300,#301,#302),
.UNSPECIFIED.,.F.,.F.,(4,1,1,1,1,4),(0.E0,2.E-1,4.E-1,6.E-1,8.E-1,1.E0),
.UNSPECIFIED.);
#312=CIRCLE('',#311,1.E-1);
#317=CIRCLE('',#316,1.E-1);
#322=B_SPLINE_CURVE_WITH_KNOTS('',3,(#318,#319,#320,#321),.UNSPECIFIED.,.F.,.F.,
(4,4),(0.E0,1.E0),.UNSPECIFIED.);
#331=B_SPLINE_CURVE_WITH_KNOTS('',3,(#323,#324,#325,#326,#327,#328,#329,#330),
.UNSPECIFIED.,.F.,.F.,(4,1,1,1,1,4),(0.E0,2.E-1,4.E-1,6.E-1,8.E-1,1.E0),
.UNSPECIFIED.);
#340=CIRCLE('',#339,1.E-1);
#345=CIRCLE('',#344,1.E-1);
#350=B_SPLINE_CURVE_WITH_KNOTS('',3,(#346,#347,#348,#349),.UNSPECIFIED.,.F.,.F.,
(4,4),(0.E0,1.E0),.UNSPECIFIED.);
#359=B_SPLINE_CURVE_WITH_KNOTS('',3,(#351,#352,#353,#354,#355,#356,#357,#358),
.UNSPECIFIED.,.F.,.F.,(4,1,1,1,1,4),(0.E0,2.E-1,4.E-1,6.E-1,8.E-1,1.E0),
.UNSPECIFIED.);
#368=CIRCLE('',#367,1.E-1);
#373=CIRCLE('',#372,1.E-1);
#378=B_SPLINE_CURVE_WITH_KNOTS('',3,(#374,#375,#376,#377),.UNSPECIFIED.,.F.,.F.,
(4,4),(0.E0,1.E0),.UNSPECIFIED.);
#387=B_SPLINE_CURVE_WITH_KNOTS('',3,(#379,#380,#381,#382,#383,#384,#385,#386),
.UNSPECIFIED.,.F.,.F.,(4,1,1,1,1,4),(0.E0,2.E-1,4.E-1,6.E-1,8.E-1,1.E0),
.UNSPECIFIED.);
#396=CIRCLE('',#395,1.E-1);
#401=CIRCLE('',#400,1.E-1);
#406=B_SPLINE_CURVE_WITH_KNOTS('',3,(#402,#403,#404,#405),.UNSPECIFIED.,.F.,.F.,
(4,4),(0.E0,1.E0),.UNSPECIFIED.);
#415=B_SPLINE_CURVE_WITH_KNOTS('',3,(#407,#408,#409,#410,#411,#412,#413,#414),
.UNSPECIFIED.,.F.,.F.,(4,1,1,1,1,4),(0.E0,2.E-1,4.E-1,6.E-1,8.E-1,1.E0),
.UNSPECIFIED.);
#424=CIRCLE('',#423,1.E-1);
#429=CIRCLE('',#428,1.E-1);
#434=B_SPLINE_CURVE_WITH_KNOTS('',3,(#430,#431,#432,#433),.UNSPECIFIED.,.F.,.F.,
(4,4),(0.E0,1.E0),.UNSPECIFIED.);
#443=B_SPLINE_CURVE_WITH_KNOTS('',3,(#435,#436,#437,#438,#439,#440,#441,#442),
.UNSPECIFIED.,.F.,.F.,(4,1,1,1,1,4),(0.E0,2.E-1,4.E-1,6.E-1,8.E-1,1.E0),
.UNSPECIFIED.);
#452=CIRCLE('',#451,1.E-1);
#457=CIRCLE('',#456,1.E-1);
#462=B_SPLINE_CURVE_WITH_KNOTS('',3,(#458,#459,#460,#461),.UNSPECIFIED.,.F.,.F.,
(4,4),(0.E0,1.E0),.UNSPECIFIED.);
#471=B_SPLINE_CURVE_WITH_KNOTS('',3,(#463,#464,#465,#466,#467,#468,#469,#470),
.UNSPECIFIED.,.F.,.F.,(4,1,1,1,1,4),(0.E0,2.E-1,4.E-1,6.E-1,8.E-1,1.E0),
.UNSPECIFIED.);
#480=CIRCLE('',#479,1.E-1);
#485=CIRCLE('',#484,1.E-1);
#490=B_SPLINE_CURVE_WITH_KNOTS('',3,(#486,#487,#488,#489),.UNSPECIFIED.,.F.,.F.,
(4,4),(0.E0,1.E0),.UNSPECIFIED.);
#499=B_SPLINE_CURVE_WITH_KNOTS('',3,(#491,#492,#493,#494,#495,#496,#497,#498),
.UNSPECIFIED.,.F.,.F.,(4,1,1,1,1,4),(0.E0,2.E-1,4.E-1,6.E-1,8.E-1,1.E0),
.UNSPECIFIED.);
#508=CIRCLE('',#507,1.E-1);
#513=CIRCLE('',#512,1.E-1);
#518=B_SPLINE_CURVE_WITH_KNOTS('',3,(#514,#515,#516,#517),.UNSPECIFIED.,.F.,.F.,
(4,4),(0.E0,1.E0),.UNSPECIFIED.);
#527=B_SPLINE_CURVE_WITH_KNOTS('',3,(#519,#520,#521,#522,#523,#524,#525,#526),
.UNSPECIFIED.,.F.,.F.,(4,1,1,1,1,4),(0.E0,2.E-1,4.E-1,6.E-1,8.E-1,1.E0),
.UNSPECIFIED.);
#536=CIRCLE('',#535,1.E-1);
#541=CIRCLE('',#540,1.E-1);
#546=B_SPLINE_CURVE_WITH_KNOTS('',3,(#542,#543,#544,#545),.UNSPECIFIED.,.F.,.F.,
(4,4),(0.E0,1.E0),.UNSPECIFIED.);
#555=B_SPLINE_CURVE_WITH_KNOTS('',3,(#547,#548,#549,#550,#551,#552,#553,#554),
.UNSPECIFIED.,.F.,.F.,(4,1,1,1,1,4),(0.E0,2.E-1,4.E-1,6.E-1,8.E-1,1.E0),
.UNSPECIFIED.);
#564=CIRCLE('',#563,1.E-1);
#569=CIRCLE('',#568,1.E-1);
#574=B_SPLINE_CURVE_WITH_KNOTS('',3,(#570,#571,#572,#573),.UNSPECIFIED.,.F.,.F.,
(4,4),(0.E0,1.E0),.UNSPECIFIED.);
#583=B_SPLINE_CURVE_WITH_KNOTS('',3,(#575,#576,#577,#578,#579,#580,#581,#582),
.UNSPECIFIED.,.F.,.F.,(4,1,1,1,1,4),(0.E0,2.E-1,4.E-1,6.E-1,8.E-1,1.E0),
.UNSPECIFIED.);
#592=CIRCLE('',#591,1.E-1);
#597=CIRCLE('',#596,1.E-1);
#602=B_SPLINE_CURVE_WITH_KNOTS('',3,(#598,#599,#600,#601),.UNSPECIFIED.,.F.,.F.,
(4,4),(0.E0,1.E0),.UNSPECIFIED.);
#611=B_SPLINE_CURVE_WITH_KNOTS('',3,(#603,#604,#605,#606,#607,#608,#609,#610),
.UNSPECIFIED.,.F.,.F.,(4,1,1,1,1,4),(0.E0,2.E-1,4.E-1,6.E-1,8.E-1,1.E0),
.UNSPECIFIED.);
#620=CIRCLE('',#619,1.E-1);
#625=CIRCLE('',#624,1.E-1);
#630=B_SPLINE_CURVE_WITH_KNOTS('',3,(#626,#627,#628,#629),.UNSPECIFIED.,.F.,.F.,
(4,4),(0.E0,1.E0),.UNSPECIFIED.);
#639=B_SPLINE_CURVE_WITH_KNOTS('',3,(#631,#632,#633,#634,#635,#636,#637,#638),
.UNSPECIFIED.,.F.,.F.,(4,1,1,1,1,4),(0.E0,2.E-1,4.E-1,6.E-1,8.E-1,1.E0),
.UNSPECIFIED.);
#648=CIRCLE('',#647,1.E-1);
#653=CIRCLE('',#652,1.E-1);
#658=B_SPLINE_CURVE_WITH_KNOTS('',3,(#654,#655,#656,#657),.UNSPECIFIED.,.F.,.F.,
(4,4),(0.E0,1.E0),.UNSPECIFIED.);
#667=B_SPLINE_CURVE_WITH_KNOTS('',3,(#659,#660,#661,#662,#663,#664,#665,#666),
.UNSPECIFIED.,.F.,.F.,(4,1,1,1,1,4),(0.E0,2.E-1,4.E-1,6.E-1,8.E-1,1.E0),
.UNSPECIFIED.);
#676=CIRCLE('',#675,1.E-1);
#681=CIRCLE('',#680,1.E-1);
#686=B_SPLINE_CURVE_WITH_KNOTS('',3,(#682,#683,#684,#685),.UNSPECIFIED.,.F.,.F.,
(4,4),(0.E0,1.E0),.UNSPECIFIED.);
#695=B_SPLINE_CURVE_WITH_KNOTS('',3,(#687,#688,#689,#690,#691,#692,#693,#694),
.UNSPECIFIED.,.F.,.F.,(4,1,1,1,1,4),(0.E0,2.E-1,4.E-1,6.E-1,8.E-1,1.E0),
.UNSPECIFIED.);
#700=B_SPLINE_CURVE_WITH_KNOTS('',3,(#696,#697,#698,#699),.UNSPECIFIED.,.F.,.F.,
(4,4),(0.E0,1.E0),.UNSPECIFIED.);
#705=CIRCLE('',#704,2.96E0);
#710=CIRCLE('',#709,3.E-1);
#739=B_SPLINE_CURVE_WITH_KNOTS('',3,(#735,#736,#737,#738),.UNSPECIFIED.,.F.,.F.,
(4,4),(0.E0,1.E0),.UNSPECIFIED.);
#744=CIRCLE('',#743,1.E-1);
#749=CIRCLE('',#748,1.E-1);
#762=B_SPLINE_CURVE_WITH_KNOTS('',3,(#754,#755,#756,#757,#758,#759,#760,#761),
.UNSPECIFIED.,.F.,.F.,(4,1,1,1,1,4),(0.E0,2.E-1,4.E-1,6.E-1,8.E-1,1.E0),
.UNSPECIFIED.);
#767=B_SPLINE_CURVE_WITH_KNOTS('',3,(#763,#764,#765,#766),.UNSPECIFIED.,.F.,.F.,
(4,4),(0.E0,1.E0),.UNSPECIFIED.);
#772=CIRCLE('',#771,1.E-1);
#777=CIRCLE('',#776,1.E-1);
#790=B_SPLINE_CURVE_WITH_KNOTS('',3,(#782,#783,#784,#785,#786,#787,#788,#789),
.UNSPECIFIED.,.F.,.F.,(4,1,1,1,1,4),(0.E0,2.E-1,4.E-1,6.E-1,8.E-1,1.E0),
.UNSPECIFIED.);
#795=B_SPLINE_CURVE_WITH_KNOTS('',3,(#791,#792,#793,#794),.UNSPECIFIED.,.F.,.F.,
(4,4),(0.E0,1.E0),.UNSPECIFIED.);
#800=CIRCLE('',#799,1.E-1);
#805=CIRCLE('',#804,1.E-1);
#818=B_SPLINE_CURVE_WITH_KNOTS('',3,(#810,#811,#812,#813,#814,#815,#816,#817),
.UNSPECIFIED.,.F.,.F.,(4,1,1,1,1,4),(0.E0,2.E-1,4.E-1,6.E-1,8.E-1,1.E0),
.UNSPECIFIED.);
#823=B_SPLINE_CURVE_WITH_KNOTS('',3,(#819,#820,#821,#822),.UNSPECIFIED.,.F.,.F.,
(4,4),(0.E0,1.E0),.UNSPECIFIED.);
#828=CIRCLE('',#827,1.E-1);
#833=CIRCLE('',#832,1.E-1);
#846=B_SPLINE_CURVE_WITH_KNOTS('',3,(#838,#839,#840,#841,#842,#843,#844,#845),
.UNSPECIFIED.,.F.,.F.,(4,1,1,1,1,4),(0.E0,2.E-1,4.E-1,6.E-1,8.E-1,1.E0),
.UNSPECIFIED.);
#851=B_SPLINE_CURVE_WITH_KNOTS('',3,(#847,#848,#849,#850),.UNSPECIFIED.,.F.,.F.,
(4,4),(0.E0,1.E0),.UNSPECIFIED.);
#856=CIRCLE('',#855,1.E-1);
#861=CIRCLE('',#860,1.E-1);
#874=B_SPLINE_CURVE_WITH_KNOTS('',3,(#866,#867,#868,#869,#870,#871,#872,#873),
.UNSPECIFIED.,.F.,.F.,(4,1,1,1,1,4),(0.E0,2.E-1,4.E-1,6.E-1,8.E-1,1.E0),
.UNSPECIFIED.);
#879=B_SPLINE_CURVE_WITH_KNOTS('',3,(#875,#876,#877,#878),.UNSPECIFIED.,.F.,.F.,
(4,4),(0.E0,1.E0),.UNSPECIFIED.);
#884=CIRCLE('',#883,1.E-1);
#889=CIRCLE('',#888,1.E-1);
#902=B_SPLINE_CURVE_WITH_KNOTS('',3,(#894,#895,#896,#897,#898,#899,#900,#901),
.UNSPECIFIED.,.F.,.F.,(4,1,1,1,1,4),(0.E0,2.E-1,4.E-1,6.E-1,8.E-1,1.E0),
.UNSPECIFIED.);
#907=B_SPLINE_CURVE_WITH_KNOTS('',3,(#903,#904,#905,#906),.UNSPECIFIED.,.F.,.F.,
(4,4),(0.E0,1.E0),.UNSPECIFIED.);
#912=CIRCLE('',#911,1.E-1);
#917=CIRCLE('',#916,1.E-1);
#930=B_SPLINE_CURVE_WITH_KNOTS('',3,(#922,#923,#924,#925,#926,#927,#928,#929),
.UNSPECIFIED.,.F.,.F.,(4,1,1,1,1,4),(0.E0,2.E-1,4.E-1,6.E-1,8.E-1,1.E0),
.UNSPECIFIED.);
#935=B_SPLINE_CURVE_WITH_KNOTS('',3,(#931,#932,#933,#934),.UNSPECIFIED.,.F.,.F.,
(4,4),(0.E0,1.E0),.UNSPECIFIED.);
#940=CIRCLE('',#939,1.E-1);
#945=CIRCLE('',#944,1.E-1);
#958=B_SPLINE_CURVE_WITH_KNOTS('',3,(#950,#951,#952,#953,#954,#955,#956,#957),
.UNSPECIFIED.,.F.,.F.,(4,1,1,1,1,4),(0.E0,2.E-1,4.E-1,6.E-1,8.E-1,1.E0),
.UNSPECIFIED.);
#963=B_SPLINE_CURVE_WITH_KNOTS('',3,(#959,#960,#961,#962),.UNSPECIFIED.,.F.,.F.,
(4,4),(0.E0,1.E0),.UNSPECIFIED.);
#968=CIRCLE('',#967,1.E-1);
#973=CIRCLE('',#972,1.E-1);
#986=B_SPLINE_CURVE_WITH_KNOTS('',3,(#978,#979,#980,#981,#982,#983,#984,#985),
.UNSPECIFIED.,.F.,.F.,(4,1,1,1,1,4),(0.E0,2.E-1,4.E-1,6.E-1,8.E-1,1.E0),
.UNSPECIFIED.);
#991=B_SPLINE_CURVE_WITH_KNOTS('',3,(#987,#988,#989,#990),.UNSPECIFIED.,.F.,.F.,
(4,4),(0.E0,1.E0),.UNSPECIFIED.);
#996=CIRCLE('',#995,1.E-1);
#1001=CIRCLE('',#1000,1.E-1);
#1014=B_SPLINE_CURVE_WITH_KNOTS('',3,(#1006,#1007,#1008,#1009,#1010,#1011,#1012,
#1013),.UNSPECIFIED.,.F.,.F.,(4,1,1,1,1,4),(0.E0,2.E-1,4.E-1,6.E-1,8.E-1,1.E0),
.UNSPECIFIED.);
#1019=B_SPLINE_CURVE_WITH_KNOTS('',3,(#1015,#1016,#1017,#1018),.UNSPECIFIED.,
.F.,.F.,(4,4),(0.E0,1.E0),.UNSPECIFIED.);
#1024=CIRCLE('',#1023,1.E-1);
#1029=CIRCLE('',#1028,1.E-1);
#1042=B_SPLINE_CURVE_WITH_KNOTS('',3,(#1034,#1035,#1036,#1037,#1038,#1039,#1040,
#1041),.UNSPECIFIED.,.F.,.F.,(4,1,1,1,1,4),(0.E0,2.E-1,4.E-1,6.E-1,8.E-1,1.E0),
.UNSPECIFIED.);
#1047=B_SPLINE_CURVE_WITH_KNOTS('',3,(#1043,#1044,#1045,#1046),.UNSPECIFIED.,
.F.,.F.,(4,4),(0.E0,1.E0),.UNSPECIFIED.);
#1052=CIRCLE('',#1051,1.E-1);
#1057=CIRCLE('',#1056,1.E-1);
#1070=B_SPLINE_CURVE_WITH_KNOTS('',3,(#1062,#1063,#1064,#1065,#1066,#1067,#1068,
#1069),.UNSPECIFIED.,.F.,.F.,(4,1,1,1,1,4),(0.E0,2.E-1,4.E-1,6.E-1,8.E-1,1.E0),
.UNSPECIFIED.);
#1075=B_SPLINE_CURVE_WITH_KNOTS('',3,(#1071,#1072,#1073,#1074),.UNSPECIFIED.,
.F.,.F.,(4,4),(0.E0,1.E0),.UNSPECIFIED.);
#1080=CIRCLE('',#1079,1.E-1);
#1085=CIRCLE('',#1084,1.E-1);
#1098=B_SPLINE_CURVE_WITH_KNOTS('',3,(#1090,#1091,#1092,#1093,#1094,#1095,#1096,
#1097),.UNSPECIFIED.,.F.,.F.,(4,1,1,1,1,4),(0.E0,2.E-1,4.E-1,6.E-1,8.E-1,1.E0),
.UNSPECIFIED.);
#1103=B_SPLINE_CURVE_WITH_KNOTS('',3,(#1099,#1100,#1101,#1102),.UNSPECIFIED.,
.F.,.F.,(4,4),(0.E0,1.E0),.UNSPECIFIED.);
#1108=CIRCLE('',#1107,1.E-1);
#1113=CIRCLE('',#1112,1.E-1);
#1126=B_SPLINE_CURVE_WITH_KNOTS('',3,(#1118,#1119,#1120,#1121,#1122,#1123,#1124,
#1125),.UNSPECIFIED.,.F.,.F.,(4,1,1,1,1,4),(0.E0,2.E-1,4.E-1,6.E-1,8.E-1,1.E0),
.UNSPECIFIED.);
#1131=B_SPLINE_CURVE_WITH_KNOTS('',3,(#1127,#1128,#1129,#1130),.UNSPECIFIED.,
.F.,.F.,(4,4),(0.E0,1.E0),.UNSPECIFIED.);
#1136=CIRCLE('',#1135,1.E-1);
#1141=CIRCLE('',#1140,1.E-1);
#1154=B_SPLINE_CURVE_WITH_KNOTS('',3,(#1146,#1147,#1148,#1149,#1150,#1151,#1152,
#1153),.UNSPECIFIED.,.F.,.F.,(4,1,1,1,1,4),(0.E0,2.E-1,4.E-1,6.E-1,8.E-1,1.E0),
.UNSPECIFIED.);
#1159=B_SPLINE_CURVE_WITH_KNOTS('',3,(#1155,#1156,#1157,#1158),.UNSPECIFIED.,
.F.,.F.,(4,4),(0.E0,1.E0),.UNSPECIFIED.);
#1164=CIRCLE('',#1163,1.E-1);
#1169=CIRCLE('',#1168,1.E-1);
#1182=B_SPLINE_CURVE_WITH_KNOTS('',3,(#1174,#1175,#1176,#1177,#1178,#1179,#1180,
#1181),.UNSPECIFIED.,.F.,.F.,(4,1,1,1,1,4),(0.E0,2.E-1,4.E-1,6.E-1,8.E-1,1.E0),
.UNSPECIFIED.);
#1187=B_SPLINE_CURVE_WITH_KNOTS('',3,(#1183,#1184,#1185,#1186),.UNSPECIFIED.,
.F.,.F.,(4,4),(0.E0,1.E0),.UNSPECIFIED.);
#1192=CIRCLE('',#1191,1.E-1);
#1197=CIRCLE('',#1196,1.E-1);
#1210=B_SPLINE_CURVE_WITH_KNOTS('',3,(#1202,#1203,#1204,#1205,#1206,#1207,#1208,
#1209),.UNSPECIFIED.,.F.,.F.,(4,1,1,1,1,4),(0.E0,2.E-1,4.E-1,6.E-1,8.E-1,1.E0),
.UNSPECIFIED.);
#1215=B_SPLINE_CURVE_WITH_KNOTS('',3,(#1211,#1212,#1213,#1214),.UNSPECIFIED.,
.F.,.F.,(4,4),(0.E0,1.E0),.UNSPECIFIED.);
#1220=CIRCLE('',#1219,1.E-1);
#1225=CIRCLE('',#1224,1.E-1);
#1238=B_SPLINE_CURVE_WITH_KNOTS('',3,(#1230,#1231,#1232,#1233,#1234,#1235,#1236,
#1237),.UNSPECIFIED.,.F.,.F.,(4,1,1,1,1,4),(0.E0,2.E-1,4.E-1,6.E-1,8.E-1,1.E0),
.UNSPECIFIED.);
#1243=B_SPLINE_CURVE_WITH_KNOTS('',3,(#1239,#1240,#1241,#1242),.UNSPECIFIED.,
.F.,.F.,(4,4),(0.E0,1.E0),.UNSPECIFIED.);
#1248=CIRCLE('',#1247,1.E-1);
#1253=CIRCLE('',#1252,1.E-1);
#1266=B_SPLINE_CURVE_WITH_KNOTS('',3,(#1258,#1259,#1260,#1261,#1262,#1263,#1264,
#1265),.UNSPECIFIED.,.F.,.F.,(4,1,1,1,1,4),(0.E0,2.E-1,4.E-1,6.E-1,8.E-1,1.E0),
.UNSPECIFIED.);
#1275=CIRCLE('',#1274,1.E-1);
#1280=CIRCLE('',#1279,1.E-1);
#1285=B_SPLINE_CURVE_WITH_KNOTS('',3,(#1281,#1282,#1283,#1284),.UNSPECIFIED.,
.F.,.F.,(4,4),(0.E0,1.E0),.UNSPECIFIED.);
#1294=B_SPLINE_CURVE_WITH_KNOTS('',3,(#1286,#1287,#1288,#1289,#1290,#1291,#1292,
#1293),.UNSPECIFIED.,.F.,.F.,(4,1,1,1,1,4),(0.E0,2.E-1,4.E-1,6.E-1,8.E-1,1.E0),
.UNSPECIFIED.);
#1299=CIRCLE('',#1298,1.E0);
#1304=CIRCLE('',#1303,1.E0);
#1613=CIRCLE('',#1612,2.1E0);
#1618=CIRCLE('',#1617,2.1E0);
#1623=CIRCLE('',#1622,1.E0);
#1628=CIRCLE('',#1627,1.E0);
#1641=CIRCLE('',#1640,2.1E0);
#1646=CIRCLE('',#1645,2.1E0);
#1651=CIRCLE('',#1650,3.E-1);
#1656=CIRCLE('',#1655,2.77E0);
#1661=CIRCLE('',#1660,2.77E0);
#1666=CIRCLE('',#1665,2.77E0);
#1671=CIRCLE('',#1670,2.77E0);
#1676=CIRCLE('',#1675,2.4E0);
#1681=CIRCLE('',#1680,2.4E0);
#1686=CIRCLE('',#1685,2.4E0);
#1691=CIRCLE('',#1690,2.4E0);
#1696=CIRCLE('',#1695,2.96E0);
#1701=CIRCLE('',#1700,2.96E0);
#1706=CIRCLE('',#1705,2.96E0);
#1711=CIRCLE('',#1710,1.9E-1);
#1716=CIRCLE('',#1715,2.96E0);
#1721=CIRCLE('',#1720,2.96E0);
#1726=CIRCLE('',#1725,2.96E0);
#1731=CIRCLE('',#1730,1.9E-1);
#1740=CIRCLE('',#1739,2.96E0);
#1745=CIRCLE('',#1744,2.96E0);
#1750=CIRCLE('',#1749,2.1E0);
#1755=CIRCLE('',#1754,2.1E0);
#1760=CIRCLE('',#1759,3.E-1);
#1765=CIRCLE('',#1764,2.96E0);
#1774=CIRCLE('',#1773,2.3E0);
#1783=CIRCLE('',#1782,5.E-1);
#1788=CIRCLE('',#1787,5.E-1);
#1793=CIRCLE('',#1792,5.E-1);
#1798=CIRCLE('',#1797,5.E-1);
#1803=CIRCLE('',#1802,5.E-1);
#1808=CIRCLE('',#1807,5.E-1);
#1813=CIRCLE('',#1812,5.E-1);
#1818=CIRCLE('',#1817,5.E-1);
#2300=EDGE_CURVE('',#1857,#1858,#45,.T.);
#2302=EDGE_CURVE('',#1860,#1857,#1830,.T.);
#2304=EDGE_CURVE('',#1862,#1860,#1783,.T.);
#2306=EDGE_CURVE('',#1862,#1858,#17,.T.);
#2310=ADVANCED_FACE('',(#2309),#2299,.F.);
#2316=EDGE_CURVE('',#1865,#1866,#22,.T.);
#2318=EDGE_CURVE('',#1866,#1868,#27,.T.);
#2320=EDGE_CURVE('',#1868,#1870,#31,.T.);
#2322=EDGE_CURVE('',#1870,#1872,#36,.T.);
#2324=EDGE_CURVE('',#1872,#1865,#40,.T.);
#2329=EDGE_CURVE('',#1858,#1857,#50,.T.);
#2333=EDGE_CURVE('',#1875,#1876,#55,.T.);
#2335=EDGE_CURVE('',#1876,#1875,#60,.T.);
#2339=EDGE_CURVE('',#1879,#1880,#65,.T.);
#2341=EDGE_CURVE('',#1880,#1879,#70,.T.);
#2345=EDGE_CURVE('',#1883,#1884,#75,.T.);
#2347=EDGE_CURVE('',#1884,#1883,#80,.T.);
#2351=ADVANCED_FACE('',(#2327,#2332,#2338,#2344,#2350),#2315,.F.);
#2357=EDGE_CURVE('',#1920,#1924,#84,.T.);
#2359=EDGE_CURVE('',#1887,#1924,#110,.T.);
#2361=EDGE_CURVE('',#1887,#1868,#88,.T.);
#2363=EDGE_CURVE('',#1910,#1868,#1745,.T.);
#2365=EDGE_CURVE('',#1908,#1910,#1740,.T.);
#2367=EDGE_CURVE('',#1907,#1908,#1735,.T.);
#2369=EDGE_CURVE('',#1926,#1907,#1706,.T.);
#2371=EDGE_CURVE('',#1928,#1926,#1701,.T.);
#2373=EDGE_CURVE('',#1912,#1928,#1696,.T.);
#2375=EDGE_CURVE('',#1912,#1866,#92,.T.);
#2378=EDGE_CURVE('',#1865,#1888,#96,.T.);
#2380=EDGE_CURVE('',#1922,#1888,#105,.T.);
#2382=EDGE_CURVE('',#1919,#1922,#100,.T.);
#2384=EDGE_CURVE('',#1920,#1919,#705,.T.);
#2388=ADVANCED_FACE('',(#2387),#2356,.T.);
#2394=EDGE_CURVE('',#1919,#1920,#115,.T.);
#2398=EDGE_CURVE('',#1887,#1888,#1765,.T.);
#2404=ADVANCED_FACE('',(#2403),#2393,.T.);
#2410=EDGE_CURVE('',#2135,#2136,#130,.T.);
#2412=EDGE_CURVE('',#2138,#2135,#125,.T.);
#2414=EDGE_CURVE('',#1919,#2138,#710,.T.);
#2417=EDGE_CURVE('',#1920,#2136,#120,.T.);
#2421=ADVANCED_FACE('',(#2420),#2409,.T.);
#2429=EDGE_CURVE('',#2136,#2140,#135,.T.);
#2431=EDGE_CURVE('',#2140,#2138,#140,.T.);
#2435=EDGE_CURVE('',#2146,#2143,#145,.T.);
#2437=EDGE_CURVE('',#2143,#2144,#150,.T.);
#2439=EDGE_CURVE('',#2144,#2148,#154,.T.);
#2441=EDGE_CURVE('',#2148,#2149,#163,.T.);
#2443=EDGE_CURVE('',#2149,#2151,#167,.T.);
#2445=EDGE_CURVE('',#2151,#2154,#172,.T.);
#2447=EDGE_CURVE('',#2154,#2155,#177,.T.);
#2449=EDGE_CURVE('',#2155,#2156,#182,.T.);
#2451=EDGE_CURVE('',#2156,#2157,#191,.T.);
#2453=EDGE_CURVE('',#2157,#2159,#195,.T.);
#2455=EDGE_CURVE('',#2159,#2162,#200,.T.);
#2457=EDGE_CURVE('',#2162,#2163,#205,.T.);
#2459=EDGE_CURVE('',#2163,#2164,#210,.T.);
#2461=EDGE_CURVE('',#2164,#2165,#219,.T.);
#2463=EDGE_CURVE('',#2165,#2167,#223,.T.);
#2465=EDGE_CURVE('',#2167,#2170,#228,.T.);
#2467=EDGE_CURVE('',#2170,#2171,#233,.T.);
#2469=EDGE_CURVE('',#2171,#2172,#238,.T.);
#2471=EDGE_CURVE('',#2172,#2173,#247,.T.);
#2473=EDGE_CURVE('',#2173,#2175,#251,.T.);
#2475=EDGE_CURVE('',#2175,#2178,#256,.T.);
#2477=EDGE_CURVE('',#2178,#2179,#261,.T.);
#2479=EDGE_CURVE('',#2179,#2180,#266,.T.);
#2481=EDGE_CURVE('',#2180,#2181,#275,.T.);
#2483=EDGE_CURVE('',#2181,#2183,#279,.T.);
#2485=EDGE_CURVE('',#2183,#2186,#284,.T.);
#2487=EDGE_CURVE('',#2186,#2187,#289,.T.);
#2489=EDGE_CURVE('',#2187,#2188,#294,.T.);
#2491=EDGE_CURVE('',#2188,#2189,#303,.T.);
#2493=EDGE_CURVE('',#2189,#2191,#307,.T.);
#2495=EDGE_CURVE('',#2191,#2194,#312,.T.);
#2497=EDGE_CURVE('',#2194,#2195,#317,.T.);
#2499=EDGE_CURVE('',#2195,#2196,#322,.T.);
#2501=EDGE_CURVE('',#2196,#2197,#331,.T.);
#2503=EDGE_CURVE('',#2197,#2199,#335,.T.);
#2505=EDGE_CURVE('',#2199,#2202,#340,.T.);
#2507=EDGE_CURVE('',#2202,#2203,#345,.T.);
#2509=EDGE_CURVE('',#2203,#2204,#350,.T.);
#2511=EDGE_CURVE('',#2204,#2205,#359,.T.);
#2513=EDGE_CURVE('',#2205,#2207,#363,.T.);
#2515=EDGE_CURVE('',#2207,#2210,#368,.T.);
#2517=EDGE_CURVE('',#2210,#2211,#373,.T.);
#2519=EDGE_CURVE('',#2211,#2212,#378,.T.);
#2521=EDGE_CURVE('',#2212,#2213,#387,.T.);
#2523=EDGE_CURVE('',#2213,#2215,#391,.T.);
#2525=EDGE_CURVE('',#2215,#2218,#396,.T.);
#2527=EDGE_CURVE('',#2218,#2219,#401,.T.);
#2529=EDGE_CURVE('',#2219,#2220,#406,.T.);
#2531=EDGE_CURVE('',#2220,#2221,#415,.T.);
#2533=EDGE_CURVE('',#2221,#2223,#419,.T.);
#2535=EDGE_CURVE('',#2223,#2226,#424,.T.);
#2537=EDGE_CURVE('',#2226,#2227,#429,.T.);
#2539=EDGE_CURVE('',#2227,#2228,#434,.T.);
#2541=EDGE_CURVE('',#2228,#2229,#443,.T.);
#2543=EDGE_CURVE('',#2229,#2231,#447,.T.);
#2545=EDGE_CURVE('',#2231,#2234,#452,.T.);
#2547=EDGE_CURVE('',#2234,#2235,#457,.T.);
#2549=EDGE_CURVE('',#2235,#2236,#462,.T.);
#2551=EDGE_CURVE('',#2236,#2237,#471,.T.);
#2553=EDGE_CURVE('',#2237,#2239,#475,.T.);
#2555=EDGE_CURVE('',#2239,#2242,#480,.T.);
#2557=EDGE_CURVE('',#2242,#2243,#485,.T.);
#2559=EDGE_CURVE('',#2243,#2244,#490,.T.);
#2561=EDGE_CURVE('',#2244,#2245,#499,.T.);
#2563=EDGE_CURVE('',#2245,#2247,#503,.T.);
#2565=EDGE_CURVE('',#2247,#2250,#508,.T.);
#2567=EDGE_CURVE('',#2250,#2251,#513,.T.);
#2569=EDGE_CURVE('',#2251,#2252,#518,.T.);
#2571=EDGE_CURVE('',#2252,#2253,#527,.T.);
#2573=EDGE_CURVE('',#2253,#2255,#531,.T.);
#2575=EDGE_CURVE('',#2255,#2258,#536,.T.);
#2577=EDGE_CURVE('',#2258,#2259,#541,.T.);
#2579=EDGE_CURVE('',#2259,#2260,#546,.T.);
#2581=EDGE_CURVE('',#2260,#2261,#555,.T.);
#2583=EDGE_CURVE('',#2261,#2263,#559,.T.);
#2585=EDGE_CURVE('',#2263,#2266,#564,.T.);
#2587=EDGE_CURVE('',#2266,#2267,#569,.T.);
#2589=EDGE_CURVE('',#2267,#2268,#574,.T.);
#2591=EDGE_CURVE('',#2268,#2269,#583,.T.);
#2593=EDGE_CURVE('',#2269,#2271,#587,.T.);
#2595=EDGE_CURVE('',#2271,#2274,#592,.T.);
#2597=EDGE_CURVE('',#2274,#2275,#597,.T.);
#2599=EDGE_CURVE('',#2275,#2276,#602,.T.);
#2601=EDGE_CURVE('',#2276,#2277,#611,.T.);
#2603=EDGE_CURVE('',#2277,#2279,#615,.T.);
#2605=EDGE_CURVE('',#2279,#2282,#620,.T.);
#2607=EDGE_CURVE('',#2282,#2283,#625,.T.);
#2609=EDGE_CURVE('',#2283,#2284,#630,.T.);
#2611=EDGE_CURVE('',#2284,#2285,#639,.T.);
#2613=EDGE_CURVE('',#2285,#2287,#643,.T.);
#2615=EDGE_CURVE('',#2287,#2290,#648,.T.);
#2617=EDGE_CURVE('',#2290,#2291,#653,.T.);
#2619=EDGE_CURVE('',#2291,#2292,#658,.T.);
#2621=EDGE_CURVE('',#2292,#2293,#667,.T.);
#2623=EDGE_CURVE('',#2293,#2132,#671,.T.);
#2625=EDGE_CURVE('',#2132,#2130,#676,.T.);
#2627=EDGE_CURVE('',#2130,#2126,#681,.T.);
#2629=EDGE_CURVE('',#2126,#2128,#686,.T.);
#2631=EDGE_CURVE('',#2128,#2294,#695,.T.);
#2633=EDGE_CURVE('',#2294,#2146,#700,.T.);
#2637=ADVANCED_FACE('',(#2434,#2636),#2426,.T.);
#2650=ADVANCED_FACE('',(#2649),#2642,.T.);
#2658=EDGE_CURVE('',#2146,#2123,#714,.T.);
#2660=EDGE_CURVE('',#2121,#2123,#1280,.T.);
#2662=EDGE_CURVE('',#2119,#2121,#1275,.T.);
#2664=EDGE_CURVE('',#2119,#2144,#718,.T.);
#2668=ADVANCED_FACE('',(#2667),#2655,.T.);
#2676=EDGE_CURVE('',#2124,#2294,#722,.T.);
#2678=EDGE_CURVE('',#2123,#2124,#1285,.T.);
#2682=ADVANCED_FACE('',(#2681),#2673,.F.);
#2690=EDGE_CURVE('',#2128,#1965,#726,.T.);
#2692=EDGE_CURVE('',#2124,#1965,#1294,.T.);
#2696=ADVANCED_FACE('',(#2695),#2687,.F.);
#2702=EDGE_CURVE('',#1966,#2126,#730,.T.);
#2704=EDGE_CURVE('',#1965,#1966,#739,.T.);
#2710=ADVANCED_FACE('',(#2709),#2701,.F.);
#2716=EDGE_CURVE('',#1968,#1970,#749,.T.);
#2718=EDGE_CURVE('',#1966,#1968,#744,.T.);
#2723=EDGE_CURVE('',#2132,#1970,#734,.T.);
#2727=ADVANCED_FACE('',(#2726),#2715,.T.);
#2736=EDGE_CURVE('',#1970,#1972,#753,.T.);
#2738=EDGE_CURVE('',#1972,#1973,#762,.T.);
#2740=EDGE_CURVE('',#1973,#1974,#767,.T.);
#2742=EDGE_CURVE('',#1974,#1976,#772,.T.);
#2744=EDGE_CURVE('',#1976,#1978,#777,.T.);
#2746=EDGE_CURVE('',#1978,#1980,#781,.T.);
#2748=EDGE_CURVE('',#1980,#1981,#790,.T.);
#2750=EDGE_CURVE('',#1981,#1982,#795,.T.);
#2752=EDGE_CURVE('',#1982,#1984,#800,.T.);
#2754=EDGE_CURVE('',#1984,#1986,#805,.T.);
#2756=EDGE_CURVE('',#1986,#1988,#809,.T.);
#2758=EDGE_CURVE('',#1988,#1989,#818,.T.);
#2760=EDGE_CURVE('',#1989,#1990,#823,.T.);
#2762=EDGE_CURVE('',#1990,#1992,#828,.T.);
#2764=EDGE_CURVE('',#1992,#1994,#833,.T.);
#2766=EDGE_CURVE('',#1994,#1996,#837,.T.);
#2768=EDGE_CURVE('',#1996,#1997,#846,.T.);
#2770=EDGE_CURVE('',#1997,#1998,#851,.T.);
#2772=EDGE_CURVE('',#1998,#2000,#856,.T.);
#2774=EDGE_CURVE('',#2000,#2002,#861,.T.);
#2776=EDGE_CURVE('',#2002,#2004,#865,.T.);
#2778=EDGE_CURVE('',#2004,#2005,#874,.T.);
#2780=EDGE_CURVE('',#2005,#2006,#879,.T.);
#2782=EDGE_CURVE('',#2006,#2008,#884,.T.);
#2784=EDGE_CURVE('',#2008,#2010,#889,.T.);
#2786=EDGE_CURVE('',#2010,#2012,#893,.T.);
#2788=EDGE_CURVE('',#2012,#2013,#902,.T.);
#2790=EDGE_CURVE('',#2013,#2014,#907,.T.);
#2792=EDGE_CURVE('',#2014,#2016,#912,.T.);
#2794=EDGE_CURVE('',#2016,#2018,#917,.T.);
#2796=EDGE_CURVE('',#2018,#2020,#921,.T.);
#2798=EDGE_CURVE('',#2020,#2021,#930,.T.);
#2800=EDGE_CURVE('',#2021,#2022,#935,.T.);
#2802=EDGE_CURVE('',#2022,#2024,#940,.T.);
#2804=EDGE_CURVE('',#2024,#2026,#945,.T.);
#2806=EDGE_CURVE('',#2026,#2028,#949,.T.);
#2808=EDGE_CURVE('',#2028,#2029,#958,.T.);
#2810=EDGE_CURVE('',#2029,#2030,#963,.T.);
#2812=EDGE_CURVE('',#2030,#2032,#968,.T.);
#2814=EDGE_CURVE('',#2032,#2034,#973,.T.);
#2816=EDGE_CURVE('',#2034,#2036,#977,.T.);
#2818=EDGE_CURVE('',#2036,#2037,#986,.T.);
#2820=EDGE_CURVE('',#2037,#2038,#991,.T.);
#2822=EDGE_CURVE('',#2038,#2040,#996,.T.);
#2824=EDGE_CURVE('',#2040,#2042,#1001,.T.);
#2826=EDGE_CURVE('',#2042,#2044,#1005,.T.);
#2828=EDGE_CURVE('',#2044,#2045,#1014,.T.);
#2830=EDGE_CURVE('',#2045,#2046,#1019,.T.);
#2832=EDGE_CURVE('',#2046,#2048,#1024,.T.);
#2834=EDGE_CURVE('',#2048,#2050,#1029,.T.);
#2836=EDGE_CURVE('',#2050,#2052,#1033,.T.);
#2838=EDGE_CURVE('',#2052,#2053,#1042,.T.);
#2840=EDGE_CURVE('',#2053,#2054,#1047,.T.);
#2842=EDGE_CURVE('',#2054,#2056,#1052,.T.);
#2844=EDGE_CURVE('',#2056,#2058,#1057,.T.);
#2846=EDGE_CURVE('',#2058,#2060,#1061,.T.);
#2848=EDGE_CURVE('',#2060,#2061,#1070,.T.);
#2850=EDGE_CURVE('',#2061,#2062,#1075,.T.);
#2852=EDGE_CURVE('',#2062,#2064,#1080,.T.);
#2854=EDGE_CURVE('',#2064,#2066,#1085,.T.);
#2856=EDGE_CURVE('',#2066,#2068,#1089,.T.);
#2858=EDGE_CURVE('',#2068,#2069,#1098,.T.);
#2860=EDGE_CURVE('',#2069,#2070,#1103,.T.);
#2862=EDGE_CURVE('',#2070,#2072,#1108,.T.);
#2864=EDGE_CURVE('',#2072,#2074,#1113,.T.);
#2866=EDGE_CURVE('',#2074,#2076,#1117,.T.);
#2868=EDGE_CURVE('',#2076,#2077,#1126,.T.);
#2870=EDGE_CURVE('',#2077,#2078,#1131,.T.);
#2872=EDGE_CURVE('',#2078,#2080,#1136,.T.);
#2874=EDGE_CURVE('',#2080,#2082,#1141,.T.);
#2876=EDGE_CURVE('',#2082,#2084,#1145,.T.);
#2878=EDGE_CURVE('',#2084,#2085,#1154,.T.);
#2880=EDGE_CURVE('',#2085,#2086,#1159,.T.);
#2882=EDGE_CURVE('',#2086,#2088,#1164,.T.);
#2884=EDGE_CURVE('',#2088,#2090,#1169,.T.);
#2886=EDGE_CURVE('',#2090,#2092,#1173,.T.);
#2888=EDGE_CURVE('',#2092,#2093,#1182,.T.);
#2890=EDGE_CURVE('',#2093,#2094,#1187,.T.);
#2892=EDGE_CURVE('',#2094,#2096,#1192,.T.);
#2894=EDGE_CURVE('',#2096,#2098,#1197,.T.);
#2896=EDGE_CURVE('',#2098,#2100,#1201,.T.);
#2898=EDGE_CURVE('',#2100,#2101,#1210,.T.);
#2900=EDGE_CURVE('',#2101,#2102,#1215,.T.);
#2902=EDGE_CURVE('',#2102,#2104,#1220,.T.);
#2904=EDGE_CURVE('',#2104,#2106,#1225,.T.);
#2906=EDGE_CURVE('',#2106,#2108,#1229,.T.);
#2908=EDGE_CURVE('',#2108,#2109,#1238,.T.);
#2910=EDGE_CURVE('',#2109,#2110,#1243,.T.);
#2912=EDGE_CURVE('',#2110,#2112,#1248,.T.);
#2914=EDGE_CURVE('',#2112,#2114,#1253,.T.);
#2916=EDGE_CURVE('',#2114,#2116,#1257,.T.);
#2918=EDGE_CURVE('',#2116,#2117,#1266,.T.);
#2920=EDGE_CURVE('',#2117,#2119,#1270,.T.);
#2928=EDGE_CURVE('',#1963,#1964,#1299,.T.);
#2930=EDGE_CURVE('',#1964,#1963,#1304,.T.);
#2934=ADVANCED_FACE('',(#2927,#2933),#2732,.T.);
#2942=EDGE_CURVE('',#1972,#2293,#1308,.T.);
#2947=ADVANCED_FACE('',(#2946),#2939,.F.);
#2955=EDGE_CURVE('',#2292,#1973,#1312,.T.);
#2960=ADVANCED_FACE('',(#2959),#2952,.F.);
#2966=EDGE_CURVE('',#1974,#2291,#1316,.T.);
#2973=ADVANCED_FACE('',(#2972),#2965,.F.);
#2984=EDGE_CURVE('',#2287,#1978,#1320,.T.);
#2988=ADVANCED_FACE('',(#2987),#2978,.T.);
#2996=EDGE_CURVE('',#1980,#2285,#1324,.T.);
#3001=ADVANCED_FACE('',(#3000),#2993,.F.);
#3009=EDGE_CURVE('',#2284,#1981,#1328,.T.);
#3014=ADVANCED_FACE('',(#3013),#3006,.F.);
#3020=EDGE_CURVE('',#1982,#2283,#1332,.T.);
#3027=ADVANCED_FACE('',(#3026),#3019,.F.);
#3038=EDGE_CURVE('',#2279,#1986,#1336,.T.);
#3042=ADVANCED_FACE('',(#3041),#3032,.T.);
#3050=EDGE_CURVE('',#1988,#2277,#1340,.T.);
#3055=ADVANCED_FACE('',(#3054),#3047,.F.);
#3063=EDGE_CURVE('',#2276,#1989,#1344,.T.);
#3068=ADVANCED_FACE('',(#3067),#3060,.F.);
#3074=EDGE_CURVE('',#1990,#2275,#1348,.T.);
#3081=ADVANCED_FACE('',(#3080),#3073,.F.);
#3092=EDGE_CURVE('',#2271,#1994,#1352,.T.);
#3096=ADVANCED_FACE('',(#3095),#3086,.T.);
#3104=EDGE_CURVE('',#1996,#2269,#1356,.T.);
#3109=ADVANCED_FACE('',(#3108),#3101,.F.);
#3117=EDGE_CURVE('',#2268,#1997,#1360,.T.);
#3122=ADVANCED_FACE('',(#3121),#3114,.F.);
#3128=EDGE_CURVE('',#1998,#2267,#1364,.T.);
#3135=ADVANCED_FACE('',(#3134),#3127,.F.);
#3146=EDGE_CURVE('',#2263,#2002,#1368,.T.);
#3150=ADVANCED_FACE('',(#3149),#3140,.T.);
#3158=EDGE_CURVE('',#2004,#2261,#1372,.T.);
#3163=ADVANCED_FACE('',(#3162),#3155,.F.);
#3171=EDGE_CURVE('',#2260,#2005,#1376,.T.);
#3176=ADVANCED_FACE('',(#3175),#3168,.F.);
#3182=EDGE_CURVE('',#2006,#2259,#1380,.T.);
#3189=ADVANCED_FACE('',(#3188),#3181,.F.);
#3200=EDGE_CURVE('',#2255,#2010,#1384,.T.);
#3204=ADVANCED_FACE('',(#3203),#3194,.T.);
#3212=EDGE_CURVE('',#2012,#2253,#1388,.T.);
#3217=ADVANCED_FACE('',(#3216),#3209,.F.);
#3225=EDGE_CURVE('',#2252,#2013,#1392,.T.);
#3230=ADVANCED_FACE('',(#3229),#3222,.F.);
#3236=EDGE_CURVE('',#2014,#2251,#1396,.T.);
#3243=ADVANCED_FACE('',(#3242),#3235,.F.);
#3254=EDGE_CURVE('',#2247,#2018,#1400,.T.);
#3258=ADVANCED_FACE('',(#3257),#3248,.T.);
#3266=EDGE_CURVE('',#2020,#2245,#1404,.T.);
#3271=ADVANCED_FACE('',(#3270),#3263,.F.);
#3279=EDGE_CURVE('',#2244,#2021,#1408,.T.);
#3284=ADVANCED_FACE('',(#3283),#3276,.F.);
#3290=EDGE_CURVE('',#2022,#2243,#1412,.T.);
#3297=ADVANCED_FACE('',(#3296),#3289,.F.);
#3308=EDGE_CURVE('',#2239,#2026,#1416,.T.);
#3312=ADVANCED_FACE('',(#3311),#3302,.T.);
#3320=EDGE_CURVE('',#2028,#2237,#1420,.T.);
#3325=ADVANCED_FACE('',(#3324),#3317,.F.);
#3333=EDGE_CURVE('',#2236,#2029,#1424,.T.);
#3338=ADVANCED_FACE('',(#3337),#3330,.F.);
#3344=EDGE_CURVE('',#2030,#2235,#1428,.T.);
#3351=ADVANCED_FACE('',(#3350),#3343,.F.);
#3362=EDGE_CURVE('',#2231,#2034,#1432,.T.);
#3366=ADVANCED_FACE('',(#3365),#3356,.T.);
#3374=EDGE_CURVE('',#2036,#2229,#1436,.T.);
#3379=ADVANCED_FACE('',(#3378),#3371,.F.);
#3387=EDGE_CURVE('',#2228,#2037,#1440,.T.);
#3392=ADVANCED_FACE('',(#3391),#3384,.F.);
#3398=EDGE_CURVE('',#2038,#2227,#1444,.T.);
#3405=ADVANCED_FACE('',(#3404),#3397,.F.);
#3416=EDGE_CURVE('',#2223,#2042,#1448,.T.);
#3420=ADVANCED_FACE('',(#3419),#3410,.T.);
#3428=EDGE_CURVE('',#2044,#2221,#1452,.T.);
#3433=ADVANCED_FACE('',(#3432),#3425,.F.);
#3441=EDGE_CURVE('',#2220,#2045,#1456,.T.);
#3446=ADVANCED_FACE('',(#3445),#3438,.F.);
#3452=EDGE_CURVE('',#2046,#2219,#1460,.T.);
#3459=ADVANCED_FACE('',(#3458),#3451,.F.);
#3470=EDGE_CURVE('',#2215,#2050,#1464,.T.);
#3474=ADVANCED_FACE('',(#3473),#3464,.T.);
#3482=EDGE_CURVE('',#2052,#2213,#1468,.T.);
#3487=ADVANCED_FACE('',(#3486),#3479,.F.);
#3495=EDGE_CURVE('',#2212,#2053,#1472,.T.);
#3500=ADVANCED_FACE('',(#3499),#3492,.F.);
#3506=EDGE_CURVE('',#2054,#2211,#1476,.T.);
#3513=ADVANCED_FACE('',(#3512),#3505,.F.);
#3524=EDGE_CURVE('',#2207,#2058,#1480,.T.);
#3528=ADVANCED_FACE('',(#3527),#3518,.T.);
#3536=EDGE_CURVE('',#2060,#2205,#1484,.T.);
#3541=ADVANCED_FACE('',(#3540),#3533,.F.);
#3549=EDGE_CURVE('',#2204,#2061,#1488,.T.);
#3554=ADVANCED_FACE('',(#3553),#3546,.F.);
#3560=EDGE_CURVE('',#2062,#2203,#1492,.T.);
#3567=ADVANCED_FACE('',(#3566),#3559,.F.);
#3578=EDGE_CURVE('',#2199,#2066,#1496,.T.);
#3582=ADVANCED_FACE('',(#3581),#3572,.T.);
#3590=EDGE_CURVE('',#2068,#2197,#1500,.T.);
#3595=ADVANCED_FACE('',(#3594),#3587,.F.);
#3603=EDGE_CURVE('',#2196,#2069,#1504,.T.);
#3608=ADVANCED_FACE('',(#3607),#3600,.F.);
#3614=EDGE_CURVE('',#2070,#2195,#1508,.T.);
#3621=ADVANCED_FACE('',(#3620),#3613,.F.);
#3632=EDGE_CURVE('',#2191,#2074,#1512,.T.);
#3636=ADVANCED_FACE('',(#3635),#3626,.T.);
#3644=EDGE_CURVE('',#2076,#2189,#1516,.T.);
#3649=ADVANCED_FACE('',(#3648),#3641,.F.);
#3657=EDGE_CURVE('',#2188,#2077,#1520,.T.);
#3662=ADVANCED_FACE('',(#3661),#3654,.F.);
#3668=EDGE_CURVE('',#2078,#2187,#1524,.T.);
#3675=ADVANCED_FACE('',(#3674),#3667,.F.);
#3686=EDGE_CURVE('',#2183,#2082,#1528,.T.);
#3690=ADVANCED_FACE('',(#3689),#3680,.T.);
#3698=EDGE_CURVE('',#2084,#2181,#1532,.T.);
#3703=ADVANCED_FACE('',(#3702),#3695,.F.);
#3711=EDGE_CURVE('',#2180,#2085,#1536,.T.);
#3716=ADVANCED_FACE('',(#3715),#3708,.F.);
#3722=EDGE_CURVE('',#2086,#2179,#1540,.T.);
#3729=ADVANCED_FACE('',(#3728),#3721,.F.);
#3740=EDGE_CURVE('',#2175,#2090,#1544,.T.);
#3744=ADVANCED_FACE('',(#3743),#3734,.T.);
#3752=EDGE_CURVE('',#2092,#2173,#1548,.T.);
#3757=ADVANCED_FACE('',(#3756),#3749,.F.);
#3765=EDGE_CURVE('',#2172,#2093,#1552,.T.);
#3770=ADVANCED_FACE('',(#3769),#3762,.F.);
#3776=EDGE_CURVE('',#2094,#2171,#1556,.T.);
#3783=ADVANCED_FACE('',(#3782),#3775,.F.);
#3794=EDGE_CURVE('',#2167,#2098,#1560,.T.);
#3798=ADVANCED_FACE('',(#3797),#3788,.T.);
#3806=EDGE_CURVE('',#2100,#2165,#1564,.T.);
#3811=ADVANCED_FACE('',(#3810),#3803,.F.);
#3819=EDGE_CURVE('',#2164,#2101,#1568,.T.);
#3824=ADVANCED_FACE('',(#3823),#3816,.F.);
#3830=EDGE_CURVE('',#2102,#2163,#1572,.T.);
#3837=ADVANCED_FACE('',(#3836),#3829,.F.);
#3848=EDGE_CURVE('',#2159,#2106,#1576,.T.);
#3852=ADVANCED_FACE('',(#3851),#3842,.T.);
#3860=EDGE_CURVE('',#2108,#2157,#1580,.T.);
#3865=ADVANCED_FACE('',(#3864),#3857,.F.);
#3873=EDGE_CURVE('',#2156,#2109,#1584,.T.);
#3878=ADVANCED_FACE('',(#3877),#3870,.F.);
#3884=EDGE_CURVE('',#2110,#2155,#1588,.T.);
#3891=ADVANCED_FACE('',(#3890),#3883,.F.);
#3902=EDGE_CURVE('',#2151,#2114,#1592,.T.);
#3906=ADVANCED_FACE('',(#3905),#3896,.T.);
#3914=EDGE_CURVE('',#2116,#2149,#1600,.T.);
#3919=ADVANCED_FACE('',(#3918),#3911,.F.);
#3926=EDGE_CURVE('',#2148,#2117,#1596,.T.);
#3932=ADVANCED_FACE('',(#3931),#3924,.F.);
#3944=ADVANCED_FACE('',(#3943),#3937,.F.);
#3951=EDGE_CURVE('',#1963,#1960,#1604,.T.);
#3953=EDGE_CURVE('',#1959,#1960,#1623,.T.);
#3955=EDGE_CURVE('',#1964,#1959,#1608,.T.);
#3959=ADVANCED_FACE('',(#3958),#3949,.F.);
#3967=EDGE_CURVE('',#1960,#1959,#1628,.T.);
#3972=ADVANCED_FACE('',(#3971),#3964,.F.);
#3978=EDGE_CURVE('',#1956,#1954,#1613,.T.);
#3980=EDGE_CURVE('',#1954,#1956,#1618,.T.);
#3988=ADVANCED_FACE('',(#3983,#3987),#3977,.T.);
#3994=EDGE_CURVE('',#1952,#1946,#1646,.T.);
#3996=EDGE_CURVE('',#1950,#1952,#1641,.T.);
#3998=EDGE_CURVE('',#1950,#1954,#1632,.T.);
#4001=EDGE_CURVE('',#1956,#1946,#1636,.T.);
#4005=ADVANCED_FACE('',(#4004),#3993,.F.);
#4011=EDGE_CURVE('',#1944,#1942,#1691,.T.);
#4013=EDGE_CURVE('',#1940,#1944,#1686,.T.);
#4015=EDGE_CURVE('',#1950,#1940,#1760,.T.);
#4019=EDGE_CURVE('',#1946,#1942,#1651,.T.);
#4023=ADVANCED_FACE('',(#4022),#4010,.T.);
#4029=EDGE_CURVE('',#1934,#1931,#1656,.T.);
#4031=EDGE_CURVE('',#1931,#1932,#1661,.T.);
#4033=EDGE_CURVE('',#1932,#1936,#1666,.T.);
#4035=EDGE_CURVE('',#1936,#1934,#1671,.T.);
#4039=EDGE_CURVE('',#1942,#1939,#1676,.T.);
#4041=EDGE_CURVE('',#1939,#1940,#1681,.T.);
#4047=ADVANCED_FACE('',(#4038,#4046),#4028,.T.);
#4055=EDGE_CURVE('',#1912,#1934,#1731,.T.);
#4060=EDGE_CURVE('',#1907,#1932,#1711,.T.);
#4064=ADVANCED_FACE('',(#4063),#4052,.T.);
#4073=EDGE_CURVE('',#1907,#1916,#1716,.T.);
#4075=EDGE_CURVE('',#1916,#1914,#1721,.T.);
#4077=EDGE_CURVE('',#1914,#1912,#1726,.T.);
#4082=ADVANCED_FACE('',(#4081),#4069,.T.);
#4098=ADVANCED_FACE('',(#4097),#4087,.T.);
#4107=EDGE_CURVE('',#1946,#1949,#1750,.T.);
#4109=EDGE_CURVE('',#1949,#1950,#1755,.T.);
#4114=ADVANCED_FACE('',(#4113),#4103,.T.);
#4127=ADVANCED_FACE('',(#4126),#4119,.F.);
#4134=EDGE_CURVE('',#1888,#1890,#1769,.T.);
#4136=EDGE_CURVE('',#1890,#1892,#1774,.T.);
#4138=EDGE_CURVE('',#1892,#1887,#1778,.T.);
#4143=EDGE_CURVE('',#1860,#1862,#1788,.T.);
#4147=EDGE_CURVE('',#1895,#1896,#1793,.T.);
#4149=EDGE_CURVE('',#1896,#1895,#1798,.T.);
#4153=EDGE_CURVE('',#1899,#1900,#1803,.T.);
#4155=EDGE_CURVE('',#1900,#1899,#1808,.T.);
#4159=EDGE_CURVE('',#1903,#1904,#1813,.T.);
#4161=EDGE_CURVE('',#1904,#1903,#1818,.T.);
#4165=ADVANCED_FACE('',(#4141,#4146,#4152,#4158,#4164),#4132,.T.);
#4172=EDGE_CURVE('',#1890,#1872,#1826,.T.);
#4178=ADVANCED_FACE('',(#4177),#4170,.T.);
#4185=EDGE_CURVE('',#1870,#1892,#1822,.T.);
#4191=ADVANCED_FACE('',(#4190),#4183,.T.);
#4203=ADVANCED_FACE('',(#4202),#4196,.T.);
#4215=ADVANCED_FACE('',(#4214),#4208,.F.);
#4222=EDGE_CURVE('',#1896,#1875,#1838,.T.);
#4225=EDGE_CURVE('',#1895,#1876,#1834,.T.);
#4229=ADVANCED_FACE('',(#4228),#4220,.F.);
#4241=ADVANCED_FACE('',(#4240),#4234,.F.);
#4248=EDGE_CURVE('',#1900,#1879,#1846,.T.);
#4251=EDGE_CURVE('',#1899,#1880,#1842,.T.);
#4255=ADVANCED_FACE('',(#4254),#4246,.F.);
#4267=ADVANCED_FACE('',(#4266),#4260,.F.);
#4274=EDGE_CURVE('',#1904,#1883,#1854,.T.);
#4277=EDGE_CURVE('',#1903,#1884,#1850,.T.);
#4281=ADVANCED_FACE('',(#4280),#4272,.F.);
#4293=ADVANCED_FACE('',(#4292),#4286,.F.);
#4303=(GEOMETRIC_REPRESENTATION_CONTEXT(3)GLOBAL_UNCERTAINTY_ASSIGNED_CONTEXT((
#4302))GLOBAL_UNIT_ASSIGNED_CONTEXT((#4296,#4300,#4301))REPRESENTATION_CONTEXT(
'ID1','3'));
#4304=ADVANCED_BREP_SHAPE_REPRESENTATION('',(#4295),#4303);
#4311=PRODUCT_DEFINITION('part definition','',#4310,#4307);
#4312=PRODUCT_DEFINITION_SHAPE('','SHAPE FOR SJ-BB00-0023-HAFTARM-0716_10.',
#4311);
#4313=SHAPE_DEFINITION_REPRESENTATION(#4312,#4304);
ENDSEC;
END-ISO-10303-21;
