ISO-10303-21;
HEADER;
FILE_DESCRIPTION((''),'2;1');
FILE_NAME('SJ-BB00-0026-ONEARM-0716_16','2020-07-16T',('WUSALT01'),(''),
'PRO/ENGINEER BY PARAMETRIC TECHNOLOGY CORPORATION, 2008380',
'PRO/ENGINEER BY PARAMETRIC TECHNOLOGY CORPORATION, 2008380','');
FILE_SCHEMA(('AUTOMOTIVE_DESIGN_CC2 { 1 2 10303 214 -1 1 5 2 }'));
ENDSEC;
DATA;
#14=DIRECTION('',(0.E0,-1.E0,0.E0));
#15=VECTOR('',#14,1.5E0);
#16=CARTESIAN_POINT('',(-5.E-1,1.5E0,-1.5E1));
#17=LINE('',#16,#15);
#18=DIRECTION('',(-4.361938736533E-2,0.E0,9.990482215819E-1));
#19=VECTOR('',#18,1.511471044614E1);
#20=CARTESIAN_POINT('',(-2.297810909638E0,0.E0,-1.510032459094E1));
#21=LINE('',#20,#19);
#22=DIRECTION('',(4.361938736532E-2,0.E0,9.990482215819E-1));
#23=VECTOR('',#22,1.511471044614E1);
#24=CARTESIAN_POINT('',(-2.957105319503E0,0.E0,-6.287912854895E-13));
#25=LINE('',#24,#23);
#26=CARTESIAN_POINT('',(0.E0,0.E0,1.5E1));
#27=DIRECTION('',(0.E0,1.E0,0.E0));
#28=DIRECTION('',(-9.990482215818E-1,0.E0,4.361938736626E-2));
#29=AXIS2_PLACEMENT_3D('',#26,#27,#28);
#31=DIRECTION('',(4.361938736533E-2,0.E0,-9.990482215819E-1));
#32=VECTOR('',#31,1.511471044614E1);
#33=CARTESIAN_POINT('',(2.297810909638E0,0.E0,1.510032459094E1));
#34=LINE('',#33,#32);
#35=DIRECTION('',(-4.361938736533E-2,0.E0,-9.990482215819E-1));
#36=VECTOR('',#35,1.511471044614E1);
#37=CARTESIAN_POINT('',(2.957105319503E0,0.E0,2.468751971987E-13));
#38=LINE('',#37,#36);
#39=CARTESIAN_POINT('',(0.E0,0.E0,-1.5E1));
#40=DIRECTION('',(0.E0,1.E0,0.E0));
#41=DIRECTION('',(9.990482215818E-1,0.E0,-4.361938736682E-2));
#42=AXIS2_PLACEMENT_3D('',#39,#40,#41);
#44=CARTESIAN_POINT('',(0.E0,0.E0,-1.5E1));
#45=DIRECTION('',(0.E0,-1.E0,0.E0));
#46=DIRECTION('',(1.E0,0.E0,0.E0));
#47=AXIS2_PLACEMENT_3D('',#44,#45,#46);
#49=CARTESIAN_POINT('',(0.E0,0.E0,-1.5E1));
#50=DIRECTION('',(0.E0,-1.E0,0.E0));
#51=DIRECTION('',(-1.E0,0.E0,0.E0));
#52=AXIS2_PLACEMENT_3D('',#49,#50,#51);
#54=CARTESIAN_POINT('',(0.E0,0.E0,-7.E0));
#55=DIRECTION('',(0.E0,-1.E0,0.E0));
#56=DIRECTION('',(1.E0,0.E0,0.E0));
#57=AXIS2_PLACEMENT_3D('',#54,#55,#56);
#59=CARTESIAN_POINT('',(0.E0,0.E0,-7.E0));
#60=DIRECTION('',(0.E0,-1.E0,0.E0));
#61=DIRECTION('',(-1.E0,0.E0,0.E0));
#62=AXIS2_PLACEMENT_3D('',#59,#60,#61);
#64=CARTESIAN_POINT('',(0.E0,0.E0,-1.E1));
#65=DIRECTION('',(0.E0,-1.E0,0.E0));
#66=DIRECTION('',(1.E0,0.E0,0.E0));
#67=AXIS2_PLACEMENT_3D('',#64,#65,#66);
#69=CARTESIAN_POINT('',(0.E0,0.E0,-1.E1));
#70=DIRECTION('',(0.E0,-1.E0,0.E0));
#71=DIRECTION('',(-1.E0,0.E0,0.E0));
#72=AXIS2_PLACEMENT_3D('',#69,#70,#71);
#74=CARTESIAN_POINT('',(0.E0,0.E0,-1.25E1));
#75=DIRECTION('',(0.E0,-1.E0,0.E0));
#76=DIRECTION('',(1.E0,0.E0,0.E0));
#77=AXIS2_PLACEMENT_3D('',#74,#75,#76);
#79=CARTESIAN_POINT('',(0.E0,0.E0,-1.25E1));
#80=DIRECTION('',(0.E0,-1.E0,0.E0));
#81=DIRECTION('',(-1.E0,0.E0,0.E0));
#82=AXIS2_PLACEMENT_3D('',#79,#80,#81);
#84=CARTESIAN_POINT('',(0.E0,0.E0,1.5E1));
#85=DIRECTION('',(0.E0,-1.E0,0.E0));
#86=DIRECTION('',(1.E0,0.E0,0.E0));
#87=AXIS2_PLACEMENT_3D('',#84,#85,#86);
#89=CARTESIAN_POINT('',(0.E0,0.E0,1.5E1));
#90=DIRECTION('',(0.E0,-1.E0,0.E0));
#91=DIRECTION('',(-1.E0,0.E0,0.E0));
#92=AXIS2_PLACEMENT_3D('',#89,#90,#91);
#94=CARTESIAN_POINT('',(0.E0,0.E0,7.E0));
#95=DIRECTION('',(0.E0,-1.E0,0.E0));
#96=DIRECTION('',(1.E0,0.E0,0.E0));
#97=AXIS2_PLACEMENT_3D('',#94,#95,#96);
#99=CARTESIAN_POINT('',(0.E0,0.E0,7.E0));
#100=DIRECTION('',(0.E0,-1.E0,0.E0));
#101=DIRECTION('',(-1.E0,0.E0,0.E0));
#102=AXIS2_PLACEMENT_3D('',#99,#100,#101);
#104=CARTESIAN_POINT('',(0.E0,0.E0,1.E1));
#105=DIRECTION('',(0.E0,-1.E0,0.E0));
#106=DIRECTION('',(1.E0,0.E0,0.E0));
#107=AXIS2_PLACEMENT_3D('',#104,#105,#106);
#109=CARTESIAN_POINT('',(0.E0,0.E0,1.E1));
#110=DIRECTION('',(0.E0,-1.E0,0.E0));
#111=DIRECTION('',(-1.E0,0.E0,0.E0));
#112=AXIS2_PLACEMENT_3D('',#109,#110,#111);
#114=CARTESIAN_POINT('',(0.E0,0.E0,1.25E1));
#115=DIRECTION('',(0.E0,-1.E0,0.E0));
#116=DIRECTION('',(1.E0,0.E0,0.E0));
#117=AXIS2_PLACEMENT_3D('',#114,#115,#116);
#119=CARTESIAN_POINT('',(0.E0,0.E0,1.25E1));
#120=DIRECTION('',(0.E0,-1.E0,0.E0));
#121=DIRECTION('',(-1.E0,0.E0,0.E0));
#122=AXIS2_PLACEMENT_3D('',#119,#120,#121);
#124=CARTESIAN_POINT('',(0.E0,0.E0,0.E0));
#125=DIRECTION('',(0.E0,-1.E0,0.E0));
#126=DIRECTION('',(0.E0,0.E0,1.E0));
#127=AXIS2_PLACEMENT_3D('',#124,#125,#126);
#129=CARTESIAN_POINT('',(0.E0,0.E0,0.E0));
#130=DIRECTION('',(0.E0,-1.E0,0.E0));
#131=DIRECTION('',(0.E0,0.E0,-1.E0));
#132=AXIS2_PLACEMENT_3D('',#129,#130,#131);
#134=DIRECTION('',(0.E0,-1.E0,0.E0));
#135=VECTOR('',#134,1.5E0);
#136=CARTESIAN_POINT('',(-2.957105319503E0,1.5E0,-6.287912854895E-13));
#137=LINE('',#136,#135);
#138=DIRECTION('',(0.E0,1.E0,0.E0));
#139=VECTOR('',#138,1.5E0);
#140=CARTESIAN_POINT('',(2.297810909638E0,0.E0,-1.510032459094E1));
#141=LINE('',#140,#139);
#142=DIRECTION('',(0.E0,-1.E0,0.E0));
#143=VECTOR('',#142,1.5E0);
#144=CARTESIAN_POINT('',(-2.297810909638E0,1.5E0,-1.510032459094E1));
#145=LINE('',#144,#143);
#146=DIRECTION('',(0.E0,-1.E0,0.E0));
#147=VECTOR('',#146,1.5E0);
#148=CARTESIAN_POINT('',(2.957105319503E0,1.5E0,2.468751971987E-13));
#149=LINE('',#148,#147);
#150=DIRECTION('',(0.E0,1.E0,0.E0));
#151=VECTOR('',#150,1.5E0);
#152=CARTESIAN_POINT('',(-2.297810909638E0,0.E0,1.510032459094E1));
#153=LINE('',#152,#151);
#154=DIRECTION('',(0.E0,-1.E0,0.E0));
#155=VECTOR('',#154,1.5E0);
#156=CARTESIAN_POINT('',(2.297810909638E0,1.5E0,1.510032459094E1));
#157=LINE('',#156,#155);
#158=DIRECTION('',(4.361938736533E-2,0.E0,-9.990482215819E-1));
#159=VECTOR('',#158,1.511471044614E1);
#160=CARTESIAN_POINT('',(-2.957105319503E0,1.5E0,-6.287912854895E-13));
#161=LINE('',#160,#159);
#162=CARTESIAN_POINT('',(0.E0,1.5E0,-1.5E1));
#163=DIRECTION('',(0.E0,-1.E0,0.E0));
#164=DIRECTION('',(-9.990482215818E-1,0.E0,-4.361938736643E-2));
#165=AXIS2_PLACEMENT_3D('',#162,#163,#164);
#167=DIRECTION('',(4.361938736533E-2,0.E0,9.990482215819E-1));
#168=VECTOR('',#167,1.511471044614E1);
#169=CARTESIAN_POINT('',(2.297810909638E0,1.5E0,-1.510032459094E1));
#170=LINE('',#169,#168);
#171=DIRECTION('',(-4.361938736533E-2,0.E0,9.990482215819E-1));
#172=VECTOR('',#171,1.511471044614E1);
#173=CARTESIAN_POINT('',(2.957105319503E0,1.5E0,2.468751971987E-13));
#174=LINE('',#173,#172);
#175=CARTESIAN_POINT('',(0.E0,1.5E0,1.5E1));
#176=DIRECTION('',(0.E0,-1.E0,0.E0));
#177=DIRECTION('',(9.990482215818E-1,0.E0,4.361938736643E-2));
#178=AXIS2_PLACEMENT_3D('',#175,#176,#177);
#180=DIRECTION('',(-4.361938736532E-2,0.E0,-9.990482215819E-1));
#181=VECTOR('',#180,1.511471044614E1);
#182=CARTESIAN_POINT('',(-2.297810909638E0,1.5E0,1.510032459094E1));
#183=LINE('',#182,#181);
#184=CARTESIAN_POINT('',(0.E0,1.5E0,-1.5E1));
#185=DIRECTION('',(0.E0,1.E0,0.E0));
#186=DIRECTION('',(-1.E0,0.E0,0.E0));
#187=AXIS2_PLACEMENT_3D('',#184,#185,#186);
#189=CARTESIAN_POINT('',(0.E0,1.5E0,-1.5E1));
#190=DIRECTION('',(0.E0,1.E0,0.E0));
#191=DIRECTION('',(1.E0,0.E0,0.E0));
#192=AXIS2_PLACEMENT_3D('',#189,#190,#191);
#194=CARTESIAN_POINT('',(0.E0,1.5E0,-7.E0));
#195=DIRECTION('',(0.E0,1.E0,0.E0));
#196=DIRECTION('',(-1.E0,0.E0,0.E0));
#197=AXIS2_PLACEMENT_3D('',#194,#195,#196);
#199=CARTESIAN_POINT('',(0.E0,1.5E0,-7.E0));
#200=DIRECTION('',(0.E0,1.E0,0.E0));
#201=DIRECTION('',(1.E0,0.E0,0.E0));
#202=AXIS2_PLACEMENT_3D('',#199,#200,#201);
#204=CARTESIAN_POINT('',(0.E0,1.5E0,-1.E1));
#205=DIRECTION('',(0.E0,1.E0,0.E0));
#206=DIRECTION('',(-1.E0,0.E0,0.E0));
#207=AXIS2_PLACEMENT_3D('',#204,#205,#206);
#209=CARTESIAN_POINT('',(0.E0,1.5E0,-1.E1));
#210=DIRECTION('',(0.E0,1.E0,0.E0));
#211=DIRECTION('',(1.E0,0.E0,0.E0));
#212=AXIS2_PLACEMENT_3D('',#209,#210,#211);
#214=CARTESIAN_POINT('',(0.E0,1.5E0,-1.25E1));
#215=DIRECTION('',(0.E0,1.E0,0.E0));
#216=DIRECTION('',(-1.E0,0.E0,0.E0));
#217=AXIS2_PLACEMENT_3D('',#214,#215,#216);
#219=CARTESIAN_POINT('',(0.E0,1.5E0,-1.25E1));
#220=DIRECTION('',(0.E0,1.E0,0.E0));
#221=DIRECTION('',(1.E0,0.E0,0.E0));
#222=AXIS2_PLACEMENT_3D('',#219,#220,#221);
#224=CARTESIAN_POINT('',(0.E0,1.5E0,1.5E1));
#225=DIRECTION('',(0.E0,1.E0,0.E0));
#226=DIRECTION('',(-1.E0,0.E0,0.E0));
#227=AXIS2_PLACEMENT_3D('',#224,#225,#226);
#229=CARTESIAN_POINT('',(0.E0,1.5E0,1.5E1));
#230=DIRECTION('',(0.E0,1.E0,0.E0));
#231=DIRECTION('',(1.E0,0.E0,0.E0));
#232=AXIS2_PLACEMENT_3D('',#229,#230,#231);
#234=CARTESIAN_POINT('',(0.E0,1.5E0,7.E0));
#235=DIRECTION('',(0.E0,1.E0,0.E0));
#236=DIRECTION('',(-1.E0,0.E0,0.E0));
#237=AXIS2_PLACEMENT_3D('',#234,#235,#236);
#239=CARTESIAN_POINT('',(0.E0,1.5E0,7.E0));
#240=DIRECTION('',(0.E0,1.E0,0.E0));
#241=DIRECTION('',(1.E0,0.E0,0.E0));
#242=AXIS2_PLACEMENT_3D('',#239,#240,#241);
#244=CARTESIAN_POINT('',(0.E0,1.5E0,1.E1));
#245=DIRECTION('',(0.E0,1.E0,0.E0));
#246=DIRECTION('',(-1.E0,0.E0,0.E0));
#247=AXIS2_PLACEMENT_3D('',#244,#245,#246);
#249=CARTESIAN_POINT('',(0.E0,1.5E0,1.E1));
#250=DIRECTION('',(0.E0,1.E0,0.E0));
#251=DIRECTION('',(1.E0,0.E0,0.E0));
#252=AXIS2_PLACEMENT_3D('',#249,#250,#251);
#254=CARTESIAN_POINT('',(0.E0,1.5E0,1.25E1));
#255=DIRECTION('',(0.E0,1.E0,0.E0));
#256=DIRECTION('',(-1.E0,0.E0,0.E0));
#257=AXIS2_PLACEMENT_3D('',#254,#255,#256);
#259=CARTESIAN_POINT('',(0.E0,1.5E0,1.25E1));
#260=DIRECTION('',(0.E0,1.E0,0.E0));
#261=DIRECTION('',(1.E0,0.E0,0.E0));
#262=AXIS2_PLACEMENT_3D('',#259,#260,#261);
#264=CARTESIAN_POINT('',(0.E0,1.5E0,0.E0));
#265=DIRECTION('',(0.E0,1.E0,0.E0));
#266=DIRECTION('',(1.E0,0.E0,0.E0));
#267=AXIS2_PLACEMENT_3D('',#264,#265,#266);
#269=CARTESIAN_POINT('',(0.E0,1.5E0,0.E0));
#270=DIRECTION('',(0.E0,1.E0,0.E0));
#271=DIRECTION('',(-1.E0,0.E0,0.E0));
#272=AXIS2_PLACEMENT_3D('',#269,#270,#271);
#274=DIRECTION('',(0.E0,-1.E0,0.E0));
#275=VECTOR('',#274,1.5E0);
#276=CARTESIAN_POINT('',(5.E-1,1.5E0,-1.5E1));
#277=LINE('',#276,#275);
#278=DIRECTION('',(0.E0,-1.E0,0.E0));
#279=VECTOR('',#278,1.5E0);
#280=CARTESIAN_POINT('',(-5.E-1,1.5E0,-7.E0));
#281=LINE('',#280,#279);
#282=DIRECTION('',(0.E0,-1.E0,0.E0));
#283=VECTOR('',#282,1.5E0);
#284=CARTESIAN_POINT('',(5.E-1,1.5E0,-7.E0));
#285=LINE('',#284,#283);
#286=DIRECTION('',(0.E0,-1.E0,0.E0));
#287=VECTOR('',#286,1.5E0);
#288=CARTESIAN_POINT('',(-5.E-1,1.5E0,-1.E1));
#289=LINE('',#288,#287);
#290=DIRECTION('',(0.E0,-1.E0,0.E0));
#291=VECTOR('',#290,1.5E0);
#292=CARTESIAN_POINT('',(5.E-1,1.5E0,-1.E1));
#293=LINE('',#292,#291);
#294=DIRECTION('',(0.E0,-1.E0,0.E0));
#295=VECTOR('',#294,1.5E0);
#296=CARTESIAN_POINT('',(-5.E-1,1.5E0,-1.25E1));
#297=LINE('',#296,#295);
#298=DIRECTION('',(0.E0,-1.E0,0.E0));
#299=VECTOR('',#298,1.5E0);
#300=CARTESIAN_POINT('',(5.E-1,1.5E0,-1.25E1));
#301=LINE('',#300,#299);
#302=DIRECTION('',(0.E0,-1.E0,0.E0));
#303=VECTOR('',#302,1.5E0);
#304=CARTESIAN_POINT('',(-5.E-1,1.5E0,1.5E1));
#305=LINE('',#304,#303);
#306=DIRECTION('',(0.E0,-1.E0,0.E0));
#307=VECTOR('',#306,1.5E0);
#308=CARTESIAN_POINT('',(5.E-1,1.5E0,1.5E1));
#309=LINE('',#308,#307);
#310=DIRECTION('',(0.E0,-1.E0,0.E0));
#311=VECTOR('',#310,1.5E0);
#312=CARTESIAN_POINT('',(-5.E-1,1.5E0,7.E0));
#313=LINE('',#312,#311);
#314=DIRECTION('',(0.E0,-1.E0,0.E0));
#315=VECTOR('',#314,1.5E0);
#316=CARTESIAN_POINT('',(5.E-1,1.5E0,7.E0));
#317=LINE('',#316,#315);
#318=DIRECTION('',(0.E0,-1.E0,0.E0));
#319=VECTOR('',#318,1.5E0);
#320=CARTESIAN_POINT('',(-5.E-1,1.5E0,1.E1));
#321=LINE('',#320,#319);
#322=DIRECTION('',(0.E0,-1.E0,0.E0));
#323=VECTOR('',#322,1.5E0);
#324=CARTESIAN_POINT('',(5.E-1,1.5E0,1.E1));
#325=LINE('',#324,#323);
#326=DIRECTION('',(0.E0,-1.E0,0.E0));
#327=VECTOR('',#326,1.5E0);
#328=CARTESIAN_POINT('',(-5.E-1,1.5E0,1.25E1));
#329=LINE('',#328,#327);
#330=DIRECTION('',(0.E0,-1.E0,0.E0));
#331=VECTOR('',#330,1.5E0);
#332=CARTESIAN_POINT('',(5.E-1,1.5E0,1.25E1));
#333=LINE('',#332,#331);
#334=DIRECTION('',(0.E0,-1.E0,-7.632481812181E-12));
#335=VECTOR('',#334,1.5E0);
#336=CARTESIAN_POINT('',(-2.95E0,3.E0,-3.434614663723E-11));
#337=LINE('',#336,#335);
#338=CARTESIAN_POINT('',(0.E0,3.E0,0.E0));
#339=DIRECTION('',(0.E0,-1.E0,0.E0));
#340=DIRECTION('',(-1.E0,0.E0,-2.328549609396E-11));
#341=AXIS2_PLACEMENT_3D('',#338,#339,#340);
#343=CARTESIAN_POINT('',(0.E0,3.E0,0.E0));
#344=DIRECTION('',(0.E0,-1.E0,0.E0));
#345=DIRECTION('',(-9.997974868714E-1,0.E0,-2.012424521683E-2));
#346=AXIS2_PLACEMENT_3D('',#343,#344,#345);
#348=CARTESIAN_POINT('',(2.65E0,3.E0,0.E0));
#349=DIRECTION('',(0.E0,0.E0,1.E0));
#350=DIRECTION('',(1.E0,0.E0,0.E0));
#351=AXIS2_PLACEMENT_3D('',#348,#349,#350);
#353=CARTESIAN_POINT('',(0.E0,3.3E0,0.E0));
#354=DIRECTION('',(0.E0,-1.E0,0.E0));
#355=DIRECTION('',(1.E0,0.E0,0.E0));
#356=AXIS2_PLACEMENT_3D('',#353,#354,#355);
#358=CARTESIAN_POINT('',(0.E0,3.3E0,0.E0));
#359=DIRECTION('',(0.E0,-1.E0,0.E0));
#360=DIRECTION('',(9.997974868714E-1,0.E0,2.012424521683E-2));
#361=AXIS2_PLACEMENT_3D('',#358,#359,#360);
#363=CARTESIAN_POINT('',(0.E0,3.3E0,0.E0));
#364=DIRECTION('',(0.E0,-1.E0,0.E0));
#365=DIRECTION('',(-1.E0,0.E0,0.E0));
#366=AXIS2_PLACEMENT_3D('',#363,#364,#365);
#368=CARTESIAN_POINT('',(0.E0,3.3E0,0.E0));
#369=DIRECTION('',(0.E0,-1.E0,0.E0));
#370=DIRECTION('',(-9.997974868714E-1,0.E0,-2.012424521683E-2));
#371=AXIS2_PLACEMENT_3D('',#368,#369,#370);
#373=CARTESIAN_POINT('',(-2.904432620794E-1,3.3E0,1.827058486068E0));
#374=DIRECTION('',(0.E0,-1.E0,0.E0));
#375=DIRECTION('',(-6.080129700920E-1,0.E0,-7.939270924965E-1));
#376=AXIS2_PLACEMENT_3D('',#373,#374,#375);
#378=CARTESIAN_POINT('',(-2.904432620794E-1,3.3E0,1.827058486068E0));
#379=DIRECTION('',(0.E0,-1.E0,0.E0));
#380=DIRECTION('',(1.569963524402E-1,0.E0,-9.875991825232E-1));
#381=AXIS2_PLACEMENT_3D('',#378,#379,#380);
#383=DIRECTION('',(5.591929034708E-1,0.E0,8.290375725550E-1));
#384=VECTOR('',#383,2.228850666640E-1);
#385=CARTESIAN_POINT('',(-2.075395048239E-1,3.3E0,1.771139195721E0));
#386=LINE('',#385,#384);
#387=CARTESIAN_POINT('',(0.E0,3.3E0,1.9E0));
#388=DIRECTION('',(0.E0,1.E0,0.E0));
#389=DIRECTION('',(-8.290375725589E-1,0.E0,5.591929034651E-1));
#390=AXIS2_PLACEMENT_3D('',#387,#388,#389);
#392=DIRECTION('',(5.591929034708E-1,0.E0,-8.290375725550E-1));
#393=VECTOR('',#392,2.228850666639E-1);
#394=CARTESIAN_POINT('',(8.290375725547E-2,3.3E0,1.955919290347E0));
#395=LINE('',#394,#393);
#396=CARTESIAN_POINT('',(2.904432620794E-1,3.3E0,1.827058486068E0));
#397=DIRECTION('',(0.E0,-1.E0,0.E0));
#398=DIRECTION('',(-8.290375725627E-1,0.E0,-5.591929034593E-1));
#399=AXIS2_PLACEMENT_3D('',#396,#397,#398);
#401=CARTESIAN_POINT('',(2.904432620794E-1,3.3E0,1.827058486068E0));
#402=DIRECTION('',(0.E0,-1.E0,0.E0));
#403=DIRECTION('',(-1.569961430067E-1,0.E0,-9.875992158163E-1));
#404=AXIS2_PLACEMENT_3D('',#401,#402,#403);
#406=CARTESIAN_POINT('',(3.507251032903E-1,3.3E0,1.748341347909E0));
#407=CARTESIAN_POINT('',(4.091448374055E-1,3.3E0,1.793983846477E0));
#408=CARTESIAN_POINT('',(4.671464076647E-1,3.3E0,1.840165957753E0));
#409=CARTESIAN_POINT('',(5.255661417798E-1,3.3E0,1.885808456321E0));
#411=CARTESIAN_POINT('',(5.871322893124E-1,3.3E0,1.807007380961E0));
#412=DIRECTION('',(0.E0,1.E0,0.E0));
#413=DIRECTION('',(-6.156614753222E-1,0.E0,7.880107536095E-1));
#414=AXIS2_PLACEMENT_3D('',#411,#412,#413);
#416=DIRECTION('',(2.756373558170E-1,0.E0,-9.612616959383E-1));
#417=VECTOR('',#416,2.228850666656E-1);
#418=CARTESIAN_POINT('',(6.832584589062E-1,3.3E0,1.834571116543E0));
#419=LINE('',#418,#417);
#420=CARTESIAN_POINT('',(8.408200789266E-1,3.3E0,1.647883974943E0));
#421=DIRECTION('',(0.E0,-1.E0,0.E0));
#422=DIRECTION('',(-9.612616959334E-1,0.E0,-2.756373558342E-1));
#423=AXIS2_PLACEMENT_3D('',#420,#421,#422);
#425=CARTESIAN_POINT('',(8.408200789266E-1,3.3E0,1.647883974943E0));
#426=DIRECTION('',(0.E0,-1.E0,0.E0));
#427=DIRECTION('',(-4.544971461584E-1,0.E0,-8.907481934497E-1));
#428=AXIS2_PLACEMENT_3D('',#425,#426,#427);
#430=CARTESIAN_POINT('',(8.738265833846E-1,3.3E0,1.554391414366E0));
#431=CARTESIAN_POINT('',(9.434913599181E-1,3.3E0,1.579747319401E0));
#432=CARTESIAN_POINT('',(1.012925188489E0,3.3E0,1.605745646356E0));
#433=CARTESIAN_POINT('',(1.082589965023E0,3.3E0,1.631101551391E0));
#435=CARTESIAN_POINT('',(1.116791979356E0,3.3E0,1.537132289312E0));
#436=DIRECTION('',(0.E0,1.E0,0.E0));
#437=DIRECTION('',(-3.420201433346E-1,0.E0,9.396926207827E-1));
#438=AXIS2_PLACEMENT_3D('',#435,#436,#437);
#440=DIRECTION('',(-3.489949670361E-2,0.E0,-9.993908270191E-1));
#441=VECTOR('',#440,2.228850666641E-1);
#442=CARTESIAN_POINT('',(1.216731062058E0,3.3E0,1.533642339642E0));
#443=LINE('',#442,#441);
#444=CARTESIAN_POINT('',(1.308891568110E0,3.3E0,1.307403098868E0));
#445=DIRECTION('',(0.E0,-1.E0,0.E0));
#446=DIRECTION('',(-9.993908270189E-1,0.E0,3.489949670706E-2));
#447=AXIS2_PLACEMENT_3D('',#444,#445,#446);
#449=CARTESIAN_POINT('',(1.308891568110E0,3.3E0,1.307403098868E0));
#450=DIRECTION('',(0.E0,-1.E0,0.E0));
#451=DIRECTION('',(-7.075088019762E-1,0.E0,-7.067045317006E-1));
#452=AXIS2_PLACEMENT_3D('',#449,#450,#451);
#454=CARTESIAN_POINT('',(1.311391829189E0,3.3E0,1.208286819103E0));
#455=CARTESIAN_POINT('',(1.385482374432E0,3.3E0,1.210874117955E0));
#456=CARTESIAN_POINT('',(1.459551794400E0,3.3E0,1.214143763206E0));
#457=CARTESIAN_POINT('',(1.533642339643E0,3.3E0,1.216731062058E0));
#459=CARTESIAN_POINT('',(1.537132289312E0,3.3E0,1.116791979356E0));
#460=DIRECTION('',(0.E0,1.E0,0.E0));
#461=DIRECTION('',(-3.489949667045E-2,0.E0,9.993908270202E-1));
#462=AXIS2_PLACEMENT_3D('',#459,#460,#461);
#464=DIRECTION('',(-3.420201433248E-1,0.E0,-9.396926207862E-1));
#465=VECTOR('',#464,2.228850666642E-1);
#466=CARTESIAN_POINT('',(1.631101551391E0,3.3E0,1.082589965022E0));
#467=LINE('',#466,#465);
#468=CARTESIAN_POINT('',(1.648839631024E0,3.3E0,8.389444982626E-1));
#469=DIRECTION('',(0.E0,-1.E0,0.E0));
#470=DIRECTION('',(-9.396926207939E-1,0.E0,3.420201433038E-1));
#471=AXIS2_PLACEMENT_3D('',#468,#469,#470);
#473=CARTESIAN_POINT('',(1.648839631024E0,3.3E0,8.389444982626E-1));
#474=DIRECTION('',(0.E0,-1.E0,0.E0));
#475=DIRECTION('',(-8.912645667529E-1,0.E0,-4.534837064887E-1));
#476=AXIS2_PLACEMENT_3D('',#473,#474,#475);
#478=CARTESIAN_POINT('',(1.620588905749E0,3.3E0,7.439066913581E-1));
#479=CARTESIAN_POINT('',(1.691852720912E0,3.3E0,7.234721211884E-1));
#480=CARTESIAN_POINT('',(1.763307301380E0,3.3E0,7.036930290758E-1));
#481=CARTESIAN_POINT('',(1.834571116543E0,3.3E0,6.832584589061E-1));
#483=CARTESIAN_POINT('',(1.807007380961E0,3.3E0,5.871322893124E-1));
#484=DIRECTION('',(0.E0,1.E0,0.E0));
#485=DIRECTION('',(2.756373558210E-1,0.E0,9.612616959372E-1));
#486=AXIS2_PLACEMENT_3D('',#483,#484,#485);
#488=DIRECTION('',(-6.156614753263E-1,0.E0,-7.880107536062E-1));
#489=VECTOR('',#488,2.228850666635E-1);
#490=CARTESIAN_POINT('',(1.885808456322E0,3.3E0,5.255661417804E-1));
#491=LINE('',#490,#489);
#492=CARTESIAN_POINT('',(1.827387782711E0,3.3E0,2.883641648973E-1));
#493=DIRECTION('',(0.E0,-1.E0,0.E0));
#494=DIRECTION('',(-7.880107535801E-1,0.E0,6.156614753598E-1));
#495=AXIS2_PLACEMENT_3D('',#492,#493,#494);
#497=CARTESIAN_POINT('',(1.827387782711E0,3.3E0,2.883641648973E-1));
#498=DIRECTION('',(0.E0,-1.E0,0.E0));
#499=DIRECTION('',(-9.877771459305E-1,0.E0,-1.558727364788E-1));
#500=AXIS2_PLACEMENT_3D('',#497,#498,#499);
#502=CARTESIAN_POINT('',(1.771151448908E0,3.3E0,2.067077935595E-1));
#503=CARTESIAN_POINT('',(1.832612735239E0,3.3E0,1.652516324728E-1));
#504=CARTESIAN_POINT('',(1.894458004015E0,3.3E0,1.243599183425E-1));
#505=CARTESIAN_POINT('',(1.955919290347E0,3.3E0,8.290375725585E-2));
#507=CARTESIAN_POINT('',(1.9E0,3.3E0,0.E0));
#508=DIRECTION('',(0.E0,1.E0,0.E0));
#509=DIRECTION('',(5.591929034613E-1,0.E0,8.290375725614E-1));
#510=AXIS2_PLACEMENT_3D('',#507,#508,#509);
#512=DIRECTION('',(-8.290375725550E-1,0.E0,-5.591929034708E-1));
#513=VECTOR('',#512,2.228850666639E-1);
#514=CARTESIAN_POINT('',(1.955919290347E0,3.3E0,-8.290375725547E-2));
#515=LINE('',#514,#513);
#516=CARTESIAN_POINT('',(1.827058486068E0,3.3E0,-2.904432620794E-1));
#517=DIRECTION('',(0.E0,-1.E0,0.E0));
#518=DIRECTION('',(-5.591929034593E-1,0.E0,8.290375725627E-1));
#519=AXIS2_PLACEMENT_3D('',#516,#517,#518);
#521=CARTESIAN_POINT('',(1.827058486068E0,3.3E0,-2.904432620794E-1));
#522=DIRECTION('',(0.E0,-1.E0,0.E0));
#523=DIRECTION('',(-9.875992158163E-1,0.E0,1.569961430067E-1));
#524=AXIS2_PLACEMENT_3D('',#521,#522,#523);
#526=CARTESIAN_POINT('',(1.748341347909E0,3.3E0,-3.507251032903E-1));
#527=CARTESIAN_POINT('',(1.793983846477E0,3.3E0,-4.091448374055E-1));
#528=CARTESIAN_POINT('',(1.840165957753E0,3.3E0,-4.671464076647E-1));
#529=CARTESIAN_POINT('',(1.885808456321E0,3.3E0,-5.255661417798E-1));
#531=CARTESIAN_POINT('',(1.807007380961E0,3.3E0,-5.871322893124E-1));
#532=DIRECTION('',(0.E0,1.E0,0.E0));
#533=DIRECTION('',(7.880107536095E-1,0.E0,6.156614753222E-1));
#534=AXIS2_PLACEMENT_3D('',#531,#532,#533);
#536=DIRECTION('',(-9.612616959383E-1,0.E0,-2.756373558170E-1));
#537=VECTOR('',#536,2.228850666656E-1);
#538=CARTESIAN_POINT('',(1.834571116543E0,3.3E0,-6.832584589062E-1));
#539=LINE('',#538,#537);
#540=CARTESIAN_POINT('',(1.647883974943E0,3.3E0,-8.408200789266E-1));
#541=DIRECTION('',(0.E0,-1.E0,0.E0));
#542=DIRECTION('',(-2.756373558342E-1,0.E0,9.612616959334E-1));
#543=AXIS2_PLACEMENT_3D('',#540,#541,#542);
#545=CARTESIAN_POINT('',(1.647883974943E0,3.3E0,-8.408200789266E-1));
#546=DIRECTION('',(0.E0,-1.E0,0.E0));
#547=DIRECTION('',(-8.907481934497E-1,0.E0,4.544971461584E-1));
#548=AXIS2_PLACEMENT_3D('',#545,#546,#547);
#550=CARTESIAN_POINT('',(1.554391414366E0,3.3E0,-8.738265833846E-1));
#551=CARTESIAN_POINT('',(1.579747319401E0,3.3E0,-9.434913599181E-1));
#552=CARTESIAN_POINT('',(1.605745646356E0,3.3E0,-1.012925188489E0));
#553=CARTESIAN_POINT('',(1.631101551391E0,3.3E0,-1.082589965023E0));
#555=CARTESIAN_POINT('',(1.537132289312E0,3.3E0,-1.116791979356E0));
#556=DIRECTION('',(0.E0,1.E0,0.E0));
#557=DIRECTION('',(9.396926207827E-1,0.E0,3.420201433346E-1));
#558=AXIS2_PLACEMENT_3D('',#555,#556,#557);
#560=DIRECTION('',(-9.993908270191E-1,0.E0,3.489949670361E-2));
#561=VECTOR('',#560,2.228850666641E-1);
#562=CARTESIAN_POINT('',(1.533642339642E0,3.3E0,-1.216731062058E0));
#563=LINE('',#562,#561);
#564=CARTESIAN_POINT('',(1.307403098868E0,3.3E0,-1.308891568110E0));
#565=DIRECTION('',(0.E0,-1.E0,0.E0));
#566=DIRECTION('',(3.489949670706E-2,0.E0,9.993908270189E-1));
#567=AXIS2_PLACEMENT_3D('',#564,#565,#566);
#569=CARTESIAN_POINT('',(1.307403098868E0,3.3E0,-1.308891568110E0));
#570=DIRECTION('',(0.E0,-1.E0,0.E0));
#571=DIRECTION('',(-7.067045317006E-1,0.E0,7.075088019762E-1));
#572=AXIS2_PLACEMENT_3D('',#569,#570,#571);
#574=CARTESIAN_POINT('',(1.208286819103E0,3.3E0,-1.311391829189E0));
#575=CARTESIAN_POINT('',(1.210874117955E0,3.3E0,-1.385482374432E0));
#576=CARTESIAN_POINT('',(1.214143763206E0,3.3E0,-1.459551794400E0));
#577=CARTESIAN_POINT('',(1.216731062058E0,3.3E0,-1.533642339643E0));
#579=CARTESIAN_POINT('',(1.116791979356E0,3.3E0,-1.537132289312E0));
#580=DIRECTION('',(0.E0,1.E0,0.E0));
#581=DIRECTION('',(9.993908270202E-1,0.E0,3.489949667057E-2));
#582=AXIS2_PLACEMENT_3D('',#579,#580,#581);
#584=DIRECTION('',(-9.396926207862E-1,0.E0,3.420201433248E-1));
#585=VECTOR('',#584,2.228850666642E-1);
#586=CARTESIAN_POINT('',(1.082589965022E0,3.3E0,-1.631101551391E0));
#587=LINE('',#586,#585);
#588=CARTESIAN_POINT('',(8.389444982626E-1,3.3E0,-1.648839631024E0));
#589=DIRECTION('',(0.E0,-1.E0,0.E0));
#590=DIRECTION('',(3.420201433038E-1,0.E0,9.396926207939E-1));
#591=AXIS2_PLACEMENT_3D('',#588,#589,#590);
#593=CARTESIAN_POINT('',(8.389444982626E-1,3.3E0,-1.648839631024E0));
#594=DIRECTION('',(0.E0,-1.E0,0.E0));
#595=DIRECTION('',(-4.534837064887E-1,0.E0,8.912645667529E-1));
#596=AXIS2_PLACEMENT_3D('',#593,#594,#595);
#598=CARTESIAN_POINT('',(7.439066913581E-1,3.3E0,-1.620588905749E0));
#599=CARTESIAN_POINT('',(7.234721211884E-1,3.3E0,-1.691852720912E0));
#600=CARTESIAN_POINT('',(7.036930290758E-1,3.3E0,-1.763307301380E0));
#601=CARTESIAN_POINT('',(6.832584589061E-1,3.3E0,-1.834571116543E0));
#603=CARTESIAN_POINT('',(5.871322893124E-1,3.3E0,-1.807007380961E0));
#604=DIRECTION('',(0.E0,1.E0,0.E0));
#605=DIRECTION('',(9.612616959372E-1,0.E0,-2.756373558210E-1));
#606=AXIS2_PLACEMENT_3D('',#603,#604,#605);
#608=DIRECTION('',(-7.880107536062E-1,0.E0,6.156614753263E-1));
#609=VECTOR('',#608,2.228850666635E-1);
#610=CARTESIAN_POINT('',(5.255661417804E-1,3.3E0,-1.885808456322E0));
#611=LINE('',#610,#609);
#612=CARTESIAN_POINT('',(2.883641648973E-1,3.3E0,-1.827387782711E0));
#613=DIRECTION('',(0.E0,-1.E0,0.E0));
#614=DIRECTION('',(6.156614753598E-1,0.E0,7.880107535801E-1));
#615=AXIS2_PLACEMENT_3D('',#612,#613,#614);
#617=CARTESIAN_POINT('',(2.883641648973E-1,3.3E0,-1.827387782711E0));
#618=DIRECTION('',(0.E0,-1.E0,0.E0));
#619=DIRECTION('',(-1.558727364788E-1,0.E0,9.877771459305E-1));
#620=AXIS2_PLACEMENT_3D('',#617,#618,#619);
#622=CARTESIAN_POINT('',(2.067077935595E-1,3.3E0,-1.771151448908E0));
#623=CARTESIAN_POINT('',(1.652516324728E-1,3.3E0,-1.832612735239E0));
#624=CARTESIAN_POINT('',(1.243599183425E-1,3.3E0,-1.894458004015E0));
#625=CARTESIAN_POINT('',(8.290375725585E-2,3.3E0,-1.955919290347E0));
#627=CARTESIAN_POINT('',(0.E0,3.3E0,-1.9E0));
#628=DIRECTION('',(0.E0,1.E0,0.E0));
#629=DIRECTION('',(8.290375725614E-1,0.E0,-5.591929034613E-1));
#630=AXIS2_PLACEMENT_3D('',#627,#628,#629);
#632=DIRECTION('',(-5.591929034708E-1,0.E0,8.290375725550E-1));
#633=VECTOR('',#632,2.228850666639E-1);
#634=CARTESIAN_POINT('',(-8.290375725547E-2,3.3E0,-1.955919290347E0));
#635=LINE('',#634,#633);
#636=CARTESIAN_POINT('',(-2.904432620794E-1,3.3E0,-1.827058486068E0));
#637=DIRECTION('',(0.E0,-1.E0,0.E0));
#638=DIRECTION('',(8.290375725627E-1,0.E0,5.591929034593E-1));
#639=AXIS2_PLACEMENT_3D('',#636,#637,#638);
#641=CARTESIAN_POINT('',(-2.904432620794E-1,3.3E0,-1.827058486068E0));
#642=DIRECTION('',(0.E0,-1.E0,0.E0));
#643=DIRECTION('',(1.569961430067E-1,0.E0,9.875992158163E-1));
#644=AXIS2_PLACEMENT_3D('',#641,#642,#643);
#646=CARTESIAN_POINT('',(-3.507251032903E-1,3.3E0,-1.748341347909E0));
#647=CARTESIAN_POINT('',(-4.091448374055E-1,3.3E0,-1.793983846477E0));
#648=CARTESIAN_POINT('',(-4.671464076647E-1,3.3E0,-1.840165957753E0));
#649=CARTESIAN_POINT('',(-5.255661417798E-1,3.3E0,-1.885808456321E0));
#651=CARTESIAN_POINT('',(-5.871322893124E-1,3.3E0,-1.807007380961E0));
#652=DIRECTION('',(0.E0,1.E0,0.E0));
#653=DIRECTION('',(6.156614753222E-1,0.E0,-7.880107536095E-1));
#654=AXIS2_PLACEMENT_3D('',#651,#652,#653);
#656=DIRECTION('',(-2.756373558170E-1,0.E0,9.612616959383E-1));
#657=VECTOR('',#656,2.228850666656E-1);
#658=CARTESIAN_POINT('',(-6.832584589062E-1,3.3E0,-1.834571116543E0));
#659=LINE('',#658,#657);
#660=CARTESIAN_POINT('',(-8.408200789266E-1,3.3E0,-1.647883974943E0));
#661=DIRECTION('',(0.E0,-1.E0,0.E0));
#662=DIRECTION('',(9.612616959334E-1,0.E0,2.756373558342E-1));
#663=AXIS2_PLACEMENT_3D('',#660,#661,#662);
#665=CARTESIAN_POINT('',(-8.408200789266E-1,3.3E0,-1.647883974943E0));
#666=DIRECTION('',(0.E0,-1.E0,0.E0));
#667=DIRECTION('',(4.544971461584E-1,0.E0,8.907481934497E-1));
#668=AXIS2_PLACEMENT_3D('',#665,#666,#667);
#670=CARTESIAN_POINT('',(-8.738265833846E-1,3.3E0,-1.554391414366E0));
#671=CARTESIAN_POINT('',(-9.434913599181E-1,3.3E0,-1.579747319401E0));
#672=CARTESIAN_POINT('',(-1.012925188489E0,3.3E0,-1.605745646356E0));
#673=CARTESIAN_POINT('',(-1.082589965023E0,3.3E0,-1.631101551391E0));
#675=CARTESIAN_POINT('',(-1.116791979356E0,3.3E0,-1.537132289312E0));
#676=DIRECTION('',(0.E0,1.E0,0.E0));
#677=DIRECTION('',(3.420201433346E-1,0.E0,-9.396926207827E-1));
#678=AXIS2_PLACEMENT_3D('',#675,#676,#677);
#680=DIRECTION('',(3.489949670361E-2,0.E0,9.993908270191E-1));
#681=VECTOR('',#680,2.228850666641E-1);
#682=CARTESIAN_POINT('',(-1.216731062058E0,3.3E0,-1.533642339642E0));
#683=LINE('',#682,#681);
#684=CARTESIAN_POINT('',(-1.308891568110E0,3.3E0,-1.307403098868E0));
#685=DIRECTION('',(0.E0,-1.E0,0.E0));
#686=DIRECTION('',(9.993908270189E-1,0.E0,-3.489949670706E-2));
#687=AXIS2_PLACEMENT_3D('',#684,#685,#686);
#689=CARTESIAN_POINT('',(-1.308891568110E0,3.3E0,-1.307403098868E0));
#690=DIRECTION('',(0.E0,-1.E0,0.E0));
#691=DIRECTION('',(7.075088019762E-1,0.E0,7.067045317006E-1));
#692=AXIS2_PLACEMENT_3D('',#689,#690,#691);
#694=CARTESIAN_POINT('',(-1.311391829189E0,3.3E0,-1.208286819103E0));
#695=CARTESIAN_POINT('',(-1.385482374432E0,3.3E0,-1.210874117955E0));
#696=CARTESIAN_POINT('',(-1.459551794400E0,3.3E0,-1.214143763206E0));
#697=CARTESIAN_POINT('',(-1.533642339643E0,3.3E0,-1.216731062058E0));
#699=CARTESIAN_POINT('',(-1.537132289312E0,3.3E0,-1.116791979356E0));
#700=DIRECTION('',(0.E0,1.E0,0.E0));
#701=DIRECTION('',(3.489949667057E-2,0.E0,-9.993908270202E-1));
#702=AXIS2_PLACEMENT_3D('',#699,#700,#701);
#704=DIRECTION('',(3.420201433248E-1,0.E0,9.396926207862E-1));
#705=VECTOR('',#704,2.228850666642E-1);
#706=CARTESIAN_POINT('',(-1.631101551391E0,3.3E0,-1.082589965022E0));
#707=LINE('',#706,#705);
#708=CARTESIAN_POINT('',(-1.648839631024E0,3.3E0,-8.389444982626E-1));
#709=DIRECTION('',(0.E0,-1.E0,0.E0));
#710=DIRECTION('',(9.396926207939E-1,0.E0,-3.420201433038E-1));
#711=AXIS2_PLACEMENT_3D('',#708,#709,#710);
#713=CARTESIAN_POINT('',(-1.648839631024E0,3.3E0,-8.389444982626E-1));
#714=DIRECTION('',(0.E0,-1.E0,0.E0));
#715=DIRECTION('',(8.912645667529E-1,0.E0,4.534837064887E-1));
#716=AXIS2_PLACEMENT_3D('',#713,#714,#715);
#718=CARTESIAN_POINT('',(-1.620588905749E0,3.3E0,-7.439066913581E-1));
#719=CARTESIAN_POINT('',(-1.691852720912E0,3.3E0,-7.234721211884E-1));
#720=CARTESIAN_POINT('',(-1.763307301380E0,3.3E0,-7.036930290758E-1));
#721=CARTESIAN_POINT('',(-1.834571116543E0,3.3E0,-6.832584589061E-1));
#723=CARTESIAN_POINT('',(-1.807007380961E0,3.3E0,-5.871322893124E-1));
#724=DIRECTION('',(0.E0,1.E0,0.E0));
#725=DIRECTION('',(-2.756373558210E-1,0.E0,-9.612616959372E-1));
#726=AXIS2_PLACEMENT_3D('',#723,#724,#725);
#728=DIRECTION('',(6.156614753263E-1,0.E0,7.880107536062E-1));
#729=VECTOR('',#728,2.228850666635E-1);
#730=CARTESIAN_POINT('',(-1.885808456322E0,3.3E0,-5.255661417804E-1));
#731=LINE('',#730,#729);
#732=CARTESIAN_POINT('',(-1.827387782711E0,3.3E0,-2.883641648973E-1));
#733=DIRECTION('',(0.E0,-1.E0,0.E0));
#734=DIRECTION('',(7.880107535801E-1,0.E0,-6.156614753598E-1));
#735=AXIS2_PLACEMENT_3D('',#732,#733,#734);
#737=CARTESIAN_POINT('',(-1.827387782711E0,3.3E0,-2.883641648973E-1));
#738=DIRECTION('',(0.E0,-1.E0,0.E0));
#739=DIRECTION('',(9.877771459305E-1,0.E0,1.558727364788E-1));
#740=AXIS2_PLACEMENT_3D('',#737,#738,#739);
#742=CARTESIAN_POINT('',(-1.771151448908E0,3.3E0,-2.067077935595E-1));
#743=CARTESIAN_POINT('',(-1.832612735239E0,3.3E0,-1.652516324728E-1));
#744=CARTESIAN_POINT('',(-1.894458004015E0,3.3E0,-1.243599183425E-1));
#745=CARTESIAN_POINT('',(-1.955919290347E0,3.3E0,-8.290375725585E-2));
#747=CARTESIAN_POINT('',(-1.9E0,3.3E0,0.E0));
#748=DIRECTION('',(0.E0,1.E0,0.E0));
#749=DIRECTION('',(-5.591929034613E-1,0.E0,-8.290375725614E-1));
#750=AXIS2_PLACEMENT_3D('',#747,#748,#749);
#752=DIRECTION('',(8.290375725550E-1,0.E0,5.591929034708E-1));
#753=VECTOR('',#752,2.228850666639E-1);
#754=CARTESIAN_POINT('',(-1.955919290347E0,3.3E0,8.290375725547E-2));
#755=LINE('',#754,#753);
#756=CARTESIAN_POINT('',(-1.827058486068E0,3.3E0,2.904432620794E-1));
#757=DIRECTION('',(0.E0,-1.E0,0.E0));
#758=DIRECTION('',(5.591929034593E-1,0.E0,-8.290375725627E-1));
#759=AXIS2_PLACEMENT_3D('',#756,#757,#758);
#761=CARTESIAN_POINT('',(-1.827058486068E0,3.3E0,2.904432620794E-1));
#762=DIRECTION('',(0.E0,-1.E0,0.E0));
#763=DIRECTION('',(9.875992158163E-1,0.E0,-1.569961430067E-1));
#764=AXIS2_PLACEMENT_3D('',#761,#762,#763);
#766=CARTESIAN_POINT('',(-1.748341347909E0,3.3E0,3.507251032903E-1));
#767=CARTESIAN_POINT('',(-1.793983846477E0,3.3E0,4.091448374055E-1));
#768=CARTESIAN_POINT('',(-1.840165957753E0,3.3E0,4.671464076647E-1));
#769=CARTESIAN_POINT('',(-1.885808456321E0,3.3E0,5.255661417798E-1));
#771=CARTESIAN_POINT('',(-1.807007380961E0,3.3E0,5.871322893124E-1));
#772=DIRECTION('',(0.E0,1.E0,0.E0));
#773=DIRECTION('',(-7.880107536095E-1,0.E0,-6.156614753222E-1));
#774=AXIS2_PLACEMENT_3D('',#771,#772,#773);
#776=DIRECTION('',(9.612616959383E-1,0.E0,2.756373558170E-1));
#777=VECTOR('',#776,2.228850666656E-1);
#778=CARTESIAN_POINT('',(-1.834571116543E0,3.3E0,6.832584589062E-1));
#779=LINE('',#778,#777);
#780=CARTESIAN_POINT('',(-1.647883974943E0,3.3E0,8.408200789266E-1));
#781=DIRECTION('',(0.E0,-1.E0,0.E0));
#782=DIRECTION('',(2.756373558342E-1,0.E0,-9.612616959334E-1));
#783=AXIS2_PLACEMENT_3D('',#780,#781,#782);
#785=CARTESIAN_POINT('',(-1.647883974943E0,3.3E0,8.408200789266E-1));
#786=DIRECTION('',(0.E0,-1.E0,0.E0));
#787=DIRECTION('',(8.907481934497E-1,0.E0,-4.544971461584E-1));
#788=AXIS2_PLACEMENT_3D('',#785,#786,#787);
#790=CARTESIAN_POINT('',(-1.554391414366E0,3.3E0,8.738265833846E-1));
#791=CARTESIAN_POINT('',(-1.579747319401E0,3.3E0,9.434913599181E-1));
#792=CARTESIAN_POINT('',(-1.605745646356E0,3.3E0,1.012925188489E0));
#793=CARTESIAN_POINT('',(-1.631101551391E0,3.3E0,1.082589965023E0));
#795=CARTESIAN_POINT('',(-1.537132289312E0,3.3E0,1.116791979356E0));
#796=DIRECTION('',(0.E0,1.E0,0.E0));
#797=DIRECTION('',(-9.396926207827E-1,0.E0,-3.420201433346E-1));
#798=AXIS2_PLACEMENT_3D('',#795,#796,#797);
#800=DIRECTION('',(9.993908270191E-1,0.E0,-3.489949670361E-2));
#801=VECTOR('',#800,2.228850666641E-1);
#802=CARTESIAN_POINT('',(-1.533642339642E0,3.3E0,1.216731062058E0));
#803=LINE('',#802,#801);
#804=CARTESIAN_POINT('',(-1.307403098868E0,3.3E0,1.308891568110E0));
#805=DIRECTION('',(0.E0,-1.E0,0.E0));
#806=DIRECTION('',(-3.489949670706E-2,0.E0,-9.993908270189E-1));
#807=AXIS2_PLACEMENT_3D('',#804,#805,#806);
#809=CARTESIAN_POINT('',(-1.307403098868E0,3.3E0,1.308891568110E0));
#810=DIRECTION('',(0.E0,-1.E0,0.E0));
#811=DIRECTION('',(7.067045317006E-1,0.E0,-7.075088019762E-1));
#812=AXIS2_PLACEMENT_3D('',#809,#810,#811);
#814=CARTESIAN_POINT('',(-1.208286819103E0,3.3E0,1.311391829189E0));
#815=CARTESIAN_POINT('',(-1.210874117955E0,3.3E0,1.385482374432E0));
#816=CARTESIAN_POINT('',(-1.214143763206E0,3.3E0,1.459551794400E0));
#817=CARTESIAN_POINT('',(-1.216731062058E0,3.3E0,1.533642339643E0));
#819=CARTESIAN_POINT('',(-1.116791979356E0,3.3E0,1.537132289312E0));
#820=DIRECTION('',(0.E0,1.E0,0.E0));
#821=DIRECTION('',(-9.993908270202E-1,0.E0,-3.489949667056E-2));
#822=AXIS2_PLACEMENT_3D('',#819,#820,#821);
#824=DIRECTION('',(9.396926207862E-1,0.E0,-3.420201433248E-1));
#825=VECTOR('',#824,2.228850666642E-1);
#826=CARTESIAN_POINT('',(-1.082589965022E0,3.3E0,1.631101551391E0));
#827=LINE('',#826,#825);
#828=CARTESIAN_POINT('',(-8.389444982626E-1,3.3E0,1.648839631024E0));
#829=DIRECTION('',(0.E0,-1.E0,0.E0));
#830=DIRECTION('',(-3.420201433038E-1,0.E0,-9.396926207939E-1));
#831=AXIS2_PLACEMENT_3D('',#828,#829,#830);
#833=CARTESIAN_POINT('',(-8.389444982626E-1,3.3E0,1.648839631024E0));
#834=DIRECTION('',(0.E0,-1.E0,0.E0));
#835=DIRECTION('',(4.534837064887E-1,0.E0,-8.912645667529E-1));
#836=AXIS2_PLACEMENT_3D('',#833,#834,#835);
#838=CARTESIAN_POINT('',(-7.439066913581E-1,3.3E0,1.620588905749E0));
#839=CARTESIAN_POINT('',(-7.234721211884E-1,3.3E0,1.691852720912E0));
#840=CARTESIAN_POINT('',(-7.036930290758E-1,3.3E0,1.763307301380E0));
#841=CARTESIAN_POINT('',(-6.832584589061E-1,3.3E0,1.834571116543E0));
#843=CARTESIAN_POINT('',(-5.871322893124E-1,3.3E0,1.807007380961E0));
#844=DIRECTION('',(0.E0,1.E0,0.E0));
#845=DIRECTION('',(-9.612616959372E-1,0.E0,2.756373558210E-1));
#846=AXIS2_PLACEMENT_3D('',#843,#844,#845);
#848=CARTESIAN_POINT('',(-5.255661417804E-1,3.3E0,1.885808456322E0));
#849=CARTESIAN_POINT('',(-4.671464076657E-1,3.3E0,1.840165957754E0));
#850=CARTESIAN_POINT('',(-4.091448374060E-1,3.3E0,1.793983846477E0));
#851=CARTESIAN_POINT('',(-3.507251032914E-1,3.3E0,1.748341347909E0));
#853=CARTESIAN_POINT('',(0.E0,3.E0,0.E0));
#854=DIRECTION('',(0.E0,-1.E0,0.E0));
#855=DIRECTION('',(1.E0,0.E0,0.E0));
#856=AXIS2_PLACEMENT_3D('',#853,#854,#855);
#858=CARTESIAN_POINT('',(0.E0,3.E0,0.E0));
#859=DIRECTION('',(0.E0,-1.E0,0.E0));
#860=DIRECTION('',(9.997974868714E-1,0.E0,2.012424521683E-2));
#861=AXIS2_PLACEMENT_3D('',#858,#859,#860);
#863=CARTESIAN_POINT('',(-2.65E0,3.E0,0.E0));
#864=DIRECTION('',(0.E0,0.E0,-1.E0));
#865=DIRECTION('',(-1.E0,0.E0,0.E0));
#866=AXIS2_PLACEMENT_3D('',#863,#864,#865);
#868=DIRECTION('',(0.E0,-1.E0,0.E0));
#869=VECTOR('',#868,1.5E0);
#870=CARTESIAN_POINT('',(2.95E0,3.E0,0.E0));
#871=LINE('',#870,#869);
#872=DIRECTION('',(0.E0,-1.E0,0.E0));
#873=VECTOR('',#872,2.55E0);
#874=CARTESIAN_POINT('',(-3.507251032914E-1,3.3E0,1.748341347909E0));
#875=LINE('',#874,#873);
#876=DIRECTION('',(0.E0,1.E0,0.E0));
#877=VECTOR('',#876,2.55E0);
#878=CARTESIAN_POINT('',(-2.075395048239E-1,7.5E-1,1.771139195721E0));
#879=LINE('',#878,#877);
#880=DIRECTION('',(0.E0,1.E0,0.E0));
#881=VECTOR('',#880,2.55E0);
#882=CARTESIAN_POINT('',(-5.255661417804E-1,7.5E-1,1.885808456322E0));
#883=LINE('',#882,#881);
#884=DIRECTION('',(0.E0,-1.E0,0.E0));
#885=VECTOR('',#884,2.55E0);
#886=CARTESIAN_POINT('',(-6.832584589061E-1,3.3E0,1.834571116543E0));
#887=LINE('',#886,#885);
#888=DIRECTION('',(0.E0,1.E0,0.E0));
#889=VECTOR('',#888,2.55E0);
#890=CARTESIAN_POINT('',(-7.439066913581E-1,7.5E-1,1.620588905749E0));
#891=LINE('',#890,#889);
#892=DIRECTION('',(0.E0,-1.E0,0.E0));
#893=VECTOR('',#892,2.55E0);
#894=CARTESIAN_POINT('',(-8.731465125944E-1,3.3E0,1.554870368945E0));
#895=LINE('',#894,#893);
#896=CARTESIAN_POINT('',(-6.832584589061E-1,7.5E-1,1.834571116543E0));
#897=CARTESIAN_POINT('',(-7.036930290758E-1,7.5E-1,1.763307301380E0));
#898=CARTESIAN_POINT('',(-7.234721211884E-1,7.5E-1,1.691852720912E0));
#899=CARTESIAN_POINT('',(-7.439066913581E-1,7.5E-1,1.620588905749E0));
#901=CARTESIAN_POINT('',(-8.389444982626E-1,7.5E-1,1.648839631024E0));
#902=DIRECTION('',(0.E0,1.E0,0.E0));
#903=DIRECTION('',(9.585514619588E-1,0.E0,-2.849194531383E-1));
#904=AXIS2_PLACEMENT_3D('',#901,#902,#903);
#906=CARTESIAN_POINT('',(-8.389444982626E-1,7.5E-1,1.648839631024E0));
#907=DIRECTION('',(0.E0,1.E0,0.E0));
#908=DIRECTION('',(4.534837064887E-1,0.E0,-8.912645667529E-1));
#909=AXIS2_PLACEMENT_3D('',#906,#907,#908);
#911=DIRECTION('',(-9.396926207862E-1,0.E0,3.420201433248E-1));
#912=VECTOR('',#911,2.228850666642E-1);
#913=CARTESIAN_POINT('',(-8.731465125944E-1,7.5E-1,1.554870368945E0));
#914=LINE('',#913,#912);
#915=CARTESIAN_POINT('',(-1.116791979356E0,7.5E-1,1.537132289312E0));
#916=DIRECTION('',(0.E0,-1.E0,0.E0));
#917=DIRECTION('',(3.420201433533E-1,0.E0,9.396926207758E-1));
#918=AXIS2_PLACEMENT_3D('',#915,#916,#917);
#920=CARTESIAN_POINT('',(-1.216731062058E0,7.5E-1,1.533642339643E0));
#921=CARTESIAN_POINT('',(-1.214143763206E0,7.5E-1,1.459551794400E0));
#922=CARTESIAN_POINT('',(-1.210874117955E0,7.5E-1,1.385482374432E0));
#923=CARTESIAN_POINT('',(-1.208286819103E0,7.5E-1,1.311391829189E0));
#925=CARTESIAN_POINT('',(-1.307403098868E0,7.5E-1,1.308891568110E0));
#926=DIRECTION('',(0.E0,1.E0,0.E0));
#927=DIRECTION('',(9.996815671478E-1,0.E0,2.523418920654E-2));
#928=AXIS2_PLACEMENT_3D('',#925,#926,#927);
#930=CARTESIAN_POINT('',(-1.307403098868E0,7.5E-1,1.308891568110E0));
#931=DIRECTION('',(0.E0,1.E0,0.E0));
#932=DIRECTION('',(7.067045317006E-1,0.E0,-7.075088019762E-1));
#933=AXIS2_PLACEMENT_3D('',#930,#931,#932);
#935=DIRECTION('',(-9.993908270191E-1,0.E0,3.489949670361E-2));
#936=VECTOR('',#935,2.228850666641E-1);
#937=CARTESIAN_POINT('',(-1.310893048538E0,7.5E-1,1.208952485409E0));
#938=LINE('',#937,#936);
#939=CARTESIAN_POINT('',(-1.537132289312E0,7.5E-1,1.116791979356E0));
#940=DIRECTION('',(0.E0,-1.E0,0.E0));
#941=DIRECTION('',(3.489949670408E-2,0.E0,9.993908270190E-1));
#942=AXIS2_PLACEMENT_3D('',#939,#940,#941);
#944=CARTESIAN_POINT('',(-1.631101551391E0,7.5E-1,1.082589965023E0));
#945=CARTESIAN_POINT('',(-1.605745646356E0,7.5E-1,1.012925188489E0));
#946=CARTESIAN_POINT('',(-1.579747319401E0,7.5E-1,9.434913599181E-1));
#947=CARTESIAN_POINT('',(-1.554391414366E0,7.5E-1,8.738265833846E-1));
#949=CARTESIAN_POINT('',(-1.647883974943E0,7.5E-1,8.408200789266E-1));
#950=DIRECTION('',(0.E0,1.E0,0.E0));
#951=DIRECTION('',(9.429558753528E-1,0.E0,3.329177332879E-1));
#952=AXIS2_PLACEMENT_3D('',#949,#950,#951);
#954=CARTESIAN_POINT('',(-1.647883974943E0,7.5E-1,8.408200789266E-1));
#955=DIRECTION('',(0.E0,1.E0,0.E0));
#956=DIRECTION('',(8.907481934497E-1,0.E0,-4.544971461584E-1));
#957=AXIS2_PLACEMENT_3D('',#954,#955,#956);
#959=DIRECTION('',(-9.612616959383E-1,0.E0,-2.756373558170E-1));
#960=VECTOR('',#959,2.228850666656E-1);
#961=CARTESIAN_POINT('',(-1.620320239361E0,7.5E-1,7.446939093330E-1));
#962=LINE('',#961,#960);
#963=CARTESIAN_POINT('',(-1.807007380961E0,7.5E-1,5.871322893124E-1));
#964=DIRECTION('',(0.E0,-1.E0,0.E0));
#965=DIRECTION('',(-2.756373558173E-1,0.E0,9.612616959382E-1));
#966=AXIS2_PLACEMENT_3D('',#963,#964,#965);
#968=CARTESIAN_POINT('',(-1.885808456321E0,7.5E-1,5.255661417798E-1));
#969=CARTESIAN_POINT('',(-1.840165957753E0,7.5E-1,4.671464076647E-1));
#970=CARTESIAN_POINT('',(-1.793983846477E0,7.5E-1,4.091448374055E-1));
#971=CARTESIAN_POINT('',(-1.748341347909E0,7.5E-1,3.507251032903E-1));
#973=CARTESIAN_POINT('',(-1.827058486068E0,7.5E-1,2.904432620794E-1));
#974=DIRECTION('',(0.E0,1.E0,0.E0));
#975=DIRECTION('',(7.939270925176E-1,0.E0,6.080129700644E-1));
#976=AXIS2_PLACEMENT_3D('',#973,#974,#975);
#978=CARTESIAN_POINT('',(-1.827058486068E0,7.5E-1,2.904432620794E-1));
#979=DIRECTION('',(0.E0,1.E0,0.E0));
#980=DIRECTION('',(9.875992158163E-1,0.E0,-1.569961430067E-1));
#981=AXIS2_PLACEMENT_3D('',#978,#979,#980);
#983=DIRECTION('',(-8.290375725550E-1,0.E0,-5.591929034708E-1));
#984=VECTOR('',#983,2.228850666639E-1);
#985=CARTESIAN_POINT('',(-1.771139195721E0,7.5E-1,2.075395048235E-1));
#986=LINE('',#985,#984);
#987=CARTESIAN_POINT('',(-1.9E0,7.5E-1,0.E0));
#988=DIRECTION('',(0.E0,-1.E0,0.E0));
#989=DIRECTION('',(-5.591929034721E-1,0.E0,8.290375725541E-1));
#990=AXIS2_PLACEMENT_3D('',#987,#988,#989);
#992=CARTESIAN_POINT('',(-1.955919290347E0,7.5E-1,-8.290375725585E-2));
#993=CARTESIAN_POINT('',(-1.894458004015E0,7.5E-1,-1.243599183425E-1));
#994=CARTESIAN_POINT('',(-1.832612735239E0,7.5E-1,-1.652516324728E-1));
#995=CARTESIAN_POINT('',(-1.771151448908E0,7.5E-1,-2.067077935595E-1));
#997=CARTESIAN_POINT('',(-1.827387782711E0,7.5E-1,-2.883641648973E-1));
#998=DIRECTION('',(0.E0,1.E0,0.E0));
#999=DIRECTION('',(5.671831942464E-1,0.E0,8.235916610581E-1));
#1000=AXIS2_PLACEMENT_3D('',#997,#998,#999);
#1002=CARTESIAN_POINT('',(-1.827387782711E0,7.5E-1,-2.883641648973E-1));
#1003=DIRECTION('',(0.E0,1.E0,0.E0));
#1004=DIRECTION('',(9.877771459305E-1,0.E0,1.558727364788E-1));
#1005=AXIS2_PLACEMENT_3D('',#1002,#1003,#1004);
#1007=DIRECTION('',(-6.156614753263E-1,0.E0,-7.880107536062E-1));
#1008=VECTOR('',#1007,2.228850666635E-1);
#1009=CARTESIAN_POINT('',(-1.748586707351E0,7.5E-1,-3.499303124312E-1));
#1010=LINE('',#1009,#1008);
#1011=CARTESIAN_POINT('',(-1.807007380961E0,7.5E-1,-5.871322893124E-1));
#1012=DIRECTION('',(0.E0,-1.E0,0.E0));
#1013=DIRECTION('',(-7.880107536197E-1,0.E0,6.156614753090E-1));
#1014=AXIS2_PLACEMENT_3D('',#1011,#1012,#1013);
#1016=CARTESIAN_POINT('',(-1.834571116543E0,7.5E-1,-6.832584589061E-1));
#1017=CARTESIAN_POINT('',(-1.763307301380E0,7.5E-1,-7.036930290758E-1));
#1018=CARTESIAN_POINT('',(-1.691852720912E0,7.5E-1,-7.234721211884E-1));
#1019=CARTESIAN_POINT('',(-1.620588905749E0,7.5E-1,-7.439066913581E-1));
#1021=CARTESIAN_POINT('',(-1.648839631024E0,7.5E-1,-8.389444982626E-1));
#1022=DIRECTION('',(0.E0,1.E0,0.E0));
#1023=DIRECTION('',(2.849194531383E-1,0.E0,9.585514619588E-1));
#1024=AXIS2_PLACEMENT_3D('',#1021,#1022,#1023);
#1026=CARTESIAN_POINT('',(-1.648839631024E0,7.5E-1,-8.389444982626E-1));
#1027=DIRECTION('',(0.E0,1.E0,0.E0));
#1028=DIRECTION('',(8.912645667529E-1,0.E0,4.534837064887E-1));
#1029=AXIS2_PLACEMENT_3D('',#1026,#1027,#1028);
#1031=DIRECTION('',(-3.420201433248E-1,0.E0,-9.396926207862E-1));
#1032=VECTOR('',#1031,2.228850666642E-1);
#1033=CARTESIAN_POINT('',(-1.554870368945E0,7.5E-1,-8.731465125944E-1));
#1034=LINE('',#1033,#1032);
#1035=CARTESIAN_POINT('',(-1.537132289312E0,7.5E-1,-1.116791979356E0));
#1036=DIRECTION('',(0.E0,-1.E0,0.E0));
#1037=DIRECTION('',(-9.396926207758E-1,0.E0,3.420201433533E-1));
#1038=AXIS2_PLACEMENT_3D('',#1035,#1036,#1037);
#1040=CARTESIAN_POINT('',(-1.533642339643E0,7.5E-1,-1.216731062058E0));
#1041=CARTESIAN_POINT('',(-1.459551794400E0,7.5E-1,-1.214143763206E0));
#1042=CARTESIAN_POINT('',(-1.385482374432E0,7.5E-1,-1.210874117955E0));
#1043=CARTESIAN_POINT('',(-1.311391829189E0,7.5E-1,-1.208286819103E0));
#1045=CARTESIAN_POINT('',(-1.308891568110E0,7.5E-1,-1.307403098868E0));
#1046=DIRECTION('',(0.E0,1.E0,0.E0));
#1047=DIRECTION('',(-2.523418920654E-2,0.E0,9.996815671478E-1));
#1048=AXIS2_PLACEMENT_3D('',#1045,#1046,#1047);
#1050=CARTESIAN_POINT('',(-1.308891568110E0,7.5E-1,-1.307403098868E0));
#1051=DIRECTION('',(0.E0,1.E0,0.E0));
#1052=DIRECTION('',(7.075088019762E-1,0.E0,7.067045317006E-1));
#1053=AXIS2_PLACEMENT_3D('',#1050,#1051,#1052);
#1055=DIRECTION('',(-3.489949670361E-2,0.E0,-9.993908270191E-1));
#1056=VECTOR('',#1055,2.228850666641E-1);
#1057=CARTESIAN_POINT('',(-1.208952485409E0,7.5E-1,-1.310893048538E0));
#1058=LINE('',#1057,#1056);
#1059=CARTESIAN_POINT('',(-1.116791979356E0,7.5E-1,-1.537132289312E0));
#1060=DIRECTION('',(0.E0,-1.E0,0.E0));
#1061=DIRECTION('',(-9.993908270190E-1,0.E0,3.489949670408E-2));
#1062=AXIS2_PLACEMENT_3D('',#1059,#1060,#1061);
#1064=CARTESIAN_POINT('',(-1.082589965023E0,7.5E-1,-1.631101551391E0));
#1065=CARTESIAN_POINT('',(-1.012925188489E0,7.5E-1,-1.605745646356E0));
#1066=CARTESIAN_POINT('',(-9.434913599181E-1,7.5E-1,-1.579747319401E0));
#1067=CARTESIAN_POINT('',(-8.738265833846E-1,7.5E-1,-1.554391414366E0));
#1069=CARTESIAN_POINT('',(-8.408200789266E-1,7.5E-1,-1.647883974943E0));
#1070=DIRECTION('',(0.E0,1.E0,0.E0));
#1071=DIRECTION('',(-3.329177332879E-1,0.E0,9.429558753528E-1));
#1072=AXIS2_PLACEMENT_3D('',#1069,#1070,#1071);
#1074=CARTESIAN_POINT('',(-8.408200789266E-1,7.5E-1,-1.647883974943E0));
#1075=DIRECTION('',(0.E0,1.E0,0.E0));
#1076=DIRECTION('',(4.544971461584E-1,0.E0,8.907481934497E-1));
#1077=AXIS2_PLACEMENT_3D('',#1074,#1075,#1076);
#1079=DIRECTION('',(2.756373558170E-1,0.E0,-9.612616959383E-1));
#1080=VECTOR('',#1079,2.228850666656E-1);
#1081=CARTESIAN_POINT('',(-7.446939093330E-1,7.5E-1,-1.620320239361E0));
#1082=LINE('',#1081,#1080);
#1083=CARTESIAN_POINT('',(-5.871322893124E-1,7.5E-1,-1.807007380961E0));
#1084=DIRECTION('',(0.E0,-1.E0,0.E0));
#1085=DIRECTION('',(-9.612616959382E-1,0.E0,-2.756373558173E-1));
#1086=AXIS2_PLACEMENT_3D('',#1083,#1084,#1085);
#1088=CARTESIAN_POINT('',(-5.255661417798E-1,7.5E-1,-1.885808456321E0));
#1089=CARTESIAN_POINT('',(-4.671464076647E-1,7.5E-1,-1.840165957753E0));
#1090=CARTESIAN_POINT('',(-4.091448374055E-1,7.5E-1,-1.793983846477E0));
#1091=CARTESIAN_POINT('',(-3.507251032903E-1,7.5E-1,-1.748341347909E0));
#1093=CARTESIAN_POINT('',(-2.904432620794E-1,7.5E-1,-1.827058486068E0));
#1094=DIRECTION('',(0.E0,1.E0,0.E0));
#1095=DIRECTION('',(-6.080129700644E-1,0.E0,7.939270925176E-1));
#1096=AXIS2_PLACEMENT_3D('',#1093,#1094,#1095);
#1098=CARTESIAN_POINT('',(-2.904432620794E-1,7.5E-1,-1.827058486068E0));
#1099=DIRECTION('',(0.E0,1.E0,0.E0));
#1100=DIRECTION('',(1.569961430067E-1,0.E0,9.875992158163E-1));
#1101=AXIS2_PLACEMENT_3D('',#1098,#1099,#1100);
#1103=DIRECTION('',(5.591929034708E-1,0.E0,-8.290375725550E-1));
#1104=VECTOR('',#1103,2.228850666639E-1);
#1105=CARTESIAN_POINT('',(-2.075395048235E-1,7.5E-1,-1.771139195721E0));
#1106=LINE('',#1105,#1104);
#1107=CARTESIAN_POINT('',(0.E0,7.5E-1,-1.9E0));
#1108=DIRECTION('',(0.E0,-1.E0,0.E0));
#1109=DIRECTION('',(-8.290375725541E-1,0.E0,-5.591929034721E-1));
#1110=AXIS2_PLACEMENT_3D('',#1107,#1108,#1109);
#1112=CARTESIAN_POINT('',(8.290375725585E-2,7.5E-1,-1.955919290347E0));
#1113=CARTESIAN_POINT('',(1.243599183425E-1,7.5E-1,-1.894458004015E0));
#1114=CARTESIAN_POINT('',(1.652516324728E-1,7.5E-1,-1.832612735239E0));
#1115=CARTESIAN_POINT('',(2.067077935595E-1,7.5E-1,-1.771151448908E0));
#1117=CARTESIAN_POINT('',(2.883641648973E-1,7.5E-1,-1.827387782711E0));
#1118=DIRECTION('',(0.E0,1.E0,0.E0));
#1119=DIRECTION('',(-8.235916610581E-1,0.E0,5.671831942464E-1));
#1120=AXIS2_PLACEMENT_3D('',#1117,#1118,#1119);
#1122=CARTESIAN_POINT('',(2.883641648973E-1,7.5E-1,-1.827387782711E0));
#1123=DIRECTION('',(0.E0,1.E0,0.E0));
#1124=DIRECTION('',(-1.558727364788E-1,0.E0,9.877771459305E-1));
#1125=AXIS2_PLACEMENT_3D('',#1122,#1123,#1124);
#1127=DIRECTION('',(7.880107536062E-1,0.E0,-6.156614753263E-1));
#1128=VECTOR('',#1127,2.228850666635E-1);
#1129=CARTESIAN_POINT('',(3.499303124312E-1,7.5E-1,-1.748586707351E0));
#1130=LINE('',#1129,#1128);
#1131=CARTESIAN_POINT('',(5.871322893124E-1,7.5E-1,-1.807007380961E0));
#1132=DIRECTION('',(0.E0,-1.E0,0.E0));
#1133=DIRECTION('',(-6.156614753090E-1,0.E0,-7.880107536197E-1));
#1134=AXIS2_PLACEMENT_3D('',#1131,#1132,#1133);
#1136=CARTESIAN_POINT('',(6.832584589061E-1,7.5E-1,-1.834571116543E0));
#1137=CARTESIAN_POINT('',(7.036930290758E-1,7.5E-1,-1.763307301380E0));
#1138=CARTESIAN_POINT('',(7.234721211884E-1,7.5E-1,-1.691852720912E0));
#1139=CARTESIAN_POINT('',(7.439066913581E-1,7.5E-1,-1.620588905749E0));
#1141=CARTESIAN_POINT('',(8.389444982626E-1,7.5E-1,-1.648839631024E0));
#1142=DIRECTION('',(0.E0,1.E0,0.E0));
#1143=DIRECTION('',(-9.585514619588E-1,0.E0,2.849194531383E-1));
#1144=AXIS2_PLACEMENT_3D('',#1141,#1142,#1143);
#1146=CARTESIAN_POINT('',(8.389444982626E-1,7.5E-1,-1.648839631024E0));
#1147=DIRECTION('',(0.E0,1.E0,0.E0));
#1148=DIRECTION('',(-4.534837064887E-1,0.E0,8.912645667529E-1));
#1149=AXIS2_PLACEMENT_3D('',#1146,#1147,#1148);
#1151=DIRECTION('',(9.396926207862E-1,0.E0,-3.420201433248E-1));
#1152=VECTOR('',#1151,2.228850666642E-1);
#1153=CARTESIAN_POINT('',(8.731465125944E-1,7.5E-1,-1.554870368945E0));
#1154=LINE('',#1153,#1152);
#1155=CARTESIAN_POINT('',(1.116791979356E0,7.5E-1,-1.537132289312E0));
#1156=DIRECTION('',(0.E0,-1.E0,0.E0));
#1157=DIRECTION('',(-3.420201433533E-1,0.E0,-9.396926207758E-1));
#1158=AXIS2_PLACEMENT_3D('',#1155,#1156,#1157);
#1160=CARTESIAN_POINT('',(1.216731062058E0,7.5E-1,-1.533642339643E0));
#1161=CARTESIAN_POINT('',(1.214143763206E0,7.5E-1,-1.459551794400E0));
#1162=CARTESIAN_POINT('',(1.210874117955E0,7.5E-1,-1.385482374432E0));
#1163=CARTESIAN_POINT('',(1.208286819103E0,7.5E-1,-1.311391829189E0));
#1165=CARTESIAN_POINT('',(1.307403098868E0,7.5E-1,-1.308891568110E0));
#1166=DIRECTION('',(0.E0,1.E0,0.E0));
#1167=DIRECTION('',(-9.996815671478E-1,0.E0,-2.523418920654E-2));
#1168=AXIS2_PLACEMENT_3D('',#1165,#1166,#1167);
#1170=CARTESIAN_POINT('',(1.307403098868E0,7.5E-1,-1.308891568110E0));
#1171=DIRECTION('',(0.E0,1.E0,0.E0));
#1172=DIRECTION('',(-7.067045317006E-1,0.E0,7.075088019762E-1));
#1173=AXIS2_PLACEMENT_3D('',#1170,#1171,#1172);
#1175=DIRECTION('',(9.993908270191E-1,0.E0,-3.489949670361E-2));
#1176=VECTOR('',#1175,2.228850666641E-1);
#1177=CARTESIAN_POINT('',(1.310893048538E0,7.5E-1,-1.208952485409E0));
#1178=LINE('',#1177,#1176);
#1179=CARTESIAN_POINT('',(1.537132289312E0,7.5E-1,-1.116791979356E0));
#1180=DIRECTION('',(0.E0,-1.E0,0.E0));
#1181=DIRECTION('',(-3.489949670408E-2,0.E0,-9.993908270190E-1));
#1182=AXIS2_PLACEMENT_3D('',#1179,#1180,#1181);
#1184=CARTESIAN_POINT('',(1.631101551391E0,7.5E-1,-1.082589965023E0));
#1185=CARTESIAN_POINT('',(1.605745646356E0,7.5E-1,-1.012925188489E0));
#1186=CARTESIAN_POINT('',(1.579747319401E0,7.5E-1,-9.434913599181E-1));
#1187=CARTESIAN_POINT('',(1.554391414366E0,7.5E-1,-8.738265833846E-1));
#1189=CARTESIAN_POINT('',(1.647883974943E0,7.5E-1,-8.408200789266E-1));
#1190=DIRECTION('',(0.E0,1.E0,0.E0));
#1191=DIRECTION('',(-9.429558753528E-1,0.E0,-3.329177332879E-1));
#1192=AXIS2_PLACEMENT_3D('',#1189,#1190,#1191);
#1194=CARTESIAN_POINT('',(1.647883974943E0,7.5E-1,-8.408200789266E-1));
#1195=DIRECTION('',(0.E0,1.E0,0.E0));
#1196=DIRECTION('',(-8.907481934497E-1,0.E0,4.544971461584E-1));
#1197=AXIS2_PLACEMENT_3D('',#1194,#1195,#1196);
#1199=DIRECTION('',(9.612616959383E-1,0.E0,2.756373558170E-1));
#1200=VECTOR('',#1199,2.228850666656E-1);
#1201=CARTESIAN_POINT('',(1.620320239361E0,7.5E-1,-7.446939093330E-1));
#1202=LINE('',#1201,#1200);
#1203=CARTESIAN_POINT('',(1.807007380961E0,7.5E-1,-5.871322893124E-1));
#1204=DIRECTION('',(0.E0,-1.E0,0.E0));
#1205=DIRECTION('',(2.756373558173E-1,0.E0,-9.612616959382E-1));
#1206=AXIS2_PLACEMENT_3D('',#1203,#1204,#1205);
#1208=CARTESIAN_POINT('',(1.885808456321E0,7.5E-1,-5.255661417798E-1));
#1209=CARTESIAN_POINT('',(1.840165957753E0,7.5E-1,-4.671464076647E-1));
#1210=CARTESIAN_POINT('',(1.793983846477E0,7.5E-1,-4.091448374055E-1));
#1211=CARTESIAN_POINT('',(1.748341347909E0,7.5E-1,-3.507251032903E-1));
#1213=CARTESIAN_POINT('',(1.827058486068E0,7.5E-1,-2.904432620794E-1));
#1214=DIRECTION('',(0.E0,1.E0,0.E0));
#1215=DIRECTION('',(-7.939270925176E-1,0.E0,-6.080129700644E-1));
#1216=AXIS2_PLACEMENT_3D('',#1213,#1214,#1215);
#1218=CARTESIAN_POINT('',(1.827058486068E0,7.5E-1,-2.904432620794E-1));
#1219=DIRECTION('',(0.E0,1.E0,0.E0));
#1220=DIRECTION('',(-9.875992158163E-1,0.E0,1.569961430067E-1));
#1221=AXIS2_PLACEMENT_3D('',#1218,#1219,#1220);
#1223=DIRECTION('',(8.290375725550E-1,0.E0,5.591929034708E-1));
#1224=VECTOR('',#1223,2.228850666639E-1);
#1225=CARTESIAN_POINT('',(1.771139195721E0,7.5E-1,-2.075395048235E-1));
#1226=LINE('',#1225,#1224);
#1227=CARTESIAN_POINT('',(1.9E0,7.5E-1,0.E0));
#1228=DIRECTION('',(0.E0,-1.E0,0.E0));
#1229=DIRECTION('',(5.591929034721E-1,0.E0,-8.290375725541E-1));
#1230=AXIS2_PLACEMENT_3D('',#1227,#1228,#1229);
#1232=CARTESIAN_POINT('',(1.955919290347E0,7.5E-1,8.290375725585E-2));
#1233=CARTESIAN_POINT('',(1.894458004015E0,7.5E-1,1.243599183425E-1));
#1234=CARTESIAN_POINT('',(1.832612735239E0,7.5E-1,1.652516324728E-1));
#1235=CARTESIAN_POINT('',(1.771151448908E0,7.5E-1,2.067077935595E-1));
#1237=CARTESIAN_POINT('',(1.827387782711E0,7.5E-1,2.883641648973E-1));
#1238=DIRECTION('',(0.E0,1.E0,0.E0));
#1239=DIRECTION('',(-5.671831942464E-1,0.E0,-8.235916610581E-1));
#1240=AXIS2_PLACEMENT_3D('',#1237,#1238,#1239);
#1242=CARTESIAN_POINT('',(1.827387782711E0,7.5E-1,2.883641648973E-1));
#1243=DIRECTION('',(0.E0,1.E0,0.E0));
#1244=DIRECTION('',(-9.877771459305E-1,0.E0,-1.558727364788E-1));
#1245=AXIS2_PLACEMENT_3D('',#1242,#1243,#1244);
#1247=DIRECTION('',(6.156614753263E-1,0.E0,7.880107536062E-1));
#1248=VECTOR('',#1247,2.228850666635E-1);
#1249=CARTESIAN_POINT('',(1.748586707351E0,7.5E-1,3.499303124312E-1));
#1250=LINE('',#1249,#1248);
#1251=CARTESIAN_POINT('',(1.807007380961E0,7.5E-1,5.871322893124E-1));
#1252=DIRECTION('',(0.E0,-1.E0,0.E0));
#1253=DIRECTION('',(7.880107536197E-1,0.E0,-6.156614753090E-1));
#1254=AXIS2_PLACEMENT_3D('',#1251,#1252,#1253);
#1256=CARTESIAN_POINT('',(1.834571116543E0,7.5E-1,6.832584589061E-1));
#1257=CARTESIAN_POINT('',(1.763307301380E0,7.5E-1,7.036930290758E-1));
#1258=CARTESIAN_POINT('',(1.691852720912E0,7.5E-1,7.234721211884E-1));
#1259=CARTESIAN_POINT('',(1.620588905749E0,7.5E-1,7.439066913581E-1));
#1261=CARTESIAN_POINT('',(1.648839631024E0,7.5E-1,8.389444982626E-1));
#1262=DIRECTION('',(0.E0,1.E0,0.E0));
#1263=DIRECTION('',(-2.849194531383E-1,0.E0,-9.585514619588E-1));
#1264=AXIS2_PLACEMENT_3D('',#1261,#1262,#1263);
#1266=CARTESIAN_POINT('',(1.648839631024E0,7.5E-1,8.389444982626E-1));
#1267=DIRECTION('',(0.E0,1.E0,0.E0));
#1268=DIRECTION('',(-8.912645667529E-1,0.E0,-4.534837064887E-1));
#1269=AXIS2_PLACEMENT_3D('',#1266,#1267,#1268);
#1271=DIRECTION('',(3.420201433248E-1,0.E0,9.396926207862E-1));
#1272=VECTOR('',#1271,2.228850666642E-1);
#1273=CARTESIAN_POINT('',(1.554870368945E0,7.5E-1,8.731465125944E-1));
#1274=LINE('',#1273,#1272);
#1275=CARTESIAN_POINT('',(1.537132289312E0,7.5E-1,1.116791979356E0));
#1276=DIRECTION('',(0.E0,-1.E0,0.E0));
#1277=DIRECTION('',(9.396926207758E-1,0.E0,-3.420201433533E-1));
#1278=AXIS2_PLACEMENT_3D('',#1275,#1276,#1277);
#1280=CARTESIAN_POINT('',(1.533642339643E0,7.5E-1,1.216731062058E0));
#1281=CARTESIAN_POINT('',(1.459551794400E0,7.5E-1,1.214143763206E0));
#1282=CARTESIAN_POINT('',(1.385482374432E0,7.5E-1,1.210874117955E0));
#1283=CARTESIAN_POINT('',(1.311391829189E0,7.5E-1,1.208286819103E0));
#1285=CARTESIAN_POINT('',(1.308891568110E0,7.5E-1,1.307403098868E0));
#1286=DIRECTION('',(0.E0,1.E0,0.E0));
#1287=DIRECTION('',(2.523418920654E-2,0.E0,-9.996815671478E-1));
#1288=AXIS2_PLACEMENT_3D('',#1285,#1286,#1287);
#1290=CARTESIAN_POINT('',(1.308891568110E0,7.5E-1,1.307403098868E0));
#1291=DIRECTION('',(0.E0,1.E0,0.E0));
#1292=DIRECTION('',(-7.075088019762E-1,0.E0,-7.067045317006E-1));
#1293=AXIS2_PLACEMENT_3D('',#1290,#1291,#1292);
#1295=DIRECTION('',(3.489949670361E-2,0.E0,9.993908270191E-1));
#1296=VECTOR('',#1295,2.228850666641E-1);
#1297=CARTESIAN_POINT('',(1.208952485409E0,7.5E-1,1.310893048538E0));
#1298=LINE('',#1297,#1296);
#1299=CARTESIAN_POINT('',(1.116791979356E0,7.5E-1,1.537132289312E0));
#1300=DIRECTION('',(0.E0,-1.E0,0.E0));
#1301=DIRECTION('',(9.993908270190E-1,0.E0,-3.489949670408E-2));
#1302=AXIS2_PLACEMENT_3D('',#1299,#1300,#1301);
#1304=CARTESIAN_POINT('',(1.082589965023E0,7.5E-1,1.631101551391E0));
#1305=CARTESIAN_POINT('',(1.012925188489E0,7.5E-1,1.605745646356E0));
#1306=CARTESIAN_POINT('',(9.434913599181E-1,7.5E-1,1.579747319401E0));
#1307=CARTESIAN_POINT('',(8.738265833846E-1,7.5E-1,1.554391414366E0));
#1309=CARTESIAN_POINT('',(8.408200789266E-1,7.5E-1,1.647883974943E0));
#1310=DIRECTION('',(0.E0,1.E0,0.E0));
#1311=DIRECTION('',(3.329177332879E-1,0.E0,-9.429558753528E-1));
#1312=AXIS2_PLACEMENT_3D('',#1309,#1310,#1311);
#1314=CARTESIAN_POINT('',(8.408200789266E-1,7.5E-1,1.647883974943E0));
#1315=DIRECTION('',(0.E0,1.E0,0.E0));
#1316=DIRECTION('',(-4.544971461584E-1,0.E0,-8.907481934497E-1));
#1317=AXIS2_PLACEMENT_3D('',#1314,#1315,#1316);
#1319=DIRECTION('',(-2.756373558170E-1,0.E0,9.612616959383E-1));
#1320=VECTOR('',#1319,2.228850666656E-1);
#1321=CARTESIAN_POINT('',(7.446939093330E-1,7.5E-1,1.620320239361E0));
#1322=LINE('',#1321,#1320);
#1323=CARTESIAN_POINT('',(5.871322893124E-1,7.5E-1,1.807007380961E0));
#1324=DIRECTION('',(0.E0,-1.E0,0.E0));
#1325=DIRECTION('',(9.612616959382E-1,0.E0,2.756373558173E-1));
#1326=AXIS2_PLACEMENT_3D('',#1323,#1324,#1325);
#1328=CARTESIAN_POINT('',(5.255661417798E-1,7.5E-1,1.885808456321E0));
#1329=CARTESIAN_POINT('',(4.671464076647E-1,7.5E-1,1.840165957753E0));
#1330=CARTESIAN_POINT('',(4.091448374055E-1,7.5E-1,1.793983846477E0));
#1331=CARTESIAN_POINT('',(3.507251032903E-1,7.5E-1,1.748341347909E0));
#1333=CARTESIAN_POINT('',(2.904432620794E-1,7.5E-1,1.827058486068E0));
#1334=DIRECTION('',(0.E0,1.E0,0.E0));
#1335=DIRECTION('',(6.080129700644E-1,0.E0,-7.939270925176E-1));
#1336=AXIS2_PLACEMENT_3D('',#1333,#1334,#1335);
#1338=CARTESIAN_POINT('',(2.904432620794E-1,7.5E-1,1.827058486068E0));
#1339=DIRECTION('',(0.E0,1.E0,0.E0));
#1340=DIRECTION('',(-1.569961430067E-1,0.E0,-9.875992158163E-1));
#1341=AXIS2_PLACEMENT_3D('',#1338,#1339,#1340);
#1343=DIRECTION('',(-5.591929034708E-1,0.E0,8.290375725550E-1));
#1344=VECTOR('',#1343,2.228850666639E-1);
#1345=CARTESIAN_POINT('',(2.075395048235E-1,7.5E-1,1.771139195721E0));
#1346=LINE('',#1345,#1344);
#1347=CARTESIAN_POINT('',(0.E0,7.5E-1,1.9E0));
#1348=DIRECTION('',(0.E0,-1.E0,0.E0));
#1349=DIRECTION('',(8.290375725541E-1,0.E0,5.591929034721E-1));
#1350=AXIS2_PLACEMENT_3D('',#1347,#1348,#1349);
#1352=DIRECTION('',(-5.591929034708E-1,0.E0,-8.290375725550E-1));
#1353=VECTOR('',#1352,2.228850666640E-1);
#1354=CARTESIAN_POINT('',(-8.290375725574E-2,7.5E-1,1.955919290347E0));
#1355=LINE('',#1354,#1353);
#1356=CARTESIAN_POINT('',(-2.904432620794E-1,7.5E-1,1.827058486068E0));
#1357=DIRECTION('',(0.E0,1.E0,0.E0));
#1358=DIRECTION('',(8.290375725554E-1,0.E0,-5.591929034703E-1));
#1359=AXIS2_PLACEMENT_3D('',#1356,#1357,#1358);
#1361=CARTESIAN_POINT('',(-2.904432620794E-1,7.5E-1,1.827058486068E0));
#1362=DIRECTION('',(0.E0,1.E0,0.E0));
#1363=DIRECTION('',(1.569963488542E-1,0.E0,-9.875991830932E-1));
#1364=AXIS2_PLACEMENT_3D('',#1361,#1362,#1363);
#1366=CARTESIAN_POINT('',(-3.507251032914E-1,7.5E-1,1.748341347909E0));
#1367=CARTESIAN_POINT('',(-4.091448374060E-1,7.5E-1,1.793983846477E0));
#1368=CARTESIAN_POINT('',(-4.671464076657E-1,7.5E-1,1.840165957753E0));
#1369=CARTESIAN_POINT('',(-5.255661417804E-1,7.5E-1,1.885808456322E0));
#1371=CARTESIAN_POINT('',(-5.871322893124E-1,7.5E-1,1.807007380961E0));
#1372=DIRECTION('',(0.E0,-1.E0,0.E0));
#1373=DIRECTION('',(6.156614753092E-1,0.E0,7.880107536196E-1));
#1374=AXIS2_PLACEMENT_3D('',#1371,#1372,#1373);
#1376=CARTESIAN_POINT('',(0.E0,7.5E-1,0.E0));
#1377=DIRECTION('',(0.E0,1.E0,0.E0));
#1378=DIRECTION('',(0.E0,0.E0,-1.E0));
#1379=AXIS2_PLACEMENT_3D('',#1376,#1377,#1378);
#1381=CARTESIAN_POINT('',(0.E0,7.5E-1,0.E0));
#1382=DIRECTION('',(0.E0,1.E0,0.E0));
#1383=DIRECTION('',(0.E0,0.E0,1.E0));
#1384=AXIS2_PLACEMENT_3D('',#1381,#1382,#1383);
#1386=DIRECTION('',(0.E0,1.E0,0.E0));
#1387=VECTOR('',#1386,2.55E0);
#1388=CARTESIAN_POINT('',(-1.082589965022E0,7.5E-1,1.631101551391E0));
#1389=LINE('',#1388,#1387);
#1390=DIRECTION('',(0.E0,-1.E0,0.E0));
#1391=VECTOR('',#1390,2.55E0);
#1392=CARTESIAN_POINT('',(-1.216731062058E0,3.3E0,1.533642339643E0));
#1393=LINE('',#1392,#1391);
#1394=DIRECTION('',(0.E0,1.E0,0.E0));
#1395=VECTOR('',#1394,2.55E0);
#1396=CARTESIAN_POINT('',(-1.208286819103E0,7.5E-1,1.311391829189E0));
#1397=LINE('',#1396,#1395);
#1398=DIRECTION('',(0.E0,-1.E0,0.E0));
#1399=VECTOR('',#1398,2.55E0);
#1400=CARTESIAN_POINT('',(-1.310893048538E0,3.3E0,1.208952485409E0));
#1401=LINE('',#1400,#1399);
#1402=DIRECTION('',(0.E0,1.E0,0.E0));
#1403=VECTOR('',#1402,2.55E0);
#1404=CARTESIAN_POINT('',(-1.533642339642E0,7.5E-1,1.216731062058E0));
#1405=LINE('',#1404,#1403);
#1406=DIRECTION('',(0.E0,-1.E0,0.E0));
#1407=VECTOR('',#1406,2.55E0);
#1408=CARTESIAN_POINT('',(-1.631101551391E0,3.3E0,1.082589965023E0));
#1409=LINE('',#1408,#1407);
#1410=DIRECTION('',(0.E0,1.E0,0.E0));
#1411=VECTOR('',#1410,2.55E0);
#1412=CARTESIAN_POINT('',(-1.554391414366E0,7.5E-1,8.738265833846E-1));
#1413=LINE('',#1412,#1411);
#1414=DIRECTION('',(0.E0,-1.E0,0.E0));
#1415=VECTOR('',#1414,2.55E0);
#1416=CARTESIAN_POINT('',(-1.620320239361E0,3.3E0,7.446939093330E-1));
#1417=LINE('',#1416,#1415);
#1418=DIRECTION('',(0.E0,1.E0,0.E0));
#1419=VECTOR('',#1418,2.55E0);
#1420=CARTESIAN_POINT('',(-1.834571116543E0,7.5E-1,6.832584589062E-1));
#1421=LINE('',#1420,#1419);
#1422=DIRECTION('',(0.E0,-1.E0,0.E0));
#1423=VECTOR('',#1422,2.55E0);
#1424=CARTESIAN_POINT('',(-1.885808456321E0,3.3E0,5.255661417798E-1));
#1425=LINE('',#1424,#1423);
#1426=DIRECTION('',(0.E0,1.E0,0.E0));
#1427=VECTOR('',#1426,2.55E0);
#1428=CARTESIAN_POINT('',(-1.748341347909E0,7.5E-1,3.507251032903E-1));
#1429=LINE('',#1428,#1427);
#1430=DIRECTION('',(0.E0,-1.E0,0.E0));
#1431=VECTOR('',#1430,2.55E0);
#1432=CARTESIAN_POINT('',(-1.771139195721E0,3.3E0,2.075395048235E-1));
#1433=LINE('',#1432,#1431);
#1434=DIRECTION('',(0.E0,1.E0,0.E0));
#1435=VECTOR('',#1434,2.55E0);
#1436=CARTESIAN_POINT('',(-1.955919290347E0,7.5E-1,8.290375725547E-2));
#1437=LINE('',#1436,#1435);
#1438=DIRECTION('',(0.E0,-1.E0,0.E0));
#1439=VECTOR('',#1438,2.55E0);
#1440=CARTESIAN_POINT('',(-1.955919290347E0,3.3E0,-8.290375725585E-2));
#1441=LINE('',#1440,#1439);
#1442=DIRECTION('',(0.E0,1.E0,0.E0));
#1443=VECTOR('',#1442,2.55E0);
#1444=CARTESIAN_POINT('',(-1.771151448908E0,7.5E-1,-2.067077935595E-1));
#1445=LINE('',#1444,#1443);
#1446=DIRECTION('',(0.E0,-1.E0,0.E0));
#1447=VECTOR('',#1446,2.55E0);
#1448=CARTESIAN_POINT('',(-1.748586707351E0,3.3E0,-3.499303124312E-1));
#1449=LINE('',#1448,#1447);
#1450=DIRECTION('',(0.E0,1.E0,0.E0));
#1451=VECTOR('',#1450,2.55E0);
#1452=CARTESIAN_POINT('',(-1.885808456322E0,7.5E-1,-5.255661417804E-1));
#1453=LINE('',#1452,#1451);
#1454=DIRECTION('',(0.E0,-1.E0,0.E0));
#1455=VECTOR('',#1454,2.55E0);
#1456=CARTESIAN_POINT('',(-1.834571116543E0,3.3E0,-6.832584589061E-1));
#1457=LINE('',#1456,#1455);
#1458=DIRECTION('',(0.E0,1.E0,0.E0));
#1459=VECTOR('',#1458,2.55E0);
#1460=CARTESIAN_POINT('',(-1.620588905749E0,7.5E-1,-7.439066913581E-1));
#1461=LINE('',#1460,#1459);
#1462=DIRECTION('',(0.E0,-1.E0,0.E0));
#1463=VECTOR('',#1462,2.55E0);
#1464=CARTESIAN_POINT('',(-1.554870368945E0,3.3E0,-8.731465125944E-1));
#1465=LINE('',#1464,#1463);
#1466=DIRECTION('',(0.E0,1.E0,0.E0));
#1467=VECTOR('',#1466,2.55E0);
#1468=CARTESIAN_POINT('',(-1.631101551391E0,7.5E-1,-1.082589965022E0));
#1469=LINE('',#1468,#1467);
#1470=DIRECTION('',(0.E0,-1.E0,0.E0));
#1471=VECTOR('',#1470,2.55E0);
#1472=CARTESIAN_POINT('',(-1.533642339643E0,3.3E0,-1.216731062058E0));
#1473=LINE('',#1472,#1471);
#1474=DIRECTION('',(0.E0,1.E0,0.E0));
#1475=VECTOR('',#1474,2.55E0);
#1476=CARTESIAN_POINT('',(-1.311391829189E0,7.5E-1,-1.208286819103E0));
#1477=LINE('',#1476,#1475);
#1478=DIRECTION('',(0.E0,-1.E0,0.E0));
#1479=VECTOR('',#1478,2.55E0);
#1480=CARTESIAN_POINT('',(-1.208952485409E0,3.3E0,-1.310893048538E0));
#1481=LINE('',#1480,#1479);
#1482=DIRECTION('',(0.E0,1.E0,0.E0));
#1483=VECTOR('',#1482,2.55E0);
#1484=CARTESIAN_POINT('',(-1.216731062058E0,7.5E-1,-1.533642339642E0));
#1485=LINE('',#1484,#1483);
#1486=DIRECTION('',(0.E0,-1.E0,0.E0));
#1487=VECTOR('',#1486,2.55E0);
#1488=CARTESIAN_POINT('',(-1.082589965023E0,3.3E0,-1.631101551391E0));
#1489=LINE('',#1488,#1487);
#1490=DIRECTION('',(0.E0,1.E0,0.E0));
#1491=VECTOR('',#1490,2.55E0);
#1492=CARTESIAN_POINT('',(-8.738265833846E-1,7.5E-1,-1.554391414366E0));
#1493=LINE('',#1492,#1491);
#1494=DIRECTION('',(0.E0,-1.E0,0.E0));
#1495=VECTOR('',#1494,2.55E0);
#1496=CARTESIAN_POINT('',(-7.446939093330E-1,3.3E0,-1.620320239361E0));
#1497=LINE('',#1496,#1495);
#1498=DIRECTION('',(0.E0,1.E0,0.E0));
#1499=VECTOR('',#1498,2.55E0);
#1500=CARTESIAN_POINT('',(-6.832584589062E-1,7.5E-1,-1.834571116543E0));
#1501=LINE('',#1500,#1499);
#1502=DIRECTION('',(0.E0,-1.E0,0.E0));
#1503=VECTOR('',#1502,2.55E0);
#1504=CARTESIAN_POINT('',(-5.255661417798E-1,3.3E0,-1.885808456321E0));
#1505=LINE('',#1504,#1503);
#1506=DIRECTION('',(0.E0,1.E0,0.E0));
#1507=VECTOR('',#1506,2.55E0);
#1508=CARTESIAN_POINT('',(-3.507251032903E-1,7.5E-1,-1.748341347909E0));
#1509=LINE('',#1508,#1507);
#1510=DIRECTION('',(0.E0,-1.E0,0.E0));
#1511=VECTOR('',#1510,2.55E0);
#1512=CARTESIAN_POINT('',(-2.075395048235E-1,3.3E0,-1.771139195721E0));
#1513=LINE('',#1512,#1511);
#1514=DIRECTION('',(0.E0,1.E0,0.E0));
#1515=VECTOR('',#1514,2.55E0);
#1516=CARTESIAN_POINT('',(-8.290375725547E-2,7.5E-1,-1.955919290347E0));
#1517=LINE('',#1516,#1515);
#1518=DIRECTION('',(0.E0,-1.E0,0.E0));
#1519=VECTOR('',#1518,2.55E0);
#1520=CARTESIAN_POINT('',(8.290375725585E-2,3.3E0,-1.955919290347E0));
#1521=LINE('',#1520,#1519);
#1522=DIRECTION('',(0.E0,1.E0,0.E0));
#1523=VECTOR('',#1522,2.55E0);
#1524=CARTESIAN_POINT('',(2.067077935595E-1,7.5E-1,-1.771151448908E0));
#1525=LINE('',#1524,#1523);
#1526=DIRECTION('',(0.E0,-1.E0,0.E0));
#1527=VECTOR('',#1526,2.55E0);
#1528=CARTESIAN_POINT('',(3.499303124312E-1,3.3E0,-1.748586707351E0));
#1529=LINE('',#1528,#1527);
#1530=DIRECTION('',(0.E0,1.E0,0.E0));
#1531=VECTOR('',#1530,2.55E0);
#1532=CARTESIAN_POINT('',(5.255661417804E-1,7.5E-1,-1.885808456322E0));
#1533=LINE('',#1532,#1531);
#1534=DIRECTION('',(0.E0,-1.E0,0.E0));
#1535=VECTOR('',#1534,2.55E0);
#1536=CARTESIAN_POINT('',(6.832584589061E-1,3.3E0,-1.834571116543E0));
#1537=LINE('',#1536,#1535);
#1538=DIRECTION('',(0.E0,1.E0,0.E0));
#1539=VECTOR('',#1538,2.55E0);
#1540=CARTESIAN_POINT('',(7.439066913581E-1,7.5E-1,-1.620588905749E0));
#1541=LINE('',#1540,#1539);
#1542=DIRECTION('',(0.E0,-1.E0,0.E0));
#1543=VECTOR('',#1542,2.55E0);
#1544=CARTESIAN_POINT('',(8.731465125944E-1,3.3E0,-1.554870368945E0));
#1545=LINE('',#1544,#1543);
#1546=DIRECTION('',(0.E0,1.E0,0.E0));
#1547=VECTOR('',#1546,2.55E0);
#1548=CARTESIAN_POINT('',(1.082589965022E0,7.5E-1,-1.631101551391E0));
#1549=LINE('',#1548,#1547);
#1550=DIRECTION('',(0.E0,-1.E0,0.E0));
#1551=VECTOR('',#1550,2.55E0);
#1552=CARTESIAN_POINT('',(1.216731062058E0,3.3E0,-1.533642339643E0));
#1553=LINE('',#1552,#1551);
#1554=DIRECTION('',(0.E0,1.E0,0.E0));
#1555=VECTOR('',#1554,2.55E0);
#1556=CARTESIAN_POINT('',(1.208286819103E0,7.5E-1,-1.311391829189E0));
#1557=LINE('',#1556,#1555);
#1558=DIRECTION('',(0.E0,-1.E0,0.E0));
#1559=VECTOR('',#1558,2.55E0);
#1560=CARTESIAN_POINT('',(1.310893048538E0,3.3E0,-1.208952485409E0));
#1561=LINE('',#1560,#1559);
#1562=DIRECTION('',(0.E0,1.E0,0.E0));
#1563=VECTOR('',#1562,2.55E0);
#1564=CARTESIAN_POINT('',(1.533642339642E0,7.5E-1,-1.216731062058E0));
#1565=LINE('',#1564,#1563);
#1566=DIRECTION('',(0.E0,-1.E0,0.E0));
#1567=VECTOR('',#1566,2.55E0);
#1568=CARTESIAN_POINT('',(1.631101551391E0,3.3E0,-1.082589965023E0));
#1569=LINE('',#1568,#1567);
#1570=DIRECTION('',(0.E0,1.E0,0.E0));
#1571=VECTOR('',#1570,2.55E0);
#1572=CARTESIAN_POINT('',(1.554391414366E0,7.5E-1,-8.738265833846E-1));
#1573=LINE('',#1572,#1571);
#1574=DIRECTION('',(0.E0,-1.E0,0.E0));
#1575=VECTOR('',#1574,2.55E0);
#1576=CARTESIAN_POINT('',(1.620320239361E0,3.3E0,-7.446939093330E-1));
#1577=LINE('',#1576,#1575);
#1578=DIRECTION('',(0.E0,1.E0,0.E0));
#1579=VECTOR('',#1578,2.55E0);
#1580=CARTESIAN_POINT('',(1.834571116543E0,7.5E-1,-6.832584589062E-1));
#1581=LINE('',#1580,#1579);
#1582=DIRECTION('',(0.E0,-1.E0,0.E0));
#1583=VECTOR('',#1582,2.55E0);
#1584=CARTESIAN_POINT('',(1.885808456321E0,3.3E0,-5.255661417798E-1));
#1585=LINE('',#1584,#1583);
#1586=DIRECTION('',(0.E0,1.E0,0.E0));
#1587=VECTOR('',#1586,2.55E0);
#1588=CARTESIAN_POINT('',(1.748341347909E0,7.5E-1,-3.507251032903E-1));
#1589=LINE('',#1588,#1587);
#1590=DIRECTION('',(0.E0,-1.E0,0.E0));
#1591=VECTOR('',#1590,2.55E0);
#1592=CARTESIAN_POINT('',(1.771139195721E0,3.3E0,-2.075395048235E-1));
#1593=LINE('',#1592,#1591);
#1594=DIRECTION('',(0.E0,1.E0,0.E0));
#1595=VECTOR('',#1594,2.55E0);
#1596=CARTESIAN_POINT('',(1.955919290347E0,7.5E-1,-8.290375725547E-2));
#1597=LINE('',#1596,#1595);
#1598=DIRECTION('',(0.E0,-1.E0,0.E0));
#1599=VECTOR('',#1598,2.55E0);
#1600=CARTESIAN_POINT('',(1.955919290347E0,3.3E0,8.290375725585E-2));
#1601=LINE('',#1600,#1599);
#1602=DIRECTION('',(0.E0,1.E0,0.E0));
#1603=VECTOR('',#1602,2.55E0);
#1604=CARTESIAN_POINT('',(1.771151448908E0,7.5E-1,2.067077935595E-1));
#1605=LINE('',#1604,#1603);
#1606=DIRECTION('',(0.E0,-1.E0,0.E0));
#1607=VECTOR('',#1606,2.55E0);
#1608=CARTESIAN_POINT('',(1.748586707351E0,3.3E0,3.499303124312E-1));
#1609=LINE('',#1608,#1607);
#1610=DIRECTION('',(0.E0,1.E0,0.E0));
#1611=VECTOR('',#1610,2.55E0);
#1612=CARTESIAN_POINT('',(1.885808456322E0,7.5E-1,5.255661417804E-1));
#1613=LINE('',#1612,#1611);
#1614=DIRECTION('',(0.E0,-1.E0,0.E0));
#1615=VECTOR('',#1614,2.55E0);
#1616=CARTESIAN_POINT('',(1.834571116543E0,3.3E0,6.832584589061E-1));
#1617=LINE('',#1616,#1615);
#1618=DIRECTION('',(0.E0,1.E0,0.E0));
#1619=VECTOR('',#1618,2.55E0);
#1620=CARTESIAN_POINT('',(1.620588905749E0,7.5E-1,7.439066913581E-1));
#1621=LINE('',#1620,#1619);
#1622=DIRECTION('',(0.E0,-1.E0,0.E0));
#1623=VECTOR('',#1622,2.55E0);
#1624=CARTESIAN_POINT('',(1.554870368945E0,3.3E0,8.731465125944E-1));
#1625=LINE('',#1624,#1623);
#1626=DIRECTION('',(0.E0,1.E0,0.E0));
#1627=VECTOR('',#1626,2.55E0);
#1628=CARTESIAN_POINT('',(1.631101551391E0,7.5E-1,1.082589965022E0));
#1629=LINE('',#1628,#1627);
#1630=DIRECTION('',(0.E0,-1.E0,0.E0));
#1631=VECTOR('',#1630,2.55E0);
#1632=CARTESIAN_POINT('',(1.533642339643E0,3.3E0,1.216731062058E0));
#1633=LINE('',#1632,#1631);
#1634=DIRECTION('',(0.E0,1.E0,0.E0));
#1635=VECTOR('',#1634,2.55E0);
#1636=CARTESIAN_POINT('',(1.311391829189E0,7.5E-1,1.208286819103E0));
#1637=LINE('',#1636,#1635);
#1638=DIRECTION('',(0.E0,-1.E0,0.E0));
#1639=VECTOR('',#1638,2.55E0);
#1640=CARTESIAN_POINT('',(1.208952485409E0,3.3E0,1.310893048538E0));
#1641=LINE('',#1640,#1639);
#1642=DIRECTION('',(0.E0,1.E0,0.E0));
#1643=VECTOR('',#1642,2.55E0);
#1644=CARTESIAN_POINT('',(1.216731062058E0,7.5E-1,1.533642339642E0));
#1645=LINE('',#1644,#1643);
#1646=DIRECTION('',(0.E0,-1.E0,0.E0));
#1647=VECTOR('',#1646,2.55E0);
#1648=CARTESIAN_POINT('',(1.082589965023E0,3.3E0,1.631101551391E0));
#1649=LINE('',#1648,#1647);
#1650=DIRECTION('',(0.E0,1.E0,0.E0));
#1651=VECTOR('',#1650,2.55E0);
#1652=CARTESIAN_POINT('',(8.738265833846E-1,7.5E-1,1.554391414366E0));
#1653=LINE('',#1652,#1651);
#1654=DIRECTION('',(0.E0,-1.E0,0.E0));
#1655=VECTOR('',#1654,2.55E0);
#1656=CARTESIAN_POINT('',(7.446939093330E-1,3.3E0,1.620320239361E0));
#1657=LINE('',#1656,#1655);
#1658=DIRECTION('',(0.E0,1.E0,0.E0));
#1659=VECTOR('',#1658,2.55E0);
#1660=CARTESIAN_POINT('',(6.832584589062E-1,7.5E-1,1.834571116543E0));
#1661=LINE('',#1660,#1659);
#1662=DIRECTION('',(0.E0,-1.E0,0.E0));
#1663=VECTOR('',#1662,2.55E0);
#1664=CARTESIAN_POINT('',(5.255661417798E-1,3.3E0,1.885808456321E0));
#1665=LINE('',#1664,#1663);
#1666=DIRECTION('',(0.E0,1.E0,0.E0));
#1667=VECTOR('',#1666,2.55E0);
#1668=CARTESIAN_POINT('',(3.507251032903E-1,7.5E-1,1.748341347909E0));
#1669=LINE('',#1668,#1667);
#1670=DIRECTION('',(0.E0,-1.E0,0.E0));
#1671=VECTOR('',#1670,2.55E0);
#1672=CARTESIAN_POINT('',(2.075395048235E-1,3.3E0,1.771139195721E0));
#1673=LINE('',#1672,#1671);
#1674=DIRECTION('',(0.E0,-1.E0,0.E0));
#1675=VECTOR('',#1674,2.55E0);
#1676=CARTESIAN_POINT('',(-8.290375725574E-2,3.3E0,1.955919290347E0));
#1677=LINE('',#1676,#1675);
#1678=DIRECTION('',(0.E0,1.E0,0.E0));
#1679=VECTOR('',#1678,2.55E0);
#1680=CARTESIAN_POINT('',(8.290375725547E-2,7.5E-1,1.955919290347E0));
#1681=LINE('',#1680,#1679);
#1682=DIRECTION('',(0.E0,-1.E0,0.E0));
#1683=VECTOR('',#1682,4.5E-1);
#1684=CARTESIAN_POINT('',(0.E0,7.5E-1,-1.E0));
#1685=LINE('',#1684,#1683);
#1686=DIRECTION('',(0.E0,-1.E0,0.E0));
#1687=VECTOR('',#1686,4.5E-1);
#1688=CARTESIAN_POINT('',(0.E0,7.5E-1,1.E0));
#1689=LINE('',#1688,#1687);
#1690=CARTESIAN_POINT('',(0.E0,3.E-1,0.E0));
#1691=DIRECTION('',(0.E0,1.E0,0.E0));
#1692=DIRECTION('',(0.E0,0.E0,-1.E0));
#1693=AXIS2_PLACEMENT_3D('',#1690,#1691,#1692);
#1695=CARTESIAN_POINT('',(0.E0,3.E-1,0.E0));
#1696=DIRECTION('',(0.E0,1.E0,0.E0));
#1697=DIRECTION('',(0.E0,0.E0,1.E0));
#1698=AXIS2_PLACEMENT_3D('',#1695,#1696,#1697);
#1700=CARTESIAN_POINT('',(0.E0,3.E-1,0.E0));
#1701=DIRECTION('',(0.E0,-1.E0,0.E0));
#1702=DIRECTION('',(0.E0,0.E0,1.E0));
#1703=AXIS2_PLACEMENT_3D('',#1700,#1701,#1702);
#1705=CARTESIAN_POINT('',(0.E0,3.E-1,0.E0));
#1706=DIRECTION('',(0.E0,-1.E0,0.E0));
#1707=DIRECTION('',(0.E0,0.E0,-1.E0));
#1708=AXIS2_PLACEMENT_3D('',#1705,#1706,#1707);
#1710=DIRECTION('',(4.814641555031E-11,1.E0,0.E0));
#1711=VECTOR('',#1710,6.E-1);
#1712=CARTESIAN_POINT('',(-2.888763512099E-11,-3.E-1,2.1E0));
#1713=LINE('',#1712,#1711);
#1714=DIRECTION('',(-5.818356630606E-11,-1.E0,0.E0));
#1715=VECTOR('',#1714,6.E-1);
#1716=CARTESIAN_POINT('',(2.551917422461E-10,3.E-1,-2.1E0));
#1717=LINE('',#1716,#1715);
#1718=CARTESIAN_POINT('',(0.E0,-3.E-1,0.E0));
#1719=DIRECTION('',(0.E0,-1.E0,0.E0));
#1720=DIRECTION('',(0.E0,0.E0,1.E0));
#1721=AXIS2_PLACEMENT_3D('',#1718,#1719,#1720);
#1723=CARTESIAN_POINT('',(0.E0,-3.E-1,0.E0));
#1724=DIRECTION('',(0.E0,-1.E0,0.E0));
#1725=DIRECTION('',(-4.015070119906E-2,0.E0,9.991936354847E-1));
#1726=AXIS2_PLACEMENT_3D('',#1723,#1724,#1725);
#1728=CARTESIAN_POINT('',(6.602851598814E-11,-3.E-1,-2.4E0));
#1729=DIRECTION('',(1.E0,0.E0,2.751187472283E-11));
#1730=DIRECTION('',(-2.751187472283E-11,0.E0,1.E0));
#1731=AXIS2_PLACEMENT_3D('',#1728,#1729,#1730);
#1733=CARTESIAN_POINT('',(0.E0,-6.E-1,0.E0));
#1734=DIRECTION('',(0.E0,1.E0,0.E0));
#1735=DIRECTION('',(0.E0,0.E0,-1.E0));
#1736=AXIS2_PLACEMENT_3D('',#1733,#1734,#1735);
#1738=CARTESIAN_POINT('',(0.E0,-6.E-1,0.E0));
#1739=DIRECTION('',(0.E0,1.E0,0.E0));
#1740=DIRECTION('',(-2.012424521683E-2,0.E0,-9.997974868714E-1));
#1741=AXIS2_PLACEMENT_3D('',#1738,#1739,#1740);
#1743=CARTESIAN_POINT('',(0.E0,-6.E-1,0.E0));
#1744=DIRECTION('',(0.E0,1.E0,0.E0));
#1745=DIRECTION('',(0.E0,0.E0,1.E0));
#1746=AXIS2_PLACEMENT_3D('',#1743,#1744,#1745);
#1748=CARTESIAN_POINT('',(0.E0,-6.E-1,0.E0));
#1749=DIRECTION('',(0.E0,1.E0,0.E0));
#1750=DIRECTION('',(2.012424521683E-2,0.E0,9.997974868714E-1));
#1751=AXIS2_PLACEMENT_3D('',#1748,#1749,#1750);
#1753=CARTESIAN_POINT('',(0.E0,-6.E-1,0.E0));
#1754=DIRECTION('',(0.E0,-1.E0,0.E0));
#1755=DIRECTION('',(0.E0,0.E0,-1.E0));
#1756=AXIS2_PLACEMENT_3D('',#1753,#1754,#1755);
#1758=CARTESIAN_POINT('',(0.E0,-6.E-1,0.E0));
#1759=DIRECTION('',(0.E0,-1.E0,0.E0));
#1760=DIRECTION('',(4.015070119906E-2,0.E0,-9.991936354847E-1));
#1761=AXIS2_PLACEMENT_3D('',#1758,#1759,#1760);
#1763=CARTESIAN_POINT('',(0.E0,-6.E-1,0.E0));
#1764=DIRECTION('',(0.E0,-1.E0,0.E0));
#1765=DIRECTION('',(0.E0,0.E0,1.E0));
#1766=AXIS2_PLACEMENT_3D('',#1763,#1764,#1765);
#1768=CARTESIAN_POINT('',(0.E0,-6.E-1,0.E0));
#1769=DIRECTION('',(0.E0,-1.E0,0.E0));
#1770=DIRECTION('',(-4.015070119906E-2,0.E0,9.991936354847E-1));
#1771=AXIS2_PLACEMENT_3D('',#1768,#1769,#1770);
#1773=CARTESIAN_POINT('',(0.E0,-4.1E-1,0.E0));
#1774=DIRECTION('',(0.E0,1.E0,0.E0));
#1775=DIRECTION('',(-2.442058811433E-11,0.E0,-1.E0));
#1776=AXIS2_PLACEMENT_3D('',#1773,#1774,#1775);
#1778=CARTESIAN_POINT('',(0.E0,-4.1E-1,2.76E0));
#1779=DIRECTION('',(1.E0,0.E0,0.E0));
#1780=DIRECTION('',(0.E0,0.E0,1.E0));
#1781=AXIS2_PLACEMENT_3D('',#1778,#1779,#1780);
#1783=CARTESIAN_POINT('',(0.E0,-4.1E-1,0.E0));
#1784=DIRECTION('',(0.E0,1.E0,0.E0));
#1785=DIRECTION('',(0.E0,0.E0,1.E0));
#1786=AXIS2_PLACEMENT_3D('',#1783,#1784,#1785);
#1788=CARTESIAN_POINT('',(0.E0,-4.1E-1,-2.76E0));
#1789=DIRECTION('',(-1.E0,0.E0,0.E0));
#1790=DIRECTION('',(0.E0,0.E0,-1.E0));
#1791=AXIS2_PLACEMENT_3D('',#1788,#1789,#1790);
#1793=DIRECTION('',(0.E0,1.E0,0.E0));
#1794=VECTOR('',#1793,4.1E-1);
#1795=CARTESIAN_POINT('',(0.E0,-4.1E-1,2.95E0));
#1796=LINE('',#1795,#1794);
#1797=DIRECTION('',(-2.928490576345E-11,1.E0,0.E0));
#1798=VECTOR('',#1797,4.1E-1);
#1799=CARTESIAN_POINT('',(-3.602040563256E-11,-4.1E-1,-2.95E0));
#1800=LINE('',#1799,#1798);
#1801=CARTESIAN_POINT('',(0.E0,-3.E-1,0.E0));
#1802=DIRECTION('',(0.E0,-1.E0,0.E0));
#1803=DIRECTION('',(1.822798464320E-10,0.E0,-1.E0));
#1804=AXIS2_PLACEMENT_3D('',#1801,#1802,#1803);
#1806=CARTESIAN_POINT('',(0.E0,-3.E-1,0.E0));
#1807=DIRECTION('',(0.E0,-1.E0,0.E0));
#1808=DIRECTION('',(4.015070119906E-2,0.E0,-9.991936354847E-1));
#1809=AXIS2_PLACEMENT_3D('',#1806,#1807,#1808);
#1811=CARTESIAN_POINT('',(-6.602851598814E-11,-3.E-1,2.4E0));
#1812=DIRECTION('',(-1.E0,0.E0,-2.751187472283E-11));
#1813=DIRECTION('',(2.751187472283E-11,0.E0,-1.E0));
#1814=AXIS2_PLACEMENT_3D('',#1811,#1812,#1813);
#1816=CARTESIAN_POINT('',(5.E-1,0.E0,-1.5E1));
#1817=CARTESIAN_POINT('',(-5.E-1,0.E0,-1.5E1));
#1818=VERTEX_POINT('',#1816);
#1819=VERTEX_POINT('',#1817);
#1820=CARTESIAN_POINT('',(5.E-1,1.5E0,-1.5E1));
#1821=VERTEX_POINT('',#1820);
#1822=CARTESIAN_POINT('',(-5.E-1,1.5E0,-1.5E1));
#1823=VERTEX_POINT('',#1822);
#1824=CARTESIAN_POINT('',(-2.297810909638E0,0.E0,-1.510032459094E1));
#1825=CARTESIAN_POINT('',(-2.957105319503E0,0.E0,-6.288303211477E-13));
#1826=VERTEX_POINT('',#1824);
#1827=VERTEX_POINT('',#1825);
#1828=CARTESIAN_POINT('',(-2.297810909638E0,0.E0,1.510032459094E1));
#1829=VERTEX_POINT('',#1828);
#1830=CARTESIAN_POINT('',(2.297810909638E0,0.E0,1.510032459094E1));
#1831=VERTEX_POINT('',#1830);
#1832=CARTESIAN_POINT('',(2.957105319503E0,0.E0,2.469136006766E-13));
#1833=VERTEX_POINT('',#1832);
#1834=CARTESIAN_POINT('',(2.297810909638E0,0.E0,-1.510032459094E1));
#1835=VERTEX_POINT('',#1834);
#1836=CARTESIAN_POINT('',(5.E-1,0.E0,-7.E0));
#1837=CARTESIAN_POINT('',(-5.E-1,0.E0,-7.E0));
#1838=VERTEX_POINT('',#1836);
#1839=VERTEX_POINT('',#1837);
#1840=CARTESIAN_POINT('',(5.E-1,0.E0,-1.E1));
#1841=CARTESIAN_POINT('',(-5.E-1,0.E0,-1.E1));
#1842=VERTEX_POINT('',#1840);
#1843=VERTEX_POINT('',#1841);
#1844=CARTESIAN_POINT('',(5.E-1,0.E0,-1.25E1));
#1845=CARTESIAN_POINT('',(-5.E-1,0.E0,-1.25E1));
#1846=VERTEX_POINT('',#1844);
#1847=VERTEX_POINT('',#1845);
#1848=CARTESIAN_POINT('',(5.E-1,0.E0,1.5E1));
#1849=CARTESIAN_POINT('',(-5.E-1,0.E0,1.5E1));
#1850=VERTEX_POINT('',#1848);
#1851=VERTEX_POINT('',#1849);
#1852=CARTESIAN_POINT('',(5.E-1,0.E0,7.E0));
#1853=CARTESIAN_POINT('',(-5.E-1,0.E0,7.E0));
#1854=VERTEX_POINT('',#1852);
#1855=VERTEX_POINT('',#1853);
#1856=CARTESIAN_POINT('',(5.E-1,0.E0,1.E1));
#1857=CARTESIAN_POINT('',(-5.E-1,0.E0,1.E1));
#1858=VERTEX_POINT('',#1856);
#1859=VERTEX_POINT('',#1857);
#1860=CARTESIAN_POINT('',(5.E-1,0.E0,1.25E1));
#1861=CARTESIAN_POINT('',(-5.E-1,0.E0,1.25E1));
#1862=VERTEX_POINT('',#1860);
#1863=VERTEX_POINT('',#1861);
#1864=CARTESIAN_POINT('',(0.E0,0.E0,2.95E0));
#1865=CARTESIAN_POINT('',(0.E0,0.E0,-2.95E0));
#1866=VERTEX_POINT('',#1864);
#1867=VERTEX_POINT('',#1865);
#1868=CARTESIAN_POINT('',(-2.957105319503E0,1.5E0,-6.287912854895E-13));
#1869=CARTESIAN_POINT('',(-2.297810909638E0,1.5E0,-1.510032459094E1));
#1870=VERTEX_POINT('',#1868);
#1871=VERTEX_POINT('',#1869);
#1872=CARTESIAN_POINT('',(2.297810909638E0,1.5E0,-1.510032459094E1));
#1873=VERTEX_POINT('',#1872);
#1874=CARTESIAN_POINT('',(2.957105319503E0,1.5E0,2.469136006766E-13));
#1875=VERTEX_POINT('',#1874);
#1876=CARTESIAN_POINT('',(2.297810909638E0,1.5E0,1.510032459094E1));
#1877=VERTEX_POINT('',#1876);
#1878=CARTESIAN_POINT('',(-2.297810909638E0,1.5E0,1.510032459094E1));
#1879=VERTEX_POINT('',#1878);
#1880=CARTESIAN_POINT('',(-5.E-1,1.5E0,-7.E0));
#1881=CARTESIAN_POINT('',(5.E-1,1.5E0,-7.E0));
#1882=VERTEX_POINT('',#1880);
#1883=VERTEX_POINT('',#1881);
#1884=CARTESIAN_POINT('',(-5.E-1,1.5E0,-1.E1));
#1885=CARTESIAN_POINT('',(5.E-1,1.5E0,-1.E1));
#1886=VERTEX_POINT('',#1884);
#1887=VERTEX_POINT('',#1885);
#1888=CARTESIAN_POINT('',(-5.E-1,1.5E0,-1.25E1));
#1889=CARTESIAN_POINT('',(5.E-1,1.5E0,-1.25E1));
#1890=VERTEX_POINT('',#1888);
#1891=VERTEX_POINT('',#1889);
#1892=CARTESIAN_POINT('',(-5.E-1,1.5E0,1.5E1));
#1893=CARTESIAN_POINT('',(5.E-1,1.5E0,1.5E1));
#1894=VERTEX_POINT('',#1892);
#1895=VERTEX_POINT('',#1893);
#1896=CARTESIAN_POINT('',(-5.E-1,1.5E0,7.E0));
#1897=CARTESIAN_POINT('',(5.E-1,1.5E0,7.E0));
#1898=VERTEX_POINT('',#1896);
#1899=VERTEX_POINT('',#1897);
#1900=CARTESIAN_POINT('',(-5.E-1,1.5E0,1.E1));
#1901=CARTESIAN_POINT('',(5.E-1,1.5E0,1.E1));
#1902=VERTEX_POINT('',#1900);
#1903=VERTEX_POINT('',#1901);
#1904=CARTESIAN_POINT('',(-5.E-1,1.5E0,1.25E1));
#1905=CARTESIAN_POINT('',(5.E-1,1.5E0,1.25E1));
#1906=VERTEX_POINT('',#1904);
#1907=VERTEX_POINT('',#1905);
#1908=CARTESIAN_POINT('',(2.95E0,1.5E0,0.E0));
#1909=CARTESIAN_POINT('',(-2.95E0,1.5E0,0.E0));
#1910=VERTEX_POINT('',#1908);
#1911=VERTEX_POINT('',#1909);
#1912=CARTESIAN_POINT('',(-2.949402586271E0,3.E0,-5.936652338965E-2));
#1913=CARTESIAN_POINT('',(2.95E0,3.E0,0.E0));
#1914=VERTEX_POINT('',#1912);
#1915=VERTEX_POINT('',#1913);
#1916=CARTESIAN_POINT('',(-2.95E0,3.E0,-6.869221347718E-11));
#1917=VERTEX_POINT('',#1916);
#1918=CARTESIAN_POINT('',(-2.649463340209E0,3.3E0,-5.332924982461E-2));
#1919=CARTESIAN_POINT('',(2.65E0,3.3E0,0.E0));
#1920=VERTEX_POINT('',#1918);
#1921=VERTEX_POINT('',#1919);
#1922=CARTESIAN_POINT('',(-2.65E0,3.3E0,0.E0));
#1923=VERTEX_POINT('',#1922);
#1924=CARTESIAN_POINT('',(2.649463340209E0,3.3E0,5.332924982461E-2));
#1925=VERTEX_POINT('',#1924);
#1926=CARTESIAN_POINT('',(-2.747436268354E-1,3.3E0,1.728298567816E0));
#1927=CARTESIAN_POINT('',(-2.075395048239E-1,3.3E0,1.771139195721E0));
#1928=VERTEX_POINT('',#1926);
#1929=VERTEX_POINT('',#1927);
#1930=CARTESIAN_POINT('',(-3.512445590886E-1,3.3E0,1.747665776818E0));
#1931=VERTEX_POINT('',#1930);
#1932=CARTESIAN_POINT('',(-8.290375725574E-2,3.3E0,1.955919290347E0));
#1933=VERTEX_POINT('',#1932);
#1934=CARTESIAN_POINT('',(8.290375725541E-2,3.3E0,1.955919290347E0));
#1935=VERTEX_POINT('',#1934);
#1936=CARTESIAN_POINT('',(2.075395048235E-1,3.3E0,1.771139195721E0));
#1937=VERTEX_POINT('',#1936);
#1938=CARTESIAN_POINT('',(2.747436477787E-1,3.3E0,1.728298564486E0));
#1939=CARTESIAN_POINT('',(3.512445590858E-1,3.3E0,1.747665776816E0));
#1940=VERTEX_POINT('',#1938);
#1941=VERTEX_POINT('',#1939);
#1942=VERTEX_POINT('',#409);
#1943=CARTESIAN_POINT('',(6.832584589062E-1,3.3E0,1.834571116543E0));
#1944=VERTEX_POINT('',#1943);
#1945=CARTESIAN_POINT('',(7.446939093330E-1,3.3E0,1.620320239361E0));
#1946=VERTEX_POINT('',#1945);
#1947=CARTESIAN_POINT('',(7.953703643108E-1,3.3E0,1.558809155598E0));
#1948=CARTESIAN_POINT('',(8.741118522554E-1,3.3E0,1.553588387408E0));
#1949=VERTEX_POINT('',#1947);
#1950=VERTEX_POINT('',#1948);
#1951=VERTEX_POINT('',#433);
#1952=CARTESIAN_POINT('',(1.216731062058E0,3.3E0,1.533642339642E0));
#1953=VERTEX_POINT('',#1952);
#1954=CARTESIAN_POINT('',(1.208952485409E0,3.3E0,1.310893048538E0));
#1955=VERTEX_POINT('',#1954);
#1956=CARTESIAN_POINT('',(1.238140687912E0,3.3E0,1.236732645698E0));
#1957=CARTESIAN_POINT('',(1.311414987031E0,3.3E0,1.207434942153E0));
#1958=VERTEX_POINT('',#1956);
#1959=VERTEX_POINT('',#1957);
#1960=VERTEX_POINT('',#457);
#1961=CARTESIAN_POINT('',(1.631101551390E0,3.3E0,1.082589965021E0));
#1962=VERTEX_POINT('',#1961);
#1963=CARTESIAN_POINT('',(1.554870368945E0,3.3E0,8.731465125944E-1));
#1964=VERTEX_POINT('',#1963);
#1965=CARTESIAN_POINT('',(1.559713174349E0,3.3E0,7.935961276137E-1));
#1966=CARTESIAN_POINT('',(1.620347685710E0,3.3E0,7.430893520667E-1));
#1967=VERTEX_POINT('',#1965);
#1968=VERTEX_POINT('',#1966);
#1969=VERTEX_POINT('',#481);
#1970=CARTESIAN_POINT('',(1.885808456323E0,3.3E0,5.255661417815E-1));
#1971=VERTEX_POINT('',#1970);
#1972=CARTESIAN_POINT('',(1.748586707351E0,3.3E0,3.499303124312E-1));
#1973=VERTEX_POINT('',#1972);
#1974=CARTESIAN_POINT('',(1.728610068118E0,3.3E0,2.727768912494E-1));
#1975=CARTESIAN_POINT('',(1.770669463286E0,3.3E0,2.060049987915E-1));
#1976=VERTEX_POINT('',#1974);
#1977=VERTEX_POINT('',#1975);
#1978=VERTEX_POINT('',#505);
#1979=CARTESIAN_POINT('',(1.955919290347E0,3.3E0,-8.290375725541E-2));
#1980=VERTEX_POINT('',#1979);
#1981=CARTESIAN_POINT('',(1.771139195721E0,3.3E0,-2.075395048235E-1));
#1982=VERTEX_POINT('',#1981);
#1983=CARTESIAN_POINT('',(1.728298564486E0,3.3E0,-2.747436477787E-1));
#1984=CARTESIAN_POINT('',(1.747665776816E0,3.3E0,-3.512445590858E-1));
#1985=VERTEX_POINT('',#1983);
#1986=VERTEX_POINT('',#1984);
#1987=VERTEX_POINT('',#529);
#1988=CARTESIAN_POINT('',(1.834571116543E0,3.3E0,-6.832584589062E-1));
#1989=VERTEX_POINT('',#1988);
#1990=CARTESIAN_POINT('',(1.620320239361E0,3.3E0,-7.446939093330E-1));
#1991=VERTEX_POINT('',#1990);
#1992=CARTESIAN_POINT('',(1.558809155598E0,3.3E0,-7.953703643108E-1));
#1993=CARTESIAN_POINT('',(1.553588387408E0,3.3E0,-8.741118522554E-1));
#1994=VERTEX_POINT('',#1992);
#1995=VERTEX_POINT('',#1993);
#1996=VERTEX_POINT('',#553);
#1997=CARTESIAN_POINT('',(1.533642339642E0,3.3E0,-1.216731062058E0));
#1998=VERTEX_POINT('',#1997);
#1999=CARTESIAN_POINT('',(1.310893048538E0,3.3E0,-1.208952485409E0));
#2000=VERTEX_POINT('',#1999);
#2001=CARTESIAN_POINT('',(1.236732645698E0,3.3E0,-1.238140687912E0));
#2002=CARTESIAN_POINT('',(1.207434942153E0,3.3E0,-1.311414987031E0));
#2003=VERTEX_POINT('',#2001);
#2004=VERTEX_POINT('',#2002);
#2005=VERTEX_POINT('',#577);
#2006=CARTESIAN_POINT('',(1.082589965021E0,3.3E0,-1.631101551390E0));
#2007=VERTEX_POINT('',#2006);
#2008=CARTESIAN_POINT('',(8.731465125944E-1,3.3E0,-1.554870368945E0));
#2009=VERTEX_POINT('',#2008);
#2010=CARTESIAN_POINT('',(7.935961276137E-1,3.3E0,-1.559713174349E0));
#2011=CARTESIAN_POINT('',(7.430893520667E-1,3.3E0,-1.620347685710E0));
#2012=VERTEX_POINT('',#2010);
#2013=VERTEX_POINT('',#2011);
#2014=VERTEX_POINT('',#601);
#2015=CARTESIAN_POINT('',(5.255661417815E-1,3.3E0,-1.885808456323E0));
#2016=VERTEX_POINT('',#2015);
#2017=CARTESIAN_POINT('',(3.499303124312E-1,3.3E0,-1.748586707351E0));
#2018=VERTEX_POINT('',#2017);
#2019=CARTESIAN_POINT('',(2.727768912494E-1,3.3E0,-1.728610068118E0));
#2020=CARTESIAN_POINT('',(2.060049987915E-1,3.3E0,-1.770669463286E0));
#2021=VERTEX_POINT('',#2019);
#2022=VERTEX_POINT('',#2020);
#2023=VERTEX_POINT('',#625);
#2024=CARTESIAN_POINT('',(-8.290375725541E-2,3.3E0,-1.955919290347E0));
#2025=VERTEX_POINT('',#2024);
#2026=CARTESIAN_POINT('',(-2.075395048235E-1,3.3E0,-1.771139195721E0));
#2027=VERTEX_POINT('',#2026);
#2028=CARTESIAN_POINT('',(-2.747436477787E-1,3.3E0,-1.728298564486E0));
#2029=CARTESIAN_POINT('',(-3.512445590858E-1,3.3E0,-1.747665776816E0));
#2030=VERTEX_POINT('',#2028);
#2031=VERTEX_POINT('',#2029);
#2032=VERTEX_POINT('',#649);
#2033=CARTESIAN_POINT('',(-6.832584589062E-1,3.3E0,-1.834571116543E0));
#2034=VERTEX_POINT('',#2033);
#2035=CARTESIAN_POINT('',(-7.446939093330E-1,3.3E0,-1.620320239361E0));
#2036=VERTEX_POINT('',#2035);
#2037=CARTESIAN_POINT('',(-7.953703643108E-1,3.3E0,-1.558809155598E0));
#2038=CARTESIAN_POINT('',(-8.741118522554E-1,3.3E0,-1.553588387408E0));
#2039=VERTEX_POINT('',#2037);
#2040=VERTEX_POINT('',#2038);
#2041=VERTEX_POINT('',#673);
#2042=CARTESIAN_POINT('',(-1.216731062058E0,3.3E0,-1.533642339642E0));
#2043=VERTEX_POINT('',#2042);
#2044=CARTESIAN_POINT('',(-1.208952485409E0,3.3E0,-1.310893048538E0));
#2045=VERTEX_POINT('',#2044);
#2046=CARTESIAN_POINT('',(-1.238140687912E0,3.3E0,-1.236732645698E0));
#2047=CARTESIAN_POINT('',(-1.311414987031E0,3.3E0,-1.207434942153E0));
#2048=VERTEX_POINT('',#2046);
#2049=VERTEX_POINT('',#2047);
#2050=VERTEX_POINT('',#697);
#2051=CARTESIAN_POINT('',(-1.631101551390E0,3.3E0,-1.082589965021E0));
#2052=VERTEX_POINT('',#2051);
#2053=CARTESIAN_POINT('',(-1.554870368945E0,3.3E0,-8.731465125944E-1));
#2054=VERTEX_POINT('',#2053);
#2055=CARTESIAN_POINT('',(-1.559713174349E0,3.3E0,-7.935961276137E-1));
#2056=CARTESIAN_POINT('',(-1.620347685710E0,3.3E0,-7.430893520667E-1));
#2057=VERTEX_POINT('',#2055);
#2058=VERTEX_POINT('',#2056);
#2059=VERTEX_POINT('',#721);
#2060=CARTESIAN_POINT('',(-1.885808456323E0,3.3E0,-5.255661417815E-1));
#2061=VERTEX_POINT('',#2060);
#2062=CARTESIAN_POINT('',(-1.748586707351E0,3.3E0,-3.499303124312E-1));
#2063=VERTEX_POINT('',#2062);
#2064=CARTESIAN_POINT('',(-1.728610068118E0,3.3E0,-2.727768912494E-1));
#2065=CARTESIAN_POINT('',(-1.770669463286E0,3.3E0,-2.060049987915E-1));
#2066=VERTEX_POINT('',#2064);
#2067=VERTEX_POINT('',#2065);
#2068=VERTEX_POINT('',#745);
#2069=CARTESIAN_POINT('',(-1.955919290347E0,3.3E0,8.290375725541E-2));
#2070=VERTEX_POINT('',#2069);
#2071=CARTESIAN_POINT('',(-1.771139195721E0,3.3E0,2.075395048235E-1));
#2072=VERTEX_POINT('',#2071);
#2073=CARTESIAN_POINT('',(-1.728298564486E0,3.3E0,2.747436477787E-1));
#2074=CARTESIAN_POINT('',(-1.747665776816E0,3.3E0,3.512445590858E-1));
#2075=VERTEX_POINT('',#2073);
#2076=VERTEX_POINT('',#2074);
#2077=VERTEX_POINT('',#769);
#2078=CARTESIAN_POINT('',(-1.834571116543E0,3.3E0,6.832584589062E-1));
#2079=VERTEX_POINT('',#2078);
#2080=CARTESIAN_POINT('',(-1.620320239361E0,3.3E0,7.446939093330E-1));
#2081=VERTEX_POINT('',#2080);
#2082=CARTESIAN_POINT('',(-1.558809155598E0,3.3E0,7.953703643108E-1));
#2083=CARTESIAN_POINT('',(-1.553588387408E0,3.3E0,8.741118522554E-1));
#2084=VERTEX_POINT('',#2082);
#2085=VERTEX_POINT('',#2083);
#2086=VERTEX_POINT('',#793);
#2087=CARTESIAN_POINT('',(-1.533642339642E0,3.3E0,1.216731062058E0));
#2088=VERTEX_POINT('',#2087);
#2089=CARTESIAN_POINT('',(-1.310893048538E0,3.3E0,1.208952485409E0));
#2090=VERTEX_POINT('',#2089);
#2091=CARTESIAN_POINT('',(-1.236732645698E0,3.3E0,1.238140687912E0));
#2092=CARTESIAN_POINT('',(-1.207434942153E0,3.3E0,1.311414987031E0));
#2093=VERTEX_POINT('',#2091);
#2094=VERTEX_POINT('',#2092);
#2095=VERTEX_POINT('',#817);
#2096=CARTESIAN_POINT('',(-1.082589965021E0,3.3E0,1.631101551390E0));
#2097=VERTEX_POINT('',#2096);
#2098=CARTESIAN_POINT('',(-8.731465125944E-1,3.3E0,1.554870368945E0));
#2099=VERTEX_POINT('',#2098);
#2100=CARTESIAN_POINT('',(-7.935961276137E-1,3.3E0,1.559713174349E0));
#2101=CARTESIAN_POINT('',(-7.430893520667E-1,3.3E0,1.620347685710E0));
#2102=VERTEX_POINT('',#2100);
#2103=VERTEX_POINT('',#2101);
#2104=VERTEX_POINT('',#841);
#2105=CARTESIAN_POINT('',(-5.255661417815E-1,3.3E0,1.885808456323E0));
#2106=VERTEX_POINT('',#2105);
#2107=CARTESIAN_POINT('',(2.949402586271E0,3.E0,5.936652338965E-2));
#2108=VERTEX_POINT('',#2107);
#2109=CARTESIAN_POINT('',(-3.507251032914E-1,7.5E-1,1.748341347909E0));
#2110=VERTEX_POINT('',#2109);
#2111=CARTESIAN_POINT('',(-2.075395048239E-1,7.5E-1,1.771139195721E0));
#2112=CARTESIAN_POINT('',(-2.747436271940E-1,7.5E-1,1.728298567759E0));
#2113=VERTEX_POINT('',#2111);
#2114=VERTEX_POINT('',#2112);
#2115=CARTESIAN_POINT('',(-5.255661417804E-1,7.5E-1,1.885808456322E0));
#2116=VERTEX_POINT('',#2115);
#2117=CARTESIAN_POINT('',(-6.832584589061E-1,7.5E-1,1.834571116543E0));
#2118=VERTEX_POINT('',#2117);
#2119=CARTESIAN_POINT('',(-7.439066913581E-1,7.5E-1,1.620588905749E0));
#2120=VERTEX_POINT('',#2119);
#2121=CARTESIAN_POINT('',(-7.935961276137E-1,7.5E-1,1.559713174349E0));
#2122=VERTEX_POINT('',#2121);
#2123=CARTESIAN_POINT('',(-8.731465125930E-1,7.5E-1,1.554870368945E0));
#2124=VERTEX_POINT('',#2123);
#2125=CARTESIAN_POINT('',(-1.082589965022E0,7.5E-1,1.631101551391E0));
#2126=VERTEX_POINT('',#2125);
#2127=CARTESIAN_POINT('',(-1.216731062058E0,7.5E-1,1.533642339645E0));
#2128=VERTEX_POINT('',#2127);
#2129=VERTEX_POINT('',#923);
#2130=CARTESIAN_POINT('',(-1.236732645698E0,7.5E-1,1.238140687912E0));
#2131=VERTEX_POINT('',#2130);
#2132=CARTESIAN_POINT('',(-1.310893048539E0,7.5E-1,1.208952485408E0));
#2133=VERTEX_POINT('',#2132);
#2134=CARTESIAN_POINT('',(-1.533642339642E0,7.5E-1,1.216731062058E0));
#2135=VERTEX_POINT('',#2134);
#2136=CARTESIAN_POINT('',(-1.631101551390E0,7.5E-1,1.082589965023E0));
#2137=VERTEX_POINT('',#2136);
#2138=VERTEX_POINT('',#947);
#2139=CARTESIAN_POINT('',(-1.558809155598E0,7.5E-1,7.953703643108E-1));
#2140=VERTEX_POINT('',#2139);
#2141=CARTESIAN_POINT('',(-1.620320239360E0,7.5E-1,7.446939093333E-1));
#2142=VERTEX_POINT('',#2141);
#2143=CARTESIAN_POINT('',(-1.834571116543E0,7.5E-1,6.832584589062E-1));
#2144=VERTEX_POINT('',#2143);
#2145=CARTESIAN_POINT('',(-1.885808456322E0,7.5E-1,5.255661417802E-1));
#2146=VERTEX_POINT('',#2145);
#2147=VERTEX_POINT('',#971);
#2148=CARTESIAN_POINT('',(-1.728298564486E0,7.5E-1,2.747436477787E-1));
#2149=VERTEX_POINT('',#2148);
#2150=CARTESIAN_POINT('',(-1.771139195722E0,7.5E-1,2.075395048231E-1));
#2151=VERTEX_POINT('',#2150);
#2152=CARTESIAN_POINT('',(-1.955919290347E0,7.5E-1,8.290375725547E-2));
#2153=VERTEX_POINT('',#2152);
#2154=CARTESIAN_POINT('',(-1.955919290346E0,7.5E-1,-8.290375725614E-2));
#2155=VERTEX_POINT('',#2154);
#2156=VERTEX_POINT('',#995);
#2157=CARTESIAN_POINT('',(-1.728610068118E0,7.5E-1,-2.727768912494E-1));
#2158=VERTEX_POINT('',#2157);
#2159=CARTESIAN_POINT('',(-1.748586707353E0,7.5E-1,-3.499303124333E-1));
#2160=VERTEX_POINT('',#2159);
#2161=CARTESIAN_POINT('',(-1.885808456322E0,7.5E-1,-5.255661417804E-1));
#2162=VERTEX_POINT('',#2161);
#2163=CARTESIAN_POINT('',(-1.834571116543E0,7.5E-1,-6.832584589061E-1));
#2164=VERTEX_POINT('',#2163);
#2165=VERTEX_POINT('',#1019);
#2166=CARTESIAN_POINT('',(-1.559713174349E0,7.5E-1,-7.935961276137E-1));
#2167=VERTEX_POINT('',#2166);
#2168=CARTESIAN_POINT('',(-1.554870368945E0,7.5E-1,-8.731465125930E-1));
#2169=VERTEX_POINT('',#2168);
#2170=CARTESIAN_POINT('',(-1.631101551391E0,7.5E-1,-1.082589965022E0));
#2171=VERTEX_POINT('',#2170);
#2172=CARTESIAN_POINT('',(-1.533642339645E0,7.5E-1,-1.216731062058E0));
#2173=VERTEX_POINT('',#2172);
#2174=VERTEX_POINT('',#1043);
#2175=CARTESIAN_POINT('',(-1.238140687912E0,7.5E-1,-1.236732645698E0));
#2176=VERTEX_POINT('',#2175);
#2177=CARTESIAN_POINT('',(-1.208952485408E0,7.5E-1,-1.310893048539E0));
#2178=VERTEX_POINT('',#2177);
#2179=CARTESIAN_POINT('',(-1.216731062058E0,7.5E-1,-1.533642339642E0));
#2180=VERTEX_POINT('',#2179);
#2181=CARTESIAN_POINT('',(-1.082589965023E0,7.5E-1,-1.631101551390E0));
#2182=VERTEX_POINT('',#2181);
#2183=VERTEX_POINT('',#1067);
#2184=CARTESIAN_POINT('',(-7.953703643108E-1,7.5E-1,-1.558809155598E0));
#2185=VERTEX_POINT('',#2184);
#2186=CARTESIAN_POINT('',(-7.446939093333E-1,7.5E-1,-1.620320239360E0));
#2187=VERTEX_POINT('',#2186);
#2188=CARTESIAN_POINT('',(-6.832584589062E-1,7.5E-1,-1.834571116543E0));
#2189=VERTEX_POINT('',#2188);
#2190=CARTESIAN_POINT('',(-5.255661417802E-1,7.5E-1,-1.885808456322E0));
#2191=VERTEX_POINT('',#2190);
#2192=VERTEX_POINT('',#1091);
#2193=CARTESIAN_POINT('',(-2.747436477787E-1,7.5E-1,-1.728298564486E0));
#2194=VERTEX_POINT('',#2193);
#2195=CARTESIAN_POINT('',(-2.075395048231E-1,7.5E-1,-1.771139195722E0));
#2196=VERTEX_POINT('',#2195);
#2197=CARTESIAN_POINT('',(-8.290375725547E-2,7.5E-1,-1.955919290347E0));
#2198=VERTEX_POINT('',#2197);
#2199=CARTESIAN_POINT('',(8.290375725614E-2,7.5E-1,-1.955919290346E0));
#2200=VERTEX_POINT('',#2199);
#2201=VERTEX_POINT('',#1115);
#2202=CARTESIAN_POINT('',(2.727768912494E-1,7.5E-1,-1.728610068118E0));
#2203=VERTEX_POINT('',#2202);
#2204=CARTESIAN_POINT('',(3.499303124333E-1,7.5E-1,-1.748586707353E0));
#2205=VERTEX_POINT('',#2204);
#2206=CARTESIAN_POINT('',(5.255661417804E-1,7.5E-1,-1.885808456322E0));
#2207=VERTEX_POINT('',#2206);
#2208=CARTESIAN_POINT('',(6.832584589061E-1,7.5E-1,-1.834571116543E0));
#2209=VERTEX_POINT('',#2208);
#2210=VERTEX_POINT('',#1139);
#2211=CARTESIAN_POINT('',(7.935961276137E-1,7.5E-1,-1.559713174349E0));
#2212=VERTEX_POINT('',#2211);
#2213=CARTESIAN_POINT('',(8.731465125930E-1,7.5E-1,-1.554870368945E0));
#2214=VERTEX_POINT('',#2213);
#2215=CARTESIAN_POINT('',(1.082589965022E0,7.5E-1,-1.631101551391E0));
#2216=VERTEX_POINT('',#2215);
#2217=CARTESIAN_POINT('',(1.216731062058E0,7.5E-1,-1.533642339645E0));
#2218=VERTEX_POINT('',#2217);
#2219=VERTEX_POINT('',#1163);
#2220=CARTESIAN_POINT('',(1.236732645698E0,7.5E-1,-1.238140687912E0));
#2221=VERTEX_POINT('',#2220);
#2222=CARTESIAN_POINT('',(1.310893048539E0,7.5E-1,-1.208952485408E0));
#2223=VERTEX_POINT('',#2222);
#2224=CARTESIAN_POINT('',(1.533642339642E0,7.5E-1,-1.216731062058E0));
#2225=VERTEX_POINT('',#2224);
#2226=CARTESIAN_POINT('',(1.631101551390E0,7.5E-1,-1.082589965023E0));
#2227=VERTEX_POINT('',#2226);
#2228=VERTEX_POINT('',#1187);
#2229=CARTESIAN_POINT('',(1.558809155598E0,7.5E-1,-7.953703643108E-1));
#2230=VERTEX_POINT('',#2229);
#2231=CARTESIAN_POINT('',(1.620320239360E0,7.5E-1,-7.446939093333E-1));
#2232=VERTEX_POINT('',#2231);
#2233=CARTESIAN_POINT('',(1.834571116543E0,7.5E-1,-6.832584589062E-1));
#2234=VERTEX_POINT('',#2233);
#2235=CARTESIAN_POINT('',(1.885808456322E0,7.5E-1,-5.255661417802E-1));
#2236=VERTEX_POINT('',#2235);
#2237=VERTEX_POINT('',#1211);
#2238=CARTESIAN_POINT('',(1.728298564486E0,7.5E-1,-2.747436477787E-1));
#2239=VERTEX_POINT('',#2238);
#2240=CARTESIAN_POINT('',(1.771139195722E0,7.5E-1,-2.075395048231E-1));
#2241=VERTEX_POINT('',#2240);
#2242=CARTESIAN_POINT('',(1.955919290347E0,7.5E-1,-8.290375725547E-2));
#2243=VERTEX_POINT('',#2242);
#2244=CARTESIAN_POINT('',(1.955919290346E0,7.5E-1,8.290375725614E-2));
#2245=VERTEX_POINT('',#2244);
#2246=VERTEX_POINT('',#1235);
#2247=CARTESIAN_POINT('',(1.728610068118E0,7.5E-1,2.727768912494E-1));
#2248=VERTEX_POINT('',#2247);
#2249=CARTESIAN_POINT('',(1.748586707353E0,7.5E-1,3.499303124333E-1));
#2250=VERTEX_POINT('',#2249);
#2251=CARTESIAN_POINT('',(1.885808456322E0,7.5E-1,5.255661417804E-1));
#2252=VERTEX_POINT('',#2251);
#2253=CARTESIAN_POINT('',(1.834571116543E0,7.5E-1,6.832584589061E-1));
#2254=VERTEX_POINT('',#2253);
#2255=VERTEX_POINT('',#1259);
#2256=CARTESIAN_POINT('',(1.559713174349E0,7.5E-1,7.935961276137E-1));
#2257=VERTEX_POINT('',#2256);
#2258=CARTESIAN_POINT('',(1.554870368945E0,7.5E-1,8.731465125930E-1));
#2259=VERTEX_POINT('',#2258);
#2260=CARTESIAN_POINT('',(1.631101551391E0,7.5E-1,1.082589965022E0));
#2261=VERTEX_POINT('',#2260);
#2262=CARTESIAN_POINT('',(1.533642339645E0,7.5E-1,1.216731062058E0));
#2263=VERTEX_POINT('',#2262);
#2264=VERTEX_POINT('',#1283);
#2265=CARTESIAN_POINT('',(1.238140687912E0,7.5E-1,1.236732645698E0));
#2266=VERTEX_POINT('',#2265);
#2267=CARTESIAN_POINT('',(1.208952485408E0,7.5E-1,1.310893048539E0));
#2268=VERTEX_POINT('',#2267);
#2269=CARTESIAN_POINT('',(1.216731062058E0,7.5E-1,1.533642339642E0));
#2270=VERTEX_POINT('',#2269);
#2271=CARTESIAN_POINT('',(1.082589965023E0,7.5E-1,1.631101551390E0));
#2272=VERTEX_POINT('',#2271);
#2273=VERTEX_POINT('',#1307);
#2274=CARTESIAN_POINT('',(7.953703643108E-1,7.5E-1,1.558809155598E0));
#2275=VERTEX_POINT('',#2274);
#2276=CARTESIAN_POINT('',(7.446939093333E-1,7.5E-1,1.620320239360E0));
#2277=VERTEX_POINT('',#2276);
#2278=CARTESIAN_POINT('',(6.832584589062E-1,7.5E-1,1.834571116543E0));
#2279=VERTEX_POINT('',#2278);
#2280=CARTESIAN_POINT('',(5.255661417802E-1,7.5E-1,1.885808456322E0));
#2281=VERTEX_POINT('',#2280);
#2282=VERTEX_POINT('',#1331);
#2283=CARTESIAN_POINT('',(2.747436477787E-1,7.5E-1,1.728298564486E0));
#2284=VERTEX_POINT('',#2283);
#2285=CARTESIAN_POINT('',(2.075395048231E-1,7.5E-1,1.771139195722E0));
#2286=VERTEX_POINT('',#2285);
#2287=CARTESIAN_POINT('',(8.290375725547E-2,7.5E-1,1.955919290347E0));
#2288=VERTEX_POINT('',#2287);
#2289=CARTESIAN_POINT('',(-8.290375725589E-2,7.5E-1,1.955919290347E0));
#2290=VERTEX_POINT('',#2289);
#2291=CARTESIAN_POINT('',(0.E0,7.5E-1,-1.E0));
#2292=CARTESIAN_POINT('',(0.E0,7.5E-1,1.E0));
#2293=VERTEX_POINT('',#2291);
#2294=VERTEX_POINT('',#2292);
#2295=CARTESIAN_POINT('',(0.E0,3.E-1,-1.E0));
#2296=VERTEX_POINT('',#2295);
#2297=CARTESIAN_POINT('',(0.E0,3.E-1,1.E0));
#2298=VERTEX_POINT('',#2297);
#2299=CARTESIAN_POINT('',(0.E0,3.E-1,-2.1E0));
#2300=CARTESIAN_POINT('',(0.E0,3.E-1,2.1E0));
#2301=VERTEX_POINT('',#2299);
#2302=VERTEX_POINT('',#2300);
#2303=CARTESIAN_POINT('',(-8.431647251803E-2,-3.E-1,2.098306634518E0));
#2304=CARTESIAN_POINT('',(3.827878292118E-10,-3.E-1,-2.1E0));
#2305=VERTEX_POINT('',#2303);
#2306=VERTEX_POINT('',#2304);
#2307=CARTESIAN_POINT('',(0.E0,-3.E-1,2.1E0));
#2308=VERTEX_POINT('',#2307);
#2309=CARTESIAN_POINT('',(-9.636168287775E-2,-6.E-1,2.398064725163E0));
#2310=CARTESIAN_POINT('',(0.E0,-6.E-1,-2.4E0));
#2311=VERTEX_POINT('',#2309);
#2312=VERTEX_POINT('',#2310);
#2313=CARTESIAN_POINT('',(0.E0,-6.E-1,2.4E0));
#2314=VERTEX_POINT('',#2313);
#2315=CARTESIAN_POINT('',(-5.554291679846E-2,-6.E-1,-2.759441063765E0));
#2316=CARTESIAN_POINT('',(0.E0,-6.E-1,2.76E0));
#2317=VERTEX_POINT('',#2315);
#2318=VERTEX_POINT('',#2316);
#2319=CARTESIAN_POINT('',(0.E0,-6.E-1,-2.76E0));
#2320=VERTEX_POINT('',#2319);
#2321=CARTESIAN_POINT('',(5.554291679846E-2,-6.E-1,2.759441063765E0));
#2322=VERTEX_POINT('',#2321);
#2323=CARTESIAN_POINT('',(9.636168287775E-2,-6.E-1,-2.398064725163E0));
#2324=VERTEX_POINT('',#2323);
#2325=CARTESIAN_POINT('',(8.431647251803E-2,-3.E-1,-2.098306634518E0));
#2326=VERTEX_POINT('',#2325);
#2327=CARTESIAN_POINT('',(0.E0,-4.1E-1,-2.95E0));
#2328=VERTEX_POINT('',#2327);
#2329=CARTESIAN_POINT('',(0.E0,-4.1E-1,2.95E0));
#2330=VERTEX_POINT('',#2329);
#2331=CARTESIAN_POINT('',(0.E0,0.E0,-1.5E1));
#2332=DIRECTION('',(0.E0,1.E0,0.E0));
#2333=DIRECTION('',(1.E0,0.E0,0.E0));
#2334=AXIS2_PLACEMENT_3D('',#2331,#2332,#2333);
#2335=CYLINDRICAL_SURFACE('',#2334,5.E-1);
#2337=ORIENTED_EDGE('',*,*,#2336,.F.);
#2339=ORIENTED_EDGE('',*,*,#2338,.F.);
#2341=ORIENTED_EDGE('',*,*,#2340,.F.);
#2343=ORIENTED_EDGE('',*,*,#2342,.T.);
#2344=EDGE_LOOP('',(#2337,#2339,#2341,#2343));
#2345=FACE_OUTER_BOUND('',#2344,.F.);
#2347=CARTESIAN_POINT('',(0.E0,0.E0,0.E0));
#2348=DIRECTION('',(0.E0,1.E0,0.E0));
#2349=DIRECTION('',(1.E0,0.E0,0.E0));
#2350=AXIS2_PLACEMENT_3D('',#2347,#2348,#2349);
#2351=PLANE('',#2350);
#2353=ORIENTED_EDGE('',*,*,#2352,.T.);
#2355=ORIENTED_EDGE('',*,*,#2354,.T.);
#2357=ORIENTED_EDGE('',*,*,#2356,.T.);
#2359=ORIENTED_EDGE('',*,*,#2358,.T.);
#2361=ORIENTED_EDGE('',*,*,#2360,.T.);
#2363=ORIENTED_EDGE('',*,*,#2362,.T.);
#2364=EDGE_LOOP('',(#2353,#2355,#2357,#2359,#2361,#2363));
#2365=FACE_OUTER_BOUND('',#2364,.F.);
#2366=ORIENTED_EDGE('',*,*,#2336,.T.);
#2368=ORIENTED_EDGE('',*,*,#2367,.T.);
#2369=EDGE_LOOP('',(#2366,#2368));
#2370=FACE_BOUND('',#2369,.F.);
#2372=ORIENTED_EDGE('',*,*,#2371,.T.);
#2374=ORIENTED_EDGE('',*,*,#2373,.T.);
#2375=EDGE_LOOP('',(#2372,#2374));
#2376=FACE_BOUND('',#2375,.F.);
#2378=ORIENTED_EDGE('',*,*,#2377,.T.);
#2380=ORIENTED_EDGE('',*,*,#2379,.T.);
#2381=EDGE_LOOP('',(#2378,#2380));
#2382=FACE_BOUND('',#2381,.F.);
#2384=ORIENTED_EDGE('',*,*,#2383,.T.);
#2386=ORIENTED_EDGE('',*,*,#2385,.T.);
#2387=EDGE_LOOP('',(#2384,#2386));
#2388=FACE_BOUND('',#2387,.F.);
#2390=ORIENTED_EDGE('',*,*,#2389,.T.);
#2392=ORIENTED_EDGE('',*,*,#2391,.T.);
#2393=EDGE_LOOP('',(#2390,#2392));
#2394=FACE_BOUND('',#2393,.F.);
#2396=ORIENTED_EDGE('',*,*,#2395,.T.);
#2398=ORIENTED_EDGE('',*,*,#2397,.T.);
#2399=EDGE_LOOP('',(#2396,#2398));
#2400=FACE_BOUND('',#2399,.F.);
#2402=ORIENTED_EDGE('',*,*,#2401,.T.);
#2404=ORIENTED_EDGE('',*,*,#2403,.T.);
#2405=EDGE_LOOP('',(#2402,#2404));
#2406=FACE_BOUND('',#2405,.F.);
#2408=ORIENTED_EDGE('',*,*,#2407,.T.);
#2410=ORIENTED_EDGE('',*,*,#2409,.T.);
#2411=EDGE_LOOP('',(#2408,#2410));
#2412=FACE_BOUND('',#2411,.F.);
#2414=ORIENTED_EDGE('',*,*,#2413,.T.);
#2416=ORIENTED_EDGE('',*,*,#2415,.T.);
#2417=EDGE_LOOP('',(#2414,#2416));
#2418=FACE_BOUND('',#2417,.F.);
#2420=CARTESIAN_POINT('',(-2.297810909638E0,0.E0,-1.510032459094E1));
#2421=DIRECTION('',(-9.990482215819E-1,0.E0,-4.361938736534E-2));
#2422=DIRECTION('',(-4.361938736534E-2,0.E0,9.990482215819E-1));
#2423=AXIS2_PLACEMENT_3D('',#2420,#2421,#2422);
#2424=PLANE('',#2423);
#2425=ORIENTED_EDGE('',*,*,#2352,.F.);
#2427=ORIENTED_EDGE('',*,*,#2426,.F.);
#2429=ORIENTED_EDGE('',*,*,#2428,.F.);
#2431=ORIENTED_EDGE('',*,*,#2430,.T.);
#2432=EDGE_LOOP('',(#2425,#2427,#2429,#2431));
#2433=FACE_OUTER_BOUND('',#2432,.F.);
#2435=CARTESIAN_POINT('',(0.E0,0.E0,-1.5E1));
#2436=DIRECTION('',(0.E0,1.E0,0.E0));
#2437=DIRECTION('',(1.E0,0.E0,0.E0));
#2438=AXIS2_PLACEMENT_3D('',#2435,#2436,#2437);
#2439=CYLINDRICAL_SURFACE('',#2438,2.3E0);
#2440=ORIENTED_EDGE('',*,*,#2362,.F.);
#2442=ORIENTED_EDGE('',*,*,#2441,.T.);
#2444=ORIENTED_EDGE('',*,*,#2443,.F.);
#2445=ORIENTED_EDGE('',*,*,#2426,.T.);
#2446=EDGE_LOOP('',(#2440,#2442,#2444,#2445));
#2447=FACE_OUTER_BOUND('',#2446,.F.);
#2449=CARTESIAN_POINT('',(2.957105319503E0,0.E0,0.E0));
#2450=DIRECTION('',(9.990482215819E-1,0.E0,-4.361938736534E-2));
#2451=DIRECTION('',(-4.361938736534E-2,0.E0,-9.990482215819E-1));
#2452=AXIS2_PLACEMENT_3D('',#2449,#2450,#2451);
#2453=PLANE('',#2452);
#2454=ORIENTED_EDGE('',*,*,#2360,.F.);
#2456=ORIENTED_EDGE('',*,*,#2455,.F.);
#2458=ORIENTED_EDGE('',*,*,#2457,.F.);
#2459=ORIENTED_EDGE('',*,*,#2441,.F.);
#2460=EDGE_LOOP('',(#2454,#2456,#2458,#2459));
#2461=FACE_OUTER_BOUND('',#2460,.F.);
#2463=CARTESIAN_POINT('',(2.297810909638E0,0.E0,1.510032459094E1));
#2464=DIRECTION('',(9.990482215819E-1,0.E0,4.361938736534E-2));
#2465=DIRECTION('',(4.361938736534E-2,0.E0,-9.990482215819E-1));
#2466=AXIS2_PLACEMENT_3D('',#2463,#2464,#2465);
#2467=PLANE('',#2466);
#2468=ORIENTED_EDGE('',*,*,#2358,.F.);
#2470=ORIENTED_EDGE('',*,*,#2469,.F.);
#2472=ORIENTED_EDGE('',*,*,#2471,.F.);
#2473=ORIENTED_EDGE('',*,*,#2455,.T.);
#2474=EDGE_LOOP('',(#2468,#2470,#2472,#2473));
#2475=FACE_OUTER_BOUND('',#2474,.F.);
#2477=CARTESIAN_POINT('',(0.E0,0.E0,1.5E1));
#2478=DIRECTION('',(0.E0,1.E0,0.E0));
#2479=DIRECTION('',(1.E0,0.E0,0.E0));
#2480=AXIS2_PLACEMENT_3D('',#2477,#2478,#2479);
#2481=CYLINDRICAL_SURFACE('',#2480,2.3E0);
#2482=ORIENTED_EDGE('',*,*,#2356,.F.);
#2484=ORIENTED_EDGE('',*,*,#2483,.T.);
#2486=ORIENTED_EDGE('',*,*,#2485,.F.);
#2487=ORIENTED_EDGE('',*,*,#2469,.T.);
#2488=EDGE_LOOP('',(#2482,#2484,#2486,#2487));
#2489=FACE_OUTER_BOUND('',#2488,.F.);
#2491=CARTESIAN_POINT('',(-2.957105319503E0,0.E0,-4.576352577885E-13));
#2492=DIRECTION('',(-9.990482215819E-1,0.E0,4.361938736533E-2));
#2493=DIRECTION('',(4.361938736533E-2,0.E0,9.990482215819E-1));
#2494=AXIS2_PLACEMENT_3D('',#2491,#2492,#2493);
#2495=PLANE('',#2494);
#2496=ORIENTED_EDGE('',*,*,#2354,.F.);
#2497=ORIENTED_EDGE('',*,*,#2430,.F.);
#2499=ORIENTED_EDGE('',*,*,#2498,.F.);
#2500=ORIENTED_EDGE('',*,*,#2483,.F.);
#2501=EDGE_LOOP('',(#2496,#2497,#2499,#2500));
#2502=FACE_OUTER_BOUND('',#2501,.F.);
#2504=CARTESIAN_POINT('',(0.E0,1.5E0,0.E0));
#2505=DIRECTION('',(0.E0,1.E0,0.E0));
#2506=DIRECTION('',(1.E0,0.E0,0.E0));
#2507=AXIS2_PLACEMENT_3D('',#2504,#2505,#2506);
#2508=PLANE('',#2507);
#2509=ORIENTED_EDGE('',*,*,#2428,.T.);
#2510=ORIENTED_EDGE('',*,*,#2443,.T.);
#2511=ORIENTED_EDGE('',*,*,#2457,.T.);
#2512=ORIENTED_EDGE('',*,*,#2471,.T.);
#2513=ORIENTED_EDGE('',*,*,#2485,.T.);
#2514=ORIENTED_EDGE('',*,*,#2498,.T.);
#2515=EDGE_LOOP('',(#2509,#2510,#2511,#2512,#2513,#2514));
#2516=FACE_OUTER_BOUND('',#2515,.F.);
#2517=ORIENTED_EDGE('',*,*,#2340,.T.);
#2519=ORIENTED_EDGE('',*,*,#2518,.T.);
#2520=EDGE_LOOP('',(#2517,#2519));
#2521=FACE_BOUND('',#2520,.F.);
#2523=ORIENTED_EDGE('',*,*,#2522,.T.);
#2525=ORIENTED_EDGE('',*,*,#2524,.T.);
#2526=EDGE_LOOP('',(#2523,#2525));
#2527=FACE_BOUND('',#2526,.F.);
#2529=ORIENTED_EDGE('',*,*,#2528,.T.);
#2531=ORIENTED_EDGE('',*,*,#2530,.T.);
#2532=EDGE_LOOP('',(#2529,#2531));
#2533=FACE_BOUND('',#2532,.F.);
#2535=ORIENTED_EDGE('',*,*,#2534,.T.);
#2537=ORIENTED_EDGE('',*,*,#2536,.T.);
#2538=EDGE_LOOP('',(#2535,#2537));
#2539=FACE_BOUND('',#2538,.F.);
#2541=ORIENTED_EDGE('',*,*,#2540,.T.);
#2543=ORIENTED_EDGE('',*,*,#2542,.T.);
#2544=EDGE_LOOP('',(#2541,#2543));
#2545=FACE_BOUND('',#2544,.F.);
#2547=ORIENTED_EDGE('',*,*,#2546,.T.);
#2549=ORIENTED_EDGE('',*,*,#2548,.T.);
#2550=EDGE_LOOP('',(#2547,#2549));
#2551=FACE_BOUND('',#2550,.F.);
#2553=ORIENTED_EDGE('',*,*,#2552,.T.);
#2555=ORIENTED_EDGE('',*,*,#2554,.T.);
#2556=EDGE_LOOP('',(#2553,#2555));
#2557=FACE_BOUND('',#2556,.F.);
#2559=ORIENTED_EDGE('',*,*,#2558,.T.);
#2561=ORIENTED_EDGE('',*,*,#2560,.T.);
#2562=EDGE_LOOP('',(#2559,#2561));
#2563=FACE_BOUND('',#2562,.F.);
#2565=ORIENTED_EDGE('',*,*,#2564,.T.);
#2567=ORIENTED_EDGE('',*,*,#2566,.T.);
#2568=EDGE_LOOP('',(#2565,#2567));
#2569=FACE_BOUND('',#2568,.F.);
#2571=CARTESIAN_POINT('',(0.E0,0.E0,-1.5E1));
#2572=DIRECTION('',(0.E0,1.E0,0.E0));
#2573=DIRECTION('',(1.E0,0.E0,0.E0));
#2574=AXIS2_PLACEMENT_3D('',#2571,#2572,#2573);
#2575=CYLINDRICAL_SURFACE('',#2574,5.E-1);
#2576=ORIENTED_EDGE('',*,*,#2367,.F.);
#2577=ORIENTED_EDGE('',*,*,#2342,.F.);
#2578=ORIENTED_EDGE('',*,*,#2518,.F.);
#2579=ORIENTED_EDGE('',*,*,#2338,.T.);
#2580=EDGE_LOOP('',(#2576,#2577,#2578,#2579));
#2581=FACE_OUTER_BOUND('',#2580,.F.);
#2583=CARTESIAN_POINT('',(0.E0,0.E0,-7.E0));
#2584=DIRECTION('',(0.E0,1.E0,0.E0));
#2585=DIRECTION('',(1.E0,0.E0,0.E0));
#2586=AXIS2_PLACEMENT_3D('',#2583,#2584,#2585);
#2587=CYLINDRICAL_SURFACE('',#2586,5.E-1);
#2588=ORIENTED_EDGE('',*,*,#2371,.F.);
#2590=ORIENTED_EDGE('',*,*,#2589,.F.);
#2591=ORIENTED_EDGE('',*,*,#2522,.F.);
#2593=ORIENTED_EDGE('',*,*,#2592,.T.);
#2594=EDGE_LOOP('',(#2588,#2590,#2591,#2593));
#2595=FACE_OUTER_BOUND('',#2594,.F.);
#2597=CARTESIAN_POINT('',(0.E0,0.E0,-7.E0));
#2598=DIRECTION('',(0.E0,1.E0,0.E0));
#2599=DIRECTION('',(1.E0,0.E0,0.E0));
#2600=AXIS2_PLACEMENT_3D('',#2597,#2598,#2599);
#2601=CYLINDRICAL_SURFACE('',#2600,5.E-1);
#2602=ORIENTED_EDGE('',*,*,#2373,.F.);
#2603=ORIENTED_EDGE('',*,*,#2592,.F.);
#2604=ORIENTED_EDGE('',*,*,#2524,.F.);
#2605=ORIENTED_EDGE('',*,*,#2589,.T.);
#2606=EDGE_LOOP('',(#2602,#2603,#2604,#2605));
#2607=FACE_OUTER_BOUND('',#2606,.F.);
#2609=CARTESIAN_POINT('',(0.E0,0.E0,-1.E1));
#2610=DIRECTION('',(0.E0,1.E0,0.E0));
#2611=DIRECTION('',(1.E0,0.E0,0.E0));
#2612=AXIS2_PLACEMENT_3D('',#2609,#2610,#2611);
#2613=CYLINDRICAL_SURFACE('',#2612,5.E-1);
#2614=ORIENTED_EDGE('',*,*,#2377,.F.);
#2616=ORIENTED_EDGE('',*,*,#2615,.F.);
#2617=ORIENTED_EDGE('',*,*,#2528,.F.);
#2619=ORIENTED_EDGE('',*,*,#2618,.T.);
#2620=EDGE_LOOP('',(#2614,#2616,#2617,#2619));
#2621=FACE_OUTER_BOUND('',#2620,.F.);
#2623=CARTESIAN_POINT('',(0.E0,0.E0,-1.E1));
#2624=DIRECTION('',(0.E0,1.E0,0.E0));
#2625=DIRECTION('',(1.E0,0.E0,0.E0));
#2626=AXIS2_PLACEMENT_3D('',#2623,#2624,#2625);
#2627=CYLINDRICAL_SURFACE('',#2626,5.E-1);
#2628=ORIENTED_EDGE('',*,*,#2379,.F.);
#2629=ORIENTED_EDGE('',*,*,#2618,.F.);
#2630=ORIENTED_EDGE('',*,*,#2530,.F.);
#2631=ORIENTED_EDGE('',*,*,#2615,.T.);
#2632=EDGE_LOOP('',(#2628,#2629,#2630,#2631));
#2633=FACE_OUTER_BOUND('',#2632,.F.);
#2635=CARTESIAN_POINT('',(0.E0,0.E0,-1.25E1));
#2636=DIRECTION('',(0.E0,1.E0,0.E0));
#2637=DIRECTION('',(1.E0,0.E0,0.E0));
#2638=AXIS2_PLACEMENT_3D('',#2635,#2636,#2637);
#2639=CYLINDRICAL_SURFACE('',#2638,5.E-1);
#2640=ORIENTED_EDGE('',*,*,#2383,.F.);
#2642=ORIENTED_EDGE('',*,*,#2641,.F.);
#2643=ORIENTED_EDGE('',*,*,#2534,.F.);
#2645=ORIENTED_EDGE('',*,*,#2644,.T.);
#2646=EDGE_LOOP('',(#2640,#2642,#2643,#2645));
#2647=FACE_OUTER_BOUND('',#2646,.F.);
#2649=CARTESIAN_POINT('',(0.E0,0.E0,-1.25E1));
#2650=DIRECTION('',(0.E0,1.E0,0.E0));
#2651=DIRECTION('',(1.E0,0.E0,0.E0));
#2652=AXIS2_PLACEMENT_3D('',#2649,#2650,#2651);
#2653=CYLINDRICAL_SURFACE('',#2652,5.E-1);
#2654=ORIENTED_EDGE('',*,*,#2385,.F.);
#2655=ORIENTED_EDGE('',*,*,#2644,.F.);
#2656=ORIENTED_EDGE('',*,*,#2536,.F.);
#2657=ORIENTED_EDGE('',*,*,#2641,.T.);
#2658=EDGE_LOOP('',(#2654,#2655,#2656,#2657));
#2659=FACE_OUTER_BOUND('',#2658,.F.);
#2661=CARTESIAN_POINT('',(0.E0,0.E0,1.5E1));
#2662=DIRECTION('',(0.E0,1.E0,0.E0));
#2663=DIRECTION('',(1.E0,0.E0,0.E0));
#2664=AXIS2_PLACEMENT_3D('',#2661,#2662,#2663);
#2665=CYLINDRICAL_SURFACE('',#2664,5.E-1);
#2666=ORIENTED_EDGE('',*,*,#2389,.F.);
#2668=ORIENTED_EDGE('',*,*,#2667,.F.);
#2669=ORIENTED_EDGE('',*,*,#2540,.F.);
#2671=ORIENTED_EDGE('',*,*,#2670,.T.);
#2672=EDGE_LOOP('',(#2666,#2668,#2669,#2671));
#2673=FACE_OUTER_BOUND('',#2672,.F.);
#2675=CARTESIAN_POINT('',(0.E0,0.E0,1.5E1));
#2676=DIRECTION('',(0.E0,1.E0,0.E0));
#2677=DIRECTION('',(1.E0,0.E0,0.E0));
#2678=AXIS2_PLACEMENT_3D('',#2675,#2676,#2677);
#2679=CYLINDRICAL_SURFACE('',#2678,5.E-1);
#2680=ORIENTED_EDGE('',*,*,#2391,.F.);
#2681=ORIENTED_EDGE('',*,*,#2670,.F.);
#2682=ORIENTED_EDGE('',*,*,#2542,.F.);
#2683=ORIENTED_EDGE('',*,*,#2667,.T.);
#2684=EDGE_LOOP('',(#2680,#2681,#2682,#2683));
#2685=FACE_OUTER_BOUND('',#2684,.F.);
#2687=CARTESIAN_POINT('',(0.E0,0.E0,7.E0));
#2688=DIRECTION('',(0.E0,1.E0,0.E0));
#2689=DIRECTION('',(1.E0,0.E0,0.E0));
#2690=AXIS2_PLACEMENT_3D('',#2687,#2688,#2689);
#2691=CYLINDRICAL_SURFACE('',#2690,5.E-1);
#2692=ORIENTED_EDGE('',*,*,#2395,.F.);
#2694=ORIENTED_EDGE('',*,*,#2693,.F.);
#2695=ORIENTED_EDGE('',*,*,#2546,.F.);
#2697=ORIENTED_EDGE('',*,*,#2696,.T.);
#2698=EDGE_LOOP('',(#2692,#2694,#2695,#2697));
#2699=FACE_OUTER_BOUND('',#2698,.F.);
#2701=CARTESIAN_POINT('',(0.E0,0.E0,7.E0));
#2702=DIRECTION('',(0.E0,1.E0,0.E0));
#2703=DIRECTION('',(1.E0,0.E0,0.E0));
#2704=AXIS2_PLACEMENT_3D('',#2701,#2702,#2703);
#2705=CYLINDRICAL_SURFACE('',#2704,5.E-1);
#2706=ORIENTED_EDGE('',*,*,#2397,.F.);
#2707=ORIENTED_EDGE('',*,*,#2696,.F.);
#2708=ORIENTED_EDGE('',*,*,#2548,.F.);
#2709=ORIENTED_EDGE('',*,*,#2693,.T.);
#2710=EDGE_LOOP('',(#2706,#2707,#2708,#2709));
#2711=FACE_OUTER_BOUND('',#2710,.F.);
#2713=CARTESIAN_POINT('',(0.E0,0.E0,1.E1));
#2714=DIRECTION('',(0.E0,1.E0,0.E0));
#2715=DIRECTION('',(1.E0,0.E0,0.E0));
#2716=AXIS2_PLACEMENT_3D('',#2713,#2714,#2715);
#2717=CYLINDRICAL_SURFACE('',#2716,5.E-1);
#2718=ORIENTED_EDGE('',*,*,#2401,.F.);
#2720=ORIENTED_EDGE('',*,*,#2719,.F.);
#2721=ORIENTED_EDGE('',*,*,#2552,.F.);
#2723=ORIENTED_EDGE('',*,*,#2722,.T.);
#2724=EDGE_LOOP('',(#2718,#2720,#2721,#2723));
#2725=FACE_OUTER_BOUND('',#2724,.F.);
#2727=CARTESIAN_POINT('',(0.E0,0.E0,1.E1));
#2728=DIRECTION('',(0.E0,1.E0,0.E0));
#2729=DIRECTION('',(1.E0,0.E0,0.E0));
#2730=AXIS2_PLACEMENT_3D('',#2727,#2728,#2729);
#2731=CYLINDRICAL_SURFACE('',#2730,5.E-1);
#2732=ORIENTED_EDGE('',*,*,#2403,.F.);
#2733=ORIENTED_EDGE('',*,*,#2722,.F.);
#2734=ORIENTED_EDGE('',*,*,#2554,.F.);
#2735=ORIENTED_EDGE('',*,*,#2719,.T.);
#2736=EDGE_LOOP('',(#2732,#2733,#2734,#2735));
#2737=FACE_OUTER_BOUND('',#2736,.F.);
#2739=CARTESIAN_POINT('',(0.E0,0.E0,1.25E1));
#2740=DIRECTION('',(0.E0,1.E0,0.E0));
#2741=DIRECTION('',(1.E0,0.E0,0.E0));
#2742=AXIS2_PLACEMENT_3D('',#2739,#2740,#2741);
#2743=CYLINDRICAL_SURFACE('',#2742,5.E-1);
#2744=ORIENTED_EDGE('',*,*,#2407,.F.);
#2746=ORIENTED_EDGE('',*,*,#2745,.F.);
#2747=ORIENTED_EDGE('',*,*,#2558,.F.);
#2749=ORIENTED_EDGE('',*,*,#2748,.T.);
#2750=EDGE_LOOP('',(#2744,#2746,#2747,#2749));
#2751=FACE_OUTER_BOUND('',#2750,.F.);
#2753=CARTESIAN_POINT('',(0.E0,0.E0,1.25E1));
#2754=DIRECTION('',(0.E0,1.E0,0.E0));
#2755=DIRECTION('',(1.E0,0.E0,0.E0));
#2756=AXIS2_PLACEMENT_3D('',#2753,#2754,#2755);
#2757=CYLINDRICAL_SURFACE('',#2756,5.E-1);
#2758=ORIENTED_EDGE('',*,*,#2409,.F.);
#2759=ORIENTED_EDGE('',*,*,#2748,.F.);
#2760=ORIENTED_EDGE('',*,*,#2560,.F.);
#2761=ORIENTED_EDGE('',*,*,#2745,.T.);
#2762=EDGE_LOOP('',(#2758,#2759,#2760,#2761));
#2763=FACE_OUTER_BOUND('',#2762,.F.);
#2765=CARTESIAN_POINT('',(0.E0,1.5E0,0.E0));
#2766=DIRECTION('',(0.E0,1.E0,0.E0));
#2767=DIRECTION('',(1.E0,0.E0,0.E0));
#2768=AXIS2_PLACEMENT_3D('',#2765,#2766,#2767);
#2769=CYLINDRICAL_SURFACE('',#2768,2.95E0);
#2771=ORIENTED_EDGE('',*,*,#2770,.F.);
#2773=ORIENTED_EDGE('',*,*,#2772,.F.);
#2775=ORIENTED_EDGE('',*,*,#2774,.T.);
#2776=ORIENTED_EDGE('',*,*,#2564,.F.);
#2778=ORIENTED_EDGE('',*,*,#2777,.F.);
#2779=EDGE_LOOP('',(#2771,#2773,#2775,#2776,#2778));
#2780=FACE_OUTER_BOUND('',#2779,.F.);
#2782=CARTESIAN_POINT('',(0.E0,3.E0,0.E0));
#2783=DIRECTION('',(0.E0,1.E0,0.E0));
#2784=DIRECTION('',(9.997974868714E-1,0.E0,2.012424521683E-2));
#2785=AXIS2_PLACEMENT_3D('',#2782,#2783,#2784);
#2786=TOROIDAL_SURFACE('',#2785,2.65E0,3.E-1);
#2788=ORIENTED_EDGE('',*,*,#2787,.F.);
#2790=ORIENTED_EDGE('',*,*,#2789,.F.);
#2792=ORIENTED_EDGE('',*,*,#2791,.F.);
#2793=ORIENTED_EDGE('',*,*,#2772,.T.);
#2794=ORIENTED_EDGE('',*,*,#2770,.T.);
#2796=ORIENTED_EDGE('',*,*,#2795,.T.);
#2797=EDGE_LOOP('',(#2788,#2790,#2792,#2793,#2794,#2796));
#2798=FACE_OUTER_BOUND('',#2797,.F.);
#2800=CARTESIAN_POINT('',(0.E0,3.3E0,0.E0));
#2801=DIRECTION('',(0.E0,1.E0,0.E0));
#2802=DIRECTION('',(1.E0,0.E0,0.E0));
#2803=AXIS2_PLACEMENT_3D('',#2800,#2801,#2802);
#2804=PLANE('',#2803);
#2806=ORIENTED_EDGE('',*,*,#2805,.T.);
#2808=ORIENTED_EDGE('',*,*,#2807,.T.);
#2809=ORIENTED_EDGE('',*,*,#2789,.T.);
#2810=ORIENTED_EDGE('',*,*,#2787,.T.);
#2811=EDGE_LOOP('',(#2806,#2808,#2809,#2810));
#2812=FACE_OUTER_BOUND('',#2811,.F.);
#2814=ORIENTED_EDGE('',*,*,#2813,.T.);
#2816=ORIENTED_EDGE('',*,*,#2815,.T.);
#2818=ORIENTED_EDGE('',*,*,#2817,.T.);
#2820=ORIENTED_EDGE('',*,*,#2819,.T.);
#2822=ORIENTED_EDGE('',*,*,#2821,.T.);
#2824=ORIENTED_EDGE('',*,*,#2823,.T.);
#2826=ORIENTED_EDGE('',*,*,#2825,.T.);
#2828=ORIENTED_EDGE('',*,*,#2827,.T.);
#2830=ORIENTED_EDGE('',*,*,#2829,.T.);
#2832=ORIENTED_EDGE('',*,*,#2831,.T.);
#2834=ORIENTED_EDGE('',*,*,#2833,.T.);
#2836=ORIENTED_EDGE('',*,*,#2835,.T.);
#2838=ORIENTED_EDGE('',*,*,#2837,.T.);
#2840=ORIENTED_EDGE('',*,*,#2839,.T.);
#2842=ORIENTED_EDGE('',*,*,#2841,.T.);
#2844=ORIENTED_EDGE('',*,*,#2843,.T.);
#2846=ORIENTED_EDGE('',*,*,#2845,.T.);
#2848=ORIENTED_EDGE('',*,*,#2847,.T.);
#2850=ORIENTED_EDGE('',*,*,#2849,.T.);
#2852=ORIENTED_EDGE('',*,*,#2851,.T.);
#2854=ORIENTED_EDGE('',*,*,#2853,.T.);
#2856=ORIENTED_EDGE('',*,*,#2855,.T.);
#2858=ORIENTED_EDGE('',*,*,#2857,.T.);
#2860=ORIENTED_EDGE('',*,*,#2859,.T.);
#2862=ORIENTED_EDGE('',*,*,#2861,.T.);
#2864=ORIENTED_EDGE('',*,*,#2863,.T.);
#2866=ORIENTED_EDGE('',*,*,#2865,.T.);
#2868=ORIENTED_EDGE('',*,*,#2867,.T.);
#2870=ORIENTED_EDGE('',*,*,#2869,.T.);
#2872=ORIENTED_EDGE('',*,*,#2871,.T.);
#2874=ORIENTED_EDGE('',*,*,#2873,.T.);
#2876=ORIENTED_EDGE('',*,*,#2875,.T.);
#2878=ORIENTED_EDGE('',*,*,#2877,.T.);
#2880=ORIENTED_EDGE('',*,*,#2879,.T.);
#2882=ORIENTED_EDGE('',*,*,#2881,.T.);
#2884=ORIENTED_EDGE('',*,*,#2883,.T.);
#2886=ORIENTED_EDGE('',*,*,#2885,.T.);
#2888=ORIENTED_EDGE('',*,*,#2887,.T.);
#2890=ORIENTED_EDGE('',*,*,#2889,.T.);
#2892=ORIENTED_EDGE('',*,*,#2891,.T.);
#2894=ORIENTED_EDGE('',*,*,#2893,.T.);
#2896=ORIENTED_EDGE('',*,*,#2895,.T.);
#2898=ORIENTED_EDGE('',*,*,#2897,.T.);
#2900=ORIENTED_EDGE('',*,*,#2899,.T.);
#2902=ORIENTED_EDGE('',*,*,#2901,.T.);
#2904=ORIENTED_EDGE('',*,*,#2903,.T.);
#2906=ORIENTED_EDGE('',*,*,#2905,.T.);
#2908=ORIENTED_EDGE('',*,*,#2907,.T.);
#2910=ORIENTED_EDGE('',*,*,#2909,.T.);
#2912=ORIENTED_EDGE('',*,*,#2911,.T.);
#2914=ORIENTED_EDGE('',*,*,#2913,.T.);
#2916=ORIENTED_EDGE('',*,*,#2915,.T.);
#2918=ORIENTED_EDGE('',*,*,#2917,.T.);
#2920=ORIENTED_EDGE('',*,*,#2919,.T.);
#2922=ORIENTED_EDGE('',*,*,#2921,.T.);
#2924=ORIENTED_EDGE('',*,*,#2923,.T.);
#2926=ORIENTED_EDGE('',*,*,#2925,.T.);
#2928=ORIENTED_EDGE('',*,*,#2927,.T.);
#2930=ORIENTED_EDGE('',*,*,#2929,.T.);
#2932=ORIENTED_EDGE('',*,*,#2931,.T.);
#2934=ORIENTED_EDGE('',*,*,#2933,.T.);
#2936=ORIENTED_EDGE('',*,*,#2935,.T.);
#2938=ORIENTED_EDGE('',*,*,#2937,.T.);
#2940=ORIENTED_EDGE('',*,*,#2939,.T.);
#2942=ORIENTED_EDGE('',*,*,#2941,.T.);
#2944=ORIENTED_EDGE('',*,*,#2943,.T.);
#2946=ORIENTED_EDGE('',*,*,#2945,.T.);
#2948=ORIENTED_EDGE('',*,*,#2947,.T.);
#2950=ORIENTED_EDGE('',*,*,#2949,.T.);
#2952=ORIENTED_EDGE('',*,*,#2951,.T.);
#2954=ORIENTED_EDGE('',*,*,#2953,.T.);
#2956=ORIENTED_EDGE('',*,*,#2955,.T.);
#2958=ORIENTED_EDGE('',*,*,#2957,.T.);
#2960=ORIENTED_EDGE('',*,*,#2959,.T.);
#2962=ORIENTED_EDGE('',*,*,#2961,.T.);
#2964=ORIENTED_EDGE('',*,*,#2963,.T.);
#2966=ORIENTED_EDGE('',*,*,#2965,.T.);
#2968=ORIENTED_EDGE('',*,*,#2967,.T.);
#2970=ORIENTED_EDGE('',*,*,#2969,.T.);
#2972=ORIENTED_EDGE('',*,*,#2971,.T.);
#2974=ORIENTED_EDGE('',*,*,#2973,.T.);
#2976=ORIENTED_EDGE('',*,*,#2975,.T.);
#2978=ORIENTED_EDGE('',*,*,#2977,.T.);
#2980=ORIENTED_EDGE('',*,*,#2979,.T.);
#2982=ORIENTED_EDGE('',*,*,#2981,.T.);
#2984=ORIENTED_EDGE('',*,*,#2983,.T.);
#2986=ORIENTED_EDGE('',*,*,#2985,.T.);
#2988=ORIENTED_EDGE('',*,*,#2987,.T.);
#2990=ORIENTED_EDGE('',*,*,#2989,.T.);
#2992=ORIENTED_EDGE('',*,*,#2991,.T.);
#2994=ORIENTED_EDGE('',*,*,#2993,.T.);
#2996=ORIENTED_EDGE('',*,*,#2995,.T.);
#2998=ORIENTED_EDGE('',*,*,#2997,.T.);
#3000=ORIENTED_EDGE('',*,*,#2999,.T.);
#3002=ORIENTED_EDGE('',*,*,#3001,.T.);
#3004=ORIENTED_EDGE('',*,*,#3003,.T.);
#3006=ORIENTED_EDGE('',*,*,#3005,.T.);
#3008=ORIENTED_EDGE('',*,*,#3007,.T.);
#3010=ORIENTED_EDGE('',*,*,#3009,.T.);
#3012=ORIENTED_EDGE('',*,*,#3011,.T.);
#3013=EDGE_LOOP('',(#2814,#2816,#2818,#2820,#2822,#2824,#2826,#2828,#2830,#2832,
#2834,#2836,#2838,#2840,#2842,#2844,#2846,#2848,#2850,#2852,#2854,#2856,#2858,
#2860,#2862,#2864,#2866,#2868,#2870,#2872,#2874,#2876,#2878,#2880,#2882,#2884,
#2886,#2888,#2890,#2892,#2894,#2896,#2898,#2900,#2902,#2904,#2906,#2908,#2910,
#2912,#2914,#2916,#2918,#2920,#2922,#2924,#2926,#2928,#2930,#2932,#2934,#2936,
#2938,#2940,#2942,#2944,#2946,#2948,#2950,#2952,#2954,#2956,#2958,#2960,#2962,
#2964,#2966,#2968,#2970,#2972,#2974,#2976,#2978,#2980,#2982,#2984,#2986,#2988,
#2990,#2992,#2994,#2996,#2998,#3000,#3002,#3004,#3006,#3008,#3010,#3012));
#3014=FACE_BOUND('',#3013,.F.);
#3016=CARTESIAN_POINT('',(0.E0,3.E0,0.E0));
#3017=DIRECTION('',(0.E0,1.E0,0.E0));
#3018=DIRECTION('',(-9.997974868714E-1,0.E0,-2.012424521683E-2));
#3019=AXIS2_PLACEMENT_3D('',#3016,#3017,#3018);
#3020=TOROIDAL_SURFACE('',#3019,2.65E0,3.E-1);
#3021=ORIENTED_EDGE('',*,*,#2807,.F.);
#3022=ORIENTED_EDGE('',*,*,#2805,.F.);
#3023=ORIENTED_EDGE('',*,*,#2795,.F.);
#3025=ORIENTED_EDGE('',*,*,#3024,.T.);
#3027=ORIENTED_EDGE('',*,*,#3026,.T.);
#3028=ORIENTED_EDGE('',*,*,#2791,.T.);
#3029=EDGE_LOOP('',(#3021,#3022,#3023,#3025,#3027,#3028));
#3030=FACE_OUTER_BOUND('',#3029,.F.);
#3032=CARTESIAN_POINT('',(0.E0,1.5E0,0.E0));
#3033=DIRECTION('',(0.E0,1.E0,0.E0));
#3034=DIRECTION('',(1.E0,0.E0,0.E0));
#3035=AXIS2_PLACEMENT_3D('',#3032,#3033,#3034);
#3036=CYLINDRICAL_SURFACE('',#3035,2.95E0);
#3037=ORIENTED_EDGE('',*,*,#3026,.F.);
#3038=ORIENTED_EDGE('',*,*,#3024,.F.);
#3039=ORIENTED_EDGE('',*,*,#2777,.T.);
#3040=ORIENTED_EDGE('',*,*,#2566,.F.);
#3041=ORIENTED_EDGE('',*,*,#2774,.F.);
#3042=EDGE_LOOP('',(#3037,#3038,#3039,#3040,#3041));
#3043=FACE_OUTER_BOUND('',#3042,.F.);
#3045=CARTESIAN_POINT('',(-2.904432620794E-1,8.38404E0,1.827058486068E0));
#3046=DIRECTION('',(0.E0,-1.E0,0.E0));
#3047=DIRECTION('',(1.569963578807E-1,0.E0,-9.875991816583E-1));
#3048=AXIS2_PLACEMENT_3D('',#3045,#3046,#3047);
#3049=CYLINDRICAL_SURFACE('',#3048,1.E-1);
#3050=ORIENTED_EDGE('',*,*,#2815,.F.);
#3051=ORIENTED_EDGE('',*,*,#2813,.F.);
#3053=ORIENTED_EDGE('',*,*,#3052,.T.);
#3055=ORIENTED_EDGE('',*,*,#3054,.F.);
#3057=ORIENTED_EDGE('',*,*,#3056,.F.);
#3059=ORIENTED_EDGE('',*,*,#3058,.T.);
#3060=EDGE_LOOP('',(#3050,#3051,#3053,#3055,#3057,#3059));
#3061=FACE_OUTER_BOUND('',#3060,.F.);
#3063=CARTESIAN_POINT('',(-5.255661417798E-1,3.3E0,1.885808456321E0));
#3064=DIRECTION('',(6.156614753257E-1,0.E0,7.880107536067E-1));
#3065=DIRECTION('',(7.880107536067E-1,0.E0,-6.156614753257E-1));
#3066=AXIS2_PLACEMENT_3D('',#3063,#3064,#3065);
#3067=PLANE('',#3066);
#3068=ORIENTED_EDGE('',*,*,#3052,.F.);
#3069=ORIENTED_EDGE('',*,*,#3011,.F.);
#3071=ORIENTED_EDGE('',*,*,#3070,.F.);
#3073=ORIENTED_EDGE('',*,*,#3072,.F.);
#3074=EDGE_LOOP('',(#3068,#3069,#3071,#3073));
#3075=FACE_OUTER_BOUND('',#3074,.F.);
#3077=CARTESIAN_POINT('',(-5.871322893124E-1,3.3E0,1.807007380961E0));
#3078=DIRECTION('',(0.E0,1.E0,0.E0));
#3079=DIRECTION('',(-9.510565162952E-1,0.E0,-3.090169943749E-1));
#3080=AXIS2_PLACEMENT_3D('',#3077,#3078,#3079);
#3081=CYLINDRICAL_SURFACE('',#3080,1.E-1);
#3082=ORIENTED_EDGE('',*,*,#3070,.T.);
#3083=ORIENTED_EDGE('',*,*,#3009,.F.);
#3085=ORIENTED_EDGE('',*,*,#3084,.T.);
#3087=ORIENTED_EDGE('',*,*,#3086,.F.);
#3088=EDGE_LOOP('',(#3082,#3083,#3085,#3087));
#3089=FACE_OUTER_BOUND('',#3088,.F.);
#3091=CARTESIAN_POINT('',(-7.568684649234E-1,3.3E0,1.577862518347E0));
#3092=DIRECTION('',(-9.612616959383E-1,0.E0,2.756373558170E-1));
#3093=DIRECTION('',(2.756373558170E-1,0.E0,9.612616959383E-1));
#3094=AXIS2_PLACEMENT_3D('',#3091,#3092,#3093);
#3095=PLANE('',#3094);
#3097=ORIENTED_EDGE('',*,*,#3096,.F.);
#3099=ORIENTED_EDGE('',*,*,#3098,.F.);
#3100=ORIENTED_EDGE('',*,*,#3084,.F.);
#3101=ORIENTED_EDGE('',*,*,#3007,.F.);
#3102=EDGE_LOOP('',(#3097,#3099,#3100,#3101));
#3103=FACE_OUTER_BOUND('',#3102,.F.);
#3105=CARTESIAN_POINT('',(-8.389444982626E-1,-5.68404E0,1.648839631024E0));
#3106=DIRECTION('',(0.E0,1.E0,0.E0));
#3107=DIRECTION('',(4.534835125744E-1,0.E0,-8.912646654183E-1));
#3108=AXIS2_PLACEMENT_3D('',#3105,#3106,#3107);
#3109=CYLINDRICAL_SURFACE('',#3108,1.E-1);
#3111=ORIENTED_EDGE('',*,*,#3110,.F.);
#3113=ORIENTED_EDGE('',*,*,#3112,.F.);
#3114=ORIENTED_EDGE('',*,*,#3096,.T.);
#3115=ORIENTED_EDGE('',*,*,#3005,.F.);
#3116=ORIENTED_EDGE('',*,*,#3003,.F.);
#3118=ORIENTED_EDGE('',*,*,#3117,.T.);
#3119=EDGE_LOOP('',(#3111,#3113,#3114,#3115,#3116,#3118));
#3120=FACE_OUTER_BOUND('',#3119,.F.);
#3122=CARTESIAN_POINT('',(0.E0,7.5E-1,0.E0));
#3123=DIRECTION('',(0.E0,1.E0,0.E0));
#3124=DIRECTION('',(0.E0,0.E0,1.E0));
#3125=AXIS2_PLACEMENT_3D('',#3122,#3123,#3124);
#3126=PLANE('',#3125);
#3127=ORIENTED_EDGE('',*,*,#3098,.T.);
#3128=ORIENTED_EDGE('',*,*,#3112,.T.);
#3129=ORIENTED_EDGE('',*,*,#3110,.T.);
#3131=ORIENTED_EDGE('',*,*,#3130,.T.);
#3133=ORIENTED_EDGE('',*,*,#3132,.T.);
#3135=ORIENTED_EDGE('',*,*,#3134,.T.);
#3137=ORIENTED_EDGE('',*,*,#3136,.T.);
#3139=ORIENTED_EDGE('',*,*,#3138,.T.);
#3141=ORIENTED_EDGE('',*,*,#3140,.T.);
#3143=ORIENTED_EDGE('',*,*,#3142,.T.);
#3145=ORIENTED_EDGE('',*,*,#3144,.T.);
#3147=ORIENTED_EDGE('',*,*,#3146,.T.);
#3149=ORIENTED_EDGE('',*,*,#3148,.T.);
#3151=ORIENTED_EDGE('',*,*,#3150,.T.);
#3153=ORIENTED_EDGE('',*,*,#3152,.T.);
#3155=ORIENTED_EDGE('',*,*,#3154,.T.);
#3157=ORIENTED_EDGE('',*,*,#3156,.T.);
#3159=ORIENTED_EDGE('',*,*,#3158,.T.);
#3161=ORIENTED_EDGE('',*,*,#3160,.T.);
#3163=ORIENTED_EDGE('',*,*,#3162,.T.);
#3165=ORIENTED_EDGE('',*,*,#3164,.T.);
#3167=ORIENTED_EDGE('',*,*,#3166,.T.);
#3169=ORIENTED_EDGE('',*,*,#3168,.T.);
#3171=ORIENTED_EDGE('',*,*,#3170,.T.);
#3173=ORIENTED_EDGE('',*,*,#3172,.T.);
#3175=ORIENTED_EDGE('',*,*,#3174,.T.);
#3177=ORIENTED_EDGE('',*,*,#3176,.T.);
#3179=ORIENTED_EDGE('',*,*,#3178,.T.);
#3181=ORIENTED_EDGE('',*,*,#3180,.T.);
#3183=ORIENTED_EDGE('',*,*,#3182,.T.);
#3185=ORIENTED_EDGE('',*,*,#3184,.T.);
#3187=ORIENTED_EDGE('',*,*,#3186,.T.);
#3189=ORIENTED_EDGE('',*,*,#3188,.T.);
#3191=ORIENTED_EDGE('',*,*,#3190,.T.);
#3193=ORIENTED_EDGE('',*,*,#3192,.T.);
#3195=ORIENTED_EDGE('',*,*,#3194,.T.);
#3197=ORIENTED_EDGE('',*,*,#3196,.T.);
#3199=ORIENTED_EDGE('',*,*,#3198,.T.);
#3201=ORIENTED_EDGE('',*,*,#3200,.T.);
#3203=ORIENTED_EDGE('',*,*,#3202,.T.);
#3205=ORIENTED_EDGE('',*,*,#3204,.T.);
#3207=ORIENTED_EDGE('',*,*,#3206,.T.);
#3209=ORIENTED_EDGE('',*,*,#3208,.T.);
#3211=ORIENTED_EDGE('',*,*,#3210,.T.);
#3213=ORIENTED_EDGE('',*,*,#3212,.T.);
#3215=ORIENTED_EDGE('',*,*,#3214,.T.);
#3217=ORIENTED_EDGE('',*,*,#3216,.T.);
#3219=ORIENTED_EDGE('',*,*,#3218,.T.);
#3221=ORIENTED_EDGE('',*,*,#3220,.T.);
#3223=ORIENTED_EDGE('',*,*,#3222,.T.);
#3225=ORIENTED_EDGE('',*,*,#3224,.T.);
#3227=ORIENTED_EDGE('',*,*,#3226,.T.);
#3229=ORIENTED_EDGE('',*,*,#3228,.T.);
#3231=ORIENTED_EDGE('',*,*,#3230,.T.);
#3233=ORIENTED_EDGE('',*,*,#3232,.T.);
#3235=ORIENTED_EDGE('',*,*,#3234,.T.);
#3237=ORIENTED_EDGE('',*,*,#3236,.T.);
#3239=ORIENTED_EDGE('',*,*,#3238,.T.);
#3241=ORIENTED_EDGE('',*,*,#3240,.T.);
#3243=ORIENTED_EDGE('',*,*,#3242,.T.);
#3245=ORIENTED_EDGE('',*,*,#3244,.T.);
#3247=ORIENTED_EDGE('',*,*,#3246,.T.);
#3249=ORIENTED_EDGE('',*,*,#3248,.T.);
#3251=ORIENTED_EDGE('',*,*,#3250,.T.);
#3253=ORIENTED_EDGE('',*,*,#3252,.T.);
#3255=ORIENTED_EDGE('',*,*,#3254,.T.);
#3257=ORIENTED_EDGE('',*,*,#3256,.T.);
#3259=ORIENTED_EDGE('',*,*,#3258,.T.);
#3261=ORIENTED_EDGE('',*,*,#3260,.T.);
#3263=ORIENTED_EDGE('',*,*,#3262,.T.);
#3265=ORIENTED_EDGE('',*,*,#3264,.T.);
#3267=ORIENTED_EDGE('',*,*,#3266,.T.);
#3269=ORIENTED_EDGE('',*,*,#3268,.T.);
#3271=ORIENTED_EDGE('',*,*,#3270,.T.);
#3273=ORIENTED_EDGE('',*,*,#3272,.T.);
#3275=ORIENTED_EDGE('',*,*,#3274,.T.);
#3277=ORIENTED_EDGE('',*,*,#3276,.T.);
#3279=ORIENTED_EDGE('',*,*,#3278,.T.);
#3281=ORIENTED_EDGE('',*,*,#3280,.T.);
#3283=ORIENTED_EDGE('',*,*,#3282,.T.);
#3285=ORIENTED_EDGE('',*,*,#3284,.T.);
#3287=ORIENTED_EDGE('',*,*,#3286,.T.);
#3289=ORIENTED_EDGE('',*,*,#3288,.T.);
#3291=ORIENTED_EDGE('',*,*,#3290,.T.);
#3293=ORIENTED_EDGE('',*,*,#3292,.T.);
#3295=ORIENTED_EDGE('',*,*,#3294,.T.);
#3297=ORIENTED_EDGE('',*,*,#3296,.T.);
#3299=ORIENTED_EDGE('',*,*,#3298,.T.);
#3301=ORIENTED_EDGE('',*,*,#3300,.T.);
#3303=ORIENTED_EDGE('',*,*,#3302,.T.);
#3305=ORIENTED_EDGE('',*,*,#3304,.T.);
#3307=ORIENTED_EDGE('',*,*,#3306,.T.);
#3309=ORIENTED_EDGE('',*,*,#3308,.T.);
#3311=ORIENTED_EDGE('',*,*,#3310,.T.);
#3313=ORIENTED_EDGE('',*,*,#3312,.T.);
#3315=ORIENTED_EDGE('',*,*,#3314,.T.);
#3316=ORIENTED_EDGE('',*,*,#3056,.T.);
#3317=ORIENTED_EDGE('',*,*,#3054,.T.);
#3318=ORIENTED_EDGE('',*,*,#3072,.T.);
#3319=ORIENTED_EDGE('',*,*,#3086,.T.);
#3320=EDGE_LOOP('',(#3127,#3128,#3129,#3131,#3133,#3135,#3137,#3139,#3141,#3143,
#3145,#3147,#3149,#3151,#3153,#3155,#3157,#3159,#3161,#3163,#3165,#3167,#3169,
#3171,#3173,#3175,#3177,#3179,#3181,#3183,#3185,#3187,#3189,#3191,#3193,#3195,
#3197,#3199,#3201,#3203,#3205,#3207,#3209,#3211,#3213,#3215,#3217,#3219,#3221,
#3223,#3225,#3227,#3229,#3231,#3233,#3235,#3237,#3239,#3241,#3243,#3245,#3247,
#3249,#3251,#3253,#3255,#3257,#3259,#3261,#3263,#3265,#3267,#3269,#3271,#3273,
#3275,#3277,#3279,#3281,#3283,#3285,#3287,#3289,#3291,#3293,#3295,#3297,#3299,
#3301,#3303,#3305,#3307,#3309,#3311,#3313,#3315,#3316,#3317,#3318,#3319));
#3321=FACE_OUTER_BOUND('',#3320,.F.);
#3323=ORIENTED_EDGE('',*,*,#3322,.T.);
#3325=ORIENTED_EDGE('',*,*,#3324,.T.);
#3326=EDGE_LOOP('',(#3323,#3325));
#3327=FACE_BOUND('',#3326,.F.);
#3329=CARTESIAN_POINT('',(-1.082589965023E0,3.3E0,1.631101551391E0));
#3330=DIRECTION('',(3.420201433257E-1,0.E0,9.396926207859E-1));
#3331=DIRECTION('',(9.396926207859E-1,0.E0,-3.420201433257E-1));
#3332=AXIS2_PLACEMENT_3D('',#3329,#3330,#3331);
#3333=PLANE('',#3332);
#3334=ORIENTED_EDGE('',*,*,#3117,.F.);
#3335=ORIENTED_EDGE('',*,*,#3001,.F.);
#3337=ORIENTED_EDGE('',*,*,#3336,.F.);
#3338=ORIENTED_EDGE('',*,*,#3130,.F.);
#3339=EDGE_LOOP('',(#3334,#3335,#3337,#3338));
#3340=FACE_OUTER_BOUND('',#3339,.F.);
#3342=CARTESIAN_POINT('',(-1.116791979356E0,3.3E0,1.537132289312E0));
#3343=DIRECTION('',(0.E0,1.E0,0.E0));
#3344=DIRECTION('',(-8.090169943749E-1,0.E0,-5.877852522925E-1));
#3345=AXIS2_PLACEMENT_3D('',#3342,#3343,#3344);
#3346=CYLINDRICAL_SURFACE('',#3345,1.E-1);
#3347=ORIENTED_EDGE('',*,*,#3336,.T.);
#3348=ORIENTED_EDGE('',*,*,#2999,.F.);
#3350=ORIENTED_EDGE('',*,*,#3349,.T.);
#3351=ORIENTED_EDGE('',*,*,#3132,.F.);
#3352=EDGE_LOOP('',(#3347,#3348,#3350,#3351));
#3353=FACE_OUTER_BOUND('',#3352,.F.);
#3355=CARTESIAN_POINT('',(-1.207411018500E0,3.3E0,1.266751211724E0));
#3356=DIRECTION('',(-9.993908270191E-1,0.E0,-3.489949670250E-2));
#3357=DIRECTION('',(-3.489949670250E-2,0.E0,9.993908270191E-1));
#3358=AXIS2_PLACEMENT_3D('',#3355,#3356,#3357);
#3359=PLANE('',#3358);
#3361=ORIENTED_EDGE('',*,*,#3360,.F.);
#3362=ORIENTED_EDGE('',*,*,#3134,.F.);
#3363=ORIENTED_EDGE('',*,*,#3349,.F.);
#3364=ORIENTED_EDGE('',*,*,#2997,.F.);
#3365=EDGE_LOOP('',(#3361,#3362,#3363,#3364));
#3366=FACE_OUTER_BOUND('',#3365,.F.);
#3368=CARTESIAN_POINT('',(-1.307403098868E0,-5.68404E0,1.308891568110E0));
#3369=DIRECTION('',(0.E0,1.E0,0.E0));
#3370=DIRECTION('',(7.067043777664E-1,0.E0,-7.075089557354E-1));
#3371=AXIS2_PLACEMENT_3D('',#3368,#3369,#3370);
#3372=CYLINDRICAL_SURFACE('',#3371,1.E-1);
#3373=ORIENTED_EDGE('',*,*,#3138,.F.);
#3374=ORIENTED_EDGE('',*,*,#3136,.F.);
#3375=ORIENTED_EDGE('',*,*,#3360,.T.);
#3376=ORIENTED_EDGE('',*,*,#2995,.F.);
#3377=ORIENTED_EDGE('',*,*,#2993,.F.);
#3379=ORIENTED_EDGE('',*,*,#3378,.T.);
#3380=EDGE_LOOP('',(#3373,#3374,#3375,#3376,#3377,#3379));
#3381=FACE_OUTER_BOUND('',#3380,.F.);
#3383=CARTESIAN_POINT('',(-1.533642339642E0,3.3E0,1.216731062058E0));
#3384=DIRECTION('',(3.489949670250E-2,0.E0,9.993908270191E-1));
#3385=DIRECTION('',(9.993908270191E-1,0.E0,-3.489949670250E-2));
#3386=AXIS2_PLACEMENT_3D('',#3383,#3384,#3385);
#3387=PLANE('',#3386);
#3388=ORIENTED_EDGE('',*,*,#3378,.F.);
#3389=ORIENTED_EDGE('',*,*,#2991,.F.);
#3391=ORIENTED_EDGE('',*,*,#3390,.F.);
#3392=ORIENTED_EDGE('',*,*,#3140,.F.);
#3393=EDGE_LOOP('',(#3388,#3389,#3391,#3392));
#3394=FACE_OUTER_BOUND('',#3393,.F.);
#3396=CARTESIAN_POINT('',(-1.537132289312E0,3.3E0,1.116791979356E0));
#3397=DIRECTION('',(0.E0,1.E0,0.E0));
#3398=DIRECTION('',(-5.877852522925E-1,0.E0,-8.090169943749E-1));
#3399=AXIS2_PLACEMENT_3D('',#3396,#3397,#3398);
#3400=CYLINDRICAL_SURFACE('',#3399,1.E-1);
#3401=ORIENTED_EDGE('',*,*,#3390,.T.);
#3402=ORIENTED_EDGE('',*,*,#2989,.F.);
#3404=ORIENTED_EDGE('',*,*,#3403,.T.);
#3405=ORIENTED_EDGE('',*,*,#3142,.F.);
#3406=EDGE_LOOP('',(#3401,#3402,#3404,#3405));
#3407=FACE_OUTER_BOUND('',#3406,.F.);
#3409=CARTESIAN_POINT('',(-1.539763769059E0,3.3E0,8.316414705228E-1));
#3410=DIRECTION('',(-9.396926207859E-1,0.E0,-3.420201433257E-1));
#3411=DIRECTION('',(-3.420201433257E-1,0.E0,9.396926207859E-1));
#3412=AXIS2_PLACEMENT_3D('',#3409,#3410,#3411);
#3413=PLANE('',#3412);
#3415=ORIENTED_EDGE('',*,*,#3414,.F.);
#3416=ORIENTED_EDGE('',*,*,#3144,.F.);
#3417=ORIENTED_EDGE('',*,*,#3403,.F.);
#3418=ORIENTED_EDGE('',*,*,#2987,.F.);
#3419=EDGE_LOOP('',(#3415,#3416,#3417,#3418));
#3420=FACE_OUTER_BOUND('',#3419,.F.);
#3422=CARTESIAN_POINT('',(-1.647883974943E0,-5.68404E0,8.408200789266E-1));
#3423=DIRECTION('',(0.E0,1.E0,0.E0));
#3424=DIRECTION('',(8.907480945638E-1,0.E0,-4.544973399603E-1));
#3425=AXIS2_PLACEMENT_3D('',#3422,#3423,#3424);
#3426=CYLINDRICAL_SURFACE('',#3425,1.E-1);
#3427=ORIENTED_EDGE('',*,*,#3148,.F.);
#3428=ORIENTED_EDGE('',*,*,#3146,.F.);
#3429=ORIENTED_EDGE('',*,*,#3414,.T.);
#3430=ORIENTED_EDGE('',*,*,#2985,.F.);
#3431=ORIENTED_EDGE('',*,*,#2983,.F.);
#3433=ORIENTED_EDGE('',*,*,#3432,.T.);
#3434=EDGE_LOOP('',(#3427,#3428,#3429,#3430,#3431,#3433));
#3435=FACE_OUTER_BOUND('',#3434,.F.);
#3437=CARTESIAN_POINT('',(-1.834571116543E0,3.3E0,6.832584589062E-1));
#3438=DIRECTION('',(-2.756373558170E-1,0.E0,9.612616959383E-1));
#3439=DIRECTION('',(9.612616959383E-1,0.E0,2.756373558170E-1));
#3440=AXIS2_PLACEMENT_3D('',#3437,#3438,#3439);
#3441=PLANE('',#3440);
#3442=ORIENTED_EDGE('',*,*,#3432,.F.);
#3443=ORIENTED_EDGE('',*,*,#2981,.F.);
#3445=ORIENTED_EDGE('',*,*,#3444,.F.);
#3446=ORIENTED_EDGE('',*,*,#3150,.F.);
#3447=EDGE_LOOP('',(#3442,#3443,#3445,#3446));
#3448=FACE_OUTER_BOUND('',#3447,.F.);
#3450=CARTESIAN_POINT('',(-1.807007380961E0,3.3E0,5.871322893124E-1));
#3451=DIRECTION('',(0.E0,1.E0,0.E0));
#3452=DIRECTION('',(-3.090169943749E-1,0.E0,-9.510565162952E-1));
#3453=AXIS2_PLACEMENT_3D('',#3450,#3451,#3452);
#3454=CYLINDRICAL_SURFACE('',#3453,1.E-1);
#3455=ORIENTED_EDGE('',*,*,#3444,.T.);
#3456=ORIENTED_EDGE('',*,*,#2979,.F.);
#3458=ORIENTED_EDGE('',*,*,#3457,.T.);
#3459=ORIENTED_EDGE('',*,*,#3152,.F.);
#3460=EDGE_LOOP('',(#3455,#3456,#3458,#3459));
#3461=FACE_OUTER_BOUND('',#3460,.F.);
#3463=CARTESIAN_POINT('',(-1.721393713737E0,3.3E0,3.151248678E-1));
#3464=DIRECTION('',(-7.880107536067E-1,0.E0,-6.156614753257E-1));
#3465=DIRECTION('',(-6.156614753257E-1,0.E0,7.880107536067E-1));
#3466=AXIS2_PLACEMENT_3D('',#3463,#3464,#3465);
#3467=PLANE('',#3466);
#3469=ORIENTED_EDGE('',*,*,#3468,.F.);
#3470=ORIENTED_EDGE('',*,*,#3154,.F.);
#3471=ORIENTED_EDGE('',*,*,#3457,.F.);
#3472=ORIENTED_EDGE('',*,*,#2977,.F.);
#3473=EDGE_LOOP('',(#3469,#3470,#3471,#3472));
#3474=FACE_OUTER_BOUND('',#3473,.F.);
#3476=CARTESIAN_POINT('',(-1.827058486068E0,-5.68404E0,2.904432620794E-1));
#3477=DIRECTION('',(0.E0,1.E0,0.E0));
#3478=DIRECTION('',(9.875991816583E-1,0.E0,-1.569963578807E-1));
#3479=AXIS2_PLACEMENT_3D('',#3476,#3477,#3478);
#3480=CYLINDRICAL_SURFACE('',#3479,1.E-1);
#3481=ORIENTED_EDGE('',*,*,#3158,.F.);
#3482=ORIENTED_EDGE('',*,*,#3156,.F.);
#3483=ORIENTED_EDGE('',*,*,#3468,.T.);
#3484=ORIENTED_EDGE('',*,*,#2975,.F.);
#3485=ORIENTED_EDGE('',*,*,#2973,.F.);
#3487=ORIENTED_EDGE('',*,*,#3486,.T.);
#3488=EDGE_LOOP('',(#3481,#3482,#3483,#3484,#3485,#3487));
#3489=FACE_OUTER_BOUND('',#3488,.F.);
#3491=CARTESIAN_POINT('',(-1.955919290347E0,3.3E0,8.290375725550E-2));
#3492=DIRECTION('',(-5.591929034707E-1,0.E0,8.290375725551E-1));
#3493=DIRECTION('',(8.290375725551E-1,0.E0,5.591929034707E-1));
#3494=AXIS2_PLACEMENT_3D('',#3491,#3492,#3493);
#3495=PLANE('',#3494);
#3496=ORIENTED_EDGE('',*,*,#3486,.F.);
#3497=ORIENTED_EDGE('',*,*,#2971,.F.);
#3499=ORIENTED_EDGE('',*,*,#3498,.F.);
#3500=ORIENTED_EDGE('',*,*,#3160,.F.);
#3501=EDGE_LOOP('',(#3496,#3497,#3499,#3500));
#3502=FACE_OUTER_BOUND('',#3501,.F.);
#3504=CARTESIAN_POINT('',(-1.9E0,3.3E0,0.E0));
#3505=DIRECTION('',(0.E0,1.E0,0.E0));
#3506=DIRECTION('',(0.E0,0.E0,-1.E0));
#3507=AXIS2_PLACEMENT_3D('',#3504,#3505,#3506);
#3508=CYLINDRICAL_SURFACE('',#3507,1.E-1);
#3509=ORIENTED_EDGE('',*,*,#3498,.T.);
#3510=ORIENTED_EDGE('',*,*,#2969,.F.);
#3512=ORIENTED_EDGE('',*,*,#3511,.T.);
#3513=ORIENTED_EDGE('',*,*,#3162,.F.);
#3514=EDGE_LOOP('',(#3509,#3510,#3512,#3513));
#3515=FACE_OUTER_BOUND('',#3514,.F.);
#3517=CARTESIAN_POINT('',(-1.734521648060E0,3.3E0,-2.322383525872E-1));
#3518=DIRECTION('',(-5.591929034707E-1,0.E0,-8.290375725551E-1));
#3519=DIRECTION('',(-8.290375725551E-1,0.E0,5.591929034707E-1));
#3520=AXIS2_PLACEMENT_3D('',#3517,#3518,#3519);
#3521=PLANE('',#3520);
#3523=ORIENTED_EDGE('',*,*,#3522,.F.);
#3524=ORIENTED_EDGE('',*,*,#3164,.F.);
#3525=ORIENTED_EDGE('',*,*,#3511,.F.);
#3526=ORIENTED_EDGE('',*,*,#2967,.F.);
#3527=EDGE_LOOP('',(#3523,#3524,#3525,#3526));
#3528=FACE_OUTER_BOUND('',#3527,.F.);
#3530=CARTESIAN_POINT('',(-1.827387782711E0,-5.68404E0,-2.883641648973E-1));
#3531=DIRECTION('',(0.E0,1.E0,0.E0));
#3532=DIRECTION('',(9.877771798440E-1,0.E0,1.558725215661E-1));
#3533=AXIS2_PLACEMENT_3D('',#3530,#3531,#3532);
#3534=CYLINDRICAL_SURFACE('',#3533,1.E-1);
#3535=ORIENTED_EDGE('',*,*,#3168,.F.);
#3536=ORIENTED_EDGE('',*,*,#3166,.F.);
#3537=ORIENTED_EDGE('',*,*,#3522,.T.);
#3538=ORIENTED_EDGE('',*,*,#2965,.F.);
#3539=ORIENTED_EDGE('',*,*,#2963,.F.);
#3541=ORIENTED_EDGE('',*,*,#3540,.T.);
#3542=EDGE_LOOP('',(#3535,#3536,#3537,#3538,#3539,#3541));
#3543=FACE_OUTER_BOUND('',#3542,.F.);
#3545=CARTESIAN_POINT('',(-1.885808456321E0,3.3E0,-5.255661417798E-1));
#3546=DIRECTION('',(-7.880107536067E-1,0.E0,6.156614753257E-1));
#3547=DIRECTION('',(6.156614753257E-1,0.E0,7.880107536067E-1));
#3548=AXIS2_PLACEMENT_3D('',#3545,#3546,#3547);
#3549=PLANE('',#3548);
#3550=ORIENTED_EDGE('',*,*,#3540,.F.);
#3551=ORIENTED_EDGE('',*,*,#2961,.F.);
#3553=ORIENTED_EDGE('',*,*,#3552,.F.);
#3554=ORIENTED_EDGE('',*,*,#3170,.F.);
#3555=EDGE_LOOP('',(#3550,#3551,#3553,#3554));
#3556=FACE_OUTER_BOUND('',#3555,.F.);
#3558=CARTESIAN_POINT('',(-1.807007380961E0,3.3E0,-5.871322893124E-1));
#3559=DIRECTION('',(0.E0,1.E0,0.E0));
#3560=DIRECTION('',(3.090169943749E-1,0.E0,-9.510565162952E-1));
#3561=AXIS2_PLACEMENT_3D('',#3558,#3559,#3560);
#3562=CYLINDRICAL_SURFACE('',#3561,1.E-1);
#3563=ORIENTED_EDGE('',*,*,#3552,.T.);
#3564=ORIENTED_EDGE('',*,*,#2959,.F.);
#3566=ORIENTED_EDGE('',*,*,#3565,.T.);
#3567=ORIENTED_EDGE('',*,*,#3172,.F.);
#3568=EDGE_LOOP('',(#3563,#3564,#3566,#3567));
#3569=FACE_OUTER_BOUND('',#3568,.F.);
#3571=CARTESIAN_POINT('',(-1.577862518347E0,3.3E0,-7.568684649234E-1));
#3572=DIRECTION('',(-2.756373558170E-1,0.E0,-9.612616959383E-1));
#3573=DIRECTION('',(-9.612616959383E-1,0.E0,2.756373558170E-1));
#3574=AXIS2_PLACEMENT_3D('',#3571,#3572,#3573);
#3575=PLANE('',#3574);
#3577=ORIENTED_EDGE('',*,*,#3576,.F.);
#3578=ORIENTED_EDGE('',*,*,#3174,.F.);
#3579=ORIENTED_EDGE('',*,*,#3565,.F.);
#3580=ORIENTED_EDGE('',*,*,#2957,.F.);
#3581=EDGE_LOOP('',(#3577,#3578,#3579,#3580));
#3582=FACE_OUTER_BOUND('',#3581,.F.);
#3584=CARTESIAN_POINT('',(-1.648839631024E0,-5.68404E0,-8.389444982626E-1));
#3585=DIRECTION('',(0.E0,1.E0,0.E0));
#3586=DIRECTION('',(8.912646654183E-1,0.E0,4.534835125744E-1));
#3587=AXIS2_PLACEMENT_3D('',#3584,#3585,#3586);
#3588=CYLINDRICAL_SURFACE('',#3587,1.E-1);
#3589=ORIENTED_EDGE('',*,*,#3178,.F.);
#3590=ORIENTED_EDGE('',*,*,#3176,.F.);
#3591=ORIENTED_EDGE('',*,*,#3576,.T.);
#3592=ORIENTED_EDGE('',*,*,#2955,.F.);
#3593=ORIENTED_EDGE('',*,*,#2953,.F.);
#3595=ORIENTED_EDGE('',*,*,#3594,.T.);
#3596=EDGE_LOOP('',(#3589,#3590,#3591,#3592,#3593,#3595));
#3597=FACE_OUTER_BOUND('',#3596,.F.);
#3599=CARTESIAN_POINT('',(-1.631101551391E0,3.3E0,-1.082589965023E0));
#3600=DIRECTION('',(-9.396926207859E-1,0.E0,3.420201433257E-1));
#3601=DIRECTION('',(3.420201433257E-1,0.E0,9.396926207859E-1));
#3602=AXIS2_PLACEMENT_3D('',#3599,#3600,#3601);
#3603=PLANE('',#3602);
#3604=ORIENTED_EDGE('',*,*,#3594,.F.);
#3605=ORIENTED_EDGE('',*,*,#2951,.F.);
#3607=ORIENTED_EDGE('',*,*,#3606,.F.);
#3608=ORIENTED_EDGE('',*,*,#3180,.F.);
#3609=EDGE_LOOP('',(#3604,#3605,#3607,#3608));
#3610=FACE_OUTER_BOUND('',#3609,.F.);
#3612=CARTESIAN_POINT('',(-1.537132289312E0,3.3E0,-1.116791979356E0));
#3613=DIRECTION('',(0.E0,1.E0,0.E0));
#3614=DIRECTION('',(5.877852522925E-1,0.E0,-8.090169943749E-1));
#3615=AXIS2_PLACEMENT_3D('',#3612,#3613,#3614);
#3616=CYLINDRICAL_SURFACE('',#3615,1.E-1);
#3617=ORIENTED_EDGE('',*,*,#3606,.T.);
#3618=ORIENTED_EDGE('',*,*,#2949,.F.);
#3620=ORIENTED_EDGE('',*,*,#3619,.T.);
#3621=ORIENTED_EDGE('',*,*,#3182,.F.);
#3622=EDGE_LOOP('',(#3617,#3618,#3620,#3621));
#3623=FACE_OUTER_BOUND('',#3622,.F.);
#3625=CARTESIAN_POINT('',(-1.266751211724E0,3.3E0,-1.207411018500E0));
#3626=DIRECTION('',(3.489949670250E-2,0.E0,-9.993908270191E-1));
#3627=DIRECTION('',(-9.993908270191E-1,0.E0,-3.489949670250E-2));
#3628=AXIS2_PLACEMENT_3D('',#3625,#3626,#3627);
#3629=PLANE('',#3628);
#3631=ORIENTED_EDGE('',*,*,#3630,.F.);
#3632=ORIENTED_EDGE('',*,*,#3184,.F.);
#3633=ORIENTED_EDGE('',*,*,#3619,.F.);
#3634=ORIENTED_EDGE('',*,*,#2947,.F.);
#3635=EDGE_LOOP('',(#3631,#3632,#3633,#3634));
#3636=FACE_OUTER_BOUND('',#3635,.F.);
#3638=CARTESIAN_POINT('',(-1.308891568110E0,-5.68404E0,-1.307403098868E0));
#3639=DIRECTION('',(0.E0,1.E0,0.E0));
#3640=DIRECTION('',(7.075089557354E-1,0.E0,7.067043777664E-1));
#3641=AXIS2_PLACEMENT_3D('',#3638,#3639,#3640);
#3642=CYLINDRICAL_SURFACE('',#3641,1.E-1);
#3643=ORIENTED_EDGE('',*,*,#3188,.F.);
#3644=ORIENTED_EDGE('',*,*,#3186,.F.);
#3645=ORIENTED_EDGE('',*,*,#3630,.T.);
#3646=ORIENTED_EDGE('',*,*,#2945,.F.);
#3647=ORIENTED_EDGE('',*,*,#2943,.F.);
#3649=ORIENTED_EDGE('',*,*,#3648,.T.);
#3650=EDGE_LOOP('',(#3643,#3644,#3645,#3646,#3647,#3649));
#3651=FACE_OUTER_BOUND('',#3650,.F.);
#3653=CARTESIAN_POINT('',(-1.216731062058E0,3.3E0,-1.533642339642E0));
#3654=DIRECTION('',(-9.993908270191E-1,0.E0,3.489949670250E-2));
#3655=DIRECTION('',(3.489949670250E-2,0.E0,9.993908270191E-1));
#3656=AXIS2_PLACEMENT_3D('',#3653,#3654,#3655);
#3657=PLANE('',#3656);
#3658=ORIENTED_EDGE('',*,*,#3648,.F.);
#3659=ORIENTED_EDGE('',*,*,#2941,.F.);
#3661=ORIENTED_EDGE('',*,*,#3660,.F.);
#3662=ORIENTED_EDGE('',*,*,#3190,.F.);
#3663=EDGE_LOOP('',(#3658,#3659,#3661,#3662));
#3664=FACE_OUTER_BOUND('',#3663,.F.);
#3666=CARTESIAN_POINT('',(-1.116791979356E0,3.3E0,-1.537132289312E0));
#3667=DIRECTION('',(0.E0,1.E0,0.E0));
#3668=DIRECTION('',(8.090169943749E-1,0.E0,-5.877852522925E-1));
#3669=AXIS2_PLACEMENT_3D('',#3666,#3667,#3668);
#3670=CYLINDRICAL_SURFACE('',#3669,1.E-1);
#3671=ORIENTED_EDGE('',*,*,#3660,.T.);
#3672=ORIENTED_EDGE('',*,*,#2939,.F.);
#3674=ORIENTED_EDGE('',*,*,#3673,.T.);
#3675=ORIENTED_EDGE('',*,*,#3192,.F.);
#3676=EDGE_LOOP('',(#3671,#3672,#3674,#3675));
#3677=FACE_OUTER_BOUND('',#3676,.F.);
#3679=CARTESIAN_POINT('',(-8.316414705228E-1,3.3E0,-1.539763769059E0));
#3680=DIRECTION('',(3.420201433257E-1,0.E0,-9.396926207859E-1));
#3681=DIRECTION('',(-9.396926207859E-1,0.E0,-3.420201433257E-1));
#3682=AXIS2_PLACEMENT_3D('',#3679,#3680,#3681);
#3683=PLANE('',#3682);
#3685=ORIENTED_EDGE('',*,*,#3684,.F.);
#3686=ORIENTED_EDGE('',*,*,#3194,.F.);
#3687=ORIENTED_EDGE('',*,*,#3673,.F.);
#3688=ORIENTED_EDGE('',*,*,#2937,.F.);
#3689=EDGE_LOOP('',(#3685,#3686,#3687,#3688));
#3690=FACE_OUTER_BOUND('',#3689,.F.);
#3692=CARTESIAN_POINT('',(-8.408200789266E-1,-5.68404E0,-1.647883974943E0));
#3693=DIRECTION('',(0.E0,1.E0,0.E0));
#3694=DIRECTION('',(4.544973399603E-1,0.E0,8.907480945638E-1));
#3695=AXIS2_PLACEMENT_3D('',#3692,#3693,#3694);
#3696=CYLINDRICAL_SURFACE('',#3695,1.E-1);
#3697=ORIENTED_EDGE('',*,*,#3198,.F.);
#3698=ORIENTED_EDGE('',*,*,#3196,.F.);
#3699=ORIENTED_EDGE('',*,*,#3684,.T.);
#3700=ORIENTED_EDGE('',*,*,#2935,.F.);
#3701=ORIENTED_EDGE('',*,*,#2933,.F.);
#3703=ORIENTED_EDGE('',*,*,#3702,.T.);
#3704=EDGE_LOOP('',(#3697,#3698,#3699,#3700,#3701,#3703));
#3705=FACE_OUTER_BOUND('',#3704,.F.);
#3707=CARTESIAN_POINT('',(-6.832584589062E-1,3.3E0,-1.834571116543E0));
#3708=DIRECTION('',(-9.612616959383E-1,0.E0,-2.756373558170E-1));
#3709=DIRECTION('',(-2.756373558170E-1,0.E0,9.612616959383E-1));
#3710=AXIS2_PLACEMENT_3D('',#3707,#3708,#3709);
#3711=PLANE('',#3710);
#3712=ORIENTED_EDGE('',*,*,#3702,.F.);
#3713=ORIENTED_EDGE('',*,*,#2931,.F.);
#3715=ORIENTED_EDGE('',*,*,#3714,.F.);
#3716=ORIENTED_EDGE('',*,*,#3200,.F.);
#3717=EDGE_LOOP('',(#3712,#3713,#3715,#3716));
#3718=FACE_OUTER_BOUND('',#3717,.F.);
#3720=CARTESIAN_POINT('',(-5.871322893124E-1,3.3E0,-1.807007380961E0));
#3721=DIRECTION('',(0.E0,1.E0,0.E0));
#3722=DIRECTION('',(9.510565162952E-1,0.E0,-3.090169943749E-1));
#3723=AXIS2_PLACEMENT_3D('',#3720,#3721,#3722);
#3724=CYLINDRICAL_SURFACE('',#3723,1.E-1);
#3725=ORIENTED_EDGE('',*,*,#3714,.T.);
#3726=ORIENTED_EDGE('',*,*,#2929,.F.);
#3728=ORIENTED_EDGE('',*,*,#3727,.T.);
#3729=ORIENTED_EDGE('',*,*,#3202,.F.);
#3730=EDGE_LOOP('',(#3725,#3726,#3728,#3729));
#3731=FACE_OUTER_BOUND('',#3730,.F.);
#3733=CARTESIAN_POINT('',(-3.151248678E-1,3.3E0,-1.721393713737E0));
#3734=DIRECTION('',(6.156614753257E-1,0.E0,-7.880107536067E-1));
#3735=DIRECTION('',(-7.880107536067E-1,0.E0,-6.156614753257E-1));
#3736=AXIS2_PLACEMENT_3D('',#3733,#3734,#3735);
#3737=PLANE('',#3736);
#3739=ORIENTED_EDGE('',*,*,#3738,.F.);
#3740=ORIENTED_EDGE('',*,*,#3204,.F.);
#3741=ORIENTED_EDGE('',*,*,#3727,.F.);
#3742=ORIENTED_EDGE('',*,*,#2927,.F.);
#3743=EDGE_LOOP('',(#3739,#3740,#3741,#3742));
#3744=FACE_OUTER_BOUND('',#3743,.F.);
#3746=CARTESIAN_POINT('',(-2.904432620794E-1,-5.68404E0,-1.827058486068E0));
#3747=DIRECTION('',(0.E0,1.E0,0.E0));
#3748=DIRECTION('',(1.569963578807E-1,0.E0,9.875991816583E-1));
#3749=AXIS2_PLACEMENT_3D('',#3746,#3747,#3748);
#3750=CYLINDRICAL_SURFACE('',#3749,1.E-1);
#3751=ORIENTED_EDGE('',*,*,#3208,.F.);
#3752=ORIENTED_EDGE('',*,*,#3206,.F.);
#3753=ORIENTED_EDGE('',*,*,#3738,.T.);
#3754=ORIENTED_EDGE('',*,*,#2925,.F.);
#3755=ORIENTED_EDGE('',*,*,#2923,.F.);
#3757=ORIENTED_EDGE('',*,*,#3756,.T.);
#3758=EDGE_LOOP('',(#3751,#3752,#3753,#3754,#3755,#3757));
#3759=FACE_OUTER_BOUND('',#3758,.F.);
#3761=CARTESIAN_POINT('',(-8.290375725550E-2,3.3E0,-1.955919290347E0));
#3762=DIRECTION('',(-8.290375725551E-1,0.E0,-5.591929034707E-1));
#3763=DIRECTION('',(-5.591929034707E-1,0.E0,8.290375725551E-1));
#3764=AXIS2_PLACEMENT_3D('',#3761,#3762,#3763);
#3765=PLANE('',#3764);
#3766=ORIENTED_EDGE('',*,*,#3756,.F.);
#3767=ORIENTED_EDGE('',*,*,#2921,.F.);
#3769=ORIENTED_EDGE('',*,*,#3768,.F.);
#3770=ORIENTED_EDGE('',*,*,#3210,.F.);
#3771=EDGE_LOOP('',(#3766,#3767,#3769,#3770));
#3772=FACE_OUTER_BOUND('',#3771,.F.);
#3774=CARTESIAN_POINT('',(0.E0,3.3E0,-1.9E0));
#3775=DIRECTION('',(0.E0,1.E0,0.E0));
#3776=DIRECTION('',(1.E0,0.E0,0.E0));
#3777=AXIS2_PLACEMENT_3D('',#3774,#3775,#3776);
#3778=CYLINDRICAL_SURFACE('',#3777,1.E-1);
#3779=ORIENTED_EDGE('',*,*,#3768,.T.);
#3780=ORIENTED_EDGE('',*,*,#2919,.F.);
#3782=ORIENTED_EDGE('',*,*,#3781,.T.);
#3783=ORIENTED_EDGE('',*,*,#3212,.F.);
#3784=EDGE_LOOP('',(#3779,#3780,#3782,#3783));
#3785=FACE_OUTER_BOUND('',#3784,.F.);
#3787=CARTESIAN_POINT('',(2.322383525872E-1,3.3E0,-1.734521648060E0));
#3788=DIRECTION('',(8.290375725551E-1,0.E0,-5.591929034707E-1));
#3789=DIRECTION('',(-5.591929034707E-1,0.E0,-8.290375725551E-1));
#3790=AXIS2_PLACEMENT_3D('',#3787,#3788,#3789);
#3791=PLANE('',#3790);
#3793=ORIENTED_EDGE('',*,*,#3792,.F.);
#3794=ORIENTED_EDGE('',*,*,#3214,.F.);
#3795=ORIENTED_EDGE('',*,*,#3781,.F.);
#3796=ORIENTED_EDGE('',*,*,#2917,.F.);
#3797=EDGE_LOOP('',(#3793,#3794,#3795,#3796));
#3798=FACE_OUTER_BOUND('',#3797,.F.);
#3800=CARTESIAN_POINT('',(2.883641648973E-1,-5.68404E0,-1.827387782711E0));
#3801=DIRECTION('',(0.E0,1.E0,0.E0));
#3802=DIRECTION('',(-1.558725215661E-1,0.E0,9.877771798440E-1));
#3803=AXIS2_PLACEMENT_3D('',#3800,#3801,#3802);
#3804=CYLINDRICAL_SURFACE('',#3803,1.E-1);
#3805=ORIENTED_EDGE('',*,*,#3218,.F.);
#3806=ORIENTED_EDGE('',*,*,#3216,.F.);
#3807=ORIENTED_EDGE('',*,*,#3792,.T.);
#3808=ORIENTED_EDGE('',*,*,#2915,.F.);
#3809=ORIENTED_EDGE('',*,*,#2913,.F.);
#3811=ORIENTED_EDGE('',*,*,#3810,.T.);
#3812=EDGE_LOOP('',(#3805,#3806,#3807,#3808,#3809,#3811));
#3813=FACE_OUTER_BOUND('',#3812,.F.);
#3815=CARTESIAN_POINT('',(5.255661417798E-1,3.3E0,-1.885808456321E0));
#3816=DIRECTION('',(-6.156614753257E-1,0.E0,-7.880107536067E-1));
#3817=DIRECTION('',(-7.880107536067E-1,0.E0,6.156614753257E-1));
#3818=AXIS2_PLACEMENT_3D('',#3815,#3816,#3817);
#3819=PLANE('',#3818);
#3820=ORIENTED_EDGE('',*,*,#3810,.F.);
#3821=ORIENTED_EDGE('',*,*,#2911,.F.);
#3823=ORIENTED_EDGE('',*,*,#3822,.F.);
#3824=ORIENTED_EDGE('',*,*,#3220,.F.);
#3825=EDGE_LOOP('',(#3820,#3821,#3823,#3824));
#3826=FACE_OUTER_BOUND('',#3825,.F.);
#3828=CARTESIAN_POINT('',(5.871322893124E-1,3.3E0,-1.807007380961E0));
#3829=DIRECTION('',(0.E0,1.E0,0.E0));
#3830=DIRECTION('',(9.510565162952E-1,0.E0,3.090169943749E-1));
#3831=AXIS2_PLACEMENT_3D('',#3828,#3829,#3830);
#3832=CYLINDRICAL_SURFACE('',#3831,1.E-1);
#3833=ORIENTED_EDGE('',*,*,#3822,.T.);
#3834=ORIENTED_EDGE('',*,*,#2909,.F.);
#3836=ORIENTED_EDGE('',*,*,#3835,.T.);
#3837=ORIENTED_EDGE('',*,*,#3222,.F.);
#3838=EDGE_LOOP('',(#3833,#3834,#3836,#3837));
#3839=FACE_OUTER_BOUND('',#3838,.F.);
#3841=CARTESIAN_POINT('',(7.568684649234E-1,3.3E0,-1.577862518347E0));
#3842=DIRECTION('',(9.612616959383E-1,0.E0,-2.756373558170E-1));
#3843=DIRECTION('',(-2.756373558170E-1,0.E0,-9.612616959383E-1));
#3844=AXIS2_PLACEMENT_3D('',#3841,#3842,#3843);
#3845=PLANE('',#3844);
#3847=ORIENTED_EDGE('',*,*,#3846,.F.);
#3848=ORIENTED_EDGE('',*,*,#3224,.F.);
#3849=ORIENTED_EDGE('',*,*,#3835,.F.);
#3850=ORIENTED_EDGE('',*,*,#2907,.F.);
#3851=EDGE_LOOP('',(#3847,#3848,#3849,#3850));
#3852=FACE_OUTER_BOUND('',#3851,.F.);
#3854=CARTESIAN_POINT('',(8.389444982626E-1,-5.68404E0,-1.648839631024E0));
#3855=DIRECTION('',(0.E0,1.E0,0.E0));
#3856=DIRECTION('',(-4.534835125744E-1,0.E0,8.912646654183E-1));
#3857=AXIS2_PLACEMENT_3D('',#3854,#3855,#3856);
#3858=CYLINDRICAL_SURFACE('',#3857,1.E-1);
#3859=ORIENTED_EDGE('',*,*,#3228,.F.);
#3860=ORIENTED_EDGE('',*,*,#3226,.F.);
#3861=ORIENTED_EDGE('',*,*,#3846,.T.);
#3862=ORIENTED_EDGE('',*,*,#2905,.F.);
#3863=ORIENTED_EDGE('',*,*,#2903,.F.);
#3865=ORIENTED_EDGE('',*,*,#3864,.T.);
#3866=EDGE_LOOP('',(#3859,#3860,#3861,#3862,#3863,#3865));
#3867=FACE_OUTER_BOUND('',#3866,.F.);
#3869=CARTESIAN_POINT('',(1.082589965023E0,3.3E0,-1.631101551391E0));
#3870=DIRECTION('',(-3.420201433257E-1,0.E0,-9.396926207859E-1));
#3871=DIRECTION('',(-9.396926207859E-1,0.E0,3.420201433257E-1));
#3872=AXIS2_PLACEMENT_3D('',#3869,#3870,#3871);
#3873=PLANE('',#3872);
#3874=ORIENTED_EDGE('',*,*,#3864,.F.);
#3875=ORIENTED_EDGE('',*,*,#2901,.F.);
#3877=ORIENTED_EDGE('',*,*,#3876,.F.);
#3878=ORIENTED_EDGE('',*,*,#3230,.F.);
#3879=EDGE_LOOP('',(#3874,#3875,#3877,#3878));
#3880=FACE_OUTER_BOUND('',#3879,.F.);
#3882=CARTESIAN_POINT('',(1.116791979356E0,3.3E0,-1.537132289312E0));
#3883=DIRECTION('',(0.E0,1.E0,0.E0));
#3884=DIRECTION('',(8.090169943749E-1,0.E0,5.877852522925E-1));
#3885=AXIS2_PLACEMENT_3D('',#3882,#3883,#3884);
#3886=CYLINDRICAL_SURFACE('',#3885,1.E-1);
#3887=ORIENTED_EDGE('',*,*,#3876,.T.);
#3888=ORIENTED_EDGE('',*,*,#2899,.F.);
#3890=ORIENTED_EDGE('',*,*,#3889,.T.);
#3891=ORIENTED_EDGE('',*,*,#3232,.F.);
#3892=EDGE_LOOP('',(#3887,#3888,#3890,#3891));
#3893=FACE_OUTER_BOUND('',#3892,.F.);
#3895=CARTESIAN_POINT('',(1.207411018500E0,3.3E0,-1.266751211724E0));
#3896=DIRECTION('',(9.993908270191E-1,0.E0,3.489949670250E-2));
#3897=DIRECTION('',(3.489949670250E-2,0.E0,-9.993908270191E-1));
#3898=AXIS2_PLACEMENT_3D('',#3895,#3896,#3897);
#3899=PLANE('',#3898);
#3901=ORIENTED_EDGE('',*,*,#3900,.F.);
#3902=ORIENTED_EDGE('',*,*,#3234,.F.);
#3903=ORIENTED_EDGE('',*,*,#3889,.F.);
#3904=ORIENTED_EDGE('',*,*,#2897,.F.);
#3905=EDGE_LOOP('',(#3901,#3902,#3903,#3904));
#3906=FACE_OUTER_BOUND('',#3905,.F.);
#3908=CARTESIAN_POINT('',(1.307403098868E0,-5.68404E0,-1.308891568110E0));
#3909=DIRECTION('',(0.E0,1.E0,0.E0));
#3910=DIRECTION('',(-7.067043777664E-1,0.E0,7.075089557354E-1));
#3911=AXIS2_PLACEMENT_3D('',#3908,#3909,#3910);
#3912=CYLINDRICAL_SURFACE('',#3911,1.E-1);
#3913=ORIENTED_EDGE('',*,*,#3238,.F.);
#3914=ORIENTED_EDGE('',*,*,#3236,.F.);
#3915=ORIENTED_EDGE('',*,*,#3900,.T.);
#3916=ORIENTED_EDGE('',*,*,#2895,.F.);
#3917=ORIENTED_EDGE('',*,*,#2893,.F.);
#3919=ORIENTED_EDGE('',*,*,#3918,.T.);
#3920=EDGE_LOOP('',(#3913,#3914,#3915,#3916,#3917,#3919));
#3921=FACE_OUTER_BOUND('',#3920,.F.);
#3923=CARTESIAN_POINT('',(1.533642339642E0,3.3E0,-1.216731062058E0));
#3924=DIRECTION('',(-3.489949670250E-2,0.E0,-9.993908270191E-1));
#3925=DIRECTION('',(-9.993908270191E-1,0.E0,3.489949670250E-2));
#3926=AXIS2_PLACEMENT_3D('',#3923,#3924,#3925);
#3927=PLANE('',#3926);
#3928=ORIENTED_EDGE('',*,*,#3918,.F.);
#3929=ORIENTED_EDGE('',*,*,#2891,.F.);
#3931=ORIENTED_EDGE('',*,*,#3930,.F.);
#3932=ORIENTED_EDGE('',*,*,#3240,.F.);
#3933=EDGE_LOOP('',(#3928,#3929,#3931,#3932));
#3934=FACE_OUTER_BOUND('',#3933,.F.);
#3936=CARTESIAN_POINT('',(1.537132289312E0,3.3E0,-1.116791979356E0));
#3937=DIRECTION('',(0.E0,1.E0,0.E0));
#3938=DIRECTION('',(5.877852522925E-1,0.E0,8.090169943749E-1));
#3939=AXIS2_PLACEMENT_3D('',#3936,#3937,#3938);
#3940=CYLINDRICAL_SURFACE('',#3939,1.E-1);
#3941=ORIENTED_EDGE('',*,*,#3930,.T.);
#3942=ORIENTED_EDGE('',*,*,#2889,.F.);
#3944=ORIENTED_EDGE('',*,*,#3943,.T.);
#3945=ORIENTED_EDGE('',*,*,#3242,.F.);
#3946=EDGE_LOOP('',(#3941,#3942,#3944,#3945));
#3947=FACE_OUTER_BOUND('',#3946,.F.);
#3949=CARTESIAN_POINT('',(1.539763769059E0,3.3E0,-8.316414705228E-1));
#3950=DIRECTION('',(9.396926207859E-1,0.E0,3.420201433257E-1));
#3951=DIRECTION('',(3.420201433257E-1,0.E0,-9.396926207859E-1));
#3952=AXIS2_PLACEMENT_3D('',#3949,#3950,#3951);
#3953=PLANE('',#3952);
#3955=ORIENTED_EDGE('',*,*,#3954,.F.);
#3956=ORIENTED_EDGE('',*,*,#3244,.F.);
#3957=ORIENTED_EDGE('',*,*,#3943,.F.);
#3958=ORIENTED_EDGE('',*,*,#2887,.F.);
#3959=EDGE_LOOP('',(#3955,#3956,#3957,#3958));
#3960=FACE_OUTER_BOUND('',#3959,.F.);
#3962=CARTESIAN_POINT('',(1.647883974943E0,-5.68404E0,-8.408200789266E-1));
#3963=DIRECTION('',(0.E0,1.E0,0.E0));
#3964=DIRECTION('',(-8.907480945638E-1,0.E0,4.544973399603E-1));
#3965=AXIS2_PLACEMENT_3D('',#3962,#3963,#3964);
#3966=CYLINDRICAL_SURFACE('',#3965,1.E-1);
#3967=ORIENTED_EDGE('',*,*,#3248,.F.);
#3968=ORIENTED_EDGE('',*,*,#3246,.F.);
#3969=ORIENTED_EDGE('',*,*,#3954,.T.);
#3970=ORIENTED_EDGE('',*,*,#2885,.F.);
#3971=ORIENTED_EDGE('',*,*,#2883,.F.);
#3973=ORIENTED_EDGE('',*,*,#3972,.T.);
#3974=EDGE_LOOP('',(#3967,#3968,#3969,#3970,#3971,#3973));
#3975=FACE_OUTER_BOUND('',#3974,.F.);
#3977=CARTESIAN_POINT('',(1.834571116543E0,3.3E0,-6.832584589062E-1));
#3978=DIRECTION('',(2.756373558170E-1,0.E0,-9.612616959383E-1));
#3979=DIRECTION('',(-9.612616959383E-1,0.E0,-2.756373558170E-1));
#3980=AXIS2_PLACEMENT_3D('',#3977,#3978,#3979);
#3981=PLANE('',#3980);
#3982=ORIENTED_EDGE('',*,*,#3972,.F.);
#3983=ORIENTED_EDGE('',*,*,#2881,.F.);
#3985=ORIENTED_EDGE('',*,*,#3984,.F.);
#3986=ORIENTED_EDGE('',*,*,#3250,.F.);
#3987=EDGE_LOOP('',(#3982,#3983,#3985,#3986));
#3988=FACE_OUTER_BOUND('',#3987,.F.);
#3990=CARTESIAN_POINT('',(1.807007380961E0,3.3E0,-5.871322893124E-1));
#3991=DIRECTION('',(0.E0,1.E0,0.E0));
#3992=DIRECTION('',(3.090169943749E-1,0.E0,9.510565162952E-1));
#3993=AXIS2_PLACEMENT_3D('',#3990,#3991,#3992);
#3994=CYLINDRICAL_SURFACE('',#3993,1.E-1);
#3995=ORIENTED_EDGE('',*,*,#3984,.T.);
#3996=ORIENTED_EDGE('',*,*,#2879,.F.);
#3998=ORIENTED_EDGE('',*,*,#3997,.T.);
#3999=ORIENTED_EDGE('',*,*,#3252,.F.);
#4000=EDGE_LOOP('',(#3995,#3996,#3998,#3999));
#4001=FACE_OUTER_BOUND('',#4000,.F.);
#4003=CARTESIAN_POINT('',(1.721393713737E0,3.3E0,-3.151248678E-1));
#4004=DIRECTION('',(7.880107536067E-1,0.E0,6.156614753257E-1));
#4005=DIRECTION('',(6.156614753257E-1,0.E0,-7.880107536067E-1));
#4006=AXIS2_PLACEMENT_3D('',#4003,#4004,#4005);
#4007=PLANE('',#4006);
#4009=ORIENTED_EDGE('',*,*,#4008,.F.);
#4010=ORIENTED_EDGE('',*,*,#3254,.F.);
#4011=ORIENTED_EDGE('',*,*,#3997,.F.);
#4012=ORIENTED_EDGE('',*,*,#2877,.F.);
#4013=EDGE_LOOP('',(#4009,#4010,#4011,#4012));
#4014=FACE_OUTER_BOUND('',#4013,.F.);
#4016=CARTESIAN_POINT('',(1.827058486068E0,-5.68404E0,-2.904432620794E-1));
#4017=DIRECTION('',(0.E0,1.E0,0.E0));
#4018=DIRECTION('',(-9.875991816583E-1,0.E0,1.569963578807E-1));
#4019=AXIS2_PLACEMENT_3D('',#4016,#4017,#4018);
#4020=CYLINDRICAL_SURFACE('',#4019,1.E-1);
#4021=ORIENTED_EDGE('',*,*,#3258,.F.);
#4022=ORIENTED_EDGE('',*,*,#3256,.F.);
#4023=ORIENTED_EDGE('',*,*,#4008,.T.);
#4024=ORIENTED_EDGE('',*,*,#2875,.F.);
#4025=ORIENTED_EDGE('',*,*,#2873,.F.);
#4027=ORIENTED_EDGE('',*,*,#4026,.T.);
#4028=EDGE_LOOP('',(#4021,#4022,#4023,#4024,#4025,#4027));
#4029=FACE_OUTER_BOUND('',#4028,.F.);
#4031=CARTESIAN_POINT('',(1.955919290347E0,3.3E0,-8.290375725550E-2));
#4032=DIRECTION('',(5.591929034707E-1,0.E0,-8.290375725551E-1));
#4033=DIRECTION('',(-8.290375725551E-1,0.E0,-5.591929034707E-1));
#4034=AXIS2_PLACEMENT_3D('',#4031,#4032,#4033);
#4035=PLANE('',#4034);
#4036=ORIENTED_EDGE('',*,*,#4026,.F.);
#4037=ORIENTED_EDGE('',*,*,#2871,.F.);
#4039=ORIENTED_EDGE('',*,*,#4038,.F.);
#4040=ORIENTED_EDGE('',*,*,#3260,.F.);
#4041=EDGE_LOOP('',(#4036,#4037,#4039,#4040));
#4042=FACE_OUTER_BOUND('',#4041,.F.);
#4044=CARTESIAN_POINT('',(1.9E0,3.3E0,0.E0));
#4045=DIRECTION('',(0.E0,1.E0,0.E0));
#4046=DIRECTION('',(0.E0,0.E0,1.E0));
#4047=AXIS2_PLACEMENT_3D('',#4044,#4045,#4046);
#4048=CYLINDRICAL_SURFACE('',#4047,1.E-1);
#4049=ORIENTED_EDGE('',*,*,#4038,.T.);
#4050=ORIENTED_EDGE('',*,*,#2869,.F.);
#4052=ORIENTED_EDGE('',*,*,#4051,.T.);
#4053=ORIENTED_EDGE('',*,*,#3262,.F.);
#4054=EDGE_LOOP('',(#4049,#4050,#4052,#4053));
#4055=FACE_OUTER_BOUND('',#4054,.F.);
#4057=CARTESIAN_POINT('',(1.734521648060E0,3.3E0,2.322383525872E-1));
#4058=DIRECTION('',(5.591929034707E-1,0.E0,8.290375725551E-1));
#4059=DIRECTION('',(8.290375725551E-1,0.E0,-5.591929034707E-1));
#4060=AXIS2_PLACEMENT_3D('',#4057,#4058,#4059);
#4061=PLANE('',#4060);
#4063=ORIENTED_EDGE('',*,*,#4062,.F.);
#4064=ORIENTED_EDGE('',*,*,#3264,.F.);
#4065=ORIENTED_EDGE('',*,*,#4051,.F.);
#4066=ORIENTED_EDGE('',*,*,#2867,.F.);
#4067=EDGE_LOOP('',(#4063,#4064,#4065,#4066));
#4068=FACE_OUTER_BOUND('',#4067,.F.);
#4070=CARTESIAN_POINT('',(1.827387782711E0,-5.68404E0,2.883641648973E-1));
#4071=DIRECTION('',(0.E0,1.E0,0.E0));
#4072=DIRECTION('',(-9.877771798440E-1,0.E0,-1.558725215661E-1));
#4073=AXIS2_PLACEMENT_3D('',#4070,#4071,#4072);
#4074=CYLINDRICAL_SURFACE('',#4073,1.E-1);
#4075=ORIENTED_EDGE('',*,*,#3268,.F.);
#4076=ORIENTED_EDGE('',*,*,#3266,.F.);
#4077=ORIENTED_EDGE('',*,*,#4062,.T.);
#4078=ORIENTED_EDGE('',*,*,#2865,.F.);
#4079=ORIENTED_EDGE('',*,*,#2863,.F.);
#4081=ORIENTED_EDGE('',*,*,#4080,.T.);
#4082=EDGE_LOOP('',(#4075,#4076,#4077,#4078,#4079,#4081));
#4083=FACE_OUTER_BOUND('',#4082,.F.);
#4085=CARTESIAN_POINT('',(1.885808456321E0,3.3E0,5.255661417798E-1));
#4086=DIRECTION('',(7.880107536067E-1,0.E0,-6.156614753257E-1));
#4087=DIRECTION('',(-6.156614753257E-1,0.E0,-7.880107536067E-1));
#4088=AXIS2_PLACEMENT_3D('',#4085,#4086,#4087);
#4089=PLANE('',#4088);
#4090=ORIENTED_EDGE('',*,*,#4080,.F.);
#4091=ORIENTED_EDGE('',*,*,#2861,.F.);
#4093=ORIENTED_EDGE('',*,*,#4092,.F.);
#4094=ORIENTED_EDGE('',*,*,#3270,.F.);
#4095=EDGE_LOOP('',(#4090,#4091,#4093,#4094));
#4096=FACE_OUTER_BOUND('',#4095,.F.);
#4098=CARTESIAN_POINT('',(1.807007380961E0,3.3E0,5.871322893124E-1));
#4099=DIRECTION('',(0.E0,1.E0,0.E0));
#4100=DIRECTION('',(-3.090169943749E-1,0.E0,9.510565162952E-1));
#4101=AXIS2_PLACEMENT_3D('',#4098,#4099,#4100);
#4102=CYLINDRICAL_SURFACE('',#4101,1.E-1);
#4103=ORIENTED_EDGE('',*,*,#4092,.T.);
#4104=ORIENTED_EDGE('',*,*,#2859,.F.);
#4106=ORIENTED_EDGE('',*,*,#4105,.T.);
#4107=ORIENTED_EDGE('',*,*,#3272,.F.);
#4108=EDGE_LOOP('',(#4103,#4104,#4106,#4107));
#4109=FACE_OUTER_BOUND('',#4108,.F.);
#4111=CARTESIAN_POINT('',(1.577862518347E0,3.3E0,7.568684649234E-1));
#4112=DIRECTION('',(2.756373558170E-1,0.E0,9.612616959383E-1));
#4113=DIRECTION('',(9.612616959383E-1,0.E0,-2.756373558170E-1));
#4114=AXIS2_PLACEMENT_3D('',#4111,#4112,#4113);
#4115=PLANE('',#4114);
#4117=ORIENTED_EDGE('',*,*,#4116,.F.);
#4118=ORIENTED_EDGE('',*,*,#3274,.F.);
#4119=ORIENTED_EDGE('',*,*,#4105,.F.);
#4120=ORIENTED_EDGE('',*,*,#2857,.F.);
#4121=EDGE_LOOP('',(#4117,#4118,#4119,#4120));
#4122=FACE_OUTER_BOUND('',#4121,.F.);
#4124=CARTESIAN_POINT('',(1.648839631024E0,-5.68404E0,8.389444982626E-1));
#4125=DIRECTION('',(0.E0,1.E0,0.E0));
#4126=DIRECTION('',(-8.912646654183E-1,0.E0,-4.534835125744E-1));
#4127=AXIS2_PLACEMENT_3D('',#4124,#4125,#4126);
#4128=CYLINDRICAL_SURFACE('',#4127,1.E-1);
#4129=ORIENTED_EDGE('',*,*,#3278,.F.);
#4130=ORIENTED_EDGE('',*,*,#3276,.F.);
#4131=ORIENTED_EDGE('',*,*,#4116,.T.);
#4132=ORIENTED_EDGE('',*,*,#2855,.F.);
#4133=ORIENTED_EDGE('',*,*,#2853,.F.);
#4135=ORIENTED_EDGE('',*,*,#4134,.T.);
#4136=EDGE_LOOP('',(#4129,#4130,#4131,#4132,#4133,#4135));
#4137=FACE_OUTER_BOUND('',#4136,.F.);
#4139=CARTESIAN_POINT('',(1.631101551391E0,3.3E0,1.082589965023E0));
#4140=DIRECTION('',(9.396926207859E-1,0.E0,-3.420201433257E-1));
#4141=DIRECTION('',(-3.420201433257E-1,0.E0,-9.396926207859E-1));
#4142=AXIS2_PLACEMENT_3D('',#4139,#4140,#4141);
#4143=PLANE('',#4142);
#4144=ORIENTED_EDGE('',*,*,#4134,.F.);
#4145=ORIENTED_EDGE('',*,*,#2851,.F.);
#4147=ORIENTED_EDGE('',*,*,#4146,.F.);
#4148=ORIENTED_EDGE('',*,*,#3280,.F.);
#4149=EDGE_LOOP('',(#4144,#4145,#4147,#4148));
#4150=FACE_OUTER_BOUND('',#4149,.F.);
#4152=CARTESIAN_POINT('',(1.537132289312E0,3.3E0,1.116791979356E0));
#4153=DIRECTION('',(0.E0,1.E0,0.E0));
#4154=DIRECTION('',(-5.877852522925E-1,0.E0,8.090169943749E-1));
#4155=AXIS2_PLACEMENT_3D('',#4152,#4153,#4154);
#4156=CYLINDRICAL_SURFACE('',#4155,1.E-1);
#4157=ORIENTED_EDGE('',*,*,#4146,.T.);
#4158=ORIENTED_EDGE('',*,*,#2849,.F.);
#4160=ORIENTED_EDGE('',*,*,#4159,.T.);
#4161=ORIENTED_EDGE('',*,*,#3282,.F.);
#4162=EDGE_LOOP('',(#4157,#4158,#4160,#4161));
#4163=FACE_OUTER_BOUND('',#4162,.F.);
#4165=CARTESIAN_POINT('',(1.266751211724E0,3.3E0,1.207411018500E0));
#4166=DIRECTION('',(-3.489949670250E-2,0.E0,9.993908270191E-1));
#4167=DIRECTION('',(9.993908270191E-1,0.E0,3.489949670250E-2));
#4168=AXIS2_PLACEMENT_3D('',#4165,#4166,#4167);
#4169=PLANE('',#4168);
#4171=ORIENTED_EDGE('',*,*,#4170,.F.);
#4172=ORIENTED_EDGE('',*,*,#3284,.F.);
#4173=ORIENTED_EDGE('',*,*,#4159,.F.);
#4174=ORIENTED_EDGE('',*,*,#2847,.F.);
#4175=EDGE_LOOP('',(#4171,#4172,#4173,#4174));
#4176=FACE_OUTER_BOUND('',#4175,.F.);
#4178=CARTESIAN_POINT('',(1.308891568110E0,-5.68404E0,1.307403098868E0));
#4179=DIRECTION('',(0.E0,1.E0,0.E0));
#4180=DIRECTION('',(-7.075089557354E-1,0.E0,-7.067043777664E-1));
#4181=AXIS2_PLACEMENT_3D('',#4178,#4179,#4180);
#4182=CYLINDRICAL_SURFACE('',#4181,1.E-1);
#4183=ORIENTED_EDGE('',*,*,#3288,.F.);
#4184=ORIENTED_EDGE('',*,*,#3286,.F.);
#4185=ORIENTED_EDGE('',*,*,#4170,.T.);
#4186=ORIENTED_EDGE('',*,*,#2845,.F.);
#4187=ORIENTED_EDGE('',*,*,#2843,.F.);
#4189=ORIENTED_EDGE('',*,*,#4188,.T.);
#4190=EDGE_LOOP('',(#4183,#4184,#4185,#4186,#4187,#4189));
#4191=FACE_OUTER_BOUND('',#4190,.F.);
#4193=CARTESIAN_POINT('',(1.216731062058E0,3.3E0,1.533642339642E0));
#4194=DIRECTION('',(9.993908270191E-1,0.E0,-3.489949670250E-2));
#4195=DIRECTION('',(-3.489949670250E-2,0.E0,-9.993908270191E-1));
#4196=AXIS2_PLACEMENT_3D('',#4193,#4194,#4195);
#4197=PLANE('',#4196);
#4198=ORIENTED_EDGE('',*,*,#4188,.F.);
#4199=ORIENTED_EDGE('',*,*,#2841,.F.);
#4201=ORIENTED_EDGE('',*,*,#4200,.F.);
#4202=ORIENTED_EDGE('',*,*,#3290,.F.);
#4203=EDGE_LOOP('',(#4198,#4199,#4201,#4202));
#4204=FACE_OUTER_BOUND('',#4203,.F.);
#4206=CARTESIAN_POINT('',(1.116791979356E0,3.3E0,1.537132289312E0));
#4207=DIRECTION('',(0.E0,1.E0,0.E0));
#4208=DIRECTION('',(-8.090169943749E-1,0.E0,5.877852522925E-1));
#4209=AXIS2_PLACEMENT_3D('',#4206,#4207,#4208);
#4210=CYLINDRICAL_SURFACE('',#4209,1.E-1);
#4211=ORIENTED_EDGE('',*,*,#4200,.T.);
#4212=ORIENTED_EDGE('',*,*,#2839,.F.);
#4214=ORIENTED_EDGE('',*,*,#4213,.T.);
#4215=ORIENTED_EDGE('',*,*,#3292,.F.);
#4216=EDGE_LOOP('',(#4211,#4212,#4214,#4215));
#4217=FACE_OUTER_BOUND('',#4216,.F.);
#4219=CARTESIAN_POINT('',(8.316414705228E-1,3.3E0,1.539763769059E0));
#4220=DIRECTION('',(-3.420201433257E-1,0.E0,9.396926207859E-1));
#4221=DIRECTION('',(9.396926207859E-1,0.E0,3.420201433257E-1));
#4222=AXIS2_PLACEMENT_3D('',#4219,#4220,#4221);
#4223=PLANE('',#4222);
#4225=ORIENTED_EDGE('',*,*,#4224,.F.);
#4226=ORIENTED_EDGE('',*,*,#3294,.F.);
#4227=ORIENTED_EDGE('',*,*,#4213,.F.);
#4228=ORIENTED_EDGE('',*,*,#2837,.F.);
#4229=EDGE_LOOP('',(#4225,#4226,#4227,#4228));
#4230=FACE_OUTER_BOUND('',#4229,.F.);
#4232=CARTESIAN_POINT('',(8.408200789266E-1,-5.68404E0,1.647883974943E0));
#4233=DIRECTION('',(0.E0,1.E0,0.E0));
#4234=DIRECTION('',(-4.544973399603E-1,0.E0,-8.907480945638E-1));
#4235=AXIS2_PLACEMENT_3D('',#4232,#4233,#4234);
#4236=CYLINDRICAL_SURFACE('',#4235,1.E-1);
#4237=ORIENTED_EDGE('',*,*,#3298,.F.);
#4238=ORIENTED_EDGE('',*,*,#3296,.F.);
#4239=ORIENTED_EDGE('',*,*,#4224,.T.);
#4240=ORIENTED_EDGE('',*,*,#2835,.F.);
#4241=ORIENTED_EDGE('',*,*,#2833,.F.);
#4243=ORIENTED_EDGE('',*,*,#4242,.T.);
#4244=EDGE_LOOP('',(#4237,#4238,#4239,#4240,#4241,#4243));
#4245=FACE_OUTER_BOUND('',#4244,.F.);
#4247=CARTESIAN_POINT('',(6.832584589062E-1,3.3E0,1.834571116543E0));
#4248=DIRECTION('',(9.612616959383E-1,0.E0,2.756373558170E-1));
#4249=DIRECTION('',(2.756373558170E-1,0.E0,-9.612616959383E-1));
#4250=AXIS2_PLACEMENT_3D('',#4247,#4248,#4249);
#4251=PLANE('',#4250);
#4252=ORIENTED_EDGE('',*,*,#4242,.F.);
#4253=ORIENTED_EDGE('',*,*,#2831,.F.);
#4255=ORIENTED_EDGE('',*,*,#4254,.F.);
#4256=ORIENTED_EDGE('',*,*,#3300,.F.);
#4257=EDGE_LOOP('',(#4252,#4253,#4255,#4256));
#4258=FACE_OUTER_BOUND('',#4257,.F.);
#4260=CARTESIAN_POINT('',(5.871322893124E-1,3.3E0,1.807007380961E0));
#4261=DIRECTION('',(0.E0,1.E0,0.E0));
#4262=DIRECTION('',(-9.510565162952E-1,0.E0,3.090169943749E-1));
#4263=AXIS2_PLACEMENT_3D('',#4260,#4261,#4262);
#4264=CYLINDRICAL_SURFACE('',#4263,1.E-1);
#4265=ORIENTED_EDGE('',*,*,#4254,.T.);
#4266=ORIENTED_EDGE('',*,*,#2829,.F.);
#4268=ORIENTED_EDGE('',*,*,#4267,.T.);
#4269=ORIENTED_EDGE('',*,*,#3302,.F.);
#4270=EDGE_LOOP('',(#4265,#4266,#4268,#4269));
#4271=FACE_OUTER_BOUND('',#4270,.F.);
#4273=CARTESIAN_POINT('',(3.151248678E-1,3.3E0,1.721393713737E0));
#4274=DIRECTION('',(-6.156614753257E-1,0.E0,7.880107536067E-1));
#4275=DIRECTION('',(7.880107536067E-1,0.E0,6.156614753257E-1));
#4276=AXIS2_PLACEMENT_3D('',#4273,#4274,#4275);
#4277=PLANE('',#4276);
#4279=ORIENTED_EDGE('',*,*,#4278,.F.);
#4280=ORIENTED_EDGE('',*,*,#3304,.F.);
#4281=ORIENTED_EDGE('',*,*,#4267,.F.);
#4282=ORIENTED_EDGE('',*,*,#2827,.F.);
#4283=EDGE_LOOP('',(#4279,#4280,#4281,#4282));
#4284=FACE_OUTER_BOUND('',#4283,.F.);
#4286=CARTESIAN_POINT('',(2.904432620794E-1,-5.68404E0,1.827058486068E0));
#4287=DIRECTION('',(0.E0,1.E0,0.E0));
#4288=DIRECTION('',(-1.569963578807E-1,0.E0,-9.875991816583E-1));
#4289=AXIS2_PLACEMENT_3D('',#4286,#4287,#4288);
#4290=CYLINDRICAL_SURFACE('',#4289,1.E-1);
#4291=ORIENTED_EDGE('',*,*,#3308,.F.);
#4292=ORIENTED_EDGE('',*,*,#3306,.F.);
#4293=ORIENTED_EDGE('',*,*,#4278,.T.);
#4294=ORIENTED_EDGE('',*,*,#2825,.F.);
#4295=ORIENTED_EDGE('',*,*,#2823,.F.);
#4297=ORIENTED_EDGE('',*,*,#4296,.T.);
#4298=EDGE_LOOP('',(#4291,#4292,#4293,#4294,#4295,#4297));
#4299=FACE_OUTER_BOUND('',#4298,.F.);
#4301=CARTESIAN_POINT('',(8.290375725550E-2,3.3E0,1.955919290347E0));
#4302=DIRECTION('',(8.290375725551E-1,0.E0,5.591929034707E-1));
#4303=DIRECTION('',(5.591929034707E-1,0.E0,-8.290375725551E-1));
#4304=AXIS2_PLACEMENT_3D('',#4301,#4302,#4303);
#4305=PLANE('',#4304);
#4306=ORIENTED_EDGE('',*,*,#4296,.F.);
#4307=ORIENTED_EDGE('',*,*,#2821,.F.);
#4309=ORIENTED_EDGE('',*,*,#4308,.F.);
#4310=ORIENTED_EDGE('',*,*,#3310,.F.);
#4311=EDGE_LOOP('',(#4306,#4307,#4309,#4310));
#4312=FACE_OUTER_BOUND('',#4311,.F.);
#4314=CARTESIAN_POINT('',(0.E0,3.3E0,1.9E0));
#4315=DIRECTION('',(0.E0,1.E0,0.E0));
#4316=DIRECTION('',(-1.E0,0.E0,0.E0));
#4317=AXIS2_PLACEMENT_3D('',#4314,#4315,#4316);
#4318=CYLINDRICAL_SURFACE('',#4317,1.E-1);
#4319=ORIENTED_EDGE('',*,*,#2819,.F.);
#4321=ORIENTED_EDGE('',*,*,#4320,.T.);
#4322=ORIENTED_EDGE('',*,*,#3312,.F.);
#4323=ORIENTED_EDGE('',*,*,#4308,.T.);
#4324=EDGE_LOOP('',(#4319,#4321,#4322,#4323));
#4325=FACE_OUTER_BOUND('',#4324,.F.);
#4327=CARTESIAN_POINT('',(-2.322383525872E-1,3.3E0,1.734521648060E0));
#4328=DIRECTION('',(-8.290375725551E-1,0.E0,5.591929034707E-1));
#4329=DIRECTION('',(5.591929034707E-1,0.E0,8.290375725551E-1));
#4330=AXIS2_PLACEMENT_3D('',#4327,#4328,#4329);
#4331=PLANE('',#4330);
#4332=ORIENTED_EDGE('',*,*,#3058,.F.);
#4333=ORIENTED_EDGE('',*,*,#3314,.F.);
#4334=ORIENTED_EDGE('',*,*,#4320,.F.);
#4335=ORIENTED_EDGE('',*,*,#2817,.F.);
#4336=EDGE_LOOP('',(#4332,#4333,#4334,#4335));
#4337=FACE_OUTER_BOUND('',#4336,.F.);
#4339=CARTESIAN_POINT('',(0.E0,3.E-1,0.E0));
#4340=DIRECTION('',(0.E0,-1.E0,0.E0));
#4341=DIRECTION('',(0.E0,0.E0,1.E0));
#4342=AXIS2_PLACEMENT_3D('',#4339,#4340,#4341);
#4343=CYLINDRICAL_SURFACE('',#4342,1.E0);
#4344=ORIENTED_EDGE('',*,*,#3322,.F.);
#4346=ORIENTED_EDGE('',*,*,#4345,.T.);
#4348=ORIENTED_EDGE('',*,*,#4347,.F.);
#4350=ORIENTED_EDGE('',*,*,#4349,.F.);
#4351=EDGE_LOOP('',(#4344,#4346,#4348,#4350));
#4352=FACE_OUTER_BOUND('',#4351,.F.);
#4354=CARTESIAN_POINT('',(0.E0,3.E-1,0.E0));
#4355=DIRECTION('',(0.E0,-1.E0,0.E0));
#4356=DIRECTION('',(0.E0,0.E0,1.E0));
#4357=AXIS2_PLACEMENT_3D('',#4354,#4355,#4356);
#4358=CYLINDRICAL_SURFACE('',#4357,1.E0);
#4359=ORIENTED_EDGE('',*,*,#3324,.F.);
#4360=ORIENTED_EDGE('',*,*,#4349,.T.);
#4362=ORIENTED_EDGE('',*,*,#4361,.F.);
#4363=ORIENTED_EDGE('',*,*,#4345,.F.);
#4364=EDGE_LOOP('',(#4359,#4360,#4362,#4363));
#4365=FACE_OUTER_BOUND('',#4364,.F.);
#4367=CARTESIAN_POINT('',(0.E0,3.E-1,0.E0));
#4368=DIRECTION('',(0.E0,-1.E0,0.E0));
#4369=DIRECTION('',(0.E0,0.E0,1.E0));
#4370=AXIS2_PLACEMENT_3D('',#4367,#4368,#4369);
#4371=PLANE('',#4370);
#4373=ORIENTED_EDGE('',*,*,#4372,.T.);
#4375=ORIENTED_EDGE('',*,*,#4374,.T.);
#4376=EDGE_LOOP('',(#4373,#4375));
#4377=FACE_OUTER_BOUND('',#4376,.F.);
#4378=ORIENTED_EDGE('',*,*,#4347,.T.);
#4379=ORIENTED_EDGE('',*,*,#4361,.T.);
#4380=EDGE_LOOP('',(#4378,#4379));
#4381=FACE_BOUND('',#4380,.F.);
#4383=CARTESIAN_POINT('',(0.E0,0.E0,0.E0));
#4384=DIRECTION('',(0.E0,-1.E0,0.E0));
#4385=DIRECTION('',(0.E0,0.E0,1.E0));
#4386=AXIS2_PLACEMENT_3D('',#4383,#4384,#4385);
#4387=CYLINDRICAL_SURFACE('',#4386,2.1E0);
#4389=ORIENTED_EDGE('',*,*,#4388,.F.);
#4391=ORIENTED_EDGE('',*,*,#4390,.F.);
#4393=ORIENTED_EDGE('',*,*,#4392,.T.);
#4394=ORIENTED_EDGE('',*,*,#4372,.F.);
#4396=ORIENTED_EDGE('',*,*,#4395,.T.);
#4397=EDGE_LOOP('',(#4389,#4391,#4393,#4394,#4396));
#4398=FACE_OUTER_BOUND('',#4397,.F.);
#4400=CARTESIAN_POINT('',(0.E0,-3.E-1,0.E0));
#4401=DIRECTION('',(0.E0,-1.E0,0.E0));
#4402=DIRECTION('',(4.015070119906E-2,0.E0,-9.991936354847E-1));
#4403=AXIS2_PLACEMENT_3D('',#4400,#4401,#4402);
#4404=TOROIDAL_SURFACE('',#4403,2.4E0,3.E-1);
#4406=ORIENTED_EDGE('',*,*,#4405,.F.);
#4408=ORIENTED_EDGE('',*,*,#4407,.F.);
#4410=ORIENTED_EDGE('',*,*,#4409,.F.);
#4411=ORIENTED_EDGE('',*,*,#4390,.T.);
#4412=ORIENTED_EDGE('',*,*,#4388,.T.);
#4414=ORIENTED_EDGE('',*,*,#4413,.T.);
#4415=EDGE_LOOP('',(#4406,#4408,#4410,#4411,#4412,#4414));
#4416=FACE_OUTER_BOUND('',#4415,.F.);
#4418=CARTESIAN_POINT('',(0.E0,-6.E-1,0.E0));
#4419=DIRECTION('',(0.E0,-1.E0,0.E0));
#4420=DIRECTION('',(0.E0,0.E0,1.E0));
#4421=AXIS2_PLACEMENT_3D('',#4418,#4419,#4420);
#4422=PLANE('',#4421);
#4424=ORIENTED_EDGE('',*,*,#4423,.T.);
#4426=ORIENTED_EDGE('',*,*,#4425,.T.);
#4428=ORIENTED_EDGE('',*,*,#4427,.T.);
#4430=ORIENTED_EDGE('',*,*,#4429,.T.);
#4431=EDGE_LOOP('',(#4424,#4426,#4428,#4430));
#4432=FACE_OUTER_BOUND('',#4431,.F.);
#4434=ORIENTED_EDGE('',*,*,#4433,.T.);
#4436=ORIENTED_EDGE('',*,*,#4435,.T.);
#4437=ORIENTED_EDGE('',*,*,#4407,.T.);
#4438=ORIENTED_EDGE('',*,*,#4405,.T.);
#4439=EDGE_LOOP('',(#4434,#4436,#4437,#4438));
#4440=FACE_BOUND('',#4439,.F.);
#4442=CARTESIAN_POINT('',(0.E0,-4.1E-1,0.E0));
#4443=DIRECTION('',(0.E0,-1.E0,0.E0));
#4444=DIRECTION('',(2.012424521683E-2,0.E0,9.997974868714E-1));
#4445=AXIS2_PLACEMENT_3D('',#4442,#4443,#4444);
#4446=TOROIDAL_SURFACE('',#4445,2.76E0,1.9E-1);
#4447=ORIENTED_EDGE('',*,*,#4425,.F.);
#4448=ORIENTED_EDGE('',*,*,#4423,.F.);
#4450=ORIENTED_EDGE('',*,*,#4449,.F.);
#4452=ORIENTED_EDGE('',*,*,#4451,.T.);
#4454=ORIENTED_EDGE('',*,*,#4453,.T.);
#4455=EDGE_LOOP('',(#4447,#4448,#4450,#4452,#4454));
#4456=FACE_OUTER_BOUND('',#4455,.F.);
#4458=CARTESIAN_POINT('',(0.E0,-4.1E-1,0.E0));
#4459=DIRECTION('',(0.E0,-1.E0,0.E0));
#4460=DIRECTION('',(-2.012424521683E-2,0.E0,-9.997974868714E-1));
#4461=AXIS2_PLACEMENT_3D('',#4458,#4459,#4460);
#4462=TOROIDAL_SURFACE('',#4461,2.76E0,1.9E-1);
#4463=ORIENTED_EDGE('',*,*,#4429,.F.);
#4464=ORIENTED_EDGE('',*,*,#4427,.F.);
#4465=ORIENTED_EDGE('',*,*,#4453,.F.);
#4467=ORIENTED_EDGE('',*,*,#4466,.T.);
#4468=ORIENTED_EDGE('',*,*,#4449,.T.);
#4469=EDGE_LOOP('',(#4463,#4464,#4465,#4467,#4468));
#4470=FACE_OUTER_BOUND('',#4469,.F.);
#4472=CARTESIAN_POINT('',(0.E0,0.E0,0.E0));
#4473=DIRECTION('',(0.E0,-1.E0,0.E0));
#4474=DIRECTION('',(0.E0,0.E0,1.E0));
#4475=AXIS2_PLACEMENT_3D('',#4472,#4473,#4474);
#4476=CYLINDRICAL_SURFACE('',#4475,2.95E0);
#4477=ORIENTED_EDGE('',*,*,#4466,.F.);
#4479=ORIENTED_EDGE('',*,*,#4478,.T.);
#4480=ORIENTED_EDGE('',*,*,#2415,.F.);
#4482=ORIENTED_EDGE('',*,*,#4481,.F.);
#4483=EDGE_LOOP('',(#4477,#4479,#4480,#4482));
#4484=FACE_OUTER_BOUND('',#4483,.F.);
#4486=CARTESIAN_POINT('',(0.E0,0.E0,0.E0));
#4487=DIRECTION('',(0.E0,-1.E0,0.E0));
#4488=DIRECTION('',(0.E0,0.E0,1.E0));
#4489=AXIS2_PLACEMENT_3D('',#4486,#4487,#4488);
#4490=CYLINDRICAL_SURFACE('',#4489,2.95E0);
#4491=ORIENTED_EDGE('',*,*,#4451,.F.);
#4492=ORIENTED_EDGE('',*,*,#4481,.T.);
#4493=ORIENTED_EDGE('',*,*,#2413,.F.);
#4494=ORIENTED_EDGE('',*,*,#4478,.F.);
#4495=EDGE_LOOP('',(#4491,#4492,#4493,#4494));
#4496=FACE_OUTER_BOUND('',#4495,.F.);
#4498=CARTESIAN_POINT('',(0.E0,-3.E-1,0.E0));
#4499=DIRECTION('',(0.E0,-1.E0,0.E0));
#4500=DIRECTION('',(-4.015070119906E-2,0.E0,9.991936354847E-1));
#4501=AXIS2_PLACEMENT_3D('',#4498,#4499,#4500);
#4502=TOROIDAL_SURFACE('',#4501,2.4E0,3.E-1);
#4503=ORIENTED_EDGE('',*,*,#4435,.F.);
#4504=ORIENTED_EDGE('',*,*,#4433,.F.);
#4505=ORIENTED_EDGE('',*,*,#4413,.F.);
#4507=ORIENTED_EDGE('',*,*,#4506,.T.);
#4509=ORIENTED_EDGE('',*,*,#4508,.T.);
#4510=ORIENTED_EDGE('',*,*,#4409,.T.);
#4511=EDGE_LOOP('',(#4503,#4504,#4505,#4507,#4509,#4510));
#4512=FACE_OUTER_BOUND('',#4511,.F.);
#4514=CARTESIAN_POINT('',(0.E0,0.E0,0.E0));
#4515=DIRECTION('',(0.E0,-1.E0,0.E0));
#4516=DIRECTION('',(0.E0,0.E0,1.E0));
#4517=AXIS2_PLACEMENT_3D('',#4514,#4515,#4516);
#4518=CYLINDRICAL_SURFACE('',#4517,2.1E0);
#4519=ORIENTED_EDGE('',*,*,#4508,.F.);
#4520=ORIENTED_EDGE('',*,*,#4506,.F.);
#4521=ORIENTED_EDGE('',*,*,#4395,.F.);
#4522=ORIENTED_EDGE('',*,*,#4374,.F.);
#4523=ORIENTED_EDGE('',*,*,#4392,.F.);
#4524=EDGE_LOOP('',(#4519,#4520,#4521,#4522,#4523));
#4525=FACE_OUTER_BOUND('',#4524,.F.);
#4527=CLOSED_SHELL('',(#2346,#2419,#2434,#2448,#2462,#2476,#2490,#2503,#2570,
#2582,#2596,#2608,#2622,#2634,#2648,#2660,#2674,#2686,#2700,#2712,#2726,#2738,
#2752,#2764,#2781,#2799,#3015,#3031,#3044,#3062,#3076,#3090,#3104,#3121,#3328,
#3341,#3354,#3367,#3382,#3395,#3408,#3421,#3436,#3449,#3462,#3475,#3490,#3503,
#3516,#3529,#3544,#3557,#3570,#3583,#3598,#3611,#3624,#3637,#3652,#3665,#3678,
#3691,#3706,#3719,#3732,#3745,#3760,#3773,#3786,#3799,#3814,#3827,#3840,#3853,
#3868,#3881,#3894,#3907,#3922,#3935,#3948,#3961,#3976,#3989,#4002,#4015,#4030,
#4043,#4056,#4069,#4084,#4097,#4110,#4123,#4138,#4151,#4164,#4177,#4192,#4205,
#4218,#4231,#4246,#4259,#4272,#4285,#4300,#4313,#4326,#4338,#4353,#4366,#4382,
#4399,#4417,#4441,#4457,#4471,#4485,#4497,#4513,#4526));
#4528=MANIFOLD_SOLID_BREP('',#4527);
#4529=(LENGTH_UNIT()NAMED_UNIT(*)SI_UNIT(.MILLI.,.METRE.));
#4530=DIMENSIONAL_EXPONENTS(0.E0,0.E0,0.E0,0.E0,0.E0,0.E0,0.E0);
#4531=(NAMED_UNIT(*)PLANE_ANGLE_UNIT()SI_UNIT($,.RADIAN.));
#4532=PLANE_ANGLE_MEASURE_WITH_UNIT(PLANE_ANGLE_MEASURE(1.745329251994E-2),
#4531);
#4533=(CONVERSION_BASED_UNIT('DEGREE',#4532)NAMED_UNIT(#4530)PLANE_ANGLE_UNIT(
));
#4534=(NAMED_UNIT(*)SI_UNIT($,.STERADIAN.)SOLID_ANGLE_UNIT());
#4535=UNCERTAINTY_MEASURE_WITH_UNIT(LENGTH_MEASURE(3.532301981789E-3),#4529,
'distance_accuracy_value',
'Maximum model space distance between geometric entities at asserted connectivities');
#4538=APPLICATION_CONTEXT('automotive_design');
#4539=APPLICATION_PROTOCOL_DEFINITION('draft international standard',
'automotive_design',1998,#4538);
#4540=PRODUCT_DEFINITION_CONTEXT('part definition',#4538,'design');
#4541=PRODUCT_CONTEXT('',#4538,'mechanical');
#4542=PRODUCT('SJ-BB00-0026-ONEARM-0716_16','SJ-BB00-0026-ONEARM-0716_16',
'NOT SPECIFIED',(#4541));
#4543=PRODUCT_DEFINITION_FORMATION_WITH_SPECIFIED_SOURCE('1','LAST_VERSION',
#4542,.MADE.);
#4547=PRODUCT_TYPE('part','',(#4542));
#1=DRAUGHTING_PRE_DEFINED_COLOUR('green');
#2=COLOUR_RGB('',1.1E-2,1.2E-2,1.E0);
#3=COLOUR_RGB('',1.1E-1,1.1E-1,1.1E-1);
#4=COLOUR_RGB('',3.92E-1,1.2E-2,1.2E-2);
#5=COLOUR_RGB('',4.1E-1,0.E0,2.2E-1);
#6=COLOUR_RGB('',8.784E-1,9.49E-1,1.E0);
#7=COLOUR_RGB('',9.6E-1,9.6E-1,9.6E-1);
#8=COLOUR_RGB('',9.8E-1,6.27E-1,0.E0);
#9=DRAUGHTING_PRE_DEFINED_COLOUR('red');
#10=COLOUR_RGB('',1.E0,0.E0,2.E-1);
#11=DRAUGHTING_PRE_DEFINED_COLOUR('yellow');
#12=COLOUR_RGB('',1.E0,1.E0,9.49E-1);
#13=DRAUGHTING_PRE_DEFINED_COLOUR('white');
#30=CIRCLE('',#29,2.3E0);
#43=CIRCLE('',#42,2.3E0);
#48=CIRCLE('',#47,5.E-1);
#53=CIRCLE('',#52,5.E-1);
#58=CIRCLE('',#57,5.E-1);
#63=CIRCLE('',#62,5.E-1);
#68=CIRCLE('',#67,5.E-1);
#73=CIRCLE('',#72,5.E-1);
#78=CIRCLE('',#77,5.E-1);
#83=CIRCLE('',#82,5.E-1);
#88=CIRCLE('',#87,5.E-1);
#93=CIRCLE('',#92,5.E-1);
#98=CIRCLE('',#97,5.E-1);
#103=CIRCLE('',#102,5.E-1);
#108=CIRCLE('',#107,5.E-1);
#113=CIRCLE('',#112,5.E-1);
#118=CIRCLE('',#117,5.E-1);
#123=CIRCLE('',#122,5.E-1);
#128=CIRCLE('',#127,2.95E0);
#133=CIRCLE('',#132,2.95E0);
#166=CIRCLE('',#165,2.3E0);
#179=CIRCLE('',#178,2.3E0);
#188=CIRCLE('',#187,5.E-1);
#193=CIRCLE('',#192,5.E-1);
#198=CIRCLE('',#197,5.E-1);
#203=CIRCLE('',#202,5.E-1);
#208=CIRCLE('',#207,5.E-1);
#213=CIRCLE('',#212,5.E-1);
#218=CIRCLE('',#217,5.E-1);
#223=CIRCLE('',#222,5.E-1);
#228=CIRCLE('',#227,5.E-1);
#233=CIRCLE('',#232,5.E-1);
#238=CIRCLE('',#237,5.E-1);
#243=CIRCLE('',#242,5.E-1);
#248=CIRCLE('',#247,5.E-1);
#253=CIRCLE('',#252,5.E-1);
#258=CIRCLE('',#257,5.E-1);
#263=CIRCLE('',#262,5.E-1);
#268=CIRCLE('',#267,2.95E0);
#273=CIRCLE('',#272,2.95E0);
#342=CIRCLE('',#341,2.95E0);
#347=CIRCLE('',#346,2.95E0);
#352=CIRCLE('',#351,3.E-1);
#357=CIRCLE('',#356,2.65E0);
#362=CIRCLE('',#361,2.65E0);
#367=CIRCLE('',#366,2.65E0);
#372=CIRCLE('',#371,2.65E0);
#377=CIRCLE('',#376,1.E-1);
#382=CIRCLE('',#381,1.E-1);
#391=CIRCLE('',#390,1.E-1);
#400=CIRCLE('',#399,1.E-1);
#405=CIRCLE('',#404,1.E-1);
#410=B_SPLINE_CURVE_WITH_KNOTS('',3,(#406,#407,#408,#409),.UNSPECIFIED.,.F.,.F.,
(4,4),(0.E0,1.E0),.UNSPECIFIED.);
#415=CIRCLE('',#414,1.E-1);
#424=CIRCLE('',#423,1.E-1);
#429=CIRCLE('',#428,1.E-1);
#434=B_SPLINE_CURVE_WITH_KNOTS('',3,(#430,#431,#432,#433),.UNSPECIFIED.,.F.,.F.,
(4,4),(0.E0,1.E0),.UNSPECIFIED.);
#439=CIRCLE('',#438,1.E-1);
#448=CIRCLE('',#447,1.E-1);
#453=CIRCLE('',#452,1.E-1);
#458=B_SPLINE_CURVE_WITH_KNOTS('',3,(#454,#455,#456,#457),.UNSPECIFIED.,.F.,.F.,
(4,4),(0.E0,1.E0),.UNSPECIFIED.);
#463=CIRCLE('',#462,1.E-1);
#472=CIRCLE('',#471,1.E-1);
#477=CIRCLE('',#476,1.E-1);
#482=B_SPLINE_CURVE_WITH_KNOTS('',3,(#478,#479,#480,#481),.UNSPECIFIED.,.F.,.F.,
(4,4),(0.E0,1.E0),.UNSPECIFIED.);
#487=CIRCLE('',#486,1.E-1);
#496=CIRCLE('',#495,1.E-1);
#501=CIRCLE('',#500,1.E-1);
#506=B_SPLINE_CURVE_WITH_KNOTS('',3,(#502,#503,#504,#505),.UNSPECIFIED.,.F.,.F.,
(4,4),(0.E0,1.E0),.UNSPECIFIED.);
#511=CIRCLE('',#510,1.E-1);
#520=CIRCLE('',#519,1.E-1);
#525=CIRCLE('',#524,1.E-1);
#530=B_SPLINE_CURVE_WITH_KNOTS('',3,(#526,#527,#528,#529),.UNSPECIFIED.,.F.,.F.,
(4,4),(0.E0,1.E0),.UNSPECIFIED.);
#535=CIRCLE('',#534,1.E-1);
#544=CIRCLE('',#543,1.E-1);
#549=CIRCLE('',#548,1.E-1);
#554=B_SPLINE_CURVE_WITH_KNOTS('',3,(#550,#551,#552,#553),.UNSPECIFIED.,.F.,.F.,
(4,4),(0.E0,1.E0),.UNSPECIFIED.);
#559=CIRCLE('',#558,1.E-1);
#568=CIRCLE('',#567,1.E-1);
#573=CIRCLE('',#572,1.E-1);
#578=B_SPLINE_CURVE_WITH_KNOTS('',3,(#574,#575,#576,#577),.UNSPECIFIED.,.F.,.F.,
(4,4),(0.E0,1.E0),.UNSPECIFIED.);
#583=CIRCLE('',#582,1.E-1);
#592=CIRCLE('',#591,1.E-1);
#597=CIRCLE('',#596,1.E-1);
#602=B_SPLINE_CURVE_WITH_KNOTS('',3,(#598,#599,#600,#601),.UNSPECIFIED.,.F.,.F.,
(4,4),(0.E0,1.E0),.UNSPECIFIED.);
#607=CIRCLE('',#606,1.E-1);
#616=CIRCLE('',#615,1.E-1);
#621=CIRCLE('',#620,1.E-1);
#626=B_SPLINE_CURVE_WITH_KNOTS('',3,(#622,#623,#624,#625),.UNSPECIFIED.,.F.,.F.,
(4,4),(0.E0,1.E0),.UNSPECIFIED.);
#631=CIRCLE('',#630,1.E-1);
#640=CIRCLE('',#639,1.E-1);
#645=CIRCLE('',#644,1.E-1);
#650=B_SPLINE_CURVE_WITH_KNOTS('',3,(#646,#647,#648,#649),.UNSPECIFIED.,.F.,.F.,
(4,4),(0.E0,1.E0),.UNSPECIFIED.);
#655=CIRCLE('',#654,1.E-1);
#664=CIRCLE('',#663,1.E-1);
#669=CIRCLE('',#668,1.E-1);
#674=B_SPLINE_CURVE_WITH_KNOTS('',3,(#670,#671,#672,#673),.UNSPECIFIED.,.F.,.F.,
(4,4),(0.E0,1.E0),.UNSPECIFIED.);
#679=CIRCLE('',#678,1.E-1);
#688=CIRCLE('',#687,1.E-1);
#693=CIRCLE('',#692,1.E-1);
#698=B_SPLINE_CURVE_WITH_KNOTS('',3,(#694,#695,#696,#697),.UNSPECIFIED.,.F.,.F.,
(4,4),(0.E0,1.E0),.UNSPECIFIED.);
#703=CIRCLE('',#702,1.E-1);
#712=CIRCLE('',#711,1.E-1);
#717=CIRCLE('',#716,1.E-1);
#722=B_SPLINE_CURVE_WITH_KNOTS('',3,(#718,#719,#720,#721),.UNSPECIFIED.,.F.,.F.,
(4,4),(0.E0,1.E0),.UNSPECIFIED.);
#727=CIRCLE('',#726,1.E-1);
#736=CIRCLE('',#735,1.E-1);
#741=CIRCLE('',#740,1.E-1);
#746=B_SPLINE_CURVE_WITH_KNOTS('',3,(#742,#743,#744,#745),.UNSPECIFIED.,.F.,.F.,
(4,4),(0.E0,1.E0),.UNSPECIFIED.);
#751=CIRCLE('',#750,1.E-1);
#760=CIRCLE('',#759,1.E-1);
#765=CIRCLE('',#764,1.E-1);
#770=B_SPLINE_CURVE_WITH_KNOTS('',3,(#766,#767,#768,#769),.UNSPECIFIED.,.F.,.F.,
(4,4),(0.E0,1.E0),.UNSPECIFIED.);
#775=CIRCLE('',#774,1.E-1);
#784=CIRCLE('',#783,1.E-1);
#789=CIRCLE('',#788,1.E-1);
#794=B_SPLINE_CURVE_WITH_KNOTS('',3,(#790,#791,#792,#793),.UNSPECIFIED.,.F.,.F.,
(4,4),(0.E0,1.E0),.UNSPECIFIED.);
#799=CIRCLE('',#798,1.E-1);
#808=CIRCLE('',#807,1.E-1);
#813=CIRCLE('',#812,1.E-1);
#818=B_SPLINE_CURVE_WITH_KNOTS('',3,(#814,#815,#816,#817),.UNSPECIFIED.,.F.,.F.,
(4,4),(0.E0,1.E0),.UNSPECIFIED.);
#823=CIRCLE('',#822,1.E-1);
#832=CIRCLE('',#831,1.E-1);
#837=CIRCLE('',#836,1.E-1);
#842=B_SPLINE_CURVE_WITH_KNOTS('',3,(#838,#839,#840,#841),.UNSPECIFIED.,.F.,.F.,
(4,4),(0.E0,1.E0),.UNSPECIFIED.);
#847=CIRCLE('',#846,1.E-1);
#852=B_SPLINE_CURVE_WITH_KNOTS('',3,(#848,#849,#850,#851),.UNSPECIFIED.,.F.,.F.,
(4,4),(0.E0,1.E0),.UNSPECIFIED.);
#857=CIRCLE('',#856,2.95E0);
#862=CIRCLE('',#861,2.95E0);
#867=CIRCLE('',#866,3.E-1);
#900=B_SPLINE_CURVE_WITH_KNOTS('',3,(#896,#897,#898,#899),.UNSPECIFIED.,.F.,.F.,
(4,4),(0.E0,1.E0),.UNSPECIFIED.);
#905=CIRCLE('',#904,1.E-1);
#910=CIRCLE('',#909,1.E-1);
#919=CIRCLE('',#918,1.E-1);
#924=B_SPLINE_CURVE_WITH_KNOTS('',3,(#920,#921,#922,#923),.UNSPECIFIED.,.F.,.F.,
(4,4),(0.E0,1.E0),.UNSPECIFIED.);
#929=CIRCLE('',#928,1.E-1);
#934=CIRCLE('',#933,1.E-1);
#943=CIRCLE('',#942,1.E-1);
#948=B_SPLINE_CURVE_WITH_KNOTS('',3,(#944,#945,#946,#947),.UNSPECIFIED.,.F.,.F.,
(4,4),(0.E0,1.E0),.UNSPECIFIED.);
#953=CIRCLE('',#952,1.E-1);
#958=CIRCLE('',#957,1.E-1);
#967=CIRCLE('',#966,1.E-1);
#972=B_SPLINE_CURVE_WITH_KNOTS('',3,(#968,#969,#970,#971),.UNSPECIFIED.,.F.,.F.,
(4,4),(0.E0,1.E0),.UNSPECIFIED.);
#977=CIRCLE('',#976,1.E-1);
#982=CIRCLE('',#981,1.E-1);
#991=CIRCLE('',#990,1.E-1);
#996=B_SPLINE_CURVE_WITH_KNOTS('',3,(#992,#993,#994,#995),.UNSPECIFIED.,.F.,.F.,
(4,4),(0.E0,1.E0),.UNSPECIFIED.);
#1001=CIRCLE('',#1000,1.E-1);
#1006=CIRCLE('',#1005,1.E-1);
#1015=CIRCLE('',#1014,1.E-1);
#1020=B_SPLINE_CURVE_WITH_KNOTS('',3,(#1016,#1017,#1018,#1019),.UNSPECIFIED.,
.F.,.F.,(4,4),(0.E0,1.E0),.UNSPECIFIED.);
#1025=CIRCLE('',#1024,1.E-1);
#1030=CIRCLE('',#1029,1.E-1);
#1039=CIRCLE('',#1038,1.E-1);
#1044=B_SPLINE_CURVE_WITH_KNOTS('',3,(#1040,#1041,#1042,#1043),.UNSPECIFIED.,
.F.,.F.,(4,4),(0.E0,1.E0),.UNSPECIFIED.);
#1049=CIRCLE('',#1048,1.E-1);
#1054=CIRCLE('',#1053,1.E-1);
#1063=CIRCLE('',#1062,1.E-1);
#1068=B_SPLINE_CURVE_WITH_KNOTS('',3,(#1064,#1065,#1066,#1067),.UNSPECIFIED.,
.F.,.F.,(4,4),(0.E0,1.E0),.UNSPECIFIED.);
#1073=CIRCLE('',#1072,1.E-1);
#1078=CIRCLE('',#1077,1.E-1);
#1087=CIRCLE('',#1086,1.E-1);
#1092=B_SPLINE_CURVE_WITH_KNOTS('',3,(#1088,#1089,#1090,#1091),.UNSPECIFIED.,
.F.,.F.,(4,4),(0.E0,1.E0),.UNSPECIFIED.);
#1097=CIRCLE('',#1096,1.E-1);
#1102=CIRCLE('',#1101,1.E-1);
#1111=CIRCLE('',#1110,1.E-1);
#1116=B_SPLINE_CURVE_WITH_KNOTS('',3,(#1112,#1113,#1114,#1115),.UNSPECIFIED.,
.F.,.F.,(4,4),(0.E0,1.E0),.UNSPECIFIED.);
#1121=CIRCLE('',#1120,1.E-1);
#1126=CIRCLE('',#1125,1.E-1);
#1135=CIRCLE('',#1134,1.E-1);
#1140=B_SPLINE_CURVE_WITH_KNOTS('',3,(#1136,#1137,#1138,#1139),.UNSPECIFIED.,
.F.,.F.,(4,4),(0.E0,1.E0),.UNSPECIFIED.);
#1145=CIRCLE('',#1144,1.E-1);
#1150=CIRCLE('',#1149,1.E-1);
#1159=CIRCLE('',#1158,1.E-1);
#1164=B_SPLINE_CURVE_WITH_KNOTS('',3,(#1160,#1161,#1162,#1163),.UNSPECIFIED.,
.F.,.F.,(4,4),(0.E0,1.E0),.UNSPECIFIED.);
#1169=CIRCLE('',#1168,1.E-1);
#1174=CIRCLE('',#1173,1.E-1);
#1183=CIRCLE('',#1182,1.E-1);
#1188=B_SPLINE_CURVE_WITH_KNOTS('',3,(#1184,#1185,#1186,#1187),.UNSPECIFIED.,
.F.,.F.,(4,4),(0.E0,1.E0),.UNSPECIFIED.);
#1193=CIRCLE('',#1192,1.E-1);
#1198=CIRCLE('',#1197,1.E-1);
#1207=CIRCLE('',#1206,1.E-1);
#1212=B_SPLINE_CURVE_WITH_KNOTS('',3,(#1208,#1209,#1210,#1211),.UNSPECIFIED.,
.F.,.F.,(4,4),(0.E0,1.E0),.UNSPECIFIED.);
#1217=CIRCLE('',#1216,1.E-1);
#1222=CIRCLE('',#1221,1.E-1);
#1231=CIRCLE('',#1230,1.E-1);
#1236=B_SPLINE_CURVE_WITH_KNOTS('',3,(#1232,#1233,#1234,#1235),.UNSPECIFIED.,
.F.,.F.,(4,4),(0.E0,1.E0),.UNSPECIFIED.);
#1241=CIRCLE('',#1240,1.E-1);
#1246=CIRCLE('',#1245,1.E-1);
#1255=CIRCLE('',#1254,1.E-1);
#1260=B_SPLINE_CURVE_WITH_KNOTS('',3,(#1256,#1257,#1258,#1259),.UNSPECIFIED.,
.F.,.F.,(4,4),(0.E0,1.E0),.UNSPECIFIED.);
#1265=CIRCLE('',#1264,1.E-1);
#1270=CIRCLE('',#1269,1.E-1);
#1279=CIRCLE('',#1278,1.E-1);
#1284=B_SPLINE_CURVE_WITH_KNOTS('',3,(#1280,#1281,#1282,#1283),.UNSPECIFIED.,
.F.,.F.,(4,4),(0.E0,1.E0),.UNSPECIFIED.);
#1289=CIRCLE('',#1288,1.E-1);
#1294=CIRCLE('',#1293,1.E-1);
#1303=CIRCLE('',#1302,1.E-1);
#1308=B_SPLINE_CURVE_WITH_KNOTS('',3,(#1304,#1305,#1306,#1307),.UNSPECIFIED.,
.F.,.F.,(4,4),(0.E0,1.E0),.UNSPECIFIED.);
#1313=CIRCLE('',#1312,1.E-1);
#1318=CIRCLE('',#1317,1.E-1);
#1327=CIRCLE('',#1326,1.E-1);
#1332=B_SPLINE_CURVE_WITH_KNOTS('',3,(#1328,#1329,#1330,#1331),.UNSPECIFIED.,
.F.,.F.,(4,4),(0.E0,1.E0),.UNSPECIFIED.);
#1337=CIRCLE('',#1336,1.E-1);
#1342=CIRCLE('',#1341,1.E-1);
#1351=CIRCLE('',#1350,1.E-1);
#1360=CIRCLE('',#1359,1.E-1);
#1365=CIRCLE('',#1364,1.E-1);
#1370=B_SPLINE_CURVE_WITH_KNOTS('',3,(#1366,#1367,#1368,#1369),.UNSPECIFIED.,
.F.,.F.,(4,4),(0.E0,1.E0),.UNSPECIFIED.);
#1375=CIRCLE('',#1374,1.E-1);
#1380=CIRCLE('',#1379,1.E0);
#1385=CIRCLE('',#1384,1.E0);
#1694=CIRCLE('',#1693,2.1E0);
#1699=CIRCLE('',#1698,2.1E0);
#1704=CIRCLE('',#1703,1.E0);
#1709=CIRCLE('',#1708,1.E0);
#1722=CIRCLE('',#1721,2.1E0);
#1727=CIRCLE('',#1726,2.1E0);
#1732=CIRCLE('',#1731,3.E-1);
#1737=CIRCLE('',#1736,2.76E0);
#1742=CIRCLE('',#1741,2.76E0);
#1747=CIRCLE('',#1746,2.76E0);
#1752=CIRCLE('',#1751,2.76E0);
#1757=CIRCLE('',#1756,2.4E0);
#1762=CIRCLE('',#1761,2.4E0);
#1767=CIRCLE('',#1766,2.4E0);
#1772=CIRCLE('',#1771,2.4E0);
#1777=CIRCLE('',#1776,2.95E0);
#1782=CIRCLE('',#1781,1.9E-1);
#1787=CIRCLE('',#1786,2.95E0);
#1792=CIRCLE('',#1791,1.9E-1);
#1805=CIRCLE('',#1804,2.1E0);
#1810=CIRCLE('',#1809,2.1E0);
#1815=CIRCLE('',#1814,3.E-1);
#2336=EDGE_CURVE('',#1818,#1819,#48,.T.);
#2338=EDGE_CURVE('',#1821,#1818,#277,.T.);
#2340=EDGE_CURVE('',#1823,#1821,#188,.T.);
#2342=EDGE_CURVE('',#1823,#1819,#17,.T.);
#2346=ADVANCED_FACE('',(#2345),#2335,.F.);
#2352=EDGE_CURVE('',#1826,#1827,#21,.T.);
#2354=EDGE_CURVE('',#1827,#1829,#25,.T.);
#2356=EDGE_CURVE('',#1829,#1831,#30,.T.);
#2358=EDGE_CURVE('',#1831,#1833,#34,.T.);
#2360=EDGE_CURVE('',#1833,#1835,#38,.T.);
#2362=EDGE_CURVE('',#1835,#1826,#43,.T.);
#2367=EDGE_CURVE('',#1819,#1818,#53,.T.);
#2371=EDGE_CURVE('',#1838,#1839,#58,.T.);
#2373=EDGE_CURVE('',#1839,#1838,#63,.T.);
#2377=EDGE_CURVE('',#1842,#1843,#68,.T.);
#2379=EDGE_CURVE('',#1843,#1842,#73,.T.);
#2383=EDGE_CURVE('',#1846,#1847,#78,.T.);
#2385=EDGE_CURVE('',#1847,#1846,#83,.T.);
#2389=EDGE_CURVE('',#1850,#1851,#88,.T.);
#2391=EDGE_CURVE('',#1851,#1850,#93,.T.);
#2395=EDGE_CURVE('',#1854,#1855,#98,.T.);
#2397=EDGE_CURVE('',#1855,#1854,#103,.T.);
#2401=EDGE_CURVE('',#1858,#1859,#108,.T.);
#2403=EDGE_CURVE('',#1859,#1858,#113,.T.);
#2407=EDGE_CURVE('',#1862,#1863,#118,.T.);
#2409=EDGE_CURVE('',#1863,#1862,#123,.T.);
#2413=EDGE_CURVE('',#1866,#1867,#128,.T.);
#2415=EDGE_CURVE('',#1867,#1866,#133,.T.);
#2419=ADVANCED_FACE('',(#2365,#2370,#2376,#2382,#2388,#2394,#2400,#2406,#2412,
#2418),#2351,.F.);
#2426=EDGE_CURVE('',#1871,#1826,#145,.T.);
#2428=EDGE_CURVE('',#1870,#1871,#161,.T.);
#2430=EDGE_CURVE('',#1870,#1827,#137,.T.);
#2434=ADVANCED_FACE('',(#2433),#2424,.T.);
#2441=EDGE_CURVE('',#1835,#1873,#141,.T.);
#2443=EDGE_CURVE('',#1871,#1873,#166,.T.);
#2448=ADVANCED_FACE('',(#2447),#2439,.T.);
#2455=EDGE_CURVE('',#1875,#1833,#149,.T.);
#2457=EDGE_CURVE('',#1873,#1875,#170,.T.);
#2462=ADVANCED_FACE('',(#2461),#2453,.T.);
#2469=EDGE_CURVE('',#1877,#1831,#157,.T.);
#2471=EDGE_CURVE('',#1875,#1877,#174,.T.);
#2476=ADVANCED_FACE('',(#2475),#2467,.T.);
#2483=EDGE_CURVE('',#1829,#1879,#153,.T.);
#2485=EDGE_CURVE('',#1877,#1879,#179,.T.);
#2490=ADVANCED_FACE('',(#2489),#2481,.T.);
#2498=EDGE_CURVE('',#1879,#1870,#183,.T.);
#2503=ADVANCED_FACE('',(#2502),#2495,.T.);
#2518=EDGE_CURVE('',#1821,#1823,#193,.T.);
#2522=EDGE_CURVE('',#1882,#1883,#198,.T.);
#2524=EDGE_CURVE('',#1883,#1882,#203,.T.);
#2528=EDGE_CURVE('',#1886,#1887,#208,.T.);
#2530=EDGE_CURVE('',#1887,#1886,#213,.T.);
#2534=EDGE_CURVE('',#1890,#1891,#218,.T.);
#2536=EDGE_CURVE('',#1891,#1890,#223,.T.);
#2540=EDGE_CURVE('',#1894,#1895,#228,.T.);
#2542=EDGE_CURVE('',#1895,#1894,#233,.T.);
#2546=EDGE_CURVE('',#1898,#1899,#238,.T.);
#2548=EDGE_CURVE('',#1899,#1898,#243,.T.);
#2552=EDGE_CURVE('',#1902,#1903,#248,.T.);
#2554=EDGE_CURVE('',#1903,#1902,#253,.T.);
#2558=EDGE_CURVE('',#1906,#1907,#258,.T.);
#2560=EDGE_CURVE('',#1907,#1906,#263,.T.);
#2564=EDGE_CURVE('',#1910,#1911,#268,.T.);
#2566=EDGE_CURVE('',#1911,#1910,#273,.T.);
#2570=ADVANCED_FACE('',(#2516,#2521,#2527,#2533,#2539,#2545,#2551,#2557,#2563,
#2569),#2508,.T.);
#2582=ADVANCED_FACE('',(#2581),#2575,.F.);
#2589=EDGE_CURVE('',#1883,#1838,#285,.T.);
#2592=EDGE_CURVE('',#1882,#1839,#281,.T.);
#2596=ADVANCED_FACE('',(#2595),#2587,.F.);
#2608=ADVANCED_FACE('',(#2607),#2601,.F.);
#2615=EDGE_CURVE('',#1887,#1842,#293,.T.);
#2618=EDGE_CURVE('',#1886,#1843,#289,.T.);
#2622=ADVANCED_FACE('',(#2621),#2613,.F.);
#2634=ADVANCED_FACE('',(#2633),#2627,.F.);
#2641=EDGE_CURVE('',#1891,#1846,#301,.T.);
#2644=EDGE_CURVE('',#1890,#1847,#297,.T.);
#2648=ADVANCED_FACE('',(#2647),#2639,.F.);
#2660=ADVANCED_FACE('',(#2659),#2653,.F.);
#2667=EDGE_CURVE('',#1895,#1850,#309,.T.);
#2670=EDGE_CURVE('',#1894,#1851,#305,.T.);
#2674=ADVANCED_FACE('',(#2673),#2665,.F.);
#2686=ADVANCED_FACE('',(#2685),#2679,.F.);
#2693=EDGE_CURVE('',#1899,#1854,#317,.T.);
#2696=EDGE_CURVE('',#1898,#1855,#313,.T.);
#2700=ADVANCED_FACE('',(#2699),#2691,.F.);
#2712=ADVANCED_FACE('',(#2711),#2705,.F.);
#2719=EDGE_CURVE('',#1903,#1858,#325,.T.);
#2722=EDGE_CURVE('',#1902,#1859,#321,.T.);
#2726=ADVANCED_FACE('',(#2725),#2717,.F.);
#2738=ADVANCED_FACE('',(#2737),#2731,.F.);
#2745=EDGE_CURVE('',#1907,#1862,#333,.T.);
#2748=EDGE_CURVE('',#1906,#1863,#329,.T.);
#2752=ADVANCED_FACE('',(#2751),#2743,.F.);
#2764=ADVANCED_FACE('',(#2763),#2757,.F.);
#2770=EDGE_CURVE('',#1914,#1915,#347,.T.);
#2772=EDGE_CURVE('',#1917,#1914,#342,.T.);
#2774=EDGE_CURVE('',#1917,#1911,#337,.T.);
#2777=EDGE_CURVE('',#1915,#1910,#871,.T.);
#2781=ADVANCED_FACE('',(#2780),#2769,.T.);
#2787=EDGE_CURVE('',#1920,#1921,#372,.T.);
#2789=EDGE_CURVE('',#1923,#1920,#367,.T.);
#2791=EDGE_CURVE('',#1917,#1923,#867,.T.);
#2795=EDGE_CURVE('',#1915,#1921,#352,.T.);
#2799=ADVANCED_FACE('',(#2798),#2786,.T.);
#2805=EDGE_CURVE('',#1921,#1925,#357,.T.);
#2807=EDGE_CURVE('',#1925,#1923,#362,.T.);
#2813=EDGE_CURVE('',#1931,#1928,#377,.T.);
#2815=EDGE_CURVE('',#1928,#1929,#382,.T.);
#2817=EDGE_CURVE('',#1929,#1933,#386,.T.);
#2819=EDGE_CURVE('',#1933,#1935,#391,.T.);
#2821=EDGE_CURVE('',#1935,#1937,#395,.T.);
#2823=EDGE_CURVE('',#1937,#1940,#400,.T.);
#2825=EDGE_CURVE('',#1940,#1941,#405,.T.);
#2827=EDGE_CURVE('',#1941,#1942,#410,.T.);
#2829=EDGE_CURVE('',#1942,#1944,#415,.T.);
#2831=EDGE_CURVE('',#1944,#1946,#419,.T.);
#2833=EDGE_CURVE('',#1946,#1949,#424,.T.);
#2835=EDGE_CURVE('',#1949,#1950,#429,.T.);
#2837=EDGE_CURVE('',#1950,#1951,#434,.T.);
#2839=EDGE_CURVE('',#1951,#1953,#439,.T.);
#2841=EDGE_CURVE('',#1953,#1955,#443,.T.);
#2843=EDGE_CURVE('',#1955,#1958,#448,.T.);
#2845=EDGE_CURVE('',#1958,#1959,#453,.T.);
#2847=EDGE_CURVE('',#1959,#1960,#458,.T.);
#2849=EDGE_CURVE('',#1960,#1962,#463,.T.);
#2851=EDGE_CURVE('',#1962,#1964,#467,.T.);
#2853=EDGE_CURVE('',#1964,#1967,#472,.T.);
#2855=EDGE_CURVE('',#1967,#1968,#477,.T.);
#2857=EDGE_CURVE('',#1968,#1969,#482,.T.);
#2859=EDGE_CURVE('',#1969,#1971,#487,.T.);
#2861=EDGE_CURVE('',#1971,#1973,#491,.T.);
#2863=EDGE_CURVE('',#1973,#1976,#496,.T.);
#2865=EDGE_CURVE('',#1976,#1977,#501,.T.);
#2867=EDGE_CURVE('',#1977,#1978,#506,.T.);
#2869=EDGE_CURVE('',#1978,#1980,#511,.T.);
#2871=EDGE_CURVE('',#1980,#1982,#515,.T.);
#2873=EDGE_CURVE('',#1982,#1985,#520,.T.);
#2875=EDGE_CURVE('',#1985,#1986,#525,.T.);
#2877=EDGE_CURVE('',#1986,#1987,#530,.T.);
#2879=EDGE_CURVE('',#1987,#1989,#535,.T.);
#2881=EDGE_CURVE('',#1989,#1991,#539,.T.);
#2883=EDGE_CURVE('',#1991,#1994,#544,.T.);
#2885=EDGE_CURVE('',#1994,#1995,#549,.T.);
#2887=EDGE_CURVE('',#1995,#1996,#554,.T.);
#2889=EDGE_CURVE('',#1996,#1998,#559,.T.);
#2891=EDGE_CURVE('',#1998,#2000,#563,.T.);
#2893=EDGE_CURVE('',#2000,#2003,#568,.T.);
#2895=EDGE_CURVE('',#2003,#2004,#573,.T.);
#2897=EDGE_CURVE('',#2004,#2005,#578,.T.);
#2899=EDGE_CURVE('',#2005,#2007,#583,.T.);
#2901=EDGE_CURVE('',#2007,#2009,#587,.T.);
#2903=EDGE_CURVE('',#2009,#2012,#592,.T.);
#2905=EDGE_CURVE('',#2012,#2013,#597,.T.);
#2907=EDGE_CURVE('',#2013,#2014,#602,.T.);
#2909=EDGE_CURVE('',#2014,#2016,#607,.T.);
#2911=EDGE_CURVE('',#2016,#2018,#611,.T.);
#2913=EDGE_CURVE('',#2018,#2021,#616,.T.);
#2915=EDGE_CURVE('',#2021,#2022,#621,.T.);
#2917=EDGE_CURVE('',#2022,#2023,#626,.T.);
#2919=EDGE_CURVE('',#2023,#2025,#631,.T.);
#2921=EDGE_CURVE('',#2025,#2027,#635,.T.);
#2923=EDGE_CURVE('',#2027,#2030,#640,.T.);
#2925=EDGE_CURVE('',#2030,#2031,#645,.T.);
#2927=EDGE_CURVE('',#2031,#2032,#650,.T.);
#2929=EDGE_CURVE('',#2032,#2034,#655,.T.);
#2931=EDGE_CURVE('',#2034,#2036,#659,.T.);
#2933=EDGE_CURVE('',#2036,#2039,#664,.T.);
#2935=EDGE_CURVE('',#2039,#2040,#669,.T.);
#2937=EDGE_CURVE('',#2040,#2041,#674,.T.);
#2939=EDGE_CURVE('',#2041,#2043,#679,.T.);
#2941=EDGE_CURVE('',#2043,#2045,#683,.T.);
#2943=EDGE_CURVE('',#2045,#2048,#688,.T.);
#2945=EDGE_CURVE('',#2048,#2049,#693,.T.);
#2947=EDGE_CURVE('',#2049,#2050,#698,.T.);
#2949=EDGE_CURVE('',#2050,#2052,#703,.T.);
#2951=EDGE_CURVE('',#2052,#2054,#707,.T.);
#2953=EDGE_CURVE('',#2054,#2057,#712,.T.);
#2955=EDGE_CURVE('',#2057,#2058,#717,.T.);
#2957=EDGE_CURVE('',#2058,#2059,#722,.T.);
#2959=EDGE_CURVE('',#2059,#2061,#727,.T.);
#2961=EDGE_CURVE('',#2061,#2063,#731,.T.);
#2963=EDGE_CURVE('',#2063,#2066,#736,.T.);
#2965=EDGE_CURVE('',#2066,#2067,#741,.T.);
#2967=EDGE_CURVE('',#2067,#2068,#746,.T.);
#2969=EDGE_CURVE('',#2068,#2070,#751,.T.);
#2971=EDGE_CURVE('',#2070,#2072,#755,.T.);
#2973=EDGE_CURVE('',#2072,#2075,#760,.T.);
#2975=EDGE_CURVE('',#2075,#2076,#765,.T.);
#2977=EDGE_CURVE('',#2076,#2077,#770,.T.);
#2979=EDGE_CURVE('',#2077,#2079,#775,.T.);
#2981=EDGE_CURVE('',#2079,#2081,#779,.T.);
#2983=EDGE_CURVE('',#2081,#2084,#784,.T.);
#2985=EDGE_CURVE('',#2084,#2085,#789,.T.);
#2987=EDGE_CURVE('',#2085,#2086,#794,.T.);
#2989=EDGE_CURVE('',#2086,#2088,#799,.T.);
#2991=EDGE_CURVE('',#2088,#2090,#803,.T.);
#2993=EDGE_CURVE('',#2090,#2093,#808,.T.);
#2995=EDGE_CURVE('',#2093,#2094,#813,.T.);
#2997=EDGE_CURVE('',#2094,#2095,#818,.T.);
#2999=EDGE_CURVE('',#2095,#2097,#823,.T.);
#3001=EDGE_CURVE('',#2097,#2099,#827,.T.);
#3003=EDGE_CURVE('',#2099,#2102,#832,.T.);
#3005=EDGE_CURVE('',#2102,#2103,#837,.T.);
#3007=EDGE_CURVE('',#2103,#2104,#842,.T.);
#3009=EDGE_CURVE('',#2104,#2106,#847,.T.);
#3011=EDGE_CURVE('',#2106,#1931,#852,.T.);
#3015=ADVANCED_FACE('',(#2812,#3014),#2804,.T.);
#3024=EDGE_CURVE('',#1915,#2108,#857,.T.);
#3026=EDGE_CURVE('',#2108,#1917,#862,.T.);
#3031=ADVANCED_FACE('',(#3030),#3020,.T.);
#3044=ADVANCED_FACE('',(#3043),#3036,.T.);
#3052=EDGE_CURVE('',#1931,#2110,#875,.T.);
#3054=EDGE_CURVE('',#2114,#2110,#1365,.T.);
#3056=EDGE_CURVE('',#2113,#2114,#1360,.T.);
#3058=EDGE_CURVE('',#2113,#1929,#879,.T.);
#3062=ADVANCED_FACE('',(#3061),#3049,.T.);
#3070=EDGE_CURVE('',#2116,#2106,#883,.T.);
#3072=EDGE_CURVE('',#2110,#2116,#1370,.T.);
#3076=ADVANCED_FACE('',(#3075),#3067,.F.);
#3084=EDGE_CURVE('',#2104,#2118,#887,.T.);
#3086=EDGE_CURVE('',#2116,#2118,#1375,.T.);
#3090=ADVANCED_FACE('',(#3089),#3081,.F.);
#3096=EDGE_CURVE('',#2120,#2103,#891,.T.);
#3098=EDGE_CURVE('',#2118,#2120,#900,.T.);
#3104=ADVANCED_FACE('',(#3103),#3095,.F.);
#3110=EDGE_CURVE('',#2122,#2124,#910,.T.);
#3112=EDGE_CURVE('',#2120,#2122,#905,.T.);
#3117=EDGE_CURVE('',#2099,#2124,#895,.T.);
#3121=ADVANCED_FACE('',(#3120),#3109,.T.);
#3130=EDGE_CURVE('',#2124,#2126,#914,.T.);
#3132=EDGE_CURVE('',#2126,#2128,#919,.T.);
#3134=EDGE_CURVE('',#2128,#2129,#924,.T.);
#3136=EDGE_CURVE('',#2129,#2131,#929,.T.);
#3138=EDGE_CURVE('',#2131,#2133,#934,.T.);
#3140=EDGE_CURVE('',#2133,#2135,#938,.T.);
#3142=EDGE_CURVE('',#2135,#2137,#943,.T.);
#3144=EDGE_CURVE('',#2137,#2138,#948,.T.);
#3146=EDGE_CURVE('',#2138,#2140,#953,.T.);
#3148=EDGE_CURVE('',#2140,#2142,#958,.T.);
#3150=EDGE_CURVE('',#2142,#2144,#962,.T.);
#3152=EDGE_CURVE('',#2144,#2146,#967,.T.);
#3154=EDGE_CURVE('',#2146,#2147,#972,.T.);
#3156=EDGE_CURVE('',#2147,#2149,#977,.T.);
#3158=EDGE_CURVE('',#2149,#2151,#982,.T.);
#3160=EDGE_CURVE('',#2151,#2153,#986,.T.);
#3162=EDGE_CURVE('',#2153,#2155,#991,.T.);
#3164=EDGE_CURVE('',#2155,#2156,#996,.T.);
#3166=EDGE_CURVE('',#2156,#2158,#1001,.T.);
#3168=EDGE_CURVE('',#2158,#2160,#1006,.T.);
#3170=EDGE_CURVE('',#2160,#2162,#1010,.T.);
#3172=EDGE_CURVE('',#2162,#2164,#1015,.T.);
#3174=EDGE_CURVE('',#2164,#2165,#1020,.T.);
#3176=EDGE_CURVE('',#2165,#2167,#1025,.T.);
#3178=EDGE_CURVE('',#2167,#2169,#1030,.T.);
#3180=EDGE_CURVE('',#2169,#2171,#1034,.T.);
#3182=EDGE_CURVE('',#2171,#2173,#1039,.T.);
#3184=EDGE_CURVE('',#2173,#2174,#1044,.T.);
#3186=EDGE_CURVE('',#2174,#2176,#1049,.T.);
#3188=EDGE_CURVE('',#2176,#2178,#1054,.T.);
#3190=EDGE_CURVE('',#2178,#2180,#1058,.T.);
#3192=EDGE_CURVE('',#2180,#2182,#1063,.T.);
#3194=EDGE_CURVE('',#2182,#2183,#1068,.T.);
#3196=EDGE_CURVE('',#2183,#2185,#1073,.T.);
#3198=EDGE_CURVE('',#2185,#2187,#1078,.T.);
#3200=EDGE_CURVE('',#2187,#2189,#1082,.T.);
#3202=EDGE_CURVE('',#2189,#2191,#1087,.T.);
#3204=EDGE_CURVE('',#2191,#2192,#1092,.T.);
#3206=EDGE_CURVE('',#2192,#2194,#1097,.T.);
#3208=EDGE_CURVE('',#2194,#2196,#1102,.T.);
#3210=EDGE_CURVE('',#2196,#2198,#1106,.T.);
#3212=EDGE_CURVE('',#2198,#2200,#1111,.T.);
#3214=EDGE_CURVE('',#2200,#2201,#1116,.T.);
#3216=EDGE_CURVE('',#2201,#2203,#1121,.T.);
#3218=EDGE_CURVE('',#2203,#2205,#1126,.T.);
#3220=EDGE_CURVE('',#2205,#2207,#1130,.T.);
#3222=EDGE_CURVE('',#2207,#2209,#1135,.T.);
#3224=EDGE_CURVE('',#2209,#2210,#1140,.T.);
#3226=EDGE_CURVE('',#2210,#2212,#1145,.T.);
#3228=EDGE_CURVE('',#2212,#2214,#1150,.T.);
#3230=EDGE_CURVE('',#2214,#2216,#1154,.T.);
#3232=EDGE_CURVE('',#2216,#2218,#1159,.T.);
#3234=EDGE_CURVE('',#2218,#2219,#1164,.T.);
#3236=EDGE_CURVE('',#2219,#2221,#1169,.T.);
#3238=EDGE_CURVE('',#2221,#2223,#1174,.T.);
#3240=EDGE_CURVE('',#2223,#2225,#1178,.T.);
#3242=EDGE_CURVE('',#2225,#2227,#1183,.T.);
#3244=EDGE_CURVE('',#2227,#2228,#1188,.T.);
#3246=EDGE_CURVE('',#2228,#2230,#1193,.T.);
#3248=EDGE_CURVE('',#2230,#2232,#1198,.T.);
#3250=EDGE_CURVE('',#2232,#2234,#1202,.T.);
#3252=EDGE_CURVE('',#2234,#2236,#1207,.T.);
#3254=EDGE_CURVE('',#2236,#2237,#1212,.T.);
#3256=EDGE_CURVE('',#2237,#2239,#1217,.T.);
#3258=EDGE_CURVE('',#2239,#2241,#1222,.T.);
#3260=EDGE_CURVE('',#2241,#2243,#1226,.T.);
#3262=EDGE_CURVE('',#2243,#2245,#1231,.T.);
#3264=EDGE_CURVE('',#2245,#2246,#1236,.T.);
#3266=EDGE_CURVE('',#2246,#2248,#1241,.T.);
#3268=EDGE_CURVE('',#2248,#2250,#1246,.T.);
#3270=EDGE_CURVE('',#2250,#2252,#1250,.T.);
#3272=EDGE_CURVE('',#2252,#2254,#1255,.T.);
#3274=EDGE_CURVE('',#2254,#2255,#1260,.T.);
#3276=EDGE_CURVE('',#2255,#2257,#1265,.T.);
#3278=EDGE_CURVE('',#2257,#2259,#1270,.T.);
#3280=EDGE_CURVE('',#2259,#2261,#1274,.T.);
#3282=EDGE_CURVE('',#2261,#2263,#1279,.T.);
#3284=EDGE_CURVE('',#2263,#2264,#1284,.T.);
#3286=EDGE_CURVE('',#2264,#2266,#1289,.T.);
#3288=EDGE_CURVE('',#2266,#2268,#1294,.T.);
#3290=EDGE_CURVE('',#2268,#2270,#1298,.T.);
#3292=EDGE_CURVE('',#2270,#2272,#1303,.T.);
#3294=EDGE_CURVE('',#2272,#2273,#1308,.T.);
#3296=EDGE_CURVE('',#2273,#2275,#1313,.T.);
#3298=EDGE_CURVE('',#2275,#2277,#1318,.T.);
#3300=EDGE_CURVE('',#2277,#2279,#1322,.T.);
#3302=EDGE_CURVE('',#2279,#2281,#1327,.T.);
#3304=EDGE_CURVE('',#2281,#2282,#1332,.T.);
#3306=EDGE_CURVE('',#2282,#2284,#1337,.T.);
#3308=EDGE_CURVE('',#2284,#2286,#1342,.T.);
#3310=EDGE_CURVE('',#2286,#2288,#1346,.T.);
#3312=EDGE_CURVE('',#2288,#2290,#1351,.T.);
#3314=EDGE_CURVE('',#2290,#2113,#1355,.T.);
#3322=EDGE_CURVE('',#2293,#2294,#1380,.T.);
#3324=EDGE_CURVE('',#2294,#2293,#1385,.T.);
#3328=ADVANCED_FACE('',(#3321,#3327),#3126,.T.);
#3336=EDGE_CURVE('',#2126,#2097,#1389,.T.);
#3341=ADVANCED_FACE('',(#3340),#3333,.F.);
#3349=EDGE_CURVE('',#2095,#2128,#1393,.T.);
#3354=ADVANCED_FACE('',(#3353),#3346,.F.);
#3360=EDGE_CURVE('',#2129,#2094,#1397,.T.);
#3367=ADVANCED_FACE('',(#3366),#3359,.F.);
#3378=EDGE_CURVE('',#2090,#2133,#1401,.T.);
#3382=ADVANCED_FACE('',(#3381),#3372,.T.);
#3390=EDGE_CURVE('',#2135,#2088,#1405,.T.);
#3395=ADVANCED_FACE('',(#3394),#3387,.F.);
#3403=EDGE_CURVE('',#2086,#2137,#1409,.T.);
#3408=ADVANCED_FACE('',(#3407),#3400,.F.);
#3414=EDGE_CURVE('',#2138,#2085,#1413,.T.);
#3421=ADVANCED_FACE('',(#3420),#3413,.F.);
#3432=EDGE_CURVE('',#2081,#2142,#1417,.T.);
#3436=ADVANCED_FACE('',(#3435),#3426,.T.);
#3444=EDGE_CURVE('',#2144,#2079,#1421,.T.);
#3449=ADVANCED_FACE('',(#3448),#3441,.F.);
#3457=EDGE_CURVE('',#2077,#2146,#1425,.T.);
#3462=ADVANCED_FACE('',(#3461),#3454,.F.);
#3468=EDGE_CURVE('',#2147,#2076,#1429,.T.);
#3475=ADVANCED_FACE('',(#3474),#3467,.F.);
#3486=EDGE_CURVE('',#2072,#2151,#1433,.T.);
#3490=ADVANCED_FACE('',(#3489),#3480,.T.);
#3498=EDGE_CURVE('',#2153,#2070,#1437,.T.);
#3503=ADVANCED_FACE('',(#3502),#3495,.F.);
#3511=EDGE_CURVE('',#2068,#2155,#1441,.T.);
#3516=ADVANCED_FACE('',(#3515),#3508,.F.);
#3522=EDGE_CURVE('',#2156,#2067,#1445,.T.);
#3529=ADVANCED_FACE('',(#3528),#3521,.F.);
#3540=EDGE_CURVE('',#2063,#2160,#1449,.T.);
#3544=ADVANCED_FACE('',(#3543),#3534,.T.);
#3552=EDGE_CURVE('',#2162,#2061,#1453,.T.);
#3557=ADVANCED_FACE('',(#3556),#3549,.F.);
#3565=EDGE_CURVE('',#2059,#2164,#1457,.T.);
#3570=ADVANCED_FACE('',(#3569),#3562,.F.);
#3576=EDGE_CURVE('',#2165,#2058,#1461,.T.);
#3583=ADVANCED_FACE('',(#3582),#3575,.F.);
#3594=EDGE_CURVE('',#2054,#2169,#1465,.T.);
#3598=ADVANCED_FACE('',(#3597),#3588,.T.);
#3606=EDGE_CURVE('',#2171,#2052,#1469,.T.);
#3611=ADVANCED_FACE('',(#3610),#3603,.F.);
#3619=EDGE_CURVE('',#2050,#2173,#1473,.T.);
#3624=ADVANCED_FACE('',(#3623),#3616,.F.);
#3630=EDGE_CURVE('',#2174,#2049,#1477,.T.);
#3637=ADVANCED_FACE('',(#3636),#3629,.F.);
#3648=EDGE_CURVE('',#2045,#2178,#1481,.T.);
#3652=ADVANCED_FACE('',(#3651),#3642,.T.);
#3660=EDGE_CURVE('',#2180,#2043,#1485,.T.);
#3665=ADVANCED_FACE('',(#3664),#3657,.F.);
#3673=EDGE_CURVE('',#2041,#2182,#1489,.T.);
#3678=ADVANCED_FACE('',(#3677),#3670,.F.);
#3684=EDGE_CURVE('',#2183,#2040,#1493,.T.);
#3691=ADVANCED_FACE('',(#3690),#3683,.F.);
#3702=EDGE_CURVE('',#2036,#2187,#1497,.T.);
#3706=ADVANCED_FACE('',(#3705),#3696,.T.);
#3714=EDGE_CURVE('',#2189,#2034,#1501,.T.);
#3719=ADVANCED_FACE('',(#3718),#3711,.F.);
#3727=EDGE_CURVE('',#2032,#2191,#1505,.T.);
#3732=ADVANCED_FACE('',(#3731),#3724,.F.);
#3738=EDGE_CURVE('',#2192,#2031,#1509,.T.);
#3745=ADVANCED_FACE('',(#3744),#3737,.F.);
#3756=EDGE_CURVE('',#2027,#2196,#1513,.T.);
#3760=ADVANCED_FACE('',(#3759),#3750,.T.);
#3768=EDGE_CURVE('',#2198,#2025,#1517,.T.);
#3773=ADVANCED_FACE('',(#3772),#3765,.F.);
#3781=EDGE_CURVE('',#2023,#2200,#1521,.T.);
#3786=ADVANCED_FACE('',(#3785),#3778,.F.);
#3792=EDGE_CURVE('',#2201,#2022,#1525,.T.);
#3799=ADVANCED_FACE('',(#3798),#3791,.F.);
#3810=EDGE_CURVE('',#2018,#2205,#1529,.T.);
#3814=ADVANCED_FACE('',(#3813),#3804,.T.);
#3822=EDGE_CURVE('',#2207,#2016,#1533,.T.);
#3827=ADVANCED_FACE('',(#3826),#3819,.F.);
#3835=EDGE_CURVE('',#2014,#2209,#1537,.T.);
#3840=ADVANCED_FACE('',(#3839),#3832,.F.);
#3846=EDGE_CURVE('',#2210,#2013,#1541,.T.);
#3853=ADVANCED_FACE('',(#3852),#3845,.F.);
#3864=EDGE_CURVE('',#2009,#2214,#1545,.T.);
#3868=ADVANCED_FACE('',(#3867),#3858,.T.);
#3876=EDGE_CURVE('',#2216,#2007,#1549,.T.);
#3881=ADVANCED_FACE('',(#3880),#3873,.F.);
#3889=EDGE_CURVE('',#2005,#2218,#1553,.T.);
#3894=ADVANCED_FACE('',(#3893),#3886,.F.);
#3900=EDGE_CURVE('',#2219,#2004,#1557,.T.);
#3907=ADVANCED_FACE('',(#3906),#3899,.F.);
#3918=EDGE_CURVE('',#2000,#2223,#1561,.T.);
#3922=ADVANCED_FACE('',(#3921),#3912,.T.);
#3930=EDGE_CURVE('',#2225,#1998,#1565,.T.);
#3935=ADVANCED_FACE('',(#3934),#3927,.F.);
#3943=EDGE_CURVE('',#1996,#2227,#1569,.T.);
#3948=ADVANCED_FACE('',(#3947),#3940,.F.);
#3954=EDGE_CURVE('',#2228,#1995,#1573,.T.);
#3961=ADVANCED_FACE('',(#3960),#3953,.F.);
#3972=EDGE_CURVE('',#1991,#2232,#1577,.T.);
#3976=ADVANCED_FACE('',(#3975),#3966,.T.);
#3984=EDGE_CURVE('',#2234,#1989,#1581,.T.);
#3989=ADVANCED_FACE('',(#3988),#3981,.F.);
#3997=EDGE_CURVE('',#1987,#2236,#1585,.T.);
#4002=ADVANCED_FACE('',(#4001),#3994,.F.);
#4008=EDGE_CURVE('',#2237,#1986,#1589,.T.);
#4015=ADVANCED_FACE('',(#4014),#4007,.F.);
#4026=EDGE_CURVE('',#1982,#2241,#1593,.T.);
#4030=ADVANCED_FACE('',(#4029),#4020,.T.);
#4038=EDGE_CURVE('',#2243,#1980,#1597,.T.);
#4043=ADVANCED_FACE('',(#4042),#4035,.F.);
#4051=EDGE_CURVE('',#1978,#2245,#1601,.T.);
#4056=ADVANCED_FACE('',(#4055),#4048,.F.);
#4062=EDGE_CURVE('',#2246,#1977,#1605,.T.);
#4069=ADVANCED_FACE('',(#4068),#4061,.F.);
#4080=EDGE_CURVE('',#1973,#2250,#1609,.T.);
#4084=ADVANCED_FACE('',(#4083),#4074,.T.);
#4092=EDGE_CURVE('',#2252,#1971,#1613,.T.);
#4097=ADVANCED_FACE('',(#4096),#4089,.F.);
#4105=EDGE_CURVE('',#1969,#2254,#1617,.T.);
#4110=ADVANCED_FACE('',(#4109),#4102,.F.);
#4116=EDGE_CURVE('',#2255,#1968,#1621,.T.);
#4123=ADVANCED_FACE('',(#4122),#4115,.F.);
#4134=EDGE_CURVE('',#1964,#2259,#1625,.T.);
#4138=ADVANCED_FACE('',(#4137),#4128,.T.);
#4146=EDGE_CURVE('',#2261,#1962,#1629,.T.);
#4151=ADVANCED_FACE('',(#4150),#4143,.F.);
#4159=EDGE_CURVE('',#1960,#2263,#1633,.T.);
#4164=ADVANCED_FACE('',(#4163),#4156,.F.);
#4170=EDGE_CURVE('',#2264,#1959,#1637,.T.);
#4177=ADVANCED_FACE('',(#4176),#4169,.F.);
#4188=EDGE_CURVE('',#1955,#2268,#1641,.T.);
#4192=ADVANCED_FACE('',(#4191),#4182,.T.);
#4200=EDGE_CURVE('',#2270,#1953,#1645,.T.);
#4205=ADVANCED_FACE('',(#4204),#4197,.F.);
#4213=EDGE_CURVE('',#1951,#2272,#1649,.T.);
#4218=ADVANCED_FACE('',(#4217),#4210,.F.);
#4224=EDGE_CURVE('',#2273,#1950,#1653,.T.);
#4231=ADVANCED_FACE('',(#4230),#4223,.F.);
#4242=EDGE_CURVE('',#1946,#2277,#1657,.T.);
#4246=ADVANCED_FACE('',(#4245),#4236,.T.);
#4254=EDGE_CURVE('',#2279,#1944,#1661,.T.);
#4259=ADVANCED_FACE('',(#4258),#4251,.F.);
#4267=EDGE_CURVE('',#1942,#2281,#1665,.T.);
#4272=ADVANCED_FACE('',(#4271),#4264,.F.);
#4278=EDGE_CURVE('',#2282,#1941,#1669,.T.);
#4285=ADVANCED_FACE('',(#4284),#4277,.F.);
#4296=EDGE_CURVE('',#1937,#2286,#1673,.T.);
#4300=ADVANCED_FACE('',(#4299),#4290,.T.);
#4308=EDGE_CURVE('',#2288,#1935,#1681,.T.);
#4313=ADVANCED_FACE('',(#4312),#4305,.F.);
#4320=EDGE_CURVE('',#1933,#2290,#1677,.T.);
#4326=ADVANCED_FACE('',(#4325),#4318,.F.);
#4338=ADVANCED_FACE('',(#4337),#4331,.F.);
#4345=EDGE_CURVE('',#2293,#2296,#1685,.T.);
#4347=EDGE_CURVE('',#2298,#2296,#1704,.T.);
#4349=EDGE_CURVE('',#2294,#2298,#1689,.T.);
#4353=ADVANCED_FACE('',(#4352),#4343,.F.);
#4361=EDGE_CURVE('',#2296,#2298,#1709,.T.);
#4366=ADVANCED_FACE('',(#4365),#4358,.F.);
#4372=EDGE_CURVE('',#2301,#2302,#1694,.T.);
#4374=EDGE_CURVE('',#2302,#2301,#1699,.T.);
#4382=ADVANCED_FACE('',(#4377,#4381),#4371,.T.);
#4388=EDGE_CURVE('',#2305,#2306,#1727,.T.);
#4390=EDGE_CURVE('',#2308,#2305,#1722,.T.);
#4392=EDGE_CURVE('',#2308,#2302,#1713,.T.);
#4395=EDGE_CURVE('',#2301,#2306,#1717,.T.);
#4399=ADVANCED_FACE('',(#4398),#4387,.F.);
#4405=EDGE_CURVE('',#2311,#2312,#1772,.T.);
#4407=EDGE_CURVE('',#2314,#2311,#1767,.T.);
#4409=EDGE_CURVE('',#2308,#2314,#1815,.T.);
#4413=EDGE_CURVE('',#2306,#2312,#1732,.T.);
#4417=ADVANCED_FACE('',(#4416),#4404,.T.);
#4423=EDGE_CURVE('',#2320,#2317,#1737,.T.);
#4425=EDGE_CURVE('',#2317,#2318,#1742,.T.);
#4427=EDGE_CURVE('',#2318,#2322,#1747,.T.);
#4429=EDGE_CURVE('',#2322,#2320,#1752,.T.);
#4433=EDGE_CURVE('',#2312,#2324,#1757,.T.);
#4435=EDGE_CURVE('',#2324,#2314,#1762,.T.);
#4441=ADVANCED_FACE('',(#4432,#4440),#4422,.T.);
#4449=EDGE_CURVE('',#2328,#2320,#1792,.T.);
#4451=EDGE_CURVE('',#2328,#2330,#1777,.T.);
#4453=EDGE_CURVE('',#2330,#2318,#1782,.T.);
#4457=ADVANCED_FACE('',(#4456),#4446,.T.);
#4466=EDGE_CURVE('',#2330,#2328,#1787,.T.);
#4471=ADVANCED_FACE('',(#4470),#4462,.T.);
#4478=EDGE_CURVE('',#2330,#1866,#1796,.T.);
#4481=EDGE_CURVE('',#2328,#1867,#1800,.T.);
#4485=ADVANCED_FACE('',(#4484),#4476,.T.);
#4497=ADVANCED_FACE('',(#4496),#4490,.T.);
#4506=EDGE_CURVE('',#2306,#2326,#1805,.T.);
#4508=EDGE_CURVE('',#2326,#2308,#1810,.T.);
#4513=ADVANCED_FACE('',(#4512),#4502,.T.);
#4526=ADVANCED_FACE('',(#4525),#4518,.F.);
#4536=(GEOMETRIC_REPRESENTATION_CONTEXT(3)GLOBAL_UNCERTAINTY_ASSIGNED_CONTEXT((
#4535))GLOBAL_UNIT_ASSIGNED_CONTEXT((#4529,#4533,#4534))REPRESENTATION_CONTEXT(
'ID1','3'));
#4537=ADVANCED_BREP_SHAPE_REPRESENTATION('',(#4528),#4536);
#4544=PRODUCT_DEFINITION('part definition','',#4543,#4540);
#4545=PRODUCT_DEFINITION_SHAPE('','SHAPE FOR SJ-BB00-0026-ONEARM-0716_16.',
#4544);
#4546=SHAPE_DEFINITION_REPRESENTATION(#4545,#4537);
ENDSEC;
END-ISO-10303-21;
