ISO-10303-21;
HEADER;
FILE_DESCRIPTION((''),'2;1');
FILE_NAME('SJ-BB00-0025-TENARM-0716_27','2020-07-16T',('WUSALT01'),(''),
'PRO/ENGINEER BY PARAMETRIC TECHNOLOGY CORPORATION, 2008380',
'PRO/ENGINEER BY PARAMETRIC TECHNOLOGY CORPORATION, 2008380','');
FILE_SCHEMA(('AUTOMOTIVE_DESIGN_CC2 { 1 2 10303 214 -1 1 5 2 }'));
ENDSEC;
DATA;
#14=DIRECTION('',(0.E0,1.E0,0.E0));
#15=VECTOR('',#14,2.55E0);
#16=CARTESIAN_POINT('',(1.955919290347E0,9.5E-1,-8.290375725547E-2));
#17=LINE('',#16,#15);
#18=DIRECTION('',(0.E0,-1.E0,0.E0));
#19=VECTOR('',#18,2.55E0);
#20=CARTESIAN_POINT('',(1.955919290347E0,3.5E0,8.290375725585E-2));
#21=LINE('',#20,#19);
#22=DIRECTION('',(0.E0,1.E0,0.E0));
#23=VECTOR('',#22,2.55E0);
#24=CARTESIAN_POINT('',(1.748341347909E0,9.5E-1,-3.507251032903E-1));
#25=LINE('',#24,#23);
#26=DIRECTION('',(0.E0,-1.E0,0.E0));
#27=VECTOR('',#26,2.55E0);
#28=CARTESIAN_POINT('',(1.771139195721E0,3.5E0,-2.075395048235E-1));
#29=LINE('',#28,#27);
#30=CARTESIAN_POINT('',(-6.832584589061E-1,9.5E-1,1.834571116543E0));
#31=CARTESIAN_POINT('',(-7.036930290758E-1,9.5E-1,1.763307301380E0));
#32=CARTESIAN_POINT('',(-7.234721211884E-1,9.5E-1,1.691852720912E0));
#33=CARTESIAN_POINT('',(-7.439066913581E-1,9.5E-1,1.620588905749E0));
#35=CARTESIAN_POINT('',(-8.389444982626E-1,9.5E-1,1.648839631024E0));
#36=DIRECTION('',(0.E0,1.E0,0.E0));
#37=DIRECTION('',(9.585514619588E-1,0.E0,-2.849194531383E-1));
#38=AXIS2_PLACEMENT_3D('',#35,#36,#37);
#40=CARTESIAN_POINT('',(-8.389444982626E-1,9.5E-1,1.648839631024E0));
#41=DIRECTION('',(0.E0,1.E0,0.E0));
#42=DIRECTION('',(4.534837021456E-1,0.E0,-8.912645689627E-1));
#43=AXIS2_PLACEMENT_3D('',#40,#41,#42);
#45=DIRECTION('',(-9.396926207862E-1,0.E0,3.420201433248E-1));
#46=VECTOR('',#45,2.228850666642E-1);
#47=CARTESIAN_POINT('',(-8.731465125944E-1,9.5E-1,1.554870368945E0));
#48=LINE('',#47,#46);
#49=CARTESIAN_POINT('',(-1.116791979356E0,9.5E-1,1.537132289312E0));
#50=DIRECTION('',(0.E0,-1.E0,0.E0));
#51=DIRECTION('',(3.420201433533E-1,0.E0,9.396926207758E-1));
#52=AXIS2_PLACEMENT_3D('',#49,#50,#51);
#54=CARTESIAN_POINT('',(-1.216731062058E0,9.5E-1,1.533642339643E0));
#55=CARTESIAN_POINT('',(-1.214143763206E0,9.5E-1,1.459551794400E0));
#56=CARTESIAN_POINT('',(-1.210874117955E0,9.5E-1,1.385482374432E0));
#57=CARTESIAN_POINT('',(-1.208286819103E0,9.5E-1,1.311391829189E0));
#59=CARTESIAN_POINT('',(-1.307403098868E0,9.5E-1,1.308891568110E0));
#60=DIRECTION('',(0.E0,1.E0,0.E0));
#61=DIRECTION('',(9.996815671478E-1,0.E0,2.523418920654E-2));
#62=AXIS2_PLACEMENT_3D('',#59,#60,#61);
#64=CARTESIAN_POINT('',(-1.307403098868E0,9.5E-1,1.308891568110E0));
#65=DIRECTION('',(0.E0,1.E0,0.E0));
#66=DIRECTION('',(7.067045282529E-1,0.E0,-7.075088054200E-1));
#67=AXIS2_PLACEMENT_3D('',#64,#65,#66);
#69=DIRECTION('',(-9.993908270191E-1,0.E0,3.489949670361E-2));
#70=VECTOR('',#69,2.228850666641E-1);
#71=CARTESIAN_POINT('',(-1.310893048538E0,9.5E-1,1.208952485409E0));
#72=LINE('',#71,#70);
#73=CARTESIAN_POINT('',(-1.537132289312E0,9.5E-1,1.116791979356E0));
#74=DIRECTION('',(0.E0,-1.E0,0.E0));
#75=DIRECTION('',(3.489949670408E-2,0.E0,9.993908270190E-1));
#76=AXIS2_PLACEMENT_3D('',#73,#74,#75);
#78=CARTESIAN_POINT('',(-1.631101551391E0,9.5E-1,1.082589965023E0));
#79=CARTESIAN_POINT('',(-1.605745646356E0,9.5E-1,1.012925188489E0));
#80=CARTESIAN_POINT('',(-1.579747319401E0,9.5E-1,9.434913599181E-1));
#81=CARTESIAN_POINT('',(-1.554391414366E0,9.5E-1,8.738265833846E-1));
#83=CARTESIAN_POINT('',(-1.647883974943E0,9.5E-1,8.408200789266E-1));
#84=DIRECTION('',(0.E0,1.E0,0.E0));
#85=DIRECTION('',(9.429558753528E-1,0.E0,3.329177332879E-1));
#86=AXIS2_PLACEMENT_3D('',#83,#84,#85);
#88=CARTESIAN_POINT('',(-1.647883974943E0,9.5E-1,8.408200789266E-1));
#89=DIRECTION('',(0.E0,1.E0,0.E0));
#90=DIRECTION('',(8.907481912350E-1,0.E0,-4.544971504989E-1));
#91=AXIS2_PLACEMENT_3D('',#88,#89,#90);
#93=DIRECTION('',(-9.612616959383E-1,0.E0,-2.756373558170E-1));
#94=VECTOR('',#93,2.228850666656E-1);
#95=CARTESIAN_POINT('',(-1.620320239361E0,9.5E-1,7.446939093330E-1));
#96=LINE('',#95,#94);
#97=CARTESIAN_POINT('',(-1.807007380961E0,9.5E-1,5.871322893124E-1));
#98=DIRECTION('',(0.E0,-1.E0,0.E0));
#99=DIRECTION('',(-2.756373558173E-1,0.E0,9.612616959382E-1));
#100=AXIS2_PLACEMENT_3D('',#97,#98,#99);
#102=CARTESIAN_POINT('',(-1.885808456321E0,9.5E-1,5.255661417798E-1));
#103=CARTESIAN_POINT('',(-1.840165957753E0,9.5E-1,4.671464076647E-1));
#104=CARTESIAN_POINT('',(-1.793983846477E0,9.5E-1,4.091448374055E-1));
#105=CARTESIAN_POINT('',(-1.748341347909E0,9.5E-1,3.507251032903E-1));
#107=CARTESIAN_POINT('',(-1.827058486068E0,9.5E-1,2.904432620794E-1));
#108=DIRECTION('',(0.E0,1.E0,0.E0));
#109=DIRECTION('',(7.939270925176E-1,0.E0,6.080129700644E-1));
#110=AXIS2_PLACEMENT_3D('',#107,#108,#109);
#112=CARTESIAN_POINT('',(-1.827058486068E0,9.5E-1,2.904432620794E-1));
#113=DIRECTION('',(0.E0,1.E0,0.E0));
#114=DIRECTION('',(9.875992150513E-1,0.E0,-1.569961478192E-1));
#115=AXIS2_PLACEMENT_3D('',#112,#113,#114);
#117=DIRECTION('',(-8.290375725550E-1,0.E0,-5.591929034708E-1));
#118=VECTOR('',#117,2.228850666639E-1);
#119=CARTESIAN_POINT('',(-1.771139195721E0,9.5E-1,2.075395048235E-1));
#120=LINE('',#119,#118);
#121=CARTESIAN_POINT('',(-1.9E0,9.5E-1,0.E0));
#122=DIRECTION('',(0.E0,-1.E0,0.E0));
#123=DIRECTION('',(-5.591929034721E-1,0.E0,8.290375725541E-1));
#124=AXIS2_PLACEMENT_3D('',#121,#122,#123);
#126=CARTESIAN_POINT('',(-1.955919290347E0,9.5E-1,-8.290375725585E-2));
#127=CARTESIAN_POINT('',(-1.894458004015E0,9.5E-1,-1.243599183425E-1));
#128=CARTESIAN_POINT('',(-1.832612735239E0,9.5E-1,-1.652516324728E-1));
#129=CARTESIAN_POINT('',(-1.771151448908E0,9.5E-1,-2.067077935595E-1));
#131=CARTESIAN_POINT('',(-1.827387782711E0,9.5E-1,-2.883641648973E-1));
#132=DIRECTION('',(0.E0,1.E0,0.E0));
#133=DIRECTION('',(5.671831942464E-1,0.E0,8.235916610581E-1));
#134=AXIS2_PLACEMENT_3D('',#131,#132,#133);
#136=CARTESIAN_POINT('',(-1.827387782711E0,9.5E-1,-2.883641648973E-1));
#137=DIRECTION('',(0.E0,1.E0,0.E0));
#138=DIRECTION('',(9.877771466900E-1,0.E0,1.558727316655E-1));
#139=AXIS2_PLACEMENT_3D('',#136,#137,#138);
#141=DIRECTION('',(-6.156614753263E-1,0.E0,-7.880107536062E-1));
#142=VECTOR('',#141,2.228850666635E-1);
#143=CARTESIAN_POINT('',(-1.748586707351E0,9.5E-1,-3.499303124312E-1));
#144=LINE('',#143,#142);
#145=CARTESIAN_POINT('',(-1.807007380961E0,9.5E-1,-5.871322893124E-1));
#146=DIRECTION('',(0.E0,-1.E0,0.E0));
#147=DIRECTION('',(-7.880107536197E-1,0.E0,6.156614753090E-1));
#148=AXIS2_PLACEMENT_3D('',#145,#146,#147);
#150=CARTESIAN_POINT('',(-1.834571116543E0,9.5E-1,-6.832584589061E-1));
#151=CARTESIAN_POINT('',(-1.763307301380E0,9.5E-1,-7.036930290758E-1));
#152=CARTESIAN_POINT('',(-1.691852720912E0,9.5E-1,-7.234721211884E-1));
#153=CARTESIAN_POINT('',(-1.620588905749E0,9.5E-1,-7.439066913581E-1));
#155=CARTESIAN_POINT('',(-1.648839631024E0,9.5E-1,-8.389444982626E-1));
#156=DIRECTION('',(0.E0,1.E0,0.E0));
#157=DIRECTION('',(2.849194531383E-1,0.E0,9.585514619588E-1));
#158=AXIS2_PLACEMENT_3D('',#155,#156,#157);
#160=CARTESIAN_POINT('',(-1.648839631024E0,9.5E-1,-8.389444982626E-1));
#161=DIRECTION('',(0.E0,1.E0,0.E0));
#162=DIRECTION('',(8.912645689627E-1,0.E0,4.534837021456E-1));
#163=AXIS2_PLACEMENT_3D('',#160,#161,#162);
#165=DIRECTION('',(-3.420201433248E-1,0.E0,-9.396926207862E-1));
#166=VECTOR('',#165,2.228850666642E-1);
#167=CARTESIAN_POINT('',(-1.554870368945E0,9.5E-1,-8.731465125944E-1));
#168=LINE('',#167,#166);
#169=CARTESIAN_POINT('',(-1.537132289312E0,9.5E-1,-1.116791979356E0));
#170=DIRECTION('',(0.E0,-1.E0,0.E0));
#171=DIRECTION('',(-9.396926207758E-1,0.E0,3.420201433533E-1));
#172=AXIS2_PLACEMENT_3D('',#169,#170,#171);
#174=CARTESIAN_POINT('',(-1.533642339643E0,9.5E-1,-1.216731062058E0));
#175=CARTESIAN_POINT('',(-1.459551794400E0,9.5E-1,-1.214143763206E0));
#176=CARTESIAN_POINT('',(-1.385482374432E0,9.5E-1,-1.210874117955E0));
#177=CARTESIAN_POINT('',(-1.311391829189E0,9.5E-1,-1.208286819103E0));
#179=CARTESIAN_POINT('',(-1.308891568110E0,9.5E-1,-1.307403098868E0));
#180=DIRECTION('',(0.E0,1.E0,0.E0));
#181=DIRECTION('',(-2.523418920654E-2,0.E0,9.996815671478E-1));
#182=AXIS2_PLACEMENT_3D('',#179,#180,#181);
#184=CARTESIAN_POINT('',(-1.308891568110E0,9.5E-1,-1.307403098868E0));
#185=DIRECTION('',(0.E0,1.E0,0.E0));
#186=DIRECTION('',(7.075088054200E-1,0.E0,7.067045282529E-1));
#187=AXIS2_PLACEMENT_3D('',#184,#185,#186);
#189=DIRECTION('',(-3.489949670361E-2,0.E0,-9.993908270191E-1));
#190=VECTOR('',#189,2.228850666641E-1);
#191=CARTESIAN_POINT('',(-1.208952485409E0,9.5E-1,-1.310893048538E0));
#192=LINE('',#191,#190);
#193=CARTESIAN_POINT('',(-1.116791979356E0,9.5E-1,-1.537132289312E0));
#194=DIRECTION('',(0.E0,-1.E0,0.E0));
#195=DIRECTION('',(-9.993908270190E-1,0.E0,3.489949670408E-2));
#196=AXIS2_PLACEMENT_3D('',#193,#194,#195);
#198=CARTESIAN_POINT('',(-1.082589965023E0,9.5E-1,-1.631101551391E0));
#199=CARTESIAN_POINT('',(-1.012925188489E0,9.5E-1,-1.605745646356E0));
#200=CARTESIAN_POINT('',(-9.434913599181E-1,9.5E-1,-1.579747319401E0));
#201=CARTESIAN_POINT('',(-8.738265833846E-1,9.5E-1,-1.554391414366E0));
#203=CARTESIAN_POINT('',(-8.408200789266E-1,9.5E-1,-1.647883974943E0));
#204=DIRECTION('',(0.E0,1.E0,0.E0));
#205=DIRECTION('',(-3.329177332879E-1,0.E0,9.429558753528E-1));
#206=AXIS2_PLACEMENT_3D('',#203,#204,#205);
#208=CARTESIAN_POINT('',(-8.408200789266E-1,9.5E-1,-1.647883974943E0));
#209=DIRECTION('',(0.E0,1.E0,0.E0));
#210=DIRECTION('',(4.544971504989E-1,0.E0,8.907481912350E-1));
#211=AXIS2_PLACEMENT_3D('',#208,#209,#210);
#213=DIRECTION('',(2.756373558170E-1,0.E0,-9.612616959383E-1));
#214=VECTOR('',#213,2.228850666656E-1);
#215=CARTESIAN_POINT('',(-7.446939093330E-1,9.5E-1,-1.620320239361E0));
#216=LINE('',#215,#214);
#217=CARTESIAN_POINT('',(-5.871322893124E-1,9.5E-1,-1.807007380961E0));
#218=DIRECTION('',(0.E0,-1.E0,0.E0));
#219=DIRECTION('',(-9.612616959382E-1,0.E0,-2.756373558173E-1));
#220=AXIS2_PLACEMENT_3D('',#217,#218,#219);
#222=CARTESIAN_POINT('',(-5.255661417798E-1,9.5E-1,-1.885808456321E0));
#223=CARTESIAN_POINT('',(-4.671464076647E-1,9.5E-1,-1.840165957753E0));
#224=CARTESIAN_POINT('',(-4.091448374055E-1,9.5E-1,-1.793983846477E0));
#225=CARTESIAN_POINT('',(-3.507251032903E-1,9.5E-1,-1.748341347909E0));
#227=CARTESIAN_POINT('',(-2.904432620794E-1,9.5E-1,-1.827058486068E0));
#228=DIRECTION('',(0.E0,1.E0,0.E0));
#229=DIRECTION('',(-6.080129700644E-1,0.E0,7.939270925176E-1));
#230=AXIS2_PLACEMENT_3D('',#227,#228,#229);
#232=CARTESIAN_POINT('',(-2.904432620794E-1,9.5E-1,-1.827058486068E0));
#233=DIRECTION('',(0.E0,1.E0,0.E0));
#234=DIRECTION('',(1.569961478192E-1,0.E0,9.875992150513E-1));
#235=AXIS2_PLACEMENT_3D('',#232,#233,#234);
#237=DIRECTION('',(5.591929034708E-1,0.E0,-8.290375725550E-1));
#238=VECTOR('',#237,2.228850666639E-1);
#239=CARTESIAN_POINT('',(-2.075395048235E-1,9.5E-1,-1.771139195721E0));
#240=LINE('',#239,#238);
#241=CARTESIAN_POINT('',(0.E0,9.5E-1,-1.9E0));
#242=DIRECTION('',(0.E0,-1.E0,0.E0));
#243=DIRECTION('',(-8.290375725541E-1,0.E0,-5.591929034721E-1));
#244=AXIS2_PLACEMENT_3D('',#241,#242,#243);
#246=CARTESIAN_POINT('',(8.290375725585E-2,9.5E-1,-1.955919290347E0));
#247=CARTESIAN_POINT('',(1.243599183425E-1,9.5E-1,-1.894458004015E0));
#248=CARTESIAN_POINT('',(1.652516324728E-1,9.5E-1,-1.832612735239E0));
#249=CARTESIAN_POINT('',(2.067077935595E-1,9.5E-1,-1.771151448908E0));
#251=CARTESIAN_POINT('',(2.883641648973E-1,9.5E-1,-1.827387782711E0));
#252=DIRECTION('',(0.E0,1.E0,0.E0));
#253=DIRECTION('',(-8.235916610581E-1,0.E0,5.671831942464E-1));
#254=AXIS2_PLACEMENT_3D('',#251,#252,#253);
#256=CARTESIAN_POINT('',(2.883641648973E-1,9.5E-1,-1.827387782711E0));
#257=DIRECTION('',(0.E0,1.E0,0.E0));
#258=DIRECTION('',(-1.558727316655E-1,0.E0,9.877771466900E-1));
#259=AXIS2_PLACEMENT_3D('',#256,#257,#258);
#261=DIRECTION('',(7.880107536062E-1,0.E0,-6.156614753263E-1));
#262=VECTOR('',#261,2.228850666635E-1);
#263=CARTESIAN_POINT('',(3.499303124312E-1,9.5E-1,-1.748586707351E0));
#264=LINE('',#263,#262);
#265=CARTESIAN_POINT('',(5.871322893124E-1,9.5E-1,-1.807007380961E0));
#266=DIRECTION('',(0.E0,-1.E0,0.E0));
#267=DIRECTION('',(-6.156614753090E-1,0.E0,-7.880107536197E-1));
#268=AXIS2_PLACEMENT_3D('',#265,#266,#267);
#270=CARTESIAN_POINT('',(6.832584589061E-1,9.5E-1,-1.834571116543E0));
#271=CARTESIAN_POINT('',(7.036930290758E-1,9.5E-1,-1.763307301380E0));
#272=CARTESIAN_POINT('',(7.234721211884E-1,9.5E-1,-1.691852720912E0));
#273=CARTESIAN_POINT('',(7.439066913581E-1,9.5E-1,-1.620588905749E0));
#275=CARTESIAN_POINT('',(8.389444982626E-1,9.5E-1,-1.648839631024E0));
#276=DIRECTION('',(0.E0,1.E0,0.E0));
#277=DIRECTION('',(-9.585514619588E-1,0.E0,2.849194531383E-1));
#278=AXIS2_PLACEMENT_3D('',#275,#276,#277);
#280=CARTESIAN_POINT('',(8.389444982626E-1,9.5E-1,-1.648839631024E0));
#281=DIRECTION('',(0.E0,1.E0,0.E0));
#282=DIRECTION('',(-4.534837021456E-1,0.E0,8.912645689627E-1));
#283=AXIS2_PLACEMENT_3D('',#280,#281,#282);
#285=DIRECTION('',(9.396926207862E-1,0.E0,-3.420201433248E-1));
#286=VECTOR('',#285,2.228850666642E-1);
#287=CARTESIAN_POINT('',(8.731465125944E-1,9.5E-1,-1.554870368945E0));
#288=LINE('',#287,#286);
#289=CARTESIAN_POINT('',(1.116791979356E0,9.5E-1,-1.537132289312E0));
#290=DIRECTION('',(0.E0,-1.E0,0.E0));
#291=DIRECTION('',(-3.420201433533E-1,0.E0,-9.396926207758E-1));
#292=AXIS2_PLACEMENT_3D('',#289,#290,#291);
#294=CARTESIAN_POINT('',(1.216731062058E0,9.5E-1,-1.533642339643E0));
#295=CARTESIAN_POINT('',(1.214143763206E0,9.5E-1,-1.459551794400E0));
#296=CARTESIAN_POINT('',(1.210874117955E0,9.5E-1,-1.385482374432E0));
#297=CARTESIAN_POINT('',(1.208286819103E0,9.5E-1,-1.311391829189E0));
#299=CARTESIAN_POINT('',(1.307403098868E0,9.5E-1,-1.308891568110E0));
#300=DIRECTION('',(0.E0,1.E0,0.E0));
#301=DIRECTION('',(-9.996815671478E-1,0.E0,-2.523418920654E-2));
#302=AXIS2_PLACEMENT_3D('',#299,#300,#301);
#304=CARTESIAN_POINT('',(1.307403098868E0,9.5E-1,-1.308891568110E0));
#305=DIRECTION('',(0.E0,1.E0,0.E0));
#306=DIRECTION('',(-7.067045282529E-1,0.E0,7.075088054200E-1));
#307=AXIS2_PLACEMENT_3D('',#304,#305,#306);
#309=DIRECTION('',(9.993908270191E-1,0.E0,-3.489949670361E-2));
#310=VECTOR('',#309,2.228850666641E-1);
#311=CARTESIAN_POINT('',(1.310893048538E0,9.5E-1,-1.208952485409E0));
#312=LINE('',#311,#310);
#313=CARTESIAN_POINT('',(1.537132289312E0,9.5E-1,-1.116791979356E0));
#314=DIRECTION('',(0.E0,-1.E0,0.E0));
#315=DIRECTION('',(-3.489949670408E-2,0.E0,-9.993908270190E-1));
#316=AXIS2_PLACEMENT_3D('',#313,#314,#315);
#318=CARTESIAN_POINT('',(1.631101551391E0,9.5E-1,-1.082589965023E0));
#319=CARTESIAN_POINT('',(1.605745646356E0,9.5E-1,-1.012925188489E0));
#320=CARTESIAN_POINT('',(1.579747319401E0,9.5E-1,-9.434913599181E-1));
#321=CARTESIAN_POINT('',(1.554391414366E0,9.5E-1,-8.738265833846E-1));
#323=CARTESIAN_POINT('',(1.647883974943E0,9.5E-1,-8.408200789266E-1));
#324=DIRECTION('',(0.E0,1.E0,0.E0));
#325=DIRECTION('',(-9.429558753528E-1,0.E0,-3.329177332879E-1));
#326=AXIS2_PLACEMENT_3D('',#323,#324,#325);
#328=CARTESIAN_POINT('',(1.647883974943E0,9.5E-1,-8.408200789266E-1));
#329=DIRECTION('',(0.E0,1.E0,0.E0));
#330=DIRECTION('',(-8.907481912350E-1,0.E0,4.544971504989E-1));
#331=AXIS2_PLACEMENT_3D('',#328,#329,#330);
#333=DIRECTION('',(9.612616959383E-1,0.E0,2.756373558170E-1));
#334=VECTOR('',#333,2.228850666656E-1);
#335=CARTESIAN_POINT('',(1.620320239361E0,9.5E-1,-7.446939093330E-1));
#336=LINE('',#335,#334);
#337=CARTESIAN_POINT('',(1.807007380961E0,9.5E-1,-5.871322893124E-1));
#338=DIRECTION('',(0.E0,-1.E0,0.E0));
#339=DIRECTION('',(2.756373558173E-1,0.E0,-9.612616959382E-1));
#340=AXIS2_PLACEMENT_3D('',#337,#338,#339);
#342=CARTESIAN_POINT('',(1.885808456321E0,9.5E-1,-5.255661417798E-1));
#343=CARTESIAN_POINT('',(1.840165957753E0,9.5E-1,-4.671464076647E-1));
#344=CARTESIAN_POINT('',(1.793983846477E0,9.5E-1,-4.091448374055E-1));
#345=CARTESIAN_POINT('',(1.748341347909E0,9.5E-1,-3.507251032903E-1));
#347=CARTESIAN_POINT('',(1.827058486068E0,9.5E-1,-2.904432620794E-1));
#348=DIRECTION('',(0.E0,1.E0,0.E0));
#349=DIRECTION('',(-7.939270925176E-1,0.E0,-6.080129700644E-1));
#350=AXIS2_PLACEMENT_3D('',#347,#348,#349);
#352=CARTESIAN_POINT('',(1.827058486068E0,9.5E-1,-2.904432620794E-1));
#353=DIRECTION('',(0.E0,1.E0,0.E0));
#354=DIRECTION('',(-9.875992150513E-1,0.E0,1.569961478192E-1));
#355=AXIS2_PLACEMENT_3D('',#352,#353,#354);
#357=DIRECTION('',(8.290375725550E-1,0.E0,5.591929034708E-1));
#358=VECTOR('',#357,2.228850666639E-1);
#359=CARTESIAN_POINT('',(1.771139195721E0,9.5E-1,-2.075395048235E-1));
#360=LINE('',#359,#358);
#361=CARTESIAN_POINT('',(1.9E0,9.5E-1,0.E0));
#362=DIRECTION('',(0.E0,-1.E0,0.E0));
#363=DIRECTION('',(5.591929034721E-1,0.E0,-8.290375725541E-1));
#364=AXIS2_PLACEMENT_3D('',#361,#362,#363);
#366=CARTESIAN_POINT('',(1.955919290347E0,9.5E-1,8.290375725585E-2));
#367=CARTESIAN_POINT('',(1.894458004015E0,9.5E-1,1.243599183425E-1));
#368=CARTESIAN_POINT('',(1.832612735239E0,9.5E-1,1.652516324728E-1));
#369=CARTESIAN_POINT('',(1.771151448908E0,9.5E-1,2.067077935595E-1));
#371=CARTESIAN_POINT('',(1.827387782711E0,9.5E-1,2.883641648973E-1));
#372=DIRECTION('',(0.E0,1.E0,0.E0));
#373=DIRECTION('',(-5.671831942464E-1,0.E0,-8.235916610581E-1));
#374=AXIS2_PLACEMENT_3D('',#371,#372,#373);
#376=CARTESIAN_POINT('',(1.827387782711E0,9.5E-1,2.883641648973E-1));
#377=DIRECTION('',(0.E0,1.E0,0.E0));
#378=DIRECTION('',(-9.877771466900E-1,0.E0,-1.558727316655E-1));
#379=AXIS2_PLACEMENT_3D('',#376,#377,#378);
#381=DIRECTION('',(6.156614753263E-1,0.E0,7.880107536062E-1));
#382=VECTOR('',#381,2.228850666635E-1);
#383=CARTESIAN_POINT('',(1.748586707351E0,9.5E-1,3.499303124312E-1));
#384=LINE('',#383,#382);
#385=CARTESIAN_POINT('',(1.807007380961E0,9.5E-1,5.871322893124E-1));
#386=DIRECTION('',(0.E0,-1.E0,0.E0));
#387=DIRECTION('',(7.880107536197E-1,0.E0,-6.156614753090E-1));
#388=AXIS2_PLACEMENT_3D('',#385,#386,#387);
#390=CARTESIAN_POINT('',(1.834571116543E0,9.5E-1,6.832584589061E-1));
#391=CARTESIAN_POINT('',(1.763307301380E0,9.5E-1,7.036930290758E-1));
#392=CARTESIAN_POINT('',(1.691852720912E0,9.5E-1,7.234721211884E-1));
#393=CARTESIAN_POINT('',(1.620588905749E0,9.5E-1,7.439066913581E-1));
#395=CARTESIAN_POINT('',(1.648839631024E0,9.5E-1,8.389444982626E-1));
#396=DIRECTION('',(0.E0,1.E0,0.E0));
#397=DIRECTION('',(-2.849194531383E-1,0.E0,-9.585514619588E-1));
#398=AXIS2_PLACEMENT_3D('',#395,#396,#397);
#400=CARTESIAN_POINT('',(1.648839631024E0,9.5E-1,8.389444982626E-1));
#401=DIRECTION('',(0.E0,1.E0,0.E0));
#402=DIRECTION('',(-8.912645689627E-1,0.E0,-4.534837021456E-1));
#403=AXIS2_PLACEMENT_3D('',#400,#401,#402);
#405=DIRECTION('',(3.420201433248E-1,0.E0,9.396926207862E-1));
#406=VECTOR('',#405,2.228850666642E-1);
#407=CARTESIAN_POINT('',(1.554870368945E0,9.5E-1,8.731465125944E-1));
#408=LINE('',#407,#406);
#409=CARTESIAN_POINT('',(1.537132289312E0,9.5E-1,1.116791979356E0));
#410=DIRECTION('',(0.E0,-1.E0,0.E0));
#411=DIRECTION('',(9.396926207758E-1,0.E0,-3.420201433533E-1));
#412=AXIS2_PLACEMENT_3D('',#409,#410,#411);
#414=CARTESIAN_POINT('',(1.533642339643E0,9.5E-1,1.216731062058E0));
#415=CARTESIAN_POINT('',(1.459551794400E0,9.5E-1,1.214143763206E0));
#416=CARTESIAN_POINT('',(1.385482374432E0,9.5E-1,1.210874117955E0));
#417=CARTESIAN_POINT('',(1.311391829189E0,9.5E-1,1.208286819103E0));
#419=CARTESIAN_POINT('',(1.308891568110E0,9.5E-1,1.307403098868E0));
#420=DIRECTION('',(0.E0,1.E0,0.E0));
#421=DIRECTION('',(2.523418920654E-2,0.E0,-9.996815671478E-1));
#422=AXIS2_PLACEMENT_3D('',#419,#420,#421);
#424=CARTESIAN_POINT('',(1.308891568110E0,9.5E-1,1.307403098868E0));
#425=DIRECTION('',(0.E0,1.E0,0.E0));
#426=DIRECTION('',(-7.075088054200E-1,0.E0,-7.067045282529E-1));
#427=AXIS2_PLACEMENT_3D('',#424,#425,#426);
#429=DIRECTION('',(3.489949670361E-2,0.E0,9.993908270191E-1));
#430=VECTOR('',#429,2.228850666641E-1);
#431=CARTESIAN_POINT('',(1.208952485409E0,9.5E-1,1.310893048538E0));
#432=LINE('',#431,#430);
#433=CARTESIAN_POINT('',(1.116791979356E0,9.5E-1,1.537132289312E0));
#434=DIRECTION('',(0.E0,-1.E0,0.E0));
#435=DIRECTION('',(9.993908270190E-1,0.E0,-3.489949670408E-2));
#436=AXIS2_PLACEMENT_3D('',#433,#434,#435);
#438=CARTESIAN_POINT('',(1.082589965023E0,9.5E-1,1.631101551391E0));
#439=CARTESIAN_POINT('',(1.012925188489E0,9.5E-1,1.605745646356E0));
#440=CARTESIAN_POINT('',(9.434913599181E-1,9.5E-1,1.579747319401E0));
#441=CARTESIAN_POINT('',(8.738265833846E-1,9.5E-1,1.554391414366E0));
#443=CARTESIAN_POINT('',(8.408200789266E-1,9.5E-1,1.647883974943E0));
#444=DIRECTION('',(0.E0,1.E0,0.E0));
#445=DIRECTION('',(3.329177332879E-1,0.E0,-9.429558753528E-1));
#446=AXIS2_PLACEMENT_3D('',#443,#444,#445);
#448=CARTESIAN_POINT('',(8.408200789266E-1,9.5E-1,1.647883974943E0));
#449=DIRECTION('',(0.E0,1.E0,0.E0));
#450=DIRECTION('',(-4.544971504989E-1,0.E0,-8.907481912350E-1));
#451=AXIS2_PLACEMENT_3D('',#448,#449,#450);
#453=DIRECTION('',(-2.756373558170E-1,0.E0,9.612616959383E-1));
#454=VECTOR('',#453,2.228850666656E-1);
#455=CARTESIAN_POINT('',(7.446939093330E-1,9.5E-1,1.620320239361E0));
#456=LINE('',#455,#454);
#457=CARTESIAN_POINT('',(5.871322893124E-1,9.5E-1,1.807007380961E0));
#458=DIRECTION('',(0.E0,-1.E0,0.E0));
#459=DIRECTION('',(9.612616959382E-1,0.E0,2.756373558173E-1));
#460=AXIS2_PLACEMENT_3D('',#457,#458,#459);
#462=CARTESIAN_POINT('',(5.255661417798E-1,9.5E-1,1.885808456321E0));
#463=CARTESIAN_POINT('',(4.671464076647E-1,9.5E-1,1.840165957753E0));
#464=CARTESIAN_POINT('',(4.091448374055E-1,9.5E-1,1.793983846477E0));
#465=CARTESIAN_POINT('',(3.507251032903E-1,9.5E-1,1.748341347909E0));
#467=CARTESIAN_POINT('',(2.904432620794E-1,9.5E-1,1.827058486068E0));
#468=DIRECTION('',(0.E0,1.E0,0.E0));
#469=DIRECTION('',(6.080129700644E-1,0.E0,-7.939270925176E-1));
#470=AXIS2_PLACEMENT_3D('',#467,#468,#469);
#472=CARTESIAN_POINT('',(2.904432620794E-1,9.5E-1,1.827058486068E0));
#473=DIRECTION('',(0.E0,1.E0,0.E0));
#474=DIRECTION('',(-1.569961478192E-1,0.E0,-9.875992150513E-1));
#475=AXIS2_PLACEMENT_3D('',#472,#473,#474);
#477=DIRECTION('',(-5.591929034708E-1,0.E0,8.290375725550E-1));
#478=VECTOR('',#477,2.228850666639E-1);
#479=CARTESIAN_POINT('',(2.075395048235E-1,9.5E-1,1.771139195721E0));
#480=LINE('',#479,#478);
#481=CARTESIAN_POINT('',(0.E0,9.5E-1,1.9E0));
#482=DIRECTION('',(0.E0,-1.E0,0.E0));
#483=DIRECTION('',(8.290375725541E-1,0.E0,5.591929034721E-1));
#484=AXIS2_PLACEMENT_3D('',#481,#482,#483);
#486=DIRECTION('',(-5.591929034708E-1,0.E0,-8.290375725550E-1));
#487=VECTOR('',#486,2.228850666640E-1);
#488=CARTESIAN_POINT('',(-8.290375725574E-2,9.5E-1,1.955919290347E0));
#489=LINE('',#488,#487);
#490=CARTESIAN_POINT('',(-2.904432620794E-1,9.5E-1,1.827058486068E0));
#491=DIRECTION('',(0.E0,1.E0,0.E0));
#492=DIRECTION('',(8.290375725554E-1,0.E0,-5.591929034703E-1));
#493=AXIS2_PLACEMENT_3D('',#490,#491,#492);
#495=CARTESIAN_POINT('',(-2.904432620794E-1,9.5E-1,1.827058486068E0));
#496=DIRECTION('',(0.E0,1.E0,0.E0));
#497=DIRECTION('',(1.569963488542E-1,0.E0,-9.875991830932E-1));
#498=AXIS2_PLACEMENT_3D('',#495,#496,#497);
#500=CARTESIAN_POINT('',(-3.507251032914E-1,9.5E-1,1.748341347909E0));
#501=CARTESIAN_POINT('',(-4.091448374060E-1,9.5E-1,1.793983846477E0));
#502=CARTESIAN_POINT('',(-4.671464076657E-1,9.5E-1,1.840165957753E0));
#503=CARTESIAN_POINT('',(-5.255661417804E-1,9.5E-1,1.885808456322E0));
#505=CARTESIAN_POINT('',(-5.871322893124E-1,9.5E-1,1.807007380961E0));
#506=DIRECTION('',(0.E0,-1.E0,0.E0));
#507=DIRECTION('',(6.156614753092E-1,0.E0,7.880107536196E-1));
#508=AXIS2_PLACEMENT_3D('',#505,#506,#507);
#510=CARTESIAN_POINT('',(0.E0,9.5E-1,0.E0));
#511=DIRECTION('',(0.E0,1.E0,0.E0));
#512=DIRECTION('',(0.E0,0.E0,-1.E0));
#513=AXIS2_PLACEMENT_3D('',#510,#511,#512);
#515=CARTESIAN_POINT('',(0.E0,9.5E-1,0.E0));
#516=DIRECTION('',(0.E0,1.E0,0.E0));
#517=DIRECTION('',(0.E0,0.E0,1.E0));
#518=AXIS2_PLACEMENT_3D('',#515,#516,#517);
#520=DIRECTION('',(0.E0,1.E0,0.E0));
#521=VECTOR('',#520,2.55E0);
#522=CARTESIAN_POINT('',(-7.439066913581E-1,9.5E-1,1.620588905749E0));
#523=LINE('',#522,#521);
#524=DIRECTION('',(0.E0,-1.E0,0.E0));
#525=VECTOR('',#524,2.55E0);
#526=CARTESIAN_POINT('',(-8.731465125944E-1,3.5E0,1.554870368945E0));
#527=LINE('',#526,#525);
#528=CARTESIAN_POINT('',(0.E0,3.5E0,0.E0));
#529=DIRECTION('',(0.E0,-1.E0,0.E0));
#530=DIRECTION('',(1.E0,0.E0,0.E0));
#531=AXIS2_PLACEMENT_3D('',#528,#529,#530);
#533=CARTESIAN_POINT('',(0.E0,3.5E0,0.E0));
#534=DIRECTION('',(0.E0,-1.E0,0.E0));
#535=DIRECTION('',(9.999005990430E-1,0.E0,1.409936287105E-2));
#536=AXIS2_PLACEMENT_3D('',#533,#534,#535);
#538=CARTESIAN_POINT('',(0.E0,3.5E0,0.E0));
#539=DIRECTION('',(0.E0,-1.E0,0.E0));
#540=DIRECTION('',(-1.E0,0.E0,0.E0));
#541=AXIS2_PLACEMENT_3D('',#538,#539,#540);
#543=CARTESIAN_POINT('',(0.E0,3.5E0,0.E0));
#544=DIRECTION('',(0.E0,-1.E0,0.E0));
#545=DIRECTION('',(-9.999005990430E-1,0.E0,-1.409936287105E-2));
#546=AXIS2_PLACEMENT_3D('',#543,#544,#545);
#548=CARTESIAN_POINT('',(-2.904432620794E-1,3.5E0,1.827058486068E0));
#549=DIRECTION('',(0.E0,-1.E0,0.E0));
#550=DIRECTION('',(-6.080129700920E-1,0.E0,-7.939270924965E-1));
#551=AXIS2_PLACEMENT_3D('',#548,#549,#550);
#553=CARTESIAN_POINT('',(-2.904432620794E-1,3.5E0,1.827058486068E0));
#554=DIRECTION('',(0.E0,-1.E0,0.E0));
#555=DIRECTION('',(1.569963524402E-1,0.E0,-9.875991825232E-1));
#556=AXIS2_PLACEMENT_3D('',#553,#554,#555);
#558=DIRECTION('',(5.591929034708E-1,0.E0,8.290375725550E-1));
#559=VECTOR('',#558,2.228850666640E-1);
#560=CARTESIAN_POINT('',(-2.075395048239E-1,3.5E0,1.771139195721E0));
#561=LINE('',#560,#559);
#562=CARTESIAN_POINT('',(0.E0,3.5E0,1.9E0));
#563=DIRECTION('',(0.E0,1.E0,0.E0));
#564=DIRECTION('',(-8.290375725589E-1,0.E0,5.591929034651E-1));
#565=AXIS2_PLACEMENT_3D('',#562,#563,#564);
#567=DIRECTION('',(5.591929034708E-1,0.E0,-8.290375725550E-1));
#568=VECTOR('',#567,2.228850666639E-1);
#569=CARTESIAN_POINT('',(8.290375725547E-2,3.5E0,1.955919290347E0));
#570=LINE('',#569,#568);
#571=CARTESIAN_POINT('',(2.904432620794E-1,3.5E0,1.827058486068E0));
#572=DIRECTION('',(0.E0,-1.E0,0.E0));
#573=DIRECTION('',(-8.290375725627E-1,0.E0,-5.591929034593E-1));
#574=AXIS2_PLACEMENT_3D('',#571,#572,#573);
#576=CARTESIAN_POINT('',(2.904432620794E-1,3.5E0,1.827058486068E0));
#577=DIRECTION('',(0.E0,-1.E0,0.E0));
#578=DIRECTION('',(-1.569961478192E-1,0.E0,-9.875992150513E-1));
#579=AXIS2_PLACEMENT_3D('',#576,#577,#578);
#581=CARTESIAN_POINT('',(3.507251032903E-1,3.5E0,1.748341347909E0));
#582=CARTESIAN_POINT('',(4.091448374055E-1,3.5E0,1.793983846477E0));
#583=CARTESIAN_POINT('',(4.671464076647E-1,3.5E0,1.840165957753E0));
#584=CARTESIAN_POINT('',(5.255661417798E-1,3.5E0,1.885808456321E0));
#586=CARTESIAN_POINT('',(5.871322893124E-1,3.5E0,1.807007380961E0));
#587=DIRECTION('',(0.E0,1.E0,0.E0));
#588=DIRECTION('',(-6.156614753222E-1,0.E0,7.880107536095E-1));
#589=AXIS2_PLACEMENT_3D('',#586,#587,#588);
#591=DIRECTION('',(2.756373558170E-1,0.E0,-9.612616959383E-1));
#592=VECTOR('',#591,2.228850666656E-1);
#593=CARTESIAN_POINT('',(6.832584589062E-1,3.5E0,1.834571116543E0));
#594=LINE('',#593,#592);
#595=CARTESIAN_POINT('',(8.408200789266E-1,3.5E0,1.647883974943E0));
#596=DIRECTION('',(0.E0,-1.E0,0.E0));
#597=DIRECTION('',(-9.612616959334E-1,0.E0,-2.756373558342E-1));
#598=AXIS2_PLACEMENT_3D('',#595,#596,#597);
#600=CARTESIAN_POINT('',(8.408200789266E-1,3.5E0,1.647883974943E0));
#601=DIRECTION('',(0.E0,-1.E0,0.E0));
#602=DIRECTION('',(-4.544971504989E-1,0.E0,-8.907481912350E-1));
#603=AXIS2_PLACEMENT_3D('',#600,#601,#602);
#605=CARTESIAN_POINT('',(8.738265833846E-1,3.5E0,1.554391414366E0));
#606=CARTESIAN_POINT('',(9.434913599181E-1,3.5E0,1.579747319401E0));
#607=CARTESIAN_POINT('',(1.012925188489E0,3.5E0,1.605745646356E0));
#608=CARTESIAN_POINT('',(1.082589965023E0,3.5E0,1.631101551391E0));
#610=CARTESIAN_POINT('',(1.116791979356E0,3.5E0,1.537132289312E0));
#611=DIRECTION('',(0.E0,1.E0,0.E0));
#612=DIRECTION('',(-3.420201433346E-1,0.E0,9.396926207827E-1));
#613=AXIS2_PLACEMENT_3D('',#610,#611,#612);
#615=DIRECTION('',(-3.489949670361E-2,0.E0,-9.993908270191E-1));
#616=VECTOR('',#615,2.228850666641E-1);
#617=CARTESIAN_POINT('',(1.216731062058E0,3.5E0,1.533642339642E0));
#618=LINE('',#617,#616);
#619=CARTESIAN_POINT('',(1.308891568110E0,3.5E0,1.307403098868E0));
#620=DIRECTION('',(0.E0,-1.E0,0.E0));
#621=DIRECTION('',(-9.993908270189E-1,0.E0,3.489949670706E-2));
#622=AXIS2_PLACEMENT_3D('',#619,#620,#621);
#624=CARTESIAN_POINT('',(1.308891568110E0,3.5E0,1.307403098868E0));
#625=DIRECTION('',(0.E0,-1.E0,0.E0));
#626=DIRECTION('',(-7.075088054200E-1,0.E0,-7.067045282529E-1));
#627=AXIS2_PLACEMENT_3D('',#624,#625,#626);
#629=CARTESIAN_POINT('',(1.311391829189E0,3.5E0,1.208286819103E0));
#630=CARTESIAN_POINT('',(1.385482374432E0,3.5E0,1.210874117955E0));
#631=CARTESIAN_POINT('',(1.459551794400E0,3.5E0,1.214143763206E0));
#632=CARTESIAN_POINT('',(1.533642339643E0,3.5E0,1.216731062058E0));
#634=CARTESIAN_POINT('',(1.537132289312E0,3.5E0,1.116791979356E0));
#635=DIRECTION('',(0.E0,1.E0,0.E0));
#636=DIRECTION('',(-3.489949667045E-2,0.E0,9.993908270202E-1));
#637=AXIS2_PLACEMENT_3D('',#634,#635,#636);
#639=DIRECTION('',(-3.420201433248E-1,0.E0,-9.396926207862E-1));
#640=VECTOR('',#639,2.228850666642E-1);
#641=CARTESIAN_POINT('',(1.631101551391E0,3.5E0,1.082589965022E0));
#642=LINE('',#641,#640);
#643=CARTESIAN_POINT('',(1.648839631024E0,3.5E0,8.389444982626E-1));
#644=DIRECTION('',(0.E0,-1.E0,0.E0));
#645=DIRECTION('',(-9.396926207939E-1,0.E0,3.420201433038E-1));
#646=AXIS2_PLACEMENT_3D('',#643,#644,#645);
#648=CARTESIAN_POINT('',(1.648839631024E0,3.5E0,8.389444982626E-1));
#649=DIRECTION('',(0.E0,-1.E0,0.E0));
#650=DIRECTION('',(-8.912645689627E-1,0.E0,-4.534837021456E-1));
#651=AXIS2_PLACEMENT_3D('',#648,#649,#650);
#653=CARTESIAN_POINT('',(1.620588905749E0,3.5E0,7.439066913581E-1));
#654=CARTESIAN_POINT('',(1.691852720912E0,3.5E0,7.234721211884E-1));
#655=CARTESIAN_POINT('',(1.763307301380E0,3.5E0,7.036930290758E-1));
#656=CARTESIAN_POINT('',(1.834571116543E0,3.5E0,6.832584589061E-1));
#658=CARTESIAN_POINT('',(1.807007380961E0,3.5E0,5.871322893124E-1));
#659=DIRECTION('',(0.E0,1.E0,0.E0));
#660=DIRECTION('',(2.756373558210E-1,0.E0,9.612616959372E-1));
#661=AXIS2_PLACEMENT_3D('',#658,#659,#660);
#663=DIRECTION('',(-6.156614753263E-1,0.E0,-7.880107536062E-1));
#664=VECTOR('',#663,2.228850666635E-1);
#665=CARTESIAN_POINT('',(1.885808456322E0,3.5E0,5.255661417804E-1));
#666=LINE('',#665,#664);
#667=CARTESIAN_POINT('',(1.827387782711E0,3.5E0,2.883641648973E-1));
#668=DIRECTION('',(0.E0,-1.E0,0.E0));
#669=DIRECTION('',(-7.880107535800E-1,0.E0,6.156614753598E-1));
#670=AXIS2_PLACEMENT_3D('',#667,#668,#669);
#672=CARTESIAN_POINT('',(1.827387782711E0,3.5E0,2.883641648973E-1));
#673=DIRECTION('',(0.E0,-1.E0,0.E0));
#674=DIRECTION('',(-9.877771466900E-1,0.E0,-1.558727316655E-1));
#675=AXIS2_PLACEMENT_3D('',#672,#673,#674);
#677=CARTESIAN_POINT('',(1.771151448908E0,3.5E0,2.067077935595E-1));
#678=CARTESIAN_POINT('',(1.832612735239E0,3.5E0,1.652516324728E-1));
#679=CARTESIAN_POINT('',(1.894458004015E0,3.5E0,1.243599183425E-1));
#680=CARTESIAN_POINT('',(1.955919290347E0,3.5E0,8.290375725585E-2));
#682=CARTESIAN_POINT('',(1.9E0,3.5E0,0.E0));
#683=DIRECTION('',(0.E0,1.E0,0.E0));
#684=DIRECTION('',(5.591929034613E-1,0.E0,8.290375725614E-1));
#685=AXIS2_PLACEMENT_3D('',#682,#683,#684);
#687=DIRECTION('',(-8.290375725550E-1,0.E0,-5.591929034708E-1));
#688=VECTOR('',#687,2.228850666639E-1);
#689=CARTESIAN_POINT('',(1.955919290347E0,3.5E0,-8.290375725547E-2));
#690=LINE('',#689,#688);
#691=CARTESIAN_POINT('',(1.827058486068E0,3.5E0,-2.904432620794E-1));
#692=DIRECTION('',(0.E0,-1.E0,0.E0));
#693=DIRECTION('',(-5.591929034593E-1,0.E0,8.290375725627E-1));
#694=AXIS2_PLACEMENT_3D('',#691,#692,#693);
#696=CARTESIAN_POINT('',(1.827058486068E0,3.5E0,-2.904432620794E-1));
#697=DIRECTION('',(0.E0,-1.E0,0.E0));
#698=DIRECTION('',(-9.875992150513E-1,0.E0,1.569961478192E-1));
#699=AXIS2_PLACEMENT_3D('',#696,#697,#698);
#701=CARTESIAN_POINT('',(1.748341347909E0,3.5E0,-3.507251032903E-1));
#702=CARTESIAN_POINT('',(1.793983846477E0,3.5E0,-4.091448374055E-1));
#703=CARTESIAN_POINT('',(1.840165957753E0,3.5E0,-4.671464076647E-1));
#704=CARTESIAN_POINT('',(1.885808456321E0,3.5E0,-5.255661417798E-1));
#706=CARTESIAN_POINT('',(1.807007380961E0,3.5E0,-5.871322893124E-1));
#707=DIRECTION('',(0.E0,1.E0,0.E0));
#708=DIRECTION('',(7.880107536095E-1,0.E0,6.156614753222E-1));
#709=AXIS2_PLACEMENT_3D('',#706,#707,#708);
#711=DIRECTION('',(-9.612616959383E-1,0.E0,-2.756373558170E-1));
#712=VECTOR('',#711,2.228850666656E-1);
#713=CARTESIAN_POINT('',(1.834571116543E0,3.5E0,-6.832584589062E-1));
#714=LINE('',#713,#712);
#715=CARTESIAN_POINT('',(1.647883974943E0,3.5E0,-8.408200789266E-1));
#716=DIRECTION('',(0.E0,-1.E0,0.E0));
#717=DIRECTION('',(-2.756373558342E-1,0.E0,9.612616959334E-1));
#718=AXIS2_PLACEMENT_3D('',#715,#716,#717);
#720=CARTESIAN_POINT('',(1.647883974943E0,3.5E0,-8.408200789266E-1));
#721=DIRECTION('',(0.E0,-1.E0,0.E0));
#722=DIRECTION('',(-8.907481912350E-1,0.E0,4.544971504989E-1));
#723=AXIS2_PLACEMENT_3D('',#720,#721,#722);
#725=CARTESIAN_POINT('',(1.554391414366E0,3.5E0,-8.738265833846E-1));
#726=CARTESIAN_POINT('',(1.579747319401E0,3.5E0,-9.434913599181E-1));
#727=CARTESIAN_POINT('',(1.605745646356E0,3.5E0,-1.012925188489E0));
#728=CARTESIAN_POINT('',(1.631101551391E0,3.5E0,-1.082589965023E0));
#730=CARTESIAN_POINT('',(1.537132289312E0,3.5E0,-1.116791979356E0));
#731=DIRECTION('',(0.E0,1.E0,0.E0));
#732=DIRECTION('',(9.396926207827E-1,0.E0,3.420201433346E-1));
#733=AXIS2_PLACEMENT_3D('',#730,#731,#732);
#735=DIRECTION('',(-9.993908270191E-1,0.E0,3.489949670361E-2));
#736=VECTOR('',#735,2.228850666641E-1);
#737=CARTESIAN_POINT('',(1.533642339642E0,3.5E0,-1.216731062058E0));
#738=LINE('',#737,#736);
#739=CARTESIAN_POINT('',(1.307403098868E0,3.5E0,-1.308891568110E0));
#740=DIRECTION('',(0.E0,-1.E0,0.E0));
#741=DIRECTION('',(3.489949670706E-2,0.E0,9.993908270189E-1));
#742=AXIS2_PLACEMENT_3D('',#739,#740,#741);
#744=CARTESIAN_POINT('',(1.307403098868E0,3.5E0,-1.308891568110E0));
#745=DIRECTION('',(0.E0,-1.E0,0.E0));
#746=DIRECTION('',(-7.067045282529E-1,0.E0,7.075088054200E-1));
#747=AXIS2_PLACEMENT_3D('',#744,#745,#746);
#749=CARTESIAN_POINT('',(1.208286819103E0,3.5E0,-1.311391829189E0));
#750=CARTESIAN_POINT('',(1.210874117955E0,3.5E0,-1.385482374432E0));
#751=CARTESIAN_POINT('',(1.214143763206E0,3.5E0,-1.459551794400E0));
#752=CARTESIAN_POINT('',(1.216731062058E0,3.5E0,-1.533642339643E0));
#754=CARTESIAN_POINT('',(1.116791979356E0,3.5E0,-1.537132289312E0));
#755=DIRECTION('',(0.E0,1.E0,0.E0));
#756=DIRECTION('',(9.993908270202E-1,0.E0,3.489949667057E-2));
#757=AXIS2_PLACEMENT_3D('',#754,#755,#756);
#759=DIRECTION('',(-9.396926207862E-1,0.E0,3.420201433248E-1));
#760=VECTOR('',#759,2.228850666642E-1);
#761=CARTESIAN_POINT('',(1.082589965022E0,3.5E0,-1.631101551391E0));
#762=LINE('',#761,#760);
#763=CARTESIAN_POINT('',(8.389444982626E-1,3.5E0,-1.648839631024E0));
#764=DIRECTION('',(0.E0,-1.E0,0.E0));
#765=DIRECTION('',(3.420201433038E-1,0.E0,9.396926207939E-1));
#766=AXIS2_PLACEMENT_3D('',#763,#764,#765);
#768=CARTESIAN_POINT('',(8.389444982626E-1,3.5E0,-1.648839631024E0));
#769=DIRECTION('',(0.E0,-1.E0,0.E0));
#770=DIRECTION('',(-4.534837021456E-1,0.E0,8.912645689627E-1));
#771=AXIS2_PLACEMENT_3D('',#768,#769,#770);
#773=CARTESIAN_POINT('',(7.439066913581E-1,3.5E0,-1.620588905749E0));
#774=CARTESIAN_POINT('',(7.234721211884E-1,3.5E0,-1.691852720912E0));
#775=CARTESIAN_POINT('',(7.036930290758E-1,3.5E0,-1.763307301380E0));
#776=CARTESIAN_POINT('',(6.832584589061E-1,3.5E0,-1.834571116543E0));
#778=CARTESIAN_POINT('',(5.871322893124E-1,3.5E0,-1.807007380961E0));
#779=DIRECTION('',(0.E0,1.E0,0.E0));
#780=DIRECTION('',(9.612616959372E-1,0.E0,-2.756373558210E-1));
#781=AXIS2_PLACEMENT_3D('',#778,#779,#780);
#783=DIRECTION('',(-7.880107536062E-1,0.E0,6.156614753263E-1));
#784=VECTOR('',#783,2.228850666635E-1);
#785=CARTESIAN_POINT('',(5.255661417804E-1,3.5E0,-1.885808456322E0));
#786=LINE('',#785,#784);
#787=CARTESIAN_POINT('',(2.883641648973E-1,3.5E0,-1.827387782711E0));
#788=DIRECTION('',(0.E0,-1.E0,0.E0));
#789=DIRECTION('',(6.156614753598E-1,0.E0,7.880107535800E-1));
#790=AXIS2_PLACEMENT_3D('',#787,#788,#789);
#792=CARTESIAN_POINT('',(2.883641648973E-1,3.5E0,-1.827387782711E0));
#793=DIRECTION('',(0.E0,-1.E0,0.E0));
#794=DIRECTION('',(-1.558727316655E-1,0.E0,9.877771466900E-1));
#795=AXIS2_PLACEMENT_3D('',#792,#793,#794);
#797=CARTESIAN_POINT('',(2.067077935595E-1,3.5E0,-1.771151448908E0));
#798=CARTESIAN_POINT('',(1.652516324728E-1,3.5E0,-1.832612735239E0));
#799=CARTESIAN_POINT('',(1.243599183425E-1,3.5E0,-1.894458004015E0));
#800=CARTESIAN_POINT('',(8.290375725585E-2,3.5E0,-1.955919290347E0));
#802=CARTESIAN_POINT('',(0.E0,3.5E0,-1.9E0));
#803=DIRECTION('',(0.E0,1.E0,0.E0));
#804=DIRECTION('',(8.290375725614E-1,0.E0,-5.591929034613E-1));
#805=AXIS2_PLACEMENT_3D('',#802,#803,#804);
#807=DIRECTION('',(-5.591929034708E-1,0.E0,8.290375725550E-1));
#808=VECTOR('',#807,2.228850666639E-1);
#809=CARTESIAN_POINT('',(-8.290375725547E-2,3.5E0,-1.955919290347E0));
#810=LINE('',#809,#808);
#811=CARTESIAN_POINT('',(-2.904432620794E-1,3.5E0,-1.827058486068E0));
#812=DIRECTION('',(0.E0,-1.E0,0.E0));
#813=DIRECTION('',(8.290375725627E-1,0.E0,5.591929034593E-1));
#814=AXIS2_PLACEMENT_3D('',#811,#812,#813);
#816=CARTESIAN_POINT('',(-2.904432620794E-1,3.5E0,-1.827058486068E0));
#817=DIRECTION('',(0.E0,-1.E0,0.E0));
#818=DIRECTION('',(1.569961478192E-1,0.E0,9.875992150513E-1));
#819=AXIS2_PLACEMENT_3D('',#816,#817,#818);
#821=CARTESIAN_POINT('',(-3.507251032903E-1,3.5E0,-1.748341347909E0));
#822=CARTESIAN_POINT('',(-4.091448374055E-1,3.5E0,-1.793983846477E0));
#823=CARTESIAN_POINT('',(-4.671464076647E-1,3.5E0,-1.840165957753E0));
#824=CARTESIAN_POINT('',(-5.255661417798E-1,3.5E0,-1.885808456321E0));
#826=CARTESIAN_POINT('',(-5.871322893124E-1,3.5E0,-1.807007380961E0));
#827=DIRECTION('',(0.E0,1.E0,0.E0));
#828=DIRECTION('',(6.156614753222E-1,0.E0,-7.880107536095E-1));
#829=AXIS2_PLACEMENT_3D('',#826,#827,#828);
#831=DIRECTION('',(-2.756373558170E-1,0.E0,9.612616959383E-1));
#832=VECTOR('',#831,2.228850666656E-1);
#833=CARTESIAN_POINT('',(-6.832584589062E-1,3.5E0,-1.834571116543E0));
#834=LINE('',#833,#832);
#835=CARTESIAN_POINT('',(-8.408200789266E-1,3.5E0,-1.647883974943E0));
#836=DIRECTION('',(0.E0,-1.E0,0.E0));
#837=DIRECTION('',(9.612616959334E-1,0.E0,2.756373558342E-1));
#838=AXIS2_PLACEMENT_3D('',#835,#836,#837);
#840=CARTESIAN_POINT('',(-8.408200789266E-1,3.5E0,-1.647883974943E0));
#841=DIRECTION('',(0.E0,-1.E0,0.E0));
#842=DIRECTION('',(4.544971504989E-1,0.E0,8.907481912350E-1));
#843=AXIS2_PLACEMENT_3D('',#840,#841,#842);
#845=CARTESIAN_POINT('',(-8.738265833846E-1,3.5E0,-1.554391414366E0));
#846=CARTESIAN_POINT('',(-9.434913599181E-1,3.5E0,-1.579747319401E0));
#847=CARTESIAN_POINT('',(-1.012925188489E0,3.5E0,-1.605745646356E0));
#848=CARTESIAN_POINT('',(-1.082589965023E0,3.5E0,-1.631101551391E0));
#850=CARTESIAN_POINT('',(-1.116791979356E0,3.5E0,-1.537132289312E0));
#851=DIRECTION('',(0.E0,1.E0,0.E0));
#852=DIRECTION('',(3.420201433346E-1,0.E0,-9.396926207827E-1));
#853=AXIS2_PLACEMENT_3D('',#850,#851,#852);
#855=DIRECTION('',(3.489949670361E-2,0.E0,9.993908270191E-1));
#856=VECTOR('',#855,2.228850666641E-1);
#857=CARTESIAN_POINT('',(-1.216731062058E0,3.5E0,-1.533642339642E0));
#858=LINE('',#857,#856);
#859=CARTESIAN_POINT('',(-1.308891568110E0,3.5E0,-1.307403098868E0));
#860=DIRECTION('',(0.E0,-1.E0,0.E0));
#861=DIRECTION('',(9.993908270189E-1,0.E0,-3.489949670706E-2));
#862=AXIS2_PLACEMENT_3D('',#859,#860,#861);
#864=CARTESIAN_POINT('',(-1.308891568110E0,3.5E0,-1.307403098868E0));
#865=DIRECTION('',(0.E0,-1.E0,0.E0));
#866=DIRECTION('',(7.075088054200E-1,0.E0,7.067045282529E-1));
#867=AXIS2_PLACEMENT_3D('',#864,#865,#866);
#869=CARTESIAN_POINT('',(-1.311391829189E0,3.5E0,-1.208286819103E0));
#870=CARTESIAN_POINT('',(-1.385482374432E0,3.5E0,-1.210874117955E0));
#871=CARTESIAN_POINT('',(-1.459551794400E0,3.5E0,-1.214143763206E0));
#872=CARTESIAN_POINT('',(-1.533642339643E0,3.5E0,-1.216731062058E0));
#874=CARTESIAN_POINT('',(-1.537132289312E0,3.5E0,-1.116791979356E0));
#875=DIRECTION('',(0.E0,1.E0,0.E0));
#876=DIRECTION('',(3.489949667057E-2,0.E0,-9.993908270202E-1));
#877=AXIS2_PLACEMENT_3D('',#874,#875,#876);
#879=DIRECTION('',(3.420201433248E-1,0.E0,9.396926207862E-1));
#880=VECTOR('',#879,2.228850666642E-1);
#881=CARTESIAN_POINT('',(-1.631101551391E0,3.5E0,-1.082589965022E0));
#882=LINE('',#881,#880);
#883=CARTESIAN_POINT('',(-1.648839631024E0,3.5E0,-8.389444982626E-1));
#884=DIRECTION('',(0.E0,-1.E0,0.E0));
#885=DIRECTION('',(9.396926207939E-1,0.E0,-3.420201433038E-1));
#886=AXIS2_PLACEMENT_3D('',#883,#884,#885);
#888=CARTESIAN_POINT('',(-1.648839631024E0,3.5E0,-8.389444982626E-1));
#889=DIRECTION('',(0.E0,-1.E0,0.E0));
#890=DIRECTION('',(8.912645689627E-1,0.E0,4.534837021456E-1));
#891=AXIS2_PLACEMENT_3D('',#888,#889,#890);
#893=CARTESIAN_POINT('',(-1.620588905749E0,3.5E0,-7.439066913581E-1));
#894=CARTESIAN_POINT('',(-1.691852720912E0,3.5E0,-7.234721211884E-1));
#895=CARTESIAN_POINT('',(-1.763307301380E0,3.5E0,-7.036930290758E-1));
#896=CARTESIAN_POINT('',(-1.834571116543E0,3.5E0,-6.832584589061E-1));
#898=CARTESIAN_POINT('',(-1.807007380961E0,3.5E0,-5.871322893124E-1));
#899=DIRECTION('',(0.E0,1.E0,0.E0));
#900=DIRECTION('',(-2.756373558210E-1,0.E0,-9.612616959372E-1));
#901=AXIS2_PLACEMENT_3D('',#898,#899,#900);
#903=DIRECTION('',(6.156614753263E-1,0.E0,7.880107536062E-1));
#904=VECTOR('',#903,2.228850666635E-1);
#905=CARTESIAN_POINT('',(-1.885808456322E0,3.5E0,-5.255661417804E-1));
#906=LINE('',#905,#904);
#907=CARTESIAN_POINT('',(-1.827387782711E0,3.5E0,-2.883641648973E-1));
#908=DIRECTION('',(0.E0,-1.E0,0.E0));
#909=DIRECTION('',(7.880107535800E-1,0.E0,-6.156614753598E-1));
#910=AXIS2_PLACEMENT_3D('',#907,#908,#909);
#912=CARTESIAN_POINT('',(-1.827387782711E0,3.5E0,-2.883641648973E-1));
#913=DIRECTION('',(0.E0,-1.E0,0.E0));
#914=DIRECTION('',(9.877771466900E-1,0.E0,1.558727316655E-1));
#915=AXIS2_PLACEMENT_3D('',#912,#913,#914);
#917=CARTESIAN_POINT('',(-1.771151448908E0,3.5E0,-2.067077935595E-1));
#918=CARTESIAN_POINT('',(-1.832612735239E0,3.5E0,-1.652516324728E-1));
#919=CARTESIAN_POINT('',(-1.894458004015E0,3.5E0,-1.243599183425E-1));
#920=CARTESIAN_POINT('',(-1.955919290347E0,3.5E0,-8.290375725585E-2));
#922=CARTESIAN_POINT('',(-1.9E0,3.5E0,0.E0));
#923=DIRECTION('',(0.E0,1.E0,0.E0));
#924=DIRECTION('',(-5.591929034613E-1,0.E0,-8.290375725614E-1));
#925=AXIS2_PLACEMENT_3D('',#922,#923,#924);
#927=DIRECTION('',(8.290375725550E-1,0.E0,5.591929034708E-1));
#928=VECTOR('',#927,2.228850666639E-1);
#929=CARTESIAN_POINT('',(-1.955919290347E0,3.5E0,8.290375725547E-2));
#930=LINE('',#929,#928);
#931=CARTESIAN_POINT('',(-1.827058486068E0,3.5E0,2.904432620794E-1));
#932=DIRECTION('',(0.E0,-1.E0,0.E0));
#933=DIRECTION('',(5.591929034593E-1,0.E0,-8.290375725627E-1));
#934=AXIS2_PLACEMENT_3D('',#931,#932,#933);
#936=CARTESIAN_POINT('',(-1.827058486068E0,3.5E0,2.904432620794E-1));
#937=DIRECTION('',(0.E0,-1.E0,0.E0));
#938=DIRECTION('',(9.875992150513E-1,0.E0,-1.569961478192E-1));
#939=AXIS2_PLACEMENT_3D('',#936,#937,#938);
#941=CARTESIAN_POINT('',(-1.748341347909E0,3.5E0,3.507251032903E-1));
#942=CARTESIAN_POINT('',(-1.793983846477E0,3.5E0,4.091448374055E-1));
#943=CARTESIAN_POINT('',(-1.840165957753E0,3.5E0,4.671464076647E-1));
#944=CARTESIAN_POINT('',(-1.885808456321E0,3.5E0,5.255661417798E-1));
#946=CARTESIAN_POINT('',(-1.807007380961E0,3.5E0,5.871322893124E-1));
#947=DIRECTION('',(0.E0,1.E0,0.E0));
#948=DIRECTION('',(-7.880107536095E-1,0.E0,-6.156614753222E-1));
#949=AXIS2_PLACEMENT_3D('',#946,#947,#948);
#951=DIRECTION('',(9.612616959383E-1,0.E0,2.756373558170E-1));
#952=VECTOR('',#951,2.228850666656E-1);
#953=CARTESIAN_POINT('',(-1.834571116543E0,3.5E0,6.832584589062E-1));
#954=LINE('',#953,#952);
#955=CARTESIAN_POINT('',(-1.647883974943E0,3.5E0,8.408200789266E-1));
#956=DIRECTION('',(0.E0,-1.E0,0.E0));
#957=DIRECTION('',(2.756373558342E-1,0.E0,-9.612616959334E-1));
#958=AXIS2_PLACEMENT_3D('',#955,#956,#957);
#960=CARTESIAN_POINT('',(-1.647883974943E0,3.5E0,8.408200789266E-1));
#961=DIRECTION('',(0.E0,-1.E0,0.E0));
#962=DIRECTION('',(8.907481912350E-1,0.E0,-4.544971504989E-1));
#963=AXIS2_PLACEMENT_3D('',#960,#961,#962);
#965=CARTESIAN_POINT('',(-1.554391414366E0,3.5E0,8.738265833846E-1));
#966=CARTESIAN_POINT('',(-1.579747319401E0,3.5E0,9.434913599181E-1));
#967=CARTESIAN_POINT('',(-1.605745646356E0,3.5E0,1.012925188489E0));
#968=CARTESIAN_POINT('',(-1.631101551391E0,3.5E0,1.082589965023E0));
#970=CARTESIAN_POINT('',(-1.537132289312E0,3.5E0,1.116791979356E0));
#971=DIRECTION('',(0.E0,1.E0,0.E0));
#972=DIRECTION('',(-9.396926207827E-1,0.E0,-3.420201433346E-1));
#973=AXIS2_PLACEMENT_3D('',#970,#971,#972);
#975=DIRECTION('',(9.993908270191E-1,0.E0,-3.489949670361E-2));
#976=VECTOR('',#975,2.228850666641E-1);
#977=CARTESIAN_POINT('',(-1.533642339642E0,3.5E0,1.216731062058E0));
#978=LINE('',#977,#976);
#979=CARTESIAN_POINT('',(-1.307403098868E0,3.5E0,1.308891568110E0));
#980=DIRECTION('',(0.E0,-1.E0,0.E0));
#981=DIRECTION('',(-3.489949670706E-2,0.E0,-9.993908270189E-1));
#982=AXIS2_PLACEMENT_3D('',#979,#980,#981);
#984=CARTESIAN_POINT('',(-1.307403098868E0,3.5E0,1.308891568110E0));
#985=DIRECTION('',(0.E0,-1.E0,0.E0));
#986=DIRECTION('',(7.067045282529E-1,0.E0,-7.075088054200E-1));
#987=AXIS2_PLACEMENT_3D('',#984,#985,#986);
#989=CARTESIAN_POINT('',(-1.208286819103E0,3.5E0,1.311391829189E0));
#990=CARTESIAN_POINT('',(-1.210874117955E0,3.5E0,1.385482374432E0));
#991=CARTESIAN_POINT('',(-1.214143763206E0,3.5E0,1.459551794400E0));
#992=CARTESIAN_POINT('',(-1.216731062058E0,3.5E0,1.533642339643E0));
#994=CARTESIAN_POINT('',(-1.116791979356E0,3.5E0,1.537132289312E0));
#995=DIRECTION('',(0.E0,1.E0,0.E0));
#996=DIRECTION('',(-9.993908270202E-1,0.E0,-3.489949667056E-2));
#997=AXIS2_PLACEMENT_3D('',#994,#995,#996);
#999=DIRECTION('',(9.396926207862E-1,0.E0,-3.420201433248E-1));
#1000=VECTOR('',#999,2.228850666642E-1);
#1001=CARTESIAN_POINT('',(-1.082589965022E0,3.5E0,1.631101551391E0));
#1002=LINE('',#1001,#1000);
#1003=CARTESIAN_POINT('',(-8.389444982626E-1,3.5E0,1.648839631024E0));
#1004=DIRECTION('',(0.E0,-1.E0,0.E0));
#1005=DIRECTION('',(-3.420201433038E-1,0.E0,-9.396926207939E-1));
#1006=AXIS2_PLACEMENT_3D('',#1003,#1004,#1005);
#1008=CARTESIAN_POINT('',(-8.389444982626E-1,3.5E0,1.648839631024E0));
#1009=DIRECTION('',(0.E0,-1.E0,0.E0));
#1010=DIRECTION('',(4.534837021456E-1,0.E0,-8.912645689627E-1));
#1011=AXIS2_PLACEMENT_3D('',#1008,#1009,#1010);
#1013=CARTESIAN_POINT('',(-7.439066913581E-1,3.5E0,1.620588905749E0));
#1014=CARTESIAN_POINT('',(-7.234721211884E-1,3.5E0,1.691852720912E0));
#1015=CARTESIAN_POINT('',(-7.036930290758E-1,3.5E0,1.763307301380E0));
#1016=CARTESIAN_POINT('',(-6.832584589061E-1,3.5E0,1.834571116543E0));
#1018=CARTESIAN_POINT('',(-5.871322893124E-1,3.5E0,1.807007380961E0));
#1019=DIRECTION('',(0.E0,1.E0,0.E0));
#1020=DIRECTION('',(-9.612616959372E-1,0.E0,2.756373558210E-1));
#1021=AXIS2_PLACEMENT_3D('',#1018,#1019,#1020);
#1023=CARTESIAN_POINT('',(-5.255661417804E-1,3.5E0,1.885808456322E0));
#1024=CARTESIAN_POINT('',(-4.671464076657E-1,3.5E0,1.840165957754E0));
#1025=CARTESIAN_POINT('',(-4.091448374060E-1,3.5E0,1.793983846477E0));
#1026=CARTESIAN_POINT('',(-3.507251032914E-1,3.5E0,1.748341347909E0));
#1028=CARTESIAN_POINT('',(0.E0,3.2E0,0.E0));
#1029=DIRECTION('',(0.E0,-1.E0,0.E0));
#1030=DIRECTION('',(1.E0,0.E0,0.E0));
#1031=AXIS2_PLACEMENT_3D('',#1028,#1029,#1030);
#1033=CARTESIAN_POINT('',(0.E0,3.2E0,0.E0));
#1034=DIRECTION('',(0.E0,-1.E0,0.E0));
#1035=DIRECTION('',(9.999005990430E-1,0.E0,1.409936287105E-2));
#1036=AXIS2_PLACEMENT_3D('',#1033,#1034,#1035);
#1038=CARTESIAN_POINT('',(-2.65E0,3.2E0,0.E0));
#1039=DIRECTION('',(0.E0,0.E0,-1.E0));
#1040=DIRECTION('',(-1.E0,0.E0,0.E0));
#1041=AXIS2_PLACEMENT_3D('',#1038,#1039,#1040);
#1043=CARTESIAN_POINT('',(0.E0,3.2E0,0.E0));
#1044=DIRECTION('',(0.E0,-1.E0,0.E0));
#1045=DIRECTION('',(-1.E0,0.E0,-6.511572463201E-13));
#1046=AXIS2_PLACEMENT_3D('',#1043,#1044,#1045);
#1048=CARTESIAN_POINT('',(0.E0,3.2E0,0.E0));
#1049=DIRECTION('',(0.E0,-1.E0,0.E0));
#1050=DIRECTION('',(-9.999005990430E-1,0.E0,-1.409936287105E-2));
#1051=AXIS2_PLACEMENT_3D('',#1048,#1049,#1050);
#1053=CARTESIAN_POINT('',(2.65E0,3.2E0,0.E0));
#1054=DIRECTION('',(0.E0,0.E0,1.E0));
#1055=DIRECTION('',(1.E0,0.E0,0.E0));
#1056=AXIS2_PLACEMENT_3D('',#1053,#1054,#1055);
#1058=DIRECTION('',(0.E0,-1.E0,-1.883226481521E-13));
#1059=VECTOR('',#1058,1.7E0);
#1060=CARTESIAN_POINT('',(-2.95E0,3.2E0,-9.605211230908E-13));
#1061=LINE('',#1060,#1059);
#1062=DIRECTION('',(-5.233595624294E-2,0.E0,-9.986295347546E-1));
#1063=VECTOR('',#1062,7.714252192320E0);
#1064=CARTESIAN_POINT('',(-1.997259069509E0,1.5E0,1.010467191249E1));
#1065=LINE('',#1064,#1063);
#1066=DIRECTION('',(-9.986295347546E-1,0.E0,-5.233595624294E-2));
#1067=VECTOR('',#1066,7.714252192321E0);
#1068=CARTESIAN_POINT('',(-2.400991834693E0,1.5E0,2.400991834693E0));
#1069=LINE('',#1068,#1067);
#1070=CARTESIAN_POINT('',(-1.E1,1.5E0,0.E0));
#1071=DIRECTION('',(0.E0,-1.E0,0.E0));
#1072=DIRECTION('',(-5.233595624464E-2,0.E0,9.986295347545E-1));
#1073=AXIS2_PLACEMENT_3D('',#1070,#1071,#1072);
#1075=CARTESIAN_POINT('',(-1.E1,1.5E0,0.E0));
#1076=DIRECTION('',(0.E0,-1.E0,0.E0));
#1077=DIRECTION('',(-1.E0,0.E0,0.E0));
#1078=AXIS2_PLACEMENT_3D('',#1075,#1076,#1077);
#1080=DIRECTION('',(9.986295347546E-1,0.E0,-5.233595624294E-2));
#1081=VECTOR('',#1080,7.714252192321E0);
#1082=CARTESIAN_POINT('',(-1.010467191249E1,1.5E0,-1.997259069509E0));
#1083=LINE('',#1082,#1081);
#1084=DIRECTION('',(5.233595624294E-2,0.E0,-9.986295347546E-1));
#1085=VECTOR('',#1084,7.714252192321E0);
#1086=CARTESIAN_POINT('',(-2.400991834693E0,1.5E0,-2.400991834693E0));
#1087=LINE('',#1086,#1085);
#1088=CARTESIAN_POINT('',(0.E0,1.5E0,-1.E1));
#1089=DIRECTION('',(0.E0,-1.E0,0.E0));
#1090=DIRECTION('',(-9.986295347545E-1,0.E0,-5.233595624466E-2));
#1091=AXIS2_PLACEMENT_3D('',#1088,#1089,#1090);
#1093=DIRECTION('',(5.233595624294E-2,0.E0,9.986295347546E-1));
#1094=VECTOR('',#1093,7.714252192320E0);
#1095=CARTESIAN_POINT('',(1.997259069509E0,1.5E0,-1.010467191249E1));
#1096=LINE('',#1095,#1094);
#1097=DIRECTION('',(9.986295347546E-1,0.E0,5.233595624294E-2));
#1098=VECTOR('',#1097,7.714252192321E0);
#1099=CARTESIAN_POINT('',(2.400991834693E0,1.5E0,-2.400991834693E0));
#1100=LINE('',#1099,#1098);
#1101=CARTESIAN_POINT('',(1.E1,1.5E0,0.E0));
#1102=DIRECTION('',(0.E0,-1.E0,0.E0));
#1103=DIRECTION('',(5.233595624464E-2,0.E0,-9.986295347545E-1));
#1104=AXIS2_PLACEMENT_3D('',#1101,#1102,#1103);
#1106=CARTESIAN_POINT('',(1.E1,1.5E0,0.E0));
#1107=DIRECTION('',(0.E0,-1.E0,0.E0));
#1108=DIRECTION('',(1.E0,0.E0,0.E0));
#1109=AXIS2_PLACEMENT_3D('',#1106,#1107,#1108);
#1111=DIRECTION('',(-9.986295347546E-1,0.E0,5.233595624294E-2));
#1112=VECTOR('',#1111,7.714252192321E0);
#1113=CARTESIAN_POINT('',(1.010467191249E1,1.5E0,1.997259069509E0));
#1114=LINE('',#1113,#1112);
#1115=DIRECTION('',(-5.233595624294E-2,0.E0,9.986295347546E-1));
#1116=VECTOR('',#1115,7.714252192321E0);
#1117=CARTESIAN_POINT('',(2.400991834693E0,1.5E0,2.400991834693E0));
#1118=LINE('',#1117,#1116);
#1119=CARTESIAN_POINT('',(0.E0,1.5E0,1.E1));
#1120=DIRECTION('',(0.E0,-1.E0,0.E0));
#1121=DIRECTION('',(9.986295347545E-1,0.E0,5.233595624466E-2));
#1122=AXIS2_PLACEMENT_3D('',#1119,#1120,#1121);
#1124=CARTESIAN_POINT('',(-7.5E0,1.5E0,0.E0));
#1125=DIRECTION('',(0.E0,1.E0,0.E0));
#1126=DIRECTION('',(1.E0,0.E0,0.E0));
#1127=AXIS2_PLACEMENT_3D('',#1124,#1125,#1126);
#1129=CARTESIAN_POINT('',(-7.5E0,1.5E0,0.E0));
#1130=DIRECTION('',(0.E0,1.E0,0.E0));
#1131=DIRECTION('',(-1.E0,0.E0,0.E0));
#1132=AXIS2_PLACEMENT_3D('',#1129,#1130,#1131);
#1134=CARTESIAN_POINT('',(-5.E0,1.5E0,0.E0));
#1135=DIRECTION('',(0.E0,1.E0,0.E0));
#1136=DIRECTION('',(1.E0,0.E0,0.E0));
#1137=AXIS2_PLACEMENT_3D('',#1134,#1135,#1136);
#1139=CARTESIAN_POINT('',(-5.E0,1.5E0,0.E0));
#1140=DIRECTION('',(0.E0,1.E0,0.E0));
#1141=DIRECTION('',(-1.E0,0.E0,0.E0));
#1142=AXIS2_PLACEMENT_3D('',#1139,#1140,#1141);
#1144=CARTESIAN_POINT('',(-1.E1,1.5E0,0.E0));
#1145=DIRECTION('',(0.E0,1.E0,0.E0));
#1146=DIRECTION('',(1.E0,0.E0,0.E0));
#1147=AXIS2_PLACEMENT_3D('',#1144,#1145,#1146);
#1149=CARTESIAN_POINT('',(-1.E1,1.5E0,0.E0));
#1150=DIRECTION('',(0.E0,1.E0,0.E0));
#1151=DIRECTION('',(-1.E0,0.E0,0.E0));
#1152=AXIS2_PLACEMENT_3D('',#1149,#1150,#1151);
#1154=CARTESIAN_POINT('',(7.5E0,1.5E0,0.E0));
#1155=DIRECTION('',(0.E0,1.E0,0.E0));
#1156=DIRECTION('',(1.E0,0.E0,0.E0));
#1157=AXIS2_PLACEMENT_3D('',#1154,#1155,#1156);
#1159=CARTESIAN_POINT('',(7.5E0,1.5E0,0.E0));
#1160=DIRECTION('',(0.E0,1.E0,0.E0));
#1161=DIRECTION('',(-1.E0,0.E0,0.E0));
#1162=AXIS2_PLACEMENT_3D('',#1159,#1160,#1161);
#1164=CARTESIAN_POINT('',(5.E0,1.5E0,0.E0));
#1165=DIRECTION('',(0.E0,1.E0,0.E0));
#1166=DIRECTION('',(1.E0,0.E0,0.E0));
#1167=AXIS2_PLACEMENT_3D('',#1164,#1165,#1166);
#1169=CARTESIAN_POINT('',(5.E0,1.5E0,0.E0));
#1170=DIRECTION('',(0.E0,1.E0,0.E0));
#1171=DIRECTION('',(-1.E0,0.E0,0.E0));
#1172=AXIS2_PLACEMENT_3D('',#1169,#1170,#1171);
#1174=CARTESIAN_POINT('',(1.E1,1.5E0,0.E0));
#1175=DIRECTION('',(0.E0,1.E0,0.E0));
#1176=DIRECTION('',(1.E0,0.E0,0.E0));
#1177=AXIS2_PLACEMENT_3D('',#1174,#1175,#1176);
#1179=CARTESIAN_POINT('',(1.E1,1.5E0,0.E0));
#1180=DIRECTION('',(0.E0,1.E0,0.E0));
#1181=DIRECTION('',(-1.E0,0.E0,0.E0));
#1182=AXIS2_PLACEMENT_3D('',#1179,#1180,#1181);
#1184=CARTESIAN_POINT('',(0.E0,1.5E0,-1.E1));
#1185=DIRECTION('',(0.E0,1.E0,0.E0));
#1186=DIRECTION('',(-1.E0,0.E0,0.E0));
#1187=AXIS2_PLACEMENT_3D('',#1184,#1185,#1186);
#1189=CARTESIAN_POINT('',(0.E0,1.5E0,-1.E1));
#1190=DIRECTION('',(0.E0,1.E0,0.E0));
#1191=DIRECTION('',(1.E0,0.E0,0.E0));
#1192=AXIS2_PLACEMENT_3D('',#1189,#1190,#1191);
#1194=CARTESIAN_POINT('',(0.E0,1.5E0,-5.E0));
#1195=DIRECTION('',(0.E0,1.E0,0.E0));
#1196=DIRECTION('',(-1.E0,0.E0,0.E0));
#1197=AXIS2_PLACEMENT_3D('',#1194,#1195,#1196);
#1199=CARTESIAN_POINT('',(0.E0,1.5E0,-5.E0));
#1200=DIRECTION('',(0.E0,1.E0,0.E0));
#1201=DIRECTION('',(1.E0,0.E0,0.E0));
#1202=AXIS2_PLACEMENT_3D('',#1199,#1200,#1201);
#1204=CARTESIAN_POINT('',(0.E0,1.5E0,-7.5E0));
#1205=DIRECTION('',(0.E0,1.E0,0.E0));
#1206=DIRECTION('',(-1.E0,0.E0,0.E0));
#1207=AXIS2_PLACEMENT_3D('',#1204,#1205,#1206);
#1209=CARTESIAN_POINT('',(0.E0,1.5E0,-7.5E0));
#1210=DIRECTION('',(0.E0,1.E0,0.E0));
#1211=DIRECTION('',(1.E0,0.E0,0.E0));
#1212=AXIS2_PLACEMENT_3D('',#1209,#1210,#1211);
#1214=CARTESIAN_POINT('',(0.E0,1.5E0,5.E0));
#1215=DIRECTION('',(0.E0,1.E0,0.E0));
#1216=DIRECTION('',(-1.E0,0.E0,0.E0));
#1217=AXIS2_PLACEMENT_3D('',#1214,#1215,#1216);
#1219=CARTESIAN_POINT('',(0.E0,1.5E0,5.E0));
#1220=DIRECTION('',(0.E0,1.E0,0.E0));
#1221=DIRECTION('',(1.E0,0.E0,0.E0));
#1222=AXIS2_PLACEMENT_3D('',#1219,#1220,#1221);
#1224=CARTESIAN_POINT('',(0.E0,1.5E0,7.5E0));
#1225=DIRECTION('',(0.E0,1.E0,0.E0));
#1226=DIRECTION('',(-1.E0,0.E0,0.E0));
#1227=AXIS2_PLACEMENT_3D('',#1224,#1225,#1226);
#1229=CARTESIAN_POINT('',(0.E0,1.5E0,7.5E0));
#1230=DIRECTION('',(0.E0,1.E0,0.E0));
#1231=DIRECTION('',(1.E0,0.E0,0.E0));
#1232=AXIS2_PLACEMENT_3D('',#1229,#1230,#1231);
#1234=CARTESIAN_POINT('',(0.E0,1.5E0,1.E1));
#1235=DIRECTION('',(0.E0,1.E0,0.E0));
#1236=DIRECTION('',(-1.E0,0.E0,0.E0));
#1237=AXIS2_PLACEMENT_3D('',#1234,#1235,#1236);
#1239=CARTESIAN_POINT('',(0.E0,1.5E0,1.E1));
#1240=DIRECTION('',(0.E0,1.E0,0.E0));
#1241=DIRECTION('',(1.E0,0.E0,0.E0));
#1242=AXIS2_PLACEMENT_3D('',#1239,#1240,#1241);
#1244=CARTESIAN_POINT('',(0.E0,1.5E0,0.E0));
#1245=DIRECTION('',(0.E0,1.E0,0.E0));
#1246=DIRECTION('',(1.E0,0.E0,0.E0));
#1247=AXIS2_PLACEMENT_3D('',#1244,#1245,#1246);
#1249=CARTESIAN_POINT('',(0.E0,1.5E0,0.E0));
#1250=DIRECTION('',(0.E0,1.E0,0.E0));
#1251=DIRECTION('',(-1.E0,0.E0,0.E0));
#1252=AXIS2_PLACEMENT_3D('',#1249,#1250,#1251);
#1254=DIRECTION('',(0.E0,-1.E0,0.E0));
#1255=VECTOR('',#1254,1.5E0);
#1256=CARTESIAN_POINT('',(-2.400991834693E0,1.5E0,2.400991834693E0));
#1257=LINE('',#1256,#1255);
#1258=DIRECTION('',(-5.233595624294E-2,0.E0,9.986295347546E-1));
#1259=VECTOR('',#1258,7.714252192321E0);
#1260=CARTESIAN_POINT('',(-1.997259069509E0,0.E0,-1.010467191249E1));
#1261=LINE('',#1260,#1259);
#1262=DIRECTION('',(-9.986295347546E-1,0.E0,5.233595624294E-2));
#1263=VECTOR('',#1262,7.714252192321E0);
#1264=CARTESIAN_POINT('',(-2.400991834693E0,0.E0,-2.400991834693E0));
#1265=LINE('',#1264,#1263);
#1266=CARTESIAN_POINT('',(-1.E1,0.E0,0.E0));
#1267=DIRECTION('',(0.E0,1.E0,0.E0));
#1268=DIRECTION('',(-5.233595624502E-2,0.E0,-9.986295347545E-1));
#1269=AXIS2_PLACEMENT_3D('',#1266,#1267,#1268);
#1271=CARTESIAN_POINT('',(-1.E1,0.E0,0.E0));
#1272=DIRECTION('',(0.E0,1.E0,0.E0));
#1273=DIRECTION('',(-1.E0,0.E0,0.E0));
#1274=AXIS2_PLACEMENT_3D('',#1271,#1272,#1273);
#1276=DIRECTION('',(9.986295347546E-1,0.E0,5.233595624294E-2));
#1277=VECTOR('',#1276,7.714252192321E0);
#1278=CARTESIAN_POINT('',(-1.010467191249E1,0.E0,1.997259069509E0));
#1279=LINE('',#1278,#1277);
#1280=DIRECTION('',(5.233595624294E-2,0.E0,9.986295347546E-1));
#1281=VECTOR('',#1280,7.714252192320E0);
#1282=CARTESIAN_POINT('',(-2.400991834693E0,0.E0,2.400991834693E0));
#1283=LINE('',#1282,#1281);
#1284=CARTESIAN_POINT('',(0.E0,0.E0,1.E1));
#1285=DIRECTION('',(0.E0,1.E0,0.E0));
#1286=DIRECTION('',(-9.986295347545E-1,0.E0,5.233595624450E-2));
#1287=AXIS2_PLACEMENT_3D('',#1284,#1285,#1286);
#1289=DIRECTION('',(5.233595624294E-2,0.E0,-9.986295347546E-1));
#1290=VECTOR('',#1289,7.714252192321E0);
#1291=CARTESIAN_POINT('',(1.997259069509E0,0.E0,1.010467191249E1));
#1292=LINE('',#1291,#1290);
#1293=DIRECTION('',(9.986295347546E-1,0.E0,-5.233595624294E-2));
#1294=VECTOR('',#1293,7.714252192321E0);
#1295=CARTESIAN_POINT('',(2.400991834693E0,0.E0,2.400991834693E0));
#1296=LINE('',#1295,#1294);
#1297=CARTESIAN_POINT('',(1.E1,0.E0,0.E0));
#1298=DIRECTION('',(0.E0,1.E0,0.E0));
#1299=DIRECTION('',(5.233595624502E-2,0.E0,9.986295347545E-1));
#1300=AXIS2_PLACEMENT_3D('',#1297,#1298,#1299);
#1302=CARTESIAN_POINT('',(1.E1,0.E0,0.E0));
#1303=DIRECTION('',(0.E0,1.E0,0.E0));
#1304=DIRECTION('',(1.E0,0.E0,0.E0));
#1305=AXIS2_PLACEMENT_3D('',#1302,#1303,#1304);
#1307=DIRECTION('',(-9.986295347546E-1,0.E0,-5.233595624294E-2));
#1308=VECTOR('',#1307,7.714252192321E0);
#1309=CARTESIAN_POINT('',(1.010467191249E1,0.E0,-1.997259069509E0));
#1310=LINE('',#1309,#1308);
#1311=DIRECTION('',(-5.233595624294E-2,0.E0,-9.986295347546E-1));
#1312=VECTOR('',#1311,7.714252192320E0);
#1313=CARTESIAN_POINT('',(2.400991834693E0,0.E0,-2.400991834693E0));
#1314=LINE('',#1313,#1312);
#1315=CARTESIAN_POINT('',(0.E0,0.E0,-1.E1));
#1316=DIRECTION('',(0.E0,1.E0,0.E0));
#1317=DIRECTION('',(9.986295347545E-1,0.E0,-5.233595624450E-2));
#1318=AXIS2_PLACEMENT_3D('',#1315,#1316,#1317);
#1320=CARTESIAN_POINT('',(-7.5E0,0.E0,0.E0));
#1321=DIRECTION('',(0.E0,-1.E0,0.E0));
#1322=DIRECTION('',(-1.E0,0.E0,0.E0));
#1323=AXIS2_PLACEMENT_3D('',#1320,#1321,#1322);
#1325=CARTESIAN_POINT('',(-7.5E0,0.E0,0.E0));
#1326=DIRECTION('',(0.E0,-1.E0,0.E0));
#1327=DIRECTION('',(1.E0,0.E0,0.E0));
#1328=AXIS2_PLACEMENT_3D('',#1325,#1326,#1327);
#1330=CARTESIAN_POINT('',(-5.E0,0.E0,0.E0));
#1331=DIRECTION('',(0.E0,-1.E0,0.E0));
#1332=DIRECTION('',(-1.E0,0.E0,0.E0));
#1333=AXIS2_PLACEMENT_3D('',#1330,#1331,#1332);
#1335=CARTESIAN_POINT('',(-5.E0,0.E0,0.E0));
#1336=DIRECTION('',(0.E0,-1.E0,0.E0));
#1337=DIRECTION('',(1.E0,0.E0,0.E0));
#1338=AXIS2_PLACEMENT_3D('',#1335,#1336,#1337);
#1340=CARTESIAN_POINT('',(-1.E1,0.E0,0.E0));
#1341=DIRECTION('',(0.E0,-1.E0,0.E0));
#1342=DIRECTION('',(-1.E0,0.E0,0.E0));
#1343=AXIS2_PLACEMENT_3D('',#1340,#1341,#1342);
#1345=CARTESIAN_POINT('',(-1.E1,0.E0,0.E0));
#1346=DIRECTION('',(0.E0,-1.E0,0.E0));
#1347=DIRECTION('',(1.E0,0.E0,0.E0));
#1348=AXIS2_PLACEMENT_3D('',#1345,#1346,#1347);
#1350=CARTESIAN_POINT('',(7.5E0,0.E0,0.E0));
#1351=DIRECTION('',(0.E0,-1.E0,0.E0));
#1352=DIRECTION('',(-1.E0,0.E0,0.E0));
#1353=AXIS2_PLACEMENT_3D('',#1350,#1351,#1352);
#1355=CARTESIAN_POINT('',(7.5E0,0.E0,0.E0));
#1356=DIRECTION('',(0.E0,-1.E0,0.E0));
#1357=DIRECTION('',(1.E0,0.E0,0.E0));
#1358=AXIS2_PLACEMENT_3D('',#1355,#1356,#1357);
#1360=CARTESIAN_POINT('',(5.E0,0.E0,0.E0));
#1361=DIRECTION('',(0.E0,-1.E0,0.E0));
#1362=DIRECTION('',(-1.E0,0.E0,0.E0));
#1363=AXIS2_PLACEMENT_3D('',#1360,#1361,#1362);
#1365=CARTESIAN_POINT('',(5.E0,0.E0,0.E0));
#1366=DIRECTION('',(0.E0,-1.E0,0.E0));
#1367=DIRECTION('',(1.E0,0.E0,0.E0));
#1368=AXIS2_PLACEMENT_3D('',#1365,#1366,#1367);
#1370=CARTESIAN_POINT('',(1.E1,0.E0,0.E0));
#1371=DIRECTION('',(0.E0,-1.E0,0.E0));
#1372=DIRECTION('',(-1.E0,0.E0,0.E0));
#1373=AXIS2_PLACEMENT_3D('',#1370,#1371,#1372);
#1375=CARTESIAN_POINT('',(1.E1,0.E0,0.E0));
#1376=DIRECTION('',(0.E0,-1.E0,0.E0));
#1377=DIRECTION('',(1.E0,0.E0,0.E0));
#1378=AXIS2_PLACEMENT_3D('',#1375,#1376,#1377);
#1380=CARTESIAN_POINT('',(0.E0,0.E0,-1.E1));
#1381=DIRECTION('',(0.E0,-1.E0,0.E0));
#1382=DIRECTION('',(1.E0,0.E0,0.E0));
#1383=AXIS2_PLACEMENT_3D('',#1380,#1381,#1382);
#1385=CARTESIAN_POINT('',(0.E0,0.E0,-1.E1));
#1386=DIRECTION('',(0.E0,-1.E0,0.E0));
#1387=DIRECTION('',(-1.E0,0.E0,0.E0));
#1388=AXIS2_PLACEMENT_3D('',#1385,#1386,#1387);
#1390=CARTESIAN_POINT('',(0.E0,0.E0,-5.E0));
#1391=DIRECTION('',(0.E0,-1.E0,0.E0));
#1392=DIRECTION('',(1.E0,0.E0,0.E0));
#1393=AXIS2_PLACEMENT_3D('',#1390,#1391,#1392);
#1395=CARTESIAN_POINT('',(0.E0,0.E0,-5.E0));
#1396=DIRECTION('',(0.E0,-1.E0,0.E0));
#1397=DIRECTION('',(-1.E0,0.E0,0.E0));
#1398=AXIS2_PLACEMENT_3D('',#1395,#1396,#1397);
#1400=CARTESIAN_POINT('',(0.E0,0.E0,-7.5E0));
#1401=DIRECTION('',(0.E0,-1.E0,0.E0));
#1402=DIRECTION('',(1.E0,0.E0,0.E0));
#1403=AXIS2_PLACEMENT_3D('',#1400,#1401,#1402);
#1405=CARTESIAN_POINT('',(0.E0,0.E0,-7.5E0));
#1406=DIRECTION('',(0.E0,-1.E0,0.E0));
#1407=DIRECTION('',(-1.E0,0.E0,0.E0));
#1408=AXIS2_PLACEMENT_3D('',#1405,#1406,#1407);
#1410=CARTESIAN_POINT('',(0.E0,0.E0,5.E0));
#1411=DIRECTION('',(0.E0,-1.E0,0.E0));
#1412=DIRECTION('',(1.E0,0.E0,0.E0));
#1413=AXIS2_PLACEMENT_3D('',#1410,#1411,#1412);
#1415=CARTESIAN_POINT('',(0.E0,0.E0,5.E0));
#1416=DIRECTION('',(0.E0,-1.E0,0.E0));
#1417=DIRECTION('',(-1.E0,0.E0,0.E0));
#1418=AXIS2_PLACEMENT_3D('',#1415,#1416,#1417);
#1420=CARTESIAN_POINT('',(0.E0,0.E0,7.5E0));
#1421=DIRECTION('',(0.E0,-1.E0,0.E0));
#1422=DIRECTION('',(1.E0,0.E0,0.E0));
#1423=AXIS2_PLACEMENT_3D('',#1420,#1421,#1422);
#1425=CARTESIAN_POINT('',(0.E0,0.E0,7.5E0));
#1426=DIRECTION('',(0.E0,-1.E0,0.E0));
#1427=DIRECTION('',(-1.E0,0.E0,0.E0));
#1428=AXIS2_PLACEMENT_3D('',#1425,#1426,#1427);
#1430=CARTESIAN_POINT('',(0.E0,0.E0,1.E1));
#1431=DIRECTION('',(0.E0,-1.E0,0.E0));
#1432=DIRECTION('',(1.E0,0.E0,0.E0));
#1433=AXIS2_PLACEMENT_3D('',#1430,#1431,#1432);
#1435=CARTESIAN_POINT('',(0.E0,0.E0,1.E1));
#1436=DIRECTION('',(0.E0,-1.E0,0.E0));
#1437=DIRECTION('',(-1.E0,0.E0,0.E0));
#1438=AXIS2_PLACEMENT_3D('',#1435,#1436,#1437);
#1440=CARTESIAN_POINT('',(0.E0,0.E0,0.E0));
#1441=DIRECTION('',(0.E0,-1.E0,0.E0));
#1442=DIRECTION('',(0.E0,0.E0,1.E0));
#1443=AXIS2_PLACEMENT_3D('',#1440,#1441,#1442);
#1445=CARTESIAN_POINT('',(0.E0,0.E0,0.E0));
#1446=DIRECTION('',(0.E0,-1.E0,0.E0));
#1447=DIRECTION('',(0.E0,0.E0,-1.E0));
#1448=AXIS2_PLACEMENT_3D('',#1445,#1446,#1447);
#1450=DIRECTION('',(0.E0,-1.E0,0.E0));
#1451=VECTOR('',#1450,1.5E0);
#1452=CARTESIAN_POINT('',(-2.400991834693E0,1.5E0,-2.400991834693E0));
#1453=LINE('',#1452,#1451);
#1454=DIRECTION('',(0.E0,-1.E0,0.E0));
#1455=VECTOR('',#1454,1.5E0);
#1456=CARTESIAN_POINT('',(-1.010467191249E1,1.5E0,1.997259069509E0));
#1457=LINE('',#1456,#1455);
#1458=DIRECTION('',(0.E0,1.E0,0.E0));
#1459=VECTOR('',#1458,1.5E0);
#1460=CARTESIAN_POINT('',(-1.010467191249E1,0.E0,-1.997259069509E0));
#1461=LINE('',#1460,#1459);
#1462=DIRECTION('',(0.E0,1.E0,0.E0));
#1463=VECTOR('',#1462,1.5E0);
#1464=CARTESIAN_POINT('',(1.997259069509E0,0.E0,-1.010467191249E1));
#1465=LINE('',#1464,#1463);
#1466=DIRECTION('',(0.E0,-1.E0,0.E0));
#1467=VECTOR('',#1466,1.5E0);
#1468=CARTESIAN_POINT('',(-1.997259069509E0,1.5E0,-1.010467191249E1));
#1469=LINE('',#1468,#1467);
#1470=DIRECTION('',(0.E0,-1.E0,0.E0));
#1471=VECTOR('',#1470,1.5E0);
#1472=CARTESIAN_POINT('',(2.400991834693E0,1.5E0,-2.400991834693E0));
#1473=LINE('',#1472,#1471);
#1474=DIRECTION('',(0.E0,-1.E0,0.E0));
#1475=VECTOR('',#1474,1.5E0);
#1476=CARTESIAN_POINT('',(1.010467191249E1,1.5E0,-1.997259069509E0));
#1477=LINE('',#1476,#1475);
#1478=DIRECTION('',(0.E0,1.E0,0.E0));
#1479=VECTOR('',#1478,1.5E0);
#1480=CARTESIAN_POINT('',(1.010467191249E1,0.E0,1.997259069509E0));
#1481=LINE('',#1480,#1479);
#1482=DIRECTION('',(0.E0,-1.E0,0.E0));
#1483=VECTOR('',#1482,1.5E0);
#1484=CARTESIAN_POINT('',(2.400991834693E0,1.5E0,2.400991834693E0));
#1485=LINE('',#1484,#1483);
#1486=DIRECTION('',(0.E0,1.E0,0.E0));
#1487=VECTOR('',#1486,1.5E0);
#1488=CARTESIAN_POINT('',(-1.997259069509E0,0.E0,1.010467191249E1));
#1489=LINE('',#1488,#1487);
#1490=DIRECTION('',(0.E0,-1.E0,0.E0));
#1491=VECTOR('',#1490,1.5E0);
#1492=CARTESIAN_POINT('',(1.997259069509E0,1.5E0,1.010467191249E1));
#1493=LINE('',#1492,#1491);
#1494=DIRECTION('',(0.E0,1.E0,0.E0));
#1495=VECTOR('',#1494,1.5E0);
#1496=CARTESIAN_POINT('',(-8.E0,0.E0,0.E0));
#1497=LINE('',#1496,#1495);
#1498=DIRECTION('',(0.E0,1.E0,0.E0));
#1499=VECTOR('',#1498,1.5E0);
#1500=CARTESIAN_POINT('',(-7.E0,0.E0,0.E0));
#1501=LINE('',#1500,#1499);
#1502=DIRECTION('',(0.E0,1.E0,0.E0));
#1503=VECTOR('',#1502,1.5E0);
#1504=CARTESIAN_POINT('',(-5.5E0,0.E0,0.E0));
#1505=LINE('',#1504,#1503);
#1506=DIRECTION('',(0.E0,1.E0,0.E0));
#1507=VECTOR('',#1506,1.5E0);
#1508=CARTESIAN_POINT('',(-4.5E0,0.E0,0.E0));
#1509=LINE('',#1508,#1507);
#1510=DIRECTION('',(0.E0,1.E0,0.E0));
#1511=VECTOR('',#1510,1.5E0);
#1512=CARTESIAN_POINT('',(-1.05E1,0.E0,0.E0));
#1513=LINE('',#1512,#1511);
#1514=DIRECTION('',(0.E0,1.E0,0.E0));
#1515=VECTOR('',#1514,1.5E0);
#1516=CARTESIAN_POINT('',(-9.5E0,0.E0,0.E0));
#1517=LINE('',#1516,#1515);
#1518=DIRECTION('',(0.E0,1.E0,0.E0));
#1519=VECTOR('',#1518,1.5E0);
#1520=CARTESIAN_POINT('',(7.E0,0.E0,0.E0));
#1521=LINE('',#1520,#1519);
#1522=DIRECTION('',(0.E0,1.E0,0.E0));
#1523=VECTOR('',#1522,1.5E0);
#1524=CARTESIAN_POINT('',(8.E0,0.E0,0.E0));
#1525=LINE('',#1524,#1523);
#1526=DIRECTION('',(0.E0,1.E0,0.E0));
#1527=VECTOR('',#1526,1.5E0);
#1528=CARTESIAN_POINT('',(4.5E0,0.E0,0.E0));
#1529=LINE('',#1528,#1527);
#1530=DIRECTION('',(0.E0,1.E0,0.E0));
#1531=VECTOR('',#1530,1.5E0);
#1532=CARTESIAN_POINT('',(5.5E0,0.E0,0.E0));
#1533=LINE('',#1532,#1531);
#1534=DIRECTION('',(0.E0,1.E0,0.E0));
#1535=VECTOR('',#1534,1.5E0);
#1536=CARTESIAN_POINT('',(9.5E0,0.E0,0.E0));
#1537=LINE('',#1536,#1535);
#1538=DIRECTION('',(0.E0,1.E0,0.E0));
#1539=VECTOR('',#1538,1.5E0);
#1540=CARTESIAN_POINT('',(1.05E1,0.E0,0.E0));
#1541=LINE('',#1540,#1539);
#1542=DIRECTION('',(0.E0,-1.E0,0.E0));
#1543=VECTOR('',#1542,1.5E0);
#1544=CARTESIAN_POINT('',(-5.E-1,1.5E0,-1.E1));
#1545=LINE('',#1544,#1543);
#1546=DIRECTION('',(0.E0,-1.E0,0.E0));
#1547=VECTOR('',#1546,1.5E0);
#1548=CARTESIAN_POINT('',(5.E-1,1.5E0,-1.E1));
#1549=LINE('',#1548,#1547);
#1550=DIRECTION('',(0.E0,-1.E0,0.E0));
#1551=VECTOR('',#1550,1.5E0);
#1552=CARTESIAN_POINT('',(-5.E-1,1.5E0,-5.E0));
#1553=LINE('',#1552,#1551);
#1554=DIRECTION('',(0.E0,-1.E0,0.E0));
#1555=VECTOR('',#1554,1.5E0);
#1556=CARTESIAN_POINT('',(5.E-1,1.5E0,-5.E0));
#1557=LINE('',#1556,#1555);
#1558=DIRECTION('',(0.E0,-1.E0,0.E0));
#1559=VECTOR('',#1558,1.5E0);
#1560=CARTESIAN_POINT('',(-5.E-1,1.5E0,-7.5E0));
#1561=LINE('',#1560,#1559);
#1562=DIRECTION('',(0.E0,-1.E0,0.E0));
#1563=VECTOR('',#1562,1.5E0);
#1564=CARTESIAN_POINT('',(5.E-1,1.5E0,-7.5E0));
#1565=LINE('',#1564,#1563);
#1566=DIRECTION('',(0.E0,-1.E0,0.E0));
#1567=VECTOR('',#1566,1.5E0);
#1568=CARTESIAN_POINT('',(-5.E-1,1.5E0,5.E0));
#1569=LINE('',#1568,#1567);
#1570=DIRECTION('',(0.E0,-1.E0,0.E0));
#1571=VECTOR('',#1570,1.5E0);
#1572=CARTESIAN_POINT('',(5.E-1,1.5E0,5.E0));
#1573=LINE('',#1572,#1571);
#1574=DIRECTION('',(0.E0,-1.E0,0.E0));
#1575=VECTOR('',#1574,1.5E0);
#1576=CARTESIAN_POINT('',(-5.E-1,1.5E0,7.5E0));
#1577=LINE('',#1576,#1575);
#1578=DIRECTION('',(0.E0,-1.E0,0.E0));
#1579=VECTOR('',#1578,1.5E0);
#1580=CARTESIAN_POINT('',(5.E-1,1.5E0,7.5E0));
#1581=LINE('',#1580,#1579);
#1582=DIRECTION('',(0.E0,-1.E0,0.E0));
#1583=VECTOR('',#1582,1.5E0);
#1584=CARTESIAN_POINT('',(-5.E-1,1.5E0,1.E1));
#1585=LINE('',#1584,#1583);
#1586=DIRECTION('',(0.E0,-1.E0,0.E0));
#1587=VECTOR('',#1586,1.5E0);
#1588=CARTESIAN_POINT('',(5.E-1,1.5E0,1.E1));
#1589=LINE('',#1588,#1587);
#1590=DIRECTION('',(-2.086593899552E-13,1.E0,0.E0));
#1591=VECTOR('',#1590,4.E-1);
#1592=CARTESIAN_POINT('',(-2.504668854615E-13,-4.E-1,-2.95E0));
#1593=LINE('',#1592,#1591);
#1594=DIRECTION('',(0.E0,1.E0,0.E0));
#1595=VECTOR('',#1594,4.E-1);
#1596=CARTESIAN_POINT('',(0.E0,-4.E-1,2.95E0));
#1597=LINE('',#1596,#1595);
#1598=CARTESIAN_POINT('',(0.E0,-4.E-1,0.E0));
#1599=DIRECTION('',(0.E0,1.E0,0.E0));
#1600=DIRECTION('',(0.E0,0.E0,1.E0));
#1601=AXIS2_PLACEMENT_3D('',#1598,#1599,#1600);
#1603=CARTESIAN_POINT('',(0.E0,-4.E-1,-2.75E0));
#1604=DIRECTION('',(-1.E0,0.E0,0.E0));
#1605=DIRECTION('',(0.E0,0.E0,-1.E0));
#1606=AXIS2_PLACEMENT_3D('',#1603,#1604,#1605);
#1608=CARTESIAN_POINT('',(0.E0,-6.E-1,0.E0));
#1609=DIRECTION('',(0.E0,1.E0,0.E0));
#1610=DIRECTION('',(0.E0,0.E0,-1.E0));
#1611=AXIS2_PLACEMENT_3D('',#1608,#1609,#1610);
#1613=CARTESIAN_POINT('',(0.E0,-6.E-1,0.E0));
#1614=DIRECTION('',(0.E0,1.E0,0.E0));
#1615=DIRECTION('',(-1.409936287105E-2,0.E0,-9.999005990430E-1));
#1616=AXIS2_PLACEMENT_3D('',#1613,#1614,#1615);
#1618=CARTESIAN_POINT('',(0.E0,-6.E-1,0.E0));
#1619=DIRECTION('',(0.E0,1.E0,0.E0));
#1620=DIRECTION('',(0.E0,0.E0,1.E0));
#1621=AXIS2_PLACEMENT_3D('',#1618,#1619,#1620);
#1623=CARTESIAN_POINT('',(0.E0,-6.E-1,0.E0));
#1624=DIRECTION('',(0.E0,1.E0,0.E0));
#1625=DIRECTION('',(1.409936287105E-2,0.E0,9.999005990430E-1));
#1626=AXIS2_PLACEMENT_3D('',#1623,#1624,#1625);
#1628=CARTESIAN_POINT('',(0.E0,-6.E-1,0.E0));
#1629=DIRECTION('',(0.E0,-1.E0,0.E0));
#1630=DIRECTION('',(0.E0,0.E0,-1.E0));
#1631=AXIS2_PLACEMENT_3D('',#1628,#1629,#1630);
#1633=CARTESIAN_POINT('',(0.E0,-6.E-1,0.E0));
#1634=DIRECTION('',(0.E0,-1.E0,0.E0));
#1635=DIRECTION('',(2.813309699500E-2,0.E0,-9.996041860924E-1));
#1636=AXIS2_PLACEMENT_3D('',#1633,#1634,#1635);
#1638=CARTESIAN_POINT('',(0.E0,-6.E-1,0.E0));
#1639=DIRECTION('',(0.E0,-1.E0,0.E0));
#1640=DIRECTION('',(0.E0,0.E0,1.E0));
#1641=AXIS2_PLACEMENT_3D('',#1638,#1639,#1640);
#1643=CARTESIAN_POINT('',(0.E0,-6.E-1,0.E0));
#1644=DIRECTION('',(0.E0,-1.E0,0.E0));
#1645=DIRECTION('',(-2.813309699500E-2,0.E0,9.996041860924E-1));
#1646=AXIS2_PLACEMENT_3D('',#1643,#1644,#1645);
#1648=CARTESIAN_POINT('',(0.E0,-4.E-1,0.E0));
#1649=DIRECTION('',(0.E0,1.E0,0.E0));
#1650=DIRECTION('',(-1.697645428426E-13,0.E0,-1.E0));
#1651=AXIS2_PLACEMENT_3D('',#1648,#1649,#1650);
#1653=CARTESIAN_POINT('',(0.E0,-4.E-1,2.75E0));
#1654=DIRECTION('',(1.E0,0.E0,0.E0));
#1655=DIRECTION('',(0.E0,0.E0,1.E0));
#1656=AXIS2_PLACEMENT_3D('',#1653,#1654,#1655);
#1658=CARTESIAN_POINT('',(0.E0,-3.E-1,0.E0));
#1659=DIRECTION('',(0.E0,-1.E0,0.E0));
#1660=DIRECTION('',(7.673405210531E-11,0.E0,-1.E0));
#1661=AXIS2_PLACEMENT_3D('',#1658,#1659,#1660);
#1663=CARTESIAN_POINT('',(0.E0,-3.E-1,0.E0));
#1664=DIRECTION('',(0.E0,-1.E0,0.E0));
#1665=DIRECTION('',(2.813309699500E-2,0.E0,-9.996041860924E-1));
#1666=AXIS2_PLACEMENT_3D('',#1663,#1664,#1665);
#1668=CARTESIAN_POINT('',(-2.531770626479E-11,-3.E-1,2.4E0));
#1669=DIRECTION('',(-1.E0,0.E0,-1.054904774644E-11));
#1670=DIRECTION('',(1.054904774644E-11,0.E0,-1.E0));
#1671=AXIS2_PLACEMENT_3D('',#1668,#1669,#1670);
#1673=CARTESIAN_POINT('',(0.E0,-3.E-1,0.E0));
#1674=DIRECTION('',(0.E0,-1.E0,0.E0));
#1675=DIRECTION('',(0.E0,0.E0,1.E0));
#1676=AXIS2_PLACEMENT_3D('',#1673,#1674,#1675);
#1678=CARTESIAN_POINT('',(0.E0,-3.E-1,0.E0));
#1679=DIRECTION('',(0.E0,-1.E0,0.E0));
#1680=DIRECTION('',(-2.813309699500E-2,0.E0,9.996041860924E-1));
#1681=AXIS2_PLACEMENT_3D('',#1678,#1679,#1680);
#1683=CARTESIAN_POINT('',(2.531770626479E-11,-3.E-1,-2.4E0));
#1684=DIRECTION('',(1.E0,0.E0,1.054904774644E-11));
#1685=DIRECTION('',(-1.054904774644E-11,0.E0,1.E0));
#1686=AXIS2_PLACEMENT_3D('',#1683,#1684,#1685);
#1688=DIRECTION('',(1.846030087117E-11,1.E0,0.E0));
#1689=VECTOR('',#1688,6.E-1);
#1690=CARTESIAN_POINT('',(-1.107596631445E-11,-3.E-1,2.1E0));
#1691=LINE('',#1690,#1689);
#1692=DIRECTION('',(-2.630130096132E-11,-1.E0,0.E0));
#1693=VECTOR('',#1692,6.E-1);
#1694=CARTESIAN_POINT('',(1.074276301897E-10,3.E-1,-2.1E0));
#1695=LINE('',#1694,#1693);
#1696=CARTESIAN_POINT('',(0.E0,3.E-1,0.E0));
#1697=DIRECTION('',(0.E0,1.E0,0.E0));
#1698=DIRECTION('',(0.E0,0.E0,-1.E0));
#1699=AXIS2_PLACEMENT_3D('',#1696,#1697,#1698);
#1701=CARTESIAN_POINT('',(0.E0,3.E-1,0.E0));
#1702=DIRECTION('',(0.E0,1.E0,0.E0));
#1703=DIRECTION('',(0.E0,0.E0,1.E0));
#1704=AXIS2_PLACEMENT_3D('',#1701,#1702,#1703);
#1706=CARTESIAN_POINT('',(0.E0,3.E-1,0.E0));
#1707=DIRECTION('',(0.E0,-1.E0,0.E0));
#1708=DIRECTION('',(0.E0,0.E0,1.E0));
#1709=AXIS2_PLACEMENT_3D('',#1706,#1707,#1708);
#1711=CARTESIAN_POINT('',(0.E0,3.E-1,0.E0));
#1712=DIRECTION('',(0.E0,-1.E0,0.E0));
#1713=DIRECTION('',(0.E0,0.E0,-1.E0));
#1714=AXIS2_PLACEMENT_3D('',#1711,#1712,#1713);
#1716=DIRECTION('',(0.E0,-1.E0,0.E0));
#1717=VECTOR('',#1716,6.5E-1);
#1718=CARTESIAN_POINT('',(0.E0,9.5E-1,-1.E0));
#1719=LINE('',#1718,#1717);
#1720=DIRECTION('',(0.E0,-1.E0,0.E0));
#1721=VECTOR('',#1720,6.5E-1);
#1722=CARTESIAN_POINT('',(0.E0,9.5E-1,1.E0));
#1723=LINE('',#1722,#1721);
#1724=DIRECTION('',(0.E0,-1.E0,0.E0));
#1725=VECTOR('',#1724,1.7E0);
#1726=CARTESIAN_POINT('',(2.95E0,3.2E0,0.E0));
#1727=LINE('',#1726,#1725);
#1728=DIRECTION('',(0.E0,-1.E0,0.E0));
#1729=VECTOR('',#1728,2.55E0);
#1730=CARTESIAN_POINT('',(-3.507251032914E-1,3.5E0,1.748341347909E0));
#1731=LINE('',#1730,#1729);
#1732=DIRECTION('',(0.E0,1.E0,0.E0));
#1733=VECTOR('',#1732,2.55E0);
#1734=CARTESIAN_POINT('',(-2.075395048239E-1,9.5E-1,1.771139195721E0));
#1735=LINE('',#1734,#1733);
#1736=DIRECTION('',(0.E0,1.E0,0.E0));
#1737=VECTOR('',#1736,2.55E0);
#1738=CARTESIAN_POINT('',(-5.255661417804E-1,9.5E-1,1.885808456322E0));
#1739=LINE('',#1738,#1737);
#1740=DIRECTION('',(0.E0,-1.E0,0.E0));
#1741=VECTOR('',#1740,2.55E0);
#1742=CARTESIAN_POINT('',(-6.832584589061E-1,3.5E0,1.834571116543E0));
#1743=LINE('',#1742,#1741);
#1744=DIRECTION('',(0.E0,-1.E0,0.E0));
#1745=VECTOR('',#1744,2.55E0);
#1746=CARTESIAN_POINT('',(-8.290375725574E-2,3.5E0,1.955919290347E0));
#1747=LINE('',#1746,#1745);
#1748=DIRECTION('',(0.E0,1.E0,0.E0));
#1749=VECTOR('',#1748,2.55E0);
#1750=CARTESIAN_POINT('',(8.290375725547E-2,9.5E-1,1.955919290347E0));
#1751=LINE('',#1750,#1749);
#1752=DIRECTION('',(0.E0,1.E0,0.E0));
#1753=VECTOR('',#1752,2.55E0);
#1754=CARTESIAN_POINT('',(3.507251032903E-1,9.5E-1,1.748341347909E0));
#1755=LINE('',#1754,#1753);
#1756=DIRECTION('',(0.E0,-1.E0,0.E0));
#1757=VECTOR('',#1756,2.55E0);
#1758=CARTESIAN_POINT('',(2.075395048235E-1,3.5E0,1.771139195721E0));
#1759=LINE('',#1758,#1757);
#1760=DIRECTION('',(0.E0,1.E0,0.E0));
#1761=VECTOR('',#1760,2.55E0);
#1762=CARTESIAN_POINT('',(6.832584589062E-1,9.5E-1,1.834571116543E0));
#1763=LINE('',#1762,#1761);
#1764=DIRECTION('',(0.E0,-1.E0,0.E0));
#1765=VECTOR('',#1764,2.55E0);
#1766=CARTESIAN_POINT('',(5.255661417798E-1,3.5E0,1.885808456321E0));
#1767=LINE('',#1766,#1765);
#1768=DIRECTION('',(0.E0,1.E0,0.E0));
#1769=VECTOR('',#1768,2.55E0);
#1770=CARTESIAN_POINT('',(8.738265833846E-1,9.5E-1,1.554391414366E0));
#1771=LINE('',#1770,#1769);
#1772=DIRECTION('',(0.E0,-1.E0,0.E0));
#1773=VECTOR('',#1772,2.55E0);
#1774=CARTESIAN_POINT('',(7.446939093330E-1,3.5E0,1.620320239361E0));
#1775=LINE('',#1774,#1773);
#1776=DIRECTION('',(0.E0,1.E0,0.E0));
#1777=VECTOR('',#1776,2.55E0);
#1778=CARTESIAN_POINT('',(1.216731062058E0,9.5E-1,1.533642339642E0));
#1779=LINE('',#1778,#1777);
#1780=DIRECTION('',(0.E0,-1.E0,0.E0));
#1781=VECTOR('',#1780,2.55E0);
#1782=CARTESIAN_POINT('',(1.082589965023E0,3.5E0,1.631101551391E0));
#1783=LINE('',#1782,#1781);
#1784=DIRECTION('',(0.E0,1.E0,0.E0));
#1785=VECTOR('',#1784,2.55E0);
#1786=CARTESIAN_POINT('',(1.311391829189E0,9.5E-1,1.208286819103E0));
#1787=LINE('',#1786,#1785);
#1788=DIRECTION('',(0.E0,-1.E0,0.E0));
#1789=VECTOR('',#1788,2.55E0);
#1790=CARTESIAN_POINT('',(1.208952485409E0,3.5E0,1.310893048538E0));
#1791=LINE('',#1790,#1789);
#1792=DIRECTION('',(0.E0,1.E0,0.E0));
#1793=VECTOR('',#1792,2.55E0);
#1794=CARTESIAN_POINT('',(1.631101551391E0,9.5E-1,1.082589965022E0));
#1795=LINE('',#1794,#1793);
#1796=DIRECTION('',(0.E0,-1.E0,0.E0));
#1797=VECTOR('',#1796,2.55E0);
#1798=CARTESIAN_POINT('',(1.533642339643E0,3.5E0,1.216731062058E0));
#1799=LINE('',#1798,#1797);
#1800=DIRECTION('',(0.E0,1.E0,0.E0));
#1801=VECTOR('',#1800,2.55E0);
#1802=CARTESIAN_POINT('',(1.620588905749E0,9.5E-1,7.439066913581E-1));
#1803=LINE('',#1802,#1801);
#1804=DIRECTION('',(0.E0,-1.E0,0.E0));
#1805=VECTOR('',#1804,2.55E0);
#1806=CARTESIAN_POINT('',(1.554870368945E0,3.5E0,8.731465125944E-1));
#1807=LINE('',#1806,#1805);
#1808=DIRECTION('',(0.E0,1.E0,0.E0));
#1809=VECTOR('',#1808,2.55E0);
#1810=CARTESIAN_POINT('',(1.885808456322E0,9.5E-1,5.255661417804E-1));
#1811=LINE('',#1810,#1809);
#1812=DIRECTION('',(0.E0,-1.E0,0.E0));
#1813=VECTOR('',#1812,2.55E0);
#1814=CARTESIAN_POINT('',(1.834571116543E0,3.5E0,6.832584589061E-1));
#1815=LINE('',#1814,#1813);
#1816=DIRECTION('',(0.E0,1.E0,0.E0));
#1817=VECTOR('',#1816,2.55E0);
#1818=CARTESIAN_POINT('',(1.771151448908E0,9.5E-1,2.067077935595E-1));
#1819=LINE('',#1818,#1817);
#1820=DIRECTION('',(0.E0,-1.E0,0.E0));
#1821=VECTOR('',#1820,2.55E0);
#1822=CARTESIAN_POINT('',(1.748586707351E0,3.5E0,3.499303124312E-1));
#1823=LINE('',#1822,#1821);
#1824=DIRECTION('',(0.E0,1.E0,0.E0));
#1825=VECTOR('',#1824,2.55E0);
#1826=CARTESIAN_POINT('',(1.834571116543E0,9.5E-1,-6.832584589062E-1));
#1827=LINE('',#1826,#1825);
#1828=DIRECTION('',(0.E0,-1.E0,0.E0));
#1829=VECTOR('',#1828,2.55E0);
#1830=CARTESIAN_POINT('',(1.885808456321E0,3.5E0,-5.255661417798E-1));
#1831=LINE('',#1830,#1829);
#1832=DIRECTION('',(0.E0,1.E0,0.E0));
#1833=VECTOR('',#1832,2.55E0);
#1834=CARTESIAN_POINT('',(1.554391414366E0,9.5E-1,-8.738265833846E-1));
#1835=LINE('',#1834,#1833);
#1836=DIRECTION('',(0.E0,-1.E0,0.E0));
#1837=VECTOR('',#1836,2.55E0);
#1838=CARTESIAN_POINT('',(1.620320239361E0,3.5E0,-7.446939093330E-1));
#1839=LINE('',#1838,#1837);
#1840=DIRECTION('',(0.E0,1.E0,0.E0));
#1841=VECTOR('',#1840,2.55E0);
#1842=CARTESIAN_POINT('',(1.533642339642E0,9.5E-1,-1.216731062058E0));
#1843=LINE('',#1842,#1841);
#1844=DIRECTION('',(0.E0,-1.E0,0.E0));
#1845=VECTOR('',#1844,2.55E0);
#1846=CARTESIAN_POINT('',(1.631101551391E0,3.5E0,-1.082589965023E0));
#1847=LINE('',#1846,#1845);
#1848=DIRECTION('',(0.E0,1.E0,0.E0));
#1849=VECTOR('',#1848,2.55E0);
#1850=CARTESIAN_POINT('',(1.208286819103E0,9.5E-1,-1.311391829189E0));
#1851=LINE('',#1850,#1849);
#1852=DIRECTION('',(0.E0,-1.E0,0.E0));
#1853=VECTOR('',#1852,2.55E0);
#1854=CARTESIAN_POINT('',(1.310893048538E0,3.5E0,-1.208952485409E0));
#1855=LINE('',#1854,#1853);
#1856=DIRECTION('',(0.E0,1.E0,0.E0));
#1857=VECTOR('',#1856,2.55E0);
#1858=CARTESIAN_POINT('',(1.082589965022E0,9.5E-1,-1.631101551391E0));
#1859=LINE('',#1858,#1857);
#1860=DIRECTION('',(0.E0,-1.E0,0.E0));
#1861=VECTOR('',#1860,2.55E0);
#1862=CARTESIAN_POINT('',(1.216731062058E0,3.5E0,-1.533642339643E0));
#1863=LINE('',#1862,#1861);
#1864=DIRECTION('',(0.E0,1.E0,0.E0));
#1865=VECTOR('',#1864,2.55E0);
#1866=CARTESIAN_POINT('',(7.439066913581E-1,9.5E-1,-1.620588905749E0));
#1867=LINE('',#1866,#1865);
#1868=DIRECTION('',(0.E0,-1.E0,0.E0));
#1869=VECTOR('',#1868,2.55E0);
#1870=CARTESIAN_POINT('',(8.731465125944E-1,3.5E0,-1.554870368945E0));
#1871=LINE('',#1870,#1869);
#1872=DIRECTION('',(0.E0,1.E0,0.E0));
#1873=VECTOR('',#1872,2.55E0);
#1874=CARTESIAN_POINT('',(5.255661417804E-1,9.5E-1,-1.885808456322E0));
#1875=LINE('',#1874,#1873);
#1876=DIRECTION('',(0.E0,-1.E0,0.E0));
#1877=VECTOR('',#1876,2.55E0);
#1878=CARTESIAN_POINT('',(6.832584589061E-1,3.5E0,-1.834571116543E0));
#1879=LINE('',#1878,#1877);
#1880=DIRECTION('',(0.E0,1.E0,0.E0));
#1881=VECTOR('',#1880,2.55E0);
#1882=CARTESIAN_POINT('',(2.067077935595E-1,9.5E-1,-1.771151448908E0));
#1883=LINE('',#1882,#1881);
#1884=DIRECTION('',(0.E0,-1.E0,0.E0));
#1885=VECTOR('',#1884,2.55E0);
#1886=CARTESIAN_POINT('',(3.499303124312E-1,3.5E0,-1.748586707351E0));
#1887=LINE('',#1886,#1885);
#1888=DIRECTION('',(0.E0,1.E0,0.E0));
#1889=VECTOR('',#1888,2.55E0);
#1890=CARTESIAN_POINT('',(-8.290375725547E-2,9.5E-1,-1.955919290347E0));
#1891=LINE('',#1890,#1889);
#1892=DIRECTION('',(0.E0,-1.E0,0.E0));
#1893=VECTOR('',#1892,2.55E0);
#1894=CARTESIAN_POINT('',(8.290375725585E-2,3.5E0,-1.955919290347E0));
#1895=LINE('',#1894,#1893);
#1896=DIRECTION('',(0.E0,1.E0,0.E0));
#1897=VECTOR('',#1896,2.55E0);
#1898=CARTESIAN_POINT('',(-3.507251032903E-1,9.5E-1,-1.748341347909E0));
#1899=LINE('',#1898,#1897);
#1900=DIRECTION('',(0.E0,-1.E0,0.E0));
#1901=VECTOR('',#1900,2.55E0);
#1902=CARTESIAN_POINT('',(-2.075395048235E-1,3.5E0,-1.771139195721E0));
#1903=LINE('',#1902,#1901);
#1904=DIRECTION('',(0.E0,1.E0,0.E0));
#1905=VECTOR('',#1904,2.55E0);
#1906=CARTESIAN_POINT('',(-6.832584589062E-1,9.5E-1,-1.834571116543E0));
#1907=LINE('',#1906,#1905);
#1908=DIRECTION('',(0.E0,-1.E0,0.E0));
#1909=VECTOR('',#1908,2.55E0);
#1910=CARTESIAN_POINT('',(-5.255661417798E-1,3.5E0,-1.885808456321E0));
#1911=LINE('',#1910,#1909);
#1912=DIRECTION('',(0.E0,1.E0,0.E0));
#1913=VECTOR('',#1912,2.55E0);
#1914=CARTESIAN_POINT('',(-8.738265833846E-1,9.5E-1,-1.554391414366E0));
#1915=LINE('',#1914,#1913);
#1916=DIRECTION('',(0.E0,-1.E0,0.E0));
#1917=VECTOR('',#1916,2.55E0);
#1918=CARTESIAN_POINT('',(-7.446939093330E-1,3.5E0,-1.620320239361E0));
#1919=LINE('',#1918,#1917);
#1920=DIRECTION('',(0.E0,1.E0,0.E0));
#1921=VECTOR('',#1920,2.55E0);
#1922=CARTESIAN_POINT('',(-1.216731062058E0,9.5E-1,-1.533642339642E0));
#1923=LINE('',#1922,#1921);
#1924=DIRECTION('',(0.E0,-1.E0,0.E0));
#1925=VECTOR('',#1924,2.55E0);
#1926=CARTESIAN_POINT('',(-1.082589965023E0,3.5E0,-1.631101551391E0));
#1927=LINE('',#1926,#1925);
#1928=DIRECTION('',(0.E0,1.E0,0.E0));
#1929=VECTOR('',#1928,2.55E0);
#1930=CARTESIAN_POINT('',(-1.311391829189E0,9.5E-1,-1.208286819103E0));
#1931=LINE('',#1930,#1929);
#1932=DIRECTION('',(0.E0,-1.E0,0.E0));
#1933=VECTOR('',#1932,2.55E0);
#1934=CARTESIAN_POINT('',(-1.208952485409E0,3.5E0,-1.310893048538E0));
#1935=LINE('',#1934,#1933);
#1936=DIRECTION('',(0.E0,1.E0,0.E0));
#1937=VECTOR('',#1936,2.55E0);
#1938=CARTESIAN_POINT('',(-1.631101551391E0,9.5E-1,-1.082589965022E0));
#1939=LINE('',#1938,#1937);
#1940=DIRECTION('',(0.E0,-1.E0,0.E0));
#1941=VECTOR('',#1940,2.55E0);
#1942=CARTESIAN_POINT('',(-1.533642339643E0,3.5E0,-1.216731062058E0));
#1943=LINE('',#1942,#1941);
#1944=DIRECTION('',(0.E0,1.E0,0.E0));
#1945=VECTOR('',#1944,2.55E0);
#1946=CARTESIAN_POINT('',(-1.620588905749E0,9.5E-1,-7.439066913581E-1));
#1947=LINE('',#1946,#1945);
#1948=DIRECTION('',(0.E0,-1.E0,0.E0));
#1949=VECTOR('',#1948,2.55E0);
#1950=CARTESIAN_POINT('',(-1.554870368945E0,3.5E0,-8.731465125944E-1));
#1951=LINE('',#1950,#1949);
#1952=DIRECTION('',(0.E0,1.E0,0.E0));
#1953=VECTOR('',#1952,2.55E0);
#1954=CARTESIAN_POINT('',(-1.885808456322E0,9.5E-1,-5.255661417804E-1));
#1955=LINE('',#1954,#1953);
#1956=DIRECTION('',(0.E0,-1.E0,0.E0));
#1957=VECTOR('',#1956,2.55E0);
#1958=CARTESIAN_POINT('',(-1.834571116543E0,3.5E0,-6.832584589061E-1));
#1959=LINE('',#1958,#1957);
#1960=DIRECTION('',(0.E0,1.E0,0.E0));
#1961=VECTOR('',#1960,2.55E0);
#1962=CARTESIAN_POINT('',(-1.771151448908E0,9.5E-1,-2.067077935595E-1));
#1963=LINE('',#1962,#1961);
#1964=DIRECTION('',(0.E0,-1.E0,0.E0));
#1965=VECTOR('',#1964,2.55E0);
#1966=CARTESIAN_POINT('',(-1.748586707351E0,3.5E0,-3.499303124312E-1));
#1967=LINE('',#1966,#1965);
#1968=DIRECTION('',(0.E0,1.E0,0.E0));
#1969=VECTOR('',#1968,2.55E0);
#1970=CARTESIAN_POINT('',(-1.955919290347E0,9.5E-1,8.290375725547E-2));
#1971=LINE('',#1970,#1969);
#1972=DIRECTION('',(0.E0,-1.E0,0.E0));
#1973=VECTOR('',#1972,2.55E0);
#1974=CARTESIAN_POINT('',(-1.955919290347E0,3.5E0,-8.290375725585E-2));
#1975=LINE('',#1974,#1973);
#1976=DIRECTION('',(0.E0,1.E0,0.E0));
#1977=VECTOR('',#1976,2.55E0);
#1978=CARTESIAN_POINT('',(-1.748341347909E0,9.5E-1,3.507251032903E-1));
#1979=LINE('',#1978,#1977);
#1980=DIRECTION('',(0.E0,-1.E0,0.E0));
#1981=VECTOR('',#1980,2.55E0);
#1982=CARTESIAN_POINT('',(-1.771139195721E0,3.5E0,2.075395048235E-1));
#1983=LINE('',#1982,#1981);
#1984=DIRECTION('',(0.E0,1.E0,0.E0));
#1985=VECTOR('',#1984,2.55E0);
#1986=CARTESIAN_POINT('',(-1.834571116543E0,9.5E-1,6.832584589062E-1));
#1987=LINE('',#1986,#1985);
#1988=DIRECTION('',(0.E0,-1.E0,0.E0));
#1989=VECTOR('',#1988,2.55E0);
#1990=CARTESIAN_POINT('',(-1.885808456321E0,3.5E0,5.255661417798E-1));
#1991=LINE('',#1990,#1989);
#1992=DIRECTION('',(0.E0,1.E0,0.E0));
#1993=VECTOR('',#1992,2.55E0);
#1994=CARTESIAN_POINT('',(-1.554391414366E0,9.5E-1,8.738265833846E-1));
#1995=LINE('',#1994,#1993);
#1996=DIRECTION('',(0.E0,-1.E0,0.E0));
#1997=VECTOR('',#1996,2.55E0);
#1998=CARTESIAN_POINT('',(-1.620320239361E0,3.5E0,7.446939093330E-1));
#1999=LINE('',#1998,#1997);
#2000=DIRECTION('',(0.E0,1.E0,0.E0));
#2001=VECTOR('',#2000,2.55E0);
#2002=CARTESIAN_POINT('',(-1.533642339642E0,9.5E-1,1.216731062058E0));
#2003=LINE('',#2002,#2001);
#2004=DIRECTION('',(0.E0,-1.E0,0.E0));
#2005=VECTOR('',#2004,2.55E0);
#2006=CARTESIAN_POINT('',(-1.631101551391E0,3.5E0,1.082589965023E0));
#2007=LINE('',#2006,#2005);
#2008=DIRECTION('',(0.E0,1.E0,0.E0));
#2009=VECTOR('',#2008,2.55E0);
#2010=CARTESIAN_POINT('',(-1.208286819103E0,9.5E-1,1.311391829189E0));
#2011=LINE('',#2010,#2009);
#2012=DIRECTION('',(0.E0,-1.E0,0.E0));
#2013=VECTOR('',#2012,2.55E0);
#2014=CARTESIAN_POINT('',(-1.310893048538E0,3.5E0,1.208952485409E0));
#2015=LINE('',#2014,#2013);
#2016=DIRECTION('',(0.E0,1.E0,0.E0));
#2017=VECTOR('',#2016,2.55E0);
#2018=CARTESIAN_POINT('',(-1.082589965022E0,9.5E-1,1.631101551391E0));
#2019=LINE('',#2018,#2017);
#2020=DIRECTION('',(0.E0,-1.E0,0.E0));
#2021=VECTOR('',#2020,2.55E0);
#2022=CARTESIAN_POINT('',(-1.216731062058E0,3.5E0,1.533642339643E0));
#2023=LINE('',#2022,#2021);
#2024=CARTESIAN_POINT('',(-6.832584589062E-1,9.5E-1,-1.834571116543E0));
#2025=CARTESIAN_POINT('',(-6.832584589062E-1,3.5E0,-1.834571116543E0));
#2026=VERTEX_POINT('',#2024);
#2027=VERTEX_POINT('',#2025);
#2028=CARTESIAN_POINT('',(-5.255661417802E-1,3.5E0,-1.885808456322E0));
#2029=VERTEX_POINT('',#2028);
#2030=CARTESIAN_POINT('',(-5.255661417798E-1,9.5E-1,-1.885808456321E0));
#2031=VERTEX_POINT('',#2030);
#2032=CARTESIAN_POINT('',(-7.446939093330E-1,3.5E0,-1.620320239361E0));
#2033=CARTESIAN_POINT('',(-7.446939093330E-1,9.5E-1,-1.620320239361E0));
#2034=VERTEX_POINT('',#2032);
#2035=VERTEX_POINT('',#2033);
#2036=CARTESIAN_POINT('',(-8.741118522554E-1,9.5E-1,-1.553588387408E0));
#2037=CARTESIAN_POINT('',(-7.953703638767E-1,9.5E-1,-1.558809155820E0));
#2038=VERTEX_POINT('',#2036);
#2039=VERTEX_POINT('',#2037);
#2040=CARTESIAN_POINT('',(-8.738265833846E-1,3.5E0,-1.554391414366E0));
#2041=VERTEX_POINT('',#2040);
#2042=CARTESIAN_POINT('',(-7.953703638767E-1,3.5E0,-1.558809155820E0));
#2043=VERTEX_POINT('',#2042);
#2044=VERTEX_POINT('',#30);
#2045=VERTEX_POINT('',#33);
#2046=CARTESIAN_POINT('',(-7.935961280480E-1,9.5E-1,1.559713174128E0));
#2047=VERTEX_POINT('',#2046);
#2048=CARTESIAN_POINT('',(-8.731465125930E-1,9.5E-1,1.554870368945E0));
#2049=VERTEX_POINT('',#2048);
#2050=CARTESIAN_POINT('',(-1.082589965022E0,9.5E-1,1.631101551391E0));
#2051=VERTEX_POINT('',#2050);
#2052=CARTESIAN_POINT('',(-1.216731062058E0,9.5E-1,1.533642339645E0));
#2053=VERTEX_POINT('',#2052);
#2054=VERTEX_POINT('',#57);
#2055=CARTESIAN_POINT('',(-1.236732646043E0,9.5E-1,1.238140687568E0));
#2056=VERTEX_POINT('',#2055);
#2057=CARTESIAN_POINT('',(-1.310893048539E0,9.5E-1,1.208952485408E0));
#2058=VERTEX_POINT('',#2057);
#2059=CARTESIAN_POINT('',(-1.533642339642E0,9.5E-1,1.216731062058E0));
#2060=VERTEX_POINT('',#2059);
#2061=CARTESIAN_POINT('',(-1.631101551390E0,9.5E-1,1.082589965023E0));
#2062=VERTEX_POINT('',#2061);
#2063=VERTEX_POINT('',#81);
#2064=CARTESIAN_POINT('',(-1.558809155820E0,9.5E-1,7.953703638767E-1));
#2065=VERTEX_POINT('',#2064);
#2066=CARTESIAN_POINT('',(-1.620320239360E0,9.5E-1,7.446939093333E-1));
#2067=VERTEX_POINT('',#2066);
#2068=CARTESIAN_POINT('',(-1.834571116543E0,9.5E-1,6.832584589062E-1));
#2069=VERTEX_POINT('',#2068);
#2070=CARTESIAN_POINT('',(-1.885808456322E0,9.5E-1,5.255661417802E-1));
#2071=VERTEX_POINT('',#2070);
#2072=VERTEX_POINT('',#105);
#2073=CARTESIAN_POINT('',(-1.728298564563E0,9.5E-1,2.747436472975E-1));
#2074=VERTEX_POINT('',#2073);
#2075=CARTESIAN_POINT('',(-1.771139195722E0,9.5E-1,2.075395048231E-1));
#2076=VERTEX_POINT('',#2075);
#2077=CARTESIAN_POINT('',(-1.955919290347E0,9.5E-1,8.290375725547E-2));
#2078=VERTEX_POINT('',#2077);
#2079=CARTESIAN_POINT('',(-1.955919290346E0,9.5E-1,-8.290375725614E-2));
#2080=VERTEX_POINT('',#2079);
#2081=VERTEX_POINT('',#129);
#2082=CARTESIAN_POINT('',(-1.728610068042E0,9.5E-1,-2.727768917308E-1));
#2083=VERTEX_POINT('',#2082);
#2084=CARTESIAN_POINT('',(-1.748586707353E0,9.5E-1,-3.499303124333E-1));
#2085=VERTEX_POINT('',#2084);
#2086=CARTESIAN_POINT('',(-1.885808456322E0,9.5E-1,-5.255661417804E-1));
#2087=VERTEX_POINT('',#2086);
#2088=CARTESIAN_POINT('',(-1.834571116543E0,9.5E-1,-6.832584589061E-1));
#2089=VERTEX_POINT('',#2088);
#2090=VERTEX_POINT('',#153);
#2091=CARTESIAN_POINT('',(-1.559713174128E0,9.5E-1,-7.935961280480E-1));
#2092=VERTEX_POINT('',#2091);
#2093=CARTESIAN_POINT('',(-1.554870368945E0,9.5E-1,-8.731465125930E-1));
#2094=VERTEX_POINT('',#2093);
#2095=CARTESIAN_POINT('',(-1.631101551391E0,9.5E-1,-1.082589965022E0));
#2096=VERTEX_POINT('',#2095);
#2097=CARTESIAN_POINT('',(-1.533642339645E0,9.5E-1,-1.216731062058E0));
#2098=VERTEX_POINT('',#2097);
#2099=VERTEX_POINT('',#177);
#2100=CARTESIAN_POINT('',(-1.238140687568E0,9.5E-1,-1.236732646043E0));
#2101=VERTEX_POINT('',#2100);
#2102=CARTESIAN_POINT('',(-1.208952485408E0,9.5E-1,-1.310893048539E0));
#2103=VERTEX_POINT('',#2102);
#2104=CARTESIAN_POINT('',(-1.216731062058E0,9.5E-1,-1.533642339642E0));
#2105=VERTEX_POINT('',#2104);
#2106=CARTESIAN_POINT('',(-1.082589965023E0,9.5E-1,-1.631101551390E0));
#2107=VERTEX_POINT('',#2106);
#2108=VERTEX_POINT('',#225);
#2109=CARTESIAN_POINT('',(-2.747436472975E-1,9.5E-1,-1.728298564563E0));
#2110=VERTEX_POINT('',#2109);
#2111=CARTESIAN_POINT('',(-2.075395048231E-1,9.5E-1,-1.771139195722E0));
#2112=VERTEX_POINT('',#2111);
#2113=CARTESIAN_POINT('',(-8.290375725547E-2,9.5E-1,-1.955919290347E0));
#2114=VERTEX_POINT('',#2113);
#2115=CARTESIAN_POINT('',(8.290375725614E-2,9.5E-1,-1.955919290346E0));
#2116=VERTEX_POINT('',#2115);
#2117=VERTEX_POINT('',#249);
#2118=CARTESIAN_POINT('',(2.727768917308E-1,9.5E-1,-1.728610068042E0));
#2119=VERTEX_POINT('',#2118);
#2120=CARTESIAN_POINT('',(3.499303124333E-1,9.5E-1,-1.748586707353E0));
#2121=VERTEX_POINT('',#2120);
#2122=CARTESIAN_POINT('',(5.255661417804E-1,9.5E-1,-1.885808456322E0));
#2123=VERTEX_POINT('',#2122);
#2124=CARTESIAN_POINT('',(6.832584589061E-1,9.5E-1,-1.834571116543E0));
#2125=VERTEX_POINT('',#2124);
#2126=VERTEX_POINT('',#273);
#2127=CARTESIAN_POINT('',(7.935961280480E-1,9.5E-1,-1.559713174128E0));
#2128=VERTEX_POINT('',#2127);
#2129=CARTESIAN_POINT('',(8.731465125930E-1,9.5E-1,-1.554870368945E0));
#2130=VERTEX_POINT('',#2129);
#2131=CARTESIAN_POINT('',(1.082589965022E0,9.5E-1,-1.631101551391E0));
#2132=VERTEX_POINT('',#2131);
#2133=CARTESIAN_POINT('',(1.216731062058E0,9.5E-1,-1.533642339645E0));
#2134=VERTEX_POINT('',#2133);
#2135=VERTEX_POINT('',#297);
#2136=CARTESIAN_POINT('',(1.236732646043E0,9.5E-1,-1.238140687568E0));
#2137=VERTEX_POINT('',#2136);
#2138=CARTESIAN_POINT('',(1.310893048539E0,9.5E-1,-1.208952485408E0));
#2139=VERTEX_POINT('',#2138);
#2140=CARTESIAN_POINT('',(1.533642339642E0,9.5E-1,-1.216731062058E0));
#2141=VERTEX_POINT('',#2140);
#2142=CARTESIAN_POINT('',(1.631101551390E0,9.5E-1,-1.082589965023E0));
#2143=VERTEX_POINT('',#2142);
#2144=VERTEX_POINT('',#321);
#2145=CARTESIAN_POINT('',(1.558809155820E0,9.5E-1,-7.953703638767E-1));
#2146=VERTEX_POINT('',#2145);
#2147=CARTESIAN_POINT('',(1.620320239360E0,9.5E-1,-7.446939093333E-1));
#2148=VERTEX_POINT('',#2147);
#2149=CARTESIAN_POINT('',(1.834571116543E0,9.5E-1,-6.832584589062E-1));
#2150=VERTEX_POINT('',#2149);
#2151=CARTESIAN_POINT('',(1.885808456322E0,9.5E-1,-5.255661417802E-1));
#2152=VERTEX_POINT('',#2151);
#2153=VERTEX_POINT('',#345);
#2154=CARTESIAN_POINT('',(1.728298564563E0,9.5E-1,-2.747436472975E-1));
#2155=VERTEX_POINT('',#2154);
#2156=CARTESIAN_POINT('',(1.771139195722E0,9.5E-1,-2.075395048231E-1));
#2157=VERTEX_POINT('',#2156);
#2158=CARTESIAN_POINT('',(1.955919290347E0,9.5E-1,-8.290375725547E-2));
#2159=VERTEX_POINT('',#2158);
#2160=CARTESIAN_POINT('',(1.955919290346E0,9.5E-1,8.290375725614E-2));
#2161=VERTEX_POINT('',#2160);
#2162=VERTEX_POINT('',#369);
#2163=CARTESIAN_POINT('',(1.728610068042E0,9.5E-1,2.727768917308E-1));
#2164=VERTEX_POINT('',#2163);
#2165=CARTESIAN_POINT('',(1.748586707353E0,9.5E-1,3.499303124333E-1));
#2166=VERTEX_POINT('',#2165);
#2167=CARTESIAN_POINT('',(1.885808456322E0,9.5E-1,5.255661417804E-1));
#2168=VERTEX_POINT('',#2167);
#2169=CARTESIAN_POINT('',(1.834571116543E0,9.5E-1,6.832584589061E-1));
#2170=VERTEX_POINT('',#2169);
#2171=VERTEX_POINT('',#393);
#2172=CARTESIAN_POINT('',(1.559713174128E0,9.5E-1,7.935961280480E-1));
#2173=VERTEX_POINT('',#2172);
#2174=CARTESIAN_POINT('',(1.554870368945E0,9.5E-1,8.731465125930E-1));
#2175=VERTEX_POINT('',#2174);
#2176=CARTESIAN_POINT('',(1.631101551391E0,9.5E-1,1.082589965022E0));
#2177=VERTEX_POINT('',#2176);
#2178=CARTESIAN_POINT('',(1.533642339645E0,9.5E-1,1.216731062058E0));
#2179=VERTEX_POINT('',#2178);
#2180=VERTEX_POINT('',#417);
#2181=CARTESIAN_POINT('',(1.238140687568E0,9.5E-1,1.236732646043E0));
#2182=VERTEX_POINT('',#2181);
#2183=CARTESIAN_POINT('',(1.208952485408E0,9.5E-1,1.310893048539E0));
#2184=VERTEX_POINT('',#2183);
#2185=CARTESIAN_POINT('',(1.216731062058E0,9.5E-1,1.533642339642E0));
#2186=VERTEX_POINT('',#2185);
#2187=CARTESIAN_POINT('',(1.082589965023E0,9.5E-1,1.631101551390E0));
#2188=VERTEX_POINT('',#2187);
#2189=VERTEX_POINT('',#441);
#2190=CARTESIAN_POINT('',(7.953703638767E-1,9.5E-1,1.558809155820E0));
#2191=VERTEX_POINT('',#2190);
#2192=CARTESIAN_POINT('',(7.446939093333E-1,9.5E-1,1.620320239360E0));
#2193=VERTEX_POINT('',#2192);
#2194=CARTESIAN_POINT('',(6.832584589062E-1,9.5E-1,1.834571116543E0));
#2195=VERTEX_POINT('',#2194);
#2196=CARTESIAN_POINT('',(5.255661417802E-1,9.5E-1,1.885808456322E0));
#2197=VERTEX_POINT('',#2196);
#2198=VERTEX_POINT('',#465);
#2199=CARTESIAN_POINT('',(2.747436472975E-1,9.5E-1,1.728298564563E0));
#2200=VERTEX_POINT('',#2199);
#2201=CARTESIAN_POINT('',(2.075395048231E-1,9.5E-1,1.771139195722E0));
#2202=VERTEX_POINT('',#2201);
#2203=CARTESIAN_POINT('',(8.290375725547E-2,9.5E-1,1.955919290347E0));
#2204=VERTEX_POINT('',#2203);
#2205=CARTESIAN_POINT('',(-8.290375725589E-2,9.5E-1,1.955919290347E0));
#2206=VERTEX_POINT('',#2205);
#2207=CARTESIAN_POINT('',(-2.075395048239E-1,9.5E-1,1.771139195721E0));
#2208=VERTEX_POINT('',#2207);
#2209=CARTESIAN_POINT('',(-2.747436271940E-1,9.5E-1,1.728298567759E0));
#2210=VERTEX_POINT('',#2209);
#2211=CARTESIAN_POINT('',(-3.512445590886E-1,9.5E-1,1.747665776818E0));
#2212=VERTEX_POINT('',#2211);
#2213=VERTEX_POINT('',#503);
#2214=CARTESIAN_POINT('',(0.E0,9.5E-1,-1.E0));
#2215=CARTESIAN_POINT('',(0.E0,9.5E-1,1.E0));
#2216=VERTEX_POINT('',#2214);
#2217=VERTEX_POINT('',#2215);
#2218=CARTESIAN_POINT('',(0.E0,3.E-1,-1.E0));
#2219=VERTEX_POINT('',#2218);
#2220=CARTESIAN_POINT('',(0.E0,3.E-1,1.E0));
#2221=VERTEX_POINT('',#2220);
#2222=CARTESIAN_POINT('',(0.E0,3.E-1,-2.1E0));
#2223=CARTESIAN_POINT('',(0.E0,3.E-1,2.1E0));
#2224=VERTEX_POINT('',#2222);
#2225=VERTEX_POINT('',#2223);
#2226=CARTESIAN_POINT('',(-5.907950368950E-2,-3.E-1,2.099168790794E0));
#2227=CARTESIAN_POINT('',(1.611416416969E-10,-3.E-1,-2.1E0));
#2228=VERTEX_POINT('',#2226);
#2229=VERTEX_POINT('',#2227);
#2230=CARTESIAN_POINT('',(0.E0,-3.E-1,2.1E0));
#2231=VERTEX_POINT('',#2230);
#2232=CARTESIAN_POINT('',(-6.751943278801E-2,-6.E-1,2.399050046622E0));
#2233=CARTESIAN_POINT('',(0.E0,-6.E-1,-2.4E0));
#2234=VERTEX_POINT('',#2232);
#2235=VERTEX_POINT('',#2233);
#2236=CARTESIAN_POINT('',(0.E0,-6.E-1,2.4E0));
#2237=VERTEX_POINT('',#2236);
#2238=CARTESIAN_POINT('',(-3.877324789539E-2,-6.E-1,-2.749726647368E0));
#2239=CARTESIAN_POINT('',(0.E0,-6.E-1,2.75E0));
#2240=VERTEX_POINT('',#2238);
#2241=VERTEX_POINT('',#2239);
#2242=CARTESIAN_POINT('',(0.E0,-6.E-1,-2.75E0));
#2243=VERTEX_POINT('',#2242);
#2244=CARTESIAN_POINT('',(3.877324789539E-2,-6.E-1,2.749726647368E0));
#2245=VERTEX_POINT('',#2244);
#2246=CARTESIAN_POINT('',(6.751943278801E-2,-6.E-1,-2.399050046622E0));
#2247=VERTEX_POINT('',#2246);
#2248=CARTESIAN_POINT('',(5.907950368950E-2,-3.E-1,-2.099168790794E0));
#2249=VERTEX_POINT('',#2248);
#2250=CARTESIAN_POINT('',(0.E0,-4.E-1,-2.95E0));
#2251=VERTEX_POINT('',#2250);
#2252=CARTESIAN_POINT('',(0.E0,-4.E-1,2.95E0));
#2253=VERTEX_POINT('',#2252);
#2254=CARTESIAN_POINT('',(0.E0,0.E0,-2.95E0));
#2255=CARTESIAN_POINT('',(0.E0,0.E0,2.95E0));
#2256=VERTEX_POINT('',#2254);
#2257=VERTEX_POINT('',#2255);
#2258=CARTESIAN_POINT('',(-1.997259069509E0,0.E0,-1.010467191249E1));
#2259=CARTESIAN_POINT('',(-2.400991834693E0,0.E0,-2.400991834693E0));
#2260=VERTEX_POINT('',#2258);
#2261=VERTEX_POINT('',#2259);
#2262=CARTESIAN_POINT('',(-1.010467191249E1,0.E0,-1.997259069509E0));
#2263=VERTEX_POINT('',#2262);
#2264=CARTESIAN_POINT('',(-1.2E1,0.E0,0.E0));
#2265=VERTEX_POINT('',#2264);
#2266=CARTESIAN_POINT('',(-1.010467191249E1,0.E0,1.997259069509E0));
#2267=VERTEX_POINT('',#2266);
#2268=CARTESIAN_POINT('',(-2.400991834693E0,0.E0,2.400991834693E0));
#2269=VERTEX_POINT('',#2268);
#2270=CARTESIAN_POINT('',(-1.997259069509E0,0.E0,1.010467191249E1));
#2271=VERTEX_POINT('',#2270);
#2272=CARTESIAN_POINT('',(1.997259069509E0,0.E0,1.010467191249E1));
#2273=VERTEX_POINT('',#2272);
#2274=CARTESIAN_POINT('',(2.400991834693E0,0.E0,2.400991834693E0));
#2275=VERTEX_POINT('',#2274);
#2276=CARTESIAN_POINT('',(1.010467191249E1,0.E0,1.997259069509E0));
#2277=VERTEX_POINT('',#2276);
#2278=CARTESIAN_POINT('',(1.2E1,0.E0,0.E0));
#2279=VERTEX_POINT('',#2278);
#2280=CARTESIAN_POINT('',(1.010467191249E1,0.E0,-1.997259069509E0));
#2281=VERTEX_POINT('',#2280);
#2282=CARTESIAN_POINT('',(2.400991834693E0,0.E0,-2.400991834693E0));
#2283=VERTEX_POINT('',#2282);
#2284=CARTESIAN_POINT('',(1.997259069509E0,0.E0,-1.010467191249E1));
#2285=VERTEX_POINT('',#2284);
#2286=CARTESIAN_POINT('',(-8.E0,0.E0,0.E0));
#2287=CARTESIAN_POINT('',(-7.E0,0.E0,0.E0));
#2288=VERTEX_POINT('',#2286);
#2289=VERTEX_POINT('',#2287);
#2290=CARTESIAN_POINT('',(-5.5E0,0.E0,0.E0));
#2291=CARTESIAN_POINT('',(-4.5E0,0.E0,0.E0));
#2292=VERTEX_POINT('',#2290);
#2293=VERTEX_POINT('',#2291);
#2294=CARTESIAN_POINT('',(-1.05E1,0.E0,0.E0));
#2295=CARTESIAN_POINT('',(-9.5E0,0.E0,0.E0));
#2296=VERTEX_POINT('',#2294);
#2297=VERTEX_POINT('',#2295);
#2298=CARTESIAN_POINT('',(7.E0,0.E0,0.E0));
#2299=CARTESIAN_POINT('',(8.E0,0.E0,0.E0));
#2300=VERTEX_POINT('',#2298);
#2301=VERTEX_POINT('',#2299);
#2302=CARTESIAN_POINT('',(4.5E0,0.E0,0.E0));
#2303=CARTESIAN_POINT('',(5.5E0,0.E0,0.E0));
#2304=VERTEX_POINT('',#2302);
#2305=VERTEX_POINT('',#2303);
#2306=CARTESIAN_POINT('',(9.5E0,0.E0,0.E0));
#2307=CARTESIAN_POINT('',(1.05E1,0.E0,0.E0));
#2308=VERTEX_POINT('',#2306);
#2309=VERTEX_POINT('',#2307);
#2310=CARTESIAN_POINT('',(5.E-1,0.E0,-1.E1));
#2311=CARTESIAN_POINT('',(-5.E-1,0.E0,-1.E1));
#2312=VERTEX_POINT('',#2310);
#2313=VERTEX_POINT('',#2311);
#2314=CARTESIAN_POINT('',(5.E-1,0.E0,-5.E0));
#2315=CARTESIAN_POINT('',(-5.E-1,0.E0,-5.E0));
#2316=VERTEX_POINT('',#2314);
#2317=VERTEX_POINT('',#2315);
#2318=CARTESIAN_POINT('',(5.E-1,0.E0,-7.5E0));
#2319=CARTESIAN_POINT('',(-5.E-1,0.E0,-7.5E0));
#2320=VERTEX_POINT('',#2318);
#2321=VERTEX_POINT('',#2319);
#2322=CARTESIAN_POINT('',(5.E-1,0.E0,5.E0));
#2323=CARTESIAN_POINT('',(-5.E-1,0.E0,5.E0));
#2324=VERTEX_POINT('',#2322);
#2325=VERTEX_POINT('',#2323);
#2326=CARTESIAN_POINT('',(5.E-1,0.E0,7.5E0));
#2327=CARTESIAN_POINT('',(-5.E-1,0.E0,7.5E0));
#2328=VERTEX_POINT('',#2326);
#2329=VERTEX_POINT('',#2327);
#2330=CARTESIAN_POINT('',(5.E-1,0.E0,1.E1));
#2331=CARTESIAN_POINT('',(-5.E-1,0.E0,1.E1));
#2332=VERTEX_POINT('',#2330);
#2333=VERTEX_POINT('',#2331);
#2334=CARTESIAN_POINT('',(-2.400991834693E0,1.5E0,-2.400991834693E0));
#2335=VERTEX_POINT('',#2334);
#2336=CARTESIAN_POINT('',(-1.997259069509E0,1.5E0,-1.010467191249E1));
#2337=VERTEX_POINT('',#2336);
#2338=CARTESIAN_POINT('',(-1.010467191249E1,1.5E0,-1.997259069509E0));
#2339=VERTEX_POINT('',#2338);
#2340=CARTESIAN_POINT('',(-1.997259069509E0,1.5E0,1.010467191249E1));
#2341=CARTESIAN_POINT('',(-2.400991834693E0,1.5E0,2.400991834693E0));
#2342=VERTEX_POINT('',#2340);
#2343=VERTEX_POINT('',#2341);
#2344=CARTESIAN_POINT('',(-1.010467191249E1,1.5E0,1.997259069509E0));
#2345=VERTEX_POINT('',#2344);
#2346=CARTESIAN_POINT('',(-1.2E1,1.5E0,0.E0));
#2347=VERTEX_POINT('',#2346);
#2348=CARTESIAN_POINT('',(1.997259069509E0,1.5E0,-1.010467191249E1));
#2349=VERTEX_POINT('',#2348);
#2350=CARTESIAN_POINT('',(2.400991834693E0,1.5E0,-2.400991834693E0));
#2351=VERTEX_POINT('',#2350);
#2352=CARTESIAN_POINT('',(1.010467191249E1,1.5E0,-1.997259069509E0));
#2353=VERTEX_POINT('',#2352);
#2354=CARTESIAN_POINT('',(1.2E1,1.5E0,0.E0));
#2355=CARTESIAN_POINT('',(1.010467191249E1,1.5E0,1.997259069509E0));
#2356=VERTEX_POINT('',#2354);
#2357=VERTEX_POINT('',#2355);
#2358=CARTESIAN_POINT('',(2.400991834693E0,1.5E0,2.400991834693E0));
#2359=VERTEX_POINT('',#2358);
#2360=CARTESIAN_POINT('',(1.997259069509E0,1.5E0,1.010467191249E1));
#2361=VERTEX_POINT('',#2360);
#2362=CARTESIAN_POINT('',(-7.E0,1.5E0,0.E0));
#2363=CARTESIAN_POINT('',(-8.E0,1.5E0,0.E0));
#2364=VERTEX_POINT('',#2362);
#2365=VERTEX_POINT('',#2363);
#2366=CARTESIAN_POINT('',(-4.5E0,1.5E0,0.E0));
#2367=CARTESIAN_POINT('',(-5.5E0,1.5E0,0.E0));
#2368=VERTEX_POINT('',#2366);
#2369=VERTEX_POINT('',#2367);
#2370=CARTESIAN_POINT('',(-9.5E0,1.5E0,0.E0));
#2371=CARTESIAN_POINT('',(-1.05E1,1.5E0,0.E0));
#2372=VERTEX_POINT('',#2370);
#2373=VERTEX_POINT('',#2371);
#2374=CARTESIAN_POINT('',(8.E0,1.5E0,0.E0));
#2375=CARTESIAN_POINT('',(7.E0,1.5E0,0.E0));
#2376=VERTEX_POINT('',#2374);
#2377=VERTEX_POINT('',#2375);
#2378=CARTESIAN_POINT('',(5.5E0,1.5E0,0.E0));
#2379=CARTESIAN_POINT('',(4.5E0,1.5E0,0.E0));
#2380=VERTEX_POINT('',#2378);
#2381=VERTEX_POINT('',#2379);
#2382=CARTESIAN_POINT('',(1.05E1,1.5E0,0.E0));
#2383=CARTESIAN_POINT('',(9.5E0,1.5E0,0.E0));
#2384=VERTEX_POINT('',#2382);
#2385=VERTEX_POINT('',#2383);
#2386=CARTESIAN_POINT('',(-5.E-1,1.5E0,-1.E1));
#2387=CARTESIAN_POINT('',(5.E-1,1.5E0,-1.E1));
#2388=VERTEX_POINT('',#2386);
#2389=VERTEX_POINT('',#2387);
#2390=CARTESIAN_POINT('',(-5.E-1,1.5E0,-5.E0));
#2391=CARTESIAN_POINT('',(5.E-1,1.5E0,-5.E0));
#2392=VERTEX_POINT('',#2390);
#2393=VERTEX_POINT('',#2391);
#2394=CARTESIAN_POINT('',(-5.E-1,1.5E0,-7.5E0));
#2395=CARTESIAN_POINT('',(5.E-1,1.5E0,-7.5E0));
#2396=VERTEX_POINT('',#2394);
#2397=VERTEX_POINT('',#2395);
#2398=CARTESIAN_POINT('',(-5.E-1,1.5E0,5.E0));
#2399=CARTESIAN_POINT('',(5.E-1,1.5E0,5.E0));
#2400=VERTEX_POINT('',#2398);
#2401=VERTEX_POINT('',#2399);
#2402=CARTESIAN_POINT('',(-5.E-1,1.5E0,7.5E0));
#2403=CARTESIAN_POINT('',(5.E-1,1.5E0,7.5E0));
#2404=VERTEX_POINT('',#2402);
#2405=VERTEX_POINT('',#2403);
#2406=CARTESIAN_POINT('',(-5.E-1,1.5E0,1.E1));
#2407=CARTESIAN_POINT('',(5.E-1,1.5E0,1.E1));
#2408=VERTEX_POINT('',#2406);
#2409=VERTEX_POINT('',#2407);
#2410=CARTESIAN_POINT('',(2.95E0,1.5E0,0.E0));
#2411=CARTESIAN_POINT('',(-2.95E0,1.5E0,0.E0));
#2412=VERTEX_POINT('',#2410);
#2413=VERTEX_POINT('',#2411);
#2414=CARTESIAN_POINT('',(2.95E0,3.2E0,0.E0));
#2415=VERTEX_POINT('',#2414);
#2416=CARTESIAN_POINT('',(-2.949706767177E0,3.2E0,-4.159312046960E-2));
#2417=VERTEX_POINT('',#2416);
#2418=CARTESIAN_POINT('',(-2.95E0,3.2E0,-1.920913876644E-12));
#2419=VERTEX_POINT('',#2418);
#2420=CARTESIAN_POINT('',(2.949706767177E0,3.2E0,4.159312046960E-2));
#2421=VERTEX_POINT('',#2420);
#2422=CARTESIAN_POINT('',(2.649736587464E0,3.5E0,3.736331160828E-2));
#2423=CARTESIAN_POINT('',(-2.65E0,3.5E0,0.E0));
#2424=VERTEX_POINT('',#2422);
#2425=VERTEX_POINT('',#2423);
#2426=CARTESIAN_POINT('',(2.65E0,3.5E0,0.E0));
#2427=VERTEX_POINT('',#2426);
#2428=CARTESIAN_POINT('',(-2.649736587464E0,3.5E0,-3.736331160828E-2));
#2429=VERTEX_POINT('',#2428);
#2430=CARTESIAN_POINT('',(-2.747436268354E-1,3.5E0,1.728298567816E0));
#2431=CARTESIAN_POINT('',(-2.075395048239E-1,3.5E0,1.771139195721E0));
#2432=VERTEX_POINT('',#2430);
#2433=VERTEX_POINT('',#2431);
#2434=CARTESIAN_POINT('',(-3.512445590886E-1,3.5E0,1.747665776818E0));
#2435=VERTEX_POINT('',#2434);
#2436=CARTESIAN_POINT('',(-8.290375725574E-2,3.5E0,1.955919290347E0));
#2437=VERTEX_POINT('',#2436);
#2438=CARTESIAN_POINT('',(8.290375725541E-2,3.5E0,1.955919290347E0));
#2439=VERTEX_POINT('',#2438);
#2440=CARTESIAN_POINT('',(2.075395048235E-1,3.5E0,1.771139195721E0));
#2441=VERTEX_POINT('',#2440);
#2442=CARTESIAN_POINT('',(2.747436472975E-1,3.5E0,1.728298564563E0));
#2443=CARTESIAN_POINT('',(3.512445590858E-1,3.5E0,1.747665776816E0));
#2444=VERTEX_POINT('',#2442);
#2445=VERTEX_POINT('',#2443);
#2446=VERTEX_POINT('',#584);
#2447=CARTESIAN_POINT('',(6.832584589062E-1,3.5E0,1.834571116543E0));
#2448=VERTEX_POINT('',#2447);
#2449=CARTESIAN_POINT('',(7.446939093330E-1,3.5E0,1.620320239361E0));
#2450=VERTEX_POINT('',#2449);
#2451=CARTESIAN_POINT('',(7.953703638767E-1,3.5E0,1.558809155820E0));
#2452=CARTESIAN_POINT('',(8.741118522554E-1,3.5E0,1.553588387408E0));
#2453=VERTEX_POINT('',#2451);
#2454=VERTEX_POINT('',#2452);
#2455=VERTEX_POINT('',#608);
#2456=CARTESIAN_POINT('',(1.216731062058E0,3.5E0,1.533642339642E0));
#2457=VERTEX_POINT('',#2456);
#2458=CARTESIAN_POINT('',(1.208952485409E0,3.5E0,1.310893048538E0));
#2459=VERTEX_POINT('',#2458);
#2460=CARTESIAN_POINT('',(1.238140687568E0,3.5E0,1.236732646043E0));
#2461=CARTESIAN_POINT('',(1.311414987031E0,3.5E0,1.207434942153E0));
#2462=VERTEX_POINT('',#2460);
#2463=VERTEX_POINT('',#2461);
#2464=VERTEX_POINT('',#632);
#2465=CARTESIAN_POINT('',(1.631101551390E0,3.5E0,1.082589965021E0));
#2466=VERTEX_POINT('',#2465);
#2467=CARTESIAN_POINT('',(1.554870368945E0,3.5E0,8.731465125944E-1));
#2468=VERTEX_POINT('',#2467);
#2469=CARTESIAN_POINT('',(1.559713174128E0,3.5E0,7.935961280480E-1));
#2470=CARTESIAN_POINT('',(1.620347685710E0,3.5E0,7.430893520667E-1));
#2471=VERTEX_POINT('',#2469);
#2472=VERTEX_POINT('',#2470);
#2473=VERTEX_POINT('',#656);
#2474=CARTESIAN_POINT('',(1.885808456323E0,3.5E0,5.255661417815E-1));
#2475=VERTEX_POINT('',#2474);
#2476=CARTESIAN_POINT('',(1.748586707351E0,3.5E0,3.499303124312E-1));
#2477=VERTEX_POINT('',#2476);
#2478=CARTESIAN_POINT('',(1.728610068042E0,3.5E0,2.727768917308E-1));
#2479=CARTESIAN_POINT('',(1.770669463286E0,3.5E0,2.060049987915E-1));
#2480=VERTEX_POINT('',#2478);
#2481=VERTEX_POINT('',#2479);
#2482=VERTEX_POINT('',#680);
#2483=CARTESIAN_POINT('',(1.955919290347E0,3.5E0,-8.290375725541E-2));
#2484=VERTEX_POINT('',#2483);
#2485=CARTESIAN_POINT('',(1.771139195721E0,3.5E0,-2.075395048235E-1));
#2486=VERTEX_POINT('',#2485);
#2487=CARTESIAN_POINT('',(1.728298564563E0,3.5E0,-2.747436472975E-1));
#2488=CARTESIAN_POINT('',(1.747665776816E0,3.5E0,-3.512445590858E-1));
#2489=VERTEX_POINT('',#2487);
#2490=VERTEX_POINT('',#2488);
#2491=VERTEX_POINT('',#704);
#2492=CARTESIAN_POINT('',(1.834571116543E0,3.5E0,-6.832584589062E-1));
#2493=VERTEX_POINT('',#2492);
#2494=CARTESIAN_POINT('',(1.620320239361E0,3.5E0,-7.446939093330E-1));
#2495=VERTEX_POINT('',#2494);
#2496=CARTESIAN_POINT('',(1.558809155820E0,3.5E0,-7.953703638767E-1));
#2497=CARTESIAN_POINT('',(1.553588387408E0,3.5E0,-8.741118522554E-1));
#2498=VERTEX_POINT('',#2496);
#2499=VERTEX_POINT('',#2497);
#2500=VERTEX_POINT('',#728);
#2501=CARTESIAN_POINT('',(1.533642339642E0,3.5E0,-1.216731062058E0));
#2502=VERTEX_POINT('',#2501);
#2503=CARTESIAN_POINT('',(1.310893048538E0,3.5E0,-1.208952485409E0));
#2504=VERTEX_POINT('',#2503);
#2505=CARTESIAN_POINT('',(1.236732646043E0,3.5E0,-1.238140687568E0));
#2506=CARTESIAN_POINT('',(1.207434942153E0,3.5E0,-1.311414987031E0));
#2507=VERTEX_POINT('',#2505);
#2508=VERTEX_POINT('',#2506);
#2509=VERTEX_POINT('',#752);
#2510=CARTESIAN_POINT('',(1.082589965021E0,3.5E0,-1.631101551390E0));
#2511=VERTEX_POINT('',#2510);
#2512=CARTESIAN_POINT('',(8.731465125944E-1,3.5E0,-1.554870368945E0));
#2513=VERTEX_POINT('',#2512);
#2514=CARTESIAN_POINT('',(7.935961280480E-1,3.5E0,-1.559713174128E0));
#2515=CARTESIAN_POINT('',(7.430893520667E-1,3.5E0,-1.620347685710E0));
#2516=VERTEX_POINT('',#2514);
#2517=VERTEX_POINT('',#2515);
#2518=VERTEX_POINT('',#776);
#2519=CARTESIAN_POINT('',(5.255661417815E-1,3.5E0,-1.885808456323E0));
#2520=VERTEX_POINT('',#2519);
#2521=CARTESIAN_POINT('',(3.499303124312E-1,3.5E0,-1.748586707351E0));
#2522=VERTEX_POINT('',#2521);
#2523=CARTESIAN_POINT('',(2.727768917308E-1,3.5E0,-1.728610068042E0));
#2524=CARTESIAN_POINT('',(2.060049987915E-1,3.5E0,-1.770669463286E0));
#2525=VERTEX_POINT('',#2523);
#2526=VERTEX_POINT('',#2524);
#2527=VERTEX_POINT('',#800);
#2528=CARTESIAN_POINT('',(-8.290375725541E-2,3.5E0,-1.955919290347E0));
#2529=VERTEX_POINT('',#2528);
#2530=CARTESIAN_POINT('',(-2.075395048235E-1,3.5E0,-1.771139195721E0));
#2531=VERTEX_POINT('',#2530);
#2532=CARTESIAN_POINT('',(-2.747436472975E-1,3.5E0,-1.728298564563E0));
#2533=CARTESIAN_POINT('',(-3.512445590858E-1,3.5E0,-1.747665776816E0));
#2534=VERTEX_POINT('',#2532);
#2535=VERTEX_POINT('',#2533);
#2536=VERTEX_POINT('',#848);
#2537=CARTESIAN_POINT('',(-1.216731062058E0,3.5E0,-1.533642339642E0));
#2538=VERTEX_POINT('',#2537);
#2539=CARTESIAN_POINT('',(-1.208952485409E0,3.5E0,-1.310893048538E0));
#2540=VERTEX_POINT('',#2539);
#2541=CARTESIAN_POINT('',(-1.238140687568E0,3.5E0,-1.236732646043E0));
#2542=CARTESIAN_POINT('',(-1.311414987031E0,3.5E0,-1.207434942153E0));
#2543=VERTEX_POINT('',#2541);
#2544=VERTEX_POINT('',#2542);
#2545=VERTEX_POINT('',#872);
#2546=CARTESIAN_POINT('',(-1.631101551390E0,3.5E0,-1.082589965021E0));
#2547=VERTEX_POINT('',#2546);
#2548=CARTESIAN_POINT('',(-1.554870368945E0,3.5E0,-8.731465125944E-1));
#2549=VERTEX_POINT('',#2548);
#2550=CARTESIAN_POINT('',(-1.559713174128E0,3.5E0,-7.935961280480E-1));
#2551=CARTESIAN_POINT('',(-1.620347685710E0,3.5E0,-7.430893520667E-1));
#2552=VERTEX_POINT('',#2550);
#2553=VERTEX_POINT('',#2551);
#2554=VERTEX_POINT('',#896);
#2555=CARTESIAN_POINT('',(-1.885808456323E0,3.5E0,-5.255661417815E-1));
#2556=VERTEX_POINT('',#2555);
#2557=CARTESIAN_POINT('',(-1.748586707351E0,3.5E0,-3.499303124312E-1));
#2558=VERTEX_POINT('',#2557);
#2559=CARTESIAN_POINT('',(-1.728610068042E0,3.5E0,-2.727768917308E-1));
#2560=CARTESIAN_POINT('',(-1.770669463286E0,3.5E0,-2.060049987915E-1));
#2561=VERTEX_POINT('',#2559);
#2562=VERTEX_POINT('',#2560);
#2563=VERTEX_POINT('',#920);
#2564=CARTESIAN_POINT('',(-1.955919290347E0,3.5E0,8.290375725541E-2));
#2565=VERTEX_POINT('',#2564);
#2566=CARTESIAN_POINT('',(-1.771139195721E0,3.5E0,2.075395048235E-1));
#2567=VERTEX_POINT('',#2566);
#2568=CARTESIAN_POINT('',(-1.728298564563E0,3.5E0,2.747436472975E-1));
#2569=CARTESIAN_POINT('',(-1.747665776816E0,3.5E0,3.512445590858E-1));
#2570=VERTEX_POINT('',#2568);
#2571=VERTEX_POINT('',#2569);
#2572=VERTEX_POINT('',#944);
#2573=CARTESIAN_POINT('',(-1.834571116543E0,3.5E0,6.832584589062E-1));
#2574=VERTEX_POINT('',#2573);
#2575=CARTESIAN_POINT('',(-1.620320239361E0,3.5E0,7.446939093330E-1));
#2576=VERTEX_POINT('',#2575);
#2577=CARTESIAN_POINT('',(-1.558809155820E0,3.5E0,7.953703638767E-1));
#2578=CARTESIAN_POINT('',(-1.553588387408E0,3.5E0,8.741118522554E-1));
#2579=VERTEX_POINT('',#2577);
#2580=VERTEX_POINT('',#2578);
#2581=VERTEX_POINT('',#968);
#2582=CARTESIAN_POINT('',(-1.533642339642E0,3.5E0,1.216731062058E0));
#2583=VERTEX_POINT('',#2582);
#2584=CARTESIAN_POINT('',(-1.310893048538E0,3.5E0,1.208952485409E0));
#2585=VERTEX_POINT('',#2584);
#2586=CARTESIAN_POINT('',(-1.236732646043E0,3.5E0,1.238140687568E0));
#2587=CARTESIAN_POINT('',(-1.207434942153E0,3.5E0,1.311414987031E0));
#2588=VERTEX_POINT('',#2586);
#2589=VERTEX_POINT('',#2587);
#2590=VERTEX_POINT('',#992);
#2591=CARTESIAN_POINT('',(-1.082589965021E0,3.5E0,1.631101551390E0));
#2592=VERTEX_POINT('',#2591);
#2593=CARTESIAN_POINT('',(-8.731465125944E-1,3.5E0,1.554870368945E0));
#2594=VERTEX_POINT('',#2593);
#2595=CARTESIAN_POINT('',(-7.935961280480E-1,3.5E0,1.559713174128E0));
#2596=CARTESIAN_POINT('',(-7.430893520667E-1,3.5E0,1.620347685710E0));
#2597=VERTEX_POINT('',#2595);
#2598=VERTEX_POINT('',#2596);
#2599=VERTEX_POINT('',#1016);
#2600=CARTESIAN_POINT('',(-5.255661417815E-1,3.5E0,1.885808456323E0));
#2601=VERTEX_POINT('',#2600);
#2602=CARTESIAN_POINT('',(1.9E0,3.5E0,0.E0));
#2603=DIRECTION('',(0.E0,1.E0,0.E0));
#2604=DIRECTION('',(0.E0,0.E0,1.E0));
#2605=AXIS2_PLACEMENT_3D('',#2602,#2603,#2604);
#2606=CYLINDRICAL_SURFACE('',#2605,1.E-1);
#2608=ORIENTED_EDGE('',*,*,#2607,.T.);
#2610=ORIENTED_EDGE('',*,*,#2609,.F.);
#2612=ORIENTED_EDGE('',*,*,#2611,.T.);
#2614=ORIENTED_EDGE('',*,*,#2613,.F.);
#2615=EDGE_LOOP('',(#2608,#2610,#2612,#2614));
#2616=FACE_OUTER_BOUND('',#2615,.F.);
#2618=CARTESIAN_POINT('',(1.955919290347E0,3.5E0,-8.290375725550E-2));
#2619=DIRECTION('',(5.591929034707E-1,0.E0,-8.290375725551E-1));
#2620=DIRECTION('',(-8.290375725551E-1,0.E0,-5.591929034707E-1));
#2621=AXIS2_PLACEMENT_3D('',#2618,#2619,#2620);
#2622=PLANE('',#2621);
#2624=ORIENTED_EDGE('',*,*,#2623,.F.);
#2626=ORIENTED_EDGE('',*,*,#2625,.F.);
#2627=ORIENTED_EDGE('',*,*,#2607,.F.);
#2629=ORIENTED_EDGE('',*,*,#2628,.F.);
#2630=EDGE_LOOP('',(#2624,#2626,#2627,#2629));
#2631=FACE_OUTER_BOUND('',#2630,.F.);
#2633=CARTESIAN_POINT('',(1.827058486068E0,-5.94476E0,-2.904432620794E-1));
#2634=DIRECTION('',(0.E0,1.E0,0.E0));
#2635=DIRECTION('',(-9.875991816583E-1,0.E0,1.569963578807E-1));
#2636=AXIS2_PLACEMENT_3D('',#2633,#2634,#2635);
#2637=CYLINDRICAL_SURFACE('',#2636,1.E-1);
#2639=ORIENTED_EDGE('',*,*,#2638,.F.);
#2641=ORIENTED_EDGE('',*,*,#2640,.F.);
#2643=ORIENTED_EDGE('',*,*,#2642,.T.);
#2645=ORIENTED_EDGE('',*,*,#2644,.F.);
#2647=ORIENTED_EDGE('',*,*,#2646,.F.);
#2648=ORIENTED_EDGE('',*,*,#2623,.T.);
#2649=EDGE_LOOP('',(#2639,#2641,#2643,#2645,#2647,#2648));
#2650=FACE_OUTER_BOUND('',#2649,.F.);
#2652=CARTESIAN_POINT('',(0.E0,9.5E-1,0.E0));
#2653=DIRECTION('',(0.E0,1.E0,0.E0));
#2654=DIRECTION('',(0.E0,0.E0,1.E0));
#2655=AXIS2_PLACEMENT_3D('',#2652,#2653,#2654);
#2656=PLANE('',#2655);
#2658=ORIENTED_EDGE('',*,*,#2657,.T.);
#2660=ORIENTED_EDGE('',*,*,#2659,.T.);
#2662=ORIENTED_EDGE('',*,*,#2661,.T.);
#2664=ORIENTED_EDGE('',*,*,#2663,.T.);
#2666=ORIENTED_EDGE('',*,*,#2665,.T.);
#2668=ORIENTED_EDGE('',*,*,#2667,.T.);
#2670=ORIENTED_EDGE('',*,*,#2669,.T.);
#2672=ORIENTED_EDGE('',*,*,#2671,.T.);
#2674=ORIENTED_EDGE('',*,*,#2673,.T.);
#2676=ORIENTED_EDGE('',*,*,#2675,.T.);
#2678=ORIENTED_EDGE('',*,*,#2677,.T.);
#2680=ORIENTED_EDGE('',*,*,#2679,.T.);
#2682=ORIENTED_EDGE('',*,*,#2681,.T.);
#2684=ORIENTED_EDGE('',*,*,#2683,.T.);
#2686=ORIENTED_EDGE('',*,*,#2685,.T.);
#2688=ORIENTED_EDGE('',*,*,#2687,.T.);
#2690=ORIENTED_EDGE('',*,*,#2689,.T.);
#2692=ORIENTED_EDGE('',*,*,#2691,.T.);
#2694=ORIENTED_EDGE('',*,*,#2693,.T.);
#2696=ORIENTED_EDGE('',*,*,#2695,.T.);
#2698=ORIENTED_EDGE('',*,*,#2697,.T.);
#2700=ORIENTED_EDGE('',*,*,#2699,.T.);
#2702=ORIENTED_EDGE('',*,*,#2701,.T.);
#2704=ORIENTED_EDGE('',*,*,#2703,.T.);
#2706=ORIENTED_EDGE('',*,*,#2705,.T.);
#2708=ORIENTED_EDGE('',*,*,#2707,.T.);
#2710=ORIENTED_EDGE('',*,*,#2709,.T.);
#2712=ORIENTED_EDGE('',*,*,#2711,.T.);
#2714=ORIENTED_EDGE('',*,*,#2713,.T.);
#2716=ORIENTED_EDGE('',*,*,#2715,.T.);
#2718=ORIENTED_EDGE('',*,*,#2717,.T.);
#2720=ORIENTED_EDGE('',*,*,#2719,.T.);
#2722=ORIENTED_EDGE('',*,*,#2721,.T.);
#2724=ORIENTED_EDGE('',*,*,#2723,.T.);
#2726=ORIENTED_EDGE('',*,*,#2725,.T.);
#2728=ORIENTED_EDGE('',*,*,#2727,.T.);
#2730=ORIENTED_EDGE('',*,*,#2729,.T.);
#2732=ORIENTED_EDGE('',*,*,#2731,.T.);
#2734=ORIENTED_EDGE('',*,*,#2733,.T.);
#2736=ORIENTED_EDGE('',*,*,#2735,.T.);
#2738=ORIENTED_EDGE('',*,*,#2737,.T.);
#2740=ORIENTED_EDGE('',*,*,#2739,.T.);
#2742=ORIENTED_EDGE('',*,*,#2741,.T.);
#2744=ORIENTED_EDGE('',*,*,#2743,.T.);
#2746=ORIENTED_EDGE('',*,*,#2745,.T.);
#2748=ORIENTED_EDGE('',*,*,#2747,.T.);
#2750=ORIENTED_EDGE('',*,*,#2749,.T.);
#2752=ORIENTED_EDGE('',*,*,#2751,.T.);
#2754=ORIENTED_EDGE('',*,*,#2753,.T.);
#2756=ORIENTED_EDGE('',*,*,#2755,.T.);
#2758=ORIENTED_EDGE('',*,*,#2757,.T.);
#2760=ORIENTED_EDGE('',*,*,#2759,.T.);
#2762=ORIENTED_EDGE('',*,*,#2761,.T.);
#2764=ORIENTED_EDGE('',*,*,#2763,.T.);
#2766=ORIENTED_EDGE('',*,*,#2765,.T.);
#2768=ORIENTED_EDGE('',*,*,#2767,.T.);
#2770=ORIENTED_EDGE('',*,*,#2769,.T.);
#2772=ORIENTED_EDGE('',*,*,#2771,.T.);
#2774=ORIENTED_EDGE('',*,*,#2773,.T.);
#2776=ORIENTED_EDGE('',*,*,#2775,.T.);
#2778=ORIENTED_EDGE('',*,*,#2777,.T.);
#2780=ORIENTED_EDGE('',*,*,#2779,.T.);
#2782=ORIENTED_EDGE('',*,*,#2781,.T.);
#2784=ORIENTED_EDGE('',*,*,#2783,.T.);
#2786=ORIENTED_EDGE('',*,*,#2785,.T.);
#2788=ORIENTED_EDGE('',*,*,#2787,.T.);
#2789=ORIENTED_EDGE('',*,*,#2640,.T.);
#2790=ORIENTED_EDGE('',*,*,#2638,.T.);
#2791=ORIENTED_EDGE('',*,*,#2628,.T.);
#2792=ORIENTED_EDGE('',*,*,#2613,.T.);
#2794=ORIENTED_EDGE('',*,*,#2793,.T.);
#2796=ORIENTED_EDGE('',*,*,#2795,.T.);
#2798=ORIENTED_EDGE('',*,*,#2797,.T.);
#2800=ORIENTED_EDGE('',*,*,#2799,.T.);
#2802=ORIENTED_EDGE('',*,*,#2801,.T.);
#2804=ORIENTED_EDGE('',*,*,#2803,.T.);
#2806=ORIENTED_EDGE('',*,*,#2805,.T.);
#2808=ORIENTED_EDGE('',*,*,#2807,.T.);
#2810=ORIENTED_EDGE('',*,*,#2809,.T.);
#2812=ORIENTED_EDGE('',*,*,#2811,.T.);
#2814=ORIENTED_EDGE('',*,*,#2813,.T.);
#2816=ORIENTED_EDGE('',*,*,#2815,.T.);
#2818=ORIENTED_EDGE('',*,*,#2817,.T.);
#2820=ORIENTED_EDGE('',*,*,#2819,.T.);
#2822=ORIENTED_EDGE('',*,*,#2821,.T.);
#2824=ORIENTED_EDGE('',*,*,#2823,.T.);
#2826=ORIENTED_EDGE('',*,*,#2825,.T.);
#2828=ORIENTED_EDGE('',*,*,#2827,.T.);
#2830=ORIENTED_EDGE('',*,*,#2829,.T.);
#2832=ORIENTED_EDGE('',*,*,#2831,.T.);
#2834=ORIENTED_EDGE('',*,*,#2833,.T.);
#2836=ORIENTED_EDGE('',*,*,#2835,.T.);
#2838=ORIENTED_EDGE('',*,*,#2837,.T.);
#2840=ORIENTED_EDGE('',*,*,#2839,.T.);
#2842=ORIENTED_EDGE('',*,*,#2841,.T.);
#2844=ORIENTED_EDGE('',*,*,#2843,.T.);
#2846=ORIENTED_EDGE('',*,*,#2845,.T.);
#2848=ORIENTED_EDGE('',*,*,#2847,.T.);
#2850=ORIENTED_EDGE('',*,*,#2849,.T.);
#2852=ORIENTED_EDGE('',*,*,#2851,.T.);
#2853=EDGE_LOOP('',(#2658,#2660,#2662,#2664,#2666,#2668,#2670,#2672,#2674,#2676,
#2678,#2680,#2682,#2684,#2686,#2688,#2690,#2692,#2694,#2696,#2698,#2700,#2702,
#2704,#2706,#2708,#2710,#2712,#2714,#2716,#2718,#2720,#2722,#2724,#2726,#2728,
#2730,#2732,#2734,#2736,#2738,#2740,#2742,#2744,#2746,#2748,#2750,#2752,#2754,
#2756,#2758,#2760,#2762,#2764,#2766,#2768,#2770,#2772,#2774,#2776,#2778,#2780,
#2782,#2784,#2786,#2788,#2789,#2790,#2791,#2792,#2794,#2796,#2798,#2800,#2802,
#2804,#2806,#2808,#2810,#2812,#2814,#2816,#2818,#2820,#2822,#2824,#2826,#2828,
#2830,#2832,#2834,#2836,#2838,#2840,#2842,#2844,#2846,#2848,#2850,#2852));
#2854=FACE_OUTER_BOUND('',#2853,.F.);
#2856=ORIENTED_EDGE('',*,*,#2855,.T.);
#2858=ORIENTED_EDGE('',*,*,#2857,.T.);
#2859=EDGE_LOOP('',(#2856,#2858));
#2860=FACE_BOUND('',#2859,.F.);
#2862=CARTESIAN_POINT('',(-7.568684649234E-1,3.5E0,1.577862518347E0));
#2863=DIRECTION('',(-9.612616959383E-1,0.E0,2.756373558170E-1));
#2864=DIRECTION('',(2.756373558170E-1,0.E0,9.612616959383E-1));
#2865=AXIS2_PLACEMENT_3D('',#2862,#2863,#2864);
#2866=PLANE('',#2865);
#2868=ORIENTED_EDGE('',*,*,#2867,.F.);
#2869=ORIENTED_EDGE('',*,*,#2657,.F.);
#2871=ORIENTED_EDGE('',*,*,#2870,.F.);
#2873=ORIENTED_EDGE('',*,*,#2872,.F.);
#2874=EDGE_LOOP('',(#2868,#2869,#2871,#2873));
#2875=FACE_OUTER_BOUND('',#2874,.F.);
#2877=CARTESIAN_POINT('',(-8.389444982626E-1,-5.94476E0,1.648839631024E0));
#2878=DIRECTION('',(0.E0,1.E0,0.E0));
#2879=DIRECTION('',(4.534835125744E-1,0.E0,-8.912646654183E-1));
#2880=AXIS2_PLACEMENT_3D('',#2877,#2878,#2879);
#2881=CYLINDRICAL_SURFACE('',#2880,1.E-1);
#2882=ORIENTED_EDGE('',*,*,#2661,.F.);
#2883=ORIENTED_EDGE('',*,*,#2659,.F.);
#2884=ORIENTED_EDGE('',*,*,#2867,.T.);
#2886=ORIENTED_EDGE('',*,*,#2885,.F.);
#2888=ORIENTED_EDGE('',*,*,#2887,.F.);
#2890=ORIENTED_EDGE('',*,*,#2889,.T.);
#2891=EDGE_LOOP('',(#2882,#2883,#2884,#2886,#2888,#2890));
#2892=FACE_OUTER_BOUND('',#2891,.F.);
#2894=CARTESIAN_POINT('',(0.E0,3.5E0,0.E0));
#2895=DIRECTION('',(0.E0,1.E0,0.E0));
#2896=DIRECTION('',(1.E0,0.E0,0.E0));
#2897=AXIS2_PLACEMENT_3D('',#2894,#2895,#2896);
#2898=PLANE('',#2897);
#2900=ORIENTED_EDGE('',*,*,#2899,.T.);
#2902=ORIENTED_EDGE('',*,*,#2901,.T.);
#2904=ORIENTED_EDGE('',*,*,#2903,.T.);
#2906=ORIENTED_EDGE('',*,*,#2905,.T.);
#2907=EDGE_LOOP('',(#2900,#2902,#2904,#2906));
#2908=FACE_OUTER_BOUND('',#2907,.F.);
#2910=ORIENTED_EDGE('',*,*,#2909,.T.);
#2912=ORIENTED_EDGE('',*,*,#2911,.T.);
#2914=ORIENTED_EDGE('',*,*,#2913,.T.);
#2916=ORIENTED_EDGE('',*,*,#2915,.T.);
#2918=ORIENTED_EDGE('',*,*,#2917,.T.);
#2920=ORIENTED_EDGE('',*,*,#2919,.T.);
#2922=ORIENTED_EDGE('',*,*,#2921,.T.);
#2924=ORIENTED_EDGE('',*,*,#2923,.T.);
#2926=ORIENTED_EDGE('',*,*,#2925,.T.);
#2928=ORIENTED_EDGE('',*,*,#2927,.T.);
#2930=ORIENTED_EDGE('',*,*,#2929,.T.);
#2932=ORIENTED_EDGE('',*,*,#2931,.T.);
#2934=ORIENTED_EDGE('',*,*,#2933,.T.);
#2936=ORIENTED_EDGE('',*,*,#2935,.T.);
#2938=ORIENTED_EDGE('',*,*,#2937,.T.);
#2940=ORIENTED_EDGE('',*,*,#2939,.T.);
#2942=ORIENTED_EDGE('',*,*,#2941,.T.);
#2944=ORIENTED_EDGE('',*,*,#2943,.T.);
#2946=ORIENTED_EDGE('',*,*,#2945,.T.);
#2948=ORIENTED_EDGE('',*,*,#2947,.T.);
#2950=ORIENTED_EDGE('',*,*,#2949,.T.);
#2952=ORIENTED_EDGE('',*,*,#2951,.T.);
#2954=ORIENTED_EDGE('',*,*,#2953,.T.);
#2956=ORIENTED_EDGE('',*,*,#2955,.T.);
#2958=ORIENTED_EDGE('',*,*,#2957,.T.);
#2960=ORIENTED_EDGE('',*,*,#2959,.T.);
#2962=ORIENTED_EDGE('',*,*,#2961,.T.);
#2964=ORIENTED_EDGE('',*,*,#2963,.T.);
#2965=ORIENTED_EDGE('',*,*,#2609,.T.);
#2966=ORIENTED_EDGE('',*,*,#2625,.T.);
#2967=ORIENTED_EDGE('',*,*,#2646,.T.);
#2968=ORIENTED_EDGE('',*,*,#2644,.T.);
#2970=ORIENTED_EDGE('',*,*,#2969,.T.);
#2972=ORIENTED_EDGE('',*,*,#2971,.T.);
#2974=ORIENTED_EDGE('',*,*,#2973,.T.);
#2976=ORIENTED_EDGE('',*,*,#2975,.T.);
#2978=ORIENTED_EDGE('',*,*,#2977,.T.);
#2980=ORIENTED_EDGE('',*,*,#2979,.T.);
#2982=ORIENTED_EDGE('',*,*,#2981,.T.);
#2984=ORIENTED_EDGE('',*,*,#2983,.T.);
#2986=ORIENTED_EDGE('',*,*,#2985,.T.);
#2988=ORIENTED_EDGE('',*,*,#2987,.T.);
#2990=ORIENTED_EDGE('',*,*,#2989,.T.);
#2992=ORIENTED_EDGE('',*,*,#2991,.T.);
#2994=ORIENTED_EDGE('',*,*,#2993,.T.);
#2996=ORIENTED_EDGE('',*,*,#2995,.T.);
#2998=ORIENTED_EDGE('',*,*,#2997,.T.);
#3000=ORIENTED_EDGE('',*,*,#2999,.T.);
#3002=ORIENTED_EDGE('',*,*,#3001,.T.);
#3004=ORIENTED_EDGE('',*,*,#3003,.T.);
#3006=ORIENTED_EDGE('',*,*,#3005,.T.);
#3008=ORIENTED_EDGE('',*,*,#3007,.T.);
#3010=ORIENTED_EDGE('',*,*,#3009,.T.);
#3012=ORIENTED_EDGE('',*,*,#3011,.T.);
#3014=ORIENTED_EDGE('',*,*,#3013,.T.);
#3016=ORIENTED_EDGE('',*,*,#3015,.T.);
#3018=ORIENTED_EDGE('',*,*,#3017,.T.);
#3020=ORIENTED_EDGE('',*,*,#3019,.T.);
#3022=ORIENTED_EDGE('',*,*,#3021,.T.);
#3024=ORIENTED_EDGE('',*,*,#3023,.T.);
#3026=ORIENTED_EDGE('',*,*,#3025,.T.);
#3028=ORIENTED_EDGE('',*,*,#3027,.T.);
#3030=ORIENTED_EDGE('',*,*,#3029,.T.);
#3032=ORIENTED_EDGE('',*,*,#3031,.T.);
#3034=ORIENTED_EDGE('',*,*,#3033,.T.);
#3036=ORIENTED_EDGE('',*,*,#3035,.T.);
#3038=ORIENTED_EDGE('',*,*,#3037,.T.);
#3040=ORIENTED_EDGE('',*,*,#3039,.T.);
#3042=ORIENTED_EDGE('',*,*,#3041,.T.);
#3044=ORIENTED_EDGE('',*,*,#3043,.T.);
#3046=ORIENTED_EDGE('',*,*,#3045,.T.);
#3048=ORIENTED_EDGE('',*,*,#3047,.T.);
#3050=ORIENTED_EDGE('',*,*,#3049,.T.);
#3052=ORIENTED_EDGE('',*,*,#3051,.T.);
#3054=ORIENTED_EDGE('',*,*,#3053,.T.);
#3056=ORIENTED_EDGE('',*,*,#3055,.T.);
#3058=ORIENTED_EDGE('',*,*,#3057,.T.);
#3060=ORIENTED_EDGE('',*,*,#3059,.T.);
#3062=ORIENTED_EDGE('',*,*,#3061,.T.);
#3064=ORIENTED_EDGE('',*,*,#3063,.T.);
#3066=ORIENTED_EDGE('',*,*,#3065,.T.);
#3068=ORIENTED_EDGE('',*,*,#3067,.T.);
#3070=ORIENTED_EDGE('',*,*,#3069,.T.);
#3072=ORIENTED_EDGE('',*,*,#3071,.T.);
#3074=ORIENTED_EDGE('',*,*,#3073,.T.);
#3076=ORIENTED_EDGE('',*,*,#3075,.T.);
#3078=ORIENTED_EDGE('',*,*,#3077,.T.);
#3080=ORIENTED_EDGE('',*,*,#3079,.T.);
#3082=ORIENTED_EDGE('',*,*,#3081,.T.);
#3084=ORIENTED_EDGE('',*,*,#3083,.T.);
#3086=ORIENTED_EDGE('',*,*,#3085,.T.);
#3088=ORIENTED_EDGE('',*,*,#3087,.T.);
#3090=ORIENTED_EDGE('',*,*,#3089,.T.);
#3092=ORIENTED_EDGE('',*,*,#3091,.T.);
#3094=ORIENTED_EDGE('',*,*,#3093,.T.);
#3095=ORIENTED_EDGE('',*,*,#2887,.T.);
#3096=ORIENTED_EDGE('',*,*,#2885,.T.);
#3097=ORIENTED_EDGE('',*,*,#2872,.T.);
#3099=ORIENTED_EDGE('',*,*,#3098,.T.);
#3101=ORIENTED_EDGE('',*,*,#3100,.T.);
#3102=EDGE_LOOP('',(#2910,#2912,#2914,#2916,#2918,#2920,#2922,#2924,#2926,#2928,
#2930,#2932,#2934,#2936,#2938,#2940,#2942,#2944,#2946,#2948,#2950,#2952,#2954,
#2956,#2958,#2960,#2962,#2964,#2965,#2966,#2967,#2968,#2970,#2972,#2974,#2976,
#2978,#2980,#2982,#2984,#2986,#2988,#2990,#2992,#2994,#2996,#2998,#3000,#3002,
#3004,#3006,#3008,#3010,#3012,#3014,#3016,#3018,#3020,#3022,#3024,#3026,#3028,
#3030,#3032,#3034,#3036,#3038,#3040,#3042,#3044,#3046,#3048,#3050,#3052,#3054,
#3056,#3058,#3060,#3062,#3064,#3066,#3068,#3070,#3072,#3074,#3076,#3078,#3080,
#3082,#3084,#3086,#3088,#3090,#3092,#3094,#3095,#3096,#3097,#3099,#3101));
#3103=FACE_BOUND('',#3102,.F.);
#3105=CARTESIAN_POINT('',(0.E0,3.2E0,0.E0));
#3106=DIRECTION('',(0.E0,1.E0,0.E0));
#3107=DIRECTION('',(-9.999005990430E-1,0.E0,-1.409936287105E-2));
#3108=AXIS2_PLACEMENT_3D('',#3105,#3106,#3107);
#3109=TOROIDAL_SURFACE('',#3108,2.65E0,3.E-1);
#3110=ORIENTED_EDGE('',*,*,#2901,.F.);
#3111=ORIENTED_EDGE('',*,*,#2899,.F.);
#3113=ORIENTED_EDGE('',*,*,#3112,.F.);
#3115=ORIENTED_EDGE('',*,*,#3114,.T.);
#3117=ORIENTED_EDGE('',*,*,#3116,.T.);
#3119=ORIENTED_EDGE('',*,*,#3118,.T.);
#3120=EDGE_LOOP('',(#3110,#3111,#3113,#3115,#3117,#3119));
#3121=FACE_OUTER_BOUND('',#3120,.F.);
#3123=CARTESIAN_POINT('',(0.E0,3.2E0,0.E0));
#3124=DIRECTION('',(0.E0,1.E0,0.E0));
#3125=DIRECTION('',(9.999005990430E-1,0.E0,1.409936287105E-2));
#3126=AXIS2_PLACEMENT_3D('',#3123,#3124,#3125);
#3127=TOROIDAL_SURFACE('',#3126,2.65E0,3.E-1);
#3128=ORIENTED_EDGE('',*,*,#2905,.F.);
#3129=ORIENTED_EDGE('',*,*,#2903,.F.);
#3130=ORIENTED_EDGE('',*,*,#3118,.F.);
#3132=ORIENTED_EDGE('',*,*,#3131,.T.);
#3134=ORIENTED_EDGE('',*,*,#3133,.T.);
#3135=ORIENTED_EDGE('',*,*,#3112,.T.);
#3136=EDGE_LOOP('',(#3128,#3129,#3130,#3132,#3134,#3135));
#3137=FACE_OUTER_BOUND('',#3136,.F.);
#3139=CARTESIAN_POINT('',(0.E0,1.5E0,0.E0));
#3140=DIRECTION('',(0.E0,1.E0,0.E0));
#3141=DIRECTION('',(1.E0,0.E0,0.E0));
#3142=AXIS2_PLACEMENT_3D('',#3139,#3140,#3141);
#3143=CYLINDRICAL_SURFACE('',#3142,2.95E0);
#3145=ORIENTED_EDGE('',*,*,#3144,.F.);
#3147=ORIENTED_EDGE('',*,*,#3146,.F.);
#3148=ORIENTED_EDGE('',*,*,#3133,.F.);
#3149=ORIENTED_EDGE('',*,*,#3131,.F.);
#3151=ORIENTED_EDGE('',*,*,#3150,.T.);
#3152=EDGE_LOOP('',(#3145,#3147,#3148,#3149,#3151));
#3153=FACE_OUTER_BOUND('',#3152,.F.);
#3155=CARTESIAN_POINT('',(0.E0,1.5E0,0.E0));
#3156=DIRECTION('',(0.E0,1.E0,0.E0));
#3157=DIRECTION('',(1.E0,0.E0,0.E0));
#3158=AXIS2_PLACEMENT_3D('',#3155,#3156,#3157);
#3159=PLANE('',#3158);
#3161=ORIENTED_EDGE('',*,*,#3160,.T.);
#3163=ORIENTED_EDGE('',*,*,#3162,.T.);
#3165=ORIENTED_EDGE('',*,*,#3164,.T.);
#3167=ORIENTED_EDGE('',*,*,#3166,.T.);
#3169=ORIENTED_EDGE('',*,*,#3168,.T.);
#3171=ORIENTED_EDGE('',*,*,#3170,.T.);
#3173=ORIENTED_EDGE('',*,*,#3172,.T.);
#3175=ORIENTED_EDGE('',*,*,#3174,.T.);
#3177=ORIENTED_EDGE('',*,*,#3176,.T.);
#3179=ORIENTED_EDGE('',*,*,#3178,.T.);
#3181=ORIENTED_EDGE('',*,*,#3180,.T.);
#3183=ORIENTED_EDGE('',*,*,#3182,.T.);
#3185=ORIENTED_EDGE('',*,*,#3184,.T.);
#3187=ORIENTED_EDGE('',*,*,#3186,.T.);
#3188=EDGE_LOOP('',(#3161,#3163,#3165,#3167,#3169,#3171,#3173,#3175,#3177,#3179,
#3181,#3183,#3185,#3187));
#3189=FACE_OUTER_BOUND('',#3188,.F.);
#3191=ORIENTED_EDGE('',*,*,#3190,.T.);
#3193=ORIENTED_EDGE('',*,*,#3192,.T.);
#3194=EDGE_LOOP('',(#3191,#3193));
#3195=FACE_BOUND('',#3194,.F.);
#3197=ORIENTED_EDGE('',*,*,#3196,.T.);
#3199=ORIENTED_EDGE('',*,*,#3198,.T.);
#3200=EDGE_LOOP('',(#3197,#3199));
#3201=FACE_BOUND('',#3200,.F.);
#3203=ORIENTED_EDGE('',*,*,#3202,.T.);
#3205=ORIENTED_EDGE('',*,*,#3204,.T.);
#3206=EDGE_LOOP('',(#3203,#3205));
#3207=FACE_BOUND('',#3206,.F.);
#3209=ORIENTED_EDGE('',*,*,#3208,.T.);
#3211=ORIENTED_EDGE('',*,*,#3210,.T.);
#3212=EDGE_LOOP('',(#3209,#3211));
#3213=FACE_BOUND('',#3212,.F.);
#3215=ORIENTED_EDGE('',*,*,#3214,.T.);
#3217=ORIENTED_EDGE('',*,*,#3216,.T.);
#3218=EDGE_LOOP('',(#3215,#3217));
#3219=FACE_BOUND('',#3218,.F.);
#3221=ORIENTED_EDGE('',*,*,#3220,.T.);
#3223=ORIENTED_EDGE('',*,*,#3222,.T.);
#3224=EDGE_LOOP('',(#3221,#3223));
#3225=FACE_BOUND('',#3224,.F.);
#3227=ORIENTED_EDGE('',*,*,#3226,.T.);
#3229=ORIENTED_EDGE('',*,*,#3228,.T.);
#3230=EDGE_LOOP('',(#3227,#3229));
#3231=FACE_BOUND('',#3230,.F.);
#3233=ORIENTED_EDGE('',*,*,#3232,.T.);
#3235=ORIENTED_EDGE('',*,*,#3234,.T.);
#3236=EDGE_LOOP('',(#3233,#3235));
#3237=FACE_BOUND('',#3236,.F.);
#3239=ORIENTED_EDGE('',*,*,#3238,.T.);
#3241=ORIENTED_EDGE('',*,*,#3240,.T.);
#3242=EDGE_LOOP('',(#3239,#3241));
#3243=FACE_BOUND('',#3242,.F.);
#3245=ORIENTED_EDGE('',*,*,#3244,.T.);
#3247=ORIENTED_EDGE('',*,*,#3246,.T.);
#3248=EDGE_LOOP('',(#3245,#3247));
#3249=FACE_BOUND('',#3248,.F.);
#3251=ORIENTED_EDGE('',*,*,#3250,.T.);
#3253=ORIENTED_EDGE('',*,*,#3252,.T.);
#3254=EDGE_LOOP('',(#3251,#3253));
#3255=FACE_BOUND('',#3254,.F.);
#3257=ORIENTED_EDGE('',*,*,#3256,.T.);
#3259=ORIENTED_EDGE('',*,*,#3258,.T.);
#3260=EDGE_LOOP('',(#3257,#3259));
#3261=FACE_BOUND('',#3260,.F.);
#3262=ORIENTED_EDGE('',*,*,#3144,.T.);
#3264=ORIENTED_EDGE('',*,*,#3263,.T.);
#3265=EDGE_LOOP('',(#3262,#3264));
#3266=FACE_BOUND('',#3265,.F.);
#3268=CARTESIAN_POINT('',(-2.526822484826E0,0.E0,1.398994238101E-14));
#3269=DIRECTION('',(-9.986295347546E-1,0.E0,5.233595624295E-2));
#3270=DIRECTION('',(5.233595624295E-2,0.E0,9.986295347546E-1));
#3271=AXIS2_PLACEMENT_3D('',#3268,#3269,#3270);
#3272=PLANE('',#3271);
#3274=ORIENTED_EDGE('',*,*,#3273,.F.);
#3275=ORIENTED_EDGE('',*,*,#3160,.F.);
#3277=ORIENTED_EDGE('',*,*,#3276,.F.);
#3279=ORIENTED_EDGE('',*,*,#3278,.F.);
#3280=EDGE_LOOP('',(#3274,#3275,#3277,#3279));
#3281=FACE_OUTER_BOUND('',#3280,.F.);
#3283=CARTESIAN_POINT('',(-1.010467191249E1,1.5E0,1.997259069509E0));
#3284=DIRECTION('',(-5.233595624296E-2,0.E0,9.986295347546E-1));
#3285=DIRECTION('',(9.986295347546E-1,0.E0,5.233595624296E-2));
#3286=AXIS2_PLACEMENT_3D('',#3283,#3284,#3285);
#3287=PLANE('',#3286);
#3288=ORIENTED_EDGE('',*,*,#3273,.T.);
#3290=ORIENTED_EDGE('',*,*,#3289,.F.);
#3292=ORIENTED_EDGE('',*,*,#3291,.F.);
#3293=ORIENTED_EDGE('',*,*,#3162,.F.);
#3294=EDGE_LOOP('',(#3288,#3290,#3292,#3293));
#3295=FACE_OUTER_BOUND('',#3294,.F.);
#3297=CARTESIAN_POINT('',(0.E0,0.E0,0.E0));
#3298=DIRECTION('',(0.E0,1.E0,0.E0));
#3299=DIRECTION('',(1.E0,0.E0,0.E0));
#3300=AXIS2_PLACEMENT_3D('',#3297,#3298,#3299);
#3301=PLANE('',#3300);
#3303=ORIENTED_EDGE('',*,*,#3302,.T.);
#3305=ORIENTED_EDGE('',*,*,#3304,.T.);
#3307=ORIENTED_EDGE('',*,*,#3306,.T.);
#3309=ORIENTED_EDGE('',*,*,#3308,.T.);
#3310=ORIENTED_EDGE('',*,*,#3289,.T.);
#3311=ORIENTED_EDGE('',*,*,#3278,.T.);
#3313=ORIENTED_EDGE('',*,*,#3312,.T.);
#3315=ORIENTED_EDGE('',*,*,#3314,.T.);
#3317=ORIENTED_EDGE('',*,*,#3316,.T.);
#3319=ORIENTED_EDGE('',*,*,#3318,.T.);
#3321=ORIENTED_EDGE('',*,*,#3320,.T.);
#3323=ORIENTED_EDGE('',*,*,#3322,.T.);
#3325=ORIENTED_EDGE('',*,*,#3324,.T.);
#3327=ORIENTED_EDGE('',*,*,#3326,.T.);
#3328=EDGE_LOOP('',(#3303,#3305,#3307,#3309,#3310,#3311,#3313,#3315,#3317,#3319,
#3321,#3323,#3325,#3327));
#3329=FACE_OUTER_BOUND('',#3328,.F.);
#3331=ORIENTED_EDGE('',*,*,#3330,.T.);
#3333=ORIENTED_EDGE('',*,*,#3332,.T.);
#3334=EDGE_LOOP('',(#3331,#3333));
#3335=FACE_BOUND('',#3334,.F.);
#3337=ORIENTED_EDGE('',*,*,#3336,.T.);
#3339=ORIENTED_EDGE('',*,*,#3338,.T.);
#3340=EDGE_LOOP('',(#3337,#3339));
#3341=FACE_BOUND('',#3340,.F.);
#3343=ORIENTED_EDGE('',*,*,#3342,.T.);
#3345=ORIENTED_EDGE('',*,*,#3344,.T.);
#3346=EDGE_LOOP('',(#3343,#3345));
#3347=FACE_BOUND('',#3346,.F.);
#3349=ORIENTED_EDGE('',*,*,#3348,.T.);
#3351=ORIENTED_EDGE('',*,*,#3350,.T.);
#3352=EDGE_LOOP('',(#3349,#3351));
#3353=FACE_BOUND('',#3352,.F.);
#3355=ORIENTED_EDGE('',*,*,#3354,.T.);
#3357=ORIENTED_EDGE('',*,*,#3356,.T.);
#3358=EDGE_LOOP('',(#3355,#3357));
#3359=FACE_BOUND('',#3358,.F.);
#3361=ORIENTED_EDGE('',*,*,#3360,.T.);
#3363=ORIENTED_EDGE('',*,*,#3362,.T.);
#3364=EDGE_LOOP('',(#3361,#3363));
#3365=FACE_BOUND('',#3364,.F.);
#3367=ORIENTED_EDGE('',*,*,#3366,.T.);
#3369=ORIENTED_EDGE('',*,*,#3368,.T.);
#3370=EDGE_LOOP('',(#3367,#3369));
#3371=FACE_BOUND('',#3370,.F.);
#3373=ORIENTED_EDGE('',*,*,#3372,.T.);
#3375=ORIENTED_EDGE('',*,*,#3374,.T.);
#3376=EDGE_LOOP('',(#3373,#3375));
#3377=FACE_BOUND('',#3376,.F.);
#3379=ORIENTED_EDGE('',*,*,#3378,.T.);
#3381=ORIENTED_EDGE('',*,*,#3380,.T.);
#3382=EDGE_LOOP('',(#3379,#3381));
#3383=FACE_BOUND('',#3382,.F.);
#3385=ORIENTED_EDGE('',*,*,#3384,.T.);
#3387=ORIENTED_EDGE('',*,*,#3386,.T.);
#3388=EDGE_LOOP('',(#3385,#3387));
#3389=FACE_BOUND('',#3388,.F.);
#3391=ORIENTED_EDGE('',*,*,#3390,.T.);
#3393=ORIENTED_EDGE('',*,*,#3392,.T.);
#3394=EDGE_LOOP('',(#3391,#3393));
#3395=FACE_BOUND('',#3394,.F.);
#3397=ORIENTED_EDGE('',*,*,#3396,.T.);
#3399=ORIENTED_EDGE('',*,*,#3398,.T.);
#3400=EDGE_LOOP('',(#3397,#3399));
#3401=FACE_BOUND('',#3400,.F.);
#3403=ORIENTED_EDGE('',*,*,#3402,.T.);
#3405=ORIENTED_EDGE('',*,*,#3404,.T.);
#3406=EDGE_LOOP('',(#3403,#3405));
#3407=FACE_BOUND('',#3406,.F.);
#3409=CARTESIAN_POINT('',(-1.997259069509E0,0.E0,-1.010467191249E1));
#3410=DIRECTION('',(-9.986295347546E-1,0.E0,-5.233595624295E-2));
#3411=DIRECTION('',(-5.233595624295E-2,0.E0,9.986295347546E-1));
#3412=AXIS2_PLACEMENT_3D('',#3409,#3410,#3411);
#3413=PLANE('',#3412);
#3415=ORIENTED_EDGE('',*,*,#3414,.T.);
#3416=ORIENTED_EDGE('',*,*,#3302,.F.);
#3418=ORIENTED_EDGE('',*,*,#3417,.F.);
#3419=ORIENTED_EDGE('',*,*,#3170,.F.);
#3420=EDGE_LOOP('',(#3415,#3416,#3418,#3419));
#3421=FACE_OUTER_BOUND('',#3420,.F.);
#3423=CARTESIAN_POINT('',(-2.400991834693E0,1.5E0,-2.400991834693E0));
#3424=DIRECTION('',(-5.233595624296E-2,0.E0,-9.986295347546E-1));
#3425=DIRECTION('',(-9.986295347546E-1,0.E0,5.233595624296E-2));
#3426=AXIS2_PLACEMENT_3D('',#3423,#3424,#3425);
#3427=PLANE('',#3426);
#3428=ORIENTED_EDGE('',*,*,#3414,.F.);
#3429=ORIENTED_EDGE('',*,*,#3168,.F.);
#3431=ORIENTED_EDGE('',*,*,#3430,.F.);
#3432=ORIENTED_EDGE('',*,*,#3304,.F.);
#3433=EDGE_LOOP('',(#3428,#3429,#3431,#3432));
#3434=FACE_OUTER_BOUND('',#3433,.F.);
#3436=CARTESIAN_POINT('',(-1.E1,1.5E0,0.E0));
#3437=DIRECTION('',(0.E0,1.E0,0.E0));
#3438=DIRECTION('',(-1.E0,0.E0,0.E0));
#3439=AXIS2_PLACEMENT_3D('',#3436,#3437,#3438);
#3440=CYLINDRICAL_SURFACE('',#3439,2.E0);
#3441=ORIENTED_EDGE('',*,*,#3166,.F.);
#3442=ORIENTED_EDGE('',*,*,#3164,.F.);
#3443=ORIENTED_EDGE('',*,*,#3291,.T.);
#3444=ORIENTED_EDGE('',*,*,#3308,.F.);
#3445=ORIENTED_EDGE('',*,*,#3306,.F.);
#3446=ORIENTED_EDGE('',*,*,#3430,.T.);
#3447=EDGE_LOOP('',(#3441,#3442,#3443,#3444,#3445,#3446));
#3448=FACE_OUTER_BOUND('',#3447,.F.);
#3450=CARTESIAN_POINT('',(0.E0,0.E0,-1.E1));
#3451=DIRECTION('',(0.E0,1.E0,0.E0));
#3452=DIRECTION('',(1.E0,0.E0,0.E0));
#3453=AXIS2_PLACEMENT_3D('',#3450,#3451,#3452);
#3454=CYLINDRICAL_SURFACE('',#3453,2.E0);
#3455=ORIENTED_EDGE('',*,*,#3326,.F.);
#3457=ORIENTED_EDGE('',*,*,#3456,.T.);
#3458=ORIENTED_EDGE('',*,*,#3172,.F.);
#3459=ORIENTED_EDGE('',*,*,#3417,.T.);
#3460=EDGE_LOOP('',(#3455,#3457,#3458,#3459));
#3461=FACE_OUTER_BOUND('',#3460,.F.);
#3463=CARTESIAN_POINT('',(2.526822484826E0,0.E0,-3.273742240910E-14));
#3464=DIRECTION('',(9.986295347546E-1,0.E0,-5.233595624295E-2));
#3465=DIRECTION('',(-5.233595624295E-2,0.E0,-9.986295347546E-1));
#3466=AXIS2_PLACEMENT_3D('',#3463,#3464,#3465);
#3467=PLANE('',#3466);
#3469=ORIENTED_EDGE('',*,*,#3468,.F.);
#3470=ORIENTED_EDGE('',*,*,#3174,.F.);
#3471=ORIENTED_EDGE('',*,*,#3456,.F.);
#3472=ORIENTED_EDGE('',*,*,#3324,.F.);
#3473=EDGE_LOOP('',(#3469,#3470,#3471,#3472));
#3474=FACE_OUTER_BOUND('',#3473,.F.);
#3476=CARTESIAN_POINT('',(1.010467191249E1,1.5E0,-1.997259069509E0));
#3477=DIRECTION('',(5.233595624296E-2,0.E0,-9.986295347546E-1));
#3478=DIRECTION('',(-9.986295347546E-1,0.E0,-5.233595624296E-2));
#3479=AXIS2_PLACEMENT_3D('',#3476,#3477,#3478);
#3480=PLANE('',#3479);
#3481=ORIENTED_EDGE('',*,*,#3468,.T.);
#3482=ORIENTED_EDGE('',*,*,#3322,.F.);
#3484=ORIENTED_EDGE('',*,*,#3483,.F.);
#3485=ORIENTED_EDGE('',*,*,#3176,.F.);
#3486=EDGE_LOOP('',(#3481,#3482,#3484,#3485));
#3487=FACE_OUTER_BOUND('',#3486,.F.);
#3489=CARTESIAN_POINT('',(1.E1,1.5E0,0.E0));
#3490=DIRECTION('',(0.E0,1.E0,0.E0));
#3491=DIRECTION('',(-1.E0,0.E0,0.E0));
#3492=AXIS2_PLACEMENT_3D('',#3489,#3490,#3491);
#3493=CYLINDRICAL_SURFACE('',#3492,2.E0);
#3494=ORIENTED_EDGE('',*,*,#3180,.F.);
#3495=ORIENTED_EDGE('',*,*,#3178,.F.);
#3496=ORIENTED_EDGE('',*,*,#3483,.T.);
#3497=ORIENTED_EDGE('',*,*,#3320,.F.);
#3498=ORIENTED_EDGE('',*,*,#3318,.F.);
#3500=ORIENTED_EDGE('',*,*,#3499,.T.);
#3501=EDGE_LOOP('',(#3494,#3495,#3496,#3497,#3498,#3500));
#3502=FACE_OUTER_BOUND('',#3501,.F.);
#3504=CARTESIAN_POINT('',(2.400991834693E0,1.5E0,2.400991834693E0));
#3505=DIRECTION('',(5.233595624296E-2,0.E0,9.986295347546E-1));
#3506=DIRECTION('',(9.986295347546E-1,0.E0,-5.233595624296E-2));
#3507=AXIS2_PLACEMENT_3D('',#3504,#3505,#3506);
#3508=PLANE('',#3507);
#3510=ORIENTED_EDGE('',*,*,#3509,.F.);
#3511=ORIENTED_EDGE('',*,*,#3182,.F.);
#3512=ORIENTED_EDGE('',*,*,#3499,.F.);
#3513=ORIENTED_EDGE('',*,*,#3316,.F.);
#3514=EDGE_LOOP('',(#3510,#3511,#3512,#3513));
#3515=FACE_OUTER_BOUND('',#3514,.F.);
#3517=CARTESIAN_POINT('',(1.997259069509E0,0.E0,1.010467191249E1));
#3518=DIRECTION('',(9.986295347546E-1,0.E0,5.233595624295E-2));
#3519=DIRECTION('',(5.233595624295E-2,0.E0,-9.986295347546E-1));
#3520=AXIS2_PLACEMENT_3D('',#3517,#3518,#3519);
#3521=PLANE('',#3520);
#3522=ORIENTED_EDGE('',*,*,#3509,.T.);
#3523=ORIENTED_EDGE('',*,*,#3314,.F.);
#3525=ORIENTED_EDGE('',*,*,#3524,.F.);
#3526=ORIENTED_EDGE('',*,*,#3184,.F.);
#3527=EDGE_LOOP('',(#3522,#3523,#3525,#3526));
#3528=FACE_OUTER_BOUND('',#3527,.F.);
#3530=CARTESIAN_POINT('',(0.E0,0.E0,1.E1));
#3531=DIRECTION('',(0.E0,1.E0,0.E0));
#3532=DIRECTION('',(1.E0,0.E0,0.E0));
#3533=AXIS2_PLACEMENT_3D('',#3530,#3531,#3532);
#3534=CYLINDRICAL_SURFACE('',#3533,2.E0);
#3535=ORIENTED_EDGE('',*,*,#3312,.F.);
#3536=ORIENTED_EDGE('',*,*,#3276,.T.);
#3537=ORIENTED_EDGE('',*,*,#3186,.F.);
#3538=ORIENTED_EDGE('',*,*,#3524,.T.);
#3539=EDGE_LOOP('',(#3535,#3536,#3537,#3538));
#3540=FACE_OUTER_BOUND('',#3539,.F.);
#3542=CARTESIAN_POINT('',(-7.5E0,1.5E0,0.E0));
#3543=DIRECTION('',(0.E0,1.E0,0.E0));
#3544=DIRECTION('',(-1.E0,0.E0,0.E0));
#3545=AXIS2_PLACEMENT_3D('',#3542,#3543,#3544);
#3546=CYLINDRICAL_SURFACE('',#3545,5.E-1);
#3547=ORIENTED_EDGE('',*,*,#3190,.F.);
#3549=ORIENTED_EDGE('',*,*,#3548,.F.);
#3550=ORIENTED_EDGE('',*,*,#3330,.F.);
#3552=ORIENTED_EDGE('',*,*,#3551,.T.);
#3553=EDGE_LOOP('',(#3547,#3549,#3550,#3552));
#3554=FACE_OUTER_BOUND('',#3553,.F.);
#3556=CARTESIAN_POINT('',(-7.5E0,1.5E0,0.E0));
#3557=DIRECTION('',(0.E0,1.E0,0.E0));
#3558=DIRECTION('',(-1.E0,0.E0,0.E0));
#3559=AXIS2_PLACEMENT_3D('',#3556,#3557,#3558);
#3560=CYLINDRICAL_SURFACE('',#3559,5.E-1);
#3561=ORIENTED_EDGE('',*,*,#3192,.F.);
#3562=ORIENTED_EDGE('',*,*,#3551,.F.);
#3563=ORIENTED_EDGE('',*,*,#3332,.F.);
#3564=ORIENTED_EDGE('',*,*,#3548,.T.);
#3565=EDGE_LOOP('',(#3561,#3562,#3563,#3564));
#3566=FACE_OUTER_BOUND('',#3565,.F.);
#3568=CARTESIAN_POINT('',(-5.E0,1.5E0,0.E0));
#3569=DIRECTION('',(0.E0,1.E0,0.E0));
#3570=DIRECTION('',(-1.E0,0.E0,0.E0));
#3571=AXIS2_PLACEMENT_3D('',#3568,#3569,#3570);
#3572=CYLINDRICAL_SURFACE('',#3571,5.E-1);
#3573=ORIENTED_EDGE('',*,*,#3196,.F.);
#3575=ORIENTED_EDGE('',*,*,#3574,.F.);
#3576=ORIENTED_EDGE('',*,*,#3336,.F.);
#3578=ORIENTED_EDGE('',*,*,#3577,.T.);
#3579=EDGE_LOOP('',(#3573,#3575,#3576,#3578));
#3580=FACE_OUTER_BOUND('',#3579,.F.);
#3582=CARTESIAN_POINT('',(-5.E0,1.5E0,0.E0));
#3583=DIRECTION('',(0.E0,1.E0,0.E0));
#3584=DIRECTION('',(-1.E0,0.E0,0.E0));
#3585=AXIS2_PLACEMENT_3D('',#3582,#3583,#3584);
#3586=CYLINDRICAL_SURFACE('',#3585,5.E-1);
#3587=ORIENTED_EDGE('',*,*,#3198,.F.);
#3588=ORIENTED_EDGE('',*,*,#3577,.F.);
#3589=ORIENTED_EDGE('',*,*,#3338,.F.);
#3590=ORIENTED_EDGE('',*,*,#3574,.T.);
#3591=EDGE_LOOP('',(#3587,#3588,#3589,#3590));
#3592=FACE_OUTER_BOUND('',#3591,.F.);
#3594=CARTESIAN_POINT('',(-1.E1,1.5E0,0.E0));
#3595=DIRECTION('',(0.E0,1.E0,0.E0));
#3596=DIRECTION('',(-1.E0,0.E0,0.E0));
#3597=AXIS2_PLACEMENT_3D('',#3594,#3595,#3596);
#3598=CYLINDRICAL_SURFACE('',#3597,5.E-1);
#3599=ORIENTED_EDGE('',*,*,#3202,.F.);
#3601=ORIENTED_EDGE('',*,*,#3600,.F.);
#3602=ORIENTED_EDGE('',*,*,#3342,.F.);
#3604=ORIENTED_EDGE('',*,*,#3603,.T.);
#3605=EDGE_LOOP('',(#3599,#3601,#3602,#3604));
#3606=FACE_OUTER_BOUND('',#3605,.F.);
#3608=CARTESIAN_POINT('',(-1.E1,1.5E0,0.E0));
#3609=DIRECTION('',(0.E0,1.E0,0.E0));
#3610=DIRECTION('',(-1.E0,0.E0,0.E0));
#3611=AXIS2_PLACEMENT_3D('',#3608,#3609,#3610);
#3612=CYLINDRICAL_SURFACE('',#3611,5.E-1);
#3613=ORIENTED_EDGE('',*,*,#3204,.F.);
#3614=ORIENTED_EDGE('',*,*,#3603,.F.);
#3615=ORIENTED_EDGE('',*,*,#3344,.F.);
#3616=ORIENTED_EDGE('',*,*,#3600,.T.);
#3617=EDGE_LOOP('',(#3613,#3614,#3615,#3616));
#3618=FACE_OUTER_BOUND('',#3617,.F.);
#3620=CARTESIAN_POINT('',(7.5E0,1.5E0,0.E0));
#3621=DIRECTION('',(0.E0,1.E0,0.E0));
#3622=DIRECTION('',(-1.E0,0.E0,0.E0));
#3623=AXIS2_PLACEMENT_3D('',#3620,#3621,#3622);
#3624=CYLINDRICAL_SURFACE('',#3623,5.E-1);
#3625=ORIENTED_EDGE('',*,*,#3208,.F.);
#3627=ORIENTED_EDGE('',*,*,#3626,.F.);
#3628=ORIENTED_EDGE('',*,*,#3348,.F.);
#3630=ORIENTED_EDGE('',*,*,#3629,.T.);
#3631=EDGE_LOOP('',(#3625,#3627,#3628,#3630));
#3632=FACE_OUTER_BOUND('',#3631,.F.);
#3634=CARTESIAN_POINT('',(7.5E0,1.5E0,0.E0));
#3635=DIRECTION('',(0.E0,1.E0,0.E0));
#3636=DIRECTION('',(-1.E0,0.E0,0.E0));
#3637=AXIS2_PLACEMENT_3D('',#3634,#3635,#3636);
#3638=CYLINDRICAL_SURFACE('',#3637,5.E-1);
#3639=ORIENTED_EDGE('',*,*,#3210,.F.);
#3640=ORIENTED_EDGE('',*,*,#3629,.F.);
#3641=ORIENTED_EDGE('',*,*,#3350,.F.);
#3642=ORIENTED_EDGE('',*,*,#3626,.T.);
#3643=EDGE_LOOP('',(#3639,#3640,#3641,#3642));
#3644=FACE_OUTER_BOUND('',#3643,.F.);
#3646=CARTESIAN_POINT('',(5.E0,1.5E0,0.E0));
#3647=DIRECTION('',(0.E0,1.E0,0.E0));
#3648=DIRECTION('',(-1.E0,0.E0,0.E0));
#3649=AXIS2_PLACEMENT_3D('',#3646,#3647,#3648);
#3650=CYLINDRICAL_SURFACE('',#3649,5.E-1);
#3651=ORIENTED_EDGE('',*,*,#3214,.F.);
#3653=ORIENTED_EDGE('',*,*,#3652,.F.);
#3654=ORIENTED_EDGE('',*,*,#3354,.F.);
#3656=ORIENTED_EDGE('',*,*,#3655,.T.);
#3657=EDGE_LOOP('',(#3651,#3653,#3654,#3656));
#3658=FACE_OUTER_BOUND('',#3657,.F.);
#3660=CARTESIAN_POINT('',(5.E0,1.5E0,0.E0));
#3661=DIRECTION('',(0.E0,1.E0,0.E0));
#3662=DIRECTION('',(-1.E0,0.E0,0.E0));
#3663=AXIS2_PLACEMENT_3D('',#3660,#3661,#3662);
#3664=CYLINDRICAL_SURFACE('',#3663,5.E-1);
#3665=ORIENTED_EDGE('',*,*,#3216,.F.);
#3666=ORIENTED_EDGE('',*,*,#3655,.F.);
#3667=ORIENTED_EDGE('',*,*,#3356,.F.);
#3668=ORIENTED_EDGE('',*,*,#3652,.T.);
#3669=EDGE_LOOP('',(#3665,#3666,#3667,#3668));
#3670=FACE_OUTER_BOUND('',#3669,.F.);
#3672=CARTESIAN_POINT('',(1.E1,1.5E0,0.E0));
#3673=DIRECTION('',(0.E0,1.E0,0.E0));
#3674=DIRECTION('',(-1.E0,0.E0,0.E0));
#3675=AXIS2_PLACEMENT_3D('',#3672,#3673,#3674);
#3676=CYLINDRICAL_SURFACE('',#3675,5.E-1);
#3677=ORIENTED_EDGE('',*,*,#3220,.F.);
#3679=ORIENTED_EDGE('',*,*,#3678,.F.);
#3680=ORIENTED_EDGE('',*,*,#3360,.F.);
#3682=ORIENTED_EDGE('',*,*,#3681,.T.);
#3683=EDGE_LOOP('',(#3677,#3679,#3680,#3682));
#3684=FACE_OUTER_BOUND('',#3683,.F.);
#3686=CARTESIAN_POINT('',(1.E1,1.5E0,0.E0));
#3687=DIRECTION('',(0.E0,1.E0,0.E0));
#3688=DIRECTION('',(-1.E0,0.E0,0.E0));
#3689=AXIS2_PLACEMENT_3D('',#3686,#3687,#3688);
#3690=CYLINDRICAL_SURFACE('',#3689,5.E-1);
#3691=ORIENTED_EDGE('',*,*,#3222,.F.);
#3692=ORIENTED_EDGE('',*,*,#3681,.F.);
#3693=ORIENTED_EDGE('',*,*,#3362,.F.);
#3694=ORIENTED_EDGE('',*,*,#3678,.T.);
#3695=EDGE_LOOP('',(#3691,#3692,#3693,#3694));
#3696=FACE_OUTER_BOUND('',#3695,.F.);
#3698=CARTESIAN_POINT('',(0.E0,0.E0,-1.E1));
#3699=DIRECTION('',(0.E0,1.E0,0.E0));
#3700=DIRECTION('',(1.E0,0.E0,0.E0));
#3701=AXIS2_PLACEMENT_3D('',#3698,#3699,#3700);
#3702=CYLINDRICAL_SURFACE('',#3701,5.E-1);
#3703=ORIENTED_EDGE('',*,*,#3366,.F.);
#3705=ORIENTED_EDGE('',*,*,#3704,.F.);
#3706=ORIENTED_EDGE('',*,*,#3226,.F.);
#3708=ORIENTED_EDGE('',*,*,#3707,.T.);
#3709=EDGE_LOOP('',(#3703,#3705,#3706,#3708));
#3710=FACE_OUTER_BOUND('',#3709,.F.);
#3712=CARTESIAN_POINT('',(0.E0,0.E0,-1.E1));
#3713=DIRECTION('',(0.E0,1.E0,0.E0));
#3714=DIRECTION('',(1.E0,0.E0,0.E0));
#3715=AXIS2_PLACEMENT_3D('',#3712,#3713,#3714);
#3716=CYLINDRICAL_SURFACE('',#3715,5.E-1);
#3717=ORIENTED_EDGE('',*,*,#3368,.F.);
#3718=ORIENTED_EDGE('',*,*,#3707,.F.);
#3719=ORIENTED_EDGE('',*,*,#3228,.F.);
#3720=ORIENTED_EDGE('',*,*,#3704,.T.);
#3721=EDGE_LOOP('',(#3717,#3718,#3719,#3720));
#3722=FACE_OUTER_BOUND('',#3721,.F.);
#3724=CARTESIAN_POINT('',(0.E0,0.E0,-5.E0));
#3725=DIRECTION('',(0.E0,1.E0,0.E0));
#3726=DIRECTION('',(1.E0,0.E0,0.E0));
#3727=AXIS2_PLACEMENT_3D('',#3724,#3725,#3726);
#3728=CYLINDRICAL_SURFACE('',#3727,5.E-1);
#3729=ORIENTED_EDGE('',*,*,#3372,.F.);
#3731=ORIENTED_EDGE('',*,*,#3730,.F.);
#3732=ORIENTED_EDGE('',*,*,#3232,.F.);
#3734=ORIENTED_EDGE('',*,*,#3733,.T.);
#3735=EDGE_LOOP('',(#3729,#3731,#3732,#3734));
#3736=FACE_OUTER_BOUND('',#3735,.F.);
#3738=CARTESIAN_POINT('',(0.E0,0.E0,-5.E0));
#3739=DIRECTION('',(0.E0,1.E0,0.E0));
#3740=DIRECTION('',(1.E0,0.E0,0.E0));
#3741=AXIS2_PLACEMENT_3D('',#3738,#3739,#3740);
#3742=CYLINDRICAL_SURFACE('',#3741,5.E-1);
#3743=ORIENTED_EDGE('',*,*,#3374,.F.);
#3744=ORIENTED_EDGE('',*,*,#3733,.F.);
#3745=ORIENTED_EDGE('',*,*,#3234,.F.);
#3746=ORIENTED_EDGE('',*,*,#3730,.T.);
#3747=EDGE_LOOP('',(#3743,#3744,#3745,#3746));
#3748=FACE_OUTER_BOUND('',#3747,.F.);
#3750=CARTESIAN_POINT('',(0.E0,0.E0,-7.5E0));
#3751=DIRECTION('',(0.E0,1.E0,0.E0));
#3752=DIRECTION('',(1.E0,0.E0,0.E0));
#3753=AXIS2_PLACEMENT_3D('',#3750,#3751,#3752);
#3754=CYLINDRICAL_SURFACE('',#3753,5.E-1);
#3755=ORIENTED_EDGE('',*,*,#3378,.F.);
#3757=ORIENTED_EDGE('',*,*,#3756,.F.);
#3758=ORIENTED_EDGE('',*,*,#3238,.F.);
#3760=ORIENTED_EDGE('',*,*,#3759,.T.);
#3761=EDGE_LOOP('',(#3755,#3757,#3758,#3760));
#3762=FACE_OUTER_BOUND('',#3761,.F.);
#3764=CARTESIAN_POINT('',(0.E0,0.E0,-7.5E0));
#3765=DIRECTION('',(0.E0,1.E0,0.E0));
#3766=DIRECTION('',(1.E0,0.E0,0.E0));
#3767=AXIS2_PLACEMENT_3D('',#3764,#3765,#3766);
#3768=CYLINDRICAL_SURFACE('',#3767,5.E-1);
#3769=ORIENTED_EDGE('',*,*,#3380,.F.);
#3770=ORIENTED_EDGE('',*,*,#3759,.F.);
#3771=ORIENTED_EDGE('',*,*,#3240,.F.);
#3772=ORIENTED_EDGE('',*,*,#3756,.T.);
#3773=EDGE_LOOP('',(#3769,#3770,#3771,#3772));
#3774=FACE_OUTER_BOUND('',#3773,.F.);
#3776=CARTESIAN_POINT('',(0.E0,0.E0,5.E0));
#3777=DIRECTION('',(0.E0,1.E0,0.E0));
#3778=DIRECTION('',(1.E0,0.E0,0.E0));
#3779=AXIS2_PLACEMENT_3D('',#3776,#3777,#3778);
#3780=CYLINDRICAL_SURFACE('',#3779,5.E-1);
#3781=ORIENTED_EDGE('',*,*,#3384,.F.);
#3783=ORIENTED_EDGE('',*,*,#3782,.F.);
#3784=ORIENTED_EDGE('',*,*,#3244,.F.);
#3786=ORIENTED_EDGE('',*,*,#3785,.T.);
#3787=EDGE_LOOP('',(#3781,#3783,#3784,#3786));
#3788=FACE_OUTER_BOUND('',#3787,.F.);
#3790=CARTESIAN_POINT('',(0.E0,0.E0,5.E0));
#3791=DIRECTION('',(0.E0,1.E0,0.E0));
#3792=DIRECTION('',(1.E0,0.E0,0.E0));
#3793=AXIS2_PLACEMENT_3D('',#3790,#3791,#3792);
#3794=CYLINDRICAL_SURFACE('',#3793,5.E-1);
#3795=ORIENTED_EDGE('',*,*,#3386,.F.);
#3796=ORIENTED_EDGE('',*,*,#3785,.F.);
#3797=ORIENTED_EDGE('',*,*,#3246,.F.);
#3798=ORIENTED_EDGE('',*,*,#3782,.T.);
#3799=EDGE_LOOP('',(#3795,#3796,#3797,#3798));
#3800=FACE_OUTER_BOUND('',#3799,.F.);
#3802=CARTESIAN_POINT('',(0.E0,0.E0,7.5E0));
#3803=DIRECTION('',(0.E0,1.E0,0.E0));
#3804=DIRECTION('',(1.E0,0.E0,0.E0));
#3805=AXIS2_PLACEMENT_3D('',#3802,#3803,#3804);
#3806=CYLINDRICAL_SURFACE('',#3805,5.E-1);
#3807=ORIENTED_EDGE('',*,*,#3390,.F.);
#3809=ORIENTED_EDGE('',*,*,#3808,.F.);
#3810=ORIENTED_EDGE('',*,*,#3250,.F.);
#3812=ORIENTED_EDGE('',*,*,#3811,.T.);
#3813=EDGE_LOOP('',(#3807,#3809,#3810,#3812));
#3814=FACE_OUTER_BOUND('',#3813,.F.);
#3816=CARTESIAN_POINT('',(0.E0,0.E0,7.5E0));
#3817=DIRECTION('',(0.E0,1.E0,0.E0));
#3818=DIRECTION('',(1.E0,0.E0,0.E0));
#3819=AXIS2_PLACEMENT_3D('',#3816,#3817,#3818);
#3820=CYLINDRICAL_SURFACE('',#3819,5.E-1);
#3821=ORIENTED_EDGE('',*,*,#3392,.F.);
#3822=ORIENTED_EDGE('',*,*,#3811,.F.);
#3823=ORIENTED_EDGE('',*,*,#3252,.F.);
#3824=ORIENTED_EDGE('',*,*,#3808,.T.);
#3825=EDGE_LOOP('',(#3821,#3822,#3823,#3824));
#3826=FACE_OUTER_BOUND('',#3825,.F.);
#3828=CARTESIAN_POINT('',(0.E0,0.E0,1.E1));
#3829=DIRECTION('',(0.E0,1.E0,0.E0));
#3830=DIRECTION('',(1.E0,0.E0,0.E0));
#3831=AXIS2_PLACEMENT_3D('',#3828,#3829,#3830);
#3832=CYLINDRICAL_SURFACE('',#3831,5.E-1);
#3833=ORIENTED_EDGE('',*,*,#3396,.F.);
#3835=ORIENTED_EDGE('',*,*,#3834,.F.);
#3836=ORIENTED_EDGE('',*,*,#3256,.F.);
#3838=ORIENTED_EDGE('',*,*,#3837,.T.);
#3839=EDGE_LOOP('',(#3833,#3835,#3836,#3838));
#3840=FACE_OUTER_BOUND('',#3839,.F.);
#3842=CARTESIAN_POINT('',(0.E0,0.E0,1.E1));
#3843=DIRECTION('',(0.E0,1.E0,0.E0));
#3844=DIRECTION('',(1.E0,0.E0,0.E0));
#3845=AXIS2_PLACEMENT_3D('',#3842,#3843,#3844);
#3846=CYLINDRICAL_SURFACE('',#3845,5.E-1);
#3847=ORIENTED_EDGE('',*,*,#3398,.F.);
#3848=ORIENTED_EDGE('',*,*,#3837,.F.);
#3849=ORIENTED_EDGE('',*,*,#3258,.F.);
#3850=ORIENTED_EDGE('',*,*,#3834,.T.);
#3851=EDGE_LOOP('',(#3847,#3848,#3849,#3850));
#3852=FACE_OUTER_BOUND('',#3851,.F.);
#3854=CARTESIAN_POINT('',(0.E0,0.E0,0.E0));
#3855=DIRECTION('',(0.E0,-1.E0,0.E0));
#3856=DIRECTION('',(0.E0,0.E0,1.E0));
#3857=AXIS2_PLACEMENT_3D('',#3854,#3855,#3856);
#3858=CYLINDRICAL_SURFACE('',#3857,2.95E0);
#3859=ORIENTED_EDGE('',*,*,#3402,.F.);
#3861=ORIENTED_EDGE('',*,*,#3860,.F.);
#3863=ORIENTED_EDGE('',*,*,#3862,.F.);
#3865=ORIENTED_EDGE('',*,*,#3864,.T.);
#3866=EDGE_LOOP('',(#3859,#3861,#3863,#3865));
#3867=FACE_OUTER_BOUND('',#3866,.F.);
#3869=CARTESIAN_POINT('',(0.E0,0.E0,0.E0));
#3870=DIRECTION('',(0.E0,-1.E0,0.E0));
#3871=DIRECTION('',(0.E0,0.E0,1.E0));
#3872=AXIS2_PLACEMENT_3D('',#3869,#3870,#3871);
#3873=CYLINDRICAL_SURFACE('',#3872,2.95E0);
#3874=ORIENTED_EDGE('',*,*,#3404,.F.);
#3875=ORIENTED_EDGE('',*,*,#3864,.F.);
#3877=ORIENTED_EDGE('',*,*,#3876,.F.);
#3878=ORIENTED_EDGE('',*,*,#3860,.T.);
#3879=EDGE_LOOP('',(#3874,#3875,#3877,#3878));
#3880=FACE_OUTER_BOUND('',#3879,.F.);
#3882=CARTESIAN_POINT('',(0.E0,-4.E-1,0.E0));
#3883=DIRECTION('',(0.E0,-1.E0,0.E0));
#3884=DIRECTION('',(-1.409936287105E-2,0.E0,-9.999005990430E-1));
#3885=AXIS2_PLACEMENT_3D('',#3882,#3883,#3884);
#3886=TOROIDAL_SURFACE('',#3885,2.75E0,2.E-1);
#3888=ORIENTED_EDGE('',*,*,#3887,.F.);
#3890=ORIENTED_EDGE('',*,*,#3889,.F.);
#3892=ORIENTED_EDGE('',*,*,#3891,.F.);
#3893=ORIENTED_EDGE('',*,*,#3876,.T.);
#3895=ORIENTED_EDGE('',*,*,#3894,.T.);
#3896=EDGE_LOOP('',(#3888,#3890,#3892,#3893,#3895));
#3897=FACE_OUTER_BOUND('',#3896,.F.);
#3899=CARTESIAN_POINT('',(0.E0,-6.E-1,0.E0));
#3900=DIRECTION('',(0.E0,-1.E0,0.E0));
#3901=DIRECTION('',(0.E0,0.E0,1.E0));
#3902=AXIS2_PLACEMENT_3D('',#3899,#3900,#3901);
#3903=PLANE('',#3902);
#3905=ORIENTED_EDGE('',*,*,#3904,.T.);
#3907=ORIENTED_EDGE('',*,*,#3906,.T.);
#3908=ORIENTED_EDGE('',*,*,#3889,.T.);
#3909=ORIENTED_EDGE('',*,*,#3887,.T.);
#3910=EDGE_LOOP('',(#3905,#3907,#3908,#3909));
#3911=FACE_OUTER_BOUND('',#3910,.F.);
#3913=ORIENTED_EDGE('',*,*,#3912,.T.);
#3915=ORIENTED_EDGE('',*,*,#3914,.T.);
#3917=ORIENTED_EDGE('',*,*,#3916,.T.);
#3919=ORIENTED_EDGE('',*,*,#3918,.T.);
#3920=EDGE_LOOP('',(#3913,#3915,#3917,#3919));
#3921=FACE_BOUND('',#3920,.F.);
#3923=CARTESIAN_POINT('',(0.E0,-4.E-1,0.E0));
#3924=DIRECTION('',(0.E0,-1.E0,0.E0));
#3925=DIRECTION('',(1.409936287105E-2,0.E0,9.999005990430E-1));
#3926=AXIS2_PLACEMENT_3D('',#3923,#3924,#3925);
#3927=TOROIDAL_SURFACE('',#3926,2.75E0,2.E-1);
#3928=ORIENTED_EDGE('',*,*,#3906,.F.);
#3929=ORIENTED_EDGE('',*,*,#3904,.F.);
#3930=ORIENTED_EDGE('',*,*,#3894,.F.);
#3931=ORIENTED_EDGE('',*,*,#3862,.T.);
#3932=ORIENTED_EDGE('',*,*,#3891,.T.);
#3933=EDGE_LOOP('',(#3928,#3929,#3930,#3931,#3932));
#3934=FACE_OUTER_BOUND('',#3933,.F.);
#3936=CARTESIAN_POINT('',(0.E0,-3.E-1,0.E0));
#3937=DIRECTION('',(0.E0,-1.E0,0.E0));
#3938=DIRECTION('',(-2.813309699500E-2,0.E0,9.996041860924E-1));
#3939=AXIS2_PLACEMENT_3D('',#3936,#3937,#3938);
#3940=TOROIDAL_SURFACE('',#3939,2.4E0,3.E-1);
#3941=ORIENTED_EDGE('',*,*,#3914,.F.);
#3942=ORIENTED_EDGE('',*,*,#3912,.F.);
#3944=ORIENTED_EDGE('',*,*,#3943,.F.);
#3946=ORIENTED_EDGE('',*,*,#3945,.T.);
#3948=ORIENTED_EDGE('',*,*,#3947,.T.);
#3950=ORIENTED_EDGE('',*,*,#3949,.T.);
#3951=EDGE_LOOP('',(#3941,#3942,#3944,#3946,#3948,#3950));
#3952=FACE_OUTER_BOUND('',#3951,.F.);
#3954=CARTESIAN_POINT('',(0.E0,-3.E-1,0.E0));
#3955=DIRECTION('',(0.E0,-1.E0,0.E0));
#3956=DIRECTION('',(2.813309699500E-2,0.E0,-9.996041860924E-1));
#3957=AXIS2_PLACEMENT_3D('',#3954,#3955,#3956);
#3958=TOROIDAL_SURFACE('',#3957,2.4E0,3.E-1);
#3959=ORIENTED_EDGE('',*,*,#3918,.F.);
#3960=ORIENTED_EDGE('',*,*,#3916,.F.);
#3961=ORIENTED_EDGE('',*,*,#3949,.F.);
#3963=ORIENTED_EDGE('',*,*,#3962,.T.);
#3965=ORIENTED_EDGE('',*,*,#3964,.T.);
#3966=ORIENTED_EDGE('',*,*,#3943,.T.);
#3967=EDGE_LOOP('',(#3959,#3960,#3961,#3963,#3965,#3966));
#3968=FACE_OUTER_BOUND('',#3967,.F.);
#3970=CARTESIAN_POINT('',(0.E0,0.E0,0.E0));
#3971=DIRECTION('',(0.E0,-1.E0,0.E0));
#3972=DIRECTION('',(0.E0,0.E0,1.E0));
#3973=AXIS2_PLACEMENT_3D('',#3970,#3971,#3972);
#3974=CYLINDRICAL_SURFACE('',#3973,2.1E0);
#3975=ORIENTED_EDGE('',*,*,#3964,.F.);
#3976=ORIENTED_EDGE('',*,*,#3962,.F.);
#3978=ORIENTED_EDGE('',*,*,#3977,.T.);
#3980=ORIENTED_EDGE('',*,*,#3979,.F.);
#3982=ORIENTED_EDGE('',*,*,#3981,.T.);
#3983=EDGE_LOOP('',(#3975,#3976,#3978,#3980,#3982));
#3984=FACE_OUTER_BOUND('',#3983,.F.);
#3986=CARTESIAN_POINT('',(0.E0,0.E0,0.E0));
#3987=DIRECTION('',(0.E0,-1.E0,0.E0));
#3988=DIRECTION('',(0.E0,0.E0,1.E0));
#3989=AXIS2_PLACEMENT_3D('',#3986,#3987,#3988);
#3990=CYLINDRICAL_SURFACE('',#3989,2.1E0);
#3991=ORIENTED_EDGE('',*,*,#3947,.F.);
#3992=ORIENTED_EDGE('',*,*,#3945,.F.);
#3993=ORIENTED_EDGE('',*,*,#3981,.F.);
#3995=ORIENTED_EDGE('',*,*,#3994,.F.);
#3996=ORIENTED_EDGE('',*,*,#3977,.F.);
#3997=EDGE_LOOP('',(#3991,#3992,#3993,#3995,#3996));
#3998=FACE_OUTER_BOUND('',#3997,.F.);
#4000=CARTESIAN_POINT('',(0.E0,3.E-1,0.E0));
#4001=DIRECTION('',(0.E0,-1.E0,0.E0));
#4002=DIRECTION('',(0.E0,0.E0,1.E0));
#4003=AXIS2_PLACEMENT_3D('',#4000,#4001,#4002);
#4004=PLANE('',#4003);
#4005=ORIENTED_EDGE('',*,*,#3979,.T.);
#4006=ORIENTED_EDGE('',*,*,#3994,.T.);
#4007=EDGE_LOOP('',(#4005,#4006));
#4008=FACE_OUTER_BOUND('',#4007,.F.);
#4010=ORIENTED_EDGE('',*,*,#4009,.T.);
#4012=ORIENTED_EDGE('',*,*,#4011,.T.);
#4013=EDGE_LOOP('',(#4010,#4012));
#4014=FACE_BOUND('',#4013,.F.);
#4016=CARTESIAN_POINT('',(0.E0,3.E-1,0.E0));
#4017=DIRECTION('',(0.E0,-1.E0,0.E0));
#4018=DIRECTION('',(0.E0,0.E0,1.E0));
#4019=AXIS2_PLACEMENT_3D('',#4016,#4017,#4018);
#4020=CYLINDRICAL_SURFACE('',#4019,1.E0);
#4021=ORIENTED_EDGE('',*,*,#2855,.F.);
#4023=ORIENTED_EDGE('',*,*,#4022,.T.);
#4024=ORIENTED_EDGE('',*,*,#4009,.F.);
#4026=ORIENTED_EDGE('',*,*,#4025,.F.);
#4027=EDGE_LOOP('',(#4021,#4023,#4024,#4026));
#4028=FACE_OUTER_BOUND('',#4027,.F.);
#4030=CARTESIAN_POINT('',(0.E0,3.E-1,0.E0));
#4031=DIRECTION('',(0.E0,-1.E0,0.E0));
#4032=DIRECTION('',(0.E0,0.E0,1.E0));
#4033=AXIS2_PLACEMENT_3D('',#4030,#4031,#4032);
#4034=CYLINDRICAL_SURFACE('',#4033,1.E0);
#4035=ORIENTED_EDGE('',*,*,#2857,.F.);
#4036=ORIENTED_EDGE('',*,*,#4025,.T.);
#4037=ORIENTED_EDGE('',*,*,#4011,.F.);
#4038=ORIENTED_EDGE('',*,*,#4022,.F.);
#4039=EDGE_LOOP('',(#4035,#4036,#4037,#4038));
#4040=FACE_OUTER_BOUND('',#4039,.F.);
#4042=CARTESIAN_POINT('',(0.E0,1.5E0,0.E0));
#4043=DIRECTION('',(0.E0,1.E0,0.E0));
#4044=DIRECTION('',(1.E0,0.E0,0.E0));
#4045=AXIS2_PLACEMENT_3D('',#4042,#4043,#4044);
#4046=CYLINDRICAL_SURFACE('',#4045,2.95E0);
#4047=ORIENTED_EDGE('',*,*,#3263,.F.);
#4048=ORIENTED_EDGE('',*,*,#3150,.F.);
#4049=ORIENTED_EDGE('',*,*,#3116,.F.);
#4050=ORIENTED_EDGE('',*,*,#3114,.F.);
#4051=ORIENTED_EDGE('',*,*,#3146,.T.);
#4052=EDGE_LOOP('',(#4047,#4048,#4049,#4050,#4051));
#4053=FACE_OUTER_BOUND('',#4052,.F.);
#4055=CARTESIAN_POINT('',(-2.904432620794E-1,8.84476E0,1.827058486068E0));
#4056=DIRECTION('',(0.E0,-1.E0,0.E0));
#4057=DIRECTION('',(1.569963578807E-1,0.E0,-9.875991816583E-1));
#4058=AXIS2_PLACEMENT_3D('',#4055,#4056,#4057);
#4059=CYLINDRICAL_SURFACE('',#4058,1.E-1);
#4060=ORIENTED_EDGE('',*,*,#2911,.F.);
#4061=ORIENTED_EDGE('',*,*,#2909,.F.);
#4063=ORIENTED_EDGE('',*,*,#4062,.T.);
#4064=ORIENTED_EDGE('',*,*,#2847,.F.);
#4065=ORIENTED_EDGE('',*,*,#2845,.F.);
#4067=ORIENTED_EDGE('',*,*,#4066,.T.);
#4068=EDGE_LOOP('',(#4060,#4061,#4063,#4064,#4065,#4067));
#4069=FACE_OUTER_BOUND('',#4068,.F.);
#4071=CARTESIAN_POINT('',(-5.255661417798E-1,3.5E0,1.885808456321E0));
#4072=DIRECTION('',(6.156614753257E-1,0.E0,7.880107536067E-1));
#4073=DIRECTION('',(7.880107536067E-1,0.E0,-6.156614753257E-1));
#4074=AXIS2_PLACEMENT_3D('',#4071,#4072,#4073);
#4075=PLANE('',#4074);
#4076=ORIENTED_EDGE('',*,*,#4062,.F.);
#4077=ORIENTED_EDGE('',*,*,#3100,.F.);
#4079=ORIENTED_EDGE('',*,*,#4078,.F.);
#4080=ORIENTED_EDGE('',*,*,#2849,.F.);
#4081=EDGE_LOOP('',(#4076,#4077,#4079,#4080));
#4082=FACE_OUTER_BOUND('',#4081,.F.);
#4084=CARTESIAN_POINT('',(-5.871322893124E-1,3.5E0,1.807007380961E0));
#4085=DIRECTION('',(0.E0,1.E0,0.E0));
#4086=DIRECTION('',(-9.510565162952E-1,0.E0,-3.090169943749E-1));
#4087=AXIS2_PLACEMENT_3D('',#4084,#4085,#4086);
#4088=CYLINDRICAL_SURFACE('',#4087,1.E-1);
#4089=ORIENTED_EDGE('',*,*,#4078,.T.);
#4090=ORIENTED_EDGE('',*,*,#3098,.F.);
#4091=ORIENTED_EDGE('',*,*,#2870,.T.);
#4092=ORIENTED_EDGE('',*,*,#2851,.F.);
#4093=EDGE_LOOP('',(#4089,#4090,#4091,#4092));
#4094=FACE_OUTER_BOUND('',#4093,.F.);
#4096=CARTESIAN_POINT('',(-2.322383525872E-1,3.5E0,1.734521648060E0));
#4097=DIRECTION('',(-8.290375725551E-1,0.E0,5.591929034707E-1));
#4098=DIRECTION('',(5.591929034707E-1,0.E0,8.290375725551E-1));
#4099=AXIS2_PLACEMENT_3D('',#4096,#4097,#4098);
#4100=PLANE('',#4099);
#4101=ORIENTED_EDGE('',*,*,#4066,.F.);
#4102=ORIENTED_EDGE('',*,*,#2843,.F.);
#4104=ORIENTED_EDGE('',*,*,#4103,.F.);
#4105=ORIENTED_EDGE('',*,*,#2913,.F.);
#4106=EDGE_LOOP('',(#4101,#4102,#4104,#4105));
#4107=FACE_OUTER_BOUND('',#4106,.F.);
#4109=CARTESIAN_POINT('',(0.E0,3.5E0,1.9E0));
#4110=DIRECTION('',(0.E0,1.E0,0.E0));
#4111=DIRECTION('',(-1.E0,0.E0,0.E0));
#4112=AXIS2_PLACEMENT_3D('',#4109,#4110,#4111);
#4113=CYLINDRICAL_SURFACE('',#4112,1.E-1);
#4114=ORIENTED_EDGE('',*,*,#2915,.F.);
#4115=ORIENTED_EDGE('',*,*,#4103,.T.);
#4116=ORIENTED_EDGE('',*,*,#2841,.F.);
#4118=ORIENTED_EDGE('',*,*,#4117,.T.);
#4119=EDGE_LOOP('',(#4114,#4115,#4116,#4118));
#4120=FACE_OUTER_BOUND('',#4119,.F.);
#4122=CARTESIAN_POINT('',(8.290375725550E-2,3.5E0,1.955919290347E0));
#4123=DIRECTION('',(8.290375725551E-1,0.E0,5.591929034707E-1));
#4124=DIRECTION('',(5.591929034707E-1,0.E0,-8.290375725551E-1));
#4125=AXIS2_PLACEMENT_3D('',#4122,#4123,#4124);
#4126=PLANE('',#4125);
#4128=ORIENTED_EDGE('',*,*,#4127,.F.);
#4129=ORIENTED_EDGE('',*,*,#2917,.F.);
#4130=ORIENTED_EDGE('',*,*,#4117,.F.);
#4131=ORIENTED_EDGE('',*,*,#2839,.F.);
#4132=EDGE_LOOP('',(#4128,#4129,#4130,#4131));
#4133=FACE_OUTER_BOUND('',#4132,.F.);
#4135=CARTESIAN_POINT('',(2.904432620794E-1,-5.94476E0,1.827058486068E0));
#4136=DIRECTION('',(0.E0,1.E0,0.E0));
#4137=DIRECTION('',(-1.569963578807E-1,0.E0,-9.875991816583E-1));
#4138=AXIS2_PLACEMENT_3D('',#4135,#4136,#4137);
#4139=CYLINDRICAL_SURFACE('',#4138,1.E-1);
#4140=ORIENTED_EDGE('',*,*,#2837,.F.);
#4141=ORIENTED_EDGE('',*,*,#2835,.F.);
#4143=ORIENTED_EDGE('',*,*,#4142,.T.);
#4144=ORIENTED_EDGE('',*,*,#2921,.F.);
#4145=ORIENTED_EDGE('',*,*,#2919,.F.);
#4146=ORIENTED_EDGE('',*,*,#4127,.T.);
#4147=EDGE_LOOP('',(#4140,#4141,#4143,#4144,#4145,#4146));
#4148=FACE_OUTER_BOUND('',#4147,.F.);
#4150=CARTESIAN_POINT('',(3.151248678E-1,3.5E0,1.721393713737E0));
#4151=DIRECTION('',(-6.156614753257E-1,0.E0,7.880107536067E-1));
#4152=DIRECTION('',(7.880107536067E-1,0.E0,6.156614753257E-1));
#4153=AXIS2_PLACEMENT_3D('',#4150,#4151,#4152);
#4154=PLANE('',#4153);
#4155=ORIENTED_EDGE('',*,*,#4142,.F.);
#4156=ORIENTED_EDGE('',*,*,#2833,.F.);
#4158=ORIENTED_EDGE('',*,*,#4157,.F.);
#4159=ORIENTED_EDGE('',*,*,#2923,.F.);
#4160=EDGE_LOOP('',(#4155,#4156,#4158,#4159));
#4161=FACE_OUTER_BOUND('',#4160,.F.);
#4163=CARTESIAN_POINT('',(5.871322893124E-1,3.5E0,1.807007380961E0));
#4164=DIRECTION('',(0.E0,1.E0,0.E0));
#4165=DIRECTION('',(-9.510565162952E-1,0.E0,3.090169943749E-1));
#4166=AXIS2_PLACEMENT_3D('',#4163,#4164,#4165);
#4167=CYLINDRICAL_SURFACE('',#4166,1.E-1);
#4169=ORIENTED_EDGE('',*,*,#4168,.T.);
#4170=ORIENTED_EDGE('',*,*,#2925,.F.);
#4171=ORIENTED_EDGE('',*,*,#4157,.T.);
#4172=ORIENTED_EDGE('',*,*,#2831,.F.);
#4173=EDGE_LOOP('',(#4169,#4170,#4171,#4172));
#4174=FACE_OUTER_BOUND('',#4173,.F.);
#4176=CARTESIAN_POINT('',(6.832584589062E-1,3.5E0,1.834571116543E0));
#4177=DIRECTION('',(9.612616959383E-1,0.E0,2.756373558170E-1));
#4178=DIRECTION('',(2.756373558170E-1,0.E0,-9.612616959383E-1));
#4179=AXIS2_PLACEMENT_3D('',#4176,#4177,#4178);
#4180=PLANE('',#4179);
#4182=ORIENTED_EDGE('',*,*,#4181,.F.);
#4183=ORIENTED_EDGE('',*,*,#2927,.F.);
#4184=ORIENTED_EDGE('',*,*,#4168,.F.);
#4185=ORIENTED_EDGE('',*,*,#2829,.F.);
#4186=EDGE_LOOP('',(#4182,#4183,#4184,#4185));
#4187=FACE_OUTER_BOUND('',#4186,.F.);
#4189=CARTESIAN_POINT('',(8.408200789266E-1,-5.94476E0,1.647883974943E0));
#4190=DIRECTION('',(0.E0,1.E0,0.E0));
#4191=DIRECTION('',(-4.544973399603E-1,0.E0,-8.907480945638E-1));
#4192=AXIS2_PLACEMENT_3D('',#4189,#4190,#4191);
#4193=CYLINDRICAL_SURFACE('',#4192,1.E-1);
#4194=ORIENTED_EDGE('',*,*,#2827,.F.);
#4195=ORIENTED_EDGE('',*,*,#2825,.F.);
#4197=ORIENTED_EDGE('',*,*,#4196,.T.);
#4198=ORIENTED_EDGE('',*,*,#2931,.F.);
#4199=ORIENTED_EDGE('',*,*,#2929,.F.);
#4200=ORIENTED_EDGE('',*,*,#4181,.T.);
#4201=EDGE_LOOP('',(#4194,#4195,#4197,#4198,#4199,#4200));
#4202=FACE_OUTER_BOUND('',#4201,.F.);
#4204=CARTESIAN_POINT('',(8.316414705228E-1,3.5E0,1.539763769059E0));
#4205=DIRECTION('',(-3.420201433257E-1,0.E0,9.396926207859E-1));
#4206=DIRECTION('',(9.396926207859E-1,0.E0,3.420201433257E-1));
#4207=AXIS2_PLACEMENT_3D('',#4204,#4205,#4206);
#4208=PLANE('',#4207);
#4209=ORIENTED_EDGE('',*,*,#4196,.F.);
#4210=ORIENTED_EDGE('',*,*,#2823,.F.);
#4212=ORIENTED_EDGE('',*,*,#4211,.F.);
#4213=ORIENTED_EDGE('',*,*,#2933,.F.);
#4214=EDGE_LOOP('',(#4209,#4210,#4212,#4213));
#4215=FACE_OUTER_BOUND('',#4214,.F.);
#4217=CARTESIAN_POINT('',(1.116791979356E0,3.5E0,1.537132289312E0));
#4218=DIRECTION('',(0.E0,1.E0,0.E0));
#4219=DIRECTION('',(-8.090169943749E-1,0.E0,5.877852522925E-1));
#4220=AXIS2_PLACEMENT_3D('',#4217,#4218,#4219);
#4221=CYLINDRICAL_SURFACE('',#4220,1.E-1);
#4223=ORIENTED_EDGE('',*,*,#4222,.T.);
#4224=ORIENTED_EDGE('',*,*,#2935,.F.);
#4225=ORIENTED_EDGE('',*,*,#4211,.T.);
#4226=ORIENTED_EDGE('',*,*,#2821,.F.);
#4227=EDGE_LOOP('',(#4223,#4224,#4225,#4226));
#4228=FACE_OUTER_BOUND('',#4227,.F.);
#4230=CARTESIAN_POINT('',(1.216731062058E0,3.5E0,1.533642339642E0));
#4231=DIRECTION('',(9.993908270191E-1,0.E0,-3.489949670250E-2));
#4232=DIRECTION('',(-3.489949670250E-2,0.E0,-9.993908270191E-1));
#4233=AXIS2_PLACEMENT_3D('',#4230,#4231,#4232);
#4234=PLANE('',#4233);
#4236=ORIENTED_EDGE('',*,*,#4235,.F.);
#4237=ORIENTED_EDGE('',*,*,#2937,.F.);
#4238=ORIENTED_EDGE('',*,*,#4222,.F.);
#4239=ORIENTED_EDGE('',*,*,#2819,.F.);
#4240=EDGE_LOOP('',(#4236,#4237,#4238,#4239));
#4241=FACE_OUTER_BOUND('',#4240,.F.);
#4243=CARTESIAN_POINT('',(1.308891568110E0,-5.94476E0,1.307403098868E0));
#4244=DIRECTION('',(0.E0,1.E0,0.E0));
#4245=DIRECTION('',(-7.075089557354E-1,0.E0,-7.067043777664E-1));
#4246=AXIS2_PLACEMENT_3D('',#4243,#4244,#4245);
#4247=CYLINDRICAL_SURFACE('',#4246,1.E-1);
#4248=ORIENTED_EDGE('',*,*,#2817,.F.);
#4249=ORIENTED_EDGE('',*,*,#2815,.F.);
#4251=ORIENTED_EDGE('',*,*,#4250,.T.);
#4252=ORIENTED_EDGE('',*,*,#2941,.F.);
#4253=ORIENTED_EDGE('',*,*,#2939,.F.);
#4254=ORIENTED_EDGE('',*,*,#4235,.T.);
#4255=EDGE_LOOP('',(#4248,#4249,#4251,#4252,#4253,#4254));
#4256=FACE_OUTER_BOUND('',#4255,.F.);
#4258=CARTESIAN_POINT('',(1.266751211724E0,3.5E0,1.207411018500E0));
#4259=DIRECTION('',(-3.489949670250E-2,0.E0,9.993908270191E-1));
#4260=DIRECTION('',(9.993908270191E-1,0.E0,3.489949670250E-2));
#4261=AXIS2_PLACEMENT_3D('',#4258,#4259,#4260);
#4262=PLANE('',#4261);
#4263=ORIENTED_EDGE('',*,*,#4250,.F.);
#4264=ORIENTED_EDGE('',*,*,#2813,.F.);
#4266=ORIENTED_EDGE('',*,*,#4265,.F.);
#4267=ORIENTED_EDGE('',*,*,#2943,.F.);
#4268=EDGE_LOOP('',(#4263,#4264,#4266,#4267));
#4269=FACE_OUTER_BOUND('',#4268,.F.);
#4271=CARTESIAN_POINT('',(1.537132289312E0,3.5E0,1.116791979356E0));
#4272=DIRECTION('',(0.E0,1.E0,0.E0));
#4273=DIRECTION('',(-5.877852522925E-1,0.E0,8.090169943749E-1));
#4274=AXIS2_PLACEMENT_3D('',#4271,#4272,#4273);
#4275=CYLINDRICAL_SURFACE('',#4274,1.E-1);
#4277=ORIENTED_EDGE('',*,*,#4276,.T.);
#4278=ORIENTED_EDGE('',*,*,#2945,.F.);
#4279=ORIENTED_EDGE('',*,*,#4265,.T.);
#4280=ORIENTED_EDGE('',*,*,#2811,.F.);
#4281=EDGE_LOOP('',(#4277,#4278,#4279,#4280));
#4282=FACE_OUTER_BOUND('',#4281,.F.);
#4284=CARTESIAN_POINT('',(1.631101551391E0,3.5E0,1.082589965023E0));
#4285=DIRECTION('',(9.396926207859E-1,0.E0,-3.420201433257E-1));
#4286=DIRECTION('',(-3.420201433257E-1,0.E0,-9.396926207859E-1));
#4287=AXIS2_PLACEMENT_3D('',#4284,#4285,#4286);
#4288=PLANE('',#4287);
#4290=ORIENTED_EDGE('',*,*,#4289,.F.);
#4291=ORIENTED_EDGE('',*,*,#2947,.F.);
#4292=ORIENTED_EDGE('',*,*,#4276,.F.);
#4293=ORIENTED_EDGE('',*,*,#2809,.F.);
#4294=EDGE_LOOP('',(#4290,#4291,#4292,#4293));
#4295=FACE_OUTER_BOUND('',#4294,.F.);
#4297=CARTESIAN_POINT('',(1.648839631024E0,-5.94476E0,8.389444982626E-1));
#4298=DIRECTION('',(0.E0,1.E0,0.E0));
#4299=DIRECTION('',(-8.912646654183E-1,0.E0,-4.534835125744E-1));
#4300=AXIS2_PLACEMENT_3D('',#4297,#4298,#4299);
#4301=CYLINDRICAL_SURFACE('',#4300,1.E-1);
#4302=ORIENTED_EDGE('',*,*,#2807,.F.);
#4303=ORIENTED_EDGE('',*,*,#2805,.F.);
#4305=ORIENTED_EDGE('',*,*,#4304,.T.);
#4306=ORIENTED_EDGE('',*,*,#2951,.F.);
#4307=ORIENTED_EDGE('',*,*,#2949,.F.);
#4308=ORIENTED_EDGE('',*,*,#4289,.T.);
#4309=EDGE_LOOP('',(#4302,#4303,#4305,#4306,#4307,#4308));
#4310=FACE_OUTER_BOUND('',#4309,.F.);
#4312=CARTESIAN_POINT('',(1.577862518347E0,3.5E0,7.568684649234E-1));
#4313=DIRECTION('',(2.756373558170E-1,0.E0,9.612616959383E-1));
#4314=DIRECTION('',(9.612616959383E-1,0.E0,-2.756373558170E-1));
#4315=AXIS2_PLACEMENT_3D('',#4312,#4313,#4314);
#4316=PLANE('',#4315);
#4317=ORIENTED_EDGE('',*,*,#4304,.F.);
#4318=ORIENTED_EDGE('',*,*,#2803,.F.);
#4320=ORIENTED_EDGE('',*,*,#4319,.F.);
#4321=ORIENTED_EDGE('',*,*,#2953,.F.);
#4322=EDGE_LOOP('',(#4317,#4318,#4320,#4321));
#4323=FACE_OUTER_BOUND('',#4322,.F.);
#4325=CARTESIAN_POINT('',(1.807007380961E0,3.5E0,5.871322893124E-1));
#4326=DIRECTION('',(0.E0,1.E0,0.E0));
#4327=DIRECTION('',(-3.090169943749E-1,0.E0,9.510565162952E-1));
#4328=AXIS2_PLACEMENT_3D('',#4325,#4326,#4327);
#4329=CYLINDRICAL_SURFACE('',#4328,1.E-1);
#4331=ORIENTED_EDGE('',*,*,#4330,.T.);
#4332=ORIENTED_EDGE('',*,*,#2955,.F.);
#4333=ORIENTED_EDGE('',*,*,#4319,.T.);
#4334=ORIENTED_EDGE('',*,*,#2801,.F.);
#4335=EDGE_LOOP('',(#4331,#4332,#4333,#4334));
#4336=FACE_OUTER_BOUND('',#4335,.F.);
#4338=CARTESIAN_POINT('',(1.885808456321E0,3.5E0,5.255661417798E-1));
#4339=DIRECTION('',(7.880107536067E-1,0.E0,-6.156614753257E-1));
#4340=DIRECTION('',(-6.156614753257E-1,0.E0,-7.880107536067E-1));
#4341=AXIS2_PLACEMENT_3D('',#4338,#4339,#4340);
#4342=PLANE('',#4341);
#4344=ORIENTED_EDGE('',*,*,#4343,.F.);
#4345=ORIENTED_EDGE('',*,*,#2957,.F.);
#4346=ORIENTED_EDGE('',*,*,#4330,.F.);
#4347=ORIENTED_EDGE('',*,*,#2799,.F.);
#4348=EDGE_LOOP('',(#4344,#4345,#4346,#4347));
#4349=FACE_OUTER_BOUND('',#4348,.F.);
#4351=CARTESIAN_POINT('',(1.827387782711E0,-5.94476E0,2.883641648973E-1));
#4352=DIRECTION('',(0.E0,1.E0,0.E0));
#4353=DIRECTION('',(-9.877771798440E-1,0.E0,-1.558725215661E-1));
#4354=AXIS2_PLACEMENT_3D('',#4351,#4352,#4353);
#4355=CYLINDRICAL_SURFACE('',#4354,1.E-1);
#4356=ORIENTED_EDGE('',*,*,#2797,.F.);
#4357=ORIENTED_EDGE('',*,*,#2795,.F.);
#4359=ORIENTED_EDGE('',*,*,#4358,.T.);
#4360=ORIENTED_EDGE('',*,*,#2961,.F.);
#4361=ORIENTED_EDGE('',*,*,#2959,.F.);
#4362=ORIENTED_EDGE('',*,*,#4343,.T.);
#4363=EDGE_LOOP('',(#4356,#4357,#4359,#4360,#4361,#4362));
#4364=FACE_OUTER_BOUND('',#4363,.F.);
#4366=CARTESIAN_POINT('',(1.734521648060E0,3.5E0,2.322383525872E-1));
#4367=DIRECTION('',(5.591929034707E-1,0.E0,8.290375725551E-1));
#4368=DIRECTION('',(8.290375725551E-1,0.E0,-5.591929034707E-1));
#4369=AXIS2_PLACEMENT_3D('',#4366,#4367,#4368);
#4370=PLANE('',#4369);
#4371=ORIENTED_EDGE('',*,*,#4358,.F.);
#4372=ORIENTED_EDGE('',*,*,#2793,.F.);
#4373=ORIENTED_EDGE('',*,*,#2611,.F.);
#4374=ORIENTED_EDGE('',*,*,#2963,.F.);
#4375=EDGE_LOOP('',(#4371,#4372,#4373,#4374));
#4376=FACE_OUTER_BOUND('',#4375,.F.);
#4378=CARTESIAN_POINT('',(1.721393713737E0,3.5E0,-3.151248678E-1));
#4379=DIRECTION('',(7.880107536067E-1,0.E0,6.156614753257E-1));
#4380=DIRECTION('',(6.156614753257E-1,0.E0,-7.880107536067E-1));
#4381=AXIS2_PLACEMENT_3D('',#4378,#4379,#4380);
#4382=PLANE('',#4381);
#4383=ORIENTED_EDGE('',*,*,#2642,.F.);
#4384=ORIENTED_EDGE('',*,*,#2787,.F.);
#4386=ORIENTED_EDGE('',*,*,#4385,.F.);
#4387=ORIENTED_EDGE('',*,*,#2969,.F.);
#4388=EDGE_LOOP('',(#4383,#4384,#4386,#4387));
#4389=FACE_OUTER_BOUND('',#4388,.F.);
#4391=CARTESIAN_POINT('',(1.807007380961E0,3.5E0,-5.871322893124E-1));
#4392=DIRECTION('',(0.E0,1.E0,0.E0));
#4393=DIRECTION('',(3.090169943749E-1,0.E0,9.510565162952E-1));
#4394=AXIS2_PLACEMENT_3D('',#4391,#4392,#4393);
#4395=CYLINDRICAL_SURFACE('',#4394,1.E-1);
#4397=ORIENTED_EDGE('',*,*,#4396,.T.);
#4398=ORIENTED_EDGE('',*,*,#2971,.F.);
#4399=ORIENTED_EDGE('',*,*,#4385,.T.);
#4400=ORIENTED_EDGE('',*,*,#2785,.F.);
#4401=EDGE_LOOP('',(#4397,#4398,#4399,#4400));
#4402=FACE_OUTER_BOUND('',#4401,.F.);
#4404=CARTESIAN_POINT('',(1.834571116543E0,3.5E0,-6.832584589062E-1));
#4405=DIRECTION('',(2.756373558170E-1,0.E0,-9.612616959383E-1));
#4406=DIRECTION('',(-9.612616959383E-1,0.E0,-2.756373558170E-1));
#4407=AXIS2_PLACEMENT_3D('',#4404,#4405,#4406);
#4408=PLANE('',#4407);
#4410=ORIENTED_EDGE('',*,*,#4409,.F.);
#4411=ORIENTED_EDGE('',*,*,#2973,.F.);
#4412=ORIENTED_EDGE('',*,*,#4396,.F.);
#4413=ORIENTED_EDGE('',*,*,#2783,.F.);
#4414=EDGE_LOOP('',(#4410,#4411,#4412,#4413));
#4415=FACE_OUTER_BOUND('',#4414,.F.);
#4417=CARTESIAN_POINT('',(1.647883974943E0,-5.94476E0,-8.408200789266E-1));
#4418=DIRECTION('',(0.E0,1.E0,0.E0));
#4419=DIRECTION('',(-8.907480945638E-1,0.E0,4.544973399603E-1));
#4420=AXIS2_PLACEMENT_3D('',#4417,#4418,#4419);
#4421=CYLINDRICAL_SURFACE('',#4420,1.E-1);
#4422=ORIENTED_EDGE('',*,*,#2781,.F.);
#4423=ORIENTED_EDGE('',*,*,#2779,.F.);
#4425=ORIENTED_EDGE('',*,*,#4424,.T.);
#4426=ORIENTED_EDGE('',*,*,#2977,.F.);
#4427=ORIENTED_EDGE('',*,*,#2975,.F.);
#4428=ORIENTED_EDGE('',*,*,#4409,.T.);
#4429=EDGE_LOOP('',(#4422,#4423,#4425,#4426,#4427,#4428));
#4430=FACE_OUTER_BOUND('',#4429,.F.);
#4432=CARTESIAN_POINT('',(1.539763769059E0,3.5E0,-8.316414705228E-1));
#4433=DIRECTION('',(9.396926207859E-1,0.E0,3.420201433257E-1));
#4434=DIRECTION('',(3.420201433257E-1,0.E0,-9.396926207859E-1));
#4435=AXIS2_PLACEMENT_3D('',#4432,#4433,#4434);
#4436=PLANE('',#4435);
#4437=ORIENTED_EDGE('',*,*,#4424,.F.);
#4438=ORIENTED_EDGE('',*,*,#2777,.F.);
#4440=ORIENTED_EDGE('',*,*,#4439,.F.);
#4441=ORIENTED_EDGE('',*,*,#2979,.F.);
#4442=EDGE_LOOP('',(#4437,#4438,#4440,#4441));
#4443=FACE_OUTER_BOUND('',#4442,.F.);
#4445=CARTESIAN_POINT('',(1.537132289312E0,3.5E0,-1.116791979356E0));
#4446=DIRECTION('',(0.E0,1.E0,0.E0));
#4447=DIRECTION('',(5.877852522925E-1,0.E0,8.090169943749E-1));
#4448=AXIS2_PLACEMENT_3D('',#4445,#4446,#4447);
#4449=CYLINDRICAL_SURFACE('',#4448,1.E-1);
#4451=ORIENTED_EDGE('',*,*,#4450,.T.);
#4452=ORIENTED_EDGE('',*,*,#2981,.F.);
#4453=ORIENTED_EDGE('',*,*,#4439,.T.);
#4454=ORIENTED_EDGE('',*,*,#2775,.F.);
#4455=EDGE_LOOP('',(#4451,#4452,#4453,#4454));
#4456=FACE_OUTER_BOUND('',#4455,.F.);
#4458=CARTESIAN_POINT('',(1.533642339642E0,3.5E0,-1.216731062058E0));
#4459=DIRECTION('',(-3.489949670250E-2,0.E0,-9.993908270191E-1));
#4460=DIRECTION('',(-9.993908270191E-1,0.E0,3.489949670250E-2));
#4461=AXIS2_PLACEMENT_3D('',#4458,#4459,#4460);
#4462=PLANE('',#4461);
#4464=ORIENTED_EDGE('',*,*,#4463,.F.);
#4465=ORIENTED_EDGE('',*,*,#2983,.F.);
#4466=ORIENTED_EDGE('',*,*,#4450,.F.);
#4467=ORIENTED_EDGE('',*,*,#2773,.F.);
#4468=EDGE_LOOP('',(#4464,#4465,#4466,#4467));
#4469=FACE_OUTER_BOUND('',#4468,.F.);
#4471=CARTESIAN_POINT('',(1.307403098868E0,-5.94476E0,-1.308891568110E0));
#4472=DIRECTION('',(0.E0,1.E0,0.E0));
#4473=DIRECTION('',(-7.067043777664E-1,0.E0,7.075089557354E-1));
#4474=AXIS2_PLACEMENT_3D('',#4471,#4472,#4473);
#4475=CYLINDRICAL_SURFACE('',#4474,1.E-1);
#4476=ORIENTED_EDGE('',*,*,#2771,.F.);
#4477=ORIENTED_EDGE('',*,*,#2769,.F.);
#4479=ORIENTED_EDGE('',*,*,#4478,.T.);
#4480=ORIENTED_EDGE('',*,*,#2987,.F.);
#4481=ORIENTED_EDGE('',*,*,#2985,.F.);
#4482=ORIENTED_EDGE('',*,*,#4463,.T.);
#4483=EDGE_LOOP('',(#4476,#4477,#4479,#4480,#4481,#4482));
#4484=FACE_OUTER_BOUND('',#4483,.F.);
#4486=CARTESIAN_POINT('',(1.207411018500E0,3.5E0,-1.266751211724E0));
#4487=DIRECTION('',(9.993908270191E-1,0.E0,3.489949670250E-2));
#4488=DIRECTION('',(3.489949670250E-2,0.E0,-9.993908270191E-1));
#4489=AXIS2_PLACEMENT_3D('',#4486,#4487,#4488);
#4490=PLANE('',#4489);
#4491=ORIENTED_EDGE('',*,*,#4478,.F.);
#4492=ORIENTED_EDGE('',*,*,#2767,.F.);
#4494=ORIENTED_EDGE('',*,*,#4493,.F.);
#4495=ORIENTED_EDGE('',*,*,#2989,.F.);
#4496=EDGE_LOOP('',(#4491,#4492,#4494,#4495));
#4497=FACE_OUTER_BOUND('',#4496,.F.);
#4499=CARTESIAN_POINT('',(1.116791979356E0,3.5E0,-1.537132289312E0));
#4500=DIRECTION('',(0.E0,1.E0,0.E0));
#4501=DIRECTION('',(8.090169943749E-1,0.E0,5.877852522925E-1));
#4502=AXIS2_PLACEMENT_3D('',#4499,#4500,#4501);
#4503=CYLINDRICAL_SURFACE('',#4502,1.E-1);
#4505=ORIENTED_EDGE('',*,*,#4504,.T.);
#4506=ORIENTED_EDGE('',*,*,#2991,.F.);
#4507=ORIENTED_EDGE('',*,*,#4493,.T.);
#4508=ORIENTED_EDGE('',*,*,#2765,.F.);
#4509=EDGE_LOOP('',(#4505,#4506,#4507,#4508));
#4510=FACE_OUTER_BOUND('',#4509,.F.);
#4512=CARTESIAN_POINT('',(1.082589965023E0,3.5E0,-1.631101551391E0));
#4513=DIRECTION('',(-3.420201433257E-1,0.E0,-9.396926207859E-1));
#4514=DIRECTION('',(-9.396926207859E-1,0.E0,3.420201433257E-1));
#4515=AXIS2_PLACEMENT_3D('',#4512,#4513,#4514);
#4516=PLANE('',#4515);
#4518=ORIENTED_EDGE('',*,*,#4517,.F.);
#4519=ORIENTED_EDGE('',*,*,#2993,.F.);
#4520=ORIENTED_EDGE('',*,*,#4504,.F.);
#4521=ORIENTED_EDGE('',*,*,#2763,.F.);
#4522=EDGE_LOOP('',(#4518,#4519,#4520,#4521));
#4523=FACE_OUTER_BOUND('',#4522,.F.);
#4525=CARTESIAN_POINT('',(8.389444982626E-1,-5.94476E0,-1.648839631024E0));
#4526=DIRECTION('',(0.E0,1.E0,0.E0));
#4527=DIRECTION('',(-4.534835125744E-1,0.E0,8.912646654183E-1));
#4528=AXIS2_PLACEMENT_3D('',#4525,#4526,#4527);
#4529=CYLINDRICAL_SURFACE('',#4528,1.E-1);
#4530=ORIENTED_EDGE('',*,*,#2761,.F.);
#4531=ORIENTED_EDGE('',*,*,#2759,.F.);
#4533=ORIENTED_EDGE('',*,*,#4532,.T.);
#4534=ORIENTED_EDGE('',*,*,#2997,.F.);
#4535=ORIENTED_EDGE('',*,*,#2995,.F.);
#4536=ORIENTED_EDGE('',*,*,#4517,.T.);
#4537=EDGE_LOOP('',(#4530,#4531,#4533,#4534,#4535,#4536));
#4538=FACE_OUTER_BOUND('',#4537,.F.);
#4540=CARTESIAN_POINT('',(7.568684649234E-1,3.5E0,-1.577862518347E0));
#4541=DIRECTION('',(9.612616959383E-1,0.E0,-2.756373558170E-1));
#4542=DIRECTION('',(-2.756373558170E-1,0.E0,-9.612616959383E-1));
#4543=AXIS2_PLACEMENT_3D('',#4540,#4541,#4542);
#4544=PLANE('',#4543);
#4545=ORIENTED_EDGE('',*,*,#4532,.F.);
#4546=ORIENTED_EDGE('',*,*,#2757,.F.);
#4548=ORIENTED_EDGE('',*,*,#4547,.F.);
#4549=ORIENTED_EDGE('',*,*,#2999,.F.);
#4550=EDGE_LOOP('',(#4545,#4546,#4548,#4549));
#4551=FACE_OUTER_BOUND('',#4550,.F.);
#4553=CARTESIAN_POINT('',(5.871322893124E-1,3.5E0,-1.807007380961E0));
#4554=DIRECTION('',(0.E0,1.E0,0.E0));
#4555=DIRECTION('',(9.510565162952E-1,0.E0,3.090169943749E-1));
#4556=AXIS2_PLACEMENT_3D('',#4553,#4554,#4555);
#4557=CYLINDRICAL_SURFACE('',#4556,1.E-1);
#4559=ORIENTED_EDGE('',*,*,#4558,.T.);
#4560=ORIENTED_EDGE('',*,*,#3001,.F.);
#4561=ORIENTED_EDGE('',*,*,#4547,.T.);
#4562=ORIENTED_EDGE('',*,*,#2755,.F.);
#4563=EDGE_LOOP('',(#4559,#4560,#4561,#4562));
#4564=FACE_OUTER_BOUND('',#4563,.F.);
#4566=CARTESIAN_POINT('',(5.255661417798E-1,3.5E0,-1.885808456321E0));
#4567=DIRECTION('',(-6.156614753257E-1,0.E0,-7.880107536067E-1));
#4568=DIRECTION('',(-7.880107536067E-1,0.E0,6.156614753257E-1));
#4569=AXIS2_PLACEMENT_3D('',#4566,#4567,#4568);
#4570=PLANE('',#4569);
#4572=ORIENTED_EDGE('',*,*,#4571,.F.);
#4573=ORIENTED_EDGE('',*,*,#3003,.F.);
#4574=ORIENTED_EDGE('',*,*,#4558,.F.);
#4575=ORIENTED_EDGE('',*,*,#2753,.F.);
#4576=EDGE_LOOP('',(#4572,#4573,#4574,#4575));
#4577=FACE_OUTER_BOUND('',#4576,.F.);
#4579=CARTESIAN_POINT('',(2.883641648973E-1,-5.94476E0,-1.827387782711E0));
#4580=DIRECTION('',(0.E0,1.E0,0.E0));
#4581=DIRECTION('',(-1.558725215661E-1,0.E0,9.877771798440E-1));
#4582=AXIS2_PLACEMENT_3D('',#4579,#4580,#4581);
#4583=CYLINDRICAL_SURFACE('',#4582,1.E-1);
#4584=ORIENTED_EDGE('',*,*,#2751,.F.);
#4585=ORIENTED_EDGE('',*,*,#2749,.F.);
#4587=ORIENTED_EDGE('',*,*,#4586,.T.);
#4588=ORIENTED_EDGE('',*,*,#3007,.F.);
#4589=ORIENTED_EDGE('',*,*,#3005,.F.);
#4590=ORIENTED_EDGE('',*,*,#4571,.T.);
#4591=EDGE_LOOP('',(#4584,#4585,#4587,#4588,#4589,#4590));
#4592=FACE_OUTER_BOUND('',#4591,.F.);
#4594=CARTESIAN_POINT('',(2.322383525872E-1,3.5E0,-1.734521648060E0));
#4595=DIRECTION('',(8.290375725551E-1,0.E0,-5.591929034707E-1));
#4596=DIRECTION('',(-5.591929034707E-1,0.E0,-8.290375725551E-1));
#4597=AXIS2_PLACEMENT_3D('',#4594,#4595,#4596);
#4598=PLANE('',#4597);
#4599=ORIENTED_EDGE('',*,*,#4586,.F.);
#4600=ORIENTED_EDGE('',*,*,#2747,.F.);
#4602=ORIENTED_EDGE('',*,*,#4601,.F.);
#4603=ORIENTED_EDGE('',*,*,#3009,.F.);
#4604=EDGE_LOOP('',(#4599,#4600,#4602,#4603));
#4605=FACE_OUTER_BOUND('',#4604,.F.);
#4607=CARTESIAN_POINT('',(0.E0,3.5E0,-1.9E0));
#4608=DIRECTION('',(0.E0,1.E0,0.E0));
#4609=DIRECTION('',(1.E0,0.E0,0.E0));
#4610=AXIS2_PLACEMENT_3D('',#4607,#4608,#4609);
#4611=CYLINDRICAL_SURFACE('',#4610,1.E-1);
#4613=ORIENTED_EDGE('',*,*,#4612,.T.);
#4614=ORIENTED_EDGE('',*,*,#3011,.F.);
#4615=ORIENTED_EDGE('',*,*,#4601,.T.);
#4616=ORIENTED_EDGE('',*,*,#2745,.F.);
#4617=EDGE_LOOP('',(#4613,#4614,#4615,#4616));
#4618=FACE_OUTER_BOUND('',#4617,.F.);
#4620=CARTESIAN_POINT('',(-8.290375725550E-2,3.5E0,-1.955919290347E0));
#4621=DIRECTION('',(-8.290375725551E-1,0.E0,-5.591929034707E-1));
#4622=DIRECTION('',(-5.591929034707E-1,0.E0,8.290375725551E-1));
#4623=AXIS2_PLACEMENT_3D('',#4620,#4621,#4622);
#4624=PLANE('',#4623);
#4626=ORIENTED_EDGE('',*,*,#4625,.F.);
#4627=ORIENTED_EDGE('',*,*,#3013,.F.);
#4628=ORIENTED_EDGE('',*,*,#4612,.F.);
#4629=ORIENTED_EDGE('',*,*,#2743,.F.);
#4630=EDGE_LOOP('',(#4626,#4627,#4628,#4629));
#4631=FACE_OUTER_BOUND('',#4630,.F.);
#4633=CARTESIAN_POINT('',(-2.904432620794E-1,-5.94476E0,-1.827058486068E0));
#4634=DIRECTION('',(0.E0,1.E0,0.E0));
#4635=DIRECTION('',(1.569963578807E-1,0.E0,9.875991816583E-1));
#4636=AXIS2_PLACEMENT_3D('',#4633,#4634,#4635);
#4637=CYLINDRICAL_SURFACE('',#4636,1.E-1);
#4638=ORIENTED_EDGE('',*,*,#2741,.F.);
#4639=ORIENTED_EDGE('',*,*,#2739,.F.);
#4641=ORIENTED_EDGE('',*,*,#4640,.T.);
#4642=ORIENTED_EDGE('',*,*,#3017,.F.);
#4643=ORIENTED_EDGE('',*,*,#3015,.F.);
#4644=ORIENTED_EDGE('',*,*,#4625,.T.);
#4645=EDGE_LOOP('',(#4638,#4639,#4641,#4642,#4643,#4644));
#4646=FACE_OUTER_BOUND('',#4645,.F.);
#4648=CARTESIAN_POINT('',(-3.151248678E-1,3.5E0,-1.721393713737E0));
#4649=DIRECTION('',(6.156614753257E-1,0.E0,-7.880107536067E-1));
#4650=DIRECTION('',(-7.880107536067E-1,0.E0,-6.156614753257E-1));
#4651=AXIS2_PLACEMENT_3D('',#4648,#4649,#4650);
#4652=PLANE('',#4651);
#4653=ORIENTED_EDGE('',*,*,#4640,.F.);
#4654=ORIENTED_EDGE('',*,*,#2737,.F.);
#4656=ORIENTED_EDGE('',*,*,#4655,.F.);
#4657=ORIENTED_EDGE('',*,*,#3019,.F.);
#4658=EDGE_LOOP('',(#4653,#4654,#4656,#4657));
#4659=FACE_OUTER_BOUND('',#4658,.F.);
#4661=CARTESIAN_POINT('',(-5.871322893124E-1,3.5E0,-1.807007380961E0));
#4662=DIRECTION('',(0.E0,1.E0,0.E0));
#4663=DIRECTION('',(9.510565162952E-1,0.E0,-3.090169943749E-1));
#4664=AXIS2_PLACEMENT_3D('',#4661,#4662,#4663);
#4665=CYLINDRICAL_SURFACE('',#4664,1.E-1);
#4667=ORIENTED_EDGE('',*,*,#4666,.T.);
#4668=ORIENTED_EDGE('',*,*,#3021,.F.);
#4669=ORIENTED_EDGE('',*,*,#4655,.T.);
#4670=ORIENTED_EDGE('',*,*,#2735,.F.);
#4671=EDGE_LOOP('',(#4667,#4668,#4669,#4670));
#4672=FACE_OUTER_BOUND('',#4671,.F.);
#4674=CARTESIAN_POINT('',(-6.832584589062E-1,3.5E0,-1.834571116543E0));
#4675=DIRECTION('',(-9.612616959383E-1,0.E0,-2.756373558170E-1));
#4676=DIRECTION('',(-2.756373558170E-1,0.E0,9.612616959383E-1));
#4677=AXIS2_PLACEMENT_3D('',#4674,#4675,#4676);
#4678=PLANE('',#4677);
#4680=ORIENTED_EDGE('',*,*,#4679,.F.);
#4681=ORIENTED_EDGE('',*,*,#3023,.F.);
#4682=ORIENTED_EDGE('',*,*,#4666,.F.);
#4683=ORIENTED_EDGE('',*,*,#2733,.F.);
#4684=EDGE_LOOP('',(#4680,#4681,#4682,#4683));
#4685=FACE_OUTER_BOUND('',#4684,.F.);
#4687=CARTESIAN_POINT('',(-8.408200789266E-1,-5.94476E0,-1.647883974943E0));
#4688=DIRECTION('',(0.E0,1.E0,0.E0));
#4689=DIRECTION('',(4.544973399603E-1,0.E0,8.907480945638E-1));
#4690=AXIS2_PLACEMENT_3D('',#4687,#4688,#4689);
#4691=CYLINDRICAL_SURFACE('',#4690,1.E-1);
#4692=ORIENTED_EDGE('',*,*,#2731,.F.);
#4693=ORIENTED_EDGE('',*,*,#2729,.F.);
#4695=ORIENTED_EDGE('',*,*,#4694,.T.);
#4696=ORIENTED_EDGE('',*,*,#3027,.F.);
#4697=ORIENTED_EDGE('',*,*,#3025,.F.);
#4698=ORIENTED_EDGE('',*,*,#4679,.T.);
#4699=EDGE_LOOP('',(#4692,#4693,#4695,#4696,#4697,#4698));
#4700=FACE_OUTER_BOUND('',#4699,.F.);
#4702=CARTESIAN_POINT('',(-8.316414705228E-1,3.5E0,-1.539763769059E0));
#4703=DIRECTION('',(3.420201433257E-1,0.E0,-9.396926207859E-1));
#4704=DIRECTION('',(-9.396926207859E-1,0.E0,-3.420201433257E-1));
#4705=AXIS2_PLACEMENT_3D('',#4702,#4703,#4704);
#4706=PLANE('',#4705);
#4707=ORIENTED_EDGE('',*,*,#4694,.F.);
#4708=ORIENTED_EDGE('',*,*,#2727,.F.);
#4710=ORIENTED_EDGE('',*,*,#4709,.F.);
#4711=ORIENTED_EDGE('',*,*,#3029,.F.);
#4712=EDGE_LOOP('',(#4707,#4708,#4710,#4711));
#4713=FACE_OUTER_BOUND('',#4712,.F.);
#4715=CARTESIAN_POINT('',(-1.116791979356E0,3.5E0,-1.537132289312E0));
#4716=DIRECTION('',(0.E0,1.E0,0.E0));
#4717=DIRECTION('',(8.090169943749E-1,0.E0,-5.877852522925E-1));
#4718=AXIS2_PLACEMENT_3D('',#4715,#4716,#4717);
#4719=CYLINDRICAL_SURFACE('',#4718,1.E-1);
#4721=ORIENTED_EDGE('',*,*,#4720,.T.);
#4722=ORIENTED_EDGE('',*,*,#3031,.F.);
#4723=ORIENTED_EDGE('',*,*,#4709,.T.);
#4724=ORIENTED_EDGE('',*,*,#2725,.F.);
#4725=EDGE_LOOP('',(#4721,#4722,#4723,#4724));
#4726=FACE_OUTER_BOUND('',#4725,.F.);
#4728=CARTESIAN_POINT('',(-1.216731062058E0,3.5E0,-1.533642339642E0));
#4729=DIRECTION('',(-9.993908270191E-1,0.E0,3.489949670250E-2));
#4730=DIRECTION('',(3.489949670250E-2,0.E0,9.993908270191E-1));
#4731=AXIS2_PLACEMENT_3D('',#4728,#4729,#4730);
#4732=PLANE('',#4731);
#4734=ORIENTED_EDGE('',*,*,#4733,.F.);
#4735=ORIENTED_EDGE('',*,*,#3033,.F.);
#4736=ORIENTED_EDGE('',*,*,#4720,.F.);
#4737=ORIENTED_EDGE('',*,*,#2723,.F.);
#4738=EDGE_LOOP('',(#4734,#4735,#4736,#4737));
#4739=FACE_OUTER_BOUND('',#4738,.F.);
#4741=CARTESIAN_POINT('',(-1.308891568110E0,-5.94476E0,-1.307403098868E0));
#4742=DIRECTION('',(0.E0,1.E0,0.E0));
#4743=DIRECTION('',(7.075089557354E-1,0.E0,7.067043777664E-1));
#4744=AXIS2_PLACEMENT_3D('',#4741,#4742,#4743);
#4745=CYLINDRICAL_SURFACE('',#4744,1.E-1);
#4746=ORIENTED_EDGE('',*,*,#2721,.F.);
#4747=ORIENTED_EDGE('',*,*,#2719,.F.);
#4749=ORIENTED_EDGE('',*,*,#4748,.T.);
#4750=ORIENTED_EDGE('',*,*,#3037,.F.);
#4751=ORIENTED_EDGE('',*,*,#3035,.F.);
#4752=ORIENTED_EDGE('',*,*,#4733,.T.);
#4753=EDGE_LOOP('',(#4746,#4747,#4749,#4750,#4751,#4752));
#4754=FACE_OUTER_BOUND('',#4753,.F.);
#4756=CARTESIAN_POINT('',(-1.266751211724E0,3.5E0,-1.207411018500E0));
#4757=DIRECTION('',(3.489949670250E-2,0.E0,-9.993908270191E-1));
#4758=DIRECTION('',(-9.993908270191E-1,0.E0,-3.489949670250E-2));
#4759=AXIS2_PLACEMENT_3D('',#4756,#4757,#4758);
#4760=PLANE('',#4759);
#4761=ORIENTED_EDGE('',*,*,#4748,.F.);
#4762=ORIENTED_EDGE('',*,*,#2717,.F.);
#4764=ORIENTED_EDGE('',*,*,#4763,.F.);
#4765=ORIENTED_EDGE('',*,*,#3039,.F.);
#4766=EDGE_LOOP('',(#4761,#4762,#4764,#4765));
#4767=FACE_OUTER_BOUND('',#4766,.F.);
#4769=CARTESIAN_POINT('',(-1.537132289312E0,3.5E0,-1.116791979356E0));
#4770=DIRECTION('',(0.E0,1.E0,0.E0));
#4771=DIRECTION('',(5.877852522925E-1,0.E0,-8.090169943749E-1));
#4772=AXIS2_PLACEMENT_3D('',#4769,#4770,#4771);
#4773=CYLINDRICAL_SURFACE('',#4772,1.E-1);
#4775=ORIENTED_EDGE('',*,*,#4774,.T.);
#4776=ORIENTED_EDGE('',*,*,#3041,.F.);
#4777=ORIENTED_EDGE('',*,*,#4763,.T.);
#4778=ORIENTED_EDGE('',*,*,#2715,.F.);
#4779=EDGE_LOOP('',(#4775,#4776,#4777,#4778));
#4780=FACE_OUTER_BOUND('',#4779,.F.);
#4782=CARTESIAN_POINT('',(-1.631101551391E0,3.5E0,-1.082589965023E0));
#4783=DIRECTION('',(-9.396926207859E-1,0.E0,3.420201433257E-1));
#4784=DIRECTION('',(3.420201433257E-1,0.E0,9.396926207859E-1));
#4785=AXIS2_PLACEMENT_3D('',#4782,#4783,#4784);
#4786=PLANE('',#4785);
#4788=ORIENTED_EDGE('',*,*,#4787,.F.);
#4789=ORIENTED_EDGE('',*,*,#3043,.F.);
#4790=ORIENTED_EDGE('',*,*,#4774,.F.);
#4791=ORIENTED_EDGE('',*,*,#2713,.F.);
#4792=EDGE_LOOP('',(#4788,#4789,#4790,#4791));
#4793=FACE_OUTER_BOUND('',#4792,.F.);
#4795=CARTESIAN_POINT('',(-1.648839631024E0,-5.94476E0,-8.389444982626E-1));
#4796=DIRECTION('',(0.E0,1.E0,0.E0));
#4797=DIRECTION('',(8.912646654183E-1,0.E0,4.534835125744E-1));
#4798=AXIS2_PLACEMENT_3D('',#4795,#4796,#4797);
#4799=CYLINDRICAL_SURFACE('',#4798,1.E-1);
#4800=ORIENTED_EDGE('',*,*,#2711,.F.);
#4801=ORIENTED_EDGE('',*,*,#2709,.F.);
#4803=ORIENTED_EDGE('',*,*,#4802,.T.);
#4804=ORIENTED_EDGE('',*,*,#3047,.F.);
#4805=ORIENTED_EDGE('',*,*,#3045,.F.);
#4806=ORIENTED_EDGE('',*,*,#4787,.T.);
#4807=EDGE_LOOP('',(#4800,#4801,#4803,#4804,#4805,#4806));
#4808=FACE_OUTER_BOUND('',#4807,.F.);
#4810=CARTESIAN_POINT('',(-1.577862518347E0,3.5E0,-7.568684649234E-1));
#4811=DIRECTION('',(-2.756373558170E-1,0.E0,-9.612616959383E-1));
#4812=DIRECTION('',(-9.612616959383E-1,0.E0,2.756373558170E-1));
#4813=AXIS2_PLACEMENT_3D('',#4810,#4811,#4812);
#4814=PLANE('',#4813);
#4815=ORIENTED_EDGE('',*,*,#4802,.F.);
#4816=ORIENTED_EDGE('',*,*,#2707,.F.);
#4818=ORIENTED_EDGE('',*,*,#4817,.F.);
#4819=ORIENTED_EDGE('',*,*,#3049,.F.);
#4820=EDGE_LOOP('',(#4815,#4816,#4818,#4819));
#4821=FACE_OUTER_BOUND('',#4820,.F.);
#4823=CARTESIAN_POINT('',(-1.807007380961E0,3.5E0,-5.871322893124E-1));
#4824=DIRECTION('',(0.E0,1.E0,0.E0));
#4825=DIRECTION('',(3.090169943749E-1,0.E0,-9.510565162952E-1));
#4826=AXIS2_PLACEMENT_3D('',#4823,#4824,#4825);
#4827=CYLINDRICAL_SURFACE('',#4826,1.E-1);
#4829=ORIENTED_EDGE('',*,*,#4828,.T.);
#4830=ORIENTED_EDGE('',*,*,#3051,.F.);
#4831=ORIENTED_EDGE('',*,*,#4817,.T.);
#4832=ORIENTED_EDGE('',*,*,#2705,.F.);
#4833=EDGE_LOOP('',(#4829,#4830,#4831,#4832));
#4834=FACE_OUTER_BOUND('',#4833,.F.);
#4836=CARTESIAN_POINT('',(-1.885808456321E0,3.5E0,-5.255661417798E-1));
#4837=DIRECTION('',(-7.880107536067E-1,0.E0,6.156614753257E-1));
#4838=DIRECTION('',(6.156614753257E-1,0.E0,7.880107536067E-1));
#4839=AXIS2_PLACEMENT_3D('',#4836,#4837,#4838);
#4840=PLANE('',#4839);
#4842=ORIENTED_EDGE('',*,*,#4841,.F.);
#4843=ORIENTED_EDGE('',*,*,#3053,.F.);
#4844=ORIENTED_EDGE('',*,*,#4828,.F.);
#4845=ORIENTED_EDGE('',*,*,#2703,.F.);
#4846=EDGE_LOOP('',(#4842,#4843,#4844,#4845));
#4847=FACE_OUTER_BOUND('',#4846,.F.);
#4849=CARTESIAN_POINT('',(-1.827387782711E0,-5.94476E0,-2.883641648973E-1));
#4850=DIRECTION('',(0.E0,1.E0,0.E0));
#4851=DIRECTION('',(9.877771798440E-1,0.E0,1.558725215661E-1));
#4852=AXIS2_PLACEMENT_3D('',#4849,#4850,#4851);
#4853=CYLINDRICAL_SURFACE('',#4852,1.E-1);
#4854=ORIENTED_EDGE('',*,*,#2701,.F.);
#4855=ORIENTED_EDGE('',*,*,#2699,.F.);
#4857=ORIENTED_EDGE('',*,*,#4856,.T.);
#4858=ORIENTED_EDGE('',*,*,#3057,.F.);
#4859=ORIENTED_EDGE('',*,*,#3055,.F.);
#4860=ORIENTED_EDGE('',*,*,#4841,.T.);
#4861=EDGE_LOOP('',(#4854,#4855,#4857,#4858,#4859,#4860));
#4862=FACE_OUTER_BOUND('',#4861,.F.);
#4864=CARTESIAN_POINT('',(-1.734521648060E0,3.5E0,-2.322383525872E-1));
#4865=DIRECTION('',(-5.591929034707E-1,0.E0,-8.290375725551E-1));
#4866=DIRECTION('',(-8.290375725551E-1,0.E0,5.591929034707E-1));
#4867=AXIS2_PLACEMENT_3D('',#4864,#4865,#4866);
#4868=PLANE('',#4867);
#4869=ORIENTED_EDGE('',*,*,#4856,.F.);
#4870=ORIENTED_EDGE('',*,*,#2697,.F.);
#4872=ORIENTED_EDGE('',*,*,#4871,.F.);
#4873=ORIENTED_EDGE('',*,*,#3059,.F.);
#4874=EDGE_LOOP('',(#4869,#4870,#4872,#4873));
#4875=FACE_OUTER_BOUND('',#4874,.F.);
#4877=CARTESIAN_POINT('',(-1.9E0,3.5E0,0.E0));
#4878=DIRECTION('',(0.E0,1.E0,0.E0));
#4879=DIRECTION('',(0.E0,0.E0,-1.E0));
#4880=AXIS2_PLACEMENT_3D('',#4877,#4878,#4879);
#4881=CYLINDRICAL_SURFACE('',#4880,1.E-1);
#4883=ORIENTED_EDGE('',*,*,#4882,.T.);
#4884=ORIENTED_EDGE('',*,*,#3061,.F.);
#4885=ORIENTED_EDGE('',*,*,#4871,.T.);
#4886=ORIENTED_EDGE('',*,*,#2695,.F.);
#4887=EDGE_LOOP('',(#4883,#4884,#4885,#4886));
#4888=FACE_OUTER_BOUND('',#4887,.F.);
#4890=CARTESIAN_POINT('',(-1.955919290347E0,3.5E0,8.290375725550E-2));
#4891=DIRECTION('',(-5.591929034707E-1,0.E0,8.290375725551E-1));
#4892=DIRECTION('',(8.290375725551E-1,0.E0,5.591929034707E-1));
#4893=AXIS2_PLACEMENT_3D('',#4890,#4891,#4892);
#4894=PLANE('',#4893);
#4896=ORIENTED_EDGE('',*,*,#4895,.F.);
#4897=ORIENTED_EDGE('',*,*,#3063,.F.);
#4898=ORIENTED_EDGE('',*,*,#4882,.F.);
#4899=ORIENTED_EDGE('',*,*,#2693,.F.);
#4900=EDGE_LOOP('',(#4896,#4897,#4898,#4899));
#4901=FACE_OUTER_BOUND('',#4900,.F.);
#4903=CARTESIAN_POINT('',(-1.827058486068E0,-5.94476E0,2.904432620794E-1));
#4904=DIRECTION('',(0.E0,1.E0,0.E0));
#4905=DIRECTION('',(9.875991816583E-1,0.E0,-1.569963578807E-1));
#4906=AXIS2_PLACEMENT_3D('',#4903,#4904,#4905);
#4907=CYLINDRICAL_SURFACE('',#4906,1.E-1);
#4908=ORIENTED_EDGE('',*,*,#2691,.F.);
#4909=ORIENTED_EDGE('',*,*,#2689,.F.);
#4911=ORIENTED_EDGE('',*,*,#4910,.T.);
#4912=ORIENTED_EDGE('',*,*,#3067,.F.);
#4913=ORIENTED_EDGE('',*,*,#3065,.F.);
#4914=ORIENTED_EDGE('',*,*,#4895,.T.);
#4915=EDGE_LOOP('',(#4908,#4909,#4911,#4912,#4913,#4914));
#4916=FACE_OUTER_BOUND('',#4915,.F.);
#4918=CARTESIAN_POINT('',(-1.721393713737E0,3.5E0,3.151248678E-1));
#4919=DIRECTION('',(-7.880107536067E-1,0.E0,-6.156614753257E-1));
#4920=DIRECTION('',(-6.156614753257E-1,0.E0,7.880107536067E-1));
#4921=AXIS2_PLACEMENT_3D('',#4918,#4919,#4920);
#4922=PLANE('',#4921);
#4923=ORIENTED_EDGE('',*,*,#4910,.F.);
#4924=ORIENTED_EDGE('',*,*,#2687,.F.);
#4926=ORIENTED_EDGE('',*,*,#4925,.F.);
#4927=ORIENTED_EDGE('',*,*,#3069,.F.);
#4928=EDGE_LOOP('',(#4923,#4924,#4926,#4927));
#4929=FACE_OUTER_BOUND('',#4928,.F.);
#4931=CARTESIAN_POINT('',(-1.807007380961E0,3.5E0,5.871322893124E-1));
#4932=DIRECTION('',(0.E0,1.E0,0.E0));
#4933=DIRECTION('',(-3.090169943749E-1,0.E0,-9.510565162952E-1));
#4934=AXIS2_PLACEMENT_3D('',#4931,#4932,#4933);
#4935=CYLINDRICAL_SURFACE('',#4934,1.E-1);
#4937=ORIENTED_EDGE('',*,*,#4936,.T.);
#4938=ORIENTED_EDGE('',*,*,#3071,.F.);
#4939=ORIENTED_EDGE('',*,*,#4925,.T.);
#4940=ORIENTED_EDGE('',*,*,#2685,.F.);
#4941=EDGE_LOOP('',(#4937,#4938,#4939,#4940));
#4942=FACE_OUTER_BOUND('',#4941,.F.);
#4944=CARTESIAN_POINT('',(-1.834571116543E0,3.5E0,6.832584589062E-1));
#4945=DIRECTION('',(-2.756373558170E-1,0.E0,9.612616959383E-1));
#4946=DIRECTION('',(9.612616959383E-1,0.E0,2.756373558170E-1));
#4947=AXIS2_PLACEMENT_3D('',#4944,#4945,#4946);
#4948=PLANE('',#4947);
#4950=ORIENTED_EDGE('',*,*,#4949,.F.);
#4951=ORIENTED_EDGE('',*,*,#3073,.F.);
#4952=ORIENTED_EDGE('',*,*,#4936,.F.);
#4953=ORIENTED_EDGE('',*,*,#2683,.F.);
#4954=EDGE_LOOP('',(#4950,#4951,#4952,#4953));
#4955=FACE_OUTER_BOUND('',#4954,.F.);
#4957=CARTESIAN_POINT('',(-1.647883974943E0,-5.94476E0,8.408200789266E-1));
#4958=DIRECTION('',(0.E0,1.E0,0.E0));
#4959=DIRECTION('',(8.907480945638E-1,0.E0,-4.544973399603E-1));
#4960=AXIS2_PLACEMENT_3D('',#4957,#4958,#4959);
#4961=CYLINDRICAL_SURFACE('',#4960,1.E-1);
#4962=ORIENTED_EDGE('',*,*,#2681,.F.);
#4963=ORIENTED_EDGE('',*,*,#2679,.F.);
#4965=ORIENTED_EDGE('',*,*,#4964,.T.);
#4966=ORIENTED_EDGE('',*,*,#3077,.F.);
#4967=ORIENTED_EDGE('',*,*,#3075,.F.);
#4968=ORIENTED_EDGE('',*,*,#4949,.T.);
#4969=EDGE_LOOP('',(#4962,#4963,#4965,#4966,#4967,#4968));
#4970=FACE_OUTER_BOUND('',#4969,.F.);
#4972=CARTESIAN_POINT('',(-1.539763769059E0,3.5E0,8.316414705228E-1));
#4973=DIRECTION('',(-9.396926207859E-1,0.E0,-3.420201433257E-1));
#4974=DIRECTION('',(-3.420201433257E-1,0.E0,9.396926207859E-1));
#4975=AXIS2_PLACEMENT_3D('',#4972,#4973,#4974);
#4976=PLANE('',#4975);
#4977=ORIENTED_EDGE('',*,*,#4964,.F.);
#4978=ORIENTED_EDGE('',*,*,#2677,.F.);
#4980=ORIENTED_EDGE('',*,*,#4979,.F.);
#4981=ORIENTED_EDGE('',*,*,#3079,.F.);
#4982=EDGE_LOOP('',(#4977,#4978,#4980,#4981));
#4983=FACE_OUTER_BOUND('',#4982,.F.);
#4985=CARTESIAN_POINT('',(-1.537132289312E0,3.5E0,1.116791979356E0));
#4986=DIRECTION('',(0.E0,1.E0,0.E0));
#4987=DIRECTION('',(-5.877852522925E-1,0.E0,-8.090169943749E-1));
#4988=AXIS2_PLACEMENT_3D('',#4985,#4986,#4987);
#4989=CYLINDRICAL_SURFACE('',#4988,1.E-1);
#4991=ORIENTED_EDGE('',*,*,#4990,.T.);
#4992=ORIENTED_EDGE('',*,*,#3081,.F.);
#4993=ORIENTED_EDGE('',*,*,#4979,.T.);
#4994=ORIENTED_EDGE('',*,*,#2675,.F.);
#4995=EDGE_LOOP('',(#4991,#4992,#4993,#4994));
#4996=FACE_OUTER_BOUND('',#4995,.F.);
#4998=CARTESIAN_POINT('',(-1.533642339642E0,3.5E0,1.216731062058E0));
#4999=DIRECTION('',(3.489949670250E-2,0.E0,9.993908270191E-1));
#5000=DIRECTION('',(9.993908270191E-1,0.E0,-3.489949670250E-2));
#5001=AXIS2_PLACEMENT_3D('',#4998,#4999,#5000);
#5002=PLANE('',#5001);
#5004=ORIENTED_EDGE('',*,*,#5003,.F.);
#5005=ORIENTED_EDGE('',*,*,#3083,.F.);
#5006=ORIENTED_EDGE('',*,*,#4990,.F.);
#5007=ORIENTED_EDGE('',*,*,#2673,.F.);
#5008=EDGE_LOOP('',(#5004,#5005,#5006,#5007));
#5009=FACE_OUTER_BOUND('',#5008,.F.);
#5011=CARTESIAN_POINT('',(-1.307403098868E0,-5.94476E0,1.308891568110E0));
#5012=DIRECTION('',(0.E0,1.E0,0.E0));
#5013=DIRECTION('',(7.067043777664E-1,0.E0,-7.075089557354E-1));
#5014=AXIS2_PLACEMENT_3D('',#5011,#5012,#5013);
#5015=CYLINDRICAL_SURFACE('',#5014,1.E-1);
#5016=ORIENTED_EDGE('',*,*,#2671,.F.);
#5017=ORIENTED_EDGE('',*,*,#2669,.F.);
#5019=ORIENTED_EDGE('',*,*,#5018,.T.);
#5020=ORIENTED_EDGE('',*,*,#3087,.F.);
#5021=ORIENTED_EDGE('',*,*,#3085,.F.);
#5022=ORIENTED_EDGE('',*,*,#5003,.T.);
#5023=EDGE_LOOP('',(#5016,#5017,#5019,#5020,#5021,#5022));
#5024=FACE_OUTER_BOUND('',#5023,.F.);
#5026=CARTESIAN_POINT('',(-1.207411018500E0,3.5E0,1.266751211724E0));
#5027=DIRECTION('',(-9.993908270191E-1,0.E0,-3.489949670250E-2));
#5028=DIRECTION('',(-3.489949670250E-2,0.E0,9.993908270191E-1));
#5029=AXIS2_PLACEMENT_3D('',#5026,#5027,#5028);
#5030=PLANE('',#5029);
#5031=ORIENTED_EDGE('',*,*,#5018,.F.);
#5032=ORIENTED_EDGE('',*,*,#2667,.F.);
#5034=ORIENTED_EDGE('',*,*,#5033,.F.);
#5035=ORIENTED_EDGE('',*,*,#3089,.F.);
#5036=EDGE_LOOP('',(#5031,#5032,#5034,#5035));
#5037=FACE_OUTER_BOUND('',#5036,.F.);
#5039=CARTESIAN_POINT('',(-1.116791979356E0,3.5E0,1.537132289312E0));
#5040=DIRECTION('',(0.E0,1.E0,0.E0));
#5041=DIRECTION('',(-8.090169943749E-1,0.E0,-5.877852522925E-1));
#5042=AXIS2_PLACEMENT_3D('',#5039,#5040,#5041);
#5043=CYLINDRICAL_SURFACE('',#5042,1.E-1);
#5045=ORIENTED_EDGE('',*,*,#5044,.T.);
#5046=ORIENTED_EDGE('',*,*,#3091,.F.);
#5047=ORIENTED_EDGE('',*,*,#5033,.T.);
#5048=ORIENTED_EDGE('',*,*,#2665,.F.);
#5049=EDGE_LOOP('',(#5045,#5046,#5047,#5048));
#5050=FACE_OUTER_BOUND('',#5049,.F.);
#5052=CARTESIAN_POINT('',(-1.082589965023E0,3.5E0,1.631101551391E0));
#5053=DIRECTION('',(3.420201433257E-1,0.E0,9.396926207859E-1));
#5054=DIRECTION('',(9.396926207859E-1,0.E0,-3.420201433257E-1));
#5055=AXIS2_PLACEMENT_3D('',#5052,#5053,#5054);
#5056=PLANE('',#5055);
#5057=ORIENTED_EDGE('',*,*,#2889,.F.);
#5058=ORIENTED_EDGE('',*,*,#3093,.F.);
#5059=ORIENTED_EDGE('',*,*,#5044,.F.);
#5060=ORIENTED_EDGE('',*,*,#2663,.F.);
#5061=EDGE_LOOP('',(#5057,#5058,#5059,#5060));
#5062=FACE_OUTER_BOUND('',#5061,.F.);
#5064=CLOSED_SHELL('',(#2617,#2632,#2651,#2861,#2876,#2893,#3104,#3122,#3138,
#3154,#3267,#3282,#3296,#3408,#3422,#3435,#3449,#3462,#3475,#3488,#3503,#3516,
#3529,#3541,#3555,#3567,#3581,#3593,#3607,#3619,#3633,#3645,#3659,#3671,#3685,
#3697,#3711,#3723,#3737,#3749,#3763,#3775,#3789,#3801,#3815,#3827,#3841,#3853,
#3868,#3881,#3898,#3922,#3935,#3953,#3969,#3985,#3999,#4015,#4029,#4041,#4054,
#4070,#4083,#4095,#4108,#4121,#4134,#4149,#4162,#4175,#4188,#4203,#4216,#4229,
#4242,#4257,#4270,#4283,#4296,#4311,#4324,#4337,#4350,#4365,#4377,#4390,#4403,
#4416,#4431,#4444,#4457,#4470,#4485,#4498,#4511,#4524,#4539,#4552,#4565,#4578,
#4593,#4606,#4619,#4632,#4647,#4660,#4673,#4686,#4701,#4714,#4727,#4740,#4755,
#4768,#4781,#4794,#4809,#4822,#4835,#4848,#4863,#4876,#4889,#4902,#4917,#4930,
#4943,#4956,#4971,#4984,#4997,#5010,#5025,#5038,#5051,#5063));
#5065=DIRECTION('',(0.E0,-1.E0,0.E0));
#5066=VECTOR('',#5065,1.5E0);
#5067=CARTESIAN_POINT('',(-2.526822484826E0,1.5E0,0.E0));
#5068=LINE('',#5067,#5066);
#5069=CARTESIAN_POINT('',(0.E0,1.5E0,0.E0));
#5070=DIRECTION('',(0.E0,-1.E0,0.E0));
#5071=DIRECTION('',(-8.270934458784E-1,0.E0,5.620644373958E-1));
#5072=AXIS2_PLACEMENT_3D('',#5069,#5070,#5071);
#5074=CARTESIAN_POINT('',(0.E0,1.5E0,0.E0));
#5075=DIRECTION('',(0.E0,-1.E0,0.E0));
#5076=DIRECTION('',(-1.E0,0.E0,0.E0));
#5077=AXIS2_PLACEMENT_3D('',#5074,#5075,#5076);
#5079=DIRECTION('',(-5.233595624286E-2,0.E0,9.986295347546E-1));
#5080=VECTOR('',#5079,1.660365563617E0);
#5081=CARTESIAN_POINT('',(-2.439925665342E0,1.5E0,-1.658090090317E0));
#5082=LINE('',#5081,#5080);
#5083=DIRECTION('',(5.233595624293E-2,0.E0,9.986295347546E-1));
#5084=VECTOR('',#5083,1.660365563617E0);
#5085=CARTESIAN_POINT('',(-2.526822484826E0,1.5E0,0.E0));
#5086=LINE('',#5085,#5084);
#5087=DIRECTION('',(0.E0,-1.E0,0.E0));
#5088=VECTOR('',#5087,1.5E0);
#5089=CARTESIAN_POINT('',(-2.439925665341E0,1.5E0,1.658090090317E0));
#5090=LINE('',#5089,#5088);
#5091=DIRECTION('',(0.E0,1.E0,0.E0));
#5092=VECTOR('',#5091,1.5E0);
#5093=CARTESIAN_POINT('',(-2.439925665342E0,0.E0,-1.658090090317E0));
#5094=LINE('',#5093,#5092);
#5095=CARTESIAN_POINT('',(0.E0,0.E0,0.E0));
#5096=DIRECTION('',(0.E0,1.E0,0.E0));
#5097=DIRECTION('',(-8.270934458784E-1,0.E0,-5.620644373958E-1));
#5098=AXIS2_PLACEMENT_3D('',#5095,#5096,#5097);
#5100=CARTESIAN_POINT('',(0.E0,0.E0,0.E0));
#5101=DIRECTION('',(0.E0,1.E0,0.E0));
#5102=DIRECTION('',(-1.E0,0.E0,0.E0));
#5103=AXIS2_PLACEMENT_3D('',#5100,#5101,#5102);
#5105=DIRECTION('',(-5.233595624293E-2,0.E0,-9.986295347546E-1));
#5106=VECTOR('',#5105,1.660365563617E0);
#5107=CARTESIAN_POINT('',(-2.439925665341E0,0.E0,1.658090090317E0));
#5108=LINE('',#5107,#5106);
#5109=DIRECTION('',(5.233595624286E-2,0.E0,-9.986295347546E-1));
#5110=VECTOR('',#5109,1.660365563617E0);
#5111=CARTESIAN_POINT('',(-2.526822484826E0,0.E0,0.E0));
#5112=LINE('',#5111,#5110);
#5113=CARTESIAN_POINT('',(-2.439925665341E0,1.5E0,1.658090090318E0));
#5114=CARTESIAN_POINT('',(-2.95E0,1.5E0,0.E0));
#5115=VERTEX_POINT('',#5113);
#5116=VERTEX_POINT('',#5114);
#5117=CARTESIAN_POINT('',(-2.439925665341E0,1.5E0,-1.658090090318E0));
#5118=VERTEX_POINT('',#5117);
#5119=CARTESIAN_POINT('',(-2.439925665341E0,0.E0,1.658090090317E0));
#5120=VERTEX_POINT('',#5119);
#5121=CARTESIAN_POINT('',(-2.439925665341E0,0.E0,-1.658090090318E0));
#5122=CARTESIAN_POINT('',(-2.95E0,0.E0,0.E0));
#5123=VERTEX_POINT('',#5121);
#5124=VERTEX_POINT('',#5122);
#5125=CARTESIAN_POINT('',(-2.526822484826E0,1.5E0,0.E0));
#5126=VERTEX_POINT('',#5125);
#5127=CARTESIAN_POINT('',(-2.526822484826E0,0.E0,0.E0));
#5128=VERTEX_POINT('',#5127);
#5129=CARTESIAN_POINT('',(-2.526822484826E0,0.E0,1.398994238101E-14));
#5130=DIRECTION('',(-9.986295347546E-1,0.E0,5.233595624295E-2));
#5131=DIRECTION('',(5.233595624295E-2,0.E0,9.986295347546E-1));
#5132=AXIS2_PLACEMENT_3D('',#5129,#5130,#5131);
#5133=PLANE('',#5132);
#5135=ORIENTED_EDGE('',*,*,#5134,.F.);
#5137=ORIENTED_EDGE('',*,*,#5136,.T.);
#5139=ORIENTED_EDGE('',*,*,#5138,.F.);
#5141=ORIENTED_EDGE('',*,*,#5140,.F.);
#5142=EDGE_LOOP('',(#5135,#5137,#5139,#5141));
#5143=FACE_OUTER_BOUND('',#5142,.F.);
#5145=CARTESIAN_POINT('',(0.E0,1.5E0,0.E0));
#5146=DIRECTION('',(0.E0,1.E0,0.E0));
#5147=DIRECTION('',(1.E0,0.E0,0.E0));
#5148=AXIS2_PLACEMENT_3D('',#5145,#5146,#5147);
#5149=PLANE('',#5148);
#5151=ORIENTED_EDGE('',*,*,#5150,.T.);
#5153=ORIENTED_EDGE('',*,*,#5152,.T.);
#5155=ORIENTED_EDGE('',*,*,#5154,.T.);
#5156=ORIENTED_EDGE('',*,*,#5134,.T.);
#5157=EDGE_LOOP('',(#5151,#5153,#5155,#5156));
#5158=FACE_OUTER_BOUND('',#5157,.F.);
#5160=CARTESIAN_POINT('',(0.E0,1.5E0,0.E0));
#5161=DIRECTION('',(0.E0,1.E0,0.E0));
#5162=DIRECTION('',(-1.E0,0.E0,0.E0));
#5163=AXIS2_PLACEMENT_3D('',#5160,#5161,#5162);
#5164=CYLINDRICAL_SURFACE('',#5163,2.95E0);
#5165=ORIENTED_EDGE('',*,*,#5152,.F.);
#5166=ORIENTED_EDGE('',*,*,#5150,.F.);
#5167=ORIENTED_EDGE('',*,*,#5140,.T.);
#5169=ORIENTED_EDGE('',*,*,#5168,.F.);
#5171=ORIENTED_EDGE('',*,*,#5170,.F.);
#5173=ORIENTED_EDGE('',*,*,#5172,.T.);
#5174=EDGE_LOOP('',(#5165,#5166,#5167,#5169,#5171,#5173));
#5175=FACE_OUTER_BOUND('',#5174,.F.);
#5177=CARTESIAN_POINT('',(0.E0,0.E0,0.E0));
#5178=DIRECTION('',(0.E0,-1.E0,0.E0));
#5179=DIRECTION('',(0.E0,0.E0,1.E0));
#5180=AXIS2_PLACEMENT_3D('',#5177,#5178,#5179);
#5181=PLANE('',#5180);
#5182=ORIENTED_EDGE('',*,*,#5170,.T.);
#5183=ORIENTED_EDGE('',*,*,#5168,.T.);
#5184=ORIENTED_EDGE('',*,*,#5138,.T.);
#5186=ORIENTED_EDGE('',*,*,#5185,.T.);
#5187=EDGE_LOOP('',(#5182,#5183,#5184,#5186));
#5188=FACE_OUTER_BOUND('',#5187,.F.);
#5190=CARTESIAN_POINT('',(-1.997259069509E0,0.E0,-1.010467191249E1));
#5191=DIRECTION('',(-9.986295347546E-1,0.E0,-5.233595624295E-2));
#5192=DIRECTION('',(-5.233595624295E-2,0.E0,9.986295347546E-1));
#5193=AXIS2_PLACEMENT_3D('',#5190,#5191,#5192);
#5194=PLANE('',#5193);
#5195=ORIENTED_EDGE('',*,*,#5172,.F.);
#5196=ORIENTED_EDGE('',*,*,#5185,.F.);
#5197=ORIENTED_EDGE('',*,*,#5136,.F.);
#5198=ORIENTED_EDGE('',*,*,#5154,.F.);
#5199=EDGE_LOOP('',(#5195,#5196,#5197,#5198));
#5200=FACE_OUTER_BOUND('',#5199,.F.);
#5202=CLOSED_SHELL('',(#5144,#5159,#5176,#5189,#5201));
#5203=CARTESIAN_POINT('',(0.E0,1.5E0,0.E0));
#5204=DIRECTION('',(0.E0,-1.E0,0.E0));
#5205=DIRECTION('',(8.270934458784E-1,0.E0,-5.620644373958E-1));
#5206=AXIS2_PLACEMENT_3D('',#5203,#5204,#5205);
#5208=CARTESIAN_POINT('',(0.E0,1.5E0,0.E0));
#5209=DIRECTION('',(0.E0,-1.E0,0.E0));
#5210=DIRECTION('',(1.E0,0.E0,0.E0));
#5211=AXIS2_PLACEMENT_3D('',#5208,#5209,#5210);
#5213=DIRECTION('',(5.233595624286E-2,0.E0,-9.986295347546E-1));
#5214=VECTOR('',#5213,1.660365563617E0);
#5215=CARTESIAN_POINT('',(2.439925665342E0,1.5E0,1.658090090317E0));
#5216=LINE('',#5215,#5214);
#5217=DIRECTION('',(-5.233595624293E-2,0.E0,-9.986295347546E-1));
#5218=VECTOR('',#5217,1.660365563617E0);
#5219=CARTESIAN_POINT('',(2.526822484826E0,1.5E0,-2.254513305859E-14));
#5220=LINE('',#5219,#5218);
#5221=DIRECTION('',(0.E0,-1.E0,0.E0));
#5222=VECTOR('',#5221,1.5E0);
#5223=CARTESIAN_POINT('',(2.439925665341E0,1.5E0,-1.658090090317E0));
#5224=LINE('',#5223,#5222);
#5225=DIRECTION('',(0.E0,1.E0,0.E0));
#5226=VECTOR('',#5225,1.5E0);
#5227=CARTESIAN_POINT('',(2.439925665342E0,0.E0,1.658090090317E0));
#5228=LINE('',#5227,#5226);
#5229=DIRECTION('',(0.E0,-1.E0,0.E0));
#5230=VECTOR('',#5229,1.5E0);
#5231=CARTESIAN_POINT('',(2.526822484826E0,1.5E0,-2.254513305859E-14));
#5232=LINE('',#5231,#5230);
#5233=CARTESIAN_POINT('',(0.E0,0.E0,0.E0));
#5234=DIRECTION('',(0.E0,1.E0,0.E0));
#5235=DIRECTION('',(8.270934458784E-1,0.E0,5.620644373958E-1));
#5236=AXIS2_PLACEMENT_3D('',#5233,#5234,#5235);
#5238=CARTESIAN_POINT('',(0.E0,0.E0,0.E0));
#5239=DIRECTION('',(0.E0,1.E0,0.E0));
#5240=DIRECTION('',(1.E0,0.E0,0.E0));
#5241=AXIS2_PLACEMENT_3D('',#5238,#5239,#5240);
#5243=DIRECTION('',(5.233595624293E-2,0.E0,9.986295347546E-1));
#5244=VECTOR('',#5243,1.660365563617E0);
#5245=CARTESIAN_POINT('',(2.439925665341E0,0.E0,-1.658090090317E0));
#5246=LINE('',#5245,#5244);
#5247=DIRECTION('',(-5.233595624286E-2,0.E0,9.986295347546E-1));
#5248=VECTOR('',#5247,1.660365563617E0);
#5249=CARTESIAN_POINT('',(2.526822484826E0,0.E0,-2.248950550056E-14));
#5250=LINE('',#5249,#5248);
#5251=CARTESIAN_POINT('',(2.439925665342E0,1.5E0,1.658090090317E0));
#5252=CARTESIAN_POINT('',(2.526822484826E0,1.5E0,-2.264854970235E-14));
#5253=VERTEX_POINT('',#5251);
#5254=VERTEX_POINT('',#5252);
#5255=CARTESIAN_POINT('',(2.439925665342E0,0.E0,1.658090090317E0));
#5256=VERTEX_POINT('',#5255);
#5257=CARTESIAN_POINT('',(2.526822484826E0,0.E0,-2.248950550056E-14));
#5258=VERTEX_POINT('',#5257);
#5259=CARTESIAN_POINT('',(2.439925665341E0,1.5E0,-1.658090090318E0));
#5260=CARTESIAN_POINT('',(2.95E0,1.5E0,0.E0));
#5261=VERTEX_POINT('',#5259);
#5262=VERTEX_POINT('',#5260);
#5263=CARTESIAN_POINT('',(2.439925665341E0,0.E0,-1.658090090317E0));
#5264=VERTEX_POINT('',#5263);
#5265=CARTESIAN_POINT('',(2.95E0,0.E0,0.E0));
#5266=VERTEX_POINT('',#5265);
#5267=CARTESIAN_POINT('',(1.997259069509E0,0.E0,1.010467191249E1));
#5268=DIRECTION('',(9.986295347546E-1,0.E0,5.233595624295E-2));
#5269=DIRECTION('',(5.233595624295E-2,0.E0,-9.986295347546E-1));
#5270=AXIS2_PLACEMENT_3D('',#5267,#5268,#5269);
#5271=PLANE('',#5270);
#5273=ORIENTED_EDGE('',*,*,#5272,.F.);
#5275=ORIENTED_EDGE('',*,*,#5274,.F.);
#5277=ORIENTED_EDGE('',*,*,#5276,.F.);
#5279=ORIENTED_EDGE('',*,*,#5278,.F.);
#5280=EDGE_LOOP('',(#5273,#5275,#5277,#5279));
#5281=FACE_OUTER_BOUND('',#5280,.F.);
#5283=CARTESIAN_POINT('',(0.E0,1.5E0,0.E0));
#5284=DIRECTION('',(0.E0,1.E0,0.E0));
#5285=DIRECTION('',(1.E0,0.E0,0.E0));
#5286=AXIS2_PLACEMENT_3D('',#5283,#5284,#5285);
#5287=PLANE('',#5286);
#5289=ORIENTED_EDGE('',*,*,#5288,.T.);
#5291=ORIENTED_EDGE('',*,*,#5290,.T.);
#5292=ORIENTED_EDGE('',*,*,#5272,.T.);
#5294=ORIENTED_EDGE('',*,*,#5293,.T.);
#5295=EDGE_LOOP('',(#5289,#5291,#5292,#5294));
#5296=FACE_OUTER_BOUND('',#5295,.F.);
#5298=CARTESIAN_POINT('',(0.E0,1.5E0,0.E0));
#5299=DIRECTION('',(0.E0,1.E0,0.E0));
#5300=DIRECTION('',(-1.E0,0.E0,0.E0));
#5301=AXIS2_PLACEMENT_3D('',#5298,#5299,#5300);
#5302=CYLINDRICAL_SURFACE('',#5301,2.95E0);
#5303=ORIENTED_EDGE('',*,*,#5290,.F.);
#5304=ORIENTED_EDGE('',*,*,#5288,.F.);
#5306=ORIENTED_EDGE('',*,*,#5305,.T.);
#5308=ORIENTED_EDGE('',*,*,#5307,.F.);
#5310=ORIENTED_EDGE('',*,*,#5309,.F.);
#5311=ORIENTED_EDGE('',*,*,#5274,.T.);
#5312=EDGE_LOOP('',(#5303,#5304,#5306,#5308,#5310,#5311));
#5313=FACE_OUTER_BOUND('',#5312,.F.);
#5315=CARTESIAN_POINT('',(2.526822484826E0,0.E0,-3.273742240910E-14));
#5316=DIRECTION('',(9.986295347546E-1,0.E0,-5.233595624295E-2));
#5317=DIRECTION('',(-5.233595624295E-2,0.E0,-9.986295347546E-1));
#5318=AXIS2_PLACEMENT_3D('',#5315,#5316,#5317);
#5319=PLANE('',#5318);
#5320=ORIENTED_EDGE('',*,*,#5305,.F.);
#5321=ORIENTED_EDGE('',*,*,#5293,.F.);
#5322=ORIENTED_EDGE('',*,*,#5278,.T.);
#5324=ORIENTED_EDGE('',*,*,#5323,.F.);
#5325=EDGE_LOOP('',(#5320,#5321,#5322,#5324));
#5326=FACE_OUTER_BOUND('',#5325,.F.);
#5328=CARTESIAN_POINT('',(0.E0,0.E0,0.E0));
#5329=DIRECTION('',(0.E0,-1.E0,0.E0));
#5330=DIRECTION('',(0.E0,0.E0,1.E0));
#5331=AXIS2_PLACEMENT_3D('',#5328,#5329,#5330);
#5332=PLANE('',#5331);
#5333=ORIENTED_EDGE('',*,*,#5309,.T.);
#5334=ORIENTED_EDGE('',*,*,#5307,.T.);
#5335=ORIENTED_EDGE('',*,*,#5323,.T.);
#5336=ORIENTED_EDGE('',*,*,#5276,.T.);
#5337=EDGE_LOOP('',(#5333,#5334,#5335,#5336));
#5338=FACE_OUTER_BOUND('',#5337,.F.);
#5340=CLOSED_SHELL('',(#5282,#5297,#5314,#5327,#5339));
#5341=ORIENTED_CLOSED_SHELL('',*,#5202,.F.);
#5342=ORIENTED_CLOSED_SHELL('',*,#5340,.F.);
#5343=BREP_WITH_VOIDS('',#5064,(#5341,#5342));
#5344=(LENGTH_UNIT()NAMED_UNIT(*)SI_UNIT(.MILLI.,.METRE.));
#5345=DIMENSIONAL_EXPONENTS(0.E0,0.E0,0.E0,0.E0,0.E0,0.E0,0.E0);
#5346=(NAMED_UNIT(*)PLANE_ANGLE_UNIT()SI_UNIT($,.RADIAN.));
#5347=PLANE_ANGLE_MEASURE_WITH_UNIT(PLANE_ANGLE_MEASURE(1.745329251994E-2),
#5346);
#5348=(CONVERSION_BASED_UNIT('DEGREE',#5347)NAMED_UNIT(#5345)PLANE_ANGLE_UNIT(
));
#5349=(NAMED_UNIT(*)SI_UNIT($,.STERADIAN.)SOLID_ANGLE_UNIT());
#5350=UNCERTAINTY_MEASURE_WITH_UNIT(LENGTH_MEASURE(3.419054370018E-3),#5344,
'distance_accuracy_value',
'Maximum model space distance between geometric entities at asserted connectivities');
#5353=APPLICATION_CONTEXT('automotive_design');
#5354=APPLICATION_PROTOCOL_DEFINITION('draft international standard',
'automotive_design',1998,#5353);
#5355=PRODUCT_DEFINITION_CONTEXT('part definition',#5353,'design');
#5356=PRODUCT_CONTEXT('',#5353,'mechanical');
#5357=PRODUCT('SJ-BB00-0025-TENARM-0716_27','SJ-BB00-0025-TENARM-0716_27',
'NOT SPECIFIED',(#5356));
#5358=PRODUCT_DEFINITION_FORMATION_WITH_SPECIFIED_SOURCE('1','LAST_VERSION',
#5357,.MADE.);
#5362=PRODUCT_TYPE('part','',(#5357));
#1=DRAUGHTING_PRE_DEFINED_COLOUR('green');
#2=COLOUR_RGB('',1.1E-2,1.2E-2,1.E0);
#3=COLOUR_RGB('',1.1E-1,1.1E-1,1.1E-1);
#4=COLOUR_RGB('',3.92E-1,1.2E-2,1.2E-2);
#5=COLOUR_RGB('',4.1E-1,0.E0,2.2E-1);
#6=COLOUR_RGB('',8.784E-1,9.49E-1,1.E0);
#7=COLOUR_RGB('',9.6E-1,9.6E-1,9.6E-1);
#8=COLOUR_RGB('',9.8E-1,6.27E-1,0.E0);
#9=DRAUGHTING_PRE_DEFINED_COLOUR('red');
#10=COLOUR_RGB('',1.E0,0.E0,2.E-1);
#11=DRAUGHTING_PRE_DEFINED_COLOUR('yellow');
#12=COLOUR_RGB('',1.E0,1.E0,9.49E-1);
#13=DRAUGHTING_PRE_DEFINED_COLOUR('white');
#34=B_SPLINE_CURVE_WITH_KNOTS('',3,(#30,#31,#32,#33),.UNSPECIFIED.,.F.,.F.,(4,
4),(0.E0,1.E0),.UNSPECIFIED.);
#39=CIRCLE('',#38,1.E-1);
#44=CIRCLE('',#43,1.E-1);
#53=CIRCLE('',#52,1.E-1);
#58=B_SPLINE_CURVE_WITH_KNOTS('',3,(#54,#55,#56,#57),.UNSPECIFIED.,.F.,.F.,(4,
4),(0.E0,1.E0),.UNSPECIFIED.);
#63=CIRCLE('',#62,1.E-1);
#68=CIRCLE('',#67,1.E-1);
#77=CIRCLE('',#76,1.E-1);
#82=B_SPLINE_CURVE_WITH_KNOTS('',3,(#78,#79,#80,#81),.UNSPECIFIED.,.F.,.F.,(4,
4),(0.E0,1.E0),.UNSPECIFIED.);
#87=CIRCLE('',#86,1.E-1);
#92=CIRCLE('',#91,1.E-1);
#101=CIRCLE('',#100,1.E-1);
#106=B_SPLINE_CURVE_WITH_KNOTS('',3,(#102,#103,#104,#105),.UNSPECIFIED.,.F.,.F.,
(4,4),(0.E0,1.E0),.UNSPECIFIED.);
#111=CIRCLE('',#110,1.E-1);
#116=CIRCLE('',#115,1.E-1);
#125=CIRCLE('',#124,1.E-1);
#130=B_SPLINE_CURVE_WITH_KNOTS('',3,(#126,#127,#128,#129),.UNSPECIFIED.,.F.,.F.,
(4,4),(0.E0,1.E0),.UNSPECIFIED.);
#135=CIRCLE('',#134,1.E-1);
#140=CIRCLE('',#139,1.E-1);
#149=CIRCLE('',#148,1.E-1);
#154=B_SPLINE_CURVE_WITH_KNOTS('',3,(#150,#151,#152,#153),.UNSPECIFIED.,.F.,.F.,
(4,4),(0.E0,1.E0),.UNSPECIFIED.);
#159=CIRCLE('',#158,1.E-1);
#164=CIRCLE('',#163,1.E-1);
#173=CIRCLE('',#172,1.E-1);
#178=B_SPLINE_CURVE_WITH_KNOTS('',3,(#174,#175,#176,#177),.UNSPECIFIED.,.F.,.F.,
(4,4),(0.E0,1.E0),.UNSPECIFIED.);
#183=CIRCLE('',#182,1.E-1);
#188=CIRCLE('',#187,1.E-1);
#197=CIRCLE('',#196,1.E-1);
#202=B_SPLINE_CURVE_WITH_KNOTS('',3,(#198,#199,#200,#201),.UNSPECIFIED.,.F.,.F.,
(4,4),(0.E0,1.E0),.UNSPECIFIED.);
#207=CIRCLE('',#206,1.E-1);
#212=CIRCLE('',#211,1.E-1);
#221=CIRCLE('',#220,1.E-1);
#226=B_SPLINE_CURVE_WITH_KNOTS('',3,(#222,#223,#224,#225),.UNSPECIFIED.,.F.,.F.,
(4,4),(0.E0,1.E0),.UNSPECIFIED.);
#231=CIRCLE('',#230,1.E-1);
#236=CIRCLE('',#235,1.E-1);
#245=CIRCLE('',#244,1.E-1);
#250=B_SPLINE_CURVE_WITH_KNOTS('',3,(#246,#247,#248,#249),.UNSPECIFIED.,.F.,.F.,
(4,4),(0.E0,1.E0),.UNSPECIFIED.);
#255=CIRCLE('',#254,1.E-1);
#260=CIRCLE('',#259,1.E-1);
#269=CIRCLE('',#268,1.E-1);
#274=B_SPLINE_CURVE_WITH_KNOTS('',3,(#270,#271,#272,#273),.UNSPECIFIED.,.F.,.F.,
(4,4),(0.E0,1.E0),.UNSPECIFIED.);
#279=CIRCLE('',#278,1.E-1);
#284=CIRCLE('',#283,1.E-1);
#293=CIRCLE('',#292,1.E-1);
#298=B_SPLINE_CURVE_WITH_KNOTS('',3,(#294,#295,#296,#297),.UNSPECIFIED.,.F.,.F.,
(4,4),(0.E0,1.E0),.UNSPECIFIED.);
#303=CIRCLE('',#302,1.E-1);
#308=CIRCLE('',#307,1.E-1);
#317=CIRCLE('',#316,1.E-1);
#322=B_SPLINE_CURVE_WITH_KNOTS('',3,(#318,#319,#320,#321),.UNSPECIFIED.,.F.,.F.,
(4,4),(0.E0,1.E0),.UNSPECIFIED.);
#327=CIRCLE('',#326,1.E-1);
#332=CIRCLE('',#331,1.E-1);
#341=CIRCLE('',#340,1.E-1);
#346=B_SPLINE_CURVE_WITH_KNOTS('',3,(#342,#343,#344,#345),.UNSPECIFIED.,.F.,.F.,
(4,4),(0.E0,1.E0),.UNSPECIFIED.);
#351=CIRCLE('',#350,1.E-1);
#356=CIRCLE('',#355,1.E-1);
#365=CIRCLE('',#364,1.E-1);
#370=B_SPLINE_CURVE_WITH_KNOTS('',3,(#366,#367,#368,#369),.UNSPECIFIED.,.F.,.F.,
(4,4),(0.E0,1.E0),.UNSPECIFIED.);
#375=CIRCLE('',#374,1.E-1);
#380=CIRCLE('',#379,1.E-1);
#389=CIRCLE('',#388,1.E-1);
#394=B_SPLINE_CURVE_WITH_KNOTS('',3,(#390,#391,#392,#393),.UNSPECIFIED.,.F.,.F.,
(4,4),(0.E0,1.E0),.UNSPECIFIED.);
#399=CIRCLE('',#398,1.E-1);
#404=CIRCLE('',#403,1.E-1);
#413=CIRCLE('',#412,1.E-1);
#418=B_SPLINE_CURVE_WITH_KNOTS('',3,(#414,#415,#416,#417),.UNSPECIFIED.,.F.,.F.,
(4,4),(0.E0,1.E0),.UNSPECIFIED.);
#423=CIRCLE('',#422,1.E-1);
#428=CIRCLE('',#427,1.E-1);
#437=CIRCLE('',#436,1.E-1);
#442=B_SPLINE_CURVE_WITH_KNOTS('',3,(#438,#439,#440,#441),.UNSPECIFIED.,.F.,.F.,
(4,4),(0.E0,1.E0),.UNSPECIFIED.);
#447=CIRCLE('',#446,1.E-1);
#452=CIRCLE('',#451,1.E-1);
#461=CIRCLE('',#460,1.E-1);
#466=B_SPLINE_CURVE_WITH_KNOTS('',3,(#462,#463,#464,#465),.UNSPECIFIED.,.F.,.F.,
(4,4),(0.E0,1.E0),.UNSPECIFIED.);
#471=CIRCLE('',#470,1.E-1);
#476=CIRCLE('',#475,1.E-1);
#485=CIRCLE('',#484,1.E-1);
#494=CIRCLE('',#493,1.E-1);
#499=CIRCLE('',#498,1.E-1);
#504=B_SPLINE_CURVE_WITH_KNOTS('',3,(#500,#501,#502,#503),.UNSPECIFIED.,.F.,.F.,
(4,4),(0.E0,1.E0),.UNSPECIFIED.);
#509=CIRCLE('',#508,1.E-1);
#514=CIRCLE('',#513,1.E0);
#519=CIRCLE('',#518,1.E0);
#532=CIRCLE('',#531,2.65E0);
#537=CIRCLE('',#536,2.65E0);
#542=CIRCLE('',#541,2.65E0);
#547=CIRCLE('',#546,2.65E0);
#552=CIRCLE('',#551,1.E-1);
#557=CIRCLE('',#556,1.E-1);
#566=CIRCLE('',#565,1.E-1);
#575=CIRCLE('',#574,1.E-1);
#580=CIRCLE('',#579,1.E-1);
#585=B_SPLINE_CURVE_WITH_KNOTS('',3,(#581,#582,#583,#584),.UNSPECIFIED.,.F.,.F.,
(4,4),(0.E0,1.E0),.UNSPECIFIED.);
#590=CIRCLE('',#589,1.E-1);
#599=CIRCLE('',#598,1.E-1);
#604=CIRCLE('',#603,1.E-1);
#609=B_SPLINE_CURVE_WITH_KNOTS('',3,(#605,#606,#607,#608),.UNSPECIFIED.,.F.,.F.,
(4,4),(0.E0,1.E0),.UNSPECIFIED.);
#614=CIRCLE('',#613,1.E-1);
#623=CIRCLE('',#622,1.E-1);
#628=CIRCLE('',#627,1.E-1);
#633=B_SPLINE_CURVE_WITH_KNOTS('',3,(#629,#630,#631,#632),.UNSPECIFIED.,.F.,.F.,
(4,4),(0.E0,1.E0),.UNSPECIFIED.);
#638=CIRCLE('',#637,1.E-1);
#647=CIRCLE('',#646,1.E-1);
#652=CIRCLE('',#651,1.E-1);
#657=B_SPLINE_CURVE_WITH_KNOTS('',3,(#653,#654,#655,#656),.UNSPECIFIED.,.F.,.F.,
(4,4),(0.E0,1.E0),.UNSPECIFIED.);
#662=CIRCLE('',#661,1.E-1);
#671=CIRCLE('',#670,1.E-1);
#676=CIRCLE('',#675,1.E-1);
#681=B_SPLINE_CURVE_WITH_KNOTS('',3,(#677,#678,#679,#680),.UNSPECIFIED.,.F.,.F.,
(4,4),(0.E0,1.E0),.UNSPECIFIED.);
#686=CIRCLE('',#685,1.E-1);
#695=CIRCLE('',#694,1.E-1);
#700=CIRCLE('',#699,1.E-1);
#705=B_SPLINE_CURVE_WITH_KNOTS('',3,(#701,#702,#703,#704),.UNSPECIFIED.,.F.,.F.,
(4,4),(0.E0,1.E0),.UNSPECIFIED.);
#710=CIRCLE('',#709,1.E-1);
#719=CIRCLE('',#718,1.E-1);
#724=CIRCLE('',#723,1.E-1);
#729=B_SPLINE_CURVE_WITH_KNOTS('',3,(#725,#726,#727,#728),.UNSPECIFIED.,.F.,.F.,
(4,4),(0.E0,1.E0),.UNSPECIFIED.);
#734=CIRCLE('',#733,1.E-1);
#743=CIRCLE('',#742,1.E-1);
#748=CIRCLE('',#747,1.E-1);
#753=B_SPLINE_CURVE_WITH_KNOTS('',3,(#749,#750,#751,#752),.UNSPECIFIED.,.F.,.F.,
(4,4),(0.E0,1.E0),.UNSPECIFIED.);
#758=CIRCLE('',#757,1.E-1);
#767=CIRCLE('',#766,1.E-1);
#772=CIRCLE('',#771,1.E-1);
#777=B_SPLINE_CURVE_WITH_KNOTS('',3,(#773,#774,#775,#776),.UNSPECIFIED.,.F.,.F.,
(4,4),(0.E0,1.E0),.UNSPECIFIED.);
#782=CIRCLE('',#781,1.E-1);
#791=CIRCLE('',#790,1.E-1);
#796=CIRCLE('',#795,1.E-1);
#801=B_SPLINE_CURVE_WITH_KNOTS('',3,(#797,#798,#799,#800),.UNSPECIFIED.,.F.,.F.,
(4,4),(0.E0,1.E0),.UNSPECIFIED.);
#806=CIRCLE('',#805,1.E-1);
#815=CIRCLE('',#814,1.E-1);
#820=CIRCLE('',#819,1.E-1);
#825=B_SPLINE_CURVE_WITH_KNOTS('',3,(#821,#822,#823,#824),.UNSPECIFIED.,.F.,.F.,
(4,4),(0.E0,1.E0),.UNSPECIFIED.);
#830=CIRCLE('',#829,1.E-1);
#839=CIRCLE('',#838,1.E-1);
#844=CIRCLE('',#843,1.E-1);
#849=B_SPLINE_CURVE_WITH_KNOTS('',3,(#845,#846,#847,#848),.UNSPECIFIED.,.F.,.F.,
(4,4),(0.E0,1.E0),.UNSPECIFIED.);
#854=CIRCLE('',#853,1.E-1);
#863=CIRCLE('',#862,1.E-1);
#868=CIRCLE('',#867,1.E-1);
#873=B_SPLINE_CURVE_WITH_KNOTS('',3,(#869,#870,#871,#872),.UNSPECIFIED.,.F.,.F.,
(4,4),(0.E0,1.E0),.UNSPECIFIED.);
#878=CIRCLE('',#877,1.E-1);
#887=CIRCLE('',#886,1.E-1);
#892=CIRCLE('',#891,1.E-1);
#897=B_SPLINE_CURVE_WITH_KNOTS('',3,(#893,#894,#895,#896),.UNSPECIFIED.,.F.,.F.,
(4,4),(0.E0,1.E0),.UNSPECIFIED.);
#902=CIRCLE('',#901,1.E-1);
#911=CIRCLE('',#910,1.E-1);
#916=CIRCLE('',#915,1.E-1);
#921=B_SPLINE_CURVE_WITH_KNOTS('',3,(#917,#918,#919,#920),.UNSPECIFIED.,.F.,.F.,
(4,4),(0.E0,1.E0),.UNSPECIFIED.);
#926=CIRCLE('',#925,1.E-1);
#935=CIRCLE('',#934,1.E-1);
#940=CIRCLE('',#939,1.E-1);
#945=B_SPLINE_CURVE_WITH_KNOTS('',3,(#941,#942,#943,#944),.UNSPECIFIED.,.F.,.F.,
(4,4),(0.E0,1.E0),.UNSPECIFIED.);
#950=CIRCLE('',#949,1.E-1);
#959=CIRCLE('',#958,1.E-1);
#964=CIRCLE('',#963,1.E-1);
#969=B_SPLINE_CURVE_WITH_KNOTS('',3,(#965,#966,#967,#968),.UNSPECIFIED.,.F.,.F.,
(4,4),(0.E0,1.E0),.UNSPECIFIED.);
#974=CIRCLE('',#973,1.E-1);
#983=CIRCLE('',#982,1.E-1);
#988=CIRCLE('',#987,1.E-1);
#993=B_SPLINE_CURVE_WITH_KNOTS('',3,(#989,#990,#991,#992),.UNSPECIFIED.,.F.,.F.,
(4,4),(0.E0,1.E0),.UNSPECIFIED.);
#998=CIRCLE('',#997,1.E-1);
#1007=CIRCLE('',#1006,1.E-1);
#1012=CIRCLE('',#1011,1.E-1);
#1017=B_SPLINE_CURVE_WITH_KNOTS('',3,(#1013,#1014,#1015,#1016),.UNSPECIFIED.,
.F.,.F.,(4,4),(0.E0,1.E0),.UNSPECIFIED.);
#1022=CIRCLE('',#1021,1.E-1);
#1027=B_SPLINE_CURVE_WITH_KNOTS('',3,(#1023,#1024,#1025,#1026),.UNSPECIFIED.,
.F.,.F.,(4,4),(0.E0,1.E0),.UNSPECIFIED.);
#1032=CIRCLE('',#1031,2.95E0);
#1037=CIRCLE('',#1036,2.95E0);
#1042=CIRCLE('',#1041,3.E-1);
#1047=CIRCLE('',#1046,2.95E0);
#1052=CIRCLE('',#1051,2.95E0);
#1057=CIRCLE('',#1056,3.E-1);
#1074=CIRCLE('',#1073,2.E0);
#1079=CIRCLE('',#1078,2.E0);
#1092=CIRCLE('',#1091,2.E0);
#1105=CIRCLE('',#1104,2.E0);
#1110=CIRCLE('',#1109,2.E0);
#1123=CIRCLE('',#1122,2.E0);
#1128=CIRCLE('',#1127,5.E-1);
#1133=CIRCLE('',#1132,5.E-1);
#1138=CIRCLE('',#1137,5.E-1);
#1143=CIRCLE('',#1142,5.E-1);
#1148=CIRCLE('',#1147,5.E-1);
#1153=CIRCLE('',#1152,5.E-1);
#1158=CIRCLE('',#1157,5.E-1);
#1163=CIRCLE('',#1162,5.E-1);
#1168=CIRCLE('',#1167,5.E-1);
#1173=CIRCLE('',#1172,5.E-1);
#1178=CIRCLE('',#1177,5.E-1);
#1183=CIRCLE('',#1182,5.E-1);
#1188=CIRCLE('',#1187,5.E-1);
#1193=CIRCLE('',#1192,5.E-1);
#1198=CIRCLE('',#1197,5.E-1);
#1203=CIRCLE('',#1202,5.E-1);
#1208=CIRCLE('',#1207,5.E-1);
#1213=CIRCLE('',#1212,5.E-1);
#1218=CIRCLE('',#1217,5.E-1);
#1223=CIRCLE('',#1222,5.E-1);
#1228=CIRCLE('',#1227,5.E-1);
#1233=CIRCLE('',#1232,5.E-1);
#1238=CIRCLE('',#1237,5.E-1);
#1243=CIRCLE('',#1242,5.E-1);
#1248=CIRCLE('',#1247,2.95E0);
#1253=CIRCLE('',#1252,2.95E0);
#1270=CIRCLE('',#1269,2.E0);
#1275=CIRCLE('',#1274,2.E0);
#1288=CIRCLE('',#1287,2.E0);
#1301=CIRCLE('',#1300,2.E0);
#1306=CIRCLE('',#1305,2.E0);
#1319=CIRCLE('',#1318,2.E0);
#1324=CIRCLE('',#1323,5.E-1);
#1329=CIRCLE('',#1328,5.E-1);
#1334=CIRCLE('',#1333,5.E-1);
#1339=CIRCLE('',#1338,5.E-1);
#1344=CIRCLE('',#1343,5.E-1);
#1349=CIRCLE('',#1348,5.E-1);
#1354=CIRCLE('',#1353,5.E-1);
#1359=CIRCLE('',#1358,5.E-1);
#1364=CIRCLE('',#1363,5.E-1);
#1369=CIRCLE('',#1368,5.E-1);
#1374=CIRCLE('',#1373,5.E-1);
#1379=CIRCLE('',#1378,5.E-1);
#1384=CIRCLE('',#1383,5.E-1);
#1389=CIRCLE('',#1388,5.E-1);
#1394=CIRCLE('',#1393,5.E-1);
#1399=CIRCLE('',#1398,5.E-1);
#1404=CIRCLE('',#1403,5.E-1);
#1409=CIRCLE('',#1408,5.E-1);
#1414=CIRCLE('',#1413,5.E-1);
#1419=CIRCLE('',#1418,5.E-1);
#1424=CIRCLE('',#1423,5.E-1);
#1429=CIRCLE('',#1428,5.E-1);
#1434=CIRCLE('',#1433,5.E-1);
#1439=CIRCLE('',#1438,5.E-1);
#1444=CIRCLE('',#1443,2.95E0);
#1449=CIRCLE('',#1448,2.95E0);
#1602=CIRCLE('',#1601,2.95E0);
#1607=CIRCLE('',#1606,2.E-1);
#1612=CIRCLE('',#1611,2.75E0);
#1617=CIRCLE('',#1616,2.75E0);
#1622=CIRCLE('',#1621,2.75E0);
#1627=CIRCLE('',#1626,2.75E0);
#1632=CIRCLE('',#1631,2.4E0);
#1637=CIRCLE('',#1636,2.4E0);
#1642=CIRCLE('',#1641,2.4E0);
#1647=CIRCLE('',#1646,2.4E0);
#1652=CIRCLE('',#1651,2.95E0);
#1657=CIRCLE('',#1656,2.E-1);
#1662=CIRCLE('',#1661,2.1E0);
#1667=CIRCLE('',#1666,2.1E0);
#1672=CIRCLE('',#1671,3.E-1);
#1677=CIRCLE('',#1676,2.1E0);
#1682=CIRCLE('',#1681,2.1E0);
#1687=CIRCLE('',#1686,3.E-1);
#1700=CIRCLE('',#1699,2.1E0);
#1705=CIRCLE('',#1704,2.1E0);
#1710=CIRCLE('',#1709,1.E0);
#1715=CIRCLE('',#1714,1.E0);
#2607=EDGE_CURVE('',#2159,#2484,#17,.T.);
#2609=EDGE_CURVE('',#2482,#2484,#686,.T.);
#2611=EDGE_CURVE('',#2482,#2161,#21,.T.);
#2613=EDGE_CURVE('',#2159,#2161,#365,.T.);
#2617=ADVANCED_FACE('',(#2616),#2606,.F.);
#2623=EDGE_CURVE('',#2486,#2157,#29,.T.);
#2625=EDGE_CURVE('',#2484,#2486,#690,.T.);
#2628=EDGE_CURVE('',#2157,#2159,#360,.T.);
#2632=ADVANCED_FACE('',(#2631),#2622,.F.);
#2638=EDGE_CURVE('',#2155,#2157,#356,.T.);
#2640=EDGE_CURVE('',#2153,#2155,#351,.T.);
#2642=EDGE_CURVE('',#2153,#2490,#25,.T.);
#2644=EDGE_CURVE('',#2489,#2490,#700,.T.);
#2646=EDGE_CURVE('',#2486,#2489,#695,.T.);
#2651=ADVANCED_FACE('',(#2650),#2637,.T.);
#2657=EDGE_CURVE('',#2044,#2045,#34,.T.);
#2659=EDGE_CURVE('',#2045,#2047,#39,.T.);
#2661=EDGE_CURVE('',#2047,#2049,#44,.T.);
#2663=EDGE_CURVE('',#2049,#2051,#48,.T.);
#2665=EDGE_CURVE('',#2051,#2053,#53,.T.);
#2667=EDGE_CURVE('',#2053,#2054,#58,.T.);
#2669=EDGE_CURVE('',#2054,#2056,#63,.T.);
#2671=EDGE_CURVE('',#2056,#2058,#68,.T.);
#2673=EDGE_CURVE('',#2058,#2060,#72,.T.);
#2675=EDGE_CURVE('',#2060,#2062,#77,.T.);
#2677=EDGE_CURVE('',#2062,#2063,#82,.T.);
#2679=EDGE_CURVE('',#2063,#2065,#87,.T.);
#2681=EDGE_CURVE('',#2065,#2067,#92,.T.);
#2683=EDGE_CURVE('',#2067,#2069,#96,.T.);
#2685=EDGE_CURVE('',#2069,#2071,#101,.T.);
#2687=EDGE_CURVE('',#2071,#2072,#106,.T.);
#2689=EDGE_CURVE('',#2072,#2074,#111,.T.);
#2691=EDGE_CURVE('',#2074,#2076,#116,.T.);
#2693=EDGE_CURVE('',#2076,#2078,#120,.T.);
#2695=EDGE_CURVE('',#2078,#2080,#125,.T.);
#2697=EDGE_CURVE('',#2080,#2081,#130,.T.);
#2699=EDGE_CURVE('',#2081,#2083,#135,.T.);
#2701=EDGE_CURVE('',#2083,#2085,#140,.T.);
#2703=EDGE_CURVE('',#2085,#2087,#144,.T.);
#2705=EDGE_CURVE('',#2087,#2089,#149,.T.);
#2707=EDGE_CURVE('',#2089,#2090,#154,.T.);
#2709=EDGE_CURVE('',#2090,#2092,#159,.T.);
#2711=EDGE_CURVE('',#2092,#2094,#164,.T.);
#2713=EDGE_CURVE('',#2094,#2096,#168,.T.);
#2715=EDGE_CURVE('',#2096,#2098,#173,.T.);
#2717=EDGE_CURVE('',#2098,#2099,#178,.T.);
#2719=EDGE_CURVE('',#2099,#2101,#183,.T.);
#2721=EDGE_CURVE('',#2101,#2103,#188,.T.);
#2723=EDGE_CURVE('',#2103,#2105,#192,.T.);
#2725=EDGE_CURVE('',#2105,#2107,#197,.T.);
#2727=EDGE_CURVE('',#2107,#2038,#202,.T.);
#2729=EDGE_CURVE('',#2038,#2039,#207,.T.);
#2731=EDGE_CURVE('',#2039,#2035,#212,.T.);
#2733=EDGE_CURVE('',#2035,#2026,#216,.T.);
#2735=EDGE_CURVE('',#2026,#2031,#221,.T.);
#2737=EDGE_CURVE('',#2031,#2108,#226,.T.);
#2739=EDGE_CURVE('',#2108,#2110,#231,.T.);
#2741=EDGE_CURVE('',#2110,#2112,#236,.T.);
#2743=EDGE_CURVE('',#2112,#2114,#240,.T.);
#2745=EDGE_CURVE('',#2114,#2116,#245,.T.);
#2747=EDGE_CURVE('',#2116,#2117,#250,.T.);
#2749=EDGE_CURVE('',#2117,#2119,#255,.T.);
#2751=EDGE_CURVE('',#2119,#2121,#260,.T.);
#2753=EDGE_CURVE('',#2121,#2123,#264,.T.);
#2755=EDGE_CURVE('',#2123,#2125,#269,.T.);
#2757=EDGE_CURVE('',#2125,#2126,#274,.T.);
#2759=EDGE_CURVE('',#2126,#2128,#279,.T.);
#2761=EDGE_CURVE('',#2128,#2130,#284,.T.);
#2763=EDGE_CURVE('',#2130,#2132,#288,.T.);
#2765=EDGE_CURVE('',#2132,#2134,#293,.T.);
#2767=EDGE_CURVE('',#2134,#2135,#298,.T.);
#2769=EDGE_CURVE('',#2135,#2137,#303,.T.);
#2771=EDGE_CURVE('',#2137,#2139,#308,.T.);
#2773=EDGE_CURVE('',#2139,#2141,#312,.T.);
#2775=EDGE_CURVE('',#2141,#2143,#317,.T.);
#2777=EDGE_CURVE('',#2143,#2144,#322,.T.);
#2779=EDGE_CURVE('',#2144,#2146,#327,.T.);
#2781=EDGE_CURVE('',#2146,#2148,#332,.T.);
#2783=EDGE_CURVE('',#2148,#2150,#336,.T.);
#2785=EDGE_CURVE('',#2150,#2152,#341,.T.);
#2787=EDGE_CURVE('',#2152,#2153,#346,.T.);
#2793=EDGE_CURVE('',#2161,#2162,#370,.T.);
#2795=EDGE_CURVE('',#2162,#2164,#375,.T.);
#2797=EDGE_CURVE('',#2164,#2166,#380,.T.);
#2799=EDGE_CURVE('',#2166,#2168,#384,.T.);
#2801=EDGE_CURVE('',#2168,#2170,#389,.T.);
#2803=EDGE_CURVE('',#2170,#2171,#394,.T.);
#2805=EDGE_CURVE('',#2171,#2173,#399,.T.);
#2807=EDGE_CURVE('',#2173,#2175,#404,.T.);
#2809=EDGE_CURVE('',#2175,#2177,#408,.T.);
#2811=EDGE_CURVE('',#2177,#2179,#413,.T.);
#2813=EDGE_CURVE('',#2179,#2180,#418,.T.);
#2815=EDGE_CURVE('',#2180,#2182,#423,.T.);
#2817=EDGE_CURVE('',#2182,#2184,#428,.T.);
#2819=EDGE_CURVE('',#2184,#2186,#432,.T.);
#2821=EDGE_CURVE('',#2186,#2188,#437,.T.);
#2823=EDGE_CURVE('',#2188,#2189,#442,.T.);
#2825=EDGE_CURVE('',#2189,#2191,#447,.T.);
#2827=EDGE_CURVE('',#2191,#2193,#452,.T.);
#2829=EDGE_CURVE('',#2193,#2195,#456,.T.);
#2831=EDGE_CURVE('',#2195,#2197,#461,.T.);
#2833=EDGE_CURVE('',#2197,#2198,#466,.T.);
#2835=EDGE_CURVE('',#2198,#2200,#471,.T.);
#2837=EDGE_CURVE('',#2200,#2202,#476,.T.);
#2839=EDGE_CURVE('',#2202,#2204,#480,.T.);
#2841=EDGE_CURVE('',#2204,#2206,#485,.T.);
#2843=EDGE_CURVE('',#2206,#2208,#489,.T.);
#2845=EDGE_CURVE('',#2208,#2210,#494,.T.);
#2847=EDGE_CURVE('',#2210,#2212,#499,.T.);
#2849=EDGE_CURVE('',#2212,#2213,#504,.T.);
#2851=EDGE_CURVE('',#2213,#2044,#509,.T.);
#2855=EDGE_CURVE('',#2216,#2217,#514,.T.);
#2857=EDGE_CURVE('',#2217,#2216,#519,.T.);
#2861=ADVANCED_FACE('',(#2854,#2860),#2656,.T.);
#2867=EDGE_CURVE('',#2045,#2598,#523,.T.);
#2870=EDGE_CURVE('',#2599,#2044,#1743,.T.);
#2872=EDGE_CURVE('',#2598,#2599,#1017,.T.);
#2876=ADVANCED_FACE('',(#2875),#2866,.F.);
#2885=EDGE_CURVE('',#2597,#2598,#1012,.T.);
#2887=EDGE_CURVE('',#2594,#2597,#1007,.T.);
#2889=EDGE_CURVE('',#2594,#2049,#527,.T.);
#2893=ADVANCED_FACE('',(#2892),#2881,.T.);
#2899=EDGE_CURVE('',#2427,#2424,#532,.T.);
#2901=EDGE_CURVE('',#2424,#2425,#537,.T.);
#2903=EDGE_CURVE('',#2425,#2429,#542,.T.);
#2905=EDGE_CURVE('',#2429,#2427,#547,.T.);
#2909=EDGE_CURVE('',#2435,#2432,#552,.T.);
#2911=EDGE_CURVE('',#2432,#2433,#557,.T.);
#2913=EDGE_CURVE('',#2433,#2437,#561,.T.);
#2915=EDGE_CURVE('',#2437,#2439,#566,.T.);
#2917=EDGE_CURVE('',#2439,#2441,#570,.T.);
#2919=EDGE_CURVE('',#2441,#2444,#575,.T.);
#2921=EDGE_CURVE('',#2444,#2445,#580,.T.);
#2923=EDGE_CURVE('',#2445,#2446,#585,.T.);
#2925=EDGE_CURVE('',#2446,#2448,#590,.T.);
#2927=EDGE_CURVE('',#2448,#2450,#594,.T.);
#2929=EDGE_CURVE('',#2450,#2453,#599,.T.);
#2931=EDGE_CURVE('',#2453,#2454,#604,.T.);
#2933=EDGE_CURVE('',#2454,#2455,#609,.T.);
#2935=EDGE_CURVE('',#2455,#2457,#614,.T.);
#2937=EDGE_CURVE('',#2457,#2459,#618,.T.);
#2939=EDGE_CURVE('',#2459,#2462,#623,.T.);
#2941=EDGE_CURVE('',#2462,#2463,#628,.T.);
#2943=EDGE_CURVE('',#2463,#2464,#633,.T.);
#2945=EDGE_CURVE('',#2464,#2466,#638,.T.);
#2947=EDGE_CURVE('',#2466,#2468,#642,.T.);
#2949=EDGE_CURVE('',#2468,#2471,#647,.T.);
#2951=EDGE_CURVE('',#2471,#2472,#652,.T.);
#2953=EDGE_CURVE('',#2472,#2473,#657,.T.);
#2955=EDGE_CURVE('',#2473,#2475,#662,.T.);
#2957=EDGE_CURVE('',#2475,#2477,#666,.T.);
#2959=EDGE_CURVE('',#2477,#2480,#671,.T.);
#2961=EDGE_CURVE('',#2480,#2481,#676,.T.);
#2963=EDGE_CURVE('',#2481,#2482,#681,.T.);
#2969=EDGE_CURVE('',#2490,#2491,#705,.T.);
#2971=EDGE_CURVE('',#2491,#2493,#710,.T.);
#2973=EDGE_CURVE('',#2493,#2495,#714,.T.);
#2975=EDGE_CURVE('',#2495,#2498,#719,.T.);
#2977=EDGE_CURVE('',#2498,#2499,#724,.T.);
#2979=EDGE_CURVE('',#2499,#2500,#729,.T.);
#2981=EDGE_CURVE('',#2500,#2502,#734,.T.);
#2983=EDGE_CURVE('',#2502,#2504,#738,.T.);
#2985=EDGE_CURVE('',#2504,#2507,#743,.T.);
#2987=EDGE_CURVE('',#2507,#2508,#748,.T.);
#2989=EDGE_CURVE('',#2508,#2509,#753,.T.);
#2991=EDGE_CURVE('',#2509,#2511,#758,.T.);
#2993=EDGE_CURVE('',#2511,#2513,#762,.T.);
#2995=EDGE_CURVE('',#2513,#2516,#767,.T.);
#2997=EDGE_CURVE('',#2516,#2517,#772,.T.);
#2999=EDGE_CURVE('',#2517,#2518,#777,.T.);
#3001=EDGE_CURVE('',#2518,#2520,#782,.T.);
#3003=EDGE_CURVE('',#2520,#2522,#786,.T.);
#3005=EDGE_CURVE('',#2522,#2525,#791,.T.);
#3007=EDGE_CURVE('',#2525,#2526,#796,.T.);
#3009=EDGE_CURVE('',#2526,#2527,#801,.T.);
#3011=EDGE_CURVE('',#2527,#2529,#806,.T.);
#3013=EDGE_CURVE('',#2529,#2531,#810,.T.);
#3015=EDGE_CURVE('',#2531,#2534,#815,.T.);
#3017=EDGE_CURVE('',#2534,#2535,#820,.T.);
#3019=EDGE_CURVE('',#2535,#2029,#825,.T.);
#3021=EDGE_CURVE('',#2029,#2027,#830,.T.);
#3023=EDGE_CURVE('',#2027,#2034,#834,.T.);
#3025=EDGE_CURVE('',#2034,#2043,#839,.T.);
#3027=EDGE_CURVE('',#2043,#2041,#844,.T.);
#3029=EDGE_CURVE('',#2041,#2536,#849,.T.);
#3031=EDGE_CURVE('',#2536,#2538,#854,.T.);
#3033=EDGE_CURVE('',#2538,#2540,#858,.T.);
#3035=EDGE_CURVE('',#2540,#2543,#863,.T.);
#3037=EDGE_CURVE('',#2543,#2544,#868,.T.);
#3039=EDGE_CURVE('',#2544,#2545,#873,.T.);
#3041=EDGE_CURVE('',#2545,#2547,#878,.T.);
#3043=EDGE_CURVE('',#2547,#2549,#882,.T.);
#3045=EDGE_CURVE('',#2549,#2552,#887,.T.);
#3047=EDGE_CURVE('',#2552,#2553,#892,.T.);
#3049=EDGE_CURVE('',#2553,#2554,#897,.T.);
#3051=EDGE_CURVE('',#2554,#2556,#902,.T.);
#3053=EDGE_CURVE('',#2556,#2558,#906,.T.);
#3055=EDGE_CURVE('',#2558,#2561,#911,.T.);
#3057=EDGE_CURVE('',#2561,#2562,#916,.T.);
#3059=EDGE_CURVE('',#2562,#2563,#921,.T.);
#3061=EDGE_CURVE('',#2563,#2565,#926,.T.);
#3063=EDGE_CURVE('',#2565,#2567,#930,.T.);
#3065=EDGE_CURVE('',#2567,#2570,#935,.T.);
#3067=EDGE_CURVE('',#2570,#2571,#940,.T.);
#3069=EDGE_CURVE('',#2571,#2572,#945,.T.);
#3071=EDGE_CURVE('',#2572,#2574,#950,.T.);
#3073=EDGE_CURVE('',#2574,#2576,#954,.T.);
#3075=EDGE_CURVE('',#2576,#2579,#959,.T.);
#3077=EDGE_CURVE('',#2579,#2580,#964,.T.);
#3079=EDGE_CURVE('',#2580,#2581,#969,.T.);
#3081=EDGE_CURVE('',#2581,#2583,#974,.T.);
#3083=EDGE_CURVE('',#2583,#2585,#978,.T.);
#3085=EDGE_CURVE('',#2585,#2588,#983,.T.);
#3087=EDGE_CURVE('',#2588,#2589,#988,.T.);
#3089=EDGE_CURVE('',#2589,#2590,#993,.T.);
#3091=EDGE_CURVE('',#2590,#2592,#998,.T.);
#3093=EDGE_CURVE('',#2592,#2594,#1002,.T.);
#3098=EDGE_CURVE('',#2599,#2601,#1022,.T.);
#3100=EDGE_CURVE('',#2601,#2435,#1027,.T.);
#3104=ADVANCED_FACE('',(#2908,#3103),#2898,.T.);
#3112=EDGE_CURVE('',#2415,#2427,#1057,.T.);
#3114=EDGE_CURVE('',#2415,#2421,#1032,.T.);
#3116=EDGE_CURVE('',#2421,#2419,#1037,.T.);
#3118=EDGE_CURVE('',#2419,#2425,#1042,.T.);
#3122=ADVANCED_FACE('',(#3121),#3109,.T.);
#3131=EDGE_CURVE('',#2419,#2417,#1047,.T.);
#3133=EDGE_CURVE('',#2417,#2415,#1052,.T.);
#3138=ADVANCED_FACE('',(#3137),#3127,.T.);
#3144=EDGE_CURVE('',#2412,#2413,#1248,.T.);
#3146=EDGE_CURVE('',#2415,#2412,#1727,.T.);
#3150=EDGE_CURVE('',#2419,#2413,#1061,.T.);
#3154=ADVANCED_FACE('',(#3153),#3143,.T.);
#3160=EDGE_CURVE('',#2342,#2343,#1065,.T.);
#3162=EDGE_CURVE('',#2343,#2345,#1069,.T.);
#3164=EDGE_CURVE('',#2345,#2347,#1074,.T.);
#3166=EDGE_CURVE('',#2347,#2339,#1079,.T.);
#3168=EDGE_CURVE('',#2339,#2335,#1083,.T.);
#3170=EDGE_CURVE('',#2335,#2337,#1087,.T.);
#3172=EDGE_CURVE('',#2337,#2349,#1092,.T.);
#3174=EDGE_CURVE('',#2349,#2351,#1096,.T.);
#3176=EDGE_CURVE('',#2351,#2353,#1100,.T.);
#3178=EDGE_CURVE('',#2353,#2356,#1105,.T.);
#3180=EDGE_CURVE('',#2356,#2357,#1110,.T.);
#3182=EDGE_CURVE('',#2357,#2359,#1114,.T.);
#3184=EDGE_CURVE('',#2359,#2361,#1118,.T.);
#3186=EDGE_CURVE('',#2361,#2342,#1123,.T.);
#3190=EDGE_CURVE('',#2364,#2365,#1128,.T.);
#3192=EDGE_CURVE('',#2365,#2364,#1133,.T.);
#3196=EDGE_CURVE('',#2368,#2369,#1138,.T.);
#3198=EDGE_CURVE('',#2369,#2368,#1143,.T.);
#3202=EDGE_CURVE('',#2372,#2373,#1148,.T.);
#3204=EDGE_CURVE('',#2373,#2372,#1153,.T.);
#3208=EDGE_CURVE('',#2376,#2377,#1158,.T.);
#3210=EDGE_CURVE('',#2377,#2376,#1163,.T.);
#3214=EDGE_CURVE('',#2380,#2381,#1168,.T.);
#3216=EDGE_CURVE('',#2381,#2380,#1173,.T.);
#3220=EDGE_CURVE('',#2384,#2385,#1178,.T.);
#3222=EDGE_CURVE('',#2385,#2384,#1183,.T.);
#3226=EDGE_CURVE('',#2388,#2389,#1188,.T.);
#3228=EDGE_CURVE('',#2389,#2388,#1193,.T.);
#3232=EDGE_CURVE('',#2392,#2393,#1198,.T.);
#3234=EDGE_CURVE('',#2393,#2392,#1203,.T.);
#3238=EDGE_CURVE('',#2396,#2397,#1208,.T.);
#3240=EDGE_CURVE('',#2397,#2396,#1213,.T.);
#3244=EDGE_CURVE('',#2400,#2401,#1218,.T.);
#3246=EDGE_CURVE('',#2401,#2400,#1223,.T.);
#3250=EDGE_CURVE('',#2404,#2405,#1228,.T.);
#3252=EDGE_CURVE('',#2405,#2404,#1233,.T.);
#3256=EDGE_CURVE('',#2408,#2409,#1238,.T.);
#3258=EDGE_CURVE('',#2409,#2408,#1243,.T.);
#3263=EDGE_CURVE('',#2413,#2412,#1253,.T.);
#3267=ADVANCED_FACE('',(#3189,#3195,#3201,#3207,#3213,#3219,#3225,#3231,#3237,
#3243,#3249,#3255,#3261,#3266),#3159,.T.);
#3273=EDGE_CURVE('',#2343,#2269,#1257,.T.);
#3276=EDGE_CURVE('',#2271,#2342,#1489,.T.);
#3278=EDGE_CURVE('',#2269,#2271,#1283,.T.);
#3282=ADVANCED_FACE('',(#3281),#3272,.T.);
#3289=EDGE_CURVE('',#2267,#2269,#1279,.T.);
#3291=EDGE_CURVE('',#2345,#2267,#1457,.T.);
#3296=ADVANCED_FACE('',(#3295),#3287,.T.);
#3302=EDGE_CURVE('',#2260,#2261,#1261,.T.);
#3304=EDGE_CURVE('',#2261,#2263,#1265,.T.);
#3306=EDGE_CURVE('',#2263,#2265,#1270,.T.);
#3308=EDGE_CURVE('',#2265,#2267,#1275,.T.);
#3312=EDGE_CURVE('',#2271,#2273,#1288,.T.);
#3314=EDGE_CURVE('',#2273,#2275,#1292,.T.);
#3316=EDGE_CURVE('',#2275,#2277,#1296,.T.);
#3318=EDGE_CURVE('',#2277,#2279,#1301,.T.);
#3320=EDGE_CURVE('',#2279,#2281,#1306,.T.);
#3322=EDGE_CURVE('',#2281,#2283,#1310,.T.);
#3324=EDGE_CURVE('',#2283,#2285,#1314,.T.);
#3326=EDGE_CURVE('',#2285,#2260,#1319,.T.);
#3330=EDGE_CURVE('',#2288,#2289,#1324,.T.);
#3332=EDGE_CURVE('',#2289,#2288,#1329,.T.);
#3336=EDGE_CURVE('',#2292,#2293,#1334,.T.);
#3338=EDGE_CURVE('',#2293,#2292,#1339,.T.);
#3342=EDGE_CURVE('',#2296,#2297,#1344,.T.);
#3344=EDGE_CURVE('',#2297,#2296,#1349,.T.);
#3348=EDGE_CURVE('',#2300,#2301,#1354,.T.);
#3350=EDGE_CURVE('',#2301,#2300,#1359,.T.);
#3354=EDGE_CURVE('',#2304,#2305,#1364,.T.);
#3356=EDGE_CURVE('',#2305,#2304,#1369,.T.);
#3360=EDGE_CURVE('',#2308,#2309,#1374,.T.);
#3362=EDGE_CURVE('',#2309,#2308,#1379,.T.);
#3366=EDGE_CURVE('',#2312,#2313,#1384,.T.);
#3368=EDGE_CURVE('',#2313,#2312,#1389,.T.);
#3372=EDGE_CURVE('',#2316,#2317,#1394,.T.);
#3374=EDGE_CURVE('',#2317,#2316,#1399,.T.);
#3378=EDGE_CURVE('',#2320,#2321,#1404,.T.);
#3380=EDGE_CURVE('',#2321,#2320,#1409,.T.);
#3384=EDGE_CURVE('',#2324,#2325,#1414,.T.);
#3386=EDGE_CURVE('',#2325,#2324,#1419,.T.);
#3390=EDGE_CURVE('',#2328,#2329,#1424,.T.);
#3392=EDGE_CURVE('',#2329,#2328,#1429,.T.);
#3396=EDGE_CURVE('',#2332,#2333,#1434,.T.);
#3398=EDGE_CURVE('',#2333,#2332,#1439,.T.);
#3402=EDGE_CURVE('',#2257,#2256,#1444,.T.);
#3404=EDGE_CURVE('',#2256,#2257,#1449,.T.);
#3408=ADVANCED_FACE('',(#3329,#3335,#3341,#3347,#3353,#3359,#3365,#3371,#3377,
#3383,#3389,#3395,#3401,#3407),#3301,.F.);
#3414=EDGE_CURVE('',#2335,#2261,#1453,.T.);
#3417=EDGE_CURVE('',#2337,#2260,#1469,.T.);
#3422=ADVANCED_FACE('',(#3421),#3413,.T.);
#3430=EDGE_CURVE('',#2263,#2339,#1461,.T.);
#3435=ADVANCED_FACE('',(#3434),#3427,.T.);
#3449=ADVANCED_FACE('',(#3448),#3440,.T.);
#3456=EDGE_CURVE('',#2285,#2349,#1465,.T.);
#3462=ADVANCED_FACE('',(#3461),#3454,.T.);
#3468=EDGE_CURVE('',#2351,#2283,#1473,.T.);
#3475=ADVANCED_FACE('',(#3474),#3467,.T.);
#3483=EDGE_CURVE('',#2353,#2281,#1477,.T.);
#3488=ADVANCED_FACE('',(#3487),#3480,.T.);
#3499=EDGE_CURVE('',#2277,#2357,#1481,.T.);
#3503=ADVANCED_FACE('',(#3502),#3493,.T.);
#3509=EDGE_CURVE('',#2359,#2275,#1485,.T.);
#3516=ADVANCED_FACE('',(#3515),#3508,.T.);
#3524=EDGE_CURVE('',#2361,#2273,#1493,.T.);
#3529=ADVANCED_FACE('',(#3528),#3521,.T.);
#3541=ADVANCED_FACE('',(#3540),#3534,.T.);
#3548=EDGE_CURVE('',#2289,#2364,#1501,.T.);
#3551=EDGE_CURVE('',#2288,#2365,#1497,.T.);
#3555=ADVANCED_FACE('',(#3554),#3546,.F.);
#3567=ADVANCED_FACE('',(#3566),#3560,.F.);
#3574=EDGE_CURVE('',#2293,#2368,#1509,.T.);
#3577=EDGE_CURVE('',#2292,#2369,#1505,.T.);
#3581=ADVANCED_FACE('',(#3580),#3572,.F.);
#3593=ADVANCED_FACE('',(#3592),#3586,.F.);
#3600=EDGE_CURVE('',#2297,#2372,#1517,.T.);
#3603=EDGE_CURVE('',#2296,#2373,#1513,.T.);
#3607=ADVANCED_FACE('',(#3606),#3598,.F.);
#3619=ADVANCED_FACE('',(#3618),#3612,.F.);
#3626=EDGE_CURVE('',#2301,#2376,#1525,.T.);
#3629=EDGE_CURVE('',#2300,#2377,#1521,.T.);
#3633=ADVANCED_FACE('',(#3632),#3624,.F.);
#3645=ADVANCED_FACE('',(#3644),#3638,.F.);
#3652=EDGE_CURVE('',#2305,#2380,#1533,.T.);
#3655=EDGE_CURVE('',#2304,#2381,#1529,.T.);
#3659=ADVANCED_FACE('',(#3658),#3650,.F.);
#3671=ADVANCED_FACE('',(#3670),#3664,.F.);
#3678=EDGE_CURVE('',#2309,#2384,#1541,.T.);
#3681=EDGE_CURVE('',#2308,#2385,#1537,.T.);
#3685=ADVANCED_FACE('',(#3684),#3676,.F.);
#3697=ADVANCED_FACE('',(#3696),#3690,.F.);
#3704=EDGE_CURVE('',#2389,#2312,#1549,.T.);
#3707=EDGE_CURVE('',#2388,#2313,#1545,.T.);
#3711=ADVANCED_FACE('',(#3710),#3702,.F.);
#3723=ADVANCED_FACE('',(#3722),#3716,.F.);
#3730=EDGE_CURVE('',#2393,#2316,#1557,.T.);
#3733=EDGE_CURVE('',#2392,#2317,#1553,.T.);
#3737=ADVANCED_FACE('',(#3736),#3728,.F.);
#3749=ADVANCED_FACE('',(#3748),#3742,.F.);
#3756=EDGE_CURVE('',#2397,#2320,#1565,.T.);
#3759=EDGE_CURVE('',#2396,#2321,#1561,.T.);
#3763=ADVANCED_FACE('',(#3762),#3754,.F.);
#3775=ADVANCED_FACE('',(#3774),#3768,.F.);
#3782=EDGE_CURVE('',#2401,#2324,#1573,.T.);
#3785=EDGE_CURVE('',#2400,#2325,#1569,.T.);
#3789=ADVANCED_FACE('',(#3788),#3780,.F.);
#3801=ADVANCED_FACE('',(#3800),#3794,.F.);
#3808=EDGE_CURVE('',#2405,#2328,#1581,.T.);
#3811=EDGE_CURVE('',#2404,#2329,#1577,.T.);
#3815=ADVANCED_FACE('',(#3814),#3806,.F.);
#3827=ADVANCED_FACE('',(#3826),#3820,.F.);
#3834=EDGE_CURVE('',#2409,#2332,#1589,.T.);
#3837=EDGE_CURVE('',#2408,#2333,#1585,.T.);
#3841=ADVANCED_FACE('',(#3840),#3832,.F.);
#3853=ADVANCED_FACE('',(#3852),#3846,.F.);
#3860=EDGE_CURVE('',#2253,#2257,#1597,.T.);
#3862=EDGE_CURVE('',#2251,#2253,#1652,.T.);
#3864=EDGE_CURVE('',#2251,#2256,#1593,.T.);
#3868=ADVANCED_FACE('',(#3867),#3858,.T.);
#3876=EDGE_CURVE('',#2253,#2251,#1602,.T.);
#3881=ADVANCED_FACE('',(#3880),#3873,.T.);
#3887=EDGE_CURVE('',#2245,#2243,#1627,.T.);
#3889=EDGE_CURVE('',#2241,#2245,#1622,.T.);
#3891=EDGE_CURVE('',#2253,#2241,#1657,.T.);
#3894=EDGE_CURVE('',#2251,#2243,#1607,.T.);
#3898=ADVANCED_FACE('',(#3897),#3886,.T.);
#3904=EDGE_CURVE('',#2243,#2240,#1612,.T.);
#3906=EDGE_CURVE('',#2240,#2241,#1617,.T.);
#3912=EDGE_CURVE('',#2235,#2247,#1632,.T.);
#3914=EDGE_CURVE('',#2247,#2237,#1637,.T.);
#3916=EDGE_CURVE('',#2237,#2234,#1642,.T.);
#3918=EDGE_CURVE('',#2234,#2235,#1647,.T.);
#3922=ADVANCED_FACE('',(#3911,#3921),#3903,.T.);
#3935=ADVANCED_FACE('',(#3934),#3927,.T.);
#3943=EDGE_CURVE('',#2229,#2235,#1687,.T.);
#3945=EDGE_CURVE('',#2229,#2249,#1662,.T.);
#3947=EDGE_CURVE('',#2249,#2231,#1667,.T.);
#3949=EDGE_CURVE('',#2231,#2237,#1672,.T.);
#3953=ADVANCED_FACE('',(#3952),#3940,.T.);
#3962=EDGE_CURVE('',#2231,#2228,#1677,.T.);
#3964=EDGE_CURVE('',#2228,#2229,#1682,.T.);
#3969=ADVANCED_FACE('',(#3968),#3958,.T.);
#3977=EDGE_CURVE('',#2231,#2225,#1691,.T.);
#3979=EDGE_CURVE('',#2224,#2225,#1700,.T.);
#3981=EDGE_CURVE('',#2224,#2229,#1695,.T.);
#3985=ADVANCED_FACE('',(#3984),#3974,.F.);
#3994=EDGE_CURVE('',#2225,#2224,#1705,.T.);
#3999=ADVANCED_FACE('',(#3998),#3990,.F.);
#4009=EDGE_CURVE('',#2221,#2219,#1710,.T.);
#4011=EDGE_CURVE('',#2219,#2221,#1715,.T.);
#4015=ADVANCED_FACE('',(#4008,#4014),#4004,.T.);
#4022=EDGE_CURVE('',#2216,#2219,#1719,.T.);
#4025=EDGE_CURVE('',#2217,#2221,#1723,.T.);
#4029=ADVANCED_FACE('',(#4028),#4020,.F.);
#4041=ADVANCED_FACE('',(#4040),#4034,.F.);
#4054=ADVANCED_FACE('',(#4053),#4046,.T.);
#4062=EDGE_CURVE('',#2435,#2212,#1731,.T.);
#4066=EDGE_CURVE('',#2208,#2433,#1735,.T.);
#4070=ADVANCED_FACE('',(#4069),#4059,.T.);
#4078=EDGE_CURVE('',#2213,#2601,#1739,.T.);
#4083=ADVANCED_FACE('',(#4082),#4075,.F.);
#4095=ADVANCED_FACE('',(#4094),#4088,.F.);
#4103=EDGE_CURVE('',#2437,#2206,#1747,.T.);
#4108=ADVANCED_FACE('',(#4107),#4100,.F.);
#4117=EDGE_CURVE('',#2204,#2439,#1751,.T.);
#4121=ADVANCED_FACE('',(#4120),#4113,.F.);
#4127=EDGE_CURVE('',#2441,#2202,#1759,.T.);
#4134=ADVANCED_FACE('',(#4133),#4126,.F.);
#4142=EDGE_CURVE('',#2198,#2445,#1755,.T.);
#4149=ADVANCED_FACE('',(#4148),#4139,.T.);
#4157=EDGE_CURVE('',#2446,#2197,#1767,.T.);
#4162=ADVANCED_FACE('',(#4161),#4154,.F.);
#4168=EDGE_CURVE('',#2195,#2448,#1763,.T.);
#4175=ADVANCED_FACE('',(#4174),#4167,.F.);
#4181=EDGE_CURVE('',#2450,#2193,#1775,.T.);
#4188=ADVANCED_FACE('',(#4187),#4180,.F.);
#4196=EDGE_CURVE('',#2189,#2454,#1771,.T.);
#4203=ADVANCED_FACE('',(#4202),#4193,.T.);
#4211=EDGE_CURVE('',#2455,#2188,#1783,.T.);
#4216=ADVANCED_FACE('',(#4215),#4208,.F.);
#4222=EDGE_CURVE('',#2186,#2457,#1779,.T.);
#4229=ADVANCED_FACE('',(#4228),#4221,.F.);
#4235=EDGE_CURVE('',#2459,#2184,#1791,.T.);
#4242=ADVANCED_FACE('',(#4241),#4234,.F.);
#4250=EDGE_CURVE('',#2180,#2463,#1787,.T.);
#4257=ADVANCED_FACE('',(#4256),#4247,.T.);
#4265=EDGE_CURVE('',#2464,#2179,#1799,.T.);
#4270=ADVANCED_FACE('',(#4269),#4262,.F.);
#4276=EDGE_CURVE('',#2177,#2466,#1795,.T.);
#4283=ADVANCED_FACE('',(#4282),#4275,.F.);
#4289=EDGE_CURVE('',#2468,#2175,#1807,.T.);
#4296=ADVANCED_FACE('',(#4295),#4288,.F.);
#4304=EDGE_CURVE('',#2171,#2472,#1803,.T.);
#4311=ADVANCED_FACE('',(#4310),#4301,.T.);
#4319=EDGE_CURVE('',#2473,#2170,#1815,.T.);
#4324=ADVANCED_FACE('',(#4323),#4316,.F.);
#4330=EDGE_CURVE('',#2168,#2475,#1811,.T.);
#4337=ADVANCED_FACE('',(#4336),#4329,.F.);
#4343=EDGE_CURVE('',#2477,#2166,#1823,.T.);
#4350=ADVANCED_FACE('',(#4349),#4342,.F.);
#4358=EDGE_CURVE('',#2162,#2481,#1819,.T.);
#4365=ADVANCED_FACE('',(#4364),#4355,.T.);
#4377=ADVANCED_FACE('',(#4376),#4370,.F.);
#4385=EDGE_CURVE('',#2491,#2152,#1831,.T.);
#4390=ADVANCED_FACE('',(#4389),#4382,.F.);
#4396=EDGE_CURVE('',#2150,#2493,#1827,.T.);
#4403=ADVANCED_FACE('',(#4402),#4395,.F.);
#4409=EDGE_CURVE('',#2495,#2148,#1839,.T.);
#4416=ADVANCED_FACE('',(#4415),#4408,.F.);
#4424=EDGE_CURVE('',#2144,#2499,#1835,.T.);
#4431=ADVANCED_FACE('',(#4430),#4421,.T.);
#4439=EDGE_CURVE('',#2500,#2143,#1847,.T.);
#4444=ADVANCED_FACE('',(#4443),#4436,.F.);
#4450=EDGE_CURVE('',#2141,#2502,#1843,.T.);
#4457=ADVANCED_FACE('',(#4456),#4449,.F.);
#4463=EDGE_CURVE('',#2504,#2139,#1855,.T.);
#4470=ADVANCED_FACE('',(#4469),#4462,.F.);
#4478=EDGE_CURVE('',#2135,#2508,#1851,.T.);
#4485=ADVANCED_FACE('',(#4484),#4475,.T.);
#4493=EDGE_CURVE('',#2509,#2134,#1863,.T.);
#4498=ADVANCED_FACE('',(#4497),#4490,.F.);
#4504=EDGE_CURVE('',#2132,#2511,#1859,.T.);
#4511=ADVANCED_FACE('',(#4510),#4503,.F.);
#4517=EDGE_CURVE('',#2513,#2130,#1871,.T.);
#4524=ADVANCED_FACE('',(#4523),#4516,.F.);
#4532=EDGE_CURVE('',#2126,#2517,#1867,.T.);
#4539=ADVANCED_FACE('',(#4538),#4529,.T.);
#4547=EDGE_CURVE('',#2518,#2125,#1879,.T.);
#4552=ADVANCED_FACE('',(#4551),#4544,.F.);
#4558=EDGE_CURVE('',#2123,#2520,#1875,.T.);
#4565=ADVANCED_FACE('',(#4564),#4557,.F.);
#4571=EDGE_CURVE('',#2522,#2121,#1887,.T.);
#4578=ADVANCED_FACE('',(#4577),#4570,.F.);
#4586=EDGE_CURVE('',#2117,#2526,#1883,.T.);
#4593=ADVANCED_FACE('',(#4592),#4583,.T.);
#4601=EDGE_CURVE('',#2527,#2116,#1895,.T.);
#4606=ADVANCED_FACE('',(#4605),#4598,.F.);
#4612=EDGE_CURVE('',#2114,#2529,#1891,.T.);
#4619=ADVANCED_FACE('',(#4618),#4611,.F.);
#4625=EDGE_CURVE('',#2531,#2112,#1903,.T.);
#4632=ADVANCED_FACE('',(#4631),#4624,.F.);
#4640=EDGE_CURVE('',#2108,#2535,#1899,.T.);
#4647=ADVANCED_FACE('',(#4646),#4637,.T.);
#4655=EDGE_CURVE('',#2029,#2031,#1911,.T.);
#4660=ADVANCED_FACE('',(#4659),#4652,.F.);
#4666=EDGE_CURVE('',#2026,#2027,#1907,.T.);
#4673=ADVANCED_FACE('',(#4672),#4665,.F.);
#4679=EDGE_CURVE('',#2034,#2035,#1919,.T.);
#4686=ADVANCED_FACE('',(#4685),#4678,.F.);
#4694=EDGE_CURVE('',#2038,#2041,#1915,.T.);
#4701=ADVANCED_FACE('',(#4700),#4691,.T.);
#4709=EDGE_CURVE('',#2536,#2107,#1927,.T.);
#4714=ADVANCED_FACE('',(#4713),#4706,.F.);
#4720=EDGE_CURVE('',#2105,#2538,#1923,.T.);
#4727=ADVANCED_FACE('',(#4726),#4719,.F.);
#4733=EDGE_CURVE('',#2540,#2103,#1935,.T.);
#4740=ADVANCED_FACE('',(#4739),#4732,.F.);
#4748=EDGE_CURVE('',#2099,#2544,#1931,.T.);
#4755=ADVANCED_FACE('',(#4754),#4745,.T.);
#4763=EDGE_CURVE('',#2545,#2098,#1943,.T.);
#4768=ADVANCED_FACE('',(#4767),#4760,.F.);
#4774=EDGE_CURVE('',#2096,#2547,#1939,.T.);
#4781=ADVANCED_FACE('',(#4780),#4773,.F.);
#4787=EDGE_CURVE('',#2549,#2094,#1951,.T.);
#4794=ADVANCED_FACE('',(#4793),#4786,.F.);
#4802=EDGE_CURVE('',#2090,#2553,#1947,.T.);
#4809=ADVANCED_FACE('',(#4808),#4799,.T.);
#4817=EDGE_CURVE('',#2554,#2089,#1959,.T.);
#4822=ADVANCED_FACE('',(#4821),#4814,.F.);
#4828=EDGE_CURVE('',#2087,#2556,#1955,.T.);
#4835=ADVANCED_FACE('',(#4834),#4827,.F.);
#4841=EDGE_CURVE('',#2558,#2085,#1967,.T.);
#4848=ADVANCED_FACE('',(#4847),#4840,.F.);
#4856=EDGE_CURVE('',#2081,#2562,#1963,.T.);
#4863=ADVANCED_FACE('',(#4862),#4853,.T.);
#4871=EDGE_CURVE('',#2563,#2080,#1975,.T.);
#4876=ADVANCED_FACE('',(#4875),#4868,.F.);
#4882=EDGE_CURVE('',#2078,#2565,#1971,.T.);
#4889=ADVANCED_FACE('',(#4888),#4881,.F.);
#4895=EDGE_CURVE('',#2567,#2076,#1983,.T.);
#4902=ADVANCED_FACE('',(#4901),#4894,.F.);
#4910=EDGE_CURVE('',#2072,#2571,#1979,.T.);
#4917=ADVANCED_FACE('',(#4916),#4907,.T.);
#4925=EDGE_CURVE('',#2572,#2071,#1991,.T.);
#4930=ADVANCED_FACE('',(#4929),#4922,.F.);
#4936=EDGE_CURVE('',#2069,#2574,#1987,.T.);
#4943=ADVANCED_FACE('',(#4942),#4935,.F.);
#4949=EDGE_CURVE('',#2576,#2067,#1999,.T.);
#4956=ADVANCED_FACE('',(#4955),#4948,.F.);
#4964=EDGE_CURVE('',#2063,#2580,#1995,.T.);
#4971=ADVANCED_FACE('',(#4970),#4961,.T.);
#4979=EDGE_CURVE('',#2581,#2062,#2007,.T.);
#4984=ADVANCED_FACE('',(#4983),#4976,.F.);
#4990=EDGE_CURVE('',#2060,#2583,#2003,.T.);
#4997=ADVANCED_FACE('',(#4996),#4989,.F.);
#5003=EDGE_CURVE('',#2585,#2058,#2015,.T.);
#5010=ADVANCED_FACE('',(#5009),#5002,.F.);
#5018=EDGE_CURVE('',#2054,#2589,#2011,.T.);
#5025=ADVANCED_FACE('',(#5024),#5015,.T.);
#5033=EDGE_CURVE('',#2590,#2053,#2023,.T.);
#5038=ADVANCED_FACE('',(#5037),#5030,.F.);
#5044=EDGE_CURVE('',#2051,#2592,#2019,.T.);
#5051=ADVANCED_FACE('',(#5050),#5043,.F.);
#5063=ADVANCED_FACE('',(#5062),#5056,.F.);
#5073=CIRCLE('',#5072,2.95E0);
#5078=CIRCLE('',#5077,2.95E0);
#5099=CIRCLE('',#5098,2.95E0);
#5104=CIRCLE('',#5103,2.95E0);
#5134=EDGE_CURVE('',#5126,#5115,#5086,.T.);
#5136=EDGE_CURVE('',#5126,#5128,#5068,.T.);
#5138=EDGE_CURVE('',#5120,#5128,#5108,.T.);
#5140=EDGE_CURVE('',#5115,#5120,#5090,.T.);
#5144=ADVANCED_FACE('',(#5143),#5133,.F.);
#5150=EDGE_CURVE('',#5115,#5116,#5073,.T.);
#5152=EDGE_CURVE('',#5116,#5118,#5078,.T.);
#5154=EDGE_CURVE('',#5118,#5126,#5082,.T.);
#5159=ADVANCED_FACE('',(#5158),#5149,.T.);
#5168=EDGE_CURVE('',#5124,#5120,#5104,.T.);
#5170=EDGE_CURVE('',#5123,#5124,#5099,.T.);
#5172=EDGE_CURVE('',#5123,#5118,#5094,.T.);
#5176=ADVANCED_FACE('',(#5175),#5164,.T.);
#5185=EDGE_CURVE('',#5128,#5123,#5112,.T.);
#5189=ADVANCED_FACE('',(#5188),#5181,.T.);
#5201=ADVANCED_FACE('',(#5200),#5194,.F.);
#5207=CIRCLE('',#5206,2.95E0);
#5212=CIRCLE('',#5211,2.95E0);
#5237=CIRCLE('',#5236,2.95E0);
#5242=CIRCLE('',#5241,2.95E0);
#5272=EDGE_CURVE('',#5253,#5254,#5216,.T.);
#5274=EDGE_CURVE('',#5256,#5253,#5228,.T.);
#5276=EDGE_CURVE('',#5258,#5256,#5250,.T.);
#5278=EDGE_CURVE('',#5254,#5258,#5232,.T.);
#5282=ADVANCED_FACE('',(#5281),#5271,.F.);
#5288=EDGE_CURVE('',#5261,#5262,#5207,.T.);
#5290=EDGE_CURVE('',#5262,#5253,#5212,.T.);
#5293=EDGE_CURVE('',#5254,#5261,#5220,.T.);
#5297=ADVANCED_FACE('',(#5296),#5287,.T.);
#5305=EDGE_CURVE('',#5261,#5264,#5224,.T.);
#5307=EDGE_CURVE('',#5266,#5264,#5242,.T.);
#5309=EDGE_CURVE('',#5256,#5266,#5237,.T.);
#5314=ADVANCED_FACE('',(#5313),#5302,.T.);
#5323=EDGE_CURVE('',#5264,#5258,#5246,.T.);
#5327=ADVANCED_FACE('',(#5326),#5319,.F.);
#5339=ADVANCED_FACE('',(#5338),#5332,.T.);
#5351=(GEOMETRIC_REPRESENTATION_CONTEXT(3)GLOBAL_UNCERTAINTY_ASSIGNED_CONTEXT((
#5350))GLOBAL_UNIT_ASSIGNED_CONTEXT((#5344,#5348,#5349))REPRESENTATION_CONTEXT(
'ID1','3'));
#5352=ADVANCED_BREP_SHAPE_REPRESENTATION('',(#5343),#5351);
#5359=PRODUCT_DEFINITION('part definition','',#5358,#5355);
#5360=PRODUCT_DEFINITION_SHAPE('','SHAPE FOR SJ-BB00-0025-TENARM-0716_27.',
#5359);
#5361=SHAPE_DEFINITION_REPRESENTATION(#5360,#5352);
ENDSEC;
END-ISO-10303-21;
