  0
SECTION
  2
HEADER
  9
$ACADVER
  1
AC1027
  9
$ACADMAINTVER
 70
   125
  9
$DWGCODEPAGE
  3
ANSI_936
  9
$LASTSAVEDBY
  1
kaley
  9
$REQUIREDVERSIONS
160
                 0
  9
$INSBASE
 10
0.0
 20
0.0
 30
0.0
  9
$EXTMIN
 10
0.0
 20
0.0
 30
0.0
  9
$EXTMAX
 10
420.0
 20
297.0
 30
0.0
  9
$LIMMIN
 10
0.0
 20
0.0
  9
$LIMMAX
 10
420.0
 20
297.0
  9
$ORTHOMODE
 70
     0
  9
$REGENMODE
 70
     1
  9
$FILLMODE
 70
     1
  9
$QTEXTMODE
 70
     0
  9
$MIRRTEXT
 70
     0
  9
$LTSCALE
 40
0.75
  9
$ATTMODE
 70
     1
  9
$TEXTSIZE
 40
3.5
  9
$TRACEWID
 40
1.0
  9
$TEXTSTYLE
  7
Standard
  9
$CLAYER
  8
0
  9
$CELTYPE
  6
ByLayer
  9
$CECOLOR
 62
   256
  9
$CELTSCALE
 40
1.0
  9
$DISPSILH
 70
     0
  9
$DIMSCALE
 40
1.0
  9
$DIMASZ
 40
3.5
  9
$DIMEXO
 40
2.1
  9
$DIMDLI
 40
10.5
  9
$DIMRND
 40
0.0
  9
$DIMDLE
 40
0.0
  9
$DIMEXE
 40
2.1
  9
$DIMTP
 40
0.1
  9
$DIMTM
 40
0.1
  9
$DIMTXT
 40
3.5
  9
$DIMCEN
 40
0.0
  9
$DIMTSZ
 40
0.0
  9
$DIMTOL
 70
     0
  9
$DIMLIM
 70
     0
  9
$DIMTIH
 70
     0
  9
$DIMTOH
 70
     0
  9
$DIMSE1
 70
     0
  9
$DIMSE2
 70
     0
  9
$DIMTAD
 70
     1
  9
$DIMZIN
 70
    12
  9
$DIMBLK
  1

  9
$DIMASO
 70
     1
  9
$DIMSHO
 70
     1
  9
$DIMPOST
  1

  9
$DIMAPOST
  1

  9
$DIMALT
 70
     0
  9
$DIMALTD
 70
     2
  9
$DIMALTF
 40
0.03937
  9
$DIMLFAC
 40
1.0
  9
$DIMTOFL
 70
     1
  9
$DIMTVP
 40
0.0
  9
$DIMTIX
 70
     0
  9
$DIMSOXD
 70
     0
  9
$DIMSAH
 70
     0
  9
$DIMBLK1
  1

  9
$DIMBLK2
  1

  9
$DIMSTYLE
  2
Dim-ISO-25
  9
$DIMCLRD
 70
     0
  9
$DIMCLRE
 70
     0
  9
$DIMCLRT
 70
     0
  9
$DIMTFAC
 40
0.714286
  9
$DIMGAP
 40
1.4
  9
$DIMJUST
 70
     0
  9
$DIMSD1
 70
     0
  9
$DIMSD2
 70
     0
  9
$DIMTOLJ
 70
     0
  9
$DIMTZIN
 70
    12
  9
$DIMALTZ
 70
    12
  9
$DIMALTTZ
 70
    12
  9
$DIMUPT
 70
     0
  9
$DIMDEC
 70
     2
  9
$DIMTDEC
 70
     2
  9
$DIMALTU
 70
     2
  9
$DIMALTTD
 70
     2
  9
$DIMTXSTY
  7
Standard
  9
$DIMAUNIT
 70
     0
  9
$DIMADEC
 70
     2
  9
$DIMALTRND
 40
0.0
  9
$DIMAZIN
 70
     3
  9
$DIMDSEP
 70
    46
  9
$DIMATFIT
 70
     3
  9
$DIMFRAC
 70
     0
  9
$DIMLDRBLK
  1

  9
$DIMLUNIT
 70
     2
  9
$DIMLWD
 70
    -2
  9
$DIMLWE
 70
    -2
  9
$DIMTMOVE
 70
     0
  9
$DIMFXL
 40
1.0
  9
$DIMFXLON
 70
     0
  9
$DIMJOGANG
 40
0.785398
  9
$DIMTFILL
 70
     0
  9
$DIMTFILLCLR
 70
     0
  9
$DIMARCSYM
 70
     0
  9
$DIMLTYPE
  6

  9
$DIMLTEX1
  6

  9
$DIMLTEX2
  6

  9
$DIMTXTDIRECTION
 70
     0
  9
$LUNITS
 70
     2
  9
$LUPREC
 70
     4
  9
$SKETCHINC
 40
1.0
  9
$FILLETRAD
 40
0.0
  9
$AUNITS
 70
     0
  9
$AUPREC
 70
     0
  9
$MENU
  1
.
  9
$ELEVATION
 40
0.0
  9
$PELEVATION
 40
0.0
  9
$THICKNESS
 40
0.0
  9
$LIMCHECK
 70
     0
  9
$CHAMFERA
 40
0.0
  9
$CHAMFERB
 40
0.0
  9
$CHAMFERC
 40
0.0
  9
$CHAMFERD
 40
0.0
  9
$SKPOLY
 70
     0
  9
$TDCREATE
 40
2461164.819432871
  9
$TDUCREATE
 40
2461164.486099537
  9
$TDUPDATE
 40
2461164.819432871
  9
$TDUUPDATE
 40
2461164.486099537
  9
$TDINDWG
 40
0.0000000000
  9
$TDUSRTIMER
 40
0.0000000000
  9
$USRTIMER
 70
     1
  9
$ANGBASE
 50
0.0
  9
$ANGDIR
 70
     0
  9
$PDMODE
 70
     0
  9
$PDSIZE
 40
0.0
  9
$PLINEWID
 40
0.0
  9
$SPLFRAME
 70
     0
  9
$SPLINETYPE
 70
     6
  9
$SPLINESEGS
 70
     8
  9
$HANDSEED
  5
19A4
  9
$SURFTAB1
 70
     6
  9
$SURFTAB2
 70
     6
  9
$SURFTYPE
 70
     6
  9
$SURFU
 70
     6
  9
$SURFV
 70
     6
  9
$UCSBASE
  2

  9
$UCSNAME
  2

  9
$UCSORG
 10
0.0
 20
0.0
 30
0.0
  9
$UCSXDIR
 10
1.0
 20
0.0
 30
0.0
  9
$UCSYDIR
 10
0.0
 20
1.0
 30
0.0
  9
$UCSORTHOREF
  2

  9
$UCSORTHOVIEW
 70
     0
  9
$UCSORGTOP
 10
0.0
 20
0.0
 30
0.0
  9
$UCSORGBOTTOM
 10
0.0
 20
0.0
 30
0.0
  9
$UCSORGLEFT
 10
0.0
 20
0.0
 30
0.0
  9
$UCSORGRIGHT
 10
0.0
 20
0.0
 30
0.0
  9
$UCSORGFRONT
 10
0.0
 20
0.0
 30
0.0
  9
$UCSORGBACK
 10
0.0
 20
0.0
 30
0.0
  9
$PUCSBASE
  2

  9
$PUCSNAME
  2

  9
$PUCSORG
 10
0.0
 20
0.0
 30
0.0
  9
$PUCSXDIR
 10
1.0
 20
0.0
 30
0.0
  9
$PUCSYDIR
 10
0.0
 20
1.0
 30
0.0
  9
$PUCSORTHOREF
  2

  9
$PUCSORTHOVIEW
 70
     0
  9
$PUCSORGTOP
 10
0.0
 20
0.0
 30
0.0
  9
$PUCSORGBOTTOM
 10
0.0
 20
0.0
 30
0.0
  9
$PUCSORGLEFT
 10
0.0
 20
0.0
 30
0.0
  9
$PUCSORGRIGHT
 10
0.0
 20
0.0
 30
0.0
  9
$PUCSORGFRONT
 10
0.0
 20
0.0
 30
0.0
  9
$PUCSORGBACK
 10
0.0
 20
0.0
 30
0.0
  9
$USERI1
 70
     0
  9
$USERI2
 70
     0
  9
$USERI3
 70
     0
  9
$USERI4
 70
     0
  9
$USERI5
 70
     0
  9
$USERR1
 40
0.0
  9
$USERR2
 40
0.0
  9
$USERR3
 40
0.0
  9
$USERR4
 40
0.0
  9
$USERR5
 40
0.0
  9
$WORLDVIEW
 70
     1
  9
$SHADEDGE
 70
     3
  9
$SHADEDIF
 70
    70
  9
$TILEMODE
 70
     1
  9
$MAXACTVP
 70
    64
  9
$PINSBASE
 10
0.0
 20
0.0
 30
0.0
  9
$PLIMCHECK
 70
     0
  9
$PEXTMIN
 10
1.000000E+20
 20
1.000000E+20
 30
1.000000E+20
  9
$PEXTMAX
 10
-1.000000E+20
 20
-1.000000E+20
 30
-1.000000E+20
  9
$PLIMMIN
 10
0.0
 20
0.0
  9
$PLIMMAX
 10
12.0
 20
9.0
  9
$UNITMODE
 70
     0
  9
$VISRETAIN
 70
     1
  9
$PLINEGEN
 70
     0
  9
$PSLTSCALE
 70
     1
  9
$TREEDEPTH
 70
  3020
  9
$CMLSTYLE
  2
Standard
  9
$CMLJUST
 70
     0
  9
$CMLSCALE
 40
20.0
  9
$PROXYGRAPHICS
 70
     1
  9
$MEASUREMENT
 70
     1
  9
$CELWEIGHT
370
    -1
  9
$ENDCAPS
280
     0
  9
$JOINSTYLE
280
     0
  9
$LWDISPLAY
290
     0
  9
$INSUNITS
 70
     4
  9
$HYPERLINKBASE
  1

  9
$STYLESHEET
  1

  9
$XEDIT
290
     1
  9
$CEPSNTYPE
380
     0
  9
$PSTYLEMODE
290
     1
  9
$FINGERPRINTGUID
  2
{F2CE863A-A623-FA49-9480-0B057181BF65}
  9
$VERSIONGUID
  2
{3E939327-32A6-4447-87F5-D4F804620974}
  9
$EXTNAMES
290
     1
  9
$PSVPSCALE
 40
0.0
  9
$OLESTARTUP
290
     0
  9
$SORTENTS
280
   127
  9
$INDEXCTL
280
     0
  9
$HIDETEXT
280
     1
  9
$XCLIPFRAME
280
     0
  9
$HALOGAP
280
     0
  9
$OBSCOLOR
 70
   257
  9
$OBSLTYPE
280
     0
  9
$INTERSECTIONDISPLAY
280
     0
  9
$INTERSECTIONCOLOR
 70
   257
  9
$DIMASSOC
280
     2
  9
$PROJECTNAME
  1

  9
$CAMERADISPLAY
290
     0
  9
$LENSLENGTH
 40
50.0
  9
$CAMERAHEIGHT
 40
0.0
  9
$STEPSPERSEC
 40
2.0
  9
$STEPSIZE
 40
6.0
  9
$3DDWFPREC
 40
2.0
  9
$PSOLWIDTH
 40
5.0
  9
$PSOLHEIGHT
 40
80.0
  9
$LOFTANG1
 40
1.570796
  9
$LOFTANG2
 40
1.570796
  9
$LOFTMAG1
 40
0.0
  9
$LOFTMAG2
 40
0.0
  9
$LOFTPARAM
 70
     7
  9
$LOFTNORMALS
280
     1
  9
$LATITUDE
 40
37.795
  9
$LONGITUDE
 40
-122.394
  9
$NORTHDIRECTION
 40
0.0
  9
$TIMEZONE
 70
 -8000
  9
$LIGHTGLYPHDISPLAY
280
     1
  9
$TILEMODELIGHTSYNCH
280
     1
  9
$CMATERIAL
347
11
  9
$SOLIDHIST
280
     0
  9
$SHOWHIST
280
     1
  9
$DWFFRAME
280
     2
  9
$DGNFRAME
280
     0
  9
$REALWORLDSCALE
290
     1
  9
$INTERFERECOLOR
 62
     1
  9
$INTERFEREOBJVS
345
33
  9
$INTERFEREVPVS
346
30
  9
$CSHADOW
280
     0
  9
$SHADOWPLANELOCATION
 40
0.0
  0
ENDSEC
  0
SECTION
  2
CLASSES
  0
CLASS
  1
ACDBDICTIONARYWDFLT
  2
AcDbDictionaryWithDefault
  3
ObjectDBX Classes
 90
        0
 91
        1
280
     0
281
     0
  0
CLASS
  1
MATERIAL
  2
AcDbMaterial
  3
ObjectDBX Classes
 90
     1153
 91
        3
280
     0
281
     0
  0
CLASS
  1
VISUALSTYLE
  2
AcDbVisualStyle
  3
ObjectDBX Classes
 90
     4095
 91
       24
280
     0
281
     0
  0
CLASS
  1
SCALE
  2
AcDbScale
  3
ObjectDBX Classes
 90
     1153
 91
       17
280
     0
281
     0
  0
CLASS
  1
TABLESTYLE
  2
AcDbTableStyle
  3
ObjectDBX Classes
 90
     4095
 91
        1
280
     0
281
     0
  0
CLASS
  1
MLEADERSTYLE
  2
AcDbMLeaderStyle
  3
ACDB_MLEADERSTYLE_CLASS
 90
     4095
 91
        2
280
     0
281
     0
  0
CLASS
  1
ACDBSECTIONVIEWSTYLE
  2
AcDbSectionViewStyle
  3
ObjectDBX Classes
 90
     1025
 91
        1
280
     0
281
     0
  0
CLASS
  1
ACDBDETAILVIEWSTYLE
  2
AcDbDetailViewStyle
  3
ObjectDBX Classes
 90
     1025
 91
        1
280
     0
281
     0
  0
CLASS
  1
ACMESCOPE
  2
AcMeScope
  3
AcMeServices
 90
     1024
 91
        1
280
     0
281
     0
  0
CLASS
  1
ACMECOMMANDHISTORY
  2
AcMeCommandHistory
  3
AcMeServices
 90
     1024
 91
        1
280
     0
281
     0
  0
CLASS
  1
ACIMSYSVARMAN
  2
AcImSysVarManager
  3
AcMeServices
 90
     1024
 91
        1
280
     0
281
     0
  0
CLASS
  1
ACIMINTSYSVAR
  2
AcImIntSysVar
  3
AcMeServices
 90
     1024
 91
        1
280
     0
281
     0
  0
CLASS
  1
ACMESTATEMGR
  2
AcMeStateMgr
  3
AcMeServices
 90
     1024
 91
        1
280
     0
281
     0
  0
CLASS
  1
ACGREFMASTER
  2
AcGrefMaster
  3
AcAttribServices
 90
     1024
 91
        1
280
     0
281
     0
  0
CLASS
  1
SORTENTSTABLE
  2
AcDbSortentsTable
  3
ObjectDBX Classes
 90
        0
 91
        3
280
     0
281
     0
  0
CLASS
  1
MULTILEADER
  2
AcDbMLeader
  3
ACDB_MLEADER_CLASS
 90
     1025
 91
        2
280
     0
281
     1
  0
CLASS
  1
DICTIONARYVAR
  2
AcDbDictionaryVar
  3
ObjectDBX Classes
 90
        0
 91
        6
280
     0
281
     0
  0
CLASS
  1
CELLSTYLEMAP
  2
AcDbCellStyleMap
  3
ObjectDBX Classes
 90
     1152
 91
        1
280
     0
281
     0
  0
ENDSEC
  0
SECTION
  2
TABLES
  0
TABLE
  2
VPORT
  5
8
330
0
100
AcDbSymbolTable
 70
     1
1001
ACAD
1000
DbSaveVer
1071
      428
  0
VPORT
  5
57
330
8
100
AcDbSymbolTableRecord
100
AcDbViewportTableRecord
  2
*Active
 70
     0
 10
0.0
 20
0.0
 11
1.0
 21
1.0
 12
210.0
 22
148.5
 13
0.0
 23
0.0
 14
0.5
 24
0.5
 15
0.0
 25
0.0
 16
0.0
 26
0.0
 36
1.0
 17
0.0
 27
0.0
 37
0.0
 40
297.0
 41
2.548198
 42
50.0
 43
0.0
 44
0.0
 50
0.0
 51
0.0
 71
     0
 72
 20000
 73
     1
 74
     0
 75
     0
 76
     0
 77
     0
 78
     0
281
     0
 65
     1
110
0.0
120
0.0
130
0.0
111
1.0
121
0.0
131
0.0
112
0.0
122
1.0
132
0.0
 79
     0
146
0.0
348
2F
 60
     3
 61
     5
292
     1
282
     1
141
0.0
142
0.0
 63
   250
421
  3355443
  0
ENDTAB
  0
TABLE
  2
LTYPE
  5
5
330
0
100
AcDbSymbolTable
 70
    15
  0
LTYPE
  5
5B
330
5
100
AcDbSymbolTableRecord
100
AcDbLinetypeTableRecord
  2
ByBlock
 70
     0
  3

 72
    65
 73
     0
 40
0.0
  0
LTYPE
  5
5C
330
5
100
AcDbSymbolTableRecord
100
AcDbLinetypeTableRecord
  2
ByLayer
 70
     0
  3

 72
    65
 73
     0
 40
0.0
  0
LTYPE
  5
5D
330
5
100
AcDbSymbolTableRecord
100
AcDbLinetypeTableRecord
  2
Continuous
 70
     0
  3
Solid line
 72
    65
 73
     0
 40
0.0
  0
LTYPE
  5
81
330
5
100
AcDbSymbolTableRecord
100
AcDbLinetypeTableRecord
  2
HIDDEN
 70
     0
  3
Hidden __ __ __ __ __ __ __ __ __ __ __ __ __ _
 72
    65
 73
     2
 40
9.525
 49
6.35
 74
     0
 49
-3.175
 74
     0
  0
LTYPE
  5
82
330
5
100
AcDbSymbolTableRecord
100
AcDbLinetypeTableRecord
  2
PHANTOM2
 70
     0
  3
Phantom (.5x) ___ _ _ ___ _ _ ___ _ _ ___ _ _
 72
    65
 73
     6
 40
31.75
 49
15.875
 74
     0
 49
-3.175
 74
     0
 49
3.175
 74
     0
 49
-3.175
 74
     0
 49
3.175
 74
     0
 49
-3.175
 74
     0
  0
LTYPE
  5
83
330
5
100
AcDbSymbolTableRecord
100
AcDbLinetypeTableRecord
  2
CENTER
 70
     0
  3
Center ____ _ ____ _ ____ _ ____ _ ____ _ ____
 72
    65
 73
     4
 40
50.8
 49
31.75
 74
     0
 49
-6.35
 74
     0
 49
6.35
 74
     0
 49
-6.35
 74
     0
  0
LTYPE
  5
9D
330
5
100
AcDbSymbolTableRecord
100
AcDbLinetypeTableRecord
  2
CENTER2
 70
     0
  3
Center (.5x) ___ _ ___ _ ___ _ ___ _ ___ _ ___
 72
    65
 73
     4
 40
28.575
 49
19.05
 74
     0
 49
-3.175
 74
     0
 49
3.175
 74
     0
 49
-3.175
 74
     0
  0
LTYPE
  5
9E
330
5
100
AcDbSymbolTableRecord
100
AcDbLinetypeTableRecord
  2
AM_ISO02W050
 70
     0
  3
__ __ __ __ __ __ __ __ __ __ __ __ __ __ __
 72
    65
 73
     2
 40
7.5
 49
6.0
 74
     0
 49
-1.5
 74
     0
  0
LTYPE
  5
9F
330
5
100
AcDbSymbolTableRecord
100
AcDbLinetypeTableRecord
  2
AM_ISO08W050
 70
     0
  3
____ . ____ . ____ . ____ . ____ . ____ . ____
 72
    65
 73
     4
 40
18.0
 49
12.0
 74
     0
 49
-1.5
 74
     0
 49
3.0
 74
     0
 49
-1.5
 74
     0
  0
LTYPE
  5
A0
330
5
100
AcDbSymbolTableRecord
100
AcDbLinetypeTableRecord
  2
AM_ISO09W050
 70
     0
  3
_____ . . _____ . . _____ . . ____ .. ____
 72
    65
 73
     6
 40
22.5
 49
12.0
 74
     0
 49
-1.5
 74
     0
 49
3.0
 74
     0
 49
-1.5
 74
     0
 49
3.0
 74
     0
 49
-1.5
 74
     0
  0
LTYPE
  5
A1
330
5
100
AcDbSymbolTableRecord
100
AcDbLinetypeTableRecord
  2
Amconstr
 70
     0
  3
_______________________
 72
    65
 73
     2
 40
9999.0
 49
9999.0
 74
     0
 49
0.0
 74
     0
  0
LTYPE
  5
A2
330
5
100
AcDbSymbolTableRecord
100
AcDbLinetypeTableRecord
  2
AM_ISO08W050x2
 70
     0
  3
__ . __ . __ . __ . __ . __
 72
    65
 73
     4
 40
9.0
 49
6.0
 74
     0
 49
-0.75
 74
     0
 49
1.5
 74
     0
 49
-0.75
 74
     0
  0
LTYPE
  5
A3
330
5
100
AcDbSymbolTableRecord
100
AcDbLinetypeTableRecord
  2
AM_ISO02W050x2
 70
     0
  3
 _ _ _ _ _ _ _ _ _ _ _ _
 72
    65
 73
     2
 40
3.75
 49
3.0
 74
     0
 49
-0.75
 74
     0
  0
LTYPE
  5
A4
330
5
100
AcDbSymbolTableRecord
100
AcDbLinetypeTableRecord
  2
Amzigzag
 70
     0
  3
/\/-/\/-/\/-/\/-/\/-/\/
 72
    65
 73
     2
 40
11.0001
 49
0.0001
 74
     4
 75
   136
340
9A
 46
0.04
 50
0.0
 44
0.0
 45
0.0
 49
-11.0
 74
     0
  0
LTYPE
  5
A5
330
5
100
AcDbSymbolTableRecord
100
AcDbLinetypeTableRecord
  2
ACISOWELD
 70
     0
  3
_ _ _ _ _
 72
    65
 73
     2
 40
2.0
 49
2.0
 74
     0
 49
-1.0
 74
     0
  0
LTYPE
  5
A6
330
5
100
AcDbSymbolTableRecord
100
AcDbLinetypeTableRecord
  2
ACISOTGL
 70
     0
  3
_ _ _ _ _
 72
    65
 73
     2
 40
3.0
 49
2.0
 74
     0
 49
-1.0
 74
     0
  0
LTYPE
  5
A7
330
5
100
AcDbSymbolTableRecord
100
AcDbLinetypeTableRecord
  2
ACISOTGB
 70
     0
  3
__ . . __ . .
 72
    65
 73
     6
 40
9.0
 49
4.0
 74
     0
 49
-1.0
 74
     0
 49
1.0
 74
     0
 49
-1.0
 74
     0
 49
1.0
 74
     0
 49
-1.0
 74
     0
  0
ENDTAB
  0
TABLE
  2
LAYER
  5
2
330
0
100
AcDbSymbolTable
 70
    11
  0
LAYER
  5
54
330
2
100
AcDbSymbolTableRecord
100
AcDbLayerTableRecord
  2
0
 70
     0
 62
     7
  6
Continuous
370
    -3
390
F
347
21
348
0
1001
AcAecLayerStandard
1000

1000

  0
LAYER
  5
79
330
2
100
AcDbSymbolTableRecord
100
AcDbLayerTableRecord
  2
Defpoints
 70
     0
 62
     7
  6
Continuous
290
     0
370
    -3
390
F
347
21
348
0
1001
AcAecLayerStandard
1000

1000

  0
LAYER
  5
B3
330
2
100
AcDbSymbolTableRecord
100
AcDbLayerTableRecord
  2
Visible
 70
     0
 62
     7
  6
Continuous
370
    50
390
F
347
21
348
0
  0
LAYER
  5
B6D
330
2
100
AcDbSymbolTableRecord
100
AcDbLayerTableRecord
  2
BORDER
 70
     0
 62
     7
  6
Continuous
370
    25
390
F
347
21
348
0
1001
AcAecLayerStandard
1000

1000

1001
AcCmTransparency
1071
        0
  0
LAYER
  5
BB3
330
2
100
AcDbSymbolTableRecord
100
AcDbLayerTableRecord
  2
TITLEBLOCK
 70
     0
 62
     7
  6
Continuous
370
    35
390
F
347
21
348
0
1001
AcAecLayerStandard
1000

1000

1001
AcCmTransparency
1071
        0
  0
LAYER
  5
BFF
330
2
100
AcDbSymbolTableRecord
100
AcDbLayerTableRecord
  2
FD_Dimensions
 70
     0
 62
     7
  6
Continuous
370
    25
390
F
347
21
348
0
  0
LAYER
  5
C51
330
2
100
AcDbSymbolTableRecord
100
AcDbLayerTableRecord
  2
Smart Centers
 70
     0
 62
     7
  6
CENTER2
370
    25
390
F
347
21
348
0
  0
LAYER
  5
CB0
330
2
100
AcDbSymbolTableRecord
100
AcDbLayerTableRecord
  2
Leaders
 70
     0
 62
     7
  6
Continuous
370
    25
390
F
347
21
348
0
  0
ENDTAB
  0
TABLE
  2
STYLE
  5
3
330
0
100
AcDbSymbolTable
 70
     5
  0
STYLE
  5
55
330
3
100
AcDbSymbolTableRecord
100
AcDbTextStyleTableRecord
  2
Standard
 70
     0
 40
0.0
 41
1.0
 50
0.0
 71
     0
 42
3.5
  3
arial.ttf
  4

1001
ACAD
1000
Arial
1071
       34
  0
STYLE
  5
5A
330
3
100
AcDbSymbolTableRecord
100
AcDbTextStyleTableRecord
  2
Annotative
 70
     0
 40
0.0
 41
1.0
 50
0.0
 71
     0
 42
0.2
  3
txt
  4

1001
AcadAnnotative
1000
AnnotativeData
1002
{
1070
     1
1070
     1
1002
}
  0
STYLE
  5
99
330
3
100
AcDbSymbolTableRecord
100
AcDbTextStyleTableRecord
  2
FusionTitle
 70
     0
 40
0.0
 41
1.0
 50
0.0
 71
     0
 42
2.5
  3
arial.ttf
  4

1001
ACAD
1000
Arial
1071
       34
  0
STYLE
  5
9A
330
3
100
AcDbSymbolTableRecord
100
AcDbTextStyleTableRecord
  2

 70
     1
 40
0.0
 41
1.0
 50
0.0
 71
     0
 42
10.0
  3
genltshp.shx
  4

  0
STYLE
  5
9B
330
3
100
AcDbSymbolTableRecord
100
AcDbTextStyleTableRecord
  2
ACISOGDT
 70
     0
 40
0.0
 41
1.0
 50
0.0
 71
     0
 42
10.0
  3
amgdt.shx
  4

  0
ENDTAB
  0
TABLE
  2
VIEW
  5
6
330
0
100
AcDbSymbolTable
 70
     0
  0
ENDTAB
  0
TABLE
  2
UCS
  5
7
330
0
100
AcDbSymbolTable
 70
     0
  0
ENDTAB
  0
TABLE
  2
APPID
  5
9
330
0
100
AcDbSymbolTable
 70
    26
  0
APPID
  5
56
330
9
100
AcDbSymbolTableRecord
100
AcDbRegAppTableRecord
  2
ACAD
 70
     0
  0
APPID
  5
5E
330
9
100
AcDbSymbolTableRecord
100
AcDbRegAppTableRecord
  2
AcadAnnotative
 70
     0
  0
APPID
  5
78
330
9
100
AcDbSymbolTableRecord
100
AcDbRegAppTableRecord
  2
ACAD_PSEXT
 70
     0
  0
APPID
  5
7A
330
9
100
AcDbSymbolTableRecord
100
AcDbRegAppTableRecord
  2
MCAD_NO_VIS
 70
     0
  0
APPID
  5
7B
330
9
100
AcDbSymbolTableRecord
100
AcDbRegAppTableRecord
  2
ACAD_TEMP_GRAPHIC
 70
     0
  0
APPID
  5
84
330
9
100
AcDbSymbolTableRecord
100
AcDbRegAppTableRecord
  2
ACAD_DSTYLE_DIMJAG
 70
     0
  0
APPID
  5
85
330
9
100
AcDbSymbolTableRecord
100
AcDbRegAppTableRecord
  2
ACAD_DSTYLE_DIMTALN
 70
     0
  0
APPID
  5
86
330
9
100
AcDbSymbolTableRecord
100
AcDbRegAppTableRecord
  2
ACAD_NAV_VCDISPLAY
 70
     0
  0
APPID
  5
87
330
9
100
AcDbSymbolTableRecord
100
AcDbRegAppTableRecord
  2
AcAecLayerStandard
 70
     0
  0
APPID
  5
88
330
9
100
AcDbSymbolTableRecord
100
AcDbRegAppTableRecord
  2
AcCmTransparency
 70
     0
  0
APPID
  5
89
330
9
100
AcDbSymbolTableRecord
100
AcDbRegAppTableRecord
  2
AcDbDynamicBlockGUID
 70
     0
  0
APPID
  5
8A
330
9
100
AcDbSymbolTableRecord
100
AcDbRegAppTableRecord
  2
ACAD_DSTYLE_DIMBREAK
 70
     0
  0
APPID
  5
8B
330
9
100
AcDbSymbolTableRecord
100
AcDbRegAppTableRecord
  2
ACAD_DSTYLE_DIMRADIAL_EXTENSION
 70
     0
  0
APPID
  5
8C
330
9
100
AcDbSymbolTableRecord
100
AcDbRegAppTableRecord
  2
ACAD_TC
 70
     0
  0
APPID
  5
8D
330
9
100
AcDbSymbolTableRecord
100
AcDbRegAppTableRecord
  2
FUSIONTITLEBLOCK
 70
     0
  0
APPID
  5
8E
330
9
100
AcDbSymbolTableRecord
100
AcDbRegAppTableRecord
  2
FUSIONCURRENTTITLEBLOCK
 70
     0
  0
APPID
  5
8F
330
9
100
AcDbSymbolTableRecord
100
AcDbRegAppTableRecord
  2
AcSynergy
 70
     0
  0
APPID
  5
90
330
9
100
AcDbSymbolTableRecord
100
AcDbRegAppTableRecord
  2
GENIUS_GENSCREG_15
 70
     0
  0
APPID
  5
91
330
9
100
AcDbSymbolTableRecord
100
AcDbRegAppTableRecord
  2
GENIUS_GENOBJ-N-SDF_13
 70
     0
  0
APPID
  5
92
330
9
100
AcDbSymbolTableRecord
100
AcDbRegAppTableRecord
  2
GENIUS_GENODEF_13
 70
     0
  0
APPID
  5
93
330
9
100
AcDbSymbolTableRecord
100
AcDbRegAppTableRecord
  2
ACAD_DIMASSOC_CALC_DIMLFAC
 70
     0
  0
APPID
  5
94
330
9
100
AcDbSymbolTableRecord
100
AcDbRegAppTableRecord
  2
ACAD_DIMASSOC_DIMLFAC
 70
     0
  0
APPID
  5
95
330
9
100
AcDbSymbolTableRecord
100
AcDbRegAppTableRecord
  2
ACAD_DIMASSOC_OVERRIDDEN_DIMLFAC
 70
     0
  0
APPID
  5
96
330
9
100
AcDbSymbolTableRecord
100
AcDbRegAppTableRecord
  2
ACAD_DSTYLE_DIMJAG_POSITION
 70
     0
  0
APPID
  5
97
330
9
100
AcDbSymbolTableRecord
100
AcDbRegAppTableRecord
  2
FUSIONTITLEBLOCKATTRIBUTEOVERRIDE
 70
     0
  0
APPID
  5
98
330
9
100
AcDbSymbolTableRecord
100
AcDbRegAppTableRecord
  2
ACATTRIBSERVICES
 70
     0
  0
ENDTAB
  0
TABLE
  2
DIMSTYLE
  5
A
330
0
100
AcDbSymbolTable
 70
     4
100
AcDbDimStyleTable
 71
     1
340
AB
  0
DIMSTYLE
105
58
330
A
100
AcDbSymbolTableRecord
100
AcDbDimStyleTableRecord
  2
Standard
 70
     0
 41
3.5
 42
2.1
 43
10.5
 44
2.1
 78
    12
 79
     3
140
3.5
143
0.03937
146
0.714286
147
1.4
179
     2
271
     2
272
     2
284
    12
340
55
  0
DIMSTYLE
105
59
330
A
100
AcDbSymbolTableRecord
100
AcDbDimStyleTableRecord
  2
Annotative
 70
     0
 40
0.0
 41
3.5
 42
2.1
 43
10.5
 44
2.1
 73
     0
 74
     0
 77
     1
 78
    12
 79
     3
140
3.5
141
2.5
143
0.03937
146
0.714286
147
1.4
171
     3
172
     1
179
     2
271
     2
272
     2
274
     3
278
    44
283
     0
284
    12
340
55
1001
AcadAnnotative
1000
AnnotativeData
1002
{
1070
     1
1070
     1
1002
}
  0
DIMSTYLE
105
AA
330
A
100
AcDbSymbolTableRecord
100
AcDbDimStyleTableRecord
  2
ISO-25
 70
     0
  4
in
 41
3.5
 42
2.1
 43
10.5
 44
2.1
 47
0.1
 48
0.1
 73
     0
 74
     0
 77
     1
 78
    12
 79
     3
140
3.5
141
0.0
143
0.03937
146
0.714286
147
1.4
171
     4
172
     1
176
   256
177
   256
178
   256
179
     2
271
     2
272
     2
274
     4
283
     0
284
    12
285
     8
340
55
1001
ACAD_DSTYLE_DIMJAG
1070
   388
1040
1.5
1001
ACAD_DSTYLE_DIMTALN
1070
   392
1070
     1
1001
ACAD_DSTYLE_DIMBREAK
1070
   391
1040
3.5
  0
DIMSTYLE
105
AB
102
{ACAD_REACTORS
330
BFE
330
C0E
330
C1B
330
C2A
330
C37
330
C44
330
CB2
330
CBE
330
D11
102
}
330
A
100
AcDbSymbolTableRecord
100
AcDbDimStyleTableRecord
  2
Dim-ISO-25
 70
     0
 41
3.5
 42
2.1
 43
10.5
 44
2.1
 47
0.1
 48
0.1
 73
     0
 74
     0
 77
     1
 78
    12
 79
     3
140
3.5
141
0.0
143
0.03937
146
0.714286
147
1.4
172
     1
179
     2
271
     2
272
     2
283
     0
284
    12
285
    12
286
    12
340
55
1001
ACAD_DSTYLE_DIMJAG
1070
   388
1040
1.5
1001
ACAD_DSTYLE_DIMTALN
1070
   392
1070
     1
1001
ACAD_DSTYLE_DIMBREAK
1070
   391
1040
3.5
  0
ENDTAB
  0
TABLE
  2
BLOCK_RECORD
  5
1
330
0
100
AcDbSymbolTable
 70
    40
  0
BLOCK_RECORD
  5
70
102
{ACAD_XDICTIONARY
360
AC
102
}
330
1
100
AcDbSymbolTableRecord
100
AcDbBlockTableRecord
  2
*Model_Space
340
73
 70
     0
280
     1
281
     0
  0
BLOCK_RECORD
  5
6C
330
1
100
AcDbSymbolTableRecord
100
AcDbBlockTableRecord
  2
*Paper_Space
340
6F
 70
     0
280
     1
281
     0
  0
BLOCK_RECORD
  5
74
330
1
100
AcDbSymbolTableRecord
100
AcDbBlockTableRecord
  2
*Paper_Space0
340
77
 70
     0
280
     1
281
     0
  0
BLOCK_RECORD
  5
B6E
102
{ACAD_XDICTIONARY
360
B6F
102
}
330
1
100
AcDbSymbolTableRecord
100
AcDbBlockTableRecord
  2
ISO_A3_SHEET
340
0
310
2800000020000000200000000100080000000000000400000000000000000000000000000000000000000000000080000080000000808000800000008000800080800000C0C0C000C0DCC000F0CAA6000020400000206000002080000020A0000020C0000020E00000400000004020000040400000406000004080000040A0
310
000040C0000040E00000600000006020000060400000606000006080000060A0000060C0000060E00000800000008020000080400000806000008080000080A0000080C0000080E00000A0000000A0200000A0400000A0600000A0800000A0A00000A0C00000A0E00000C0000000C0200000C0400000C0600000C0800000C0
310
A00000C0C00000C0E00000E0000000E0200000E0400000E0600000E0800000E0A00000E0C00000E0E00040000000400020004000400040006000400080004000A0004000C0004000E00040200000402020004020400040206000402080004020A0004020C0004020E000404000004040200040404000404060004040800040
310
40A0004040C0004040E00040600000406020004060400040606000406080004060A0004060C0004060E00040800000408020004080400040806000408080004080A0004080C0004080E00040A0000040A0200040A0400040A0600040A0800040A0A00040A0C00040A0E00040C0000040C0200040C0400040C0600040C08000
310
40C0A00040C0C00040C0E00040E0000040E0200040E0400040E0600040E0800040E0A00040E0C00040E0E00080000000800020008000400080006000800080008000A0008000C0008000E00080200000802020008020400080206000802080008020A0008020C0008020E00080400000804020008040400080406000804080
310
008040A0008040C0008040E00080600000806020008060400080606000806080008060A0008060C0008060E00080800000808020008080400080806000808080008080A0008080C0008080E00080A0000080A0200080A0400080A0600080A0800080A0A00080A0C00080A0E00080C0000080C0200080C0400080C0600080C0
310
800080C0A00080C0C00080C0E00080E0000080E0200080E0400080E0600080E0800080E0A00080E0C00080E0E000C0000000C0002000C0004000C0006000C0008000C000A000C000C000C000E000C0200000C0202000C0204000C0206000C0208000C020A000C020C000C020E000C0400000C0402000C0404000C0406000C0
310
408000C040A000C040C000C040E000C0600000C0602000C0604000C0606000C0608000C060A000C060C000C060E000C0800000C0802000C0804000C0806000C0808000C080A000C080C000C080E000C0A00000C0A02000C0A04000C0A06000C0A08000C0A0A000C0A0C000C0A0E000C0C00000C0C02000C0C04000C0C06000
310
C0C08000C0C0A000F0FBFF00A4A0A000808080000000FF0000FF000000FFFF00FF000000FF00FF00FFFF0000FFFFFF0049494949494949494949494949494949494949494949494949494949494949494949494949494949494949494949494949494949494949494949494949494949494949494949494949494949494949
310
494949494949494949494949494949494949494949494949494949494949494949494949494949494949494949494949494949494949494949494949494949494949494949494949494949494949494949494949494949494949494949494949494949494949494949494949494949494949FFFFFFFFFFFFFFFFFFFFFFFFFF
310
FFFFFFFFFFFFFFFFFFFFFFFFFFFFFFFFFF4949FF49FF494949494949494949494949FF494949494949494949494949FFFF49494949FF49494949494949494949494949494949494949494949494949FF49494949FFFF49494949494949494949494949494949494949494949494949FF4949494949FF494949494949494949
310
49494949494949494949494949494949FF4949494949FF49494949494949494949494949494949494949494949494949FF49494949FFFF49494949494949494949494949494949494949494949494949FF4949494949FF49494949494949494949494949494949494949494949494949FF4949494949FF4949494949494949
310
4949494949494949494949494949494949FF4949494949FF49494949494949494949494949494949494949494949494949FF49494949FFFF49494949494949494949494949494949494949494949494949FF4949494949FF49494949494949494949494949494949494949494949494949FF4949494949FF49494949494949
310
494949494949494949494949494949494949FF49494949FFFF49494949494949494949494949494949494949494949494949FF4949494949FF49494949494949494949494949494949494949494949494949FF4949494949FF49494949494949494949494949494949494949494949494949FF49494949FFFF494949494949
310
49494949494949494949494949494949494949FF4949494949FF49494949494949494949494949494949494949494949494949FF494949FF49FF494949494949494949494949FF494949494949494949494949FFFF4949FFFFFFFFFFFFFFFFFFFFFFFFFFFFFFFFFFFFFFFFFFFFFFFFFFFFFFFFFFFF49494949494949494949
310
49494949494949494949494949494949494949494949494949494949494949494949494949494949494949494949494949494949494949494949494949494949494949494949494949494949494949494949494949494949494949494949494949494949494949494949494949494949494949494949494949494949494949
310
4949494949494949494949494949494949494949494949494949494949494949494949494949494949494949494949494949494949494949
102
{BLKREFS
331
B6C
102
}
 70
     4
280
     1
281
     0
1001
AcDbDynamicBlockGUID
1000
{B4874B5E-8040-BF49-A9B6-B81412F7B0AC}
  0
BLOCK_RECORD
  5
BB4
102
{ACAD_XDICTIONARY
360
BB5
102
}
330
1
100
AcDbSymbolTableRecord
100
AcDbBlockTableRecord
  2
ISO_TITLEBLOCK
340
0
310
2800000020000000200000000100080000000000000400000000000000000000000000000000000000000000000080000080000000808000800000008000800080800000C0C0C000C0DCC000F0CAA6000020400000206000002080000020A0000020C0000020E00000400000004020000040400000406000004080000040A0
310
000040C0000040E00000600000006020000060400000606000006080000060A0000060C0000060E00000800000008020000080400000806000008080000080A0000080C0000080E00000A0000000A0200000A0400000A0600000A0800000A0A00000A0C00000A0E00000C0000000C0200000C0400000C0600000C0800000C0
310
A00000C0C00000C0E00000E0000000E0200000E0400000E0600000E0800000E0A00000E0C00000E0E00040000000400020004000400040006000400080004000A0004000C0004000E00040200000402020004020400040206000402080004020A0004020C0004020E000404000004040200040404000404060004040800040
310
40A0004040C0004040E00040600000406020004060400040606000406080004060A0004060C0004060E00040800000408020004080400040806000408080004080A0004080C0004080E00040A0000040A0200040A0400040A0600040A0800040A0A00040A0C00040A0E00040C0000040C0200040C0400040C0600040C08000
310
40C0A00040C0C00040C0E00040E0000040E0200040E0400040E0600040E0800040E0A00040E0C00040E0E00080000000800020008000400080006000800080008000A0008000C0008000E00080200000802020008020400080206000802080008020A0008020C0008020E00080400000804020008040400080406000804080
310
008040A0008040C0008040E00080600000806020008060400080606000806080008060A0008060C0008060E00080800000808020008080400080806000808080008080A0008080C0008080E00080A0000080A0200080A0400080A0600080A0800080A0A00080A0C00080A0E00080C0000080C0200080C0400080C0600080C0
310
800080C0A00080C0C00080C0E00080E0000080E0200080E0400080E0600080E0800080E0A00080E0C00080E0E000C0000000C0002000C0004000C0006000C0008000C000A000C000C000C000E000C0200000C0202000C0204000C0206000C0208000C020A000C020C000C020E000C0400000C0402000C0404000C0406000C0
310
408000C040A000C040C000C040E000C0600000C0602000C0604000C0606000C0608000C060A000C060C000C060E000C0800000C0802000C0804000C0806000C0808000C080A000C080C000C080E000C0A00000C0A02000C0A04000C0A06000C0A08000C0A0A000C0A0C000C0A0E000C0C00000C0C02000C0C04000C0C06000
310
C0C08000C0C0A000F0FBFF00A4A0A000808080000000FF0000FF000000FFFF00FF000000FF00FF00FFFF0000FFFFFF0049494949494949494949494949494949494949494949494949494949494949494949494949494949494949494949494949494949494949494949494949494949494949494949494949494949494949
310
49494949494949494949494949494949494949494949494949494949494949494949494949494949494949494949494949494949494949494949494949494949494949494949494949494949494949494949494949494949494949494949494949494949494949494949494949494949494949494949494949494949494949
310
49494949494949494949494949494949494949494949494949494949494949494949494949494949494949494949494949494949494949494949494949494949494949494949494949494949494949494949494949494949494949494949494949494949494949494949494949494949494949494949494949494949494949
310
49494949494949494949494949494949494949494949494949494949494949494949494949494949494949494949494949494949FFFFFFFFFFFFFFFFFFFFFFFFFFFFFFFFFFFFFFFFFFFFFFFFFFFFFF4949494949FF4949494949494949FFFFFFFFFF49494949FFFFFFFFFFFFFFFFFFFF49494949FF4949494949494949FFFF
310
FFFFFF494949FFFFFFFFFFFFFFFFFFFF4949494949FF4949494949494949FFFFFFFFFF494949FFFFFFFFFFFFFFFFFFFF4949494949FF4949494949494949FFFFFFFFFFFFFFFFFFFFFFFFFFFFFFFFFFFF4949494949FFFFFFFFFFFFFFFFFFFFFFFFFFFFFFFFFFFFFFFFFFFFFFFFFFFFFF4949494949FFFFFF49FFFFFFFFFFFF
310
FFFFFFFFFFFFFFFFFFFFFFFFFFFFFFFFFFFFFFFF4949FFFFFFFFFFFFFFFFFFFFFFFFFFFFFFFFFFFFFFFFFFFFFFFFFFFFFF494949494949494949494949494949494949494949494949494949494949494949494949494949494949494949494949494949494949494949494949494949494949494949494949494949494949
310
49494949494949494949494949494949494949494949494949494949494949494949494949494949494949494949494949494949494949494949494949494949494949494949494949494949494949494949494949494949494949494949494949494949494949494949494949494949494949494949494949494949494949
310
49494949494949494949494949494949494949494949494949494949494949494949494949494949494949494949494949494949494949494949494949494949494949494949494949494949494949494949494949494949494949494949494949494949494949494949494949494949494949494949494949494949494949
310
4949494949494949494949494949494949494949494949494949494949494949494949494949494949494949494949494949494949494949
102
{BLKREFS
331
BB2
102
}
 70
     4
280
     1
281
     0
1001
AcDbDynamicBlockGUID
1000
{BCD52D05-323A-B54A-8A21-1B84008CF9CB}
1001
FUSIONTITLEBLOCK
1000
TitleBlock
  0
BLOCK_RECORD
  5
C00
330
1
100
AcDbSymbolTableRecord
100
AcDbBlockTableRecord
  2
*D6
340
0
 70
     0
280
     1
281
     0
  0
BLOCK_RECORD
  5
C0F
330
1
100
AcDbSymbolTableRecord
100
AcDbBlockTableRecord
  2
*D7
340
0
 70
     0
280
     1
281
     0
  0
BLOCK_RECORD
  5
C1C
330
1
100
AcDbSymbolTableRecord
100
AcDbBlockTableRecord
  2
*D8
340
0
 70
     0
280
     1
281
     0
  0
BLOCK_RECORD
  5
C2B
330
1
100
AcDbSymbolTableRecord
100
AcDbBlockTableRecord
  2
*D9
340
0
 70
     0
280
     1
281
     0
  0
BLOCK_RECORD
  5
C38
330
1
100
AcDbSymbolTableRecord
100
AcDbBlockTableRecord
  2
*D10
340
0
 70
     0
280
     1
281
     0
  0
BLOCK_RECORD
  5
C45
330
1
100
AcDbSymbolTableRecord
100
AcDbBlockTableRecord
  2
*D11
340
0
 70
     0
280
     1
281
     0
  0
BLOCK_RECORD
  5
C55
330
1
100
AcDbSymbolTableRecord
100
AcDbBlockTableRecord
  2
*U12
340
0
102
{BLKREFS
331
C54
102
}
 70
     0
280
     1
281
     0
  0
BLOCK_RECORD
  5
C5F
330
1
100
AcDbSymbolTableRecord
100
AcDbBlockTableRecord
  2
*U13
340
0
102
{BLKREFS
331
C5E
102
}
 70
     0
280
     1
281
     0
  0
BLOCK_RECORD
  5
C69
330
1
100
AcDbSymbolTableRecord
100
AcDbBlockTableRecord
  2
*U14
340
0
102
{BLKREFS
331
C68
102
}
 70
     0
280
     1
281
     0
  0
BLOCK_RECORD
  5
C73
330
1
100
AcDbSymbolTableRecord
100
AcDbBlockTableRecord
  2
*U15
340
0
102
{BLKREFS
331
C72
102
}
 70
     0
280
     1
281
     0
  0
BLOCK_RECORD
  5
C7D
330
1
100
AcDbSymbolTableRecord
100
AcDbBlockTableRecord
  2
*U16
340
0
102
{BLKREFS
331
C7C
102
}
 70
     0
280
     1
281
     0
  0
BLOCK_RECORD
  5
C87
330
1
100
AcDbSymbolTableRecord
100
AcDbBlockTableRecord
  2
*U17
340
0
102
{BLKREFS
331
C86
102
}
 70
     0
280
     1
281
     0
  0
BLOCK_RECORD
  5
C91
330
1
100
AcDbSymbolTableRecord
100
AcDbBlockTableRecord
  2
*U18
340
0
102
{BLKREFS
331
C90
102
}
 70
     0
280
     1
281
     0
  0
BLOCK_RECORD
  5
C9B
330
1
100
AcDbSymbolTableRecord
100
AcDbBlockTableRecord
  2
*U19
340
0
102
{BLKREFS
331
C9A
102
}
 70
     0
280
     1
281
     0
  0
BLOCK_RECORD
  5
C52
330
1
100
AcDbSymbolTableRecord
100
AcDbBlockTableRecord
  2
*U20
340
0
102
{BLKREFS
331
C50
102
}
 70
     0
280
     1
281
     0
  0
BLOCK_RECORD
  5
CB3
330
1
100
AcDbSymbolTableRecord
100
AcDbBlockTableRecord
  2
*D21
340
0
 70
     0
280
     1
281
     0
  0
BLOCK_RECORD
  5
CBF
330
1
100
AcDbSymbolTableRecord
100
AcDbBlockTableRecord
  2
*D22
340
0
 70
     0
280
     1
281
     0
  0
BLOCK_RECORD
  5
CCE
330
1
100
AcDbSymbolTableRecord
100
AcDbBlockTableRecord
  2
*U23
340
0
102
{BLKREFS
331
CCD
102
}
 70
     0
280
     1
281
     0
  0
BLOCK_RECORD
  5
CD8
330
1
100
AcDbSymbolTableRecord
100
AcDbBlockTableRecord
  2
*U24
340
0
102
{BLKREFS
331
CD7
102
}
 70
     0
280
     1
281
     0
  0
BLOCK_RECORD
  5
CE2
330
1
100
AcDbSymbolTableRecord
100
AcDbBlockTableRecord
  2
*U25
340
0
102
{BLKREFS
331
CE1
102
}
 70
     0
280
     1
281
     0
  0
BLOCK_RECORD
  5
CEC
330
1
100
AcDbSymbolTableRecord
100
AcDbBlockTableRecord
  2
*U26
340
0
102
{BLKREFS
331
CEB
102
}
 70
     0
280
     1
281
     0
  0
BLOCK_RECORD
  5
CF6
330
1
100
AcDbSymbolTableRecord
100
AcDbBlockTableRecord
  2
*U27
340
0
102
{BLKREFS
331
CF5
102
}
 70
     0
280
     1
281
     0
  0
BLOCK_RECORD
  5
D00
330
1
100
AcDbSymbolTableRecord
100
AcDbBlockTableRecord
  2
*U28
340
0
102
{BLKREFS
331
CFF
102
}
 70
     0
280
     1
281
     0
  0
BLOCK_RECORD
  5
CCB
330
1
100
AcDbSymbolTableRecord
100
AcDbBlockTableRecord
  2
*U29
340
0
102
{BLKREFS
331
CCA
102
}
 70
     0
280
     1
281
     0
  0
BLOCK_RECORD
  5
D12
330
1
100
AcDbSymbolTableRecord
100
AcDbBlockTableRecord
  2
*D30
340
0
 70
     0
280
     1
281
     0
  0
BLOCK_RECORD
  5
D1F
330
1
100
AcDbSymbolTableRecord
100
AcDbBlockTableRecord
  2
*D31
340
0
 70
     0
280
     1
281
     0
  0
BLOCK_RECORD
  5
D2D
330
1
100
AcDbSymbolTableRecord
100
AcDbBlockTableRecord
  2
*D32
340
0
 70
     0
280
     1
281
     0
  0
BLOCK_RECORD
  5
D39
330
1
100
AcDbSymbolTableRecord
100
AcDbBlockTableRecord
  2
*D33
340
0
 70
     0
280
     1
281
     0
  0
BLOCK_RECORD
  5
D47
330
1
100
AcDbSymbolTableRecord
100
AcDbBlockTableRecord
  2
*D34
340
0
 70
     0
280
     1
281
     0
  0
BLOCK_RECORD
  5
D53
330
1
100
AcDbSymbolTableRecord
100
AcDbBlockTableRecord
  2
*D35
340
0
 70
     0
280
     1
281
     0
  0
BLOCK_RECORD
  5
D5F
330
1
100
AcDbSymbolTableRecord
100
AcDbBlockTableRecord
  2
*D36
340
0
 70
     0
280
     1
281
     0
  0
BLOCK_RECORD
  5
D6A
330
1
100
AcDbSymbolTableRecord
100
AcDbBlockTableRecord
  2
*D37
340
0
 70
     0
280
     1
281
     0
  0
BLOCK_RECORD
  5
D75
330
1
100
AcDbSymbolTableRecord
100
AcDbBlockTableRecord
  2
*D38
340
0
 70
     0
280
     1
281
     0
  0
BLOCK_RECORD
  5
D80
330
1
100
AcDbSymbolTableRecord
100
AcDbBlockTableRecord
  2
*D39
340
0
 70
     0
280
     1
281
     0
  0
ENDTAB
  0
ENDSEC
  0
SECTION
  2
BLOCKS
  0
BLOCK
  5
71
330
70
100
AcDbEntity
  8
0
100
AcDbBlockBegin
  2
*Model_Space
 70
     0
 10
0.0
 20
0.0
 30
0.0
  3
*Model_Space
  1

  0
ENDBLK
  5
72
330
70
100
AcDbEntity
  8
0
100
AcDbBlockEnd
  0
BLOCK
  5
6D
330
6C
100
AcDbEntity
 67
     1
  8
0
100
AcDbBlockBegin
  2
*Paper_Space
 70
     0
 10
0.0
 20
0.0
 30
0.0
  3
*Paper_Space
  1

  0
ENDBLK
  5
6E
330
6C
100
AcDbEntity
 67
     1
  8
0
100
AcDbBlockEnd
  0
BLOCK
  5
75
330
74
100
AcDbEntity
 67
     1
  8
0
100
AcDbBlockBegin
  2
*Paper_Space0
 70
     0
 10
0.0
 20
0.0
 30
0.0
  3
*Paper_Space0
  1

  0
ENDBLK
  5
76
330
74
100
AcDbEntity
 67
     1
  8
0
100
AcDbBlockEnd
  0
BLOCK
  5
B70
330
B6E
100
AcDbEntity
  8
0
100
AcDbBlockBegin
  2
ISO_A3_SHEET
 70
     0
 10
0.0
 20
0.0
 30
0.0
  3
ISO_A3_SHEET
  1

  0
LINE
  5
B71
330
B6E
100
AcDbEntity
  8
Defpoints
100
AcDbLine
 10
0.0
 20
0.0
 30
0.0
 11
15.0
 21
0.0
 31
0.0
  0
LINE
  5
B72
330
B6E
100
AcDbEntity
  8
Defpoints
100
AcDbLine
 10
405.0
 20
0.0
 30
0.0
 11
420.0
 21
0.0
 31
0.0
  0
LINE
  5
B73
330
B6E
100
AcDbEntity
  8
BORDER
100
AcDbLine
 10
20.0
 20
10.0
 30
0.0
 11
410.0
 21
10.0
 31
0.0
  0
LINE
  5
B74
330
B6E
100
AcDbEntity
  8
Defpoints
100
AcDbLine
 10
420.0
 20
0.0
 30
0.0
 11
420.0
 21
15.0
 31
0.0
  0
LINE
  5
B75
330
B6E
100
AcDbEntity
  8
Defpoints
100
AcDbLine
 10
420.0
 20
282.0
 30
0.0
 11
420.0
 21
297.0
 31
0.0
  0
LINE
  5
B76
330
B6E
100
AcDbEntity
  8
Defpoints
100
AcDbLine
 10
420.0
 20
297.0
 30
0.0
 11
405.0
 21
297.0
 31
0.0
  0
LINE
  5
B77
330
B6E
100
AcDbEntity
  8
Defpoints
100
AcDbLine
 10
15.0
 20
297.0
 30
0.0
 11
0.0
 21
297.0
 31
0.0
  0
LINE
  5
B78
330
B6E
100
AcDbEntity
  8
BORDER
100
AcDbLine
 10
410.0
 20
287.0
 30
0.0
 11
20.0
 21
287.0
 31
0.0
  0
LINE
  5
B79
330
B6E
100
AcDbEntity
  8
Defpoints
100
AcDbLine
 10
0.0
 20
297.0
 30
0.0
 11
0.0
 21
282.0
 31
0.0
  0
LINE
  5
B7A
330
B6E
100
AcDbEntity
  8
Defpoints
100
AcDbLine
 10
0.0
 20
15.0
 30
0.0
 11
0.0
 21
0.0
 31
0.0
  0
LINE
  5
B7B
330
B6E
100
AcDbEntity
  8
BORDER
100
AcDbLine
 10
20.0
 20
287.0
 30
0.0
 11
20.0
 21
10.0
 31
0.0
  0
LINE
  5
B7C
330
B6E
100
AcDbEntity
  8
BORDER
100
AcDbLine
 10
410.0
 20
287.0
 30
0.0
 11
410.0
 21
10.0
 31
0.0
  0
LINE
  5
B7D
330
B6E
100
AcDbEntity
  8
BORDER
100
AcDbLine
 10
215.0
 20
5.0
 30
0.0
 11
215.0
 21
15.0
 31
0.0
  0
LINE
  5
B7E
330
B6E
100
AcDbEntity
  8
BORDER
100
AcDbLine
 10
215.0
 20
292.0
 30
0.0
 11
215.0
 21
282.0
 31
0.0
  0
LINE
  5
B7F
330
B6E
100
AcDbEntity
  8
BORDER
100
AcDbLine
 10
265.0
 20
292.0
 30
0.0
 11
265.0
 21
287.0
 31
0.0
  0
LINE
  5
B80
330
B6E
100
AcDbEntity
  8
BORDER
100
AcDbLine
 10
315.0
 20
292.0
 30
0.0
 11
315.0
 21
287.0
 31
0.0
  0
LINE
  5
B81
330
B6E
100
AcDbEntity
  8
BORDER
100
AcDbLine
 10
365.0
 20
292.0
 30
0.0
 11
365.0
 21
287.0
 31
0.0
  0
LINE
  5
B82
330
B6E
100
AcDbEntity
  8
BORDER
100
AcDbLine
 10
165.0
 20
292.0
 30
0.0
 11
165.0
 21
287.0
 31
0.0
  0
LINE
  5
B83
330
B6E
100
AcDbEntity
  8
BORDER
100
AcDbLine
 10
115.0
 20
292.0
 30
0.0
 11
115.0
 21
287.0
 31
0.0
  0
LINE
  5
B84
330
B6E
100
AcDbEntity
  8
BORDER
100
AcDbLine
 10
65.0
 20
292.0
 30
0.0
 11
65.0
 21
287.0
 31
0.0
  0
LINE
  5
B85
330
B6E
100
AcDbEntity
  8
BORDER
100
AcDbLine
 10
15.0
 20
148.5
 30
0.0
 11
25.0
 21
148.5
 31
0.0
  0
LINE
  5
B86
330
B6E
100
AcDbEntity
  8
BORDER
100
AcDbLine
 10
15.0
 20
100.66667
 30
0.0
 11
20.0
 21
100.66667
 31
0.0
  0
LINE
  5
B87
330
B6E
100
AcDbEntity
  8
BORDER
100
AcDbLine
 10
15.0
 20
52.83334
 30
0.0
 11
20.0
 21
52.83334
 31
0.0
  0
LINE
  5
B88
330
B6E
100
AcDbEntity
  8
BORDER
100
AcDbLine
 10
15.0
 20
196.33333
 30
0.0
 11
20.0
 21
196.33333
 31
0.0
  0
LINE
  5
B89
330
B6E
100
AcDbEntity
  8
BORDER
100
AcDbLine
 10
15.0
 20
244.16666
 30
0.0
 11
20.0
 21
244.16666
 31
0.0
  0
LINE
  5
B8A
330
B6E
100
AcDbEntity
  8
BORDER
100
AcDbLine
 10
415.0
 20
148.5
 30
0.0
 11
405.0
 21
148.5
 31
0.0
  0
LINE
  5
B8B
330
B6E
100
AcDbEntity
  8
BORDER
100
AcDbLine
 10
265.0
 20
5.0
 30
0.0
 11
265.0
 21
10.0
 31
0.0
  0
LINE
  5
B8C
330
B6E
100
AcDbEntity
  8
BORDER
100
AcDbLine
 10
315.0
 20
5.0
 30
0.0
 11
315.0
 21
10.0
 31
0.0
  0
LINE
  5
B8D
330
B6E
100
AcDbEntity
  8
BORDER
100
AcDbLine
 10
365.0
 20
5.0
 30
0.0
 11
365.0
 21
10.0
 31
0.0
  0
LINE
  5
B8E
330
B6E
100
AcDbEntity
  8
BORDER
100
AcDbLine
 10
165.0
 20
5.0
 30
0.0
 11
165.0
 21
10.0
 31
0.0
  0
LINE
  5
B8F
330
B6E
100
AcDbEntity
  8
BORDER
100
AcDbLine
 10
115.0
 20
5.0
 30
0.0
 11
115.0
 21
10.0
 31
0.0
  0
LINE
  5
B90
330
B6E
100
AcDbEntity
  8
BORDER
100
AcDbLine
 10
65.0
 20
5.0
 30
0.0
 11
65.0
 21
10.0
 31
0.0
  0
LINE
  5
B91
330
B6E
100
AcDbEntity
  8
BORDER
100
AcDbLine
 10
415.0
 20
100.66667
 30
0.0
 11
410.0
 21
100.66667
 31
0.0
  0
LINE
  5
B92
330
B6E
100
AcDbEntity
  8
BORDER
100
AcDbLine
 10
415.0
 20
52.83334
 30
0.0
 11
410.0
 21
52.83334
 31
0.0
  0
LINE
  5
B93
330
B6E
100
AcDbEntity
  8
BORDER
100
AcDbLine
 10
415.0
 20
196.33333
 30
0.0
 11
410.0
 21
196.33333
 31
0.0
  0
LINE
  5
B94
330
B6E
100
AcDbEntity
  8
BORDER
100
AcDbLine
 10
415.0
 20
244.16666
 30
0.0
 11
410.0
 21
244.16666
 31
0.0
  0
TEXT
  5
B95
330
B6E
100
AcDbEntity
  8
BORDER
100
AcDbText
 10
39.02882
 20
288.244884
 30
0.0
 40
2.5
  1
1
  7
FusionTitle
 72
     4
 11
40.0
 21
289.5
 31
0.0
100
AcDbText
  0
TEXT
  5
B96
330
B6E
100
AcDbEntity
  8
BORDER
100
AcDbText
 10
16.335266
 20
266.83333
 30
0.0
 40
2.5
  1
A
  7
FusionTitle
 72
     4
 11
17.5
 21
268.08333
 31
0.0
100
AcDbText
  0
TEXT
  5
B97
330
B6E
100
AcDbEntity
  8
BORDER
100
AcDbText
 10
89.02882
 20
288.244884
 30
0.0
 40
2.5
  1
2
  7
FusionTitle
 72
     4
 11
90.0
 21
289.5
 31
0.0
100
AcDbText
  0
TEXT
  5
B98
330
B6E
100
AcDbEntity
  8
BORDER
100
AcDbText
 10
139.02882
 20
288.267053
 30
0.0
 40
2.5
  1
3
  7
FusionTitle
 72
     4
 11
140.0
 21
289.5
 31
0.0
100
AcDbText
  0
TEXT
  5
B99
330
B6E
100
AcDbEntity
  8
BORDER
100
AcDbText
 10
189.02882
 20
288.25
 30
0.0
 40
2.5
  1
4
  7
FusionTitle
 72
     4
 11
190.0
 21
289.5
 31
0.0
100
AcDbText
  0
TEXT
  5
B9A
330
B6E
100
AcDbEntity
  8
BORDER
100
AcDbText
 10
239.02882
 20
288.28837
 30
0.0
 40
2.5
  1
5
  7
FusionTitle
 72
     4
 11
240.0
 21
289.5
 31
0.0
100
AcDbText
  0
TEXT
  5
B9B
330
B6E
100
AcDbEntity
  8
BORDER
100
AcDbText
 10
289.02882
 20
288.266201
 30
0.0
 40
2.5
  1
6
  7
FusionTitle
 72
     4
 11
290.0
 21
289.5
 31
0.0
100
AcDbText
  0
TEXT
  5
B9C
330
B6E
100
AcDbEntity
  8
BORDER
100
AcDbText
 10
339.02882
 20
288.266201
 30
0.0
 40
2.5
  1
7
  7
FusionTitle
 72
     4
 11
340.0
 21
289.5
 31
0.0
100
AcDbText
  0
TEXT
  5
B9D
330
B6E
100
AcDbEntity
  8
BORDER
100
AcDbText
 10
389.02882
 20
288.266201
 30
0.0
 40
2.5
  1
8
  7
FusionTitle
 72
     4
 11
390.0
 21
289.5
 31
0.0
100
AcDbText
  0
TEXT
  5
B9E
330
B6E
100
AcDbEntity
  8
BORDER
100
AcDbText
 10
39.02882
 20
6.244884
 30
0.0
 40
2.5
  1
1
  7
FusionTitle
 72
     4
 11
40.0
 21
7.5
 31
0.0
100
AcDbText
  0
TEXT
  5
B9F
330
B6E
100
AcDbEntity
  8
BORDER
100
AcDbText
 10
89.02882
 20
6.244884
 30
0.0
 40
2.5
  1
2
  7
FusionTitle
 72
     4
 11
90.0
 21
7.5
 31
0.0
100
AcDbText
  0
TEXT
  5
BA0
330
B6E
100
AcDbEntity
  8
BORDER
100
AcDbText
 10
139.02882
 20
6.267053
 30
0.0
 40
2.5
  1
3
  7
FusionTitle
 72
     4
 11
140.0
 21
7.5
 31
0.0
100
AcDbText
  0
TEXT
  5
BA1
330
B6E
100
AcDbEntity
  8
BORDER
100
AcDbText
 10
189.02882
 20
6.25
 30
0.0
 40
2.5
  1
4
  7
FusionTitle
 72
     4
 11
190.0
 21
7.5
 31
0.0
100
AcDbText
  0
TEXT
  5
BA2
330
B6E
100
AcDbEntity
  8
BORDER
100
AcDbText
 10
239.02882
 20
6.28837
 30
0.0
 40
2.5
  1
5
  7
FusionTitle
 72
     4
 11
240.0
 21
7.5
 31
0.0
100
AcDbText
  0
TEXT
  5
BA3
330
B6E
100
AcDbEntity
  8
BORDER
100
AcDbText
 10
289.02882
 20
6.266201
 30
0.0
 40
2.5
  1
6
  7
FusionTitle
 72
     4
 11
290.0
 21
7.5
 31
0.0
100
AcDbText
  0
TEXT
  5
BA4
330
B6E
100
AcDbEntity
  8
BORDER
100
AcDbText
 10
339.02882
 20
6.266201
 30
0.0
 40
2.5
  1
7
  7
FusionTitle
 72
     4
 11
340.0
 21
7.5
 31
0.0
100
AcDbText
  0
TEXT
  5
BA5
330
B6E
100
AcDbEntity
  8
BORDER
100
AcDbText
 10
389.02882
 20
6.266201
 30
0.0
 40
2.5
  1
8
  7
FusionTitle
 72
     4
 11
390.0
 21
7.5
 31
0.0
100
AcDbText
  0
TEXT
  5
BA6
330
B6E
100
AcDbEntity
  8
BORDER
100
AcDbText
 10
16.335266
 20
219.0
 30
0.0
 40
2.5
  1
B
  7
FusionTitle
 72
     4
 11
17.5
 21
220.25
 31
0.0
100
AcDbText
  0
TEXT
  5
BA7
330
B6E
100
AcDbEntity
  8
BORDER
100
AcDbText
 10
16.238915
 20
171.16667
 30
0.0
 40
2.5
  1
C
  7
FusionTitle
 72
     4
 11
17.5
 21
172.41667
 31
0.0
100
AcDbText
  0
TEXT
  5
BA8
330
B6E
100
AcDbEntity
  8
BORDER
100
AcDbText
 10
16.238915
 20
123.33334
 30
0.0
 40
2.5
  1
D
  7
FusionTitle
 72
     4
 11
17.5
 21
124.58334
 31
0.0
100
AcDbText
  0
TEXT
  5
BA9
330
B6E
100
AcDbEntity
  8
BORDER
100
AcDbText
 10
16.335266
 20
75.50001
 30
0.0
 40
2.5
  1
E
  7
FusionTitle
 72
     4
 11
17.5
 21
76.75001
 31
0.0
100
AcDbText
  0
TEXT
  5
BAA
330
B6E
100
AcDbEntity
  8
BORDER
100
AcDbText
 10
16.433322
 20
27.66668
 30
0.0
 40
2.5
  1
F
  7
FusionTitle
 72
     4
 11
17.5
 21
28.91668
 31
0.0
100
AcDbText
  0
TEXT
  5
BAB
330
B6E
100
AcDbEntity
  8
BORDER
100
AcDbText
 10
411.335266
 20
266.83333
 30
0.0
 40
2.5
  1
A
  7
FusionTitle
 72
     4
 11
412.5
 21
268.08333
 31
0.0
100
AcDbText
  0
TEXT
  5
BAC
330
B6E
100
AcDbEntity
  8
BORDER
100
AcDbText
 10
411.335266
 20
219.0
 30
0.0
 40
2.5
  1
B
  7
FusionTitle
 72
     4
 11
412.5
 21
220.25
 31
0.0
100
AcDbText
  0
TEXT
  5
BAD
330
B6E
100
AcDbEntity
  8
BORDER
100
AcDbText
 10
411.238915
 20
171.16667
 30
0.0
 40
2.5
  1
C
  7
FusionTitle
 72
     4
 11
412.5
 21
172.41667
 31
0.0
100
AcDbText
  0
TEXT
  5
BAE
330
B6E
100
AcDbEntity
  8
BORDER
100
AcDbText
 10
411.238915
 20
123.33334
 30
0.0
 40
2.5
  1
D
  7
FusionTitle
 72
     4
 11
412.5
 21
124.58334
 31
0.0
100
AcDbText
  0
TEXT
  5
BAF
330
B6E
100
AcDbEntity
  8
BORDER
100
AcDbText
 10
411.335266
 20
75.50001
 30
0.0
 40
2.5
  1
E
  7
FusionTitle
 72
     4
 11
412.5
 21
76.75001
 31
0.0
100
AcDbText
  0
TEXT
  5
BB0
330
B6E
100
AcDbEntity
  8
BORDER
100
AcDbText
 10
411.433322
 20
27.66668
 30
0.0
 40
2.5
  1
F
  7
FusionTitle
 72
     4
 11
412.5
 21
28.91668
 31
0.0
100
AcDbText
  0
ENDBLK
  5
BB1
330
B6E
100
AcDbEntity
  8
0
100
AcDbBlockEnd
  0
BLOCK
  5
BB7
330
BB4
100
AcDbEntity
  8
0
100
AcDbBlockBegin
  2
ISO_TITLEBLOCK
 70
     2
 10
0.0
 20
0.0
 30
0.0
  3
ISO_TITLEBLOCK
  1

  0
LINE
  5
BB8
330
BB4
100
AcDbEntity
  8
TITLEBLOCK
100
AcDbLine
 10
-180.0
 20
0.0
 30
0.0
 11
0.0
 21
0.0
 31
0.0
  0
LINE
  5
BB9
330
BB4
100
AcDbEntity
  8
TITLEBLOCK
100
AcDbLine
 10
-61.0
 20
10.0
 30
0.0
 11
0.0
 21
10.0
 31
0.0
  0
LINE
  5
BBA
330
BB4
100
AcDbEntity
  8
TITLEBLOCK
100
AcDbLine
 10
-122.0
 20
27.0
 30
0.0
 11
0.0
 21
27.0
 31
0.0
  0
LINE
  5
BBB
330
BB4
100
AcDbEntity
  8
TITLEBLOCK
100
AcDbLine
 10
-180.0
 20
37.0
 30
0.0
 11
0.0
 21
37.0
 31
0.0
  0
LINE
  5
BBC
330
BB4
100
AcDbEntity
  8
TITLEBLOCK
100
AcDbLine
 10
0.0
 20
0.0
 30
0.0
 11
0.0
 21
47.0
 31
0.0
  0
LINE
  5
BBD
330
BB4
100
AcDbEntity
  8
TITLEBLOCK
100
AcDbLine
 10
-15.0
 20
0.0
 30
0.0
 11
-15.0
 21
10.0
 31
0.0
  0
LINE
  5
BBE
330
BB4
100
AcDbEntity
  8
TITLEBLOCK
100
AcDbLine
 10
-51.0
 20
0.0
 30
0.0
 11
-51.0
 21
10.0
 31
0.0
  0
LINE
  5
BBF
330
BB4
100
AcDbEntity
  8
TITLEBLOCK
100
AcDbLine
 10
-61.0
 20
0.0
 30
0.0
 11
-61.0
 21
47.0
 31
0.0
  0
LINE
  5
BC0
330
BB4
100
AcDbEntity
  8
TITLEBLOCK
100
AcDbLine
 10
-122.0
 20
0.0
 30
0.0
 11
-122.0
 21
47.0
 31
0.0
  0
LINE
  5
BC1
330
BB4
100
AcDbEntity
  8
TITLEBLOCK
100
AcDbLine
 10
-156.0
 20
37.0
 30
0.0
 11
-156.0
 21
47.0
 31
0.0
  0
LINE
  5
BC2
330
BB4
100
AcDbEntity
  8
TITLEBLOCK
100
AcDbLine
 10
0.0
 20
47.0
 30
0.0
 11
-180.0
 21
47.0
 31
0.0
  0
LINE
  5
BC3
330
BB4
100
AcDbEntity
  8
TITLEBLOCK
100
AcDbLine
 10
-180.0
 20
47.0
 30
0.0
 11
-180.0
 21
0.0
 31
0.0
  0
TEXT
  5
BC4
330
BB4
100
AcDbEntity
  8
TITLEBLOCK
100
AcDbText
 10
-179.0
 20
44.2
 30
0.0
 40
1.8
  1
Dept.
  7
FusionTitle
 11
-179.0
 21
46.0
 31
0.0
100
AcDbText
 73
     3
  0
TEXT
  5
BC5
330
BB4
100
AcDbEntity
  8
TITLEBLOCK
100
AcDbText
 10
-155.0
 20
44.2
 30
0.0
 40
1.8
  1
Technical reference
  7
FusionTitle
 11
-155.0
 21
46.0
 31
0.0
100
AcDbText
 73
     3
  0
TEXT
  5
BC6
330
BB4
100
AcDbEntity
  8
TITLEBLOCK
100
AcDbText
 10
-121.0
 20
44.2
 30
0.0
 40
1.8
  1
Created by
  7
FusionTitle
 11
-121.0
 21
46.0
 31
0.0
100
AcDbText
 73
     3
  0
TEXT
  5
BC7
330
BB4
100
AcDbEntity
  8
TITLEBLOCK
100
AcDbText
 10
-60.0
 20
44.2
 30
0.0
 40
1.8
  1
Approved by
  7
FusionTitle
 11
-60.0
 21
46.0
 31
0.0
100
AcDbText
 73
     3
  0
TEXT
  5
BC8
330
BB4
100
AcDbEntity
  8
TITLEBLOCK
100
AcDbText
 10
-121.0
 20
34.2
 30
0.0
 40
1.8
  1
Document type
  7
FusionTitle
 11
-121.0
 21
36.0
 31
0.0
100
AcDbText
 73
     3
  0
TEXT
  5
BC9
330
BB4
100
AcDbEntity
  8
TITLEBLOCK
100
AcDbText
 10
-60.0
 20
34.2
 30
0.0
 40
1.8
  1
Document status
  7
FusionTitle
 11
-60.0
 21
36.0
 31
0.0
100
AcDbText
 73
     3
  0
TEXT
  5
BCA
330
BB4
100
AcDbEntity
  8
TITLEBLOCK
100
AcDbText
 10
-121.0
 20
24.2
 30
0.0
 40
1.8
  1
Title
  7
FusionTitle
 11
-121.0
 21
26.0
 31
0.0
100
AcDbText
 73
     3
  0
TEXT
  5
BCB
330
BB4
100
AcDbEntity
  8
TITLEBLOCK
100
AcDbText
 10
-60.0
 20
24.2
 30
0.0
 40
1.8
  1
DWG No.
  7
FusionTitle
 11
-60.0
 21
26.0
 31
0.0
100
AcDbText
 73
     3
  0
TEXT
  5
BCC
330
BB4
100
AcDbEntity
  8
TITLEBLOCK
100
AcDbText
 10
-60.0
 20
7.2
 30
0.0
 40
1.8
  1
Rev.
  7
FusionTitle
 11
-60.0
 21
9.0
 31
0.0
100
AcDbText
 73
     3
  0
TEXT
  5
BCD
330
BB4
100
AcDbEntity
  8
TITLEBLOCK
100
AcDbText
 10
-50.0
 20
7.2
 30
0.0
 40
1.8
  1
Date of issue
  7
FusionTitle
 11
-50.0
 21
9.0
 31
0.0
100
AcDbText
 73
     3
  0
TEXT
  5
BCE
330
BB4
100
AcDbEntity
  8
TITLEBLOCK
100
AcDbText
 10
-14.0
 20
7.2
 30
0.0
 40
1.8
  1
Sheet
  7
FusionTitle
 11
-14.0
 21
9.0
 31
0.0
100
AcDbText
 73
     3
  0
ATTDEF
  5
BCF
102
{ACAD_XDICTIONARY
360
BD0
102
}
330
BB4
100
AcDbEntity
  8
TITLEBLOCK
100
AcDbText
 10
-50.0
 20
1.5
 30
0.0
 40
3.5
  1

  7
FusionTitle
 11
-50.0
 21
5.0
 31
0.0
100
AcDbAttributeDefinition
280
     0
  3
Date of issue
  2
DATE_OF_ISSUE
 70
     0
 74
     3
280
     1
  0
ATTDEF
  5
BD1
102
{ACAD_XDICTIONARY
360
BD2
102
}
330
BB4
100
AcDbEntity
  8
TITLEBLOCK
100
AcDbText
 10
-61.026774
 20
1.35
 30
0.0
 40
3.5
  1

  7
FusionTitle
 72
     1
 11
-56.0
 21
4.85
 31
0.0
100
AcDbAttributeDefinition
280
     0
  3
Revision
  2
REV
 70
     0
 74
     3
280
     1
  0
ATTDEF
  5
BD3
102
{ACAD_XDICTIONARY
360
BD4
102
}
330
BB4
100
AcDbEntity
  8
TITLEBLOCK
100
AcDbText
 10
-121.0
 20
1.5
 30
0.0
 40
5.0
  1

  7
FusionTitle
 11
-121.0
 21
6.5
 31
0.0
100
AcDbAttributeDefinition
280
     0
  3
3rd Title
  2
TITLE_3
 70
     0
 74
     3
280
     1
  0
ATTDEF
  5
BD5
102
{ACAD_XDICTIONARY
360
BD6
102
}
330
BB4
100
AcDbEntity
  8
TITLEBLOCK
100
AcDbText
 10
-60.0
 20
28.5
 30
0.0
 40
3.5
  1

  7
FusionTitle
 11
-60.0
 21
32.0
 31
0.0
100
AcDbAttributeDefinition
280
     0
  3
Document status
  2
DOCUMENT_STATUS
 70
     0
 74
     3
280
     1
  0
ATTDEF
  5
BD7
102
{ACAD_XDICTIONARY
360
BD8
102
}
330
BB4
100
AcDbEntity
  8
TITLEBLOCK
100
AcDbText
 10
-121.0
 20
28.5
 30
0.0
 40
3.5
  1

  7
FusionTitle
 11
-121.0
 21
32.0
 31
0.0
100
AcDbAttributeDefinition
280
     0
  3
Document type
  2
DOCUMENT_TYPE
 70
     0
 74
     3
280
     1
  0
ATTDEF
  5
BD9
102
{ACAD_XDICTIONARY
360
BDA
102
}
330
BB4
100
AcDbEntity
  8
TITLEBLOCK
100
AcDbText
 10
-43.923943
 20
38.5
 30
0.0
 40
3.5
  1

  7
FusionTitle
 72
     2
 11
-0.992838
 21
42.0
 31
0.0
100
AcDbAttributeDefinition
280
     0
  3
Approved date
  2
APPROVED_DATE
 70
     0
 74
     3
280
     1
  0
ATTDEF
  5
BDB
102
{ACAD_XDICTIONARY
360
BDC
102
}
330
BB4
100
AcDbEntity
  8
TITLEBLOCK
100
AcDbText
 10
-101.123124
 20
38.5
 30
0.0
 40
3.5
  1

  7
FusionTitle
 72
     2
 11
-62.0
 21
42.0
 31
0.0
100
AcDbAttributeDefinition
280
     0
  3
Created date
  2
CREATED_DATE
 70
     0
 74
     3
280
     1
  0
ATTDEF
  5
BDD
102
{ACAD_XDICTIONARY
360
BDE
102
}
330
BB4
100
AcDbEntity
  8
TITLEBLOCK
100
AcDbText
 10
-15.65075
 20
1.35
 30
0.0
 40
3.5
  1

  7
FusionTitle
 72
     1
 11
-7.5
 21
4.85
 31
0.0
100
AcDbAttributeDefinition
280
     0
  3
Sheet
  2
SHEET
 70
     0
 74
     3
280
     1
  0
ATTDEF
  5
BDF
102
{ACAD_XDICTIONARY
360
BE0
102
}
330
BB4
100
AcDbEntity
  8
TITLEBLOCK
100
AcDbText
 10
-121.0
 20
9.0
 30
0.0
 40
5.0
  1

  7
FusionTitle
 11
-121.0
 21
14.0
 31
0.0
100
AcDbAttributeDefinition
280
     0
  3
2nd Title
  2
TITLE_2
 70
     0
 74
     3
280
     1
  0
ATTDEF
  5
BE1
102
{ACAD_XDICTIONARY
360
BE2
102
}
330
BB4
100
AcDbEntity
  8
TITLEBLOCK
100
AcDbText
 10
-64.456344
 20
14.751432
 30
0.0
 40
5.0
  1

  7
FusionTitle
 72
     1
 11
-30.5
 21
19.751432
 31
0.0
100
AcDbAttributeDefinition
280
     0
  3
Drawing number
  2
DRAWING_NUMBER
 70
     0
 74
     3
280
     1
  0
ATTDEF
  5
BE3
102
{ACAD_XDICTIONARY
360
BE4
102
}
330
BB4
100
AcDbEntity
  8
TITLEBLOCK
100
AcDbText
 10
-121.0
 20
16.5
 30
0.0
 40
5.0
  1

  7
FusionTitle
 11
-121.0
 21
21.5
 31
0.0
100
AcDbAttributeDefinition
280
     0
  3
1st Title
  2
TITLE_1
 70
     0
 74
     3
280
     1
  0
ATTDEF
  5
BE5
102
{ACAD_XDICTIONARY
360
BE6
102
}
330
BB4
100
AcDbEntity
  8
TITLEBLOCK
100
AcDbText
 10
-60.0
 20
38.5
 30
0.0
 40
3.5
  1

  7
FusionTitle
 11
-60.0
 21
42.0
 31
0.0
100
AcDbAttributeDefinition
280
     0
  3
Approved by
  2
APPROVED_BY
 70
     0
 74
     3
280
     1
  0
ATTDEF
  5
BE7
102
{ACAD_XDICTIONARY
360
BE8
102
}
330
BB4
100
AcDbEntity
  8
TITLEBLOCK
100
AcDbText
 10
-121.0
 20
38.5
 30
0.0
 40
3.5
  1

  7
FusionTitle
 11
-121.0
 21
42.0
 31
0.0
100
AcDbAttributeDefinition
280
     0
  3
Created by
  2
CREATED_BY
 70
     0
 74
     3
280
     1
  0
ATTDEF
  5
BE9
102
{ACAD_XDICTIONARY
360
BEA
102
}
330
BB4
100
AcDbEntity
  8
TITLEBLOCK
100
AcDbText
 10
-155.0
 20
38.5
 30
0.0
 40
3.5
  1

  7
FusionTitle
 11
-155.0
 21
42.0
 31
0.0
100
AcDbAttributeDefinition
280
     0
  3
Technical reference
  2
TECHNICAL_REFERENCE
 70
     0
 74
     3
280
     1
  0
ATTDEF
  5
BEB
102
{ACAD_XDICTIONARY
360
BEC
102
}
330
BB4
100
AcDbEntity
  8
TITLEBLOCK
100
AcDbText
 10
-179.0
 20
38.5
 30
0.0
 40
3.5
  1

  7
FusionTitle
 11
-179.0
 21
42.0
 31
0.0
100
AcDbAttributeDefinition
280
     0
  3
Department
  2
DEPT
 70
     0
 74
     3
280
     1
  0
ENDBLK
  5
BED
330
BB4
100
AcDbEntity
  8
0
100
AcDbBlockEnd
  0
BLOCK
  5
C01
330
C00
100
AcDbEntity
  8
0
100
AcDbBlockBegin
  2
*D6
 70
     1
 10
0.0
 20
0.0
 30
0.0
  3
*D6
  1

  0
LINE
  5
C02
330
C00
100
AcDbEntity
  8
FD_Dimensions
 62
     0
440
 16777216
370
    -2
100
AcDbLine
 10
277.904063
 20
165.781314
 30
0.0
 11
277.904063
 21
157.656096
 31
0.0
  0
LINE
  5
C03
330
C00
100
AcDbEntity
  8
FD_Dimensions
 62
     0
440
 16777216
370
    -2
100
AcDbLine
 10
276.854063
 20
189.281314
 30
0.0
 11
276.854063
 21
157.656096
 31
0.0
  0
LINE
  5
C04
330
C00
100
AcDbEntity
  8
FD_Dimensions
 62
     0
440
 16777216
370
    -2
100
AcDbLine
 10
281.404063
 20
159.756096
 30
0.0
 11
284.904063
 21
159.756096
 31
0.0
  0
LINE
  5
C05
330
C00
100
AcDbEntity
  8
FD_Dimensions
 62
     0
440
 16777216
370
    -2
100
AcDbLine
 10
273.354063
 20
159.756096
 30
0.0
 11
258.265864
 21
159.756096
 31
0.0
  0
LINE
  5
C06
330
C00
100
AcDbEntity
  8
FD_Dimensions
 62
     0
440
 16777216
370
    -2
100
AcDbLine
 10
277.904063
 20
159.756096
 30
0.0
 11
276.854063
 21
159.756096
 31
0.0
  0
SOLID
  5
C07
330
C00
100
AcDbEntity
  8
FD_Dimensions
 62
     0
440
 16777216
100
AcDbTrace
 10
281.404063
 20
160.339429
 30
0.0
 11
281.404063
 21
159.172762
 31
0.0
 12
277.904063
 22
159.756096
 32
0.0
 13
277.904063
 23
159.756096
 33
0.0
  0
SOLID
  5
C08
330
C00
100
AcDbEntity
  8
FD_Dimensions
 62
     0
440
 16777216
100
AcDbTrace
 10
273.354063
 20
160.339429
 30
0.0
 11
273.354063
 21
159.172762
 31
0.0
 12
276.854063
 22
159.756096
 32
0.0
 13
276.854063
 23
159.756096
 33
0.0
  0
MTEXT
  5
C09
330
C00
100
AcDbEntity
  8
FD_Dimensions
 62
     0
440
 16777216
100
AcDbMText
 10
264.059964
 20
162.943101
 30
0.0
 40
3.5
 41
0.0
 46
0.0
 71
     5
 72
     1
  1
1.05
 73
     1
 44
1.0
  0
POINT
  5
C0A
330
C00
100
AcDbEntity
  8
Defpoints
 62
     0
440
 16777216
100
AcDbPoint
 10
277.904063
 20
167.881314
 30
0.0
  0
POINT
  5
C0B
330
C00
100
AcDbEntity
  8
Defpoints
 62
     0
440
 16777216
100
AcDbPoint
 10
276.854063
 20
191.381314
 30
0.0
  0
POINT
  5
C0C
330
C00
100
AcDbEntity
  8
Defpoints
 62
     0
440
 16777216
100
AcDbPoint
 10
276.854063
 20
159.756096
 30
0.0
  0
ENDBLK
  5
C0D
330
C00
100
AcDbEntity
  8
0
100
AcDbBlockEnd
  0
BLOCK
  5
C10
330
C0F
100
AcDbEntity
  8
0
100
AcDbBlockBegin
  2
*D7
 70
     1
 10
0.0
 20
0.0
 30
0.0
  3
*D7
  1

  0
LINE
  5
C11
330
C0F
100
AcDbEntity
  8
FD_Dimensions
 62
     0
440
 16777216
370
    -2
100
AcDbLine
 10
277.904063
 20
165.781314
 30
0.0
 11
277.904063
 21
150.620271
 31
0.0
  0
LINE
  5
C12
330
C0F
100
AcDbEntity
  8
FD_Dimensions
 62
     0
440
 16777216
370
    -2
100
AcDbLine
 10
297.904063
 20
165.781314
 30
0.0
 11
297.904063
 21
150.620271
 31
0.0
  0
LINE
  5
C13
330
C0F
100
AcDbEntity
  8
FD_Dimensions
 62
     0
440
 16777216
370
    -2
100
AcDbLine
 10
281.404063
 20
152.720271
 30
0.0
 11
294.404063
 21
152.720271
 31
0.0
  0
SOLID
  5
C14
330
C0F
100
AcDbEntity
  8
FD_Dimensions
 62
     0
440
 16777216
100
AcDbTrace
 10
281.404063
 20
153.303604
 30
0.0
 11
281.404063
 21
152.136938
 31
0.0
 12
277.904063
 22
152.720271
 32
0.0
 13
277.904063
 23
152.720271
 33
0.0
  0
SOLID
  5
C15
330
C0F
100
AcDbEntity
  8
FD_Dimensions
 62
     0
440
 16777216
100
AcDbTrace
 10
294.404063
 20
153.303604
 30
0.0
 11
294.404063
 21
152.136938
 31
0.0
 12
297.904063
 22
152.720271
 32
0.0
 13
297.904063
 23
152.720271
 33
0.0
  0
MTEXT
  5
C16
330
C0F
100
AcDbEntity
  8
FD_Dimensions
 62
     0
440
 16777216
100
AcDbMText
 10
287.904063
 20
155.907277
 30
0.0
 40
3.5
 41
0.0
 46
0.0
 71
     5
 72
     1
  1
20
 73
     1
 44
1.0
  0
POINT
  5
C17
330
C0F
100
AcDbEntity
  8
Defpoints
 62
     0
440
 16777216
100
AcDbPoint
 10
277.904063
 20
167.881314
 30
0.0
  0
POINT
  5
C18
330
C0F
100
AcDbEntity
  8
Defpoints
 62
     0
440
 16777216
100
AcDbPoint
 10
297.904063
 20
167.881314
 30
0.0
  0
POINT
  5
C19
330
C0F
100
AcDbEntity
  8
Defpoints
 62
     0
440
 16777216
100
AcDbPoint
 10
297.904063
 20
152.720271
 30
0.0
  0
ENDBLK
  5
C1A
330
C0F
100
AcDbEntity
  8
0
100
AcDbBlockEnd
  0
BLOCK
  5
C1D
330
C1C
100
AcDbEntity
  8
0
100
AcDbBlockBegin
  2
*D8
 70
     1
 10
0.0
 20
0.0
 30
0.0
  3
*D8
  1

  0
LINE
  5
C1E
330
C1C
100
AcDbEntity
  8
FD_Dimensions
 62
     0
440
 16777216
370
    -2
100
AcDbLine
 10
297.904063
 20
165.781314
 30
0.0
 11
297.904063
 21
157.610386
 31
0.0
  0
LINE
  5
C1F
330
C1C
100
AcDbEntity
  8
FD_Dimensions
 62
     0
440
 16777216
370
    -2
100
AcDbLine
 10
298.904063
 20
171.378272
 30
0.0
 11
298.904063
 21
157.610386
 31
0.0
  0
LINE
  5
C20
330
C1C
100
AcDbEntity
  8
FD_Dimensions
 62
     0
440
 16777216
370
    -2
100
AcDbLine
 10
294.404063
 20
159.710386
 30
0.0
 11
290.904063
 21
159.710386
 31
0.0
  0
LINE
  5
C21
330
C1C
100
AcDbEntity
  8
FD_Dimensions
 62
     0
440
 16777216
370
    -2
100
AcDbLine
 10
302.404063
 20
159.710386
 30
0.0
 11
309.993286
 21
159.710386
 31
0.0
  0
LINE
  5
C22
330
C1C
100
AcDbEntity
  8
FD_Dimensions
 62
     0
440
 16777216
370
    -2
100
AcDbLine
 10
297.904063
 20
159.710386
 30
0.0
 11
298.904063
 21
159.710386
 31
0.0
  0
SOLID
  5
C23
330
C1C
100
AcDbEntity
  8
FD_Dimensions
 62
     0
440
 16777216
100
AcDbTrace
 10
294.404063
 20
160.293719
 30
0.0
 11
294.404063
 21
159.127053
 31
0.0
 12
297.904063
 22
159.710386
 32
0.0
 13
297.904063
 23
159.710386
 33
0.0
  0
SOLID
  5
C24
330
C1C
100
AcDbEntity
  8
FD_Dimensions
 62
     0
440
 16777216
100
AcDbTrace
 10
302.404063
 20
160.293719
 30
0.0
 11
302.404063
 21
159.127053
 31
0.0
 12
298.904063
 22
159.710386
 32
0.0
 13
298.904063
 23
159.710386
 33
0.0
  0
MTEXT
  5
C25
330
C1C
100
AcDbEntity
  8
FD_Dimensions
 62
     0
440
 16777216
100
AcDbMText
 10
307.948675
 20
162.867548
 30
0.0
 40
3.5
 41
0.0
 46
0.0
 71
     5
 72
     1
  1
1
 73
     1
 44
1.0
  0
POINT
  5
C26
330
C1C
100
AcDbEntity
  8
Defpoints
 62
     0
440
 16777216
100
AcDbPoint
 10
297.904063
 20
167.881314
 30
0.0
  0
POINT
  5
C27
330
C1C
100
AcDbEntity
  8
Defpoints
 62
     0
440
 16777216
100
AcDbPoint
 10
298.904063
 20
173.478272
 30
0.0
  0
POINT
  5
C28
330
C1C
100
AcDbEntity
  8
Defpoints
 62
     0
440
 16777216
100
AcDbPoint
 10
298.904063
 20
159.710386
 30
0.0
  0
ENDBLK
  5
C29
330
C1C
100
AcDbEntity
  8
0
100
AcDbBlockEnd
  0
BLOCK
  5
C2C
330
C2B
100
AcDbEntity
  8
0
100
AcDbBlockBegin
  2
*D9
 70
     1
 10
0.0
 20
0.0
 30
0.0
  3
*D9
  1

  0
LINE
  5
C2D
330
C2B
100
AcDbEntity
  8
FD_Dimensions
 62
     0
440
 16777216
370
    -2
100
AcDbLine
 10
298.904063
 20
171.378272
 30
0.0
 11
298.904063
 21
139.878272
 31
0.0
  0
LINE
  5
C2E
330
C2B
100
AcDbEntity
  8
FD_Dimensions
 62
     0
440
 16777216
370
    -2
100
AcDbLine
 10
276.854063
 20
189.281314
 30
0.0
 11
276.854063
 21
139.878272
 31
0.0
  0
LINE
  5
C2F
330
C2B
100
AcDbEntity
  8
FD_Dimensions
 62
     0
440
 16777216
370
    -2
100
AcDbLine
 10
295.404063
 20
141.978272
 30
0.0
 11
280.354063
 21
141.978272
 31
0.0
  0
SOLID
  5
C30
330
C2B
100
AcDbEntity
  8
FD_Dimensions
 62
     0
440
 16777216
100
AcDbTrace
 10
295.404063
 20
142.561606
 30
0.0
 11
295.404063
 21
141.394939
 31
0.0
 12
298.904063
 22
141.978272
 32
0.0
 13
298.904063
 23
141.978272
 33
0.0
  0
SOLID
  5
C31
330
C2B
100
AcDbEntity
  8
FD_Dimensions
 62
     0
440
 16777216
100
AcDbTrace
 10
280.354063
 20
142.561606
 30
0.0
 11
280.354063
 21
141.394939
 31
0.0
 12
276.854063
 22
141.978272
 32
0.0
 13
276.854063
 23
141.978272
 33
0.0
  0
MTEXT
  5
C32
330
C2B
100
AcDbEntity
  8
FD_Dimensions
 62
     0
440
 16777216
100
AcDbMText
 10
287.879063
 20
145.165278
 30
0.0
 40
3.5
 41
0.0
 46
0.0
 71
     5
 72
     1
  1
22.05
 73
     1
 44
1.0
  0
POINT
  5
C33
330
C2B
100
AcDbEntity
  8
Defpoints
 62
     0
440
 16777216
100
AcDbPoint
 10
298.904063
 20
173.478272
 30
0.0
  0
POINT
  5
C34
330
C2B
100
AcDbEntity
  8
Defpoints
 62
     0
440
 16777216
100
AcDbPoint
 10
276.854063
 20
191.381314
 30
0.0
  0
POINT
  5
C35
330
C2B
100
AcDbEntity
  8
Defpoints
 62
     0
440
 16777216
100
AcDbPoint
 10
276.854063
 20
141.978272
 30
0.0
  0
ENDBLK
  5
C36
330
C2B
100
AcDbEntity
  8
0
100
AcDbBlockEnd
  0
BLOCK
  5
C39
330
C38
100
AcDbEntity
  8
0
100
AcDbBlockBegin
  2
*D10
 70
     1
 10
0.0
 20
0.0
 30
0.0
  3
*D10
  1

  0
LINE
  5
C3A
330
C38
100
AcDbEntity
  8
FD_Dimensions
 62
     0
440
 16777216
370
    -2
100
AcDbLine
 10
295.904063
 20
165.781314
 30
0.0
 11
295.904063
 21
162.951784
 31
0.0
  0
LINE
  5
C3B
330
C38
100
AcDbEntity
  8
FD_Dimensions
 62
     0
440
 16777216
370
    -2
100
AcDbLine
 10
279.904063
 20
165.781314
 30
0.0
 11
279.904063
 21
162.951784
 31
0.0
  0
LINE
  5
C3C
330
C38
100
AcDbEntity
  8
FD_Dimensions
 62
     0
440
 16777216
370
    -2
100
AcDbLine
 10
292.404063
 20
165.051784
 30
0.0
 11
283.404063
 21
165.051784
 31
0.0
  0
SOLID
  5
C3D
330
C38
100
AcDbEntity
  8
FD_Dimensions
 62
     0
440
 16777216
100
AcDbTrace
 10
292.404063
 20
165.635117
 30
0.0
 11
292.404063
 21
164.468451
 31
0.0
 12
295.904063
 22
165.051784
 32
0.0
 13
295.904063
 23
165.051784
 33
0.0
  0
SOLID
  5
C3E
330
C38
100
AcDbEntity
  8
FD_Dimensions
 62
     0
440
 16777216
100
AcDbTrace
 10
283.404063
 20
165.635117
 30
0.0
 11
283.404063
 21
164.468451
 31
0.0
 12
279.904063
 22
165.051784
 32
0.0
 13
279.904063
 23
165.051784
 33
0.0
  0
MTEXT
  5
C3F
330
C38
100
AcDbEntity
  8
FD_Dimensions
 62
     0
440
 16777216
100
AcDbMText
 10
287.904063
 20
168.23879
 30
0.0
 40
3.5
 41
0.0
 46
0.0
 71
     5
 72
     1
  1
16
 73
     1
 44
1.0
  0
POINT
  5
C40
330
C38
100
AcDbEntity
  8
Defpoints
 62
     0
440
 16777216
100
AcDbPoint
 10
295.904063
 20
167.881314
 30
0.0
  0
POINT
  5
C41
330
C38
100
AcDbEntity
  8
Defpoints
 62
     0
440
 16777216
100
AcDbPoint
 10
279.904063
 20
167.881314
 30
0.0
  0
POINT
  5
C42
330
C38
100
AcDbEntity
  8
Defpoints
 62
     0
440
 16777216
100
AcDbPoint
 10
279.904063
 20
165.051784
 30
0.0
  0
ENDBLK
  5
C43
330
C38
100
AcDbEntity
  8
0
100
AcDbBlockEnd
  0
BLOCK
  5
C46
330
C45
100
AcDbEntity
  8
0
100
AcDbBlockBegin
  2
*D11
 70
     1
 10
0.0
 20
0.0
 30
0.0
  3
*D11
  1

  0
LINE
  5
C47
330
C45
100
AcDbEntity
  8
FD_Dimensions
 62
     0
440
 16777216
370
    -2
100
AcDbLine
 10
203.232967
 20
244.241493
 30
0.0
 11
187.097284
 21
233.817019
 31
0.0
  0
LINE
  5
C48
330
C45
100
AcDbEntity
  8
FD_Dimensions
 62
     0
440
 16777216
370
    -2
100
AcDbLine
 10
112.341195
 20
185.520775
 30
0.0
 11
109.401349
 21
183.621484
 31
0.0
  0
MTEXT
  5
C49
330
C45
100
AcDbEntity
  8
FD_Dimensions
 62
     0
440
 16777216
100
AcDbMText
 10
196.58462
 20
243.857111
 30
0.0
 40
3.5
 41
0.0
 46
0.0
 71
     5
 72
     1
  1
∅82
 11
0.839956
 21
0.542654
 31
0.0
 73
     1
 44
1.0
  0
LINE
  5
C4A
330
C45
100
AcDbEntity
  8
FD_Dimensions
 62
     0
440
 16777216
370
    -2
100
AcDbLine
 10
115.281041
 20
187.420065
 30
0.0
 11
184.157438
 21
231.917728
 31
0.0
  0
SOLID
  5
C4B
330
C45
100
AcDbEntity
  8
FD_Dimensions
 62
     0
440
 16777216
100
AcDbTrace
 10
112.024647
 20
186.010749
 30
0.0
 11
112.657744
 21
185.0308
 31
0.0
 12
115.281041
 22
187.420065
 32
0.0
 13
115.281041
 23
187.420065
 33
0.0
  0
SOLID
  5
C4C
330
C45
100
AcDbEntity
  8
FD_Dimensions
 62
     0
440
 16777216
100
AcDbTrace
 10
186.780736
 20
234.306993
 30
0.0
 11
187.413832
 21
233.327044
 31
0.0
 12
184.157438
 22
231.917728
 32
0.0
 13
184.157438
 23
231.917728
 33
0.0
  0
POINT
  5
C4D
330
C45
100
AcDbEntity
  8
Defpoints
 62
     0
440
 16777216
100
AcDbPoint
 10
184.157438
 20
231.917728
 30
0.0
  0
POINT
  5
C4E
330
C45
100
AcDbEntity
  8
Defpoints
 62
     0
440
 16777216
100
AcDbPoint
 10
115.281041
 20
187.420065
 30
0.0
  0
ENDBLK
  5
C4F
330
C45
100
AcDbEntity
  8
0
100
AcDbBlockEnd
  0
BLOCK
  5
C56
330
C55
100
AcDbEntity
  8
0
100
AcDbBlockBegin
  2
*U12
 70
     1
 10
0.0
 20
0.0
 30
0.0
  3
*U12
  1

  0
ARC
  5
C57
330
C55
100
AcDbEntity
  8
Smart Centers
  6
Continuous
 62
     0
440
 16777216
 48
0.75
100
AcDbCircle
 10
0.0
 20
0.0
 30
0.0
 40
29.99999999999994
210
0.0
220
0.0
230
-1.0
100
AcDbArc
 50
43.294492
 51
46.705508
  0
LINE
  5
C58
330
C55
100
AcDbEntity
  8
Smart Centers
  6
Continuous
 62
     0
440
 16777216
 48
0.75
100
AcDbLine
 10
-20.581779
 20
20.581779
 30
0.0
 11
-21.844628
 21
21.844628
 31
0.0
  0
ARC
  5
C59
330
C55
100
AcDbEntity
  8
Smart Centers
 62
     0
440
 16777216
 48
0.75
 60
     1
100
AcDbCircle
 10
0.0
 20
0.0
 30
0.0
 40
0.0
100
AcDbArc
 50
0.0
 51
0.0
  0
ARC
  5
C5A
330
C55
100
AcDbEntity
  8
Smart Centers
 62
     0
440
 16777216
 48
0.75
 60
     1
100
AcDbCircle
 10
0.0
 20
0.0
 30
0.0
 40
0.0
100
AcDbArc
 50
0.0
 51
0.0
  0
LINE
  5
C5B
330
C55
100
AcDbEntity
  8
Smart Centers
 62
     0
440
 16777216
 48
0.75
100
AcDbLine
 10
-17.854446
 20
17.854446
 30
0.0
 11
-19.318931
 21
19.318931
 31
0.0
  0
LINE
  5
C5C
330
C55
100
AcDbEntity
  8
Smart Centers
 62
     0
440
 16777216
 48
0.75
100
AcDbLine
 10
-23.107476
 20
23.107476
 30
0.0
 11
-24.571961
 21
24.571961
 31
0.0
  0
ENDBLK
  5
C5D
330
C55
100
AcDbEntity
  8
0
100
AcDbBlockEnd
  0
BLOCK
  5
C60
330
C5F
100
AcDbEntity
  8
0
100
AcDbBlockBegin
  2
*U13
 70
     1
 10
0.0
 20
0.0
 30
0.0
  3
*U13
  1

  0
ARC
  5
C61
330
C5F
100
AcDbEntity
  8
Smart Centers
  6
Continuous
 62
     0
440
 16777216
 48
0.75
100
AcDbCircle
 10
0.0
 20
0.0
 30
0.0
 40
30.0
210
0.0
220
0.0
230
-1.0
100
AcDbArc
 50
88.294492
 51
91.705508
  0
LINE
  5
C62
330
C5F
100
AcDbEntity
  8
Smart Centers
  6
Continuous
 62
     0
440
 16777216
 48
0.75
100
AcDbLine
 10
0.0
 20
29.107031
 30
0.0
 11
0.0
 21
30.892969
 31
0.0
  0
ARC
  5
C63
330
C5F
100
AcDbEntity
  8
Smart Centers
 62
     0
440
 16777216
 48
0.75
 60
     1
100
AcDbCircle
 10
0.0
 20
0.0
 30
0.0
 40
0.0
100
AcDbArc
 50
0.0
 51
0.0
  0
ARC
  5
C64
330
C5F
100
AcDbEntity
  8
Smart Centers
 62
     0
440
 16777216
 48
0.75
 60
     1
100
AcDbCircle
 10
0.0
 20
0.0
 30
0.0
 40
0.0
100
AcDbArc
 50
0.0
 51
0.0
  0
LINE
  5
C65
330
C5F
100
AcDbEntity
  8
Smart Centers
 62
     0
440
 16777216
 48
0.75
100
AcDbLine
 10
0.0
 20
25.25
 30
0.0
 11
0.0
 21
27.321094
 31
0.0
  0
LINE
  5
C66
330
C5F
100
AcDbEntity
  8
Smart Centers
 62
     0
440
 16777216
 48
0.75
100
AcDbLine
 10
0.0
 20
32.678906
 30
0.0
 11
0.0
 21
34.75
 31
0.0
  0
ENDBLK
  5
C67
330
C5F
100
AcDbEntity
  8
0
100
AcDbBlockEnd
  0
BLOCK
  5
C6A
330
C69
100
AcDbEntity
  8
0
100
AcDbBlockBegin
  2
*U14
 70
     1
 10
0.0
 20
0.0
 30
0.0
  3
*U14
  1

  0
ARC
  5
C6B
330
C69
100
AcDbEntity
  8
Smart Centers
  6
Continuous
 62
     0
440
 16777216
 48
0.75
100
AcDbCircle
 10
0.0
 20
0.0
 30
0.0
 40
29.99999999999994
210
0.0
220
0.0
230
-1.0
100
AcDbArc
 50
133.294492
 51
136.705508
  0
LINE
  5
C6C
330
C69
100
AcDbEntity
  8
Smart Centers
  6
Continuous
 62
     0
440
 16777216
 48
0.75
100
AcDbLine
 10
20.581779
 20
20.581779
 30
0.0
 11
21.844628
 21
21.844628
 31
0.0
  0
ARC
  5
C6D
330
C69
100
AcDbEntity
  8
Smart Centers
 62
     0
440
 16777216
 48
0.75
 60
     1
100
AcDbCircle
 10
0.0
 20
0.0
 30
0.0
 40
0.0
100
AcDbArc
 50
0.0
 51
0.0
  0
ARC
  5
C6E
330
C69
100
AcDbEntity
  8
Smart Centers
 62
     0
440
 16777216
 48
0.75
 60
     1
100
AcDbCircle
 10
0.0
 20
0.0
 30
0.0
 40
0.0
100
AcDbArc
 50
0.0
 51
0.0
  0
LINE
  5
C6F
330
C69
100
AcDbEntity
  8
Smart Centers
 62
     0
440
 16777216
 48
0.75
100
AcDbLine
 10
17.854446
 20
17.854446
 30
0.0
 11
19.318931
 21
19.318931
 31
0.0
  0
LINE
  5
C70
330
C69
100
AcDbEntity
  8
Smart Centers
 62
     0
440
 16777216
 48
0.75
100
AcDbLine
 10
23.107476
 20
23.107476
 30
0.0
 11
24.571961
 21
24.571961
 31
0.0
  0
ENDBLK
  5
C71
330
C69
100
AcDbEntity
  8
0
100
AcDbBlockEnd
  0
BLOCK
  5
C74
330
C73
100
AcDbEntity
  8
0
100
AcDbBlockBegin
  2
*U15
 70
     1
 10
0.0
 20
0.0
 30
0.0
  3
*U15
  1

  0
ARC
  5
C75
330
C73
100
AcDbEntity
  8
Smart Centers
  6
Continuous
 62
     0
440
 16777216
 48
0.75
100
AcDbCircle
 10
0.0
 20
0.0
 30
0.0
 40
29.99999999999996
210
0.0
220
0.0
230
-1.0
100
AcDbArc
 50
313.294492
 51
316.705508
  0
LINE
  5
C76
330
C73
100
AcDbEntity
  8
Smart Centers
  6
Continuous
 62
     0
440
 16777216
 48
0.75
100
AcDbLine
 10
-20.581779
 20
-20.581779
 30
0.0
 11
-21.844628
 21
-21.844628
 31
0.0
  0
ARC
  5
C77
330
C73
100
AcDbEntity
  8
Smart Centers
 62
     0
440
 16777216
 48
0.75
 60
     1
100
AcDbCircle
 10
0.0
 20
0.0
 30
0.0
 40
0.0
100
AcDbArc
 50
0.0
 51
0.0
  0
ARC
  5
C78
330
C73
100
AcDbEntity
  8
Smart Centers
 62
     0
440
 16777216
 48
0.75
 60
     1
100
AcDbCircle
 10
0.0
 20
0.0
 30
0.0
 40
0.0
100
AcDbArc
 50
0.0
 51
0.0
  0
LINE
  5
C79
330
C73
100
AcDbEntity
  8
Smart Centers
 62
     0
440
 16777216
 48
0.75
100
AcDbLine
 10
-17.67767
 20
-17.67767
 30
0.0
 11
-19.318931
 21
-19.318931
 31
0.0
  0
LINE
  5
C7A
330
C73
100
AcDbEntity
  8
Smart Centers
 62
     0
440
 16777216
 48
0.75
100
AcDbLine
 10
-23.107476
 20
-23.107476
 30
0.0
 11
-24.748737
 21
-24.748737
 31
0.0
  0
ENDBLK
  5
C7B
330
C73
100
AcDbEntity
  8
0
100
AcDbBlockEnd
  0
BLOCK
  5
C7E
330
C7D
100
AcDbEntity
  8
0
100
AcDbBlockBegin
  2
*U16
 70
     1
 10
0.0
 20
0.0
 30
0.0
  3
*U16
  1

  0
ARC
  5
C7F
330
C7D
100
AcDbEntity
  8
Smart Centers
  6
Continuous
 62
     0
440
 16777216
 48
0.75
100
AcDbCircle
 10
0.0
 20
0.0
 30
0.0
 40
29.99999999999996
210
0.0
220
0.0
230
-1.0
100
AcDbArc
 50
223.294492
 51
226.705508
  0
LINE
  5
C80
330
C7D
100
AcDbEntity
  8
Smart Centers
  6
Continuous
 62
     0
440
 16777216
 48
0.75
100
AcDbLine
 10
20.581779
 20
-20.581779
 30
0.0
 11
21.844628
 21
-21.844628
 31
0.0
  0
ARC
  5
C81
330
C7D
100
AcDbEntity
  8
Smart Centers
 62
     0
440
 16777216
 48
0.75
 60
     1
100
AcDbCircle
 10
0.0
 20
0.0
 30
0.0
 40
0.0
100
AcDbArc
 50
0.0
 51
0.0
  0
ARC
  5
C82
330
C7D
100
AcDbEntity
  8
Smart Centers
 62
     0
440
 16777216
 48
0.75
 60
     1
100
AcDbCircle
 10
0.0
 20
0.0
 30
0.0
 40
0.0
100
AcDbArc
 50
0.0
 51
0.0
  0
LINE
  5
C83
330
C7D
100
AcDbEntity
  8
Smart Centers
 62
     0
440
 16777216
 48
0.75
100
AcDbLine
 10
17.67767
 20
-17.67767
 30
0.0
 11
19.318931
 21
-19.318931
 31
0.0
  0
LINE
  5
C84
330
C7D
100
AcDbEntity
  8
Smart Centers
 62
     0
440
 16777216
 48
0.75
100
AcDbLine
 10
23.107476
 20
-23.107476
 30
0.0
 11
24.748737
 21
-24.748737
 31
0.0
  0
ENDBLK
  5
C85
330
C7D
100
AcDbEntity
  8
0
100
AcDbBlockEnd
  0
BLOCK
  5
C88
330
C87
100
AcDbEntity
  8
0
100
AcDbBlockBegin
  2
*U17
 70
     1
 10
0.0
 20
0.0
 30
0.0
  3
*U17
  1

  0
ARC
  5
C89
330
C87
100
AcDbEntity
  8
Smart Centers
  6
Continuous
 62
     0
440
 16777216
 48
0.75
100
AcDbCircle
 10
0.0
 20
0.0
 30
0.0
 40
30.0
210
0.0
220
0.0
230
-1.0
100
AcDbArc
 50
178.294492
 51
181.705508
  0
LINE
  5
C8A
330
C87
100
AcDbEntity
  8
Smart Centers
  6
Continuous
 62
     0
440
 16777216
 48
0.75
100
AcDbLine
 10
29.107031
 20
0.0
 30
0.0
 11
30.892969
 21
0.0
 31
0.0
  0
ARC
  5
C8B
330
C87
100
AcDbEntity
  8
Smart Centers
 62
     0
440
 16777216
 48
0.75
 60
     1
100
AcDbCircle
 10
0.0
 20
0.0
 30
0.0
 40
0.0
100
AcDbArc
 50
0.0
 51
0.0
  0
ARC
  5
C8C
330
C87
100
AcDbEntity
  8
Smart Centers
 62
     0
440
 16777216
 48
0.75
 60
     1
100
AcDbCircle
 10
0.0
 20
0.0
 30
0.0
 40
0.0
100
AcDbArc
 50
0.0
 51
0.0
  0
LINE
  5
C8D
330
C87
100
AcDbEntity
  8
Smart Centers
 62
     0
440
 16777216
 48
0.75
100
AcDbLine
 10
25.0
 20
0.0
 30
0.0
 11
27.321094
 21
0.0
 31
0.0
  0
LINE
  5
C8E
330
C87
100
AcDbEntity
  8
Smart Centers
 62
     0
440
 16777216
 48
0.75
100
AcDbLine
 10
32.678906
 20
0.0
 30
0.0
 11
35.0
 21
0.0
 31
0.0
  0
ENDBLK
  5
C8F
330
C87
100
AcDbEntity
  8
0
100
AcDbBlockEnd
  0
BLOCK
  5
C92
330
C91
100
AcDbEntity
  8
0
100
AcDbBlockBegin
  2
*U18
 70
     1
 10
0.0
 20
0.0
 30
0.0
  3
*U18
  1

  0
ARC
  5
C93
330
C91
100
AcDbEntity
  8
Smart Centers
  6
Continuous
 62
     0
440
 16777216
 48
0.75
100
AcDbCircle
 10
0.0
 20
0.0
 30
0.0
 40
30.0
210
0.0
220
0.0
230
-1.0
100
AcDbArc
 50
268.294492
 51
271.705508
  0
LINE
  5
C94
330
C91
100
AcDbEntity
  8
Smart Centers
  6
Continuous
 62
     0
440
 16777216
 48
0.75
100
AcDbLine
 10
0.0
 20
-29.107031
 30
0.0
 11
0.0
 21
-30.892969
 31
0.0
  0
ARC
  5
C95
330
C91
100
AcDbEntity
  8
Smart Centers
 62
     0
440
 16777216
 48
0.75
 60
     1
100
AcDbCircle
 10
0.0
 20
0.0
 30
0.0
 40
0.0
100
AcDbArc
 50
0.0
 51
0.0
  0
ARC
  5
C96
330
C91
100
AcDbEntity
  8
Smart Centers
 62
     0
440
 16777216
 48
0.75
 60
     1
100
AcDbCircle
 10
0.0
 20
0.0
 30
0.0
 40
0.0
100
AcDbArc
 50
0.0
 51
0.0
  0
LINE
  5
C97
330
C91
100
AcDbEntity
  8
Smart Centers
 62
     0
440
 16777216
 48
0.75
100
AcDbLine
 10
0.0
 20
-25.0
 30
0.0
 11
0.0
 21
-27.321094
 31
0.0
  0
LINE
  5
C98
330
C91
100
AcDbEntity
  8
Smart Centers
 62
     0
440
 16777216
 48
0.75
100
AcDbLine
 10
0.0
 20
-32.678906
 30
0.0
 11
0.0
 21
-35.0
 31
0.0
  0
ENDBLK
  5
C99
330
C91
100
AcDbEntity
  8
0
100
AcDbBlockEnd
  0
BLOCK
  5
C9C
330
C9B
100
AcDbEntity
  8
0
100
AcDbBlockBegin
  2
*U19
 70
     1
 10
0.0
 20
0.0
 30
0.0
  3
*U19
  1

  0
ARC
  5
C9D
330
C9B
100
AcDbEntity
  8
Smart Centers
  6
Continuous
 62
     0
440
 16777216
 48
0.75
100
AcDbCircle
 10
0.0
 20
0.0
 30
0.0
 40
30.0
210
0.0
220
0.0
230
-1.0
100
AcDbArc
 50
358.294492
 51
1.705508
  0
LINE
  5
C9E
330
C9B
100
AcDbEntity
  8
Smart Centers
  6
Continuous
 62
     0
440
 16777216
 48
0.75
100
AcDbLine
 10
-29.107031
 20
0.0
 30
0.0
 11
-30.892969
 21
0.0
 31
0.0
  0
ARC
  5
C9F
330
C9B
100
AcDbEntity
  8
Smart Centers
 62
     0
440
 16777216
 48
0.75
 60
     1
100
AcDbCircle
 10
0.0
 20
0.0
 30
0.0
 40
0.0
100
AcDbArc
 50
0.0
 51
0.0
  0
ARC
  5
CA0
330
C9B
100
AcDbEntity
  8
Smart Centers
 62
     0
440
 16777216
 48
0.75
 60
     1
100
AcDbCircle
 10
0.0
 20
0.0
 30
0.0
 40
0.0
100
AcDbArc
 50
0.0
 51
0.0
  0
LINE
  5
CA1
330
C9B
100
AcDbEntity
  8
Smart Centers
 62
     0
440
 16777216
 48
0.75
100
AcDbLine
 10
-25.0
 20
0.0
 30
0.0
 11
-27.321094
 21
0.0
 31
0.0
  0
LINE
  5
CA2
330
C9B
100
AcDbEntity
  8
Smart Centers
 62
     0
440
 16777216
 48
0.75
100
AcDbLine
 10
-32.678906
 20
0.0
 30
0.0
 11
-35.0
 21
0.0
 31
0.0
  0
ENDBLK
  5
CA3
330
C9B
100
AcDbEntity
  8
0
100
AcDbBlockEnd
  0
BLOCK
  5
C53
330
C52
100
AcDbEntity
  8
0
100
AcDbBlockBegin
  2
*U20
 70
     1
 10
0.0
 20
0.0
 30
0.0
  3
*U20
  1

  0
INSERT
  5
C54
330
C52
100
AcDbEntity
  8
Smart Centers
 62
     0
440
 16777216
 48
0.75
100
AcDbBlockReference
  2
*U12
 10
0.0
 20
0.0
 30
0.0
  0
INSERT
  5
C5E
330
C52
100
AcDbEntity
  8
Smart Centers
 62
     0
440
 16777216
 48
0.75
100
AcDbBlockReference
  2
*U13
 10
0.0
 20
0.0
 30
0.0
  0
INSERT
  5
C68
330
C52
100
AcDbEntity
  8
Smart Centers
 62
     0
440
 16777216
 48
0.75
100
AcDbBlockReference
  2
*U14
 10
0.0
 20
0.0
 30
0.0
  0
INSERT
  5
C72
330
C52
100
AcDbEntity
  8
Smart Centers
 62
     0
440
 16777216
 48
0.75
100
AcDbBlockReference
  2
*U15
 10
0.0
 20
0.0
 30
0.0
  0
INSERT
  5
C7C
330
C52
100
AcDbEntity
  8
Smart Centers
 62
     0
440
 16777216
 48
0.75
100
AcDbBlockReference
  2
*U16
 10
0.0
 20
0.0
 30
0.0
  0
INSERT
  5
C86
330
C52
100
AcDbEntity
  8
Smart Centers
 62
     0
440
 16777216
 48
0.75
100
AcDbBlockReference
  2
*U17
 10
0.0
 20
0.0
 30
0.0
  0
INSERT
  5
C90
330
C52
100
AcDbEntity
  8
Smart Centers
 62
     0
440
 16777216
 48
0.75
100
AcDbBlockReference
  2
*U18
 10
0.0
 20
0.0
 30
0.0
  0
INSERT
  5
C9A
330
C52
100
AcDbEntity
  8
Smart Centers
 62
     0
440
 16777216
 48
0.75
100
AcDbBlockReference
  2
*U19
 10
0.0
 20
0.0
 30
0.0
  0
ARC
  5
CA4
330
C52
100
AcDbEntity
  8
Smart Centers
 62
     0
440
 16777216
 48
0.75
100
AcDbCircle
 10
0.0
 20
0.0
 30
0.0
 40
29.99999999999996
210
0.0
220
0.0
230
-1.0
100
AcDbArc
 50
230.118035
 51
264.881965
  0
ARC
  5
CA5
330
C52
100
AcDbEntity
  8
Smart Centers
 62
     0
440
 16777216
 48
0.75
100
AcDbCircle
 10
0.0
 20
0.0
 30
0.0
 40
30.0
210
0.0
220
0.0
230
-1.0
100
AcDbArc
 50
275.118035
 51
309.881965
  0
ARC
  5
CA6
330
C52
100
AcDbEntity
  8
Smart Centers
 62
     0
440
 16777216
 48
0.75
100
AcDbCircle
 10
0.0
 20
0.0
 30
0.0
 40
29.99999999999996
210
0.0
220
0.0
230
-1.0
100
AcDbArc
 50
320.118035
 51
354.881965
  0
ARC
  5
CA7
330
C52
100
AcDbEntity
  8
Smart Centers
 62
     0
440
 16777216
 48
0.75
100
AcDbCircle
 10
0.0
 20
0.0
 30
0.0
 40
30.0
210
0.0
220
0.0
230
-1.0
100
AcDbArc
 50
5.118035
 51
39.881965
  0
ARC
  5
CA8
330
C52
100
AcDbEntity
  8
Smart Centers
 62
     0
440
 16777216
 48
0.75
100
AcDbCircle
 10
0.0
 20
0.0
 30
0.0
 40
29.99999999999994
210
0.0
220
0.0
230
-1.0
100
AcDbArc
 50
50.118035
 51
84.881965
  0
ARC
  5
CA9
330
C52
100
AcDbEntity
  8
Smart Centers
 62
     0
440
 16777216
 48
0.75
100
AcDbCircle
 10
0.0
 20
0.0
 30
0.0
 40
30.0
210
0.0
220
0.0
230
-1.0
100
AcDbArc
 50
95.118035
 51
129.881965
  0
ARC
  5
CAA
330
C52
100
AcDbEntity
  8
Smart Centers
 62
     0
440
 16777216
 48
0.75
100
AcDbCircle
 10
0.0
 20
0.0
 30
0.0
 40
29.99999999999994
210
0.0
220
0.0
230
-1.0
100
AcDbArc
 50
140.118035
 51
174.881965
  0
ARC
  5
CAB
330
C52
100
AcDbEntity
  8
Smart Centers
 62
     0
440
 16777216
 48
0.75
100
AcDbCircle
 10
0.0
 20
0.0
 30
0.0
 40
30.0
210
0.0
220
0.0
230
-1.0
100
AcDbArc
 50
185.118035
 51
219.881965
  0
ARC
  5
CAC
330
C52
100
AcDbEntity
  8
Smart Centers
 62
     0
440
 16777216
 48
0.75
 60
     1
100
AcDbCircle
 10
0.0
 20
0.0
 30
0.0
 40
29.99999999999997
210
0.0
220
0.0
230
-1.0
100
AcDbArc
 50
225.0
 51
224.999943
  0
ENDBLK
  5
CAD
330
C52
100
AcDbEntity
  8
0
100
AcDbBlockEnd
  0
BLOCK
  5
CB4
330
CB3
100
AcDbEntity
  8
0
100
AcDbBlockBegin
  2
*D21
 70
     1
 10
0.0
 20
0.0
 30
0.0
  3
*D21
  1

  0
LINE
  5
CB5
330
CB3
100
AcDbEntity
  8
FD_Dimensions
 62
     0
440
 16777216
370
    -2
100
AcDbLine
 10
204.191358
 20
221.961708
 30
0.0
 11
182.39746
 21
217.043444
 31
0.0
  0
LINE
  5
CB6
330
CB3
100
AcDbEntity
  8
FD_Dimensions
 62
     0
440
 16777216
370
    -2
100
AcDbLine
 10
117.04102
 20
202.29435
 30
0.0
 11
113.626877
 21
201.523875
 31
0.0
  0
MTEXT
  5
CB7
330
CB3
100
AcDbEntity
  8
FD_Dimensions
 62
     0
440
 16777216
100
AcDbMText
 10
197.80579
 20
223.888165
 30
0.0
 40
3.5
 41
0.0
 46
0.0
 71
     5
 72
     1
  1
∅60
 11
0.975469
 21
0.220136
 31
0.0
 73
     1
 44
1.0
  0
LINE
  5
CB8
330
CB3
100
AcDbEntity
  8
FD_Dimensions
 62
     0
440
 16777216
370
    -2
100
AcDbLine
 10
120.455162
 20
203.064825
 30
0.0
 11
178.983317
 21
216.272969
 31
0.0
  0
SOLID
  5
CB9
330
CB3
100
AcDbEntity
  8
FD_Dimensions
 62
     0
440
 16777216
100
AcDbTrace
 10
116.912607
 20
202.863373
 30
0.0
 11
117.169432
 21
201.725326
 31
0.0
 12
120.455162
 22
203.064825
 32
0.0
 13
120.455162
 23
203.064825
 33
0.0
  0
SOLID
  5
CBA
330
CB3
100
AcDbEntity
  8
FD_Dimensions
 62
     0
440
 16777216
100
AcDbTrace
 10
182.269047
 20
217.612468
 30
0.0
 11
182.525872
 21
216.47442
 31
0.0
 12
178.983317
 22
216.272969
 32
0.0
 13
178.983317
 23
216.272969
 33
0.0
  0
POINT
  5
CBB
330
CB3
100
AcDbEntity
  8
Defpoints
 62
     0
440
 16777216
100
AcDbPoint
 10
178.983317
 20
216.272969
 30
0.0
  0
POINT
  5
CBC
330
CB3
100
AcDbEntity
  8
Defpoints
 62
     0
440
 16777216
100
AcDbPoint
 10
120.455162
 20
203.064825
 30
0.0
  0
ENDBLK
  5
CBD
330
CB3
100
AcDbEntity
  8
0
100
AcDbBlockEnd
  0
BLOCK
  5
CC0
330
CBF
100
AcDbEntity
  8
0
100
AcDbBlockBegin
  2
*D22
 70
     1
 10
0.0
 20
0.0
 30
0.0
  3
*D22
  1

  0
LINE
  5
CC1
330
CBF
100
AcDbEntity
  8
FD_Dimensions
 62
     0
440
 16777216
370
    -2
100
AcDbLine
 10
188.180003
 20
145.653174
 30
0.0
 11
166.537449
 21
118.675503
 31
0.0
  0
LINE
  5
CC2
330
CBF
100
AcDbEntity
  8
FD_Dimensions
 62
     0
440
 16777216
370
    -2
100
AcDbLine
 10
140.255544
 20
85.914833
 30
0.0
 11
138.065386
 21
83.184777
 31
0.0
  0
MTEXT
  5
CC3
330
CBF
100
AcDbEntity
  8
FD_Dimensions
 62
     0
440
 16777216
100
AcDbMText
 10
181.973347
 20
143.165958
 30
0.0
 40
3.5
 41
0.0
 46
0.0
 71
     5
 72
     1
  1
∅35
 11
0.62576
 21
0.780016
 31
0.0
 73
     1
 44
1.0
  0
LINE
  5
CC4
330
CBF
100
AcDbEntity
  8
FD_Dimensions
 62
     0
440
 16777216
370
    -2
100
AcDbLine
 10
142.445703
 20
88.644889
 30
0.0
 11
164.34729
 21
115.945447
 31
0.0
  0
SOLID
  5
CC5
330
CBF
100
AcDbEntity
  8
FD_Dimensions
 62
     0
440
 16777216
100
AcDbTrace
 10
139.800535
 20
86.27986
 30
0.0
 11
140.710554
 21
85.549807
 31
0.0
 12
142.445703
 22
88.644889
 32
0.0
 13
142.445703
 23
88.644889
 33
0.0
  0
SOLID
  5
CC6
330
CBF
100
AcDbEntity
  8
FD_Dimensions
 62
     0
440
 16777216
100
AcDbTrace
 10
166.08244
 20
119.04053
 30
0.0
 11
166.992458
 21
118.310477
 31
0.0
 12
164.34729
 22
115.945447
 32
0.0
 13
164.34729
 23
115.945447
 33
0.0
  0
POINT
  5
CC7
330
CBF
100
AcDbEntity
  8
Defpoints
 62
     0
440
 16777216
100
AcDbPoint
 10
164.34729
 20
115.945447
 30
0.0
  0
POINT
  5
CC8
330
CBF
100
AcDbEntity
  8
Defpoints
 62
     0
440
 16777216
100
AcDbPoint
 10
142.445703
 20
88.644889
 30
0.0
  0
ENDBLK
  5
CC9
330
CBF
100
AcDbEntity
  8
0
100
AcDbBlockEnd
  0
BLOCK
  5
CCF
330
CCE
100
AcDbEntity
  8
0
100
AcDbBlockBegin
  2
*U23
 70
     1
 10
0.0
 20
0.0
 30
0.0
  3
*U23
  1

  0
ARC
  5
CD0
330
CCE
100
AcDbEntity
  8
Smart Centers
  6
Continuous
 62
     0
440
 16777216
 48
0.75
100
AcDbCircle
 10
0.0
 20
0.0
 30
0.0
 40
11.50000000000035
210
0.0
220
0.0
230
-1.0
100
AcDbArc
 50
25.549895
 51
34.450105
  0
LINE
  5
CD1
330
CCE
100
AcDbEntity
  8
Smart Centers
  6
Continuous
 62
     0
440
 16777216
 48
0.75
100
AcDbLine
 10
-9.185959
 20
5.303516
 30
0.0
 11
-10.732626
 21
6.196484
 31
0.0
  0
ARC
  5
CD2
330
CCE
100
AcDbEntity
  8
Smart Centers
 62
     0
440
 16777216
 48
0.75
 60
     1
100
AcDbCircle
 10
0.0
 20
0.0
 30
0.0
 40
0.0
100
AcDbArc
 50
0.0
 51
0.0
  0
ARC
  5
CD3
330
CCE
100
AcDbEntity
  8
Smart Centers
 62
     0
440
 16777216
 48
0.75
 60
     1
100
AcDbCircle
 10
0.0
 20
0.0
 30
0.0
 40
0.0
100
AcDbArc
 50
0.0
 51
0.0
  0
LINE
  5
CD4
330
CCE
100
AcDbEntity
  8
Smart Centers
 62
     0
440
 16777216
 48
0.75
100
AcDbLine
 10
-5.499261
 20
3.175
 30
0.0
 11
-7.639291
 21
4.410547
 31
0.0
  0
LINE
  5
CD5
330
CCE
100
AcDbEntity
  8
Smart Centers
 62
     0
440
 16777216
 48
0.75
100
AcDbLine
 10
-12.279293
 20
7.089453
 30
0.0
 11
-14.419323
 21
8.325
 31
0.0
  0
ENDBLK
  5
CD6
330
CCE
100
AcDbEntity
  8
0
100
AcDbBlockEnd
  0
BLOCK
  5
CD9
330
CD8
100
AcDbEntity
  8
0
100
AcDbBlockBegin
  2
*U24
 70
     1
 10
0.0
 20
0.0
 30
0.0
  3
*U24
  1

  0
ARC
  5
CDA
330
CD8
100
AcDbEntity
  8
Smart Centers
  6
Continuous
 62
     0
440
 16777216
 48
0.75
100
AcDbCircle
 10
0.0
 20
0.0
 30
0.0
 40
11.5
210
0.0
220
0.0
230
-1.0
100
AcDbArc
 50
85.549895
 51
94.450105
  0
LINE
  5
CDB
330
CD8
100
AcDbEntity
  8
Smart Centers
  6
Continuous
 62
     0
440
 16777216
 48
0.75
100
AcDbLine
 10
0.0
 20
10.607031
 30
0.0
 11
0.0
 21
12.392969
 31
0.0
  0
ARC
  5
CDC
330
CD8
100
AcDbEntity
  8
Smart Centers
 62
     0
440
 16777216
 48
0.75
 60
     1
100
AcDbCircle
 10
0.0
 20
0.0
 30
0.0
 40
0.0
100
AcDbArc
 50
0.0
 51
0.0
  0
ARC
  5
CDD
330
CD8
100
AcDbEntity
  8
Smart Centers
 62
     0
440
 16777216
 48
0.75
 60
     1
100
AcDbCircle
 10
0.0
 20
0.0
 30
0.0
 40
0.0
100
AcDbArc
 50
0.0
 51
0.0
  0
LINE
  5
CDE
330
CD8
100
AcDbEntity
  8
Smart Centers
 62
     0
440
 16777216
 48
0.75
100
AcDbLine
 10
0.0
 20
6.35
 30
0.0
 11
0.0
 21
8.821094
 31
0.0
  0
LINE
  5
CDF
330
CD8
100
AcDbEntity
  8
Smart Centers
 62
     0
440
 16777216
 48
0.75
100
AcDbLine
 10
0.0
 20
14.178906
 30
0.0
 11
0.0
 21
16.65
 31
0.0
  0
ENDBLK
  5
CE0
330
CD8
100
AcDbEntity
  8
0
100
AcDbBlockEnd
  0
BLOCK
  5
CE3
330
CE2
100
AcDbEntity
  8
0
100
AcDbBlockBegin
  2
*U25
 70
     1
 10
0.0
 20
0.0
 30
0.0
  3
*U25
  1

  0
ARC
  5
CE4
330
CE2
100
AcDbEntity
  8
Smart Centers
  6
Continuous
 62
     0
440
 16777216
 48
0.75
100
AcDbCircle
 10
0.0
 20
0.0
 30
0.0
 40
11.50000000000034
210
0.0
220
0.0
230
-1.0
100
AcDbArc
 50
145.549895
 51
154.450105
  0
LINE
  5
CE5
330
CE2
100
AcDbEntity
  8
Smart Centers
  6
Continuous
 62
     0
440
 16777216
 48
0.75
100
AcDbLine
 10
9.185959
 20
5.303516
 30
0.0
 11
10.732626
 21
6.196484
 31
0.0
  0
ARC
  5
CE6
330
CE2
100
AcDbEntity
  8
Smart Centers
 62
     0
440
 16777216
 48
0.75
 60
     1
100
AcDbCircle
 10
0.0
 20
0.0
 30
0.0
 40
0.0
100
AcDbArc
 50
0.0
 51
0.0
  0
ARC
  5
CE7
330
CE2
100
AcDbEntity
  8
Smart Centers
 62
     0
440
 16777216
 48
0.75
 60
     1
100
AcDbCircle
 10
0.0
 20
0.0
 30
0.0
 40
0.0
100
AcDbArc
 50
0.0
 51
0.0
  0
LINE
  5
CE8
330
CE2
100
AcDbEntity
  8
Smart Centers
 62
     0
440
 16777216
 48
0.75
100
AcDbLine
 10
5.499261
 20
3.175
 30
0.0
 11
7.639291
 21
4.410547
 31
0.0
  0
LINE
  5
CE9
330
CE2
100
AcDbEntity
  8
Smart Centers
 62
     0
440
 16777216
 48
0.75
100
AcDbLine
 10
12.279293
 20
7.089453
 30
0.0
 11
14.419323
 21
8.325
 31
0.0
  0
ENDBLK
  5
CEA
330
CE2
100
AcDbEntity
  8
0
100
AcDbBlockEnd
  0
BLOCK
  5
CED
330
CEC
100
AcDbEntity
  8
0
100
AcDbBlockBegin
  2
*U26
 70
     1
 10
0.0
 20
0.0
 30
0.0
  3
*U26
  1

  0
ARC
  5
CEE
330
CEC
100
AcDbEntity
  8
Smart Centers
  6
Continuous
 62
     0
440
 16777216
 48
0.75
100
AcDbCircle
 10
0.0
 20
0.0
 30
0.0
 40
11.50000000000035
210
0.0
220
0.0
230
-1.0
100
AcDbArc
 50
205.549895
 51
214.450105
  0
LINE
  5
CEF
330
CEC
100
AcDbEntity
  8
Smart Centers
  6
Continuous
 62
     0
440
 16777216
 48
0.75
100
AcDbLine
 10
9.185959
 20
-5.303516
 30
0.0
 11
10.732626
 21
-6.196484
 31
0.0
  0
ARC
  5
CF0
330
CEC
100
AcDbEntity
  8
Smart Centers
 62
     0
440
 16777216
 48
0.75
 60
     1
100
AcDbCircle
 10
0.0
 20
0.0
 30
0.0
 40
0.0
100
AcDbArc
 50
0.0
 51
0.0
  0
ARC
  5
CF1
330
CEC
100
AcDbEntity
  8
Smart Centers
 62
     0
440
 16777216
 48
0.75
 60
     1
100
AcDbCircle
 10
0.0
 20
0.0
 30
0.0
 40
0.0
100
AcDbArc
 50
0.0
 51
0.0
  0
LINE
  5
CF2
330
CEC
100
AcDbEntity
  8
Smart Centers
 62
     0
440
 16777216
 48
0.75
100
AcDbLine
 10
5.499261
 20
-3.175
 30
0.0
 11
7.639291
 21
-4.410547
 31
0.0
  0
LINE
  5
CF3
330
CEC
100
AcDbEntity
  8
Smart Centers
 62
     0
440
 16777216
 48
0.75
100
AcDbLine
 10
12.279293
 20
-7.089453
 30
0.0
 11
14.419323
 21
-8.325
 31
0.0
  0
ENDBLK
  5
CF4
330
CEC
100
AcDbEntity
  8
0
100
AcDbBlockEnd
  0
BLOCK
  5
CF7
330
CF6
100
AcDbEntity
  8
0
100
AcDbBlockBegin
  2
*U27
 70
     1
 10
0.0
 20
0.0
 30
0.0
  3
*U27
  1

  0
ARC
  5
CF8
330
CF6
100
AcDbEntity
  8
Smart Centers
  6
Continuous
 62
     0
440
 16777216
 48
0.75
100
AcDbCircle
 10
0.0
 20
0.0
 30
0.0
 40
11.5
210
0.0
220
0.0
230
-1.0
100
AcDbArc
 50
265.549895
 51
274.450105
  0
LINE
  5
CF9
330
CF6
100
AcDbEntity
  8
Smart Centers
  6
Continuous
 62
     0
440
 16777216
 48
0.75
100
AcDbLine
 10
0.0
 20
-10.607031
 30
0.0
 11
0.0
 21
-12.392969
 31
0.0
  0
ARC
  5
CFA
330
CF6
100
AcDbEntity
  8
Smart Centers
 62
     0
440
 16777216
 48
0.75
 60
     1
100
AcDbCircle
 10
0.0
 20
0.0
 30
0.0
 40
0.0
100
AcDbArc
 50
0.0
 51
0.0
  0
ARC
  5
CFB
330
CF6
100
AcDbEntity
  8
Smart Centers
 62
     0
440
 16777216
 48
0.75
 60
     1
100
AcDbCircle
 10
0.0
 20
0.0
 30
0.0
 40
0.0
100
AcDbArc
 50
0.0
 51
0.0
  0
LINE
  5
CFC
330
CF6
100
AcDbEntity
  8
Smart Centers
 62
     0
440
 16777216
 48
0.75
100
AcDbLine
 10
0.0
 20
-6.35
 30
0.0
 11
0.0
 21
-8.821094
 31
0.0
  0
LINE
  5
CFD
330
CF6
100
AcDbEntity
  8
Smart Centers
 62
     0
440
 16777216
 48
0.75
100
AcDbLine
 10
0.0
 20
-14.178906
 30
0.0
 11
0.0
 21
-16.65
 31
0.0
  0
ENDBLK
  5
CFE
330
CF6
100
AcDbEntity
  8
0
100
AcDbBlockEnd
  0
BLOCK
  5
D01
330
D00
100
AcDbEntity
  8
0
100
AcDbBlockBegin
  2
*U28
 70
     1
 10
0.0
 20
0.0
 30
0.0
  3
*U28
  1

  0
ARC
  5
D02
330
D00
100
AcDbEntity
  8
Smart Centers
  6
Continuous
 62
     0
440
 16777216
 48
0.75
100
AcDbCircle
 10
0.0
 20
0.0
 30
0.0
 40
11.50000000000035
210
0.0
220
0.0
230
-1.0
100
AcDbArc
 50
325.549895
 51
334.450105
  0
LINE
  5
D03
330
D00
100
AcDbEntity
  8
Smart Centers
  6
Continuous
 62
     0
440
 16777216
 48
0.75
100
AcDbLine
 10
-9.185959
 20
-5.303516
 30
0.0
 11
-10.732626
 21
-6.196484
 31
0.0
  0
ARC
  5
D04
330
D00
100
AcDbEntity
  8
Smart Centers
 62
     0
440
 16777216
 48
0.75
 60
     1
100
AcDbCircle
 10
0.0
 20
0.0
 30
0.0
 40
0.0
100
AcDbArc
 50
0.0
 51
0.0
  0
ARC
  5
D05
330
D00
100
AcDbEntity
  8
Smart Centers
 62
     0
440
 16777216
 48
0.75
 60
     1
100
AcDbCircle
 10
0.0
 20
0.0
 30
0.0
 40
0.0
100
AcDbArc
 50
0.0
 51
0.0
  0
LINE
  5
D06
330
D00
100
AcDbEntity
  8
Smart Centers
 62
     0
440
 16777216
 48
0.75
100
AcDbLine
 10
-5.499261
 20
-3.175
 30
0.0
 11
-7.639291
 21
-4.410547
 31
0.0
  0
LINE
  5
D07
330
D00
100
AcDbEntity
  8
Smart Centers
 62
     0
440
 16777216
 48
0.75
100
AcDbLine
 10
-12.279293
 20
-7.089453
 30
0.0
 11
-14.419323
 21
-8.325
 31
0.0
  0
ENDBLK
  5
D08
330
D00
100
AcDbEntity
  8
0
100
AcDbBlockEnd
  0
BLOCK
  5
CCC
330
CCB
100
AcDbEntity
  8
0
100
AcDbBlockBegin
  2
*U29
 70
     1
 10
0.0
 20
0.0
 30
0.0
  3
*U29
  1

  0
INSERT
  5
CCD
330
CCB
100
AcDbEntity
  8
Smart Centers
 62
     0
440
 16777216
 48
0.75
100
AcDbBlockReference
  2
*U23
 10
0.0
 20
0.0
 30
0.0
  0
INSERT
  5
CD7
330
CCB
100
AcDbEntity
  8
Smart Centers
 62
     0
440
 16777216
 48
0.75
100
AcDbBlockReference
  2
*U24
 10
0.0
 20
0.0
 30
0.0
  0
INSERT
  5
CE1
330
CCB
100
AcDbEntity
  8
Smart Centers
 62
     0
440
 16777216
 48
0.75
100
AcDbBlockReference
  2
*U25
 10
0.0
 20
0.0
 30
0.0
  0
INSERT
  5
CEB
330
CCB
100
AcDbEntity
  8
Smart Centers
 62
     0
440
 16777216
 48
0.75
100
AcDbBlockReference
  2
*U26
 10
0.0
 20
0.0
 30
0.0
  0
INSERT
  5
CF5
330
CCB
100
AcDbEntity
  8
Smart Centers
 62
     0
440
 16777216
 48
0.75
100
AcDbBlockReference
  2
*U27
 10
0.0
 20
0.0
 30
0.0
  0
INSERT
  5
CFF
330
CCB
100
AcDbEntity
  8
Smart Centers
 62
     0
440
 16777216
 48
0.75
100
AcDbBlockReference
  2
*U28
 10
0.0
 20
0.0
 30
0.0
  0
ARC
  5
D09
330
CCB
100
AcDbEntity
  8
Smart Centers
 62
     0
440
 16777216
 48
0.75
100
AcDbCircle
 10
0.0
 20
0.0
 30
0.0
 40
11.50000000000034
210
0.0
220
0.0
230
-1.0
100
AcDbArc
 50
163.377322
 51
196.622678
  0
ARC
  5
D0A
330
CCB
100
AcDbEntity
  8
Smart Centers
 62
     0
440
 16777216
 48
0.75
100
AcDbCircle
 10
0.0
 20
0.0
 30
0.0
 40
11.50000000000035
210
0.0
220
0.0
230
-1.0
100
AcDbArc
 50
223.377322
 51
256.622678
  0
ARC
  5
D0B
330
CCB
100
AcDbEntity
  8
Smart Centers
 62
     0
440
 16777216
 48
0.75
100
AcDbCircle
 10
0.0
 20
0.0
 30
0.0
 40
11.5
210
0.0
220
0.0
230
-1.0
100
AcDbArc
 50
283.377322
 51
316.622678
  0
ARC
  5
D0C
330
CCB
100
AcDbEntity
  8
Smart Centers
 62
     0
440
 16777216
 48
0.75
100
AcDbCircle
 10
0.0
 20
0.0
 30
0.0
 40
11.50000000000035
210
0.0
220
0.0
230
-1.0
100
AcDbArc
 50
343.377322
 51
16.622678
  0
ARC
  5
D0D
330
CCB
100
AcDbEntity
  8
Smart Centers
 62
     0
440
 16777216
 48
0.75
100
AcDbCircle
 10
0.0
 20
0.0
 30
0.0
 40
11.50000000000035
210
0.0
220
0.0
230
-1.0
100
AcDbArc
 50
43.377322
 51
76.622678
  0
ARC
  5
D0E
330
CCB
100
AcDbEntity
  8
Smart Centers
 62
     0
440
 16777216
 48
0.75
100
AcDbCircle
 10
0.0
 20
0.0
 30
0.0
 40
11.5
210
0.0
220
0.0
230
-1.0
100
AcDbArc
 50
103.377322
 51
136.622678
  0
ARC
  5
D0F
330
CCB
100
AcDbEntity
  8
Smart Centers
 62
     0
440
 16777216
 48
0.75
 60
     1
100
AcDbCircle
 10
0.0
 20
0.0
 30
0.0
 40
11.50000000000023
210
0.0
220
0.0
230
-1.0
100
AcDbArc
 50
150.0
 51
149.999943
  0
ENDBLK
  5
D10
330
CCB
100
AcDbEntity
  8
0
100
AcDbBlockEnd
  0
BLOCK
  5
D13
330
D12
100
AcDbEntity
  8
0
100
AcDbBlockBegin
  2
*D30
 70
     1
 10
0.0
 20
0.0
 30
0.0
  3
*D30
  1

  0
LINE
  5
D14
330
D12
100
AcDbEntity
  8
FD_Dimensions
 62
     0
440
 16777216
370
    -2
100
AcDbLine
 10
203.991631
 20
116.508533
 30
0.0
 11
167.837489
 21
106.351983
 31
0.0
  0
LINE
  5
D15
330
D12
100
AcDbEntity
  8
FD_Dimensions
 62
     0
440
 16777216
370
    -2
100
AcDbLine
 10
138.955505
 20
98.238353
 30
0.0
 11
135.58594
 21
97.291763
 31
0.0
  0
MTEXT
  5
D16
330
D12
100
AcDbEntity
  8
FD_Dimensions
 62
     0
440
 16777216
100
AcDbMText
 10
197.508959
 20
118.099446
 30
0.0
 40
3.5
 41
0.0
 46
0.0
 71
     5
 72
     1
  1
∅23
 11
0.962733
 21
0.270454
 31
0.0
 73
     1
 44
1.0
  0
LINE
  5
D17
330
D12
100
AcDbEntity
  8
FD_Dimensions
 62
     0
440
 16777216
370
    -2
100
AcDbLine
 10
142.325069
 20
99.184944
 30
0.0
 11
164.467924
 21
105.405393
 31
0.0
  0
SOLID
  5
D18
330
D12
100
AcDbEntity
  8
FD_Dimensions
 62
     0
440
 16777216
100
AcDbTrace
 10
138.79774
 20
98.799948
 30
0.0
 11
139.11327
 21
97.676759
 31
0.0
 12
142.325069
 22
99.184944
 32
0.0
 13
142.325069
 23
99.184944
 33
0.0
  0
SOLID
  5
D19
330
D12
100
AcDbEntity
  8
FD_Dimensions
 62
     0
440
 16777216
100
AcDbTrace
 10
167.679724
 20
106.913577
 30
0.0
 11
167.995254
 21
105.790389
 31
0.0
 12
164.467924
 22
105.405393
 32
0.0
 13
164.467924
 23
105.405393
 33
0.0
  0
POINT
  5
D1A
330
D12
100
AcDbEntity
  8
Defpoints
 62
     0
440
 16777216
100
AcDbPoint
 10
164.467924
 20
105.405393
 30
0.0
  0
POINT
  5
D1B
330
D12
100
AcDbEntity
  8
Defpoints
 62
     0
440
 16777216
100
AcDbPoint
 10
142.325069
 20
99.184944
 30
0.0
  0
ENDBLK
  5
D1C
330
D12
100
AcDbEntity
  8
0
100
AcDbBlockEnd
  0
BLOCK
  5
D20
330
D1F
100
AcDbEntity
  8
0
100
AcDbBlockBegin
  2
*D31
 70
     1
 10
0.0
 20
0.0
 30
0.0
  3
*D31
  1

  0
LINE
  5
1945
330
D1F
100
AcDbEntity
  8
FD_Dimensions
 62
     0
440
 16777216
370
    -2
100
AcDbLine
 10
277.904063
 20
165.781314
 30
0.0
 11
277.904063
 21
157.656096
 31
0.0
  0
LINE
  5
1946
330
D1F
100
AcDbEntity
  8
FD_Dimensions
 62
     0
440
 16777216
370
    -2
100
AcDbLine
 10
276.854063
 20
189.281314
 30
0.0
 11
276.854063
 21
157.656096
 31
0.0
  0
LINE
  5
1947
330
D1F
100
AcDbEntity
  8
FD_Dimensions
 62
     0
440
 16777216
370
    -2
100
AcDbLine
 10
281.404063
 20
159.756096
 30
0.0
 11
284.904063
 21
159.756096
 31
0.0
  0
LINE
  5
1948
330
D1F
100
AcDbEntity
  8
FD_Dimensions
 62
     0
440
 16777216
370
    -2
100
AcDbLine
 10
273.354063
 20
159.756096
 30
0.0
 11
258.265864
 21
159.756096
 31
0.0
  0
LINE
  5
1949
330
D1F
100
AcDbEntity
  8
FD_Dimensions
 62
     0
440
 16777216
370
    -2
100
AcDbLine
 10
277.904063
 20
159.756096
 30
0.0
 11
276.854063
 21
159.756096
 31
0.0
  0
SOLID
  5
194A
330
D1F
100
AcDbEntity
  8
FD_Dimensions
 62
     0
440
 16777216
100
AcDbTrace
 10
281.404063
 20
160.339429
 30
0.0
 11
281.404063
 21
159.172762
 31
0.0
 12
277.904063
 22
159.756096
 32
0.0
 13
277.904063
 23
159.756096
 33
0.0
  0
SOLID
  5
194B
330
D1F
100
AcDbEntity
  8
FD_Dimensions
 62
     0
440
 16777216
100
AcDbTrace
 10
273.354063
 20
160.339429
 30
0.0
 11
273.354063
 21
159.172762
 31
0.0
 12
276.854063
 22
159.756096
 32
0.0
 13
276.854063
 23
159.756096
 33
0.0
  0
MTEXT
  5
194C
330
D1F
100
AcDbEntity
  8
FD_Dimensions
 62
     0
440
 16777216
100
AcDbMText
 10
264.059964
 20
162.943101
 30
0.0
 40
3.5
 41
0.0
 46
0.0
 71
     5
 72
     1
  1
1.05
 73
     1
 44
1.0
  0
POINT
  5
194D
330
D1F
100
AcDbEntity
  8
Defpoints
 62
     0
440
 16777216
100
AcDbPoint
 10
277.904063
 20
167.881314
 30
0.0
  0
POINT
  5
194E
330
D1F
100
AcDbEntity
  8
Defpoints
 62
     0
440
 16777216
100
AcDbPoint
 10
276.854063
 20
191.381314
 30
0.0
  0
POINT
  5
194F
330
D1F
100
AcDbEntity
  8
Defpoints
 62
     0
440
 16777216
100
AcDbPoint
 10
276.854063
 20
159.756096
 30
0.0
  0
ENDBLK
  5
D21
330
D1F
100
AcDbEntity
  8
0
100
AcDbBlockEnd
  0
BLOCK
  5
D2E
330
D2D
100
AcDbEntity
  8
0
100
AcDbBlockBegin
  2
*D32
 70
     1
 10
0.0
 20
0.0
 30
0.0
  3
*D32
  1

  0
LINE
  5
1950
330
D2D
100
AcDbEntity
  8
FD_Dimensions
 62
     0
440
 16777216
370
    -2
100
AcDbLine
 10
277.904063
 20
165.781314
 30
0.0
 11
277.904063
 21
150.620271
 31
0.0
  0
LINE
  5
1951
330
D2D
100
AcDbEntity
  8
FD_Dimensions
 62
     0
440
 16777216
370
    -2
100
AcDbLine
 10
297.904063
 20
165.781314
 30
0.0
 11
297.904063
 21
150.620271
 31
0.0
  0
LINE
  5
1952
330
D2D
100
AcDbEntity
  8
FD_Dimensions
 62
     0
440
 16777216
370
    -2
100
AcDbLine
 10
281.404063
 20
152.720271
 30
0.0
 11
294.404063
 21
152.720271
 31
0.0
  0
SOLID
  5
1953
330
D2D
100
AcDbEntity
  8
FD_Dimensions
 62
     0
440
 16777216
100
AcDbTrace
 10
281.404063
 20
153.303604
 30
0.0
 11
281.404063
 21
152.136938
 31
0.0
 12
277.904063
 22
152.720271
 32
0.0
 13
277.904063
 23
152.720271
 33
0.0
  0
SOLID
  5
1954
330
D2D
100
AcDbEntity
  8
FD_Dimensions
 62
     0
440
 16777216
100
AcDbTrace
 10
294.404063
 20
153.303604
 30
0.0
 11
294.404063
 21
152.136938
 31
0.0
 12
297.904063
 22
152.720271
 32
0.0
 13
297.904063
 23
152.720271
 33
0.0
  0
MTEXT
  5
1955
330
D2D
100
AcDbEntity
  8
FD_Dimensions
 62
     0
440
 16777216
100
AcDbMText
 10
287.904063
 20
155.907277
 30
0.0
 40
3.5
 41
0.0
 46
0.0
 71
     5
 72
     1
  1
20
 73
     1
 44
1.0
  0
POINT
  5
1956
330
D2D
100
AcDbEntity
  8
Defpoints
 62
     0
440
 16777216
100
AcDbPoint
 10
277.904063
 20
167.881314
 30
0.0
  0
POINT
  5
1957
330
D2D
100
AcDbEntity
  8
Defpoints
 62
     0
440
 16777216
100
AcDbPoint
 10
297.904063
 20
167.881314
 30
0.0
  0
POINT
  5
1958
330
D2D
100
AcDbEntity
  8
Defpoints
 62
     0
440
 16777216
100
AcDbPoint
 10
297.904063
 20
152.720271
 30
0.0
  0
ENDBLK
  5
D2F
330
D2D
100
AcDbEntity
  8
0
100
AcDbBlockEnd
  0
BLOCK
  5
D3A
330
D39
100
AcDbEntity
  8
0
100
AcDbBlockBegin
  2
*D33
 70
     1
 10
0.0
 20
0.0
 30
0.0
  3
*D33
  1

  0
LINE
  5
1959
330
D39
100
AcDbEntity
  8
FD_Dimensions
 62
     0
440
 16777216
370
    -2
100
AcDbLine
 10
297.904063
 20
165.781314
 30
0.0
 11
297.904063
 21
157.610386
 31
0.0
  0
LINE
  5
195A
330
D39
100
AcDbEntity
  8
FD_Dimensions
 62
     0
440
 16777216
370
    -2
100
AcDbLine
 10
298.904063
 20
171.378272
 30
0.0
 11
298.904063
 21
157.610386
 31
0.0
  0
LINE
  5
195B
330
D39
100
AcDbEntity
  8
FD_Dimensions
 62
     0
440
 16777216
370
    -2
100
AcDbLine
 10
294.404063
 20
159.710386
 30
0.0
 11
290.904063
 21
159.710386
 31
0.0
  0
LINE
  5
195C
330
D39
100
AcDbEntity
  8
FD_Dimensions
 62
     0
440
 16777216
370
    -2
100
AcDbLine
 10
302.404063
 20
159.710386
 30
0.0
 11
309.993286
 21
159.710386
 31
0.0
  0
LINE
  5
195D
330
D39
100
AcDbEntity
  8
FD_Dimensions
 62
     0
440
 16777216
370
    -2
100
AcDbLine
 10
297.904063
 20
159.710386
 30
0.0
 11
298.904063
 21
159.710386
 31
0.0
  0
SOLID
  5
195E
330
D39
100
AcDbEntity
  8
FD_Dimensions
 62
     0
440
 16777216
100
AcDbTrace
 10
294.404063
 20
160.293719
 30
0.0
 11
294.404063
 21
159.127053
 31
0.0
 12
297.904063
 22
159.710386
 32
0.0
 13
297.904063
 23
159.710386
 33
0.0
  0
SOLID
  5
195F
330
D39
100
AcDbEntity
  8
FD_Dimensions
 62
     0
440
 16777216
100
AcDbTrace
 10
302.404063
 20
160.293719
 30
0.0
 11
302.404063
 21
159.127053
 31
0.0
 12
298.904063
 22
159.710386
 32
0.0
 13
298.904063
 23
159.710386
 33
0.0
  0
MTEXT
  5
1960
330
D39
100
AcDbEntity
  8
FD_Dimensions
 62
     0
440
 16777216
100
AcDbMText
 10
307.948675
 20
162.867548
 30
0.0
 40
3.5
 41
0.0
 46
0.0
 71
     5
 72
     1
  1
1
 73
     1
 44
1.0
  0
POINT
  5
1961
330
D39
100
AcDbEntity
  8
Defpoints
 62
     0
440
 16777216
100
AcDbPoint
 10
297.904063
 20
167.881314
 30
0.0
  0
POINT
  5
1962
330
D39
100
AcDbEntity
  8
Defpoints
 62
     0
440
 16777216
100
AcDbPoint
 10
298.904063
 20
173.478272
 30
0.0
  0
POINT
  5
1963
330
D39
100
AcDbEntity
  8
Defpoints
 62
     0
440
 16777216
100
AcDbPoint
 10
298.904063
 20
159.710386
 30
0.0
  0
ENDBLK
  5
D3B
330
D39
100
AcDbEntity
  8
0
100
AcDbBlockEnd
  0
BLOCK
  5
D48
330
D47
100
AcDbEntity
  8
0
100
AcDbBlockBegin
  2
*D34
 70
     1
 10
0.0
 20
0.0
 30
0.0
  3
*D34
  1

  0
LINE
  5
1964
330
D47
100
AcDbEntity
  8
FD_Dimensions
 62
     0
440
 16777216
370
    -2
100
AcDbLine
 10
298.904063
 20
171.378272
 30
0.0
 11
298.904063
 21
139.878272
 31
0.0
  0
LINE
  5
1965
330
D47
100
AcDbEntity
  8
FD_Dimensions
 62
     0
440
 16777216
370
    -2
100
AcDbLine
 10
276.854063
 20
189.281314
 30
0.0
 11
276.854063
 21
139.878272
 31
0.0
  0
LINE
  5
1966
330
D47
100
AcDbEntity
  8
FD_Dimensions
 62
     0
440
 16777216
370
    -2
100
AcDbLine
 10
295.404063
 20
141.978272
 30
0.0
 11
280.354063
 21
141.978272
 31
0.0
  0
SOLID
  5
1967
330
D47
100
AcDbEntity
  8
FD_Dimensions
 62
     0
440
 16777216
100
AcDbTrace
 10
295.404063
 20
142.561606
 30
0.0
 11
295.404063
 21
141.394939
 31
0.0
 12
298.904063
 22
141.978272
 32
0.0
 13
298.904063
 23
141.978272
 33
0.0
  0
SOLID
  5
1968
330
D47
100
AcDbEntity
  8
FD_Dimensions
 62
     0
440
 16777216
100
AcDbTrace
 10
280.354063
 20
142.561606
 30
0.0
 11
280.354063
 21
141.394939
 31
0.0
 12
276.854063
 22
141.978272
 32
0.0
 13
276.854063
 23
141.978272
 33
0.0
  0
MTEXT
  5
1969
330
D47
100
AcDbEntity
  8
FD_Dimensions
 62
     0
440
 16777216
100
AcDbMText
 10
287.879063
 20
145.165278
 30
0.0
 40
3.5
 41
0.0
 46
0.0
 71
     5
 72
     1
  1
22.05
 73
     1
 44
1.0
  0
POINT
  5
196A
330
D47
100
AcDbEntity
  8
Defpoints
 62
     0
440
 16777216
100
AcDbPoint
 10
298.904063
 20
173.478272
 30
0.0
  0
POINT
  5
196B
330
D47
100
AcDbEntity
  8
Defpoints
 62
     0
440
 16777216
100
AcDbPoint
 10
276.854063
 20
191.381314
 30
0.0
  0
POINT
  5
196C
330
D47
100
AcDbEntity
  8
Defpoints
 62
     0
440
 16777216
100
AcDbPoint
 10
276.854063
 20
141.978272
 30
0.0
  0
ENDBLK
  5
D49
330
D47
100
AcDbEntity
  8
0
100
AcDbBlockEnd
  0
BLOCK
  5
D54
330
D53
100
AcDbEntity
  8
0
100
AcDbBlockBegin
  2
*D35
 70
     1
 10
0.0
 20
0.0
 30
0.0
  3
*D35
  1

  0
LINE
  5
196D
330
D53
100
AcDbEntity
  8
FD_Dimensions
 62
     0
440
 16777216
370
    -2
100
AcDbLine
 10
295.904063
 20
165.781314
 30
0.0
 11
295.904063
 21
162.951784
 31
0.0
  0
LINE
  5
196E
330
D53
100
AcDbEntity
  8
FD_Dimensions
 62
     0
440
 16777216
370
    -2
100
AcDbLine
 10
279.904063
 20
165.781314
 30
0.0
 11
279.904063
 21
162.951784
 31
0.0
  0
LINE
  5
196F
330
D53
100
AcDbEntity
  8
FD_Dimensions
 62
     0
440
 16777216
370
    -2
100
AcDbLine
 10
292.404063
 20
165.051784
 30
0.0
 11
283.404063
 21
165.051784
 31
0.0
  0
SOLID
  5
1970
330
D53
100
AcDbEntity
  8
FD_Dimensions
 62
     0
440
 16777216
100
AcDbTrace
 10
292.404063
 20
165.635117
 30
0.0
 11
292.404063
 21
164.468451
 31
0.0
 12
295.904063
 22
165.051784
 32
0.0
 13
295.904063
 23
165.051784
 33
0.0
  0
SOLID
  5
1971
330
D53
100
AcDbEntity
  8
FD_Dimensions
 62
     0
440
 16777216
100
AcDbTrace
 10
283.404063
 20
165.635117
 30
0.0
 11
283.404063
 21
164.468451
 31
0.0
 12
279.904063
 22
165.051784
 32
0.0
 13
279.904063
 23
165.051784
 33
0.0
  0
MTEXT
  5
1972
330
D53
100
AcDbEntity
  8
FD_Dimensions
 62
     0
440
 16777216
100
AcDbMText
 10
287.904063
 20
168.23879
 30
0.0
 40
3.5
 41
0.0
 46
0.0
 71
     5
 72
     1
  1
16
 73
     1
 44
1.0
  0
POINT
  5
1973
330
D53
100
AcDbEntity
  8
Defpoints
 62
     0
440
 16777216
100
AcDbPoint
 10
295.904063
 20
167.881314
 30
0.0
  0
POINT
  5
1974
330
D53
100
AcDbEntity
  8
Defpoints
 62
     0
440
 16777216
100
AcDbPoint
 10
279.904063
 20
167.881314
 30
0.0
  0
POINT
  5
1975
330
D53
100
AcDbEntity
  8
Defpoints
 62
     0
440
 16777216
100
AcDbPoint
 10
279.904063
 20
165.051784
 30
0.0
  0
ENDBLK
  5
D55
330
D53
100
AcDbEntity
  8
0
100
AcDbBlockEnd
  0
BLOCK
  5
D60
330
D5F
100
AcDbEntity
  8
0
100
AcDbBlockBegin
  2
*D36
 70
     1
 10
0.0
 20
0.0
 30
0.0
  3
*D36
  1

  0
LINE
  5
1976
330
D5F
100
AcDbEntity
  8
FD_Dimensions
 62
     0
440
 16777216
370
    -2
100
AcDbLine
 10
203.232967
 20
244.241493
 30
0.0
 11
187.097284
 21
233.817019
 31
0.0
  0
LINE
  5
1977
330
D5F
100
AcDbEntity
  8
FD_Dimensions
 62
     0
440
 16777216
370
    -2
100
AcDbLine
 10
112.341195
 20
185.520775
 30
0.0
 11
109.401349
 21
183.621484
 31
0.0
  0
MTEXT
  5
1978
330
D5F
100
AcDbEntity
  8
FD_Dimensions
 62
     0
440
 16777216
100
AcDbMText
 10
196.58462
 20
243.857111
 30
0.0
 40
3.5
 41
0.0
 46
0.0
 71
     5
 72
     1
  1
∅82
 11
0.839956
 21
0.542654
 31
0.0
 73
     1
 44
1.0
  0
LINE
  5
1979
330
D5F
100
AcDbEntity
  8
FD_Dimensions
 62
     0
440
 16777216
370
    -2
100
AcDbLine
 10
115.281041
 20
187.420065
 30
0.0
 11
184.157438
 21
231.917728
 31
0.0
  0
SOLID
  5
197A
330
D5F
100
AcDbEntity
  8
FD_Dimensions
 62
     0
440
 16777216
100
AcDbTrace
 10
112.024647
 20
186.010749
 30
0.0
 11
112.657744
 21
185.0308
 31
0.0
 12
115.281041
 22
187.420065
 32
0.0
 13
115.281041
 23
187.420065
 33
0.0
  0
SOLID
  5
197B
330
D5F
100
AcDbEntity
  8
FD_Dimensions
 62
     0
440
 16777216
100
AcDbTrace
 10
186.780736
 20
234.306993
 30
0.0
 11
187.413832
 21
233.327044
 31
0.0
 12
184.157438
 22
231.917728
 32
0.0
 13
184.157438
 23
231.917728
 33
0.0
  0
POINT
  5
197C
330
D5F
100
AcDbEntity
  8
Defpoints
 62
     0
440
 16777216
100
AcDbPoint
 10
184.157438
 20
231.917728
 30
0.0
  0
POINT
  5
197D
330
D5F
100
AcDbEntity
  8
Defpoints
 62
     0
440
 16777216
100
AcDbPoint
 10
115.281041
 20
187.420065
 30
0.0
  0
ENDBLK
  5
D61
330
D5F
100
AcDbEntity
  8
0
100
AcDbBlockEnd
  0
BLOCK
  5
D6B
330
D6A
100
AcDbEntity
  8
0
100
AcDbBlockBegin
  2
*D37
 70
     1
 10
0.0
 20
0.0
 30
0.0
  3
*D37
  1

  0
LINE
  5
197E
330
D6A
100
AcDbEntity
  8
FD_Dimensions
 62
     0
440
 16777216
370
    -2
100
AcDbLine
 10
204.191358
 20
221.961708
 30
0.0
 11
182.39746
 21
217.043444
 31
0.0
  0
LINE
  5
197F
330
D6A
100
AcDbEntity
  8
FD_Dimensions
 62
     0
440
 16777216
370
    -2
100
AcDbLine
 10
117.04102
 20
202.29435
 30
0.0
 11
113.626877
 21
201.523875
 31
0.0
  0
MTEXT
  5
1980
330
D6A
100
AcDbEntity
  8
FD_Dimensions
 62
     0
440
 16777216
100
AcDbMText
 10
197.80579
 20
223.888165
 30
0.0
 40
3.5
 41
0.0
 46
0.0
 71
     5
 72
     1
  1
∅60
 11
0.975469
 21
0.220136
 31
0.0
 73
     1
 44
1.0
  0
LINE
  5
1981
330
D6A
100
AcDbEntity
  8
FD_Dimensions
 62
     0
440
 16777216
370
    -2
100
AcDbLine
 10
120.455162
 20
203.064825
 30
0.0
 11
178.983317
 21
216.272969
 31
0.0
  0
SOLID
  5
1982
330
D6A
100
AcDbEntity
  8
FD_Dimensions
 62
     0
440
 16777216
100
AcDbTrace
 10
116.912607
 20
202.863373
 30
0.0
 11
117.169432
 21
201.725326
 31
0.0
 12
120.455162
 22
203.064825
 32
0.0
 13
120.455162
 23
203.064825
 33
0.0
  0
SOLID
  5
1983
330
D6A
100
AcDbEntity
  8
FD_Dimensions
 62
     0
440
 16777216
100
AcDbTrace
 10
182.269047
 20
217.612468
 30
0.0
 11
182.525872
 21
216.47442
 31
0.0
 12
178.983317
 22
216.272969
 32
0.0
 13
178.983317
 23
216.272969
 33
0.0
  0
POINT
  5
1984
330
D6A
100
AcDbEntity
  8
Defpoints
 62
     0
440
 16777216
100
AcDbPoint
 10
178.983317
 20
216.272969
 30
0.0
  0
POINT
  5
1985
330
D6A
100
AcDbEntity
  8
Defpoints
 62
     0
440
 16777216
100
AcDbPoint
 10
120.455162
 20
203.064825
 30
0.0
  0
ENDBLK
  5
D6C
330
D6A
100
AcDbEntity
  8
0
100
AcDbBlockEnd
  0
BLOCK
  5
D76
330
D75
100
AcDbEntity
  8
0
100
AcDbBlockBegin
  2
*D38
 70
     1
 10
0.0
 20
0.0
 30
0.0
  3
*D38
  1

  0
LINE
  5
1986
330
D75
100
AcDbEntity
  8
FD_Dimensions
 62
     0
440
 16777216
370
    -2
100
AcDbLine
 10
188.180003
 20
145.653174
 30
0.0
 11
166.537449
 21
118.675503
 31
0.0
  0
LINE
  5
1987
330
D75
100
AcDbEntity
  8
FD_Dimensions
 62
     0
440
 16777216
370
    -2
100
AcDbLine
 10
140.255544
 20
85.914833
 30
0.0
 11
138.065386
 21
83.184777
 31
0.0
  0
MTEXT
  5
1988
330
D75
100
AcDbEntity
  8
FD_Dimensions
 62
     0
440
 16777216
100
AcDbMText
 10
181.973347
 20
143.165958
 30
0.0
 40
3.5
 41
0.0
 46
0.0
 71
     5
 72
     1
  1
∅35
 11
0.62576
 21
0.780016
 31
0.0
 73
     1
 44
1.0
  0
LINE
  5
1989
330
D75
100
AcDbEntity
  8
FD_Dimensions
 62
     0
440
 16777216
370
    -2
100
AcDbLine
 10
142.445703
 20
88.644889
 30
0.0
 11
164.34729
 21
115.945447
 31
0.0
  0
SOLID
  5
198A
330
D75
100
AcDbEntity
  8
FD_Dimensions
 62
     0
440
 16777216
100
AcDbTrace
 10
139.800535
 20
86.27986
 30
0.0
 11
140.710554
 21
85.549807
 31
0.0
 12
142.445703
 22
88.644889
 32
0.0
 13
142.445703
 23
88.644889
 33
0.0
  0
SOLID
  5
198B
330
D75
100
AcDbEntity
  8
FD_Dimensions
 62
     0
440
 16777216
100
AcDbTrace
 10
166.08244
 20
119.04053
 30
0.0
 11
166.992458
 21
118.310477
 31
0.0
 12
164.34729
 22
115.945447
 32
0.0
 13
164.34729
 23
115.945447
 33
0.0
  0
POINT
  5
198C
330
D75
100
AcDbEntity
  8
Defpoints
 62
     0
440
 16777216
100
AcDbPoint
 10
164.34729
 20
115.945447
 30
0.0
  0
POINT
  5
198D
330
D75
100
AcDbEntity
  8
Defpoints
 62
     0
440
 16777216
100
AcDbPoint
 10
142.445703
 20
88.644889
 30
0.0
  0
ENDBLK
  5
D77
330
D75
100
AcDbEntity
  8
0
100
AcDbBlockEnd
  0
BLOCK
  5
D81
330
D80
100
AcDbEntity
  8
0
100
AcDbBlockBegin
  2
*D39
 70
     1
 10
0.0
 20
0.0
 30
0.0
  3
*D39
  1

  0
LINE
  5
198E
330
D80
100
AcDbEntity
  8
FD_Dimensions
 62
     0
440
 16777216
370
    -2
100
AcDbLine
 10
203.991631
 20
116.508533
 30
0.0
 11
167.837489
 21
106.351983
 31
0.0
  0
LINE
  5
198F
330
D80
100
AcDbEntity
  8
FD_Dimensions
 62
     0
440
 16777216
370
    -2
100
AcDbLine
 10
138.955505
 20
98.238353
 30
0.0
 11
135.58594
 21
97.291763
 31
0.0
  0
MTEXT
  5
1990
330
D80
100
AcDbEntity
  8
FD_Dimensions
 62
     0
440
 16777216
100
AcDbMText
 10
197.508959
 20
118.099446
 30
0.0
 40
3.5
 41
0.0
 46
0.0
 71
     5
 72
     1
  1
∅23
 11
0.962733
 21
0.270454
 31
0.0
 73
     1
 44
1.0
  0
LINE
  5
1991
330
D80
100
AcDbEntity
  8
FD_Dimensions
 62
     0
440
 16777216
370
    -2
100
AcDbLine
 10
142.325069
 20
99.184944
 30
0.0
 11
164.467924
 21
105.405393
 31
0.0
  0
SOLID
  5
1992
330
D80
100
AcDbEntity
  8
FD_Dimensions
 62
     0
440
 16777216
100
AcDbTrace
 10
138.79774
 20
98.799948
 30
0.0
 11
139.11327
 21
97.676759
 31
0.0
 12
142.325069
 22
99.184944
 32
0.0
 13
142.325069
 23
99.184944
 33
0.0
  0
SOLID
  5
1993
330
D80
100
AcDbEntity
  8
FD_Dimensions
 62
     0
440
 16777216
100
AcDbTrace
 10
167.679724
 20
106.913577
 30
0.0
 11
167.995254
 21
105.790389
 31
0.0
 12
164.467924
 22
105.405393
 32
0.0
 13
164.467924
 23
105.405393
 33
0.0
  0
POINT
  5
1994
330
D80
100
AcDbEntity
  8
Defpoints
 62
     0
440
 16777216
100
AcDbPoint
 10
164.467924
 20
105.405393
 30
0.0
  0
POINT
  5
1995
330
D80
100
AcDbEntity
  8
Defpoints
 62
     0
440
 16777216
100
AcDbPoint
 10
142.325069
 20
99.184944
 30
0.0
  0
ENDBLK
  5
D82
330
D80
100
AcDbEntity
  8
0
100
AcDbBlockEnd
  0
ENDSEC
  0
SECTION
  2
ENTITIES
  0
INSERT
  5
B6C
330
70
100
AcDbEntity
  8
BORDER
100
AcDbBlockReference
  2
ISO_A3_SHEET
 10
0.0
 20
0.0
 30
0.0
  0
INSERT
  5
BB2
330
70
100
AcDbEntity
  8
TITLEBLOCK
100
AcDbBlockReference
 66
     1
  2
ISO_TITLEBLOCK
 10
410.0
 20
10.0
 30
0.0
  0
ATTRIB
  5
BEE
330
BB2
100
AcDbEntity
  8
TITLEBLOCK
100
AcDbText
 10
360.0
 20
11.5
 30
0.0
 40
3.5
  1

  7
FusionTitle
 11
360.0
 21
15.0
 31
0.0
100
AcDbAttribute
280
     0
  2
DATE_OF_ISSUE
 70
     0
 74
     3
280
     1
  0
ATTRIB
  5
BEF
330
BB2
100
AcDbEntity
  8
TITLEBLOCK
100
AcDbText
 10
354.0
 20
11.35
 30
0.0
 40
3.5
  1

  7
FusionTitle
 72
     1
 11
354.0
 21
14.85
 31
0.0
100
AcDbAttribute
280
     0
  2
REV
 70
     0
 74
     3
280
     1
  0
ATTRIB
  5
BF0
330
BB2
100
AcDbEntity
  8
TITLEBLOCK
100
AcDbText
 10
289.0
 20
11.5
 30
0.0
 40
5.0
  1

  7
FusionTitle
 11
289.0
 21
16.5
 31
0.0
100
AcDbAttribute
280
     0
  2
TITLE_3
 70
     0
 74
     3
280
     1
  0
ATTRIB
  5
BF1
330
BB2
100
AcDbEntity
  8
TITLEBLOCK
100
AcDbText
 10
350.0
 20
38.5
 30
0.0
 40
3.5
  1

  7
FusionTitle
 11
350.0
 21
42.0
 31
0.0
100
AcDbAttribute
280
     0
  2
DOCUMENT_STATUS
 70
     0
 74
     3
280
     1
  0
ATTRIB
  5
BF2
330
BB2
100
AcDbEntity
  8
TITLEBLOCK
100
AcDbText
 10
289.0
 20
38.5
 30
0.0
 40
3.5
  1

  7
FusionTitle
 11
289.0
 21
42.0
 31
0.0
100
AcDbAttribute
280
     0
  2
DOCUMENT_TYPE
 70
     0
 74
     3
280
     1
  0
ATTRIB
  5
BF3
330
BB2
100
AcDbEntity
  8
TITLEBLOCK
100
AcDbText
 10
409.007162
 20
48.5
 30
0.0
 40
3.5
  1

  7
FusionTitle
 72
     2
 11
409.007162
 21
52.0
 31
0.0
100
AcDbAttribute
280
     0
  2
APPROVED_DATE
 70
     0
 74
     3
280
     1
  0
ATTRIB
  5
BF4
330
BB2
100
AcDbEntity
  8
TITLEBLOCK
100
AcDbText
 10
328.967258
 20
48.5
 30
0.0
 40
3.5
  1
2026/5/3
  7
FusionTitle
 72
     2
 11
348.0
 21
52.0
 31
0.0
100
AcDbAttribute
280
     0
  2
CREATED_DATE
 70
     0
 74
     3
280
     1
  0
ATTRIB
  5
BF5
330
BB2
100
AcDbEntity
  8
TITLEBLOCK
100
AcDbText
 10
399.101467
 20
11.35
 30
0.0
 40
3.5
  1
1/1
  7
FusionTitle
 72
     1
 11
402.5
 21
14.85
 31
0.0
100
AcDbAttribute
280
     0
  2
SHEET
 70
     0
 74
     3
280
     1
  0
ATTRIB
  5
BF6
330
BB2
100
AcDbEntity
  8
TITLEBLOCK
100
AcDbText
 10
289.0
 20
19.0
 30
0.0
 40
5.0
  1

  7
FusionTitle
 11
289.0
 21
24.0
 31
0.0
100
AcDbAttribute
280
     0
  2
TITLE_2
 70
     0
 74
     3
280
     1
  0
ATTRIB
  5
BF7
330
BB2
100
AcDbEntity
  8
TITLEBLOCK
100
AcDbText
 10
379.5
 20
24.751432
 30
0.0
 40
5.0
  1

  7
FusionTitle
 72
     1
 11
379.5
 21
29.751432
 31
0.0
100
AcDbAttribute
280
     0
  2
DRAWING_NUMBER
 70
     0
 74
     3
280
     1
  0
ATTRIB
  5
BF8
330
BB2
100
AcDbEntity
  8
TITLEBLOCK
100
AcDbText
 10
289.0
 20
26.5
 30
0.0
 40
5.0
  1
SP3M72-E02
  7
FusionTitle
 11
289.0
 21
31.5
 31
0.0
100
AcDbAttribute
280
     0
  2
TITLE_1
 70
     0
 74
     3
280
     1
1001
FUSIONTITLEBLOCKATTRIBUTEOVERRIDE
1070
     1
  0
ATTRIB
  5
BF9
330
BB2
100
AcDbEntity
  8
TITLEBLOCK
100
AcDbText
 10
350.0
 20
48.5
 30
0.0
 40
3.5
  1

  7
FusionTitle
 11
350.0
 21
52.0
 31
0.0
100
AcDbAttribute
280
     0
  2
APPROVED_BY
 70
     0
 74
     3
280
     1
  0
ATTRIB
  5
BFA
330
BB2
100
AcDbEntity
  8
TITLEBLOCK
100
AcDbText
 10
289.0
 20
48.5
 30
0.0
 40
3.5
  1
WL Zhang
  7
FusionTitle
 11
289.0
 21
52.0
 31
0.0
100
AcDbAttribute
280
     0
  2
CREATED_BY
 70
     0
 74
     3
280
     1
  0
ATTRIB
  5
BFB
330
BB2
100
AcDbEntity
  8
TITLEBLOCK
100
AcDbText
 10
255.0
 20
48.5
 30
0.0
 40
3.5
  1

  7
FusionTitle
 11
255.0
 21
52.0
 31
0.0
100
AcDbAttribute
280
     0
  2
TECHNICAL_REFERENCE
 70
     0
 74
     3
280
     1
  0
ATTRIB
  5
BFC
330
BB2
100
AcDbEntity
  8
TITLEBLOCK
100
AcDbText
 10
231.0
 20
48.5
 30
0.0
 40
3.5
  1

  7
FusionTitle
 11
231.0
 21
52.0
 31
0.0
100
AcDbAttribute
280
     0
  2
DEPT
 70
     0
 74
     3
280
     1
  0
SEQEND
  5
BFD
330
BB2
100
AcDbEntity
  8
TITLEBLOCK
  0
DIMENSION
  5
BFE
330
70
100
AcDbEntity
  8
FD_Dimensions
100
AcDbDimension
280
     0
  2
*D31
 10
276.854063
 20
159.756096
 30
0.0
 11
264.059964
 21
159.756096
 31
0.0
 70
   160
 71
     5
 42
1.05
 73
     0
 74
     0
 75
     0
  3
Dim-ISO-25
100
AcDbAlignedDimension
 13
277.904063
 23
167.881314
 33
0.0
 14
276.854063
 24
191.381314
 34
0.0
100
AcDbRotatedDimension
1001
ACAD_DIMASSOC_CALC_DIMLFAC
1040
-1.0
1001
ACAD_DIMASSOC_DIMLFAC
1040
-1.0
1001
ACAD_DIMASSOC_OVERRIDDEN_DIMLFAC
1040
0.0
1001
ACAD_DSTYLE_DIMJAG_POSITION
1070
   387
1070
     0
1070
   389
1010
0.0
1020
0.0
1030
0.0
1001
ACAD
1000
DSTYLE
1002
{
1070
   144
1040
1.0
1002
}
  0
DIMENSION
  5
C0E
330
70
100
AcDbEntity
  8
FD_Dimensions
100
AcDbDimension
280
     0
  2
*D32
 10
297.904063
 20
152.720271
 30
0.0
 11
287.904063
 21
155.907277
 31
0.0
 70
    32
 71
     5
 42
20.0
 73
     0
 74
     0
 75
     0
  3
Dim-ISO-25
100
AcDbAlignedDimension
 13
277.904063
 23
167.881314
 33
0.0
 14
297.904063
 24
167.881314
 34
0.0
100
AcDbRotatedDimension
1001
ACAD_DIMASSOC_CALC_DIMLFAC
1040
-1.0
1001
ACAD_DIMASSOC_DIMLFAC
1040
-1.0
1001
ACAD_DIMASSOC_OVERRIDDEN_DIMLFAC
1040
0.0
1001
ACAD_TC
1000
DSTYLE_TC
1002
{
1070
   177
1004
18000000020000008C8C8CC2000000000000000000000000
1070
   176
1004
18000000020000008C8C8CC2000000000000000000000000
1002
}
1001
ACAD_DSTYLE_DIMJAG_POSITION
1070
   387
1070
     0
1070
   389
1010
0.0
1020
0.0
1030
0.0
1001
ACAD
1000
DSTYLE
1002
{
1070
   177
1070
     0
1070
   176
1070
     0
1070
   144
1040
1.0
1002
}
  0
DIMENSION
  5
C1B
330
70
100
AcDbEntity
  8
FD_Dimensions
100
AcDbDimension
280
     0
  2
*D33
 10
298.904063
 20
159.710386
 30
0.0
 11
307.948675
 21
159.710386
 31
0.0
 70
   160
 71
     5
 73
     0
 74
     0
 75
     0
  3
Dim-ISO-25
100
AcDbAlignedDimension
 13
297.904063
 23
167.881314
 33
0.0
 14
298.904063
 24
173.478272
 34
0.0
100
AcDbRotatedDimension
1001
ACAD_DIMASSOC_CALC_DIMLFAC
1040
-1.0
1001
ACAD_DIMASSOC_DIMLFAC
1040
-1.0
1001
ACAD_DIMASSOC_OVERRIDDEN_DIMLFAC
1040
0.0
1001
ACAD_DSTYLE_DIMJAG_POSITION
1070
   387
1070
     0
1070
   389
1010
0.0
1020
0.0
1030
0.0
1001
ACAD
1000
DSTYLE
1002
{
1070
   144
1040
1.0
1002
}
  0
DIMENSION
  5
C2A
330
70
100
AcDbEntity
  8
FD_Dimensions
100
AcDbDimension
280
     0
  2
*D34
 10
276.854063
 20
141.978272
 30
0.0
 11
287.879063
 21
145.165278
 31
0.0
 70
    32
 71
     5
 42
22.05
 73
     0
 74
     0
 75
     0
  3
Dim-ISO-25
100
AcDbAlignedDimension
 13
298.904063
 23
173.478272
 33
0.0
 14
276.854063
 24
191.381314
 34
0.0
100
AcDbRotatedDimension
1001
ACAD_DIMASSOC_CALC_DIMLFAC
1040
-1.0
1001
ACAD_DIMASSOC_DIMLFAC
1040
-1.0
1001
ACAD_DIMASSOC_OVERRIDDEN_DIMLFAC
1040
0.0
1001
ACAD_TC
1000
DSTYLE_TC
1002
{
1070
   177
1004
18000000020000008C8C8CC2000000000000000000000000
1070
   176
1004
18000000020000008C8C8CC2000000000000000000000000
1002
}
1001
ACAD_DSTYLE_DIMJAG_POSITION
1070
   387
1070
     0
1070
   389
1010
0.0
1020
0.0
1030
0.0
1001
ACAD
1000
DSTYLE
1002
{
1070
   177
1070
     0
1070
   176
1070
     0
1070
   144
1040
1.0
1002
}
  0
DIMENSION
  5
C37
330
70
100
AcDbEntity
  8
FD_Dimensions
100
AcDbDimension
280
     0
  2
*D35
 10
279.904063
 20
165.051784
 30
0.0
 11
287.904063
 21
168.23879
 31
0.0
 70
    32
 71
     5
 42
16.0
 73
     0
 74
     0
 75
     0
  3
Dim-ISO-25
100
AcDbAlignedDimension
 13
295.904063
 23
167.881314
 33
0.0
 14
279.904063
 24
167.881314
 34
0.0
100
AcDbRotatedDimension
1001
ACAD_DIMASSOC_CALC_DIMLFAC
1040
-1.0
1001
ACAD_DIMASSOC_DIMLFAC
1040
-1.0
1001
ACAD_DIMASSOC_OVERRIDDEN_DIMLFAC
1040
0.0
1001
ACAD_TC
1000
DSTYLE_TC
1002
{
1070
   177
1004
18000000020000008C8C8CC2000000000000000000000000
1070
   176
1004
18000000020000008C8C8CC2000000000000000000000000
1002
}
1001
ACAD_DSTYLE_DIMJAG_POSITION
1070
   387
1070
     0
1070
   389
1010
0.0
1020
0.0
1030
0.0
1001
ACAD
1000
DSTYLE
1002
{
1070
   177
1070
     0
1070
   176
1070
     0
1070
   144
1040
1.0
1002
}
  0
DIMENSION
  5
C44
330
70
100
AcDbEntity
  8
FD_Dimensions
100
AcDbDimension
280
     0
  2
*D36
 10
115.281041
 20
187.420065
 30
0.0
 11
198.367181
 21
241.097947
 31
0.0
 70
   163
 71
     5
 42
82.0
 73
     0
 74
     0
 75
     0
  3
Dim-ISO-25
100
AcDbDiametricDimension
 15
184.157438
 25
231.917728
 35
0.0
 40
0.0
1001
ACAD_DIMASSOC_CALC_DIMLFAC
1040
-1.0
1001
ACAD_DIMASSOC_DIMLFAC
1040
-1.0
1001
ACAD_DIMASSOC_OVERRIDDEN_DIMLFAC
1040
0.0
1001
ACAD_TC
1000
DSTYLE_TC
1002
{
1070
   176
1004
18000000020000008C8C8CC2000000000000000000000000
1070
   177
1004
18000000020000008C8C8CC2000000000000000000000000
1002
}
1001
ACAD_DSTYLE_DIMJAG_POSITION
1070
   387
1070
     0
1070
   389
1010
0.0
1020
0.0
1030
0.0
1001
ACAD_DSTYLE_DIMRADIAL_EXTENSION
1070
   387
1070
     1
1070
   388
1040
0.0
1070
   390
1040
0.0
1001
ACAD
1000
DSTYLE
1002
{
1070
   144
1040
1.0
1070
   176
1070
     0
1070
   177
1070
     0
1002
}
  0
INSERT
  5
C50
330
70
100
AcDbEntity
  8
Smart Centers
 48
0.75
100
AcDbBlockReference
  2
*U20
 10
149.71924
 20
209.668897
 30
0.0
  0
MULTILEADER
  5
CAE
102
{ACAD_XDICTIONARY
360
CAF
102
}
330
70
100
AcDbEntity
  8
Leaders
160
              1084
310
3C0400001B0000000C00000016000000000000C00C00000033000000000000000C00000013000000993A0000C800000026000000B0D4DCDFAAD1684067894C31F8B16840000000000000000000000000000000000000000000000000000000000000F03F000000000000F03F00000000000000000000000000000000380078
310
0020004D003300780030002E0035002000000000000A000000010000000000000000000C40000000000000F03F0000000000000000000000000000F03F00000000000000000000000000000000000000000000000000000000010000002200000041007200690061006C0000000000000000000000BC00000026000000A1F0
310
4C2BF3CE6B4067894C31F8B16840000000000000000000000000000000000000000000000000000000000000F03F000000000000F03F000000000000000000000000000000007800000001000000010000000000000000000C40000000000000F03F0000000000000000000000000000F03F00000000000000000000000000
310
00000000000000000000000000000001000000000000000000340061006D006700640074002E00730068007800000000000000B800000026000000F645A28048546C4067894C31F8B16840000000000000000000000000000000000000000000000000000000000000F03F000000000000F03F000000000000000000000000
310
00000000200036000000330002000000010000000000000000000C40000000000000F03F0000000000000000000000000000F03F00000000000000000000000000000000000000000000000000000000010000002200000041007200690061006C000000000000000000F03F0C00000033000000000000000C000000100000
310
000A0000000C00000016000000000000C00C00000012000000FF7F00000C00000013000000010000000C00000014000000010000005400000007000000030000002D0E8C2A37DE664079CCB74FDFC36940000000000000000080455514D19366406A82FB95A5196A4000000000000000008683224003F666404178B85AA3E0
310
694000000000000000000C00000014000000010000000C00000013000000891300003C0000000600000002000000D94857351DEA66405D22385541D269400000000000000000B0D4DCDFAA6168400023E6CA919B684000000000000000000C00000013000000112700003C0000000600000002000000B0D4DCDFAA61684000
310
23E6CA919B68400000000000000000B0D4DCDFAAD168400023E6CA919B684000000000000000000C00000016000000000000C00C00000012000000FF7F00000C00000017000000000000000C000000130000009A3A00003C0000000600000002000000B0D4DCDFAAD168400023E6CA919B68400000000000000000D0A16FC5
310
3FC96C400023E6CA919B684000000000000000000C00000016000000000000C00C00000012000000FF7F00000C00000017000000FFFFFFFF0C0000003300000000000000
100
AcDbMLeader
270
     2
300
CONTEXT_DATA{
 40
1.0
 10
198.552109
 20
196.861547
 30
0.0
 41
3.5
140
3.5
145
0.0
174
     5
175
     5
176
     0
177
     0
290
     1
304
8x M3x0.5 {\Famgdt|c0;x} 6{\fSimSun|b0|i0|c134|p2;  }
 11
0.0
 21
0.0
 31
1.0
340
55
 12
198.552109
 22
201.075872
 32
0.0
 13
1.0
 23
0.0
 33
0.0
 42
0.0
 43
0.0
 44
0.0
 45
1.0
170
     1
 90
-1073741824
171
     1
172
     5
 91
-1073741824
141
0.0
 92
        0
291
     0
292
     0
173
     0
293
     0
142
0.0
143
0.0
294
     0
295
     0
296
     0
110
180.619272
120
208.801463
130
0.0
111
1.0
121
0.0
131
0.0
112
0.0
122
1.0
132
0.0
297
     0
302
LEADER{
290
     1
291
     1
 10
195.052109
 20
196.861547
 30
0.0
 11
1.0
 21
0.0
 31
0.0
 90
        0
 40
3.5
304
LEADER_LINE{
 10
180.619272
 20
208.801463
 30
0.0
 91
        0
305
}
271
     0
303
}
272
     9
273
     9
301
}
340
CB1
 90
   279552
170
     1
 91
-1056964608
341
5B
171
    -2
290
     1
291
     1
 41
3.5
 42
3.5
172
     2
343
55
173
     5
 95
        5
174
     1
175
     0
 92
-1056964608
292
     0
 93
-1056964608
 10
1.0
 20
1.0
 30
1.0
 43
0.0
176
     0
293
     0
294
     0
178
     0
179
     1
 45
1.0
271
     0
272
     9
273
     9
295
     0
  0
DIMENSION
  5
CB2
330
70
100
AcDbEntity
  8
FD_Dimensions
100
AcDbDimension
280
     0
  2
*D37
 10
120.455162
 20
203.064825
 30
0.0
 11
198.528912
 21
220.683855
 31
0.0
 70
   163
 71
     5
 42
60.0
 73
     0
 74
     0
 75
     0
  3
Dim-ISO-25
100
AcDbDiametricDimension
 15
178.983317
 25
216.272969
 35
0.0
 40
0.0
1001
ACAD_DIMASSOC_CALC_DIMLFAC
1040
-1.0
1001
ACAD_DIMASSOC_DIMLFAC
1040
-1.0
1001
ACAD_DIMASSOC_OVERRIDDEN_DIMLFAC
1040
0.0
1001
ACAD_TC
1000
DSTYLE_TC
1002
{
1070
   176
1004
18000000020000008C8C8CC2000000000000000000000000
1070
   177
1004
18000000020000008C8C8CC2000000000000000000000000
1002
}
1001
ACAD_DSTYLE_DIMJAG_POSITION
1070
   387
1070
     0
1070
   389
1010
0.0
1020
0.0
1030
0.0
1001
ACAD_DSTYLE_DIMRADIAL_EXTENSION
1070
   387
1070
     1
1070
   388
1040
5.497788
1070
   390
1040
5.497787
1001
ACAD
1000
DSTYLE
1002
{
1070
   144
1040
1.0
1070
   176
1070
     0
1070
   177
1070
     0
1002
}
  0
DIMENSION
  5
CBE
330
70
100
AcDbEntity
  8
FD_Dimensions
100
AcDbDimension
280
     0
  2
*D38
 10
142.445703
 20
88.644889
 30
0.0
 11
184.535615
 21
141.110406
 31
0.0
 70
   163
 71
     5
 42
35.0
 73
     0
 74
     0
 75
     0
  3
Dim-ISO-25
100
AcDbDiametricDimension
 15
164.34729
 25
115.945447
 35
0.0
 40
0.0
1001
ACAD_DIMASSOC_CALC_DIMLFAC
1040
-1.0
1001
ACAD_DIMASSOC_DIMLFAC
1040
-1.0
1001
ACAD_DIMASSOC_OVERRIDDEN_DIMLFAC
1040
0.0
1001
ACAD_DSTYLE_DIMJAG_POSITION
1070
   387
1070
     0
1070
   389
1010
0.0
1020
0.0
1030
0.0
1001
ACAD_DSTYLE_DIMRADIAL_EXTENSION
1070
   387
1070
     1
1070
   388
1040
0.0
1070
   390
1040
0.0
1001
ACAD
1000
DSTYLE
1002
{
1070
   144
1040
1.0
1002
}
  0
INSERT
  5
CCA
330
70
100
AcDbEntity
  8
Smart Centers
 48
0.75
100
AcDbBlockReference
  2
*U29
 10
153.396497
 20
102.295168
 30
0.0
  0
DIMENSION
  5
D11
330
70
100
AcDbEntity
  8
FD_Dimensions
100
AcDbDimension
280
     0
  2
*D39
 10
142.325069
 20
99.184944
 30
0.0
 11
198.397372
 21
114.936974
 31
0.0
 70
   163
 71
     5
 42
23.0
 73
     0
 74
     0
 75
     0
  3
Dim-ISO-25
100
AcDbDiametricDimension
 15
164.467924
 25
105.405393
 35
0.0
 40
0.0
1001
ACAD_DIMASSOC_CALC_DIMLFAC
1040
-1.0
1001
ACAD_DIMASSOC_DIMLFAC
1040
-1.0
1001
ACAD_DIMASSOC_OVERRIDDEN_DIMLFAC
1040
0.0
1001
ACAD_TC
1000
DSTYLE_TC
1002
{
1070
   176
1004
18000000020000008C8C8CC2000000000000000000000000
1070
   177
1004
18000000020000008C8C8CC2000000000000000000000000
1002
}
1001
ACAD_DSTYLE_DIMJAG_POSITION
1070
   387
1070
     0
1070
   389
1010
0.0
1020
0.0
1030
0.0
1001
ACAD_DSTYLE_DIMRADIAL_EXTENSION
1070
   387
1070
     1
1070
   388
1040
0.5236
1070
   390
1040
0.523599
1001
ACAD
1000
DSTYLE
1002
{
1070
   144
1040
1.0
1070
   176
1070
     0
1070
   177
1070
     0
1002
}
  0
MULTILEADER
  5
D1D
330
70
100
AcDbEntity
  8
Leaders
160
               720
310
D0020000190000000C00000016000000000000C00C00000033000000000000000C00000013000000993A0000D000000026000000810F22FCB3626840AC02875F1D755340000000000000000000000000000000000000000000000000000000000000F03F000000000000F03F00000000000000000000000000000000360078
310
0020004D003400780030002E00370020005400480052005500000000000E000000010000000000000000000C40000000000000F03F0000000000000000000000000000F03F00000000000000000000000000000000000000000000000000000000010000002200000041007200690061006C00000000000000000000000C00
310
000033000000000000000C000000100000000A0000000C00000016000000000000C00C00000012000000FF7F00000C00000013000000010000000C0000001400000001000000540000000700000003000000CE83485711D664404A503451982A57400000000000000000005D1BE62E82644048B35A4AA4C357400000000000
310
000000F3D6C8115AEA64408A307D854769574000000000000000000C00000014000000010000000C00000013000000891300003C000000060000000200000060AD88B435E064406AC058EBEF495740000000000000000070740DF395F86740E035BA925048534000000000000000000C00000013000000112700003C000000
310
060000000200000070740DF395F86740E035BA9250485340000000000000000070740DF395686840E035BA925048534000000000000000000C00000016000000000000C00C00000012000000FF7F00000C00000017000000000000000C000000130000009A3A00003C000000060000000200000070740DF395686840E035BA
310
92504853400000000000000000BEFE1102EF056D40E035BA925048534000000000000000000C00000016000000000000C00C00000012000000FF7F00000C00000017000000FFFFFFFF0C0000003300000000000000
100
AcDbMLeader
270
     2
300
CONTEXT_DATA{
 40
1.0
 10
195.268304
 20
77.129918
 30
0.0
 41
3.5
140
3.5
145
0.0
174
     5
175
     5
176
     0
177
     0
290
     1
304
6x M4x0.7 THRU
 11
0.0
 21
0.0
 31
1.0
340
55
 12
195.268304
 22
81.344242
 32
0.0
 13
1.0
 23
0.0
 33
0.0
 42
0.0
 43
0.0
 44
0.0
 45
1.0
170
     1
 90
-1073741824
171
     1
172
     5
 91
-1073741824
141
0.0
 92
        0
291
     0
292
     0
173
     0
293
     0
142
0.0
143
0.0
294
     0
295
     0
296
     0
110
164.068225
120
95.056902
130
0.0
111
1.0
121
0.0
131
0.0
112
0.0
122
1.0
132
0.0
297
     0
302
LEADER{
290
     1
291
     1
 10
191.768304
 20
77.129918
 30
0.0
 11
1.0
 21
0.0
 31
0.0
 90
        0
 40
3.5
304
LEADER_LINE{
 10
164.068225
 20
95.056902
 30
0.0
 91
        0
305
}
271
     0
303
}
272
     9
273
     9
301
}
340
CB1
 90
   279552
170
     1
 91
-1056964608
341
5B
171
    -2
290
     1
291
     1
 41
3.5
 42
3.5
172
     2
343
55
173
     5
 95
        5
174
     1
175
     0
 92
-1056964608
292
     0
 93
-1056964608
 10
1.0
 20
1.0
 30
1.0
 43
0.0
176
     0
293
     0
294
     0
178
     0
179
     1
 45
1.0
271
     0
272
     9
273
     9
295
     0
  0
LINE
  5
E7F
330
70
100
AcDbEntity
  8
Visible
100
AcDbLine
 10
295.904063
 20
249.881314
 30
0.0
 11
295.904063
 21
167.881314
 31
0.0
210
0.0
220
1.0
230
0.0
  0
LINE
  5
E80
330
70
100
AcDbEntity
  8
Visible
100
AcDbLine
 10
297.904063
 20
167.881314
 30
0.0
 11
297.904063
 21
249.881314
 31
0.0
210
0.0
220
1.0
230
0.0
  0
LINE
  5
E81
330
70
100
AcDbEntity
  8
Visible
100
AcDbLine
 10
279.904063
 20
167.881314
 30
0.0
 11
279.904063
 21
249.881314
 31
0.0
210
0.0
220
1.0
230
0.0
  0
LINE
  5
E82
330
70
100
AcDbEntity
  8
Visible
100
AcDbLine
 10
277.904063
 20
249.881314
 30
0.0
 11
277.904063
 21
167.881314
 31
0.0
210
0.0
220
1.0
230
0.0
  0
LINE
  5
E83
330
70
100
AcDbEntity
  8
Visible
100
AcDbLine
 10
295.904063
 20
242.81904
 30
0.0
 11
279.904063
 21
242.81904
 31
0.0
210
0.0
220
1.0
230
0.0
  0
LINE
  5
E84
330
70
100
AcDbEntity
  8
Visible
100
AcDbLine
 10
295.904063
 20
242.863307
 30
0.0
 11
279.904063
 21
242.863307
 31
0.0
210
0.0
220
1.0
230
0.0
  0
LINE
  5
E85
330
70
100
AcDbEntity
  8
Visible
100
AcDbLine
 10
295.904063
 20
242.648952
 30
0.0
 11
279.904063
 21
242.648952
 31
0.0
210
0.0
220
1.0
230
0.0
  0
LINE
  5
E86
330
70
100
AcDbEntity
  8
Visible
100
AcDbLine
 10
295.904063
 20
242.516485
 30
0.0
 11
279.904063
 21
242.516485
 31
0.0
210
0.0
220
1.0
230
0.0
  0
LINE
  5
E87
330
70
100
AcDbEntity
  8
Visible
100
AcDbLine
 10
295.904063
 20
174.943588
 30
0.0
 11
279.904063
 21
174.943588
 31
0.0
210
0.0
220
1.0
230
0.0
  0
LINE
  5
E88
330
70
100
AcDbEntity
  8
Visible
100
AcDbLine
 10
295.904063
 20
174.89932
 30
0.0
 11
279.904063
 21
174.89932
 31
0.0
210
0.0
220
1.0
230
0.0
  0
LINE
  5
E89
330
70
100
AcDbEntity
  8
Visible
100
AcDbLine
 10
295.904063
 20
175.246142
 30
0.0
 11
279.904063
 21
175.246142
 31
0.0
210
0.0
220
1.0
230
0.0
  0
LINE
  5
E8A
330
70
100
AcDbEntity
  8
Visible
100
AcDbLine
 10
295.904063
 20
175.113676
 30
0.0
 11
279.904063
 21
175.113676
 31
0.0
210
0.0
220
1.0
230
0.0
  0
LINE
  5
E8B
330
70
100
AcDbEntity
  8
Visible
100
AcDbLine
 10
295.904063
 20
175.804681
 30
0.0
 11
279.904063
 21
175.804681
 31
0.0
210
0.0
220
1.0
230
0.0
  0
LINE
  5
E8C
330
70
100
AcDbEntity
  8
Visible
100
AcDbLine
 10
295.904063
 20
175.585024
 30
0.0
 11
279.904063
 21
175.585024
 31
0.0
210
0.0
220
1.0
230
0.0
  0
LINE
  5
E8D
330
70
100
AcDbEntity
  8
Visible
100
AcDbLine
 10
295.904063
 20
176.614952
 30
0.0
 11
279.904063
 21
176.614952
 31
0.0
210
0.0
220
1.0
230
0.0
  0
LINE
  5
E8E
330
70
100
AcDbEntity
  8
Visible
100
AcDbLine
 10
295.904063
 20
176.309776
 30
0.0
 11
279.904063
 21
176.309776
 31
0.0
210
0.0
220
1.0
230
0.0
  0
LINE
  5
E8F
330
70
100
AcDbEntity
  8
Visible
100
AcDbLine
 10
295.904063
 20
177.67079
 30
0.0
 11
279.904063
 21
177.67079
 31
0.0
210
0.0
220
1.0
230
0.0
  0
LINE
  5
E90
330
70
100
AcDbEntity
  8
Visible
100
AcDbLine
 10
295.904063
 20
177.282418
 30
0.0
 11
279.904063
 21
177.282418
 31
0.0
210
0.0
220
1.0
230
0.0
  0
LINE
  5
E91
330
70
100
AcDbEntity
  8
Visible
100
AcDbLine
 10
295.904063
 20
178.964159
 30
0.0
 11
279.904063
 21
178.964159
 31
0.0
210
0.0
220
1.0
230
0.0
  0
LINE
  5
E92
330
70
100
AcDbEntity
  8
Visible
100
AcDbLine
 10
295.904063
 20
178.495547
 30
0.0
 11
279.904063
 21
178.495547
 31
0.0
210
0.0
220
1.0
230
0.0
  0
LINE
  5
E93
330
70
100
AcDbEntity
  8
Visible
100
AcDbLine
 10
295.904063
 20
180.485216
 30
0.0
 11
279.904063
 21
180.485216
 31
0.0
210
0.0
220
1.0
230
0.0
  0
LINE
  5
E94
330
70
100
AcDbEntity
  8
Visible
100
AcDbLine
 10
295.904063
 20
179.939929
 30
0.0
 11
279.904063
 21
179.939929
 31
0.0
210
0.0
220
1.0
230
0.0
  0
LINE
  5
E95
330
70
100
AcDbEntity
  8
Visible
100
AcDbLine
 10
295.904063
 20
182.222384
 30
0.0
 11
279.904063
 21
182.222384
 31
0.0
210
0.0
220
1.0
230
0.0
  0
LINE
  5
E96
330
70
100
AcDbEntity
  8
Visible
100
AcDbLine
 10
295.904063
 20
181.604573
 30
0.0
 11
279.904063
 21
181.604573
 31
0.0
210
0.0
220
1.0
230
0.0
  0
LINE
  5
E97
330
70
100
AcDbEntity
  8
Visible
100
AcDbLine
 10
295.904063
 20
184.162442
 30
0.0
 11
279.904063
 21
184.162442
 31
0.0
210
0.0
220
1.0
230
0.0
  0
LINE
  5
E98
330
70
100
AcDbEntity
  8
Visible
100
AcDbLine
 10
295.904063
 20
183.476809
 30
0.0
 11
279.904063
 21
183.476809
 31
0.0
210
0.0
220
1.0
230
0.0
  0
LINE
  5
E99
330
70
100
AcDbEntity
  8
Visible
100
AcDbLine
 10
295.904063
 20
186.290626
 30
0.0
 11
279.904063
 21
186.290626
 31
0.0
210
0.0
220
1.0
230
0.0
  0
LINE
  5
E9A
330
70
100
AcDbEntity
  8
Visible
100
AcDbLine
 10
295.904063
 20
185.542389
 30
0.0
 11
279.904063
 21
185.542389
 31
0.0
210
0.0
220
1.0
230
0.0
  0
LINE
  5
E9B
330
70
100
AcDbEntity
  8
Visible
100
AcDbLine
 10
295.904063
 20
188.590739
 30
0.0
 11
279.904063
 21
188.590739
 31
0.0
210
0.0
220
1.0
230
0.0
  0
LINE
  5
E9C
330
70
100
AcDbEntity
  8
Visible
100
AcDbLine
 10
295.904063
 20
187.785592
 30
0.0
 11
279.904063
 21
187.785592
 31
0.0
210
0.0
220
1.0
230
0.0
  0
LINE
  5
E9D
330
70
100
AcDbEntity
  8
Visible
100
AcDbLine
 10
295.904063
 20
191.045276
 30
0.0
 11
279.904063
 21
191.045276
 31
0.0
210
0.0
220
1.0
230
0.0
  0
LINE
  5
E9E
330
70
100
AcDbEntity
  8
Visible
100
AcDbLine
 10
295.904063
 20
190.189347
 30
0.0
 11
279.904063
 21
190.189347
 31
0.0
210
0.0
220
1.0
230
0.0
  0
LINE
  5
E9F
330
70
100
AcDbEntity
  8
Visible
100
AcDbLine
 10
295.904063
 20
193.635555
 30
0.0
 11
279.904063
 21
193.635555
 31
0.0
210
0.0
220
1.0
230
0.0
  0
LINE
  5
EA0
330
70
100
AcDbEntity
  8
Visible
100
AcDbLine
 10
295.904063
 20
192.735358
 30
0.0
 11
279.904063
 21
192.735358
 31
0.0
210
0.0
220
1.0
230
0.0
  0
LINE
  5
EA1
330
70
100
AcDbEntity
  8
Visible
100
AcDbLine
 10
295.904063
 20
196.341864
 30
0.0
 11
279.904063
 21
196.341864
 31
0.0
210
0.0
220
1.0
230
0.0
  0
LINE
  5
EA2
330
70
100
AcDbEntity
  8
Visible
100
AcDbLine
 10
295.904063
 20
195.40425
 30
0.0
 11
279.904063
 21
195.40425
 31
0.0
210
0.0
220
1.0
230
0.0
  0
LINE
  5
EA3
330
70
100
AcDbEntity
  8
Visible
100
AcDbLine
 10
295.904063
 20
199.143606
 30
0.0
 11
279.904063
 21
199.143606
 31
0.0
210
0.0
220
1.0
230
0.0
  0
LINE
  5
EA4
330
70
100
AcDbEntity
  8
Visible
100
AcDbLine
 10
295.904063
 20
198.175711
 30
0.0
 11
279.904063
 21
198.175711
 31
0.0
210
0.0
220
1.0
230
0.0
  0
LINE
  5
EA5
330
70
100
AcDbEntity
  8
Visible
100
AcDbLine
 10
295.904063
 20
202.019457
 30
0.0
 11
279.904063
 21
202.019457
 31
0.0
210
0.0
220
1.0
230
0.0
  0
LINE
  5
EA6
330
70
100
AcDbEntity
  8
Visible
100
AcDbLine
 10
295.904063
 20
201.028648
 30
0.0
 11
279.904063
 21
201.028648
 31
0.0
210
0.0
220
1.0
230
0.0
  0
LINE
  5
EA7
330
70
100
AcDbEntity
  8
Visible
100
AcDbLine
 10
295.904063
 20
204.947531
 30
0.0
 11
279.904063
 21
204.947531
 31
0.0
210
0.0
220
1.0
230
0.0
  0
LINE
  5
EA8
330
70
100
AcDbEntity
  8
Visible
100
AcDbLine
 10
295.904063
 20
203.941348
 30
0.0
 11
279.904063
 21
203.941348
 31
0.0
210
0.0
220
1.0
230
0.0
  0
LINE
  5
EA9
330
70
100
AcDbEntity
  8
Visible
100
AcDbLine
 10
295.904063
 20
207.905544
 30
0.0
 11
279.904063
 21
207.905544
 31
0.0
210
0.0
220
1.0
230
0.0
  0
LINE
  5
EAA
330
70
100
AcDbEntity
  8
Visible
100
AcDbLine
 10
295.904063
 20
206.891645
 30
0.0
 11
279.904063
 21
206.891645
 31
0.0
210
0.0
220
1.0
230
0.0
  0
LINE
  5
EAB
330
70
100
AcDbEntity
  8
Visible
100
AcDbLine
 10
295.904063
 20
210.870983
 30
0.0
 11
279.904063
 21
210.870983
 31
0.0
210
0.0
220
1.0
230
0.0
  0
LINE
  5
EAC
330
70
100
AcDbEntity
  8
Visible
100
AcDbLine
 10
295.904063
 20
209.857084
 30
0.0
 11
279.904063
 21
209.857084
 31
0.0
210
0.0
220
1.0
230
0.0
  0
LINE
  5
EAD
330
70
100
AcDbEntity
  8
Visible
100
AcDbLine
 10
295.904063
 20
213.821279
 30
0.0
 11
279.904063
 21
213.821279
 31
0.0
210
0.0
220
1.0
230
0.0
  0
LINE
  5
EAE
330
70
100
AcDbEntity
  8
Visible
100
AcDbLine
 10
295.904063
 20
212.815096
 30
0.0
 11
279.904063
 21
212.815096
 31
0.0
210
0.0
220
1.0
230
0.0
  0
LINE
  5
EAF
330
70
100
AcDbEntity
  8
Visible
100
AcDbLine
 10
295.904063
 20
216.73398
 30
0.0
 11
279.904063
 21
216.73398
 31
0.0
210
0.0
220
1.0
230
0.0
  0
LINE
  5
EB0
330
70
100
AcDbEntity
  8
Visible
100
AcDbLine
 10
295.904063
 20
215.743171
 30
0.0
 11
279.904063
 21
215.743171
 31
0.0
210
0.0
220
1.0
230
0.0
  0
LINE
  5
EB1
330
70
100
AcDbEntity
  8
Visible
100
AcDbLine
 10
295.904063
 20
219.586917
 30
0.0
 11
279.904063
 21
219.586917
 31
0.0
210
0.0
220
1.0
230
0.0
  0
LINE
  5
EB2
330
70
100
AcDbEntity
  8
Visible
100
AcDbLine
 10
295.904063
 20
218.619022
 30
0.0
 11
279.904063
 21
218.619022
 31
0.0
210
0.0
220
1.0
230
0.0
  0
LINE
  5
EB3
330
70
100
AcDbEntity
  8
Visible
100
AcDbLine
 10
295.904063
 20
222.358377
 30
0.0
 11
279.904063
 21
222.358377
 31
0.0
210
0.0
220
1.0
230
0.0
  0
LINE
  5
EB4
330
70
100
AcDbEntity
  8
Visible
100
AcDbLine
 10
295.904063
 20
221.420764
 30
0.0
 11
279.904063
 21
221.420764
 31
0.0
210
0.0
220
1.0
230
0.0
  0
LINE
  5
EB5
330
70
100
AcDbEntity
  8
Visible
100
AcDbLine
 10
295.904063
 20
225.027269
 30
0.0
 11
279.904063
 21
225.027269
 31
0.0
210
0.0
220
1.0
230
0.0
  0
LINE
  5
EB6
330
70
100
AcDbEntity
  8
Visible
100
AcDbLine
 10
295.904063
 20
224.127073
 30
0.0
 11
279.904063
 21
224.127073
 31
0.0
210
0.0
220
1.0
230
0.0
  0
LINE
  5
EB7
330
70
100
AcDbEntity
  8
Visible
100
AcDbLine
 10
295.904063
 20
227.573281
 30
0.0
 11
279.904063
 21
227.573281
 31
0.0
210
0.0
220
1.0
230
0.0
  0
LINE
  5
EB8
330
70
100
AcDbEntity
  8
Visible
100
AcDbLine
 10
295.904063
 20
226.717352
 30
0.0
 11
279.904063
 21
226.717352
 31
0.0
210
0.0
220
1.0
230
0.0
  0
LINE
  5
EB9
330
70
100
AcDbEntity
  8
Visible
100
AcDbLine
 10
295.904063
 20
229.977035
 30
0.0
 11
279.904063
 21
229.977035
 31
0.0
210
0.0
220
1.0
230
0.0
  0
LINE
  5
EBA
330
70
100
AcDbEntity
  8
Visible
100
AcDbLine
 10
295.904063
 20
229.171888
 30
0.0
 11
279.904063
 21
229.171888
 31
0.0
210
0.0
220
1.0
230
0.0
  0
LINE
  5
EBB
330
70
100
AcDbEntity
  8
Visible
100
AcDbLine
 10
295.904063
 20
232.220239
 30
0.0
 11
279.904063
 21
232.220239
 31
0.0
210
0.0
220
1.0
230
0.0
  0
LINE
  5
EBC
330
70
100
AcDbEntity
  8
Visible
100
AcDbLine
 10
295.904063
 20
231.472001
 30
0.0
 11
279.904063
 21
231.472001
 31
0.0
210
0.0
220
1.0
230
0.0
  0
LINE
  5
EBD
330
70
100
AcDbEntity
  8
Visible
100
AcDbLine
 10
295.904063
 20
234.285819
 30
0.0
 11
279.904063
 21
234.285819
 31
0.0
210
0.0
220
1.0
230
0.0
  0
LINE
  5
EBE
330
70
100
AcDbEntity
  8
Visible
100
AcDbLine
 10
295.904063
 20
233.600185
 30
0.0
 11
279.904063
 21
233.600185
 31
0.0
210
0.0
220
1.0
230
0.0
  0
LINE
  5
EBF
330
70
100
AcDbEntity
  8
Visible
100
AcDbLine
 10
295.904063
 20
236.158055
 30
0.0
 11
279.904063
 21
236.158055
 31
0.0
210
0.0
220
1.0
230
0.0
  0
LINE
  5
EC0
330
70
100
AcDbEntity
  8
Visible
100
AcDbLine
 10
295.904063
 20
235.540244
 30
0.0
 11
279.904063
 21
235.540244
 31
0.0
210
0.0
220
1.0
230
0.0
  0
LINE
  5
EC1
330
70
100
AcDbEntity
  8
Visible
100
AcDbLine
 10
295.904063
 20
237.822699
 30
0.0
 11
279.904063
 21
237.822699
 31
0.0
210
0.0
220
1.0
230
0.0
  0
LINE
  5
EC2
330
70
100
AcDbEntity
  8
Visible
100
AcDbLine
 10
295.904063
 20
237.277412
 30
0.0
 11
279.904063
 21
237.277412
 31
0.0
210
0.0
220
1.0
230
0.0
  0
LINE
  5
EC3
330
70
100
AcDbEntity
  8
Visible
100
AcDbLine
 10
295.904063
 20
239.267081
 30
0.0
 11
279.904063
 21
239.267081
 31
0.0
210
0.0
220
1.0
230
0.0
  0
LINE
  5
EC4
330
70
100
AcDbEntity
  8
Visible
100
AcDbLine
 10
295.904063
 20
238.798468
 30
0.0
 11
279.904063
 21
238.798468
 31
0.0
210
0.0
220
1.0
230
0.0
  0
LINE
  5
EC5
330
70
100
AcDbEntity
  8
Visible
100
AcDbLine
 10
295.904063
 20
240.48021
 30
0.0
 11
279.904063
 21
240.48021
 31
0.0
210
0.0
220
1.0
230
0.0
  0
LINE
  5
EC6
330
70
100
AcDbEntity
  8
Visible
100
AcDbLine
 10
295.904063
 20
240.091837
 30
0.0
 11
279.904063
 21
240.091837
 31
0.0
210
0.0
220
1.0
230
0.0
  0
LINE
  5
EC7
330
70
100
AcDbEntity
  8
Visible
100
AcDbLine
 10
295.904063
 20
241.452851
 30
0.0
 11
279.904063
 21
241.452851
 31
0.0
210
0.0
220
1.0
230
0.0
  0
LINE
  5
EC8
330
70
100
AcDbEntity
  8
Visible
100
AcDbLine
 10
295.904063
 20
241.147675
 30
0.0
 11
279.904063
 21
241.147675
 31
0.0
210
0.0
220
1.0
230
0.0
  0
LINE
  5
EC9
330
70
100
AcDbEntity
  8
Visible
100
AcDbLine
 10
295.904063
 20
242.177604
 30
0.0
 11
279.904063
 21
242.177604
 31
0.0
210
0.0
220
1.0
230
0.0
  0
LINE
  5
ECA
330
70
100
AcDbEntity
  8
Visible
100
AcDbLine
 10
295.904063
 20
241.957947
 30
0.0
 11
279.904063
 21
241.957947
 31
0.0
210
0.0
220
1.0
230
0.0
  0
LINE
  5
ECB
330
70
100
AcDbEntity
  8
Visible
100
AcDbLine
 10
297.904063
 20
167.881314
 30
0.0
 11
295.904063
 21
167.881314
 31
0.0
210
0.0
220
1.0
230
0.0
  0
LINE
  5
ECC
330
70
100
AcDbEntity
  8
Visible
100
AcDbLine
 10
297.904063
 20
249.881314
 30
0.0
 11
295.904063
 21
249.881314
 31
0.0
210
0.0
220
1.0
230
0.0
  0
LINE
  5
ECD
330
70
100
AcDbEntity
  8
Visible
100
AcDbLine
 10
277.904063
 20
249.881314
 30
0.0
 11
279.904063
 21
249.881314
 31
0.0
210
0.0
220
1.0
230
0.0
  0
LINE
  5
ECE
330
70
100
AcDbEntity
  8
Visible
100
AcDbLine
 10
277.904063
 20
167.881314
 30
0.0
 11
279.904063
 21
167.881314
 31
0.0
210
0.0
220
1.0
230
0.0
  0
LINE
  5
ECF
330
70
100
AcDbEntity
  8
Visible
100
AcDbLine
 10
276.854063
 20
226.381314
 30
0.0
 11
276.854063
 21
191.381314
 31
0.0
210
0.0
220
1.0
230
0.0
  0
LINE
  5
ED0
330
70
100
AcDbEntity
  8
Visible
100
AcDbLine
 10
276.854063
 20
226.381314
 30
0.0
 11
277.904063
 21
226.381314
 31
0.0
210
0.0
220
1.0
230
0.0
  0
LINE
  5
ED1
330
70
100
AcDbEntity
  8
Visible
100
AcDbLine
 10
276.854063
 20
191.381314
 30
0.0
 11
277.904063
 21
191.381314
 31
0.0
210
0.0
220
1.0
230
0.0
  0
LINE
  5
ED2
330
70
100
AcDbEntity
  8
Visible
100
AcDbLine
 10
298.904063
 20
173.478272
 30
0.0
 11
298.904063
 21
244.284355
 31
0.0
210
0.0
220
1.0
230
0.0
  0
LINE
  5
ED3
330
70
100
AcDbEntity
  8
Visible
100
AcDbLine
 10
297.904063
 20
244.284355
 30
0.0
 11
298.904063
 21
244.284355
 31
0.0
210
0.0
220
1.0
230
0.0
  0
LINE
  5
ED4
330
70
100
AcDbEntity
  8
Visible
100
AcDbLine
 10
297.904063
 20
173.478272
 30
0.0
 11
298.904063
 21
173.478272
 31
0.0
210
0.0
220
1.0
230
0.0
  0
CIRCLE
  5
ED5
330
70
100
AcDbEntity
  8
Visible
100
AcDbCircle
 10
149.71924
 20
209.668897
 30
0.0
 40
41.00000000000001
  0
CIRCLE
  5
ED6
330
70
100
AcDbEntity
  8
Visible
100
AcDbCircle
 10
-128.506036
 20
188.455693
 30
0.0
 40
1.25
210
-0.0000000000000002
220
0.0
230
-1.0
  0
CIRCLE
  5
ED7
330
70
100
AcDbEntity
  8
Visible
100
AcDbCircle
 10
-149.71924
 20
239.668897
 30
0.0
 40
1.25
210
-0.0000000000000002
220
0.0
230
-1.0
  0
CIRCLE
  5
ED8
330
70
100
AcDbEntity
  8
Visible
100
AcDbCircle
 10
-128.506036
 20
230.8821
 30
0.0
 40
1.25
210
-0.0000000000000002
220
0.0
230
-1.0
  0
CIRCLE
  5
ED9
330
70
100
AcDbEntity
  8
Visible
100
AcDbCircle
 10
-170.932443
 20
188.455693
 30
0.0
 40
1.25
210
-0.0000000000000002
220
0.0
230
-1.0
  0
CIRCLE
  5
EDA
330
70
100
AcDbEntity
  8
Visible
100
AcDbCircle
 10
-179.71924
 20
209.668897
 30
0.0
 40
1.25
210
-0.0000000000000002
220
0.0
230
-1.0
  0
CIRCLE
  5
EDB
330
70
100
AcDbEntity
  8
Visible
100
AcDbCircle
 10
-170.932443
 20
230.8821
 30
0.0
 40
1.25
210
-0.0000000000000002
220
0.0
230
-1.0
  0
CIRCLE
  5
EDC
330
70
100
AcDbEntity
  8
Visible
100
AcDbCircle
 10
-149.71924
 20
179.668897
 30
0.0
 40
1.25
210
-0.0000000000000002
220
0.0
230
-1.0
  0
CIRCLE
  5
EDD
330
70
100
AcDbEntity
  8
Visible
100
AcDbCircle
 10
-119.71924
 20
209.668897
 30
0.0
 40
1.25
210
-0.0000000000000002
220
0.0
230
-1.0
  0
CIRCLE
  5
EDE
330
70
100
AcDbEntity
  8
Visible
100
AcDbCircle
 10
-128.506036
 20
188.455693
 30
0.0
 40
1.499999999999999
210
-0.0000000000000002
220
0.0
230
-1.0
  0
CIRCLE
  5
EDF
330
70
100
AcDbEntity
  8
Visible
100
AcDbCircle
 10
-170.932443
 20
230.8821
 30
0.0
 40
1.499999999999999
210
-0.0000000000000002
220
0.0
230
-1.0
  0
CIRCLE
  5
EE0
330
70
100
AcDbEntity
  8
Visible
100
AcDbCircle
 10
-149.71924
 20
239.668897
 30
0.0
 40
1.5
210
-0.0000000000000002
220
0.0
230
-1.0
  0
CIRCLE
  5
EE1
330
70
100
AcDbEntity
  8
Visible
100
AcDbCircle
 10
-170.932443
 20
188.455693
 30
0.0
 40
1.499999999999999
210
-0.0000000000000002
220
0.0
230
-1.0
  0
CIRCLE
  5
EE2
330
70
100
AcDbEntity
  8
Visible
100
AcDbCircle
 10
-128.506036
 20
230.8821
 30
0.0
 40
1.499999999999999
210
-0.0000000000000002
220
0.0
230
-1.0
  0
CIRCLE
  5
EE3
330
70
100
AcDbEntity
  8
Visible
100
AcDbCircle
 10
-149.71924
 20
209.668897
 30
0.0
 40
3.000000000000001
210
-0.0000000000000002
220
0.0
230
-1.0
  0
CIRCLE
  5
EE4
330
70
100
AcDbEntity
  8
Visible
100
AcDbCircle
 10
-149.71924
 20
179.668897
 30
0.0
 40
1.5
210
-0.0000000000000002
220
0.0
230
-1.0
  0
CIRCLE
  5
EE5
330
70
100
AcDbEntity
  8
Visible
100
AcDbCircle
 10
-179.71924
 20
209.668897
 30
0.0
 40
1.499999999999999
210
-0.0000000000000002
220
0.0
230
-1.0
  0
CIRCLE
  5
EE6
330
70
100
AcDbEntity
  8
Visible
100
AcDbCircle
 10
-119.71924
 20
209.668897
 30
0.0
 40
1.499999999999999
210
-0.0000000000000002
220
0.0
230
-1.0
  0
CIRCLE
  5
EE7
330
70
100
AcDbEntity
  8
Visible
100
AcDbCircle
 10
149.71924
 20
209.668897
 30
0.0
 40
35.40304138356981
  0
LINE
  5
EE8
330
70
100
AcDbEntity
  8
Visible
100
AcDbLine
 10
156.433734
 20
109.682494
 30
0.0
 11
150.359259
 21
109.682494
 31
0.0
210
0.0
220
1.0
230
0.0
  0
LINE
  5
EE9
330
70
100
AcDbEntity
  8
Visible
100
AcDbLine
 10
150.35938
 20
94.907816
 30
0.0
 11
151.323961
 21
94.907835
 31
0.0
210
0.0
220
1.0
230
0.0
  0
LINE
  5
EEA
330
70
100
AcDbEntity
  8
Visible
100
AcDbLine
 10
155.468947
 20
94.907913
 30
0.0
 11
156.433894
 21
94.907932
 31
0.0
210
0.0
220
1.0
230
0.0
  0
ARC
  5
EEB
330
70
100
AcDbEntity
  8
Visible
100
AcDbCircle
 10
-153.396497
 20
102.295173
 30
0.0
 40
7.987309518562019
210
0.0000000000000002
220
0.0
230
-1.0
100
AcDbArc
 50
243.83135
 51
247.649104
  0
ARC
  5
EEC
330
70
100
AcDbEntity
  8
Visible
100
AcDbCircle
 10
-153.396497
 20
102.295173
 30
0.0
 40
7.987309518562023
210
0.0000000000000002
220
0.0
230
-1.0
100
AcDbArc
 50
292.348722
 51
296.16865
  0
ARC
  5
EED
330
70
100
AcDbEntity
  8
Visible
100
AcDbCircle
 10
-153.396504
 20
102.295181
 30
0.0
 40
7.987309045211016
210
0.0000000000000002
220
0.0
230
-1.0
100
AcDbArc
 50
176.168635
 51
197.185986
  0
ARC
  5
EEE
330
70
100
AcDbEntity
  8
Visible
100
AcDbCircle
 10
163.355811
 20
96.545169
 30
0.0
 40
4.11270961633001
100
AcDbArc
 50
124.485837
 51
175.514217
  0
ARC
  5
EEF
330
70
100
AcDbEntity
  8
Visible
100
AcDbCircle
 10
-153.396503
 20
102.295175
 30
0.0
 40
7.987308952065018
210
0.0000000000000002
220
0.0
230
-1.0
100
AcDbArc
 50
222.814051
 51
243.831402
  0
ARC
  5
EF0
330
70
100
AcDbEntity
  8
Visible
100
AcDbCircle
 10
-153.39649
 20
102.295175
 30
0.0
 40
7.987308952065021
210
0.0000000000000002
220
0.0
230
-1.0
100
AcDbArc
 50
296.168598
 51
317.185949
  0
ARC
  5
EF1
330
70
100
AcDbEntity
  8
Visible
100
AcDbCircle
 10
143.437182
 20
96.545169
 30
0.0
 40
4.112709616331008
100
AcDbArc
 50
4.485783
 51
55.514163
  0
ARC
  5
EF2
330
70
100
AcDbEntity
  8
Visible
100
AcDbCircle
 10
-153.39649
 20
102.295181
 30
0.0
 40
7.987309045211017
210
0.0000000000000002
220
0.0
230
-1.0
100
AcDbArc
 50
342.814014
 51
3.831365
  0
ARC
  5
EF3
330
70
100
AcDbEntity
  8
Visible
100
AcDbCircle
 10
-153.396491
 20
102.295184
 30
0.0
 40
7.987310306240018
210
0.0000000000000002
220
0.0
230
-1.0
100
AcDbArc
 50
3.831347
 51
12.492436
  0
ARC
  5
EF4
330
70
100
AcDbEntity
  8
Visible
100
AcDbCircle
 10
-153.396491
 20
102.295184
 30
0.0
 40
7.987310306240019
210
0.0000000000000002
220
0.0
230
-1.0
100
AcDbArc
 50
47.507463
 51
56.168647
  0
ARC
  5
EF5
330
70
100
AcDbEntity
  8
Visible
100
AcDbCircle
 10
-153.396489
 20
102.295189
 30
0.0
 40
7.987304343093019
210
0.0000000000000002
220
0.0
230
-1.0
100
AcDbArc
 50
56.168642
 51
67.650389
  0
ARC
  5
EF6
330
70
100
AcDbEntity
  8
Visible
100
AcDbCircle
 10
-153.396505
 20
102.295189
 30
0.0
 40
7.987304343093023
210
0.0000000000000002
220
0.0
230
-1.0
100
AcDbArc
 50
112.349611
 51
123.831358
  0
ARC
  5
EF7
330
70
100
AcDbEntity
  8
Visible
100
AcDbCircle
 10
-153.396502
 20
102.295184
 30
0.0
 40
7.987310306240023
210
0.0000000000000002
220
0.0
230
-1.0
100
AcDbArc
 50
123.831353
 51
132.492532
  0
ARC
  5
EF8
330
70
100
AcDbEntity
  8
Visible
100
AcDbCircle
 10
-153.396502
 20
102.295184
 30
0.0
 40
7.987310306240018
210
0.0000000000000002
220
0.0
230
-1.0
100
AcDbArc
 50
167.507567
 51
176.168653
  0
LINE
  5
EF9
330
70
100
AcDbEntity
  8
Visible
100
AcDbLine
 10
150.008057
 20
97.460396
 30
0.0
 11
148.911688
 21
97.460396
 31
0.0
210
0.0
220
1.0
230
0.0
  0
LINE
  5
EFA
330
70
100
AcDbEntity
  8
Visible
100
AcDbLine
 10
148.909053
 20
98.240396
 30
0.0
 11
148.905505
 21
98.240396
 31
0.0
210
0.0
220
1.0
230
0.0
  0
LINE
  5
EFB
330
70
100
AcDbEntity
  8
Visible
100
AcDbLine
 10
148.910188
 20
98.240396
 30
0.0
 11
150.009556
 21
98.240396
 31
0.0
210
0.0
220
1.0
230
0.0
  0
LINE
  5
EFC
330
70
100
AcDbEntity
  8
Visible
100
AcDbLine
 10
148.909053
 20
97.466121
 30
0.0
 11
148.909053
 21
97.453075
 31
0.0
210
0.0
220
1.0
230
0.0
  0
LINE
  5
EFD
330
70
100
AcDbEntity
  8
Visible
100
AcDbLine
 10
148.909053
 20
97.453075
 30
0.0
 11
148.905505
 21
97.453075
 31
0.0
210
0.0
220
1.0
230
0.0
  0
LINE
  5
EFE
330
70
100
AcDbEntity
  8
Visible
100
AcDbLine
 10
149.959872
 20
97.450396
 30
0.0
 11
150.008057
 21
97.450396
 31
0.0
210
0.0
220
1.0
230
0.0
  0
LINE
  5
EFF
330
70
100
AcDbEntity
  8
Visible
100
AcDbLine
 10
150.239872
 20
97.450396
 30
0.0
 11
150.008057
 21
97.450396
 31
0.0
210
0.0
220
1.0
230
0.0
  0
ARC
  5
F00
330
70
100
AcDbEntity
  8
Visible
100
AcDbCircle
 10
151.459872
 20
97.853258
 30
0.0
 40
1.500000000000003
100
AcDbArc
 50
165.438152
 51
194.78791
  0
LINE
  5
F01
330
70
100
AcDbEntity
  8
Visible
100
AcDbLine
 10
150.009556
 20
98.250396
 30
0.0
 11
149.959872
 21
98.250396
 31
0.0
210
0.0
220
1.0
230
0.0
  0
LINE
  5
F02
330
70
100
AcDbEntity
  8
Visible
100
AcDbLine
 10
150.009556
 20
98.250396
 30
0.0
 11
150.239872
 21
98.250396
 31
0.0
210
0.0
220
1.0
230
0.0
  0
ELLIPSE
  5
F03
330
70
100
AcDbEntity
  8
Visible
100
AcDbEllipse
 10
150.009822
 20
98.230478
 30
0.0
 11
-0.0002859221700377
 21
0.0199176938577398
 31
0.0
210
0.0000000000000002
220
0.0
230
-0.9999999999999998
 40
0.2646330515319008
 41
0.0037935935552516
 42
0.5285018662736185
  0
LINE
  5
F04
330
70
100
AcDbEntity
  8
Visible
100
AcDbLine
 10
150.012233
 20
98.247716
 30
0.0
 11
150.012667
 21
98.247716
 31
0.0
210
0.0
220
1.0
230
0.0
  0
SPLINE
  5
F05
330
70
100
AcDbEntity
  8
Visible
100
AcDbSpline
210
0.0
220
0.0
230
1.0
 70
     8
 71
     3
 72
     8
 73
     4
 74
     0
 42
0.000000001
 43
0.0000000001
 40
0.0010044454975202
 40
0.0010044454975202
 40
0.0010044454975202
 40
0.0010044454975202
 40
0.0011156683273239
 40
0.0011156683273239
 40
0.0011156683273239
 40
0.0011156683273239
 10
150.0126671741109
 20
98.24771604388081
 30
0.000000000001819
 10
150.0126139704534
 20
98.24752079405214
 30
0.000000000001819
 10
150.0125584132365
 20
98.24731677066049
 30
0.000000000001819
 10
150.0125014517816
 20
98.24710753002438
 30
0.000000000001819
  0
ELLIPSE
  5
F06
330
70
100
AcDbEntity
  8
Visible
100
AcDbEllipse
 10
150.009707
 20
98.230683
 30
0.0
 11
-0.0001692898359098
 21
0.0196970369582646
 31
0.0
210
0.0000000000000002
220
0.0
230
-1.0
 40
0.2689929434899119
 41
0.5870801973405495
 42
1.057482522290344
  0
LINE
  5
F07
330
70
100
AcDbEntity
  8
Visible
100
AcDbLine
 10
150.01424
 20
98.240396
 30
0.0
 11
150.010692
 21
98.240396
 31
0.0
210
0.0
220
1.0
230
0.0
  0
LINE
  5
F08
330
70
100
AcDbEntity
  8
Visible
100
AcDbLine
 10
150.012233
 20
97.460396
 30
0.0
 11
150.012667
 21
97.460396
 31
0.0
210
0.0
220
1.0
230
0.0
  0
SPLINE
  5
F09
330
70
100
AcDbEntity
  8
Visible
100
AcDbSpline
210
0.0
220
0.0
230
1.0
 70
     8
 71
     3
 72
     8
 73
     4
 74
     0
 42
0.000000001
 43
0.0000000001
 40
0.0010044454976519
 40
0.0010044454976519
 40
0.0010044454976519
 40
0.0010044454976519
 40
0.0011156683273795
 40
0.0011156683273795
 40
0.0011156683273795
 40
0.0011156683273795
 10
150.0126671741109
 20
97.46039553580663
 30
0.000000000001819
 10
150.0126139704534
 20
97.46006043694718
 30
0.000000000001819
 10
150.0125584132365
 20
97.45973190288019
 30
0.000000000001819
 10
150.0125014517816
 20
97.4594087597007
 30
0.000000000001819
  0
LINE
  5
F0A
330
70
100
AcDbEntity
  8
Visible
100
AcDbLine
 10
150.01424
 20
97.453075
 30
0.0
 11
150.010692
 21
97.453075
 31
0.0
210
0.0
220
1.0
230
0.0
  0
ELLIPSE
  5
F0B
330
70
100
AcDbEntity
  8
Visible
100
AcDbEllipse
 10
150.008321
 20
97.470334
 30
0.0
 11
0.0002827475529581
 21
0.0199379304628144
 31
0.0
210
0.0000000000000002
220
0.0
230
-1.0
 40
0.2602922494231569
 41
2.613470856323663
 42
3.137904275205661
  0
LINE
  5
F0C
330
70
100
AcDbEntity
  8
Visible
100
AcDbLine
 10
150.010692
 20
97.466121
 30
0.0
 11
150.010692
 21
97.453075
 31
0.0
210
0.0
220
1.0
230
0.0
  0
LINE
  5
F0D
330
70
100
AcDbEntity
  8
Visible
100
AcDbLine
 10
148.910188
 20
98.250396
 30
0.0
 11
148.959872
 21
98.250396
 31
0.0
210
0.0
220
1.0
230
0.0
  0
LINE
  5
F0E
330
70
100
AcDbEntity
  8
Visible
100
AcDbLine
 10
148.679872
 20
98.250396
 30
0.0
 11
148.910188
 21
98.250396
 31
0.0
210
0.0
220
1.0
230
0.0
  0
ARC
  5
F0F
330
70
100
AcDbEntity
  8
Visible
100
AcDbCircle
 10
-147.459872
 20
97.853258
 30
0.0
 40
1.500000000000003
210
0.0000000000000002
220
0.0
230
-1.0
100
AcDbArc
 50
165.438152
 51
194.78791
  0
LINE
  5
F10
330
70
100
AcDbEntity
  8
Visible
100
AcDbLine
 10
148.959872
 20
97.450396
 30
0.0
 11
148.911688
 21
97.450396
 31
0.0
210
0.0
220
1.0
230
0.0
  0
LINE
  5
F11
330
70
100
AcDbEntity
  8
Visible
100
AcDbLine
 10
148.911688
 20
97.450396
 30
0.0
 11
148.679872
 21
97.450396
 31
0.0
210
0.0
220
1.0
230
0.0
  0
LINE
  5
F12
330
70
100
AcDbEntity
  8
Visible
100
AcDbLine
 10
148.659872
 20
97.470396
 30
0.0
 11
148.659872
 21
98.230396
 31
0.0
210
0.0
220
1.0
230
0.0
  0
ELLIPSE
  5
F13
330
70
100
AcDbEntity
  8
Visible
100
AcDbEllipse
 10
148.911424
 20
97.470335
 30
0.0
 11
-0.0002827186425713
 21
0.0199389966941354
 31
0.0
210
-0.0000000000000002
220
0.0
230
0.9999999999999996
 40
0.260285362963558
 41
2.61348588060399
 42
3.13790490872698
  0
SPLINE
  5
F14
330
70
100
AcDbEntity
  8
Visible
100
AcDbSpline
210
0.0
220
0.0
230
1.0
 70
     8
 71
     3
 72
     8
 73
     4
 74
     0
 42
0.000000001
 43
0.0000000001
 40
-0.0051230942714464
 40
-0.0051230942714464
 40
-0.0051230942714464
 40
-0.0051230942714464
 40
-0.0050118714417189
 40
-0.0050118714417189
 40
-0.0050118714417189
 40
-0.0050118714417189
 10
148.9070776259323
 20
97.46039553580663
 30
0.000000000001819
 10
148.9071309975188
 20
97.46006066885145
 30
0.000000000001819
 10
148.9071861602788
 20
97.45973111673229
 30
0.000000000001819
 10
148.9072433482615
 20
97.4594087597007
 30
0.000000000001819
  0
LINE
  5
F15
330
70
100
AcDbEntity
  8
Visible
100
AcDbLine
 10
148.907078
 20
97.460396
 30
0.0
 11
148.907512
 21
97.460396
 31
0.0
210
0.0
220
1.0
230
0.0
  0
ARC
  5
F16
330
70
100
AcDbEntity
  8
Visible
100
AcDbCircle
 10
148.679872
 20
97.470396
 30
0.0
 40
0.0200000000000001
100
AcDbArc
 50
180.0
 51
270.0
  0
ELLIPSE
  5
F17
330
70
100
AcDbEntity
  8
Visible
100
AcDbEllipse
 10
148.909922
 20
98.230483
 30
0.0
 11
0.0002865564799454
 21
0.0199121373828128
 31
0.0
210
-0.0000000000000002
220
0.0
230
0.9999999999999998
 40
0.2646630928805753
 41
0.0038027764497799
 42
0.5285867098344399
  0
ELLIPSE
  5
F18
330
70
100
AcDbEntity
  8
Visible
100
AcDbEllipse
 10
148.910116
 20
98.230374
 30
0.0
 11
0.0001086393702896
 21
0.0200228564463469
 31
0.0
210
-0.0000000000000002
220
0.0
230
1.0
 40
0.268911371729386
 41
0.5828173840243838
 42
1.048077747835553
  0
SPLINE
  5
F19
330
70
100
AcDbEntity
  8
Visible
100
AcDbSpline
210
0.0
220
0.0
230
1.0
 70
     8
 71
     3
 72
     8
 73
     4
 74
     0
 42
0.000000001
 43
0.0000000001
 40
-0.0051230942715776
 40
-0.0051230942715776
 40
-0.0051230942715776
 40
-0.0051230942715776
 40
-0.005011871441774
 40
-0.005011871441774
 40
-0.005011871441774
 40
-0.005011871441774
 10
148.9070776259323
 20
98.24771604388081
 30
0.000000000001819
 10
148.9071309975188
 20
98.24752014085547
 30
0.000000000001819
 10
148.9071861602788
 20
98.24731763495151
 30
0.000000000001819
 10
148.9072433482615
 20
98.24710753002438
 30
0.000000000001819
  0
LINE
  5
F1A
330
70
100
AcDbEntity
  8
Visible
100
AcDbLine
 10
148.907078
 20
98.247716
 30
0.0
 11
148.907512
 21
98.247716
 31
0.0
210
0.0
220
1.0
230
0.0
  0
ARC
  5
F1B
330
70
100
AcDbEntity
  8
Visible
100
AcDbCircle
 10
-148.679872
 20
98.230396
 30
0.0
 40
0.0200000000000001
210
0.0000000000000002
220
0.0
230
-1.0
100
AcDbArc
 50
0.0
 51
90.0
  0
LINE
  5
F1C
330
70
100
AcDbEntity
  8
Visible
100
AcDbLine
 10
148.907512
 20
97.460396
 30
0.0
 11
148.907243
 21
97.459409
 31
0.0
210
0.0
220
1.0
230
0.0
  0
LINE
  5
F1D
330
70
100
AcDbEntity
  8
Visible
100
AcDbLine
 10
148.907512
 20
98.246121
 30
0.0
 11
148.907512
 21
98.247716
 31
0.0
210
0.0
220
1.0
230
0.0
  0
LINE
  5
F1E
330
70
100
AcDbEntity
  8
Visible
100
AcDbLine
 10
148.907512
 20
98.246121
 30
0.0
 11
148.907243
 21
98.247108
 31
0.0
210
0.0
220
1.0
230
0.0
  0
SPLINE
  5
F1F
330
70
100
AcDbEntity
  8
Visible
100
AcDbSpline
210
0.0
220
0.0
230
1.0
 70
     8
 71
     3
 72
     8
 73
     4
 74
     0
 42
0.000000001
 43
0.0000000001
 40
0.0000033489167503
 40
0.0000033489167503
 40
0.0000033489167503
 40
0.0000033489167503
 40
0.0000071357175637
 40
0.0000071357175637
 40
0.0000071357175637
 40
0.0000071357175637
 10
148.9092323453697
 20
98.23972385977219
 30
0.000000000001819
 10
148.9095409849269
 20
98.24017094494621
 30
0.000000000001819
 10
148.9098659868159
 20
98.24039553580654
 30
0.000000000001819
 10
148.9101883044332
 20
98.24039553580654
 30
0.000000000001819
  0
SPLINE
  5
F20
330
70
100
AcDbEntity
  8
Visible
100
AcDbSpline
210
0.0
220
0.0
230
1.0
 70
     8
 71
     3
 72
     8
 73
     4
 74
     0
 42
0.000000001
 43
0.0000000001
 40
0.0
 40
0.0
 40
0.0
 40
0.0
 40
0.0000122273916845
 40
0.0000122273916845
 40
0.0000122273916845
 40
0.0000122273916845
 10
148.9116876046373
 20
97.46039553580752
 30
0.000000000001819
 10
148.9106628476147
 20
97.46039553580752
 30
0.000000000001819
 10
148.9096237143567
 20
97.46299247693107
 30
0.000000000001819
 10
148.9092323453697
 20
97.4667924299254
 30
0.000000000001819
  0
LINE
  5
F21
330
70
100
AcDbEntity
  8
Visible
100
AcDbLine
 10
150.259872
 20
98.230396
 30
0.0
 11
150.259872
 21
97.470396
 31
0.0
210
0.0
220
1.0
230
0.0
  0
ARC
  5
F22
330
70
100
AcDbEntity
  8
Visible
100
AcDbCircle
 10
150.239872
 20
98.230396
 30
0.0
 40
0.0200000000000001
100
AcDbArc
 50
0.0
 51
90.0
  0
ARC
  5
F23
330
70
100
AcDbEntity
  8
Visible
100
AcDbCircle
 10
-150.239872
 20
97.470396
 30
0.0
 40
0.0200000000000001
210
0.0000000000000002
220
0.0
230
-1.0
100
AcDbArc
 50
180.0
 51
270.0
  0
SPLINE
  5
F24
330
70
100
AcDbEntity
  8
Visible
100
AcDbSpline
210
0.0
220
0.0
230
1.0
 70
     8
 71
     3
 72
     8
 73
     4
 74
     0
 42
0.000000001
 43
0.0000000001
 40
0.0
 40
0.0
 40
0.0
 40
0.0
 40
0.0000037883805567
 40
0.0000037883805567
 40
0.0000037883805567
 40
0.0000037883805567
 10
150.00955649561
 20
98.24039553580654
 30
0.000000000001819
 10
150.0098788132254
 20
98.24039553580654
 30
0.000000000001819
 10
150.010203815129
 20
98.24017094495541
 30
0.000000000001819
 10
150.010512454668
 20
98.23972385978029
 30
0.000000000001819
  0
LINE
  5
F25
330
70
100
AcDbEntity
  8
Visible
100
AcDbLine
 10
150.012501
 20
98.247108
 30
0.0
 11
150.012233
 21
98.246121
 31
0.0
210
0.0
220
1.0
230
0.0
  0
LINE
  5
F26
330
70
100
AcDbEntity
  8
Visible
100
AcDbLine
 10
150.012233
 20
98.246121
 30
0.0
 11
150.012233
 21
98.247716
 31
0.0
210
0.0
220
1.0
230
0.0
  0
LINE
  5
F27
330
70
100
AcDbEntity
  8
Visible
100
AcDbLine
 10
150.012501
 20
97.459409
 30
0.0
 11
150.012233
 21
97.460396
 31
0.0
210
0.0
220
1.0
230
0.0
  0
SPLINE
  5
F28
330
70
100
AcDbEntity
  8
Visible
100
AcDbSpline
210
0.0
220
0.0
230
1.0
 70
     8
 71
     3
 72
     8
 73
     4
 74
     0
 42
0.000000001
 43
0.0000000001
 40
0.0000036715363902
 40
0.0000036715363902
 40
0.0000036715363902
 40
0.0000036715363902
 40
0.0000158883474265
 40
0.0000158883474265
 40
0.0000158883474265
 40
0.0000158883474265
 10
150.010512454668
 20
97.46679242994636
 30
0.000000000001819
 10
150.0101227584528
 20
97.46300871793279
 30
0.000000000001819
 10
150.0090872842283
 20
97.46039553580752
 30
0.000000000001819
 10
150.0080571954058
 20
97.46039553580752
 30
0.000000000001819
  0
LINE
  5
F29
330
70
100
AcDbEntity
  8
Visible
100
AcDbLine
 10
149.474192
 20
97.450396
 30
0.0
 11
149.474192
 21
97.460396
 31
0.0
210
0.0
220
1.0
230
0.0
  0
LINE
  5
F2A
330
70
100
AcDbEntity
  8
Visible
100
AcDbLine
 10
149.474192
 20
97.450396
 30
0.0
 11
149.449893
 21
97.450396
 31
0.0
210
0.0
220
1.0
230
0.0
  0
LINE
  5
F2B
330
70
100
AcDbEntity
  8
Visible
100
AcDbLine
 10
149.449893
 20
97.450396
 30
0.0
 11
149.449893
 21
97.460396
 31
0.0
210
0.0
220
1.0
230
0.0
  0
LINE
  5
F2C
330
70
100
AcDbEntity
  8
Visible
100
AcDbLine
 10
149.442017
 20
97.450396
 30
0.0
 11
149.442017
 21
97.460396
 31
0.0
210
0.0
220
1.0
230
0.0
  0
LINE
  5
F2D
330
70
100
AcDbEntity
  8
Visible
100
AcDbLine
 10
149.449893
 20
97.450396
 30
0.0
 11
149.442017
 21
97.450396
 31
0.0
210
0.0
220
1.0
230
0.0
  0
LINE
  5
F2E
330
70
100
AcDbEntity
  8
Visible
100
AcDbLine
 10
149.52237
 20
97.450396
 30
0.0
 11
149.52237
 21
97.460396
 31
0.0
210
0.0
220
1.0
230
0.0
  0
LINE
  5
F2F
330
70
100
AcDbEntity
  8
Visible
100
AcDbLine
 10
149.507912
 20
97.450396
 30
0.0
 11
149.52237
 21
97.450396
 31
0.0
210
0.0
220
1.0
230
0.0
  0
LINE
  5
F30
330
70
100
AcDbEntity
  8
Visible
100
AcDbLine
 10
149.507912
 20
97.450396
 30
0.0
 11
149.4855
 21
97.450396
 31
0.0
210
0.0
220
1.0
230
0.0
  0
LINE
  5
F31
330
70
100
AcDbEntity
  8
Visible
100
AcDbLine
 10
149.476688
 20
97.450396
 30
0.0
 11
149.476688
 21
97.460396
 31
0.0
210
0.0
220
1.0
230
0.0
  0
LINE
  5
F32
330
70
100
AcDbEntity
  8
Visible
100
AcDbLine
 10
149.4855
 20
97.450396
 30
0.0
 11
149.476688
 21
97.450396
 31
0.0
210
0.0
220
1.0
230
0.0
  0
LINE
  5
F33
330
70
100
AcDbEntity
  8
Visible
100
AcDbLine
 10
149.567396
 20
97.450396
 30
0.0
 11
149.567396
 21
97.460396
 31
0.0
210
0.0
220
1.0
230
0.0
  0
LINE
  5
F34
330
70
100
AcDbEntity
  8
Visible
100
AcDbLine
 10
149.567396
 20
97.450396
 30
0.0
 11
149.566008
 21
97.450396
 31
0.0
210
0.0
220
1.0
230
0.0
  0
LINE
  5
F35
330
70
100
AcDbEntity
  8
Visible
100
AcDbLine
 10
149.566008
 20
97.450396
 30
0.0
 11
149.566008
 21
97.460396
 31
0.0
210
0.0
220
1.0
230
0.0
  0
LINE
  5
F36
330
70
100
AcDbEntity
  8
Visible
100
AcDbLine
 10
149.534582
 20
97.450396
 30
0.0
 11
149.534582
 21
97.460396
 31
0.0
210
0.0
220
1.0
230
0.0
  0
LINE
  5
F37
330
70
100
AcDbEntity
  8
Visible
100
AcDbLine
 10
149.566008
 20
97.450396
 30
0.0
 11
149.534582
 21
97.450396
 31
0.0
210
0.0
220
1.0
230
0.0
  0
LINE
  5
F38
330
70
100
AcDbEntity
  8
Visible
100
AcDbLine
 10
149.628597
 20
97.450396
 30
0.0
 11
149.619395
 21
97.450396
 31
0.0
210
0.0
220
1.0
230
0.0
  0
LINE
  5
F39
330
70
100
AcDbEntity
  8
Visible
100
AcDbLine
 10
149.619395
 20
97.450396
 30
0.0
 11
149.596328
 21
97.450396
 31
0.0
210
0.0
220
1.0
230
0.0
  0
LINE
  5
F3A
330
70
100
AcDbEntity
  8
Visible
100
AcDbLine
 10
149.596328
 20
97.450396
 30
0.0
 11
149.578922
 21
97.450396
 31
0.0
210
0.0
220
1.0
230
0.0
  0
LINE
  5
F3B
330
70
100
AcDbEntity
  8
Visible
100
AcDbLine
 10
149.628597
 20
97.450396
 30
0.0
 11
149.628597
 21
97.460396
 31
0.0
210
0.0
220
1.0
230
0.0
  0
LINE
  5
F3C
330
70
100
AcDbEntity
  8
Visible
100
AcDbLine
 10
149.578922
 20
97.450396
 30
0.0
 11
149.578922
 21
97.460396
 31
0.0
210
0.0
220
1.0
230
0.0
  0
LINE
  5
F3D
330
70
100
AcDbEntity
  8
Visible
100
AcDbLine
 10
149.68688
 20
97.450396
 30
0.0
 11
149.663642
 21
97.450396
 31
0.0
210
0.0
220
1.0
230
0.0
  0
LINE
  5
F3E
330
70
100
AcDbEntity
  8
Visible
100
AcDbLine
 10
149.663642
 20
97.450396
 30
0.0
 11
149.65522
 21
97.450396
 31
0.0
210
0.0
220
1.0
230
0.0
  0
LINE
  5
F3F
330
70
100
AcDbEntity
  8
Visible
100
AcDbLine
 10
149.65522
 20
97.450396
 30
0.0
 11
149.631981
 21
97.450396
 31
0.0
210
0.0
220
1.0
230
0.0
  0
LINE
  5
F40
330
70
100
AcDbEntity
  8
Visible
100
AcDbLine
 10
149.663642
 20
97.450396
 30
0.0
 11
149.663642
 21
97.460396
 31
0.0
210
0.0
220
1.0
230
0.0
  0
LINE
  5
F41
330
70
100
AcDbEntity
  8
Visible
100
AcDbLine
 10
149.68688
 20
97.450396
 30
0.0
 11
149.68688
 21
97.460396
 31
0.0
210
0.0
220
1.0
230
0.0
  0
LINE
  5
F42
330
70
100
AcDbEntity
  8
Visible
100
AcDbLine
 10
149.65522
 20
97.450396
 30
0.0
 11
149.65522
 21
97.460396
 31
0.0
210
0.0
220
1.0
230
0.0
  0
LINE
  5
F43
330
70
100
AcDbEntity
  8
Visible
100
AcDbLine
 10
149.631981
 20
97.450396
 30
0.0
 11
149.631981
 21
97.460396
 31
0.0
210
0.0
220
1.0
230
0.0
  0
LINE
  5
F44
330
70
100
AcDbEntity
  8
Visible
100
AcDbLine
 10
149.474832
 20
97.450396
 30
0.0
 11
149.474832
 21
97.460396
 31
0.0
210
0.0
220
1.0
230
0.0
  0
LINE
  5
F45
330
70
100
AcDbEntity
  8
Visible
100
AcDbLine
 10
149.474832
 20
97.450396
 30
0.0
 11
149.474192
 21
97.450396
 31
0.0
210
0.0
220
1.0
230
0.0
  0
LINE
  5
F46
330
70
100
AcDbEntity
  8
Visible
100
AcDbLine
 10
149.527516
 20
97.450396
 30
0.0
 11
149.527516
 21
97.460396
 31
0.0
210
0.0
220
1.0
230
0.0
  0
LINE
  5
F47
330
70
100
AcDbEntity
  8
Visible
100
AcDbLine
 10
149.527563
 20
97.450396
 30
0.0
 11
149.527516
 21
97.450396
 31
0.0
210
0.0
220
1.0
230
0.0
  0
LINE
  5
F48
330
70
100
AcDbEntity
  8
Visible
100
AcDbLine
 10
149.534582
 20
97.450396
 30
0.0
 11
149.532461
 21
97.450396
 31
0.0
210
0.0
220
1.0
230
0.0
  0
LINE
  5
F49
330
70
100
AcDbEntity
  8
Visible
100
AcDbLine
 10
149.527563
 20
97.450396
 30
0.0
 11
149.527563
 21
97.460396
 31
0.0
210
0.0
220
1.0
230
0.0
  0
LINE
  5
F4A
330
70
100
AcDbEntity
  8
Visible
100
AcDbLine
 10
149.532461
 20
97.450396
 30
0.0
 11
149.527563
 21
97.450396
 31
0.0
210
0.0
220
1.0
230
0.0
  0
LINE
  5
F4B
330
70
100
AcDbEntity
  8
Visible
100
AcDbLine
 10
149.569471
 20
97.450396
 30
0.0
 11
149.569471
 21
97.460396
 31
0.0
210
0.0
220
1.0
230
0.0
  0
LINE
  5
F4C
330
70
100
AcDbEntity
  8
Visible
100
AcDbLine
 10
149.578922
 20
97.450396
 30
0.0
 11
149.569471
 21
97.450396
 31
0.0
210
0.0
220
1.0
230
0.0
  0
LINE
  5
F4D
330
70
100
AcDbEntity
  8
Visible
100
AcDbLine
 10
149.569471
 20
97.450396
 30
0.0
 11
149.567396
 21
97.450396
 31
0.0
210
0.0
220
1.0
230
0.0
  0
LINE
  5
F4E
330
70
100
AcDbEntity
  8
Visible
100
AcDbLine
 10
149.631981
 20
97.450396
 30
0.0
 11
149.628597
 21
97.450396
 31
0.0
210
0.0
220
1.0
230
0.0
  0
LINE
  5
F4F
330
70
100
AcDbEntity
  8
Visible
100
AcDbLine
 10
149.705003
 20
97.450396
 30
0.0
 11
149.695801
 21
97.450396
 31
0.0
210
0.0
220
1.0
230
0.0
  0
LINE
  5
F50
330
70
100
AcDbEntity
  8
Visible
100
AcDbLine
 10
149.695801
 20
97.450396
 30
0.0
 11
149.68688
 21
97.450396
 31
0.0
210
0.0
220
1.0
230
0.0
  0
LINE
  5
F51
330
70
100
AcDbEntity
  8
Visible
100
AcDbLine
 10
149.705003
 20
97.450396
 30
0.0
 11
149.705003
 21
97.460396
 31
0.0
210
0.0
220
1.0
230
0.0
  0
LINE
  5
F52
330
70
100
AcDbEntity
  8
Visible
100
AcDbLine
 10
149.763287
 20
97.450396
 30
0.0
 11
149.740048
 21
97.450396
 31
0.0
210
0.0
220
1.0
230
0.0
  0
LINE
  5
F53
330
70
100
AcDbEntity
  8
Visible
100
AcDbLine
 10
149.740048
 20
97.450396
 30
0.0
 11
149.731626
 21
97.450396
 31
0.0
210
0.0
220
1.0
230
0.0
  0
LINE
  5
F54
330
70
100
AcDbEntity
  8
Visible
100
AcDbLine
 10
149.731626
 20
97.450396
 30
0.0
 11
149.708388
 21
97.450396
 31
0.0
210
0.0
220
1.0
230
0.0
  0
LINE
  5
F55
330
70
100
AcDbEntity
  8
Visible
100
AcDbLine
 10
149.740048
 20
97.450396
 30
0.0
 11
149.740048
 21
97.460396
 31
0.0
210
0.0
220
1.0
230
0.0
  0
LINE
  5
F56
330
70
100
AcDbEntity
  8
Visible
100
AcDbLine
 10
149.763287
 20
97.450396
 30
0.0
 11
149.763287
 21
97.460396
 31
0.0
210
0.0
220
1.0
230
0.0
  0
LINE
  5
F57
330
70
100
AcDbEntity
  8
Visible
100
AcDbLine
 10
149.731626
 20
97.450396
 30
0.0
 11
149.731626
 21
97.460396
 31
0.0
210
0.0
220
1.0
230
0.0
  0
LINE
  5
F58
330
70
100
AcDbEntity
  8
Visible
100
AcDbLine
 10
149.708388
 20
97.450396
 30
0.0
 11
149.708388
 21
97.460396
 31
0.0
210
0.0
220
1.0
230
0.0
  0
LINE
  5
F59
330
70
100
AcDbEntity
  8
Visible
100
AcDbLine
 10
149.392049
 20
97.450396
 30
0.0
 11
149.349103
 21
97.450396
 31
0.0
210
0.0
220
1.0
230
0.0
  0
LINE
  5
F5A
330
70
100
AcDbEntity
  8
Visible
100
AcDbLine
 10
149.325678
 20
97.450396
 30
0.0
 11
149.349103
 21
97.450396
 31
0.0
210
0.0
220
1.0
230
0.0
  0
LINE
  5
F5B
330
70
100
AcDbEntity
  8
Visible
100
AcDbLine
 10
149.266682
 20
97.450396
 30
0.0
 11
149.325678
 21
97.450396
 31
0.0
210
0.0
220
1.0
230
0.0
  0
LINE
  5
F5C
330
70
100
AcDbEntity
  8
Visible
100
AcDbLine
 10
149.214626
 20
97.450396
 30
0.0
 11
149.266682
 21
97.450396
 31
0.0
210
0.0
220
1.0
230
0.0
  0
LINE
  5
F5D
330
70
100
AcDbEntity
  8
Visible
100
AcDbLine
 10
149.214626
 20
97.450396
 30
0.0
 11
149.195539
 21
97.450396
 31
0.0
210
0.0
220
1.0
230
0.0
  0
LINE
  5
F5E
330
70
100
AcDbEntity
  8
Visible
100
AcDbLine
 10
149.195539
 20
97.450396
 30
0.0
 11
149.185562
 21
97.450396
 31
0.0
210
0.0
220
1.0
230
0.0
  0
LINE
  5
F5F
330
70
100
AcDbEntity
  8
Visible
100
AcDbLine
 10
149.135675
 20
97.450396
 30
0.0
 11
149.185562
 21
97.450396
 31
0.0
210
0.0
220
1.0
230
0.0
  0
LINE
  5
F60
330
70
100
AcDbEntity
  8
Visible
100
AcDbLine
 10
149.135675
 20
97.450396
 30
0.0
 11
149.115287
 21
97.450396
 31
0.0
210
0.0
220
1.0
230
0.0
  0
LINE
  5
F61
330
70
100
AcDbEntity
  8
Visible
100
AcDbLine
 10
149.349103
 20
97.450396
 30
0.0
 11
149.349103
 21
97.460396
 31
0.0
210
0.0
220
1.0
230
0.0
  0
LINE
  5
F62
330
70
100
AcDbEntity
  8
Visible
100
AcDbLine
 10
149.392049
 20
97.450396
 30
0.0
 11
149.392049
 21
97.460396
 31
0.0
210
0.0
220
1.0
230
0.0
  0
LINE
  5
F63
330
70
100
AcDbEntity
  8
Visible
100
AcDbLine
 10
149.325678
 20
97.450396
 30
0.0
 11
149.325678
 21
97.460396
 31
0.0
210
0.0
220
1.0
230
0.0
  0
LINE
  5
F64
330
70
100
AcDbEntity
  8
Visible
100
AcDbLine
 10
149.195539
 20
97.450396
 30
0.0
 11
149.195539
 21
97.460396
 31
0.0
210
0.0
220
1.0
230
0.0
  0
LINE
  5
F65
330
70
100
AcDbEntity
  8
Visible
100
AcDbLine
 10
149.115287
 20
97.450396
 30
0.0
 11
149.115287
 21
97.460396
 31
0.0
210
0.0
220
1.0
230
0.0
  0
LINE
  5
F66
330
70
100
AcDbEntity
  8
Visible
100
AcDbLine
 10
148.959872
 20
98.240396
 30
0.0
 11
148.959872
 21
98.250396
 31
0.0
210
0.0
220
1.0
230
0.0
  0
LINE
  5
F67
330
70
100
AcDbEntity
  8
Visible
100
AcDbLine
 10
148.959872
 20
97.460396
 30
0.0
 11
148.959872
 21
97.450396
 31
0.0
210
0.0
220
1.0
230
0.0
  0
LINE
  5
F68
330
70
100
AcDbEntity
  8
Visible
100
AcDbLine
 10
149.959872
 20
98.240396
 30
0.0
 11
149.959872
 21
98.250396
 31
0.0
210
0.0
220
1.0
230
0.0
  0
LINE
  5
F69
330
70
100
AcDbEntity
  8
Visible
100
AcDbLine
 10
149.959872
 20
97.460396
 30
0.0
 11
149.959872
 21
97.450396
 31
0.0
210
0.0
220
1.0
230
0.0
  0
LINE
  5
F6A
330
70
100
AcDbEntity
  8
Visible
100
AcDbLine
 10
155.715464
 20
98.888214
 30
0.0
 11
155.715464
 21
98.08258
 31
0.0
210
0.0
220
1.0
230
0.0
  0
LINE
  5
F6B
330
70
100
AcDbEntity
  8
Visible
100
AcDbLine
 10
155.142305
 20
98.080644
 30
0.0
 11
155.142305
 21
98.078037
 31
0.0
210
0.0
220
1.0
230
0.0
  0
LINE
  5
F6C
330
70
100
AcDbEntity
  8
Visible
100
AcDbLine
 10
155.142305
 20
98.081478
 30
0.0
 11
155.142305
 21
98.889316
 31
0.0
210
0.0
220
1.0
230
0.0
  0
LINE
  5
F6D
330
70
100
AcDbEntity
  8
Visible
100
AcDbLine
 10
155.711257
 20
98.080644
 30
0.0
 11
155.720843
 21
98.080644
 31
0.0
210
0.0
220
1.0
230
0.0
  0
LINE
  5
F6E
330
70
100
AcDbEntity
  8
Visible
100
AcDbLine
 10
155.720843
 20
98.080644
 30
0.0
 11
155.720843
 21
98.078037
 31
0.0
210
0.0
220
1.0
230
0.0
  0
LINE
  5
F6F
330
70
100
AcDbEntity
  8
Visible
100
AcDbLine
 10
155.722812
 20
98.852807
 30
0.0
 11
155.722812
 21
98.888214
 31
0.0
210
0.0
220
1.0
230
0.0
  0
LINE
  5
F70
330
70
100
AcDbEntity
  8
Visible
100
AcDbLine
 10
155.722812
 20
99.058556
 30
0.0
 11
155.722812
 21
98.888214
 31
0.0
210
0.0
220
1.0
230
0.0
  0
ARC
  5
F71
330
70
100
AcDbEntity
  8
Visible
100
AcDbCircle
 10
155.426781
 20
99.955037
 30
0.0
 40
1.102230000000003
100
AcDbArc
 50
255.438152
 51
284.78791
  0
LINE
  5
F72
330
70
100
AcDbEntity
  8
Visible
100
AcDbLine
 10
155.134956
 20
98.889316
 30
0.0
 11
155.134956
 21
98.852807
 31
0.0
210
0.0
220
1.0
230
0.0
  0
LINE
  5
F73
330
70
100
AcDbEntity
  8
Visible
100
AcDbLine
 10
155.134956
 20
98.889316
 30
0.0
 11
155.134956
 21
99.058556
 31
0.0
210
0.0
220
1.0
230
0.0
  0
ELLIPSE
  5
F74
330
70
100
AcDbEntity
  8
Visible
100
AcDbEllipse
 10
155.149592
 20
98.889511
 30
0.0
 11
0.0146359198858553
 21
0.0002101013354903
 31
0.0
210
0.0000000000000002
220
0.0
230
-0.9999999999999998
 40
0.2646330503572962
 41
3.145386247023388
 42
3.670094518476894
  0
LINE
  5
F75
330
70
100
AcDbEntity
  8
Visible
100
AcDbLine
 10
155.136925
 20
98.891283
 30
0.0
 11
155.136925
 21
98.891601
 31
0.0
210
0.0
220
1.0
230
0.0
  0
SPLINE
  5
F76
330
70
100
AcDbEntity
  8
Visible
100
AcDbSpline
210
0.0
220
0.0
230
1.0
 70
     8
 71
     3
 72
     8
 73
     4
 74
     0
 42
0.000000001
 43
0.0000000001
 40
0.0007380866404226
 40
0.0007380866404226
 40
0.0007380866404226
 40
0.0007380866404226
 40
0.0008198154002396
 40
0.0008198154002396
 40
0.0008198154002396
 40
0.0008198154002396
 10
155.1369252823024
 20
98.89160146170594
 30
0.000000000001819
 10
155.137068755781
 20
98.89156236659403
 30
0.000000000001819
 10
155.137218676251
 20
98.89152154203978
 30
0.000000000001819
 10
155.1373724304539
 20
98.89147968562397
 30
0.000000000001819
  0
ELLIPSE
  5
F77
330
70
100
AcDbEntity
  8
Visible
100
AcDbEllipse
 10
155.149441
 20
98.889427
 30
0.0
 11
0.0144737763636536
 21
0.000124397593714
 31
0.0
210
0.0000000000000002
220
0.0
230
-1.0
 40
0.2689929438987122
 41
3.728672853326091
 42
4.199075186639799
  0
LINE
  5
F78
330
70
100
AcDbEntity
  8
Visible
100
AcDbLine
 10
155.142305
 20
98.892757
 30
0.0
 11
155.142305
 21
98.89015
 31
0.0
210
0.0
220
1.0
230
0.0
  0
LINE
  5
F79
330
70
100
AcDbEntity
  8
Visible
100
AcDbLine
 10
155.715464
 20
98.891283
 30
0.0
 11
155.715464
 21
98.891601
 31
0.0
210
0.0
220
1.0
230
0.0
  0
SPLINE
  5
F7A
330
70
100
AcDbEntity
  8
Visible
100
AcDbSpline
210
0.0
220
0.0
230
1.0
 70
     8
 71
     3
 72
     8
 73
     4
 74
     0
 42
0.000000001
 43
0.0000000001
 40
0.0007380866405543
 40
0.0007380866405543
 40
0.0007380866405543
 40
0.0007380866405543
 40
0.0008198154002952
 40
0.0008198154002952
 40
0.0008198154002952
 40
0.0008198154002952
 10
155.7154641380457
 20
98.89160146170603
 30
0.000000000001819
 10
155.7157103753889
 20
98.89156236659415
 30
0.000000000001819
 10
155.7159517887921
 20
98.89152154203994
 30
0.000000000001819
 10
155.7161892408639
 20
98.89147968562417
 30
0.000000000001819
  0
LINE
  5
F7B
330
70
100
AcDbEntity
  8
Visible
100
AcDbLine
 10
155.720843
 20
98.892757
 30
0.0
 11
155.720843
 21
98.89015
 31
0.0
210
0.0
220
1.0
230
0.0
  0
ELLIPSE
  5
F7C
330
70
100
AcDbEntity
  8
Visible
100
AcDbEllipse
 10
155.708161
 20
98.888408
 30
0.0
 11
-0.0146507901080292
 21
0.0002077685587574
 31
0.0
210
0.0000000000000002
220
0.0
230
-0.9999999999999998
 40
0.2602922488697569
 41
2.613470857313357
 42
3.137904275689236
  0
LINE
  5
F7D
330
70
100
AcDbEntity
  8
Visible
100
AcDbLine
 10
155.711257
 20
98.89015
 30
0.0
 11
155.720843
 21
98.89015
 31
0.0
210
0.0
220
1.0
230
0.0
  0
LINE
  5
F7E
330
70
100
AcDbEntity
  8
Visible
100
AcDbLine
 10
155.134956
 20
98.081478
 30
0.0
 11
155.134956
 21
98.117987
 31
0.0
210
0.0
220
1.0
230
0.0
  0
LINE
  5
F7F
330
70
100
AcDbEntity
  8
Visible
100
AcDbLine
 10
155.134956
 20
97.912237
 30
0.0
 11
155.134956
 21
98.081478
 31
0.0
210
0.0
220
1.0
230
0.0
  0
ARC
  5
F80
330
70
100
AcDbEntity
  8
Visible
100
AcDbCircle
 10
-155.426781
 20
97.015757
 30
0.0
 40
1.102230000000003
210
0.0000000000000002
220
0.0
230
-1.0
100
AcDbArc
 50
75.438152
 51
104.78791
  0
LINE
  5
F81
330
70
100
AcDbEntity
  8
Visible
100
AcDbLine
 10
155.722812
 20
98.117987
 30
0.0
 11
155.722812
 21
98.08258
 31
0.0
210
0.0
220
1.0
230
0.0
  0
LINE
  5
F82
330
70
100
AcDbEntity
  8
Visible
100
AcDbLine
 10
155.722812
 20
98.08258
 30
0.0
 11
155.722812
 21
97.912237
 31
0.0
210
0.0
220
1.0
230
0.0
  0
LINE
  5
F83
330
70
100
AcDbEntity
  8
Visible
100
AcDbLine
 10
155.708116
 20
97.897541
 30
0.0
 11
155.149653
 21
97.897541
 31
0.0
210
0.0
220
1.0
230
0.0
  0
ELLIPSE
  5
F84
330
70
100
AcDbEntity
  8
Visible
100
AcDbEllipse
 10
155.708161
 20
98.082386
 30
0.0
 11
0.0146515735959807
 21
0.0002077473145852
 31
0.0
210
-0.0000000000000002
220
0.0
230
1.0
 40
0.2602853622217671
 41
-0.5281067719919741
 42
-0.003687744350189
  0
SPLINE
  5
F85
330
70
100
AcDbEntity
  8
Visible
100
AcDbSpline
210
0.0
220
0.0
230
1.0
 70
     8
 71
     3
 72
     8
 73
     4
 74
     0
 42
0.000000001
 43
0.0000000001
 40
-0.003764552132493
 40
-0.003764552132493
 40
-0.003764552132493
 40
-0.003764552132493
 40
-0.0036828233727522
 40
-0.0036828233727522
 40
-0.0036828233727522
 40
-0.0036828233727522
 10
155.7154641380457
 20
98.07919214991303
 30
0.000000000001819
 10
155.7157102049805
 20
98.07923136842269
 30
0.000000000001819
 10
155.7159523664686
 20
98.07927190312179
 30
0.000000000001819
 10
155.7161892408639
 20
98.07931392599488
 30
0.000000000001819
  0
LINE
  5
F86
330
70
100
AcDbEntity
  8
Visible
100
AcDbLine
 10
155.715464
 20
98.079192
 30
0.0
 11
155.715464
 21
98.079511
 31
0.0
210
0.0
220
1.0
230
0.0
  0
ARC
  5
F87
330
70
100
AcDbEntity
  8
Visible
100
AcDbCircle
 10
155.708116
 20
97.912237
 30
0.0
 40
0.0146964000000001
100
AcDbArc
 50
270.0
 51
0.0
  0
ELLIPSE
  5
F88
330
70
100
AcDbEntity
  8
Visible
100
AcDbEllipse
 10
155.149588
 20
98.081282
 30
0.0
 11
-0.014631836948826
 21
0.0002105674387213
 31
0.0
210
-0.0000000000000002
220
0.0
230
0.9999999999999998
 40
0.2646630915990057
 41
0.003802777027065
 42
0.5285867071008253
  0
ELLIPSE
  5
F89
330
70
100
AcDbEntity
  8
Visible
100
AcDbEllipse
 10
155.149669
 20
98.081425
 30
0.0
 11
-0.0147131952041711
 21
0.000079830389182
 31
0.0
210
-0.0000000000000002
220
0.0
230
1.0
 40
0.2689113723480945
 41
0.5828173843117779
 42
1.048077752615494
  0
SPLINE
  5
F8A
330
70
100
AcDbEntity
  8
Visible
100
AcDbSpline
210
0.0
220
0.0
230
1.0
 70
     8
 71
     3
 72
     8
 73
     4
 74
     0
 42
0.000000001
 43
0.0000000001
 40
-0.0037645521326242
 40
-0.0037645521326242
 40
-0.0037645521326242
 40
-0.0037645521326242
 40
-0.0036828233728072
 40
-0.0036828233728072
 40
-0.0036828233728072
 40
-0.0036828233728072
 10
155.1369252823024
 20
98.07919214991311
 30
0.000000000001819
 10
155.1370692357632
 20
98.0792313684228
 30
0.000000000001819
 10
155.1372180411526
 20
98.07927190312193
 30
0.000000000001819
 10
155.1373724304539
 20
98.07931392599506
 30
0.000000000001819
  0
LINE
  5
F8B
330
70
100
AcDbEntity
  8
Visible
100
AcDbLine
 10
155.136925
 20
98.079192
 30
0.0
 11
155.136925
 21
98.079511
 31
0.0
210
0.0
220
1.0
230
0.0
  0
ARC
  5
F8C
330
70
100
AcDbEntity
  8
Visible
100
AcDbCircle
 10
-155.149653
 20
97.912237
 30
0.0
 40
0.0146964000000001
210
0.0000000000000002
220
0.0
230
-1.0
100
AcDbArc
 50
270.0
 51
0.0
  0
LINE
  5
F8D
330
70
100
AcDbEntity
  8
Visible
100
AcDbLine
 10
155.715464
 20
98.079511
 30
0.0
 11
155.716189
 21
98.079314
 31
0.0
210
0.0
220
1.0
230
0.0
  0
LINE
  5
F8E
330
70
100
AcDbEntity
  8
Visible
100
AcDbLine
 10
155.138098
 20
98.079511
 30
0.0
 11
155.136925
 21
98.079511
 31
0.0
210
0.0
220
1.0
230
0.0
  0
LINE
  5
F8F
330
70
100
AcDbEntity
  8
Visible
100
AcDbLine
 10
155.138098
 20
98.079511
 30
0.0
 11
155.137372
 21
98.079314
 31
0.0
210
0.0
220
1.0
230
0.0
  0
SPLINE
  5
F90
330
70
100
AcDbEntity
  8
Visible
100
AcDbSpline
210
0.0
220
0.0
230
1.0
 70
     8
 71
     3
 72
     8
 73
     4
 74
     0
 42
0.000000001
 43
0.0000000001
 40
0.0000033489167503
 40
0.0000033489167503
 40
0.0000033489167503
 40
0.0000033489167503
 40
0.0000071357175637
 40
0.0000071357175637
 40
0.0000071357175637
 40
0.0000071357175637
 10
155.1427980990284
 20
98.08077548085051
 30
0.000000000001819
 10
155.1424695719051
 20
98.08100227536606
 30
0.000000000001819
 10
155.1423045380452
 20
98.08124109325779
 30
0.000000000001819
 10
155.1423045380452
 20
98.08147793868853
 30
0.000000000001819
  0
SPLINE
  5
F91
330
70
100
AcDbEntity
  8
Visible
100
AcDbSpline
210
0.0
220
0.0
230
1.0
 70
     8
 71
     3
 72
     8
 73
     4
 74
     0
 42
0.000000001
 43
0.0000000001
 40
0.0
 40
0.0
 40
0.0
 40
0.0
 40
0.0000122273916845
 40
0.0000122273916845
 40
0.0000122273916845
 40
0.0000122273916845
 10
155.7154641380439
 20
98.08257965446552
 30
0.000000000001819
 10
155.7154641380439
 20
98.08182664251029
 30
0.000000000001819
 10
155.7135558537684
 20
98.0810630666043
 30
0.000000000001819
 10
155.7107635723077
 20
98.08077548085051
 30
0.000000000001819
  0
LINE
  5
F92
330
70
100
AcDbEntity
  8
Visible
100
AcDbLine
 10
155.149653
 20
99.073253
 30
0.0
 11
155.708116
 21
99.073253
 31
0.0
210
0.0
220
1.0
230
0.0
  0
ARC
  5
F93
330
70
100
AcDbEntity
  8
Visible
100
AcDbCircle
 10
155.149653
 20
99.058556
 30
0.0
 40
0.0146964000000001
100
AcDbArc
 50
90.0
 51
180.0
  0
ARC
  5
F94
330
70
100
AcDbEntity
  8
Visible
100
AcDbCircle
 10
-155.708116
 20
99.058556
 30
0.0
 40
0.0146964000000001
210
0.0000000000000002
220
0.0
230
-1.0
100
AcDbArc
 50
90.0
 51
180.0
  0
SPLINE
  5
F95
330
70
100
AcDbEntity
  8
Visible
100
AcDbSpline
210
0.0
220
0.0
230
1.0
 70
     8
 71
     3
 72
     8
 73
     4
 74
     0
 42
0.000000001
 43
0.0000000001
 40
0.0
 40
0.0
 40
0.0
 40
0.0
 40
0.0000037883805567
 40
0.0000037883805567
 40
0.0000037883805567
 40
0.0000037883805567
 10
155.1423045380452
 20
98.88931567293052
 30
0.000000000001819
 10
155.1423045380452
 20
98.88955251835978
 30
0.000000000001819
 10
155.1424695718961
 20
98.88979133626051
 30
0.000000000001819
 10
155.1427980990229
 20
98.89001813076452
 30
0.000000000001819
  0
LINE
  5
F96
330
70
100
AcDbEntity
  8
Visible
100
AcDbLine
 10
155.137372
 20
98.89148
 30
0.0
 11
155.138098
 21
98.891283
 31
0.0
210
0.0
220
1.0
230
0.0
  0
LINE
  5
F97
330
70
100
AcDbEntity
  8
Visible
100
AcDbLine
 10
155.138098
 20
98.891283
 30
0.0
 11
155.136925
 21
98.891283
 31
0.0
210
0.0
220
1.0
230
0.0
  0
LINE
  5
F98
330
70
100
AcDbEntity
  8
Visible
100
AcDbLine
 10
155.716189
 20
98.89148
 30
0.0
 11
155.715464
 21
98.891283
 31
0.0
210
0.0
220
1.0
230
0.0
  0
SPLINE
  5
F99
330
70
100
AcDbEntity
  8
Visible
100
AcDbSpline
210
0.0
220
0.0
230
1.0
 70
     8
 71
     3
 72
     8
 73
     4
 74
     0
 42
0.000000001
 43
0.0000000001
 40
0.0000036715363902
 40
0.0000036715363902
 40
0.0000036715363902
 40
0.0000036715363902
 40
0.0000158883474265
 40
0.0000158883474265
 40
0.0000158883474265
 40
0.0000158883474265
 10
155.7107635722932
 20
98.89001813076452
 30
0.000000000001819
 10
155.7135439195572
 20
98.88973177419002
 30
0.000000000001819
 10
155.7154641380439
 20
98.88897088702307
 30
0.000000000001819
 10
155.7154641380439
 20
98.88821395715353
 30
0.000000000001819
  0
LINE
  5
F9A
330
70
100
AcDbEntity
  8
Visible
100
AcDbLine
 10
155.722812
 20
98.495919
 30
0.0
 11
155.715464
 21
98.495919
 31
0.0
210
0.0
220
1.0
230
0.0
  0
LINE
  5
F9B
330
70
100
AcDbEntity
  8
Visible
100
AcDbLine
 10
155.722812
 20
98.495919
 30
0.0
 11
155.722812
 21
98.478064
 31
0.0
210
0.0
220
1.0
230
0.0
  0
LINE
  5
F9C
330
70
100
AcDbEntity
  8
Visible
100
AcDbLine
 10
155.722812
 20
98.478064
 30
0.0
 11
155.715464
 21
98.478064
 31
0.0
210
0.0
220
1.0
230
0.0
  0
LINE
  5
F9D
330
70
100
AcDbEntity
  8
Visible
100
AcDbLine
 10
155.722812
 20
98.472276
 30
0.0
 11
155.715464
 21
98.472276
 31
0.0
210
0.0
220
1.0
230
0.0
  0
LINE
  5
F9E
330
70
100
AcDbEntity
  8
Visible
100
AcDbLine
 10
155.722812
 20
98.478064
 30
0.0
 11
155.722812
 21
98.472276
 31
0.0
210
0.0
220
1.0
230
0.0
  0
LINE
  5
F9F
330
70
100
AcDbEntity
  8
Visible
100
AcDbLine
 10
155.722812
 20
98.531321
 30
0.0
 11
155.715464
 21
98.531321
 31
0.0
210
0.0
220
1.0
230
0.0
  0
LINE
  5
FA0
330
70
100
AcDbEntity
  8
Visible
100
AcDbLine
 10
155.722812
 20
98.520697
 30
0.0
 11
155.722812
 21
98.531321
 31
0.0
210
0.0
220
1.0
230
0.0
  0
LINE
  5
FA1
330
70
100
AcDbEntity
  8
Visible
100
AcDbLine
 10
155.722812
 20
98.520697
 30
0.0
 11
155.722812
 21
98.504228
 31
0.0
210
0.0
220
1.0
230
0.0
  0
LINE
  5
FA2
330
70
100
AcDbEntity
  8
Visible
100
AcDbLine
 10
155.722812
 20
98.497753
 30
0.0
 11
155.715464
 21
98.497753
 31
0.0
210
0.0
220
1.0
230
0.0
  0
LINE
  5
FA3
330
70
100
AcDbEntity
  8
Visible
100
AcDbLine
 10
155.722812
 20
98.504228
 30
0.0
 11
155.722812
 21
98.497753
 31
0.0
210
0.0
220
1.0
230
0.0
  0
LINE
  5
FA4
330
70
100
AcDbEntity
  8
Visible
100
AcDbLine
 10
155.722812
 20
98.564408
 30
0.0
 11
155.715464
 21
98.564408
 31
0.0
210
0.0
220
1.0
230
0.0
  0
LINE
  5
FA5
330
70
100
AcDbEntity
  8
Visible
100
AcDbLine
 10
155.722812
 20
98.564408
 30
0.0
 11
155.722812
 21
98.563388
 31
0.0
210
0.0
220
1.0
230
0.0
  0
LINE
  5
FA6
330
70
100
AcDbEntity
  8
Visible
100
AcDbLine
 10
155.722812
 20
98.563388
 30
0.0
 11
155.715464
 21
98.563388
 31
0.0
210
0.0
220
1.0
230
0.0
  0
LINE
  5
FA7
330
70
100
AcDbEntity
  8
Visible
100
AcDbLine
 10
155.722812
 20
98.540295
 30
0.0
 11
155.715464
 21
98.540295
 31
0.0
210
0.0
220
1.0
230
0.0
  0
LINE
  5
FA8
330
70
100
AcDbEntity
  8
Visible
100
AcDbLine
 10
155.722812
 20
98.563388
 30
0.0
 11
155.722812
 21
98.540295
 31
0.0
210
0.0
220
1.0
230
0.0
  0
LINE
  5
FA9
330
70
100
AcDbEntity
  8
Visible
100
AcDbLine
 10
155.722812
 20
98.609379
 30
0.0
 11
155.722812
 21
98.602617
 31
0.0
210
0.0
220
1.0
230
0.0
  0
LINE
  5
FAA
330
70
100
AcDbEntity
  8
Visible
100
AcDbLine
 10
155.722812
 20
98.602617
 30
0.0
 11
155.722812
 21
98.585667
 31
0.0
210
0.0
220
1.0
230
0.0
  0
LINE
  5
FAB
330
70
100
AcDbEntity
  8
Visible
100
AcDbLine
 10
155.722812
 20
98.585667
 30
0.0
 11
155.722812
 21
98.572877
 31
0.0
210
0.0
220
1.0
230
0.0
  0
LINE
  5
FAC
330
70
100
AcDbEntity
  8
Visible
100
AcDbLine
 10
155.722812
 20
98.609379
 30
0.0
 11
155.715464
 21
98.609379
 31
0.0
210
0.0
220
1.0
230
0.0
  0
LINE
  5
FAD
330
70
100
AcDbEntity
  8
Visible
100
AcDbLine
 10
155.722812
 20
98.572877
 30
0.0
 11
155.715464
 21
98.572877
 31
0.0
210
0.0
220
1.0
230
0.0
  0
LINE
  5
FAE
330
70
100
AcDbEntity
  8
Visible
100
AcDbLine
 10
155.722812
 20
98.652207
 30
0.0
 11
155.722812
 21
98.63513
 31
0.0
210
0.0
220
1.0
230
0.0
  0
LINE
  5
FAF
330
70
100
AcDbEntity
  8
Visible
100
AcDbLine
 10
155.722812
 20
98.63513
 30
0.0
 11
155.722812
 21
98.628942
 31
0.0
210
0.0
220
1.0
230
0.0
  0
LINE
  5
FB0
330
70
100
AcDbEntity
  8
Visible
100
AcDbLine
 10
155.722812
 20
98.628942
 30
0.0
 11
155.722812
 21
98.611866
 31
0.0
210
0.0
220
1.0
230
0.0
  0
LINE
  5
FB1
330
70
100
AcDbEntity
  8
Visible
100
AcDbLine
 10
155.722812
 20
98.63513
 30
0.0
 11
155.715464
 21
98.63513
 31
0.0
210
0.0
220
1.0
230
0.0
  0
LINE
  5
FB2
330
70
100
AcDbEntity
  8
Visible
100
AcDbLine
 10
155.722812
 20
98.652207
 30
0.0
 11
155.715464
 21
98.652207
 31
0.0
210
0.0
220
1.0
230
0.0
  0
LINE
  5
FB3
330
70
100
AcDbEntity
  8
Visible
100
AcDbLine
 10
155.722812
 20
98.628942
 30
0.0
 11
155.715464
 21
98.628942
 31
0.0
210
0.0
220
1.0
230
0.0
  0
LINE
  5
FB4
330
70
100
AcDbEntity
  8
Visible
100
AcDbLine
 10
155.722812
 20
98.611866
 30
0.0
 11
155.715464
 21
98.611866
 31
0.0
210
0.0
220
1.0
230
0.0
  0
LINE
  5
FB5
330
70
100
AcDbEntity
  8
Visible
100
AcDbLine
 10
155.722812
 20
98.496389
 30
0.0
 11
155.715464
 21
98.496389
 31
0.0
210
0.0
220
1.0
230
0.0
  0
LINE
  5
FB6
330
70
100
AcDbEntity
  8
Visible
100
AcDbLine
 10
155.722812
 20
98.496389
 30
0.0
 11
155.722812
 21
98.495919
 31
0.0
210
0.0
220
1.0
230
0.0
  0
LINE
  5
FB7
330
70
100
AcDbEntity
  8
Visible
100
AcDbLine
 10
155.722812
 20
98.535103
 30
0.0
 11
155.715464
 21
98.535103
 31
0.0
210
0.0
220
1.0
230
0.0
  0
SPLINE
  5
FB8
330
70
100
AcDbEntity
  8
Visible
100
AcDbSpline
210
0.0
220
0.0
230
1.0
 70
    24
 71
     3
 72
     8
 73
     4
 74
     0
 42
0.000000001
 43
0.0000000001
 40
0.9960011515119656
 40
0.9960011515119656
 40
0.9960011515119656
 40
0.9960011515119656
 40
1.0
 40
1.0
 40
1.0
 40
1.0
 10
155.7228123380446
 20
98.53513739300254
 30
0.000000000001819
 10
155.7228123380446
 20
98.53512592917915
 30
0.000000000001819
 10
155.7228123380446
 20
98.53511446865597
 30
0.000000000001819
 10
155.7228123380446
 20
98.53510301143153
 30
0.000000000001819
  0
LINE
  5
FB9
330
70
100
AcDbEntity
  8
Visible
100
AcDbLine
 10
155.722812
 20
98.540295
 30
0.0
 11
155.722812
 21
98.538736
 31
0.0
210
0.0
220
1.0
230
0.0
  0
LINE
  5
FBA
330
70
100
AcDbEntity
  8
Visible
100
AcDbLine
 10
155.722812
 20
98.535137
 30
0.0
 11
155.715464
 21
98.535137
 31
0.0
210
0.0
220
1.0
230
0.0
  0
LINE
  5
FBB
330
70
100
AcDbEntity
  8
Visible
100
AcDbLine
 10
155.722812
 20
98.538736
 30
0.0
 11
155.722812
 21
98.535137
 31
0.0
210
0.0
220
1.0
230
0.0
  0
LINE
  5
FBC
330
70
100
AcDbEntity
  8
Visible
100
AcDbLine
 10
155.722812
 20
98.565932
 30
0.0
 11
155.715464
 21
98.565932
 31
0.0
210
0.0
220
1.0
230
0.0
  0
LINE
  5
FBD
330
70
100
AcDbEntity
  8
Visible
100
AcDbLine
 10
155.722812
 20
98.572877
 30
0.0
 11
155.722812
 21
98.565932
 31
0.0
210
0.0
220
1.0
230
0.0
  0
LINE
  5
FBE
330
70
100
AcDbEntity
  8
Visible
100
AcDbLine
 10
155.722812
 20
98.565932
 30
0.0
 11
155.722812
 21
98.564408
 31
0.0
210
0.0
220
1.0
230
0.0
  0
LINE
  5
FBF
330
70
100
AcDbEntity
  8
Visible
100
AcDbLine
 10
155.722812
 20
98.611866
 30
0.0
 11
155.722812
 21
98.609379
 31
0.0
210
0.0
220
1.0
230
0.0
  0
LINE
  5
FC0
330
70
100
AcDbEntity
  8
Visible
100
AcDbLine
 10
155.722812
 20
98.665524
 30
0.0
 11
155.722812
 21
98.658762
 31
0.0
210
0.0
220
1.0
230
0.0
  0
LINE
  5
FC1
330
70
100
AcDbEntity
  8
Visible
100
AcDbLine
 10
155.722812
 20
98.658762
 30
0.0
 11
155.722812
 21
98.652207
 31
0.0
210
0.0
220
1.0
230
0.0
  0
LINE
  5
FC2
330
70
100
AcDbEntity
  8
Visible
100
AcDbLine
 10
155.722812
 20
98.665524
 30
0.0
 11
155.715464
 21
98.665524
 31
0.0
210
0.0
220
1.0
230
0.0
  0
LINE
  5
FC3
330
70
100
AcDbEntity
  8
Visible
100
AcDbLine
 10
155.722812
 20
98.708352
 30
0.0
 11
155.722812
 21
98.691276
 31
0.0
210
0.0
220
1.0
230
0.0
  0
LINE
  5
FC4
330
70
100
AcDbEntity
  8
Visible
100
AcDbLine
 10
155.722812
 20
98.691276
 30
0.0
 11
155.722812
 21
98.685087
 31
0.0
210
0.0
220
1.0
230
0.0
  0
LINE
  5
FC5
330
70
100
AcDbEntity
  8
Visible
100
AcDbLine
 10
155.722812
 20
98.685087
 30
0.0
 11
155.722812
 21
98.668011
 31
0.0
210
0.0
220
1.0
230
0.0
  0
LINE
  5
FC6
330
70
100
AcDbEntity
  8
Visible
100
AcDbLine
 10
155.722812
 20
98.691276
 30
0.0
 11
155.715464
 21
98.691276
 31
0.0
210
0.0
220
1.0
230
0.0
  0
LINE
  5
FC7
330
70
100
AcDbEntity
  8
Visible
100
AcDbLine
 10
155.722812
 20
98.708352
 30
0.0
 11
155.715464
 21
98.708352
 31
0.0
210
0.0
220
1.0
230
0.0
  0
LINE
  5
FC8
330
70
100
AcDbEntity
  8
Visible
100
AcDbLine
 10
155.722812
 20
98.685087
 30
0.0
 11
155.715464
 21
98.685087
 31
0.0
210
0.0
220
1.0
230
0.0
  0
LINE
  5
FC9
330
70
100
AcDbEntity
  8
Visible
100
AcDbLine
 10
155.722812
 20
98.668011
 30
0.0
 11
155.715464
 21
98.668011
 31
0.0
210
0.0
220
1.0
230
0.0
  0
LINE
  5
FCA
330
70
100
AcDbEntity
  8
Visible
100
AcDbLine
 10
155.722812
 20
98.435559
 30
0.0
 11
155.722812
 21
98.404001
 31
0.0
210
0.0
220
1.0
230
0.0
  0
LINE
  5
FCB
330
70
100
AcDbEntity
  8
Visible
100
AcDbLine
 10
155.722812
 20
98.386788
 30
0.0
 11
155.722812
 21
98.404001
 31
0.0
210
0.0
220
1.0
230
0.0
  0
LINE
  5
FCC
330
70
100
AcDbEntity
  8
Visible
100
AcDbLine
 10
155.722812
 20
98.343436
 30
0.0
 11
155.722812
 21
98.386788
 31
0.0
210
0.0
220
1.0
230
0.0
  0
LINE
  5
FCD
330
70
100
AcDbEntity
  8
Visible
100
AcDbLine
 10
155.722812
 20
98.305185
 30
0.0
 11
155.722812
 21
98.343436
 31
0.0
210
0.0
220
1.0
230
0.0
  0
LINE
  5
FCE
330
70
100
AcDbEntity
  8
Visible
100
AcDbLine
 10
155.722812
 20
98.305185
 30
0.0
 11
155.722812
 21
98.291159
 31
0.0
210
0.0
220
1.0
230
0.0
  0
LINE
  5
FCF
330
70
100
AcDbEntity
  8
Visible
100
AcDbLine
 10
155.722812
 20
98.291159
 30
0.0
 11
155.722812
 21
98.283828
 31
0.0
210
0.0
220
1.0
230
0.0
  0
LINE
  5
FD0
330
70
100
AcDbEntity
  8
Visible
100
AcDbLine
 10
155.722812
 20
98.24717
 30
0.0
 11
155.722812
 21
98.283828
 31
0.0
210
0.0
220
1.0
230
0.0
  0
LINE
  5
FD1
330
70
100
AcDbEntity
  8
Visible
100
AcDbLine
 10
155.722812
 20
98.24717
 30
0.0
 11
155.722812
 21
98.232188
 31
0.0
210
0.0
220
1.0
230
0.0
  0
LINE
  5
FD2
330
70
100
AcDbEntity
  8
Visible
100
AcDbLine
 10
155.722812
 20
98.404001
 30
0.0
 11
155.715464
 21
98.404001
 31
0.0
210
0.0
220
1.0
230
0.0
  0
LINE
  5
FD3
330
70
100
AcDbEntity
  8
Visible
100
AcDbLine
 10
155.722812
 20
98.435559
 30
0.0
 11
155.715464
 21
98.435559
 31
0.0
210
0.0
220
1.0
230
0.0
  0
LINE
  5
FD4
330
70
100
AcDbEntity
  8
Visible
100
AcDbLine
 10
155.722812
 20
98.386788
 30
0.0
 11
155.715464
 21
98.386788
 31
0.0
210
0.0
220
1.0
230
0.0
  0
LINE
  5
FD5
330
70
100
AcDbEntity
  8
Visible
100
AcDbLine
 10
155.722812
 20
98.291159
 30
0.0
 11
155.715464
 21
98.291159
 31
0.0
210
0.0
220
1.0
230
0.0
  0
LINE
  5
FD6
330
70
100
AcDbEntity
  8
Visible
100
AcDbLine
 10
155.722812
 20
98.232188
 30
0.0
 11
155.715464
 21
98.232188
 31
0.0
210
0.0
220
1.0
230
0.0
  0
LINE
  5
FD7
330
70
100
AcDbEntity
  8
Visible
100
AcDbLine
 10
155.142305
 20
98.117987
 30
0.0
 11
155.134956
 21
98.117987
 31
0.0
210
0.0
220
1.0
230
0.0
  0
LINE
  5
FD8
330
70
100
AcDbEntity
  8
Visible
100
AcDbLine
 10
155.715464
 20
98.117987
 30
0.0
 11
155.722812
 21
98.117987
 31
0.0
210
0.0
220
1.0
230
0.0
  0
LINE
  5
FD9
330
70
100
AcDbEntity
  8
Visible
100
AcDbLine
 10
155.142305
 20
98.852807
 30
0.0
 11
155.134956
 21
98.852807
 31
0.0
210
0.0
220
1.0
230
0.0
  0
LINE
  5
FDA
330
70
100
AcDbEntity
  8
Visible
100
AcDbLine
 10
155.715464
 20
98.852807
 30
0.0
 11
155.722812
 21
98.852807
 31
0.0
210
0.0
220
1.0
230
0.0
  0
LINE
  5
FDB
330
70
100
AcDbEntity
  8
Visible
100
AcDbLine
 10
157.946081
 20
99.360398
 30
0.0
 11
158.499699
 21
99.360398
 31
0.0
210
0.0
220
1.0
230
0.0
  0
LINE
  5
FDC
330
70
100
AcDbEntity
  8
Visible
100
AcDbLine
 10
157.97289
 20
99.370398
 30
0.0
 11
157.946081
 21
99.370398
 31
0.0
210
0.0
220
1.0
230
0.0
  0
LINE
  5
FDD
330
70
100
AcDbEntity
  8
Visible
100
AcDbLine
 10
157.74289
 20
99.370398
 30
0.0
 11
157.946081
 21
99.370398
 31
0.0
210
0.0
220
1.0
230
0.0
  0
ARC
  5
FDE
330
70
100
AcDbEntity
  8
Visible
100
AcDbCircle
 10
156.97289
 20
99.120398
 30
0.0
 40
1.000000000000002
100
AcDbArc
 50
346.702928
 51
13.297072
  0
LINE
  5
FDF
330
70
100
AcDbEntity
  8
Visible
100
AcDbLine
 10
157.946081
 20
98.870398
 30
0.0
 11
157.97289
 21
98.870398
 31
0.0
210
0.0
220
1.0
230
0.0
  0
LINE
  5
FE0
330
70
100
AcDbEntity
  8
Visible
100
AcDbLine
 10
157.946081
 20
98.870398
 30
0.0
 11
157.74289
 21
98.870398
 31
0.0
210
0.0
220
1.0
230
0.0
  0
LINE
  5
FE1
330
70
100
AcDbEntity
  8
Visible
100
AcDbLine
 10
157.941824
 20
98.880398
 30
0.0
 11
157.943663
 21
98.880398
 31
0.0
210
0.0
220
1.0
230
0.0
  0
ELLIPSE
  5
FE2
330
70
100
AcDbEntity
  8
Visible
100
AcDbEllipse
 10
157.945691
 20
98.890293
 30
0.0
 11
-0.0004122697222663
 21
0.0198946828174479
 31
0.0
210
0.0000000000000002
220
0.0
230
-0.9999999999999998
 40
0.2371022556511319
 41
3.146497105547564
 42
3.671518237842018
  0
LINE
  5
FE3
330
70
100
AcDbEntity
  8
Visible
100
AcDbLine
 10
157.943663
 20
98.873078
 30
0.0
 11
157.941824
 21
98.873078
 31
0.0
210
0.0
220
1.0
230
0.0
  0
ELLIPSE
  5
FE4
330
70
100
AcDbEntity
  8
Visible
100
AcDbEllipse
 10
157.94591
 20
98.889927
 30
0.0
 11
-0.0002028771692173
 21
0.0194860670360353
 31
0.0
210
0.0000000000000002
220
0.0
230
-0.9999999999999998
 40
0.2458896267539171
 41
3.9373309820981
 42
4.203988102009507
  0
LINE
  5
FE5
330
70
100
AcDbEntity
  8
Visible
100
AcDbLine
 10
157.941824
 20
99.367719
 30
0.0
 11
157.943663
 21
99.367719
 31
0.0
210
0.0
220
1.0
230
0.0
  0
ELLIPSE
  5
FE6
330
70
100
AcDbEntity
  8
Visible
100
AcDbEllipse
 10
157.945692
 20
99.350492
 30
0.0
 11
0.0004117038661847
 21
0.0199060867023467
 31
0.0
210
0.0000000000000002
220
0.0
230
-1.0
 40
0.2370405417265351
 41
-0.5297608092503903
 42
-0.0048950782490564
  0
LINE
  5
FE7
330
70
100
AcDbEntity
  8
Visible
100
AcDbLine
 10
157.943663
 20
99.360398
 30
0.0
 11
157.941824
 21
99.360398
 31
0.0
210
0.0
220
1.0
230
0.0
  0
ELLIPSE
  5
FE8
330
70
100
AcDbEntity
  8
Visible
100
AcDbEllipse
 10
157.946086
 20
99.350348
 30
0.0
 11
0.0000906271948894
 21
0.0200709234834693
 31
0.0
210
0.0000000000000002
220
0.0
230
-1.0
 40
0.2477741293384502
 41
-1.04749617312515
 42
-0.7865478579936626
  0
LINE
  5
FE9
330
70
100
AcDbEntity
  8
Visible
100
AcDbLine
 10
158.499699
 20
98.880398
 30
0.0
 11
157.946081
 21
98.880398
 31
0.0
210
0.0
220
1.0
230
0.0
  0
LINE
  5
FEA
330
70
100
AcDbEntity
  8
Visible
100
AcDbLine
 10
158.499699
 20
98.870398
 30
0.0
 11
158.47289
 21
98.870398
 31
0.0
210
0.0
220
1.0
230
0.0
  0
LINE
  5
FEB
330
70
100
AcDbEntity
  8
Visible
100
AcDbLine
 10
158.70289
 20
98.870398
 30
0.0
 11
158.499699
 21
98.870398
 31
0.0
210
0.0
220
1.0
230
0.0
  0
ARC
  5
FEC
330
70
100
AcDbEntity
  8
Visible
100
AcDbCircle
 10
-159.47289
 20
99.120398
 30
0.0
 40
1.000000000000001
210
0.0000000000000002
220
0.0
230
-1.0
100
AcDbArc
 50
346.702928
 51
13.297072
  0
LINE
  5
FED
330
70
100
AcDbEntity
  8
Visible
100
AcDbLine
 10
158.47289
 20
99.370398
 30
0.0
 11
158.499699
 21
99.370398
 31
0.0
210
0.0
220
1.0
230
0.0
  0
LINE
  5
FEE
330
70
100
AcDbEntity
  8
Visible
100
AcDbLine
 10
158.499699
 20
99.370398
 30
0.0
 11
158.70289
 21
99.370398
 31
0.0
210
0.0
220
1.0
230
0.0
  0
LINE
  5
FEF
330
70
100
AcDbEntity
  8
Visible
100
AcDbLine
 10
158.72289
 20
99.350398
 30
0.0
 11
158.72289
 21
98.890398
 31
0.0
210
0.0
220
1.0
230
0.0
  0
ELLIPSE
  5
FF0
330
70
100
AcDbEntity
  8
Visible
100
AcDbEllipse
 10
158.500089
 20
99.350506
 30
0.0
 11
-0.0004125588997102
 21
0.0198917418701211
 31
0.0
210
-0.0000000000000002
220
0.0
230
1.0
 40
0.2371162899635927
 41
-0.5299697689389039
 42
-0.0049085599369079
  0
LINE
  5
FF1
330
70
100
AcDbEntity
  8
Visible
100
AcDbLine
 10
158.502117
 20
99.367719
 30
0.0
 11
158.503956
 21
99.367719
 31
0.0
210
0.0
220
1.0
230
0.0
  0
ELLIPSE
  5
FF2
330
70
100
AcDbEntity
  8
Visible
100
AcDbEllipse
 10
158.499859
 20
99.350846
 30
0.0
 11
-0.0001967781445128
 21
0.0195124209802449
 31
0.0
210
-0.0000000000000002
220
0.0
230
1.0
 40
0.2460792441847301
 41
-1.061747059915633
 42
-0.7953651163494613
  0
LINE
  5
FF3
330
70
100
AcDbEntity
  8
Visible
100
AcDbLine
 10
158.503956
 20
99.360398
 30
0.0
 11
158.502117
 21
99.360398
 31
0.0
210
0.0
220
1.0
230
0.0
  0
ARC
  5
FF4
330
70
100
AcDbEntity
  8
Visible
100
AcDbCircle
 10
158.70289
 20
99.350398
 30
0.0
 40
0.0199999999990001
100
AcDbArc
 50
0.0
 51
90.0
  0
ELLIPSE
  5
FF5
330
70
100
AcDbEntity
  8
Visible
100
AcDbEllipse
 10
158.50009
 20
98.89029
 30
0.0
 11
0.0004134538304909
 21
0.0198919926088215
 31
0.0
210
-0.0000000000000002
220
0.0
230
0.9999999999999998
 40
0.2371028553579837
 41
3.146511464253749
 42
3.67156934782403
  0
LINE
  5
FF6
330
70
100
AcDbEntity
  8
Visible
100
AcDbLine
 10
158.502117
 20
98.880398
 30
0.0
 11
158.503956
 21
98.880398
 31
0.0
210
0.0
220
1.0
230
0.0
  0
ELLIPSE
  5
FF7
330
70
100
AcDbEntity
  8
Visible
100
AcDbEllipse
 10
158.499741
 20
98.890341
 30
0.0
 11
0.0001349103223377
 21
0.019983537142789
 31
0.0
210
-0.0000000000000002
220
0.0
230
0.9999999999999998
 40
0.2467724389591871
 41
3.931875017105173
 42
4.193282453163345
  0
LINE
  5
FF8
330
70
100
AcDbEntity
  8
Visible
100
AcDbLine
 10
158.503956
 20
98.873078
 30
0.0
 11
158.502117
 21
98.873078
 31
0.0
210
0.0
220
1.0
230
0.0
  0
ARC
  5
FF9
330
70
100
AcDbEntity
  8
Visible
100
AcDbCircle
 10
-158.70289
 20
98.890398
 30
0.0
 40
0.0199999999990001
210
0.0000000000000002
220
0.0
230
-1.0
100
AcDbArc
 50
180.0
 51
270.0
  0
LINE
  5
FFA
330
70
100
AcDbEntity
  8
Visible
100
AcDbLine
 10
158.502117
 20
98.880398
 30
0.0
 11
158.502117
 21
98.873078
 31
0.0
210
0.0
220
1.0
230
0.0
  0
SPLINE
  5
FFB
330
70
100
AcDbEntity
  8
Visible
100
AcDbSpline
210
0.0
220
0.0
230
1.0
 70
     8
 71
     3
 72
     8
 73
     4
 74
     0
 42
0.000000001
 43
0.0000000001
 40
0.0
 40
0.0
 40
0.0
 40
0.0
 40
0.0000079887434726
 40
0.0000079887434726
 40
0.0000079887434726
 40
0.0000079887434726
 10
158.5013976158407
 20
98.88332700800086
 30
0.000000000001819
 10
158.5009448118053
 20
98.88147146467229
 30
0.000000000001819
 10
158.5003197661117
 20
98.88039807581252
 30
0.000000000001819
 10
158.4996992972483
 20
98.88039807581252
 30
0.000000000001819
  0
SPLINE
  5
FFC
330
70
100
AcDbEntity
  8
Visible
100
AcDbSpline
210
0.0
220
0.0
230
1.0
 70
     8
 71
     3
 72
     8
 73
     4
 74
     0
 42
0.000000001
 43
0.0000000001
 40
0.0
 40
0.0
 40
0.0
 40
0.0
 40
0.0000079911690921
 40
0.0000079911690921
 40
0.0000079911690921
 40
0.0000079911690921
 10
158.4996992972483
 20
99.36039807580954
 30
0.000000000001819
 10
158.5003119535449
 20
99.36039807580954
 30
0.000000000001819
 10
158.5009385626599
 20
99.35935029527559
 30
0.000000000001819
 10
158.5013976158407
 20
99.35746914362219
 30
0.000000000001819
  0
LINE
  5
FFD
330
70
100
AcDbEntity
  8
Visible
100
AcDbLine
 10
158.502117
 20
99.360398
 30
0.0
 11
158.502117
 21
99.367719
 31
0.0
210
0.0
220
1.0
230
0.0
  0
LINE
  5
FFE
330
70
100
AcDbEntity
  8
Visible
100
AcDbLine
 10
158.502117
 20
98.880398
 30
0.0
 11
158.50315
 21
98.876256
 31
0.0
210
0.0
220
1.0
230
0.0
  0
LINE
  5
FFF
330
70
100
AcDbEntity
  8
Visible
100
AcDbLine
 10
158.502117
 20
99.360398
 30
0.0
 11
158.50315
 21
99.36454
 31
0.0
210
0.0
220
1.0
230
0.0
  0
LINE
  5
1000
330
70
100
AcDbEntity
  8
Visible
100
AcDbLine
 10
157.72289
 20
98.890398
 30
0.0
 11
157.72289
 21
99.350398
 31
0.0
210
0.0
220
1.0
230
0.0
  0
ARC
  5
1001
330
70
100
AcDbEntity
  8
Visible
100
AcDbCircle
 10
157.74289
 20
98.890398
 30
0.0
 40
0.0199999999990001
100
AcDbArc
 50
180.0
 51
270.0
  0
ARC
  5
1002
330
70
100
AcDbEntity
  8
Visible
100
AcDbCircle
 10
-157.74289
 20
99.350398
 30
0.0
 40
0.0199999999990001
210
0.0000000000000002
220
0.0
230
-1.0
100
AcDbArc
 50
0.0
 51
90.0
  0
SPLINE
  5
1003
330
70
100
AcDbEntity
  8
Visible
100
AcDbSpline
210
0.0
220
0.0
230
1.0
 70
     8
 71
     3
 72
     8
 73
     4
 74
     0
 42
0.000000001
 43
0.0000000001
 40
0.0
 40
0.0
 40
0.0
 40
0.0
 40
0.0000079911690921
 40
0.0000079911690921
 40
0.0000079911690921
 40
0.0000079911690921
 10
157.946080554866
 20
98.88039807581252
 30
0.000000000001819
 10
157.9454678985694
 20
98.88039807581252
 30
0.000000000001819
 10
157.9448412894526
 20
98.88144585634719
 30
0.000000000001819
 10
157.9443822362718
 20
98.88332700800086
 30
0.000000000001819
  0
LINE
  5
1004
330
70
100
AcDbEntity
  8
Visible
100
AcDbLine
 10
157.943663
 20
98.880398
 30
0.0
 11
157.943663
 21
98.873078
 31
0.0
210
0.0
220
1.0
230
0.0
  0
LINE
  5
1005
330
70
100
AcDbEntity
  8
Visible
100
AcDbLine
 10
157.943663
 20
99.360398
 30
0.0
 11
157.943663
 21
99.367719
 31
0.0
210
0.0
220
1.0
230
0.0
  0
SPLINE
  5
1006
330
70
100
AcDbEntity
  8
Visible
100
AcDbSpline
210
0.0
220
0.0
230
1.0
 70
     8
 71
     3
 72
     8
 73
     4
 74
     0
 42
0.000000001
 43
0.0000000001
 40
0.0
 40
0.0
 40
0.0
 40
0.0
 40
0.0000079887434726
 40
0.0000079887434726
 40
0.0000079887434726
 40
0.0000079887434726
 10
157.9443822362718
 20
99.35746914362219
 30
0.000000000001819
 10
157.9448350403072
 20
99.3593246869505
 30
0.000000000001819
 10
157.9454600860008
 20
99.36039807580954
 30
0.000000000001819
 10
157.946080554866
 20
99.36039807580954
 30
0.000000000001819
  0
LINE
  5
1007
330
70
100
AcDbEntity
  8
Visible
100
AcDbLine
 10
157.942629
 20
99.36454
 30
0.0
 11
157.943663
 21
99.360398
 31
0.0
210
0.0
220
1.0
230
0.0
  0
LINE
  5
1008
330
70
100
AcDbEntity
  8
Visible
100
AcDbLine
 10
157.942629
 20
98.876256
 30
0.0
 11
157.943663
 21
98.880398
 31
0.0
210
0.0
220
1.0
230
0.0
  0
LINE
  5
1009
330
70
100
AcDbEntity
  8
Visible
100
AcDbLine
 10
158.268768
 20
99.370398
 30
0.0
 11
158.268768
 21
99.360398
 31
0.0
210
0.0
220
1.0
230
0.0
  0
LINE
  5
100A
330
70
100
AcDbEntity
  8
Visible
100
AcDbLine
 10
158.268768
 20
99.370398
 30
0.0
 11
158.276868
 21
99.370398
 31
0.0
210
0.0
220
1.0
230
0.0
  0
LINE
  5
100B
330
70
100
AcDbEntity
  8
Visible
100
AcDbLine
 10
158.276868
 20
99.370398
 30
0.0
 11
158.276868
 21
99.360398
 31
0.0
210
0.0
220
1.0
230
0.0
  0
LINE
  5
100C
330
70
100
AcDbEntity
  8
Visible
100
AcDbLine
 10
158.279493
 20
99.370398
 30
0.0
 11
158.279493
 21
99.360398
 31
0.0
210
0.0
220
1.0
230
0.0
  0
LINE
  5
100D
330
70
100
AcDbEntity
  8
Visible
100
AcDbLine
 10
158.276868
 20
99.370398
 30
0.0
 11
158.279493
 21
99.370398
 31
0.0
210
0.0
220
1.0
230
0.0
  0
LINE
  5
100E
330
70
100
AcDbEntity
  8
Visible
100
AcDbLine
 10
158.252709
 20
99.370398
 30
0.0
 11
158.252709
 21
99.360398
 31
0.0
210
0.0
220
1.0
230
0.0
  0
LINE
  5
100F
330
70
100
AcDbEntity
  8
Visible
100
AcDbLine
 10
158.257529
 20
99.370398
 30
0.0
 11
158.252709
 21
99.370398
 31
0.0
210
0.0
220
1.0
230
0.0
  0
LINE
  5
1010
330
70
100
AcDbEntity
  8
Visible
100
AcDbLine
 10
158.257529
 20
99.370398
 30
0.0
 11
158.264999
 21
99.370398
 31
0.0
210
0.0
220
1.0
230
0.0
  0
LINE
  5
1011
330
70
100
AcDbEntity
  8
Visible
100
AcDbLine
 10
158.267937
 20
99.370398
 30
0.0
 11
158.267937
 21
99.360398
 31
0.0
210
0.0
220
1.0
230
0.0
  0
LINE
  5
1012
330
70
100
AcDbEntity
  8
Visible
100
AcDbLine
 10
158.264999
 20
99.370398
 30
0.0
 11
158.267937
 21
99.370398
 31
0.0
210
0.0
220
1.0
230
0.0
  0
LINE
  5
1013
330
70
100
AcDbEntity
  8
Visible
100
AcDbLine
 10
158.2377
 20
99.370398
 30
0.0
 11
158.2377
 21
99.360398
 31
0.0
210
0.0
220
1.0
230
0.0
  0
LINE
  5
1014
330
70
100
AcDbEntity
  8
Visible
100
AcDbLine
 10
158.2377
 20
99.370398
 30
0.0
 11
158.238163
 21
99.370398
 31
0.0
210
0.0
220
1.0
230
0.0
  0
LINE
  5
1015
330
70
100
AcDbEntity
  8
Visible
100
AcDbLine
 10
158.238163
 20
99.370398
 30
0.0
 11
158.238163
 21
99.360398
 31
0.0
210
0.0
220
1.0
230
0.0
  0
LINE
  5
1016
330
70
100
AcDbEntity
  8
Visible
100
AcDbLine
 10
158.248639
 20
99.370398
 30
0.0
 11
158.248639
 21
99.360398
 31
0.0
210
0.0
220
1.0
230
0.0
  0
LINE
  5
1017
330
70
100
AcDbEntity
  8
Visible
100
AcDbLine
 10
158.238163
 20
99.370398
 30
0.0
 11
158.248639
 21
99.370398
 31
0.0
210
0.0
220
1.0
230
0.0
  0
LINE
  5
1018
330
70
100
AcDbEntity
  8
Visible
100
AcDbLine
 10
158.2173
 20
99.370398
 30
0.0
 11
158.220368
 21
99.370398
 31
0.0
210
0.0
220
1.0
230
0.0
  0
LINE
  5
1019
330
70
100
AcDbEntity
  8
Visible
100
AcDbLine
 10
158.220368
 20
99.370398
 30
0.0
 11
158.228057
 21
99.370398
 31
0.0
210
0.0
220
1.0
230
0.0
  0
LINE
  5
101A
330
70
100
AcDbEntity
  8
Visible
100
AcDbLine
 10
158.228057
 20
99.370398
 30
0.0
 11
158.233858
 21
99.370398
 31
0.0
210
0.0
220
1.0
230
0.0
  0
LINE
  5
101B
330
70
100
AcDbEntity
  8
Visible
100
AcDbLine
 10
158.2173
 20
99.370398
 30
0.0
 11
158.2173
 21
99.360398
 31
0.0
210
0.0
220
1.0
230
0.0
  0
LINE
  5
101C
330
70
100
AcDbEntity
  8
Visible
100
AcDbLine
 10
158.233858
 20
99.370398
 30
0.0
 11
158.233858
 21
99.360398
 31
0.0
210
0.0
220
1.0
230
0.0
  0
LINE
  5
101D
330
70
100
AcDbEntity
  8
Visible
100
AcDbLine
 10
158.197872
 20
99.370398
 30
0.0
 11
158.205619
 21
99.370398
 31
0.0
210
0.0
220
1.0
230
0.0
  0
LINE
  5
101E
330
70
100
AcDbEntity
  8
Visible
100
AcDbLine
 10
158.205619
 20
99.370398
 30
0.0
 11
158.208426
 21
99.370398
 31
0.0
210
0.0
220
1.0
230
0.0
  0
LINE
  5
101F
330
70
100
AcDbEntity
  8
Visible
100
AcDbLine
 10
158.208426
 20
99.370398
 30
0.0
 11
158.216172
 21
99.370398
 31
0.0
210
0.0
220
1.0
230
0.0
  0
LINE
  5
1020
330
70
100
AcDbEntity
  8
Visible
100
AcDbLine
 10
158.205619
 20
99.370398
 30
0.0
 11
158.205619
 21
99.360398
 31
0.0
210
0.0
220
1.0
230
0.0
  0
LINE
  5
1021
330
70
100
AcDbEntity
  8
Visible
100
AcDbLine
 10
158.197872
 20
99.370398
 30
0.0
 11
158.197872
 21
99.360398
 31
0.0
210
0.0
220
1.0
230
0.0
  0
LINE
  5
1022
330
70
100
AcDbEntity
  8
Visible
100
AcDbLine
 10
158.208426
 20
99.370398
 30
0.0
 11
158.208426
 21
99.360398
 31
0.0
210
0.0
220
1.0
230
0.0
  0
LINE
  5
1023
330
70
100
AcDbEntity
  8
Visible
100
AcDbLine
 10
158.216172
 20
99.370398
 30
0.0
 11
158.216172
 21
99.360398
 31
0.0
210
0.0
220
1.0
230
0.0
  0
LINE
  5
1024
330
70
100
AcDbEntity
  8
Visible
100
AcDbLine
 10
158.268555
 20
99.370398
 30
0.0
 11
158.268555
 21
99.360398
 31
0.0
210
0.0
220
1.0
230
0.0
  0
LINE
  5
1025
330
70
100
AcDbEntity
  8
Visible
100
AcDbLine
 10
158.268555
 20
99.370398
 30
0.0
 11
158.268768
 21
99.370398
 31
0.0
210
0.0
220
1.0
230
0.0
  0
LINE
  5
1026
330
70
100
AcDbEntity
  8
Visible
100
AcDbLine
 10
158.250994
 20
99.370398
 30
0.0
 11
158.250994
 21
99.360398
 31
0.0
210
0.0
220
1.0
230
0.0
  0
LINE
  5
1027
330
70
100
AcDbEntity
  8
Visible
100
AcDbLine
 10
158.250978
 20
99.370398
 30
0.0
 11
158.250994
 21
99.370398
 31
0.0
210
0.0
220
1.0
230
0.0
  0
LINE
  5
1028
330
70
100
AcDbEntity
  8
Visible
100
AcDbLine
 10
158.248639
 20
99.370398
 30
0.0
 11
158.249346
 21
99.370398
 31
0.0
210
0.0
220
1.0
230
0.0
  0
LINE
  5
1029
330
70
100
AcDbEntity
  8
Visible
100
AcDbLine
 10
158.250978
 20
99.370398
 30
0.0
 11
158.250978
 21
99.360398
 31
0.0
210
0.0
220
1.0
230
0.0
  0
LINE
  5
102A
330
70
100
AcDbEntity
  8
Visible
100
AcDbLine
 10
158.249346
 20
99.370398
 30
0.0
 11
158.250978
 21
99.370398
 31
0.0
210
0.0
220
1.0
230
0.0
  0
LINE
  5
102B
330
70
100
AcDbEntity
  8
Visible
100
AcDbLine
 10
158.237009
 20
99.370398
 30
0.0
 11
158.237009
 21
99.360398
 31
0.0
210
0.0
220
1.0
230
0.0
  0
LINE
  5
102C
330
70
100
AcDbEntity
  8
Visible
100
AcDbLine
 10
158.233858
 20
99.370398
 30
0.0
 11
158.237009
 21
99.370398
 31
0.0
210
0.0
220
1.0
230
0.0
  0
LINE
  5
102D
330
70
100
AcDbEntity
  8
Visible
100
AcDbLine
 10
158.237009
 20
99.370398
 30
0.0
 11
158.2377
 21
99.370398
 31
0.0
210
0.0
220
1.0
230
0.0
  0
LINE
  5
102E
330
70
100
AcDbEntity
  8
Visible
100
AcDbLine
 10
158.216172
 20
99.370398
 30
0.0
 11
158.2173
 21
99.370398
 31
0.0
210
0.0
220
1.0
230
0.0
  0
LINE
  5
102F
330
70
100
AcDbEntity
  8
Visible
100
AcDbLine
 10
158.191831
 20
99.370398
 30
0.0
 11
158.194899
 21
99.370398
 31
0.0
210
0.0
220
1.0
230
0.0
  0
LINE
  5
1030
330
70
100
AcDbEntity
  8
Visible
100
AcDbLine
 10
158.194899
 20
99.370398
 30
0.0
 11
158.197872
 21
99.370398
 31
0.0
210
0.0
220
1.0
230
0.0
  0
LINE
  5
1031
330
70
100
AcDbEntity
  8
Visible
100
AcDbLine
 10
158.191831
 20
99.370398
 30
0.0
 11
158.191831
 21
99.360398
 31
0.0
210
0.0
220
1.0
230
0.0
  0
LINE
  5
1032
330
70
100
AcDbEntity
  8
Visible
100
AcDbLine
 10
158.172404
 20
99.370398
 30
0.0
 11
158.18015
 21
99.370398
 31
0.0
210
0.0
220
1.0
230
0.0
  0
LINE
  5
1033
330
70
100
AcDbEntity
  8
Visible
100
AcDbLine
 10
158.18015
 20
99.370398
 30
0.0
 11
158.182957
 21
99.370398
 31
0.0
210
0.0
220
1.0
230
0.0
  0
LINE
  5
1034
330
70
100
AcDbEntity
  8
Visible
100
AcDbLine
 10
158.182957
 20
99.370398
 30
0.0
 11
158.190703
 21
99.370398
 31
0.0
210
0.0
220
1.0
230
0.0
  0
LINE
  5
1035
330
70
100
AcDbEntity
  8
Visible
100
AcDbLine
 10
158.18015
 20
99.370398
 30
0.0
 11
158.18015
 21
99.360398
 31
0.0
210
0.0
220
1.0
230
0.0
  0
LINE
  5
1036
330
70
100
AcDbEntity
  8
Visible
100
AcDbLine
 10
158.172404
 20
99.370398
 30
0.0
 11
158.172404
 21
99.360398
 31
0.0
210
0.0
220
1.0
230
0.0
  0
LINE
  5
1037
330
70
100
AcDbEntity
  8
Visible
100
AcDbLine
 10
158.182957
 20
99.370398
 30
0.0
 11
158.182957
 21
99.360398
 31
0.0
210
0.0
220
1.0
230
0.0
  0
LINE
  5
1038
330
70
100
AcDbEntity
  8
Visible
100
AcDbLine
 10
158.190703
 20
99.370398
 30
0.0
 11
158.190703
 21
99.360398
 31
0.0
210
0.0
220
1.0
230
0.0
  0
LINE
  5
1039
330
70
100
AcDbEntity
  8
Visible
100
AcDbLine
 10
158.310465
 20
99.370398
 30
0.0
 11
158.29615
 21
99.370398
 31
0.0
210
0.0
220
1.0
230
0.0
  0
LINE
  5
103A
330
70
100
AcDbEntity
  8
Visible
100
AcDbLine
 10
158.318273
 20
99.370398
 30
0.0
 11
158.310465
 21
99.370398
 31
0.0
210
0.0
220
1.0
230
0.0
  0
LINE
  5
103B
330
70
100
AcDbEntity
  8
Visible
100
AcDbLine
 10
158.337939
 20
99.370398
 30
0.0
 11
158.318273
 21
99.370398
 31
0.0
210
0.0
220
1.0
230
0.0
  0
LINE
  5
103C
330
70
100
AcDbEntity
  8
Visible
100
AcDbLine
 10
158.35529
 20
99.370398
 30
0.0
 11
158.337939
 21
99.370398
 31
0.0
210
0.0
220
1.0
230
0.0
  0
LINE
  5
103D
330
70
100
AcDbEntity
  8
Visible
100
AcDbLine
 10
158.35529
 20
99.370398
 30
0.0
 11
158.361653
 21
99.370398
 31
0.0
210
0.0
220
1.0
230
0.0
  0
LINE
  5
103E
330
70
100
AcDbEntity
  8
Visible
100
AcDbLine
 10
158.361653
 20
99.370398
 30
0.0
 11
158.364979
 21
99.370398
 31
0.0
210
0.0
220
1.0
230
0.0
  0
LINE
  5
103F
330
70
100
AcDbEntity
  8
Visible
100
AcDbLine
 10
158.381607
 20
99.370398
 30
0.0
 11
158.364979
 21
99.370398
 31
0.0
210
0.0
220
1.0
230
0.0
  0
LINE
  5
1040
330
70
100
AcDbEntity
  8
Visible
100
AcDbLine
 10
158.388404
 20
99.370398
 30
0.0
 11
158.381607
 21
99.370398
 31
0.0
210
0.0
220
1.0
230
0.0
  0
LINE
  5
1041
330
70
100
AcDbEntity
  8
Visible
100
AcDbLine
 10
158.310465
 20
99.370398
 30
0.0
 11
158.310465
 21
99.360398
 31
0.0
210
0.0
220
1.0
230
0.0
  0
LINE
  5
1042
330
70
100
AcDbEntity
  8
Visible
100
AcDbLine
 10
158.318273
 20
99.370398
 30
0.0
 11
158.318273
 21
99.360398
 31
0.0
210
0.0
220
1.0
230
0.0
  0
LINE
  5
1043
330
70
100
AcDbEntity
  8
Visible
100
AcDbLine
 10
158.361653
 20
99.370398
 30
0.0
 11
158.361653
 21
99.360398
 31
0.0
210
0.0
220
1.0
230
0.0
  0
LINE
  5
1044
330
70
100
AcDbEntity
  8
Visible
100
AcDbLine
 10
158.388404
 20
99.370398
 30
0.0
 11
158.388404
 21
99.360398
 31
0.0
210
0.0
220
1.0
230
0.0
  0
LINE
  5
1045
330
70
100
AcDbEntity
  8
Visible
100
AcDbLine
 10
158.47289
 20
98.880398
 30
0.0
 11
158.47289
 21
98.870398
 31
0.0
210
0.0
220
1.0
230
0.0
  0
LINE
  5
1046
330
70
100
AcDbEntity
  8
Visible
100
AcDbLine
 10
158.47289
 20
99.360398
 30
0.0
 11
158.47289
 21
99.370398
 31
0.0
210
0.0
220
1.0
230
0.0
  0
LINE
  5
1047
330
70
100
AcDbEntity
  8
Visible
100
AcDbLine
 10
157.97289
 20
98.880398
 30
0.0
 11
157.97289
 21
98.870398
 31
0.0
210
0.0
220
1.0
230
0.0
  0
LINE
  5
1048
330
70
100
AcDbEntity
  8
Visible
100
AcDbLine
 10
157.97289
 20
99.360398
 30
0.0
 11
157.97289
 21
99.370398
 31
0.0
210
0.0
220
1.0
230
0.0
  0
LINE
  5
1049
330
70
100
AcDbEntity
  8
Visible
100
AcDbLine
 10
158.296158
 20
99.370398
 30
0.0
 11
158.296158
 21
99.360398
 31
0.0
210
0.0
220
1.0
230
0.0
  0
LINE
  5
104A
330
70
100
AcDbEntity
  8
Visible
100
AcDbLine
 10
151.723068
 20
103.805407
 30
0.0
 11
152.276687
 21
103.805407
 31
0.0
210
0.0
220
1.0
230
0.0
  0
LINE
  5
104B
330
70
100
AcDbEntity
  8
Visible
100
AcDbLine
 10
151.749877
 20
103.815407
 30
0.0
 11
151.723068
 21
103.815407
 31
0.0
210
0.0
220
1.0
230
0.0
  0
LINE
  5
104C
330
70
100
AcDbEntity
  8
Visible
100
AcDbLine
 10
151.519877
 20
103.815407
 30
0.0
 11
151.723068
 21
103.815407
 31
0.0
210
0.0
220
1.0
230
0.0
  0
ARC
  5
104D
330
70
100
AcDbEntity
  8
Visible
100
AcDbCircle
 10
150.749877
 20
103.565407
 30
0.0
 40
1.000000000000002
100
AcDbArc
 50
346.702928
 51
13.297072
  0
LINE
  5
104E
330
70
100
AcDbEntity
  8
Visible
100
AcDbLine
 10
151.723068
 20
103.315407
 30
0.0
 11
151.749877
 21
103.315407
 31
0.0
210
0.0
220
1.0
230
0.0
  0
LINE
  5
104F
330
70
100
AcDbEntity
  8
Visible
100
AcDbLine
 10
151.723068
 20
103.315407
 30
0.0
 11
151.519877
 21
103.315407
 31
0.0
210
0.0
220
1.0
230
0.0
  0
LINE
  5
1050
330
70
100
AcDbEntity
  8
Visible
100
AcDbLine
 10
151.718811
 20
103.325407
 30
0.0
 11
151.72065
 21
103.325407
 31
0.0
210
0.0
220
1.0
230
0.0
  0
ELLIPSE
  5
1051
330
70
100
AcDbEntity
  8
Visible
100
AcDbEllipse
 10
151.722679
 20
103.335302
 30
0.0
 11
-0.0004122697222663
 21
0.0198946828174479
 31
0.0
210
0.0000000000000002
220
0.0
230
-0.9999999999999998
 40
0.2371022556511319
 41
3.146497105547564
 42
3.671518237842018
  0
LINE
  5
1052
330
70
100
AcDbEntity
  8
Visible
100
AcDbLine
 10
151.72065
 20
103.318086
 30
0.0
 11
151.718811
 21
103.318086
 31
0.0
210
0.0
220
1.0
230
0.0
  0
ELLIPSE
  5
1053
330
70
100
AcDbEntity
  8
Visible
100
AcDbEllipse
 10
151.722898
 20
103.334936
 30
0.0
 11
-0.0002028771692192
 21
0.0194860670360238
 31
0.0
210
0.0000000000000002
220
0.0
230
-1.0
 40
0.2458896267540356
 41
3.937330982098572
 42
4.203988102010039
  0
LINE
  5
1054
330
70
100
AcDbEntity
  8
Visible
100
AcDbLine
 10
151.718811
 20
103.812727
 30
0.0
 11
151.72065
 21
103.812727
 31
0.0
210
0.0
220
1.0
230
0.0
  0
ELLIPSE
  5
1055
330
70
100
AcDbEntity
  8
Visible
100
AcDbEllipse
 10
151.72268
 20
103.795501
 30
0.0
 11
0.000411703866178
 21
0.0199060867023467
 31
0.0
210
0.0000000000000002
220
0.0
230
-1.0
 40
0.2370405417253987
 41
-0.5297608092517124
 42
-0.0048950782476627
  0
LINE
  5
1056
330
70
100
AcDbEntity
  8
Visible
100
AcDbLine
 10
151.72065
 20
103.805407
 30
0.0
 11
151.718811
 21
103.805407
 31
0.0
210
0.0
220
1.0
230
0.0
  0
ELLIPSE
  5
1057
330
70
100
AcDbEntity
  8
Visible
100
AcDbEllipse
 10
151.723073
 20
103.795357
 30
0.0
 11
0.0000906271950222
 21
0.0200709234838007
 31
0.0
210
0.0000000000000002
220
0.0
230
-0.9999999999999998
 40
0.2477741293366516
 41
-1.047496173135497
 42
-0.7865478580107865
  0
LINE
  5
1058
330
70
100
AcDbEntity
  8
Visible
100
AcDbLine
 10
152.276687
 20
103.325407
 30
0.0
 11
151.723068
 21
103.325407
 31
0.0
210
0.0
220
1.0
230
0.0
  0
LINE
  5
1059
330
70
100
AcDbEntity
  8
Visible
100
AcDbLine
 10
152.276687
 20
103.315407
 30
0.0
 11
152.249877
 21
103.315407
 31
0.0
210
0.0
220
1.0
230
0.0
  0
LINE
  5
105A
330
70
100
AcDbEntity
  8
Visible
100
AcDbLine
 10
152.479877
 20
103.315407
 30
0.0
 11
152.276687
 21
103.315407
 31
0.0
210
0.0
220
1.0
230
0.0
  0
ARC
  5
105B
330
70
100
AcDbEntity
  8
Visible
100
AcDbCircle
 10
-153.249877
 20
103.565407
 30
0.0
 40
1.000000000000001
210
0.0000000000000002
220
0.0
230
-1.0
100
AcDbArc
 50
346.702928
 51
13.297072
  0
LINE
  5
105C
330
70
100
AcDbEntity
  8
Visible
100
AcDbLine
 10
152.249877
 20
103.815407
 30
0.0
 11
152.276687
 21
103.815407
 31
0.0
210
0.0
220
1.0
230
0.0
  0
LINE
  5
105D
330
70
100
AcDbEntity
  8
Visible
100
AcDbLine
 10
152.276687
 20
103.815407
 30
0.0
 11
152.479877
 21
103.815407
 31
0.0
210
0.0
220
1.0
230
0.0
  0
LINE
  5
105E
330
70
100
AcDbEntity
  8
Visible
100
AcDbLine
 10
152.499877
 20
103.795407
 30
0.0
 11
152.499877
 21
103.335407
 31
0.0
210
0.0
220
1.0
230
0.0
  0
ELLIPSE
  5
105F
330
70
100
AcDbEntity
  8
Visible
100
AcDbEllipse
 10
152.277076
 20
103.795515
 30
0.0
 11
-0.0004125588997035
 21
0.0198917418701354
 31
0.0
210
-0.0000000000000002
220
0.0
230
1.0
 40
0.2371162899623661
 41
-0.5299697689400265
 42
-0.0049085599354988
  0
LINE
  5
1060
330
70
100
AcDbEntity
  8
Visible
100
AcDbLine
 10
152.279105
 20
103.812727
 30
0.0
 11
152.280944
 21
103.812727
 31
0.0
210
0.0
220
1.0
230
0.0
  0
ELLIPSE
  5
1061
330
70
100
AcDbEntity
  8
Visible
100
AcDbEllipse
 10
152.276847
 20
103.795855
 30
0.0
 11
-0.0001967781446439
 21
0.0195124209805611
 31
0.0
210
-0.0000000000000002
220
0.0
230
1.0
 40
0.2460792441829168
 41
-1.061747059926327
 42
-0.7953651163670235
  0
LINE
  5
1062
330
70
100
AcDbEntity
  8
Visible
100
AcDbLine
 10
152.280944
 20
103.805407
 30
0.0
 11
152.279105
 21
103.805407
 31
0.0
210
0.0
220
1.0
230
0.0
  0
ARC
  5
1063
330
70
100
AcDbEntity
  8
Visible
100
AcDbCircle
 10
152.479877
 20
103.795407
 30
0.0
 40
0.0199999999990001
100
AcDbArc
 50
0.0
 51
90.0
  0
ELLIPSE
  5
1064
330
70
100
AcDbEntity
  8
Visible
100
AcDbEllipse
 10
152.277077
 20
103.335299
 30
0.0
 11
0.0004134538304909
 21
0.0198919926088215
 31
0.0
210
-0.0000000000000002
220
0.0
230
0.9999999999999998
 40
0.2371028553579837
 41
3.146511464253749
 42
3.67156934782403
  0
LINE
  5
1065
330
70
100
AcDbEntity
  8
Visible
100
AcDbLine
 10
152.279105
 20
103.325407
 30
0.0
 11
152.280944
 21
103.325407
 31
0.0
210
0.0
220
1.0
230
0.0
  0
ELLIPSE
  5
1066
330
70
100
AcDbEntity
  8
Visible
100
AcDbEllipse
 10
152.276729
 20
103.33535
 30
0.0
 11
0.0001349103223377
 21
0.019983537142789
 31
0.0
210
-0.0000000000000002
220
0.0
230
0.9999999999999998
 40
0.2467724389591871
 41
3.931875017105173
 42
4.193282453163345
  0
LINE
  5
1067
330
70
100
AcDbEntity
  8
Visible
100
AcDbLine
 10
152.280944
 20
103.318086
 30
0.0
 11
152.279105
 21
103.318086
 31
0.0
210
0.0
220
1.0
230
0.0
  0
ARC
  5
1068
330
70
100
AcDbEntity
  8
Visible
100
AcDbCircle
 10
-152.479877
 20
103.335407
 30
0.0
 40
0.0199999999990001
210
0.0000000000000002
220
0.0
230
-1.0
100
AcDbArc
 50
180.0
 51
270.0
  0
LINE
  5
1069
330
70
100
AcDbEntity
  8
Visible
100
AcDbLine
 10
152.279105
 20
103.325407
 30
0.0
 11
152.279105
 21
103.318086
 31
0.0
210
0.0
220
1.0
230
0.0
  0
SPLINE
  5
106A
330
70
100
AcDbEntity
  8
Visible
100
AcDbSpline
210
0.0
220
0.0
230
1.0
 70
     8
 71
     3
 72
     8
 73
     4
 74
     0
 42
0.000000001
 43
0.0000000001
 40
0.0
 40
0.0
 40
0.0
 40
0.0
 40
0.0000079887434726
 40
0.0000079887434726
 40
0.0000079887434726
 40
0.0000079887434726
 10
152.2783851698168
 20
103.3283358980189
 30
0.000000000001819
 10
152.2779323657796
 20
103.3264803546903
 30
0.000000000001819
 10
152.2773073200878
 20
103.3254069658305
 30
0.000000000001819
 10
152.2766868512226
 20
103.3254069658305
 30
0.000000000001819
  0
SPLINE
  5
106B
330
70
100
AcDbEntity
  8
Visible
100
AcDbSpline
210
0.0
220
0.0
230
1.0
 70
     8
 71
     3
 72
     8
 73
     4
 74
     0
 42
0.000000001
 43
0.0000000001
 40
0.0
 40
0.0
 40
0.0
 40
0.0
 40
0.0000079911690921
 40
0.0000079911690921
 40
0.0000079911690921
 40
0.0000079911690921
 10
152.2766868512226
 20
103.8054069658275
 30
0.000000000001819
 10
152.2772995075192
 20
103.8054069658275
 30
0.000000000001819
 10
152.2779261166361
 20
103.8043591852936
 30
0.000000000001819
 10
152.2783851698168
 20
103.8024780336402
 30
0.000000000001819
  0
LINE
  5
106C
330
70
100
AcDbEntity
  8
Visible
100
AcDbLine
 10
152.279105
 20
103.805407
 30
0.0
 11
152.279105
 21
103.812727
 31
0.0
210
0.0
220
1.0
230
0.0
  0
LINE
  5
106D
330
70
100
AcDbEntity
  8
Visible
100
AcDbLine
 10
152.279105
 20
103.325407
 30
0.0
 11
152.280138
 21
103.321265
 31
0.0
210
0.0
220
1.0
230
0.0
  0
LINE
  5
106E
330
70
100
AcDbEntity
  8
Visible
100
AcDbLine
 10
152.279105
 20
103.805407
 30
0.0
 11
152.280138
 21
103.809549
 31
0.0
210
0.0
220
1.0
230
0.0
  0
LINE
  5
106F
330
70
100
AcDbEntity
  8
Visible
100
AcDbLine
 10
151.499877
 20
103.335407
 30
0.0
 11
151.499877
 21
103.795407
 31
0.0
210
0.0
220
1.0
230
0.0
  0
ARC
  5
1070
330
70
100
AcDbEntity
  8
Visible
100
AcDbCircle
 10
151.519877
 20
103.335407
 30
0.0
 40
0.0199999999990001
100
AcDbArc
 50
180.0
 51
270.0
  0
ARC
  5
1071
330
70
100
AcDbEntity
  8
Visible
100
AcDbCircle
 10
-151.519877
 20
103.795407
 30
0.0
 40
0.0199999999990001
210
0.0000000000000002
220
0.0
230
-1.0
100
AcDbArc
 50
0.0
 51
90.0
  0
SPLINE
  5
1072
330
70
100
AcDbEntity
  8
Visible
100
AcDbSpline
210
0.0
220
0.0
230
1.0
 70
     8
 71
     3
 72
     8
 73
     4
 74
     0
 42
0.000000001
 43
0.0000000001
 40
0.0
 40
0.0
 40
0.0
 40
0.0
 40
0.0000079911690921
 40
0.0000079911690921
 40
0.0000079911690921
 40
0.0000079911690921
 10
151.7230681088403
 20
103.3254069658305
 30
0.000000000001819
 10
151.7224554525437
 20
103.3254069658305
 30
0.000000000001819
 10
151.7218288434269
 20
103.3264547463652
 30
0.000000000001819
 10
151.7213697902461
 20
103.3283358980189
 30
0.000000000001819
  0
LINE
  5
1073
330
70
100
AcDbEntity
  8
Visible
100
AcDbLine
 10
151.72065
 20
103.325407
 30
0.0
 11
151.72065
 21
103.318086
 31
0.0
210
0.0
220
1.0
230
0.0
  0
LINE
  5
1074
330
70
100
AcDbEntity
  8
Visible
100
AcDbLine
 10
151.72065
 20
103.805407
 30
0.0
 11
151.72065
 21
103.812727
 31
0.0
210
0.0
220
1.0
230
0.0
  0
SPLINE
  5
1075
330
70
100
AcDbEntity
  8
Visible
100
AcDbSpline
210
0.0
220
0.0
230
1.0
 70
     8
 71
     3
 72
     8
 73
     4
 74
     0
 42
0.000000001
 43
0.0000000001
 40
0.0
 40
0.0
 40
0.0
 40
0.0
 40
0.0000079887434726
 40
0.0000079887434726
 40
0.0000079887434726
 40
0.0000079887434726
 10
151.7213697902461
 20
103.8024780336402
 30
0.000000000001819
 10
151.7218225942833
 20
103.8043335769685
 30
0.000000000001819
 10
151.7224476399751
 20
103.8054069658275
 30
0.000000000001819
 10
151.7230681088403
 20
103.8054069658275
 30
0.000000000001819
  0
LINE
  5
1076
330
70
100
AcDbEntity
  8
Visible
100
AcDbLine
 10
151.719617
 20
103.809549
 30
0.0
 11
151.72065
 21
103.805407
 31
0.0
210
0.0
220
1.0
230
0.0
  0
LINE
  5
1077
330
70
100
AcDbEntity
  8
Visible
100
AcDbLine
 10
151.719617
 20
103.321265
 30
0.0
 11
151.72065
 21
103.325407
 31
0.0
210
0.0
220
1.0
230
0.0
  0
LINE
  5
1078
330
70
100
AcDbEntity
  8
Visible
100
AcDbLine
 10
152.045756
 20
103.815407
 30
0.0
 11
152.045756
 21
103.805407
 31
0.0
210
0.0
220
1.0
230
0.0
  0
LINE
  5
1079
330
70
100
AcDbEntity
  8
Visible
100
AcDbLine
 10
152.045756
 20
103.815407
 30
0.0
 11
152.053856
 21
103.815407
 31
0.0
210
0.0
220
1.0
230
0.0
  0
LINE
  5
107A
330
70
100
AcDbEntity
  8
Visible
100
AcDbLine
 10
152.053856
 20
103.815407
 30
0.0
 11
152.053856
 21
103.805407
 31
0.0
210
0.0
220
1.0
230
0.0
  0
LINE
  5
107B
330
70
100
AcDbEntity
  8
Visible
100
AcDbLine
 10
152.056481
 20
103.815407
 30
0.0
 11
152.056481
 21
103.805407
 31
0.0
210
0.0
220
1.0
230
0.0
  0
LINE
  5
107C
330
70
100
AcDbEntity
  8
Visible
100
AcDbLine
 10
152.053856
 20
103.815407
 30
0.0
 11
152.056481
 21
103.815407
 31
0.0
210
0.0
220
1.0
230
0.0
  0
LINE
  5
107D
330
70
100
AcDbEntity
  8
Visible
100
AcDbLine
 10
152.029697
 20
103.815407
 30
0.0
 11
152.029697
 21
103.805407
 31
0.0
210
0.0
220
1.0
230
0.0
  0
LINE
  5
107E
330
70
100
AcDbEntity
  8
Visible
100
AcDbLine
 10
152.034516
 20
103.815407
 30
0.0
 11
152.029697
 21
103.815407
 31
0.0
210
0.0
220
1.0
230
0.0
  0
LINE
  5
107F
330
70
100
AcDbEntity
  8
Visible
100
AcDbLine
 10
152.034516
 20
103.815407
 30
0.0
 11
152.041987
 21
103.815407
 31
0.0
210
0.0
220
1.0
230
0.0
  0
LINE
  5
1080
330
70
100
AcDbEntity
  8
Visible
100
AcDbLine
 10
152.044924
 20
103.815407
 30
0.0
 11
152.044924
 21
103.805407
 31
0.0
210
0.0
220
1.0
230
0.0
  0
LINE
  5
1081
330
70
100
AcDbEntity
  8
Visible
100
AcDbLine
 10
152.041987
 20
103.815407
 30
0.0
 11
152.044924
 21
103.815407
 31
0.0
210
0.0
220
1.0
230
0.0
  0
LINE
  5
1082
330
70
100
AcDbEntity
  8
Visible
100
AcDbLine
 10
152.014688
 20
103.815407
 30
0.0
 11
152.014688
 21
103.805407
 31
0.0
210
0.0
220
1.0
230
0.0
  0
LINE
  5
1083
330
70
100
AcDbEntity
  8
Visible
100
AcDbLine
 10
152.014688
 20
103.815407
 30
0.0
 11
152.015151
 21
103.815407
 31
0.0
210
0.0
220
1.0
230
0.0
  0
LINE
  5
1084
330
70
100
AcDbEntity
  8
Visible
100
AcDbLine
 10
152.015151
 20
103.815407
 30
0.0
 11
152.015151
 21
103.805407
 31
0.0
210
0.0
220
1.0
230
0.0
  0
LINE
  5
1085
330
70
100
AcDbEntity
  8
Visible
100
AcDbLine
 10
152.025626
 20
103.815407
 30
0.0
 11
152.025626
 21
103.805407
 31
0.0
210
0.0
220
1.0
230
0.0
  0
LINE
  5
1086
330
70
100
AcDbEntity
  8
Visible
100
AcDbLine
 10
152.015151
 20
103.815407
 30
0.0
 11
152.025626
 21
103.815407
 31
0.0
210
0.0
220
1.0
230
0.0
  0
LINE
  5
1087
330
70
100
AcDbEntity
  8
Visible
100
AcDbLine
 10
151.994288
 20
103.815407
 30
0.0
 11
151.997355
 21
103.815407
 31
0.0
210
0.0
220
1.0
230
0.0
  0
LINE
  5
1088
330
70
100
AcDbEntity
  8
Visible
100
AcDbLine
 10
151.997355
 20
103.815407
 30
0.0
 11
152.005044
 21
103.815407
 31
0.0
210
0.0
220
1.0
230
0.0
  0
LINE
  5
1089
330
70
100
AcDbEntity
  8
Visible
100
AcDbLine
 10
152.005044
 20
103.815407
 30
0.0
 11
152.010846
 21
103.815407
 31
0.0
210
0.0
220
1.0
230
0.0
  0
LINE
  5
108A
330
70
100
AcDbEntity
  8
Visible
100
AcDbLine
 10
151.994288
 20
103.815407
 30
0.0
 11
151.994288
 21
103.805407
 31
0.0
210
0.0
220
1.0
230
0.0
  0
LINE
  5
108B
330
70
100
AcDbEntity
  8
Visible
100
AcDbLine
 10
152.010846
 20
103.815407
 30
0.0
 11
152.010846
 21
103.805407
 31
0.0
210
0.0
220
1.0
230
0.0
  0
LINE
  5
108C
330
70
100
AcDbEntity
  8
Visible
100
AcDbLine
 10
151.97486
 20
103.815407
 30
0.0
 11
151.982606
 21
103.815407
 31
0.0
210
0.0
220
1.0
230
0.0
  0
LINE
  5
108D
330
70
100
AcDbEntity
  8
Visible
100
AcDbLine
 10
151.982606
 20
103.815407
 30
0.0
 11
151.985414
 21
103.815407
 31
0.0
210
0.0
220
1.0
230
0.0
  0
LINE
  5
108E
330
70
100
AcDbEntity
  8
Visible
100
AcDbLine
 10
151.985414
 20
103.815407
 30
0.0
 11
151.99316
 21
103.815407
 31
0.0
210
0.0
220
1.0
230
0.0
  0
LINE
  5
108F
330
70
100
AcDbEntity
  8
Visible
100
AcDbLine
 10
151.982606
 20
103.815407
 30
0.0
 11
151.982606
 21
103.805407
 31
0.0
210
0.0
220
1.0
230
0.0
  0
LINE
  5
1090
330
70
100
AcDbEntity
  8
Visible
100
AcDbLine
 10
151.97486
 20
103.815407
 30
0.0
 11
151.97486
 21
103.805407
 31
0.0
210
0.0
220
1.0
230
0.0
  0
LINE
  5
1091
330
70
100
AcDbEntity
  8
Visible
100
AcDbLine
 10
151.985414
 20
103.815407
 30
0.0
 11
151.985414
 21
103.805407
 31
0.0
210
0.0
220
1.0
230
0.0
  0
LINE
  5
1092
330
70
100
AcDbEntity
  8
Visible
100
AcDbLine
 10
151.99316
 20
103.815407
 30
0.0
 11
151.99316
 21
103.805407
 31
0.0
210
0.0
220
1.0
230
0.0
  0
LINE
  5
1093
330
70
100
AcDbEntity
  8
Visible
100
AcDbLine
 10
152.045543
 20
103.815407
 30
0.0
 11
152.045543
 21
103.805407
 31
0.0
210
0.0
220
1.0
230
0.0
  0
LINE
  5
1094
330
70
100
AcDbEntity
  8
Visible
100
AcDbLine
 10
152.045543
 20
103.815407
 30
0.0
 11
152.045756
 21
103.815407
 31
0.0
210
0.0
220
1.0
230
0.0
  0
LINE
  5
1095
330
70
100
AcDbEntity
  8
Visible
100
AcDbLine
 10
152.027981
 20
103.815407
 30
0.0
 11
152.027981
 21
103.805407
 31
0.0
210
0.0
220
1.0
230
0.0
  0
LINE
  5
1096
330
70
100
AcDbEntity
  8
Visible
100
AcDbLine
 10
152.027966
 20
103.815407
 30
0.0
 11
152.027981
 21
103.815407
 31
0.0
210
0.0
220
1.0
230
0.0
  0
LINE
  5
1097
330
70
100
AcDbEntity
  8
Visible
100
AcDbLine
 10
152.025626
 20
103.815407
 30
0.0
 11
152.026333
 21
103.815407
 31
0.0
210
0.0
220
1.0
230
0.0
  0
LINE
  5
1098
330
70
100
AcDbEntity
  8
Visible
100
AcDbLine
 10
152.027966
 20
103.815407
 30
0.0
 11
152.027966
 21
103.805407
 31
0.0
210
0.0
220
1.0
230
0.0
  0
LINE
  5
1099
330
70
100
AcDbEntity
  8
Visible
100
AcDbLine
 10
152.026333
 20
103.815407
 30
0.0
 11
152.027966
 21
103.815407
 31
0.0
210
0.0
220
1.0
230
0.0
  0
LINE
  5
109A
330
70
100
AcDbEntity
  8
Visible
100
AcDbLine
 10
152.013997
 20
103.815407
 30
0.0
 11
152.013997
 21
103.805407
 31
0.0
210
0.0
220
1.0
230
0.0
  0
LINE
  5
109B
330
70
100
AcDbEntity
  8
Visible
100
AcDbLine
 10
152.010846
 20
103.815407
 30
0.0
 11
152.013997
 21
103.815407
 31
0.0
210
0.0
220
1.0
230
0.0
  0
LINE
  5
109C
330
70
100
AcDbEntity
  8
Visible
100
AcDbLine
 10
152.013997
 20
103.815407
 30
0.0
 11
152.014688
 21
103.815407
 31
0.0
210
0.0
220
1.0
230
0.0
  0
LINE
  5
109D
330
70
100
AcDbEntity
  8
Visible
100
AcDbLine
 10
151.99316
 20
103.815407
 30
0.0
 11
151.994288
 21
103.815407
 31
0.0
210
0.0
220
1.0
230
0.0
  0
LINE
  5
109E
330
70
100
AcDbEntity
  8
Visible
100
AcDbLine
 10
151.968819
 20
103.815407
 30
0.0
 11
151.971886
 21
103.815407
 31
0.0
210
0.0
220
1.0
230
0.0
  0
LINE
  5
109F
330
70
100
AcDbEntity
  8
Visible
100
AcDbLine
 10
151.971886
 20
103.815407
 30
0.0
 11
151.97486
 21
103.815407
 31
0.0
210
0.0
220
1.0
230
0.0
  0
LINE
  5
10A0
330
70
100
AcDbEntity
  8
Visible
100
AcDbLine
 10
151.968819
 20
103.815407
 30
0.0
 11
151.968819
 21
103.805407
 31
0.0
210
0.0
220
1.0
230
0.0
  0
LINE
  5
10A1
330
70
100
AcDbEntity
  8
Visible
100
AcDbLine
 10
151.949391
 20
103.815407
 30
0.0
 11
151.957137
 21
103.815407
 31
0.0
210
0.0
220
1.0
230
0.0
  0
LINE
  5
10A2
330
70
100
AcDbEntity
  8
Visible
100
AcDbLine
 10
151.957137
 20
103.815407
 30
0.0
 11
151.959945
 21
103.815407
 31
0.0
210
0.0
220
1.0
230
0.0
  0
LINE
  5
10A3
330
70
100
AcDbEntity
  8
Visible
100
AcDbLine
 10
151.959945
 20
103.815407
 30
0.0
 11
151.967691
 21
103.815407
 31
0.0
210
0.0
220
1.0
230
0.0
  0
LINE
  5
10A4
330
70
100
AcDbEntity
  8
Visible
100
AcDbLine
 10
151.957137
 20
103.815407
 30
0.0
 11
151.957137
 21
103.805407
 31
0.0
210
0.0
220
1.0
230
0.0
  0
LINE
  5
10A5
330
70
100
AcDbEntity
  8
Visible
100
AcDbLine
 10
151.949391
 20
103.815407
 30
0.0
 11
151.949391
 21
103.805407
 31
0.0
210
0.0
220
1.0
230
0.0
  0
LINE
  5
10A6
330
70
100
AcDbEntity
  8
Visible
100
AcDbLine
 10
151.959945
 20
103.815407
 30
0.0
 11
151.959945
 21
103.805407
 31
0.0
210
0.0
220
1.0
230
0.0
  0
LINE
  5
10A7
330
70
100
AcDbEntity
  8
Visible
100
AcDbLine
 10
151.967691
 20
103.815407
 30
0.0
 11
151.967691
 21
103.805407
 31
0.0
210
0.0
220
1.0
230
0.0
  0
LINE
  5
10A8
330
70
100
AcDbEntity
  8
Visible
100
AcDbLine
 10
152.087452
 20
103.815407
 30
0.0
 11
152.073137
 21
103.815407
 31
0.0
210
0.0
220
1.0
230
0.0
  0
LINE
  5
10A9
330
70
100
AcDbEntity
  8
Visible
100
AcDbLine
 10
152.095261
 20
103.815407
 30
0.0
 11
152.087452
 21
103.815407
 31
0.0
210
0.0
220
1.0
230
0.0
  0
LINE
  5
10AA
330
70
100
AcDbEntity
  8
Visible
100
AcDbLine
 10
152.114926
 20
103.815407
 30
0.0
 11
152.095261
 21
103.815407
 31
0.0
210
0.0
220
1.0
230
0.0
  0
LINE
  5
10AB
330
70
100
AcDbEntity
  8
Visible
100
AcDbLine
 10
152.132278
 20
103.815407
 30
0.0
 11
152.114926
 21
103.815407
 31
0.0
210
0.0
220
1.0
230
0.0
  0
LINE
  5
10AC
330
70
100
AcDbEntity
  8
Visible
100
AcDbLine
 10
152.132278
 20
103.815407
 30
0.0
 11
152.13864
 21
103.815407
 31
0.0
210
0.0
220
1.0
230
0.0
  0
LINE
  5
10AD
330
70
100
AcDbEntity
  8
Visible
100
AcDbLine
 10
152.13864
 20
103.815407
 30
0.0
 11
152.141966
 21
103.815407
 31
0.0
210
0.0
220
1.0
230
0.0
  0
LINE
  5
10AE
330
70
100
AcDbEntity
  8
Visible
100
AcDbLine
 10
152.158595
 20
103.815407
 30
0.0
 11
152.141966
 21
103.815407
 31
0.0
210
0.0
220
1.0
230
0.0
  0
LINE
  5
10AF
330
70
100
AcDbEntity
  8
Visible
100
AcDbLine
 10
152.165391
 20
103.815407
 30
0.0
 11
152.158595
 21
103.815407
 31
0.0
210
0.0
220
1.0
230
0.0
  0
LINE
  5
10B0
330
70
100
AcDbEntity
  8
Visible
100
AcDbLine
 10
152.087452
 20
103.815407
 30
0.0
 11
152.087452
 21
103.805407
 31
0.0
210
0.0
220
1.0
230
0.0
  0
LINE
  5
10B1
330
70
100
AcDbEntity
  8
Visible
100
AcDbLine
 10
152.095261
 20
103.815407
 30
0.0
 11
152.095261
 21
103.805407
 31
0.0
210
0.0
220
1.0
230
0.0
  0
LINE
  5
10B2
330
70
100
AcDbEntity
  8
Visible
100
AcDbLine
 10
152.13864
 20
103.815407
 30
0.0
 11
152.13864
 21
103.805407
 31
0.0
210
0.0
220
1.0
230
0.0
  0
LINE
  5
10B3
330
70
100
AcDbEntity
  8
Visible
100
AcDbLine
 10
152.165391
 20
103.815407
 30
0.0
 11
152.165391
 21
103.805407
 31
0.0
210
0.0
220
1.0
230
0.0
  0
LINE
  5
10B4
330
70
100
AcDbEntity
  8
Visible
100
AcDbLine
 10
152.249877
 20
103.325407
 30
0.0
 11
152.249877
 21
103.315407
 31
0.0
210
0.0
220
1.0
230
0.0
  0
LINE
  5
10B5
330
70
100
AcDbEntity
  8
Visible
100
AcDbLine
 10
152.249877
 20
103.805407
 30
0.0
 11
152.249877
 21
103.815407
 31
0.0
210
0.0
220
1.0
230
0.0
  0
LINE
  5
10B6
330
70
100
AcDbEntity
  8
Visible
100
AcDbLine
 10
151.749877
 20
103.325407
 30
0.0
 11
151.749877
 21
103.315407
 31
0.0
210
0.0
220
1.0
230
0.0
  0
LINE
  5
10B7
330
70
100
AcDbEntity
  8
Visible
100
AcDbLine
 10
151.749877
 20
103.805407
 30
0.0
 11
151.749877
 21
103.815407
 31
0.0
210
0.0
220
1.0
230
0.0
  0
LINE
  5
10B8
330
70
100
AcDbEntity
  8
Visible
100
AcDbLine
 10
152.073146
 20
103.815407
 30
0.0
 11
152.073146
 21
103.805407
 31
0.0
210
0.0
220
1.0
230
0.0
  0
LINE
  5
10B9
330
70
100
AcDbEntity
  8
Visible
100
AcDbLine
 10
151.731876
 20
102.191213
 30
0.0
 11
151.731876
 21
101.637594
 31
0.0
210
0.0
220
1.0
230
0.0
  0
LINE
  5
10BA
330
70
100
AcDbEntity
  8
Visible
100
AcDbLine
 10
151.741876
 20
102.164404
 30
0.0
 11
151.741876
 21
102.191213
 31
0.0
210
0.0
220
1.0
230
0.0
  0
LINE
  5
10BB
330
70
100
AcDbEntity
  8
Visible
100
AcDbLine
 10
151.741876
 20
102.394404
 30
0.0
 11
151.741876
 21
102.191213
 31
0.0
210
0.0
220
1.0
230
0.0
  0
ARC
  5
10BC
330
70
100
AcDbEntity
  8
Visible
100
AcDbCircle
 10
151.491876
 20
103.164404
 30
0.0
 40
1.000000000000002
100
AcDbArc
 50
256.702928
 51
283.297072
  0
LINE
  5
10BD
330
70
100
AcDbEntity
  8
Visible
100
AcDbLine
 10
151.241876
 20
102.191213
 30
0.0
 11
151.241876
 21
102.164404
 31
0.0
210
0.0
220
1.0
230
0.0
  0
LINE
  5
10BE
330
70
100
AcDbEntity
  8
Visible
100
AcDbLine
 10
151.241876
 20
102.191213
 30
0.0
 11
151.241876
 21
102.394404
 31
0.0
210
0.0
220
1.0
230
0.0
  0
LINE
  5
10BF
330
70
100
AcDbEntity
  8
Visible
100
AcDbLine
 10
151.251876
 20
102.19547
 30
0.0
 11
151.251876
 21
102.193631
 31
0.0
210
0.0
220
1.0
230
0.0
  0
ELLIPSE
  5
10C0
330
70
100
AcDbEntity
  8
Visible
100
AcDbEllipse
 10
151.261771
 20
102.191602
 30
0.0
 11
0.0198946828186928
 21
0.0004122697262921
 31
0.0
210
0.0000000000000002
220
0.0
230
-0.9999999999999998
 40
0.2371022560648692
 41
3.146497106424913
 42
3.67151823796544
  0
LINE
  5
10C1
330
70
100
AcDbEntity
  8
Visible
100
AcDbLine
 10
151.244556
 20
102.193631
 30
0.0
 11
151.244556
 21
102.19547
 31
0.0
210
0.0
220
1.0
230
0.0
  0
ELLIPSE
  5
10C2
330
70
100
AcDbEntity
  8
Visible
100
AcDbEllipse
 10
151.261405
 20
102.191383
 30
0.0
 11
0.01948606694881
 21
0.0002028771347116
 31
0.0
210
0.0000000000000002
220
0.0
230
-0.9999999999999998
 40
0.2458896273010005
 41
3.937330977211232
 42
4.203988099025965
  0
LINE
  5
10C3
330
70
100
AcDbEntity
  8
Visible
100
AcDbLine
 10
151.739197
 20
102.19547
 30
0.0
 11
151.739197
 21
102.193631
 31
0.0
210
0.0
220
1.0
230
0.0
  0
ELLIPSE
  5
10C4
330
70
100
AcDbEntity
  8
Visible
100
AcDbEllipse
 10
151.72197
 20
102.191602
 30
0.0
 11
-0.0199060867034281
 21
0.0004117038652739
 31
0.0
210
0.0000000000000002
220
0.0
230
-1.0
 40
0.2370405415968931
 41
2.611831844265191
 42
3.136697575416855
  0
LINE
  5
10C5
330
70
100
AcDbEntity
  8
Visible
100
AcDbLine
 10
151.731876
 20
102.193631
 30
0.0
 11
151.731876
 21
102.19547
 31
0.0
210
0.0
220
1.0
230
0.0
  0
ELLIPSE
  5
10C6
330
70
100
AcDbEntity
  8
Visible
100
AcDbEllipse
 10
151.721827
 20
102.191208
 30
0.0
 11
-0.0200709233924216
 21
0.0000906271571861
 31
0.0
210
0.0000000000000002
220
0.0
230
-0.9999999999999998
 40
0.247774129827825
 41
2.094096483449757
 42
2.355044800627867
  0
LINE
  5
10C7
330
70
100
AcDbEntity
  8
Visible
100
AcDbLine
 10
151.251876
 20
101.637594
 30
0.0
 11
151.251876
 21
102.191213
 31
0.0
210
0.0
220
1.0
230
0.0
  0
LINE
  5
10C8
330
70
100
AcDbEntity
  8
Visible
100
AcDbLine
 10
151.241876
 20
101.637594
 30
0.0
 11
151.241876
 21
101.664404
 31
0.0
210
0.0
220
1.0
230
0.0
  0
LINE
  5
10C9
330
70
100
AcDbEntity
  8
Visible
100
AcDbLine
 10
151.241876
 20
101.434404
 30
0.0
 11
151.241876
 21
101.637594
 31
0.0
210
0.0
220
1.0
230
0.0
  0
ARC
  5
10CA
330
70
100
AcDbEntity
  8
Visible
100
AcDbCircle
 10
-151.491876
 20
100.664404
 30
0.0
 40
1.000000000000002
210
0.0000000000000002
220
0.0
230
-1.0
100
AcDbArc
 50
76.702928
 51
103.297072
  0
LINE
  5
10CB
330
70
100
AcDbEntity
  8
Visible
100
AcDbLine
 10
151.741876
 20
101.664404
 30
0.0
 11
151.741876
 21
101.637594
 31
0.0
210
0.0
220
1.0
230
0.0
  0
LINE
  5
10CC
330
70
100
AcDbEntity
  8
Visible
100
AcDbLine
 10
151.741876
 20
101.637594
 30
0.0
 11
151.741876
 21
101.434404
 31
0.0
210
0.0
220
1.0
230
0.0
  0
LINE
  5
10CD
330
70
100
AcDbEntity
  8
Visible
100
AcDbLine
 10
151.721876
 20
101.414404
 30
0.0
 11
151.261876
 21
101.414404
 31
0.0
210
0.0
220
1.0
230
0.0
  0
ELLIPSE
  5
10CE
330
70
100
AcDbEntity
  8
Visible
100
AcDbEllipse
 10
151.721984
 20
101.637205
 30
0.0
 11
0.0198917418703884
 21
0.0004125589016413
 31
0.0
210
-0.0000000000000002
220
0.0
230
1.0
 40
0.237116290141802
 41
-0.5299697688820855
 42
-0.0049085604538288
  0
LINE
  5
10CF
330
70
100
AcDbEntity
  8
Visible
100
AcDbLine
 10
151.739197
 20
101.635177
 30
0.0
 11
151.739197
 21
101.633337
 31
0.0
210
0.0
220
1.0
230
0.0
  0
ELLIPSE
  5
10D0
330
70
100
AcDbEntity
  8
Visible
100
AcDbEllipse
 10
151.722325
 20
101.637434
 30
0.0
 11
0.0195124209648927
 21
0.0001967781341942
 31
0.0
210
-0.0000000000000002
220
0.0
230
1.0
 40
0.2460792441194908
 41
-1.061747059409245
 42
-0.7953651154953016
  0
LINE
  5
10D1
330
70
100
AcDbEntity
  8
Visible
100
AcDbLine
 10
151.731876
 20
101.633337
 30
0.0
 11
151.731876
 21
101.635177
 31
0.0
210
0.0
220
1.0
230
0.0
  0
ARC
  5
10D2
330
70
100
AcDbEntity
  8
Visible
100
AcDbCircle
 10
151.721876
 20
101.434404
 30
0.0
 40
0.0199999999990001
100
AcDbArc
 50
270.0
 51
0.0
  0
ELLIPSE
  5
10D3
330
70
100
AcDbEntity
  8
Visible
100
AcDbEllipse
 10
151.261769
 20
101.637204
 30
0.0
 11
-0.019891992607896
 21
0.0004134538316401
 31
0.0
210
-0.0000000000000002
220
0.0
230
0.9999999999999998
 40
0.2371028555628414
 41
0.0049188107890483
 42
0.5299766941665581
  0
LINE
  5
10D4
330
70
100
AcDbEntity
  8
Visible
100
AcDbLine
 10
151.251876
 20
101.635177
 30
0.0
 11
151.251876
 21
101.633337
 31
0.0
210
0.0
220
1.0
230
0.0
  0
ELLIPSE
  5
10D5
330
70
100
AcDbEntity
  8
Visible
100
AcDbEllipse
 10
151.261819
 20
101.637552
 30
0.0
 11
-0.0199835371371707
 21
0.00013491031423
 31
0.0
210
-0.0000000000000002
220
0.0
230
0.9999999999999998
 40
0.2467724388202017
 41
0.790282363052079
 42
1.051689799342757
  0
LINE
  5
10D6
330
70
100
AcDbEntity
  8
Visible
100
AcDbLine
 10
151.244556
 20
101.633337
 30
0.0
 11
151.244556
 21
101.635177
 31
0.0
210
0.0
220
1.0
230
0.0
  0
ARC
  5
10D7
330
70
100
AcDbEntity
  8
Visible
100
AcDbCircle
 10
-151.261876
 20
101.434404
 30
0.0
 40
0.0199999999990001
210
0.0000000000000002
220
0.0
230
-1.0
100
AcDbArc
 50
270.0
 51
0.0
  0
LINE
  5
10D8
330
70
100
AcDbEntity
  8
Visible
100
AcDbLine
 10
151.251876
 20
101.635177
 30
0.0
 11
151.244556
 21
101.635177
 31
0.0
210
0.0
220
1.0
230
0.0
  0
SPLINE
  5
10D9
330
70
100
AcDbEntity
  8
Visible
100
AcDbSpline
210
0.0
220
0.0
230
1.0
 70
     8
 71
     3
 72
     8
 73
     4
 74
     0
 42
0.000000001
 43
0.0000000001
 40
0.0
 40
0.0
 40
0.0
 40
0.0
 40
0.0000079887434726
 40
0.0000079887434726
 40
0.0000079887434726
 40
0.0000079887434726
 10
151.2548053962182
 20
101.6358959740375
 30
0.000000000001819
 10
151.2529498528911
 20
101.6363487780738
 30
0.000000000001819
 10
151.2518764640299
 20
101.6369738237667
 30
0.000000000001819
 10
151.2518764640299
 20
101.6375942926315
 30
0.000000000001819
  0
SPLINE
  5
10DA
330
70
100
AcDbEntity
  8
Visible
100
AcDbSpline
210
0.0
220
0.0
230
1.0
 70
     8
 71
     3
 72
     8
 73
     4
 74
     0
 42
0.000000001
 43
0.0000000001
 40
0.0
 40
0.0
 40
0.0
 40
0.0
 40
0.0000079911690921
 40
0.0000079911690921
 40
0.0000079911690921
 40
0.0000079911690921
 10
151.7318764640276
 20
101.6375942926315
 30
0.000000000001819
 10
151.7318764640276
 20
101.6369816363346
 30
0.000000000001819
 10
151.7308286834941
 20
101.6363550272185
 30
0.000000000001819
 10
151.7289475318393
 20
101.6358959740375
 30
0.000000000001819
  0
LINE
  5
10DB
330
70
100
AcDbEntity
  8
Visible
100
AcDbLine
 10
151.731876
 20
101.635177
 30
0.0
 11
151.739197
 21
101.635177
 31
0.0
210
0.0
220
1.0
230
0.0
  0
LINE
  5
10DC
330
70
100
AcDbEntity
  8
Visible
100
AcDbLine
 10
151.251876
 20
101.635177
 30
0.0
 11
151.247734
 21
101.634143
 31
0.0
210
0.0
220
1.0
230
0.0
  0
LINE
  5
10DD
330
70
100
AcDbEntity
  8
Visible
100
AcDbLine
 10
151.731876
 20
101.635177
 30
0.0
 11
151.736019
 21
101.634143
 31
0.0
210
0.0
220
1.0
230
0.0
  0
LINE
  5
10DE
330
70
100
AcDbEntity
  8
Visible
100
AcDbLine
 10
151.261876
 20
102.414404
 30
0.0
 11
151.721876
 21
102.414404
 31
0.0
210
0.0
220
1.0
230
0.0
  0
ARC
  5
10DF
330
70
100
AcDbEntity
  8
Visible
100
AcDbCircle
 10
151.261876
 20
102.394404
 30
0.0
 40
0.0199999999990001
100
AcDbArc
 50
90.0
 51
180.0
  0
ARC
  5
10E0
330
70
100
AcDbEntity
  8
Visible
100
AcDbCircle
 10
-151.721876
 20
102.394404
 30
0.0
 40
0.0199999999990001
210
0.0000000000000002
220
0.0
230
-1.0
100
AcDbArc
 50
90.0
 51
180.0
  0
SPLINE
  5
10E1
330
70
100
AcDbEntity
  8
Visible
100
AcDbSpline
210
0.0
220
0.0
230
1.0
 70
     8
 71
     3
 72
     8
 73
     4
 74
     0
 42
0.000000001
 43
0.0000000001
 40
0.0
 40
0.0
 40
0.0
 40
0.0
 40
0.0000079911690921
 40
0.0000079911690921
 40
0.0000079911690921
 40
0.0000079911690921
 10
151.2518764640299
 20
102.1912130350135
 30
0.000000000001819
 10
151.2518764640299
 20
102.1918256913104
 30
0.000000000001819
 10
151.2529242445653
 20
102.1924523004265
 30
0.000000000001819
 10
151.2548053962182
 20
102.1929113536075
 30
0.000000000001819
  0
LINE
  5
10E2
330
70
100
AcDbEntity
  8
Visible
100
AcDbLine
 10
151.251876
 20
102.193631
 30
0.0
 11
151.244556
 21
102.193631
 31
0.0
210
0.0
220
1.0
230
0.0
  0
LINE
  5
10E3
330
70
100
AcDbEntity
  8
Visible
100
AcDbLine
 10
151.731876
 20
102.193631
 30
0.0
 11
151.739197
 21
102.193631
 31
0.0
210
0.0
220
1.0
230
0.0
  0
SPLINE
  5
10E4
330
70
100
AcDbEntity
  8
Visible
100
AcDbSpline
210
0.0
220
0.0
230
1.0
 70
     8
 71
     3
 72
     8
 73
     4
 74
     0
 42
0.000000001
 43
0.0000000001
 40
0.0
 40
0.0
 40
0.0
 40
0.0
 40
0.0000079887434726
 40
0.0000079887434726
 40
0.0000079887434726
 40
0.0000079887434726
 10
151.7289475318393
 20
102.1929113536075
 30
0.000000000001819
 10
151.7308030751683
 20
102.1924585495712
 30
0.000000000001819
 10
151.7318764640276
 20
102.1918335038783
 30
0.000000000001819
 10
151.7318764640276
 20
102.1912130350135
 30
0.000000000001819
  0
LINE
  5
10E5
330
70
100
AcDbEntity
  8
Visible
100
AcDbLine
 10
151.736019
 20
102.194664
 30
0.0
 11
151.731876
 21
102.193631
 31
0.0
210
0.0
220
1.0
230
0.0
  0
LINE
  5
10E6
330
70
100
AcDbEntity
  8
Visible
100
AcDbLine
 10
151.247734
 20
102.194664
 30
0.0
 11
151.251876
 21
102.193631
 31
0.0
210
0.0
220
1.0
230
0.0
  0
LINE
  5
10E7
330
70
100
AcDbEntity
  8
Visible
100
AcDbLine
 10
151.741876
 20
101.868525
 30
0.0
 11
151.731876
 21
101.868525
 31
0.0
210
0.0
220
1.0
230
0.0
  0
LINE
  5
10E8
330
70
100
AcDbEntity
  8
Visible
100
AcDbLine
 10
151.741876
 20
101.868525
 30
0.0
 11
151.741876
 21
101.860426
 31
0.0
210
0.0
220
1.0
230
0.0
  0
LINE
  5
10E9
330
70
100
AcDbEntity
  8
Visible
100
AcDbLine
 10
151.741876
 20
101.860426
 30
0.0
 11
151.731876
 21
101.860426
 31
0.0
210
0.0
220
1.0
230
0.0
  0
LINE
  5
10EA
330
70
100
AcDbEntity
  8
Visible
100
AcDbLine
 10
151.741876
 20
101.8578
 30
0.0
 11
151.731876
 21
101.8578
 31
0.0
210
0.0
220
1.0
230
0.0
  0
LINE
  5
10EB
330
70
100
AcDbEntity
  8
Visible
100
AcDbLine
 10
151.741876
 20
101.860426
 30
0.0
 11
151.741876
 21
101.8578
 31
0.0
210
0.0
220
1.0
230
0.0
  0
LINE
  5
10EC
330
70
100
AcDbEntity
  8
Visible
100
AcDbLine
 10
151.741876
 20
101.884584
 30
0.0
 11
151.731876
 21
101.884584
 31
0.0
210
0.0
220
1.0
230
0.0
  0
LINE
  5
10ED
330
70
100
AcDbEntity
  8
Visible
100
AcDbLine
 10
151.741876
 20
101.879765
 30
0.0
 11
151.741876
 21
101.884584
 31
0.0
210
0.0
220
1.0
230
0.0
  0
LINE
  5
10EE
330
70
100
AcDbEntity
  8
Visible
100
AcDbLine
 10
151.741876
 20
101.879765
 30
0.0
 11
151.741876
 21
101.872294
 31
0.0
210
0.0
220
1.0
230
0.0
  0
LINE
  5
10EF
330
70
100
AcDbEntity
  8
Visible
100
AcDbLine
 10
151.741876
 20
101.869357
 30
0.0
 11
151.731876
 21
101.869357
 31
0.0
210
0.0
220
1.0
230
0.0
  0
LINE
  5
10F0
330
70
100
AcDbEntity
  8
Visible
100
AcDbLine
 10
151.741876
 20
101.872294
 30
0.0
 11
151.741876
 21
101.869357
 31
0.0
210
0.0
220
1.0
230
0.0
  0
LINE
  5
10F1
330
70
100
AcDbEntity
  8
Visible
100
AcDbLine
 10
151.741876
 20
101.899593
 30
0.0
 11
151.731876
 21
101.899593
 31
0.0
210
0.0
220
1.0
230
0.0
  0
LINE
  5
10F2
330
70
100
AcDbEntity
  8
Visible
100
AcDbLine
 10
151.741876
 20
101.899593
 30
0.0
 11
151.741876
 21
101.89913
 31
0.0
210
0.0
220
1.0
230
0.0
  0
LINE
  5
10F3
330
70
100
AcDbEntity
  8
Visible
100
AcDbLine
 10
151.741876
 20
101.89913
 30
0.0
 11
151.731876
 21
101.89913
 31
0.0
210
0.0
220
1.0
230
0.0
  0
LINE
  5
10F4
330
70
100
AcDbEntity
  8
Visible
100
AcDbLine
 10
151.741876
 20
101.888655
 30
0.0
 11
151.731876
 21
101.888655
 31
0.0
210
0.0
220
1.0
230
0.0
  0
LINE
  5
10F5
330
70
100
AcDbEntity
  8
Visible
100
AcDbLine
 10
151.741876
 20
101.89913
 30
0.0
 11
151.741876
 21
101.888655
 31
0.0
210
0.0
220
1.0
230
0.0
  0
LINE
  5
10F6
330
70
100
AcDbEntity
  8
Visible
100
AcDbLine
 10
151.741876
 20
101.919993
 30
0.0
 11
151.741876
 21
101.916926
 31
0.0
210
0.0
220
1.0
230
0.0
  0
LINE
  5
10F7
330
70
100
AcDbEntity
  8
Visible
100
AcDbLine
 10
151.741876
 20
101.916926
 30
0.0
 11
151.741876
 21
101.909237
 31
0.0
210
0.0
220
1.0
230
0.0
  0
LINE
  5
10F8
330
70
100
AcDbEntity
  8
Visible
100
AcDbLine
 10
151.741876
 20
101.909237
 30
0.0
 11
151.741876
 21
101.903435
 31
0.0
210
0.0
220
1.0
230
0.0
  0
LINE
  5
10F9
330
70
100
AcDbEntity
  8
Visible
100
AcDbLine
 10
151.741876
 20
101.919993
 30
0.0
 11
151.731876
 21
101.919993
 31
0.0
210
0.0
220
1.0
230
0.0
  0
LINE
  5
10FA
330
70
100
AcDbEntity
  8
Visible
100
AcDbLine
 10
151.741876
 20
101.903435
 30
0.0
 11
151.731876
 21
101.903435
 31
0.0
210
0.0
220
1.0
230
0.0
  0
LINE
  5
10FB
330
70
100
AcDbEntity
  8
Visible
100
AcDbLine
 10
151.741876
 20
101.939421
 30
0.0
 11
151.741876
 21
101.931675
 31
0.0
210
0.0
220
1.0
230
0.0
  0
LINE
  5
10FC
330
70
100
AcDbEntity
  8
Visible
100
AcDbLine
 10
151.741876
 20
101.931675
 30
0.0
 11
151.741876
 21
101.928868
 31
0.0
210
0.0
220
1.0
230
0.0
  0
LINE
  5
10FD
330
70
100
AcDbEntity
  8
Visible
100
AcDbLine
 10
151.741876
 20
101.928868
 30
0.0
 11
151.741876
 21
101.921121
 31
0.0
210
0.0
220
1.0
230
0.0
  0
LINE
  5
10FE
330
70
100
AcDbEntity
  8
Visible
100
AcDbLine
 10
151.741876
 20
101.931675
 30
0.0
 11
151.731876
 21
101.931675
 31
0.0
210
0.0
220
1.0
230
0.0
  0
LINE
  5
10FF
330
70
100
AcDbEntity
  8
Visible
100
AcDbLine
 10
151.741876
 20
101.939421
 30
0.0
 11
151.731876
 21
101.939421
 31
0.0
210
0.0
220
1.0
230
0.0
  0
LINE
  5
1100
330
70
100
AcDbEntity
  8
Visible
100
AcDbLine
 10
151.741876
 20
101.928868
 30
0.0
 11
151.731876
 21
101.928868
 31
0.0
210
0.0
220
1.0
230
0.0
  0
LINE
  5
1101
330
70
100
AcDbEntity
  8
Visible
100
AcDbLine
 10
151.741876
 20
101.921121
 30
0.0
 11
151.731876
 21
101.921121
 31
0.0
210
0.0
220
1.0
230
0.0
  0
LINE
  5
1102
330
70
100
AcDbEntity
  8
Visible
100
AcDbLine
 10
151.741876
 20
101.868738
 30
0.0
 11
151.731876
 21
101.868738
 31
0.0
210
0.0
220
1.0
230
0.0
  0
LINE
  5
1103
330
70
100
AcDbEntity
  8
Visible
100
AcDbLine
 10
151.741876
 20
101.868738
 30
0.0
 11
151.741876
 21
101.868525
 31
0.0
210
0.0
220
1.0
230
0.0
  0
LINE
  5
1104
330
70
100
AcDbEntity
  8
Visible
100
AcDbLine
 10
151.741876
 20
101.8863
 30
0.0
 11
151.731876
 21
101.8863
 31
0.0
210
0.0
220
1.0
230
0.0
  0
SPLINE
  5
1105
330
70
100
AcDbEntity
  8
Visible
100
AcDbSpline
210
0.0
220
0.0
230
1.0
 70
    24
 71
     3
 72
     8
 73
     4
 74
     0
 42
0.000000001
 43
0.0000000001
 40
0.9960011514437782
 40
0.9960011514437782
 40
0.9960011514437782
 40
0.9960011514437782
 40
1.0
 40
1.0
 40
1.0
 40
1.0
 10
151.7418764640279
 20
101.8863154818645
 30
0.000000000001819
 10
151.7418764640279
 20
101.886310281578
 30
0.000000000001819
 10
151.7418764640279
 20
101.8863050827886
 30
0.000000000001819
 10
151.7418764640279
 20
101.8862998854955
 30
0.000000000001819
  0
LINE
  5
1106
330
70
100
AcDbEntity
  8
Visible
100
AcDbLine
 10
151.741876
 20
101.888655
 30
0.0
 11
151.741876
 21
101.887948
 31
0.0
210
0.0
220
1.0
230
0.0
  0
LINE
  5
1107
330
70
100
AcDbEntity
  8
Visible
100
AcDbLine
 10
151.741876
 20
101.886315
 30
0.0
 11
151.731876
 21
101.886315
 31
0.0
210
0.0
220
1.0
230
0.0
  0
LINE
  5
1108
330
70
100
AcDbEntity
  8
Visible
100
AcDbLine
 10
151.741876
 20
101.887948
 30
0.0
 11
151.741876
 21
101.886315
 31
0.0
210
0.0
220
1.0
230
0.0
  0
LINE
  5
1109
330
70
100
AcDbEntity
  8
Visible
100
AcDbLine
 10
151.741876
 20
101.900285
 30
0.0
 11
151.731876
 21
101.900285
 31
0.0
210
0.0
220
1.0
230
0.0
  0
LINE
  5
110A
330
70
100
AcDbEntity
  8
Visible
100
AcDbLine
 10
151.741876
 20
101.903435
 30
0.0
 11
151.741876
 21
101.900285
 31
0.0
210
0.0
220
1.0
230
0.0
  0
LINE
  5
110B
330
70
100
AcDbEntity
  8
Visible
100
AcDbLine
 10
151.741876
 20
101.900285
 30
0.0
 11
151.741876
 21
101.899593
 31
0.0
210
0.0
220
1.0
230
0.0
  0
LINE
  5
110C
330
70
100
AcDbEntity
  8
Visible
100
AcDbLine
 10
151.741876
 20
101.921121
 30
0.0
 11
151.741876
 21
101.919993
 31
0.0
210
0.0
220
1.0
230
0.0
  0
LINE
  5
110D
330
70
100
AcDbEntity
  8
Visible
100
AcDbLine
 10
151.741876
 20
101.945462
 30
0.0
 11
151.741876
 21
101.942395
 31
0.0
210
0.0
220
1.0
230
0.0
  0
LINE
  5
110E
330
70
100
AcDbEntity
  8
Visible
100
AcDbLine
 10
151.741876
 20
101.942395
 30
0.0
 11
151.741876
 21
101.939421
 31
0.0
210
0.0
220
1.0
230
0.0
  0
LINE
  5
110F
330
70
100
AcDbEntity
  8
Visible
100
AcDbLine
 10
151.741876
 20
101.945462
 30
0.0
 11
151.731876
 21
101.945462
 31
0.0
210
0.0
220
1.0
230
0.0
  0
LINE
  5
1110
330
70
100
AcDbEntity
  8
Visible
100
AcDbLine
 10
151.741876
 20
101.96489
 30
0.0
 11
151.741876
 21
101.957144
 31
0.0
210
0.0
220
1.0
230
0.0
  0
LINE
  5
1111
330
70
100
AcDbEntity
  8
Visible
100
AcDbLine
 10
151.741876
 20
101.957144
 30
0.0
 11
151.741876
 21
101.954336
 31
0.0
210
0.0
220
1.0
230
0.0
  0
LINE
  5
1112
330
70
100
AcDbEntity
  8
Visible
100
AcDbLine
 10
151.741876
 20
101.954336
 30
0.0
 11
151.741876
 21
101.94659
 31
0.0
210
0.0
220
1.0
230
0.0
  0
LINE
  5
1113
330
70
100
AcDbEntity
  8
Visible
100
AcDbLine
 10
151.741876
 20
101.957144
 30
0.0
 11
151.731876
 21
101.957144
 31
0.0
210
0.0
220
1.0
230
0.0
  0
LINE
  5
1114
330
70
100
AcDbEntity
  8
Visible
100
AcDbLine
 10
151.741876
 20
101.96489
 30
0.0
 11
151.731876
 21
101.96489
 31
0.0
210
0.0
220
1.0
230
0.0
  0
LINE
  5
1115
330
70
100
AcDbEntity
  8
Visible
100
AcDbLine
 10
151.741876
 20
101.954336
 30
0.0
 11
151.731876
 21
101.954336
 31
0.0
210
0.0
220
1.0
230
0.0
  0
LINE
  5
1116
330
70
100
AcDbEntity
  8
Visible
100
AcDbLine
 10
151.741876
 20
101.94659
 30
0.0
 11
151.731876
 21
101.94659
 31
0.0
210
0.0
220
1.0
230
0.0
  0
LINE
  5
1117
330
70
100
AcDbEntity
  8
Visible
100
AcDbLine
 10
151.741876
 20
101.826829
 30
0.0
 11
151.741876
 21
101.841144
 31
0.0
210
0.0
220
1.0
230
0.0
  0
LINE
  5
1118
330
70
100
AcDbEntity
  8
Visible
100
AcDbLine
 10
151.741876
 20
101.81902
 30
0.0
 11
151.741876
 21
101.826829
 31
0.0
210
0.0
220
1.0
230
0.0
  0
LINE
  5
1119
330
70
100
AcDbEntity
  8
Visible
100
AcDbLine
 10
151.741876
 20
101.799355
 30
0.0
 11
151.741876
 21
101.81902
 31
0.0
210
0.0
220
1.0
230
0.0
  0
LINE
  5
111A
330
70
100
AcDbEntity
  8
Visible
100
AcDbLine
 10
151.741876
 20
101.782003
 30
0.0
 11
151.741876
 21
101.799355
 31
0.0
210
0.0
220
1.0
230
0.0
  0
LINE
  5
111B
330
70
100
AcDbEntity
  8
Visible
100
AcDbLine
 10
151.741876
 20
101.782003
 30
0.0
 11
151.741876
 21
101.775641
 31
0.0
210
0.0
220
1.0
230
0.0
  0
LINE
  5
111C
330
70
100
AcDbEntity
  8
Visible
100
AcDbLine
 10
151.741876
 20
101.775641
 30
0.0
 11
151.741876
 21
101.772315
 31
0.0
210
0.0
220
1.0
230
0.0
  0
LINE
  5
111D
330
70
100
AcDbEntity
  8
Visible
100
AcDbLine
 10
151.741876
 20
101.755686
 30
0.0
 11
151.741876
 21
101.772315
 31
0.0
210
0.0
220
1.0
230
0.0
  0
LINE
  5
111E
330
70
100
AcDbEntity
  8
Visible
100
AcDbLine
 10
151.741876
 20
101.74889
 30
0.0
 11
151.741876
 21
101.755686
 31
0.0
210
0.0
220
1.0
230
0.0
  0
LINE
  5
111F
330
70
100
AcDbEntity
  8
Visible
100
AcDbLine
 10
151.741876
 20
101.826829
 30
0.0
 11
151.731876
 21
101.826829
 31
0.0
210
0.0
220
1.0
230
0.0
  0
LINE
  5
1120
330
70
100
AcDbEntity
  8
Visible
100
AcDbLine
 10
151.741876
 20
101.81902
 30
0.0
 11
151.731876
 21
101.81902
 31
0.0
210
0.0
220
1.0
230
0.0
  0
LINE
  5
1121
330
70
100
AcDbEntity
  8
Visible
100
AcDbLine
 10
151.741876
 20
101.775641
 30
0.0
 11
151.731876
 21
101.775641
 31
0.0
210
0.0
220
1.0
230
0.0
  0
LINE
  5
1122
330
70
100
AcDbEntity
  8
Visible
100
AcDbLine
 10
151.741876
 20
101.74889
 30
0.0
 11
151.731876
 21
101.74889
 31
0.0
210
0.0
220
1.0
230
0.0
  0
LINE
  5
1123
330
70
100
AcDbEntity
  8
Visible
100
AcDbLine
 10
151.251876
 20
101.664404
 30
0.0
 11
151.241876
 21
101.664404
 31
0.0
210
0.0
220
1.0
230
0.0
  0
LINE
  5
1124
330
70
100
AcDbEntity
  8
Visible
100
AcDbLine
 10
151.731876
 20
101.664404
 30
0.0
 11
151.741876
 21
101.664404
 31
0.0
210
0.0
220
1.0
230
0.0
  0
LINE
  5
1125
330
70
100
AcDbEntity
  8
Visible
100
AcDbLine
 10
151.251876
 20
102.164404
 30
0.0
 11
151.241876
 21
102.164404
 31
0.0
210
0.0
220
1.0
230
0.0
  0
LINE
  5
1126
330
70
100
AcDbEntity
  8
Visible
100
AcDbLine
 10
151.731876
 20
102.164404
 30
0.0
 11
151.741876
 21
102.164404
 31
0.0
210
0.0
220
1.0
230
0.0
  0
LINE
  5
1127
330
70
100
AcDbEntity
  8
Visible
100
AcDbLine
 10
151.741876
 20
101.841135
 30
0.0
 11
151.731876
 21
101.841135
 31
0.0
210
0.0
220
1.0
230
0.0
  0
LINE
  5
1128
330
70
100
AcDbEntity
  8
Visible
100
AcDbLine
 10
149.310063
 20
96.947393
 30
0.0
 11
149.863682
 21
96.947393
 31
0.0
210
0.0
220
1.0
230
0.0
  0
LINE
  5
1129
330
70
100
AcDbEntity
  8
Visible
100
AcDbLine
 10
149.336873
 20
96.957393
 30
0.0
 11
149.310063
 21
96.957393
 31
0.0
210
0.0
220
1.0
230
0.0
  0
LINE
  5
112A
330
70
100
AcDbEntity
  8
Visible
100
AcDbLine
 10
149.106873
 20
96.957393
 30
0.0
 11
149.310063
 21
96.957393
 31
0.0
210
0.0
220
1.0
230
0.0
  0
ARC
  5
112B
330
70
100
AcDbEntity
  8
Visible
100
AcDbCircle
 10
148.336873
 20
96.707393
 30
0.0
 40
1.000000000000002
100
AcDbArc
 50
346.702928
 51
13.297072
  0
LINE
  5
112C
330
70
100
AcDbEntity
  8
Visible
100
AcDbLine
 10
149.310063
 20
96.457393
 30
0.0
 11
149.336873
 21
96.457393
 31
0.0
210
0.0
220
1.0
230
0.0
  0
LINE
  5
112D
330
70
100
AcDbEntity
  8
Visible
100
AcDbLine
 10
149.310063
 20
96.457393
 30
0.0
 11
149.106873
 21
96.457393
 31
0.0
210
0.0
220
1.0
230
0.0
  0
LINE
  5
112E
330
70
100
AcDbEntity
  8
Visible
100
AcDbLine
 10
149.305806
 20
96.467393
 30
0.0
 11
149.307646
 21
96.467393
 31
0.0
210
0.0
220
1.0
230
0.0
  0
ELLIPSE
  5
112F
330
70
100
AcDbEntity
  8
Visible
100
AcDbEllipse
 10
149.309674
 20
96.477288
 30
0.0
 11
-0.0004122697222929
 21
0.0198946828174621
 31
0.0
210
0.0000000000000002
220
0.0
230
-0.9999999999999996
 40
0.2371022556531786
 41
3.146497105553163
 42
3.671518237842182
  0
LINE
  5
1130
330
70
100
AcDbEntity
  8
Visible
100
AcDbLine
 10
149.307646
 20
96.460073
 30
0.0
 11
149.305806
 21
96.460073
 31
0.0
210
0.0
220
1.0
230
0.0
  0
ELLIPSE
  5
1131
330
70
100
AcDbEntity
  8
Visible
100
AcDbEllipse
 10
149.309893
 20
96.476922
 30
0.0
 11
-0.0002028771692192
 21
0.0194860670360238
 31
0.0
210
0.0000000000000002
220
0.0
230
-1.0
 40
0.2458896267540356
 41
3.937330982098572
 42
4.203988102010039
  0
LINE
  5
1132
330
70
100
AcDbEntity
  8
Visible
100
AcDbLine
 10
149.305806
 20
96.954714
 30
0.0
 11
149.307646
 21
96.954714
 31
0.0
210
0.0
220
1.0
230
0.0
  0
ELLIPSE
  5
1133
330
70
100
AcDbEntity
  8
Visible
100
AcDbEllipse
 10
149.309675
 20
96.937487
 30
0.0
 11
0.000411703866158
 21
0.0199060867023326
 31
0.0
210
0.0000000000000002
220
0.0
230
-1.0
 40
0.2370405417244891
 41
-0.5297608092502269
 42
-0.0048950782434607
  0
LINE
  5
1134
330
70
100
AcDbEntity
  8
Visible
100
AcDbLine
 10
149.307646
 20
96.947393
 30
0.0
 11
149.305806
 21
96.947393
 31
0.0
210
0.0
220
1.0
230
0.0
  0
ELLIPSE
  5
1135
330
70
100
AcDbEntity
  8
Visible
100
AcDbEllipse
 10
149.310069
 20
96.937344
 30
0.0
 11
0.0000906271950222
 21
0.0200709234838007
 31
0.0
210
0.0000000000000002
220
0.0
230
-0.9999999999999998
 40
0.2477741293366516
 41
-1.047496173135497
 42
-0.7865478580107865
  0
LINE
  5
1136
330
70
100
AcDbEntity
  8
Visible
100
AcDbLine
 10
149.863682
 20
96.467393
 30
0.0
 11
149.310063
 21
96.467393
 31
0.0
210
0.0
220
1.0
230
0.0
  0
LINE
  5
1137
330
70
100
AcDbEntity
  8
Visible
100
AcDbLine
 10
149.863682
 20
96.457393
 30
0.0
 11
149.836873
 21
96.457393
 31
0.0
210
0.0
220
1.0
230
0.0
  0
LINE
  5
1138
330
70
100
AcDbEntity
  8
Visible
100
AcDbLine
 10
150.066873
 20
96.457393
 30
0.0
 11
149.863682
 21
96.457393
 31
0.0
210
0.0
220
1.0
230
0.0
  0
ARC
  5
1139
330
70
100
AcDbEntity
  8
Visible
100
AcDbCircle
 10
-150.836873
 20
96.707393
 30
0.0
 40
1.000000000000001
210
0.0000000000000002
220
0.0
230
-1.0
100
AcDbArc
 50
346.702928
 51
13.297072
  0
LINE
  5
113A
330
70
100
AcDbEntity
  8
Visible
100
AcDbLine
 10
149.836873
 20
96.957393
 30
0.0
 11
149.863682
 21
96.957393
 31
0.0
210
0.0
220
1.0
230
0.0
  0
LINE
  5
113B
330
70
100
AcDbEntity
  8
Visible
100
AcDbLine
 10
149.863682
 20
96.957393
 30
0.0
 11
150.066873
 21
96.957393
 31
0.0
210
0.0
220
1.0
230
0.0
  0
LINE
  5
113C
330
70
100
AcDbEntity
  8
Visible
100
AcDbLine
 10
150.086873
 20
96.937393
 30
0.0
 11
150.086873
 21
96.477393
 31
0.0
210
0.0
220
1.0
230
0.0
  0
ELLIPSE
  5
113D
330
70
100
AcDbEntity
  8
Visible
100
AcDbEllipse
 10
149.864071
 20
96.937501
 30
0.0
 11
-0.0004125588996835
 21
0.0198917418701212
 31
0.0
210
-0.0000000000000002
220
0.0
230
1.0
 40
0.2371162899614566
 41
-0.529969768938541
 42
-0.0049085599312961
  0
LINE
  5
113E
330
70
100
AcDbEntity
  8
Visible
100
AcDbLine
 10
149.8661
 20
96.954714
 30
0.0
 11
149.867939
 21
96.954714
 31
0.0
210
0.0
220
1.0
230
0.0
  0
ELLIPSE
  5
113F
330
70
100
AcDbEntity
  8
Visible
100
AcDbEllipse
 10
149.863842
 20
96.937842
 30
0.0
 11
-0.0001967781446439
 21
0.0195124209805611
 31
0.0
210
-0.0000000000000002
220
0.0
230
1.0
 40
0.2460792441829168
 41
-1.061747059926327
 42
-0.7953651163670235
  0
LINE
  5
1140
330
70
100
AcDbEntity
  8
Visible
100
AcDbLine
 10
149.867939
 20
96.947393
 30
0.0
 11
149.8661
 21
96.947393
 31
0.0
210
0.0
220
1.0
230
0.0
  0
ARC
  5
1141
330
70
100
AcDbEntity
  8
Visible
100
AcDbCircle
 10
150.066873
 20
96.937393
 30
0.0
 40
0.0199999999990001
100
AcDbArc
 50
0.0
 51
90.0
  0
ELLIPSE
  5
1142
330
70
100
AcDbEntity
  8
Visible
100
AcDbEllipse
 10
149.864072
 20
96.477285
 30
0.0
 11
0.0004134538305175
 21
0.0198919926088356
 31
0.0
210
-0.0000000000000002
220
0.0
230
0.9999999999999998
 40
0.2371028553600301
 41
3.146511464259344
 42
3.671569347824194
  0
LINE
  5
1143
330
70
100
AcDbEntity
  8
Visible
100
AcDbLine
 10
149.8661
 20
96.467393
 30
0.0
 11
149.867939
 21
96.467393
 31
0.0
210
0.0
220
1.0
230
0.0
  0
ELLIPSE
  5
1144
330
70
100
AcDbEntity
  8
Visible
100
AcDbEllipse
 10
149.863724
 20
96.477336
 30
0.0
 11
0.0001349103222046
 21
0.0199835371424549
 31
0.0
210
-0.0000000000000002
220
0.0
230
1.0
 40
0.2467724389610398
 41
3.931875017087959
 42
4.193282453152971
  0
LINE
  5
1145
330
70
100
AcDbEntity
  8
Visible
100
AcDbLine
 10
149.867939
 20
96.460073
 30
0.0
 11
149.8661
 21
96.460073
 31
0.0
210
0.0
220
1.0
230
0.0
  0
ARC
  5
1146
330
70
100
AcDbEntity
  8
Visible
100
AcDbCircle
 10
-150.066873
 20
96.477393
 30
0.0
 40
0.0199999999990001
210
0.0000000000000002
220
0.0
230
-1.0
100
AcDbArc
 50
180.0
 51
270.0
  0
LINE
  5
1147
330
70
100
AcDbEntity
  8
Visible
100
AcDbLine
 10
149.8661
 20
96.467393
 30
0.0
 11
149.8661
 21
96.460073
 31
0.0
210
0.0
220
1.0
230
0.0
  0
SPLINE
  5
1148
330
70
100
AcDbEntity
  8
Visible
100
AcDbSpline
210
0.0
220
0.0
230
1.0
 70
     8
 71
     3
 72
     8
 73
     4
 74
     0
 42
0.000000001
 43
0.0000000001
 40
0.0
 40
0.0
 40
0.0
 40
0.0
 40
0.0000079887434726
 40
0.0000079887434726
 40
0.0000079887434726
 40
0.0000079887434726
 10
149.8653803438083
 20
96.47032218199186
 30
0.000000000001819
 10
149.8649275397711
 20
96.46846663866327
 30
0.000000000001819
 10
149.8643024940775
 20
96.46739324980352
 30
0.000000000001819
 10
149.863682025214
 20
96.46739324980352
 30
0.000000000001819
  0
SPLINE
  5
1149
330
70
100
AcDbEntity
  8
Visible
100
AcDbSpline
210
0.0
220
0.0
230
1.0
 70
     8
 71
     3
 72
     8
 73
     4
 74
     0
 42
0.000000001
 43
0.0000000001
 40
0.0
 40
0.0
 40
0.0
 40
0.0
 40
0.0000079911690921
 40
0.0000079911690921
 40
0.0000079911690921
 40
0.0000079911690921
 10
149.863682025214
 20
96.94739324980051
 30
0.000000000001819
 10
149.8642946815107
 20
96.94739324980051
 30
0.000000000001819
 10
149.8649212906257
 20
96.94634546926657
 30
0.000000000001819
 10
149.8653803438083
 20
96.94446431761319
 30
0.000000000001819
  0
LINE
  5
114A
330
70
100
AcDbEntity
  8
Visible
100
AcDbLine
 10
149.8661
 20
96.947393
 30
0.0
 11
149.8661
 21
96.954714
 31
0.0
210
0.0
220
1.0
230
0.0
  0
LINE
  5
114B
330
70
100
AcDbEntity
  8
Visible
100
AcDbLine
 10
149.8661
 20
96.467393
 30
0.0
 11
149.867133
 21
96.463251
 31
0.0
210
0.0
220
1.0
230
0.0
  0
LINE
  5
114C
330
70
100
AcDbEntity
  8
Visible
100
AcDbLine
 10
149.8661
 20
96.947393
 30
0.0
 11
149.867133
 21
96.951535
 31
0.0
210
0.0
220
1.0
230
0.0
  0
LINE
  5
114D
330
70
100
AcDbEntity
  8
Visible
100
AcDbLine
 10
149.086873
 20
96.477393
 30
0.0
 11
149.086873
 21
96.937393
 31
0.0
210
0.0
220
1.0
230
0.0
  0
ARC
  5
114E
330
70
100
AcDbEntity
  8
Visible
100
AcDbCircle
 10
149.106873
 20
96.477393
 30
0.0
 40
0.0199999999990001
100
AcDbArc
 50
180.0
 51
270.0
  0
ARC
  5
114F
330
70
100
AcDbEntity
  8
Visible
100
AcDbCircle
 10
-149.106873
 20
96.937393
 30
0.0
 40
0.0199999999990001
210
0.0000000000000002
220
0.0
230
-1.0
100
AcDbArc
 50
0.0
 51
90.0
  0
SPLINE
  5
1150
330
70
100
AcDbEntity
  8
Visible
100
AcDbSpline
210
0.0
220
0.0
230
1.0
 70
     8
 71
     3
 72
     8
 73
     4
 74
     0
 42
0.000000001
 43
0.0000000001
 40
0.0
 40
0.0
 40
0.0
 40
0.0
 40
0.0000079911690921
 40
0.0000079911690921
 40
0.0000079911690921
 40
0.0000079911690921
 10
149.3100632828318
 20
96.46739324980352
 30
0.000000000001819
 10
149.3094506265352
 20
96.46739324980352
 30
0.000000000001819
 10
149.3088240174184
 20
96.46844103033821
 30
0.000000000001819
 10
149.3083649642376
 20
96.47032218199186
 30
0.000000000001819
  0
LINE
  5
1151
330
70
100
AcDbEntity
  8
Visible
100
AcDbLine
 10
149.307646
 20
96.467393
 30
0.0
 11
149.307646
 21
96.460073
 31
0.0
210
0.0
220
1.0
230
0.0
  0
LINE
  5
1152
330
70
100
AcDbEntity
  8
Visible
100
AcDbLine
 10
149.307646
 20
96.947393
 30
0.0
 11
149.307646
 21
96.954714
 31
0.0
210
0.0
220
1.0
230
0.0
  0
SPLINE
  5
1153
330
70
100
AcDbEntity
  8
Visible
100
AcDbSpline
210
0.0
220
0.0
230
1.0
 70
     8
 71
     3
 72
     8
 73
     4
 74
     0
 42
0.000000001
 43
0.0000000001
 40
0.0
 40
0.0
 40
0.0
 40
0.0
 40
0.0000079887434726
 40
0.0000079887434726
 40
0.0000079887434726
 40
0.0000079887434726
 10
149.3083649642376
 20
96.94446431761319
 30
0.000000000001819
 10
149.308817768273
 20
96.94631986094151
 30
0.000000000001819
 10
149.3094428139666
 20
96.94739324980051
 30
0.000000000001819
 10
149.3100632828318
 20
96.94739324980051
 30
0.000000000001819
  0
LINE
  5
1154
330
70
100
AcDbEntity
  8
Visible
100
AcDbLine
 10
149.306612
 20
96.951535
 30
0.0
 11
149.307646
 21
96.947393
 31
0.0
210
0.0
220
1.0
230
0.0
  0
LINE
  5
1155
330
70
100
AcDbEntity
  8
Visible
100
AcDbLine
 10
149.306612
 20
96.463251
 30
0.0
 11
149.307646
 21
96.467393
 31
0.0
210
0.0
220
1.0
230
0.0
  0
LINE
  5
1156
330
70
100
AcDbEntity
  8
Visible
100
AcDbLine
 10
149.632751
 20
96.957393
 30
0.0
 11
149.632751
 21
96.947393
 31
0.0
210
0.0
220
1.0
230
0.0
  0
LINE
  5
1157
330
70
100
AcDbEntity
  8
Visible
100
AcDbLine
 10
149.632751
 20
96.957393
 30
0.0
 11
149.640851
 21
96.957393
 31
0.0
210
0.0
220
1.0
230
0.0
  0
LINE
  5
1158
330
70
100
AcDbEntity
  8
Visible
100
AcDbLine
 10
149.640851
 20
96.957393
 30
0.0
 11
149.640851
 21
96.947393
 31
0.0
210
0.0
220
1.0
230
0.0
  0
LINE
  5
1159
330
70
100
AcDbEntity
  8
Visible
100
AcDbLine
 10
149.643476
 20
96.957393
 30
0.0
 11
149.643476
 21
96.947393
 31
0.0
210
0.0
220
1.0
230
0.0
  0
LINE
  5
115A
330
70
100
AcDbEntity
  8
Visible
100
AcDbLine
 10
149.640851
 20
96.957393
 30
0.0
 11
149.643476
 21
96.957393
 31
0.0
210
0.0
220
1.0
230
0.0
  0
LINE
  5
115B
330
70
100
AcDbEntity
  8
Visible
100
AcDbLine
 10
149.616692
 20
96.957393
 30
0.0
 11
149.616692
 21
96.947393
 31
0.0
210
0.0
220
1.0
230
0.0
  0
LINE
  5
115C
330
70
100
AcDbEntity
  8
Visible
100
AcDbLine
 10
149.621511
 20
96.957393
 30
0.0
 11
149.616692
 21
96.957393
 31
0.0
210
0.0
220
1.0
230
0.0
  0
LINE
  5
115D
330
70
100
AcDbEntity
  8
Visible
100
AcDbLine
 10
149.621511
 20
96.957393
 30
0.0
 11
149.628982
 21
96.957393
 31
0.0
210
0.0
220
1.0
230
0.0
  0
LINE
  5
115E
330
70
100
AcDbEntity
  8
Visible
100
AcDbLine
 10
149.631919
 20
96.957393
 30
0.0
 11
149.631919
 21
96.947393
 31
0.0
210
0.0
220
1.0
230
0.0
  0
LINE
  5
115F
330
70
100
AcDbEntity
  8
Visible
100
AcDbLine
 10
149.628982
 20
96.957393
 30
0.0
 11
149.631919
 21
96.957393
 31
0.0
210
0.0
220
1.0
230
0.0
  0
LINE
  5
1160
330
70
100
AcDbEntity
  8
Visible
100
AcDbLine
 10
149.601683
 20
96.957393
 30
0.0
 11
149.601683
 21
96.947393
 31
0.0
210
0.0
220
1.0
230
0.0
  0
LINE
  5
1161
330
70
100
AcDbEntity
  8
Visible
100
AcDbLine
 10
149.601683
 20
96.957393
 30
0.0
 11
149.602146
 21
96.957393
 31
0.0
210
0.0
220
1.0
230
0.0
  0
LINE
  5
1162
330
70
100
AcDbEntity
  8
Visible
100
AcDbLine
 10
149.602146
 20
96.957393
 30
0.0
 11
149.602146
 21
96.947393
 31
0.0
210
0.0
220
1.0
230
0.0
  0
LINE
  5
1163
330
70
100
AcDbEntity
  8
Visible
100
AcDbLine
 10
149.612621
 20
96.957393
 30
0.0
 11
149.612621
 21
96.947393
 31
0.0
210
0.0
220
1.0
230
0.0
  0
LINE
  5
1164
330
70
100
AcDbEntity
  8
Visible
100
AcDbLine
 10
149.602146
 20
96.957393
 30
0.0
 11
149.612621
 21
96.957393
 31
0.0
210
0.0
220
1.0
230
0.0
  0
LINE
  5
1165
330
70
100
AcDbEntity
  8
Visible
100
AcDbLine
 10
149.581283
 20
96.957393
 30
0.0
 11
149.58435
 21
96.957393
 31
0.0
210
0.0
220
1.0
230
0.0
  0
LINE
  5
1166
330
70
100
AcDbEntity
  8
Visible
100
AcDbLine
 10
149.58435
 20
96.957393
 30
0.0
 11
149.592039
 21
96.957393
 31
0.0
210
0.0
220
1.0
230
0.0
  0
LINE
  5
1167
330
70
100
AcDbEntity
  8
Visible
100
AcDbLine
 10
149.592039
 20
96.957393
 30
0.0
 11
149.597841
 21
96.957393
 31
0.0
210
0.0
220
1.0
230
0.0
  0
LINE
  5
1168
330
70
100
AcDbEntity
  8
Visible
100
AcDbLine
 10
149.581283
 20
96.957393
 30
0.0
 11
149.581283
 21
96.947393
 31
0.0
210
0.0
220
1.0
230
0.0
  0
LINE
  5
1169
330
70
100
AcDbEntity
  8
Visible
100
AcDbLine
 10
149.597841
 20
96.957393
 30
0.0
 11
149.597841
 21
96.947393
 31
0.0
210
0.0
220
1.0
230
0.0
  0
LINE
  5
116A
330
70
100
AcDbEntity
  8
Visible
100
AcDbLine
 10
149.561855
 20
96.957393
 30
0.0
 11
149.569601
 21
96.957393
 31
0.0
210
0.0
220
1.0
230
0.0
  0
LINE
  5
116B
330
70
100
AcDbEntity
  8
Visible
100
AcDbLine
 10
149.569601
 20
96.957393
 30
0.0
 11
149.572409
 21
96.957393
 31
0.0
210
0.0
220
1.0
230
0.0
  0
LINE
  5
116C
330
70
100
AcDbEntity
  8
Visible
100
AcDbLine
 10
149.572409
 20
96.957393
 30
0.0
 11
149.580155
 21
96.957393
 31
0.0
210
0.0
220
1.0
230
0.0
  0
LINE
  5
116D
330
70
100
AcDbEntity
  8
Visible
100
AcDbLine
 10
149.569601
 20
96.957393
 30
0.0
 11
149.569601
 21
96.947393
 31
0.0
210
0.0
220
1.0
230
0.0
  0
LINE
  5
116E
330
70
100
AcDbEntity
  8
Visible
100
AcDbLine
 10
149.561855
 20
96.957393
 30
0.0
 11
149.561855
 21
96.947393
 31
0.0
210
0.0
220
1.0
230
0.0
  0
LINE
  5
116F
330
70
100
AcDbEntity
  8
Visible
100
AcDbLine
 10
149.572409
 20
96.957393
 30
0.0
 11
149.572409
 21
96.947393
 31
0.0
210
0.0
220
1.0
230
0.0
  0
LINE
  5
1170
330
70
100
AcDbEntity
  8
Visible
100
AcDbLine
 10
149.580155
 20
96.957393
 30
0.0
 11
149.580155
 21
96.947393
 31
0.0
210
0.0
220
1.0
230
0.0
  0
LINE
  5
1171
330
70
100
AcDbEntity
  8
Visible
100
AcDbLine
 10
149.632538
 20
96.957393
 30
0.0
 11
149.632538
 21
96.947393
 31
0.0
210
0.0
220
1.0
230
0.0
  0
LINE
  5
1172
330
70
100
AcDbEntity
  8
Visible
100
AcDbLine
 10
149.632538
 20
96.957393
 30
0.0
 11
149.632751
 21
96.957393
 31
0.0
210
0.0
220
1.0
230
0.0
  0
LINE
  5
1173
330
70
100
AcDbEntity
  8
Visible
100
AcDbLine
 10
149.614976
 20
96.957393
 30
0.0
 11
149.614976
 21
96.947393
 31
0.0
210
0.0
220
1.0
230
0.0
  0
LINE
  5
1174
330
70
100
AcDbEntity
  8
Visible
100
AcDbLine
 10
149.614961
 20
96.957393
 30
0.0
 11
149.614976
 21
96.957393
 31
0.0
210
0.0
220
1.0
230
0.0
  0
LINE
  5
1175
330
70
100
AcDbEntity
  8
Visible
100
AcDbLine
 10
149.612621
 20
96.957393
 30
0.0
 11
149.613328
 21
96.957393
 31
0.0
210
0.0
220
1.0
230
0.0
  0
LINE
  5
1176
330
70
100
AcDbEntity
  8
Visible
100
AcDbLine
 10
149.614961
 20
96.957393
 30
0.0
 11
149.614961
 21
96.947393
 31
0.0
210
0.0
220
1.0
230
0.0
  0
LINE
  5
1177
330
70
100
AcDbEntity
  8
Visible
100
AcDbLine
 10
149.613328
 20
96.957393
 30
0.0
 11
149.614961
 21
96.957393
 31
0.0
210
0.0
220
1.0
230
0.0
  0
LINE
  5
1178
330
70
100
AcDbEntity
  8
Visible
100
AcDbLine
 10
149.600992
 20
96.957393
 30
0.0
 11
149.600992
 21
96.947393
 31
0.0
210
0.0
220
1.0
230
0.0
  0
LINE
  5
1179
330
70
100
AcDbEntity
  8
Visible
100
AcDbLine
 10
149.597841
 20
96.957393
 30
0.0
 11
149.600992
 21
96.957393
 31
0.0
210
0.0
220
1.0
230
0.0
  0
LINE
  5
117A
330
70
100
AcDbEntity
  8
Visible
100
AcDbLine
 10
149.600992
 20
96.957393
 30
0.0
 11
149.601683
 21
96.957393
 31
0.0
210
0.0
220
1.0
230
0.0
  0
LINE
  5
117B
330
70
100
AcDbEntity
  8
Visible
100
AcDbLine
 10
149.580155
 20
96.957393
 30
0.0
 11
149.581283
 21
96.957393
 31
0.0
210
0.0
220
1.0
230
0.0
  0
LINE
  5
117C
330
70
100
AcDbEntity
  8
Visible
100
AcDbLine
 10
149.555814
 20
96.957393
 30
0.0
 11
149.558881
 21
96.957393
 31
0.0
210
0.0
220
1.0
230
0.0
  0
LINE
  5
117D
330
70
100
AcDbEntity
  8
Visible
100
AcDbLine
 10
149.558881
 20
96.957393
 30
0.0
 11
149.561855
 21
96.957393
 31
0.0
210
0.0
220
1.0
230
0.0
  0
LINE
  5
117E
330
70
100
AcDbEntity
  8
Visible
100
AcDbLine
 10
149.555814
 20
96.957393
 30
0.0
 11
149.555814
 21
96.947393
 31
0.0
210
0.0
220
1.0
230
0.0
  0
LINE
  5
117F
330
70
100
AcDbEntity
  8
Visible
100
AcDbLine
 10
149.536386
 20
96.957393
 30
0.0
 11
149.544133
 21
96.957393
 31
0.0
210
0.0
220
1.0
230
0.0
  0
LINE
  5
1180
330
70
100
AcDbEntity
  8
Visible
100
AcDbLine
 10
149.544133
 20
96.957393
 30
0.0
 11
149.54694
 21
96.957393
 31
0.0
210
0.0
220
1.0
230
0.0
  0
LINE
  5
1181
330
70
100
AcDbEntity
  8
Visible
100
AcDbLine
 10
149.54694
 20
96.957393
 30
0.0
 11
149.554686
 21
96.957393
 31
0.0
210
0.0
220
1.0
230
0.0
  0
LINE
  5
1182
330
70
100
AcDbEntity
  8
Visible
100
AcDbLine
 10
149.544133
 20
96.957393
 30
0.0
 11
149.544133
 21
96.947393
 31
0.0
210
0.0
220
1.0
230
0.0
  0
LINE
  5
1183
330
70
100
AcDbEntity
  8
Visible
100
AcDbLine
 10
149.536386
 20
96.957393
 30
0.0
 11
149.536386
 21
96.947393
 31
0.0
210
0.0
220
1.0
230
0.0
  0
LINE
  5
1184
330
70
100
AcDbEntity
  8
Visible
100
AcDbLine
 10
149.54694
 20
96.957393
 30
0.0
 11
149.54694
 21
96.947393
 31
0.0
210
0.0
220
1.0
230
0.0
  0
LINE
  5
1185
330
70
100
AcDbEntity
  8
Visible
100
AcDbLine
 10
149.554686
 20
96.957393
 30
0.0
 11
149.554686
 21
96.947393
 31
0.0
210
0.0
220
1.0
230
0.0
  0
LINE
  5
1186
330
70
100
AcDbEntity
  8
Visible
100
AcDbLine
 10
149.674448
 20
96.957393
 30
0.0
 11
149.660132
 21
96.957393
 31
0.0
210
0.0
220
1.0
230
0.0
  0
LINE
  5
1187
330
70
100
AcDbEntity
  8
Visible
100
AcDbLine
 10
149.682256
 20
96.957393
 30
0.0
 11
149.674448
 21
96.957393
 31
0.0
210
0.0
220
1.0
230
0.0
  0
LINE
  5
1188
330
70
100
AcDbEntity
  8
Visible
100
AcDbLine
 10
149.701921
 20
96.957393
 30
0.0
 11
149.682256
 21
96.957393
 31
0.0
210
0.0
220
1.0
230
0.0
  0
LINE
  5
1189
330
70
100
AcDbEntity
  8
Visible
100
AcDbLine
 10
149.719273
 20
96.957393
 30
0.0
 11
149.701921
 21
96.957393
 31
0.0
210
0.0
220
1.0
230
0.0
  0
LINE
  5
118A
330
70
100
AcDbEntity
  8
Visible
100
AcDbLine
 10
149.719273
 20
96.957393
 30
0.0
 11
149.725636
 21
96.957393
 31
0.0
210
0.0
220
1.0
230
0.0
  0
LINE
  5
118B
330
70
100
AcDbEntity
  8
Visible
100
AcDbLine
 10
149.725636
 20
96.957393
 30
0.0
 11
149.728961
 21
96.957393
 31
0.0
210
0.0
220
1.0
230
0.0
  0
LINE
  5
118C
330
70
100
AcDbEntity
  8
Visible
100
AcDbLine
 10
149.74559
 20
96.957393
 30
0.0
 11
149.728961
 21
96.957393
 31
0.0
210
0.0
220
1.0
230
0.0
  0
LINE
  5
118D
330
70
100
AcDbEntity
  8
Visible
100
AcDbLine
 10
149.752386
 20
96.957393
 30
0.0
 11
149.74559
 21
96.957393
 31
0.0
210
0.0
220
1.0
230
0.0
  0
LINE
  5
118E
330
70
100
AcDbEntity
  8
Visible
100
AcDbLine
 10
149.674448
 20
96.957393
 30
0.0
 11
149.674448
 21
96.947393
 31
0.0
210
0.0
220
1.0
230
0.0
  0
LINE
  5
118F
330
70
100
AcDbEntity
  8
Visible
100
AcDbLine
 10
149.682256
 20
96.957393
 30
0.0
 11
149.682256
 21
96.947393
 31
0.0
210
0.0
220
1.0
230
0.0
  0
LINE
  5
1190
330
70
100
AcDbEntity
  8
Visible
100
AcDbLine
 10
149.725636
 20
96.957393
 30
0.0
 11
149.725636
 21
96.947393
 31
0.0
210
0.0
220
1.0
230
0.0
  0
LINE
  5
1191
330
70
100
AcDbEntity
  8
Visible
100
AcDbLine
 10
149.752386
 20
96.957393
 30
0.0
 11
149.752386
 21
96.947393
 31
0.0
210
0.0
220
1.0
230
0.0
  0
LINE
  5
1192
330
70
100
AcDbEntity
  8
Visible
100
AcDbLine
 10
149.836873
 20
96.467393
 30
0.0
 11
149.836873
 21
96.457393
 31
0.0
210
0.0
220
1.0
230
0.0
  0
LINE
  5
1193
330
70
100
AcDbEntity
  8
Visible
100
AcDbLine
 10
149.836873
 20
96.947393
 30
0.0
 11
149.836873
 21
96.957393
 31
0.0
210
0.0
220
1.0
230
0.0
  0
LINE
  5
1194
330
70
100
AcDbEntity
  8
Visible
100
AcDbLine
 10
149.336873
 20
96.467393
 30
0.0
 11
149.336873
 21
96.457393
 31
0.0
210
0.0
220
1.0
230
0.0
  0
LINE
  5
1195
330
70
100
AcDbEntity
  8
Visible
100
AcDbLine
 10
149.336873
 20
96.947393
 30
0.0
 11
149.336873
 21
96.957393
 31
0.0
210
0.0
220
1.0
230
0.0
  0
LINE
  5
1196
330
70
100
AcDbEntity
  8
Visible
100
AcDbLine
 10
149.660141
 20
96.957393
 30
0.0
 11
149.660141
 21
96.947393
 31
0.0
210
0.0
220
1.0
230
0.0
  0
LINE
  5
1197
330
70
100
AcDbEntity
  8
Visible
100
AcDbLine
 10
160.625893
 20
100.606212
 30
0.0
 11
160.625893
 21
102.206593
 31
0.0
210
0.0
220
1.0
230
0.0
  0
LINE
  5
1198
330
70
100
AcDbEntity
  8
Visible
100
AcDbLine
 10
160.578958
 20
101.49445
 30
0.0
 11
160.584276
 21
101.494017
 31
0.0
210
0.0
220
1.0
230
0.0
  0
LINE
  5
1199
330
70
100
AcDbEntity
  8
Visible
100
AcDbLine
 10
160.578963
 20
101.502326
 30
0.0
 11
160.578958
 21
101.49445
 31
0.0
210
0.0
220
1.0
230
0.0
  0
LINE
  5
119A
330
70
100
AcDbEntity
  8
Visible
100
AcDbLine
 10
160.58369
 20
101.526241
 30
0.0
 11
160.583675
 21
101.502023
 31
0.0
210
0.0
220
1.0
230
0.0
  0
LINE
  5
119B
330
70
100
AcDbEntity
  8
Visible
100
AcDbLine
 10
160.587394
 20
101.493763
 30
0.0
 11
160.592712
 21
101.49333
 31
0.0
210
0.0
220
1.0
230
0.0
  0
LINE
  5
119C
330
70
100
AcDbEntity
  8
Visible
100
AcDbLine
 10
160.587414
 20
101.525189
 30
0.0
 11
160.587394
 21
101.493763
 31
0.0
210
0.0
220
1.0
230
0.0
  0
LINE
  5
119D
330
70
100
AcDbEntity
  8
Visible
100
AcDbLine
 10
160.589726
 20
101.52327
 30
0.0
 11
160.589712
 21
101.501532
 31
0.0
210
0.0
220
1.0
230
0.0
  0
LINE
  5
119E
330
70
100
AcDbEntity
  8
Visible
100
AcDbLine
 10
160.592126
 20
101.526194
 30
0.0
 11
160.59211
 21
101.501337
 31
0.0
210
0.0
220
1.0
230
0.0
  0
LINE
  5
119F
330
70
100
AcDbEntity
  8
Visible
100
AcDbLine
 10
160.587499
 20
101.66273
 30
0.0
 11
160.592816
 21
101.662297
 31
0.0
210
0.0
220
1.0
230
0.0
  0
LINE
  5
11A0
330
70
100
AcDbEntity
  8
Visible
100
AcDbLine
 10
160.587518
 20
101.694156
 30
0.0
 11
160.587499
 21
101.66273
 31
0.0
210
0.0
220
1.0
230
0.0
  0
LINE
  5
11A1
330
70
100
AcDbEntity
  8
Visible
100
AcDbLine
 10
160.58983
 20
101.692236
 30
0.0
 11
160.589817
 21
101.670499
 31
0.0
210
0.0
220
1.0
230
0.0
  0
LINE
  5
11A2
330
70
100
AcDbEntity
  8
Visible
100
AcDbLine
 10
160.59223
 20
101.695161
 30
0.0
 11
160.592215
 21
101.670304
 31
0.0
210
0.0
220
1.0
230
0.0
  0
LINE
  5
11A3
330
70
100
AcDbEntity
  8
Visible
100
AcDbLine
 10
160.587526
 20
101.707069
 30
0.0
 11
160.592843
 21
101.706637
 31
0.0
210
0.0
220
1.0
230
0.0
  0
LINE
  5
11A4
330
70
100
AcDbEntity
  8
Visible
100
AcDbLine
 10
160.587537
 20
101.724474
 30
0.0
 11
160.587526
 21
101.707069
 31
0.0
210
0.0
220
1.0
230
0.0
  0
SPLINE
  5
11A5
330
70
100
AcDbEntity
  8
Visible
100
AcDbSpline
210
0.0
220
0.0
230
1.0
 70
     8
 71
     3
 72
     8
 73
     4
 74
     0
 42
0.000000001
 43
0.0000000001
 40
2.0
 40
2.0
 40
2.0
 40
2.0
 40
3.0
 40
3.0
 40
3.0
 40
3.0
 10
160.5882550546103
 20
101.7474835823105
 30
0.000000000001819
 10
160.5877809553149
 20
101.7413926353785
 30
0.000000000001819
 10
160.587542406578
 20
101.7337228442685
 30
0.000000000001819
 10
160.5875366898471
 20
101.7244744302045
 30
0.000000000001819
  0
SPLINE
  5
11A6
330
70
100
AcDbEntity
  8
Visible
100
AcDbSpline
210
0.0
220
0.0
230
1.0
 70
     8
 71
     3
 72
     8
 73
     4
 74
     0
 42
0.000000001
 43
0.0000000001
 40
3.0
 40
3.0
 40
3.0
 40
3.0
 40
4.0
 40
4.0
 40
4.0
 40
4.0
 10
160.5901474216352
 20
101.7565316786685
 30
0.000000000001819
 10
160.5893590397863
 20
101.7565958337625
 30
0.000000000001819
 10
160.5887291537492
 20
101.7535745292425
 30
0.000000000001819
 10
160.5882550546103
 20
101.7474835823105
 30
0.000000000001819
  0
LINE
  5
11A7
330
70
100
AcDbEntity
  8
Visible
100
AcDbLine
 10
160.59291
 20
101.814592
 30
0.0
 11
160.587578
 21
101.791787
 31
0.0
210
0.0
220
1.0
230
0.0
  0
LINE
  5
11A8
330
70
100
AcDbEntity
  8
Visible
100
AcDbLine
 10
160.587573
 20
101.783365
 30
0.0
 11
160.592876
 21
101.759694
 31
0.0
210
0.0
220
1.0
230
0.0
  0
LINE
  5
11A9
330
70
100
AcDbEntity
  8
Visible
100
AcDbLine
 10
160.587578
 20
101.791787
 30
0.0
 11
160.587573
 21
101.783365
 31
0.0
210
0.0
220
1.0
230
0.0
  0
ELLIPSE
  5
11AA
330
70
100
AcDbEntity
  8
Visible
100
AcDbEllipse
 10
160.583673
 20
101.31958
 30
0.0
 11
0.0008574832979784
 21
0.0859662266743153
 31
0.0
210
-0.0000000000000002
220
0.0
230
1.0
 40
0.0766192793919679
 41
0.3182236973691186
 42
0.8232863816818195
  0
SPLINE
  5
11AB
330
70
100
AcDbEntity
  8
Visible
100
AcDbSpline
210
0.0
220
0.0
230
1.0
 70
     8
 71
     3
 72
    14
 73
    10
 74
     0
 42
0.000000001
 43
0.0000000001
 40
0.0
 40
0.0
 40
0.0
 40
0.0
 40
0.0019125186576126
 40
0.0019125186576126
 40
0.0037900867292502
 40
0.0037900867292502
 40
0.00568953029324
 40
0.00568953029324
 40
0.0076203153853041
 40
0.0076203153853041
 40
0.0076203153853041
 40
0.0076203153853041
 10
160.5874061698614
 20
101.4437924500525
 30
0.000000000001819
 10
160.5868505720391
 20
101.4437314247959
 30
0.000000000001819
 10
160.5863016062067
 20
101.4426264704985
 30
0.000000000001819
 10
160.5852619410307
 20
101.4384948352585
 30
0.000000000001819
 10
160.5847773859423
 20
101.43553135232
 30
0.000000000001819
 10
160.5838981782199
 20
101.428017564837
 30
0.000000000001819
 10
160.5835077488045
 20
101.4234761237086
 30
0.000000000001819
 10
160.5828558303183
 20
101.4131398853273
 30
0.000000000001819
 10
160.5825996267467
 20
101.4073740289752
 30
0.000000000001819
 10
160.5824269247077
 20
101.4012507503155
 30
0.000000000001819
  0
SPLINE
  5
11AC
330
70
100
AcDbEntity
  8
Visible
100
AcDbSpline
210
0.0
220
0.0
230
1.0
 70
     8
 71
     3
 72
    14
 73
    10
 74
     0
 42
0.000000001
 43
0.0000000001
 40
0.0
 40
0.0
 40
0.0
 40
0.0
 40
0.0005227913715509
 40
0.0005227913715509
 40
0.0010608912829068
 40
0.0010608912829068
 40
0.0015989910052092
 40
0.0015989910052092
 40
0.0021217816151348
 40
0.0021217816151348
 40
0.0021217816151348
 40
0.0021217816151348
 10
160.5903055013841
 20
101.3633022086635
 30
0.000000000001819
 10
160.5903044242186
 20
101.3615596145853
 30
0.000000000001819
 10
160.5903329217472
 20
101.3598449170222
 30
0.000000000001819
 10
160.5904480946974
 20
101.3565715236262
 30
0.000000000001819
 10
160.5905351276469
 20
101.3550593581687
 30
0.000000000001819
 10
160.5907541197248
 20
101.3525108121975
 30
0.000000000001819
 10
160.590884666004
 20
101.3514908734884
 30
0.000000000001819
 10
160.5911682985188
 20
101.3501231180742
 30
0.000000000001819
 10
160.5913173247481
 20
101.3497718585778
 30
0.000000000001819
 10
160.5914692015976
 20
101.3497594994975
 30
0.000000000001819
  0
SPLINE
  5
11AD
330
70
100
AcDbEntity
  8
Visible
100
AcDbSpline
210
0.0
220
0.0
230
1.0
 70
     8
 71
     3
 72
     8
 73
     4
 74
     0
 42
0.000000001
 43
0.0000000001
 40
26.0
 40
26.0
 40
26.0
 40
26.0
 40
27.0
 40
27.0
 40
27.0
 40
27.0
 10
160.590344916518
 20
101.3659018369795
 30
0.000000000001819
 10
160.5903443802362
 20
101.3650342631865
 30
0.000000000001819
 10
160.5903060376568
 20
101.3641697659075
 30
0.000000000001819
 10
160.5903055013841
 20
101.3633022086635
 30
0.000000000001819
  0
LINE
  5
11AE
330
70
100
AcDbEntity
  8
Visible
100
AcDbLine
 10
160.590357
 20
101.385422
 30
0.0
 11
160.590345
 21
101.365902
 31
0.0
210
0.0
220
1.0
230
0.0
  0
SPLINE
  5
11AF
330
70
100
AcDbEntity
  8
Visible
100
AcDbSpline
210
0.0
220
0.0
230
1.0
 70
     8
 71
     3
 72
    14
 73
    10
 74
     0
 42
0.000000001
 43
0.0000000001
 40
0.0005559860690949
 40
0.0005559860690949
 40
0.0005559860690949
 40
0.0005559860690949
 40
0.0013009927959303
 40
0.0013009927959303
 40
0.0025550605280505
 40
0.0025550605280505
 40
0.0038020041736757
 40
0.0038020041736757
 40
0.0050976510990732
 40
0.0050976510990732
 40
0.0050976510990732
 40
0.0050976510990732
 10
160.5879073517753
 20
101.4164182211115
 30
0.000000000001819
 10
160.5881191522821
 20
101.4160105353867
 30
0.000000000001819
 10
160.5883267297831
 20
101.4153421784721
 30
0.000000000001819
 10
160.5888643426751
 20
101.4128541582282
 30
0.000000000001819
 10
160.5891735041077
 20
101.4105931951907
 30
0.000000000001819
 10
160.5897026253278
 20
101.404910024812
 30
0.000000000001819
 10
160.5899186185888
 20
101.401541553062
 30
0.000000000001819
 10
160.5902377654511
 20
101.3939161426703
 30
0.000000000001819
 10
160.5903321778787
 20
101.3897315003778
 30
0.000000000001819
 10
160.5903569828115
 20
101.3854221728365
 30
0.000000000001819
  0
SPLINE
  5
11B0
330
70
100
AcDbEntity
  8
Visible
100
AcDbSpline
210
0.0
220
0.0
230
1.0
 70
     8
 71
     3
 72
    14
 73
    10
 74
     0
 42
0.000000001
 43
0.0000000001
 40
0.0
 40
0.0
 40
0.0
 40
0.0
 40
0.0012719841855305
 40
0.0012719841855305
 40
0.0025397092804461
 40
0.0025397092804461
 40
0.0037696088811299
 40
0.0037696088811299
 40
0.0044378808844736
 40
0.0044378808844736
 40
0.0044378808844736
 40
0.0044378808844736
 10
160.5899523653897
 20
101.2201746316475
 30
0.000000000001819
 10
160.5897963475636
 20
101.2163311070445
 30
0.000000000001819
 10
160.5895934219807
 20
101.21275324146
 30
0.000000000001819
 10
160.589108738528
 20
101.206372849862
 30
0.000000000001819
 10
160.588828646456
 20
101.2035861906728
 30
0.000000000001819
 10
160.588218319388
 20
101.1990860885828
 30
0.000000000001819
 10
160.5878925193192
 20
101.1973628837666
 30
0.000000000001819
 10
160.5873637036566
 20
101.195563597419
 30
0.000000000001819
 10
160.5871742754407
 20
101.1951002521136
 30
0.000000000001819
 10
160.5869827582628
 20
101.1948072581803
 30
0.000000000001819
  0
ARC
  5
11B1
330
70
100
AcDbEntity
  8
Visible
100
AcDbCircle
 10
-160.833344
 20
101.255027
 30
0.0
 40
0.2459068948440638
210
0.0000000000000002
220
0.0
230
-1.0
100
AcDbArc
 50
351.851053
 51
1.427538
  0
ELLIPSE
  5
11B2
330
70
100
AcDbEntity
  8
Visible
100
AcDbEllipse
 10
160.591287
 20
101.259426
 30
0.0
 11
-0.0001256896413668
 21
0.0440622513233389
 31
0.0
210
-0.0000000000000002
220
0.0
230
0.9999999999999998
 40
0.0862914285791608
 41
0.6835233301902682
 42
1.53133116587085
  0
LINE
  5
11B3
330
70
100
AcDbEntity
  8
Visible
100
AcDbLine
 10
160.586177
 20
101.351925
 30
0.0
 11
160.588788
 21
101.293583
 31
0.0
210
0.0
220
1.0
230
0.0
  0
LINE
  5
11B4
330
70
100
AcDbEntity
  8
Visible
100
AcDbLine
 10
160.588189
 20
101.36521
 30
0.0
 11
160.586177
 21
101.351925
 31
0.0
210
0.0
220
1.0
230
0.0
  0
SPLINE
  5
11B5
330
70
100
AcDbEntity
  8
Visible
100
AcDbSpline
210
0.0
220
0.0
230
1.0
 70
     8
 71
     3
 72
    10
 73
     6
 74
     0
 42
0.000000001
 43
0.0000000001
 40
0.0
 40
0.0
 40
0.0
 40
0.0
 40
0.0027544265423677
 40
0.0027544265423677
 40
0.0055082322465062
 40
0.0055082322465062
 40
0.0055082322465062
 40
0.0055082322465062
 10
160.5822193862277
 20
101.1878345696845
 30
0.000000000001819
 10
160.5827811951349
 20
101.181296439335
 30
0.000000000001819
 10
160.5834508752068
 20
101.1761142485275
 30
0.000000000001819
 10
160.5849257241043
 20
101.169013240718
 30
0.000000000001819
 10
160.5857163223154
 20
101.1671610607035
 30
0.000000000001819
 10
160.5865167668817
 20
101.1670959239915
 30
0.000000000001819
  0
ELLIPSE
  5
11B6
330
70
100
AcDbEntity
  8
Visible
100
AcDbEllipse
 10
160.587475
 20
101.240217
 30
0.0
 11
0.0002680614639241
 21
0.0755850670660156
 31
0.0
210
-0.0000000000000002
220
0.0
230
1.0
 40
0.0930632139614852
 41
1.602217738315864
 42
2.336808544451692
  0
SPLINE
  5
11B7
330
70
100
AcDbEntity
  8
Visible
100
AcDbSpline
210
0.0
220
0.0
230
1.0
 70
     8
 71
     3
 72
     8
 73
     4
 74
     0
 42
0.000000001
 43
0.0000000001
 40
4.0
 40
4.0
 40
4.0
 40
4.0
 40
5.0
 40
5.0
 40
5.0
 40
5.0
 10
160.5805172731361
 20
101.2478384514315
 30
0.000000000001819
 10
160.5804773210002
 20
101.2443712493815
 30
0.000000000001819
 10
160.5804376373598
 20
101.2413378259255
 30
0.000000000001819
 10
160.5804354922438
 20
101.2378675473045
 30
0.000000000001819
  0
SPLINE
  5
11B8
330
70
100
AcDbEntity
  8
Visible
100
AcDbSpline
210
0.0
220
0.0
230
1.0
 70
     8
 71
     3
 72
     8
 73
     4
 74
     0
 42
0.000000001
 43
0.0000000001
 40
3.0
 40
3.0
 40
3.0
 40
3.0
 40
4.0
 40
4.0
 40
4.0
 40
4.0
 10
160.5788655687556
 20
101.2670603690245
 30
0.000000000001819
 10
160.5793146929845
 20
101.2596490978875
 30
0.000000000001819
 10
160.57987804215
 20
101.2535299577675
 30
0.000000000001819
 10
160.5805172731361
 20
101.2478384514315
 30
0.000000000001819
  0
ELLIPSE
  5
11B9
330
70
100
AcDbEntity
  8
Visible
100
AcDbEllipse
 10
160.590485
 20
101.331091
 30
0.0
 11
0.0014196097444215
 21
0.1164950596903323
 31
0.0
210
-0.0000000000000002
220
0.0
230
1.0
 40
0.1114631887329688
 41
1.674106532602901
 42
2.15408942622711
  0
ELLIPSE
  5
11BA
330
70
100
AcDbEntity
  8
Visible
100
AcDbEllipse
 10
160.585728
 20
101.321976
 30
0.0
 11
0.0003088680580597
 21
0.0900652387167058
 31
0.0
210
-0.0000000000000002
220
0.0
230
1.0
 40
0.0921509862041601
 41
0.898787043763626
 42
1.601556622205876
  0
LINE
  5
11BB
330
70
100
AcDbEntity
  8
Visible
100
AcDbLine
 10
160.589013
 20
101.654372
 30
0.0
 11
160.589008
 21
101.646449
 31
0.0
210
0.0
220
1.0
230
0.0
  0
LINE
  5
11BC
330
70
100
AcDbEntity
  8
Visible
100
AcDbLine
 10
160.593928
 20
101.613716
 30
0.0
 11
160.59452
 21
101.613668
 31
0.0
210
0.0
220
1.0
230
0.0
  0
SPLINE
  5
11BD
330
70
100
AcDbEntity
  8
Visible
100
AcDbSpline
210
0.0
220
0.0
230
1.0
 70
     8
 71
     3
 72
     8
 73
     4
 74
     0
 42
0.000000001
 43
0.0000000001
 40
4.0
 40
4.0
 40
4.0
 40
4.0
 40
5.0
 40
5.0
 40
5.0
 40
5.0
 10
160.5940066439379
 20
101.6180459261685
 30
0.000000000001819
 10
160.5940057762145
 20
101.6166422882835
 30
0.000000000001819
 10
160.5939804222689
 20
101.6152094494655
 30
0.000000000001819
 10
160.593927844262
 20
101.6137164389865
 30
0.000000000001819
  0
SPLINE
  5
11BE
330
70
100
AcDbEntity
  8
Visible
100
AcDbSpline
210
0.0
220
0.0
230
1.0
 70
     8
 71
     3
 72
     8
 73
     4
 74
     0
 42
0.000000001
 43
0.0000000001
 40
5.0
 40
5.0
 40
5.0
 40
5.0
 40
6.0
 40
6.0
 40
6.0
 40
6.0
 10
160.5934759275715
 20
101.6259186875895
 30
0.000000000001819
 10
160.5938337070311
 20
101.6241583325695
 30
0.000000000001819
 10
160.5940088033276
 20
101.6215394249045
 30
0.000000000001819
 10
160.5940066439379
 20
101.6180459261685
 30
0.000000000001819
  0
LINE
  5
11BF
330
70
100
AcDbEntity
  8
Visible
100
AcDbLine
 10
160.593257
 20
101.627002
 30
0.0
 11
160.593476
 21
101.625919
 31
0.0
210
0.0
220
1.0
230
0.0
  0
LINE
  5
11C0
330
70
100
AcDbEntity
  8
Visible
100
AcDbLine
 10
160.588993
 20
101.62109
 30
0.0
 11
160.588987
 21
101.612543
 31
0.0
210
0.0
220
1.0
230
0.0
  0
LINE
  5
11C1
330
70
100
AcDbEntity
  8
Visible
100
AcDbLine
 10
160.591854
 20
101.632243
 30
0.0
 11
160.588993
 21
101.62109
 31
0.0
210
0.0
220
1.0
230
0.0
  0
LINE
  5
11C2
330
70
100
AcDbEntity
  8
Visible
100
AcDbLine
 10
160.592167
 20
101.633153
 30
0.0
 11
160.591854
 21
101.632243
 31
0.0
210
0.0
220
1.0
230
0.0
  0
LINE
  5
11C3
330
70
100
AcDbEntity
  8
Visible
100
AcDbLine
 10
160.592167
 20
101.633356
 30
0.0
 11
160.592167
 21
101.633153
 31
0.0
210
0.0
220
1.0
230
0.0
  0
SPLINE
  5
11C4
330
70
100
AcDbEntity
  8
Visible
100
AcDbSpline
210
0.0
220
0.0
230
1.0
 70
     8
 71
     3
 72
     8
 73
     4
 74
     0
 42
0.000000001
 43
0.0000000001
 40
12.0
 40
12.0
 40
12.0
 40
12.0
 40
13.0
 40
13.0
 40
13.0
 40
13.0
 10
160.5918607765652
 20
101.6343164049145
 30
0.000000000001819
 10
160.5919936966038
 20
101.6338376856205
 30
0.000000000001819
 10
160.5920968089922
 20
101.6335173595605
 30
0.000000000001819
 10
160.5921673951689
 20
101.6333556479595
 30
0.000000000001819
  0
LINE
  5
11C5
330
70
100
AcDbEntity
  8
Visible
100
AcDbLine
 10
160.589008
 20
101.646449
 30
0.0
 11
160.591861
 21
101.634316
 31
0.0
210
0.0
220
1.0
230
0.0
  0
LINE
  5
11C6
330
70
100
AcDbEntity
  8
Visible
100
AcDbLine
 10
160.591943
 20
101.578894
 30
0.0
 11
160.592631
 21
101.578838
 31
0.0
210
0.0
220
1.0
230
0.0
  0
SPLINE
  5
11C7
330
70
100
AcDbEntity
  8
Visible
100
AcDbSpline
210
0.0
220
0.0
230
1.0
 70
     8
 71
     3
 72
     8
 73
     4
 74
     0
 42
0.000000001
 43
0.0000000001
 40
0.0
 40
0.0
 40
0.0
 40
0.0
 40
1.0
 40
1.0
 40
1.0
 40
1.0
 10
160.5923181973503
 20
101.5914348795175
 30
0.000000000001819
 10
160.5923154208885
 20
101.5869432382855
 30
0.000000000001819
 10
160.592190502135
 20
101.5827734716845
 30
0.000000000001819
 10
160.5919434218067
 20
101.5788943877615
 30
0.000000000001819
  0
SPLINE
  5
11C8
330
70
100
AcDbEntity
  8
Visible
100
AcDbSpline
210
0.0
220
0.0
230
1.0
 70
     8
 71
     3
 72
     8
 73
     4
 74
     0
 42
0.000000001
 43
0.0000000001
 40
6.0
 40
6.0
 40
6.0
 40
6.0
 40
7.0
 40
7.0
 40
7.0
 40
7.0
 10
160.5891844230846
 20
101.5840630763655
 30
0.000000000001819
 10
160.5893863000601
 20
101.5807869254425
 30
0.000000000001819
 10
160.5896544250336
 20
101.5791274466885
 30
0.000000000001819
 10
160.5899915262052
 20
101.5791000148545
 30
0.000000000001819
  0
SPLINE
  5
11C9
330
70
100
AcDbEntity
  8
Visible
100
AcDbSpline
210
0.0
220
0.0
230
1.0
 70
     8
 71
     3
 72
     8
 73
     4
 74
     0
 42
0.000000001
 43
0.0000000001
 40
7.0
 40
7.0
 40
7.0
 40
7.0
 40
8.0
 40
8.0
 40
8.0
 40
8.0
 10
160.5888901249072
 20
101.5961589180905
 30
0.000000000001819
 10
160.5888871749157
 20
101.5913865492825
 30
0.000000000001819
 10
160.5889852743094
 20
101.5873546020405
 30
0.000000000001819
 10
160.5891844230846
 20
101.5840630763655
 30
0.000000000001819
  0
SPLINE
  5
11CA
330
70
100
AcDbEntity
  8
Visible
100
AcDbSpline
210
0.0
220
0.0
230
1.0
 70
     8
 71
     3
 72
     8
 73
     4
 74
     0
 42
0.000000001
 43
0.0000000001
 40
8.0
 40
8.0
 40
8.0
 40
8.0
 40
9.0
 40
9.0
 40
9.0
 40
9.0
 10
160.5890650574983
 20
101.6064697386165
 30
0.000000000001819
 10
160.5889489114088
 20
101.6032974508385
 30
0.000000000001819
 10
160.5888924193441
 20
101.5998707604975
 30
0.000000000001819
 10
160.5888901249072
 20
101.5961589180905
 30
0.000000000001819
  0
ELLIPSE
  5
11CB
330
70
100
AcDbEntity
  8
Visible
100
AcDbEllipse
 10
160.621801
 20
100.953035
 30
0.0
 11
-0.0300652605703756
 21
0.6553062463443253
 31
0.0
210
-0.0000000000000002
220
0.0
230
1.0
 40
0.0128203430729931
 41
-0.0016376344937976
 42
0.0869118696069167
  0
LINE
  5
11CC
330
70
100
AcDbEntity
  8
Visible
100
AcDbLine
 10
160.589208
 20
101.538004
 30
0.0
 11
160.589855
 21
101.537951
 31
0.0
210
0.0
220
1.0
230
0.0
  0
SPLINE
  5
11CD
330
70
100
AcDbEntity
  8
Visible
100
AcDbSpline
210
0.0
220
0.0
230
1.0
 70
     8
 71
     3
 72
     8
 73
     4
 74
     0
 42
0.000000001
 43
0.0000000001
 40
0.0
 40
0.0
 40
0.0
 40
0.0
 40
1.0
 40
1.0
 40
1.0
 40
1.0
 10
160.588863468949
 20
101.5530360430715
 30
0.000000000001819
 10
160.5888599598092
 20
101.5473591076255
 30
0.000000000001819
 10
160.5889737631987
 20
101.5423432865175
 30
0.000000000001819
 10
160.5892076073141
 20
101.5380039544995
 30
0.000000000001819
  0
SPLINE
  5
11CE
330
70
100
AcDbEntity
  8
Visible
100
AcDbSpline
210
0.0
220
0.0
230
1.0
 70
     8
 71
     3
 72
     8
 73
     4
 74
     0
 42
0.000000001
 43
0.0000000001
 40
1.0
 40
1.0
 40
1.0
 40
1.0
 40
2.0
 40
2.0
 40
2.0
 40
2.0
 10
160.5903140415739
 20
101.5686707303705
 30
0.000000000001819
 10
160.5893516720243
 20
101.5687490438295
 30
0.000000000001819
 10
160.5888699569987
 20
101.5635321352555
 30
0.000000000001819
 10
160.588863468949
 20
101.5530360430715
 30
0.000000000001819
  0
SPLINE
  5
11CF
330
70
100
AcDbEntity
  8
Visible
100
AcDbSpline
210
0.0
220
0.0
230
1.0
 70
     8
 71
     3
 72
     8
 73
     4
 74
     0
 42
0.000000001
 43
0.0000000001
 40
9.0
 40
9.0
 40
9.0
 40
9.0
 40
9.245812883869234
 40
9.245812883869234
 40
9.245812883869234
 40
9.245812883869234
 10
160.5904889158191
 20
101.5480999688565
 30
0.000000000001819
 10
160.5905161863393
 20
101.5457284088929
 30
0.000000000001819
 10
160.5905615418596
 20
101.5436465844987
 30
0.000000000001819
 10
160.5906249823801
 20
101.5418544956738
 30
0.000000000001819
  0
SPLINE
  5
11D0
330
70
100
AcDbEntity
  8
Visible
100
AcDbSpline
210
0.0
220
0.0
230
1.0
 70
     8
 71
     3
 72
     8
 73
     4
 74
     0
 42
0.000000001
 43
0.0000000001
 40
9.452181320552766
 40
9.452181320552766
 40
9.452181320552766
 40
9.452181320552766
 40
10.0
 40
10.0
 40
10.0
 40
10.0
 10
160.5908230038476
 20
101.5379535665349
 30
0.000000000001819
 10
160.5910320610183
 20
101.5350438998594
 30
0.000000000001819
 10
160.5913309402203
 20
101.5335732511102
 30
0.000000000001819
 10
160.5917196414539
 20
101.5335416202875
 30
0.000000000001819
  0
LINE
  5
11D1
330
70
100
AcDbEntity
  8
Visible
100
AcDbLine
 10
160.590416
 20
101.554364
 30
0.0
 11
160.590489
 21
101.5481
 31
0.0
210
0.0
220
1.0
230
0.0
  0
LINE
  5
11D2
330
70
100
AcDbEntity
  8
Visible
100
AcDbLine
 10
160.584427
 20
101.738874
 30
0.0
 11
160.579095
 21
101.716068
 31
0.0
210
0.0
220
1.0
230
0.0
  0
LINE
  5
11D3
330
70
100
AcDbEntity
  8
Visible
100
AcDbLine
 10
160.57909
 20
101.707647
 30
0.0
 11
160.584393
 21
101.683976
 31
0.0
210
0.0
220
1.0
230
0.0
  0
LINE
  5
11D4
330
70
100
AcDbEntity
  8
Visible
100
AcDbLine
 10
160.579095
 20
101.716068
 30
0.0
 11
160.57909
 21
101.707647
 31
0.0
210
0.0
220
1.0
230
0.0
  0
LINE
  5
11D5
330
70
100
AcDbEntity
  8
Visible
100
AcDbLine
 10
160.579043
 20
101.631351
 30
0.0
 11
160.584361
 21
101.630918
 31
0.0
210
0.0
220
1.0
230
0.0
  0
LINE
  5
11D6
330
70
100
AcDbEntity
  8
Visible
100
AcDbLine
 10
160.579054
 20
101.648756
 30
0.0
 11
160.579043
 21
101.631351
 31
0.0
210
0.0
220
1.0
230
0.0
  0
SPLINE
  5
11D7
330
70
100
AcDbEntity
  8
Visible
100
AcDbSpline
210
0.0
220
0.0
230
1.0
 70
     8
 71
     3
 72
     8
 73
     4
 74
     0
 42
0.000000001
 43
0.0000000001
 40
2.0
 40
2.0
 40
2.0
 40
2.0
 40
3.0
 40
3.0
 40
3.0
 40
3.0
 10
160.5797721408944
 20
101.6717653529495
 30
0.000000000001819
 10
160.5792980415972
 20
101.6656744060175
 30
0.000000000001819
 10
160.5790594928621
 20
101.6580046149065
 30
0.000000000001819
 10
160.5790537761295
 20
101.6487562008435
 30
0.000000000001819
  0
SPLINE
  5
11D8
330
70
100
AcDbEntity
  8
Visible
100
AcDbSpline
210
0.0
220
0.0
230
1.0
 70
     8
 71
     3
 72
     8
 73
     4
 74
     0
 42
0.000000001
 43
0.0000000001
 40
3.0
 40
3.0
 40
3.0
 40
3.0
 40
4.0
 40
4.0
 40
4.0
 40
4.0
 10
160.5816645079176
 20
101.6808134493065
 30
0.000000000001819
 10
160.5808761260687
 20
101.6808776044005
 30
0.000000000001819
 10
160.5802462400333
 20
101.6778562998815
 30
0.000000000001819
 10
160.5797721408944
 20
101.6717653529495
 30
0.000000000001819
  0
LINE
  5
11D9
330
70
100
AcDbEntity
  8
Visible
100
AcDbLine
 10
160.579016
 20
101.587012
 30
0.0
 11
160.584333
 21
101.586579
 31
0.0
210
0.0
220
1.0
230
0.0
  0
LINE
  5
11DA
330
70
100
AcDbEntity
  8
Visible
100
AcDbLine
 10
160.579035
 20
101.618438
 30
0.0
 11
160.579016
 21
101.587012
 31
0.0
210
0.0
220
1.0
230
0.0
  0
LINE
  5
11DB
330
70
100
AcDbEntity
  8
Visible
100
AcDbLine
 10
160.581347
 20
101.616518
 30
0.0
 11
160.581334
 21
101.59478
 31
0.0
210
0.0
220
1.0
230
0.0
  0
LINE
  5
11DC
330
70
100
AcDbEntity
  8
Visible
100
AcDbLine
 10
160.583747
 20
101.619442
 30
0.0
 11
160.583732
 21
101.594585
 31
0.0
210
0.0
220
1.0
230
0.0
  0
SPLINE
  5
11DD
330
70
100
AcDbEntity
  8
Visible
100
AcDbSpline
210
0.0
220
0.0
230
1.0
 70
     8
 71
     3
 72
     8
 73
     4
 74
     0
 42
0.000000001
 43
0.0000000001
 40
3.0
 40
3.0
 40
3.0
 40
3.0
 40
4.0
 40
4.0
 40
4.0
 40
4.0
 10
160.579678502967
 20
101.5378747796035
 30
0.000000000001819
 10
160.5801968316064
 20
101.5319526213665
 30
0.000000000001819
 10
160.5808828143254
 20
101.5289646079955
 30
0.000000000001819
 10
160.5817391600412
 20
101.5288949222895
 30
0.000000000001819
  0
SPLINE
  5
11DE
330
70
100
AcDbEntity
  8
Visible
100
AcDbSpline
210
0.0
220
0.0
230
1.0
 70
     8
 71
     3
 72
     8
 73
     4
 74
     0
 42
0.000000001
 43
0.0000000001
 40
4.0
 40
4.0
 40
4.0
 40
4.0
 40
5.0
 40
5.0
 40
5.0
 40
5.0
 10
160.5789094116971
 20
101.5603499104775
 30
0.000000000001819
 10
160.5789038105722
 20
101.5512886481315
 30
0.000000000001819
 10
160.5791601743276
 20
101.5437969378405
 30
0.000000000001819
 10
160.579678502967
 20
101.5378747796035
 30
0.000000000001819
  0
ELLIPSE
  5
11DF
330
70
100
AcDbEntity
  8
Visible
100
AcDbEllipse
 10
160.604437
 20
101.215551
 30
0.0
 11
-0.023784137414862
 21
0.369838618096382
 31
0.0
210
-0.0000000000000002
220
0.0
230
1.0
 40
0.0250707172586164
 41
0.2383939918093454
 42
0.3684824260318948
  0
SPLINE
  5
11E0
330
70
100
AcDbEntity
  8
Visible
100
AcDbSpline
210
0.0
220
0.0
230
1.0
 70
     8
 71
     3
 72
     8
 73
     4
 74
     0
 42
0.000000001
 43
0.0000000001
 40
10.0
 40
10.0
 40
10.0
 40
10.0
 40
10.71352826919385
 40
10.71352826919385
 40
10.71352826919385
 40
10.71352826919385
 10
160.5832241483531
 20
101.5430295199265
 30
0.000000000001819
 10
160.5829546994246
 20
101.5402024916636
 30
0.000000000001819
 10
160.5826194429428
 20
101.5383972234463
 30
0.000000000001819
 10
160.5822183789078
 20
101.5376137152739
 30
0.000000000001819
  0
ELLIPSE
  5
11E1
330
70
100
AcDbEntity
  8
Visible
100
AcDbEllipse
 10
160.431843
 20
102.560393
 30
0.0
 11
-0.148362805221158
 21
1.026795935326345
 31
0.0
210
0.0000000000000002
220
0.0
230
-1.0
 40
0.0319677590795488
 41
2.924773567590854
 42
3.010482854863234
  0
ELLIPSE
  5
11E2
330
70
100
AcDbEntity
  8
Visible
100
AcDbEllipse
 10
160.535098
 20
101.255748
 30
0.0
 11
0.0439168063173347
 21
0.337498822653885
 31
0.0
210
0.0000000000000002
220
0.0
230
-0.9999999999999998
 40
0.0623379926486008
 41
0.327398017942808
 42
0.448649419681193
  0
LINE
  5
11E3
330
70
100
AcDbEntity
  8
Visible
100
AcDbLine
 10
159.425703
 20
100.556403
 30
0.0
 11
159.825893
 21
100.556403
 31
0.0
210
0.0
220
1.0
230
0.0
  0
LINE
  5
11E4
330
70
100
AcDbEntity
  8
Visible
100
AcDbLine
 10
160.175893
 20
100.556403
 30
0.0
 11
160.576084
 21
100.556403
 31
0.0
210
0.0
220
1.0
230
0.0
  0
LINE
  5
11E5
330
70
100
AcDbEntity
  8
Visible
100
AcDbLine
 10
160.576084
 20
102.256403
 30
0.0
 11
160.175893
 21
102.256403
 31
0.0
210
0.0
220
1.0
230
0.0
  0
LINE
  5
11E6
330
70
100
AcDbEntity
  8
Visible
100
AcDbLine
 10
159.491701
 20
101.847888
 30
0.0
 11
160.510086
 21
101.847888
 31
0.0
210
0.0
220
1.0
230
0.0
  0
LINE
  5
11E7
330
70
100
AcDbEntity
  8
Visible
100
AcDbLine
 10
159.375893
 20
102.206593
 30
0.0
 11
159.375893
 21
100.606212
 31
0.0
210
0.0
220
1.0
230
0.0
  0
LINE
  5
11E8
330
70
100
AcDbEntity
  8
Visible
100
AcDbLine
 10
159.825893
 20
102.256403
 30
0.0
 11
159.425703
 21
102.256403
 31
0.0
210
0.0
220
1.0
230
0.0
  0
LINE
  5
11E9
330
70
100
AcDbEntity
  8
Visible
100
AcDbLine
 10
159.825893
 20
100.556403
 30
0.0
 11
160.175893
 21
100.556403
 31
0.0
210
0.0
220
1.0
230
0.0
  0
LINE
  5
11EA
330
70
100
AcDbEntity
  8
Visible
100
AcDbLine
 10
160.175893
 20
102.256403
 30
0.0
 11
159.825893
 21
102.256403
 31
0.0
210
0.0
220
1.0
230
0.0
  0
LINE
  5
11EB
330
70
100
AcDbEntity
  8
Visible
100
AcDbLine
 10
160.510086
 20
101.963923
 30
0.0
 11
159.491701
 21
101.963923
 31
0.0
210
0.0
220
1.0
230
0.0
  0
LINE
  5
11EC
330
70
100
AcDbEntity
  8
Visible
100
AcDbLine
 10
159.491701
 20
101.847888
 30
0.0
 11
159.481751
 21
101.847888
 31
0.0
210
0.0
220
1.0
230
0.0
  0
LINE
  5
11ED
330
70
100
AcDbEntity
  8
Visible
100
AcDbLine
 10
159.481751
 20
101.847888
 30
0.0
 11
159.481751
 21
101.963923
 31
0.0
210
0.0
220
1.0
230
0.0
  0
LINE
  5
11EE
330
70
100
AcDbEntity
  8
Visible
100
AcDbLine
 10
159.481751
 20
101.963923
 30
0.0
 11
159.491701
 21
101.963923
 31
0.0
210
0.0
220
1.0
230
0.0
  0
ELLIPSE
  5
11EF
330
70
100
AcDbEntity
  8
Visible
100
AcDbEllipse
 10
159.426084
 20
100.606594
 30
0.0
 11
0.0356249303947465
 21
0.0356249303947465
 31
0.0
210
0.0000000000000002
220
0.0
230
-0.9999999999999998
 40
0.9924325091155969
 41
2.359992588444384
 42
3.923192718721534
  0
LINE
  5
11F0
330
70
100
AcDbEntity
  8
Visible
100
AcDbLine
 10
160.520036
 20
101.847888
 30
0.0
 11
160.510086
 21
101.847888
 31
0.0
210
0.0
220
1.0
230
0.0
  0
LINE
  5
11F1
330
70
100
AcDbEntity
  8
Visible
100
AcDbLine
 10
160.510086
 20
101.963923
 30
0.0
 11
160.520036
 21
101.963923
 31
0.0
210
0.0
220
1.0
230
0.0
  0
LINE
  5
11F2
330
70
100
AcDbEntity
  8
Visible
100
AcDbLine
 10
160.520036
 20
101.963923
 30
0.0
 11
160.520036
 21
101.847888
 31
0.0
210
0.0
220
1.0
230
0.0
  0
ELLIPSE
  5
11F3
330
70
100
AcDbEntity
  8
Visible
100
AcDbEllipse
 10
159.426084
 20
102.206212
 30
0.0
 11
-0.0356249303947465
 21
0.0356249303947465
 31
0.0
210
0.0000000000000002
220
0.0
230
-0.9999999999999998
 40
0.9924325091155971
 41
5.501585242041898
 42
7.064785372324993
  0
ELLIPSE
  5
11F4
330
70
100
AcDbEntity
  8
Visible
100
AcDbEllipse
 10
160.575702
 20
100.606594
 30
0.0
 11
-0.0356249303947465
 21
0.0356249303947465
 31
0.0
210
0.0000000000000002
220
0.0
230
-0.9999999999999998
 40
0.9924325091155971
 41
2.359992588452955
 42
3.923192718735199
  0
ELLIPSE
  5
11F5
330
70
100
AcDbEntity
  8
Visible
100
AcDbEllipse
 10
160.575702
 20
102.206212
 30
0.0
 11
0.0356249303947465
 21
0.0356249303947465
 31
0.0
210
0.0000000000000002
220
0.0
230
-0.9999999999999998
 40
0.9924325091155973
 41
-0.7816000651454072
 42
0.7816000651425004
  0
LINE
  5
11F6
330
70
100
AcDbEntity
  8
Visible
100
AcDbLine
 10
159.825893
 20
102.256403
 30
0.0
 11
159.825893
 21
102.681403
 31
0.0
210
0.0
220
1.0
230
0.0
  0
LINE
  5
11F7
330
70
100
AcDbEntity
  8
Visible
100
AcDbLine
 10
160.175893
 20
102.681403
 30
0.0
 11
160.175893
 21
102.256403
 31
0.0
210
0.0
220
1.0
230
0.0
  0
LINE
  5
11F8
330
70
100
AcDbEntity
  8
Visible
100
AcDbLine
 10
159.825893
 20
102.681403
 30
0.0
 11
160.175893
 21
102.681403
 31
0.0
210
0.0
220
1.0
230
0.0
  0
LINE
  5
11F9
330
70
100
AcDbEntity
  8
Visible
100
AcDbLine
 10
160.175893
 20
100.131403
 30
0.0
 11
160.175893
 21
100.556403
 31
0.0
210
0.0
220
1.0
230
0.0
  0
LINE
  5
11FA
330
70
100
AcDbEntity
  8
Visible
100
AcDbLine
 10
159.825893
 20
100.556403
 30
0.0
 11
159.825893
 21
100.131403
 31
0.0
210
0.0
220
1.0
230
0.0
  0
LINE
  5
11FB
330
70
100
AcDbEntity
  8
Visible
100
AcDbLine
 10
159.825893
 20
100.131403
 30
0.0
 11
160.175893
 21
100.131403
 31
0.0
210
0.0
220
1.0
230
0.0
  0
LINE
  5
11FC
330
70
100
AcDbEntity
  8
Visible
100
AcDbLine
 10
160.584686
 20
101.526241
 30
0.0
 11
160.58369
 21
101.526241
 31
0.0
210
0.0
220
1.0
230
0.0
  0
LINE
  5
11FD
330
70
100
AcDbEntity
  8
Visible
100
AcDbLine
 10
160.585292
 20
101.526191
 30
0.0
 11
160.584686
 21
101.526241
 31
0.0
210
0.0
220
1.0
230
0.0
  0
LINE
  5
11FE
330
70
100
AcDbEntity
  8
Visible
100
AcDbLine
 10
160.584686
 20
101.526241
 30
0.0
 11
160.584671
 21
101.501942
 31
0.0
210
0.0
220
1.0
230
0.0
  0
LINE
  5
11FF
330
70
100
AcDbEntity
  8
Visible
100
AcDbLine
 10
160.579959
 20
101.502326
 30
0.0
 11
160.578963
 21
101.502326
 31
0.0
210
0.0
220
1.0
230
0.0
  0
LINE
  5
1200
330
70
100
AcDbEntity
  8
Visible
100
AcDbLine
 10
160.584671
 20
101.501942
 30
0.0
 11
160.579959
 21
101.502326
 31
0.0
210
0.0
220
1.0
230
0.0
  0
LINE
  5
1201
330
70
100
AcDbEntity
  8
Visible
100
AcDbLine
 10
160.579955
 20
101.49445
 30
0.0
 11
160.578958
 21
101.49445
 31
0.0
210
0.0
220
1.0
230
0.0
  0
LINE
  5
1202
330
70
100
AcDbEntity
  8
Visible
100
AcDbLine
 10
160.579959
 20
101.502326
 30
0.0
 11
160.579955
 21
101.49445
 31
0.0
210
0.0
220
1.0
230
0.0
  0
LINE
  5
1203
330
70
100
AcDbEntity
  8
Visible
100
AcDbLine
 10
160.585272
 20
101.494017
 30
0.0
 11
160.584276
 21
101.494017
 31
0.0
210
0.0
220
1.0
230
0.0
  0
LINE
  5
1204
330
70
100
AcDbEntity
  8
Visible
100
AcDbLine
 10
160.579955
 20
101.49445
 30
0.0
 11
160.585272
 21
101.494017
 31
0.0
210
0.0
220
1.0
230
0.0
  0
LINE
  5
1205
330
70
100
AcDbEntity
  8
Visible
100
AcDbLine
 10
160.585272
 20
101.494017
 30
0.0
 11
160.585292
 21
101.526191
 31
0.0
210
0.0
220
1.0
230
0.0
  0
SPLINE
  5
1206
330
70
100
AcDbEntity
  8
Visible
100
AcDbSpline
210
0.0
220
0.0
230
1.0
 70
     8
 71
     3
 72
     8
 73
     4
 74
     0
 42
0.000000001
 43
0.0000000001
 40
0.0
 40
0.0
 40
0.0
 40
0.0
 40
1.0
 40
1.0
 40
1.0
 40
1.0
 10
160.5854010264138
 20
101.5574696222805
 30
0.000000000001819
 10
160.5854052103877
 20
101.5642382760815
 30
0.000000000001819
 10
160.5853053854062
 20
101.5698768301265
 30
0.000000000001819
 10
160.5851015514727
 20
101.5743852844175
 30
0.000000000001819
  0
LINE
  5
1207
330
70
100
AcDbEntity
  8
Visible
100
AcDbLine
 10
160.584444
 20
101.574439
 30
0.0
 11
160.583447
 21
101.574439
 31
0.0
210
0.0
220
1.0
230
0.0
  0
LINE
  5
1208
330
70
100
AcDbEntity
  8
Visible
100
AcDbLine
 10
160.585102
 20
101.574385
 30
0.0
 11
160.584444
 21
101.574439
 31
0.0
210
0.0
220
1.0
230
0.0
  0
ELLIPSE
  5
1209
330
70
100
AcDbEntity
  8
Visible
100
AcDbEllipse
 10
160.536094
 20
101.255748
 30
0.0
 11
0.0439168063406386
 21
0.3374988223738962
 31
0.0
210
0.0000000000000002
220
0.0
230
-1.0
 40
0.0623379924939524
 41
0.3273980161177941
 42
0.4486494184090333
  0
ELLIPSE
  5
120A
330
70
100
AcDbEntity
  8
Visible
100
AcDbEllipse
 10
160.43284
 20
102.560393
 30
0.0
 11
-0.1483628150073197
 21
1.026796000722791
 31
0.0
210
0.0000000000000002
220
0.0
230
-0.9999999999999996
 40
0.0319677579209551
 41
2.924773575232647
 42
3.010482860200863
  0
SPLINE
  5
120B
330
70
100
AcDbEntity
  8
Visible
100
AcDbSpline
210
0.0
220
0.0
230
1.0
 70
     8
 71
     3
 72
     8
 73
     4
 74
     0
 42
0.000000001
 43
0.0000000001
 40
10.0
 40
10.0
 40
10.0
 40
10.0
 40
11.0
 40
11.0
 40
11.0
 40
11.0
 10
160.5842203430511
 20
101.5430295199265
 30
0.000000000001819
 10
160.5838427141043
 20
101.5390674789185
 30
0.000000000001819
 10
160.5833358283653
 20
101.5371123416775
 30
0.000000000001819
 10
160.5826996858322
 20
101.5371641082015
 30
0.000000000001819
  0
SPLINE
  5
120C
330
70
100
AcDbEntity
  8
Visible
100
AcDbSpline
210
0.0
220
0.0
230
1.0
 70
     8
 71
     3
 72
     8
 73
     4
 74
     0
 42
0.000000001
 43
0.0000000001
 40
9.0
 40
9.0
 40
9.0
 40
9.0
 40
10.0
 40
10.0
 40
10.0
 40
10.0
 10
160.5826996858322
 20
101.5371641082015
 30
0.000000000001819
 10
160.5820309206047
 20
101.5372185294195
 30
0.000000000001819
 10
160.5814994040192
 20
101.5393985381935
 30
0.000000000001819
 10
160.5811051360688
 20
101.5437041345265
 30
0.000000000001819
  0
SPLINE
  5
120D
330
70
100
AcDbEntity
  8
Visible
100
AcDbSpline
210
0.0
220
0.0
230
1.0
 70
     8
 71
     3
 72
     8
 73
     4
 74
     0
 42
0.000000001
 43
0.0000000001
 40
8.0
 40
8.0
 40
8.0
 40
8.0
 40
9.0
 40
9.0
 40
9.0
 40
9.0
 10
160.5811051360688
 20
101.5437041345265
 30
0.000000000001819
 10
160.5807135963186
 20
101.5480251056105
 30
0.000000000001819
 10
160.5805212825289
 20
101.5535776054295
 30
0.000000000001819
 10
160.5805254857841
 20
101.5603774511825
 30
0.000000000001819
  0
SPLINE
  5
120E
330
70
100
AcDbEntity
  8
Visible
100
AcDbSpline
210
0.0
220
0.0
230
1.0
 70
     8
 71
     3
 72
     8
 73
     4
 74
     0
 42
0.000000001
 43
0.0000000001
 40
7.0
 40
7.0
 40
7.0
 40
7.0
 40
8.0
 40
8.0
 40
8.0
 40
8.0
 10
160.5805254857841
 20
101.5603774511825
 30
0.000000000001819
 10
160.5805287153489
 20
101.5656021033095
 30
0.000000000001819
 10
160.5806349801769
 20
101.5703816615655
 30
0.000000000001819
 10
160.5808497270245
 20
101.5747312794775
 30
0.000000000001819
  0
LINE
  5
120F
330
70
100
AcDbEntity
  8
Visible
100
AcDbLine
 10
160.580132
 20
101.57479
 30
0.0
 11
160.579136
 21
101.57479
 31
0.0
210
0.0
220
1.0
230
0.0
  0
LINE
  5
1210
330
70
100
AcDbEntity
  8
Visible
100
AcDbLine
 10
160.58085
 20
101.574731
 30
0.0
 11
160.580132
 21
101.57479
 31
0.0
210
0.0
220
1.0
230
0.0
  0
ELLIPSE
  5
1211
330
70
100
AcDbEntity
  8
Visible
100
AcDbEllipse
 10
160.605433
 20
101.215551
 30
0.0
 11
-0.0237841374003753
 21
0.3698386178959012
 31
0.0
210
-0.0000000000000002
220
0.0
230
0.9999999999999998
 40
0.0250707172643561
 41
0.2383939918714542
 42
0.3684824261311326
  0
SPLINE
  5
1212
330
70
100
AcDbEntity
  8
Visible
100
AcDbSpline
210
0.0
220
0.0
230
1.0
 70
     8
 71
     3
 72
     8
 73
     4
 74
     0
 42
0.000000001
 43
0.0000000001
 40
4.0
 40
4.0
 40
4.0
 40
4.0
 40
5.0
 40
5.0
 40
5.0
 40
5.0
 10
160.5799056063952
 20
101.5603499104775
 30
0.000000000001819
 10
160.5799000052702
 20
101.5512886481315
 30
0.000000000001819
 10
160.5801563690256
 20
101.5437969378405
 30
0.000000000001819
 10
160.580674697665
 20
101.5378747796035
 30
0.000000000001819
  0
SPLINE
  5
1213
330
70
100
AcDbEntity
  8
Visible
100
AcDbSpline
210
0.0
220
0.0
230
1.0
 70
     8
 71
     3
 72
     8
 73
     4
 74
     0
 42
0.000000001
 43
0.0000000001
 40
3.0
 40
3.0
 40
3.0
 40
3.0
 40
4.0
 40
4.0
 40
4.0
 40
4.0
 10
160.580674697665
 20
101.5378747796035
 30
0.000000000001819
 10
160.5811930263044
 20
101.5319526213665
 30
0.000000000001819
 10
160.5818790090234
 20
101.5289646079955
 30
0.000000000001819
 10
160.5827353547392
 20
101.5288949222895
 30
0.000000000001819
  0
ELLIPSE
  5
1214
330
70
100
AcDbEntity
  8
Visible
100
AcDbEllipse
 10
160.426544
 20
104.180802
 30
0.0
 11
-0.1562422948838903
 21
2.651907412260074
 31
0.0
210
-0.0000000000000002
220
0.0
230
1.0
 40
0.0116135060284358
 41
3.139955537802338
 42
3.217002496051796
  0
SPLINE
  5
1215
330
70
100
AcDbEntity
  8
Visible
100
AcDbSpline
210
0.0
220
0.0
230
1.0
 70
     8
 71
     3
 72
     8
 73
     4
 74
     0
 42
0.000000001
 43
0.0000000001
 40
1.0
 40
1.0
 40
1.0
 40
1.0
 40
2.0
 40
2.0
 40
2.0
 40
2.0
 10
160.5846622146527
 20
101.5365676967975
 30
0.000000000001819
 10
160.5851493475111
 20
101.5417529709705
 30
0.000000000001819
 10
160.5853956180981
 20
101.5487202794645
 30
0.000000000001819
 10
160.5854010264138
 20
101.5574696222805
 30
0.000000000001819
  0
LINE
  5
1216
330
70
100
AcDbEntity
  8
Visible
100
AcDbLine
 10
160.584743
 20
101.619442
 30
0.0
 11
160.583747
 21
101.619442
 31
0.0
210
0.0
220
1.0
230
0.0
  0
LINE
  5
1217
330
70
100
AcDbEntity
  8
Visible
100
AcDbLine
 10
160.58535
 20
101.619393
 30
0.0
 11
160.584743
 21
101.619442
 31
0.0
210
0.0
220
1.0
230
0.0
  0
LINE
  5
1218
330
70
100
AcDbEntity
  8
Visible
100
AcDbLine
 10
160.584743
 20
101.619442
 30
0.0
 11
160.584728
 21
101.594504
 31
0.0
210
0.0
220
1.0
230
0.0
  0
LINE
  5
1219
330
70
100
AcDbEntity
  8
Visible
100
AcDbLine
 10
160.584728
 20
101.594504
 30
0.0
 11
160.582939
 21
101.59465
 31
0.0
210
0.0
220
1.0
230
0.0
  0
LINE
  5
121A
330
70
100
AcDbEntity
  8
Visible
100
AcDbLine
 10
160.582939
 20
101.59465
 30
0.0
 11
160.582953
 21
101.616469
 31
0.0
210
0.0
220
1.0
230
0.0
  0
LINE
  5
121B
330
70
100
AcDbEntity
  8
Visible
100
AcDbLine
 10
160.582344
 20
101.616518
 30
0.0
 11
160.581347
 21
101.616518
 31
0.0
210
0.0
220
1.0
230
0.0
  0
LINE
  5
121C
330
70
100
AcDbEntity
  8
Visible
100
AcDbLine
 10
160.582953
 20
101.616469
 30
0.0
 11
160.582344
 21
101.616518
 31
0.0
210
0.0
220
1.0
230
0.0
  0
LINE
  5
121D
330
70
100
AcDbEntity
  8
Visible
100
AcDbLine
 10
160.582344
 20
101.616518
 30
0.0
 11
160.58233
 21
101.594699
 31
0.0
210
0.0
220
1.0
230
0.0
  0
LINE
  5
121E
330
70
100
AcDbEntity
  8
Visible
100
AcDbLine
 10
160.58233
 20
101.594699
 30
0.0
 11
160.580628
 21
101.594838
 31
0.0
210
0.0
220
1.0
230
0.0
  0
LINE
  5
121F
330
70
100
AcDbEntity
  8
Visible
100
AcDbLine
 10
160.580628
 20
101.594838
 30
0.0
 11
160.580643
 21
101.618388
 31
0.0
210
0.0
220
1.0
230
0.0
  0
LINE
  5
1220
330
70
100
AcDbEntity
  8
Visible
100
AcDbLine
 10
160.580031
 20
101.618438
 30
0.0
 11
160.579035
 21
101.618438
 31
0.0
210
0.0
220
1.0
230
0.0
  0
LINE
  5
1221
330
70
100
AcDbEntity
  8
Visible
100
AcDbLine
 10
160.580643
 20
101.618388
 30
0.0
 11
160.580031
 21
101.618438
 31
0.0
210
0.0
220
1.0
230
0.0
  0
LINE
  5
1222
330
70
100
AcDbEntity
  8
Visible
100
AcDbLine
 10
160.580012
 20
101.587012
 30
0.0
 11
160.579016
 21
101.587012
 31
0.0
210
0.0
220
1.0
230
0.0
  0
LINE
  5
1223
330
70
100
AcDbEntity
  8
Visible
100
AcDbLine
 10
160.580031
 20
101.618438
 30
0.0
 11
160.580012
 21
101.587012
 31
0.0
210
0.0
220
1.0
230
0.0
  0
LINE
  5
1224
330
70
100
AcDbEntity
  8
Visible
100
AcDbLine
 10
160.585329
 20
101.586579
 30
0.0
 11
160.584333
 21
101.586579
 31
0.0
210
0.0
220
1.0
230
0.0
  0
LINE
  5
1225
330
70
100
AcDbEntity
  8
Visible
100
AcDbLine
 10
160.580012
 20
101.587012
 30
0.0
 11
160.585329
 21
101.586579
 31
0.0
210
0.0
220
1.0
230
0.0
  0
LINE
  5
1226
330
70
100
AcDbEntity
  8
Visible
100
AcDbLine
 10
160.585329
 20
101.586579
 30
0.0
 11
160.58535
 21
101.619393
 31
0.0
210
0.0
220
1.0
230
0.0
  0
LINE
  5
1227
330
70
100
AcDbEntity
  8
Visible
100
AcDbLine
 10
160.585357
 20
101.630918
 30
0.0
 11
160.585367
 21
101.6477
 31
0.0
210
0.0
220
1.0
230
0.0
  0
ELLIPSE
  5
1228
330
70
100
AcDbEntity
  8
Visible
100
AcDbEllipse
 10
160.119472
 20
98.377069
 30
0.0
 11
0.460549339901551
 21
3.310445214391242
 31
0.0000000000000001
210
-0.0000000000000002
220
0.0
230
0.9999999999999998
 40
0.0212593786113078
 41
-0.1523193437732284
 42
-0.0956395072980887
  0
ELLIPSE
  5
1229
330
70
100
AcDbEntity
  8
Visible
100
AcDbEllipse
 10
160.214973
 20
94.83524
 30
0.0
 11
0.3676784414848185
 21
6.845573992129837
 31
0.0000000000000001
210
-0.0000000000000002
220
0.0
230
0.9999999999999998
 40
0.0069817028358921
 41
-0.0519356792241439
 42
-0.0001923067737537
  0
SPLINE
  5
122A
330
70
100
AcDbEntity
  8
Visible
100
AcDbSpline
210
0.0
220
0.0
230
1.0
 70
     8
 71
     3
 72
     8
 73
     4
 74
     0
 42
0.000000001
 43
0.0000000001
 40
3.0
 40
3.0
 40
3.0
 40
3.0
 40
4.0
 40
4.0
 40
4.0
 40
4.0
 10
160.5826607025374
 20
101.6808134493065
 30
0.000000000001819
 10
160.5818723207667
 20
101.6808776044005
 30
0.000000000001819
 10
160.5812424347314
 20
101.6778562998815
 30
0.000000000001819
 10
160.5807683355142
 20
101.6717653529495
 30
0.000000000001819
  0
SPLINE
  5
122B
330
70
100
AcDbEntity
  8
Visible
100
AcDbSpline
210
0.0
220
0.0
230
1.0
 70
     8
 71
     3
 72
     8
 73
     4
 74
     0
 42
0.000000001
 43
0.0000000001
 40
2.0
 40
2.0
 40
2.0
 40
2.0
 40
3.0
 40
3.0
 40
3.0
 40
3.0
 10
160.5807683355142
 20
101.6717653529495
 30
0.000000000001819
 10
160.5802942362952
 20
101.6656744060175
 30
0.000000000001819
 10
160.5800556875601
 20
101.6580046149065
 30
0.000000000001819
 10
160.5800499707493
 20
101.6487562008435
 30
0.000000000001819
  0
LINE
  5
122C
330
70
100
AcDbEntity
  8
Visible
100
AcDbLine
 10
160.58005
 20
101.648756
 30
0.0
 11
160.580039
 21
101.631351
 31
0.0
210
0.0
220
1.0
230
0.0
  0
LINE
  5
122D
330
70
100
AcDbEntity
  8
Visible
100
AcDbLine
 10
160.580039
 20
101.631351
 30
0.0
 11
160.585357
 21
101.630918
 31
0.0
210
0.0
220
1.0
230
0.0
  0
LINE
  5
122E
330
70
100
AcDbEntity
  8
Visible
100
AcDbLine
 10
160.580656
 20
101.639177
 30
0.0
 11
160.584755
 21
101.638844
 31
0.0
210
0.0
220
1.0
230
0.0
  0
LINE
  5
122F
330
70
100
AcDbEntity
  8
Visible
100
AcDbLine
 10
160.580661
 20
101.648395
 30
0.0
 11
160.580656
 21
101.639177
 31
0.0
210
0.0
220
1.0
230
0.0
  0
ELLIPSE
  5
1230
330
70
100
AcDbEntity
  8
Visible
100
AcDbEllipse
 10
160.923742
 20
98.692137
 30
0.0
 11
-0.339939458253528
 21
2.983992378891705
 31
-0.0000000000000001
210
-0.0000000000000002
220
0.0
230
1.0
 40
0.0155224121237907
 41
0.0808257670659689
 42
0.1346905561911331
  0
ELLIPSE
  5
1231
330
70
100
AcDbEntity
  8
Visible
100
AcDbEllipse
 10
160.671715
 20
100.437432
 30
0.0
 11
-0.0890851298246636
 21
1.235098888975803
 31
0.0
210
-0.0000000000000002
220
0.0
230
1.0
 40
0.0152634282807904
 41
-0.0023567972719012
 42
0.102087563659971
  0
ELLIPSE
  5
1232
330
70
100
AcDbEntity
  8
Visible
100
AcDbEllipse
 10
160.446941
 20
99.70789
 30
0.0
 11
0.1357301586617162
 21
1.9646404108312
 31
0.0
210
-0.0000000000000002
220
0.0
230
1.0
 40
0.0124937659969625
 41
-0.0814134490987924
 42
-0.0001527085689521
  0
ELLIPSE
  5
1233
330
70
100
AcDbEntity
  8
Visible
100
AcDbEllipse
 10
160.376581
 20
99.760966
 30
0.0
 11
0.2053883781284026
 21
1.913289011478977
 31
0.0
210
-0.0000000000000002
220
0.0
230
1.0
 40
0.0177599682378449
 41
-0.1649005374071242
 42
-0.0916842814158303
  0
LINE
  5
1234
330
70
100
AcDbEntity
  8
Visible
100
AcDbLine
 10
160.584755
 20
101.638844
 30
0.0
 11
160.584761
 21
101.647702
 31
0.0
210
0.0
220
1.0
230
0.0
  0
LINE
  5
1235
330
70
100
AcDbEntity
  8
Visible
100
AcDbLine
 10
160.585357
 20
101.630918
 30
0.0
 11
160.584361
 21
101.630918
 31
0.0
210
0.0
220
1.0
230
0.0
  0
LINE
  5
1236
330
70
100
AcDbEntity
  8
Visible
100
AcDbLine
 10
160.582661
 20
101.680813
 30
0.0
 11
160.581665
 21
101.680813
 31
0.0
210
0.0
220
1.0
230
0.0
  0
LINE
  5
1237
330
70
100
AcDbEntity
  8
Visible
100
AcDbLine
 10
160.580039
 20
101.631351
 30
0.0
 11
160.579043
 21
101.631351
 31
0.0
210
0.0
220
1.0
230
0.0
  0
LINE
  5
1238
330
70
100
AcDbEntity
  8
Visible
100
AcDbLine
 10
160.583759
 20
101.638925
 30
0.0
 11
160.583765
 21
101.647702
 31
0.0
210
0.0
220
1.0
230
0.0
  0
ELLIPSE
  5
1239
330
70
100
AcDbEntity
  8
Visible
100
AcDbEllipse
 10
160.375585
 20
99.760966
 30
0.0
 11
0.2053882903468201
 21
1.913289011179582
 31
0.0
210
-0.0000000000000002
220
0.0
230
1.0
 40
0.0177599624603086
 41
-0.1649005388200895
 42
-0.0916842827956901
  0
ELLIPSE
  5
123A
330
70
100
AcDbEntity
  8
Visible
100
AcDbEllipse
 10
160.445945
 20
99.70789
 30
0.0
 11
0.1357300869528541
 21
1.964640411440998
 31
0.0
210
-0.0000000000000002
220
0.0
230
0.9999999999999998
 40
0.0124937645755232
 41
-0.0814134496812598
 42
-0.0210467332924553
  0
LINE
  5
123B
330
70
100
AcDbEntity
  8
Visible
100
AcDbLine
 10
160.585423
 20
101.738874
 30
0.0
 11
160.580092
 21
101.716068
 31
0.0
210
0.0
220
1.0
230
0.0
  0
LINE
  5
123C
330
70
100
AcDbEntity
  8
Visible
100
AcDbLine
 10
160.580092
 20
101.716068
 30
0.0
 11
160.580086
 21
101.707647
 31
0.0
210
0.0
220
1.0
230
0.0
  0
LINE
  5
123D
330
70
100
AcDbEntity
  8
Visible
100
AcDbLine
 10
160.580086
 20
101.707647
 30
0.0
 11
160.58539
 21
101.683976
 31
0.0
210
0.0
220
1.0
230
0.0
  0
LINE
  5
123E
330
70
100
AcDbEntity
  8
Visible
100
AcDbLine
 10
160.58539
 20
101.683976
 30
0.0
 11
160.585395
 21
101.692678
 31
0.0
210
0.0
220
1.0
230
0.0
  0
LINE
  5
123F
330
70
100
AcDbEntity
  8
Visible
100
AcDbLine
 10
160.585395
 20
101.692678
 30
0.0
 11
160.583944
 21
101.698661
 31
0.0
210
0.0
220
1.0
230
0.0
  0
LINE
  5
1240
330
70
100
AcDbEntity
  8
Visible
100
AcDbLine
 10
160.583944
 20
101.698661
 30
0.0
 11
160.58396
 21
101.724067
 31
0.0
210
0.0
220
1.0
230
0.0
  0
LINE
  5
1241
330
70
100
AcDbEntity
  8
Visible
100
AcDbLine
 10
160.58396
 20
101.724067
 30
0.0
 11
160.585418
 21
101.730171
 31
0.0
210
0.0
220
1.0
230
0.0
  0
LINE
  5
1242
330
70
100
AcDbEntity
  8
Visible
100
AcDbLine
 10
160.585418
 20
101.730171
 30
0.0
 11
160.585423
 21
101.738874
 31
0.0
210
0.0
220
1.0
230
0.0
  0
LINE
  5
1243
330
70
100
AcDbEntity
  8
Visible
100
AcDbLine
 10
160.583345
 20
101.701205
 30
0.0
 11
160.583357
 21
101.721683
 31
0.0
210
0.0
220
1.0
230
0.0
  0
LINE
  5
1244
330
70
100
AcDbEntity
  8
Visible
100
AcDbLine
 10
160.58114
 20
101.710509
 30
0.0
 11
160.583345
 21
101.701205
 31
0.0
210
0.0
220
1.0
230
0.0
  0
SPLINE
  5
1245
330
70
100
AcDbEntity
  8
Visible
100
AcDbSpline
210
0.0
220
0.0
230
1.0
 70
     8
 71
     3
 72
     8
 73
     4
 74
     0
 42
0.000000001
 43
0.0000000001
 40
3.0
 40
3.0
 40
3.0
 40
3.0
 40
4.0
 40
4.0
 40
4.0
 40
4.0
 10
160.5807684517458
 20
101.7115370840415
 30
0.000000000001819
 10
160.5809286634867
 20
101.7112277082445
 30
0.000000000001819
 10
160.5810535146975
 20
101.7108900164135
 30
0.000000000001819
 10
160.581140277176
 20
101.7105086337945
 30
0.000000000001819
  0
LINE
  5
1246
330
70
100
AcDbEntity
  8
Visible
100
AcDbLine
 10
160.580769
 20
101.711724
 30
0.0
 11
160.580768
 21
101.711537
 31
0.0
210
0.0
220
1.0
230
0.0
  0
SPLINE
  5
1247
330
70
100
AcDbEntity
  8
Visible
100
AcDbSpline
210
0.0
220
0.0
230
1.0
 70
     8
 71
     3
 72
     8
 73
     4
 74
     0
 42
0.000000001
 43
0.0000000001
 40
1.0
 40
1.0
 40
1.0
 40
1.0
 40
2.0
 40
2.0
 40
2.0
 40
2.0
 10
160.5811415979242
 20
101.7126452825745
 30
0.000000000001819
 10
160.5810680136928
 20
101.7123549320815
 30
0.000000000001819
 10
160.5809454857808
 20
101.7120529676525
 30
0.000000000001819
 10
160.5807685674317
 20
101.7117242357595
 30
0.000000000001819
  0
LINE
  5
1248
330
70
100
AcDbEntity
  8
Visible
100
AcDbLine
 10
160.583357
 20
101.721683
 30
0.0
 11
160.581142
 21
101.712645
 31
0.0
210
0.0
220
1.0
230
0.0
  0
LINE
  5
1249
330
70
100
AcDbEntity
  8
Visible
100
AcDbLine
 10
160.580092
 20
101.716068
 30
0.0
 11
160.579095
 21
101.716068
 31
0.0
210
0.0
220
1.0
230
0.0
  0
LINE
  5
124A
330
70
100
AcDbEntity
  8
Visible
100
AcDbLine
 10
160.585423
 20
101.738874
 30
0.0
 11
160.584427
 21
101.738874
 31
0.0
210
0.0
220
1.0
230
0.0
  0
LINE
  5
124B
330
70
100
AcDbEntity
  8
Visible
100
AcDbLine
 10
160.580086
 20
101.707647
 30
0.0
 11
160.57909
 21
101.707647
 31
0.0
210
0.0
220
1.0
230
0.0
  0
LINE
  5
124C
330
70
100
AcDbEntity
  8
Visible
100
AcDbLine
 10
160.58539
 20
101.683976
 30
0.0
 11
160.584393
 21
101.683976
 31
0.0
210
0.0
220
1.0
230
0.0
  0
LINE
  5
124D
330
70
100
AcDbEntity
  8
Visible
100
AcDbLine
 10
160.582351
 20
101.705398
 30
0.0
 11
160.582359
 21
101.717609
 31
0.0
210
0.0
220
1.0
230
0.0
  0
LINE
  5
124E
330
70
100
AcDbEntity
  8
Visible
100
AcDbLine
 10
160.593122
 20
101.526194
 30
0.0
 11
160.592126
 21
101.526194
 31
0.0
210
0.0
220
1.0
230
0.0
  0
LINE
  5
124F
330
70
100
AcDbEntity
  8
Visible
100
AcDbLine
 10
160.593728
 20
101.526144
 30
0.0
 11
160.593122
 21
101.526194
 31
0.0
210
0.0
220
1.0
230
0.0
  0
LINE
  5
1250
330
70
100
AcDbEntity
  8
Visible
100
AcDbLine
 10
160.593122
 20
101.526194
 30
0.0
 11
160.593106
 21
101.501256
 31
0.0
210
0.0
220
1.0
230
0.0
  0
LINE
  5
1251
330
70
100
AcDbEntity
  8
Visible
100
AcDbLine
 10
160.593106
 20
101.501256
 30
0.0
 11
160.591318
 21
101.501401
 31
0.0
210
0.0
220
1.0
230
0.0
  0
LINE
  5
1252
330
70
100
AcDbEntity
  8
Visible
100
AcDbLine
 10
160.591318
 20
101.501401
 30
0.0
 11
160.591331
 21
101.52322
 31
0.0
210
0.0
220
1.0
230
0.0
  0
LINE
  5
1253
330
70
100
AcDbEntity
  8
Visible
100
AcDbLine
 10
160.590722
 20
101.52327
 30
0.0
 11
160.589726
 21
101.52327
 31
0.0
210
0.0
220
1.0
230
0.0
  0
LINE
  5
1254
330
70
100
AcDbEntity
  8
Visible
100
AcDbLine
 10
160.591331
 20
101.52322
 30
0.0
 11
160.590722
 21
101.52327
 31
0.0
210
0.0
220
1.0
230
0.0
  0
LINE
  5
1255
330
70
100
AcDbEntity
  8
Visible
100
AcDbLine
 10
160.590722
 20
101.52327
 30
0.0
 11
160.590709
 21
101.501451
 31
0.0
210
0.0
220
1.0
230
0.0
  0
LINE
  5
1256
330
70
100
AcDbEntity
  8
Visible
100
AcDbLine
 10
160.590709
 20
101.501451
 30
0.0
 11
160.589007
 21
101.501589
 31
0.0
210
0.0
220
1.0
230
0.0
  0
LINE
  5
1257
330
70
100
AcDbEntity
  8
Visible
100
AcDbLine
 10
160.589007
 20
101.501589
 30
0.0
 11
160.589021
 21
101.525139
 31
0.0
210
0.0
220
1.0
230
0.0
  0
LINE
  5
1258
330
70
100
AcDbEntity
  8
Visible
100
AcDbLine
 10
160.58841
 20
101.525189
 30
0.0
 11
160.587414
 21
101.525189
 31
0.0
210
0.0
220
1.0
230
0.0
  0
LINE
  5
1259
330
70
100
AcDbEntity
  8
Visible
100
AcDbLine
 10
160.589021
 20
101.525139
 30
0.0
 11
160.58841
 21
101.525189
 31
0.0
210
0.0
220
1.0
230
0.0
  0
LINE
  5
125A
330
70
100
AcDbEntity
  8
Visible
100
AcDbLine
 10
160.58839
 20
101.493763
 30
0.0
 11
160.587394
 21
101.493763
 31
0.0
210
0.0
220
1.0
230
0.0
  0
LINE
  5
125B
330
70
100
AcDbEntity
  8
Visible
100
AcDbLine
 10
160.58841
 20
101.525189
 30
0.0
 11
160.58839
 21
101.493763
 31
0.0
210
0.0
220
1.0
230
0.0
  0
LINE
  5
125C
330
70
100
AcDbEntity
  8
Visible
100
AcDbLine
 10
160.593708
 20
101.49333
 30
0.0
 11
160.592712
 21
101.49333
 31
0.0
210
0.0
220
1.0
230
0.0
  0
LINE
  5
125D
330
70
100
AcDbEntity
  8
Visible
100
AcDbLine
 10
160.58839
 20
101.493763
 30
0.0
 11
160.593708
 21
101.49333
 31
0.0
210
0.0
220
1.0
230
0.0
  0
LINE
  5
125E
330
70
100
AcDbEntity
  8
Visible
100
AcDbLine
 10
160.593708
 20
101.49333
 30
0.0
 11
160.593728
 21
101.526144
 31
0.0
210
0.0
220
1.0
230
0.0
  0
SPLINE
  5
125F
330
70
100
AcDbEntity
  8
Visible
100
AcDbSpline
210
0.0
220
0.0
230
1.0
 70
     8
 71
     3
 72
     8
 73
     4
 74
     0
 42
0.000000001
 43
0.0000000001
 40
0.0
 40
0.0
 40
0.0
 40
0.0
 40
1.0
 40
1.0
 40
1.0
 40
1.0
 10
160.589859663647
 20
101.5530360430715
 30
0.000000000001819
 10
160.5898561545091
 20
101.5473591076255
 30
0.000000000001819
 10
160.5899699578967
 20
101.5423432865175
 30
0.000000000001819
 10
160.5902038020122
 20
101.5380039544995
 30
0.000000000001819
  0
LINE
  5
1260
330
70
100
AcDbEntity
  8
Visible
100
AcDbLine
 10
160.590204
 20
101.538004
 30
0.0
 11
160.590851
 21
101.537951
 31
0.0
210
0.0
220
1.0
230
0.0
  0
SPLINE
  5
1261
330
70
100
AcDbEntity
  8
Visible
100
AcDbSpline
210
0.0
220
0.0
230
1.0
 70
     8
 71
     3
 72
     8
 73
     4
 74
     0
 42
0.000000001
 43
0.0000000001
 40
12.0
 40
12.0
 40
12.0
 40
12.0
 40
13.0
 40
13.0
 40
13.0
 40
13.0
 10
160.5908508187767
 20
101.5379513030765
 30
0.000000000001819
 10
160.5905490010736
 20
101.5422805697305
 30
0.000000000001819
 10
160.590396983629
 20
101.5470499523575
 30
0.000000000001819
 10
160.590400213192
 20
101.5522746044845
 30
0.000000000001819
  0
ELLIPSE
  5
1262
330
70
100
AcDbEntity
  8
Visible
100
AcDbEllipse
 10
160.852218
 20
99.039261
 30
0.0
 11
-0.2609178462742314
 21
2.521764513960218
 31
-0.0000000000000001
210
0.0000000000000002
220
0.0
230
-1.0
 40
0.0086017410897326
 41
-0.0824492573036966
 42
0.0016034734604777
  0
LINE
  5
1263
330
70
100
AcDbEntity
  8
Visible
100
AcDbLine
 10
160.591335
 20
101.561026
 30
0.0
 11
160.591485
 21
101.5481
 31
0.0
210
0.0
220
1.0
230
0.0
  0
SPLINE
  5
1264
330
70
100
AcDbEntity
  8
Visible
100
AcDbSpline
210
0.0
220
0.0
230
1.0
 70
     8
 71
     3
 72
     8
 73
     4
 74
     0
 42
0.000000001
 43
0.0000000001
 40
9.0
 40
9.0
 40
9.0
 40
9.0
 40
10.0
 40
10.0
 40
10.0
 40
10.0
 10
160.5914851105171
 20
101.5480999688565
 30
0.000000000001819
 10
160.591596050679
 20
101.5384521427285
 30
0.000000000001819
 10
160.5920062925579
 20
101.5335993598715
 30
0.000000000001819
 10
160.5927158361519
 20
101.5335416202875
 30
0.000000000001819
  0
SPLINE
  5
1265
330
70
100
AcDbEntity
  8
Visible
100
AcDbSpline
210
0.0
220
0.0
230
1.0
 70
     8
 71
     3
 72
     8
 73
     4
 74
     0
 42
0.000000001
 43
0.0000000001
 40
8.0
 40
8.0
 40
8.0
 40
8.0
 40
9.0
 40
9.0
 40
9.0
 40
9.0
 10
160.5927158361519
 20
101.5335416202875
 30
0.000000000001819
 10
160.5930556558814
 20
101.5335139672295
 30
0.000000000001819
 10
160.5933255643449
 20
101.5347397441275
 30
0.000000000001819
 10
160.5935255615459
 20
101.5372189509815
 30
0.000000000001819
  0
ELLIPSE
  5
1266
330
70
100
AcDbEntity
  8
Visible
100
AcDbEllipse
 10
160.468785
 20
102.625101
 30
0.0
 11
-0.1233080445865127
 21
1.093253008427204
 31
0.0
210
-0.0000000000000002
220
0.0
230
0.9999999999999998
 40
0.0190055501071491
 41
3.238633351787428
 42
3.307623749628533
  0
ELLIPSE
  5
1267
330
70
100
AcDbEntity
  8
Visible
100
AcDbEllipse
 10
160.497414
 20
100.950972
 30
0.0
 11
0.0937082641564288
 21
0.6145171914790927
 31
0.0
210
-0.0000000000000002
220
0.0
230
1.0
 40
0.0369287686680054
 41
-0.2385485599234276
 42
-0.1197516143748993
  0
LINE
  5
1268
330
70
100
AcDbEntity
  8
Visible
100
AcDbLine
 10
160.593162
 20
101.560675
 30
0.0
 11
160.593162
 21
101.560878
 31
0.0
210
0.0
220
1.0
230
0.0
  0
LINE
  5
1269
330
70
100
AcDbEntity
  8
Visible
100
AcDbLine
 10
160.593162
 20
101.560878
 30
0.0
 11
160.593749
 21
101.56083
 31
0.0
210
0.0
220
1.0
230
0.0
  0
LINE
  5
126A
330
70
100
AcDbEntity
  8
Visible
100
AcDbLine
 10
160.593749
 20
101.56083
 30
0.0
 11
160.593754
 21
101.568472
 31
0.0
210
0.0
220
1.0
230
0.0
  0
LINE
  5
126B
330
70
100
AcDbEntity
  8
Visible
100
AcDbLine
 10
160.593754
 20
101.568472
 30
0.0
 11
160.59131
 21
101.568671
 31
0.0
210
0.0
220
1.0
230
0.0
  0
SPLINE
  5
126C
330
70
100
AcDbEntity
  8
Visible
100
AcDbSpline
210
0.0
220
0.0
230
1.0
 70
     8
 71
     3
 72
     8
 73
     4
 74
     0
 42
0.000000001
 43
0.0000000001
 40
1.0
 40
1.0
 40
1.0
 40
1.0
 40
2.0
 40
2.0
 40
2.0
 40
2.0
 10
160.5913102361937
 20
101.5686707303705
 30
0.000000000001819
 10
160.5903478667223
 20
101.5687490438295
 30
0.000000000001819
 10
160.5898661516967
 20
101.5635321352555
 30
0.000000000001819
 10
160.589859663647
 20
101.5530360430715
 30
0.000000000001819
  0
SPLINE
  5
126D
330
70
100
AcDbEntity
  8
Visible
100
AcDbSpline
210
0.0
220
0.0
230
1.0
 70
     8
 71
     3
 72
     8
 73
     4
 74
     0
 42
0.000000001
 43
0.0000000001
 40
0.0
 40
0.0
 40
0.0
 40
0.0
 40
1.0
 40
1.0
 40
1.0
 40
1.0
 10
160.591957098466
 20
101.5507753969355
 30
0.000000000001819
 10
160.5919983877193
 20
101.5472003787255
 30
0.000000000001819
 10
160.5920729841418
 20
101.5447300201535
 30
0.000000000001819
 10
160.5921863248477
 20
101.5433638787715
 30
0.000000000001819
  0
LINE
  5
126E
330
70
100
AcDbEntity
  8
Visible
100
AcDbLine
 10
160.591844
 20
101.560985
 30
0.0
 11
160.591957
 21
101.550775
 31
0.0
210
0.0
220
1.0
230
0.0
  0
LINE
  5
126F
330
70
100
AcDbEntity
  8
Visible
100
AcDbLine
 10
160.592208
 20
101.560955
 30
0.0
 11
160.591844
 21
101.560985
 31
0.0
210
0.0
220
1.0
230
0.0
  0
SPLINE
  5
1270
330
70
100
AcDbEntity
  8
Visible
100
AcDbSpline
210
0.0
220
0.0
230
1.0
 70
     8
 71
     3
 72
     8
 73
     4
 74
     0
 42
0.000000001
 43
0.0000000001
 40
5.0
 40
5.0
 40
5.0
 40
5.0
 40
6.0
 40
6.0
 40
6.0
 40
6.0
 10
160.5929808380315
 20
101.5576170513275
 30
0.000000000001819
 10
160.5927782958624
 20
101.5598170798725
 30
0.000000000001819
 10
160.5925207077034
 20
101.5609298145505
 30
0.000000000001819
 10
160.5922080735527
 20
101.5609552553645
 30
0.000000000001819
  0
ELLIPSE
  5
1271
330
70
100
AcDbEntity
  8
Visible
100
AcDbEllipse
 10
160.568054
 20
101.410869
 30
0.0
 11
0.0230207984402911
 21
0.1525263544612056
 31
0.0
210
-0.0000000000000002
220
0.0
230
1.0
 40
0.0677095716938956
 41
-0.4232717300345246
 42
-0.2661041140163409
  0
ELLIPSE
  5
1272
330
70
100
AcDbEntity
  8
Visible
100
AcDbEllipse
 10
160.57339
 20
101.714817
 30
0.0
 11
-0.0188802870038423
 21
0.1745494633996257
 31
0.0
210
-0.0000000000000002
220
0.0
230
0.9999999999999998
 40
0.0359495972166197
 41
3.329768922836535
 42
3.460742017918288
  0
SPLINE
  5
1273
330
70
100
AcDbEntity
  8
Visible
100
AcDbSpline
210
0.0
220
0.0
230
1.0
 70
     8
 71
     3
 72
     8
 73
     4
 74
     0
 42
0.000000001
 43
0.0000000001
 40
2.0
 40
2.0
 40
2.0
 40
2.0
 40
3.0
 40
3.0
 40
3.0
 40
3.0
 10
160.5926662563197
 20
101.5412972450965
 30
0.000000000001819
 10
160.592848399694
 20
101.5412824230575
 30
0.000000000001819
 10
160.5929956549207
 20
101.5420034878315
 30
0.000000000001819
 10
160.5931107501947
 20
101.5434758141715
 30
0.000000000001819
  0
LINE
  5
1274
330
70
100
AcDbEntity
  8
Visible
100
AcDbLine
 10
160.590204
 20
101.538004
 30
0.0
 11
160.589208
 21
101.538004
 31
0.0
210
0.0
220
1.0
230
0.0
  0
LINE
  5
1275
330
70
100
AcDbEntity
  8
Visible
100
AcDbLine
 10
160.590851
 20
101.537951
 30
0.0
 11
160.589855
 21
101.537951
 31
0.0
210
0.0
220
1.0
230
0.0
  0
LINE
  5
1276
330
70
100
AcDbEntity
  8
Visible
100
AcDbLine
 10
160.592716
 20
101.533542
 30
0.0
 11
160.59172
 21
101.533542
 31
0.0
210
0.0
220
1.0
230
0.0
  0
LINE
  5
1277
330
70
100
AcDbEntity
  8
Visible
100
AcDbLine
 10
160.593749
 20
101.56083
 30
0.0
 11
160.593162
 21
101.56083
 31
0.0
210
0.0
220
1.0
230
0.0
  0
LINE
  5
1278
330
70
100
AcDbEntity
  8
Visible
100
AcDbLine
 10
160.59131
 20
101.568671
 30
0.0
 11
160.590314
 21
101.568671
 31
0.0
210
0.0
220
1.0
230
0.0
  0
ELLIPSE
  5
1279
330
70
100
AcDbEntity
  8
Visible
100
AcDbEllipse
 10
160.572394
 20
101.714817
 30
0.0
 11
-0.0188802876003925
 21
0.1745494688633883
 31
0.0
210
-0.0000000000000002
220
0.0
230
0.9999999999999996
 40
0.0359495969767047
 41
3.342510781294938
 42
3.460742015090659
  0
ELLIPSE
  5
127A
330
70
100
AcDbEntity
  8
Visible
100
AcDbEllipse
 10
160.567058
 20
101.410869
 30
0.0
 11
0.0230208000995017
 21
0.1525263638673463
 31
0.0
210
-0.0000000000000002
220
0.0
230
0.9999999999999996
 40
0.0677095703370757
 41
-0.4232717183690676
 42
-0.2661041083354603
  0
SPLINE
  5
127B
330
70
100
AcDbEntity
  8
Visible
100
AcDbSpline
210
0.0
220
0.0
230
1.0
 70
     8
 71
     3
 72
     8
 73
     4
 74
     0
 42
0.000000001
 43
0.0000000001
 40
5.0
 40
5.0
 40
5.0
 40
5.0
 40
5.181263581748325
 40
5.181263581748325
 40
5.181263581748325
 40
5.181263581748325
 10
160.5919846433335
 20
101.5576170513275
 30
0.000000000001819
 10
160.5919479298136
 20
101.5580158363815
 30
0.000000000001819
 10
160.591909407678
 20
101.5583788967797
 30
0.000000000001819
 10
160.5918690769231
 20
101.5587062325222
 30
0.000000000001819
  0
LINE
  5
127C
330
70
100
AcDbEntity
  8
Visible
100
AcDbLine
 10
160.592208
 20
101.560955
 30
0.0
 11
160.591844
 21
101.560955
 31
0.0
210
0.0
220
1.0
230
0.0
  0
LINE
  5
127D
330
70
100
AcDbEntity
  8
Visible
100
AcDbLine
 10
160.59294
 20
101.578894
 30
0.0
 11
160.591943
 21
101.578894
 31
0.0
210
0.0
220
1.0
230
0.0
  0
SPLINE
  5
127E
330
70
100
AcDbEntity
  8
Visible
100
AcDbSpline
210
0.0
220
0.0
230
1.0
 70
     8
 71
     3
 72
     8
 73
     4
 74
     0
 42
0.000000001
 43
0.0000000001
 40
0.0
 40
0.0
 40
0.0
 40
0.0
 40
1.0
 40
1.0
 40
1.0
 40
1.0
 10
160.5933143920483
 20
101.5914348795175
 30
0.000000000001819
 10
160.5933116155865
 20
101.5869432382855
 30
0.000000000001819
 10
160.593186696833
 20
101.5827734716845
 30
0.000000000001819
 10
160.5929396165047
 20
101.5788943877615
 30
0.000000000001819
  0
LINE
  5
127F
330
70
100
AcDbEntity
  8
Visible
100
AcDbLine
 10
160.593627
 20
101.578838
 30
0.0
 11
160.592631
 21
101.578838
 31
0.0
210
0.0
220
1.0
230
0.0
  0
LINE
  5
1280
330
70
100
AcDbEntity
  8
Visible
100
AcDbLine
 10
160.59294
 20
101.578894
 30
0.0
 11
160.593627
 21
101.578838
 31
0.0
210
0.0
220
1.0
230
0.0
  0
ELLIPSE
  5
1281
330
70
100
AcDbEntity
  8
Visible
100
AcDbEllipse
 10
160.481996
 20
102.394818
 30
0.0
 11
-0.1082314473977692
 21
0.8318498173593027
 31
0.0
210
-0.0000000000000002
220
0.0
230
1.0
 40
0.0339797835410861
 41
3.332869632036993
 42
3.395874117984318
  0
ELLIPSE
  5
1282
330
70
100
AcDbEntity
  8
Visible
100
AcDbEllipse
 10
160.555801
 20
101.235852
 30
0.0
 11
0.0360097241083053
 21
0.3756234326791418
 31
0.0
210
-0.0000000000000002
220
0.0
230
1.0
 40
0.0327813577621685
 41
-0.3314871071090062
 42
-0.2051052432189457
  0
LINE
  5
1283
330
70
100
AcDbEntity
  8
Visible
100
AcDbLine
 10
160.592746
 20
101.608341
 30
0.0
 11
160.59175
 21
101.608341
 31
0.0
210
0.0
220
1.0
230
0.0
  0
ELLIPSE
  5
1284
330
70
100
AcDbEntity
  8
Visible
100
AcDbEllipse
 10
160.5712
 20
101.135953
 30
0.0
 11
0.0215420330903499
 21
0.4723882903042394
 31
0.0
210
-0.0000000000000002
220
0.0
230
1.0
 40
0.0153761052747375
 41
-0.1446298731272508
 42
-0.0005481340456828
  0
ELLIPSE
  5
1285
330
70
100
AcDbEntity
  8
Visible
100
AcDbEllipse
 10
160.622797
 20
100.953035
 30
0.0
 11
-0.0300652569779046
 21
0.6553061687553735
 31
0.0
210
-0.0000000000000002
220
0.0
230
1.0
 40
0.0128203438308035
 41
-0.001637634379539
 42
0.08691187475387
  0
SPLINE
  5
1286
330
70
100
AcDbEntity
  8
Visible
100
AcDbSpline
210
0.0
220
0.0
230
1.0
 70
     8
 71
     3
 72
     8
 73
     4
 74
     0
 42
0.000000001
 43
0.0000000001
 40
13.0
 40
13.0
 40
13.0
 40
13.0
 40
14.0
 40
14.0
 40
14.0
 40
14.0
 10
160.5912872251301
 20
101.5886208602305
 30
0.000000000001819
 10
160.5912022653629
 20
101.5875204038575
 30
0.000000000001819
 10
160.5910850203181
 20
101.5869684613555
 30
0.000000000001819
 10
160.5909327810786
 20
101.5869808499255
 30
0.000000000001819
  0
SPLINE
  5
1287
330
70
100
AcDbEntity
  8
Visible
100
AcDbSpline
210
0.0
220
0.0
230
1.0
 70
     8
 71
     3
 72
     8
 73
     4
 74
     0
 42
0.000000001
 43
0.0000000001
 40
11.0
 40
11.0
 40
11.0
 40
11.0
 40
12.0
 40
12.0
 40
12.0
 40
12.0
 10
160.5905644936483
 20
101.5893347369505
 30
0.000000000001819
 10
160.5904702985317
 20
101.5908864814795
 30
0.000000000001819
 10
160.5904253266726
 20
101.5929021232645
 30
0.000000000001819
 10
160.5904268498689
 20
101.5953662875505
 30
0.000000000001819
  0
SPLINE
  5
1288
330
70
100
AcDbEntity
  8
Visible
100
AcDbSpline
210
0.0
220
0.0
230
1.0
 70
     8
 71
     3
 72
     8
 73
     4
 74
     0
 42
0.000000001
 43
0.0000000001
 40
10.0
 40
10.0
 40
10.0
 40
10.0
 40
11.0
 40
11.0
 40
11.0
 40
11.0
 10
160.5904268498689
 20
101.5953662875505
 30
0.000000000001819
 10
160.5904294045995
 20
101.5994992213235
 30
0.000000000001819
 10
160.590524110723
 20
101.6031723501455
 30
0.000000000001819
 10
160.5907082689591
 20
101.6064170871945
 30
0.000000000001819
  0
LINE
  5
1289
330
70
100
AcDbEntity
  8
Visible
100
AcDbLine
 10
160.590061
 20
101.60647
 30
0.0
 11
160.589065
 21
101.60647
 31
0.0
210
0.0
220
1.0
230
0.0
  0
LINE
  5
128A
330
70
100
AcDbEntity
  8
Visible
100
AcDbLine
 10
160.590708
 20
101.606417
 30
0.0
 11
160.590061
 21
101.60647
 31
0.0
210
0.0
220
1.0
230
0.0
  0
SPLINE
  5
128B
330
70
100
AcDbEntity
  8
Visible
100
AcDbSpline
210
0.0
220
0.0
230
1.0
 70
     8
 71
     3
 72
     8
 73
     4
 74
     0
 42
0.000000001
 43
0.0000000001
 40
8.0
 40
8.0
 40
8.0
 40
8.0
 40
9.0
 40
9.0
 40
9.0
 40
9.0
 10
160.5900612521964
 20
101.6064697386165
 30
0.000000000001819
 10
160.5899451061068
 20
101.6032974508385
 30
0.000000000001819
 10
160.5898886140421
 20
101.5998707604975
 30
0.000000000001819
 10
160.5898863196053
 20
101.5961589180905
 30
0.000000000001819
  0
SPLINE
  5
128C
330
70
100
AcDbEntity
  8
Visible
100
AcDbSpline
210
0.0
220
0.0
230
1.0
 70
     8
 71
     3
 72
     8
 73
     4
 74
     0
 42
0.000000001
 43
0.0000000001
 40
7.0
 40
7.0
 40
7.0
 40
7.0
 40
8.0
 40
8.0
 40
8.0
 40
8.0
 10
160.5898863196053
 20
101.5961589180905
 30
0.000000000001819
 10
160.5898833696137
 20
101.5913865492825
 30
0.000000000001819
 10
160.5899814690074
 20
101.5873546020405
 30
0.000000000001819
 10
160.5901806177844
 20
101.5840630763655
 30
0.000000000001819
  0
SPLINE
  5
128D
330
70
100
AcDbEntity
  8
Visible
100
AcDbSpline
210
0.0
220
0.0
230
1.0
 70
     8
 71
     3
 72
     8
 73
     4
 74
     0
 42
0.000000001
 43
0.0000000001
 40
6.0
 40
6.0
 40
6.0
 40
6.0
 40
7.0
 40
7.0
 40
7.0
 40
7.0
 10
160.5901806177844
 20
101.5840630763655
 30
0.000000000001819
 10
160.5903824947581
 20
101.5807869254425
 30
0.000000000001819
 10
160.5906506197316
 20
101.5791274466885
 30
0.000000000001819
 10
160.5909877209033
 20
101.5791000148545
 30
0.000000000001819
  0
ELLIPSE
  5
128E
330
70
100
AcDbEntity
  8
Visible
100
AcDbEllipse
 10
160.581946
 20
101.776148
 30
0.0
 11
-0.0090565808849593
 21
0.1970480741218815
 31
0.0
210
-0.0000000000000002
220
0.0
230
1.0
 40
0.0238978737783839
 41
3.138538707403447
 42
3.287291475082517
  0
SPLINE
  5
128F
330
70
100
AcDbEntity
  8
Visible
100
AcDbSpline
210
0.0
220
0.0
230
1.0
 70
     8
 71
     3
 72
     8
 73
     4
 74
     0
 42
0.000000001
 43
0.0000000001
 40
3.0
 40
3.0
 40
3.0
 40
3.0
 40
4.0
 40
4.0
 40
4.0
 40
4.0
 10
160.5920986086275
 20
101.5905824122855
 30
0.000000000001819
 10
160.5922315866501
 20
101.5945955554485
 30
0.000000000001819
 10
160.592347414602
 20
101.5972531760015
 30
0.000000000001819
 10
160.5924433739292
 20
101.5985554951715
 30
0.000000000001819
  0
SPLINE
  5
1290
330
70
100
AcDbEntity
  8
Visible
100
AcDbSpline
210
0.0
220
0.0
230
1.0
 70
     8
 71
     3
 72
     8
 73
     4
 74
     0
 42
0.000000001
 43
0.0000000001
 40
2.0
 40
2.0
 40
2.0
 40
2.0
 40
3.0
 40
3.0
 40
3.0
 40
3.0
 10
160.5924433739292
 20
101.5985554951715
 30
0.000000000001819
 10
160.5925393332527
 20
101.5998578143415
 30
0.000000000001819
 10
160.5926593546992
 20
101.6005031114775
 30
0.000000000001819
 10
160.5928061568211
 20
101.6004911653565
 30
0.000000000001819
  0
ELLIPSE
  5
1291
330
70
100
AcDbEntity
  8
Visible
100
AcDbEllipse
 10
160.443085
 20
99.005035
 30
0.0
 11
0.1497194351204498
 21
2.595456088426737
 31
0.0
210
0.0000000000000002
220
0.0
230
-1.0
 40
0.0047638673885881
 41
0.0001123206066211
 42
0.0832882362110446
  0
LINE
  5
1292
330
70
100
AcDbEntity
  8
Visible
100
AcDbLine
 10
160.590004
 20
101.646449
 30
0.0
 11
160.589008
 21
101.646449
 31
0.0
210
0.0
220
1.0
230
0.0
  0
LINE
  5
1293
330
70
100
AcDbEntity
  8
Visible
100
AcDbLine
 10
160.590009
 20
101.654372
 30
0.0
 11
160.590004
 21
101.646449
 31
0.0
210
0.0
220
1.0
230
0.0
  0
LINE
  5
1294
330
70
100
AcDbEntity
  8
Visible
100
AcDbLine
 10
160.590009
 20
101.654372
 30
0.0
 11
160.589013
 21
101.654372
 31
0.0
210
0.0
220
1.0
230
0.0
  0
LINE
  5
1295
330
70
100
AcDbEntity
  8
Visible
100
AcDbLine
 10
160.592857
 20
101.634316
 30
0.0
 11
160.591861
 21
101.634316
 31
0.0
210
0.0
220
1.0
230
0.0
  0
LINE
  5
1296
330
70
100
AcDbEntity
  8
Visible
100
AcDbLine
 10
160.590004
 20
101.646449
 30
0.0
 11
160.592857
 21
101.634316
 31
0.0
210
0.0
220
1.0
230
0.0
  0
LINE
  5
1297
330
70
100
AcDbEntity
  8
Visible
100
AcDbLine
 10
160.593164
 20
101.633356
 30
0.0
 11
160.592167
 21
101.633356
 31
0.0
210
0.0
220
1.0
230
0.0
  0
SPLINE
  5
1298
330
70
100
AcDbEntity
  8
Visible
100
AcDbSpline
210
0.0
220
0.0
230
1.0
 70
     8
 71
     3
 72
     8
 73
     4
 74
     0
 42
0.000000001
 43
0.0000000001
 40
12.0
 40
12.0
 40
12.0
 40
12.0
 40
13.0
 40
13.0
 40
13.0
 40
13.0
 10
160.5928569711832
 20
101.6343164049145
 30
0.000000000001819
 10
160.5929898913018
 20
101.6338376856205
 30
0.000000000001819
 10
160.5930930036902
 20
101.6335173595605
 30
0.000000000001819
 10
160.5931635897887
 20
101.6333556479595
 30
0.000000000001819
  0
LINE
  5
1299
330
70
100
AcDbEntity
  8
Visible
100
AcDbLine
 10
160.593163
 20
101.633153
 30
0.0
 11
160.592167
 21
101.633153
 31
0.0
210
0.0
220
1.0
230
0.0
  0
LINE
  5
129A
330
70
100
AcDbEntity
  8
Visible
100
AcDbLine
 10
160.593164
 20
101.633356
 30
0.0
 11
160.593163
 21
101.633153
 31
0.0
210
0.0
220
1.0
230
0.0
  0
LINE
  5
129B
330
70
100
AcDbEntity
  8
Visible
100
AcDbLine
 10
160.59285
 20
101.632243
 30
0.0
 11
160.591854
 21
101.632243
 31
0.0
210
0.0
220
1.0
230
0.0
  0
LINE
  5
129C
330
70
100
AcDbEntity
  8
Visible
100
AcDbLine
 10
160.593163
 20
101.633153
 30
0.0
 11
160.59285
 21
101.632243
 31
0.0
210
0.0
220
1.0
230
0.0
  0
LINE
  5
129D
330
70
100
AcDbEntity
  8
Visible
100
AcDbLine
 10
160.589989
 20
101.62109
 30
0.0
 11
160.588993
 21
101.62109
 31
0.0
210
0.0
220
1.0
230
0.0
  0
LINE
  5
129E
330
70
100
AcDbEntity
  8
Visible
100
AcDbLine
 10
160.59285
 20
101.632243
 30
0.0
 11
160.589989
 21
101.62109
 31
0.0
210
0.0
220
1.0
230
0.0
  0
LINE
  5
129F
330
70
100
AcDbEntity
  8
Visible
100
AcDbLine
 10
160.589983
 20
101.612543
 30
0.0
 11
160.588987
 21
101.612543
 31
0.0
210
0.0
220
1.0
230
0.0
  0
LINE
  5
12A0
330
70
100
AcDbEntity
  8
Visible
100
AcDbLine
 10
160.589989
 20
101.62109
 30
0.0
 11
160.589983
 21
101.612543
 31
0.0
210
0.0
220
1.0
230
0.0
  0
LINE
  5
12A1
330
70
100
AcDbEntity
  8
Visible
100
AcDbLine
 10
160.589983
 20
101.612543
 30
0.0
 11
160.593784
 21
101.629328
 31
0.0
210
0.0
220
1.0
230
0.0
  0
LINE
  5
12A2
330
70
100
AcDbEntity
  8
Visible
100
AcDbLine
 10
160.593784
 20
101.629328
 30
0.0
 11
160.594472
 21
101.625919
 31
0.0
210
0.0
220
1.0
230
0.0
  0
SPLINE
  5
12A3
330
70
100
AcDbEntity
  8
Visible
100
AcDbSpline
210
0.0
220
0.0
230
1.0
 70
     8
 71
     3
 72
     8
 73
     4
 74
     0
 42
0.000000001
 43
0.0000000001
 40
5.0
 40
5.0
 40
5.0
 40
5.0
 40
6.0
 40
6.0
 40
6.0
 40
6.0
 10
160.5944721221913
 20
101.6259186875895
 30
0.000000000001819
 10
160.5948299017291
 20
101.6241583325695
 30
0.000000000001819
 10
160.5950049980256
 20
101.6215394249045
 30
0.000000000001819
 10
160.5950028385559
 20
101.6180459261685
 30
0.000000000001819
  0
LINE
  5
12A4
330
70
100
AcDbEntity
  8
Visible
100
AcDbLine
 10
160.594924
 20
101.613716
 30
0.0
 11
160.593928
 21
101.613716
 31
0.0
210
0.0
220
1.0
230
0.0
  0
SPLINE
  5
12A5
330
70
100
AcDbEntity
  8
Visible
100
AcDbSpline
210
0.0
220
0.0
230
1.0
 70
     8
 71
     3
 72
     8
 73
     4
 74
     0
 42
0.000000001
 43
0.0000000001
 40
4.0
 40
4.0
 40
4.0
 40
4.0
 40
5.0
 40
5.0
 40
5.0
 40
5.0
 10
160.5950028385559
 20
101.6180459261685
 30
0.000000000001819
 10
160.5950019709125
 20
101.6166422882835
 30
0.000000000001819
 10
160.5949766169669
 20
101.6152094494655
 30
0.000000000001819
 10
160.59492403888
 20
101.6137164389865
 30
0.000000000001819
  0
LINE
  5
12A6
330
70
100
AcDbEntity
  8
Visible
100
AcDbLine
 10
160.595517
 20
101.613668
 30
0.0
 11
160.59452
 21
101.613668
 31
0.0
210
0.0
220
1.0
230
0.0
  0
LINE
  5
12A7
330
70
100
AcDbEntity
  8
Visible
100
AcDbLine
 10
160.594924
 20
101.613716
 30
0.0
 11
160.595517
 21
101.613668
 31
0.0
210
0.0
220
1.0
230
0.0
  0
SPLINE
  5
12A8
330
70
100
AcDbEntity
  8
Visible
100
AcDbSpline
210
0.0
220
0.0
230
1.0
 70
     8
 71
     3
 72
     8
 73
     4
 74
     0
 42
0.000000001
 43
0.0000000001
 40
1.0
 40
1.0
 40
1.0
 40
1.0
 40
2.0
 40
2.0
 40
2.0
 40
2.0
 10
160.5955741020389
 20
101.6185921161385
 30
0.000000000001819
 10
160.5955782378096
 20
101.6252827900565
 30
0.000000000001819
 10
160.5951763733374
 20
101.6304936166985
 30
0.000000000001819
 10
160.5943685182592
 20
101.6342401920425
 30
0.000000000001819
  0
LINE
  5
12A9
330
70
100
AcDbEntity
  8
Visible
100
AcDbLine
 10
160.594369
 20
101.63424
 30
0.0
 11
160.590009
 21
101.654372
 31
0.0
210
0.0
220
1.0
230
0.0
  0
LINE
  5
12AA
330
70
100
AcDbEntity
  8
Visible
100
AcDbLine
 10
160.593226
 20
101.695161
 30
0.0
 11
160.59223
 21
101.695161
 31
0.0
210
0.0
220
1.0
230
0.0
  0
LINE
  5
12AB
330
70
100
AcDbEntity
  8
Visible
100
AcDbLine
 10
160.593833
 20
101.695111
 30
0.0
 11
160.593226
 21
101.695161
 31
0.0
210
0.0
220
1.0
230
0.0
  0
LINE
  5
12AC
330
70
100
AcDbEntity
  8
Visible
100
AcDbLine
 10
160.593226
 20
101.695161
 30
0.0
 11
160.593211
 21
101.670223
 31
0.0
210
0.0
220
1.0
230
0.0
  0
LINE
  5
12AD
330
70
100
AcDbEntity
  8
Visible
100
AcDbLine
 10
160.593211
 20
101.670223
 30
0.0
 11
160.591422
 21
101.670368
 31
0.0
210
0.0
220
1.0
230
0.0
  0
LINE
  5
12AE
330
70
100
AcDbEntity
  8
Visible
100
AcDbLine
 10
160.591422
 20
101.670368
 30
0.0
 11
160.591436
 21
101.692187
 31
0.0
210
0.0
220
1.0
230
0.0
  0
LINE
  5
12AF
330
70
100
AcDbEntity
  8
Visible
100
AcDbLine
 10
160.590827
 20
101.692236
 30
0.0
 11
160.58983
 21
101.692236
 31
0.0
210
0.0
220
1.0
230
0.0
  0
LINE
  5
12B0
330
70
100
AcDbEntity
  8
Visible
100
AcDbLine
 10
160.591436
 20
101.692187
 30
0.0
 11
160.590827
 21
101.692236
 31
0.0
210
0.0
220
1.0
230
0.0
  0
LINE
  5
12B1
330
70
100
AcDbEntity
  8
Visible
100
AcDbLine
 10
160.590827
 20
101.692236
 30
0.0
 11
160.590813
 21
101.670418
 31
0.0
210
0.0
220
1.0
230
0.0
  0
LINE
  5
12B2
330
70
100
AcDbEntity
  8
Visible
100
AcDbLine
 10
160.590813
 20
101.670418
 30
0.0
 11
160.589111
 21
101.670556
 31
0.0
210
0.0
220
1.0
230
0.0
  0
LINE
  5
12B3
330
70
100
AcDbEntity
  8
Visible
100
AcDbLine
 10
160.589111
 20
101.670556
 30
0.0
 11
160.589126
 21
101.694106
 31
0.0
210
0.0
220
1.0
230
0.0
  0
LINE
  5
12B4
330
70
100
AcDbEntity
  8
Visible
100
AcDbLine
 10
160.588514
 20
101.694156
 30
0.0
 11
160.587518
 21
101.694156
 31
0.0
210
0.0
220
1.0
230
0.0
  0
LINE
  5
12B5
330
70
100
AcDbEntity
  8
Visible
100
AcDbLine
 10
160.589126
 20
101.694106
 30
0.0
 11
160.588514
 21
101.694156
 31
0.0
210
0.0
220
1.0
230
0.0
  0
LINE
  5
12B6
330
70
100
AcDbEntity
  8
Visible
100
AcDbLine
 10
160.588495
 20
101.66273
 30
0.0
 11
160.587499
 21
101.66273
 31
0.0
210
0.0
220
1.0
230
0.0
  0
LINE
  5
12B7
330
70
100
AcDbEntity
  8
Visible
100
AcDbLine
 10
160.588514
 20
101.694156
 30
0.0
 11
160.588495
 21
101.66273
 31
0.0
210
0.0
220
1.0
230
0.0
  0
LINE
  5
12B8
330
70
100
AcDbEntity
  8
Visible
100
AcDbLine
 10
160.593812
 20
101.662297
 30
0.0
 11
160.592816
 21
101.662297
 31
0.0
210
0.0
220
1.0
230
0.0
  0
LINE
  5
12B9
330
70
100
AcDbEntity
  8
Visible
100
AcDbLine
 10
160.588495
 20
101.66273
 30
0.0
 11
160.593812
 21
101.662297
 31
0.0
210
0.0
220
1.0
230
0.0
  0
LINE
  5
12BA
330
70
100
AcDbEntity
  8
Visible
100
AcDbLine
 10
160.593812
 20
101.662297
 30
0.0
 11
160.593833
 21
101.695111
 31
0.0
210
0.0
220
1.0
230
0.0
  0
LINE
  5
12BB
330
70
100
AcDbEntity
  8
Visible
100
AcDbLine
 10
160.59384
 20
101.706637
 30
0.0
 11
160.59385
 21
101.723418
 31
0.0
210
0.0
220
1.0
230
0.0
  0
ELLIPSE
  5
12BC
330
70
100
AcDbEntity
  8
Visible
100
AcDbEllipse
 10
160.127954
 20
98.452787
 30
0.0
 11
0.4605493772902889
 21
3.310445473807509
 31
0.0000000000000001
210
-0.0000000000000002
220
0.0
230
0.9999999999999996
 40
0.0212593778626844
 41
-0.1523193380322645
 42
-0.0956395039382565
  0
ELLIPSE
  5
12BD
330
70
100
AcDbEntity
  8
Visible
100
AcDbEllipse
 10
160.223456
 20
94.910958
 30
0.0
 11
0.3676784336048659
 21
6.845573845048023
 31
0.0000000000000001
210
-0.0000000000000002
220
0.0
230
1.0
 40
0.0069817029110443
 41
-0.0519356797851189
 42
-0.0001923068158274
  0
SPLINE
  5
12BE
330
70
100
AcDbEntity
  8
Visible
100
AcDbSpline
210
0.0
220
0.0
230
1.0
 70
     8
 71
     3
 72
     8
 73
     4
 74
     0
 42
0.000000001
 43
0.0000000001
 40
3.0
 40
3.0
 40
3.0
 40
3.0
 40
4.0
 40
4.0
 40
4.0
 40
4.0
 10
160.591143616255
 20
101.7565316786685
 30
0.000000000001819
 10
160.5903552344843
 20
101.7565958337625
 30
0.000000000001819
 10
160.5897253484472
 20
101.7535745292425
 30
0.000000000001819
 10
160.58925124923
 20
101.7474835823105
 30
0.000000000001819
  0
SPLINE
  5
12BF
330
70
100
AcDbEntity
  8
Visible
100
AcDbSpline
210
0.0
220
0.0
230
1.0
 70
     8
 71
     3
 72
     8
 73
     4
 74
     0
 42
0.000000001
 43
0.0000000001
 40
2.0
 40
2.0
 40
2.0
 40
2.0
 40
3.0
 40
3.0
 40
3.0
 40
3.0
 10
160.58925124923
 20
101.7474835823105
 30
0.000000000001819
 10
160.5887771500129
 20
101.7413926353785
 30
0.000000000001819
 10
160.588538601276
 20
101.7337228442685
 30
0.000000000001819
 10
160.5885328844651
 20
101.7244744302045
 30
0.000000000001819
  0
LINE
  5
12C0
330
70
100
AcDbEntity
  8
Visible
100
AcDbLine
 10
160.588533
 20
101.724474
 30
0.0
 11
160.588522
 21
101.707069
 31
0.0
210
0.0
220
1.0
230
0.0
  0
LINE
  5
12C1
330
70
100
AcDbEntity
  8
Visible
100
AcDbLine
 10
160.588522
 20
101.707069
 30
0.0
 11
160.59384
 21
101.706637
 31
0.0
210
0.0
220
1.0
230
0.0
  0
LINE
  5
12C2
330
70
100
AcDbEntity
  8
Visible
100
AcDbLine
 10
160.589139
 20
101.714896
 30
0.0
 11
160.593238
 21
101.714562
 31
0.0
210
0.0
220
1.0
230
0.0
  0
LINE
  5
12C3
330
70
100
AcDbEntity
  8
Visible
100
AcDbLine
 10
160.589144
 20
101.724113
 30
0.0
 11
160.589139
 21
101.714896
 31
0.0
210
0.0
220
1.0
230
0.0
  0
ELLIPSE
  5
12C4
330
70
100
AcDbEntity
  8
Visible
100
AcDbEllipse
 10
160.932225
 20
98.767856
 30
0.0
 11
-0.3399393133985971
 21
2.983991130658568
 31
-0.0000000000000001
210
-0.0000000000000002
220
0.0
230
1.0
 40
0.0155224152519672
 41
0.0808257834419049
 42
0.134690584087902
  0
ELLIPSE
  5
12C5
330
70
100
AcDbEntity
  8
Visible
100
AcDbEllipse
 10
160.680198
 20
100.51315
 30
0.0
 11
-0.0890851381737014
 21
1.235099002977945
 31
0.0
210
-0.0000000000000002
220
0.0
230
1.0
 40
0.0152634275808124
 41
-0.002356797251355
 42
0.1020875589434633
  0
ELLIPSE
  5
12C6
330
70
100
AcDbEntity
  8
Visible
100
AcDbEllipse
 10
160.455424
 20
99.783609
 30
0.0
 11
0.1357301528900626
 21
1.964640327996749
 31
0.0
210
-0.0000000000000002
220
0.0
230
1.0
 40
0.0124937662830517
 41
-0.0814134508099438
 42
-0.0001527086460709
  0
ELLIPSE
  5
12C7
330
70
100
AcDbEntity
  8
Visible
100
AcDbEllipse
 10
160.385064
 20
99.836684
 30
0.0
 11
0.2053883904425053
 21
1.913289133266301
 31
0.0
210
-0.0000000000000002
220
0.0
230
0.9999999999999998
 40
0.0177599676432343
 41
-0.1649005322366466
 42
-0.0916842786422252
  0
LINE
  5
12C8
330
70
100
AcDbEntity
  8
Visible
100
AcDbLine
 10
160.593238
 20
101.714562
 30
0.0
 11
160.593244
 21
101.72342
 31
0.0
210
0.0
220
1.0
230
0.0
  0
LINE
  5
12C9
330
70
100
AcDbEntity
  8
Visible
100
AcDbLine
 10
160.59384
 20
101.706637
 30
0.0
 11
160.592843
 21
101.706637
 31
0.0
210
0.0
220
1.0
230
0.0
  0
LINE
  5
12CA
330
70
100
AcDbEntity
  8
Visible
100
AcDbLine
 10
160.591144
 20
101.756532
 30
0.0
 11
160.590147
 21
101.756532
 31
0.0
210
0.0
220
1.0
230
0.0
  0
LINE
  5
12CB
330
70
100
AcDbEntity
  8
Visible
100
AcDbLine
 10
160.588522
 20
101.707069
 30
0.0
 11
160.587526
 21
101.707069
 31
0.0
210
0.0
220
1.0
230
0.0
  0
LINE
  5
12CC
330
70
100
AcDbEntity
  8
Visible
100
AcDbLine
 10
160.592242
 20
101.714643
 30
0.0
 11
160.592248
 21
101.72342
 31
0.0
210
0.0
220
1.0
230
0.0
  0
ELLIPSE
  5
12CD
330
70
100
AcDbEntity
  8
Visible
100
AcDbEllipse
 10
160.384067
 20
99.836684
 30
0.0
 11
0.205388302648125
 21
1.91328913308282
 31
0.0
210
-0.0000000000000002
220
0.0
230
0.9999999999999998
 40
0.017759961922332
 41
-0.1649005338784226
 42
-0.0916842804393139
  0
ELLIPSE
  5
12CE
330
70
100
AcDbEntity
  8
Visible
100
AcDbEllipse
 10
160.454427
 20
99.783609
 30
0.0
 11
0.13573008835732
 21
1.964640431762937
 31
0.0
210
-0.0000000000000002
220
0.0
230
1.0
 40
0.0124937644681513
 41
-0.0814134492102527
 42
-0.0210467330039033
  0
LINE
  5
12CF
330
70
100
AcDbEntity
  8
Visible
100
AcDbLine
 10
160.593906
 20
101.814592
 30
0.0
 11
160.588574
 21
101.791787
 31
0.0
210
0.0
220
1.0
230
0.0
  0
LINE
  5
12D0
330
70
100
AcDbEntity
  8
Visible
100
AcDbLine
 10
160.588574
 20
101.791787
 30
0.0
 11
160.588569
 21
101.783365
 31
0.0
210
0.0
220
1.0
230
0.0
  0
LINE
  5
12D1
330
70
100
AcDbEntity
  8
Visible
100
AcDbLine
 10
160.588569
 20
101.783365
 30
0.0
 11
160.593872
 21
101.759694
 31
0.0
210
0.0
220
1.0
230
0.0
  0
LINE
  5
12D2
330
70
100
AcDbEntity
  8
Visible
100
AcDbLine
 10
160.593872
 20
101.759694
 30
0.0
 11
160.593878
 21
101.768397
 31
0.0
210
0.0
220
1.0
230
0.0
  0
LINE
  5
12D3
330
70
100
AcDbEntity
  8
Visible
100
AcDbLine
 10
160.593878
 20
101.768397
 30
0.0
 11
160.592427
 21
101.774379
 31
0.0
210
0.0
220
1.0
230
0.0
  0
LINE
  5
12D4
330
70
100
AcDbEntity
  8
Visible
100
AcDbLine
 10
160.592427
 20
101.774379
 30
0.0
 11
160.592443
 21
101.799785
 31
0.0
210
0.0
220
1.0
230
0.0
  0
LINE
  5
12D5
330
70
100
AcDbEntity
  8
Visible
100
AcDbLine
 10
160.592443
 20
101.799785
 30
0.0
 11
160.593901
 21
101.805889
 31
0.0
210
0.0
220
1.0
230
0.0
  0
LINE
  5
12D6
330
70
100
AcDbEntity
  8
Visible
100
AcDbLine
 10
160.593901
 20
101.805889
 30
0.0
 11
160.593906
 21
101.814592
 31
0.0
210
0.0
220
1.0
230
0.0
  0
LINE
  5
12D7
330
70
100
AcDbEntity
  8
Visible
100
AcDbLine
 10
160.591828
 20
101.776923
 30
0.0
 11
160.59184
 21
101.797401
 31
0.0
210
0.0
220
1.0
230
0.0
  0
LINE
  5
12D8
330
70
100
AcDbEntity
  8
Visible
100
AcDbLine
 10
160.589623
 20
101.786227
 30
0.0
 11
160.591828
 21
101.776923
 31
0.0
210
0.0
220
1.0
230
0.0
  0
SPLINE
  5
12D9
330
70
100
AcDbEntity
  8
Visible
100
AcDbSpline
210
0.0
220
0.0
230
1.0
 70
     8
 71
     3
 72
     8
 73
     4
 74
     0
 42
0.000000001
 43
0.0000000001
 40
3.0
 40
3.0
 40
3.0
 40
3.0
 40
4.0
 40
4.0
 40
4.0
 40
4.0
 10
160.5892513654616
 20
101.7872553134035
 30
0.000000000001819
 10
160.5894115772043
 20
101.7869459376065
 30
0.000000000001819
 10
160.5895364284151
 20
101.7866082457745
 30
0.000000000001819
 10
160.5896231908937
 20
101.7862268631555
 30
0.000000000001819
  0
LINE
  5
12DA
330
70
100
AcDbEntity
  8
Visible
100
AcDbLine
 10
160.589251
 20
101.787442
 30
0.0
 11
160.589251
 21
101.787255
 31
0.0
210
0.0
220
1.0
230
0.0
  0
SPLINE
  5
12DB
330
70
100
AcDbEntity
  8
Visible
100
AcDbSpline
210
0.0
220
0.0
230
1.0
 70
     8
 71
     3
 72
     8
 73
     4
 74
     0
 42
0.000000001
 43
0.0000000001
 40
1.0
 40
1.0
 40
1.0
 40
1.0
 40
2.0
 40
2.0
 40
2.0
 40
2.0
 10
160.58962451164
 20
101.7883635119365
 30
0.000000000001819
 10
160.5895509274087
 20
101.7880731614435
 30
0.000000000001819
 10
160.5894283994967
 20
101.7877711970135
 30
0.000000000001819
 10
160.5892514811476
 20
101.7874424651215
 30
0.000000000001819
  0
LINE
  5
12DC
330
70
100
AcDbEntity
  8
Visible
100
AcDbLine
 10
160.59184
 20
101.797401
 30
0.0
 11
160.589625
 21
101.788364
 31
0.0
210
0.0
220
1.0
230
0.0
  0
LINE
  5
12DD
330
70
100
AcDbEntity
  8
Visible
100
AcDbLine
 10
160.588574
 20
101.791787
 30
0.0
 11
160.587578
 21
101.791787
 31
0.0
210
0.0
220
1.0
230
0.0
  0
LINE
  5
12DE
330
70
100
AcDbEntity
  8
Visible
100
AcDbLine
 10
160.593906
 20
101.814592
 30
0.0
 11
160.59291
 21
101.814592
 31
0.0
210
0.0
220
1.0
230
0.0
  0
LINE
  5
12DF
330
70
100
AcDbEntity
  8
Visible
100
AcDbLine
 10
160.588569
 20
101.783365
 30
0.0
 11
160.587573
 21
101.783365
 31
0.0
210
0.0
220
1.0
230
0.0
  0
LINE
  5
12E0
330
70
100
AcDbEntity
  8
Visible
100
AcDbLine
 10
160.593872
 20
101.759694
 30
0.0
 11
160.592876
 21
101.759694
 31
0.0
210
0.0
220
1.0
230
0.0
  0
LINE
  5
12E1
330
70
100
AcDbEntity
  8
Visible
100
AcDbLine
 10
160.590834
 20
101.781117
 30
0.0
 11
160.590842
 21
101.793328
 31
0.0
210
0.0
220
1.0
230
0.0
  0
SPLINE
  5
12E2
330
70
100
AcDbEntity
  8
Visible
100
AcDbSpline
210
0.0
220
0.0
230
1.0
 70
     8
 71
     3
 72
    14
 73
    10
 74
     0
 42
0.000000001
 43
0.0000000001
 40
-0.0076202749901336
 40
-0.0076202749901336
 40
-0.0076202749901336
 40
-0.0076202749901336
 40
-0.0057077664707269
 40
-0.0057077664707269
 40
-0.0038302083520508
 40
-0.0038302083520508
 40
-0.0019307748569883
 40
-0.0019307748569883
 40
0.0
 40
0.0
 40
0.0
 40
0.0
 10
160.5884023645594
 20
101.4437924500525
 30
0.000000000001819
 10
160.5878467667371
 20
101.4437314247959
 30
0.000000000001819
 10
160.5872978008265
 20
101.4426264704985
 30
0.000000000001819
 10
160.5862581356505
 20
101.4384948352586
 30
0.000000000001819
 10
160.5857735805602
 20
101.4355313523201
 30
0.000000000001819
 10
160.5848943728397
 20
101.4280175648371
 30
0.000000000001819
 10
160.5845039434225
 20
101.4234761237087
 30
0.000000000001819
 10
160.5838520249363
 20
101.4131398853274
 30
0.000000000001819
 10
160.5835958214447
 20
101.4073740289752
 30
0.000000000001819
 10
160.5834231194058
 20
101.4012507503155
 30
0.000000000001819
  0
ELLIPSE
  5
12E3
330
70
100
AcDbEntity
  8
Visible
100
AcDbEllipse
 10
160.58467
 20
101.31958
 30
0.0
 11
0.0008574832903205
 21
0.0859662266795757
 31
0.0
210
-0.0000000000000002
220
0.0
230
1.0
 40
0.0766192794952499
 41
0.3182236977607959
 42
0.8232863818227817
  0
ELLIPSE
  5
12E4
330
70
100
AcDbEntity
  8
Visible
100
AcDbEllipse
 10
160.586725
 20
101.321976
 30
0.0
 11
0.0003088680560866
 21
0.0900652386504822
 31
0.0
210
-0.0000000000000002
220
0.0
230
1.0
 40
0.092150986272572
 41
0.8987870431916782
 42
1.601556622238398
  0
ELLIPSE
  5
12E5
330
70
100
AcDbEntity
  8
Visible
100
AcDbEllipse
 10
160.591482
 20
101.331091
 30
0.0
 11
0.0014196097444019
 21
0.1164950596903121
 31
0.0
210
-0.0000000000000002
220
0.0
230
1.0
 40
0.1114631887330066
 41
1.67410653260143
 42
2.1540894262256
  0
SPLINE
  5
12E6
330
70
100
AcDbEntity
  8
Visible
100
AcDbSpline
210
0.0
220
0.0
230
1.0
 70
     8
 71
     3
 72
     8
 73
     4
 74
     0
 42
0.000000001
 43
0.0000000001
 40
3.0
 40
3.0
 40
3.0
 40
3.0
 40
4.0
 40
4.0
 40
4.0
 40
4.0
 10
160.5798617634536
 20
101.2670603690245
 30
0.000000000001819
 10
160.5803108876825
 20
101.2596490978875
 30
0.000000000001819
 10
160.5808742368481
 20
101.2535299577675
 30
0.000000000001819
 10
160.5815134678341
 20
101.2478384514315
 30
0.000000000001819
  0
SPLINE
  5
12E7
330
70
100
AcDbEntity
  8
Visible
100
AcDbSpline
210
0.0
220
0.0
230
1.0
 70
     8
 71
     3
 72
     8
 73
     4
 74
     0
 42
0.000000001
 43
0.0000000001
 40
4.0
 40
4.0
 40
4.0
 40
4.0
 40
5.0
 40
5.0
 40
5.0
 40
5.0
 10
160.5815134678341
 20
101.2478384514315
 30
0.000000000001819
 10
160.5814735156982
 20
101.2443712493815
 30
0.000000000001819
 10
160.5814338320579
 20
101.2413378259255
 30
0.000000000001819
 10
160.5814316869419
 20
101.2378675473045
 30
0.000000000001819
  0
ELLIPSE
  5
12E8
330
70
100
AcDbEntity
  8
Visible
100
AcDbEllipse
 10
160.588471
 20
101.240217
 30
0.0
 11
0.0002680614639321
 21
0.075585067066071
 31
0.0
210
-0.0000000000000002
220
0.0
230
0.9999999999999998
 40
0.0930632139614129
 41
1.602217738317167
 42
2.336808544452827
  0
SPLINE
  5
12E9
330
70
100
AcDbEntity
  8
Visible
100
AcDbSpline
210
0.0
220
0.0
230
1.0
 70
     8
 71
     3
 72
    10
 73
     6
 74
     0
 42
0.000000001
 43
0.0000000001
 40
-0.005511202617525
 40
-0.005511202617525
 40
-0.005511202617525
 40
-0.005511202617525
 40
-0.0027552907222512
 40
-0.0027552907222512
 40
0.0
 40
0.0
 40
0.0
 40
0.0
 10
160.5832155809257
 20
101.1878345696845
 30
0.000000000001819
 10
160.5837773898329
 20
101.181296439335
 30
0.000000000001819
 10
160.5844470698266
 20
101.1761142485275
 30
0.000000000001819
 10
160.5859219187241
 20
101.169013240718
 30
0.000000000001819
 10
160.5867125170134
 20
101.1671610607035
 30
0.000000000001819
 10
160.5875129615797
 20
101.1670959239915
 30
0.000000000001819
  0
SPLINE
  5
12EA
330
70
100
AcDbEntity
  8
Visible
100
AcDbSpline
210
0.0
220
0.0
230
1.0
 70
     8
 71
     3
 72
    10
 73
     6
 74
     0
 42
0.000000001
 43
0.0000000001
 40
-0.0051963844001248
 40
-0.0051963844001248
 40
-0.0051963844001248
 40
-0.0051963844001248
 40
-0.0025975924984114
 40
-0.0025975924984114
 40
0.0
 40
0.0
 40
0.0
 40
0.0
 10
160.5875129615797
 20
101.1670959239915
 30
0.000000000001819
 10
160.5882676844758
 20
101.1670345079106
 30
0.000000000001819
 10
160.5890173756015
 20
101.1685949079402
 30
0.000000000001819
 10
160.5904285467095
 20
101.1747152148303
 30
0.000000000001819
 10
160.5910806787979
 20
101.1792330189463
 30
0.000000000001819
 10
160.5916451719513
 20
101.1849795583565
 30
0.000000000001819
  0
ELLIPSE
  5
12EB
330
70
100
AcDbEntity
  8
Visible
100
AcDbEllipse
 10
160.568413
 20
101.372587
 30
0.0
 11
-0.0155773095319123
 21
0.2145504278043385
 31
0.0
210
-0.0000000000000002
220
0.0
230
1.0
 40
0.0929691277009969
 41
3.641434894981191
 42
3.91137457399103
  0
ARC
  5
12EC
330
70
100
AcDbEntity
  8
Visible
100
AcDbCircle
 10
-160.369629
 20
101.253853
 30
0.0
 40
0.226508638657284
210
0.0000000000000002
220
0.0
230
-1.0
100
AcDbArc
 50
178.309827
 51
188.716034
  0
SPLINE
  5
12ED
330
70
100
AcDbEntity
  8
Visible
100
AcDbSpline
210
0.0
220
0.0
230
1.0
 70
     8
 71
     3
 72
    14
 73
    10
 74
     0
 42
0.000000001
 43
0.0000000001
 40
-0.0068488733306201
 40
-0.0068488733306201
 40
-0.0068488733306201
 40
-0.0068488733306201
 40
-0.005152540513063
 40
-0.005152540513063
 40
-0.003424436665323
 40
-0.003424436665323
 40
-0.0016963328175772
 40
-0.0016963328175772
 40
0.0
 40
0.0
 40
0.0
 40
0.0
 10
160.5960776933389
 20
101.2605350988345
 30
0.000000000001819
 10
160.5960811884852
 20
101.2661893993515
 30
0.000000000001819
 10
160.5959890650174
 20
101.271753091478
 30
0.000000000001819
 10
160.5956168689608
 20
101.2823161245116
 30
0.000000000001819
 10
160.5953376522066
 20
101.2871697838966
 30
0.000000000001819
 10
160.5946344553249
 20
101.2953533269874
 30
0.000000000001819
 10
160.5942154340027
 20
101.2986255019977
 30
0.000000000001819
 10
160.5933001768553
 20
101.3030453692783
 30
0.000000000001819
 10
160.592816624594
 20
101.3041811766193
 30
0.000000000001819
 10
160.5923238198338
 20
101.3042212789365
 30
0.000000000001819
  0
LINE
  5
12EE
330
70
100
AcDbEntity
  8
Visible
100
AcDbLine
 10
160.592324
 20
101.304221
 30
0.0
 11
160.591946
 21
101.304252
 31
0.0
210
0.0
220
1.0
230
0.0
  0
LINE
  5
12EF
330
70
100
AcDbEntity
  8
Visible
100
AcDbLine
 10
160.591946
 20
101.304252
 30
0.0
 11
160.589186
 21
101.36521
 31
0.0
210
0.0
220
1.0
230
0.0
  0
LINE
  5
12F0
330
70
100
AcDbEntity
  8
Visible
100
AcDbLine
 10
160.589186
 20
101.36521
 30
0.0
 11
160.587174
 21
101.351925
 31
0.0
210
0.0
220
1.0
230
0.0
  0
LINE
  5
12F1
330
70
100
AcDbEntity
  8
Visible
100
AcDbLine
 10
160.587174
 20
101.351925
 30
0.0
 11
160.589784
 21
101.293583
 31
0.0
210
0.0
220
1.0
230
0.0
  0
ELLIPSE
  5
12F2
330
70
100
AcDbEntity
  8
Visible
100
AcDbEllipse
 10
160.592283
 20
101.259426
 30
0.0
 11
-0.0001256896419686
 21
0.0440622512655657
 31
0.0
210
-0.0000000000000002
220
0.0
230
1.0
 40
0.086291428609041
 41
0.683523328933009
 42
1.531331166041168
  0
ARC
  5
12F3
330
70
100
AcDbEntity
  8
Visible
100
AcDbCircle
 10
-160.83434
 20
101.255027
 30
0.0
 40
0.2459068676756118
210
0.0000000000000002
220
0.0
230
-1.0
100
AcDbArc
 50
351.851053
 51
1.427538
  0
SPLINE
  5
12F4
330
70
100
AcDbEntity
  8
Visible
100
AcDbSpline
210
0.0
220
0.0
230
1.0
 70
     8
 71
     3
 72
    14
 73
    10
 74
     0
 42
0.000000001
 43
0.0000000001
 40
-0.0050485541756849
 40
-0.0050485541756849
 40
-0.0050485541756849
 40
-0.0050485541756849
 40
-0.0037752224402988
 40
-0.0037752224402988
 40
-0.0025061543076426
 40
-0.0025061543076426
 40
-0.0012749517418406
 40
-0.0012749517418406
 40
0.0
 40
0.0
 40
0.0
 40
0.0
 10
160.5909485600878
 20
101.2201746316475
 30
0.000000000001819
 10
160.5907925422616
 20
101.2163311070445
 30
0.000000000001819
 10
160.5905896166005
 20
101.21275324146
 30
0.000000000001819
 10
160.5901049331478
 20
101.2063728498619
 30
0.000000000001819
 10
160.589824841074
 20
101.2035861906728
 30
0.000000000001819
 10
160.5892145140078
 20
101.1990860885828
 30
0.000000000001819
 10
160.588888713939
 20
101.1973628837666
 30
0.000000000001819
 10
160.5881912579716
 20
101.194989801638
 30
0.000000000001819
 10
160.5878246274897
 20
101.1944004200727
 30
0.000000000001819
 10
160.5874542389192
 20
101.1944305606905
 30
0.000000000001819
  0
SPLINE
  5
12F5
330
70
100
AcDbEntity
  8
Visible
100
AcDbSpline
210
0.0
220
0.0
230
1.0
 70
     8
 71
     3
 72
    14
 73
    10
 74
     0
 42
0.000000001
 43
0.0000000001
 40
-0.0068488733306767
 40
-0.0068488733306767
 40
-0.0068488733306767
 40
-0.0068488733306767
 40
-0.0051525405131163
 40
-0.0051525405131163
 40
-0.0034244366653185
 40
-0.0034244366653185
 40
-0.0016963328175336
 40
-0.0016963328175336
 40
0.0
 40
0.0
 40
0.0
 40
0.0
 10
160.5874542389192
 20
101.1944305606905
 30
0.000000000001819
 10
160.5869614341572
 20
101.1944706630077
 30
0.000000000001819
 10
160.5864778818977
 20
101.1956064703487
 30
0.000000000001819
 10
160.5855626247503
 20
101.2000263376292
 30
0.000000000001819
 10
160.5851436034263
 20
101.2032985126395
 30
0.000000000001819
 10
160.5844404065465
 20
101.2114820557305
 30
0.000000000001819
 10
160.5841611897904
 20
101.2163357151155
 30
0.000000000001819
 10
160.5837889937338
 20
101.2268987481491
 30
0.000000000001819
 10
160.5836968702661
 20
101.2324624402756
 30
0.000000000001819
 10
160.5837003654142
 20
101.2381167407925
 30
0.000000000001819
  0
ELLIPSE
  5
12F6
330
70
100
AcDbEntity
  8
Visible
100
AcDbEllipse
 10
160.585607
 20
101.245942
 30
0.0
 11
0.0005156337213506
 21
0.029935757867594
 31
0.0
210
0.0000000000000002
220
0.0
230
-1.0
 40
0.0613336470567982
 41
4.446854444119479
 42
5.240773428434649
  0
ARC
  5
12F7
330
70
100
AcDbEntity
  8
Visible
100
AcDbCircle
 10
-160.91273
 20
101.310001
 30
0.0
 40
0.3321264944642021
210
0.0000000000000002
220
0.0
230
-1.0
100
AcDbArc
 50
351.525088
 51
1.635858
  0
SPLINE
  5
12F8
330
70
100
AcDbEntity
  8
Visible
100
AcDbSpline
210
0.0
220
0.0
230
1.0
 70
     8
 71
     3
 72
     8
 73
     4
 74
     0
 42
0.000000001
 43
0.0000000001
 40
21.0
 40
21.0
 40
21.0
 40
21.0
 40
22.0
 40
22.0
 40
22.0
 40
22.0
 10
160.5806881527096
 20
101.3194837688485
 30
0.000000000001819
 10
160.580707458781
 20
101.3507163095305
 30
0.000000000001819
 10
160.5828029252898
 20
101.3765742132205
 30
0.000000000001819
 10
160.5854515516512
 20
101.3798291326595
 30
0.000000000001819
  0
LINE
  5
12F9
330
70
100
AcDbEntity
  8
Visible
100
AcDbLine
 10
160.585452
 20
101.379829
 30
0.0
 11
160.585454
 21
101.383299
 31
0.0
210
0.0
220
1.0
230
0.0
  0
SPLINE
  5
12FA
330
70
100
AcDbEntity
  8
Visible
100
AcDbSpline
210
0.0
220
0.0
230
1.0
 70
     8
 71
     3
 72
    14
 73
    10
 74
     0
 42
0.000000001
 43
0.0000000001
 40
-0.0053448363939779
 40
-0.0053448363939779
 40
-0.0053448363939779
 40
-0.0053448363939779
 40
-0.0040155786143206
 40
-0.0040155786143206
 40
-0.0026724181969714
 40
-0.0026724181969714
 40
-0.0013292577796232
 40
-0.0013292577796232
 40
0.0
 40
0.0
 40
0.0
 40
0.0
 10
160.5854536967672
 20
101.3832994112805
 30
0.000000000001819
 10
160.5854564355886
 20
101.3877301591108
 30
0.000000000001819
 10
160.5855337899593
 20
101.3920777477524
 30
0.000000000001819
 10
160.5858346730128
 20
101.400271049688
 30
0.000000000001819
 10
160.5860561568461
 20
101.4040062548053
 30
0.000000000001819
 10
160.586610463557
 20
101.4102766322119
 30
0.000000000001819
 10
160.5869391169108
 20
101.4127646384133
 30
0.000000000001819
 10
160.5876574061149
 20
101.4161003232105
 30
0.000000000001819
 10
160.5880373825075
 20
101.4169261095983
 30
0.000000000001819
 10
160.588423547626
 20
101.4168946851535
 30
0.000000000001819
  0
SPLINE
  5
12FB
330
70
100
AcDbEntity
  8
Visible
100
AcDbSpline
210
0.0
220
0.0
230
1.0
 70
     8
 71
     3
 72
    14
 73
    10
 74
     0
 42
0.000000001
 43
0.0000000001
 40
-0.0050975241291843
 40
-0.0050975241291843
 40
-0.0050975241291843
 40
-0.0050975241291843
 40
-0.0037965637377629
 40
-0.0037965637377629
 40
-0.0025425272413509
 40
-0.0025425272413509
 40
-0.0012956146540155
 40
-0.0012956146540155
 40
0.0
 40
0.0
 40
0.0
 40
0.0
 10
160.588423547626
 20
101.4168946851535
 30
0.000000000001819
 10
160.5888015014316
 20
101.4168639289097
 30
0.000000000001819
 10
160.5891734025699
 20
101.4160341509942
 30
0.000000000001819
 10
160.5898605372949
 20
101.4128541582282
 30
0.000000000001819
 10
160.5901696987257
 20
101.4105931951905
 30
0.000000000001819
 10
160.5906988199476
 20
101.4049100248119
 30
0.000000000001819
 10
160.5909148132086
 20
101.4015415530619
 30
0.000000000001819
 10
160.5912339600709
 20
101.3939161426702
 30
0.000000000001819
 10
160.5913283725767
 20
101.3897315003778
 30
0.000000000001819
 10
160.5913531775095
 20
101.3854221728365
 30
0.000000000001819
  0
LINE
  5
12FC
330
70
100
AcDbEntity
  8
Visible
100
AcDbLine
 10
160.591353
 20
101.385422
 30
0.0
 11
160.591341
 21
101.365902
 31
0.0
210
0.0
220
1.0
230
0.0
  0
SPLINE
  5
12FD
330
70
100
AcDbEntity
  8
Visible
100
AcDbSpline
210
0.0
220
0.0
230
1.0
 70
     8
 71
     3
 72
     8
 73
     4
 74
     0
 42
0.000000001
 43
0.0000000001
 40
26.0
 40
26.0
 40
26.0
 40
26.0
 40
27.0
 40
27.0
 40
27.0
 40
27.0
 10
160.591341111216
 20
101.3659018369795
 30
0.000000000001819
 10
160.5913405749343
 20
101.3650342631865
 30
0.000000000001819
 10
160.5913022323548
 20
101.3641697659075
 30
0.000000000001819
 10
160.5913016960821
 20
101.3633022086635
 30
0.000000000001819
  0
SPLINE
  5
12FE
330
70
100
AcDbEntity
  8
Visible
100
AcDbSpline
210
0.0
220
0.0
230
1.0
 70
     8
 71
     3
 72
    14
 73
    10
 74
     0
 42
0.000000001
 43
0.0000000001
 40
-0.0021217814709696
 40
-0.0021217814709696
 40
-0.0021217814709696
 40
-0.0021217814709696
 40
-0.00159899013494
 40
-0.00159899013494
 40
-0.0010608902601455
 40
-0.0010608902601455
 40
-0.0005227905744045
 40
-0.0005227905744045
 40
0.0
 40
0.0
 40
0.0
 40
0.0
 10
160.5913016960821
 20
101.3633022086635
 30
0.000000000001819
 10
160.5913006189166
 20
101.3615596145853
 30
0.000000000001819
 10
160.591329116367
 20
101.3598449170222
 30
0.000000000001819
 10
160.5914442893154
 20
101.3565715236262
 30
0.000000000001819
 10
160.5915313223449
 20
101.3550593581687
 30
0.000000000001819
 10
160.591750314421
 20
101.3525108121975
 30
0.000000000001819
 10
160.5918808606238
 20
101.3514908734884
 30
0.000000000001819
 10
160.5921644931386
 20
101.3501231180742
 30
0.000000000001819
 10
160.5923135194462
 20
101.3497718585778
 30
0.000000000001819
 10
160.5924653962956
 20
101.3497594994975
 30
0.000000000001819
  0
SPLINE
  5
12FF
330
70
100
AcDbEntity
  8
Visible
100
AcDbSpline
210
0.0
220
0.0
230
1.0
 70
     8
 71
     3
 72
    14
 73
    10
 74
     0
 42
0.000000001
 43
0.0000000001
 40
-0.0020300436117223
 40
-0.0020300436117223
 40
-0.0020300436117223
 40
-0.0020300436117223
 40
-0.0015169532011153
 40
-0.0015169532011153
 40
-0.0010135283405184
 40
-0.0010135283405184
 40
-0.0005118333687227
 40
-0.0005118333687227
 40
0.0
 40
0.0
 40
0.0
 40
0.0
 10
160.5924653962956
 20
101.3497594994975
 30
0.000000000001819
 10
160.5926144515688
 20
101.3497473700249
 30
0.000000000001819
 10
160.5927615342734
 20
101.3500783375061
 30
0.000000000001819
 10
160.5930351277438
 20
101.3513430091272
 30
0.000000000001819
 10
160.5931599546329
 20
101.3522560067858
 30
0.000000000001819
 10
160.5933743140922
 20
101.3545240281367
 30
0.000000000001819
 10
160.5934634372825
 20
101.3558719231039
 30
0.000000000001819
 10
160.5935947681046
 20
101.3588909971847
 30
0.000000000001819
 10
160.593634857265
 20
101.3605419135789
 30
0.000000000001819
 10
160.5936451849011
 20
101.3622439048085
 30
0.000000000001819
  0
LINE
  5
1300
330
70
100
AcDbEntity
  8
Visible
100
AcDbLine
 10
160.593645
 20
101.362244
 30
0.0
 11
160.593661
 21
101.387837
 31
0.0
210
0.0
220
1.0
230
0.0
  0
ELLIPSE
  5
1301
330
70
100
AcDbEntity
  8
Visible
100
AcDbEllipse
 10
160.587242
 20
101.378853
 30
0.0
 11
0.0004061923332367
 21
0.0674232877091199
 31
0.0
210
-0.0000000000000002
220
0.0
230
0.9999999999999998
 40
0.0952563885833719
 41
-1.436579817605004
 42
-0.7653092245827251
  0
SPLINE
  5
1302
330
70
100
AcDbEntity
  8
Visible
100
AcDbSpline
210
0.0
220
0.0
230
1.0
 70
     8
 71
     3
 72
    10
 73
     6
 74
     0
 42
0.000000001
 43
0.0000000001
 40
-0.0045410897777701
 40
-0.0045410897777701
 40
-0.0045410897777701
 40
-0.0045410897777701
 40
-0.0022700016119665
 40
-0.0022700016119665
 40
0.0
 40
0.0
 40
0.0
 40
0.0
 10
160.5919840964979
 20
101.4274501196405
 30
0.000000000001819
 10
160.5915022842982
 20
101.4326261509012
 30
0.000000000001819
 10
160.5909405115308
 20
101.4367048512192
 30
0.000000000001819
 10
160.5897147987962
 20
101.4422849597398
 30
0.000000000001819
 10
160.589061826895
 20
101.4437387858636
 30
0.000000000001819
 10
160.5884023645594
 20
101.4437924500525
 30
0.000000000001819
  0
SPLINE
  5
1303
330
70
100
AcDbEntity
  8
Visible
100
AcDbSpline
210
0.0
220
0.0
230
1.0
 70
     8
 71
     3
 72
    11
 73
     7
 74
     0
 42
0.000000001
 43
0.0000000001
 40
0.0
 40
0.0
 40
0.0
 40
0.0
 40
0.992246488729615
 40
0.992246488729615
 40
0.992246488729615
 40
2.0
 40
2.0
 40
2.0
 40
2.0
 10
160.5938090155887
 20
101.2602859052875
 30
0.000000000001819
 10
160.5938148689238
 20
101.2697551817773
 30
0.000000000001819
 10
160.5931512598436
 20
101.2772579043393
 30
0.000000000001819
 10
160.5923450043428
 20
101.2773235139195
 30
0.000000000001819
 10
160.5914871544701
 20
101.2773933220272
 30
0.000000000001819
 10
160.5908657527907
 20
101.2697059993102
 30
0.000000000001819
 10
160.5908600781931
 20
101.2605258770415
 30
0.000000000001819
  0
SPLINE
  5
1304
330
70
100
AcDbEntity
  8
Visible
100
AcDbSpline
210
0.0
220
0.0
230
1.0
 70
     8
 71
     3
 72
    26
 73
    22
 74
     0
 42
0.000000001
 43
0.0000000001
 40
-0.0053307077175267
 40
-0.0053307077175267
 40
-0.0053307077175267
 40
-0.0053307077175267
 40
-0.0049766916045125
 40
-0.0049766916045125
 40
-0.0046303618365999
 40
-0.0046303618365999
 40
-0.0039639886032904
 40
-0.0039639886032904
 40
-0.0033220888492092
 40
-0.0033220888492092
 40
-0.0026653538588174
 40
-0.0026653538588174
 40
-0.0020086188684061
 40
-0.0020086188684061
 40
-0.0013667191143527
 40
-0.0013667191143527
 40
-0.0007003458810196
 40
-0.0007003458810196
 40
-0.0003540161130604
 40
-0.0003540161130604
 40
0.0
 40
0.0
 40
0.0
 40
0.0
 10
160.5908600781931
 20
101.2605258770415
 30
0.000000000001819
 10
160.5908593487729
 20
101.2593458530095
 30
0.000000000001819
 10
160.590869407597
 20
101.2581704732629
 30
0.000000000001819
 10
160.5909104638376
 20
101.2558846857121
 30
0.000000000001819
 10
160.5909408589177
 20
101.2547817353327
 30
0.000000000001819
 10
160.5910575616471
 20
101.2516846578434
 30
0.000000000001819
 10
160.5911686648906
 20
101.2498335573791
 30
0.000000000001819
 10
160.5914403487422
 20
101.246788275687
 30
0.000000000001819
 10
160.5915970434162
 20
101.2455939743647
 30
0.000000000001819
 10
160.5919454790255
 20
101.2439318193685
 30
0.000000000001819
 10
160.5921328629283
 20
101.2435038295947
 30
0.000000000001819
 10
160.5925153159478
 20
101.2434727072243
 30
0.000000000001819
 10
160.592703210088
 20
101.2438701584961
 30
0.000000000001819
 10
160.5930536654286
 20
101.2454754407734
 30
0.000000000001819
 10
160.5932118207565
 20
101.2466441209662
 30
0.000000000001819
 10
160.5934872419056
 20
101.2496448816225
 30
0.000000000001819
 10
160.5936006223328
 20
101.2514777145778
 30
0.000000000001819
 10
160.5937211419823
 20
101.2545554879373
 30
0.000000000001819
 10
160.5937528974918
 20
101.255653380771
 30
0.000000000001819
 10
160.5937967753325
 20
101.2579322567542
 30
0.000000000001819
 10
160.5938082861685
 20
101.2591058812554
 30
0.000000000001819
 10
160.5938090155887
 20
101.2602859052875
 30
0.000000000001819
  0
LINE
  5
1305
330
70
100
AcDbEntity
  8
Visible
100
AcDbLine
 10
160.583423
 20
101.401251
 30
0.0
 11
160.582427
 21
101.401251
 31
0.0
210
0.0
220
1.0
230
0.0
  0
LINE
  5
1306
330
70
100
AcDbEntity
  8
Visible
100
AcDbLine
 10
160.588402
 20
101.443792
 30
0.0
 11
160.587406
 21
101.443792
 31
0.0
210
0.0
220
1.0
230
0.0
  0
LINE
  5
1307
330
70
100
AcDbEntity
  8
Visible
100
AcDbLine
 10
160.580422
 20
101.378069
 30
0.0
 11
160.579426
 21
101.378069
 31
0.0
210
0.0
220
1.0
230
0.0
  0
LINE
  5
1308
330
70
100
AcDbEntity
  8
Visible
100
AcDbLine
 10
160.581513
 20
101.247838
 30
0.0
 11
160.580517
 21
101.247838
 31
0.0
210
0.0
220
1.0
230
0.0
  0
LINE
  5
1309
330
70
100
AcDbEntity
  8
Visible
100
AcDbLine
 10
160.589186
 20
101.36521
 30
0.0
 11
160.588189
 21
101.36521
 31
0.0
210
0.0
220
1.0
230
0.0
  0
LINE
  5
130A
330
70
100
AcDbEntity
  8
Visible
100
AcDbLine
 10
160.587174
 20
101.351925
 30
0.0
 11
160.586177
 21
101.351925
 31
0.0
210
0.0
220
1.0
230
0.0
  0
LINE
  5
130B
330
70
100
AcDbEntity
  8
Visible
100
AcDbLine
 10
160.589784
 20
101.293583
 30
0.0
 11
160.588788
 21
101.293583
 31
0.0
210
0.0
220
1.0
230
0.0
  0
LINE
  5
130C
330
70
100
AcDbEntity
  8
Visible
100
AcDbLine
 10
160.590949
 20
101.220175
 30
0.0
 11
160.589952
 21
101.220175
 31
0.0
210
0.0
220
1.0
230
0.0
  0
LINE
  5
130D
330
70
100
AcDbEntity
  8
Visible
100
AcDbLine
 10
160.591353
 20
101.385422
 30
0.0
 11
160.590357
 21
101.385422
 31
0.0
210
0.0
220
1.0
230
0.0
  0
LINE
  5
130E
330
70
100
AcDbEntity
  8
Visible
100
AcDbLine
 10
160.592465
 20
101.349759
 30
0.0
 11
160.591469
 21
101.349759
 31
0.0
210
0.0
220
1.0
230
0.0
  0
SPLINE
  5
130F
330
70
100
AcDbEntity
  8
Visible
100
AcDbSpline
210
0.0
220
0.0
230
1.0
 70
     8
 71
     3
 72
     8
 73
     4
 74
     0
 42
0.000000001
 43
0.0000000001
 40
0.0
 40
0.0
 40
0.0
 40
0.0
 40
0.7831652266387126
 40
0.7831652266387126
 40
0.7831652266387126
 40
0.7831652266387126
 10
160.5928128209689
 20
101.2602859052875
 30
0.000000000001819
 10
160.5928174408564
 20
101.2677598627694
 30
0.000000000001819
 10
160.5924050052945
 20
101.2740087146908
 30
0.000000000001819
 10
160.5918345504269
 20
101.2763425793126
 30
0.000000000001819
  0
ARC
  5
1310
330
70
100
AcDbEntity
  8
Visible
100
AcDbCircle
 10
-160.497103
 20
101.258091
 30
0.0
 40
0.0957194978766015
210
0.0000000000000002
220
0.0
230
-1.0
100
AcDbArc
 50
178.686257
 51
188.179558
  0
LINE
  5
1311
330
70
100
AcDbEntity
  8
Visible
100
AcDbLine
 10
160.582765
 20
101.528894
 30
0.0
 11
160.581769
 21
101.528894
 31
0.0
210
0.0
220
1.0
230
0.0
  0
LINE
  5
1312
330
70
100
AcDbEntity
  8
Visible
100
AcDbLine
 10
160.590997
 20
101.5791
 30
0.0
 11
160.590001
 21
101.5791
 31
0.0
210
0.0
220
1.0
230
0.0
  0
LINE
  5
1313
330
70
100
AcDbEntity
  8
Visible
100
AcDbLine
 10
160.587556
 20
101.167094
 30
0.0
 11
160.58656
 21
101.167094
 31
0.0
210
0.0
220
1.0
230
0.0
  0
LINE
  5
1314
330
70
100
AcDbEntity
  8
Visible
100
AcDbLine
 10
154.556882
 20
99.255898
 30
0.0
 11
154.346882
 21
99.255898
 31
0.0
210
0.0
220
1.0
230
0.0
  0
LINE
  5
1315
330
70
100
AcDbEntity
  8
Visible
100
AcDbLine
 10
153.716882
 20
99.255898
 30
0.0
 11
153.506882
 21
99.255898
 31
0.0
210
0.0
220
1.0
230
0.0
  0
LINE
  5
1316
330
70
100
AcDbEntity
  8
Visible
100
AcDbLine
 10
154.346882
 20
99.203398
 30
0.0
 11
154.346882
 21
99.255898
 31
0.0
210
0.0
220
1.0
230
0.0
  0
LINE
  5
1317
330
70
100
AcDbEntity
  8
Visible
100
AcDbLine
 10
153.716882
 20
99.203398
 30
0.0
 11
153.722132
 21
99.203398
 31
0.0
210
0.0
220
1.0
230
0.0
  0
LINE
  5
1318
330
70
100
AcDbEntity
  8
Visible
100
AcDbLine
 10
154.341632
 20
99.203398
 30
0.0
 11
154.346882
 21
99.203398
 31
0.0
210
0.0
220
1.0
230
0.0
  0
LINE
  5
1319
330
70
100
AcDbEntity
  8
Visible
100
AcDbLine
 10
153.716882
 20
99.255898
 30
0.0
 11
153.716882
 21
99.203398
 31
0.0
210
0.0
220
1.0
230
0.0
  0
LINE
  5
131A
330
70
100
AcDbEntity
  8
Visible
100
AcDbLine
 10
153.506882
 20
99.255898
 30
0.0
 11
153.506882
 21
98.730898
 31
0.0
210
0.0
220
1.0
230
0.0
  0
LINE
  5
131B
330
70
100
AcDbEntity
  8
Visible
100
AcDbLine
 10
153.506882
 20
98.730898
 30
0.0
 11
153.716882
 21
98.730898
 31
0.0
210
0.0
220
1.0
230
0.0
  0
LINE
  5
131C
330
70
100
AcDbEntity
  8
Visible
100
AcDbLine
 10
153.716882
 20
98.730898
 30
0.0
 11
153.716882
 21
98.783398
 31
0.0
210
0.0
220
1.0
230
0.0
  0
LINE
  5
131D
330
70
100
AcDbEntity
  8
Visible
100
AcDbLine
 10
154.346882
 20
98.783398
 30
0.0
 11
154.341632
 21
98.783398
 31
0.0
210
0.0
220
1.0
230
0.0
  0
LINE
  5
131E
330
70
100
AcDbEntity
  8
Visible
100
AcDbLine
 10
153.722132
 20
98.783398
 30
0.0
 11
153.716882
 21
98.783398
 31
0.0
210
0.0
220
1.0
230
0.0
  0
LINE
  5
131F
330
70
100
AcDbEntity
  8
Visible
100
AcDbLine
 10
154.346882
 20
98.783398
 30
0.0
 11
154.346882
 21
98.730898
 31
0.0
210
0.0
220
1.0
230
0.0
  0
LINE
  5
1320
330
70
100
AcDbEntity
  8
Visible
100
AcDbLine
 10
154.346882
 20
98.730898
 30
0.0
 11
154.556882
 21
98.730898
 31
0.0
210
0.0
220
1.0
230
0.0
  0
LINE
  5
1321
330
70
100
AcDbEntity
  8
Visible
100
AcDbLine
 10
154.556882
 20
98.730898
 30
0.0
 11
154.556882
 21
99.255898
 31
0.0
210
0.0
220
1.0
230
0.0
  0
LINE
  5
1322
330
70
100
AcDbEntity
  8
Visible
100
AcDbLine
 10
157.95189
 20
100.635902
 30
0.0
 11
158.16189
 21
100.635902
 31
0.0
210
0.0
220
1.0
230
0.0
  0
LINE
  5
1323
330
70
100
AcDbEntity
  8
Visible
100
AcDbLine
 10
158.79189
 20
100.635902
 30
0.0
 11
159.00189
 21
100.635902
 31
0.0
210
0.0
220
1.0
230
0.0
  0
LINE
  5
1324
330
70
100
AcDbEntity
  8
Visible
100
AcDbLine
 10
158.16189
 20
100.688402
 30
0.0
 11
158.16189
 21
100.635902
 31
0.0
210
0.0
220
1.0
230
0.0
  0
LINE
  5
1325
330
70
100
AcDbEntity
  8
Visible
100
AcDbLine
 10
158.79189
 20
100.688402
 30
0.0
 11
158.78664
 21
100.688402
 31
0.0
210
0.0
220
1.0
230
0.0
  0
LINE
  5
1326
330
70
100
AcDbEntity
  8
Visible
100
AcDbLine
 10
158.16714
 20
100.688402
 30
0.0
 11
158.16189
 21
100.688402
 31
0.0
210
0.0
220
1.0
230
0.0
  0
LINE
  5
1327
330
70
100
AcDbEntity
  8
Visible
100
AcDbLine
 10
158.79189
 20
100.635902
 30
0.0
 11
158.79189
 21
100.688402
 31
0.0
210
0.0
220
1.0
230
0.0
  0
LINE
  5
1328
330
70
100
AcDbEntity
  8
Visible
100
AcDbLine
 10
159.00189
 20
100.635902
 30
0.0
 11
159.00189
 21
101.160902
 31
0.0
210
0.0
220
1.0
230
0.0
  0
LINE
  5
1329
330
70
100
AcDbEntity
  8
Visible
100
AcDbLine
 10
159.00189
 20
101.160902
 30
0.0
 11
158.79189
 21
101.160902
 31
0.0
210
0.0
220
1.0
230
0.0
  0
LINE
  5
132A
330
70
100
AcDbEntity
  8
Visible
100
AcDbLine
 10
158.79189
 20
101.160902
 30
0.0
 11
158.79189
 21
101.108402
 31
0.0
210
0.0
220
1.0
230
0.0
  0
LINE
  5
132B
330
70
100
AcDbEntity
  8
Visible
100
AcDbLine
 10
158.16189
 20
101.108402
 30
0.0
 11
158.16714
 21
101.108402
 31
0.0
210
0.0
220
1.0
230
0.0
  0
LINE
  5
132C
330
70
100
AcDbEntity
  8
Visible
100
AcDbLine
 10
158.78664
 20
101.108402
 30
0.0
 11
158.79189
 21
101.108402
 31
0.0
210
0.0
220
1.0
230
0.0
  0
LINE
  5
132D
330
70
100
AcDbEntity
  8
Visible
100
AcDbLine
 10
158.16189
 20
101.108402
 30
0.0
 11
158.16189
 21
101.160902
 31
0.0
210
0.0
220
1.0
230
0.0
  0
LINE
  5
132E
330
70
100
AcDbEntity
  8
Visible
100
AcDbLine
 10
158.16189
 20
101.160902
 30
0.0
 11
157.95189
 21
101.160902
 31
0.0
210
0.0
220
1.0
230
0.0
  0
LINE
  5
132F
330
70
100
AcDbEntity
  8
Visible
100
AcDbLine
 10
157.95189
 20
101.160902
 30
0.0
 11
157.95189
 21
100.635902
 31
0.0
210
0.0
220
1.0
230
0.0
  0
LINE
  5
1330
330
70
100
AcDbEntity
  8
Visible
100
AcDbLine
 10
157.95189
 20
101.651904
 30
0.0
 11
158.16189
 21
101.651904
 31
0.0
210
0.0
220
1.0
230
0.0
  0
LINE
  5
1331
330
70
100
AcDbEntity
  8
Visible
100
AcDbLine
 10
158.79189
 20
101.651904
 30
0.0
 11
159.00189
 21
101.651904
 31
0.0
210
0.0
220
1.0
230
0.0
  0
LINE
  5
1332
330
70
100
AcDbEntity
  8
Visible
100
AcDbLine
 10
158.16189
 20
101.704404
 30
0.0
 11
158.16189
 21
101.651904
 31
0.0
210
0.0
220
1.0
230
0.0
  0
LINE
  5
1333
330
70
100
AcDbEntity
  8
Visible
100
AcDbLine
 10
158.79189
 20
101.704404
 30
0.0
 11
158.78664
 21
101.704404
 31
0.0
210
0.0
220
1.0
230
0.0
  0
LINE
  5
1334
330
70
100
AcDbEntity
  8
Visible
100
AcDbLine
 10
158.16714
 20
101.704404
 30
0.0
 11
158.16189
 21
101.704404
 31
0.0
210
0.0
220
1.0
230
0.0
  0
LINE
  5
1335
330
70
100
AcDbEntity
  8
Visible
100
AcDbLine
 10
158.79189
 20
101.651904
 30
0.0
 11
158.79189
 21
101.704404
 31
0.0
210
0.0
220
1.0
230
0.0
  0
LINE
  5
1336
330
70
100
AcDbEntity
  8
Visible
100
AcDbLine
 10
159.00189
 20
101.651904
 30
0.0
 11
159.00189
 21
102.176904
 31
0.0
210
0.0
220
1.0
230
0.0
  0
LINE
  5
1337
330
70
100
AcDbEntity
  8
Visible
100
AcDbLine
 10
159.00189
 20
102.176904
 30
0.0
 11
158.79189
 21
102.176904
 31
0.0
210
0.0
220
1.0
230
0.0
  0
LINE
  5
1338
330
70
100
AcDbEntity
  8
Visible
100
AcDbLine
 10
158.79189
 20
102.176904
 30
0.0
 11
158.79189
 21
102.124404
 31
0.0
210
0.0
220
1.0
230
0.0
  0
LINE
  5
1339
330
70
100
AcDbEntity
  8
Visible
100
AcDbLine
 10
158.16189
 20
102.124404
 30
0.0
 11
158.16714
 21
102.124404
 31
0.0
210
0.0
220
1.0
230
0.0
  0
LINE
  5
133A
330
70
100
AcDbEntity
  8
Visible
100
AcDbLine
 10
158.78664
 20
102.124404
 30
0.0
 11
158.79189
 21
102.124404
 31
0.0
210
0.0
220
1.0
230
0.0
  0
LINE
  5
133B
330
70
100
AcDbEntity
  8
Visible
100
AcDbLine
 10
158.16189
 20
102.124404
 30
0.0
 11
158.16189
 21
102.176904
 31
0.0
210
0.0
220
1.0
230
0.0
  0
LINE
  5
133C
330
70
100
AcDbEntity
  8
Visible
100
AcDbLine
 10
158.16189
 20
102.176904
 30
0.0
 11
157.95189
 21
102.176904
 31
0.0
210
0.0
220
1.0
230
0.0
  0
LINE
  5
133D
330
70
100
AcDbEntity
  8
Visible
100
AcDbLine
 10
157.95189
 20
102.176904
 30
0.0
 11
157.95189
 21
101.651904
 31
0.0
210
0.0
220
1.0
230
0.0
  0
LINE
  5
133E
330
70
100
AcDbEntity
  8
Visible
100
AcDbLine
 10
153.379881
 20
103.302907
 30
0.0
 11
153.589881
 21
103.302907
 31
0.0
210
0.0
220
1.0
230
0.0
  0
LINE
  5
133F
330
70
100
AcDbEntity
  8
Visible
100
AcDbLine
 10
154.219881
 20
103.302907
 30
0.0
 11
154.429881
 21
103.302907
 31
0.0
210
0.0
220
1.0
230
0.0
  0
LINE
  5
1340
330
70
100
AcDbEntity
  8
Visible
100
AcDbLine
 10
153.589881
 20
103.355407
 30
0.0
 11
153.589881
 21
103.302907
 31
0.0
210
0.0
220
1.0
230
0.0
  0
LINE
  5
1341
330
70
100
AcDbEntity
  8
Visible
100
AcDbLine
 10
154.219881
 20
103.355407
 30
0.0
 11
154.214631
 21
103.355407
 31
0.0
210
0.0
220
1.0
230
0.0
  0
LINE
  5
1342
330
70
100
AcDbEntity
  8
Visible
100
AcDbLine
 10
153.595131
 20
103.355407
 30
0.0
 11
153.589881
 21
103.355407
 31
0.0
210
0.0
220
1.0
230
0.0
  0
LINE
  5
1343
330
70
100
AcDbEntity
  8
Visible
100
AcDbLine
 10
154.219881
 20
103.302907
 30
0.0
 11
154.219881
 21
103.355407
 31
0.0
210
0.0
220
1.0
230
0.0
  0
LINE
  5
1344
330
70
100
AcDbEntity
  8
Visible
100
AcDbLine
 10
154.429881
 20
103.302907
 30
0.0
 11
154.429881
 21
103.827907
 31
0.0
210
0.0
220
1.0
230
0.0
  0
LINE
  5
1345
330
70
100
AcDbEntity
  8
Visible
100
AcDbLine
 10
154.429881
 20
103.827907
 30
0.0
 11
154.219881
 21
103.827907
 31
0.0
210
0.0
220
1.0
230
0.0
  0
LINE
  5
1346
330
70
100
AcDbEntity
  8
Visible
100
AcDbLine
 10
154.219881
 20
103.827907
 30
0.0
 11
154.219881
 21
103.775407
 31
0.0
210
0.0
220
1.0
230
0.0
  0
LINE
  5
1347
330
70
100
AcDbEntity
  8
Visible
100
AcDbLine
 10
153.589881
 20
103.775407
 30
0.0
 11
153.595131
 21
103.775407
 31
0.0
210
0.0
220
1.0
230
0.0
  0
LINE
  5
1348
330
70
100
AcDbEntity
  8
Visible
100
AcDbLine
 10
154.214631
 20
103.775407
 30
0.0
 11
154.219881
 21
103.775407
 31
0.0
210
0.0
220
1.0
230
0.0
  0
LINE
  5
1349
330
70
100
AcDbEntity
  8
Visible
100
AcDbLine
 10
153.589881
 20
103.775407
 30
0.0
 11
153.589881
 21
103.827907
 31
0.0
210
0.0
220
1.0
230
0.0
  0
LINE
  5
134A
330
70
100
AcDbEntity
  8
Visible
100
AcDbLine
 10
153.589881
 20
103.827907
 30
0.0
 11
153.379881
 21
103.827907
 31
0.0
210
0.0
220
1.0
230
0.0
  0
LINE
  5
134B
330
70
100
AcDbEntity
  8
Visible
100
AcDbLine
 10
153.379881
 20
103.827907
 30
0.0
 11
153.379881
 21
103.302907
 31
0.0
210
0.0
220
1.0
230
0.0
  0
LINE
  5
134C
330
70
100
AcDbEntity
  8
Visible
100
AcDbLine
 10
154.346882
 20
98.730898
 30
0.0
 11
153.716882
 21
98.730898
 31
0.0
210
0.0
220
1.0
230
0.0
  0
LINE
  5
134D
330
70
100
AcDbEntity
  8
Visible
100
AcDbLine
 10
153.716882
 20
99.255898
 30
0.0
 11
154.346882
 21
99.255898
 31
0.0
210
0.0
220
1.0
230
0.0
  0
LINE
  5
134E
330
70
100
AcDbEntity
  8
Visible
100
AcDbLine
 10
153.727382
 20
99.245398
 30
0.0
 11
153.727382
 21
98.741398
 31
0.0
210
0.0
220
1.0
230
0.0
  0
LINE
  5
134F
330
70
100
AcDbEntity
  8
Visible
100
AcDbLine
 10
153.727382
 20
98.741398
 30
0.0
 11
154.336382
 21
98.741398
 31
0.0
210
0.0
220
1.0
230
0.0
  0
LINE
  5
1350
330
70
100
AcDbEntity
  8
Visible
100
AcDbLine
 10
154.336382
 20
98.741398
 30
0.0
 11
154.336382
 21
99.245398
 31
0.0
210
0.0
220
1.0
230
0.0
  0
LINE
  5
1351
330
70
100
AcDbEntity
  8
Visible
100
AcDbLine
 10
154.336382
 20
99.245398
 30
0.0
 11
153.727382
 21
99.245398
 31
0.0
210
0.0
220
1.0
230
0.0
  0
LINE
  5
1352
330
70
100
AcDbEntity
  8
Visible
100
AcDbLine
 10
154.346882
 20
99.255898
 30
0.0
 11
154.336382
 21
99.245398
 31
0.0
210
0.0
220
1.0
230
0.0
  0
LINE
  5
1353
330
70
100
AcDbEntity
  8
Visible
100
AcDbLine
 10
153.727382
 20
99.245398
 30
0.0
 11
153.716882
 21
99.255898
 31
0.0
210
0.0
220
1.0
230
0.0
  0
LINE
  5
1354
330
70
100
AcDbEntity
  8
Visible
100
AcDbLine
 10
153.727382
 20
98.741398
 30
0.0
 11
153.716882
 21
98.730898
 31
0.0
210
0.0
220
1.0
230
0.0
  0
LINE
  5
1355
330
70
100
AcDbEntity
  8
Visible
100
AcDbLine
 10
154.346882
 20
98.730898
 30
0.0
 11
154.336382
 21
98.741398
 31
0.0
210
0.0
220
1.0
230
0.0
  0
LINE
  5
1356
330
70
100
AcDbEntity
  8
Visible
100
AcDbLine
 10
158.16189
 20
101.160902
 30
0.0
 11
158.79189
 21
101.160902
 31
0.0
210
0.0
220
1.0
230
0.0
  0
LINE
  5
1357
330
70
100
AcDbEntity
  8
Visible
100
AcDbLine
 10
158.79189
 20
100.635902
 30
0.0
 11
158.16189
 21
100.635902
 31
0.0
210
0.0
220
1.0
230
0.0
  0
LINE
  5
1358
330
70
100
AcDbEntity
  8
Visible
100
AcDbLine
 10
158.78139
 20
100.646402
 30
0.0
 11
158.78139
 21
101.150402
 31
0.0
210
0.0
220
1.0
230
0.0
  0
LINE
  5
1359
330
70
100
AcDbEntity
  8
Visible
100
AcDbLine
 10
158.78139
 20
101.150402
 30
0.0
 11
158.17239
 21
101.150402
 31
0.0
210
0.0
220
1.0
230
0.0
  0
LINE
  5
135A
330
70
100
AcDbEntity
  8
Visible
100
AcDbLine
 10
158.17239
 20
101.150402
 30
0.0
 11
158.17239
 21
100.646402
 31
0.0
210
0.0
220
1.0
230
0.0
  0
LINE
  5
135B
330
70
100
AcDbEntity
  8
Visible
100
AcDbLine
 10
158.17239
 20
100.646402
 30
0.0
 11
158.78139
 21
100.646402
 31
0.0
210
0.0
220
1.0
230
0.0
  0
LINE
  5
135C
330
70
100
AcDbEntity
  8
Visible
100
AcDbLine
 10
158.16189
 20
100.635902
 30
0.0
 11
158.17239
 21
100.646402
 31
0.0
210
0.0
220
1.0
230
0.0
  0
LINE
  5
135D
330
70
100
AcDbEntity
  8
Visible
100
AcDbLine
 10
158.78139
 20
100.646402
 30
0.0
 11
158.79189
 21
100.635902
 31
0.0
210
0.0
220
1.0
230
0.0
  0
LINE
  5
135E
330
70
100
AcDbEntity
  8
Visible
100
AcDbLine
 10
158.78139
 20
101.150402
 30
0.0
 11
158.79189
 21
101.160902
 31
0.0
210
0.0
220
1.0
230
0.0
  0
LINE
  5
135F
330
70
100
AcDbEntity
  8
Visible
100
AcDbLine
 10
158.16189
 20
101.160902
 30
0.0
 11
158.17239
 21
101.150402
 31
0.0
210
0.0
220
1.0
230
0.0
  0
LINE
  5
1360
330
70
100
AcDbEntity
  8
Visible
100
AcDbLine
 10
158.16189
 20
102.176904
 30
0.0
 11
158.79189
 21
102.176904
 31
0.0
210
0.0
220
1.0
230
0.0
  0
LINE
  5
1361
330
70
100
AcDbEntity
  8
Visible
100
AcDbLine
 10
158.79189
 20
101.651904
 30
0.0
 11
158.16189
 21
101.651904
 31
0.0
210
0.0
220
1.0
230
0.0
  0
LINE
  5
1362
330
70
100
AcDbEntity
  8
Visible
100
AcDbLine
 10
158.78139
 20
101.662404
 30
0.0
 11
158.78139
 21
102.166404
 31
0.0
210
0.0
220
1.0
230
0.0
  0
LINE
  5
1363
330
70
100
AcDbEntity
  8
Visible
100
AcDbLine
 10
158.78139
 20
102.166404
 30
0.0
 11
158.17239
 21
102.166404
 31
0.0
210
0.0
220
1.0
230
0.0
  0
LINE
  5
1364
330
70
100
AcDbEntity
  8
Visible
100
AcDbLine
 10
158.17239
 20
102.166404
 30
0.0
 11
158.17239
 21
101.662404
 31
0.0
210
0.0
220
1.0
230
0.0
  0
LINE
  5
1365
330
70
100
AcDbEntity
  8
Visible
100
AcDbLine
 10
158.17239
 20
101.662404
 30
0.0
 11
158.78139
 21
101.662404
 31
0.0
210
0.0
220
1.0
230
0.0
  0
LINE
  5
1366
330
70
100
AcDbEntity
  8
Visible
100
AcDbLine
 10
158.16189
 20
101.651904
 30
0.0
 11
158.17239
 21
101.662404
 31
0.0
210
0.0
220
1.0
230
0.0
  0
LINE
  5
1367
330
70
100
AcDbEntity
  8
Visible
100
AcDbLine
 10
158.78139
 20
101.662404
 30
0.0
 11
158.79189
 21
101.651904
 31
0.0
210
0.0
220
1.0
230
0.0
  0
LINE
  5
1368
330
70
100
AcDbEntity
  8
Visible
100
AcDbLine
 10
158.78139
 20
102.166404
 30
0.0
 11
158.79189
 21
102.176904
 31
0.0
210
0.0
220
1.0
230
0.0
  0
LINE
  5
1369
330
70
100
AcDbEntity
  8
Visible
100
AcDbLine
 10
158.16189
 20
102.176904
 30
0.0
 11
158.17239
 21
102.166404
 31
0.0
210
0.0
220
1.0
230
0.0
  0
LINE
  5
136A
330
70
100
AcDbEntity
  8
Visible
100
AcDbLine
 10
153.589881
 20
103.827907
 30
0.0
 11
154.219881
 21
103.827907
 31
0.0
210
0.0
220
1.0
230
0.0
  0
LINE
  5
136B
330
70
100
AcDbEntity
  8
Visible
100
AcDbLine
 10
154.219881
 20
103.302907
 30
0.0
 11
153.589881
 21
103.302907
 31
0.0
210
0.0
220
1.0
230
0.0
  0
LINE
  5
136C
330
70
100
AcDbEntity
  8
Visible
100
AcDbLine
 10
154.209381
 20
103.313407
 30
0.0
 11
154.209381
 21
103.817407
 31
0.0
210
0.0
220
1.0
230
0.0
  0
LINE
  5
136D
330
70
100
AcDbEntity
  8
Visible
100
AcDbLine
 10
154.209381
 20
103.817407
 30
0.0
 11
153.600381
 21
103.817407
 31
0.0
210
0.0
220
1.0
230
0.0
  0
LINE
  5
136E
330
70
100
AcDbEntity
  8
Visible
100
AcDbLine
 10
153.600381
 20
103.817407
 30
0.0
 11
153.600381
 21
103.313407
 31
0.0
210
0.0
220
1.0
230
0.0
  0
LINE
  5
136F
330
70
100
AcDbEntity
  8
Visible
100
AcDbLine
 10
153.600381
 20
103.313407
 30
0.0
 11
154.209381
 21
103.313407
 31
0.0
210
0.0
220
1.0
230
0.0
  0
LINE
  5
1370
330
70
100
AcDbEntity
  8
Visible
100
AcDbLine
 10
153.589881
 20
103.302907
 30
0.0
 11
153.600381
 21
103.313407
 31
0.0
210
0.0
220
1.0
230
0.0
  0
LINE
  5
1371
330
70
100
AcDbEntity
  8
Visible
100
AcDbLine
 10
154.209381
 20
103.313407
 30
0.0
 11
154.219881
 21
103.302907
 31
0.0
210
0.0
220
1.0
230
0.0
  0
LINE
  5
1372
330
70
100
AcDbEntity
  8
Visible
100
AcDbLine
 10
154.209381
 20
103.817407
 30
0.0
 11
154.219881
 21
103.827907
 31
0.0
210
0.0
220
1.0
230
0.0
  0
LINE
  5
1373
330
70
100
AcDbEntity
  8
Visible
100
AcDbLine
 10
153.589881
 20
103.827907
 30
0.0
 11
153.600381
 21
103.817407
 31
0.0
210
0.0
220
1.0
230
0.0
  0
LINE
  5
1374
330
70
100
AcDbEntity
  8
Visible
100
AcDbLine
 10
153.981981
 20
99.256948
 30
0.0
 11
153.981981
 21
99.255898
 31
0.0
210
0.0
220
1.0
230
0.0
  0
LINE
  5
1375
330
70
100
AcDbEntity
  8
Visible
100
AcDbLine
 10
153.981981
 20
99.256948
 30
0.0
 11
153.998722
 21
99.256948
 31
0.0
210
0.0
220
1.0
230
0.0
  0
LINE
  5
1376
330
70
100
AcDbEntity
  8
Visible
100
AcDbLine
 10
153.998722
 20
99.256948
 30
0.0
 11
153.998722
 21
99.255898
 31
0.0
210
0.0
220
1.0
230
0.0
  0
LINE
  5
1377
330
70
100
AcDbEntity
  8
Visible
100
AcDbLine
 10
154.004235
 20
99.256948
 30
0.0
 11
154.004235
 21
99.255898
 31
0.0
210
0.0
220
1.0
230
0.0
  0
LINE
  5
1378
330
70
100
AcDbEntity
  8
Visible
100
AcDbLine
 10
153.998722
 20
99.256948
 30
0.0
 11
154.004235
 21
99.256948
 31
0.0
210
0.0
220
1.0
230
0.0
  0
LINE
  5
1379
330
70
100
AcDbEntity
  8
Visible
100
AcDbLine
 10
154.004538
 20
99.256948
 30
0.0
 11
154.004538
 21
99.255898
 31
0.0
210
0.0
220
1.0
230
0.0
  0
LINE
  5
137A
330
70
100
AcDbEntity
  8
Visible
100
AcDbLine
 10
154.004235
 20
99.256948
 30
0.0
 11
154.004538
 21
99.256948
 31
0.0
210
0.0
220
1.0
230
0.0
  0
LINE
  5
137B
330
70
100
AcDbEntity
  8
Visible
100
AcDbLine
 10
153.947997
 20
99.256948
 30
0.0
 11
153.947997
 21
99.255898
 31
0.0
210
0.0
220
1.0
230
0.0
  0
LINE
  5
137C
330
70
100
AcDbEntity
  8
Visible
100
AcDbLine
 10
153.958105
 20
99.256948
 30
0.0
 11
153.947997
 21
99.256948
 31
0.0
210
0.0
220
1.0
230
0.0
  0
LINE
  5
137D
330
70
100
AcDbEntity
  8
Visible
100
AcDbLine
 10
153.958105
 20
99.256948
 30
0.0
 11
153.973837
 21
99.256948
 31
0.0
210
0.0
220
1.0
230
0.0
  0
LINE
  5
137E
330
70
100
AcDbEntity
  8
Visible
100
AcDbLine
 10
153.973837
 20
99.256948
 30
0.0
 11
153.980123
 21
99.256948
 31
0.0
210
0.0
220
1.0
230
0.0
  0
LINE
  5
137F
330
70
100
AcDbEntity
  8
Visible
100
AcDbLine
 10
153.91674
 20
99.256948
 30
0.0
 11
153.91674
 21
99.255898
 31
0.0
210
0.0
220
1.0
230
0.0
  0
LINE
  5
1380
330
70
100
AcDbEntity
  8
Visible
100
AcDbLine
 10
153.91674
 20
99.256948
 30
0.0
 11
153.917443
 21
99.256948
 31
0.0
210
0.0
220
1.0
230
0.0
  0
LINE
  5
1381
330
70
100
AcDbEntity
  8
Visible
100
AcDbLine
 10
153.917443
 20
99.256948
 30
0.0
 11
153.917443
 21
99.255898
 31
0.0
210
0.0
220
1.0
230
0.0
  0
LINE
  5
1382
330
70
100
AcDbEntity
  8
Visible
100
AcDbLine
 10
153.939441
 20
99.256948
 30
0.0
 11
153.939441
 21
99.255898
 31
0.0
210
0.0
220
1.0
230
0.0
  0
LINE
  5
1383
330
70
100
AcDbEntity
  8
Visible
100
AcDbLine
 10
153.917443
 20
99.256948
 30
0.0
 11
153.939441
 21
99.256948
 31
0.0
210
0.0
220
1.0
230
0.0
  0
LINE
  5
1384
330
70
100
AcDbEntity
  8
Visible
100
AcDbLine
 10
153.939744
 20
99.256948
 30
0.0
 11
153.939744
 21
99.255898
 31
0.0
210
0.0
220
1.0
230
0.0
  0
LINE
  5
1385
330
70
100
AcDbEntity
  8
Visible
100
AcDbLine
 10
153.939441
 20
99.256948
 30
0.0
 11
153.939744
 21
99.256948
 31
0.0
210
0.0
220
1.0
230
0.0
  0
LINE
  5
1386
330
70
100
AcDbEntity
  8
Visible
100
AcDbLine
 10
153.87378
 20
99.256948
 30
0.0
 11
153.880114
 21
99.256948
 31
0.0
210
0.0
220
1.0
230
0.0
  0
LINE
  5
1387
330
70
100
AcDbEntity
  8
Visible
100
AcDbLine
 10
153.880114
 20
99.256948
 30
0.0
 11
153.89622
 21
99.256948
 31
0.0
210
0.0
220
1.0
230
0.0
  0
LINE
  5
1388
330
70
100
AcDbEntity
  8
Visible
100
AcDbLine
 10
153.89622
 20
99.256948
 30
0.0
 11
153.908404
 21
99.256948
 31
0.0
210
0.0
220
1.0
230
0.0
  0
LINE
  5
1389
330
70
100
AcDbEntity
  8
Visible
100
AcDbLine
 10
153.908404
 20
99.256948
 30
0.0
 11
153.908707
 21
99.256948
 31
0.0
210
0.0
220
1.0
230
0.0
  0
LINE
  5
138A
330
70
100
AcDbEntity
  8
Visible
100
AcDbLine
 10
153.908707
 20
99.256948
 30
0.0
 11
153.908707
 21
99.255898
 31
0.0
210
0.0
220
1.0
230
0.0
  0
LINE
  5
138B
330
70
100
AcDbEntity
  8
Visible
100
AcDbLine
 10
153.908404
 20
99.256948
 30
0.0
 11
153.908404
 21
99.255898
 31
0.0
210
0.0
220
1.0
230
0.0
  0
LINE
  5
138C
330
70
100
AcDbEntity
  8
Visible
100
AcDbLine
 10
153.833138
 20
99.256948
 30
0.0
 11
153.849102
 21
99.256948
 31
0.0
210
0.0
220
1.0
230
0.0
  0
LINE
  5
138D
330
70
100
AcDbEntity
  8
Visible
100
AcDbLine
 10
153.849102
 20
99.256948
 30
0.0
 11
153.854997
 21
99.256948
 31
0.0
210
0.0
220
1.0
230
0.0
  0
LINE
  5
138E
330
70
100
AcDbEntity
  8
Visible
100
AcDbLine
 10
153.854997
 20
99.256948
 30
0.0
 11
153.871567
 21
99.256948
 31
0.0
210
0.0
220
1.0
230
0.0
  0
LINE
  5
138F
330
70
100
AcDbEntity
  8
Visible
100
AcDbLine
 10
153.849102
 20
99.256948
 30
0.0
 11
153.849102
 21
99.255898
 31
0.0
210
0.0
220
1.0
230
0.0
  0
LINE
  5
1390
330
70
100
AcDbEntity
  8
Visible
100
AcDbLine
 10
153.833138
 20
99.256948
 30
0.0
 11
153.833138
 21
99.255898
 31
0.0
210
0.0
220
1.0
230
0.0
  0
LINE
  5
1391
330
70
100
AcDbEntity
  8
Visible
100
AcDbLine
 10
153.854997
 20
99.256948
 30
0.0
 11
153.854997
 21
99.255898
 31
0.0
210
0.0
220
1.0
230
0.0
  0
LINE
  5
1392
330
70
100
AcDbEntity
  8
Visible
100
AcDbLine
 10
153.871567
 20
99.256948
 30
0.0
 11
153.871567
 21
99.255898
 31
0.0
210
0.0
220
1.0
230
0.0
  0
LINE
  5
1393
330
70
100
AcDbEntity
  8
Visible
100
AcDbLine
 10
154.004715
 20
99.256948
 30
0.0
 11
154.004715
 21
99.255898
 31
0.0
210
0.0
220
1.0
230
0.0
  0
LINE
  5
1394
330
70
100
AcDbEntity
  8
Visible
100
AcDbLine
 10
154.004538
 20
99.256948
 30
0.0
 11
154.004715
 21
99.256948
 31
0.0
210
0.0
220
1.0
230
0.0
  0
LINE
  5
1395
330
70
100
AcDbEntity
  8
Visible
100
AcDbLine
 10
154.005018
 20
99.256948
 30
0.0
 11
154.005018
 21
99.255898
 31
0.0
210
0.0
220
1.0
230
0.0
  0
LINE
  5
1396
330
70
100
AcDbEntity
  8
Visible
100
AcDbLine
 10
154.004715
 20
99.256948
 30
0.0
 11
154.005018
 21
99.256948
 31
0.0
210
0.0
220
1.0
230
0.0
  0
LINE
  5
1397
330
70
100
AcDbEntity
  8
Visible
100
AcDbLine
 10
153.945124
 20
99.256948
 30
0.0
 11
153.945124
 21
99.255898
 31
0.0
210
0.0
220
1.0
230
0.0
  0
LINE
  5
1398
330
70
100
AcDbEntity
  8
Visible
100
AcDbLine
 10
153.94498
 20
99.256948
 30
0.0
 11
153.945124
 21
99.256948
 31
0.0
210
0.0
220
1.0
230
0.0
  0
LINE
  5
1399
330
70
100
AcDbEntity
  8
Visible
100
AcDbLine
 10
153.945163
 20
99.256948
 30
0.0
 11
153.945163
 21
99.255898
 31
0.0
210
0.0
220
1.0
230
0.0
  0
LINE
  5
139A
330
70
100
AcDbEntity
  8
Visible
100
AcDbLine
 10
153.945124
 20
99.256948
 30
0.0
 11
153.945163
 21
99.256948
 31
0.0
210
0.0
220
1.0
230
0.0
  0
LINE
  5
139B
330
70
100
AcDbEntity
  8
Visible
100
AcDbLine
 10
153.939744
 20
99.256948
 30
0.0
 11
153.941505
 21
99.256948
 31
0.0
210
0.0
220
1.0
230
0.0
  0
LINE
  5
139C
330
70
100
AcDbEntity
  8
Visible
100
AcDbLine
 10
153.941505
 20
99.256948
 30
0.0
 11
153.94498
 21
99.256948
 31
0.0
210
0.0
220
1.0
230
0.0
  0
LINE
  5
139D
330
70
100
AcDbEntity
  8
Visible
100
AcDbLine
 10
153.915587
 20
99.256948
 30
0.0
 11
153.915587
 21
99.255898
 31
0.0
210
0.0
220
1.0
230
0.0
  0
LINE
  5
139E
330
70
100
AcDbEntity
  8
Visible
100
AcDbLine
 10
153.908707
 20
99.256948
 30
0.0
 11
153.915587
 21
99.256948
 31
0.0
210
0.0
220
1.0
230
0.0
  0
LINE
  5
139F
330
70
100
AcDbEntity
  8
Visible
100
AcDbLine
 10
153.915587
 20
99.256948
 30
0.0
 11
153.91674
 21
99.256948
 31
0.0
210
0.0
220
1.0
230
0.0
  0
LINE
  5
13A0
330
70
100
AcDbEntity
  8
Visible
100
AcDbLine
 10
153.871567
 20
99.256948
 30
0.0
 11
153.87378
 21
99.256948
 31
0.0
210
0.0
220
1.0
230
0.0
  0
LINE
  5
13A1
330
70
100
AcDbEntity
  8
Visible
100
AcDbLine
 10
153.820777
 20
99.256948
 30
0.0
 11
153.827111
 21
99.256948
 31
0.0
210
0.0
220
1.0
230
0.0
  0
LINE
  5
13A2
330
70
100
AcDbEntity
  8
Visible
100
AcDbLine
 10
153.827111
 20
99.256948
 30
0.0
 11
153.833138
 21
99.256948
 31
0.0
210
0.0
220
1.0
230
0.0
  0
LINE
  5
13A3
330
70
100
AcDbEntity
  8
Visible
100
AcDbLine
 10
153.780135
 20
99.256948
 30
0.0
 11
153.796099
 21
99.256948
 31
0.0
210
0.0
220
1.0
230
0.0
  0
LINE
  5
13A4
330
70
100
AcDbEntity
  8
Visible
100
AcDbLine
 10
153.796099
 20
99.256948
 30
0.0
 11
153.801994
 21
99.256948
 31
0.0
210
0.0
220
1.0
230
0.0
  0
LINE
  5
13A5
330
70
100
AcDbEntity
  8
Visible
100
AcDbLine
 10
153.801994
 20
99.256948
 30
0.0
 11
153.818564
 21
99.256948
 31
0.0
210
0.0
220
1.0
230
0.0
  0
LINE
  5
13A6
330
70
100
AcDbEntity
  8
Visible
100
AcDbLine
 10
153.796099
 20
99.256948
 30
0.0
 11
153.796099
 21
99.255898
 31
0.0
210
0.0
220
1.0
230
0.0
  0
LINE
  5
13A7
330
70
100
AcDbEntity
  8
Visible
100
AcDbLine
 10
153.780135
 20
99.256948
 30
0.0
 11
153.780135
 21
99.255898
 31
0.0
210
0.0
220
1.0
230
0.0
  0
LINE
  5
13A8
330
70
100
AcDbEntity
  8
Visible
100
AcDbLine
 10
153.801994
 20
99.256948
 30
0.0
 11
153.801994
 21
99.255898
 31
0.0
210
0.0
220
1.0
230
0.0
  0
LINE
  5
13A9
330
70
100
AcDbEntity
  8
Visible
100
AcDbLine
 10
153.818564
 20
99.256948
 30
0.0
 11
153.818564
 21
99.255898
 31
0.0
210
0.0
220
1.0
230
0.0
  0
LINE
  5
13AA
330
70
100
AcDbEntity
  8
Visible
100
AcDbLine
 10
154.039695
 20
99.256948
 30
0.0
 11
154.069474
 21
99.256948
 31
0.0
210
0.0
220
1.0
230
0.0
  0
LINE
  5
13AB
330
70
100
AcDbEntity
  8
Visible
100
AcDbLine
 10
154.085701
 20
99.256948
 30
0.0
 11
154.069474
 21
99.256948
 31
0.0
210
0.0
220
1.0
230
0.0
  0
LINE
  5
13AC
330
70
100
AcDbEntity
  8
Visible
100
AcDbLine
 10
154.126885
 20
99.256948
 30
0.0
 11
154.085701
 21
99.256948
 31
0.0
210
0.0
220
1.0
230
0.0
  0
LINE
  5
13AD
330
70
100
AcDbEntity
  8
Visible
100
AcDbLine
 10
154.163407
 20
99.256948
 30
0.0
 11
154.126885
 21
99.256948
 31
0.0
210
0.0
220
1.0
230
0.0
  0
LINE
  5
13AE
330
70
100
AcDbEntity
  8
Visible
100
AcDbLine
 10
154.163407
 20
99.256948
 30
0.0
 11
154.176863
 21
99.256948
 31
0.0
210
0.0
220
1.0
230
0.0
  0
LINE
  5
13AF
330
70
100
AcDbEntity
  8
Visible
100
AcDbLine
 10
154.176863
 20
99.256948
 30
0.0
 11
154.183842
 21
99.256948
 31
0.0
210
0.0
220
1.0
230
0.0
  0
LINE
  5
13B0
330
70
100
AcDbEntity
  8
Visible
100
AcDbLine
 10
154.218865
 20
99.256948
 30
0.0
 11
154.183842
 21
99.256948
 31
0.0
210
0.0
220
1.0
230
0.0
  0
LINE
  5
13B1
330
70
100
AcDbEntity
  8
Visible
100
AcDbLine
 10
154.218865
 20
99.256948
 30
0.0
 11
154.233382
 21
99.256948
 31
0.0
210
0.0
220
1.0
230
0.0
  0
LINE
  5
13B2
330
70
100
AcDbEntity
  8
Visible
100
AcDbLine
 10
154.069474
 20
99.256948
 30
0.0
 11
154.069474
 21
99.255898
 31
0.0
210
0.0
220
1.0
230
0.0
  0
LINE
  5
13B3
330
70
100
AcDbEntity
  8
Visible
100
AcDbLine
 10
154.039695
 20
99.256948
 30
0.0
 11
154.039695
 21
99.255898
 31
0.0
210
0.0
220
1.0
230
0.0
  0
LINE
  5
13B4
330
70
100
AcDbEntity
  8
Visible
100
AcDbLine
 10
154.085701
 20
99.256948
 30
0.0
 11
154.085701
 21
99.255898
 31
0.0
210
0.0
220
1.0
230
0.0
  0
LINE
  5
13B5
330
70
100
AcDbEntity
  8
Visible
100
AcDbLine
 10
154.176863
 20
99.256948
 30
0.0
 11
154.176863
 21
99.255898
 31
0.0
210
0.0
220
1.0
230
0.0
  0
LINE
  5
13B6
330
70
100
AcDbEntity
  8
Visible
100
AcDbLine
 10
153.980124
 20
99.256948
 30
0.0
 11
153.980124
 21
99.255898
 31
0.0
210
0.0
220
1.0
230
0.0
  0
LINE
  5
13B7
330
70
100
AcDbEntity
  8
Visible
100
AcDbLine
 10
153.87378
 20
99.256948
 30
0.0
 11
153.87378
 21
99.255898
 31
0.0
210
0.0
220
1.0
230
0.0
  0
LINE
  5
13B8
330
70
100
AcDbEntity
  8
Visible
100
AcDbLine
 10
153.94498
 20
99.256948
 30
0.0
 11
153.94498
 21
99.255898
 31
0.0
210
0.0
220
1.0
230
0.0
  0
LINE
  5
13B9
330
70
100
AcDbEntity
  8
Visible
100
AcDbLine
 10
153.820777
 20
99.256948
 30
0.0
 11
153.820777
 21
99.255898
 31
0.0
210
0.0
220
1.0
230
0.0
  0
LINE
  5
13BA
330
70
100
AcDbEntity
  8
Visible
100
AcDbLine
 10
154.233384
 20
99.256948
 30
0.0
 11
154.233384
 21
99.255898
 31
0.0
210
0.0
220
1.0
230
0.0
  0
LINE
  5
13BB
330
70
100
AcDbEntity
  8
Visible
100
AcDbLine
 10
158.526791
 20
100.634852
 30
0.0
 11
158.526791
 21
100.635902
 31
0.0
210
0.0
220
1.0
230
0.0
  0
LINE
  5
13BC
330
70
100
AcDbEntity
  8
Visible
100
AcDbLine
 10
158.526791
 20
100.634852
 30
0.0
 11
158.51005
 21
100.634852
 31
0.0
210
0.0
220
1.0
230
0.0
  0
LINE
  5
13BD
330
70
100
AcDbEntity
  8
Visible
100
AcDbLine
 10
158.51005
 20
100.634852
 30
0.0
 11
158.51005
 21
100.635902
 31
0.0
210
0.0
220
1.0
230
0.0
  0
LINE
  5
13BE
330
70
100
AcDbEntity
  8
Visible
100
AcDbLine
 10
158.504537
 20
100.634852
 30
0.0
 11
158.504537
 21
100.635902
 31
0.0
210
0.0
220
1.0
230
0.0
  0
LINE
  5
13BF
330
70
100
AcDbEntity
  8
Visible
100
AcDbLine
 10
158.51005
 20
100.634852
 30
0.0
 11
158.504537
 21
100.634852
 31
0.0
210
0.0
220
1.0
230
0.0
  0
LINE
  5
13C0
330
70
100
AcDbEntity
  8
Visible
100
AcDbLine
 10
158.504234
 20
100.634852
 30
0.0
 11
158.504234
 21
100.635902
 31
0.0
210
0.0
220
1.0
230
0.0
  0
LINE
  5
13C1
330
70
100
AcDbEntity
  8
Visible
100
AcDbLine
 10
158.504537
 20
100.634852
 30
0.0
 11
158.504234
 21
100.634852
 31
0.0
210
0.0
220
1.0
230
0.0
  0
LINE
  5
13C2
330
70
100
AcDbEntity
  8
Visible
100
AcDbLine
 10
158.560775
 20
100.634852
 30
0.0
 11
158.560775
 21
100.635902
 31
0.0
210
0.0
220
1.0
230
0.0
  0
LINE
  5
13C3
330
70
100
AcDbEntity
  8
Visible
100
AcDbLine
 10
158.550667
 20
100.634852
 30
0.0
 11
158.560775
 21
100.634852
 31
0.0
210
0.0
220
1.0
230
0.0
  0
LINE
  5
13C4
330
70
100
AcDbEntity
  8
Visible
100
AcDbLine
 10
158.550667
 20
100.634852
 30
0.0
 11
158.534935
 21
100.634852
 31
0.0
210
0.0
220
1.0
230
0.0
  0
LINE
  5
13C5
330
70
100
AcDbEntity
  8
Visible
100
AcDbLine
 10
158.534935
 20
100.634852
 30
0.0
 11
158.528649
 21
100.634852
 31
0.0
210
0.0
220
1.0
230
0.0
  0
LINE
  5
13C6
330
70
100
AcDbEntity
  8
Visible
100
AcDbLine
 10
158.592032
 20
100.634852
 30
0.0
 11
158.592032
 21
100.635902
 31
0.0
210
0.0
220
1.0
230
0.0
  0
LINE
  5
13C7
330
70
100
AcDbEntity
  8
Visible
100
AcDbLine
 10
158.592032
 20
100.634852
 30
0.0
 11
158.591329
 21
100.634852
 31
0.0
210
0.0
220
1.0
230
0.0
  0
LINE
  5
13C8
330
70
100
AcDbEntity
  8
Visible
100
AcDbLine
 10
158.591329
 20
100.634852
 30
0.0
 11
158.591329
 21
100.635902
 31
0.0
210
0.0
220
1.0
230
0.0
  0
LINE
  5
13C9
330
70
100
AcDbEntity
  8
Visible
100
AcDbLine
 10
158.569331
 20
100.634852
 30
0.0
 11
158.569331
 21
100.635902
 31
0.0
210
0.0
220
1.0
230
0.0
  0
LINE
  5
13CA
330
70
100
AcDbEntity
  8
Visible
100
AcDbLine
 10
158.591329
 20
100.634852
 30
0.0
 11
158.569331
 21
100.634852
 31
0.0
210
0.0
220
1.0
230
0.0
  0
LINE
  5
13CB
330
70
100
AcDbEntity
  8
Visible
100
AcDbLine
 10
158.569028
 20
100.634852
 30
0.0
 11
158.569028
 21
100.635902
 31
0.0
210
0.0
220
1.0
230
0.0
  0
LINE
  5
13CC
330
70
100
AcDbEntity
  8
Visible
100
AcDbLine
 10
158.569331
 20
100.634852
 30
0.0
 11
158.569028
 21
100.634852
 31
0.0
210
0.0
220
1.0
230
0.0
  0
LINE
  5
13CD
330
70
100
AcDbEntity
  8
Visible
100
AcDbLine
 10
158.634992
 20
100.634852
 30
0.0
 11
158.628658
 21
100.634852
 31
0.0
210
0.0
220
1.0
230
0.0
  0
LINE
  5
13CE
330
70
100
AcDbEntity
  8
Visible
100
AcDbLine
 10
158.628658
 20
100.634852
 30
0.0
 11
158.612552
 21
100.634852
 31
0.0
210
0.0
220
1.0
230
0.0
  0
LINE
  5
13CF
330
70
100
AcDbEntity
  8
Visible
100
AcDbLine
 10
158.612552
 20
100.634852
 30
0.0
 11
158.600368
 21
100.634852
 31
0.0
210
0.0
220
1.0
230
0.0
  0
LINE
  5
13D0
330
70
100
AcDbEntity
  8
Visible
100
AcDbLine
 10
158.600368
 20
100.634852
 30
0.0
 11
158.600065
 21
100.634852
 31
0.0
210
0.0
220
1.0
230
0.0
  0
LINE
  5
13D1
330
70
100
AcDbEntity
  8
Visible
100
AcDbLine
 10
158.600065
 20
100.634852
 30
0.0
 11
158.600065
 21
100.635902
 31
0.0
210
0.0
220
1.0
230
0.0
  0
LINE
  5
13D2
330
70
100
AcDbEntity
  8
Visible
100
AcDbLine
 10
158.600368
 20
100.634852
 30
0.0
 11
158.600368
 21
100.635902
 31
0.0
210
0.0
220
1.0
230
0.0
  0
LINE
  5
13D3
330
70
100
AcDbEntity
  8
Visible
100
AcDbLine
 10
158.675634
 20
100.634852
 30
0.0
 11
158.65967
 21
100.634852
 31
0.0
210
0.0
220
1.0
230
0.0
  0
LINE
  5
13D4
330
70
100
AcDbEntity
  8
Visible
100
AcDbLine
 10
158.65967
 20
100.634852
 30
0.0
 11
158.653775
 21
100.634852
 31
0.0
210
0.0
220
1.0
230
0.0
  0
LINE
  5
13D5
330
70
100
AcDbEntity
  8
Visible
100
AcDbLine
 10
158.653775
 20
100.634852
 30
0.0
 11
158.637205
 21
100.634852
 31
0.0
210
0.0
220
1.0
230
0.0
  0
LINE
  5
13D6
330
70
100
AcDbEntity
  8
Visible
100
AcDbLine
 10
158.65967
 20
100.634852
 30
0.0
 11
158.65967
 21
100.635902
 31
0.0
210
0.0
220
1.0
230
0.0
  0
LINE
  5
13D7
330
70
100
AcDbEntity
  8
Visible
100
AcDbLine
 10
158.675634
 20
100.634852
 30
0.0
 11
158.675634
 21
100.635902
 31
0.0
210
0.0
220
1.0
230
0.0
  0
LINE
  5
13D8
330
70
100
AcDbEntity
  8
Visible
100
AcDbLine
 10
158.653775
 20
100.634852
 30
0.0
 11
158.653775
 21
100.635902
 31
0.0
210
0.0
220
1.0
230
0.0
  0
LINE
  5
13D9
330
70
100
AcDbEntity
  8
Visible
100
AcDbLine
 10
158.637205
 20
100.634852
 30
0.0
 11
158.637205
 21
100.635902
 31
0.0
210
0.0
220
1.0
230
0.0
  0
LINE
  5
13DA
330
70
100
AcDbEntity
  8
Visible
100
AcDbLine
 10
158.504057
 20
100.634852
 30
0.0
 11
158.504057
 21
100.635902
 31
0.0
210
0.0
220
1.0
230
0.0
  0
LINE
  5
13DB
330
70
100
AcDbEntity
  8
Visible
100
AcDbLine
 10
158.504234
 20
100.634852
 30
0.0
 11
158.504057
 21
100.634852
 31
0.0
210
0.0
220
1.0
230
0.0
  0
LINE
  5
13DC
330
70
100
AcDbEntity
  8
Visible
100
AcDbLine
 10
158.503754
 20
100.634852
 30
0.0
 11
158.503754
 21
100.635902
 31
0.0
210
0.0
220
1.0
230
0.0
  0
LINE
  5
13DD
330
70
100
AcDbEntity
  8
Visible
100
AcDbLine
 10
158.504057
 20
100.634852
 30
0.0
 11
158.503754
 21
100.634852
 31
0.0
210
0.0
220
1.0
230
0.0
  0
LINE
  5
13DE
330
70
100
AcDbEntity
  8
Visible
100
AcDbLine
 10
158.563648
 20
100.634852
 30
0.0
 11
158.563648
 21
100.635902
 31
0.0
210
0.0
220
1.0
230
0.0
  0
LINE
  5
13DF
330
70
100
AcDbEntity
  8
Visible
100
AcDbLine
 10
158.563792
 20
100.634852
 30
0.0
 11
158.563648
 21
100.634852
 31
0.0
210
0.0
220
1.0
230
0.0
  0
LINE
  5
13E0
330
70
100
AcDbEntity
  8
Visible
100
AcDbLine
 10
158.563609
 20
100.634852
 30
0.0
 11
158.563609
 21
100.635902
 31
0.0
210
0.0
220
1.0
230
0.0
  0
LINE
  5
13E1
330
70
100
AcDbEntity
  8
Visible
100
AcDbLine
 10
158.563648
 20
100.634852
 30
0.0
 11
158.563609
 21
100.634852
 31
0.0
210
0.0
220
1.0
230
0.0
  0
LINE
  5
13E2
330
70
100
AcDbEntity
  8
Visible
100
AcDbLine
 10
158.569028
 20
100.634852
 30
0.0
 11
158.567266
 21
100.634852
 31
0.0
210
0.0
220
1.0
230
0.0
  0
LINE
  5
13E3
330
70
100
AcDbEntity
  8
Visible
100
AcDbLine
 10
158.567266
 20
100.634852
 30
0.0
 11
158.563792
 21
100.634852
 31
0.0
210
0.0
220
1.0
230
0.0
  0
LINE
  5
13E4
330
70
100
AcDbEntity
  8
Visible
100
AcDbLine
 10
158.593185
 20
100.634852
 30
0.0
 11
158.593185
 21
100.635902
 31
0.0
210
0.0
220
1.0
230
0.0
  0
LINE
  5
13E5
330
70
100
AcDbEntity
  8
Visible
100
AcDbLine
 10
158.600065
 20
100.634852
 30
0.0
 11
158.593185
 21
100.634852
 31
0.0
210
0.0
220
1.0
230
0.0
  0
LINE
  5
13E6
330
70
100
AcDbEntity
  8
Visible
100
AcDbLine
 10
158.593185
 20
100.634852
 30
0.0
 11
158.592032
 21
100.634852
 31
0.0
210
0.0
220
1.0
230
0.0
  0
LINE
  5
13E7
330
70
100
AcDbEntity
  8
Visible
100
AcDbLine
 10
158.637205
 20
100.634852
 30
0.0
 11
158.634992
 21
100.634852
 31
0.0
210
0.0
220
1.0
230
0.0
  0
LINE
  5
13E8
330
70
100
AcDbEntity
  8
Visible
100
AcDbLine
 10
158.687995
 20
100.634852
 30
0.0
 11
158.681661
 21
100.634852
 31
0.0
210
0.0
220
1.0
230
0.0
  0
LINE
  5
13E9
330
70
100
AcDbEntity
  8
Visible
100
AcDbLine
 10
158.681661
 20
100.634852
 30
0.0
 11
158.675634
 21
100.634852
 31
0.0
210
0.0
220
1.0
230
0.0
  0
LINE
  5
13EA
330
70
100
AcDbEntity
  8
Visible
100
AcDbLine
 10
158.728637
 20
100.634852
 30
0.0
 11
158.712673
 21
100.634852
 31
0.0
210
0.0
220
1.0
230
0.0
  0
LINE
  5
13EB
330
70
100
AcDbEntity
  8
Visible
100
AcDbLine
 10
158.712673
 20
100.634852
 30
0.0
 11
158.706778
 21
100.634852
 31
0.0
210
0.0
220
1.0
230
0.0
  0
LINE
  5
13EC
330
70
100
AcDbEntity
  8
Visible
100
AcDbLine
 10
158.706778
 20
100.634852
 30
0.0
 11
158.690208
 21
100.634852
 31
0.0
210
0.0
220
1.0
230
0.0
  0
LINE
  5
13ED
330
70
100
AcDbEntity
  8
Visible
100
AcDbLine
 10
158.712673
 20
100.634852
 30
0.0
 11
158.712673
 21
100.635902
 31
0.0
210
0.0
220
1.0
230
0.0
  0
LINE
  5
13EE
330
70
100
AcDbEntity
  8
Visible
100
AcDbLine
 10
158.728637
 20
100.634852
 30
0.0
 11
158.728637
 21
100.635902
 31
0.0
210
0.0
220
1.0
230
0.0
  0
LINE
  5
13EF
330
70
100
AcDbEntity
  8
Visible
100
AcDbLine
 10
158.706778
 20
100.634852
 30
0.0
 11
158.706778
 21
100.635902
 31
0.0
210
0.0
220
1.0
230
0.0
  0
LINE
  5
13F0
330
70
100
AcDbEntity
  8
Visible
100
AcDbLine
 10
158.690208
 20
100.634852
 30
0.0
 11
158.690208
 21
100.635902
 31
0.0
210
0.0
220
1.0
230
0.0
  0
LINE
  5
13F1
330
70
100
AcDbEntity
  8
Visible
100
AcDbLine
 10
158.469077
 20
100.634852
 30
0.0
 11
158.439298
 21
100.634852
 31
0.0
210
0.0
220
1.0
230
0.0
  0
LINE
  5
13F2
330
70
100
AcDbEntity
  8
Visible
100
AcDbLine
 10
158.423071
 20
100.634852
 30
0.0
 11
158.439298
 21
100.634852
 31
0.0
210
0.0
220
1.0
230
0.0
  0
LINE
  5
13F3
330
70
100
AcDbEntity
  8
Visible
100
AcDbLine
 10
158.381887
 20
100.634852
 30
0.0
 11
158.423071
 21
100.634852
 31
0.0
210
0.0
220
1.0
230
0.0
  0
LINE
  5
13F4
330
70
100
AcDbEntity
  8
Visible
100
AcDbLine
 10
158.345365
 20
100.634852
 30
0.0
 11
158.381887
 21
100.634852
 31
0.0
210
0.0
220
1.0
230
0.0
  0
LINE
  5
13F5
330
70
100
AcDbEntity
  8
Visible
100
AcDbLine
 10
158.345365
 20
100.634852
 30
0.0
 11
158.331909
 21
100.634852
 31
0.0
210
0.0
220
1.0
230
0.0
  0
LINE
  5
13F6
330
70
100
AcDbEntity
  8
Visible
100
AcDbLine
 10
158.331909
 20
100.634852
 30
0.0
 11
158.32493
 21
100.634852
 31
0.0
210
0.0
220
1.0
230
0.0
  0
LINE
  5
13F7
330
70
100
AcDbEntity
  8
Visible
100
AcDbLine
 10
158.289907
 20
100.634852
 30
0.0
 11
158.32493
 21
100.634852
 31
0.0
210
0.0
220
1.0
230
0.0
  0
LINE
  5
13F8
330
70
100
AcDbEntity
  8
Visible
100
AcDbLine
 10
158.289907
 20
100.634852
 30
0.0
 11
158.275389
 21
100.634852
 31
0.0
210
0.0
220
1.0
230
0.0
  0
LINE
  5
13F9
330
70
100
AcDbEntity
  8
Visible
100
AcDbLine
 10
158.439298
 20
100.634852
 30
0.0
 11
158.439298
 21
100.635902
 31
0.0
210
0.0
220
1.0
230
0.0
  0
LINE
  5
13FA
330
70
100
AcDbEntity
  8
Visible
100
AcDbLine
 10
158.469077
 20
100.634852
 30
0.0
 11
158.469077
 21
100.635902
 31
0.0
210
0.0
220
1.0
230
0.0
  0
LINE
  5
13FB
330
70
100
AcDbEntity
  8
Visible
100
AcDbLine
 10
158.423071
 20
100.634852
 30
0.0
 11
158.423071
 21
100.635902
 31
0.0
210
0.0
220
1.0
230
0.0
  0
LINE
  5
13FC
330
70
100
AcDbEntity
  8
Visible
100
AcDbLine
 10
158.331909
 20
100.634852
 30
0.0
 11
158.331909
 21
100.635902
 31
0.0
210
0.0
220
1.0
230
0.0
  0
LINE
  5
13FD
330
70
100
AcDbEntity
  8
Visible
100
AcDbLine
 10
158.528648
 20
100.634852
 30
0.0
 11
158.528648
 21
100.635902
 31
0.0
210
0.0
220
1.0
230
0.0
  0
LINE
  5
13FE
330
70
100
AcDbEntity
  8
Visible
100
AcDbLine
 10
158.634992
 20
100.634852
 30
0.0
 11
158.634992
 21
100.635902
 31
0.0
210
0.0
220
1.0
230
0.0
  0
LINE
  5
13FF
330
70
100
AcDbEntity
  8
Visible
100
AcDbLine
 10
158.563792
 20
100.634852
 30
0.0
 11
158.563792
 21
100.635902
 31
0.0
210
0.0
220
1.0
230
0.0
  0
LINE
  5
1400
330
70
100
AcDbEntity
  8
Visible
100
AcDbLine
 10
158.687995
 20
100.634852
 30
0.0
 11
158.687995
 21
100.635902
 31
0.0
210
0.0
220
1.0
230
0.0
  0
LINE
  5
1401
330
70
100
AcDbEntity
  8
Visible
100
AcDbLine
 10
158.275388
 20
100.634852
 30
0.0
 11
158.275388
 21
100.635902
 31
0.0
210
0.0
220
1.0
230
0.0
  0
LINE
  5
1402
330
70
100
AcDbEntity
  8
Visible
100
AcDbLine
 10
158.526791
 20
101.650854
 30
0.0
 11
158.526791
 21
101.651904
 31
0.0
210
0.0
220
1.0
230
0.0
  0
LINE
  5
1403
330
70
100
AcDbEntity
  8
Visible
100
AcDbLine
 10
158.526791
 20
101.650854
 30
0.0
 11
158.51005
 21
101.650854
 31
0.0
210
0.0
220
1.0
230
0.0
  0
LINE
  5
1404
330
70
100
AcDbEntity
  8
Visible
100
AcDbLine
 10
158.51005
 20
101.650854
 30
0.0
 11
158.51005
 21
101.651904
 31
0.0
210
0.0
220
1.0
230
0.0
  0
LINE
  5
1405
330
70
100
AcDbEntity
  8
Visible
100
AcDbLine
 10
158.504537
 20
101.650854
 30
0.0
 11
158.504537
 21
101.651904
 31
0.0
210
0.0
220
1.0
230
0.0
  0
LINE
  5
1406
330
70
100
AcDbEntity
  8
Visible
100
AcDbLine
 10
158.51005
 20
101.650854
 30
0.0
 11
158.504537
 21
101.650854
 31
0.0
210
0.0
220
1.0
230
0.0
  0
LINE
  5
1407
330
70
100
AcDbEntity
  8
Visible
100
AcDbLine
 10
158.504234
 20
101.650854
 30
0.0
 11
158.504234
 21
101.651904
 31
0.0
210
0.0
220
1.0
230
0.0
  0
LINE
  5
1408
330
70
100
AcDbEntity
  8
Visible
100
AcDbLine
 10
158.504537
 20
101.650854
 30
0.0
 11
158.504234
 21
101.650854
 31
0.0
210
0.0
220
1.0
230
0.0
  0
LINE
  5
1409
330
70
100
AcDbEntity
  8
Visible
100
AcDbLine
 10
158.560775
 20
101.650854
 30
0.0
 11
158.560775
 21
101.651904
 31
0.0
210
0.0
220
1.0
230
0.0
  0
LINE
  5
140A
330
70
100
AcDbEntity
  8
Visible
100
AcDbLine
 10
158.550667
 20
101.650854
 30
0.0
 11
158.560775
 21
101.650854
 31
0.0
210
0.0
220
1.0
230
0.0
  0
LINE
  5
140B
330
70
100
AcDbEntity
  8
Visible
100
AcDbLine
 10
158.550667
 20
101.650854
 30
0.0
 11
158.534935
 21
101.650854
 31
0.0
210
0.0
220
1.0
230
0.0
  0
LINE
  5
140C
330
70
100
AcDbEntity
  8
Visible
100
AcDbLine
 10
158.534935
 20
101.650854
 30
0.0
 11
158.528649
 21
101.650854
 31
0.0
210
0.0
220
1.0
230
0.0
  0
LINE
  5
140D
330
70
100
AcDbEntity
  8
Visible
100
AcDbLine
 10
158.592032
 20
101.650854
 30
0.0
 11
158.592032
 21
101.651904
 31
0.0
210
0.0
220
1.0
230
0.0
  0
LINE
  5
140E
330
70
100
AcDbEntity
  8
Visible
100
AcDbLine
 10
158.592032
 20
101.650854
 30
0.0
 11
158.591329
 21
101.650854
 31
0.0
210
0.0
220
1.0
230
0.0
  0
LINE
  5
140F
330
70
100
AcDbEntity
  8
Visible
100
AcDbLine
 10
158.591329
 20
101.650854
 30
0.0
 11
158.591329
 21
101.651904
 31
0.0
210
0.0
220
1.0
230
0.0
  0
LINE
  5
1410
330
70
100
AcDbEntity
  8
Visible
100
AcDbLine
 10
158.569331
 20
101.650854
 30
0.0
 11
158.569331
 21
101.651904
 31
0.0
210
0.0
220
1.0
230
0.0
  0
LINE
  5
1411
330
70
100
AcDbEntity
  8
Visible
100
AcDbLine
 10
158.591329
 20
101.650854
 30
0.0
 11
158.569331
 21
101.650854
 31
0.0
210
0.0
220
1.0
230
0.0
  0
LINE
  5
1412
330
70
100
AcDbEntity
  8
Visible
100
AcDbLine
 10
158.569028
 20
101.650854
 30
0.0
 11
158.569028
 21
101.651904
 31
0.0
210
0.0
220
1.0
230
0.0
  0
LINE
  5
1413
330
70
100
AcDbEntity
  8
Visible
100
AcDbLine
 10
158.569331
 20
101.650854
 30
0.0
 11
158.569028
 21
101.650854
 31
0.0
210
0.0
220
1.0
230
0.0
  0
LINE
  5
1414
330
70
100
AcDbEntity
  8
Visible
100
AcDbLine
 10
158.634992
 20
101.650854
 30
0.0
 11
158.628658
 21
101.650854
 31
0.0
210
0.0
220
1.0
230
0.0
  0
LINE
  5
1415
330
70
100
AcDbEntity
  8
Visible
100
AcDbLine
 10
158.628658
 20
101.650854
 30
0.0
 11
158.612552
 21
101.650854
 31
0.0
210
0.0
220
1.0
230
0.0
  0
LINE
  5
1416
330
70
100
AcDbEntity
  8
Visible
100
AcDbLine
 10
158.612552
 20
101.650854
 30
0.0
 11
158.600368
 21
101.650854
 31
0.0
210
0.0
220
1.0
230
0.0
  0
LINE
  5
1417
330
70
100
AcDbEntity
  8
Visible
100
AcDbLine
 10
158.600368
 20
101.650854
 30
0.0
 11
158.600065
 21
101.650854
 31
0.0
210
0.0
220
1.0
230
0.0
  0
LINE
  5
1418
330
70
100
AcDbEntity
  8
Visible
100
AcDbLine
 10
158.600065
 20
101.650854
 30
0.0
 11
158.600065
 21
101.651904
 31
0.0
210
0.0
220
1.0
230
0.0
  0
LINE
  5
1419
330
70
100
AcDbEntity
  8
Visible
100
AcDbLine
 10
158.600368
 20
101.650854
 30
0.0
 11
158.600368
 21
101.651904
 31
0.0
210
0.0
220
1.0
230
0.0
  0
LINE
  5
141A
330
70
100
AcDbEntity
  8
Visible
100
AcDbLine
 10
158.675634
 20
101.650854
 30
0.0
 11
158.65967
 21
101.650854
 31
0.0
210
0.0
220
1.0
230
0.0
  0
LINE
  5
141B
330
70
100
AcDbEntity
  8
Visible
100
AcDbLine
 10
158.65967
 20
101.650854
 30
0.0
 11
158.653775
 21
101.650854
 31
0.0
210
0.0
220
1.0
230
0.0
  0
LINE
  5
141C
330
70
100
AcDbEntity
  8
Visible
100
AcDbLine
 10
158.653775
 20
101.650854
 30
0.0
 11
158.637205
 21
101.650854
 31
0.0
210
0.0
220
1.0
230
0.0
  0
LINE
  5
141D
330
70
100
AcDbEntity
  8
Visible
100
AcDbLine
 10
158.65967
 20
101.650854
 30
0.0
 11
158.65967
 21
101.651904
 31
0.0
210
0.0
220
1.0
230
0.0
  0
LINE
  5
141E
330
70
100
AcDbEntity
  8
Visible
100
AcDbLine
 10
158.675634
 20
101.650854
 30
0.0
 11
158.675634
 21
101.651904
 31
0.0
210
0.0
220
1.0
230
0.0
  0
LINE
  5
141F
330
70
100
AcDbEntity
  8
Visible
100
AcDbLine
 10
158.653775
 20
101.650854
 30
0.0
 11
158.653775
 21
101.651904
 31
0.0
210
0.0
220
1.0
230
0.0
  0
LINE
  5
1420
330
70
100
AcDbEntity
  8
Visible
100
AcDbLine
 10
158.637205
 20
101.650854
 30
0.0
 11
158.637205
 21
101.651904
 31
0.0
210
0.0
220
1.0
230
0.0
  0
LINE
  5
1421
330
70
100
AcDbEntity
  8
Visible
100
AcDbLine
 10
158.504057
 20
101.650854
 30
0.0
 11
158.504057
 21
101.651904
 31
0.0
210
0.0
220
1.0
230
0.0
  0
LINE
  5
1422
330
70
100
AcDbEntity
  8
Visible
100
AcDbLine
 10
158.504234
 20
101.650854
 30
0.0
 11
158.504057
 21
101.650854
 31
0.0
210
0.0
220
1.0
230
0.0
  0
LINE
  5
1423
330
70
100
AcDbEntity
  8
Visible
100
AcDbLine
 10
158.503754
 20
101.650854
 30
0.0
 11
158.503754
 21
101.651904
 31
0.0
210
0.0
220
1.0
230
0.0
  0
LINE
  5
1424
330
70
100
AcDbEntity
  8
Visible
100
AcDbLine
 10
158.504057
 20
101.650854
 30
0.0
 11
158.503754
 21
101.650854
 31
0.0
210
0.0
220
1.0
230
0.0
  0
LINE
  5
1425
330
70
100
AcDbEntity
  8
Visible
100
AcDbLine
 10
158.563648
 20
101.650854
 30
0.0
 11
158.563648
 21
101.651904
 31
0.0
210
0.0
220
1.0
230
0.0
  0
LINE
  5
1426
330
70
100
AcDbEntity
  8
Visible
100
AcDbLine
 10
158.563792
 20
101.650854
 30
0.0
 11
158.563648
 21
101.650854
 31
0.0
210
0.0
220
1.0
230
0.0
  0
LINE
  5
1427
330
70
100
AcDbEntity
  8
Visible
100
AcDbLine
 10
158.563609
 20
101.650854
 30
0.0
 11
158.563609
 21
101.651904
 31
0.0
210
0.0
220
1.0
230
0.0
  0
LINE
  5
1428
330
70
100
AcDbEntity
  8
Visible
100
AcDbLine
 10
158.563648
 20
101.650854
 30
0.0
 11
158.563609
 21
101.650854
 31
0.0
210
0.0
220
1.0
230
0.0
  0
LINE
  5
1429
330
70
100
AcDbEntity
  8
Visible
100
AcDbLine
 10
158.569028
 20
101.650854
 30
0.0
 11
158.567266
 21
101.650854
 31
0.0
210
0.0
220
1.0
230
0.0
  0
LINE
  5
142A
330
70
100
AcDbEntity
  8
Visible
100
AcDbLine
 10
158.567266
 20
101.650854
 30
0.0
 11
158.563792
 21
101.650854
 31
0.0
210
0.0
220
1.0
230
0.0
  0
LINE
  5
142B
330
70
100
AcDbEntity
  8
Visible
100
AcDbLine
 10
158.593185
 20
101.650854
 30
0.0
 11
158.593185
 21
101.651904
 31
0.0
210
0.0
220
1.0
230
0.0
  0
LINE
  5
142C
330
70
100
AcDbEntity
  8
Visible
100
AcDbLine
 10
158.600065
 20
101.650854
 30
0.0
 11
158.593185
 21
101.650854
 31
0.0
210
0.0
220
1.0
230
0.0
  0
LINE
  5
142D
330
70
100
AcDbEntity
  8
Visible
100
AcDbLine
 10
158.593185
 20
101.650854
 30
0.0
 11
158.592032
 21
101.650854
 31
0.0
210
0.0
220
1.0
230
0.0
  0
LINE
  5
142E
330
70
100
AcDbEntity
  8
Visible
100
AcDbLine
 10
158.637205
 20
101.650854
 30
0.0
 11
158.634992
 21
101.650854
 31
0.0
210
0.0
220
1.0
230
0.0
  0
LINE
  5
142F
330
70
100
AcDbEntity
  8
Visible
100
AcDbLine
 10
158.687995
 20
101.650854
 30
0.0
 11
158.681661
 21
101.650854
 31
0.0
210
0.0
220
1.0
230
0.0
  0
LINE
  5
1430
330
70
100
AcDbEntity
  8
Visible
100
AcDbLine
 10
158.681661
 20
101.650854
 30
0.0
 11
158.675634
 21
101.650854
 31
0.0
210
0.0
220
1.0
230
0.0
  0
LINE
  5
1431
330
70
100
AcDbEntity
  8
Visible
100
AcDbLine
 10
158.728637
 20
101.650854
 30
0.0
 11
158.712673
 21
101.650854
 31
0.0
210
0.0
220
1.0
230
0.0
  0
LINE
  5
1432
330
70
100
AcDbEntity
  8
Visible
100
AcDbLine
 10
158.712673
 20
101.650854
 30
0.0
 11
158.706778
 21
101.650854
 31
0.0
210
0.0
220
1.0
230
0.0
  0
LINE
  5
1433
330
70
100
AcDbEntity
  8
Visible
100
AcDbLine
 10
158.706778
 20
101.650854
 30
0.0
 11
158.690208
 21
101.650854
 31
0.0
210
0.0
220
1.0
230
0.0
  0
LINE
  5
1434
330
70
100
AcDbEntity
  8
Visible
100
AcDbLine
 10
158.712673
 20
101.650854
 30
0.0
 11
158.712673
 21
101.651904
 31
0.0
210
0.0
220
1.0
230
0.0
  0
LINE
  5
1435
330
70
100
AcDbEntity
  8
Visible
100
AcDbLine
 10
158.728637
 20
101.650854
 30
0.0
 11
158.728637
 21
101.651904
 31
0.0
210
0.0
220
1.0
230
0.0
  0
LINE
  5
1436
330
70
100
AcDbEntity
  8
Visible
100
AcDbLine
 10
158.706778
 20
101.650854
 30
0.0
 11
158.706778
 21
101.651904
 31
0.0
210
0.0
220
1.0
230
0.0
  0
LINE
  5
1437
330
70
100
AcDbEntity
  8
Visible
100
AcDbLine
 10
158.690208
 20
101.650854
 30
0.0
 11
158.690208
 21
101.651904
 31
0.0
210
0.0
220
1.0
230
0.0
  0
LINE
  5
1438
330
70
100
AcDbEntity
  8
Visible
100
AcDbLine
 10
158.469077
 20
101.650854
 30
0.0
 11
158.439298
 21
101.650854
 31
0.0
210
0.0
220
1.0
230
0.0
  0
LINE
  5
1439
330
70
100
AcDbEntity
  8
Visible
100
AcDbLine
 10
158.423071
 20
101.650854
 30
0.0
 11
158.439298
 21
101.650854
 31
0.0
210
0.0
220
1.0
230
0.0
  0
LINE
  5
143A
330
70
100
AcDbEntity
  8
Visible
100
AcDbLine
 10
158.381887
 20
101.650854
 30
0.0
 11
158.423071
 21
101.650854
 31
0.0
210
0.0
220
1.0
230
0.0
  0
LINE
  5
143B
330
70
100
AcDbEntity
  8
Visible
100
AcDbLine
 10
158.345365
 20
101.650854
 30
0.0
 11
158.381887
 21
101.650854
 31
0.0
210
0.0
220
1.0
230
0.0
  0
LINE
  5
143C
330
70
100
AcDbEntity
  8
Visible
100
AcDbLine
 10
158.345365
 20
101.650854
 30
0.0
 11
158.331909
 21
101.650854
 31
0.0
210
0.0
220
1.0
230
0.0
  0
LINE
  5
143D
330
70
100
AcDbEntity
  8
Visible
100
AcDbLine
 10
158.331909
 20
101.650854
 30
0.0
 11
158.32493
 21
101.650854
 31
0.0
210
0.0
220
1.0
230
0.0
  0
LINE
  5
143E
330
70
100
AcDbEntity
  8
Visible
100
AcDbLine
 10
158.289907
 20
101.650854
 30
0.0
 11
158.32493
 21
101.650854
 31
0.0
210
0.0
220
1.0
230
0.0
  0
LINE
  5
143F
330
70
100
AcDbEntity
  8
Visible
100
AcDbLine
 10
158.289907
 20
101.650854
 30
0.0
 11
158.275389
 21
101.650854
 31
0.0
210
0.0
220
1.0
230
0.0
  0
LINE
  5
1440
330
70
100
AcDbEntity
  8
Visible
100
AcDbLine
 10
158.439298
 20
101.650854
 30
0.0
 11
158.439298
 21
101.651904
 31
0.0
210
0.0
220
1.0
230
0.0
  0
LINE
  5
1441
330
70
100
AcDbEntity
  8
Visible
100
AcDbLine
 10
158.469077
 20
101.650854
 30
0.0
 11
158.469077
 21
101.651904
 31
0.0
210
0.0
220
1.0
230
0.0
  0
LINE
  5
1442
330
70
100
AcDbEntity
  8
Visible
100
AcDbLine
 10
158.423071
 20
101.650854
 30
0.0
 11
158.423071
 21
101.651904
 31
0.0
210
0.0
220
1.0
230
0.0
  0
LINE
  5
1443
330
70
100
AcDbEntity
  8
Visible
100
AcDbLine
 10
158.331909
 20
101.650854
 30
0.0
 11
158.331909
 21
101.651904
 31
0.0
210
0.0
220
1.0
230
0.0
  0
LINE
  5
1444
330
70
100
AcDbEntity
  8
Visible
100
AcDbLine
 10
158.528648
 20
101.650854
 30
0.0
 11
158.528648
 21
101.651904
 31
0.0
210
0.0
220
1.0
230
0.0
  0
LINE
  5
1445
330
70
100
AcDbEntity
  8
Visible
100
AcDbLine
 10
158.634992
 20
101.650854
 30
0.0
 11
158.634992
 21
101.651904
 31
0.0
210
0.0
220
1.0
230
0.0
  0
LINE
  5
1446
330
70
100
AcDbEntity
  8
Visible
100
AcDbLine
 10
158.563792
 20
101.650854
 30
0.0
 11
158.563792
 21
101.651904
 31
0.0
210
0.0
220
1.0
230
0.0
  0
LINE
  5
1447
330
70
100
AcDbEntity
  8
Visible
100
AcDbLine
 10
158.687995
 20
101.650854
 30
0.0
 11
158.687995
 21
101.651904
 31
0.0
210
0.0
220
1.0
230
0.0
  0
LINE
  5
1448
330
70
100
AcDbEntity
  8
Visible
100
AcDbLine
 10
158.275388
 20
101.650854
 30
0.0
 11
158.275388
 21
101.651904
 31
0.0
210
0.0
220
1.0
230
0.0
  0
LINE
  5
1449
330
70
100
AcDbEntity
  8
Visible
100
AcDbLine
 10
153.954782
 20
103.301857
 30
0.0
 11
153.954782
 21
103.302907
 31
0.0
210
0.0
220
1.0
230
0.0
  0
LINE
  5
144A
330
70
100
AcDbEntity
  8
Visible
100
AcDbLine
 10
153.954782
 20
103.301857
 30
0.0
 11
153.938041
 21
103.301857
 31
0.0
210
0.0
220
1.0
230
0.0
  0
LINE
  5
144B
330
70
100
AcDbEntity
  8
Visible
100
AcDbLine
 10
153.938041
 20
103.301857
 30
0.0
 11
153.938041
 21
103.302907
 31
0.0
210
0.0
220
1.0
230
0.0
  0
LINE
  5
144C
330
70
100
AcDbEntity
  8
Visible
100
AcDbLine
 10
153.932528
 20
103.301857
 30
0.0
 11
153.932528
 21
103.302907
 31
0.0
210
0.0
220
1.0
230
0.0
  0
LINE
  5
144D
330
70
100
AcDbEntity
  8
Visible
100
AcDbLine
 10
153.938041
 20
103.301857
 30
0.0
 11
153.932528
 21
103.301857
 31
0.0
210
0.0
220
1.0
230
0.0
  0
LINE
  5
144E
330
70
100
AcDbEntity
  8
Visible
100
AcDbLine
 10
153.932225
 20
103.301857
 30
0.0
 11
153.932225
 21
103.302907
 31
0.0
210
0.0
220
1.0
230
0.0
  0
LINE
  5
144F
330
70
100
AcDbEntity
  8
Visible
100
AcDbLine
 10
153.932528
 20
103.301857
 30
0.0
 11
153.932225
 21
103.301857
 31
0.0
210
0.0
220
1.0
230
0.0
  0
LINE
  5
1450
330
70
100
AcDbEntity
  8
Visible
100
AcDbLine
 10
153.988766
 20
103.301857
 30
0.0
 11
153.988766
 21
103.302907
 31
0.0
210
0.0
220
1.0
230
0.0
  0
LINE
  5
1451
330
70
100
AcDbEntity
  8
Visible
100
AcDbLine
 10
153.978658
 20
103.301857
 30
0.0
 11
153.988766
 21
103.301857
 31
0.0
210
0.0
220
1.0
230
0.0
  0
LINE
  5
1452
330
70
100
AcDbEntity
  8
Visible
100
AcDbLine
 10
153.978658
 20
103.301857
 30
0.0
 11
153.962926
 21
103.301857
 31
0.0
210
0.0
220
1.0
230
0.0
  0
LINE
  5
1453
330
70
100
AcDbEntity
  8
Visible
100
AcDbLine
 10
153.962926
 20
103.301857
 30
0.0
 11
153.95664
 21
103.301857
 31
0.0
210
0.0
220
1.0
230
0.0
  0
LINE
  5
1454
330
70
100
AcDbEntity
  8
Visible
100
AcDbLine
 10
154.020023
 20
103.301857
 30
0.0
 11
154.020023
 21
103.302907
 31
0.0
210
0.0
220
1.0
230
0.0
  0
LINE
  5
1455
330
70
100
AcDbEntity
  8
Visible
100
AcDbLine
 10
154.020023
 20
103.301857
 30
0.0
 11
154.01932
 21
103.301857
 31
0.0
210
0.0
220
1.0
230
0.0
  0
LINE
  5
1456
330
70
100
AcDbEntity
  8
Visible
100
AcDbLine
 10
154.01932
 20
103.301857
 30
0.0
 11
154.01932
 21
103.302907
 31
0.0
210
0.0
220
1.0
230
0.0
  0
LINE
  5
1457
330
70
100
AcDbEntity
  8
Visible
100
AcDbLine
 10
153.997321
 20
103.301857
 30
0.0
 11
153.997321
 21
103.302907
 31
0.0
210
0.0
220
1.0
230
0.0
  0
LINE
  5
1458
330
70
100
AcDbEntity
  8
Visible
100
AcDbLine
 10
154.01932
 20
103.301857
 30
0.0
 11
153.997321
 21
103.301857
 31
0.0
210
0.0
220
1.0
230
0.0
  0
LINE
  5
1459
330
70
100
AcDbEntity
  8
Visible
100
AcDbLine
 10
153.997019
 20
103.301857
 30
0.0
 11
153.997019
 21
103.302907
 31
0.0
210
0.0
220
1.0
230
0.0
  0
LINE
  5
145A
330
70
100
AcDbEntity
  8
Visible
100
AcDbLine
 10
153.997321
 20
103.301857
 30
0.0
 11
153.997019
 21
103.301857
 31
0.0
210
0.0
220
1.0
230
0.0
  0
LINE
  5
145B
330
70
100
AcDbEntity
  8
Visible
100
AcDbLine
 10
154.062983
 20
103.301857
 30
0.0
 11
154.056649
 21
103.301857
 31
0.0
210
0.0
220
1.0
230
0.0
  0
LINE
  5
145C
330
70
100
AcDbEntity
  8
Visible
100
AcDbLine
 10
154.056649
 20
103.301857
 30
0.0
 11
154.040543
 21
103.301857
 31
0.0
210
0.0
220
1.0
230
0.0
  0
LINE
  5
145D
330
70
100
AcDbEntity
  8
Visible
100
AcDbLine
 10
154.040543
 20
103.301857
 30
0.0
 11
154.028359
 21
103.301857
 31
0.0
210
0.0
220
1.0
230
0.0
  0
LINE
  5
145E
330
70
100
AcDbEntity
  8
Visible
100
AcDbLine
 10
154.028359
 20
103.301857
 30
0.0
 11
154.028056
 21
103.301857
 31
0.0
210
0.0
220
1.0
230
0.0
  0
LINE
  5
145F
330
70
100
AcDbEntity
  8
Visible
100
AcDbLine
 10
154.028056
 20
103.301857
 30
0.0
 11
154.028056
 21
103.302907
 31
0.0
210
0.0
220
1.0
230
0.0
  0
LINE
  5
1460
330
70
100
AcDbEntity
  8
Visible
100
AcDbLine
 10
154.028359
 20
103.301857
 30
0.0
 11
154.028359
 21
103.302907
 31
0.0
210
0.0
220
1.0
230
0.0
  0
LINE
  5
1461
330
70
100
AcDbEntity
  8
Visible
100
AcDbLine
 10
154.103625
 20
103.301857
 30
0.0
 11
154.087661
 21
103.301857
 31
0.0
210
0.0
220
1.0
230
0.0
  0
LINE
  5
1462
330
70
100
AcDbEntity
  8
Visible
100
AcDbLine
 10
154.087661
 20
103.301857
 30
0.0
 11
154.081766
 21
103.301857
 31
0.0
210
0.0
220
1.0
230
0.0
  0
LINE
  5
1463
330
70
100
AcDbEntity
  8
Visible
100
AcDbLine
 10
154.081766
 20
103.301857
 30
0.0
 11
154.065196
 21
103.301857
 31
0.0
210
0.0
220
1.0
230
0.0
  0
LINE
  5
1464
330
70
100
AcDbEntity
  8
Visible
100
AcDbLine
 10
154.087661
 20
103.301857
 30
0.0
 11
154.087661
 21
103.302907
 31
0.0
210
0.0
220
1.0
230
0.0
  0
LINE
  5
1465
330
70
100
AcDbEntity
  8
Visible
100
AcDbLine
 10
154.103625
 20
103.301857
 30
0.0
 11
154.103625
 21
103.302907
 31
0.0
210
0.0
220
1.0
230
0.0
  0
LINE
  5
1466
330
70
100
AcDbEntity
  8
Visible
100
AcDbLine
 10
154.081766
 20
103.301857
 30
0.0
 11
154.081766
 21
103.302907
 31
0.0
210
0.0
220
1.0
230
0.0
  0
LINE
  5
1467
330
70
100
AcDbEntity
  8
Visible
100
AcDbLine
 10
154.065196
 20
103.301857
 30
0.0
 11
154.065196
 21
103.302907
 31
0.0
210
0.0
220
1.0
230
0.0
  0
LINE
  5
1468
330
70
100
AcDbEntity
  8
Visible
100
AcDbLine
 10
153.932047
 20
103.301857
 30
0.0
 11
153.932047
 21
103.302907
 31
0.0
210
0.0
220
1.0
230
0.0
  0
LINE
  5
1469
330
70
100
AcDbEntity
  8
Visible
100
AcDbLine
 10
153.932225
 20
103.301857
 30
0.0
 11
153.932047
 21
103.301857
 31
0.0
210
0.0
220
1.0
230
0.0
  0
LINE
  5
146A
330
70
100
AcDbEntity
  8
Visible
100
AcDbLine
 10
153.931744
 20
103.301857
 30
0.0
 11
153.931744
 21
103.302907
 31
0.0
210
0.0
220
1.0
230
0.0
  0
LINE
  5
146B
330
70
100
AcDbEntity
  8
Visible
100
AcDbLine
 10
153.932047
 20
103.301857
 30
0.0
 11
153.931744
 21
103.301857
 31
0.0
210
0.0
220
1.0
230
0.0
  0
LINE
  5
146C
330
70
100
AcDbEntity
  8
Visible
100
AcDbLine
 10
153.991639
 20
103.301857
 30
0.0
 11
153.991639
 21
103.302907
 31
0.0
210
0.0
220
1.0
230
0.0
  0
LINE
  5
146D
330
70
100
AcDbEntity
  8
Visible
100
AcDbLine
 10
153.991783
 20
103.301857
 30
0.0
 11
153.991639
 21
103.301857
 31
0.0
210
0.0
220
1.0
230
0.0
  0
LINE
  5
146E
330
70
100
AcDbEntity
  8
Visible
100
AcDbLine
 10
153.9916
 20
103.301857
 30
0.0
 11
153.9916
 21
103.302907
 31
0.0
210
0.0
220
1.0
230
0.0
  0
LINE
  5
146F
330
70
100
AcDbEntity
  8
Visible
100
AcDbLine
 10
153.991639
 20
103.301857
 30
0.0
 11
153.9916
 21
103.301857
 31
0.0
210
0.0
220
1.0
230
0.0
  0
LINE
  5
1470
330
70
100
AcDbEntity
  8
Visible
100
AcDbLine
 10
153.997019
 20
103.301857
 30
0.0
 11
153.995257
 21
103.301857
 31
0.0
210
0.0
220
1.0
230
0.0
  0
LINE
  5
1471
330
70
100
AcDbEntity
  8
Visible
100
AcDbLine
 10
153.995257
 20
103.301857
 30
0.0
 11
153.991783
 21
103.301857
 31
0.0
210
0.0
220
1.0
230
0.0
  0
LINE
  5
1472
330
70
100
AcDbEntity
  8
Visible
100
AcDbLine
 10
154.021176
 20
103.301857
 30
0.0
 11
154.021176
 21
103.302907
 31
0.0
210
0.0
220
1.0
230
0.0
  0
LINE
  5
1473
330
70
100
AcDbEntity
  8
Visible
100
AcDbLine
 10
154.028056
 20
103.301857
 30
0.0
 11
154.021176
 21
103.301857
 31
0.0
210
0.0
220
1.0
230
0.0
  0
LINE
  5
1474
330
70
100
AcDbEntity
  8
Visible
100
AcDbLine
 10
154.021176
 20
103.301857
 30
0.0
 11
154.020023
 21
103.301857
 31
0.0
210
0.0
220
1.0
230
0.0
  0
LINE
  5
1475
330
70
100
AcDbEntity
  8
Visible
100
AcDbLine
 10
154.065196
 20
103.301857
 30
0.0
 11
154.062983
 21
103.301857
 31
0.0
210
0.0
220
1.0
230
0.0
  0
LINE
  5
1476
330
70
100
AcDbEntity
  8
Visible
100
AcDbLine
 10
154.115986
 20
103.301857
 30
0.0
 11
154.109652
 21
103.301857
 31
0.0
210
0.0
220
1.0
230
0.0
  0
LINE
  5
1477
330
70
100
AcDbEntity
  8
Visible
100
AcDbLine
 10
154.109652
 20
103.301857
 30
0.0
 11
154.103625
 21
103.301857
 31
0.0
210
0.0
220
1.0
230
0.0
  0
LINE
  5
1478
330
70
100
AcDbEntity
  8
Visible
100
AcDbLine
 10
154.156628
 20
103.301857
 30
0.0
 11
154.140664
 21
103.301857
 31
0.0
210
0.0
220
1.0
230
0.0
  0
LINE
  5
1479
330
70
100
AcDbEntity
  8
Visible
100
AcDbLine
 10
154.140664
 20
103.301857
 30
0.0
 11
154.134769
 21
103.301857
 31
0.0
210
0.0
220
1.0
230
0.0
  0
LINE
  5
147A
330
70
100
AcDbEntity
  8
Visible
100
AcDbLine
 10
154.134769
 20
103.301857
 30
0.0
 11
154.118199
 21
103.301857
 31
0.0
210
0.0
220
1.0
230
0.0
  0
LINE
  5
147B
330
70
100
AcDbEntity
  8
Visible
100
AcDbLine
 10
154.140664
 20
103.301857
 30
0.0
 11
154.140664
 21
103.302907
 31
0.0
210
0.0
220
1.0
230
0.0
  0
LINE
  5
147C
330
70
100
AcDbEntity
  8
Visible
100
AcDbLine
 10
154.156628
 20
103.301857
 30
0.0
 11
154.156628
 21
103.302907
 31
0.0
210
0.0
220
1.0
230
0.0
  0
LINE
  5
147D
330
70
100
AcDbEntity
  8
Visible
100
AcDbLine
 10
154.134769
 20
103.301857
 30
0.0
 11
154.134769
 21
103.302907
 31
0.0
210
0.0
220
1.0
230
0.0
  0
LINE
  5
147E
330
70
100
AcDbEntity
  8
Visible
100
AcDbLine
 10
154.118199
 20
103.301857
 30
0.0
 11
154.118199
 21
103.302907
 31
0.0
210
0.0
220
1.0
230
0.0
  0
LINE
  5
147F
330
70
100
AcDbEntity
  8
Visible
100
AcDbLine
 10
153.897068
 20
103.301857
 30
0.0
 11
153.867289
 21
103.301857
 31
0.0
210
0.0
220
1.0
230
0.0
  0
LINE
  5
1480
330
70
100
AcDbEntity
  8
Visible
100
AcDbLine
 10
153.851062
 20
103.301857
 30
0.0
 11
153.867289
 21
103.301857
 31
0.0
210
0.0
220
1.0
230
0.0
  0
LINE
  5
1481
330
70
100
AcDbEntity
  8
Visible
100
AcDbLine
 10
153.809877
 20
103.301857
 30
0.0
 11
153.851062
 21
103.301857
 31
0.0
210
0.0
220
1.0
230
0.0
  0
LINE
  5
1482
330
70
100
AcDbEntity
  8
Visible
100
AcDbLine
 10
153.773355
 20
103.301857
 30
0.0
 11
153.809877
 21
103.301857
 31
0.0
210
0.0
220
1.0
230
0.0
  0
LINE
  5
1483
330
70
100
AcDbEntity
  8
Visible
100
AcDbLine
 10
153.773355
 20
103.301857
 30
0.0
 11
153.7599
 21
103.301857
 31
0.0
210
0.0
220
1.0
230
0.0
  0
LINE
  5
1484
330
70
100
AcDbEntity
  8
Visible
100
AcDbLine
 10
153.7599
 20
103.301857
 30
0.0
 11
153.75292
 21
103.301857
 31
0.0
210
0.0
220
1.0
230
0.0
  0
LINE
  5
1485
330
70
100
AcDbEntity
  8
Visible
100
AcDbLine
 10
153.717897
 20
103.301857
 30
0.0
 11
153.75292
 21
103.301857
 31
0.0
210
0.0
220
1.0
230
0.0
  0
LINE
  5
1486
330
70
100
AcDbEntity
  8
Visible
100
AcDbLine
 10
153.717897
 20
103.301857
 30
0.0
 11
153.70338
 21
103.301857
 31
0.0
210
0.0
220
1.0
230
0.0
  0
LINE
  5
1487
330
70
100
AcDbEntity
  8
Visible
100
AcDbLine
 10
153.867289
 20
103.301857
 30
0.0
 11
153.867289
 21
103.302907
 31
0.0
210
0.0
220
1.0
230
0.0
  0
LINE
  5
1488
330
70
100
AcDbEntity
  8
Visible
100
AcDbLine
 10
153.897068
 20
103.301857
 30
0.0
 11
153.897068
 21
103.302907
 31
0.0
210
0.0
220
1.0
230
0.0
  0
LINE
  5
1489
330
70
100
AcDbEntity
  8
Visible
100
AcDbLine
 10
153.851062
 20
103.301857
 30
0.0
 11
153.851062
 21
103.302907
 31
0.0
210
0.0
220
1.0
230
0.0
  0
LINE
  5
148A
330
70
100
AcDbEntity
  8
Visible
100
AcDbLine
 10
153.7599
 20
103.301857
 30
0.0
 11
153.7599
 21
103.302907
 31
0.0
210
0.0
220
1.0
230
0.0
  0
LINE
  5
148B
330
70
100
AcDbEntity
  8
Visible
100
AcDbLine
 10
153.956639
 20
103.301857
 30
0.0
 11
153.956639
 21
103.302907
 31
0.0
210
0.0
220
1.0
230
0.0
  0
LINE
  5
148C
330
70
100
AcDbEntity
  8
Visible
100
AcDbLine
 10
154.062983
 20
103.301857
 30
0.0
 11
154.062983
 21
103.302907
 31
0.0
210
0.0
220
1.0
230
0.0
  0
LINE
  5
148D
330
70
100
AcDbEntity
  8
Visible
100
AcDbLine
 10
153.991783
 20
103.301857
 30
0.0
 11
153.991783
 21
103.302907
 31
0.0
210
0.0
220
1.0
230
0.0
  0
LINE
  5
148E
330
70
100
AcDbEntity
  8
Visible
100
AcDbLine
 10
154.115986
 20
103.301857
 30
0.0
 11
154.115986
 21
103.302907
 31
0.0
210
0.0
220
1.0
230
0.0
  0
LINE
  5
148F
330
70
100
AcDbEntity
  8
Visible
100
AcDbLine
 10
153.703379
 20
103.301857
 30
0.0
 11
153.703379
 21
103.302907
 31
0.0
210
0.0
220
1.0
230
0.0
  0
LINE
  5
1490
330
70
100
AcDbEntity
  8
Visible
100
AcDbLine
 10
158.97689
 20
100.2594
 30
0.0
 11
158.77689
 21
100.2594
 31
0.0
210
0.0
220
1.0
230
0.0
  0
LINE
  5
1491
330
70
100
AcDbEntity
  8
Visible
100
AcDbLine
 10
158.17689
 20
100.2594
 30
0.0
 11
157.97689
 21
100.2594
 31
0.0
210
0.0
220
1.0
230
0.0
  0
LINE
  5
1492
330
70
100
AcDbEntity
  8
Visible
100
AcDbLine
 10
158.77689
 20
100.2094
 30
0.0
 11
158.77689
 21
100.2594
 31
0.0
210
0.0
220
1.0
230
0.0
  0
LINE
  5
1493
330
70
100
AcDbEntity
  8
Visible
100
AcDbLine
 10
158.17689
 20
100.2094
 30
0.0
 11
158.18189
 21
100.2094
 31
0.0
210
0.0
220
1.0
230
0.0
  0
LINE
  5
1494
330
70
100
AcDbEntity
  8
Visible
100
AcDbLine
 10
158.77189
 20
100.2094
 30
0.0
 11
158.77689
 21
100.2094
 31
0.0
210
0.0
220
1.0
230
0.0
  0
LINE
  5
1495
330
70
100
AcDbEntity
  8
Visible
100
AcDbLine
 10
158.17689
 20
100.2594
 30
0.0
 11
158.17689
 21
100.2094
 31
0.0
210
0.0
220
1.0
230
0.0
  0
LINE
  5
1496
330
70
100
AcDbEntity
  8
Visible
100
AcDbLine
 10
157.97689
 20
100.2594
 30
0.0
 11
157.97689
 21
99.7594
 31
0.0
210
0.0
220
1.0
230
0.0
  0
LINE
  5
1497
330
70
100
AcDbEntity
  8
Visible
100
AcDbLine
 10
157.97689
 20
99.7594
 30
0.0
 11
158.17689
 21
99.7594
 31
0.0
210
0.0
220
1.0
230
0.0
  0
LINE
  5
1498
330
70
100
AcDbEntity
  8
Visible
100
AcDbLine
 10
158.17689
 20
99.7594
 30
0.0
 11
158.17689
 21
99.8094
 31
0.0
210
0.0
220
1.0
230
0.0
  0
LINE
  5
1499
330
70
100
AcDbEntity
  8
Visible
100
AcDbLine
 10
158.77689
 20
99.8094
 30
0.0
 11
158.77189
 21
99.8094
 31
0.0
210
0.0
220
1.0
230
0.0
  0
LINE
  5
149A
330
70
100
AcDbEntity
  8
Visible
100
AcDbLine
 10
158.18189
 20
99.8094
 30
0.0
 11
158.17689
 21
99.8094
 31
0.0
210
0.0
220
1.0
230
0.0
  0
LINE
  5
149B
330
70
100
AcDbEntity
  8
Visible
100
AcDbLine
 10
158.77689
 20
99.8094
 30
0.0
 11
158.77689
 21
99.7594
 31
0.0
210
0.0
220
1.0
230
0.0
  0
LINE
  5
149C
330
70
100
AcDbEntity
  8
Visible
100
AcDbLine
 10
158.77689
 20
99.7594
 30
0.0
 11
158.97689
 21
99.7594
 31
0.0
210
0.0
220
1.0
230
0.0
  0
LINE
  5
149D
330
70
100
AcDbEntity
  8
Visible
100
AcDbLine
 10
158.97689
 20
99.7594
 30
0.0
 11
158.97689
 21
100.2594
 31
0.0
210
0.0
220
1.0
230
0.0
  0
LINE
  5
149E
330
70
100
AcDbEntity
  8
Visible
100
AcDbLine
 10
156.567886
 20
97.985397
 30
0.0
 11
156.567886
 21
98.185397
 31
0.0
210
0.0
220
1.0
230
0.0
  0
LINE
  5
149F
330
70
100
AcDbEntity
  8
Visible
100
AcDbLine
 10
156.567886
 20
98.785397
 30
0.0
 11
156.567886
 21
98.985397
 31
0.0
210
0.0
220
1.0
230
0.0
  0
LINE
  5
14A0
330
70
100
AcDbEntity
  8
Visible
100
AcDbLine
 10
156.517886
 20
98.185397
 30
0.0
 11
156.567886
 21
98.185397
 31
0.0
210
0.0
220
1.0
230
0.0
  0
LINE
  5
14A1
330
70
100
AcDbEntity
  8
Visible
100
AcDbLine
 10
156.517886
 20
98.785397
 30
0.0
 11
156.517886
 21
98.780397
 31
0.0
210
0.0
220
1.0
230
0.0
  0
LINE
  5
14A2
330
70
100
AcDbEntity
  8
Visible
100
AcDbLine
 10
156.517886
 20
98.190397
 30
0.0
 11
156.517886
 21
98.185397
 31
0.0
210
0.0
220
1.0
230
0.0
  0
LINE
  5
14A3
330
70
100
AcDbEntity
  8
Visible
100
AcDbLine
 10
156.567886
 20
98.785397
 30
0.0
 11
156.517886
 21
98.785397
 31
0.0
210
0.0
220
1.0
230
0.0
  0
LINE
  5
14A4
330
70
100
AcDbEntity
  8
Visible
100
AcDbLine
 10
156.567886
 20
98.985397
 30
0.0
 11
156.067886
 21
98.985397
 31
0.0
210
0.0
220
1.0
230
0.0
  0
LINE
  5
14A5
330
70
100
AcDbEntity
  8
Visible
100
AcDbLine
 10
156.067886
 20
98.985397
 30
0.0
 11
156.067886
 21
98.785397
 31
0.0
210
0.0
220
1.0
230
0.0
  0
LINE
  5
14A6
330
70
100
AcDbEntity
  8
Visible
100
AcDbLine
 10
156.067886
 20
98.785397
 30
0.0
 11
156.117886
 21
98.785397
 31
0.0
210
0.0
220
1.0
230
0.0
  0
LINE
  5
14A7
330
70
100
AcDbEntity
  8
Visible
100
AcDbLine
 10
156.117886
 20
98.185397
 30
0.0
 11
156.117886
 21
98.190397
 31
0.0
210
0.0
220
1.0
230
0.0
  0
LINE
  5
14A8
330
70
100
AcDbEntity
  8
Visible
100
AcDbLine
 10
156.117886
 20
98.780397
 30
0.0
 11
156.117886
 21
98.785397
 31
0.0
210
0.0
220
1.0
230
0.0
  0
LINE
  5
14A9
330
70
100
AcDbEntity
  8
Visible
100
AcDbLine
 10
156.117886
 20
98.185397
 30
0.0
 11
156.067886
 21
98.185397
 31
0.0
210
0.0
220
1.0
230
0.0
  0
LINE
  5
14AA
330
70
100
AcDbEntity
  8
Visible
100
AcDbLine
 10
156.067886
 20
98.185397
 30
0.0
 11
156.067886
 21
97.985397
 31
0.0
210
0.0
220
1.0
230
0.0
  0
LINE
  5
14AB
330
70
100
AcDbEntity
  8
Visible
100
AcDbLine
 10
156.067886
 20
97.985397
 30
0.0
 11
156.567886
 21
97.985397
 31
0.0
210
0.0
220
1.0
230
0.0
  0
LINE
  5
14AC
330
70
100
AcDbEntity
  8
Visible
100
AcDbLine
 10
158.77689
 20
99.7594
 30
0.0
 11
158.17689
 21
99.7594
 31
0.0
210
0.0
220
1.0
230
0.0
  0
LINE
  5
14AD
330
70
100
AcDbEntity
  8
Visible
100
AcDbLine
 10
158.17689
 20
100.2594
 30
0.0
 11
158.77689
 21
100.2594
 31
0.0
210
0.0
220
1.0
230
0.0
  0
LINE
  5
14AE
330
70
100
AcDbEntity
  8
Visible
100
AcDbLine
 10
158.18689
 20
100.2494
 30
0.0
 11
158.18689
 21
99.7694
 31
0.0
210
0.0
220
1.0
230
0.0
  0
LINE
  5
14AF
330
70
100
AcDbEntity
  8
Visible
100
AcDbLine
 10
158.18689
 20
99.7694
 30
0.0
 11
158.76689
 21
99.7694
 31
0.0
210
0.0
220
1.0
230
0.0
  0
LINE
  5
14B0
330
70
100
AcDbEntity
  8
Visible
100
AcDbLine
 10
158.76689
 20
99.7694
 30
0.0
 11
158.76689
 21
100.2494
 31
0.0
210
0.0
220
1.0
230
0.0
  0
LINE
  5
14B1
330
70
100
AcDbEntity
  8
Visible
100
AcDbLine
 10
158.76689
 20
100.2494
 30
0.0
 11
158.18689
 21
100.2494
 31
0.0
210
0.0
220
1.0
230
0.0
  0
LINE
  5
14B2
330
70
100
AcDbEntity
  8
Visible
100
AcDbLine
 10
158.77689
 20
100.2594
 30
0.0
 11
158.76689
 21
100.2494
 31
0.0
210
0.0
220
1.0
230
0.0
  0
LINE
  5
14B3
330
70
100
AcDbEntity
  8
Visible
100
AcDbLine
 10
158.18689
 20
100.2494
 30
0.0
 11
158.17689
 21
100.2594
 31
0.0
210
0.0
220
1.0
230
0.0
  0
LINE
  5
14B4
330
70
100
AcDbEntity
  8
Visible
100
AcDbLine
 10
158.18689
 20
99.7694
 30
0.0
 11
158.17689
 21
99.7594
 31
0.0
210
0.0
220
1.0
230
0.0
  0
LINE
  5
14B5
330
70
100
AcDbEntity
  8
Visible
100
AcDbLine
 10
158.77689
 20
99.7594
 30
0.0
 11
158.76689
 21
99.7694
 31
0.0
210
0.0
220
1.0
230
0.0
  0
LINE
  5
14B6
330
70
100
AcDbEntity
  8
Visible
100
AcDbLine
 10
156.067886
 20
98.185397
 30
0.0
 11
156.067886
 21
98.785397
 31
0.0
210
0.0
220
1.0
230
0.0
  0
LINE
  5
14B7
330
70
100
AcDbEntity
  8
Visible
100
AcDbLine
 10
156.567886
 20
98.785397
 30
0.0
 11
156.567886
 21
98.185397
 31
0.0
210
0.0
220
1.0
230
0.0
  0
LINE
  5
14B8
330
70
100
AcDbEntity
  8
Visible
100
AcDbLine
 10
156.557886
 20
98.775397
 30
0.0
 11
156.077886
 21
98.775397
 31
0.0
210
0.0
220
1.0
230
0.0
  0
LINE
  5
14B9
330
70
100
AcDbEntity
  8
Visible
100
AcDbLine
 10
156.077886
 20
98.775397
 30
0.0
 11
156.077886
 21
98.195397
 31
0.0
210
0.0
220
1.0
230
0.0
  0
LINE
  5
14BA
330
70
100
AcDbEntity
  8
Visible
100
AcDbLine
 10
156.077886
 20
98.195397
 30
0.0
 11
156.557886
 21
98.195397
 31
0.0
210
0.0
220
1.0
230
0.0
  0
LINE
  5
14BB
330
70
100
AcDbEntity
  8
Visible
100
AcDbLine
 10
156.557886
 20
98.195397
 30
0.0
 11
156.557886
 21
98.775397
 31
0.0
210
0.0
220
1.0
230
0.0
  0
LINE
  5
14BC
330
70
100
AcDbEntity
  8
Visible
100
AcDbLine
 10
156.567886
 20
98.185397
 30
0.0
 11
156.557886
 21
98.195397
 31
0.0
210
0.0
220
1.0
230
0.0
  0
LINE
  5
14BD
330
70
100
AcDbEntity
  8
Visible
100
AcDbLine
 10
156.557886
 20
98.775397
 30
0.0
 11
156.567886
 21
98.785397
 31
0.0
210
0.0
220
1.0
230
0.0
  0
LINE
  5
14BE
330
70
100
AcDbEntity
  8
Visible
100
AcDbLine
 10
156.077886
 20
98.775397
 30
0.0
 11
156.067886
 21
98.785397
 31
0.0
210
0.0
220
1.0
230
0.0
  0
LINE
  5
14BF
330
70
100
AcDbEntity
  8
Visible
100
AcDbLine
 10
156.067886
 20
98.185397
 30
0.0
 11
156.077886
 21
98.195397
 31
0.0
210
0.0
220
1.0
230
0.0
  0
LINE
  5
14C0
330
70
100
AcDbEntity
  8
Visible
100
AcDbLine
 10
158.429366
 20
100.2604
 30
0.0
 11
158.429366
 21
100.2594
 31
0.0
210
0.0
220
1.0
230
0.0
  0
LINE
  5
14C1
330
70
100
AcDbEntity
  8
Visible
100
AcDbLine
 10
158.429366
 20
100.2604
 30
0.0
 11
158.44531
 21
100.2604
 31
0.0
210
0.0
220
1.0
230
0.0
  0
LINE
  5
14C2
330
70
100
AcDbEntity
  8
Visible
100
AcDbLine
 10
158.44531
 20
100.2604
 30
0.0
 11
158.44531
 21
100.2594
 31
0.0
210
0.0
220
1.0
230
0.0
  0
LINE
  5
14C3
330
70
100
AcDbEntity
  8
Visible
100
AcDbLine
 10
158.45056
 20
100.2604
 30
0.0
 11
158.45056
 21
100.2594
 31
0.0
210
0.0
220
1.0
230
0.0
  0
LINE
  5
14C4
330
70
100
AcDbEntity
  8
Visible
100
AcDbLine
 10
158.44531
 20
100.2604
 30
0.0
 11
158.45056
 21
100.2604
 31
0.0
210
0.0
220
1.0
230
0.0
  0
LINE
  5
14C5
330
70
100
AcDbEntity
  8
Visible
100
AcDbLine
 10
158.450849
 20
100.2604
 30
0.0
 11
158.450849
 21
100.2594
 31
0.0
210
0.0
220
1.0
230
0.0
  0
LINE
  5
14C6
330
70
100
AcDbEntity
  8
Visible
100
AcDbLine
 10
158.45056
 20
100.2604
 30
0.0
 11
158.450849
 21
100.2604
 31
0.0
210
0.0
220
1.0
230
0.0
  0
LINE
  5
14C7
330
70
100
AcDbEntity
  8
Visible
100
AcDbLine
 10
158.397
 20
100.2604
 30
0.0
 11
158.397
 21
100.2594
 31
0.0
210
0.0
220
1.0
230
0.0
  0
LINE
  5
14C8
330
70
100
AcDbEntity
  8
Visible
100
AcDbLine
 10
158.406627
 20
100.2604
 30
0.0
 11
158.397
 21
100.2604
 31
0.0
210
0.0
220
1.0
230
0.0
  0
LINE
  5
14C9
330
70
100
AcDbEntity
  8
Visible
100
AcDbLine
 10
158.406627
 20
100.2604
 30
0.0
 11
158.42161
 21
100.2604
 31
0.0
210
0.0
220
1.0
230
0.0
  0
LINE
  5
14CA
330
70
100
AcDbEntity
  8
Visible
100
AcDbLine
 10
158.42161
 20
100.2604
 30
0.0
 11
158.427597
 21
100.2604
 31
0.0
210
0.0
220
1.0
230
0.0
  0
LINE
  5
14CB
330
70
100
AcDbEntity
  8
Visible
100
AcDbLine
 10
158.367232
 20
100.2604
 30
0.0
 11
158.367232
 21
100.2594
 31
0.0
210
0.0
220
1.0
230
0.0
  0
LINE
  5
14CC
330
70
100
AcDbEntity
  8
Visible
100
AcDbLine
 10
158.367232
 20
100.2604
 30
0.0
 11
158.367902
 21
100.2604
 31
0.0
210
0.0
220
1.0
230
0.0
  0
LINE
  5
14CD
330
70
100
AcDbEntity
  8
Visible
100
AcDbLine
 10
158.367902
 20
100.2604
 30
0.0
 11
158.367902
 21
100.2594
 31
0.0
210
0.0
220
1.0
230
0.0
  0
LINE
  5
14CE
330
70
100
AcDbEntity
  8
Visible
100
AcDbLine
 10
158.388852
 20
100.2604
 30
0.0
 11
158.388852
 21
100.2594
 31
0.0
210
0.0
220
1.0
230
0.0
  0
LINE
  5
14CF
330
70
100
AcDbEntity
  8
Visible
100
AcDbLine
 10
158.367902
 20
100.2604
 30
0.0
 11
158.388852
 21
100.2604
 31
0.0
210
0.0
220
1.0
230
0.0
  0
LINE
  5
14D0
330
70
100
AcDbEntity
  8
Visible
100
AcDbLine
 10
158.389141
 20
100.2604
 30
0.0
 11
158.389141
 21
100.2594
 31
0.0
210
0.0
220
1.0
230
0.0
  0
LINE
  5
14D1
330
70
100
AcDbEntity
  8
Visible
100
AcDbLine
 10
158.388852
 20
100.2604
 30
0.0
 11
158.389141
 21
100.2604
 31
0.0
210
0.0
220
1.0
230
0.0
  0
LINE
  5
14D2
330
70
100
AcDbEntity
  8
Visible
100
AcDbLine
 10
158.326317
 20
100.2604
 30
0.0
 11
158.33235
 21
100.2604
 31
0.0
210
0.0
220
1.0
230
0.0
  0
LINE
  5
14D3
330
70
100
AcDbEntity
  8
Visible
100
AcDbLine
 10
158.33235
 20
100.2604
 30
0.0
 11
158.347689
 21
100.2604
 31
0.0
210
0.0
220
1.0
230
0.0
  0
LINE
  5
14D4
330
70
100
AcDbEntity
  8
Visible
100
AcDbLine
 10
158.347689
 20
100.2604
 30
0.0
 11
158.359293
 21
100.2604
 31
0.0
210
0.0
220
1.0
230
0.0
  0
LINE
  5
14D5
330
70
100
AcDbEntity
  8
Visible
100
AcDbLine
 10
158.359293
 20
100.2604
 30
0.0
 11
158.359581
 21
100.2604
 31
0.0
210
0.0
220
1.0
230
0.0
  0
LINE
  5
14D6
330
70
100
AcDbEntity
  8
Visible
100
AcDbLine
 10
158.359581
 20
100.2604
 30
0.0
 11
158.359581
 21
100.2594
 31
0.0
210
0.0
220
1.0
230
0.0
  0
LINE
  5
14D7
330
70
100
AcDbEntity
  8
Visible
100
AcDbLine
 10
158.359293
 20
100.2604
 30
0.0
 11
158.359293
 21
100.2594
 31
0.0
210
0.0
220
1.0
230
0.0
  0
LINE
  5
14D8
330
70
100
AcDbEntity
  8
Visible
100
AcDbLine
 10
158.287611
 20
100.2604
 30
0.0
 11
158.302814
 21
100.2604
 31
0.0
210
0.0
220
1.0
230
0.0
  0
LINE
  5
14D9
330
70
100
AcDbEntity
  8
Visible
100
AcDbLine
 10
158.302814
 20
100.2604
 30
0.0
 11
158.308429
 21
100.2604
 31
0.0
210
0.0
220
1.0
230
0.0
  0
LINE
  5
14DA
330
70
100
AcDbEntity
  8
Visible
100
AcDbLine
 10
158.308429
 20
100.2604
 30
0.0
 11
158.324209
 21
100.2604
 31
0.0
210
0.0
220
1.0
230
0.0
  0
LINE
  5
14DB
330
70
100
AcDbEntity
  8
Visible
100
AcDbLine
 10
158.302814
 20
100.2604
 30
0.0
 11
158.302814
 21
100.2594
 31
0.0
210
0.0
220
1.0
230
0.0
  0
LINE
  5
14DC
330
70
100
AcDbEntity
  8
Visible
100
AcDbLine
 10
158.287611
 20
100.2604
 30
0.0
 11
158.287611
 21
100.2594
 31
0.0
210
0.0
220
1.0
230
0.0
  0
LINE
  5
14DD
330
70
100
AcDbEntity
  8
Visible
100
AcDbLine
 10
158.308429
 20
100.2604
 30
0.0
 11
158.308429
 21
100.2594
 31
0.0
210
0.0
220
1.0
230
0.0
  0
LINE
  5
14DE
330
70
100
AcDbEntity
  8
Visible
100
AcDbLine
 10
158.324209
 20
100.2604
 30
0.0
 11
158.324209
 21
100.2594
 31
0.0
210
0.0
220
1.0
230
0.0
  0
LINE
  5
14DF
330
70
100
AcDbEntity
  8
Visible
100
AcDbLine
 10
158.451018
 20
100.2604
 30
0.0
 11
158.451018
 21
100.2594
 31
0.0
210
0.0
220
1.0
230
0.0
  0
LINE
  5
14E0
330
70
100
AcDbEntity
  8
Visible
100
AcDbLine
 10
158.450849
 20
100.2604
 30
0.0
 11
158.451018
 21
100.2604
 31
0.0
210
0.0
220
1.0
230
0.0
  0
LINE
  5
14E1
330
70
100
AcDbEntity
  8
Visible
100
AcDbLine
 10
158.451306
 20
100.2604
 30
0.0
 11
158.451306
 21
100.2594
 31
0.0
210
0.0
220
1.0
230
0.0
  0
LINE
  5
14E2
330
70
100
AcDbEntity
  8
Visible
100
AcDbLine
 10
158.451018
 20
100.2604
 30
0.0
 11
158.451306
 21
100.2604
 31
0.0
210
0.0
220
1.0
230
0.0
  0
LINE
  5
14E3
330
70
100
AcDbEntity
  8
Visible
100
AcDbLine
 10
158.394264
 20
100.2604
 30
0.0
 11
158.394264
 21
100.2594
 31
0.0
210
0.0
220
1.0
230
0.0
  0
LINE
  5
14E4
330
70
100
AcDbEntity
  8
Visible
100
AcDbLine
 10
158.394127
 20
100.2604
 30
0.0
 11
158.394264
 21
100.2604
 31
0.0
210
0.0
220
1.0
230
0.0
  0
LINE
  5
14E5
330
70
100
AcDbEntity
  8
Visible
100
AcDbLine
 10
158.394301
 20
100.2604
 30
0.0
 11
158.394301
 21
100.2594
 31
0.0
210
0.0
220
1.0
230
0.0
  0
LINE
  5
14E6
330
70
100
AcDbEntity
  8
Visible
100
AcDbLine
 10
158.394264
 20
100.2604
 30
0.0
 11
158.394301
 21
100.2604
 31
0.0
210
0.0
220
1.0
230
0.0
  0
LINE
  5
14E7
330
70
100
AcDbEntity
  8
Visible
100
AcDbLine
 10
158.389141
 20
100.2604
 30
0.0
 11
158.390818
 21
100.2604
 31
0.0
210
0.0
220
1.0
230
0.0
  0
LINE
  5
14E8
330
70
100
AcDbEntity
  8
Visible
100
AcDbLine
 10
158.390818
 20
100.2604
 30
0.0
 11
158.394127
 21
100.2604
 31
0.0
210
0.0
220
1.0
230
0.0
  0
LINE
  5
14E9
330
70
100
AcDbEntity
  8
Visible
100
AcDbLine
 10
158.366134
 20
100.2604
 30
0.0
 11
158.366134
 21
100.2594
 31
0.0
210
0.0
220
1.0
230
0.0
  0
LINE
  5
14EA
330
70
100
AcDbEntity
  8
Visible
100
AcDbLine
 10
158.359581
 20
100.2604
 30
0.0
 11
158.366134
 21
100.2604
 31
0.0
210
0.0
220
1.0
230
0.0
  0
LINE
  5
14EB
330
70
100
AcDbEntity
  8
Visible
100
AcDbLine
 10
158.366134
 20
100.2604
 30
0.0
 11
158.367232
 21
100.2604
 31
0.0
210
0.0
220
1.0
230
0.0
  0
LINE
  5
14EC
330
70
100
AcDbEntity
  8
Visible
100
AcDbLine
 10
158.324209
 20
100.2604
 30
0.0
 11
158.326317
 21
100.2604
 31
0.0
210
0.0
220
1.0
230
0.0
  0
LINE
  5
14ED
330
70
100
AcDbEntity
  8
Visible
100
AcDbLine
 10
158.275838
 20
100.2604
 30
0.0
 11
158.281871
 21
100.2604
 31
0.0
210
0.0
220
1.0
230
0.0
  0
LINE
  5
14EE
330
70
100
AcDbEntity
  8
Visible
100
AcDbLine
 10
158.281871
 20
100.2604
 30
0.0
 11
158.287611
 21
100.2604
 31
0.0
210
0.0
220
1.0
230
0.0
  0
LINE
  5
14EF
330
70
100
AcDbEntity
  8
Visible
100
AcDbLine
 10
158.237132
 20
100.2604
 30
0.0
 11
158.252336
 21
100.2604
 31
0.0
210
0.0
220
1.0
230
0.0
  0
LINE
  5
14F0
330
70
100
AcDbEntity
  8
Visible
100
AcDbLine
 10
158.252336
 20
100.2604
 30
0.0
 11
158.25795
 21
100.2604
 31
0.0
210
0.0
220
1.0
230
0.0
  0
LINE
  5
14F1
330
70
100
AcDbEntity
  8
Visible
100
AcDbLine
 10
158.25795
 20
100.2604
 30
0.0
 11
158.273731
 21
100.2604
 31
0.0
210
0.0
220
1.0
230
0.0
  0
LINE
  5
14F2
330
70
100
AcDbEntity
  8
Visible
100
AcDbLine
 10
158.252336
 20
100.2604
 30
0.0
 11
158.252336
 21
100.2594
 31
0.0
210
0.0
220
1.0
230
0.0
  0
LINE
  5
14F3
330
70
100
AcDbEntity
  8
Visible
100
AcDbLine
 10
158.237132
 20
100.2604
 30
0.0
 11
158.237132
 21
100.2594
 31
0.0
210
0.0
220
1.0
230
0.0
  0
LINE
  5
14F4
330
70
100
AcDbEntity
  8
Visible
100
AcDbLine
 10
158.25795
 20
100.2604
 30
0.0
 11
158.25795
 21
100.2594
 31
0.0
210
0.0
220
1.0
230
0.0
  0
LINE
  5
14F5
330
70
100
AcDbEntity
  8
Visible
100
AcDbLine
 10
158.273731
 20
100.2604
 30
0.0
 11
158.273731
 21
100.2594
 31
0.0
210
0.0
220
1.0
230
0.0
  0
LINE
  5
14F6
330
70
100
AcDbEntity
  8
Visible
100
AcDbLine
 10
158.484332
 20
100.2604
 30
0.0
 11
158.512693
 21
100.2604
 31
0.0
210
0.0
220
1.0
230
0.0
  0
LINE
  5
14F7
330
70
100
AcDbEntity
  8
Visible
100
AcDbLine
 10
158.528147
 20
100.2604
 30
0.0
 11
158.512693
 21
100.2604
 31
0.0
210
0.0
220
1.0
230
0.0
  0
LINE
  5
14F8
330
70
100
AcDbEntity
  8
Visible
100
AcDbLine
 10
158.56737
 20
100.2604
 30
0.0
 11
158.528147
 21
100.2604
 31
0.0
210
0.0
220
1.0
230
0.0
  0
LINE
  5
14F9
330
70
100
AcDbEntity
  8
Visible
100
AcDbLine
 10
158.602153
 20
100.2604
 30
0.0
 11
158.56737
 21
100.2604
 31
0.0
210
0.0
220
1.0
230
0.0
  0
LINE
  5
14FA
330
70
100
AcDbEntity
  8
Visible
100
AcDbLine
 10
158.602153
 20
100.2604
 30
0.0
 11
158.614968
 21
100.2604
 31
0.0
210
0.0
220
1.0
230
0.0
  0
LINE
  5
14FB
330
70
100
AcDbEntity
  8
Visible
100
AcDbLine
 10
158.614968
 20
100.2604
 30
0.0
 11
158.621615
 21
100.2604
 31
0.0
210
0.0
220
1.0
230
0.0
  0
LINE
  5
14FC
330
70
100
AcDbEntity
  8
Visible
100
AcDbLine
 10
158.65497
 20
100.2604
 30
0.0
 11
158.621615
 21
100.2604
 31
0.0
210
0.0
220
1.0
230
0.0
  0
LINE
  5
14FD
330
70
100
AcDbEntity
  8
Visible
100
AcDbLine
 10
158.65497
 20
100.2604
 30
0.0
 11
158.668796
 21
100.2604
 31
0.0
210
0.0
220
1.0
230
0.0
  0
LINE
  5
14FE
330
70
100
AcDbEntity
  8
Visible
100
AcDbLine
 10
158.512693
 20
100.2604
 30
0.0
 11
158.512693
 21
100.2594
 31
0.0
210
0.0
220
1.0
230
0.0
  0
LINE
  5
14FF
330
70
100
AcDbEntity
  8
Visible
100
AcDbLine
 10
158.484332
 20
100.2604
 30
0.0
 11
158.484332
 21
100.2594
 31
0.0
210
0.0
220
1.0
230
0.0
  0
LINE
  5
1500
330
70
100
AcDbEntity
  8
Visible
100
AcDbLine
 10
158.528147
 20
100.2604
 30
0.0
 11
158.528147
 21
100.2594
 31
0.0
210
0.0
220
1.0
230
0.0
  0
LINE
  5
1501
330
70
100
AcDbEntity
  8
Visible
100
AcDbLine
 10
158.614968
 20
100.2604
 30
0.0
 11
158.614968
 21
100.2594
 31
0.0
210
0.0
220
1.0
230
0.0
  0
LINE
  5
1502
330
70
100
AcDbEntity
  8
Visible
100
AcDbLine
 10
158.427598
 20
100.2604
 30
0.0
 11
158.427598
 21
100.2594
 31
0.0
210
0.0
220
1.0
230
0.0
  0
LINE
  5
1503
330
70
100
AcDbEntity
  8
Visible
100
AcDbLine
 10
158.326317
 20
100.2604
 30
0.0
 11
158.326317
 21
100.2594
 31
0.0
210
0.0
220
1.0
230
0.0
  0
LINE
  5
1504
330
70
100
AcDbEntity
  8
Visible
100
AcDbLine
 10
158.394127
 20
100.2604
 30
0.0
 11
158.394127
 21
100.2594
 31
0.0
210
0.0
220
1.0
230
0.0
  0
LINE
  5
1505
330
70
100
AcDbEntity
  8
Visible
100
AcDbLine
 10
158.275838
 20
100.2604
 30
0.0
 11
158.275838
 21
100.2594
 31
0.0
210
0.0
220
1.0
230
0.0
  0
LINE
  5
1506
330
70
100
AcDbEntity
  8
Visible
100
AcDbLine
 10
158.668797
 20
100.2604
 30
0.0
 11
158.668797
 21
100.2594
 31
0.0
210
0.0
220
1.0
230
0.0
  0
LINE
  5
1507
330
70
100
AcDbEntity
  8
Visible
100
AcDbLine
 10
156.568886
 20
98.532921
 30
0.0
 11
156.567886
 21
98.532921
 31
0.0
210
0.0
220
1.0
230
0.0
  0
LINE
  5
1508
330
70
100
AcDbEntity
  8
Visible
100
AcDbLine
 10
156.568886
 20
98.532921
 30
0.0
 11
156.568886
 21
98.516978
 31
0.0
210
0.0
220
1.0
230
0.0
  0
LINE
  5
1509
330
70
100
AcDbEntity
  8
Visible
100
AcDbLine
 10
156.568886
 20
98.516978
 30
0.0
 11
156.567886
 21
98.516978
 31
0.0
210
0.0
220
1.0
230
0.0
  0
LINE
  5
150A
330
70
100
AcDbEntity
  8
Visible
100
AcDbLine
 10
156.568886
 20
98.511727
 30
0.0
 11
156.567886
 21
98.511727
 31
0.0
210
0.0
220
1.0
230
0.0
  0
LINE
  5
150B
330
70
100
AcDbEntity
  8
Visible
100
AcDbLine
 10
156.568886
 20
98.516978
 30
0.0
 11
156.568886
 21
98.511727
 31
0.0
210
0.0
220
1.0
230
0.0
  0
LINE
  5
150C
330
70
100
AcDbEntity
  8
Visible
100
AcDbLine
 10
156.568886
 20
98.511438
 30
0.0
 11
156.567886
 21
98.511438
 31
0.0
210
0.0
220
1.0
230
0.0
  0
LINE
  5
150D
330
70
100
AcDbEntity
  8
Visible
100
AcDbLine
 10
156.568886
 20
98.511727
 30
0.0
 11
156.568886
 21
98.511438
 31
0.0
210
0.0
220
1.0
230
0.0
  0
LINE
  5
150E
330
70
100
AcDbEntity
  8
Visible
100
AcDbLine
 10
156.568886
 20
98.565287
 30
0.0
 11
156.567886
 21
98.565287
 31
0.0
210
0.0
220
1.0
230
0.0
  0
LINE
  5
150F
330
70
100
AcDbEntity
  8
Visible
100
AcDbLine
 10
156.568886
 20
98.55566
 30
0.0
 11
156.568886
 21
98.565287
 31
0.0
210
0.0
220
1.0
230
0.0
  0
LINE
  5
1510
330
70
100
AcDbEntity
  8
Visible
100
AcDbLine
 10
156.568886
 20
98.55566
 30
0.0
 11
156.568886
 21
98.540677
 31
0.0
210
0.0
220
1.0
230
0.0
  0
LINE
  5
1511
330
70
100
AcDbEntity
  8
Visible
100
AcDbLine
 10
156.568886
 20
98.540677
 30
0.0
 11
156.568886
 21
98.53469
 31
0.0
210
0.0
220
1.0
230
0.0
  0
LINE
  5
1512
330
70
100
AcDbEntity
  8
Visible
100
AcDbLine
 10
156.568886
 20
98.595055
 30
0.0
 11
156.567886
 21
98.595055
 31
0.0
210
0.0
220
1.0
230
0.0
  0
LINE
  5
1513
330
70
100
AcDbEntity
  8
Visible
100
AcDbLine
 10
156.568886
 20
98.595055
 30
0.0
 11
156.568886
 21
98.594386
 31
0.0
210
0.0
220
1.0
230
0.0
  0
LINE
  5
1514
330
70
100
AcDbEntity
  8
Visible
100
AcDbLine
 10
156.568886
 20
98.594386
 30
0.0
 11
156.567886
 21
98.594386
 31
0.0
210
0.0
220
1.0
230
0.0
  0
LINE
  5
1515
330
70
100
AcDbEntity
  8
Visible
100
AcDbLine
 10
156.568886
 20
98.573435
 30
0.0
 11
156.567886
 21
98.573435
 31
0.0
210
0.0
220
1.0
230
0.0
  0
LINE
  5
1516
330
70
100
AcDbEntity
  8
Visible
100
AcDbLine
 10
156.568886
 20
98.594386
 30
0.0
 11
156.568886
 21
98.573435
 31
0.0
210
0.0
220
1.0
230
0.0
  0
LINE
  5
1517
330
70
100
AcDbEntity
  8
Visible
100
AcDbLine
 10
156.568886
 20
98.573147
 30
0.0
 11
156.567886
 21
98.573147
 31
0.0
210
0.0
220
1.0
230
0.0
  0
LINE
  5
1518
330
70
100
AcDbEntity
  8
Visible
100
AcDbLine
 10
156.568886
 20
98.573435
 30
0.0
 11
156.568886
 21
98.573147
 31
0.0
210
0.0
220
1.0
230
0.0
  0
LINE
  5
1519
330
70
100
AcDbEntity
  8
Visible
100
AcDbLine
 10
156.568886
 20
98.63597
 30
0.0
 11
156.568886
 21
98.629937
 31
0.0
210
0.0
220
1.0
230
0.0
  0
LINE
  5
151A
330
70
100
AcDbEntity
  8
Visible
100
AcDbLine
 10
156.568886
 20
98.629937
 30
0.0
 11
156.568886
 21
98.614598
 31
0.0
210
0.0
220
1.0
230
0.0
  0
LINE
  5
151B
330
70
100
AcDbEntity
  8
Visible
100
AcDbLine
 10
156.568886
 20
98.614598
 30
0.0
 11
156.568886
 21
98.602995
 31
0.0
210
0.0
220
1.0
230
0.0
  0
LINE
  5
151C
330
70
100
AcDbEntity
  8
Visible
100
AcDbLine
 10
156.568886
 20
98.602995
 30
0.0
 11
156.568886
 21
98.602706
 31
0.0
210
0.0
220
1.0
230
0.0
  0
LINE
  5
151D
330
70
100
AcDbEntity
  8
Visible
100
AcDbLine
 10
156.568886
 20
98.602706
 30
0.0
 11
156.567886
 21
98.602706
 31
0.0
210
0.0
220
1.0
230
0.0
  0
LINE
  5
151E
330
70
100
AcDbEntity
  8
Visible
100
AcDbLine
 10
156.568886
 20
98.602995
 30
0.0
 11
156.567886
 21
98.602995
 31
0.0
210
0.0
220
1.0
230
0.0
  0
LINE
  5
151F
330
70
100
AcDbEntity
  8
Visible
100
AcDbLine
 10
156.568886
 20
98.674676
 30
0.0
 11
156.568886
 21
98.659473
 31
0.0
210
0.0
220
1.0
230
0.0
  0
LINE
  5
1520
330
70
100
AcDbEntity
  8
Visible
100
AcDbLine
 10
156.568886
 20
98.659473
 30
0.0
 11
156.568886
 21
98.653858
 31
0.0
210
0.0
220
1.0
230
0.0
  0
LINE
  5
1521
330
70
100
AcDbEntity
  8
Visible
100
AcDbLine
 10
156.568886
 20
98.653858
 30
0.0
 11
156.568886
 21
98.638078
 31
0.0
210
0.0
220
1.0
230
0.0
  0
LINE
  5
1522
330
70
100
AcDbEntity
  8
Visible
100
AcDbLine
 10
156.568886
 20
98.659473
 30
0.0
 11
156.567886
 21
98.659473
 31
0.0
210
0.0
220
1.0
230
0.0
  0
LINE
  5
1523
330
70
100
AcDbEntity
  8
Visible
100
AcDbLine
 10
156.568886
 20
98.674676
 30
0.0
 11
156.567886
 21
98.674676
 31
0.0
210
0.0
220
1.0
230
0.0
  0
LINE
  5
1524
330
70
100
AcDbEntity
  8
Visible
100
AcDbLine
 10
156.568886
 20
98.653858
 30
0.0
 11
156.567886
 21
98.653858
 31
0.0
210
0.0
220
1.0
230
0.0
  0
LINE
  5
1525
330
70
100
AcDbEntity
  8
Visible
100
AcDbLine
 10
156.568886
 20
98.638078
 30
0.0
 11
156.567886
 21
98.638078
 31
0.0
210
0.0
220
1.0
230
0.0
  0
LINE
  5
1526
330
70
100
AcDbEntity
  8
Visible
100
AcDbLine
 10
156.568886
 20
98.511269
 30
0.0
 11
156.567886
 21
98.511269
 31
0.0
210
0.0
220
1.0
230
0.0
  0
LINE
  5
1527
330
70
100
AcDbEntity
  8
Visible
100
AcDbLine
 10
156.568886
 20
98.511438
 30
0.0
 11
156.568886
 21
98.511269
 31
0.0
210
0.0
220
1.0
230
0.0
  0
LINE
  5
1528
330
70
100
AcDbEntity
  8
Visible
100
AcDbLine
 10
156.568886
 20
98.510981
 30
0.0
 11
156.567886
 21
98.510981
 31
0.0
210
0.0
220
1.0
230
0.0
  0
LINE
  5
1529
330
70
100
AcDbEntity
  8
Visible
100
AcDbLine
 10
156.568886
 20
98.511269
 30
0.0
 11
156.568886
 21
98.510981
 31
0.0
210
0.0
220
1.0
230
0.0
  0
LINE
  5
152A
330
70
100
AcDbEntity
  8
Visible
100
AcDbLine
 10
156.568886
 20
98.568023
 30
0.0
 11
156.567886
 21
98.568023
 31
0.0
210
0.0
220
1.0
230
0.0
  0
SPLINE
  5
152B
330
70
100
AcDbEntity
  8
Visible
100
AcDbSpline
210
0.0
220
0.0
230
1.0
 70
    24
 71
     3
 72
     8
 73
     4
 74
     0
 42
0.000000001
 43
0.0000000001
 40
0.9823859114131733
 40
0.9823859114131733
 40
0.9823859114131733
 40
0.9823859114131733
 40
1.0
 40
1.0
 40
1.0
 40
1.0
 10
156.5688861160488
 20
98.56816027921006
 30
0.000000000001819
 10
156.5688861160488
 20
98.56811460782973
 30
0.000000000001819
 10
156.5688861160488
 20
98.56806899668711
 30
0.000000000001819
 10
156.5688861160488
 20
98.56802344566853
 30
0.000000000001819
  0
LINE
  5
152C
330
70
100
AcDbEntity
  8
Visible
100
AcDbLine
 10
156.568886
 20
98.567986
 30
0.0
 11
156.567886
 21
98.567986
 31
0.0
210
0.0
220
1.0
230
0.0
  0
LINE
  5
152D
330
70
100
AcDbEntity
  8
Visible
100
AcDbLine
 10
156.568886
 20
98.568023
 30
0.0
 11
156.568886
 21
98.567986
 31
0.0
210
0.0
220
1.0
230
0.0
  0
LINE
  5
152E
330
70
100
AcDbEntity
  8
Visible
100
AcDbLine
 10
156.568886
 20
98.573147
 30
0.0
 11
156.568886
 21
98.571469
 31
0.0
210
0.0
220
1.0
230
0.0
  0
LINE
  5
152F
330
70
100
AcDbEntity
  8
Visible
100
AcDbLine
 10
156.568886
 20
98.571469
 30
0.0
 11
156.568886
 21
98.568161
 31
0.0
210
0.0
220
1.0
230
0.0
  0
LINE
  5
1530
330
70
100
AcDbEntity
  8
Visible
100
AcDbLine
 10
156.568886
 20
98.596154
 30
0.0
 11
156.567886
 21
98.596154
 31
0.0
210
0.0
220
1.0
230
0.0
  0
LINE
  5
1531
330
70
100
AcDbEntity
  8
Visible
100
AcDbLine
 10
156.568886
 20
98.602706
 30
0.0
 11
156.568886
 21
98.596154
 31
0.0
210
0.0
220
1.0
230
0.0
  0
LINE
  5
1532
330
70
100
AcDbEntity
  8
Visible
100
AcDbLine
 10
156.568886
 20
98.596154
 30
0.0
 11
156.568886
 21
98.595055
 31
0.0
210
0.0
220
1.0
230
0.0
  0
LINE
  5
1533
330
70
100
AcDbEntity
  8
Visible
100
AcDbLine
 10
156.568886
 20
98.638078
 30
0.0
 11
156.568886
 21
98.63597
 31
0.0
210
0.0
220
1.0
230
0.0
  0
LINE
  5
1534
330
70
100
AcDbEntity
  8
Visible
100
AcDbLine
 10
156.568886
 20
98.686449
 30
0.0
 11
156.568886
 21
98.680416
 31
0.0
210
0.0
220
1.0
230
0.0
  0
LINE
  5
1535
330
70
100
AcDbEntity
  8
Visible
100
AcDbLine
 10
156.568886
 20
98.680416
 30
0.0
 11
156.568886
 21
98.674676
 31
0.0
210
0.0
220
1.0
230
0.0
  0
LINE
  5
1536
330
70
100
AcDbEntity
  8
Visible
100
AcDbLine
 10
156.568886
 20
98.725155
 30
0.0
 11
156.568886
 21
98.709952
 31
0.0
210
0.0
220
1.0
230
0.0
  0
LINE
  5
1537
330
70
100
AcDbEntity
  8
Visible
100
AcDbLine
 10
156.568886
 20
98.709952
 30
0.0
 11
156.568886
 21
98.704337
 31
0.0
210
0.0
220
1.0
230
0.0
  0
LINE
  5
1538
330
70
100
AcDbEntity
  8
Visible
100
AcDbLine
 10
156.568886
 20
98.704337
 30
0.0
 11
156.568886
 21
98.688557
 31
0.0
210
0.0
220
1.0
230
0.0
  0
LINE
  5
1539
330
70
100
AcDbEntity
  8
Visible
100
AcDbLine
 10
156.568886
 20
98.709952
 30
0.0
 11
156.567886
 21
98.709952
 31
0.0
210
0.0
220
1.0
230
0.0
  0
LINE
  5
153A
330
70
100
AcDbEntity
  8
Visible
100
AcDbLine
 10
156.568886
 20
98.725155
 30
0.0
 11
156.567886
 21
98.725155
 31
0.0
210
0.0
220
1.0
230
0.0
  0
LINE
  5
153B
330
70
100
AcDbEntity
  8
Visible
100
AcDbLine
 10
156.568886
 20
98.704337
 30
0.0
 11
156.567886
 21
98.704337
 31
0.0
210
0.0
220
1.0
230
0.0
  0
LINE
  5
153C
330
70
100
AcDbEntity
  8
Visible
100
AcDbLine
 10
156.568886
 20
98.688557
 30
0.0
 11
156.567886
 21
98.688557
 31
0.0
210
0.0
220
1.0
230
0.0
  0
LINE
  5
153D
330
70
100
AcDbEntity
  8
Visible
100
AcDbLine
 10
156.568886
 20
98.477955
 30
0.0
 11
156.568886
 21
98.449594
 31
0.0
210
0.0
220
1.0
230
0.0
  0
LINE
  5
153E
330
70
100
AcDbEntity
  8
Visible
100
AcDbLine
 10
156.568886
 20
98.43414
 30
0.0
 11
156.568886
 21
98.449594
 31
0.0
210
0.0
220
1.0
230
0.0
  0
LINE
  5
153F
330
70
100
AcDbEntity
  8
Visible
100
AcDbLine
 10
156.568886
 20
98.394917
 30
0.0
 11
156.568886
 21
98.43414
 31
0.0
210
0.0
220
1.0
230
0.0
  0
LINE
  5
1540
330
70
100
AcDbEntity
  8
Visible
100
AcDbLine
 10
156.568886
 20
98.360134
 30
0.0
 11
156.568886
 21
98.394917
 31
0.0
210
0.0
220
1.0
230
0.0
  0
LINE
  5
1541
330
70
100
AcDbEntity
  8
Visible
100
AcDbLine
 10
156.568886
 20
98.360134
 30
0.0
 11
156.568886
 21
98.347319
 31
0.0
210
0.0
220
1.0
230
0.0
  0
LINE
  5
1542
330
70
100
AcDbEntity
  8
Visible
100
AcDbLine
 10
156.568886
 20
98.347319
 30
0.0
 11
156.568886
 21
98.340672
 31
0.0
210
0.0
220
1.0
230
0.0
  0
LINE
  5
1543
330
70
100
AcDbEntity
  8
Visible
100
AcDbLine
 10
156.568886
 20
98.307317
 30
0.0
 11
156.568886
 21
98.340672
 31
0.0
210
0.0
220
1.0
230
0.0
  0
LINE
  5
1544
330
70
100
AcDbEntity
  8
Visible
100
AcDbLine
 10
156.568886
 20
98.307317
 30
0.0
 11
156.568886
 21
98.293491
 31
0.0
210
0.0
220
1.0
230
0.0
  0
LINE
  5
1545
330
70
100
AcDbEntity
  8
Visible
100
AcDbLine
 10
156.568886
 20
98.449594
 30
0.0
 11
156.567886
 21
98.449594
 31
0.0
210
0.0
220
1.0
230
0.0
  0
LINE
  5
1546
330
70
100
AcDbEntity
  8
Visible
100
AcDbLine
 10
156.568886
 20
98.477955
 30
0.0
 11
156.567886
 21
98.477955
 31
0.0
210
0.0
220
1.0
230
0.0
  0
LINE
  5
1547
330
70
100
AcDbEntity
  8
Visible
100
AcDbLine
 10
156.568886
 20
98.43414
 30
0.0
 11
156.567886
 21
98.43414
 31
0.0
210
0.0
220
1.0
230
0.0
  0
LINE
  5
1548
330
70
100
AcDbEntity
  8
Visible
100
AcDbLine
 10
156.568886
 20
98.347319
 30
0.0
 11
156.567886
 21
98.347319
 31
0.0
210
0.0
220
1.0
230
0.0
  0
LINE
  5
1549
330
70
100
AcDbEntity
  8
Visible
100
AcDbLine
 10
156.568886
 20
98.53469
 30
0.0
 11
156.567886
 21
98.53469
 31
0.0
210
0.0
220
1.0
230
0.0
  0
LINE
  5
154A
330
70
100
AcDbEntity
  8
Visible
100
AcDbLine
 10
156.568886
 20
98.63597
 30
0.0
 11
156.567886
 21
98.63597
 31
0.0
210
0.0
220
1.0
230
0.0
  0
LINE
  5
154B
330
70
100
AcDbEntity
  8
Visible
100
AcDbLine
 10
156.568886
 20
98.56816
 30
0.0
 11
156.567886
 21
98.56816
 31
0.0
210
0.0
220
1.0
230
0.0
  0
LINE
  5
154C
330
70
100
AcDbEntity
  8
Visible
100
AcDbLine
 10
156.568886
 20
98.686449
 30
0.0
 11
156.567886
 21
98.686449
 31
0.0
210
0.0
220
1.0
230
0.0
  0
LINE
  5
154D
330
70
100
AcDbEntity
  8
Visible
100
AcDbLine
 10
156.568886
 20
98.29349
 30
0.0
 11
156.567886
 21
98.29349
 31
0.0
210
0.0
220
1.0
230
0.0
  0
LINE
  5
154E
330
70
100
AcDbEntity
  8
Visible
100
AcDbLine
 10
151.931382
 20
105.46541
 30
0.0
 11
153.084375
 21
105.46541
 31
0.0
210
0.0
220
1.0
230
0.0
  0
LINE
  5
154F
330
70
100
AcDbEntity
  8
Visible
100
AcDbLine
 10
152.007878
 20
105.48541
 30
0.0
 11
151.925913
 21
105.48541
 31
0.0
210
0.0
220
1.0
230
0.0
  0
LINE
  5
1550
330
70
100
AcDbEntity
  8
Visible
100
AcDbLine
 10
151.557878
 20
105.48541
 30
0.0
 11
151.925913
 21
105.48541
 31
0.0
210
0.0
220
1.0
230
0.0
  0
ARC
  5
1551
330
70
100
AcDbEntity
  8
Visible
100
AcDbCircle
 10
149.770837
 20
104.83541
 30
0.0
 40
2.237041442939005
100
AcDbArc
 50
344.442138
 51
15.557862
  0
LINE
  5
1552
330
70
100
AcDbEntity
  8
Visible
100
AcDbLine
 10
151.925913
 20
104.18541
 30
0.0
 11
152.007878
 21
104.18541
 31
0.0
210
0.0
220
1.0
230
0.0
  0
LINE
  5
1553
330
70
100
AcDbEntity
  8
Visible
100
AcDbLine
 10
151.925913
 20
104.18541
 30
0.0
 11
151.557878
 21
104.18541
 31
0.0
210
0.0
220
1.0
230
0.0
  0
LINE
  5
1554
330
70
100
AcDbEntity
  8
Visible
100
AcDbLine
 10
151.914375
 20
104.20541
 30
0.0
 11
151.917335
 21
104.20541
 31
0.0
210
0.0
220
1.0
230
0.0
  0
ARC
  5
1555
330
70
100
AcDbEntity
  8
Visible
100
AcDbCircle
 10
-149.770889
 20
104.835395
 30
0.0
 40
2.236987199457038
210
0.0000000000000002
220
0.0
230
-1.0
100
AcDbArc
 50
195.557852
 51
196.357042
  0
SPLINE
  5
1556
330
70
100
AcDbEntity
  8
Visible
100
AcDbSpline
210
0.0
220
0.0
230
1.0
 70
     8
 71
     3
 72
    10
 73
     6
 74
     0
 42
0.000000001
 43
0.0000000001
 40
0.0076671468783581
 40
0.0076671468783581
 40
0.0076671468783581
 40
0.0076671468783581
 40
0.0096311876877478
 40
0.0096311876877478
 40
0.0108440528606575
 40
0.0108440528606575
 40
0.0108440528606575
 40
0.0108440528606575
 10
151.9259134826971
 20
104.1854095058355
 30
0.000000000001819
 10
151.9241575556298
 20
104.1854095058355
 30
0.000000000001819
 10
151.9222497111623
 20
104.1866730606625
 30
0.000000000001819
 10
151.9193573245793
 20
104.1908625535792
 30
0.000000000001819
 10
151.9182989376422
 20
104.1929674222042
 30
0.000000000001819
 10
151.9173352285961
 20
104.1954095058351
 30
0.000000000001819
  0
LINE
  5
1557
330
70
100
AcDbEntity
  8
Visible
100
AcDbLine
 10
151.917335
 20
104.19541
 30
0.0
 11
151.914375
 21
104.19541
 31
0.0
210
0.0
220
1.0
230
0.0
  0
ELLIPSE
  5
1558
330
70
100
AcDbEntity
  8
Visible
100
AcDbEllipse
 10
151.92526
 20
104.23385
 30
0.0
 11
-0.0007356459111304
 21
0.0483348091087065
 31
0.0
210
0.0000000000000002
220
0.0
230
-0.9999999999999996
 40
0.288606156818882
 41
3.942496018146303
 42
4.087690812045098
  0
LINE
  5
1559
330
70
100
AcDbEntity
  8
Visible
100
AcDbLine
 10
151.914375
 20
105.47541
 30
0.0
 11
151.917335
 21
105.47541
 31
0.0
210
0.0
220
1.0
230
0.0
  0
SPLINE
  5
155A
330
70
100
AcDbEntity
  8
Visible
100
AcDbSpline
210
0.0
220
0.0
230
1.0
 70
     8
 71
     3
 72
    10
 73
     6
 74
     0
 42
0.000000001
 43
0.0000000001
 40
0.0045121291433809
 40
0.0045121291433809
 40
0.0045121291433809
 40
0.0045121291433809
 40
0.0057249943163466
 40
0.0057249943163466
 40
0.0076890351257363
 40
0.0076890351257363
 40
0.0076890351257363
 40
0.0076890351257363
 10
151.9173352285943
 20
105.4754095058336
 30
0.000000000001819
 10
151.9182989376422
 20
105.4778515894646
 30
0.000000000001819
 10
151.9193573245793
 20
105.4799564580897
 30
0.000000000001819
 10
151.9222497111623
 20
105.4841459510065
 30
0.000000000001819
 10
151.9241575556298
 20
105.4854095058335
 30
0.000000000001819
 10
151.9259134826971
 20
105.4854095058335
 30
0.000000000001819
  0
ARC
  5
155B
330
70
100
AcDbEntity
  8
Visible
100
AcDbCircle
 10
-149.770889
 20
104.835424
 30
0.0
 40
2.236987199440028
210
0.0000000000000002
220
0.0
230
-1.0
100
AcDbArc
 50
163.642958
 51
164.442148
  0
LINE
  5
155C
330
70
100
AcDbEntity
  8
Visible
100
AcDbLine
 10
151.917335
 20
105.46541
 30
0.0
 11
151.914375
 21
105.46541
 31
0.0
210
0.0
220
1.0
230
0.0
  0
ELLIPSE
  5
155D
330
70
100
AcDbEntity
  8
Visible
100
AcDbEllipse
 10
151.92528
 20
105.436913
 30
0.0
 11
0.0007219197019535
 21
0.0483969086915369
 31
0.0
210
0.0000000000000002
220
0.0
230
-1.0
 40
0.2886857195468052
 41
-0.9455141765545914
 42
-0.8004530290468586
  0
LINE
  5
155E
330
70
100
AcDbEntity
  8
Visible
100
AcDbLine
 10
153.084375
 20
104.20541
 30
0.0
 11
151.931382
 21
104.20541
 31
0.0
210
0.0
220
1.0
230
0.0
  0
LINE
  5
155F
330
70
100
AcDbEntity
  8
Visible
100
AcDbLine
 10
153.089844
 20
104.18541
 30
0.0
 11
153.007878
 21
104.18541
 31
0.0
210
0.0
220
1.0
230
0.0
  0
LINE
  5
1560
330
70
100
AcDbEntity
  8
Visible
100
AcDbLine
 10
153.457878
 20
104.18541
 30
0.0
 11
153.089844
 21
104.18541
 31
0.0
210
0.0
220
1.0
230
0.0
  0
ARC
  5
1561
330
70
100
AcDbEntity
  8
Visible
100
AcDbCircle
 10
-155.24492
 20
104.83541
 30
0.0
 40
2.237041442939005
210
0.0000000000000002
220
0.0
230
-1.0
100
AcDbArc
 50
344.442138
 51
15.557862
  0
LINE
  5
1562
330
70
100
AcDbEntity
  8
Visible
100
AcDbLine
 10
153.007878
 20
105.48541
 30
0.0
 11
153.089844
 21
105.48541
 31
0.0
210
0.0
220
1.0
230
0.0
  0
LINE
  5
1563
330
70
100
AcDbEntity
  8
Visible
100
AcDbLine
 10
153.089844
 20
105.48541
 30
0.0
 11
153.457878
 21
105.48541
 31
0.0
210
0.0
220
1.0
230
0.0
  0
LINE
  5
1564
330
70
100
AcDbEntity
  8
Visible
100
AcDbLine
 10
153.507878
 20
105.43541
 30
0.0
 11
153.507878
 21
104.23541
 31
0.0
210
0.0
220
1.0
230
0.0
  0
ARC
  5
1565
330
70
100
AcDbEntity
  8
Visible
100
AcDbCircle
 10
-155.244868
 20
104.835424
 30
0.0
 40
2.236987199449032
210
0.0000000000000002
220
0.0
230
-1.0
100
AcDbArc
 50
15.557852
 51
16.357042
  0
SPLINE
  5
1566
330
70
100
AcDbEntity
  8
Visible
100
AcDbSpline
210
0.0
220
0.0
230
1.0
 70
     8
 71
     3
 72
    10
 73
     6
 74
     0
 42
0.000000001
 43
0.0000000001
 40
-0.0108440528607135
 40
-0.0108440528607135
 40
-0.0108440528607135
 40
-0.0108440528607135
 40
-0.0096311876877478
 40
-0.0096311876877478
 40
-0.0076671468783581
 40
-0.0076671468783581
 40
-0.0076671468783581
 40
-0.0076671468783581
 10
153.0984217634722
 20
105.4754095058336
 30
0.000000000001819
 10
153.0974580544262
 20
105.4778515894646
 30
0.000000000001819
 10
153.0963996674872
 20
105.4799564580897
 30
0.000000000001819
 10
153.0935072809043
 20
105.4841459510065
 30
0.000000000001819
 10
153.0915994364368
 20
105.4854095058335
 30
0.000000000001819
 10
153.0898435093695
 20
105.4854095058335
 30
0.000000000001819
  0
LINE
  5
1567
330
70
100
AcDbEntity
  8
Visible
100
AcDbLine
 10
153.098422
 20
105.47541
 30
0.0
 11
153.101382
 21
105.47541
 31
0.0
210
0.0
220
1.0
230
0.0
  0
ELLIPSE
  5
1568
330
70
100
AcDbEntity
  8
Visible
100
AcDbEllipse
 10
153.090477
 20
105.436913
 30
0.0
 11
-0.0007219197019535
 21
0.0483969086915369
 31
0.0
210
-0.0000000000000002
220
0.0
230
1.0
 40
0.2886857195468052
 41
-0.9455141765545914
 42
-0.8004530290468586
  0
LINE
  5
1569
330
70
100
AcDbEntity
  8
Visible
100
AcDbLine
 10
153.101382
 20
105.46541
 30
0.0
 11
153.098422
 21
105.46541
 31
0.0
210
0.0
220
1.0
230
0.0
  0
ARC
  5
156A
330
70
100
AcDbEntity
  8
Visible
100
AcDbCircle
 10
153.457878
 20
105.43541
 30
0.0
 40
0.0500000000000001
100
AcDbArc
 50
0.0
 51
90.0
  0
SPLINE
  5
156B
330
70
100
AcDbEntity
  8
Visible
100
AcDbSpline
210
0.0
220
0.0
230
1.0
 70
     8
 71
     3
 72
    10
 73
     6
 74
     0
 42
0.000000001
 43
0.0000000001
 40
-0.0076890351257363
 40
-0.0076890351257363
 40
-0.0076890351257363
 40
-0.0076890351257363
 40
-0.0057249943163466
 40
-0.0057249943163466
 40
-0.0045121291433809
 40
-0.0045121291433809
 40
-0.0045121291433809
 40
-0.0045121291433809
 10
153.0898435093695
 20
104.1854095058355
 30
0.000000000001819
 10
153.0915994364368
 20
104.1854095058355
 30
0.000000000001819
 10
153.0935072809043
 20
104.1866730606625
 30
0.000000000001819
 10
153.0963996674872
 20
104.1908625535793
 30
0.000000000001819
 10
153.0974580544262
 20
104.1929674222044
 30
0.000000000001819
 10
153.0984217634722
 20
104.1954095058355
 30
0.000000000001819
  0
ARC
  5
156C
330
70
100
AcDbEntity
  8
Visible
100
AcDbCircle
 10
155.244868
 20
104.835395
 30
0.0
 40
2.236987199444074
100
AcDbArc
 50
195.557852
 51
196.357042
  0
LINE
  5
156D
330
70
100
AcDbEntity
  8
Visible
100
AcDbLine
 10
153.098422
 20
104.20541
 30
0.0
 11
153.101382
 21
104.20541
 31
0.0
210
0.0
220
1.0
230
0.0
  0
ELLIPSE
  5
156E
330
70
100
AcDbEntity
  8
Visible
100
AcDbEllipse
 10
153.090497
 20
104.23385
 30
0.0
 11
0.0007356459111304
 21
0.0483348091087065
 31
0.0
210
-0.0000000000000002
220
0.0
230
0.9999999999999996
 40
0.288606156818882
 41
3.942496018146303
 42
4.087690812045098
  0
LINE
  5
156F
330
70
100
AcDbEntity
  8
Visible
100
AcDbLine
 10
153.101382
 20
104.19541
 30
0.0
 11
153.098422
 21
104.19541
 31
0.0
210
0.0
220
1.0
230
0.0
  0
ARC
  5
1570
330
70
100
AcDbEntity
  8
Visible
100
AcDbCircle
 10
-153.457878
 20
104.23541
 30
0.0
 40
0.0500000000000001
210
0.0000000000000002
220
0.0
230
-1.0
100
AcDbArc
 50
180.0
 51
270.0
  0
LINE
  5
1571
330
70
100
AcDbEntity
  8
Visible
100
AcDbLine
 10
153.098422
 20
104.20541
 30
0.0
 11
153.098422
 21
104.19541
 31
0.0
210
0.0
220
1.0
230
0.0
  0
SPLINE
  5
1572
330
70
100
AcDbEntity
  8
Visible
100
AcDbSpline
210
0.0
220
0.0
230
1.0
 70
     8
 71
     3
 72
    10
 73
     6
 74
     0
 42
0.000000001
 43
0.0000000001
 40
-0.0268730764416878
 40
-0.0268730764416878
 40
-0.0268730764416878
 40
-0.0268730764416878
 40
-0.0249523907711876
 40
-0.0249523907711876
 40
-0.0229937868202409
 40
-0.0229937868202409
 40
-0.0229937868202409
 40
-0.0229937868202409
 10
153.0941776893942
 20
104.2200541667756
 30
0.000000000001819
 10
153.0929044836193
 20
104.2156077651428
 30
0.000000000001819
 10
153.0913240439713
 20
104.2117976544042
 30
0.000000000001819
 10
153.0879075886278
 20
104.2066726271061
 30
0.000000000001819
 10
153.0860677011096
 20
104.2054095058345
 30
0.000000000001819
 10
153.0843750036783
 20
104.2054095058345
 30
0.000000000001819
  0
SPLINE
  5
1573
330
70
100
AcDbEntity
  8
Visible
100
AcDbSpline
210
0.0
220
0.0
230
1.0
 70
     8
 71
     3
 72
    10
 73
     6
 74
     0
 42
0.000000001
 43
0.0000000001
 40
-0.0230147643365814
 40
-0.0230147643365814
 40
-0.0230147643365814
 40
-0.0230147643365814
 40
-0.0210561603856347
 40
-0.0210561603856347
 40
-0.0191354747152036
 40
-0.0191354747152036
 40
-0.0191354747152036
 40
-0.0191354747152036
 10
153.0843750036783
 20
105.4654095058335
 30
0.000000000001819
 10
153.0860677011096
 20
105.4654095058335
 30
0.000000000001819
 10
153.0879075886278
 20
105.4641463845619
 30
0.000000000001819
 10
153.0913240439713
 20
105.4590213572639
 30
0.000000000001819
 10
153.0929044836193
 20
105.4552112465254
 30
0.000000000001819
 10
153.0941776893942
 20
105.4507648448929
 30
0.000000000001819
  0
LINE
  5
1574
330
70
100
AcDbEntity
  8
Visible
100
AcDbLine
 10
153.098422
 20
105.46541
 30
0.0
 11
153.098422
 21
105.47541
 31
0.0
210
0.0
220
1.0
230
0.0
  0
LINE
  5
1575
330
70
100
AcDbEntity
  8
Visible
100
AcDbLine
 10
153.098422
 20
104.20541
 30
0.0
 11
153.100001
 21
104.200054
 31
0.0
210
0.0
220
1.0
230
0.0
  0
LINE
  5
1576
330
70
100
AcDbEntity
  8
Visible
100
AcDbLine
 10
153.098422
 20
105.46541
 30
0.0
 11
153.100001
 21
105.470765
 31
0.0
210
0.0
220
1.0
230
0.0
  0
LINE
  5
1577
330
70
100
AcDbEntity
  8
Visible
100
AcDbLine
 10
151.507878
 20
104.23541
 30
0.0
 11
151.507878
 21
105.43541
 31
0.0
210
0.0
220
1.0
230
0.0
  0
ARC
  5
1578
330
70
100
AcDbEntity
  8
Visible
100
AcDbCircle
 10
151.557878
 20
104.23541
 30
0.0
 40
0.0500000000000001
100
AcDbArc
 50
180.0
 51
270.0
  0
ARC
  5
1579
330
70
100
AcDbEntity
  8
Visible
100
AcDbCircle
 10
-151.557878
 20
105.43541
 30
0.0
 40
0.0500000000000001
210
0.0000000000000002
220
0.0
230
-1.0
100
AcDbArc
 50
0.0
 51
90.0
  0
SPLINE
  5
157A
330
70
100
AcDbEntity
  8
Visible
100
AcDbSpline
210
0.0
220
0.0
230
1.0
 70
     8
 71
     3
 72
    10
 73
     6
 74
     0
 42
0.000000001
 43
0.0000000001
 40
-0.0076785806176406
 40
-0.0076785806176406
 40
-0.0076785806176406
 40
-0.0076785806176406
 40
-0.005719976666694
 40
-0.005719976666694
 40
-0.0037992909961937
 40
-0.0037992909961937
 40
-0.0037992909961937
 40
-0.0037992909961937
 10
151.93138198839
 20
104.2054095058345
 30
0.000000000001819
 10
151.9296892909569
 20
104.2054095058345
 30
0.000000000001819
 10
151.9278494034388
 20
104.2066726271061
 30
0.000000000001819
 10
151.9244329480953
 20
104.2117976544042
 30
0.000000000001819
 10
151.9228525084472
 20
104.2156077651428
 30
0.000000000001819
 10
151.9215793026724
 20
104.2200541667756
 30
0.000000000001819
  0
LINE
  5
157B
330
70
100
AcDbEntity
  8
Visible
100
AcDbLine
 10
151.917335
 20
104.20541
 30
0.0
 11
151.917335
 21
104.19541
 31
0.0
210
0.0
220
1.0
230
0.0
  0
LINE
  5
157C
330
70
100
AcDbEntity
  8
Visible
100
AcDbLine
 10
151.917335
 20
105.46541
 30
0.0
 11
151.917335
 21
105.47541
 31
0.0
210
0.0
220
1.0
230
0.0
  0
SPLINE
  5
157D
330
70
100
AcDbEntity
  8
Visible
100
AcDbSpline
210
0.0
220
0.0
230
1.0
 70
     8
 71
     3
 72
    10
 73
     6
 74
     0
 42
0.000000001
 43
0.0000000001
 40
-0.011536892722678
 40
-0.011536892722678
 40
-0.011536892722678
 40
-0.011536892722678
 40
-0.0096162070522468
 40
-0.0096162070522468
 40
-0.0076576031013002
 40
-0.0076576031013002
 40
-0.0076576031013002
 40
-0.0076576031013002
 10
151.9215793026724
 20
105.4507648448929
 30
0.000000000001819
 10
151.9228525084472
 20
105.4552112465254
 30
0.000000000001819
 10
151.9244329480953
 20
105.4590213572639
 30
0.000000000001819
 10
151.9278494034388
 20
105.4641463845619
 30
0.000000000001819
 10
151.9296892909569
 20
105.4654095058335
 30
0.000000000001819
 10
151.93138198839
 20
105.4654095058335
 30
0.000000000001819
  0
LINE
  5
157E
330
70
100
AcDbEntity
  8
Visible
100
AcDbLine
 10
151.915756
 20
105.470765
 30
0.0
 11
151.917335
 21
105.46541
 31
0.0
210
0.0
220
1.0
230
0.0
  0
LINE
  5
157F
330
70
100
AcDbEntity
  8
Visible
100
AcDbLine
 10
151.915756
 20
104.200054
 30
0.0
 11
151.917335
 21
104.20541
 31
0.0
210
0.0
220
1.0
230
0.0
  0
LINE
  5
1580
330
70
100
AcDbEntity
  8
Visible
100
AcDbLine
 10
152.452274
 20
105.47541
 30
0.0
 11
152.452274
 21
105.46541
 31
0.0
210
0.0
220
1.0
230
0.0
  0
LINE
  5
1581
330
70
100
AcDbEntity
  8
Visible
100
AcDbLine
 10
152.452274
 20
105.47541
 30
0.0
 11
152.476574
 21
105.47541
 31
0.0
210
0.0
220
1.0
230
0.0
  0
LINE
  5
1582
330
70
100
AcDbEntity
  8
Visible
100
AcDbLine
 10
152.476574
 20
105.47541
 30
0.0
 11
152.476574
 21
105.46541
 31
0.0
210
0.0
220
1.0
230
0.0
  0
LINE
  5
1583
330
70
100
AcDbEntity
  8
Visible
100
AcDbLine
 10
152.48445
 20
105.47541
 30
0.0
 11
152.48445
 21
105.46541
 31
0.0
210
0.0
220
1.0
230
0.0
  0
LINE
  5
1584
330
70
100
AcDbEntity
  8
Visible
100
AcDbLine
 10
152.476574
 20
105.47541
 30
0.0
 11
152.48445
 21
105.47541
 31
0.0
210
0.0
220
1.0
230
0.0
  0
LINE
  5
1585
330
70
100
AcDbEntity
  8
Visible
100
AcDbLine
 10
152.404097
 20
105.47541
 30
0.0
 11
152.404097
 21
105.46541
 31
0.0
210
0.0
220
1.0
230
0.0
  0
LINE
  5
1586
330
70
100
AcDbEntity
  8
Visible
100
AcDbLine
 10
152.418555
 20
105.47541
 30
0.0
 11
152.404097
 21
105.47541
 31
0.0
210
0.0
220
1.0
230
0.0
  0
LINE
  5
1587
330
70
100
AcDbEntity
  8
Visible
100
AcDbLine
 10
152.418555
 20
105.47541
 30
0.0
 11
152.440967
 21
105.47541
 31
0.0
210
0.0
220
1.0
230
0.0
  0
LINE
  5
1588
330
70
100
AcDbEntity
  8
Visible
100
AcDbLine
 10
152.449779
 20
105.47541
 30
0.0
 11
152.449779
 21
105.46541
 31
0.0
210
0.0
220
1.0
230
0.0
  0
LINE
  5
1589
330
70
100
AcDbEntity
  8
Visible
100
AcDbLine
 10
152.440967
 20
105.47541
 30
0.0
 11
152.449779
 21
105.47541
 31
0.0
210
0.0
220
1.0
230
0.0
  0
LINE
  5
158A
330
70
100
AcDbEntity
  8
Visible
100
AcDbLine
 10
152.359071
 20
105.47541
 30
0.0
 11
152.359071
 21
105.46541
 31
0.0
210
0.0
220
1.0
230
0.0
  0
LINE
  5
158B
330
70
100
AcDbEntity
  8
Visible
100
AcDbLine
 10
152.359071
 20
105.47541
 30
0.0
 11
152.360459
 21
105.47541
 31
0.0
210
0.0
220
1.0
230
0.0
  0
LINE
  5
158C
330
70
100
AcDbEntity
  8
Visible
100
AcDbLine
 10
152.360459
 20
105.47541
 30
0.0
 11
152.360459
 21
105.46541
 31
0.0
210
0.0
220
1.0
230
0.0
  0
LINE
  5
158D
330
70
100
AcDbEntity
  8
Visible
100
AcDbLine
 10
152.391885
 20
105.47541
 30
0.0
 11
152.391885
 21
105.46541
 31
0.0
210
0.0
220
1.0
230
0.0
  0
LINE
  5
158E
330
70
100
AcDbEntity
  8
Visible
100
AcDbLine
 10
152.360459
 20
105.47541
 30
0.0
 11
152.391885
 21
105.47541
 31
0.0
210
0.0
220
1.0
230
0.0
  0
LINE
  5
158F
330
70
100
AcDbEntity
  8
Visible
100
AcDbLine
 10
152.29787
 20
105.47541
 30
0.0
 11
152.307072
 21
105.47541
 31
0.0
210
0.0
220
1.0
230
0.0
  0
LINE
  5
1590
330
70
100
AcDbEntity
  8
Visible
100
AcDbLine
 10
152.307072
 20
105.47541
 30
0.0
 11
152.330139
 21
105.47541
 31
0.0
210
0.0
220
1.0
230
0.0
  0
LINE
  5
1591
330
70
100
AcDbEntity
  8
Visible
100
AcDbLine
 10
152.330139
 20
105.47541
 30
0.0
 11
152.347545
 21
105.47541
 31
0.0
210
0.0
220
1.0
230
0.0
  0
LINE
  5
1592
330
70
100
AcDbEntity
  8
Visible
100
AcDbLine
 10
152.29787
 20
105.47541
 30
0.0
 11
152.29787
 21
105.46541
 31
0.0
210
0.0
220
1.0
230
0.0
  0
LINE
  5
1593
330
70
100
AcDbEntity
  8
Visible
100
AcDbLine
 10
152.347545
 20
105.47541
 30
0.0
 11
152.347545
 21
105.46541
 31
0.0
210
0.0
220
1.0
230
0.0
  0
LINE
  5
1594
330
70
100
AcDbEntity
  8
Visible
100
AcDbLine
 10
152.239587
 20
105.47541
 30
0.0
 11
152.262825
 21
105.47541
 31
0.0
210
0.0
220
1.0
230
0.0
  0
LINE
  5
1595
330
70
100
AcDbEntity
  8
Visible
100
AcDbLine
 10
152.262825
 20
105.47541
 30
0.0
 11
152.271247
 21
105.47541
 31
0.0
210
0.0
220
1.0
230
0.0
  0
LINE
  5
1596
330
70
100
AcDbEntity
  8
Visible
100
AcDbLine
 10
152.271247
 20
105.47541
 30
0.0
 11
152.294486
 21
105.47541
 31
0.0
210
0.0
220
1.0
230
0.0
  0
LINE
  5
1597
330
70
100
AcDbEntity
  8
Visible
100
AcDbLine
 10
152.262825
 20
105.47541
 30
0.0
 11
152.262825
 21
105.46541
 31
0.0
210
0.0
220
1.0
230
0.0
  0
LINE
  5
1598
330
70
100
AcDbEntity
  8
Visible
100
AcDbLine
 10
152.239587
 20
105.47541
 30
0.0
 11
152.239587
 21
105.46541
 31
0.0
210
0.0
220
1.0
230
0.0
  0
LINE
  5
1599
330
70
100
AcDbEntity
  8
Visible
100
AcDbLine
 10
152.271247
 20
105.47541
 30
0.0
 11
152.271247
 21
105.46541
 31
0.0
210
0.0
220
1.0
230
0.0
  0
LINE
  5
159A
330
70
100
AcDbEntity
  8
Visible
100
AcDbLine
 10
152.294486
 20
105.47541
 30
0.0
 11
152.294486
 21
105.46541
 31
0.0
210
0.0
220
1.0
230
0.0
  0
LINE
  5
159B
330
70
100
AcDbEntity
  8
Visible
100
AcDbLine
 10
152.451635
 20
105.47541
 30
0.0
 11
152.451635
 21
105.46541
 31
0.0
210
0.0
220
1.0
230
0.0
  0
LINE
  5
159C
330
70
100
AcDbEntity
  8
Visible
100
AcDbLine
 10
152.451635
 20
105.47541
 30
0.0
 11
152.452274
 21
105.47541
 31
0.0
210
0.0
220
1.0
230
0.0
  0
LINE
  5
159D
330
70
100
AcDbEntity
  8
Visible
100
AcDbLine
 10
152.39895
 20
105.47541
 30
0.0
 11
152.39895
 21
105.46541
 31
0.0
210
0.0
220
1.0
230
0.0
  0
LINE
  5
159E
330
70
100
AcDbEntity
  8
Visible
100
AcDbLine
 10
152.398904
 20
105.47541
 30
0.0
 11
152.39895
 21
105.47541
 31
0.0
210
0.0
220
1.0
230
0.0
  0
LINE
  5
159F
330
70
100
AcDbEntity
  8
Visible
100
AcDbLine
 10
152.391885
 20
105.47541
 30
0.0
 11
152.394006
 21
105.47541
 31
0.0
210
0.0
220
1.0
230
0.0
  0
LINE
  5
15A0
330
70
100
AcDbEntity
  8
Visible
100
AcDbLine
 10
152.398904
 20
105.47541
 30
0.0
 11
152.398904
 21
105.46541
 31
0.0
210
0.0
220
1.0
230
0.0
  0
LINE
  5
15A1
330
70
100
AcDbEntity
  8
Visible
100
AcDbLine
 10
152.394006
 20
105.47541
 30
0.0
 11
152.398904
 21
105.47541
 31
0.0
210
0.0
220
1.0
230
0.0
  0
LINE
  5
15A2
330
70
100
AcDbEntity
  8
Visible
100
AcDbLine
 10
152.356996
 20
105.47541
 30
0.0
 11
152.356996
 21
105.46541
 31
0.0
210
0.0
220
1.0
230
0.0
  0
LINE
  5
15A3
330
70
100
AcDbEntity
  8
Visible
100
AcDbLine
 10
152.347545
 20
105.47541
 30
0.0
 11
152.356996
 21
105.47541
 31
0.0
210
0.0
220
1.0
230
0.0
  0
LINE
  5
15A4
330
70
100
AcDbEntity
  8
Visible
100
AcDbLine
 10
152.356996
 20
105.47541
 30
0.0
 11
152.359071
 21
105.47541
 31
0.0
210
0.0
220
1.0
230
0.0
  0
LINE
  5
15A5
330
70
100
AcDbEntity
  8
Visible
100
AcDbLine
 10
152.294486
 20
105.47541
 30
0.0
 11
152.29787
 21
105.47541
 31
0.0
210
0.0
220
1.0
230
0.0
  0
LINE
  5
15A6
330
70
100
AcDbEntity
  8
Visible
100
AcDbLine
 10
152.221464
 20
105.47541
 30
0.0
 11
152.230666
 21
105.47541
 31
0.0
210
0.0
220
1.0
230
0.0
  0
LINE
  5
15A7
330
70
100
AcDbEntity
  8
Visible
100
AcDbLine
 10
152.230666
 20
105.47541
 30
0.0
 11
152.239587
 21
105.47541
 31
0.0
210
0.0
220
1.0
230
0.0
  0
LINE
  5
15A8
330
70
100
AcDbEntity
  8
Visible
100
AcDbLine
 10
152.221464
 20
105.47541
 30
0.0
 11
152.221464
 21
105.46541
 31
0.0
210
0.0
220
1.0
230
0.0
  0
LINE
  5
15A9
330
70
100
AcDbEntity
  8
Visible
100
AcDbLine
 10
152.16318
 20
105.47541
 30
0.0
 11
152.186419
 21
105.47541
 31
0.0
210
0.0
220
1.0
230
0.0
  0
LINE
  5
15AA
330
70
100
AcDbEntity
  8
Visible
100
AcDbLine
 10
152.186419
 20
105.47541
 30
0.0
 11
152.194841
 21
105.47541
 31
0.0
210
0.0
220
1.0
230
0.0
  0
LINE
  5
15AB
330
70
100
AcDbEntity
  8
Visible
100
AcDbLine
 10
152.194841
 20
105.47541
 30
0.0
 11
152.218079
 21
105.47541
 31
0.0
210
0.0
220
1.0
230
0.0
  0
LINE
  5
15AC
330
70
100
AcDbEntity
  8
Visible
100
AcDbLine
 10
152.186419
 20
105.47541
 30
0.0
 11
152.186419
 21
105.46541
 31
0.0
210
0.0
220
1.0
230
0.0
  0
LINE
  5
15AD
330
70
100
AcDbEntity
  8
Visible
100
AcDbLine
 10
152.16318
 20
105.47541
 30
0.0
 11
152.16318
 21
105.46541
 31
0.0
210
0.0
220
1.0
230
0.0
  0
LINE
  5
15AE
330
70
100
AcDbEntity
  8
Visible
100
AcDbLine
 10
152.194841
 20
105.47541
 30
0.0
 11
152.194841
 21
105.46541
 31
0.0
210
0.0
220
1.0
230
0.0
  0
LINE
  5
15AF
330
70
100
AcDbEntity
  8
Visible
100
AcDbLine
 10
152.218079
 20
105.47541
 30
0.0
 11
152.218079
 21
105.46541
 31
0.0
210
0.0
220
1.0
230
0.0
  0
LINE
  5
15B0
330
70
100
AcDbEntity
  8
Visible
100
AcDbLine
 10
152.534418
 20
105.47541
 30
0.0
 11
152.577364
 21
105.47541
 31
0.0
210
0.0
220
1.0
230
0.0
  0
LINE
  5
15B1
330
70
100
AcDbEntity
  8
Visible
100
AcDbLine
 10
152.600789
 20
105.47541
 30
0.0
 11
152.577364
 21
105.47541
 31
0.0
210
0.0
220
1.0
230
0.0
  0
LINE
  5
15B2
330
70
100
AcDbEntity
  8
Visible
100
AcDbLine
 10
152.659785
 20
105.47541
 30
0.0
 11
152.600789
 21
105.47541
 31
0.0
210
0.0
220
1.0
230
0.0
  0
LINE
  5
15B3
330
70
100
AcDbEntity
  8
Visible
100
AcDbLine
 10
152.711841
 20
105.47541
 30
0.0
 11
152.659785
 21
105.47541
 31
0.0
210
0.0
220
1.0
230
0.0
  0
LINE
  5
15B4
330
70
100
AcDbEntity
  8
Visible
100
AcDbLine
 10
152.711841
 20
105.47541
 30
0.0
 11
152.730928
 21
105.47541
 31
0.0
210
0.0
220
1.0
230
0.0
  0
LINE
  5
15B5
330
70
100
AcDbEntity
  8
Visible
100
AcDbLine
 10
152.730928
 20
105.47541
 30
0.0
 11
152.740905
 21
105.47541
 31
0.0
210
0.0
220
1.0
230
0.0
  0
LINE
  5
15B6
330
70
100
AcDbEntity
  8
Visible
100
AcDbLine
 10
152.790792
 20
105.47541
 30
0.0
 11
152.740905
 21
105.47541
 31
0.0
210
0.0
220
1.0
230
0.0
  0
LINE
  5
15B7
330
70
100
AcDbEntity
  8
Visible
100
AcDbLine
 10
152.790792
 20
105.47541
 30
0.0
 11
152.81118
 21
105.47541
 31
0.0
210
0.0
220
1.0
230
0.0
  0
LINE
  5
15B8
330
70
100
AcDbEntity
  8
Visible
100
AcDbLine
 10
152.577364
 20
105.47541
 30
0.0
 11
152.577364
 21
105.46541
 31
0.0
210
0.0
220
1.0
230
0.0
  0
LINE
  5
15B9
330
70
100
AcDbEntity
  8
Visible
100
AcDbLine
 10
152.534418
 20
105.47541
 30
0.0
 11
152.534418
 21
105.46541
 31
0.0
210
0.0
220
1.0
230
0.0
  0
LINE
  5
15BA
330
70
100
AcDbEntity
  8
Visible
100
AcDbLine
 10
152.600789
 20
105.47541
 30
0.0
 11
152.600789
 21
105.46541
 31
0.0
210
0.0
220
1.0
230
0.0
  0
LINE
  5
15BB
330
70
100
AcDbEntity
  8
Visible
100
AcDbLine
 10
152.730928
 20
105.47541
 30
0.0
 11
152.730928
 21
105.46541
 31
0.0
210
0.0
220
1.0
230
0.0
  0
LINE
  5
15BC
330
70
100
AcDbEntity
  8
Visible
100
AcDbLine
 10
152.81118
 20
105.47541
 30
0.0
 11
152.81118
 21
105.46541
 31
0.0
210
0.0
220
1.0
230
0.0
  0
LINE
  5
15BD
330
70
100
AcDbEntity
  8
Visible
100
AcDbLine
 10
153.007878
 20
104.20541
 30
0.0
 11
153.007878
 21
104.18541
 31
0.0
210
0.0
220
1.0
230
0.0
  0
LINE
  5
15BE
330
70
100
AcDbEntity
  8
Visible
100
AcDbLine
 10
153.007878
 20
105.46541
 30
0.0
 11
153.007878
 21
105.48541
 31
0.0
210
0.0
220
1.0
230
0.0
  0
LINE
  5
15BF
330
70
100
AcDbEntity
  8
Visible
100
AcDbLine
 10
152.007878
 20
104.20541
 30
0.0
 11
152.007878
 21
104.18541
 31
0.0
210
0.0
220
1.0
230
0.0
  0
LINE
  5
15C0
330
70
100
AcDbEntity
  8
Visible
100
AcDbLine
 10
152.007878
 20
105.46541
 30
0.0
 11
152.007878
 21
105.48541
 31
0.0
210
0.0
220
1.0
230
0.0
  0
LINE
  5
15C1
330
70
100
AcDbEntity
  8
Visible
100
AcDbLine
 10
155.406884
 20
105.004409
 30
0.0
 11
155.206884
 21
105.004409
 31
0.0
210
0.0
220
1.0
230
0.0
  0
LINE
  5
15C2
330
70
100
AcDbEntity
  8
Visible
100
AcDbLine
 10
155.706884
 20
105.104409
 30
0.0
 11
155.706884
 21
105.264409
 31
0.0
210
0.0
220
1.0
230
0.0
  0
LINE
  5
15C3
330
70
100
AcDbEntity
  8
Visible
100
AcDbLine
 10
155.706884
 20
105.264409
 30
0.0
 11
154.906884
 21
105.264409
 31
0.0
210
0.0
220
1.0
230
0.0
  0
LINE
  5
15C4
330
70
100
AcDbEntity
  8
Visible
100
AcDbLine
 10
154.906884
 20
105.104409
 30
0.0
 11
154.906884
 21
105.264409
 31
0.0
210
0.0
220
1.0
230
0.0
  0
LINE
  5
15C5
330
70
100
AcDbEntity
  8
Visible
100
AcDbLine
 10
154.906884
 20
105.104409
 30
0.0
 11
155.206884
 21
105.104409
 31
0.0
210
0.0
220
1.0
230
0.0
  0
LINE
  5
15C6
330
70
100
AcDbEntity
  8
Visible
100
AcDbLine
 10
155.206884
 20
105.104409
 30
0.0
 11
155.206884
 21
105.004409
 31
0.0
210
0.0
220
1.0
230
0.0
  0
LINE
  5
15C7
330
70
100
AcDbEntity
  8
Visible
100
AcDbLine
 10
155.406884
 20
105.004409
 30
0.0
 11
155.406884
 21
105.104409
 31
0.0
210
0.0
220
1.0
230
0.0
  0
LINE
  5
15C8
330
70
100
AcDbEntity
  8
Visible
100
AcDbLine
 10
155.406884
 20
105.104409
 30
0.0
 11
155.706884
 21
105.104409
 31
0.0
210
0.0
220
1.0
230
0.0
  0
LINE
  5
15C9
330
70
100
AcDbEntity
  8
Visible
100
AcDbLine
 10
154.906884
 20
104.994409
 30
0.0
 11
154.906884
 21
103.914409
 31
0.0
210
0.0
220
1.0
230
0.0
  0
LINE
  5
15CA
330
70
100
AcDbEntity
  8
Visible
100
AcDbLine
 10
154.906884
 20
103.914409
 30
0.0
 11
155.706884
 21
103.914409
 31
0.0
210
0.0
220
1.0
230
0.0
  0
LINE
  5
15CB
330
70
100
AcDbEntity
  8
Visible
100
AcDbLine
 10
155.706884
 20
103.914409
 30
0.0
 11
155.706884
 21
104.994409
 31
0.0
210
0.0
220
1.0
230
0.0
  0
LINE
  5
15CC
330
70
100
AcDbEntity
  8
Visible
100
AcDbLine
 10
155.706884
 20
104.994409
 30
0.0
 11
154.906884
 21
104.994409
 31
0.0
210
0.0
220
1.0
230
0.0
  0
LINE
  5
15CD
330
70
100
AcDbEntity
  8
Visible
100
AcDbLine
 10
155.406884
 20
103.904409
 30
0.0
 11
155.206884
 21
103.904409
 31
0.0
210
0.0
220
1.0
230
0.0
  0
LINE
  5
15CE
330
70
100
AcDbEntity
  8
Visible
100
AcDbLine
 10
155.706884
 20
103.804409
 30
0.0
 11
155.706884
 21
103.644409
 31
0.0
210
0.0
220
1.0
230
0.0
  0
LINE
  5
15CF
330
70
100
AcDbEntity
  8
Visible
100
AcDbLine
 10
155.406884
 20
103.804409
 30
0.0
 11
155.706884
 21
103.804409
 31
0.0
210
0.0
220
1.0
230
0.0
  0
LINE
  5
15D0
330
70
100
AcDbEntity
  8
Visible
100
AcDbLine
 10
155.406884
 20
103.904409
 30
0.0
 11
155.406884
 21
103.804409
 31
0.0
210
0.0
220
1.0
230
0.0
  0
LINE
  5
15D1
330
70
100
AcDbEntity
  8
Visible
100
AcDbLine
 10
155.206884
 20
103.804409
 30
0.0
 11
155.206884
 21
103.904409
 31
0.0
210
0.0
220
1.0
230
0.0
  0
LINE
  5
15D2
330
70
100
AcDbEntity
  8
Visible
100
AcDbLine
 10
154.906884
 20
103.804409
 30
0.0
 11
155.206884
 21
103.804409
 31
0.0
210
0.0
220
1.0
230
0.0
  0
LINE
  5
15D3
330
70
100
AcDbEntity
  8
Visible
100
AcDbLine
 10
154.906884
 20
103.804409
 30
0.0
 11
154.906884
 21
103.644409
 31
0.0
210
0.0
220
1.0
230
0.0
  0
LINE
  5
15D4
330
70
100
AcDbEntity
  8
Visible
100
AcDbLine
 10
155.706884
 20
103.644409
 30
0.0
 11
154.906884
 21
103.644409
 31
0.0
210
0.0
220
1.0
230
0.0
  0
LINE
  5
15D5
330
70
100
AcDbEntity
  8
Visible
100
AcDbLine
 10
154.906884
 20
105.104409
 30
0.0
 11
154.906884
 21
104.994409
 31
0.0
210
0.0
220
1.0
230
0.0
  0
LINE
  5
15D6
330
70
100
AcDbEntity
  8
Visible
100
AcDbLine
 10
154.906884
 20
103.914409
 30
0.0
 11
154.906884
 21
103.804409
 31
0.0
210
0.0
220
1.0
230
0.0
  0
LINE
  5
15D7
330
70
100
AcDbEntity
  8
Visible
100
AcDbLine
 10
155.706884
 20
103.804409
 30
0.0
 11
155.706884
 21
103.914409
 31
0.0
210
0.0
220
1.0
230
0.0
  0
LINE
  5
15D8
330
70
100
AcDbEntity
  8
Visible
100
AcDbLine
 10
155.706884
 20
104.994409
 30
0.0
 11
155.706884
 21
105.104409
 31
0.0
210
0.0
220
1.0
230
0.0
  0
LINE
  5
15D9
330
70
100
AcDbEntity
  8
Visible
100
AcDbLine
 10
154.896884
 20
104.915494
 30
0.0
 11
154.906884
 21
104.915494
 31
0.0
210
0.0
220
1.0
230
0.0
  0
LINE
  5
15DA
330
70
100
AcDbEntity
  8
Visible
100
AcDbLine
 10
154.896884
 20
104.915494
 30
0.0
 11
154.896884
 21
104.934394
 31
0.0
210
0.0
220
1.0
230
0.0
  0
LINE
  5
15DB
330
70
100
AcDbEntity
  8
Visible
100
AcDbLine
 10
154.896884
 20
104.934394
 30
0.0
 11
154.906884
 21
104.934394
 31
0.0
210
0.0
220
1.0
230
0.0
  0
LINE
  5
15DC
330
70
100
AcDbEntity
  8
Visible
100
AcDbLine
 10
154.896884
 20
104.94052
 30
0.0
 11
154.906884
 21
104.94052
 31
0.0
210
0.0
220
1.0
230
0.0
  0
LINE
  5
15DD
330
70
100
AcDbEntity
  8
Visible
100
AcDbLine
 10
154.896884
 20
104.934394
 30
0.0
 11
154.896884
 21
104.94052
 31
0.0
210
0.0
220
1.0
230
0.0
  0
LINE
  5
15DE
330
70
100
AcDbEntity
  8
Visible
100
AcDbLine
 10
154.896884
 20
104.878023
 30
0.0
 11
154.906884
 21
104.878023
 31
0.0
210
0.0
220
1.0
230
0.0
  0
LINE
  5
15DF
330
70
100
AcDbEntity
  8
Visible
100
AcDbLine
 10
154.896884
 20
104.889268
 30
0.0
 11
154.896884
 21
104.878023
 31
0.0
210
0.0
220
1.0
230
0.0
  0
LINE
  5
15E0
330
70
100
AcDbEntity
  8
Visible
100
AcDbLine
 10
154.896884
 20
104.889268
 30
0.0
 11
154.896884
 21
104.9067
 31
0.0
210
0.0
220
1.0
230
0.0
  0
LINE
  5
15E1
330
70
100
AcDbEntity
  8
Visible
100
AcDbLine
 10
154.896884
 20
104.913554
 30
0.0
 11
154.906884
 21
104.913554
 31
0.0
210
0.0
220
1.0
230
0.0
  0
LINE
  5
15E2
330
70
100
AcDbEntity
  8
Visible
100
AcDbLine
 10
154.896884
 20
104.9067
 30
0.0
 11
154.896884
 21
104.913554
 31
0.0
210
0.0
220
1.0
230
0.0
  0
LINE
  5
15E3
330
70
100
AcDbEntity
  8
Visible
100
AcDbLine
 10
154.896884
 20
104.843002
 30
0.0
 11
154.906884
 21
104.843002
 31
0.0
210
0.0
220
1.0
230
0.0
  0
LINE
  5
15E4
330
70
100
AcDbEntity
  8
Visible
100
AcDbLine
 10
154.896884
 20
104.843002
 30
0.0
 11
154.896884
 21
104.844082
 31
0.0
210
0.0
220
1.0
230
0.0
  0
LINE
  5
15E5
330
70
100
AcDbEntity
  8
Visible
100
AcDbLine
 10
154.896884
 20
104.844082
 30
0.0
 11
154.906884
 21
104.844082
 31
0.0
210
0.0
220
1.0
230
0.0
  0
LINE
  5
15E6
330
70
100
AcDbEntity
  8
Visible
100
AcDbLine
 10
154.896884
 20
104.868525
 30
0.0
 11
154.906884
 21
104.868525
 31
0.0
210
0.0
220
1.0
230
0.0
  0
LINE
  5
15E7
330
70
100
AcDbEntity
  8
Visible
100
AcDbLine
 10
154.896884
 20
104.844082
 30
0.0
 11
154.896884
 21
104.868525
 31
0.0
210
0.0
220
1.0
230
0.0
  0
LINE
  5
15E8
330
70
100
AcDbEntity
  8
Visible
100
AcDbLine
 10
154.896884
 20
104.795402
 30
0.0
 11
154.896884
 21
104.802559
 31
0.0
210
0.0
220
1.0
230
0.0
  0
LINE
  5
15E9
330
70
100
AcDbEntity
  8
Visible
100
AcDbLine
 10
154.896884
 20
104.802559
 30
0.0
 11
154.896884
 21
104.8205
 31
0.0
210
0.0
220
1.0
230
0.0
  0
LINE
  5
15EA
330
70
100
AcDbEntity
  8
Visible
100
AcDbLine
 10
154.896884
 20
104.8205
 30
0.0
 11
154.896884
 21
104.834038
 31
0.0
210
0.0
220
1.0
230
0.0
  0
LINE
  5
15EB
330
70
100
AcDbEntity
  8
Visible
100
AcDbLine
 10
154.896884
 20
104.795402
 30
0.0
 11
154.906884
 21
104.795402
 31
0.0
210
0.0
220
1.0
230
0.0
  0
LINE
  5
15EC
330
70
100
AcDbEntity
  8
Visible
100
AcDbLine
 10
154.896884
 20
104.834038
 30
0.0
 11
154.906884
 21
104.834038
 31
0.0
210
0.0
220
1.0
230
0.0
  0
LINE
  5
15ED
330
70
100
AcDbEntity
  8
Visible
100
AcDbLine
 10
154.896884
 20
104.750071
 30
0.0
 11
154.896884
 21
104.768145
 31
0.0
210
0.0
220
1.0
230
0.0
  0
LINE
  5
15EE
330
70
100
AcDbEntity
  8
Visible
100
AcDbLine
 10
154.896884
 20
104.768145
 30
0.0
 11
154.896884
 21
104.774696
 31
0.0
210
0.0
220
1.0
230
0.0
  0
LINE
  5
15EF
330
70
100
AcDbEntity
  8
Visible
100
AcDbLine
 10
154.896884
 20
104.774696
 30
0.0
 11
154.896884
 21
104.79277
 31
0.0
210
0.0
220
1.0
230
0.0
  0
LINE
  5
15F0
330
70
100
AcDbEntity
  8
Visible
100
AcDbLine
 10
154.896884
 20
104.768145
 30
0.0
 11
154.906884
 21
104.768145
 31
0.0
210
0.0
220
1.0
230
0.0
  0
LINE
  5
15F1
330
70
100
AcDbEntity
  8
Visible
100
AcDbLine
 10
154.896884
 20
104.750071
 30
0.0
 11
154.906884
 21
104.750071
 31
0.0
210
0.0
220
1.0
230
0.0
  0
LINE
  5
15F2
330
70
100
AcDbEntity
  8
Visible
100
AcDbLine
 10
154.896884
 20
104.774696
 30
0.0
 11
154.906884
 21
104.774696
 31
0.0
210
0.0
220
1.0
230
0.0
  0
LINE
  5
15F3
330
70
100
AcDbEntity
  8
Visible
100
AcDbLine
 10
154.896884
 20
104.79277
 30
0.0
 11
154.906884
 21
104.79277
 31
0.0
210
0.0
220
1.0
230
0.0
  0
LINE
  5
15F4
330
70
100
AcDbEntity
  8
Visible
100
AcDbLine
 10
154.896884
 20
104.914997
 30
0.0
 11
154.906884
 21
104.914997
 31
0.0
210
0.0
220
1.0
230
0.0
  0
LINE
  5
15F5
330
70
100
AcDbEntity
  8
Visible
100
AcDbLine
 10
154.896884
 20
104.914997
 30
0.0
 11
154.896884
 21
104.915494
 31
0.0
210
0.0
220
1.0
230
0.0
  0
LINE
  5
15F6
330
70
100
AcDbEntity
  8
Visible
100
AcDbLine
 10
154.896884
 20
104.87402
 30
0.0
 11
154.906884
 21
104.87402
 31
0.0
210
0.0
220
1.0
230
0.0
  0
SPLINE
  5
15F7
330
70
100
AcDbEntity
  8
Visible
100
AcDbSpline
210
0.0
220
0.0
230
1.0
 70
    24
 71
     3
 72
     8
 73
     4
 74
     0
 42
0.000000001
 43
0.0000000001
 40
0.9960011515152405
 40
0.9960011515152405
 40
0.9960011515152405
 40
0.9960011515152405
 40
1.0
 40
1.0
 40
1.0
 40
1.0
 10
154.8968840792622
 20
104.8739837857725
 30
0.000000000001819
 10
154.8968840792622
 20
104.8739959197741
 30
0.000000000001819
 10
154.8968840792622
 20
104.8740080502826
 30
0.000000000001819
 10
154.8968840792622
 20
104.8740201772995
 30
0.000000000001819
  0
LINE
  5
15F8
330
70
100
AcDbEntity
  8
Visible
100
AcDbLine
 10
154.896884
 20
104.868525
 30
0.0
 11
154.896884
 21
104.870175
 31
0.0
210
0.0
220
1.0
230
0.0
  0
LINE
  5
15F9
330
70
100
AcDbEntity
  8
Visible
100
AcDbLine
 10
154.896884
 20
104.873984
 30
0.0
 11
154.906884
 21
104.873984
 31
0.0
210
0.0
220
1.0
230
0.0
  0
LINE
  5
15FA
330
70
100
AcDbEntity
  8
Visible
100
AcDbLine
 10
154.896884
 20
104.870175
 30
0.0
 11
154.896884
 21
104.873984
 31
0.0
210
0.0
220
1.0
230
0.0
  0
LINE
  5
15FB
330
70
100
AcDbEntity
  8
Visible
100
AcDbLine
 10
154.896884
 20
104.841389
 30
0.0
 11
154.906884
 21
104.841389
 31
0.0
210
0.0
220
1.0
230
0.0
  0
LINE
  5
15FC
330
70
100
AcDbEntity
  8
Visible
100
AcDbLine
 10
154.896884
 20
104.834038
 30
0.0
 11
154.896884
 21
104.841389
 31
0.0
210
0.0
220
1.0
230
0.0
  0
LINE
  5
15FD
330
70
100
AcDbEntity
  8
Visible
100
AcDbLine
 10
154.896884
 20
104.841389
 30
0.0
 11
154.896884
 21
104.843002
 31
0.0
210
0.0
220
1.0
230
0.0
  0
LINE
  5
15FE
330
70
100
AcDbEntity
  8
Visible
100
AcDbLine
 10
154.896884
 20
104.79277
 30
0.0
 11
154.896884
 21
104.795402
 31
0.0
210
0.0
220
1.0
230
0.0
  0
LINE
  5
15FF
330
70
100
AcDbEntity
  8
Visible
100
AcDbLine
 10
154.896884
 20
104.735975
 30
0.0
 11
154.896884
 21
104.743132
 31
0.0
210
0.0
220
1.0
230
0.0
  0
LINE
  5
1600
330
70
100
AcDbEntity
  8
Visible
100
AcDbLine
 10
154.896884
 20
104.743132
 30
0.0
 11
154.896884
 21
104.750071
 31
0.0
210
0.0
220
1.0
230
0.0
  0
LINE
  5
1601
330
70
100
AcDbEntity
  8
Visible
100
AcDbLine
 10
154.896884
 20
104.735975
 30
0.0
 11
154.906884
 21
104.735975
 31
0.0
210
0.0
220
1.0
230
0.0
  0
LINE
  5
1602
330
70
100
AcDbEntity
  8
Visible
100
AcDbLine
 10
154.896884
 20
104.690643
 30
0.0
 11
154.896884
 21
104.708718
 31
0.0
210
0.0
220
1.0
230
0.0
  0
LINE
  5
1603
330
70
100
AcDbEntity
  8
Visible
100
AcDbLine
 10
154.896884
 20
104.708718
 30
0.0
 11
154.896884
 21
104.715268
 31
0.0
210
0.0
220
1.0
230
0.0
  0
LINE
  5
1604
330
70
100
AcDbEntity
  8
Visible
100
AcDbLine
 10
154.896884
 20
104.715268
 30
0.0
 11
154.896884
 21
104.733343
 31
0.0
210
0.0
220
1.0
230
0.0
  0
LINE
  5
1605
330
70
100
AcDbEntity
  8
Visible
100
AcDbLine
 10
154.896884
 20
104.708718
 30
0.0
 11
154.906884
 21
104.708718
 31
0.0
210
0.0
220
1.0
230
0.0
  0
LINE
  5
1606
330
70
100
AcDbEntity
  8
Visible
100
AcDbLine
 10
154.896884
 20
104.690643
 30
0.0
 11
154.906884
 21
104.690643
 31
0.0
210
0.0
220
1.0
230
0.0
  0
LINE
  5
1607
330
70
100
AcDbEntity
  8
Visible
100
AcDbLine
 10
154.896884
 20
104.715268
 30
0.0
 11
154.906884
 21
104.715268
 31
0.0
210
0.0
220
1.0
230
0.0
  0
LINE
  5
1608
330
70
100
AcDbEntity
  8
Visible
100
AcDbLine
 10
154.896884
 20
104.733343
 30
0.0
 11
154.906884
 21
104.733343
 31
0.0
210
0.0
220
1.0
230
0.0
  0
LINE
  5
1609
330
70
100
AcDbEntity
  8
Visible
100
AcDbLine
 10
154.896884
 20
104.979384
 30
0.0
 11
154.896884
 21
105.012786
 31
0.0
210
0.0
220
1.0
230
0.0
  0
LINE
  5
160A
330
70
100
AcDbEntity
  8
Visible
100
AcDbLine
 10
154.896884
 20
105.031006
 30
0.0
 11
154.896884
 21
105.012786
 31
0.0
210
0.0
220
1.0
230
0.0
  0
LINE
  5
160B
330
70
100
AcDbEntity
  8
Visible
100
AcDbLine
 10
154.896884
 20
105.076892
 30
0.0
 11
154.896884
 21
105.031006
 31
0.0
210
0.0
220
1.0
230
0.0
  0
LINE
  5
160C
330
70
100
AcDbEntity
  8
Visible
100
AcDbLine
 10
154.896884
 20
105.117379
 30
0.0
 11
154.896884
 21
105.076892
 31
0.0
210
0.0
220
1.0
230
0.0
  0
LINE
  5
160D
330
70
100
AcDbEntity
  8
Visible
100
AcDbLine
 10
154.896884
 20
105.117379
 30
0.0
 11
154.896884
 21
105.132225
 31
0.0
210
0.0
220
1.0
230
0.0
  0
LINE
  5
160E
330
70
100
AcDbEntity
  8
Visible
100
AcDbLine
 10
154.896884
 20
105.132225
 30
0.0
 11
154.896884
 21
105.139985
 31
0.0
210
0.0
220
1.0
230
0.0
  0
LINE
  5
160F
330
70
100
AcDbEntity
  8
Visible
100
AcDbLine
 10
154.896884
 20
105.178786
 30
0.0
 11
154.896884
 21
105.139985
 31
0.0
210
0.0
220
1.0
230
0.0
  0
LINE
  5
1610
330
70
100
AcDbEntity
  8
Visible
100
AcDbLine
 10
154.896884
 20
105.178786
 30
0.0
 11
154.896884
 21
105.194643
 31
0.0
210
0.0
220
1.0
230
0.0
  0
LINE
  5
1611
330
70
100
AcDbEntity
  8
Visible
100
AcDbLine
 10
154.896884
 20
105.012786
 30
0.0
 11
154.906884
 21
105.012786
 31
0.0
210
0.0
220
1.0
230
0.0
  0
LINE
  5
1612
330
70
100
AcDbEntity
  8
Visible
100
AcDbLine
 10
154.896884
 20
104.979384
 30
0.0
 11
154.906884
 21
104.979384
 31
0.0
210
0.0
220
1.0
230
0.0
  0
LINE
  5
1613
330
70
100
AcDbEntity
  8
Visible
100
AcDbLine
 10
154.896884
 20
105.031006
 30
0.0
 11
154.906884
 21
105.031006
 31
0.0
210
0.0
220
1.0
230
0.0
  0
LINE
  5
1614
330
70
100
AcDbEntity
  8
Visible
100
AcDbLine
 10
154.896884
 20
105.132225
 30
0.0
 11
154.906884
 21
105.132225
 31
0.0
210
0.0
220
1.0
230
0.0
  0
LINE
  5
1615
330
70
100
AcDbEntity
  8
Visible
100
AcDbLine
 10
154.896884
 20
105.194643
 30
0.0
 11
154.906884
 21
105.194643
 31
0.0
210
0.0
220
1.0
230
0.0
  0
ARC
  5
1616
330
70
100
AcDbEntity
  8
Visible
100
AcDbCircle
 10
147.651921
 20
99.65773
 30
0.0
 40
0.0750000000000002
100
AcDbArc
 50
90.0
 51
270.0
  0
ARC
  5
1617
330
70
100
AcDbEntity
  8
Visible
100
AcDbCircle
 10
147.651921
 20
101.885073
 30
0.0
 40
0.0750000000000002
100
AcDbArc
 50
90.0
 51
270.0
  0
LINE
  5
1618
330
70
100
AcDbEntity
  8
Visible
100
AcDbLine
 10
147.451921
 20
100.094195
 30
0.0
 11
147.451921
 21
100.316376
 31
0.0
210
0.0
220
1.0
230
0.0
  0
LINE
  5
1619
330
70
100
AcDbEntity
  8
Visible
100
AcDbLine
 10
147.451921
 20
101.226427
 30
0.0
 11
147.451921
 21
101.448607
 31
0.0
210
0.0
220
1.0
230
0.0
  0
LINE
  5
161A
330
70
100
AcDbEntity
  8
Visible
100
AcDbLine
 10
147.701921
 20
99.58273
 30
0.0
 11
147.701921
 21
99.471401
 31
0.0
210
0.0
220
1.0
230
0.0
  0
ARC
  5
161B
330
70
100
AcDbEntity
  8
Visible
100
AcDbCircle
 10
147.901921
 20
99.471401
 30
0.0
 40
0.2000000000000004
100
AcDbArc
 50
180.0
 51
270.0
  0
LINE
  5
161C
330
70
100
AcDbEntity
  8
Visible
100
AcDbLine
 10
148.601921
 20
99.271401
 30
0.0
 11
147.901921
 21
99.271401
 31
0.0
210
0.0
220
1.0
230
0.0
  0
ARC
  5
161D
330
70
100
AcDbEntity
  8
Visible
100
AcDbCircle
 10
-147.501921
 20
99.650669
 30
0.0
 40
0.2000000503912344
210
0.0000000000000002
220
0.0
230
-1.0
100
AcDbArc
 50
140.000002
 51
155.775932
  0
LINE
  5
161E
330
70
100
AcDbEntity
  8
Visible
100
AcDbLine
 10
147.901921
 20
102.271401
 30
0.0
 11
148.601921
 21
102.271401
 31
0.0
210
0.0
220
1.0
230
0.0
  0
ARC
  5
161F
330
70
100
AcDbEntity
  8
Visible
100
AcDbCircle
 10
147.901921
 20
102.071401
 30
0.0
 40
0.2000000000000006
100
AcDbArc
 50
90.0
 51
180.0
  0
LINE
  5
1620
330
70
100
AcDbEntity
  8
Visible
100
AcDbLine
 10
147.701921
 20
102.071401
 30
0.0
 11
147.701921
 21
101.960073
 31
0.0
210
0.0
220
1.0
230
0.0
  0
ARC
  5
1621
330
70
100
AcDbEntity
  8
Visible
100
AcDbCircle
 10
-147.501921
 20
101.892134
 30
0.0
 40
0.2000000501444518
210
0.0000000000000002
220
0.0
230
-1.0
100
AcDbArc
 50
204.224068
 51
219.999998
  0
ARC
  5
1622
330
70
100
AcDbEntity
  8
Visible
100
AcDbCircle
 10
150.001921
 20
102.071401
 30
0.0
 40
0.2000000000000004
100
AcDbArc
 50
0.0
 51
90.0
  0
ARC
  5
1623
330
70
100
AcDbEntity
  8
Visible
100
AcDbCircle
 10
150.001921
 20
99.471401
 30
0.0
 40
0.2000000000000006
100
AcDbArc
 50
270.0
 51
0.0
  0
LINE
  5
1624
330
70
100
AcDbEntity
  8
Visible
100
AcDbLine
 10
150.201921
 20
99.471401
 30
0.0
 11
150.201921
 21
99.615171
 31
0.0
210
0.0
220
1.0
230
0.0
  0
LINE
  5
1625
330
70
100
AcDbEntity
  8
Visible
100
AcDbLine
 10
150.001921
 20
99.271401
 30
0.0
 11
149.301921
 21
99.271401
 31
0.0
210
0.0
220
1.0
230
0.0
  0
LINE
  5
1626
330
70
100
AcDbEntity
  8
Visible
100
AcDbLine
 10
149.301921
 20
102.271401
 30
0.0
 11
150.001921
 21
102.271401
 31
0.0
210
0.0
220
1.0
230
0.0
  0
LINE
  5
1627
330
70
100
AcDbEntity
  8
Visible
100
AcDbLine
 10
150.201921
 20
101.927632
 30
0.0
 11
150.201921
 21
102.071401
 31
0.0
210
0.0
220
1.0
230
0.0
  0
LINE
  5
1628
330
70
100
AcDbEntity
  8
Visible
100
AcDbLine
 10
150.248713
 20
99.779226
 30
0.0
 11
150.40513
 21
99.965638
 31
0.0
210
0.0
220
1.0
230
0.0
  0
LINE
  5
1629
330
70
100
AcDbEntity
  8
Visible
100
AcDbLine
 10
147.498713
 20
99.965638
 30
0.0
 11
147.65513
 21
99.779226
 31
0.0
210
0.0
220
1.0
230
0.0
  0
LINE
  5
162A
330
70
100
AcDbEntity
  8
Visible
100
AcDbLine
 10
148.601921
 20
102.271401
 30
0.0
 11
149.301921
 21
102.271401
 31
0.0
210
0.0
220
1.0
230
0.0
  0
LINE
  5
162B
330
70
100
AcDbEntity
  8
Visible
100
AcDbLine
 10
149.301921
 20
99.271401
 30
0.0
 11
148.601921
 21
99.271401
 31
0.0
210
0.0
220
1.0
230
0.0
  0
LINE
  5
162C
330
70
100
AcDbEntity
  8
Visible
100
AcDbLine
 10
150.451921
 20
101.448607
 30
0.0
 11
150.451921
 21
101.226427
 31
0.0
210
0.0
220
1.0
230
0.0
  0
LINE
  5
162D
330
70
100
AcDbEntity
  8
Visible
100
AcDbLine
 10
150.451921
 20
100.316376
 30
0.0
 11
150.451921
 21
100.094195
 31
0.0
210
0.0
220
1.0
230
0.0
  0
LINE
  5
162E
330
70
100
AcDbEntity
  8
Visible
100
AcDbLine
 10
147.625145
 20
100.139599
 30
0.0
 11
148.120119
 21
99.644625
 31
0.0
210
0.0
220
1.0
230
0.0
  0
ARC
  5
162F
330
70
100
AcDbEntity
  8
Visible
100
AcDbCircle
 10
148.296896
 20
99.821401
 30
0.0
 40
0.2499999999990006
100
AcDbArc
 50
225.0
 51
270.0
  0
LINE
  5
1630
330
70
100
AcDbEntity
  8
Visible
100
AcDbLine
 10
148.296896
 20
99.571401
 30
0.0
 11
149.606947
 21
99.571401
 31
0.0
210
0.0
220
1.0
230
0.0
  0
ARC
  5
1631
330
70
100
AcDbEntity
  8
Visible
100
AcDbCircle
 10
149.606947
 20
99.821401
 30
0.0
 40
0.2499999999990007
100
AcDbArc
 50
270.0
 51
315.0
  0
LINE
  5
1632
330
70
100
AcDbEntity
  8
Visible
100
AcDbLine
 10
149.783723
 20
99.644625
 30
0.0
 11
150.278698
 21
100.139599
 31
0.0
210
0.0
220
1.0
230
0.0
  0
ARC
  5
1633
330
70
100
AcDbEntity
  8
Visible
100
AcDbCircle
 10
150.101921
 20
100.316376
 30
0.0
 40
0.2499999999990006
100
AcDbArc
 50
315.0
 51
0.0
  0
LINE
  5
1634
330
70
100
AcDbEntity
  8
Visible
100
AcDbLine
 10
150.351921
 20
100.316376
 30
0.0
 11
150.351921
 21
101.226427
 31
0.0
210
0.0
220
1.0
230
0.0
  0
ARC
  5
1635
330
70
100
AcDbEntity
  8
Visible
100
AcDbCircle
 10
150.101921
 20
101.226427
 30
0.0
 40
0.2499999999990005
100
AcDbArc
 50
0.0
 51
45.0
  0
LINE
  5
1636
330
70
100
AcDbEntity
  8
Visible
100
AcDbLine
 10
150.278698
 20
101.403203
 30
0.0
 11
149.783723
 21
101.898178
 31
0.0
210
0.0
220
1.0
230
0.0
  0
ARC
  5
1637
330
70
100
AcDbEntity
  8
Visible
100
AcDbCircle
 10
149.606947
 20
101.721401
 30
0.0
 40
0.2499999999990006
100
AcDbArc
 50
45.0
 51
90.0
  0
LINE
  5
1638
330
70
100
AcDbEntity
  8
Visible
100
AcDbLine
 10
149.606947
 20
101.971401
 30
0.0
 11
148.296896
 21
101.971401
 31
0.0
210
0.0
220
1.0
230
0.0
  0
ARC
  5
1639
330
70
100
AcDbEntity
  8
Visible
100
AcDbCircle
 10
148.296896
 20
101.721401
 30
0.0
 40
0.2499999999990007
100
AcDbArc
 50
90.0
 51
135.0
  0
LINE
  5
163A
330
70
100
AcDbEntity
  8
Visible
100
AcDbLine
 10
148.120119
 20
101.898178
 30
0.0
 11
147.625145
 21
101.403203
 31
0.0
210
0.0
220
1.0
230
0.0
  0
ARC
  5
163B
330
70
100
AcDbEntity
  8
Visible
100
AcDbCircle
 10
147.801921
 20
101.226427
 30
0.0
 40
0.2499999999990006
100
AcDbArc
 50
135.0
 51
180.0
  0
LINE
  5
163C
330
70
100
AcDbEntity
  8
Visible
100
AcDbLine
 10
147.551921
 20
101.226427
 30
0.0
 11
147.551921
 21
100.316376
 31
0.0
210
0.0
220
1.0
230
0.0
  0
ARC
  5
163D
330
70
100
AcDbEntity
  8
Visible
100
AcDbCircle
 10
147.801921
 20
100.316376
 30
0.0
 40
0.2499999999990005
100
AcDbArc
 50
180.0
 51
225.0
  0
LINE
  5
163E
330
70
100
AcDbEntity
  8
Visible
100
AcDbLine
 10
150.451921
 20
101.226427
 30
0.0
 11
150.451921
 21
100.316376
 31
0.0
210
0.0
220
1.0
230
0.0
  0
LINE
  5
163F
330
70
100
AcDbEntity
  8
Visible
100
AcDbLine
 10
149.606947
 20
99.471401
 30
0.0
 11
148.296896
 21
99.471401
 31
0.0
210
0.0
220
1.0
230
0.0
  0
LINE
  5
1640
330
70
100
AcDbEntity
  8
Visible
100
AcDbLine
 10
147.451921
 20
100.316376
 30
0.0
 11
147.451921
 21
101.226427
 31
0.0
210
0.0
220
1.0
230
0.0
  0
LINE
  5
1641
330
70
100
AcDbEntity
  8
Visible
100
AcDbLine
 10
148.296896
 20
102.071401
 30
0.0
 11
149.606947
 21
102.071401
 31
0.0
210
0.0
220
1.0
230
0.0
  0
LINE
  5
1642
330
70
100
AcDbEntity
  8
Visible
100
AcDbLine
 10
147.65513
 20
101.763576
 30
0.0
 11
147.498713
 21
101.577165
 31
0.0
210
0.0
220
1.0
230
0.0
  0
LINE
  5
1643
330
70
100
AcDbEntity
  8
Visible
100
AcDbLine
 10
150.40513
 20
101.577165
 30
0.0
 11
150.248713
 21
101.763576
 31
0.0
210
0.0
220
1.0
230
0.0
  0
LINE
  5
1644
330
70
100
AcDbEntity
  8
Visible
100
AcDbLine
 10
150.201921
 20
101.892134
 30
0.0
 11
150.201921
 21
101.927632
 31
0.0
210
0.0
220
1.0
230
0.0
  0
LINE
  5
1645
330
70
100
AcDbEntity
  8
Visible
100
AcDbLine
 10
150.201921
 20
99.615171
 30
0.0
 11
150.201921
 21
99.650669
 31
0.0
210
0.0
220
1.0
230
0.0
  0
LINE
  5
1646
330
70
100
AcDbEntity
  8
Visible
100
AcDbLine
 10
148.049409
 20
99.573914
 30
0.0
 11
147.554434
 21
100.068889
 31
0.0
210
0.0
220
1.0
230
0.0
  0
LINE
  5
1647
330
70
100
AcDbEntity
  8
Visible
100
AcDbLine
 10
150.349409
 20
100.068889
 30
0.0
 11
149.854434
 21
99.573914
 31
0.0
210
0.0
220
1.0
230
0.0
  0
LINE
  5
1648
330
70
100
AcDbEntity
  8
Visible
100
AcDbLine
 10
149.854434
 20
101.968889
 30
0.0
 11
150.349409
 21
101.473914
 31
0.0
210
0.0
220
1.0
230
0.0
  0
LINE
  5
1649
330
70
100
AcDbEntity
  8
Visible
100
AcDbLine
 10
147.554434
 20
101.473914
 30
0.0
 11
148.049409
 21
101.968889
 31
0.0
210
0.0
220
1.0
230
0.0
  0
ARC
  5
164A
330
70
100
AcDbEntity
  8
Visible
100
AcDbCircle
 10
-149.606947
 20
99.821401
 30
0.0
 40
0.3499999999990008
210
0.0000000000000002
220
0.0
230
-1.0
100
AcDbArc
 50
225.0
 51
270.0
  0
ARC
  5
164B
330
70
100
AcDbEntity
  8
Visible
100
AcDbCircle
 10
-150.101921
 20
100.316376
 30
0.0
 40
0.3499999999990007
210
0.0000000000000002
220
0.0
230
-1.0
100
AcDbArc
 50
180.0
 51
225.0
  0
ARC
  5
164C
330
70
100
AcDbEntity
  8
Visible
100
AcDbCircle
 10
-150.101921
 20
101.226427
 30
0.0
 40
0.3500000000000008
210
0.0000000000000002
220
0.0
230
-1.0
100
AcDbArc
 50
135.0
 51
180.0
  0
ARC
  5
164D
330
70
100
AcDbEntity
  8
Visible
100
AcDbCircle
 10
-149.606947
 20
101.721401
 30
0.0
 40
0.3499999999990009
210
0.0000000000000002
220
0.0
230
-1.0
100
AcDbArc
 50
90.0
 51
135.0
  0
ARC
  5
164E
330
70
100
AcDbEntity
  8
Visible
100
AcDbCircle
 10
-147.801921
 20
101.226427
 30
0.0
 40
0.3500000000000006
210
0.0000000000000002
220
0.0
230
-1.0
100
AcDbArc
 50
0.0
 51
45.0
  0
ARC
  5
164F
330
70
100
AcDbEntity
  8
Visible
100
AcDbCircle
 10
-147.801921
 20
100.316376
 30
0.0
 40
0.3499999999990008
210
0.0000000000000002
220
0.0
230
-1.0
100
AcDbArc
 50
315.0
 51
0.0
  0
ARC
  5
1650
330
70
100
AcDbEntity
  8
Visible
100
AcDbCircle
 10
-148.296896
 20
99.821401
 30
0.0
 40
0.3499999999990009
210
0.0000000000000002
220
0.0
230
-1.0
100
AcDbArc
 50
270.0
 51
315.0
  0
ARC
  5
1651
330
70
100
AcDbEntity
  8
Visible
100
AcDbCircle
 10
-148.296896
 20
101.721401
 30
0.0
 40
0.3499999999990008
210
0.0000000000000002
220
0.0
230
-1.0
100
AcDbArc
 50
45.0
 51
90.0
  0
ARC
  5
1652
330
70
100
AcDbEntity
  8
Visible
100
AcDbCircle
 10
147.651921
 20
100.094195
 30
0.0
 40
0.1999999999990004
100
AcDbArc
 50
180.0
 51
220.0
  0
ARC
  5
1653
330
70
100
AcDbEntity
  8
Visible
100
AcDbCircle
 10
147.651921
 20
101.448607
 30
0.0
 40
0.1999999999990005
100
AcDbArc
 50
140.0
 51
180.0
  0
ARC
  5
1654
330
70
100
AcDbEntity
  8
Visible
100
AcDbCircle
 10
-150.401921
 20
101.892134
 30
0.0
 40
0.2000000000225992
210
0.0000000000000002
220
0.0
230
-1.0
100
AcDbArc
 50
320.0
 51
360.0
  0
ARC
  5
1655
330
70
100
AcDbEntity
  8
Visible
100
AcDbCircle
 10
150.251921
 20
101.448607
 30
0.0
 40
0.1999999999990004
100
AcDbArc
 50
0.0
 51
40.0
  0
ARC
  5
1656
330
70
100
AcDbEntity
  8
Visible
100
AcDbCircle
 10
-150.401921
 20
99.650669
 30
0.0
 40
0.2000000000425738
210
0.0000000000000002
220
0.0
230
-1.0
100
AcDbArc
 50
0.0
 51
40.0
  0
ARC
  5
1657
330
70
100
AcDbEntity
  8
Visible
100
AcDbCircle
 10
150.251921
 20
100.094195
 30
0.0
 40
0.1999999999990004
100
AcDbArc
 50
320.0
 51
0.0
  0
ARC
  5
1658
330
70
100
AcDbEntity
  8
Visible
100
AcDbCircle
 10
147.861921
 20
99.431401
 30
0.0
 40
0.1499999999990003
100
AcDbArc
 50
192.419486
 51
257.580514
  0
ARC
  5
1659
330
70
100
AcDbEntity
  8
Visible
100
AcDbCircle
 10
150.041921
 20
99.431401
 30
0.0
 40
0.1499999999990004
100
AcDbArc
 50
282.419486
 51
347.580514
  0
ARC
  5
165A
330
70
100
AcDbEntity
  8
Visible
100
AcDbCircle
 10
147.861921
 20
102.111401
 30
0.0
 40
0.1499999999990004
100
AcDbArc
 50
102.419486
 51
167.580514
  0
ARC
  5
165B
330
70
100
AcDbEntity
  8
Visible
100
AcDbCircle
 10
150.041921
 20
102.111401
 30
0.0
 40
0.1499999999990003
100
AcDbArc
 50
12.419486
 51
77.580514
  0
LINE
  5
165C
330
70
100
AcDbEntity
  8
Visible
100
AcDbLine
 10
147.451821
 20
100.686994
 30
0.0
 11
147.451921
 21
100.686994
 31
0.0
210
0.0
220
1.0
230
0.0
  0
LINE
  5
165D
330
70
100
AcDbEntity
  8
Visible
100
AcDbLine
 10
147.451821
 20
100.686994
 30
0.0
 11
147.451821
 21
100.712961
 31
0.0
210
0.0
220
1.0
230
0.0
  0
LINE
  5
165E
330
70
100
AcDbEntity
  8
Visible
100
AcDbLine
 10
147.451821
 20
100.712961
 30
0.0
 11
147.451921
 21
100.712961
 31
0.0
210
0.0
220
1.0
230
0.0
  0
LINE
  5
165F
330
70
100
AcDbEntity
  8
Visible
100
AcDbLine
 10
147.451821
 20
100.721513
 30
0.0
 11
147.451921
 21
100.721513
 31
0.0
210
0.0
220
1.0
230
0.0
  0
LINE
  5
1660
330
70
100
AcDbEntity
  8
Visible
100
AcDbLine
 10
147.451821
 20
100.712961
 30
0.0
 11
147.451821
 21
100.721513
 31
0.0
210
0.0
220
1.0
230
0.0
  0
LINE
  5
1661
330
70
100
AcDbEntity
  8
Visible
100
AcDbLine
 10
147.451821
 20
100.721983
 30
0.0
 11
147.451921
 21
100.721983
 31
0.0
210
0.0
220
1.0
230
0.0
  0
LINE
  5
1662
330
70
100
AcDbEntity
  8
Visible
100
AcDbLine
 10
147.451821
 20
100.721513
 30
0.0
 11
147.451821
 21
100.721983
 31
0.0
210
0.0
220
1.0
230
0.0
  0
LINE
  5
1663
330
70
100
AcDbEntity
  8
Visible
100
AcDbLine
 10
147.451821
 20
100.634279
 30
0.0
 11
147.451921
 21
100.634279
 31
0.0
210
0.0
220
1.0
230
0.0
  0
LINE
  5
1664
330
70
100
AcDbEntity
  8
Visible
100
AcDbLine
 10
147.451821
 20
100.649958
 30
0.0
 11
147.451821
 21
100.634279
 31
0.0
210
0.0
220
1.0
230
0.0
  0
LINE
  5
1665
330
70
100
AcDbEntity
  8
Visible
100
AcDbLine
 10
147.451821
 20
100.649958
 30
0.0
 11
147.451821
 21
100.674362
 31
0.0
210
0.0
220
1.0
230
0.0
  0
LINE
  5
1666
330
70
100
AcDbEntity
  8
Visible
100
AcDbLine
 10
147.451821
 20
100.674362
 30
0.0
 11
147.451821
 21
100.684112
 31
0.0
210
0.0
220
1.0
230
0.0
  0
LINE
  5
1667
330
70
100
AcDbEntity
  8
Visible
100
AcDbLine
 10
147.451821
 20
100.585795
 30
0.0
 11
147.451921
 21
100.585795
 31
0.0
210
0.0
220
1.0
230
0.0
  0
LINE
  5
1668
330
70
100
AcDbEntity
  8
Visible
100
AcDbLine
 10
147.451821
 20
100.585795
 30
0.0
 11
147.451821
 21
100.586886
 31
0.0
210
0.0
220
1.0
230
0.0
  0
LINE
  5
1669
330
70
100
AcDbEntity
  8
Visible
100
AcDbLine
 10
147.451821
 20
100.586886
 30
0.0
 11
147.451921
 21
100.586886
 31
0.0
210
0.0
220
1.0
230
0.0
  0
LINE
  5
166A
330
70
100
AcDbEntity
  8
Visible
100
AcDbLine
 10
147.451821
 20
100.621008
 30
0.0
 11
147.451921
 21
100.621008
 31
0.0
210
0.0
220
1.0
230
0.0
  0
LINE
  5
166B
330
70
100
AcDbEntity
  8
Visible
100
AcDbLine
 10
147.451821
 20
100.586886
 30
0.0
 11
147.451821
 21
100.621008
 31
0.0
210
0.0
220
1.0
230
0.0
  0
LINE
  5
166C
330
70
100
AcDbEntity
  8
Visible
100
AcDbLine
 10
147.451821
 20
100.621478
 30
0.0
 11
147.451921
 21
100.621478
 31
0.0
210
0.0
220
1.0
230
0.0
  0
LINE
  5
166D
330
70
100
AcDbEntity
  8
Visible
100
AcDbLine
 10
147.451821
 20
100.621008
 30
0.0
 11
147.451821
 21
100.621478
 31
0.0
210
0.0
220
1.0
230
0.0
  0
LINE
  5
166E
330
70
100
AcDbEntity
  8
Visible
100
AcDbLine
 10
147.451821
 20
100.519156
 30
0.0
 11
147.451821
 21
100.528982
 31
0.0
210
0.0
220
1.0
230
0.0
  0
LINE
  5
166F
330
70
100
AcDbEntity
  8
Visible
100
AcDbLine
 10
147.451821
 20
100.528982
 30
0.0
 11
147.451821
 21
100.553965
 31
0.0
210
0.0
220
1.0
230
0.0
  0
LINE
  5
1670
330
70
100
AcDbEntity
  8
Visible
100
AcDbLine
 10
147.451821
 20
100.553965
 30
0.0
 11
147.451821
 21
100.572864
 31
0.0
210
0.0
220
1.0
230
0.0
  0
LINE
  5
1671
330
70
100
AcDbEntity
  8
Visible
100
AcDbLine
 10
147.451821
 20
100.572864
 30
0.0
 11
147.451821
 21
100.573334
 31
0.0
210
0.0
220
1.0
230
0.0
  0
LINE
  5
1672
330
70
100
AcDbEntity
  8
Visible
100
AcDbLine
 10
147.451821
 20
100.573334
 30
0.0
 11
147.451921
 21
100.573334
 31
0.0
210
0.0
220
1.0
230
0.0
  0
LINE
  5
1673
330
70
100
AcDbEntity
  8
Visible
100
AcDbLine
 10
147.451821
 20
100.572864
 30
0.0
 11
147.451921
 21
100.572864
 31
0.0
210
0.0
220
1.0
230
0.0
  0
LINE
  5
1674
330
70
100
AcDbEntity
  8
Visible
100
AcDbLine
 10
147.451821
 20
100.456115
 30
0.0
 11
147.451821
 21
100.480877
 31
0.0
210
0.0
220
1.0
230
0.0
  0
LINE
  5
1675
330
70
100
AcDbEntity
  8
Visible
100
AcDbLine
 10
147.451821
 20
100.480877
 30
0.0
 11
147.451821
 21
100.490022
 31
0.0
210
0.0
220
1.0
230
0.0
  0
LINE
  5
1676
330
70
100
AcDbEntity
  8
Visible
100
AcDbLine
 10
147.451821
 20
100.490022
 30
0.0
 11
147.451821
 21
100.515724
 31
0.0
210
0.0
220
1.0
230
0.0
  0
LINE
  5
1677
330
70
100
AcDbEntity
  8
Visible
100
AcDbLine
 10
147.451821
 20
100.480877
 30
0.0
 11
147.451921
 21
100.480877
 31
0.0
210
0.0
220
1.0
230
0.0
  0
LINE
  5
1678
330
70
100
AcDbEntity
  8
Visible
100
AcDbLine
 10
147.451821
 20
100.456115
 30
0.0
 11
147.451921
 21
100.456115
 31
0.0
210
0.0
220
1.0
230
0.0
  0
LINE
  5
1679
330
70
100
AcDbEntity
  8
Visible
100
AcDbLine
 10
147.451821
 20
100.490022
 30
0.0
 11
147.451921
 21
100.490022
 31
0.0
210
0.0
220
1.0
230
0.0
  0
LINE
  5
167A
330
70
100
AcDbEntity
  8
Visible
100
AcDbLine
 10
147.451821
 20
100.515724
 30
0.0
 11
147.451921
 21
100.515724
 31
0.0
210
0.0
220
1.0
230
0.0
  0
LINE
  5
167B
330
70
100
AcDbEntity
  8
Visible
100
AcDbLine
 10
147.451821
 20
100.722258
 30
0.0
 11
147.451921
 21
100.722258
 31
0.0
210
0.0
220
1.0
230
0.0
  0
LINE
  5
167C
330
70
100
AcDbEntity
  8
Visible
100
AcDbLine
 10
147.451821
 20
100.721983
 30
0.0
 11
147.451821
 21
100.722258
 31
0.0
210
0.0
220
1.0
230
0.0
  0
LINE
  5
167D
330
70
100
AcDbEntity
  8
Visible
100
AcDbLine
 10
147.451821
 20
100.722728
 30
0.0
 11
147.451921
 21
100.722728
 31
0.0
210
0.0
220
1.0
230
0.0
  0
LINE
  5
167E
330
70
100
AcDbEntity
  8
Visible
100
AcDbLine
 10
147.451821
 20
100.722258
 30
0.0
 11
147.451821
 21
100.722728
 31
0.0
210
0.0
220
1.0
230
0.0
  0
LINE
  5
167F
330
70
100
AcDbEntity
  8
Visible
100
AcDbLine
 10
147.451821
 20
100.629822
 30
0.0
 11
147.451921
 21
100.629822
 31
0.0
210
0.0
220
1.0
230
0.0
  0
SPLINE
  5
1680
330
70
100
AcDbEntity
  8
Visible
100
AcDbSpline
210
0.0
220
0.0
230
1.0
 70
    24
 71
     3
 72
     8
 73
     4
 74
     0
 42
0.000000001
 43
0.0000000001
 40
0.9823859113666902
 40
0.9823859113666902
 40
0.9823859113666902
 40
0.9823859113666902
 40
1.0
 40
1.0
 40
1.0
 40
1.0
 10
147.4518213923165
 20
100.629599232791
 30
0.000000000001819
 10
147.4518213923165
 20
100.6296736184031
 30
0.000000000001819
 10
147.4518213923165
 20
100.6297479059053
 30
0.000000000001819
 10
147.4518213923165
 20
100.6298220954825
 30
0.000000000001819
  0
LINE
  5
1681
330
70
100
AcDbEntity
  8
Visible
100
AcDbLine
 10
147.451821
 20
100.629883
 30
0.0
 11
147.451921
 21
100.629883
 31
0.0
210
0.0
220
1.0
230
0.0
  0
LINE
  5
1682
330
70
100
AcDbEntity
  8
Visible
100
AcDbLine
 10
147.451821
 20
100.629822
 30
0.0
 11
147.451821
 21
100.629883
 31
0.0
210
0.0
220
1.0
230
0.0
  0
LINE
  5
1683
330
70
100
AcDbEntity
  8
Visible
100
AcDbLine
 10
147.451821
 20
100.621478
 30
0.0
 11
147.451821
 21
100.62421
 31
0.0
210
0.0
220
1.0
230
0.0
  0
LINE
  5
1684
330
70
100
AcDbEntity
  8
Visible
100
AcDbLine
 10
147.451821
 20
100.62421
 30
0.0
 11
147.451821
 21
100.629599
 31
0.0
210
0.0
220
1.0
230
0.0
  0
LINE
  5
1685
330
70
100
AcDbEntity
  8
Visible
100
AcDbLine
 10
147.451821
 20
100.584006
 30
0.0
 11
147.451921
 21
100.584006
 31
0.0
210
0.0
220
1.0
230
0.0
  0
LINE
  5
1686
330
70
100
AcDbEntity
  8
Visible
100
AcDbLine
 10
147.451821
 20
100.573334
 30
0.0
 11
147.451821
 21
100.584006
 31
0.0
210
0.0
220
1.0
230
0.0
  0
LINE
  5
1687
330
70
100
AcDbEntity
  8
Visible
100
AcDbLine
 10
147.451821
 20
100.584006
 30
0.0
 11
147.451821
 21
100.585795
 31
0.0
210
0.0
220
1.0
230
0.0
  0
LINE
  5
1688
330
70
100
AcDbEntity
  8
Visible
100
AcDbLine
 10
147.451821
 20
100.515724
 30
0.0
 11
147.451821
 21
100.519156
 31
0.0
210
0.0
220
1.0
230
0.0
  0
LINE
  5
1689
330
70
100
AcDbEntity
  8
Visible
100
AcDbLine
 10
147.451821
 20
100.436941
 30
0.0
 11
147.451821
 21
100.446766
 31
0.0
210
0.0
220
1.0
230
0.0
  0
LINE
  5
168A
330
70
100
AcDbEntity
  8
Visible
100
AcDbLine
 10
147.451821
 20
100.446766
 30
0.0
 11
147.451821
 21
100.456115
 31
0.0
210
0.0
220
1.0
230
0.0
  0
LINE
  5
168B
330
70
100
AcDbEntity
  8
Visible
100
AcDbLine
 10
147.451821
 20
100.373899
 30
0.0
 11
147.451821
 21
100.398662
 31
0.0
210
0.0
220
1.0
230
0.0
  0
LINE
  5
168C
330
70
100
AcDbEntity
  8
Visible
100
AcDbLine
 10
147.451821
 20
100.398662
 30
0.0
 11
147.451821
 21
100.407806
 31
0.0
210
0.0
220
1.0
230
0.0
  0
LINE
  5
168D
330
70
100
AcDbEntity
  8
Visible
100
AcDbLine
 10
147.451821
 20
100.407806
 30
0.0
 11
147.451821
 21
100.433508
 31
0.0
210
0.0
220
1.0
230
0.0
  0
LINE
  5
168E
330
70
100
AcDbEntity
  8
Visible
100
AcDbLine
 10
147.451821
 20
100.398662
 30
0.0
 11
147.451921
 21
100.398662
 31
0.0
210
0.0
220
1.0
230
0.0
  0
LINE
  5
168F
330
70
100
AcDbEntity
  8
Visible
100
AcDbLine
 10
147.451821
 20
100.373899
 30
0.0
 11
147.451921
 21
100.373899
 31
0.0
210
0.0
220
1.0
230
0.0
  0
LINE
  5
1690
330
70
100
AcDbEntity
  8
Visible
100
AcDbLine
 10
147.451821
 20
100.407806
 30
0.0
 11
147.451921
 21
100.407806
 31
0.0
210
0.0
220
1.0
230
0.0
  0
LINE
  5
1691
330
70
100
AcDbEntity
  8
Visible
100
AcDbLine
 10
147.451821
 20
100.433508
 30
0.0
 11
147.451921
 21
100.433508
 31
0.0
210
0.0
220
1.0
230
0.0
  0
LINE
  5
1692
330
70
100
AcDbEntity
  8
Visible
100
AcDbLine
 10
147.451821
 20
100.776517
 30
0.0
 11
147.451821
 21
100.822709
 31
0.0
210
0.0
220
1.0
230
0.0
  0
LINE
  5
1693
330
70
100
AcDbEntity
  8
Visible
100
AcDbLine
 10
147.451821
 20
100.84788
 30
0.0
 11
147.451821
 21
100.822709
 31
0.0
210
0.0
220
1.0
230
0.0
  0
LINE
  5
1694
330
70
100
AcDbEntity
  8
Visible
100
AcDbLine
 10
147.451821
 20
100.911763
 30
0.0
 11
147.451821
 21
100.84788
 31
0.0
210
0.0
220
1.0
230
0.0
  0
LINE
  5
1695
330
70
100
AcDbEntity
  8
Visible
100
AcDbLine
 10
147.451821
 20
100.968414
 30
0.0
 11
147.451821
 21
100.911763
 31
0.0
210
0.0
220
1.0
230
0.0
  0
LINE
  5
1696
330
70
100
AcDbEntity
  8
Visible
100
AcDbLine
 10
147.451821
 20
100.968414
 30
0.0
 11
147.451821
 21
100.989286
 31
0.0
210
0.0
220
1.0
230
0.0
  0
LINE
  5
1697
330
70
100
AcDbEntity
  8
Visible
100
AcDbLine
 10
147.451821
 20
100.989286
 30
0.0
 11
147.451821
 21
101.000112
 31
0.0
210
0.0
220
1.0
230
0.0
  0
LINE
  5
1698
330
70
100
AcDbEntity
  8
Visible
100
AcDbLine
 10
147.451821
 20
101.054438
 30
0.0
 11
147.451821
 21
101.000112
 31
0.0
210
0.0
220
1.0
230
0.0
  0
LINE
  5
1699
330
70
100
AcDbEntity
  8
Visible
100
AcDbLine
 10
147.451821
 20
101.076957
 30
0.0
 11
147.451821
 21
101.054438
 31
0.0
210
0.0
220
1.0
230
0.0
  0
LINE
  5
169A
330
70
100
AcDbEntity
  8
Visible
100
AcDbLine
 10
147.451821
 20
100.822709
 30
0.0
 11
147.451921
 21
100.822709
 31
0.0
210
0.0
220
1.0
230
0.0
  0
LINE
  5
169B
330
70
100
AcDbEntity
  8
Visible
100
AcDbLine
 10
147.451821
 20
100.776517
 30
0.0
 11
147.451921
 21
100.776517
 31
0.0
210
0.0
220
1.0
230
0.0
  0
LINE
  5
169C
330
70
100
AcDbEntity
  8
Visible
100
AcDbLine
 10
147.451821
 20
100.84788
 30
0.0
 11
147.451921
 21
100.84788
 31
0.0
210
0.0
220
1.0
230
0.0
  0
LINE
  5
169D
330
70
100
AcDbEntity
  8
Visible
100
AcDbLine
 10
147.451821
 20
100.989286
 30
0.0
 11
147.451921
 21
100.989286
 31
0.0
210
0.0
220
1.0
230
0.0
  0
LINE
  5
169E
330
70
100
AcDbEntity
  8
Visible
100
AcDbLine
 10
147.651921
 20
99.58273
 30
0.0
 11
147.851921
 21
99.58273
 31
0.0
210
0.0
220
1.0
230
0.0
  0
LINE
  5
169F
330
70
100
AcDbEntity
  8
Visible
100
AcDbLine
 10
147.851921
 20
99.73273
 30
0.0
 11
147.651921
 21
99.73273
 31
0.0
210
0.0
220
1.0
230
0.0
  0
LINE
  5
16A0
330
70
100
AcDbEntity
  8
Visible
100
AcDbLine
 10
147.651921
 20
101.810073
 30
0.0
 11
147.851921
 21
101.810073
 31
0.0
210
0.0
220
1.0
230
0.0
  0
LINE
  5
16A1
330
70
100
AcDbEntity
  8
Visible
100
AcDbLine
 10
147.851921
 20
101.960073
 30
0.0
 11
147.651921
 21
101.960073
 31
0.0
210
0.0
220
1.0
230
0.0
  0
LINE
  5
16A2
330
70
100
AcDbEntity
  8
Visible
100
AcDbLine
 10
148.040593
 20
99.58273
 30
0.0
 11
147.851921
 21
99.58273
 31
0.0
210
0.0
220
1.0
230
0.0
  0
LINE
  5
16A3
330
70
100
AcDbEntity
  8
Visible
100
AcDbLine
 10
147.890593
 20
99.73273
 30
0.0
 11
147.851921
 21
99.73273
 31
0.0
210
0.0
220
1.0
230
0.0
  0
LINE
  5
16A4
330
70
100
AcDbEntity
  8
Visible
100
AcDbLine
 10
147.890593
 20
101.810073
 30
0.0
 11
147.851921
 21
101.810073
 31
0.0
210
0.0
220
1.0
230
0.0
  0
LINE
  5
16A5
330
70
100
AcDbEntity
  8
Visible
100
AcDbLine
 10
148.040593
 20
101.960073
 30
0.0
 11
147.851921
 21
101.960073
 31
0.0
210
0.0
220
1.0
230
0.0
  0
LINE
  5
16A6
330
70
100
AcDbEntity
  8
Visible
100
AcDbLine
 10
147.451821
 20
100.684113
 30
0.0
 11
147.451921
 21
100.684113
 31
0.0
210
0.0
220
1.0
230
0.0
  0
LINE
  5
16A7
330
70
100
AcDbEntity
  8
Visible
100
AcDbLine
 10
147.451821
 20
100.519156
 30
0.0
 11
147.451921
 21
100.519156
 31
0.0
210
0.0
220
1.0
230
0.0
  0
LINE
  5
16A8
330
70
100
AcDbEntity
  8
Visible
100
AcDbLine
 10
147.451821
 20
100.629599
 30
0.0
 11
147.451921
 21
100.629599
 31
0.0
210
0.0
220
1.0
230
0.0
  0
LINE
  5
16A9
330
70
100
AcDbEntity
  8
Visible
100
AcDbLine
 10
147.451821
 20
100.436941
 30
0.0
 11
147.451921
 21
100.436941
 31
0.0
210
0.0
220
1.0
230
0.0
  0
LINE
  5
16AA
330
70
100
AcDbEntity
  8
Visible
100
AcDbLine
 10
147.451821
 20
101.076959
 30
0.0
 11
147.451921
 21
101.076959
 31
0.0
210
0.0
220
1.0
230
0.0
  0
LINE
  5
16AB
330
70
100
AcDbEntity
  8
Visible
100
AcDbLine
 10
153.65688
 20
106.183375
 30
0.0
 11
153.65688
 21
105.883375
 31
0.0
210
0.0
220
1.0
230
0.0
  0
LINE
  5
16AC
330
70
100
AcDbEntity
  8
Visible
100
AcDbLine
 10
153.65688
 20
105.883375
 30
0.0
 11
156.15688
 21
105.883375
 31
0.0
210
0.0
220
1.0
230
0.0
  0
LINE
  5
16AD
330
70
100
AcDbEntity
  8
Visible
100
AcDbLine
 10
156.15688
 20
105.883375
 30
0.0
 11
156.15688
 21
108.583375
 31
0.0
210
0.0
220
1.0
230
0.0
  0
LINE
  5
16AE
330
70
100
AcDbEntity
  8
Visible
100
AcDbLine
 10
156.15688
 20
108.583375
 30
0.0
 11
155.85688
 21
108.583375
 31
0.0
210
0.0
220
1.0
230
0.0
  0
LINE
  5
16AF
330
70
100
AcDbEntity
  8
Visible
100
AcDbLine
 10
155.85688
 20
108.583375
 30
0.0
 11
155.85688
 21
107.983375
 31
0.0
210
0.0
220
1.0
230
0.0
  0
LINE
  5
16B0
330
70
100
AcDbEntity
  8
Visible
100
AcDbLine
 10
155.85688
 20
107.283375
 30
0.0
 11
155.85688
 21
107.983375
 31
0.0
210
0.0
220
1.0
230
0.0
  0
LINE
  5
16B1
330
70
100
AcDbEntity
  8
Visible
100
AcDbLine
 10
155.85688
 20
107.283375
 30
0.0
 11
155.85688
 21
106.183375
 31
0.0
210
0.0
220
1.0
230
0.0
  0
LINE
  5
16B2
330
70
100
AcDbEntity
  8
Visible
100
AcDbLine
 10
155.85688
 20
106.183375
 30
0.0
 11
153.65688
 21
106.183375
 31
0.0
210
0.0
220
1.0
230
0.0
  0
LINE
  5
16B3
330
70
100
AcDbEntity
  8
Visible
100
AcDbLine
 10
153.65688
 20
106.183375
 30
0.0
 11
153.65688
 21
106.383375
 31
0.0
210
0.0
220
1.0
230
0.0
  0
LINE
  5
16B4
330
70
100
AcDbEntity
  8
Visible
100
AcDbLine
 10
155.65688
 20
106.383375
 30
0.0
 11
155.85688
 21
106.183375
 31
0.0
210
0.0
220
1.0
230
0.0
  0
LINE
  5
16B5
330
70
100
AcDbEntity
  8
Visible
100
AcDbLine
 10
153.65688
 20
106.383375
 30
0.0
 11
155.65688
 21
106.383375
 31
0.0
210
0.0
220
1.0
230
0.0
  0
LINE
  5
16B6
330
70
100
AcDbEntity
  8
Visible
100
AcDbLine
 10
151.15688
 20
108.583375
 30
0.0
 11
151.53188
 21
108.583375
 31
0.0
210
0.0
220
1.0
230
0.0
  0
LINE
  5
16B7
330
70
100
AcDbEntity
  8
Visible
100
AcDbLine
 10
151.53188
 20
108.583375
 30
0.0
 11
151.53188
 21
109.083375
 31
0.0
210
0.0
220
1.0
230
0.0
  0
LINE
  5
16B8
330
70
100
AcDbEntity
  8
Visible
100
AcDbLine
 10
151.53188
 20
109.083375
 30
0.0
 11
150.65688
 21
109.083375
 31
0.0
210
0.0
220
1.0
230
0.0
  0
LINE
  5
16B9
330
70
100
AcDbEntity
  8
Visible
100
AcDbLine
 10
150.65688
 20
108.583375
 30
0.0
 11
150.65688
 21
109.083375
 31
0.0
210
0.0
220
1.0
230
0.0
  0
LINE
  5
16BA
330
70
100
AcDbEntity
  8
Visible
100
AcDbLine
 10
151.15688
 20
108.583375
 30
0.0
 11
151.15688
 21
107.983375
 31
0.0
210
0.0
220
1.0
230
0.0
  0
LINE
  5
16BB
330
70
100
AcDbEntity
  8
Visible
100
AcDbLine
 10
151.15688
 20
108.583375
 30
0.0
 11
150.95688
 21
108.583375
 31
0.0
210
0.0
220
1.0
230
0.0
  0
LINE
  5
16BC
330
70
100
AcDbEntity
  8
Visible
100
AcDbLine
 10
150.95688
 20
107.983375
 30
0.0
 11
150.95688
 21
108.583375
 31
0.0
210
0.0
220
1.0
230
0.0
  0
LINE
  5
16BD
330
70
100
AcDbEntity
  8
Visible
100
AcDbLine
 10
150.95688
 20
107.983375
 30
0.0
 11
151.15688
 21
107.983375
 31
0.0
210
0.0
220
1.0
230
0.0
  0
LINE
  5
16BE
330
70
100
AcDbEntity
  8
Visible
100
AcDbLine
 10
155.85688
 20
108.583375
 30
0.0
 11
155.65688
 21
108.583375
 31
0.0
210
0.0
220
1.0
230
0.0
  0
LINE
  5
16BF
330
70
100
AcDbEntity
  8
Visible
100
AcDbLine
 10
155.65688
 20
107.983375
 30
0.0
 11
155.65688
 21
108.583375
 31
0.0
210
0.0
220
1.0
230
0.0
  0
LINE
  5
16C0
330
70
100
AcDbEntity
  8
Visible
100
AcDbLine
 10
155.85688
 20
107.983375
 30
0.0
 11
155.65688
 21
107.983375
 31
0.0
210
0.0
220
1.0
230
0.0
  0
LINE
  5
16C1
330
70
100
AcDbEntity
  8
Visible
100
AcDbLine
 10
153.15688
 20
106.183375
 30
0.0
 11
153.15688
 21
105.883375
 31
0.0
210
0.0
220
1.0
230
0.0
  0
LINE
  5
16C2
330
70
100
AcDbEntity
  8
Visible
100
AcDbLine
 10
153.15688
 20
106.183375
 30
0.0
 11
150.95688
 21
106.183375
 31
0.0
210
0.0
220
1.0
230
0.0
  0
LINE
  5
16C3
330
70
100
AcDbEntity
  8
Visible
100
AcDbLine
 10
150.95688
 20
106.183375
 30
0.0
 11
150.95688
 21
107.283375
 31
0.0
210
0.0
220
1.0
230
0.0
  0
LINE
  5
16C4
330
70
100
AcDbEntity
  8
Visible
100
AcDbLine
 10
150.95688
 20
107.283375
 30
0.0
 11
150.95688
 21
107.983375
 31
0.0
210
0.0
220
1.0
230
0.0
  0
LINE
  5
16C5
330
70
100
AcDbEntity
  8
Visible
100
AcDbLine
 10
150.95688
 20
108.583375
 30
0.0
 11
150.65688
 21
108.583375
 31
0.0
210
0.0
220
1.0
230
0.0
  0
LINE
  5
16C6
330
70
100
AcDbEntity
  8
Visible
100
AcDbLine
 10
150.65688
 20
108.583375
 30
0.0
 11
150.65688
 21
105.883375
 31
0.0
210
0.0
220
1.0
230
0.0
  0
LINE
  5
16C7
330
70
100
AcDbEntity
  8
Visible
100
AcDbLine
 10
150.65688
 20
105.883375
 30
0.0
 11
153.15688
 21
105.883375
 31
0.0
210
0.0
220
1.0
230
0.0
  0
LINE
  5
16C8
330
70
100
AcDbEntity
  8
Visible
100
AcDbLine
 10
151.15688
 20
107.283375
 30
0.0
 11
151.15688
 21
106.383375
 31
0.0
210
0.0
220
1.0
230
0.0
  0
LINE
  5
16C9
330
70
100
AcDbEntity
  8
Visible
100
AcDbLine
 10
151.15688
 20
107.283375
 30
0.0
 11
150.95688
 21
107.283375
 31
0.0
210
0.0
220
1.0
230
0.0
  0
LINE
  5
16CA
330
70
100
AcDbEntity
  8
Visible
100
AcDbLine
 10
150.95688
 20
106.183375
 30
0.0
 11
151.15688
 21
106.383375
 31
0.0
210
0.0
220
1.0
230
0.0
  0
LINE
  5
16CB
330
70
100
AcDbEntity
  8
Visible
100
AcDbLine
 10
153.15688
 20
105.883375
 30
0.0
 11
153.65688
 21
105.883375
 31
0.0
210
0.0
220
1.0
230
0.0
  0
LINE
  5
16CC
330
70
100
AcDbEntity
  8
Visible
100
AcDbLine
 10
156.15688
 20
108.583375
 30
0.0
 11
156.15688
 21
109.083375
 31
0.0
210
0.0
220
1.0
230
0.0
  0
LINE
  5
16CD
330
70
100
AcDbEntity
  8
Visible
100
AcDbLine
 10
155.28188
 20
109.083375
 30
0.0
 11
151.53188
 21
109.083375
 31
0.0
210
0.0
220
1.0
230
0.0
  0
LINE
  5
16CE
330
70
100
AcDbEntity
  8
Visible
100
AcDbLine
 10
156.15688
 20
109.083375
 30
0.0
 11
155.28188
 21
109.083375
 31
0.0
210
0.0
220
1.0
230
0.0
  0
LINE
  5
16CF
330
70
100
AcDbEntity
  8
Visible
100
AcDbLine
 10
155.28188
 20
108.583375
 30
0.0
 11
151.53188
 21
108.583375
 31
0.0
210
0.0
220
1.0
230
0.0
  0
LINE
  5
16D0
330
70
100
AcDbEntity
  8
Visible
100
AcDbLine
 10
155.28188
 20
108.583375
 30
0.0
 11
155.65688
 21
108.583375
 31
0.0
210
0.0
220
1.0
230
0.0
  0
LINE
  5
16D1
330
70
100
AcDbEntity
  8
Visible
100
AcDbLine
 10
155.65688
 20
106.383375
 30
0.0
 11
155.65688
 21
107.283375
 31
0.0
210
0.0
220
1.0
230
0.0
  0
LINE
  5
16D2
330
70
100
AcDbEntity
  8
Visible
100
AcDbLine
 10
151.15688
 20
106.383375
 30
0.0
 11
153.15688
 21
106.383375
 31
0.0
210
0.0
220
1.0
230
0.0
  0
LINE
  5
16D3
330
70
100
AcDbEntity
  8
Visible
100
AcDbLine
 10
153.15688
 20
106.383375
 30
0.0
 11
153.65688
 21
106.383375
 31
0.0
210
0.0
220
1.0
230
0.0
  0
LINE
  5
16D4
330
70
100
AcDbEntity
  8
Visible
100
AcDbLine
 10
153.15688
 20
106.383375
 30
0.0
 11
153.15688
 21
106.183375
 31
0.0
210
0.0
220
1.0
230
0.0
  0
LINE
  5
16D5
330
70
100
AcDbEntity
  8
Visible
100
AcDbLine
 10
155.65688
 20
107.283375
 30
0.0
 11
155.85688
 21
107.283375
 31
0.0
210
0.0
220
1.0
230
0.0
  0
LINE
  5
16D6
330
70
100
AcDbEntity
  8
Visible
100
AcDbLine
 10
153.366071
 20
107.474184
 30
0.0
 11
153.366071
 21
106.892566
 31
0.0
210
0.0
220
1.0
230
0.0
  0
LINE
  5
16D7
330
70
100
AcDbEntity
  8
Visible
100
AcDbLine
 10
153.366071
 20
106.892566
 30
0.0
 11
153.447689
 21
106.892566
 31
0.0
210
0.0
220
1.0
230
0.0
  0
LINE
  5
16D8
330
70
100
AcDbEntity
  8
Visible
100
AcDbLine
 10
153.447689
 20
106.892566
 30
0.0
 11
153.447689
 21
107.474184
 31
0.0
210
0.0
220
1.0
230
0.0
  0
LINE
  5
16D9
330
70
100
AcDbEntity
  8
Visible
100
AcDbLine
 10
153.447689
 20
107.474184
 30
0.0
 11
153.366071
 21
107.474184
 31
0.0
210
0.0
220
1.0
230
0.0
  0
LINE
  5
16DA
330
70
100
AcDbEntity
  8
Visible
100
AcDbLine
 10
153.25688
 20
107.583375
 30
0.0
 11
153.55688
 21
107.583375
 31
0.0
210
0.0
220
1.0
230
0.0
  0
LINE
  5
16DB
330
70
100
AcDbEntity
  8
Visible
100
AcDbLine
 10
153.55688
 20
106.783375
 30
0.0
 11
153.25688
 21
106.783375
 31
0.0
210
0.0
220
1.0
230
0.0
  0
LINE
  5
16DC
330
70
100
AcDbEntity
  8
Visible
100
AcDbLine
 10
153.25688
 20
106.783375
 30
0.0
 11
153.25688
 21
107.583375
 31
0.0
210
0.0
220
1.0
230
0.0
  0
LINE
  5
16DD
330
70
100
AcDbEntity
  8
Visible
100
AcDbLine
 10
153.55688
 20
107.583375
 30
0.0
 11
153.55688
 21
106.783375
 31
0.0
210
0.0
220
1.0
230
0.0
  0
LINE
  5
16DE
330
70
100
AcDbEntity
  8
Visible
100
AcDbLine
 10
153.55688
 20
107.583375
 30
0.0
 11
153.447689
 21
107.474184
 31
0.0
210
0.0
220
1.0
230
0.0
  0
LINE
  5
16DF
330
70
100
AcDbEntity
  8
Visible
100
AcDbLine
 10
153.366071
 20
107.474184
 30
0.0
 11
153.25688
 21
107.583375
 31
0.0
210
0.0
220
1.0
230
0.0
  0
LINE
  5
16E0
330
70
100
AcDbEntity
  8
Visible
100
AcDbLine
 10
153.366071
 20
106.892566
 30
0.0
 11
153.25688
 21
106.783375
 31
0.0
210
0.0
220
1.0
230
0.0
  0
LINE
  5
16E1
330
70
100
AcDbEntity
  8
Visible
100
AcDbLine
 10
153.55688
 20
106.783375
 30
0.0
 11
153.447689
 21
106.892566
 31
0.0
210
0.0
220
1.0
230
0.0
  0
LINE
  5
16E2
330
70
100
AcDbEntity
  8
Visible
100
AcDbLine
 10
152.116071
 20
107.474184
 30
0.0
 11
152.116071
 21
106.892566
 31
0.0
210
0.0
220
1.0
230
0.0
  0
LINE
  5
16E3
330
70
100
AcDbEntity
  8
Visible
100
AcDbLine
 10
152.116071
 20
106.892566
 30
0.0
 11
152.197689
 21
106.892566
 31
0.0
210
0.0
220
1.0
230
0.0
  0
LINE
  5
16E4
330
70
100
AcDbEntity
  8
Visible
100
AcDbLine
 10
152.197689
 20
106.892566
 30
0.0
 11
152.197689
 21
107.474184
 31
0.0
210
0.0
220
1.0
230
0.0
  0
LINE
  5
16E5
330
70
100
AcDbEntity
  8
Visible
100
AcDbLine
 10
152.197689
 20
107.474184
 30
0.0
 11
152.116071
 21
107.474184
 31
0.0
210
0.0
220
1.0
230
0.0
  0
LINE
  5
16E6
330
70
100
AcDbEntity
  8
Visible
100
AcDbLine
 10
152.00688
 20
107.583375
 30
0.0
 11
152.30688
 21
107.583375
 31
0.0
210
0.0
220
1.0
230
0.0
  0
LINE
  5
16E7
330
70
100
AcDbEntity
  8
Visible
100
AcDbLine
 10
152.30688
 20
106.783375
 30
0.0
 11
152.00688
 21
106.783375
 31
0.0
210
0.0
220
1.0
230
0.0
  0
LINE
  5
16E8
330
70
100
AcDbEntity
  8
Visible
100
AcDbLine
 10
152.00688
 20
106.783375
 30
0.0
 11
152.00688
 21
107.583375
 31
0.0
210
0.0
220
1.0
230
0.0
  0
LINE
  5
16E9
330
70
100
AcDbEntity
  8
Visible
100
AcDbLine
 10
152.30688
 20
107.583375
 30
0.0
 11
152.30688
 21
106.783375
 31
0.0
210
0.0
220
1.0
230
0.0
  0
LINE
  5
16EA
330
70
100
AcDbEntity
  8
Visible
100
AcDbLine
 10
154.616071
 20
107.474184
 30
0.0
 11
154.616071
 21
106.892566
 31
0.0
210
0.0
220
1.0
230
0.0
  0
LINE
  5
16EB
330
70
100
AcDbEntity
  8
Visible
100
AcDbLine
 10
154.616071
 20
106.892566
 30
0.0
 11
154.697689
 21
106.892566
 31
0.0
210
0.0
220
1.0
230
0.0
  0
LINE
  5
16EC
330
70
100
AcDbEntity
  8
Visible
100
AcDbLine
 10
154.697689
 20
106.892566
 30
0.0
 11
154.697689
 21
107.474184
 31
0.0
210
0.0
220
1.0
230
0.0
  0
LINE
  5
16ED
330
70
100
AcDbEntity
  8
Visible
100
AcDbLine
 10
154.697689
 20
107.474184
 30
0.0
 11
154.616071
 21
107.474184
 31
0.0
210
0.0
220
1.0
230
0.0
  0
LINE
  5
16EE
330
70
100
AcDbEntity
  8
Visible
100
AcDbLine
 10
154.50688
 20
107.583375
 30
0.0
 11
154.80688
 21
107.583375
 31
0.0
210
0.0
220
1.0
230
0.0
  0
LINE
  5
16EF
330
70
100
AcDbEntity
  8
Visible
100
AcDbLine
 10
154.80688
 20
106.783375
 30
0.0
 11
154.50688
 21
106.783375
 31
0.0
210
0.0
220
1.0
230
0.0
  0
LINE
  5
16F0
330
70
100
AcDbEntity
  8
Visible
100
AcDbLine
 10
154.50688
 20
106.783375
 30
0.0
 11
154.50688
 21
107.583375
 31
0.0
210
0.0
220
1.0
230
0.0
  0
LINE
  5
16F1
330
70
100
AcDbEntity
  8
Visible
100
AcDbLine
 10
154.80688
 20
107.583375
 30
0.0
 11
154.80688
 21
106.783375
 31
0.0
210
0.0
220
1.0
230
0.0
  0
LINE
  5
16F2
330
70
100
AcDbEntity
  8
Visible
100
AcDbLine
 10
152.30688
 20
107.583375
 30
0.0
 11
152.197689
 21
107.474184
 31
0.0
210
0.0
220
1.0
230
0.0
  0
LINE
  5
16F3
330
70
100
AcDbEntity
  8
Visible
100
AcDbLine
 10
152.116071
 20
107.474184
 30
0.0
 11
152.00688
 21
107.583375
 31
0.0
210
0.0
220
1.0
230
0.0
  0
LINE
  5
16F4
330
70
100
AcDbEntity
  8
Visible
100
AcDbLine
 10
152.116071
 20
106.892566
 30
0.0
 11
152.00688
 21
106.783375
 31
0.0
210
0.0
220
1.0
230
0.0
  0
LINE
  5
16F5
330
70
100
AcDbEntity
  8
Visible
100
AcDbLine
 10
152.30688
 20
106.783375
 30
0.0
 11
152.197689
 21
106.892566
 31
0.0
210
0.0
220
1.0
230
0.0
  0
LINE
  5
16F6
330
70
100
AcDbEntity
  8
Visible
100
AcDbLine
 10
154.80688
 20
107.583375
 30
0.0
 11
154.697689
 21
107.474184
 31
0.0
210
0.0
220
1.0
230
0.0
  0
LINE
  5
16F7
330
70
100
AcDbEntity
  8
Visible
100
AcDbLine
 10
154.616071
 20
107.474184
 30
0.0
 11
154.50688
 21
107.583375
 31
0.0
210
0.0
220
1.0
230
0.0
  0
LINE
  5
16F8
330
70
100
AcDbEntity
  8
Visible
100
AcDbLine
 10
154.616071
 20
106.892566
 30
0.0
 11
154.50688
 21
106.783375
 31
0.0
210
0.0
220
1.0
230
0.0
  0
LINE
  5
16F9
330
70
100
AcDbEntity
  8
Visible
100
AcDbLine
 10
154.80688
 20
106.783375
 30
0.0
 11
154.697689
 21
106.892566
 31
0.0
210
0.0
220
1.0
230
0.0
  0
LINE
  5
16FA
330
70
100
AcDbEntity
  8
Visible
100
AcDbLine
 10
155.28188
 20
109.083375
 30
0.0
 11
155.28188
 21
108.583375
 31
0.0
210
0.0
220
1.0
230
0.0
  0
LINE
  5
16FB
330
70
100
AcDbEntity
  8
Visible
100
AcDbLine
 10
150.65588
 20
107.075927
 30
0.0
 11
150.65688
 21
107.075927
 31
0.0
210
0.0
220
1.0
230
0.0
  0
LINE
  5
16FC
330
70
100
AcDbEntity
  8
Visible
100
AcDbLine
 10
150.65588
 20
107.075927
 30
0.0
 11
150.65588
 21
107.132625
 31
0.0
210
0.0
220
1.0
230
0.0
  0
LINE
  5
16FD
330
70
100
AcDbEntity
  8
Visible
100
AcDbLine
 10
150.65588
 20
107.132625
 30
0.0
 11
150.65688
 21
107.132625
 31
0.0
210
0.0
220
1.0
230
0.0
  0
LINE
  5
16FE
330
70
100
AcDbEntity
  8
Visible
100
AcDbLine
 10
150.65588
 20
107.151003
 30
0.0
 11
150.65688
 21
107.151003
 31
0.0
210
0.0
220
1.0
230
0.0
  0
LINE
  5
16FF
330
70
100
AcDbEntity
  8
Visible
100
AcDbLine
 10
150.65588
 20
107.132625
 30
0.0
 11
150.65588
 21
107.151003
 31
0.0
210
0.0
220
1.0
230
0.0
  0
LINE
  5
1700
330
70
100
AcDbEntity
  8
Visible
100
AcDbLine
 10
150.65588
 20
106.963514
 30
0.0
 11
150.65688
 21
106.963514
 31
0.0
210
0.0
220
1.0
230
0.0
  0
LINE
  5
1701
330
70
100
AcDbEntity
  8
Visible
100
AcDbLine
 10
150.65588
 20
106.997249
 30
0.0
 11
150.65588
 21
106.963514
 31
0.0
210
0.0
220
1.0
230
0.0
  0
LINE
  5
1702
330
70
100
AcDbEntity
  8
Visible
100
AcDbLine
 10
150.65588
 20
106.997249
 30
0.0
 11
150.65588
 21
107.049543
 31
0.0
210
0.0
220
1.0
230
0.0
  0
LINE
  5
1703
330
70
100
AcDbEntity
  8
Visible
100
AcDbLine
 10
150.65588
 20
107.070104
 30
0.0
 11
150.65688
 21
107.070104
 31
0.0
210
0.0
220
1.0
230
0.0
  0
LINE
  5
1704
330
70
100
AcDbEntity
  8
Visible
100
AcDbLine
 10
150.65588
 20
107.049543
 30
0.0
 11
150.65588
 21
107.070104
 31
0.0
210
0.0
220
1.0
230
0.0
  0
LINE
  5
1705
330
70
100
AcDbEntity
  8
Visible
100
AcDbLine
 10
150.65588
 20
106.858451
 30
0.0
 11
150.65688
 21
106.858451
 31
0.0
210
0.0
220
1.0
230
0.0
  0
LINE
  5
1706
330
70
100
AcDbEntity
  8
Visible
100
AcDbLine
 10
150.65588
 20
106.858451
 30
0.0
 11
150.65588
 21
106.86169
 31
0.0
210
0.0
220
1.0
230
0.0
  0
LINE
  5
1707
330
70
100
AcDbEntity
  8
Visible
100
AcDbLine
 10
150.65588
 20
106.86169
 30
0.0
 11
150.65688
 21
106.86169
 31
0.0
210
0.0
220
1.0
230
0.0
  0
LINE
  5
1708
330
70
100
AcDbEntity
  8
Visible
100
AcDbLine
 10
150.65588
 20
106.935019
 30
0.0
 11
150.65688
 21
106.935019
 31
0.0
210
0.0
220
1.0
230
0.0
  0
LINE
  5
1709
330
70
100
AcDbEntity
  8
Visible
100
AcDbLine
 10
150.65588
 20
106.86169
 30
0.0
 11
150.65588
 21
106.935019
 31
0.0
210
0.0
220
1.0
230
0.0
  0
LINE
  5
170A
330
70
100
AcDbEntity
  8
Visible
100
AcDbLine
 10
150.65588
 20
106.715651
 30
0.0
 11
150.65588
 21
106.737122
 31
0.0
210
0.0
220
1.0
230
0.0
  0
LINE
  5
170B
330
70
100
AcDbEntity
  8
Visible
100
AcDbLine
 10
150.65588
 20
106.737122
 30
0.0
 11
150.65588
 21
106.790945
 31
0.0
210
0.0
220
1.0
230
0.0
  0
LINE
  5
170C
330
70
100
AcDbEntity
  8
Visible
100
AcDbLine
 10
150.65588
 20
106.790945
 30
0.0
 11
150.65588
 21
106.831558
 31
0.0
210
0.0
220
1.0
230
0.0
  0
LINE
  5
170D
330
70
100
AcDbEntity
  8
Visible
100
AcDbLine
 10
150.65588
 20
106.715651
 30
0.0
 11
150.65688
 21
106.715651
 31
0.0
210
0.0
220
1.0
230
0.0
  0
LINE
  5
170E
330
70
100
AcDbEntity
  8
Visible
100
AcDbLine
 10
150.65588
 20
106.831558
 30
0.0
 11
150.65688
 21
106.831558
 31
0.0
210
0.0
220
1.0
230
0.0
  0
LINE
  5
170F
330
70
100
AcDbEntity
  8
Visible
100
AcDbLine
 10
150.65588
 20
106.579656
 30
0.0
 11
150.65588
 21
106.633879
 31
0.0
210
0.0
220
1.0
230
0.0
  0
LINE
  5
1710
330
70
100
AcDbEntity
  8
Visible
100
AcDbLine
 10
150.65588
 20
106.633879
 30
0.0
 11
150.65588
 21
106.653531
 31
0.0
210
0.0
220
1.0
230
0.0
  0
LINE
  5
1711
330
70
100
AcDbEntity
  8
Visible
100
AcDbLine
 10
150.65588
 20
106.653531
 30
0.0
 11
150.65588
 21
106.707754
 31
0.0
210
0.0
220
1.0
230
0.0
  0
LINE
  5
1712
330
70
100
AcDbEntity
  8
Visible
100
AcDbLine
 10
150.65588
 20
106.633879
 30
0.0
 11
150.65688
 21
106.633879
 31
0.0
210
0.0
220
1.0
230
0.0
  0
LINE
  5
1713
330
70
100
AcDbEntity
  8
Visible
100
AcDbLine
 10
150.65588
 20
106.579656
 30
0.0
 11
150.65688
 21
106.579656
 31
0.0
210
0.0
220
1.0
230
0.0
  0
LINE
  5
1714
330
70
100
AcDbEntity
  8
Visible
100
AcDbLine
 10
150.65588
 20
106.653531
 30
0.0
 11
150.65688
 21
106.653531
 31
0.0
210
0.0
220
1.0
230
0.0
  0
LINE
  5
1715
330
70
100
AcDbEntity
  8
Visible
100
AcDbLine
 10
150.65588
 20
106.707754
 30
0.0
 11
150.65688
 21
106.707754
 31
0.0
210
0.0
220
1.0
230
0.0
  0
LINE
  5
1716
330
70
100
AcDbEntity
  8
Visible
100
AcDbLine
 10
150.65588
 20
107.074435
 30
0.0
 11
150.65688
 21
107.074435
 31
0.0
210
0.0
220
1.0
230
0.0
  0
LINE
  5
1717
330
70
100
AcDbEntity
  8
Visible
100
AcDbLine
 10
150.65588
 20
107.074435
 30
0.0
 11
150.65588
 21
107.075927
 31
0.0
210
0.0
220
1.0
230
0.0
  0
LINE
  5
1718
330
70
100
AcDbEntity
  8
Visible
100
AcDbLine
 10
150.65588
 20
106.951504
 30
0.0
 11
150.65688
 21
106.951504
 31
0.0
210
0.0
220
1.0
230
0.0
  0
SPLINE
  5
1719
330
70
100
AcDbEntity
  8
Visible
100
AcDbSpline
210
0.0
220
0.0
230
1.0
 70
    24
 71
     3
 72
     8
 73
     4
 74
     0
 42
0.000000001
 43
0.0000000001
 40
0.9960011515148051
 40
0.9960011515148051
 40
0.9960011515148051
 40
0.9960011515148051
 40
1.0
 40
1.0
 40
1.0
 40
1.0
 10
150.6558802740383
 20
106.9513951981915
 30
0.000000000001819
 10
150.6558802740383
 20
106.9514316001963
 30
0.000000000001819
 10
150.6558802740383
 20
106.9514679917218
 30
0.000000000001819
 10
150.6558802740383
 20
106.9515043727725
 30
0.000000000001819
  0
LINE
  5
171A
330
70
100
AcDbEntity
  8
Visible
100
AcDbLine
 10
150.65588
 20
106.935019
 30
0.0
 11
150.65588
 21
106.939968
 31
0.0
210
0.0
220
1.0
230
0.0
  0
LINE
  5
171B
330
70
100
AcDbEntity
  8
Visible
100
AcDbLine
 10
150.65588
 20
106.951395
 30
0.0
 11
150.65688
 21
106.951395
 31
0.0
210
0.0
220
1.0
230
0.0
  0
LINE
  5
171C
330
70
100
AcDbEntity
  8
Visible
100
AcDbLine
 10
150.65588
 20
106.939968
 30
0.0
 11
150.65588
 21
106.951395
 31
0.0
210
0.0
220
1.0
230
0.0
  0
LINE
  5
171D
330
70
100
AcDbEntity
  8
Visible
100
AcDbLine
 10
150.65588
 20
106.853611
 30
0.0
 11
150.65688
 21
106.853611
 31
0.0
210
0.0
220
1.0
230
0.0
  0
LINE
  5
171E
330
70
100
AcDbEntity
  8
Visible
100
AcDbLine
 10
150.65588
 20
106.831558
 30
0.0
 11
150.65588
 21
106.853611
 31
0.0
210
0.0
220
1.0
230
0.0
  0
LINE
  5
171F
330
70
100
AcDbEntity
  8
Visible
100
AcDbLine
 10
150.65588
 20
106.853611
 30
0.0
 11
150.65588
 21
106.858451
 31
0.0
210
0.0
220
1.0
230
0.0
  0
LINE
  5
1720
330
70
100
AcDbEntity
  8
Visible
100
AcDbLine
 10
150.65588
 20
106.707754
 30
0.0
 11
150.65588
 21
106.715651
 31
0.0
210
0.0
220
1.0
230
0.0
  0
LINE
  5
1721
330
70
100
AcDbEntity
  8
Visible
100
AcDbLine
 10
150.65588
 20
106.537369
 30
0.0
 11
150.65588
 21
106.55884
 31
0.0
210
0.0
220
1.0
230
0.0
  0
LINE
  5
1722
330
70
100
AcDbEntity
  8
Visible
100
AcDbLine
 10
150.65588
 20
106.55884
 30
0.0
 11
150.65588
 21
106.579656
 31
0.0
210
0.0
220
1.0
230
0.0
  0
LINE
  5
1723
330
70
100
AcDbEntity
  8
Visible
100
AcDbLine
 10
150.65588
 20
106.537369
 30
0.0
 11
150.65688
 21
106.537369
 31
0.0
210
0.0
220
1.0
230
0.0
  0
LINE
  5
1724
330
70
100
AcDbEntity
  8
Visible
100
AcDbLine
 10
150.65588
 20
106.401374
 30
0.0
 11
150.65588
 21
106.455597
 31
0.0
210
0.0
220
1.0
230
0.0
  0
LINE
  5
1725
330
70
100
AcDbEntity
  8
Visible
100
AcDbLine
 10
150.65588
 20
106.455597
 30
0.0
 11
150.65588
 21
106.475248
 31
0.0
210
0.0
220
1.0
230
0.0
  0
LINE
  5
1726
330
70
100
AcDbEntity
  8
Visible
100
AcDbLine
 10
150.65588
 20
106.475248
 30
0.0
 11
150.65588
 21
106.529472
 31
0.0
210
0.0
220
1.0
230
0.0
  0
LINE
  5
1727
330
70
100
AcDbEntity
  8
Visible
100
AcDbLine
 10
150.65588
 20
106.455597
 30
0.0
 11
150.65688
 21
106.455597
 31
0.0
210
0.0
220
1.0
230
0.0
  0
LINE
  5
1728
330
70
100
AcDbEntity
  8
Visible
100
AcDbLine
 10
150.65588
 20
106.401374
 30
0.0
 11
150.65688
 21
106.401374
 31
0.0
210
0.0
220
1.0
230
0.0
  0
LINE
  5
1729
330
70
100
AcDbEntity
  8
Visible
100
AcDbLine
 10
150.65588
 20
106.475248
 30
0.0
 11
150.65688
 21
106.475248
 31
0.0
210
0.0
220
1.0
230
0.0
  0
LINE
  5
172A
330
70
100
AcDbEntity
  8
Visible
100
AcDbLine
 10
150.65588
 20
106.529472
 30
0.0
 11
150.65688
 21
106.529472
 31
0.0
210
0.0
220
1.0
230
0.0
  0
LINE
  5
172B
330
70
100
AcDbEntity
  8
Visible
100
AcDbLine
 10
150.65588
 20
107.267596
 30
0.0
 11
150.65588
 21
107.367803
 31
0.0
210
0.0
220
1.0
230
0.0
  0
LINE
  5
172C
330
70
100
AcDbEntity
  8
Visible
100
AcDbLine
 10
150.65588
 20
107.422461
 30
0.0
 11
150.65588
 21
107.367803
 31
0.0
210
0.0
220
1.0
230
0.0
  0
LINE
  5
172D
330
70
100
AcDbEntity
  8
Visible
100
AcDbLine
 10
150.65588
 20
107.560119
 30
0.0
 11
150.65588
 21
107.422461
 31
0.0
210
0.0
220
1.0
230
0.0
  0
LINE
  5
172E
330
70
100
AcDbEntity
  8
Visible
100
AcDbLine
 10
150.65588
 20
107.681582
 30
0.0
 11
150.65588
 21
107.560119
 31
0.0
210
0.0
220
1.0
230
0.0
  0
LINE
  5
172F
330
70
100
AcDbEntity
  8
Visible
100
AcDbLine
 10
150.65588
 20
107.681582
 30
0.0
 11
150.65588
 21
107.726118
 31
0.0
210
0.0
220
1.0
230
0.0
  0
LINE
  5
1730
330
70
100
AcDbEntity
  8
Visible
100
AcDbLine
 10
150.65588
 20
107.726118
 30
0.0
 11
150.65588
 21
107.749399
 31
0.0
210
0.0
220
1.0
230
0.0
  0
LINE
  5
1731
330
70
100
AcDbEntity
  8
Visible
100
AcDbLine
 10
150.65588
 20
107.865801
 30
0.0
 11
150.65588
 21
107.749399
 31
0.0
210
0.0
220
1.0
230
0.0
  0
LINE
  5
1732
330
70
100
AcDbEntity
  8
Visible
100
AcDbLine
 10
150.65588
 20
107.913374
 30
0.0
 11
150.65588
 21
107.865801
 31
0.0
210
0.0
220
1.0
230
0.0
  0
LINE
  5
1733
330
70
100
AcDbEntity
  8
Visible
100
AcDbLine
 10
150.65588
 20
107.367803
 30
0.0
 11
150.65688
 21
107.367803
 31
0.0
210
0.0
220
1.0
230
0.0
  0
LINE
  5
1734
330
70
100
AcDbEntity
  8
Visible
100
AcDbLine
 10
150.65588
 20
107.267596
 30
0.0
 11
150.65688
 21
107.267596
 31
0.0
210
0.0
220
1.0
230
0.0
  0
LINE
  5
1735
330
70
100
AcDbEntity
  8
Visible
100
AcDbLine
 10
150.65588
 20
107.422461
 30
0.0
 11
150.65688
 21
107.422461
 31
0.0
210
0.0
220
1.0
230
0.0
  0
LINE
  5
1736
330
70
100
AcDbEntity
  8
Visible
100
AcDbLine
 10
150.65588
 20
107.726118
 30
0.0
 11
150.65688
 21
107.726118
 31
0.0
210
0.0
220
1.0
230
0.0
  0
LINE
  5
1737
330
70
100
AcDbEntity
  8
Visible
100
AcDbLine
 10
150.65588
 20
107.913374
 30
0.0
 11
150.65688
 21
107.913374
 31
0.0
210
0.0
220
1.0
230
0.0
  0
CIRCLE
  5
1738
330
70
100
AcDbEntity
  8
Visible
100
AcDbCircle
 10
152.521162
 20
100.922075
 30
0.0
 40
0.1241137500000003
  0
SPLINE
  5
1739
330
70
100
AcDbEntity
  8
Visible
100
AcDbSpline
210
0.0
220
0.0
230
1.0
 70
     8
 71
     3
 72
    15
 73
    11
 74
     0
 42
0.000000001
 43
0.0000000001
 40
0.0
 40
0.0
 40
0.0
 40
0.0
 40
0.118472505015
 40
0.246924071128
 40
0.384861109401
 40
0.534071457583
 40
0.6784711903550001
 40
0.8039487796479999
 40
0.9105226275719999
 40
1.0
 40
1.0
 40
1.0
 40
1.0
 10
152.8674463607331
 20
101.1466796721545
 30
0.000000000001819
 10
152.8649064100009
 20
101.1467283561575
 30
0.000000000001819
 10
152.8596125658659
 20
101.1468298248655
 30
0.000000000001819
 10
152.8513928916691
 20
101.1476003519005
 30
0.000000000001819
 10
152.8425540949683
 20
101.1487296640885
 30
0.000000000001819
 10
152.8334379733896
 20
101.1503049165455
 30
0.000000000001819
 10
152.8246243255052
 20
101.1520919782895
 30
0.000000000001819
 10
152.8168807213696
 20
101.1543581260865
 30
0.000000000001819
 10
152.8103284028293
 20
101.1565754171205
 30
0.000000000001819
 10
152.8066449232064
 20
101.1586144921935
 30
0.000000000001819
 10
152.8049637907061
 20
101.1595451218495
 30
0.000000000001819
  0
LINE
  5
173A
330
70
100
AcDbEntity
  8
Visible
100
AcDbLine
 10
152.804964
 20
101.159545
 30
0.0
 11
152.804964
 21
101.195871
 31
0.0
210
0.0
220
1.0
230
0.0
  0
SPLINE
  5
173B
330
70
100
AcDbEntity
  8
Visible
100
AcDbSpline
210
0.0
220
0.0
230
1.0
 70
     8
 71
     3
 72
    15
 73
    11
 74
     0
 42
0.000000001
 43
0.0000000001
 40
0.0
 40
0.0
 40
0.0
 40
0.0
 40
0.108190563407
 40
0.223615427177
 40
0.348654075395
 40
0.483714820183
 40
0.6205070787680001
 40
0.751977221387
 40
0.877819220836
 40
1.0
 40
1.0
 40
1.0
 40
1.0
 10
152.8049637907061
 20
101.1958710974595
 30
0.000000000001819
 10
152.8069805995783
 20
101.1942945619745
 30
0.000000000001819
 10
152.811149073821
 20
101.1910360739445
 30
0.000000000001819
 10
152.8183045126079
 20
101.1868984272865
 30
0.000000000001819
 10
152.8263714992354
 20
101.1831751276305
 30
0.000000000001819
 10
152.8351948677682
 20
101.1799632811995
 30
0.000000000001819
 10
152.8443521381286
 20
101.1772751493415
 30
0.000000000001819
 10
152.8534874230208
 20
101.1754244069415
 30
0.000000000001819
 10
152.8623802804341
 20
101.1741341196825
 30
0.000000000001819
 10
152.8682461015923
 20
101.1739934502985
 30
0.000000000001819
 10
152.8711357176307
 20
101.1739241538615
 30
0.000000000001819
  0
SPLINE
  5
173C
330
70
100
AcDbEntity
  8
Visible
100
AcDbSpline
210
0.0
220
0.0
230
1.0
 70
     8
 71
     3
 72
    23
 73
    19
 74
     0
 42
0.000000001
 43
0.0000000001
 40
0.0
 40
0.0
 40
0.0
 40
0.0
 40
0.086747032741
 40
0.167816092553
 40
0.244172051397
 40
0.315274320423
 40
0.381557868497
 40
0.444292045636
 40
0.5037840455550001
 40
0.56004730446
 40
0.613818165292
 40
0.6663895251760001
 40
0.71816630997
 40
0.770102982283
 40
0.8239883795819999
 40
0.87934886913
 40
0.937998704003
 40
1.0
 40
1.0
 40
1.0
 40
1.0
 10
152.8711357176307
 20
101.1739241538615
 30
0.000000000001819
 10
152.8732332289164
 20
101.1739509802185
 30
0.000000000001819
 10
152.8772909601903
 20
101.1740028770305
 30
0.000000000001819
 10
152.8831856534307
 20
101.1744128319715
 30
0.000000000001819
 10
152.8886601830636
 20
101.1751851828785
 30
0.000000000001819
 10
152.8937392824919
 20
101.1761540732565
 30
0.000000000001819
 10
152.8984167248363
 20
101.1774196580035
 30
0.000000000001819
 10
152.9026850330483
 20
101.1790369985335
 30
0.000000000001819
 10
152.9065784789109
 20
101.1809135939955
 30
0.000000000001819
 10
152.9100623593658
 20
101.1830925516115
 30
0.000000000001819
 10
152.9131190517273
 20
101.1855796679155
 30
0.000000000001819
 10
152.915793223885
 20
101.1883261745485
 30
0.000000000001819
 10
152.9180376920394
 20
101.1913819321585
 30
0.000000000001819
 10
152.9198545752933
 20
101.1947447202295
 30
0.000000000001819
 10
152.921253953682
 20
101.1983912024225
 30
0.000000000001819
 10
152.9223160902111
 20
101.2023167628615
 30
0.000000000001819
 10
152.9229308971971
 20
101.2065412169325
 30
0.000000000001819
 10
152.9229918754063
 20
101.2094597955605
 30
0.000000000001819
 10
152.9230232114387
 20
101.2109596211835
 30
0.000000000001819
  0
SPLINE
  5
173D
330
70
100
AcDbEntity
  8
Visible
100
AcDbSpline
210
0.0
220
0.0
230
1.0
 70
     8
 71
     3
 72
    23
 73
    19
 74
     0
 42
0.000000001
 43
0.0000000001
 40
0.0
 40
0.0
 40
0.0
 40
0.0
 40
0.061436775596
 40
0.120786283623
 40
0.179529799813
 40
0.239083609676
 40
0.300045672963
 40
0.363684482169
 40
0.429063656517
 40
0.497600153655
 40
0.5362265512070001
 40
0.5822127616610001
 40
0.634304033694
 40
0.6935206447270001
 40
0.7596462065090001
 40
0.833191745162
 40
0.912881341932
 40
1.0
 40
1.0
 40
1.0
 40
1.0
 10
152.9230232114387
 20
101.2109596211835
 30
0.000000000001819
 10
152.9229732118856
 20
101.2126542123965
 30
0.000000000001819
 10
152.9228749114772
 20
101.2159858223785
 30
0.000000000001819
 10
152.9216883809076
 20
101.2208071343085
 30
0.000000000001819
 10
152.9200369425089
 20
101.2254259907535
 30
0.000000000001819
 10
152.9174915805779
 20
101.2296795322615
 30
0.000000000001819
 10
152.9144405528459
 20
101.2337331399885
 30
0.000000000001819
 10
152.9108459419076
 20
101.2375445022185
 30
0.000000000001819
 10
152.9067372182253
 20
101.2411158908235
 30
0.000000000001819
 10
152.9028747294342
 20
101.2438889143095
 30
0.000000000001819
 10
152.8993030690417
 20
101.2461270512605
 30
0.000000000001819
 10
152.8960635822041
 20
101.2480397132035
 30
0.000000000001819
 10
152.8923082286474
 20
101.2501929932385
 30
0.000000000001819
 10
152.8879950797636
 20
101.2524823248885
 30
0.000000000001819
 10
152.8831639093841
 20
101.2550538360075
 30
0.000000000001819
 10
152.8777991871138
 20
101.2578214371635
 30
0.000000000001819
 10
152.871903287687
 20
101.2608188682095
 30
0.000000000001819
 10
152.8677947438173
 20
101.2628659016655
 30
0.000000000001819
 10
152.8656489817331
 20
101.2639350022805
 30
0.000000000001819
  0
SPLINE
  5
173E
330
70
100
AcDbEntity
  8
Visible
100
AcDbSpline
210
0.0
220
0.0
230
1.0
 70
     8
 71
     3
 72
    23
 73
    19
 74
     0
 42
0.000000001
 43
0.0000000001
 40
0.0
 40
0.0
 40
0.0
 40
0.0
 40
0.101218005627
 40
0.194813131507
 40
0.280889612718
 40
0.359581567525
 40
0.4317340832670001
 40
0.496917284448
 40
0.5554481652610001
 40
0.6080723692320001
 40
0.657578652066
 40
0.706004973909
 40
0.754594113422
 40
0.8027549796609999
 40
0.8509301038169999
 40
0.8996321867609999
 40
0.949247018408
 40
0.999999999999
 40
0.999999999999
 40
0.999999999999
 40
0.999999999999
 10
152.8656489817331
 20
101.2639350022805
 30
0.000000000001819
 10
152.8626748840706
 20
101.2654453140155
 30
0.000000000001819
 10
152.8569506725052
 20
101.2683521936435
 30
0.000000000001819
 10
152.8488574871298
 20
101.2728484946265
 30
0.000000000001819
 10
152.8415597281546
 20
101.2772367052925
 30
0.000000000001819
 10
152.8350426725264
 20
101.2815411035265
 30
0.000000000001819
 10
152.8293189881297
 20
101.2857799771295
 30
0.000000000001819
 10
152.8243711499453
 20
101.2899323254385
 30
0.000000000001819
 10
152.8202188425475
 20
101.2940071999725
 30
0.000000000001819
 10
152.8167857647586
 20
101.2980479820435
 30
0.000000000001819
 10
152.813954571804
 20
101.3021311346345
 30
0.000000000001819
 10
152.811572333183
 20
101.3063380596505
 30
0.000000000001819
 10
152.8095605026156
 20
101.3106818564055
 30
0.000000000001819
 10
152.8078168494903
 20
101.3151338597225
 30
0.000000000001819
 10
152.8065497507778
 20
101.3197512692205
 30
0.000000000001819
 10
152.8056669107099
 20
101.3244997023135
 30
0.000000000001819
 10
152.8050661836078
 20
101.3293822317645
 30
0.000000000001819
 10
152.804998178728
 20
101.3326908239875
 30
0.000000000001819
 10
152.8049637907061
 20
101.3343638794705
 30
0.000000000001819
  0
SPLINE
  5
173F
330
70
100
AcDbEntity
  8
Visible
100
AcDbSpline
210
0.0
220
0.0
230
1.0
 70
     8
 71
     3
 72
    23
 73
    19
 74
     0
 42
0.000000001
 43
0.0000000001
 40
0.0
 40
0.0
 40
0.0
 40
0.0
 40
0.060652750544
 40
0.11857592215
 40
0.174872493827
 40
0.230500618917
 40
0.285862557024
 40
0.342151295408
 40
0.40043747458
 40
0.4612705002020001
 40
0.523583574092
 40
0.586526806109
 40
0.65040994783
 40
0.7157580409730001
 40
0.782893479561
 40
0.8524145643069999
 40
0.9248209394899999
 40
1.0
 40
1.0
 40
1.0
 40
1.0
 10
152.8049637907061
 20
101.3343638794705
 30
0.000000000001819
 10
152.8050277182301
 20
101.3368602964015
 30
0.000000000001819
 10
152.805152696319
 20
101.3417407830575
 30
0.000000000001819
 10
152.8063888729702
 20
101.3488485532665
 30
0.000000000001819
 10
152.8083082697212
 20
101.3555794529625
 30
0.000000000001819
 10
152.8110738176492
 20
101.3619021760135
 30
0.000000000001819
 10
152.8146138065749
 20
101.3678203470395
 30
0.000000000001819
 10
152.8189113279586
 20
101.3733523734215
 30
0.000000000001819
 10
152.8240044218801
 20
101.3784876723955
 30
0.000000000001819
 10
152.829876759155
 20
101.3831120109665
 30
0.000000000001819
 10
152.8362821789542
 20
101.3873189288545
 30
0.000000000001819
 10
152.8431759707509
 20
101.3909400036525
 30
0.000000000001819
 10
152.850426651983
 20
101.3941111045785
 30
0.000000000001819
 10
152.8581288761561
 20
101.3965694591635
 30
0.000000000001819
 10
152.8661919962123
 20
101.3986031236005
 30
0.000000000001819
 10
152.874696615132
 20
101.3999188268945
 30
0.000000000001819
 10
152.8835879601647
 20
101.4008111155845
 30
0.000000000001819
 10
152.8896590112053
 20
101.4009107488735
 30
0.000000000001819
 10
152.8927515650975
 20
101.4009615014225
 30
0.000000000001819
  0
SPLINE
  5
1740
330
70
100
AcDbEntity
  8
Visible
100
AcDbSpline
210
0.0
220
0.0
230
1.0
 70
     8
 71
     3
 72
    15
 73
    11
 74
     0
 42
0.000000001
 43
0.0000000001
 40
0.0
 40
0.0
 40
0.0
 40
0.0
 40
0.162857342803
 40
0.313825578394
 40
0.454705222443
 40
0.5839990066860001
 40
0.70351402723
 40
0.8119324904009999
 40
0.9110930278629998
 40
1.0
 40
1.0
 40
1.0
 40
1.0
 10
152.8927515650975
 20
101.4009615014225
 30
0.000000000001819
 10
152.8957476469477
 20
101.4009501044995
 30
0.000000000001819
 10
152.9015210870839
 20
101.4009281426675
 30
0.000000000001819
 10
152.909879019704
 20
101.4005713102525
 30
0.000000000001819
 10
152.9176130362939
 20
101.4000920472845
 30
0.000000000001819
 10
152.9247400900931
 20
101.3993125234115
 30
0.000000000001819
 10
152.9312535429762
 20
101.3984158802465
 30
0.000000000001819
 10
152.9371478454723
 20
101.3972018610325
 30
0.000000000001819
 10
152.9424537735467
 20
101.3959063920315
 30
0.000000000001819
 10
152.9457040119068
 20
101.3947140488945
 30
0.000000000001819
 10
152.9472405285123
 20
101.3941503809945
 30
0.000000000001819
  0
LINE
  5
1741
330
70
100
AcDbEntity
  8
Visible
100
AcDbLine
 10
152.947241
 20
101.39415
 30
0.0
 11
152.947241
 21
101.357824
 31
0.0
210
0.0
220
1.0
230
0.0
  0
SPLINE
  5
1742
330
70
100
AcDbEntity
  8
Visible
100
AcDbSpline
210
0.0
220
0.0
230
1.0
 70
     8
 71
     3
 72
    15
 73
    11
 74
     0
 42
0.000000001
 43
0.0000000001
 40
0.0
 40
0.0
 40
0.0
 40
0.0
 40
0.114757960679
 40
0.231322153594
 40
0.349558214534
 40
0.47071094497
 40
0.5958077213520001
 40
0.725383541684
 40
0.859426662825
 40
0.999999999999
 40
0.999999999999
 40
0.999999999999
 40
0.999999999999
 10
152.9472405285123
 20
101.3578244053855
 30
0.000000000001819
 10
152.9453259642068
 20
101.3591114449505
 30
0.000000000001819
 10
152.9414667013243
 20
101.3617057814315
 30
0.000000000001819
 10
152.9351796302271
 20
101.3648619616355
 30
0.000000000001819
 10
152.9285897438894
 20
101.3676487273465
 30
0.000000000001819
 10
152.9215972577367
 20
101.3698463169085
 30
0.000000000001819
 10
152.9142523252667
 20
101.3716162453625
 30
0.000000000001819
 10
152.9065305445256
 20
101.3728066625525
 30
0.000000000001819
 10
152.8984443119807
 20
101.3736049958165
 30
0.000000000001819
 10
152.8929270338849
 20
101.3736790911015
 30
0.000000000001819
 10
152.8901027960419
 20
101.3737170197155
 30
0.000000000001819
  0
SPLINE
  5
1743
330
70
100
AcDbEntity
  8
Visible
100
AcDbSpline
210
0.0
220
0.0
230
1.0
 70
     8
 71
     3
 72
    23
 73
    19
 74
     0
 42
0.000000001
 43
0.0000000001
 40
0.0
 40
0.0
 40
0.0
 40
0.0
 40
0.078942186391
 40
0.154810290656
 40
0.22707007755
 40
0.296854885563
 40
0.363923766026
 40
0.4285057306180001
 40
0.49162008984
 40
0.553097446576
 40
0.612889261803
 40
0.669669109194
 40
0.7243011462600001
 40
0.777908380094
 40
0.831486403585
 40
0.885426346486
 40
0.9417196530729999
 40
1.0
 40
1.0
 40
1.0
 40
1.0
 10
152.8901027960419
 20
101.3737170197155
 30
0.000000000001819
 10
152.8882410128808
 20
101.3736966517335
 30
0.000000000001819
 10
152.8845899461266
 20
101.3736567089205
 30
0.000000000001819
 10
152.8792573409118
 20
101.3731423764445
 30
0.000000000001819
 10
152.8741623460373
 20
101.3724689046185
 30
0.000000000001819
 10
152.8693362523791
 20
101.3714322663155
 30
0.000000000001819
 10
152.8647862307844
 20
101.3700558067305
 30
0.000000000001819
 10
152.8605022300107
 20
101.3683917511125
 30
0.000000000001819
 10
152.8564767072948
 20
101.3664608021855
 30
0.000000000001819
 10
152.8527319893492
 20
101.3642414465175
 30
0.000000000001819
 10
152.8493357301031
 20
101.3617634048055
 30
0.000000000001819
 10
152.8463625360273
 20
101.3590131751605
 30
0.000000000001819
 10
152.8439123007611
 20
101.3559837532865
 30
0.000000000001819
 10
152.8417528556983
 20
101.3528223164955
 30
0.000000000001819
 10
152.8402330253248
 20
101.3493235479745
 30
0.000000000001819
 10
152.8390562273289
 20
101.3456382074685
 30
0.000000000001819
 10
152.8384084903446
 20
101.3417021177555
 30
0.000000000001819
 10
152.8383117902558
 20
101.3390013465555
 30
0.000000000001819
 10
152.8382626016828
 20
101.3376275413415
 30
0.000000000001819
  0
SPLINE
  5
1744
330
70
100
AcDbEntity
  8
Visible
100
AcDbSpline
210
0.0
220
0.0
230
1.0
 70
     8
 71
     3
 72
    23
 73
    19
 74
     0
 42
0.000000001
 43
0.0000000001
 40
0.0
 40
0.0
 40
0.0
 40
0.0
 40
0.047699207654
 40
0.093329889503
 40
0.137804337075
 40
0.180514168756
 40
0.223153998616
 40
0.265911890068
 40
0.308199972695
 40
0.351860949633
 40
0.400379037658
 40
0.4579436107270001
 40
0.5247273102210001
 40
0.600709947944
 40
0.686439427963
 40
0.78134533194
 40
0.8857679164449999
 40
0.999999999999
 40
0.999999999999
 40
0.999999999999
 40
0.999999999999
 10
152.8382626016828
 20
101.3376275413415
 30
0.000000000001819
 10
152.8382834279364
 20
101.3363958240565
 30
0.000000000001819
 10
152.8383241772917
 20
101.3339858041885
 30
0.000000000001819
 10
152.8388332855393
 20
101.3304600962715
 30
0.000000000001819
 10
152.8395535026466
 20
101.3271052118475
 30
0.000000000001819
 10
152.8406650108318
 20
101.3239353246535
 30
0.000000000001819
 10
152.8421008629921
 20
101.3209535189415
 30
0.000000000001819
 10
152.8437815768138
 20
101.3181126850005
 30
0.000000000001819
 10
152.8458120661307
 20
101.3154762657175
 30
0.000000000001819
 10
152.8481926261683
 20
101.3129436036475
 30
0.000000000001819
 10
152.8511444863579
 20
101.3104421148285
 30
0.000000000001819
 10
152.8547079460913
 20
101.3077593891235
 30
0.000000000001819
 10
152.8589556460956
 20
101.3048085104955
 30
0.000000000001819
 10
152.8640197042859
 20
101.3017858799035
 30
0.000000000001819
 10
152.8697114382467
 20
101.2984030524385
 30
0.000000000001819
 10
152.8761714891243
 20
101.2948847777285
 30
0.000000000001819
 10
152.8833082921301
 20
101.2910737227855
 30
0.000000000001819
 10
152.888361520123
 20
101.2885645176325
 30
0.000000000001819
 10
152.8910014855428
 20
101.2872536298525
 30
0.000000000001819
  0
SPLINE
  5
1745
330
70
100
AcDbEntity
  8
Visible
100
AcDbSpline
210
0.0
220
0.0
230
1.0
 70
     8
 71
     3
 72
    23
 73
    19
 74
     0
 42
0.000000001
 43
0.0000000001
 40
0.0
 40
0.0
 40
0.0
 40
0.0
 40
0.093452915541
 40
0.181071133873
 40
0.262934527245
 40
0.339628854164
 40
0.410448153521
 40
0.4764982438620001
 40
0.537117724101
 40
0.593587178876
 40
0.646899295392
 40
0.6987004362380001
 40
0.748988102317
 40
0.799163283898
 40
0.8487597908119999
 40
0.8984659582709999
 40
0.948729103748
 40
1.0
 40
1.0
 40
1.0
 40
1.0
 10
152.8910014855428
 20
101.2872536298525
 30
0.000000000001819
 10
152.8939317599252
 20
101.2858452161425
 30
0.000000000001819
 10
152.8996093581208
 20
101.2831163224985
 30
0.000000000001819
 10
152.9076334575693
 20
101.2787229684875
 30
0.000000000001819
 10
152.9150575898693
 20
101.2744521305235
 30
0.000000000001819
 10
152.9217473084863
 20
101.2700989626685
 30
0.000000000001819
 10
152.9278117990143
 20
101.2658025682335
 30
0.000000000001819
 10
152.9331386281974
 20
101.2614585469535
 30
0.000000000001819
 10
152.9378379721001
 20
101.2571490840325
 30
0.000000000001819
 10
152.9418346061357
 20
101.2527623000455
 30
0.000000000001819
 10
152.9452891522069
 20
101.2483211456765
 30
0.000000000001819
 10
152.9482235719388
 20
101.2437738583925
 30
0.000000000001819
 10
152.9507185497223
 20
101.2390939872195
 30
0.000000000001819
 10
152.9527344485977
 20
101.2342730074995
 30
0.000000000001819
 10
152.9543737293043
 20
101.2293316938425
 30
0.000000000001819
 10
152.9555044874814
 20
101.2242455067495
 30
0.000000000001819
 10
152.9561770504842
 20
101.2190186555295
 30
0.000000000001819
 10
152.9562733797411
 20
101.2154865635635
 30
0.000000000001819
 10
152.9563220224136
 20
101.2137029891325
 30
0.000000000001819
  0
SPLINE
  5
1746
330
70
100
AcDbEntity
  8
Visible
100
AcDbSpline
210
0.0
220
0.0
230
1.0
 70
     8
 71
     3
 72
    23
 73
    19
 74
     0
 42
0.000000001
 43
0.0000000001
 40
0.0
 40
0.0
 40
0.0
 40
0.0
 40
0.062415092897
 40
0.122007152923
 40
0.178761261939
 40
0.233716159351
 40
0.288177345338
 40
0.342408848511
 40
0.397668320959
 40
0.4542170307510001
 40
0.513069601656
 40
0.5732059142230001
 40
0.636042164851
 40
0.701619912516
 40
0.770219791364
 40
0.8427181788230001
 40
0.9192234514839999
 40
1.0
 40
1.0
 40
1.0
 40
1.0
 10
152.9563220224136
 20
101.2137029891325
 30
0.000000000001819
 10
152.9562478155767
 20
101.2110821775825
 30
0.000000000001819
 10
152.9561027582767
 20
101.2059590937135
 30
0.000000000001819
 10
152.9550181022787
 20
101.1985129558895
 30
0.000000000001819
 10
152.9531641355788
 20
101.1915488733835
 30
0.000000000001819
 10
152.9505957553992
 20
101.1850459161395
 30
0.000000000001819
 10
152.947288288251
 20
101.1789987705035
 30
0.000000000001819
 10
152.9431472389606
 20
101.1734781653015
 30
0.000000000001819
 10
152.9383660702951
 20
101.1683835031245
 30
0.000000000001819
 10
152.9328128297929
 20
101.1638278878315
 30
0.000000000001819
 10
152.9266346574713
 20
101.1597875013475
 30
0.000000000001819
 10
152.9198487246449
 20
101.1562674338655
 30
0.000000000001819
 10
152.9125037793546
 20
101.1532817546655
 30
0.000000000001819
 10
152.9045693750031
 20
101.1509202364095
 30
0.000000000001819
 10
152.8961164849806
 20
101.1489249902845
 30
0.000000000001819
 10
152.887058732751
 20
101.1476679702535
 30
0.000000000001819
 10
152.8774420809313
 20
101.1468385641425
 30
0.000000000001819
 10
152.8708380489915
 20
101.1467335864375
 30
0.000000000001819
 10
152.8674463607331
 20
101.1466796721545
 30
0.000000000001819
  0
SPLINE
  5
1747
330
70
100
AcDbEntity
  8
Visible
100
AcDbSpline
210
0.0
220
0.0
230
1.0
 70
     8
 71
     3
 72
    15
 73
    11
 74
     0
 42
0.000000001
 43
0.0000000001
 40
0.0
 40
0.0
 40
0.0
 40
0.0
 40
0.148892930845
 40
0.289478294814
 40
0.423172427744
 40
0.549534880823
 40
0.669990025295
 40
0.7844496201720001
 40
0.894336229025
 40
1.0
 40
1.0
 40
1.0
 40
1.0
 10
154.2131629389532
 20
101.4009615014225
 30
0.000000000001819
 10
154.2153240758543
 20
101.4009410415535
 30
0.000000000001819
 10
154.2195257677758
 20
101.4009012633855
 30
0.000000000001819
 10
154.2256492783636
 20
101.4003981936315
 30
0.000000000001819
 10
154.2314222657096
 20
101.3996806477845
 30
0.000000000001819
 10
154.23683440487
 20
101.3985689962715
 30
0.000000000001819
 10
154.2419106155539
 20
101.3972353867065
 30
0.000000000001819
 10
154.2466070851787
 20
101.3954991998015
 30
0.000000000001819
 10
154.2509979599399
 20
101.3935622373845
 30
0.000000000001819
 10
154.2536671845082
 20
101.3919255351825
 30
0.000000000001819
 10
154.2549756504631
 20
101.3911232163605
 30
0.000000000001819
  0
LINE
  5
1748
330
70
100
AcDbEntity
  8
Visible
100
AcDbLine
 10
154.254976
 20
101.391123
 30
0.0
 11
154.254976
 21
101.363879
 31
0.0
210
0.0
220
1.0
230
0.0
  0
ARC
  5
1749
330
70
100
AcDbEntity
  8
Visible
100
AcDbCircle
 10
-154.213795
 20
101.282626
 30
0.0
 40
0.0910917860095412
210
0.0000000000000002
220
0.0
230
-1.0
100
AcDbArc
 50
89.989356
 51
116.877028
  0
SPLINE
  5
174A
330
70
100
AcDbEntity
  8
Visible
100
AcDbSpline
210
0.0
220
0.0
230
1.0
 70
     8
 71
     3
 72
    23
 73
    19
 74
     0
 42
0.000000001
 43
0.0000000001
 40
0.0
 40
0.0
 40
0.0
 40
0.0
 40
0.057081026915
 40
0.111808738632
 40
0.1649514224
 40
0.217655613498
 40
0.270929781874
 40
0.324975618992
 40
0.381259898699
 40
0.4397815586310001
 40
0.500680848578
 40
0.5629827043170001
 40
0.6278711320350001
 40
0.695073621408
 40
0.7656811596400001
 40
0.8397637676449999
 40
0.917996647512
 40
1.0
 40
1.0
 40
1.0
 40
1.0
 10
154.2137778317701
 20
101.3737170197155
 30
0.000000000001819
 10
154.2111080081249
 20
101.3736390188355
 30
0.000000000001819
 10
154.2058784313249
 20
101.3734862328665
 30
0.000000000001819
 10
154.1982530357727
 20
101.3721757693125
 30
0.000000000001819
 10
154.1910413512123
 20
101.3700387503945
 30
0.000000000001819
 10
154.1842076819866
 20
101.3670435105085
 30
0.000000000001819
 10
154.1778121508578
 20
101.3631255965375
 30
0.000000000001819
 10
154.1717799565085
 20
101.3583953184085
 30
0.000000000001819
 10
154.1662088499561
 20
101.3527777034335
 30
0.000000000001819
 10
154.1610554801227
 20
101.3463667921455
 30
0.000000000001819
 10
154.1563778473701
 20
101.3392572400145
 30
0.000000000001819
 10
154.1523582837762
 20
101.3314212995725
 30
0.000000000001819
 10
154.1489141800684
 20
101.3230014358825
 30
0.000000000001819
 10
154.1460669820117
 20
101.3139524881845
 30
0.000000000001819
 10
154.1438627254938
 20
101.3042856574585
 30
0.000000000001819
 10
154.1422700969251
 20
101.2939806086595
 30
0.000000000001819
 10
154.1412672871483
 20
101.2830634859585
 30
0.000000000001819
 10
154.1411111746329
 20
101.2755728560065
 30
0.000000000001819
 10
154.1410312816551
 20
101.2717394111035
 30
0.000000000001819
  0
LINE
  5
174B
330
70
100
AcDbEntity
  8
Visible
100
AcDbLine
 10
154.141031
 20
101.271739
 30
0.0
 11
154.141835
 21
101.271739
 31
0.0
210
0.0
220
1.0
230
0.0
  0
SPLINE
  5
174C
330
70
100
AcDbEntity
  8
Visible
100
AcDbSpline
210
0.0
220
0.0
230
1.0
 70
     8
 71
     3
 72
    15
 73
    11
 74
     0
 42
0.000000001
 43
0.0000000001
 40
0.0
 40
0.0
 40
0.0
 40
0.0
 40
0.134745551925
 40
0.261853510508
 40
0.383986791832
 40
0.502296938367
 40
0.6204171038610001
 40
0.7408341928780001
 40
0.867050327247
 40
1.0
 40
1.0
 40
1.0
 40
1.0
 10
154.1418353722602
 20
101.2717394111035
 30
0.000000000001819
 10
154.1433573634131
 20
101.2745420771305
 30
0.000000000001819
 10
154.1463150768249
 20
101.2799885495915
 30
0.000000000001819
 10
154.1518223201165
 20
101.2872521347005
 30
0.000000000001819
 10
154.1579919025443
 20
101.2934115368965
 30
0.000000000001819
 10
154.16484813647
 20
101.2984513680085
 30
0.000000000001819
 10
154.1723528671009
 20
101.3023843025055
 30
0.000000000001819
 10
154.1805617471527
 20
101.3051195547415
 30
0.000000000001819
 10
154.189412868558
 20
101.3068055323395
 30
0.000000000001819
 10
154.195544062175
 20
101.3070129793545
 30
0.000000000001819
 10
154.1986893080466
 20
101.3071193977635
 30
0.000000000001819
  0
SPLINE
  5
174D
330
70
100
AcDbEntity
  8
Visible
100
AcDbSpline
210
0.0
220
0.0
230
1.0
 70
     8
 71
     3
 72
    23
 73
    19
 74
     0
 42
0.000000001
 43
0.0000000001
 40
0.0
 40
0.0
 40
0.0
 40
0.0
 40
0.067143664935
 40
0.131186634794
 40
0.192693303671
 40
0.252548423401
 40
0.311314712997
 40
0.369390461408
 40
0.428263831783
 40
0.487847940312
 40
0.5479741756980001
 40
0.6081123439190001
 40
0.668482070646
 40
0.730102703213
 40
0.7937861307520001
 40
0.8593339413649999
 40
0.928082804675
 40
1.0
 40
1.0
 40
1.0
 40
1.0
 10
154.1986893080466
 20
101.3071193977635
 30
0.000000000001819
 10
154.2013411598691
 20
101.3070585591065
 30
0.000000000001819
 10
154.2065224009748
 20
101.3069396913235
 30
0.000000000001819
 10
154.214081002563
 20
101.3059319737075
 30
0.000000000001819
 10
154.2212159942719
 20
101.3042603503285
 30
0.000000000001819
 10
154.2279837709557
 20
101.3020241958035
 30
0.000000000001819
 10
154.2342890798427
 20
101.2990026782125
 30
0.000000000001819
 10
154.2402310200632
 20
101.2953940780505
 30
0.000000000001819
 10
154.2457083275567
 20
101.2910591018055
 30
0.000000000001819
 10
154.2507859182387
 20
101.2861472481405
 30
0.000000000001819
 10
154.2552984815666
 20
101.2806486660595
 30
0.000000000001819
 10
154.2593137677358
 20
101.2747377386495
 30
0.000000000001819
 10
154.2626138899668
 20
101.2683328391645
 30
0.000000000001819
 10
154.2653880717534
 20
101.2615361528235
 30
0.000000000001819
 10
154.2674988339804
 20
101.2542877138745
 30
0.000000000001819
 10
154.2689937947252
 20
101.2466088925555
 30
0.000000000001819
 10
154.2699841285703
 20
101.2385137455535
 30
0.000000000001819
 10
154.2700683926305
 20
101.2329569005005
 30
0.000000000001819
 10
154.2701114736337
 20
101.2301158973835
 30
0.000000000001819
  0
SPLINE
  5
174E
330
70
100
AcDbEntity
  8
Visible
100
AcDbSpline
210
0.0
220
0.0
230
1.0
 70
     8
 71
     3
 72
    23
 73
    19
 74
     0
 42
0.000000001
 43
0.0000000001
 40
0.0
 40
0.0
 40
0.0
 40
0.0
 40
0.069366318573
 40
0.13587548363
 40
0.200043829004
 40
0.2627951384
 40
0.324245699628
 40
0.385482458108
 40
0.4468377224660001
 40
0.5087375821570001
 40
0.5704807771600001
 40
0.6308592096809999
 40
0.690303609467
 40
0.749688011842
 40
0.809887948182
 40
0.871001568956
 40
0.934283335377
 40
1.0
 40
1.0
 40
1.0
 40
1.0
 10
154.2701114736337
 20
101.2301158973835
 30
0.000000000001819
 10
154.2700542373113
 20
101.2271328681075
 30
0.000000000001819
 10
154.269942122195
 20
101.2212896785915
 30
0.000000000001819
 10
154.2688766870615
 20
101.2127406149365
 30
0.000000000001819
 10
154.2671354586982
 20
101.2045989549535
 30
0.000000000001819
 10
154.2646675727392
 20
101.1968727743765
 30
0.000000000001819
 10
154.2615339168496
 20
101.1895298241615
 30
0.000000000001819
 10
154.257694777918
 20
101.1825944250015
 30
0.000000000001819
 10
154.2531217202741
 20
101.1760984325545
 30
0.000000000001819
 10
154.2479373820497
 20
101.1700505220645
 30
0.000000000001819
 10
154.2421892184229
 20
101.1645974785505
 30
0.000000000001819
 10
154.2360310040476
 20
101.1597780371755
 30
0.000000000001819
 10
154.2294500566768
 20
101.1557455480045
 30
0.000000000001819
 10
154.2225071939028
 20
101.1523887489975
 30
0.000000000001819
 10
154.2151448721033
 20
101.1498631782105
 30
0.000000000001819
 10
154.2074224152766
 20
101.1479918053185
 30
0.000000000001819
 10
154.1993038202072
 20
101.1469013981095
 30
0.000000000001819
 10
154.19375763469
 20
101.1467545050285
 30
0.000000000001819
 10
154.1909321986713
 20
101.1466796721545
 30
0.000000000001819
  0
SPLINE
  5
174F
330
70
100
AcDbEntity
  8
Visible
100
AcDbSpline
210
0.0
220
0.0
230
1.0
 70
     8
 71
     3
 72
    23
 73
    19
 74
     0
 42
0.000000001
 43
0.0000000001
 40
0.0
 40
0.0
 40
0.0
 40
0.0
 40
0.059040819216
 40
0.115663517715
 40
0.170242192782
 40
0.223646467501
 40
0.276603735954
 40
0.329942912733
 40
0.38468551321
 40
0.4415973206160001
 40
0.500555230896
 40
0.561549817702
 40
0.6254485468670001
 40
0.692497675251
 40
0.7627823943430001
 40
0.837317334157
 40
0.9165173617749999
 40
1.0
 40
1.0
 40
1.0
 40
1.0
 10
154.1909321986713
 20
101.1466796721545
 30
0.000000000001819
 10
154.1878523163159
 20
101.1467696663515
 30
0.000000000001819
 10
154.1818186936107
 20
101.1469459688745
 30
0.000000000001819
 10
154.1730297784561
 20
101.1483522446085
 30
0.000000000001819
 10
154.1647268514953
 20
101.1505981472905
 30
0.000000000001819
 10
154.156962894609
 20
101.1538474030225
 30
0.000000000001819
 10
154.1497183077772
 20
101.1579927496465
 30
0.000000000001819
 10
154.1429827754837
 20
101.1630475186195
 30
0.000000000001819
 10
154.1368232337117
 20
101.1690814443265
 30
0.000000000001819
 10
154.131131652719
 20
101.1759406041845
 30
0.000000000001819
 10
154.1260855706732
 20
101.1836818367675
 30
0.000000000001819
 10
154.1216660327281
 20
101.1922056475715
 30
0.000000000001819
 10
154.1179486887322
 20
101.2015133494425
 30
0.000000000001819
 10
154.1148816767327
 20
101.2115590837765
 30
0.000000000001819
 10
154.1125126875267
 20
101.2223626803355
 30
0.000000000001819
 10
154.1109187406309
 20
101.2339411063755
 30
0.000000000001819
 10
154.1098315257131
 20
101.2462716647225
 30
0.000000000001819
 10
154.1097259338203
 20
101.2547564072385
 30
0.000000000001819
 10
154.1096717480231
 20
101.2591104586445
 30
0.000000000001819
  0
SPLINE
  5
1750
330
70
100
AcDbEntity
  8
Visible
100
AcDbSpline
210
0.0
220
0.0
230
1.0
 70
     8
 71
     3
 72
    23
 73
    19
 74
     0
 42
0.000000001
 43
0.0000000001
 40
0.0
 40
0.0
 40
0.0
 40
0.0
 40
0.080557602125
 40
0.157316832687
 40
0.230311596385
 40
0.300165715582
 40
0.366835263729
 40
0.431165647951
 40
0.493651545206
 40
0.55485505297
 40
0.6139503482710001
 40
0.670726723464
 40
0.725395393357
 40
0.779071522361
 40
0.832573508169
 40
0.8866598450699999
 40
0.942223334194
 40
1.0
 40
1.0
 40
1.0
 40
1.0
 10
154.1096717480231
 20
101.2591104586445
 30
0.000000000001819
 10
154.1097403738713
 20
101.2643955890635
 30
0.000000000001819
 10
154.1098743897873
 20
101.2747166507135
 30
0.000000000001819
 10
154.1112978590354
 20
101.2897704110445
 30
0.000000000001819
 10
154.1134812708405
 20
101.3040158969435
 30
0.000000000001819
 10
154.1165737967585
 20
101.3174226932225
 30
0.000000000001819
 10
154.1206239317998
 20
101.3299722062215
 30
0.000000000001819
 10
154.1254568081822
 20
101.3417264439685
 30
0.000000000001819
 10
154.131324962942
 20
101.3525960615435
 30
0.000000000001819
 10
154.1379510159568
 20
101.3626069752065
 30
0.000000000001819
 10
154.1453133894301
 20
101.3716182782615
 30
0.000000000001819
 10
154.1533219975936
 20
101.3794610278195
 30
0.000000000001819
 10
154.1619019204226
 20
101.3861126305425
 30
0.000000000001819
 10
154.171051219635
 20
101.3915466729935
 30
0.000000000001819
 10
154.1807672976738
 20
101.3958045091575
 30
0.000000000001819
 10
154.1910755601311
 20
101.3987648302535
 30
0.000000000001819
 10
154.2019335907553
 20
101.4006178860155
 30
0.000000000001819
 10
154.2093714104794
 20
101.4008454815445
 30
0.000000000001819
 10
154.2131629389532
 20
101.4009615014225
 30
0.000000000001819
  0
LINE
  5
1751
330
70
100
AcDbEntity
  8
Visible
100
AcDbLine
 10
153.973449
 20
101.258685
 30
0.0
 11
154.067291
 21
101.258685
 31
0.0
210
0.0
220
1.0
230
0.0
  0
LINE
  5
1752
330
70
100
AcDbEntity
  8
Visible
100
AcDbLine
 10
154.067291
 20
101.258685
 30
0.0
 11
154.067291
 21
101.234467
 31
0.0
210
0.0
220
1.0
230
0.0
  0
LINE
  5
1753
330
70
100
AcDbEntity
  8
Visible
100
AcDbLine
 10
154.067291
 20
101.234467
 30
0.0
 11
153.973449
 21
101.234467
 31
0.0
210
0.0
220
1.0
230
0.0
  0
LINE
  5
1754
330
70
100
AcDbEntity
  8
Visible
100
AcDbLine
 10
153.973449
 20
101.234467
 30
0.0
 11
153.973449
 21
101.258685
 31
0.0
210
0.0
220
1.0
230
0.0
  0
SPLINE
  5
1755
330
70
100
AcDbEntity
  8
Visible
100
AcDbSpline
210
0.0
220
0.0
230
1.0
 70
     8
 71
     3
 72
    15
 73
    11
 74
     0
 42
0.000000001
 43
0.0000000001
 40
0.0
 40
0.0
 40
0.0
 40
0.0
 40
0.14576530528
 40
0.284679534457
 40
0.417068973156
 40
0.543483067596
 40
0.664282263475
 40
0.7802560815040001
 40
0.8918086294849999
 40
1.0
 40
1.0
 40
1.0
 40
1.0
 10
153.839686502215
 20
101.1466796721545
 30
0.000000000001819
 10
153.836815672963
 20
101.1467092928325
 30
0.000000000001819
 10
153.8312089455376
 20
101.1467671419935
 30
0.000000000001819
 10
153.8230171115992
 20
101.1474125691865
 30
0.000000000001819
 10
153.8152402719552
 20
101.1483696764755
 30
0.000000000001819
 10
153.8078998029559
 20
101.1498044477365
 30
0.000000000001819
 10
153.800963561458
 20
101.1515725075305
 30
0.000000000001819
 10
153.7944781624683
 20
101.1538187935435
 30
0.000000000001819
 10
153.7883699810772
 20
101.1563766722375
 30
0.000000000001819
 10
153.7845960635823
 20
101.1584997970025
 30
0.000000000001819
 10
153.7827379675364
 20
101.1595451218495
 30
0.000000000001819
  0
LINE
  5
1756
330
70
100
AcDbEntity
  8
Visible
100
AcDbLine
 10
153.782738
 20
101.159545
 30
0.0
 11
153.782738
 21
101.192844
 31
0.0
210
0.0
220
1.0
230
0.0
  0
ARC
  5
1757
330
70
100
AcDbEntity
  8
Visible
100
AcDbCircle
 10
-153.838807
 20
101.266468
 30
0.0
 40
0.0925428238292574
210
0.0000000000000002
220
0.0
230
-1.0
100
AcDbArc
 50
269.455279
 51
307.291243
  0
SPLINE
  5
1758
330
70
100
AcDbEntity
  8
Visible
100
AcDbSpline
210
0.0
220
0.0
230
1.0
 70
     8
 71
     3
 72
    23
 73
    19
 74
     0
 42
0.000000001
 43
0.0000000001
 40
0.0
 40
0.0
 40
0.0
 40
0.0
 40
0.077322735791
 40
0.150821394264
 40
0.220268234591
 40
0.28738290664
 40
0.351755092071
 40
0.414058231934
 40
0.4751712053760001
 40
0.5351168385400001
 40
0.593975523648
 40
0.651251728436
 40
0.707221664203
 40
0.7631667189130001
 40
0.819927090082
 40
0.877735601804
 40
0.937393124085
 40
1.0
 40
1.0
 40
1.0
 40
1.0
 10
153.839686502215
 20
101.1739241538615
 30
0.000000000001819
 10
153.8417533381853
 20
101.1739584042625
 30
0.000000000001819
 10
153.8457847925729
 20
101.1740252111725
 30
0.000000000001819
 10
153.8516487769047
 20
101.1746031192845
 30
0.000000000001819
 10
153.8571921810326
 20
101.1755277473105
 30
0.000000000001819
 10
153.8623859072522
 20
101.1769181219225
 30
0.000000000001819
 10
153.867286039811
 20
101.1786070733485
 30
0.000000000001819
 10
153.8718680624097
 20
101.1806816876065
 30
0.000000000001819
 10
153.8760682126049
 20
101.1832189001005
 30
0.000000000001819
 10
153.8799843306114
 20
101.1860256514775
 30
0.000000000001819
 10
153.8834114322089
 20
101.1892662227165
 30
0.000000000001819
 10
153.8864666761437
 20
101.1927130238115
 30
0.000000000001819
 10
153.8890525453371
 20
101.1964370025575
 30
0.000000000001819
 10
153.8911460438157
 20
101.2004415282355
 30
0.000000000001819
 10
153.8927575004854
 20
101.2047167188555
 30
0.000000000001819
 10
153.8938729988276
 20
101.2092439383325
 30
0.000000000001819
 10
153.894620262874
 20
101.2140094719975
 30
0.000000000001819
 10
153.894701473946
 20
101.2172790190395
 30
0.000000000001819
 10
153.8947430589978
 20
101.2189532277945
 30
0.000000000001819
  0
SPLINE
  5
1759
330
70
100
AcDbEntity
  8
Visible
100
AcDbSpline
210
0.0
220
0.0
230
1.0
 70
     8
 71
     3
 72
    23
 73
    19
 74
     0
 42
0.000000001
 43
0.0000000001
 40
0.0
 40
0.0
 40
0.0
 40
0.0
 40
0.060020573545
 40
0.116969155496
 40
0.171159285567
 40
0.223771653437
 40
0.274736862246
 40
0.326278198878
 40
0.378444669955
 40
0.432140924703
 40
0.488900223826
 40
0.548263421402
 40
0.6117790935520001
 40
0.679269766909
 40
0.751717764749
 40
0.829180276744
 40
0.911856595665
 40
0.999999999999
 40
0.999999999999
 40
0.999999999999
 40
0.999999999999
 10
153.8947430589978
 20
101.2189532277945
 30
0.000000000001819
 10
153.8946820371511
 20
101.2208000118305
 30
0.000000000001819
 10
153.8945631166916
 20
101.2243990572285
 30
0.000000000001819
 10
153.8938292990151
 20
101.2296303839285
 30
0.000000000001819
 10
153.8924819051753
 20
101.2344978521625
 30
0.000000000001819
 10
153.890662527705
 20
101.2390152986255
 30
0.000000000001819
 10
153.8882344932881
 20
101.2431419030005
 30
0.000000000001819
 10
153.885355173581
 20
101.2469475945095
 30
0.000000000001819
 10
153.8819110453278
 20
101.2503761347705
 30
0.000000000001819
 10
153.877929467877
 20
101.2534289950365
 30
0.000000000001819
 10
153.8734287984771
 20
101.2561038848715
 30
0.000000000001819
 10
153.8684121151618
 20
101.2584531628085
 30
0.000000000001819
 10
153.8628553511262
 20
101.2603288351835
 30
0.000000000001819
 10
153.8568271366621
 20
101.2620425613305
 30
0.000000000001819
 10
153.8502306114351
 20
101.2632080066365
 30
0.000000000001819
 10
153.8431295516347
 20
101.2641212932645
 30
0.000000000001819
 10
153.8354997812566
 20
101.2646243027335
 30
0.000000000001819
 10
153.8302430372732
 20
101.2647000217065
 30
0.000000000001819
 10
153.8275305442312
 20
101.2647390928865
 30
0.000000000001819
  0
LINE
  5
175A
330
70
100
AcDbEntity
  8
Visible
100
AcDbLine
 10
153.827531
 20
101.264739
 30
0.0
 11
153.806955
 21
101.264739
 31
0.0
210
0.0
220
1.0
230
0.0
  0
LINE
  5
175B
330
70
100
AcDbEntity
  8
Visible
100
AcDbLine
 10
153.806955
 20
101.264739
 30
0.0
 11
153.806955
 21
101.291984
 31
0.0
210
0.0
220
1.0
230
0.0
  0
LINE
  5
175C
330
70
100
AcDbEntity
  8
Visible
100
AcDbLine
 10
153.806955
 20
101.291984
 30
0.0
 11
153.82649
 21
101.291984
 31
0.0
210
0.0
220
1.0
230
0.0
  0
SPLINE
  5
175D
330
70
100
AcDbEntity
  8
Visible
100
AcDbSpline
210
0.0
220
0.0
230
1.0
 70
     8
 71
     3
 72
    23
 73
    19
 74
     0
 42
0.000000001
 43
0.0000000001
 40
0.0
 40
0.0
 40
0.0
 40
0.0
 40
0.086186631538
 40
0.167408546491
 40
0.243421104208
 40
0.314365056757
 40
0.381375116366
 40
0.443481059157
 40
0.5026805066170001
 40
0.5588695613530001
 40
0.612869332997
 40
0.665343369923
 40
0.717152460156
 40
0.769747337337
 40
0.8235750145579999
 40
0.8794823598919998
 40
0.9377422279120001
 40
1.0
 40
1.0
 40
1.0
 40
1.0
 10
153.8264899563892
 20
101.2919835745925
 30
0.000000000001819
 10
153.8288711569057
 20
101.2920276439755
 30
0.000000000001819
 10
153.83349639066
 20
101.2921132441595
 30
0.000000000001819
 10
153.8402141332717
 20
101.2925503567955
 30
0.000000000001819
 10
153.8464611730742
 20
101.2934281079035
 30
0.000000000001819
 10
153.8522771142998
 20
101.2945208503775
 30
0.000000000001819
 10
153.8575983099908
 20
101.2960437837325
 30
0.000000000001819
 10
153.8624925577896
 20
101.2978282506125
 30
0.000000000001819
 10
153.8669048323008
 20
101.2999986831735
 30
0.000000000001819
 10
153.8708440885311
 20
101.3025361550215
 30
0.000000000001819
 10
153.8744102815126
 20
101.3052964666395
 30
0.000000000001819
 10
153.8773791649546
 20
101.3085272314875
 30
0.000000000001819
 10
153.8799962587709
 20
101.3119959499735
 30
0.000000000001819
 10
153.8820689900658
 20
101.3158636568605
 30
0.000000000001819
 10
153.8836918378783
 20
101.3200580665655
 30
0.000000000001819
 10
153.8847945080906
 20
101.3245758360285
 30
0.000000000001819
 10
153.8855433694716
 20
101.3294042328175
 30
0.000000000001819
 10
153.8856213047784
 20
101.3327368788155
 30
0.000000000001819
 10
153.8856615650966
 20
101.3344584783655
 30
0.000000000001819
  0
SPLINE
  5
175E
330
70
100
AcDbEntity
  8
Visible
100
AcDbSpline
210
0.0
220
0.0
230
1.0
 70
     8
 71
     3
 72
    23
 73
    19
 74
     0
 42
0.000000001
 43
0.0000000001
 40
0.0
 40
0.0
 40
0.0
 40
0.0
 40
0.069731631019
 40
0.135022043731
 40
0.196455467584
 40
0.255143211292
 40
0.311670583286
 40
0.366449150946
 40
0.4204269024200001
 40
0.4750619281060001
 40
0.5297013090900001
 40
0.586610471215
 40
0.645875200874
 40
0.708486492023
 40
0.774577466206
 40
0.845123350345
 40
0.919948162404
 40
1.0
 40
1.0
 40
1.0
 40
1.0
 10
153.8856615650966
 20
101.3344584783655
 30
0.000000000001819
 10
153.8856228920213
 20
101.3360521551215
 30
0.000000000001819
 10
153.8855480089678
 20
101.3391380071155
 30
0.000000000001819
 10
153.885039852701
 20
101.3436072313125
 30
0.000000000001819
 10
153.8841314268193
 20
101.3477529849745
 30
0.000000000001819
 10
153.8829027835345
 20
101.3516046600775
 30
0.000000000001819
 10
153.8813555831748
 20
101.3551771009655
 30
0.000000000001819
 10
153.8794082150107
 20
101.3584305337045
 30
0.000000000001819
 10
153.8770369813337
 20
101.3613251685145
 30
0.000000000001819
 10
153.8744197519281
 20
101.3639966748795
 30
0.000000000001819
 10
153.8713733238673
 20
101.3662868315165
 30
0.000000000001819
 10
153.8680007709081
 20
101.3682633154165
 30
0.000000000001819
 10
153.8642886317411
 20
101.3699916629035
 30
0.000000000001819
 10
153.8601992925796
 20
101.3713290721825
 30
0.000000000001819
 10
153.8557779589137
 20
101.3724401802235
 30
0.000000000001819
 10
153.8509936573118
 20
101.3731563516105
 30
0.000000000001819
 10
153.8458618952027
 20
101.3736581785355
 30
0.000000000001819
 10
153.842320863092
 20
101.3736969695935
 30
0.000000000001819
 10
153.8404905928218
 20
101.3737170197155
 30
0.000000000001819
  0
SPLINE
  5
175F
330
70
100
AcDbEntity
  8
Visible
100
AcDbSpline
210
0.0
220
0.0
230
1.0
 70
     8
 71
     3
 72
    15
 73
    11
 74
     0
 42
0.000000001
 43
0.0000000001
 40
0.0
 40
0.0
 40
0.0
 40
0.0
 40
0.120788585302
 40
0.239996022719
 40
0.360304593092
 40
0.481239740846
 40
0.60520633102
 40
0.7326704742330001
 40
0.8633460808999998
 40
1.0
 40
1.0
 40
1.0
 40
1.0
 10
153.8404905928218
 20
101.3737170197155
 30
0.000000000001819
 10
153.8383427625303
 20
101.3736684925075
 30
0.000000000001819
 10
153.8340752174936
 20
101.3735720733265
 30
0.000000000001819
 10
153.8277321860223
 20
101.3726081433805
 30
0.000000000001819
 10
153.8214805631142
 20
101.3711787152885
 30
0.000000000001819
 10
153.8153416945661
 20
101.3690428867285
 30
0.000000000001819
 10
153.8092648370712
 20
101.3664066658315
 30
0.000000000001819
 10
153.8033143483098
 20
101.3631193254765
 30
0.000000000001819
 10
153.7974389277042
 20
101.3592692582255
 30
0.000000000001819
 10
153.79372033658
 20
101.3563099728245
 30
0.000000000001819
 10
153.7918194614376
 20
101.3547972407515
 30
0.000000000001819
  0
LINE
  5
1760
330
70
100
AcDbEntity
  8
Visible
100
AcDbLine
 10
153.791819
 20
101.354797
 30
0.0
 11
153.791819
 21
101.382042
 31
0.0
210
0.0
220
1.0
230
0.0
  0
ARC
  5
1761
330
70
100
AcDbEntity
  8
Visible
100
AcDbCircle
 10
-153.847079
 20
101.31072
 30
0.0
 40
0.0902379916887702
210
0.0000000000000002
220
0.0
230
-1.0
100
AcDbArc
 50
52.231627
 51
91.041921
  0
SPLINE
  5
1762
330
70
100
AcDbEntity
  8
Visible
100
AcDbSpline
210
0.0
220
0.0
230
1.0
 70
     8
 71
     3
 72
    23
 73
    19
 74
     0
 42
0.000000001
 43
0.0000000001
 40
0.0
 40
0.0
 40
0.0
 40
0.0
 40
0.075440593977
 40
0.147135402845
 40
0.215855165115
 40
0.28199144316
 40
0.346299610382
 40
0.408810759875
 40
0.470319593353
 40
0.531658058609
 40
0.5918273359140001
 40
0.6501772028100001
 40
0.7070575166050001
 40
0.7636135535010001
 40
0.82082184928
 40
0.878369116482
 40
0.9378670772599999
 40
1.0
 40
1.0
 40
1.0
 40
1.0
 10
153.8487206966692
 20
101.4009615014225
 30
0.000000000001819
 10
153.8513088679428
 20
101.4009275687485
 30
0.000000000001819
 10
153.8563567023047
 20
101.4008613882305
 30
0.000000000001819
 10
153.8637208134969
 20
101.4000126154225
 30
0.000000000001819
 10
153.8706936412582
 20
101.3987490166385
 30
0.000000000001819
 10
153.8773112276667
 20
101.3970222420695
 30
0.000000000001819
 10
153.8835204972947
 20
101.3947010976235
 30
0.000000000001819
 10
153.8893196148965
 20
101.3918384350405
 30
0.000000000001819
 10
153.8947516382432
 20
101.3885203383495
 30
0.000000000001819
 10
153.89975329355
 20
101.3847084875045
 30
0.000000000001819
 10
153.9042286480708
 20
101.3804498674195
 30
0.000000000001819
 10
153.9081855490822
 20
101.3759072334865
 30
0.000000000001819
 10
153.9115382671298
 20
101.3710455096765
 30
0.000000000001819
 10
153.9142414924226
 20
101.3658410740905
 30
0.000000000001819
 10
153.9163744482648
 20
101.3603545694555
 30
0.000000000001819
 10
153.9178968663291
 20
101.3545651943665
 30
0.000000000001819
 10
153.9188167941538
 20
101.3484731317115
 30
0.000000000001819
 10
153.9189118291651
 20
101.3443000375035
 30
0.000000000001819
 10
153.9189603760733
 20
101.3421682882935
 30
0.000000000001819
  0
SPLINE
  5
1763
330
70
100
AcDbEntity
  8
Visible
100
AcDbSpline
210
0.0
220
0.0
230
1.0
 70
     8
 71
     3
 72
    23
 73
    19
 74
     0
 42
0.000000001
 43
0.0000000001
 40
0.0
 40
0.0
 40
0.0
 40
0.0
 40
0.067390246732
 40
0.131874139195
 40
0.194305230697
 40
0.254523110508
 40
0.313648231414
 40
0.370982147466
 40
0.428459976757
 40
0.4854946316650001
 40
0.543190214749
 40
0.6020176632380001
 40
0.662095737995
 40
0.7241713639500001
 40
0.788810639511
 40
0.856152708113
 40
0.9262764702350001
 40
1.0
 40
1.0
 40
1.0
 40
1.0
 10
153.9189603760733
 20
101.3421682882935
 30
0.000000000001819
 10
153.9189304129431
 20
101.3402113801815
 30
0.000000000001819
 10
153.9188717789093
 20
101.3363819599705
 30
0.000000000001819
 10
153.9182250668218
 20
101.3307711939555
 30
0.000000000001819
 10
153.9172483969032
 20
101.3254241102995
 30
0.000000000001819
 10
153.9158772818682
 20
101.3203223176635
 30
0.000000000001819
 10
153.9140926620111
 20
101.3155048593675
 30
0.000000000001819
 10
153.911868475474
 20
101.3109671342885
 30
0.000000000001819
 10
153.9093579732889
 20
101.3066463851875
 30
0.000000000001819
 10
153.9063198378244
 20
101.3026654955625
 30
0.000000000001819
 10
153.9029679018476
 20
101.2988968826185
 30
0.000000000001819
 10
153.8991621770383
 20
101.2954481379645
 30
0.000000000001819
 10
153.8949684310428
 20
101.2922774598965
 30
0.000000000001819
 10
153.8904177235454
 20
101.2893179783755
 30
0.000000000001819
 10
153.8854260463467
 20
101.2866952648065
 30
0.000000000001819
 10
153.8800792242728
 20
101.2842755885505
 30
0.000000000001819
 10
153.8743301992654
 20
101.2821278700965
 30
0.000000000001819
 10
153.8703138152923
 20
101.2809823191265
 30
0.000000000001819
 10
153.8682553684502
 20
101.2803952099775
 30
0.000000000001819
  0
LINE
  5
1764
330
70
100
AcDbEntity
  8
Visible
100
AcDbLine
 10
153.868255
 20
101.280395
 30
0.0
 11
153.868255
 21
101.27978
 31
0.0
210
0.0
220
1.0
230
0.0
  0
SPLINE
  5
1765
330
70
100
AcDbEntity
  8
Visible
100
AcDbSpline
210
0.0
220
0.0
230
1.0
 70
     8
 71
     3
 72
    23
 73
    19
 74
     0
 42
0.000000001
 43
0.0000000001
 40
0.0
 40
0.0
 40
0.0
 40
0.0
 40
0.073045054282
 40
0.143274081679
 40
0.210654115503
 40
0.275935552799
 40
0.339493136472
 40
0.401429782372
 40
0.4625546968660001
 40
0.523511711727
 40
0.5833713182640001
 40
0.6423576525190001
 40
0.70062481673
 40
0.7582944450220001
 40
0.816445716656
 40
0.8756252764659999
 40
0.9367862609959999
 40
1.0
 40
1.0
 40
1.0
 40
1.0
 10
153.8682553684502
 20
101.2797803171615
 30
0.000000000001819
 10
153.8704985342701
 20
101.2794937084095
 30
0.000000000001819
 10
153.8748983875666
 20
101.2789315402225
 30
0.000000000001819
 10
153.8812940378957
 20
101.2776176028495
 30
0.000000000001819
 10
153.8873225316056
 20
101.2758432506285
 30
0.000000000001819
 10
153.893035017365
 20
101.2737543699005
 30
0.000000000001819
 10
153.8983299257907
 20
101.2711199831615
 30
0.000000000001819
 10
153.9032943975471
 20
101.2681506112005
 30
0.000000000001819
 10
153.9078412109447
 20
101.2647052528775
 30
0.000000000001819
 10
153.9120534101912
 20
101.2609562636955
 30
0.000000000001819
 10
153.9157983299301
 20
101.2568239059275
 30
0.000000000001819
 10
153.9190613002429
 20
101.2524105968975
 30
0.000000000001819
 10
153.9218897141618
 20
101.2477804667755
 30
0.000000000001819
 10
153.9241039968056
 20
101.2428552310755
 30
0.000000000001819
 10
153.9258639442487
 20
101.2377249527695
 30
0.000000000001819
 10
153.9271505055858
 20
101.2323437522025
 30
0.000000000001819
 10
153.9279207859963
 20
101.2267013331965
 30
0.000000000001819
 10
153.928001066979
 20
101.2228499695575
 30
0.000000000001819
 10
153.9280418699745
 20
101.2208925051385
 30
0.000000000001819
  0
SPLINE
  5
1766
330
70
100
AcDbEntity
  8
Visible
100
AcDbSpline
210
0.0
220
0.0
230
1.0
 70
     8
 71
     3
 72
    23
 73
    19
 74
     0
 42
0.000000001
 43
0.0000000001
 40
0.0
 40
0.0
 40
0.0
 40
0.0
 40
0.062755852623
 40
0.12280425489
 40
0.181147216425
 40
0.238479634946
 40
0.295042299338
 40
0.351956142586
 40
0.40987063104
 40
0.469696300666
 40
0.530563145619
 40
0.592070426189
 40
0.6543418016530001
 40
0.718114948945
 40
0.784156677279
 40
0.8530705575889999
 40
0.924876754061
 40
1.0
 40
1.0
 40
1.0
 40
1.0
 10
153.9280418699745
 20
101.2208925051385
 30
0.000000000001819
 10
153.9279730568141
 20
101.2181764224035
 30
0.000000000001819
 10
153.9278383992696
 20
101.2128614357915
 30
0.000000000001819
 10
153.9266684656049
 20
101.2050933378655
 30
0.000000000001819
 10
153.9247883344524
 20
101.1977135136265
 30
0.000000000001819
 10
153.9221189537911
 20
101.1907417272905
 30
0.000000000001819
 10
153.9187645546572
 20
101.1841366633475
 30
0.000000000001819
 10
153.9145344612752
 20
101.1780269649185
 30
0.000000000001819
 10
153.9096527997317
 20
101.1722415867415
 30
0.000000000001819
 10
153.9039638784597
 20
101.1669878341425
 30
0.000000000001819
 10
153.8976819640938
 20
101.1622094577815
 30
0.000000000001819
 10
153.890853902305
 20
101.1580350090785
 30
0.000000000001819
 10
153.8835197887856
 20
101.1545383061465
 30
0.000000000001819
 10
153.8757247383419
 20
101.1516249769295
 30
0.000000000001819
 10
153.8674012046158
 20
101.1494268205355
 30
0.000000000001819
 10
153.858594553023
 20
101.1478201982975
 30
0.000000000001819
 10
153.8492932220451
 20
101.1468726476805
 30
0.000000000001819
 10
153.842936577601
 20
101.1467449582275
 30
0.000000000001819
 10
153.839686502215
 20
101.1466796721545
 30
0.000000000001819
  0
SPLINE
  5
1767
330
70
100
AcDbEntity
  8
Visible
100
AcDbSpline
210
0.0
220
0.0
230
1.0
 70
     8
 71
     3
 72
    23
 73
    19
 74
     0
 42
0.000000001
 43
0.0000000001
 40
0.0
 40
0.0
 40
0.0
 40
0.0
 40
0.081355949393
 40
0.157153561731
 40
0.227255610142
 40
0.292656722182
 40
0.357028103654
 40
0.424559048343
 40
0.495519848144
 40
0.5706282036190001
 40
0.6111622875150001
 40
0.6554432764730001
 40
0.7032352671810001
 40
0.755139895406
 40
0.8106094818439999
 40
0.8697306555299999
 40
0.933057780729
 40
1.0
 40
1.0
 40
1.0
 40
1.0
 10
153.5859722663153
 20
101.1620046931155
 30
0.000000000001819
 10
153.5860448529056
 20
101.1654287615825
 30
0.000000000001819
 10
153.5861850668843
 20
101.1720429620115
 30
0.000000000001819
 10
153.5872545940074
 20
101.1815631997545
 30
0.000000000001819
 10
153.5890922894487
 20
101.1902758765505
 30
0.000000000001819
 10
153.5916575858173
 20
101.1983076990665
 30
0.000000000001819
 10
153.5951871498364
 20
101.2058428612335
 30
0.000000000001819
 10
153.5995415490342
 20
101.2132021728915
 30
0.000000000001819
 10
153.6049474865049
 20
101.2204044939595
 30
0.000000000001819
 10
153.6101942988771
 20
101.2262546481275
 30
0.000000000001819
 10
153.6148998737699
 20
101.2310695474775
 30
0.000000000001819
 10
153.6190433648917
 20
101.2348104539135
 30
0.000000000001819
 10
153.6235848881588
 20
101.2388216724125
 30
0.000000000001819
 10
153.6286524889819
 20
101.2429414428455
 30
0.000000000001819
 10
153.6341279725184
 20
101.2473132913055
 30
0.000000000001819
 10
153.6401157415748
 20
101.2518100783265
 30
0.000000000001819
 10
153.6465827943939
 20
101.2564685835365
 30
0.000000000001819
 10
153.6510687542104
 20
101.2596196685285
 30
0.000000000001819
 10
153.6533739788738
 20
101.2612389337785
 30
0.000000000001819
  0
SPLINE
  5
1768
330
70
100
AcDbEntity
  8
Visible
100
AcDbSpline
210
0.0
220
0.0
230
1.0
 70
     8
 71
     3
 72
    23
 73
    19
 74
     0
 42
0.000000001
 43
0.0000000001
 40
0.0
 40
0.0
 40
0.0
 40
0.0
 40
0.094950063569
 40
0.183536128229
 40
0.265927853533
 40
0.342863666267
 40
0.413040124449
 40
0.4780384617890001
 40
0.5372905658230001
 40
0.5913979484350001
 40
0.6425334708440001
 40
0.693176249688
 40
0.7431571781050001
 40
0.7930760301230001
 40
0.8435828621089999
 40
0.894810575248
 40
0.9469951674649999
 40
1.0
 40
1.0
 40
1.0
 40
1.0
 10
153.6533739788738
 20
101.2612389337785
 30
0.000000000001819
 10
153.6557351343508
 20
101.2628938362165
 30
0.000000000001819
 10
153.6602991895834
 20
101.2660927217645
 30
0.000000000001819
 10
153.6667180330478
 20
101.2709930845035
 30
0.000000000001819
 10
153.6726306079617
 20
101.2756548718835
 30
0.000000000001819
 10
153.6778817945233
 20
101.2802381877675
 30
0.000000000001819
 10
153.6826324137855
 20
101.2845903078535
 30
0.000000000001819
 10
153.6867268036749
 20
101.2888475215545
 30
0.000000000001819
 10
153.6903090470496
 20
101.2929121733125
 30
0.000000000001819
 10
153.6933460740129
 20
101.2968842100825
 30
0.000000000001819
 10
153.6958939107208
 20
101.3008800488995
 30
0.000000000001819
 10
153.6980607520163
 20
101.3049502214155
 30
0.000000000001819
 10
153.6999412147124
 20
101.3091233178565
 30
0.000000000001819
 10
153.7013829756488
 20
101.3134624765065
 30
0.000000000001819
 10
153.702581699139
 20
101.3179110076995
 30
0.000000000001819
 10
153.7034429366013
 20
101.3225107739065
 30
0.000000000001819
 10
153.7038984742048
 20
101.3272439930755
 30
0.000000000001819
 10
153.7039870525295
 20
101.3304371688665
 30
0.000000000001819
 10
153.704031687048
 20
101.3320462065475
 30
0.000000000001819
  0
SPLINE
  5
1769
330
70
100
AcDbEntity
  8
Visible
100
AcDbSpline
210
0.0
220
0.0
230
1.0
 70
     8
 71
     3
 72
    23
 73
    19
 74
     0
 42
0.000000001
 43
0.0000000001
 40
0.0
 40
0.0
 40
0.0
 40
0.0
 40
0.066013379019
 40
0.129259960311
 40
0.189576981752
 40
0.247790742613
 40
0.305020856584
 40
0.361934600655
 40
0.419111473762
 40
0.4774297745540001
 40
0.536669619674
 40
0.5965195795080001
 40
0.6572929149280001
 40
0.720522296094
 40
0.7854893327710001
 40
0.8538087554849999
 40
0.924758606045
 40
1.0
 40
1.0
 40
1.0
 40
1.0
 10
153.704031687048
 20
101.3320462065475
 30
0.000000000001819
 10
153.7040016511273
 20
101.3336252131545
 30
0.000000000001819
 10
153.7039428381704
 20
101.3367170459655
 30
0.000000000001819
 10
153.7032993753073
 20
101.3412118466175
 30
0.000000000001819
 10
153.7023351752978
 20
101.3454559875665
 30
0.000000000001819
 10
153.7008891771347
 20
101.3494116603355
 30
0.000000000001819
 10
153.6990850674137
 20
101.3531222586305
 30
0.000000000001819
 10
153.696910829607
 20
101.3566039003575
 30
0.000000000001819
 10
153.69428556618
 20
101.3597965407505
 30
0.000000000001819
 10
153.6912406376414
 20
101.3626679151215
 30
0.000000000001819
 10
153.6878844642451
 20
101.3652697248535
 30
0.000000000001819
 10
153.6842332441883
 20
101.3675556160795
 30
0.000000000001819
 10
153.6802610037975
 20
101.3694564246215
 30
0.000000000001819
 10
153.6760087851307
 20
101.3709941818455
 30
0.000000000001819
 10
153.6714766666937
 20
101.3722550299295
 30
0.000000000001819
 10
153.6666567629163
 20
101.3730663229525
 30
0.000000000001819
 10
153.6615533156109
 20
101.3736089888975
 30
0.000000000001819
 10
153.6580581364342
 20
101.3736803115345
 30
0.000000000001819
 10
153.6562592451646
 20
101.3737170197155
 30
0.000000000001819
  0
SPLINE
  5
176A
330
70
100
AcDbEntity
  8
Visible
100
AcDbSpline
210
0.0
220
0.0
230
1.0
 70
     8
 71
     3
 72
    15
 73
    11
 74
     0
 42
0.000000001
 43
0.0000000001
 40
0.0
 40
0.0
 40
0.0
 40
0.0
 40
0.1115607331
 40
0.225528802638
 40
0.342928164436
 40
0.46655050235
 40
0.594311147894
 40
0.724969404458
 40
0.8596850975269999
 40
1.0
 40
1.0
 40
1.0
 40
1.0
 10
153.6562592451646
 20
101.3737170197155
 30
0.000000000001819
 10
153.6536511453541
 20
101.3736272735775
 30
0.000000000001819
 10
153.6483786663084
 20
101.3734458446985
 30
0.000000000001819
 10
153.6404851937059
 20
101.3719037999025
 30
0.000000000001819
 10
153.632560407028
 20
101.3694128365635
 30
0.000000000001819
 10
153.6246636527266
 20
101.3659329821385
 30
0.000000000001819
 10
153.6168150824069
 20
101.3616573624355
 30
0.000000000001819
 10
153.6092290290344
 20
101.3564563765295
 30
0.000000000001819
 10
153.6018936923446
 20
101.3504294549055
 30
0.000000000001819
 10
153.5973644736223
 20
101.3458674251695
 30
0.000000000001819
 10
153.5950537602184
 20
101.3435399722685
 30
0.000000000001819
  0
LINE
  5
176B
330
70
100
AcDbEntity
  8
Visible
100
AcDbLine
 10
153.595054
 20
101.34354
 30
0.0
 11
153.595054
 21
101.373906
 31
0.0
210
0.0
220
1.0
230
0.0
  0
SPLINE
  5
176C
330
70
100
AcDbEntity
  8
Visible
100
AcDbSpline
210
0.0
220
0.0
230
1.0
 70
     8
 71
     3
 72
    15
 73
    11
 74
     0
 42
0.000000001
 43
0.0000000001
 40
0.0
 40
0.0
 40
0.0
 40
0.0
 40
0.12288910438
 40
0.2431643664
 40
0.361851359605
 40
0.4801928827470001
 40
0.600606751224
 40
0.726086327202
 40
0.8590152589569999
 40
1.0
 40
1.0
 40
1.0
 40
1.0
 10
153.5950537602184
 20
101.3739062175045
 30
0.000000000001819
 10
153.5971311530411
 20
101.3759931318435
 30
0.000000000001819
 10
153.6012417526908
 20
101.3801225720035
 30
0.000000000001819
 10
153.6079760069133
 20
101.3856160831635
 30
0.000000000001819
 10
153.6152326240462
 20
101.3901811128935
 30
0.000000000001819
 10
153.622842602288
 20
101.3941290309705
 30
0.000000000001819
 10
153.6310154299335
 20
101.3972518421395
 30
0.000000000001819
 10
153.6398514203683
 20
101.3993898265855
 30
0.000000000001819
 10
153.649342720626
 20
101.4007500764575
 30
0.000000000001819
 10
153.6559074900524
 20
101.4008896580665
 30
0.000000000001819
 10
153.6592864098002
 20
101.4009615014225
 30
0.000000000001819
  0
SPLINE
  5
176D
330
70
100
AcDbEntity
  8
Visible
100
AcDbSpline
210
0.0
220
0.0
230
1.0
 70
     8
 71
     3
 72
    23
 73
    19
 74
     0
 42
0.000000001
 43
0.0000000001
 40
0.0
 40
0.0
 40
0.0
 40
0.0
 40
0.072844641267
 40
0.142705946837
 40
0.209505757345
 40
0.273873917096
 40
0.336506677263
 40
0.39788021709
 40
0.458241387872
 40
0.518423934101
 40
0.5778969195800001
 40
0.635861372922
 40
0.6936564541630001
 40
0.751475761794
 40
0.8102425346589999
 40
0.870927654824
 40
0.9338281610119999
 40
1.0
 40
1.0
 40
1.0
 40
1.0
 10
153.6592864098002
 20
101.4009615014225
 30
0.000000000001819
 10
153.6620324100513
 20
101.4009110043085
 30
0.000000000001819
 10
153.6674119487416
 20
101.4008120781785
 30
0.000000000001819
 10
153.6752651238621
 20
101.3999213924245
 30
0.000000000001819
 10
153.6827349304276
 20
101.3986048155535
 30
0.000000000001819
 10
153.6897592533478
 20
101.3965707269345
 30
0.000000000001819
 10
153.696427536539
 20
101.3941059158125
 30
0.000000000001819
 10
153.7026297266966
 20
101.3909460484345
 30
0.000000000001819
 10
153.7084491785499
 20
101.3873032837675
 30
0.000000000001819
 10
153.7137810590411
 20
101.3830890289725
 30
0.000000000001819
 10
153.7186077167189
 20
101.3784338320215
 30
0.000000000001819
 10
153.7228104220157
 20
101.3733220625395
 30
0.000000000001819
 10
153.7263783245435
 20
101.3678213870185
 30
0.000000000001819
 10
153.7292662002073
 20
101.3619037761855
 30
0.000000000001819
 10
153.7315663143381
 20
101.3556174967035
 30
0.000000000001819
 10
153.7331543161253
 20
101.3489183364075
 30
0.000000000001819
 10
153.734114124305
 20
101.3418177653135
 30
0.000000000001819
 10
153.7342392069567
 20
101.3369526758405
 30
0.000000000001819
 10
153.7343033333891
 20
101.3344584783655
 30
0.000000000001819
  0
SPLINE
  5
176E
330
70
100
AcDbEntity
  8
Visible
100
AcDbSpline
210
0.0
220
0.0
230
1.0
 70
     8
 71
     3
 72
    23
 73
    19
 74
     0
 42
0.000000001
 43
0.0000000001
 40
0.0
 40
0.0
 40
0.0
 40
0.0
 40
0.061414356458
 40
0.121339200965
 40
0.179057285666
 40
0.235797234485
 40
0.291452965269
 40
0.346050879689
 40
0.400195035393
 40
0.454032824955
 40
0.5094310564570001
 40
0.5685093580660001
 40
0.630369466067
 40
0.696400496975
 40
0.7661669255830001
 40
0.8401751844919999
 40
0.9178300065590001
 40
0.999999999999
 40
0.999999999999
 40
0.999999999999
 40
0.999999999999
 10
153.7343033333891
 20
101.3344584783655
 30
0.000000000001819
 10
153.7342733025489
 20
101.3322179314765
 30
0.000000000001819
 10
153.7342139692209
 20
101.3277911787605
 30
0.000000000001819
 10
153.7335555256049
 20
101.3212882165605
 30
0.000000000001819
 10
153.7326390929083
 20
101.3149925014945
 30
0.000000000001819
 10
153.7312734363786
 20
101.3089322600455
 30
0.000000000001819
 10
153.7294479874144
 20
101.3031180899715
 30
0.000000000001819
 10
153.7273452691788
 20
101.2974977780245
 30
0.000000000001819
 10
153.7247691017492
 20
101.2921492382855
 30
0.000000000001819
 10
153.7218029185769
 20
101.2869766499915
 30
0.000000000001819
 10
153.7183521687748
 20
101.2818912938575
 30
0.000000000001819
 10
153.7143146829512
 20
101.2768806562925
 30
0.000000000001819
 10
153.7098043382139
 20
101.2717619055135
 30
0.000000000001819
 10
153.7046699532693
 20
101.2666974438405
 30
0.000000000001819
 10
153.6990513777837
 20
101.2614988996655
 30
0.000000000001819
 10
153.6927785951557
 20
101.2564088763475
 30
0.000000000001819
 10
153.6860710443052
 20
101.2511391972325
 30
0.000000000001819
 10
153.6812828260772
 20
101.2478131274745
 30
0.000000000001819
 10
153.6788210815793
 20
101.2461031106065
 30
0.000000000001819
  0
SPLINE
  5
176F
330
70
100
AcDbEntity
  8
Visible
100
AcDbSpline
210
0.0
220
0.0
230
1.0
 70
     8
 71
     3
 72
    23
 73
    19
 74
     0
 42
0.000000001
 43
0.0000000001
 40
0.0
 40
0.0
 40
0.0
 40
0.0
 40
0.094110302831
 40
0.181000671302
 40
0.259705121232
 40
0.330515693155
 40
0.394133622798
 40
0.449584217621
 40
0.497569223661
 40
0.537731756764
 40
0.607398045797
 40
0.670495543333
 40
0.7275154790990001
 40
0.7791229249340001
 40
0.8292334926409999
 40
0.88214002571
 40
0.938893586404
 40
1.0
 40
1.0
 40
1.0
 40
1.0
 10
153.6788210815793
 20
101.2461031106065
 30
0.000000000001819
 10
153.6763415409787
 20
101.2443905622225
 30
0.000000000001819
 10
153.6715726846505
 20
101.2410968483785
 30
0.000000000001819
 10
153.6647971077836
 20
101.2362754246485
 30
0.000000000001819
 10
153.658631517801
 20
101.2318838332645
 30
0.000000000001819
 10
153.6531211354522
 20
101.2278570999205
 30
0.000000000001819
 10
153.648278693201
 20
101.2241801925725
 30
0.000000000001819
 10
153.644048036791
 20
101.2209071138955
 30
0.000000000001819
 10
153.6404491693101
 20
101.2180441603065
 30
0.000000000001819
 10
153.6366082719014
 20
101.2147596695025
 30
0.000000000001819
 10
153.632554129339
 20
101.2109811533195
 30
0.000000000001819
 10
153.628455175367
 20
101.2064854318635
 30
0.000000000001819
 10
153.6251397996511
 20
101.2020833934805
 30
0.000000000001819
 10
153.6226103052086
 20
101.1976614674355
 30
0.000000000001819
 10
153.620678939822
 20
101.1930831173295
 30
0.000000000001819
 10
153.6194573689572
 20
101.1881021717135
 30
0.000000000001819
 10
153.6186072653727
 20
101.1826879864925
 30
0.000000000001819
 10
153.6185460330325
 20
101.1789100505875
 30
0.000000000001819
 10
153.6185142861341
 20
101.1769513184955
 30
0.000000000001819
  0
LINE
  5
1770
330
70
100
AcDbEntity
  8
Visible
100
AcDbLine
 10
153.618514
 20
101.176951
 30
0.0
 11
153.740358
 21
101.176951
 31
0.0
210
0.0
220
1.0
230
0.0
  0
LINE
  5
1771
330
70
100
AcDbEntity
  8
Visible
100
AcDbLine
 10
153.740358
 20
101.176951
 30
0.0
 11
153.740358
 21
101.149707
 31
0.0
210
0.0
220
1.0
230
0.0
  0
LINE
  5
1772
330
70
100
AcDbEntity
  8
Visible
100
AcDbLine
 10
153.740358
 20
101.149707
 30
0.0
 11
153.585972
 21
101.149707
 31
0.0
210
0.0
220
1.0
230
0.0
  0
LINE
  5
1773
330
70
100
AcDbEntity
  8
Visible
100
AcDbLine
 10
153.585972
 20
101.149707
 30
0.0
 11
153.585972
 21
101.162005
 31
0.0
210
0.0
220
1.0
230
0.0
  0
LINE
  5
1774
330
70
100
AcDbEntity
  8
Visible
100
AcDbLine
 10
153.44975
 20
101.258685
 30
0.0
 11
153.543592
 21
101.258685
 31
0.0
210
0.0
220
1.0
230
0.0
  0
LINE
  5
1775
330
70
100
AcDbEntity
  8
Visible
100
AcDbLine
 10
153.543592
 20
101.258685
 30
0.0
 11
153.543592
 21
101.234467
 31
0.0
210
0.0
220
1.0
230
0.0
  0
LINE
  5
1776
330
70
100
AcDbEntity
  8
Visible
100
AcDbLine
 10
153.543592
 20
101.234467
 30
0.0
 11
153.44975
 21
101.234467
 31
0.0
210
0.0
220
1.0
230
0.0
  0
LINE
  5
1777
330
70
100
AcDbEntity
  8
Visible
100
AcDbLine
 10
153.44975
 20
101.234467
 30
0.0
 11
153.44975
 21
101.258685
 31
0.0
210
0.0
220
1.0
230
0.0
  0
LINE
  5
1778
330
70
100
AcDbEntity
  8
Visible
100
AcDbLine
 10
153.24693
 20
101.397934
 30
0.0
 11
153.422505
 21
101.397934
 31
0.0
210
0.0
220
1.0
230
0.0
  0
LINE
  5
1779
330
70
100
AcDbEntity
  8
Visible
100
AcDbLine
 10
153.422505
 20
101.397934
 30
0.0
 11
153.422505
 21
101.37069
 31
0.0
210
0.0
220
1.0
230
0.0
  0
LINE
  5
177A
330
70
100
AcDbEntity
  8
Visible
100
AcDbLine
 10
153.422505
 20
101.37069
 30
0.0
 11
153.349853
 21
101.37069
 31
0.0
210
0.0
220
1.0
230
0.0
  0
LINE
  5
177B
330
70
100
AcDbEntity
  8
Visible
100
AcDbLine
 10
153.349853
 20
101.37069
 30
0.0
 11
153.349853
 21
101.149707
 31
0.0
210
0.0
220
1.0
230
0.0
  0
LINE
  5
177C
330
70
100
AcDbEntity
  8
Visible
100
AcDbLine
 10
153.349853
 20
101.149707
 30
0.0
 11
153.316555
 21
101.149707
 31
0.0
210
0.0
220
1.0
230
0.0
  0
LINE
  5
177D
330
70
100
AcDbEntity
  8
Visible
100
AcDbLine
 10
153.316555
 20
101.149707
 30
0.0
 11
153.316555
 21
101.37069
 31
0.0
210
0.0
220
1.0
230
0.0
  0
LINE
  5
177E
330
70
100
AcDbEntity
  8
Visible
100
AcDbLine
 10
153.316555
 20
101.37069
 30
0.0
 11
153.24693
 21
101.37069
 31
0.0
210
0.0
220
1.0
230
0.0
  0
LINE
  5
177F
330
70
100
AcDbEntity
  8
Visible
100
AcDbLine
 10
153.24693
 20
101.37069
 30
0.0
 11
153.24693
 21
101.397934
 31
0.0
210
0.0
220
1.0
230
0.0
  0
SPLINE
  5
1780
330
70
100
AcDbEntity
  8
Visible
100
AcDbSpline
210
0.0
220
0.0
230
1.0
 70
     8
 71
     3
 72
    23
 73
    19
 74
     0
 42
0.000000001
 43
0.0000000001
 40
0.0
 40
0.0
 40
0.0
 40
0.0
 40
0.073178749511
 40
0.142926896138
 40
0.209658226279
 40
0.273748645546
 40
0.335786464019
 40
0.396322523644
 40
0.4561187824870001
 40
0.5159791205470001
 40
0.575252643333
 40
0.633438036904
 40
0.6911017349710001
 40
0.749526451264
 40
0.808848938636
 40
0.8700173244229999
 40
0.933455222425
 40
1.0
 40
1.0
 40
1.0
 40
1.0
 10
153.2227125102199
 20
101.2767531525285
 30
0.000000000001819
 10
153.2226151499253
 20
101.2718926810795
 30
0.000000000001819
 10
153.222424993568
 20
101.2623995959625
 30
0.000000000001819
 10
153.220869038787
 20
101.2485480486085
 30
0.000000000001819
 10
153.2184351268061
 20
101.2354361982795
 30
0.000000000001819
 10
153.2147841875448
 20
101.2231416149295
 30
0.000000000001819
 10
153.2102857288228
 20
101.2115716395465
 30
0.000000000001819
 10
153.2046519952728
 20
101.2008251657845
 30
0.000000000001819
 10
153.1980547048661
 20
101.1908180206595
 30
0.000000000001819
 10
153.190445279899
 20
101.1816616630355
 30
0.000000000001819
 10
153.1819891899849
 20
101.1734380192035
 30
0.000000000001819
 10
153.1728251566692
 20
101.1662424912245
 30
0.000000000001819
 10
153.1629412551756
 20
101.1601700847685
 30
0.000000000001819
 10
153.1523455066217
 20
101.1552823221785
 30
0.000000000001819
 10
153.1411134162372
 20
101.1513462856035
 30
0.000000000001819
 10
153.129182230261
 20
101.1486345214165
 30
0.000000000001819
 10
153.1165702501021
 20
101.1470096638395
 30
0.000000000001819
 10
153.1079374662131
 20
101.1467914083165
 30
0.000000000001819
 10
153.1035179027494
 20
101.1466796721545
 30
0.000000000001819
  0
SPLINE
  5
1781
330
70
100
AcDbEntity
  8
Visible
100
AcDbSpline
210
0.0
220
0.0
230
1.0
 70
     8
 71
     3
 72
    23
 73
    19
 74
     0
 42
0.000000001
 43
0.0000000001
 40
0.0
 40
0.0
 40
0.0
 40
0.0
 40
0.067285917427
 40
0.131649276152
 40
0.19378127125
 40
0.253984280536
 40
0.313256820683
 40
0.372096496999
 40
0.431256889497
 40
0.491689148649
 40
0.552355789771
 40
0.6128061105700001
 40
0.673402732462
 40
0.734686051741
 40
0.797478300357
 40
0.86234241732
 40
0.9297611530619999
 40
0.999999999999
 40
0.999999999999
 40
0.999999999999
 40
0.999999999999
 10
153.1035179027494
 20
101.1466796721545
 30
0.000000000001819
 10
153.0992071182754
 20
101.1467634756095
 30
0.000000000001819
 10
153.0907727879203
 20
101.1469274425225
 30
0.000000000001819
 10
153.0784683347974
 20
101.1486839107455
 30
0.000000000001819
 10
153.0667729372653
 20
101.1512387729075
 30
0.000000000001819
 10
153.0557810792033
 20
101.1550997061995
 30
0.000000000001819
 10
153.0453881838784
 20
101.1598821725135
 30
0.000000000001819
 10
153.0357624429598
 20
101.1659414665165
 30
0.000000000001819
 10
153.0266808856886
 20
101.1729036259125
 30
0.000000000001819
 10
153.0184128795135
 20
101.1809931947845
 30
0.000000000001819
 10
153.0109553893398
 20
101.1899292341795
 30
0.000000000001819
 10
153.0043778379877
 20
101.1995513848275
 30
0.000000000001819
 10
152.9988912326335
 20
101.2098791055995
 30
0.000000000001819
 10
152.9943690048367
 20
101.2208226467355
 30
0.000000000001819
 10
152.9908740780447
 20
101.2324227950425
 30
0.000000000001819
 10
152.988369127328
 20
101.2446736210245
 30
0.000000000001819
 10
152.9869039651021
 20
101.2575770041735
 30
0.000000000001819
 10
152.9866985039261
 20
101.2663908275255
 30
0.000000000001819
 10
152.9865936687565
 20
101.2708880210495
 30
0.000000000001819
  0
SPLINE
  5
1782
330
70
100
AcDbEntity
  8
Visible
100
AcDbSpline
210
0.0
220
0.0
230
1.0
 70
     8
 71
     3
 72
    23
 73
    19
 74
     0
 42
0.000000001
 43
0.0000000001
 40
0.0
 40
0.0
 40
0.0
 40
0.0
 40
0.072411985471
 40
0.141185226198
 40
0.20724570108
 40
0.270804927702
 40
0.332348649214
 40
0.392445284386
 40
0.452134190718
 40
0.511710820507
 40
0.5708874063590001
 40
0.629022463932
 40
0.6873178680510001
 40
0.745845374104
 40
0.805776283882
 40
0.8678794705539999
 40
0.9322897110999999
 40
1.0
 40
1.0
 40
1.0
 40
1.0
 10
152.9865936687565
 20
101.2708880210495
 30
0.000000000001819
 10
152.9866926298746
 20
101.2757322514075
 30
0.000000000001819
 10
152.9868855792611
 20
101.2851772867075
 30
0.000000000001819
 10
152.9884154969531
 20
101.2989760200395
 30
0.000000000001819
 10
152.9909660796402
 20
101.3120108510625
 30
0.000000000001819
 10
152.9944655043036
 20
101.3243319343205
 30
0.000000000001819
 10
152.999156353193
 20
101.3358204566995
 30
0.000000000001819
 10
153.0047479682798
 20
101.3466026575655
 30
0.000000000001819
 10
153.0113813287607
 20
101.3566309778495
 30
0.000000000001819
 10
153.0190695981073
 20
101.3657880941525
 30
0.000000000001819
 10
153.0275399099082
 20
101.3740812482555
 30
0.000000000001819
 10
153.036857198631
 20
101.3812756577515
 30
0.000000000001819
 10
153.0468566319032
 20
101.3873986092375
 30
0.000000000001819
 10
153.0575930364393
 20
101.3924109587455
 30
0.000000000001819
 10
153.0690749285168
 20
101.3962365258535
 30
0.000000000001819
 10
153.0812635557522
 20
101.3989486551435
 30
0.000000000001819
 10
153.0941680024243
 20
101.4006483870655
 30
0.000000000001819
 10
153.1030079710472
 20
101.4008554063575
 30
0.000000000001819
 10
153.10753835578
 20
101.4009615014225
 30
0.000000000001819
  0
SPLINE
  5
1783
330
70
100
AcDbEntity
  8
Visible
100
AcDbSpline
210
0.0
220
0.0
230
1.0
 70
     8
 71
     3
 72
    23
 73
    19
 74
     0
 42
0.000000001
 43
0.0000000001
 40
0.0
 40
0.0
 40
0.0
 40
0.0
 40
0.066566919292
 40
0.130199026132
 40
0.191659319962
 40
0.251309166905
 40
0.310250092502
 40
0.368992664565
 40
0.428177605511
 40
0.488722658823
 40
0.549700035676
 40
0.6103406372800001
 40
0.6710705521090001
 40
0.732733941642
 40
0.79594067723
 40
0.861257413216
 40
0.9292265794749999
 40
1.0
 40
1.0
 40
1.0
 40
1.0
 10
153.10753835578
 20
101.4009615014225
 30
0.000000000001819
 10
153.111769819121
 20
101.4008755950415
 30
0.000000000001819
 10
153.1200461884036
 20
101.4007075697345
 30
0.000000000001819
 10
153.1321272638397
 20
101.3989815497305
 30
0.000000000001819
 10
153.1435697416982
 20
101.3963117974695
 30
0.000000000001819
 10
153.1544096845773
 20
101.3925785074475
 30
0.000000000001819
 10
153.1645685075909
 20
101.3876556026095
 30
0.000000000001819
 10
153.1741436118464
 20
101.3817334246155
 30
0.000000000001819
 10
153.1830395829092
 20
101.3746626556145
 30
0.000000000001819
 10
153.1912272258487
 20
101.3665883864255
 30
0.000000000001819
 10
153.1986446869723
 20
101.3576791197145
 30
0.000000000001819
 10
153.2050962569192
 20
101.3480329262995
 30
0.000000000001819
 10
153.2105742317217
 20
101.3377533980495
 30
0.000000000001819
 10
153.2150268677851
 20
101.3268143202255
 30
0.000000000001819
 10
153.2184881713729
 20
101.3152175627965
 30
0.000000000001819
 10
153.220904869826
 20
101.3029580513305
 30
0.000000000001819
 10
153.2224818578561
 20
101.2900696361805
 30
0.000000000001819
 10
153.2226345970466
 20
101.2812513916335
 30
0.000000000001819
 10
153.2227125102199
 20
101.2767531525285
 30
0.000000000001819
  0
LINE
  5
1784
330
70
100
AcDbEntity
  8
Visible
100
AcDbLine
 10
152.133819
 20
102.073743
 30
0.0
 11
154.913967
 21
102.073743
 31
0.0
210
0.0
220
1.0
230
0.0
  0
LINE
  5
1785
330
70
100
AcDbEntity
  8
Visible
100
AcDbLine
 10
152.084174
 20
100.534733
 30
0.0
 11
152.084174
 21
102.024098
 31
0.0
210
0.0
220
1.0
230
0.0
  0
LINE
  5
1786
330
70
100
AcDbEntity
  8
Visible
100
AcDbLine
 10
154.913967
 20
100.485087
 30
0.0
 11
152.133819
 21
100.485087
 31
0.0
210
0.0
220
1.0
230
0.0
  0
LINE
  5
1787
330
70
100
AcDbEntity
  8
Visible
100
AcDbLine
 10
154.963613
 20
102.024098
 30
0.0
 11
154.963613
 21
100.534733
 31
0.0
210
0.0
220
1.0
230
0.0
  0
ARC
  5
1788
330
70
100
AcDbEntity
  8
Visible
100
AcDbCircle
 10
152.133819
 20
100.534733
 30
0.0
 40
0.0496453767189087
100
AcDbArc
 50
179.999963
 51
181.3486
  0
ARC
  5
1789
330
70
100
AcDbEntity
  8
Visible
100
AcDbCircle
 10
152.13382
 20
102.024098
 30
0.0
 40
0.0496458845866133
100
AcDbArc
 50
178.651396
 51
180.000025
  0
SPLINE
  5
178A
330
70
100
AcDbEntity
  8
Visible
100
AcDbSpline
210
0.0
220
0.0
230
1.0
 70
    12
 71
     3
 72
     8
 73
     4
 74
     0
 42
0.000000001
 43
0.0000000001
 40
6.259647202305999
 40
6.259647202305999
 40
6.259647202305999
 40
6.259647202305999
 40
6.283185307179
 40
6.283185307179
 40
6.283185307179
 40
6.283185307179
 10
152.1326507749818
 20
100.4851008460675
 30
0.000000000001819
 41
1.0
 10
152.1330401963987
 20
100.4850916781305
 30
0.000000000001819
 41
0.9999538303339999
 10
152.1334296987443
 20
100.4850870938455
 30
0.000000000001819
 41
0.9999538303339999
 10
152.1338192280636
 20
100.4850870938455
 30
0.000000000001819
 41
1.0
  0
SPLINE
  5
178B
330
70
100
AcDbEntity
  8
Visible
100
AcDbSpline
210
0.0
220
0.0
230
1.0
 70
    12
 71
     3
 72
     8
 73
     4
 74
     0
 42
0.000000001
 43
0.0000000001
 40
0.0000000000000042
 40
0.0000000000000042
 40
0.0000000000000042
 40
0.0000000000000042
 40
0.023538104873
 40
0.023538104873
 40
0.023538104873
 40
0.023538104873
 10
154.9139672280635
 20
100.4850870938455
 30
0.000000000001819
 41
1.0
 10
154.9143567573828
 20
100.4850870938455
 30
0.000000000001819
 41
0.9999538303339999
 10
154.9147462597266
 20
100.4850916781305
 30
0.000000000001819
 41
0.9999538303339999
 10
154.9151356811453
 20
100.4851008460675
 30
0.000000000001819
 41
1.0
  0
SPLINE
  5
178C
330
70
100
AcDbEntity
  8
Visible
100
AcDbSpline
210
0.0
220
0.0
230
1.0
 70
    12
 71
     3
 72
     8
 73
     4
 74
     0
 42
0.000000001
 43
0.0000000001
 40
6.259647202305999
 40
6.259647202305999
 40
6.259647202305999
 40
6.259647202305999
 40
6.283185307179
 40
6.283185307179
 40
6.283185307179
 40
6.283185307179
 10
154.9151356811453
 20
102.0737293416235
 30
0.000000000001819
 41
1.0
 10
154.9147462597266
 20
102.0737385095605
 30
0.000000000001819
 41
0.9999538303339999
 10
154.9143567573828
 20
102.0737430938455
 30
0.000000000001819
 41
0.9999538303339999
 10
154.9139672280635
 20
102.0737430938455
 30
0.000000000001819
 41
1.0
  0
SPLINE
  5
178D
330
70
100
AcDbEntity
  8
Visible
100
AcDbSpline
210
0.0
220
0.0
230
1.0
 70
    12
 71
     3
 72
     8
 73
     4
 74
     0
 42
0.000000001
 43
0.0000000001
 40
0.0000000000000042
 40
0.0000000000000042
 40
0.0000000000000042
 40
0.0000000000000042
 40
0.023538104873
 40
0.023538104873
 40
0.023538104873
 40
0.023538104873
 10
152.1338192280636
 20
102.0737430938445
 30
0.000000000001819
 41
1.0
 10
152.1334296987443
 20
102.0737430938445
 30
0.000000000001819
 41
0.9999538303339999
 10
152.1330401963987
 20
102.0737385095605
 30
0.000000000001819
 41
0.9999538303339999
 10
152.1326507749818
 20
102.0737293416235
 30
0.000000000001819
 41
1.0
  0
ARC
  5
178E
330
70
100
AcDbEntity
  8
Visible
100
AcDbCircle
 10
154.913967
 20
102.024098
 30
0.0
 40
0.0496453738428601
100
AcDbArc
 50
359.999946
 51
1.348584
  0
ARC
  5
178F
330
70
100
AcDbEntity
  8
Visible
100
AcDbCircle
 10
154.913967
 20
100.534733
 30
0.0
 40
0.0496454073160777
100
AcDbArc
 50
358.651416
 51
0.000053
  0
ARC
  5
1790
330
70
100
AcDbEntity
  8
Visible
100
AcDbCircle
 10
154.913967
 20
102.024098
 30
0.0
 40
0.0496455000027813
100
AcDbArc
 50
1.348634
 51
88.651366
  0
ARC
  5
1791
330
70
100
AcDbEntity
  8
Visible
100
AcDbCircle
 10
154.913967
 20
100.534733
 30
0.0
 40
0.0496455000027807
100
AcDbArc
 50
271.348634
 51
358.651366
  0
ARC
  5
1792
330
70
100
AcDbEntity
  8
Visible
100
AcDbCircle
 10
152.133819
 20
102.024098
 30
0.0
 40
0.0496455000027807
100
AcDbArc
 50
91.348634
 51
178.651366
  0
ARC
  5
1793
330
70
100
AcDbEntity
  8
Visible
100
AcDbCircle
 10
152.133819
 20
100.534733
 30
0.0
 40
0.0496455000027813
100
AcDbArc
 50
181.348634
 51
268.651366
  0
SPLINE
  5
1794
330
70
100
AcDbEntity
  8
Visible
100
AcDbSpline
210
0.0
220
0.0
230
1.0
 70
     8
 71
     3
 72
    23
 73
    19
 74
     0
 42
0.000000001
 43
0.0000000001
 40
0.0
 40
0.0
 40
0.0
 40
0.0
 40
0.063281169409
 40
0.123966409924
 40
0.182584822319
 40
0.240281294667
 40
0.29754594957
 40
0.355103565631
 40
0.413767173416
 40
0.47406568392
 40
0.535502152614
 40
0.5968929766410001
 40
0.658861401347
 40
0.722425443317
 40
0.7876422139840001
 40
0.855581209594
 40
0.926203904735
 40
1.0
 40
1.0
 40
1.0
 40
1.0
 10
153.1056936773311
 20
101.3737170197155
 30
0.000000000001819
 10
153.1025665189117
 20
101.3736447862055
 30
0.000000000001819
 10
153.0964404848037
 20
101.3735032823615
 30
0.000000000001819
 10
153.0875091906418
 20
101.3721135827425
 30
0.000000000001819
 10
153.079011633883
 20
101.3700157375585
 30
0.000000000001819
 10
153.0709686546979
 20
101.3669810239715
 30
0.000000000001819
 10
153.0634189042648
 20
101.3629986494625
 30
0.000000000001819
 10
153.0562571871069
 20
101.3582652065945
 30
0.000000000001819
 10
153.0496192706286
 20
101.3525827579475
 30
0.000000000001819
 10
153.0434901469834
 20
101.3460987102425
 30
0.000000000001819
 10
153.0379304993603
 20
101.3389478463505
 30
0.000000000001819
 10
153.0330799952117
 20
101.3311981455905
 30
0.000000000001819
 10
153.0290043103396
 20
101.3229012626375
 30
0.000000000001819
 10
153.0256188557378
 20
101.3140936377575
 30
0.000000000001819
 10
153.0231101007102
 20
101.3046953513745
 30
0.000000000001819
 10
153.021187085922
 20
101.2948087617445
 30
0.000000000001819
 10
153.0201160833385
 20
101.2843604290805
 30
0.000000000001819
 10
153.0199680981877
 20
101.2772284412015
 30
0.000000000001819
 10
153.0198924797332
 20
101.2735840895515
 30
0.000000000001819
  0
SPLINE
  5
1795
330
70
100
AcDbEntity
  8
Visible
100
AcDbSpline
210
0.0
220
0.0
230
1.0
 70
     8
 71
     3
 72
    23
 73
    19
 74
     0
 42
0.000000001
 43
0.0000000001
 40
0.0
 40
0.0
 40
0.0
 40
0.0
 40
0.078823679906
 40
0.153511023328
 40
0.224361206375
 40
0.291439198727
 40
0.355405679136
 40
0.4169198467060001
 40
0.476441482171
 40
0.5349466253450001
 40
0.592255947574
 40
0.647966227231
 40
0.703705724292
 40
0.759628394094
 40
0.8162347051260001
 40
0.8749594587379998
 40
0.935817534038
 40
1.0
 40
1.0
 40
1.0
 40
1.0
 10
153.189413699245
 20
101.2731110950775
 30
0.000000000001819
 10
153.1893626397868
 20
101.2770083023785
 30
0.000000000001819
 10
153.1892632002618
 20
101.2845982078675
 30
0.000000000001819
 10
153.188131602139
 20
101.2956430976475
 30
0.000000000001819
 10
153.1864072626176
 20
101.3060145552915
 30
0.000000000001819
 10
153.184037417881
 20
101.3157234974175
 30
0.000000000001819
 10
153.1808320113196
 20
101.3246995293285
 30
0.000000000001819
 10
153.177026823605
 20
101.3330297166765
 30
0.000000000001819
 10
153.1724507496055
 20
101.3406549082255
 30
0.000000000001819
 10
153.1672017994533
 20
101.3475718809005
 30
0.000000000001819
 10
153.1613418386969
 20
101.3537237157025
 30
0.000000000001819
 10
153.154930132865
 20
101.3590852250805
 30
0.000000000001819
 10
153.1480095143142
 20
101.3636531738115
 30
0.000000000001819
 10
153.1405377739756
 20
101.3673515274595
 30
0.000000000001819
 10
153.1325510602382
 20
101.3702108618185
 30
0.000000000001819
 10
153.1240627912975
 20
101.3722151377725
 30
0.000000000001819
 10
153.1150495414367
 20
101.3734814759355
 30
0.000000000001819
 10
153.1088670886311
 20
101.3736371257275
 30
0.000000000001819
 10
153.1056936773311
 20
101.3737170197155
 30
0.000000000001819
  0
SPLINE
  5
1796
330
70
100
AcDbEntity
  8
Visible
100
AcDbSpline
210
0.0
220
0.0
230
1.0
 70
     8
 71
     3
 72
    23
 73
    19
 74
     0
 42
0.000000001
 43
0.0000000001
 40
0.0
 40
0.0
 40
0.0
 40
0.0
 40
0.065636258586
 40
0.128257778485
 40
0.188096663681
 40
0.246083161294
 40
0.303030236875
 40
0.359279998775
 40
0.415854870177
 40
0.4734785158720001
 40
0.5319955505900001
 40
0.5914496595110001
 40
0.652241914637
 40
0.715281929292
 40
0.781143191914
 40
0.8503290696819998
 40
0.9232428752309999
 40
1.0
 40
1.0
 40
1.0
 40
1.0
 10
153.1036125016453
 20
101.1739241538615
 30
0.000000000001819
 10
153.1068643942854
 20
101.1740055606345
 30
0.000000000001819
 10
153.1132188168994
 20
101.1741646350845
 30
0.000000000001819
 10
153.1224707540714
 20
101.1754141589625
 30
0.000000000001819
 10
153.1311883927537
 20
101.1774411649365
 30
0.000000000001819
 10
153.1393874428358
 20
101.1802759235015
 30
0.000000000001819
 10
153.1470359023096
 20
101.1839810443135
 30
0.000000000001819
 10
153.1541415071988
 20
101.1885130788805
 30
0.000000000001819
 10
153.1607029646875
 20
101.1938525864535
 30
0.000000000001819
 10
153.1667258833986
 20
101.1999538411695
 30
0.000000000001819
 10
153.1720712692913
 20
101.2068395701295
 30
0.000000000001819
 10
153.1767134685324
 20
101.2143979530225
 30
0.000000000001819
 10
153.1806596415499
 20
101.2225909261065
 30
0.000000000001819
 10
153.183872065827
 20
101.2314360016535
 30
0.000000000001819
 10
153.1863668100686
 20
101.2409373721945
 30
0.000000000001819
 10
153.1881597428091
 20
101.2510914785835
 30
0.000000000001819
 10
153.1891832384554
 20
101.2618958383755
 30
0.000000000001819
 10
153.189335575058
 20
101.2693092214205
 30
0.000000000001819
 10
153.189413699245
 20
101.2731110950775
 30
0.000000000001819
  0
SPLINE
  5
1797
330
70
100
AcDbEntity
  8
Visible
100
AcDbSpline
210
0.0
220
0.0
230
1.0
 70
     8
 71
     3
 72
    23
 73
    19
 74
     0
 42
0.000000001
 43
0.0000000001
 40
0.0
 40
0.0
 40
0.0
 40
0.0
 40
0.075387670143
 40
0.147236570443
 40
0.215927148188
 40
0.281979264106
 40
0.346129691641
 40
0.408316944656
 40
0.469878080263
 40
0.5309968607980001
 40
0.590931406446
 40
0.649188583945
 40
0.7062296221670001
 40
0.762781874156
 40
0.819591470359
 40
0.8777075814959999
 40
0.937523375596
 40
0.999999999999
 40
0.999999999999
 40
0.999999999999
 40
0.999999999999
 10
153.0198924797332
 20
101.2735840895515
 30
0.000000000001819
 10
153.0199645220891
 20
101.2699075745905
 30
0.000000000001819
 10
153.0201052250686
 20
101.2627271238215
 30
0.000000000001819
 10
153.021219300168
 20
101.2522458424065
 30
0.000000000001819
 10
153.0229779407418
 20
101.2423167361465
 30
0.000000000001819
 10
153.0255556174143
 20
101.2329543107185
 30
0.000000000001819
 10
153.0287956869488
 20
101.2241378469065
 30
0.000000000001819
 10
153.0327978410278
 20
101.2158789758975
 30
0.000000000001819
 10
153.0375396453528
 20
101.2081947033425
 30
0.000000000001819
 10
153.0429689878783
 20
101.2011197635025
 30
0.000000000001819
 10
153.0489527172103
 20
101.1947234102075
 30
0.000000000001819
 10
153.0554625302102
 20
101.1891622905125
 30
0.000000000001819
 10
153.0624062976476
 20
101.1844410752225
 30
0.000000000001819
 10
153.069786747883
 20
101.1805858624435
 30
0.000000000001819
 10
153.0776094182693
 20
101.1775790946575
 30
0.000000000001819
 10
153.0858795855656
 20
101.1754696788215
 30
0.000000000001819
 10
153.0945991718581
 20
101.1741532072285
 30
0.000000000001819
 10
153.1005647918628
 20
101.1740016045045
 30
0.000000000001819
 10
153.1036125016453
 20
101.1739241538615
 30
0.000000000001819
  0
SPLINE
  5
1798
330
70
100
AcDbEntity
  8
Visible
100
AcDbSpline
210
0.0
220
0.0
230
1.0
 70
     8
 71
     3
 72
    23
 73
    19
 74
     0
 42
0.000000001
 43
0.0000000001
 40
0.0
 40
0.0
 40
0.0
 40
0.0
 40
0.068768942482
 40
0.134905640481
 40
0.198347868734
 40
0.261135581738
 40
0.322021945735
 40
0.383418290052
 40
0.445330037696
 40
0.508618686731
 40
0.571646337566
 40
0.6335548772650001
 40
0.6942190275130001
 40
0.7539960295280001
 40
0.8143845515319998
 40
0.87461500537
 40
0.9362953544769998
 40
1.0
 40
1.0
 40
1.0
 40
1.0
 10
154.1903646053015
 20
101.2798749160565
 30
0.000000000001819
 10
154.1886438805904
 20
101.2798277900095
 30
0.000000000001819
 10
154.1852682947356
 20
101.2797353417425
 30
0.000000000001819
 10
154.1803422406174
 20
101.2790612214705
 30
0.000000000001819
 10
154.1756473686328
 20
101.2779752522345
 30
0.000000000001819
 10
154.1712160922488
 20
101.2764305689555
 30
0.000000000001819
 10
154.1670496186088
 20
101.2743952533455
 30
0.000000000001819
 10
154.1630983682353
 20
101.2720051393215
 30
0.000000000001819
 10
154.159449605615
 20
101.2690758931075
 30
0.000000000001819
 10
154.1560691926952
 20
101.2657880211305
 30
0.000000000001819
 10
154.1530170911337
 20
101.2621969956095
 30
0.000000000001819
 10
154.1502783736341
 20
101.2584341020705
 30
0.000000000001819
 10
154.1481081711226
 20
101.2544151683355
 30
0.000000000001819
 10
154.1461252321787
 20
101.2503403609235
 30
0.000000000001819
 10
154.1447675486342
 20
101.2460242977575
 30
0.000000000001819
 10
154.1436902600926
 20
101.2415903150645
 30
0.000000000001819
 10
154.143066325938
 20
101.2369763898455
 30
0.000000000001819
 10
154.143002823057
 20
101.2338385978065
 30
0.000000000001819
 10
154.142970558998
 20
101.2322443725165
 30
0.000000000001819
  0
SPLINE
  5
1799
330
70
100
AcDbEntity
  8
Visible
100
AcDbSpline
210
0.0
220
0.0
230
1.0
 70
     8
 71
     3
 72
    23
 73
    19
 74
     0
 42
0.000000001
 43
0.0000000001
 40
0.0
 40
0.0
 40
0.0
 40
0.0
 40
0.076158174718
 40
0.148496546138
 40
0.216794187126
 40
0.282059830234
 40
0.344776137005
 40
0.404701495771
 40
0.4635006242830001
 40
0.521569781676
 40
0.57832280477
 40
0.634913004553
 40
0.691083234155
 40
0.7486222885600001
 40
0.807216753306
 40
0.868475354447
 40
0.9326650869949999
 40
1.0
 40
1.0
 40
1.0
 40
1.0
 10
154.236812662657
 20
101.2267576366175
 30
0.000000000001819
 10
154.2367780742333
 20
101.2287928617225
 30
0.000000000001819
 10
154.2367106322053
 20
101.2327612328105
 30
0.000000000001819
 10
154.2361379798531
 20
101.2385323061915
 30
0.000000000001819
 10
154.2351987970942
 20
101.2439576797985
 30
0.000000000001819
 10
154.2338815138537
 20
101.2490416408715
 30
0.000000000001819
 10
154.2321749308376
 20
101.2537693124025
 30
0.000000000001819
 10
154.2301487969289
 20
101.2581837417515
 30
0.000000000001819
 10
154.2276638272924
 20
101.2622123017205
 30
0.000000000001819
 10
154.2248460960145
 20
101.2659102675175
 30
0.000000000001819
 10
154.2216355999553
 20
101.2691875098845
 30
0.000000000001819
 10
154.2181605647929
 20
101.2721141937425
 30
0.000000000001819
 10
154.2142504269995
 20
101.2744653853595
 30
0.000000000001819
 10
154.210101583476
 20
101.2764821735095
 30
0.000000000001819
 10
154.2055905180568
 20
101.2779669876625
 30
0.000000000001819
 10
154.2008079164043
 20
101.2791454429005
 30
0.000000000001819
 10
154.1956757131738
 20
101.2797151082245
 30
0.000000000001819
 10
154.1921629749104
 20
101.2798208042675
 30
0.000000000001819
 10
154.1903646053015
 20
101.2798749160565
 30
0.000000000001819
  0
SPLINE
  5
179A
330
70
100
AcDbEntity
  8
Visible
100
AcDbSpline
210
0.0
220
0.0
230
1.0
 70
     8
 71
     3
 72
    23
 73
    19
 74
     0
 42
0.000000001
 43
0.0000000001
 40
0.0
 40
0.0
 40
0.0
 40
0.0
 40
0.063788532411
 40
0.124572044415
 40
0.184054629375
 40
0.241886308774
 40
0.299954927583
 40
0.357973744822
 40
0.4173134047270001
 40
0.478108804764
 40
0.540163066631
 40
0.6020336364010001
 40
0.663863311592
 40
0.7270456890840001
 40
0.7915328008390001
 40
0.8582587458769999
 40
0.927826707498
 40
0.999999999999
 40
0.999999999999
 40
0.999999999999
 40
0.999999999999
 10
154.1906957014344
 20
101.1739241538615
 30
0.000000000001819
 10
154.1923700613188
 20
101.1739652302305
 30
0.000000000001819
 10
154.195639903497
 20
101.1740454478985
 30
0.000000000001819
 10
154.2004184609759
 20
101.1748022177035
 30
0.000000000001819
 10
154.2049678723069
 20
101.1758972712545
 30
0.000000000001819
 10
154.209274007444
 20
101.1775449755545
 30
0.000000000001819
 10
154.2133567329492
 20
101.1796054049105
 30
0.000000000001819
 10
154.2171543751283
 20
101.1822193493385
 30
0.000000000001819
 10
154.2207813057121
 20
101.1851794407705
 30
0.000000000001819
 10
154.224066977913
 20
101.1886632549985
 30
0.000000000001819
 10
154.2270927655463
 20
101.1924557781485
 30
0.000000000001819
 10
154.2296925419232
 20
101.1965880855915
 30
0.000000000001819
 10
154.2318855666181
 20
101.2009803690705
 30
0.000000000001819
 10
154.233670739788
 20
101.2056253881775
 30
0.000000000001819
 10
154.2351156616514
 20
101.2105233272345
 30
0.000000000001819
 10
154.2360775643738
 20
101.2157070116965
 30
0.000000000001819
 10
154.236722901629
 20
101.2211442000575
 30
0.000000000001819
 10
154.2367823779059
 20
101.2248637018415
 30
0.000000000001819
 10
154.236812662657
 20
101.2267576366175
 30
0.000000000001819
  0
SPLINE
  5
179B
330
70
100
AcDbEntity
  8
Visible
100
AcDbSpline
210
0.0
220
0.0
230
1.0
 70
     8
 71
     3
 72
    23
 73
    19
 74
     0
 42
0.000000001
 43
0.0000000001
 40
0.0
 40
0.0
 40
0.0
 40
0.0
 40
0.070275234782
 40
0.138099472105
 40
0.204443438758
 40
0.269053804552
 40
0.332520271835
 40
0.395627520319
 40
0.459051685743
 40
0.5228085280560001
 40
0.585403354483
 40
0.645024548512
 40
0.703576984217
 40
0.7609390449730001
 40
0.8188598402890001
 40
0.8772124100919999
 40
0.9375364632849999
 40
1.0
 40
1.0
 40
1.0
 40
1.0
 10
154.142970558998
 20
101.2322443725165
 30
0.000000000001819
 10
154.1430021694232
 20
101.2302719603525
 30
0.000000000001819
 10
154.1430642877876
 20
101.2263959280715
 30
0.000000000001819
 10
154.1436957322021
 20
101.2206852953065
 30
0.000000000001819
 10
154.1447407062624
 20
101.2152028183515
 30
0.000000000001819
 10
154.1461411749369
 20
101.2099230631785
 30
0.000000000001819
 10
154.1480157735477
 20
101.2048897794585
 30
0.000000000001819
 10
154.1502345984736
 20
101.2000368031265
 30
0.000000000001819
 10
154.1528865230921
 20
101.1953931532045
 30
0.000000000001819
 10
154.1559444423747
 20
101.1910267945095
 30
0.000000000001819
 10
154.1592997159023
 20
101.1870167057325
 30
0.000000000001819
 10
154.1629975304986
 20
101.1835333613525
 30
0.000000000001819
 10
154.1669001047667
 20
101.1805037541055
 30
0.000000000001819
 10
154.1711886870944
 20
101.1781509893625
 30
0.000000000001819
 10
154.1756756869727
 20
101.1762258746995
 30
0.000000000001819
 10
154.1804672060225
 20
101.1749152606565
 30
0.000000000001819
 10
154.1854956619699
 20
101.1740895693385
 30
0.000000000001819
 10
154.1889423363573
 20
101.1739799291545
 30
0.000000000001819
 10
154.1906957014344
 20
101.1739241538615
 30
0.000000000001819
  0
LINE
  5
179C
330
70
100
AcDbEntity
  8
Visible
100
AcDbLine
 10
152.382047
 20
100.039341
 30
0.0
 11
152.382047
 21
100.089029
 31
0.0
210
0.0
220
1.0
230
0.0
  0
LINE
  5
179D
330
70
100
AcDbEntity
  8
Visible
100
AcDbLine
 10
152.382047
 20
100.038099
 30
0.0
 11
152.382047
 21
100.039341
 31
0.0
210
0.0
220
1.0
230
0.0
  0
SPLINE
  5
179E
330
70
100
AcDbEntity
  8
Visible
100
AcDbSpline
210
0.0
220
0.0
230
1.0
 70
     8
 71
     3
 72
     8
 73
     4
 74
     0
 42
0.000000001
 43
0.0000000001
 40
0.0
 40
0.0
 40
0.0
 40
0.0
 40
0.0000157903225981
 40
0.0000157903225981
 40
0.0000157903225981
 40
0.0000157903225981
 10
152.3919758280644
 20
100.0394635822405
 30
0.000000000001819
 10
152.3867497049941
 20
100.0394635822405
 30
0.000000000001819
 10
152.3820467280638
 20
100.0386701757759
 30
0.000000000001819
 10
152.3820467280638
 20
100.0380997428615
 30
0.000000000001819
  0
LINE
  5
179F
330
70
100
AcDbEntity
  8
Visible
100
AcDbLine
 10
152.779211
 20
100.039341
 30
0.0
 11
152.779211
 21
100.038099
 31
0.0
210
0.0
220
1.0
230
0.0
  0
LINE
  5
17A0
330
70
100
AcDbEntity
  8
Visible
100
AcDbLine
 10
152.779211
 20
100.038099
 30
0.0
 11
152.779211
 21
99.892932
 31
0.0
210
0.0
220
1.0
230
0.0
  0
LINE
  5
17A1
330
70
100
AcDbEntity
  8
Visible
100
AcDbLine
 10
152.382047
 20
99.892932
 30
0.0
 11
152.382047
 21
100.038099
 31
0.0
210
0.0
220
1.0
230
0.0
  0
LINE
  5
17A2
330
70
100
AcDbEntity
  8
Visible
100
AcDbLine
 10
152.769282
 20
100.039464
 30
0.0
 11
152.391976
 21
100.039464
 31
0.0
210
0.0
220
1.0
230
0.0
  0
LINE
  5
17A3
330
70
100
AcDbEntity
  8
Visible
100
AcDbLine
 10
152.779211
 20
100.089029
 30
0.0
 11
152.779211
 21
100.039341
 31
0.0
210
0.0
220
1.0
230
0.0
  0
LINE
  5
17A4
330
70
100
AcDbEntity
  8
Visible
100
AcDbLine
 10
152.382047
 20
100.089029
 30
0.0
 11
152.382047
 21
100.222336
 31
0.0
210
0.0
220
1.0
230
0.0
  0
LINE
  5
17A5
330
70
100
AcDbEntity
  8
Visible
100
AcDbLine
 10
152.779211
 20
100.222336
 30
0.0
 11
152.779211
 21
100.089029
 31
0.0
210
0.0
220
1.0
230
0.0
  0
LINE
  5
17A6
330
70
100
AcDbEntity
  8
Visible
100
AcDbLine
 10
152.382047
 20
100.435295
 30
0.0
 11
152.382047
 21
100.222336
 31
0.0
210
0.0
220
1.0
230
0.0
  0
LINE
  5
17A7
330
70
100
AcDbEntity
  8
Visible
100
AcDbLine
 10
152.779211
 20
100.222336
 30
0.0
 11
152.779211
 21
100.435295
 31
0.0
210
0.0
220
1.0
230
0.0
  0
LINE
  5
17A8
330
70
100
AcDbEntity
  8
Visible
100
AcDbLine
 10
152.779211
 20
100.485087
 30
0.0
 11
152.779211
 21
100.435295
 31
0.0
210
0.0
220
1.0
230
0.0
  0
LINE
  5
17A9
330
70
100
AcDbEntity
  8
Visible
100
AcDbLine
 10
152.382047
 20
100.435295
 30
0.0
 11
152.382047
 21
100.485087
 31
0.0
210
0.0
220
1.0
230
0.0
  0
SPLINE
  5
17AA
330
70
100
AcDbEntity
  8
Visible
100
AcDbSpline
210
0.0
220
0.0
230
1.0
 70
     8
 71
     3
 72
     8
 73
     4
 74
     0
 42
0.000000001
 43
0.0000000001
 40
-0.0000010366264619
 40
-0.0000010366264619
 40
-0.0000010366264619
 40
-0.0000010366264619
 40
0.0000149245595775
 40
0.0000149245595775
 40
0.0000149245595775
 40
0.0000149245595775
 10
152.7792107280638
 20
100.0380997428615
 30
0.000000000001819
 10
152.7792107280656
 20
100.038676348299
 30
0.000000000001819
 10
152.7745038232478
 20
100.0394635822404
 30
0.000000000001819
 10
152.769281628065
 20
100.0394635822404
 30
0.000000000001819
  0
ARC
  5
17AB
330
70
100
AcDbEntity
  8
Visible
100
AcDbCircle
 10
-152.391976
 20
99.892932
 30
0.0
 40
0.0099291
210
0.0000000000000002
220
0.0
230
-1.0
100
AcDbArc
 50
270.0
 51
0.0
  0
LINE
  5
17AC
330
70
100
AcDbEntity
  8
Visible
100
AcDbLine
 10
152.391976
 20
99.883003
 30
0.0
 11
152.769282
 21
99.883003
 31
0.0
210
0.0
220
1.0
230
0.0
  0
ARC
  5
17AD
330
70
100
AcDbEntity
  8
Visible
100
AcDbCircle
 10
-152.769282
 20
99.892932
 30
0.0
 40
0.0099291
210
0.0000000000000002
220
0.0
230
-1.0
100
AcDbArc
 50
180.0
 51
270.0
  0
LINE
  5
17AE
330
70
100
AcDbEntity
  8
Visible
100
AcDbLine
 10
153.325311
 20
100.039341
 30
0.0
 11
153.325311
 21
100.089029
 31
0.0
210
0.0
220
1.0
230
0.0
  0
LINE
  5
17AF
330
70
100
AcDbEntity
  8
Visible
100
AcDbLine
 10
153.325311
 20
100.038099
 30
0.0
 11
153.325311
 21
100.039341
 31
0.0
210
0.0
220
1.0
230
0.0
  0
SPLINE
  5
17B0
330
70
100
AcDbEntity
  8
Visible
100
AcDbSpline
210
0.0
220
0.0
230
1.0
 70
     8
 71
     3
 72
     8
 73
     4
 74
     0
 42
0.000000001
 43
0.0000000001
 40
0.0
 40
0.0
 40
0.0
 40
0.0
 40
0.0000157903225981
 40
0.0000157903225981
 40
0.0000157903225981
 40
0.0000157903225981
 10
153.3352403280642
 20
100.0394635822405
 30
0.000000000001819
 10
153.3300142049938
 20
100.0394635822405
 30
0.000000000001819
 10
153.3253112280636
 20
100.0386701757759
 30
0.000000000001819
 10
153.3253112280636
 20
100.0380997428615
 30
0.000000000001819
  0
LINE
  5
17B1
330
70
100
AcDbEntity
  8
Visible
100
AcDbLine
 10
153.722475
 20
100.039341
 30
0.0
 11
153.722475
 21
100.038099
 31
0.0
210
0.0
220
1.0
230
0.0
  0
LINE
  5
17B2
330
70
100
AcDbEntity
  8
Visible
100
AcDbLine
 10
153.722475
 20
100.038099
 30
0.0
 11
153.722475
 21
99.892932
 31
0.0
210
0.0
220
1.0
230
0.0
  0
LINE
  5
17B3
330
70
100
AcDbEntity
  8
Visible
100
AcDbLine
 10
153.325311
 20
99.892932
 30
0.0
 11
153.325311
 21
100.038099
 31
0.0
210
0.0
220
1.0
230
0.0
  0
LINE
  5
17B4
330
70
100
AcDbEntity
  8
Visible
100
AcDbLine
 10
153.712546
 20
100.039464
 30
0.0
 11
153.33524
 21
100.039464
 31
0.0
210
0.0
220
1.0
230
0.0
  0
LINE
  5
17B5
330
70
100
AcDbEntity
  8
Visible
100
AcDbLine
 10
153.722475
 20
100.089029
 30
0.0
 11
153.722475
 21
100.039341
 31
0.0
210
0.0
220
1.0
230
0.0
  0
LINE
  5
17B6
330
70
100
AcDbEntity
  8
Visible
100
AcDbLine
 10
153.325311
 20
100.089029
 30
0.0
 11
153.325311
 21
100.222336
 31
0.0
210
0.0
220
1.0
230
0.0
  0
LINE
  5
17B7
330
70
100
AcDbEntity
  8
Visible
100
AcDbLine
 10
153.722475
 20
100.222336
 30
0.0
 11
153.722475
 21
100.089029
 31
0.0
210
0.0
220
1.0
230
0.0
  0
LINE
  5
17B8
330
70
100
AcDbEntity
  8
Visible
100
AcDbLine
 10
153.325311
 20
100.435295
 30
0.0
 11
153.325311
 21
100.222336
 31
0.0
210
0.0
220
1.0
230
0.0
  0
LINE
  5
17B9
330
70
100
AcDbEntity
  8
Visible
100
AcDbLine
 10
153.722475
 20
100.222336
 30
0.0
 11
153.722475
 21
100.435295
 31
0.0
210
0.0
220
1.0
230
0.0
  0
LINE
  5
17BA
330
70
100
AcDbEntity
  8
Visible
100
AcDbLine
 10
153.722475
 20
100.485087
 30
0.0
 11
153.722475
 21
100.435295
 31
0.0
210
0.0
220
1.0
230
0.0
  0
LINE
  5
17BB
330
70
100
AcDbEntity
  8
Visible
100
AcDbLine
 10
153.325311
 20
100.435295
 30
0.0
 11
153.325311
 21
100.485087
 31
0.0
210
0.0
220
1.0
230
0.0
  0
SPLINE
  5
17BC
330
70
100
AcDbEntity
  8
Visible
100
AcDbSpline
210
0.0
220
0.0
230
1.0
 70
     8
 71
     3
 72
     8
 73
     4
 74
     0
 42
0.000000001
 43
0.0000000001
 40
-0.0000010366264619
 40
-0.0000010366264619
 40
-0.0000010366264619
 40
-0.0000010366264619
 40
0.0000149245595775
 40
0.0000149245595775
 40
0.0000149245595775
 40
0.0000149245595775
 10
153.7224752280635
 20
100.0380997428615
 30
0.000000000001819
 10
153.7224752280635
 20
100.038676348299
 30
0.000000000001819
 10
153.7177683232457
 20
100.0394635822404
 30
0.000000000001819
 10
153.712546128063
 20
100.0394635822404
 30
0.000000000001819
  0
ARC
  5
17BD
330
70
100
AcDbEntity
  8
Visible
100
AcDbCircle
 10
-153.33524
 20
99.892932
 30
0.0
 40
0.0099291
210
0.0000000000000002
220
0.0
230
-1.0
100
AcDbArc
 50
270.0
 51
0.0
  0
LINE
  5
17BE
330
70
100
AcDbEntity
  8
Visible
100
AcDbLine
 10
153.33524
 20
99.883003
 30
0.0
 11
153.712546
 21
99.883003
 31
0.0
210
0.0
220
1.0
230
0.0
  0
ARC
  5
17BF
330
70
100
AcDbEntity
  8
Visible
100
AcDbCircle
 10
-153.712546
 20
99.892932
 30
0.0
 40
0.0099291
210
0.0000000000000002
220
0.0
230
-1.0
100
AcDbArc
 50
180.0
 51
270.0
  0
LINE
  5
17C0
330
70
100
AcDbEntity
  8
Visible
100
AcDbLine
 10
154.268576
 20
100.039341
 30
0.0
 11
154.268576
 21
100.089029
 31
0.0
210
0.0
220
1.0
230
0.0
  0
LINE
  5
17C1
330
70
100
AcDbEntity
  8
Visible
100
AcDbLine
 10
154.268576
 20
100.038099
 30
0.0
 11
154.268576
 21
100.039341
 31
0.0
210
0.0
220
1.0
230
0.0
  0
SPLINE
  5
17C2
330
70
100
AcDbEntity
  8
Visible
100
AcDbSpline
210
0.0
220
0.0
230
1.0
 70
     8
 71
     3
 72
     8
 73
     4
 74
     0
 42
0.000000001
 43
0.0000000001
 40
0.0
 40
0.0
 40
0.0
 40
0.0
 40
0.0000157903225981
 40
0.0000157903225981
 40
0.0000157903225981
 40
0.0000157903225981
 10
154.2785048280639
 20
100.0394635822405
 30
0.000000000001819
 10
154.2732787049935
 20
100.0394635822405
 30
0.000000000001819
 10
154.2685757280633
 20
100.0386701757759
 30
0.000000000001819
 10
154.2685757280633
 20
100.0380997428615
 30
0.000000000001819
  0
LINE
  5
17C3
330
70
100
AcDbEntity
  8
Visible
100
AcDbLine
 10
154.66574
 20
100.039341
 30
0.0
 11
154.66574
 21
100.038099
 31
0.0
210
0.0
220
1.0
230
0.0
  0
LINE
  5
17C4
330
70
100
AcDbEntity
  8
Visible
100
AcDbLine
 10
154.66574
 20
100.038099
 30
0.0
 11
154.66574
 21
99.892932
 31
0.0
210
0.0
220
1.0
230
0.0
  0
LINE
  5
17C5
330
70
100
AcDbEntity
  8
Visible
100
AcDbLine
 10
154.268576
 20
99.892932
 30
0.0
 11
154.268576
 21
100.038099
 31
0.0
210
0.0
220
1.0
230
0.0
  0
LINE
  5
17C6
330
70
100
AcDbEntity
  8
Visible
100
AcDbLine
 10
154.655811
 20
100.039464
 30
0.0
 11
154.278505
 21
100.039464
 31
0.0
210
0.0
220
1.0
230
0.0
  0
LINE
  5
17C7
330
70
100
AcDbEntity
  8
Visible
100
AcDbLine
 10
154.66574
 20
100.089029
 30
0.0
 11
154.66574
 21
100.039341
 31
0.0
210
0.0
220
1.0
230
0.0
  0
LINE
  5
17C8
330
70
100
AcDbEntity
  8
Visible
100
AcDbLine
 10
154.268576
 20
100.089029
 30
0.0
 11
154.268576
 21
100.222336
 31
0.0
210
0.0
220
1.0
230
0.0
  0
LINE
  5
17C9
330
70
100
AcDbEntity
  8
Visible
100
AcDbLine
 10
154.66574
 20
100.222336
 30
0.0
 11
154.66574
 21
100.089029
 31
0.0
210
0.0
220
1.0
230
0.0
  0
LINE
  5
17CA
330
70
100
AcDbEntity
  8
Visible
100
AcDbLine
 10
154.268576
 20
100.435295
 30
0.0
 11
154.268576
 21
100.222336
 31
0.0
210
0.0
220
1.0
230
0.0
  0
LINE
  5
17CB
330
70
100
AcDbEntity
  8
Visible
100
AcDbLine
 10
154.66574
 20
100.222336
 30
0.0
 11
154.66574
 21
100.435295
 31
0.0
210
0.0
220
1.0
230
0.0
  0
LINE
  5
17CC
330
70
100
AcDbEntity
  8
Visible
100
AcDbLine
 10
154.66574
 20
100.485087
 30
0.0
 11
154.66574
 21
100.435295
 31
0.0
210
0.0
220
1.0
230
0.0
  0
LINE
  5
17CD
330
70
100
AcDbEntity
  8
Visible
100
AcDbLine
 10
154.268576
 20
100.435295
 30
0.0
 11
154.268576
 21
100.485087
 31
0.0
210
0.0
220
1.0
230
0.0
  0
SPLINE
  5
17CE
330
70
100
AcDbEntity
  8
Visible
100
AcDbSpline
210
0.0
220
0.0
230
1.0
 70
     8
 71
     3
 72
     8
 73
     4
 74
     0
 42
0.000000001
 43
0.0000000001
 40
-0.0000010366264619
 40
-0.0000010366264619
 40
-0.0000010366264619
 40
-0.0000010366264619
 40
0.0000149245595775
 40
0.0000149245595775
 40
0.0000149245595775
 40
0.0000149245595775
 10
154.6657397280633
 20
100.0380997428615
 30
0.000000000001819
 10
154.6657397280633
 20
100.038676348299
 30
0.000000000001819
 10
154.6610328232454
 20
100.0394635822404
 30
0.000000000001819
 10
154.6558106280627
 20
100.0394635822404
 30
0.000000000001819
  0
ARC
  5
17CF
330
70
100
AcDbEntity
  8
Visible
100
AcDbCircle
 10
-154.278505
 20
99.892932
 30
0.0
 40
0.0099291
210
0.0000000000000002
220
0.0
230
-1.0
100
AcDbArc
 50
270.0
 51
0.0
  0
LINE
  5
17D0
330
70
100
AcDbEntity
  8
Visible
100
AcDbLine
 10
154.278505
 20
99.883003
 30
0.0
 11
154.655811
 21
99.883003
 31
0.0
210
0.0
220
1.0
230
0.0
  0
ARC
  5
17D1
330
70
100
AcDbEntity
  8
Visible
100
AcDbCircle
 10
-154.655811
 20
99.892932
 30
0.0
 40
0.0099291
210
0.0000000000000002
220
0.0
230
-1.0
100
AcDbArc
 50
180.0
 51
270.0
  0
LINE
  5
17D2
330
70
100
AcDbEntity
  8
Visible
100
AcDbLine
 10
152.779211
 20
102.519489
 30
0.0
 11
152.779211
 21
102.469801
 31
0.0
210
0.0
220
1.0
230
0.0
  0
LINE
  5
17D3
330
70
100
AcDbEntity
  8
Visible
100
AcDbLine
 10
152.779211
 20
102.520731
 30
0.0
 11
152.779211
 21
102.519489
 31
0.0
210
0.0
220
1.0
230
0.0
  0
SPLINE
  5
17D4
330
70
100
AcDbEntity
  8
Visible
100
AcDbSpline
210
0.0
220
0.0
230
1.0
 70
     8
 71
     3
 72
     8
 73
     4
 74
     0
 42
0.000000001
 43
0.0000000001
 40
0.0
 40
0.0
 40
0.0
 40
0.0
 40
0.0000157903225981
 40
0.0000157903225981
 40
0.0000157903225981
 40
0.0000157903225981
 10
152.769281628065
 20
102.5193666054505
 30
0.000000000001819
 10
152.7745077511299
 20
102.5193666054505
 30
0.000000000001819
 10
152.7792107280638
 20
102.5201600119151
 30
0.000000000001819
 10
152.7792107280638
 20
102.5207304448295
 30
0.000000000001819
  0
LINE
  5
17D5
330
70
100
AcDbEntity
  8
Visible
100
AcDbLine
 10
152.382047
 20
102.519489
 30
0.0
 11
152.382047
 21
102.520731
 31
0.0
210
0.0
220
1.0
230
0.0
  0
LINE
  5
17D6
330
70
100
AcDbEntity
  8
Visible
100
AcDbLine
 10
152.382047
 20
102.520731
 30
0.0
 11
152.382047
 21
102.665898
 31
0.0
210
0.0
220
1.0
230
0.0
  0
LINE
  5
17D7
330
70
100
AcDbEntity
  8
Visible
100
AcDbLine
 10
152.779211
 20
102.665898
 30
0.0
 11
152.779211
 21
102.520731
 31
0.0
210
0.0
220
1.0
230
0.0
  0
LINE
  5
17D8
330
70
100
AcDbEntity
  8
Visible
100
AcDbLine
 10
152.391976
 20
102.519367
 30
0.0
 11
152.769282
 21
102.519367
 31
0.0
210
0.0
220
1.0
230
0.0
  0
LINE
  5
17D9
330
70
100
AcDbEntity
  8
Visible
100
AcDbLine
 10
152.382047
 20
102.469801
 30
0.0
 11
152.382047
 21
102.519489
 31
0.0
210
0.0
220
1.0
230
0.0
  0
LINE
  5
17DA
330
70
100
AcDbEntity
  8
Visible
100
AcDbLine
 10
152.779211
 20
102.469801
 30
0.0
 11
152.779211
 21
102.336494
 31
0.0
210
0.0
220
1.0
230
0.0
  0
LINE
  5
17DB
330
70
100
AcDbEntity
  8
Visible
100
AcDbLine
 10
152.382047
 20
102.336494
 30
0.0
 11
152.382047
 21
102.469801
 31
0.0
210
0.0
220
1.0
230
0.0
  0
LINE
  5
17DC
330
70
100
AcDbEntity
  8
Visible
100
AcDbLine
 10
152.779211
 20
102.123535
 30
0.0
 11
152.779211
 21
102.336494
 31
0.0
210
0.0
220
1.0
230
0.0
  0
LINE
  5
17DD
330
70
100
AcDbEntity
  8
Visible
100
AcDbLine
 10
152.382047
 20
102.336494
 30
0.0
 11
152.382047
 21
102.123535
 31
0.0
210
0.0
220
1.0
230
0.0
  0
LINE
  5
17DE
330
70
100
AcDbEntity
  8
Visible
100
AcDbLine
 10
152.382047
 20
102.073743
 30
0.0
 11
152.382047
 21
102.123535
 31
0.0
210
0.0
220
1.0
230
0.0
  0
LINE
  5
17DF
330
70
100
AcDbEntity
  8
Visible
100
AcDbLine
 10
152.779211
 20
102.123535
 30
0.0
 11
152.779211
 21
102.073743
 31
0.0
210
0.0
220
1.0
230
0.0
  0
SPLINE
  5
17E0
330
70
100
AcDbEntity
  8
Visible
100
AcDbSpline
210
0.0
220
0.0
230
1.0
 70
     8
 71
     3
 72
     8
 73
     4
 74
     0
 42
0.000000001
 43
0.0000000001
 40
-0.0000010366264619
 40
-0.0000010366264619
 40
-0.0000010366264619
 40
-0.0000010366264619
 40
0.0000149245595775
 40
0.0000149245595775
 40
0.0000149245595775
 40
0.0000149245595775
 10
152.3820467280638
 20
102.5207304448295
 30
0.000000000001819
 10
152.3820467280638
 20
102.520153839392
 30
0.000000000001819
 10
152.3867536328762
 20
102.5193666054506
 30
0.000000000001819
 10
152.3919758280644
 20
102.5193666054506
 30
0.000000000001819
  0
ARC
  5
17E1
330
70
100
AcDbEntity
  8
Visible
100
AcDbCircle
 10
-152.769282
 20
102.665898
 30
0.0
 40
0.0099291
210
0.0000000000000002
220
0.0
230
-1.0
100
AcDbArc
 50
90.0
 51
180.0
  0
LINE
  5
17E2
330
70
100
AcDbEntity
  8
Visible
100
AcDbLine
 10
152.769282
 20
102.675827
 30
0.0
 11
152.391976
 21
102.675827
 31
0.0
210
0.0
220
1.0
230
0.0
  0
ARC
  5
17E3
330
70
100
AcDbEntity
  8
Visible
100
AcDbCircle
 10
-152.391976
 20
102.665898
 30
0.0
 40
0.0099291
210
0.0000000000000002
220
0.0
230
-1.0
100
AcDbArc
 50
0.0
 51
90.0
  0
LINE
  5
17E4
330
70
100
AcDbEntity
  8
Visible
100
AcDbLine
 10
153.722475
 20
102.519489
 30
0.0
 11
153.722475
 21
102.469801
 31
0.0
210
0.0
220
1.0
230
0.0
  0
LINE
  5
17E5
330
70
100
AcDbEntity
  8
Visible
100
AcDbLine
 10
153.722475
 20
102.520731
 30
0.0
 11
153.722475
 21
102.519489
 31
0.0
210
0.0
220
1.0
230
0.0
  0
SPLINE
  5
17E6
330
70
100
AcDbEntity
  8
Visible
100
AcDbSpline
210
0.0
220
0.0
230
1.0
 70
     8
 71
     3
 72
     8
 73
     4
 74
     0
 42
0.000000001
 43
0.0000000001
 40
0.0
 40
0.0
 40
0.0
 40
0.0
 40
0.0000157903225981
 40
0.0000157903225981
 40
0.0000157903225981
 40
0.0000157903225981
 10
153.712546128063
 20
102.5193666054505
 30
0.000000000001819
 10
153.7177722511296
 20
102.5193666054505
 30
0.000000000001819
 10
153.7224752280635
 20
102.5201600119151
 30
0.000000000001819
 10
153.7224752280635
 20
102.5207304448295
 30
0.000000000001819
  0
LINE
  5
17E7
330
70
100
AcDbEntity
  8
Visible
100
AcDbLine
 10
153.325311
 20
102.519489
 30
0.0
 11
153.325311
 21
102.520731
 31
0.0
210
0.0
220
1.0
230
0.0
  0
LINE
  5
17E8
330
70
100
AcDbEntity
  8
Visible
100
AcDbLine
 10
153.325311
 20
102.520731
 30
0.0
 11
153.325311
 21
102.665898
 31
0.0
210
0.0
220
1.0
230
0.0
  0
LINE
  5
17E9
330
70
100
AcDbEntity
  8
Visible
100
AcDbLine
 10
153.722475
 20
102.665898
 30
0.0
 11
153.722475
 21
102.520731
 31
0.0
210
0.0
220
1.0
230
0.0
  0
LINE
  5
17EA
330
70
100
AcDbEntity
  8
Visible
100
AcDbLine
 10
153.33524
 20
102.519367
 30
0.0
 11
153.712546
 21
102.519367
 31
0.0
210
0.0
220
1.0
230
0.0
  0
LINE
  5
17EB
330
70
100
AcDbEntity
  8
Visible
100
AcDbLine
 10
153.325311
 20
102.469801
 30
0.0
 11
153.325311
 21
102.519489
 31
0.0
210
0.0
220
1.0
230
0.0
  0
LINE
  5
17EC
330
70
100
AcDbEntity
  8
Visible
100
AcDbLine
 10
153.722475
 20
102.469801
 30
0.0
 11
153.722475
 21
102.336494
 31
0.0
210
0.0
220
1.0
230
0.0
  0
LINE
  5
17ED
330
70
100
AcDbEntity
  8
Visible
100
AcDbLine
 10
153.325311
 20
102.336494
 30
0.0
 11
153.325311
 21
102.469801
 31
0.0
210
0.0
220
1.0
230
0.0
  0
LINE
  5
17EE
330
70
100
AcDbEntity
  8
Visible
100
AcDbLine
 10
153.722475
 20
102.123535
 30
0.0
 11
153.722475
 21
102.336494
 31
0.0
210
0.0
220
1.0
230
0.0
  0
LINE
  5
17EF
330
70
100
AcDbEntity
  8
Visible
100
AcDbLine
 10
153.325311
 20
102.336494
 30
0.0
 11
153.325311
 21
102.123535
 31
0.0
210
0.0
220
1.0
230
0.0
  0
LINE
  5
17F0
330
70
100
AcDbEntity
  8
Visible
100
AcDbLine
 10
153.325311
 20
102.073743
 30
0.0
 11
153.325311
 21
102.123535
 31
0.0
210
0.0
220
1.0
230
0.0
  0
LINE
  5
17F1
330
70
100
AcDbEntity
  8
Visible
100
AcDbLine
 10
153.722475
 20
102.123535
 30
0.0
 11
153.722475
 21
102.073743
 31
0.0
210
0.0
220
1.0
230
0.0
  0
SPLINE
  5
17F2
330
70
100
AcDbEntity
  8
Visible
100
AcDbSpline
210
0.0
220
0.0
230
1.0
 70
     8
 71
     3
 72
     8
 73
     4
 74
     0
 42
0.000000001
 43
0.0000000001
 40
-0.0000010366264619
 40
-0.0000010366264619
 40
-0.0000010366264619
 40
-0.0000010366264619
 40
0.0000149245595775
 40
0.0000149245595775
 40
0.0000149245595775
 40
0.0000149245595775
 10
153.3253112280636
 20
102.5207304448295
 30
0.000000000001819
 10
153.3253112280636
 20
102.520153839392
 30
0.000000000001819
 10
153.3300181328777
 20
102.5193666054506
 30
0.000000000001819
 10
153.3352403280642
 20
102.5193666054506
 30
0.000000000001819
  0
ARC
  5
17F3
330
70
100
AcDbEntity
  8
Visible
100
AcDbCircle
 10
-153.712546
 20
102.665898
 30
0.0
 40
0.0099291
210
0.0000000000000002
220
0.0
230
-1.0
100
AcDbArc
 50
90.0
 51
180.0
  0
LINE
  5
17F4
330
70
100
AcDbEntity
  8
Visible
100
AcDbLine
 10
153.712546
 20
102.675827
 30
0.0
 11
153.33524
 21
102.675827
 31
0.0
210
0.0
220
1.0
230
0.0
  0
ARC
  5
17F5
330
70
100
AcDbEntity
  8
Visible
100
AcDbCircle
 10
-153.33524
 20
102.665898
 30
0.0
 40
0.0099291
210
0.0000000000000002
220
0.0
230
-1.0
100
AcDbArc
 50
0.0
 51
90.0
  0
LINE
  5
17F6
330
70
100
AcDbEntity
  8
Visible
100
AcDbLine
 10
154.66574
 20
102.519489
 30
0.0
 11
154.66574
 21
102.469801
 31
0.0
210
0.0
220
1.0
230
0.0
  0
LINE
  5
17F7
330
70
100
AcDbEntity
  8
Visible
100
AcDbLine
 10
154.66574
 20
102.520731
 30
0.0
 11
154.66574
 21
102.519489
 31
0.0
210
0.0
220
1.0
230
0.0
  0
SPLINE
  5
17F8
330
70
100
AcDbEntity
  8
Visible
100
AcDbSpline
210
0.0
220
0.0
230
1.0
 70
     8
 71
     3
 72
     8
 73
     4
 74
     0
 42
0.000000001
 43
0.0000000001
 40
0.0
 40
0.0
 40
0.0
 40
0.0
 40
0.0000157903225981
 40
0.0000157903225981
 40
0.0000157903225981
 40
0.0000157903225981
 10
154.6558106280627
 20
102.5193666054505
 30
0.000000000001819
 10
154.6610367511293
 20
102.5193666054505
 30
0.000000000001819
 10
154.6657397280633
 20
102.5201600119151
 30
0.000000000001819
 10
154.6657397280633
 20
102.5207304448295
 30
0.000000000001819
  0
LINE
  5
17F9
330
70
100
AcDbEntity
  8
Visible
100
AcDbLine
 10
154.268576
 20
102.519489
 30
0.0
 11
154.268576
 21
102.520731
 31
0.0
210
0.0
220
1.0
230
0.0
  0
LINE
  5
17FA
330
70
100
AcDbEntity
  8
Visible
100
AcDbLine
 10
154.268576
 20
102.520731
 30
0.0
 11
154.268576
 21
102.665898
 31
0.0
210
0.0
220
1.0
230
0.0
  0
LINE
  5
17FB
330
70
100
AcDbEntity
  8
Visible
100
AcDbLine
 10
154.66574
 20
102.665898
 30
0.0
 11
154.66574
 21
102.520731
 31
0.0
210
0.0
220
1.0
230
0.0
  0
LINE
  5
17FC
330
70
100
AcDbEntity
  8
Visible
100
AcDbLine
 10
154.278505
 20
102.519367
 30
0.0
 11
154.655811
 21
102.519367
 31
0.0
210
0.0
220
1.0
230
0.0
  0
LINE
  5
17FD
330
70
100
AcDbEntity
  8
Visible
100
AcDbLine
 10
154.268576
 20
102.469801
 30
0.0
 11
154.268576
 21
102.519489
 31
0.0
210
0.0
220
1.0
230
0.0
  0
LINE
  5
17FE
330
70
100
AcDbEntity
  8
Visible
100
AcDbLine
 10
154.66574
 20
102.469801
 30
0.0
 11
154.66574
 21
102.336494
 31
0.0
210
0.0
220
1.0
230
0.0
  0
LINE
  5
17FF
330
70
100
AcDbEntity
  8
Visible
100
AcDbLine
 10
154.268576
 20
102.336494
 30
0.0
 11
154.268576
 21
102.469801
 31
0.0
210
0.0
220
1.0
230
0.0
  0
LINE
  5
1800
330
70
100
AcDbEntity
  8
Visible
100
AcDbLine
 10
154.66574
 20
102.123535
 30
0.0
 11
154.66574
 21
102.336494
 31
0.0
210
0.0
220
1.0
230
0.0
  0
LINE
  5
1801
330
70
100
AcDbEntity
  8
Visible
100
AcDbLine
 10
154.268576
 20
102.336494
 30
0.0
 11
154.268576
 21
102.123535
 31
0.0
210
0.0
220
1.0
230
0.0
  0
LINE
  5
1802
330
70
100
AcDbEntity
  8
Visible
100
AcDbLine
 10
154.268576
 20
102.073743
 30
0.0
 11
154.268576
 21
102.123535
 31
0.0
210
0.0
220
1.0
230
0.0
  0
LINE
  5
1803
330
70
100
AcDbEntity
  8
Visible
100
AcDbLine
 10
154.66574
 20
102.123535
 30
0.0
 11
154.66574
 21
102.073743
 31
0.0
210
0.0
220
1.0
230
0.0
  0
SPLINE
  5
1804
330
70
100
AcDbEntity
  8
Visible
100
AcDbSpline
210
0.0
220
0.0
230
1.0
 70
     8
 71
     3
 72
     8
 73
     4
 74
     0
 42
0.000000001
 43
0.0000000001
 40
-0.0000010366264619
 40
-0.0000010366264619
 40
-0.0000010366264619
 40
-0.0000010366264619
 40
0.0000149245595775
 40
0.0000149245595775
 40
0.0000149245595775
 40
0.0000149245595775
 10
154.2685757280633
 20
102.5207304448295
 30
0.000000000001819
 10
154.2685757280633
 20
102.520153839392
 30
0.000000000001819
 10
154.2732826328756
 20
102.5193666054506
 30
0.000000000001819
 10
154.2785048280639
 20
102.5193666054506
 30
0.000000000001819
  0
ARC
  5
1805
330
70
100
AcDbEntity
  8
Visible
100
AcDbCircle
 10
-154.655811
 20
102.665898
 30
0.0
 40
0.0099291
210
0.0000000000000002
220
0.0
230
-1.0
100
AcDbArc
 50
90.0
 51
180.0
  0
LINE
  5
1806
330
70
100
AcDbEntity
  8
Visible
100
AcDbLine
 10
154.655811
 20
102.675827
 30
0.0
 11
154.278505
 21
102.675827
 31
0.0
210
0.0
220
1.0
230
0.0
  0
ARC
  5
1807
330
70
100
AcDbEntity
  8
Visible
100
AcDbCircle
 10
-154.278505
 20
102.665898
 30
0.0
 40
0.0099291
210
0.0000000000000002
220
0.0
230
-1.0
100
AcDbArc
 50
0.0
 51
90.0
  0
LINE
  5
1808
330
70
100
AcDbEntity
  8
Visible
100
AcDbLine
 10
154.425306
 20
101.728867
 30
0.0
 11
154.425306
 21
101.735774
 31
0.0
210
0.0
220
1.0
230
0.0
  0
LINE
  5
1809
330
70
100
AcDbEntity
  8
Visible
100
AcDbLine
 10
154.425306
 20
101.735774
 30
0.0
 11
154.401179
 21
101.735774
 31
0.0
210
0.0
220
1.0
230
0.0
  0
LINE
  5
180A
330
70
100
AcDbEntity
  8
Visible
100
AcDbLine
 10
154.401179
 20
101.735774
 30
0.0
 11
154.401179
 21
101.789447
 31
0.0
210
0.0
220
1.0
230
0.0
  0
LINE
  5
180B
330
70
100
AcDbEntity
  8
Visible
100
AcDbLine
 10
154.401179
 20
101.789447
 30
0.0
 11
154.393359
 21
101.789447
 31
0.0
210
0.0
220
1.0
230
0.0
  0
LINE
  5
180C
330
70
100
AcDbEntity
  8
Visible
100
AcDbLine
 10
154.393359
 20
101.789447
 30
0.0
 11
154.393359
 21
101.728867
 31
0.0
210
0.0
220
1.0
230
0.0
  0
LINE
  5
180D
330
70
100
AcDbEntity
  8
Visible
100
AcDbLine
 10
154.393359
 20
101.728867
 30
0.0
 11
154.425306
 21
101.728867
 31
0.0
210
0.0
220
1.0
230
0.0
  0
SPLINE
  5
180E
330
70
100
AcDbEntity
  8
Visible
100
AcDbSpline
210
0.0
220
0.0
230
1.0
 70
     8
 71
     3
 72
     8
 73
     4
 74
     0
 42
0.000000001
 43
0.0000000001
 40
0.0
 40
0.0
 40
0.0
 40
0.0
 40
1.0
 40
1.0
 40
1.0
 40
1.0
 10
154.4563703818839
 20
101.7278448131575
 30
0.000000000001819
 10
154.463091214955
 20
101.7278448131575
 30
0.000000000001819
 10
154.4686815853238
 20
101.7290217332355
 30
0.000000000001819
 10
154.4731414929847
 20
101.7313755733895
 30
0.000000000001819
  0
LINE
  5
180F
330
70
100
AcDbEntity
  8
Visible
100
AcDbLine
 10
154.473141
 20
101.731376
 30
0.0
 11
154.473141
 21
101.738871
 31
0.0
210
0.0
220
1.0
230
0.0
  0
ELLIPSE
  5
1810
330
70
100
AcDbEntity
  8
Visible
100
AcDbEllipse
 10
154.152811
 20
102.287431
 30
0.0
 11
-0.3199097882737442
 21
0.5488107286547715
 31
-0.0000000000000001
210
0.0000000000000002
220
0.0
230
-1.0
 40
0.2024097702944686
 41
3.137786080820131
 42
3.259037478625684
  0
ELLIPSE
  5
1811
330
70
100
AcDbEntity
  8
Visible
100
AcDbEllipse
 10
155.439831
 20
103.472899
 30
0.0
 11
0.9932664881783619
 21
1.735394087312526
 31
0.0000000000000002
210
0.0000000000000002
220
0.0
230
-1.0
 40
0.0973456583840751
 41
3.085933600455397
 42
3.171642887154345
  0
SPLINE
  5
1812
330
70
100
AcDbEntity
  8
Visible
100
AcDbSpline
210
0.0
220
0.0
230
1.0
 70
     8
 71
     3
 72
     8
 73
     4
 74
     0
 42
0.000000001
 43
0.0000000001
 40
10.0
 40
10.0
 40
10.0
 40
10.0
 40
11.0
 40
11.0
 40
11.0
 40
11.0
 10
154.4419376251462
 20
101.7411935645605
 30
0.000000000001819
 10
154.4379732627803
 20
101.7454676427365
 30
0.000000000001819
 10
154.4359910815983
 20
101.7512283567985
 30
0.000000000001819
 10
154.4359910815983
 20
101.7584757067485
 30
0.000000000001819
  0
SPLINE
  5
1813
330
70
100
AcDbEntity
  8
Visible
100
AcDbSpline
210
0.0
220
0.0
230
1.0
 70
     8
 71
     3
 72
     8
 73
     4
 74
     0
 42
0.000000001
 43
0.0000000001
 40
9.0
 40
9.0
 40
9.0
 40
9.0
 40
10.0
 40
10.0
 40
10.0
 40
10.0
 10
154.4359910815983
 20
101.7584757067485
 30
0.000000000001819
 10
154.4359910815983
 20
101.7660947156695
 30
0.000000000001819
 10
154.4381126348962
 20
101.7721651455415
 30
0.000000000001819
 10
154.4423557414902
 20
101.7766869963645
 30
0.000000000001819
  0
SPLINE
  5
1814
330
70
100
AcDbEntity
  8
Visible
100
AcDbSpline
210
0.0
220
0.0
230
1.0
 70
     8
 71
     3
 72
     8
 73
     4
 74
     0
 42
0.000000001
 43
0.0000000001
 40
8.0
 40
8.0
 40
8.0
 40
8.0
 40
9.0
 40
9.0
 40
9.0
 40
9.0
 10
154.4423557414902
 20
101.7766869963645
 30
0.000000000001819
 10
154.4466143338741
 20
101.7811778756065
 30
0.000000000001819
 10
154.4521117895001
 20
101.7834078294365
 30
0.000000000001819
 10
154.4588635941527
 20
101.7834078294365
 30
0.000000000001819
  0
SPLINE
  5
1815
330
70
100
AcDbEntity
  8
Visible
100
AcDbSpline
210
0.0
220
0.0
230
1.0
 70
     8
 71
     3
 72
     8
 73
     4
 74
     0
 42
0.000000001
 43
0.0000000001
 40
7.0
 40
7.0
 40
7.0
 40
7.0
 40
8.0
 40
8.0
 40
8.0
 40
8.0
 10
154.4588635941527
 20
101.7834078294365
 30
0.000000000001819
 10
154.4640513339673
 20
101.7834078294365
 30
0.000000000001819
 10
154.468805471648
 20
101.7822309093605
 30
0.000000000001819
 10
154.4731414929847
 20
101.7798151260435
 30
0.000000000001819
  0
LINE
  5
1816
330
70
100
AcDbEntity
  8
Visible
100
AcDbLine
 10
154.473141
 20
101.779815
 30
0.0
 11
154.473141
 21
101.787992
 31
0.0
210
0.0
220
1.0
230
0.0
  0
ELLIPSE
  5
1817
330
70
100
AcDbEntity
  8
Visible
100
AcDbEllipse
 10
154.118503
 20
101.497231
 30
0.0
 11
0.3615085973189372
 21
0.2856379354013161
 31
0.0000000000000001
210
-0.0000000000000002
220
0.0
230
0.9999999999999998
 40
0.1834862475992528
 41
0.0980911777802947
 42
0.2281796091404722
  0
SPLINE
  5
1818
330
70
100
AcDbEntity
  8
Visible
100
AcDbSpline
210
0.0
220
0.0
230
1.0
 70
     8
 71
     3
 72
     8
 73
     4
 74
     0
 42
0.000000001
 43
0.0000000001
 40
4.0
 40
4.0
 40
4.0
 40
4.0
 40
5.0
 40
5.0
 40
5.0
 40
5.0
 10
154.4587861651998
 20
101.7904693499005
 30
0.000000000001819
 10
154.4497889209251
 20
101.7904693499005
 30
0.000000000001819
 10
154.4423712272801
 20
101.7874960781265
 30
0.000000000001819
 10
154.4365330842647
 20
101.7815495345785
 30
0.000000000001819
  0
SPLINE
  5
1819
330
70
100
AcDbEntity
  8
Visible
100
AcDbSpline
210
0.0
220
0.0
230
1.0
 70
     8
 71
     3
 72
     8
 73
     4
 74
     0
 42
0.000000001
 43
0.0000000001
 40
3.0
 40
3.0
 40
3.0
 40
3.0
 40
4.0
 40
4.0
 40
4.0
 40
4.0
 10
154.4365330842647
 20
101.7815495345785
 30
0.000000000001819
 10
154.4306949412512
 20
101.7756029910305
 30
0.000000000001819
 10
154.4277836126384
 20
101.7677671810415
 30
0.000000000001819
 10
154.4277836126384
 20
101.7580111330335
 30
0.000000000001819
  0
ELLIPSE
  5
181A
330
70
100
AcDbEntity
  8
Visible
100
AcDbEllipse
 10
157.048202
 20
103.556033
 30
0.0
 11
2.615148348195642
 21
1.816832029663049
 31
0.0000000000000006
210
-0.0000000000000002
220
0.0
230
0.9999999999999998
 40
0.0914272905767271
 41
3.078160257003748
 42
3.155207220974205
  0
SPLINE
  5
181B
330
70
100
AcDbEntity
  8
Visible
100
AcDbSpline
210
0.0
220
0.0
230
1.0
 70
     8
 71
     3
 72
     8
 73
     4
 74
     0
 42
0.000000001
 43
0.0000000001
 40
1.0
 40
1.0
 40
1.0
 40
1.0
 40
2.0
 40
2.0
 40
2.0
 40
2.0
 10
154.4355574794645
 20
101.7361142252795
 30
0.000000000001819
 10
154.440745219279
 20
101.7306012838655
 30
0.000000000001819
 10
154.4476828534189
 20
101.7278448131575
 30
0.000000000001819
 10
154.4563703818839
 20
101.7278448131575
 30
0.000000000001819
  0
LINE
  5
181C
330
70
100
AcDbEntity
  8
Visible
100
AcDbLine
 10
154.517849
 20
101.728867
 30
0.0
 11
154.517849
 21
101.735774
 31
0.0
210
0.0
220
1.0
230
0.0
  0
LINE
  5
181D
330
70
100
AcDbEntity
  8
Visible
100
AcDbLine
 10
154.517849
 20
101.735774
 30
0.0
 11
154.493087
 21
101.735774
 31
0.0
210
0.0
220
1.0
230
0.0
  0
LINE
  5
181E
330
70
100
AcDbEntity
  8
Visible
100
AcDbLine
 10
154.493087
 20
101.735774
 30
0.0
 11
154.493087
 21
101.756153
 31
0.0
210
0.0
220
1.0
230
0.0
  0
LINE
  5
181F
330
70
100
AcDbEntity
  8
Visible
100
AcDbLine
 10
154.493087
 20
101.756153
 30
0.0
 11
154.514752
 21
101.756153
 31
0.0
210
0.0
220
1.0
230
0.0
  0
LINE
  5
1820
330
70
100
AcDbEntity
  8
Visible
100
AcDbLine
 10
154.514752
 20
101.756153
 30
0.0
 11
154.514752
 21
101.76309
 31
0.0
210
0.0
220
1.0
230
0.0
  0
LINE
  5
1821
330
70
100
AcDbEntity
  8
Visible
100
AcDbLine
 10
154.514752
 20
101.76309
 30
0.0
 11
154.493087
 21
101.76309
 31
0.0
210
0.0
220
1.0
230
0.0
  0
LINE
  5
1822
330
70
100
AcDbEntity
  8
Visible
100
AcDbLine
 10
154.493087
 20
101.76309
 30
0.0
 11
154.493087
 21
101.782479
 31
0.0
210
0.0
220
1.0
230
0.0
  0
LINE
  5
1823
330
70
100
AcDbEntity
  8
Visible
100
AcDbLine
 10
154.493087
 20
101.782479
 30
0.0
 11
154.516471
 21
101.782479
 31
0.0
210
0.0
220
1.0
230
0.0
  0
LINE
  5
1824
330
70
100
AcDbEntity
  8
Visible
100
AcDbLine
 10
154.516471
 20
101.782479
 30
0.0
 11
154.516471
 21
101.789447
 31
0.0
210
0.0
220
1.0
230
0.0
  0
LINE
  5
1825
330
70
100
AcDbEntity
  8
Visible
100
AcDbLine
 10
154.516471
 20
101.789447
 30
0.0
 11
154.485267
 21
101.789447
 31
0.0
210
0.0
220
1.0
230
0.0
  0
LINE
  5
1826
330
70
100
AcDbEntity
  8
Visible
100
AcDbLine
 10
154.485267
 20
101.789447
 30
0.0
 11
154.485267
 21
101.728867
 31
0.0
210
0.0
220
1.0
230
0.0
  0
LINE
  5
1827
330
70
100
AcDbEntity
  8
Visible
100
AcDbLine
 10
154.485267
 20
101.728867
 30
0.0
 11
154.517849
 21
101.728867
 31
0.0
210
0.0
220
1.0
230
0.0
  0
LINE
  5
1828
330
70
100
AcDbEntity
  8
Visible
100
AcDbLine
 10
154.529293
 20
101.728867
 30
0.0
 11
154.545956
 21
101.728867
 31
0.0
210
0.0
220
1.0
230
0.0
  0
ELLIPSE
  5
1829
330
70
100
AcDbEntity
  8
Visible
100
AcDbEllipse
 10
151.260952
 20
107.013355
 30
0.0
 11
-3.303934702397894
 21
5.279531922546853
 31
-0.0000000000000007
210
-0.0000000000000002
220
0.0
230
1.0
 40
0.0692562462825184
 41
3.098279166433598
 42
3.154958996599631
  0
ELLIPSE
  5
182A
330
70
100
AcDbEntity
  8
Visible
100
AcDbEllipse
 10
147.752038
 20
105.900453
 30
0.0
 11
-6.822295883459408
 21
4.157178219120048
 31
-0.0000000000000015
210
-0.0000000000000002
220
0.0
230
0.9999999999999998
 40
0.0581513117523173
 41
3.125269080012445
 42
3.177012443502587
  0
SPLINE
  5
182B
330
70
100
AcDbEntity
  8
Visible
100
AcDbSpline
210
0.0
220
0.0
230
1.0
 70
     8
 71
     3
 72
     8
 73
     4
 74
     0
 42
0.000000001
 43
0.0000000001
 40
3.0
 40
3.0
 40
3.0
 40
3.0
 40
4.0
 40
4.0
 40
4.0
 40
4.0
 10
154.5786152120145
 20
101.7599313710545
 30
0.000000000001819
 10
154.5786152120145
 20
101.7689131295375
 30
0.000000000001819
 10
154.5755645112876
 20
101.7760675647455
 30
0.000000000001819
 10
154.5694785956257
 20
101.7814256482545
 30
0.000000000001819
  0
SPLINE
  5
182C
330
70
100
AcDbEntity
  8
Visible
100
AcDbSpline
210
0.0
220
0.0
230
1.0
 70
     8
 71
     3
 72
     8
 73
     4
 74
     0
 42
0.000000001
 43
0.0000000001
 40
2.0
 40
2.0
 40
2.0
 40
2.0
 40
3.0
 40
3.0
 40
3.0
 40
3.0
 10
154.5694785956257
 20
101.7814256482545
 30
0.000000000001819
 10
154.5633926799619
 20
101.7867837317645
 30
0.000000000001819
 10
154.5557581852499
 20
101.7894472877285
 30
0.000000000001819
 10
154.5465751114898
 20
101.7894472877285
 30
0.000000000001819
  0
LINE
  5
182D
330
70
100
AcDbEntity
  8
Visible
100
AcDbLine
 10
154.546575
 20
101.789447
 30
0.0
 11
154.529293
 21
101.789447
 31
0.0
210
0.0
220
1.0
230
0.0
  0
LINE
  5
182E
330
70
100
AcDbEntity
  8
Visible
100
AcDbLine
 10
154.529293
 20
101.789447
 30
0.0
 11
154.529293
 21
101.728867
 31
0.0
210
0.0
220
1.0
230
0.0
  0
LINE
  5
182F
330
70
100
AcDbEntity
  8
Visible
100
AcDbLine
 10
154.537113
 20
101.782479
 30
0.0
 11
154.537113
 21
101.735774
 31
0.0
210
0.0
220
1.0
230
0.0
  0
LINE
  5
1830
330
70
100
AcDbEntity
  8
Visible
100
AcDbLine
 10
154.546265
 20
101.782479
 30
0.0
 11
154.537113
 21
101.782479
 31
0.0
210
0.0
220
1.0
230
0.0
  0
ELLIPSE
  5
1831
330
70
100
AcDbEntity
  8
Visible
100
AcDbEllipse
 10
151.638762
 20
97.853262
 30
0.0
 11
2.923814856733248
 21
3.924457020587002
 31
0.0000000000000006
210
-0.0000000000000002
220
0.0
230
1.0
 40
0.0661259308223644
 41
-0.0046391982501108
 42
0.0492255938558803
  0
ELLIPSE
  5
1832
330
70
100
AcDbEntity
  8
Visible
100
AcDbEllipse
 10
153.351276
 20
100.736661
 30
0.0
 11
1.214351595923694
 21
1.038236254452005
 31
0.0000000000000003
210
-0.0000000000000002
220
0.0
230
0.9999999999999996
 40
0.1037176566501873
 41
-0.0884442995065482
 42
0.0160000658660495
  0
ELLIPSE
  5
1833
330
70
100
AcDbEntity
  8
Visible
100
AcDbEllipse
 10
152.608764
 20
103.292171
 30
0.0
 11
-1.956888779160691
 21
1.548165197354754
 31
-0.0000000000000004
210
-0.0000000000000002
220
0.0
230
1.0
 40
0.0880290691814498
 41
3.129862585293723
 42
3.211123325579588
  0
ELLIPSE
  5
1834
330
70
100
AcDbEntity
  8
Visible
100
AcDbEllipse
 10
152.655777
 20
104.094092
 30
0.0
 11
-1.90674596735689
 21
2.353244642009163
 31
-0.0000000000000004
210
-0.0000000000000002
220
0.0
230
1.0
 40
0.0810906815151241
 41
3.075982223770489
 42
3.149198476769369
  0
LINE
  5
1835
330
70
100
AcDbEntity
  8
Visible
100
AcDbLine
 10
154.537113
 20
101.735774
 30
0.0
 11
154.545909
 21
101.735774
 31
0.0
210
0.0
220
1.0
230
0.0
  0
LINE
  5
1836
330
70
100
AcDbEntity
  8
Visible
100
AcDbLine
 10
154.636486
 20
101.728867
 30
0.0
 11
154.613412
 21
101.789447
 31
0.0
210
0.0
220
1.0
230
0.0
  0
LINE
  5
1837
330
70
100
AcDbEntity
  8
Visible
100
AcDbLine
 10
154.613412
 20
101.789447
 30
0.0
 11
154.605049
 21
101.789447
 31
0.0
210
0.0
220
1.0
230
0.0
  0
LINE
  5
1838
330
70
100
AcDbEntity
  8
Visible
100
AcDbLine
 10
154.605049
 20
101.789447
 30
0.0
 11
154.581976
 21
101.728867
 31
0.0
210
0.0
220
1.0
230
0.0
  0
LINE
  5
1839
330
70
100
AcDbEntity
  8
Visible
100
AcDbLine
 10
154.581976
 20
101.728867
 30
0.0
 11
154.590617
 21
101.728867
 31
0.0
210
0.0
220
1.0
230
0.0
  0
LINE
  5
183A
330
70
100
AcDbEntity
  8
Visible
100
AcDbLine
 10
154.590617
 20
101.728867
 30
0.0
 11
154.596439
 21
101.745437
 31
0.0
210
0.0
220
1.0
230
0.0
  0
LINE
  5
183B
330
70
100
AcDbEntity
  8
Visible
100
AcDbLine
 10
154.596439
 20
101.745437
 30
0.0
 11
154.621666
 21
101.745437
 31
0.0
210
0.0
220
1.0
230
0.0
  0
LINE
  5
183C
330
70
100
AcDbEntity
  8
Visible
100
AcDbLine
 10
154.621666
 20
101.745437
 30
0.0
 11
154.627845
 21
101.728867
 31
0.0
210
0.0
220
1.0
230
0.0
  0
LINE
  5
183D
330
70
100
AcDbEntity
  8
Visible
100
AcDbLine
 10
154.627845
 20
101.728867
 30
0.0
 11
154.636486
 21
101.728867
 31
0.0
210
0.0
220
1.0
230
0.0
  0
LINE
  5
183E
330
70
100
AcDbEntity
  8
Visible
100
AcDbLine
 10
154.598917
 20
101.752281
 30
0.0
 11
154.61925
 21
101.752281
 31
0.0
210
0.0
220
1.0
230
0.0
  0
LINE
  5
183F
330
70
100
AcDbEntity
  8
Visible
100
AcDbLine
 10
154.607976
 20
101.777461
 30
0.0
 11
154.598917
 21
101.752281
 31
0.0
210
0.0
220
1.0
230
0.0
  0
SPLINE
  5
1840
330
70
100
AcDbEntity
  8
Visible
100
AcDbSpline
210
0.0
220
0.0
230
1.0
 70
     8
 71
     3
 72
     8
 73
     4
 74
     0
 42
0.000000001
 43
0.0000000001
 40
3.0
 40
3.0
 40
3.0
 40
3.0
 40
4.0
 40
4.0
 40
4.0
 40
4.0
 10
154.6089673613751
 20
101.7817043924835
 30
0.000000000001819
 10
154.6086731313571
 20
101.7798770692055
 30
0.000000000001819
 10
154.6083479297558
 20
101.7784523764805
 30
0.000000000001819
 10
154.6079762707831
 20
101.7774612858895
 30
0.000000000001819
  0
LINE
  5
1841
330
70
100
AcDbEntity
  8
Visible
100
AcDbLine
 10
154.609153
 20
101.781704
 30
0.0
 11
154.608967
 21
101.781704
 31
0.0
210
0.0
220
1.0
230
0.0
  0
SPLINE
  5
1842
330
70
100
AcDbEntity
  8
Visible
100
AcDbSpline
210
0.0
220
0.0
230
1.0
 70
     8
 71
     3
 72
     8
 73
     4
 74
     0
 42
0.000000001
 43
0.0000000001
 40
1.0
 40
1.0
 40
1.0
 40
1.0
 40
2.0
 40
2.0
 40
2.0
 40
2.0
 10
154.6100978240811
 20
101.7774612858895
 30
0.000000000001819
 10
154.6098035940613
 20
101.7782975185755
 30
0.000000000001819
 10
154.6094938782516
 20
101.7796912397195
 30
0.000000000001819
 10
154.6091531908623
 20
101.7817043924835
 30
0.000000000001819
  0
LINE
  5
1843
330
70
100
AcDbEntity
  8
Visible
100
AcDbLine
 10
154.61925
 20
101.752281
 30
0.0
 11
154.610098
 21
101.777461
 31
0.0
210
0.0
220
1.0
230
0.0
  0
CIRCLE
  5
1844
330
70
100
AcDbEntity
  8
Visible
100
AcDbCircle
 10
-153.396497
 20
96.295168
 30
0.0
 40
0.5499999999999958
210
0.0000000000000002
220
0.0
230
-1.0
  0
CIRCLE
  5
1845
330
70
100
AcDbEntity
  8
Visible
100
AcDbCircle
 10
-158.592649
 20
105.295168
 30
0.0
 40
0.5499999999999958
210
0.0000000000000002
220
0.0
230
-1.0
  0
CIRCLE
  5
1846
330
70
100
AcDbEntity
  8
Visible
100
AcDbCircle
 10
-148.200344
 20
105.295168
 30
0.0
 40
0.5499999999999958
210
0.0000000000000002
220
0.0
230
-1.0
  0
ARC
  5
1847
330
70
100
AcDbEntity
  8
Visible
100
AcDbCircle
 10
-157.29375
 20
108.109926
 30
0.0
 40
1.500000000000019
210
0.0000000000000002
220
0.0
230
-1.0
100
AcDbArc
 50
123.831375
 51
245.228563
  0
ARC
  5
1848
330
70
100
AcDbEntity
  8
Visible
100
AcDbCircle
 10
158.592649
 20
105.295168
 30
0.0
 40
1.60000000000004
100
AcDbArc
 50
114.771437
 51
305.228563
  0
ARC
  5
1849
330
70
100
AcDbEntity
  8
Visible
100
AcDbCircle
 10
-160.380852
 20
102.76291
 30
0.0
 40
1.499999999999993
210
0.0000000000000002
220
0.0
230
-1.0
100
AcDbArc
 50
54.771437
 51
176.168625
  0
ARC
  5
184A
330
70
100
AcDbEntity
  8
Visible
100
AcDbCircle
 10
-149.499242
 20
108.109926
 30
0.0
 40
1.499999999999808
210
0.0000000000000002
220
0.0
230
-1.0
100
AcDbArc
 50
294.771437
 51
56.168625
  0
ARC
  5
184B
330
70
100
AcDbEntity
  8
Visible
100
AcDbCircle
 10
-146.412141
 20
102.76291
 30
0.0
 40
1.499999999999999
210
0.0000000000000002
220
0.0
230
-1.0
100
AcDbArc
 50
3.831375
 51
125.228563
  0
ARC
  5
184C
330
70
100
AcDbEntity
  8
Visible
100
AcDbCircle
 10
148.200344
 20
105.295168
 30
0.0
 40
1.59999999999999
100
AcDbArc
 50
234.771437
 51
65.228563
  0
ARC
  5
184D
330
70
100
AcDbEntity
  8
Visible
100
AcDbCircle
 10
-156.483598
 20
96.012668
 30
0.0
 40
1.499999999999991
210
0.0000000000000002
220
0.0
230
-1.0
100
AcDbArc
 50
243.831375
 51
5.228563
  0
ARC
  5
184E
330
70
100
AcDbEntity
  8
Visible
100
AcDbCircle
 10
153.396496
 20
96.295168
 30
0.0
 40
1.599999999999999
100
AcDbArc
 50
354.771437
 51
185.228563
  0
ARC
  5
184F
330
70
100
AcDbEntity
  8
Visible
100
AcDbCircle
 10
-150.309395
 20
96.012668
 30
0.0
 40
1.499999999999999
210
0.0000000000000002
220
0.0
230
-1.0
100
AcDbArc
 50
174.771437
 51
296.168625
  0
LINE
  5
1850
330
70
100
AcDbEntity
  8
Visible
100
AcDbLine
 10
154.425941
 20
101.632762
 30
0.0
 11
154.425941
 21
101.639669
 31
0.0
210
0.0
220
1.0
230
0.0
  0
LINE
  5
1851
330
70
100
AcDbEntity
  8
Visible
100
AcDbLine
 10
154.425941
 20
101.639669
 30
0.0
 11
154.401179
 21
101.639669
 31
0.0
210
0.0
220
1.0
230
0.0
  0
LINE
  5
1852
330
70
100
AcDbEntity
  8
Visible
100
AcDbLine
 10
154.401179
 20
101.639669
 30
0.0
 11
154.401179
 21
101.660048
 31
0.0
210
0.0
220
1.0
230
0.0
  0
LINE
  5
1853
330
70
100
AcDbEntity
  8
Visible
100
AcDbLine
 10
154.401179
 20
101.660048
 30
0.0
 11
154.422844
 21
101.660048
 31
0.0
210
0.0
220
1.0
230
0.0
  0
LINE
  5
1854
330
70
100
AcDbEntity
  8
Visible
100
AcDbLine
 10
154.422844
 20
101.660048
 30
0.0
 11
154.422844
 21
101.666986
 31
0.0
210
0.0
220
1.0
230
0.0
  0
LINE
  5
1855
330
70
100
AcDbEntity
  8
Visible
100
AcDbLine
 10
154.422844
 20
101.666986
 30
0.0
 11
154.401179
 21
101.666986
 31
0.0
210
0.0
220
1.0
230
0.0
  0
LINE
  5
1856
330
70
100
AcDbEntity
  8
Visible
100
AcDbLine
 10
154.401179
 20
101.666986
 30
0.0
 11
154.401179
 21
101.686374
 31
0.0
210
0.0
220
1.0
230
0.0
  0
LINE
  5
1857
330
70
100
AcDbEntity
  8
Visible
100
AcDbLine
 10
154.401179
 20
101.686374
 30
0.0
 11
154.424563
 21
101.686374
 31
0.0
210
0.0
220
1.0
230
0.0
  0
LINE
  5
1858
330
70
100
AcDbEntity
  8
Visible
100
AcDbLine
 10
154.424563
 20
101.686374
 30
0.0
 11
154.424563
 21
101.693342
 31
0.0
210
0.0
220
1.0
230
0.0
  0
LINE
  5
1859
330
70
100
AcDbEntity
  8
Visible
100
AcDbLine
 10
154.424563
 20
101.693342
 30
0.0
 11
154.393359
 21
101.693342
 31
0.0
210
0.0
220
1.0
230
0.0
  0
LINE
  5
185A
330
70
100
AcDbEntity
  8
Visible
100
AcDbLine
 10
154.393359
 20
101.693342
 30
0.0
 11
154.393359
 21
101.632762
 31
0.0
210
0.0
220
1.0
230
0.0
  0
LINE
  5
185B
330
70
100
AcDbEntity
  8
Visible
100
AcDbLine
 10
154.393359
 20
101.632762
 30
0.0
 11
154.425941
 21
101.632762
 31
0.0
210
0.0
220
1.0
230
0.0
  0
SPLINE
  5
185C
330
70
100
AcDbEntity
  8
Visible
100
AcDbSpline
210
0.0
220
0.0
230
1.0
 70
     8
 71
     3
 72
     8
 73
     4
 74
     0
 42
0.000000001
 43
0.0000000001
 40
0.0
 40
0.0
 40
0.0
 40
0.0
 40
1.0
 40
1.0
 40
1.0
 40
1.0
 10
154.4523285905652
 20
101.6770204487685
 30
0.000000000001819
 10
154.4466917628269
 20
101.6770204487685
 30
0.000000000001819
 10
154.4417208240811
 20
101.6756886707865
 30
0.000000000001819
 10
154.4374312601139
 20
101.6729941432415
 30
0.000000000001819
  0
LINE
  5
185D
330
70
100
AcDbEntity
  8
Visible
100
AcDbLine
 10
154.437431
 20
101.672994
 30
0.0
 11
154.437431
 21
101.665623
 31
0.0
210
0.0
220
1.0
230
0.0
  0
SPLINE
  5
185E
330
70
100
AcDbEntity
  8
Visible
100
AcDbSpline
210
0.0
220
0.0
230
1.0
 70
     8
 71
     3
 72
     8
 73
     4
 74
     0
 42
0.000000001
 43
0.0000000001
 40
12.0
 40
12.0
 40
12.0
 40
12.0
 40
13.0
 40
13.0
 40
13.0
 40
13.0
 10
154.4374312601139
 20
101.6656229069675
 30
0.000000000001819
 10
154.4417053382894
 20
101.6690917240375
 30
0.000000000001819
 10
154.4464285043886
 20
101.6708571041535
 30
0.000000000001819
 10
154.4516162442032
 20
101.6708571041535
 30
0.000000000001819
  0
ELLIPSE
  5
185F
330
70
100
AcDbEntity
  8
Visible
100
AcDbEllipse
 10
151.977638
 20
98.670511
 30
0.0
 11
2.479652149512932
 21
2.998597352305751
 31
0.0000000000000006
210
0.0000000000000002
220
0.0
230
-1.0
 40
0.0413057236689482
 41
-0.0341439633417378
 42
0.0499087759351626
  0
LINE
  5
1860
330
70
100
AcDbEntity
  8
Visible
100
AcDbLine
 10
154.460381
 20
101.660265
 30
0.0
 11
154.447559
 21
101.658468
 31
0.0
210
0.0
220
1.0
230
0.0
  0
SPLINE
  5
1861
330
70
100
AcDbEntity
  8
Visible
100
AcDbSpline
210
0.0
220
0.0
230
1.0
 70
     8
 71
     3
 72
     8
 73
     4
 74
     0
 42
0.000000001
 43
0.0000000001
 40
9.0
 40
9.0
 40
9.0
 40
9.0
 40
10.0
 40
10.0
 40
10.0
 40
10.0
 10
154.4475589670947
 20
101.6584684717615
 30
0.000000000001819
 10
154.437988748572
 20
101.6571366937795
 30
0.000000000001819
 10
154.4332036393098
 20
101.6524290134705
 30
0.000000000001819
 10
154.4332036393098
 20
101.6443454308345
 30
0.000000000001819
  0
SPLINE
  5
1862
330
70
100
AcDbEntity
  8
Visible
100
AcDbSpline
210
0.0
220
0.0
230
1.0
 70
     8
 71
     3
 72
     8
 73
     4
 74
     0
 42
0.000000001
 43
0.0000000001
 40
8.0
 40
8.0
 40
8.0
 40
8.0
 40
9.0
 40
9.0
 40
9.0
 40
9.0
 10
154.4332036393098
 20
101.6443454308345
 30
0.000000000001819
 10
154.4332036393098
 20
101.6404739832115
 30
0.000000000001819
 10
154.4344425025501
 20
101.6374077966945
 30
0.000000000001819
 10
154.4369202290272
 20
101.6351468712825
 30
0.000000000001819
  0
ELLIPSE
  5
1863
330
70
100
AcDbEntity
  8
Visible
100
AcDbEllipse
 10
155.506984
 20
103.063867
 30
0.0
 11
1.069165418122396
 21
1.429463479119338
 31
0.0000000000000002
210
-0.0000000000000002
220
0.0
230
1.0
 40
0.0816628266906759
 41
3.133606128914598
 42
3.202596524381801
  0
ELLIPSE
  5
1864
330
70
100
AcDbEntity
  8
Visible
100
AcDbEllipse
 10
153.847079
 20
102.72593
 30
0.0
 11
-0.607318159198908
 21
1.09238889472624
 31
-0.0000000000000001
210
-0.0000000000000002
220
0.0
230
1.0
 40
0.1033278739058415
 41
3.084210199929626
 42
3.203007143762919
  0
LINE
  5
1865
330
70
100
AcDbEntity
  8
Visible
100
AcDbLine
 10
154.46018
 20
101.639452
 30
0.0
 11
154.460381
 21
101.639452
 31
0.0
210
0.0
220
1.0
230
0.0
  0
LINE
  5
1866
330
70
100
AcDbEntity
  8
Visible
100
AcDbLine
 10
154.460381
 20
101.639452
 30
0.0
 11
154.460381
 21
101.632762
 31
0.0
210
0.0
220
1.0
230
0.0
  0
LINE
  5
1867
330
70
100
AcDbEntity
  8
Visible
100
AcDbLine
 10
154.460381
 20
101.632762
 30
0.0
 11
154.467969
 21
101.632762
 31
0.0
210
0.0
220
1.0
230
0.0
  0
LINE
  5
1868
330
70
100
AcDbEntity
  8
Visible
100
AcDbLine
 10
154.467969
 20
101.632762
 30
0.0
 11
154.467969
 21
101.660606
 31
0.0
210
0.0
220
1.0
230
0.0
  0
SPLINE
  5
1869
330
70
100
AcDbEntity
  8
Visible
100
AcDbSpline
210
0.0
220
0.0
230
1.0
 70
     8
 71
     3
 72
     8
 73
     4
 74
     0
 42
0.000000001
 43
0.0000000001
 40
1.0
 40
1.0
 40
1.0
 40
1.0
 40
2.0
 40
2.0
 40
2.0
 40
2.0
 10
154.46796923896
 20
101.6606055108495
 30
0.000000000001819
 10
154.46796923896
 20
101.6715694505165
 30
0.000000000001819
 10
154.4627505275657
 20
101.6770204487685
 30
0.000000000001819
 10
154.4523285905652
 20
101.6770204487685
 30
0.000000000001819
  0
ELLIPSE
  5
186A
330
70
100
AcDbEntity
  8
Visible
100
AcDbEllipse
 10
154.590619
 20
101.533265
 30
0.0
 11
-0.148242625285883
 21
0.1165841762548932
 31
0.0
210
-0.0000000000000002
220
0.0
230
1.0
 40
0.1798725432380285
 41
-0.0236467929338746
 42
0.1405278367279339
  0
SPLINE
  5
186B
330
70
100
AcDbEntity
  8
Visible
100
AcDbSpline
210
0.0
220
0.0
230
1.0
 70
     8
 71
     3
 72
     8
 73
     4
 74
     0
 42
0.000000001
 43
0.0000000001
 40
0.0
 40
0.0
 40
0.0
 40
0.0
 40
1.0
 40
1.0
 40
1.0
 40
1.0
 10
154.4502534946387
 20
101.6531103882515
 30
0.000000000001819
 10
154.4467072486186
 20
101.6526148429555
 30
0.000000000001819
 10
154.4442604937212
 20
101.6517476386885
 30
0.000000000001819
 10
154.4429132299483
 20
101.6504468322875
 30
0.000000000001819
  0
LINE
  5
186C
330
70
100
AcDbEntity
  8
Visible
100
AcDbLine
 10
154.460381
 20
101.654473
 30
0.0
 11
154.450253
 21
101.65311
 31
0.0
210
0.0
220
1.0
230
0.0
  0
LINE
  5
186D
330
70
100
AcDbEntity
  8
Visible
100
AcDbLine
 10
154.460381
 20
101.650323
 30
0.0
 11
154.460381
 21
101.654473
 31
0.0
210
0.0
220
1.0
230
0.0
  0
SPLINE
  5
186E
330
70
100
AcDbEntity
  8
Visible
100
AcDbSpline
210
0.0
220
0.0
230
1.0
 70
     8
 71
     3
 72
     8
 73
     4
 74
     0
 42
0.000000001
 43
0.0000000001
 40
5.0
 40
5.0
 40
5.0
 40
5.0
 40
6.0
 40
6.0
 40
6.0
 40
6.0
 10
154.4571291856173
 20
101.6414960453845
 30
0.000000000001819
 10
154.4592971962865
 20
101.6438189139575
 30
0.000000000001819
 10
154.4603812016212
 20
101.6467612141505
 30
0.000000000001819
 10
154.4603812016212
 20
101.6503229459635
 30
0.000000000001819
  0
ELLIPSE
  5
186F
330
70
100
AcDbEntity
  8
Visible
100
AcDbEllipse
 10
154.309411
 20
101.924426
 30
0.0
 11
-0.1446354654892815
 21
0.2853001088372804
 31
0.0
210
-0.0000000000000002
220
0.0
230
1.0
 40
0.1781164684616841
 41
3.051539304066254
 42
3.208706916381363
  0
ELLIPSE
  5
1870
330
70
100
AcDbEntity
  8
Visible
100
AcDbEllipse
 10
154.611628
 20
101.865784
 30
0.0
 11
0.1680346433291515
 21
0.2262708425191705
 31
0.0
210
-0.0000000000000002
220
0.0
230
1.0
 40
0.1577972285147623
 41
3.127271817399057
 42
3.258244908502514
  0
SPLINE
  5
1871
330
70
100
AcDbEntity
  8
Visible
100
AcDbSpline
210
0.0
220
0.0
230
1.0
 70
     8
 71
     3
 72
     8
 73
     4
 74
     0
 42
0.000000001
 43
0.0000000001
 40
2.0
 40
2.0
 40
2.0
 40
2.0
 40
3.0
 40
3.0
 40
3.0
 40
3.0
 10
154.4409000771829
 20
101.6449648624535
 30
0.000000000001819
 10
154.4409000771829
 20
101.6428897665285
 30
0.000000000001819
 10
154.4416279093366
 20
101.6412173011545
 30
0.000000000001819
 10
154.4430990594337
 20
101.6399164947545
 30
0.000000000001819
  0
SPLINE
  5
1872
330
70
100
AcDbEntity
  8
Visible
100
AcDbSpline
210
0.0
220
0.0
230
1.0
 70
     8
 71
     3
 72
     8
 73
     4
 74
     0
 42
0.000000001
 43
0.0000000001
 40
0.0
 40
0.0
 40
0.0
 40
0.0
 40
1.0
 40
1.0
 40
1.0
 40
1.0
 10
154.4907333509818
 20
101.6379343135705
 30
0.000000000001819
 10
154.4862734433209
 20
101.6379343135705
 30
0.000000000001819
 10
154.4821232514696
 20
101.6393280347155
 30
0.000000000001819
 10
154.4782518038464
 20
101.6421154770035
 30
0.000000000001819
  0
LINE
  5
1873
330
70
100
AcDbEntity
  8
Visible
100
AcDbLine
 10
154.478252
 20
101.642115
 30
0.0
 11
154.478252
 21
101.63428
 31
0.0
210
0.0
220
1.0
230
0.0
  0
ELLIPSE
  5
1874
330
70
100
AcDbEntity
  8
Visible
100
AcDbEllipse
 10
155.279406
 20
102.911738
 30
0.0
 11
0.8029819788767079
 21
1.276429613637465
 31
0.0000000000000002
210
-0.0000000000000002
220
0.0
230
1.0
 40
0.1189388844628983
 41
3.153271692361963
 42
3.216276189881519
  0
ELLIPSE
  5
1875
330
70
100
AcDbEntity
  8
Visible
100
AcDbEllipse
 10
154.134649
 20
102.062787
 30
0.0
 11
-0.3691370040149843
 21
0.4266759986158121
 31
-0.0000000000000001
210
-0.0000000000000002
220
0.0
230
1.0
 40
0.1658718393562334
 41
2.999062435503942
 42
3.12544430188921
  0
ELLIPSE
  5
1876
330
70
100
AcDbEntity
  8
Visible
100
AcDbEllipse
 10
154.036706
 20
101.886659
 30
0.0
 11
-0.4695262245885472
 21
0.247485031911982
 31
-0.0000000000000001
210
-0.0000000000000002
220
0.0
230
1.0
 40
0.1380632125924853
 41
3.070155202758305
 42
3.214236943190156
  0
ELLIPSE
  5
1877
330
70
100
AcDbEntity
  8
Visible
100
AcDbEllipse
 10
153.859258
 20
101.297568
 30
0.0
 11
0.6469479105897423
 21
0.3523020214683214
 31
0.0000000000000001
210
-0.0000000000000002
220
0.0
230
1.0
 40
0.1150001990860081
 41
-0.0625429091396694
 42
0.0260066068641123
  0
ELLIPSE
  5
1878
330
70
100
AcDbEntity
  8
Visible
100
AcDbEllipse
 10
154.382694
 20
101.6477
 30
0.0
 11
0.12365368711046
 21
0.0007954022451398
 31
0.0
210
-0.0000000000000002
220
0.0
230
1.0
 40
0.1728647161422826
 41
0.1502412662036663
 42
0.4277985936585394
  0
ELLIPSE
  5
1879
330
70
100
AcDbEntity
  8
Visible
100
AcDbEllipse
 10
154.921303
 20
101.58163
 30
0.0
 11
-0.4342184130606158
 21
0.0806206895619985
 31
-0.0000000000000001
210
0.0000000000000002
220
0.0
230
-0.9999999999999998
 40
0.0387331483051689
 41
-0.200329731791677
 42
-0.064082605692587
  0
SPLINE
  5
187A
330
70
100
AcDbEntity
  8
Visible
100
AcDbSpline
210
0.0
220
0.0
230
1.0
 70
     8
 71
     3
 72
     8
 73
     4
 74
     0
 42
0.000000001
 43
0.0000000001
 40
13.0
 40
13.0
 40
13.0
 40
13.0
 40
14.0
 40
14.0
 40
14.0
 40
14.0
 10
154.4877755649977
 20
101.6610081414015
 30
0.000000000001819
 10
154.4866760738732
 20
101.6619682604115
 30
0.000000000001819
 10
154.4861185854151
 20
101.6633000383935
 30
0.000000000001819
 10
154.4861185854151
 20
101.6650344469295
 30
0.000000000001819
  0
ELLIPSE
  5
187B
330
70
100
AcDbEntity
  8
Visible
100
AcDbEllipse
 10
154.530627
 20
101.647552
 30
0.0
 11
-0.0441006761802891
 21
0.0194976917433433
 31
0.0
210
0.0000000000000002
220
0.0
230
-1.0
 40
0.3083233262689061
 41
-0.1354776567358653
 42
0.1879254026652208
  0
SPLINE
  5
187C
330
70
100
AcDbEntity
  8
Visible
100
AcDbSpline
210
0.0
220
0.0
230
1.0
 70
     8
 71
     3
 72
     8
 73
     4
 74
     0
 42
0.000000001
 43
0.0000000001
 40
11.0
 40
11.0
 40
11.0
 40
11.0
 40
12.0
 40
12.0
 40
12.0
 40
12.0
 10
154.4884259681985
 20
101.6692465819425
 30
0.000000000001819
 10
154.4899590614568
 20
101.6703305872765
 30
0.000000000001819
 10
154.4919567284305
 20
101.6708571041535
 30
0.000000000001819
 10
154.4944034833279
 20
101.6708571041535
 30
0.000000000001819
  0
SPLINE
  5
187D
330
70
100
AcDbEntity
  8
Visible
100
AcDbSpline
210
0.0
220
0.0
230
1.0
 70
     8
 71
     3
 72
     8
 73
     4
 74
     0
 42
0.000000001
 43
0.0000000001
 40
10.0
 40
10.0
 40
10.0
 40
10.0
 40
11.0
 40
11.0
 40
11.0
 40
11.0
 10
154.4944034833279
 20
101.6708571041535
 30
0.000000000001819
 10
154.4985072178078
 20
101.6708571041535
 30
0.000000000001819
 10
154.5021618643641
 20
101.6698040704005
 30
0.000000000001819
 10
154.5053983945763
 20
101.6677289744745
 30
0.000000000001819
  0
LINE
  5
187E
330
70
100
AcDbEntity
  8
Visible
100
AcDbLine
 10
154.505398
 20
101.667729
 30
0.0
 11
154.505398
 21
101.6751
 31
0.0
210
0.0
220
1.0
230
0.0
  0
SPLINE
  5
187F
330
70
100
AcDbEntity
  8
Visible
100
AcDbSpline
210
0.0
220
0.0
230
1.0
 70
     8
 71
     3
 72
     8
 73
     4
 74
     0
 42
0.000000001
 43
0.0000000001
 40
8.0
 40
8.0
 40
8.0
 40
8.0
 40
9.0
 40
9.0
 40
9.0
 40
9.0
 10
154.5053983945763
 20
101.6751002107485
 30
0.000000000001819
 10
154.5022392933151
 20
101.6764010171485
 30
0.000000000001819
 10
154.4988324194073
 20
101.6770204487685
 30
0.000000000001819
 10
154.4951468012714
 20
101.6770204487685
 30
0.000000000001819
  0
SPLINE
  5
1880
330
70
100
AcDbEntity
  8
Visible
100
AcDbSpline
210
0.0
220
0.0
230
1.0
 70
     8
 71
     3
 72
     8
 73
     4
 74
     0
 42
0.000000001
 43
0.0000000001
 40
7.0
 40
7.0
 40
7.0
 40
7.0
 40
8.0
 40
8.0
 40
8.0
 40
8.0
 10
154.4951468012714
 20
101.6770204487685
 30
0.000000000001819
 10
154.4904081493823
 20
101.6770204487685
 30
0.000000000001819
 10
154.4864128154349
 20
101.6758745002725
 30
0.000000000001819
 10
154.4831607994329
 20
101.6735826032805
 30
0.000000000001819
  0
SPLINE
  5
1881
330
70
100
AcDbEntity
  8
Visible
100
AcDbSpline
210
0.0
220
0.0
230
1.0
 70
     8
 71
     3
 72
     8
 73
     4
 74
     0
 42
0.000000001
 43
0.0000000001
 40
6.0
 40
6.0
 40
6.0
 40
6.0
 40
7.0
 40
7.0
 40
7.0
 40
7.0
 10
154.4831607994329
 20
101.6735826032805
 30
0.000000000001819
 10
154.4799242692188
 20
101.6712597347065
 30
0.000000000001819
 10
154.4782982612178
 20
101.6681935481895
 30
0.000000000001819
 10
154.4782982612178
 20
101.6643530721475
 30
0.000000000001819
  0
ELLIPSE
  5
1882
330
70
100
AcDbEntity
  8
Visible
100
AcDbEllipse
 10
154.673213
 20
101.76875
 30
0.0
 11
0.193509829387396
 21
0.1101123214822186
 31
0.0
210
-0.0000000000000002
220
0.0
230
1.0
 40
0.2121866578767849
 41
3.021434904118782
 42
3.17018767934544
  0
ELLIPSE
  5
1883
330
70
100
AcDbEntity
  8
Visible
100
AcDbEllipse
 10
154.717061
 20
101.652611
 30
0.0
 11
-0.2374993999350702
 21
0.0073283794162681
 31
-0.0000000000000001
210
-0.0000000000000002
220
0.0
230
0.9999999999999998
 40
0.1123925499067711
 41
0.0900803561886181
 42
0.2980140650236203
  0
SPLINE
  5
1884
330
70
100
AcDbEntity
  8
Visible
100
AcDbSpline
210
0.0
220
0.0
230
1.0
 70
     8
 71
     3
 72
     8
 73
     4
 74
     0
 42
0.000000001
 43
0.0000000001
 40
3.0
 40
3.0
 40
3.0
 40
3.0
 40
4.0
 40
4.0
 40
4.0
 40
4.0
 10
154.4897887177631
 20
101.6517786102695
 30
0.000000000001819
 10
154.4937840517086
 20
101.6502919743825
 30
0.000000000001819
 10
154.4964321218831
 20
101.6489911679815
 30
0.000000000001819
 10
154.4977329282828
 20
101.6479071626465
 30
0.000000000001819
  0
SPLINE
  5
1885
330
70
100
AcDbEntity
  8
Visible
100
AcDbSpline
210
0.0
220
0.0
230
1.0
 70
     8
 71
     3
 72
     8
 73
     4
 74
     0
 42
0.000000001
 43
0.0000000001
 40
2.0
 40
2.0
 40
2.0
 40
2.0
 40
3.0
 40
3.0
 40
3.0
 40
3.0
 10
154.4977329282828
 20
101.6479071626465
 30
0.000000000001819
 10
154.4990337346844
 20
101.6468231573125
 30
0.000000000001819
 10
154.4996841378852
 20
101.6454604077505
 30
0.000000000001819
 10
154.4996841378852
 20
101.6437879423765
 30
0.000000000001819
  0
ELLIPSE
  5
1886
330
70
100
AcDbEntity
  8
Visible
100
AcDbEllipse
 10
151.910598
 20
103.331142
 30
0.0
 11
-2.588285036887424
 21
1.690332327689771
 31
-0.0000000000000006
210
0.0000000000000002
220
0.0
230
-1.0
 40
0.0381116149836214
 41
3.116708213698363
 42
3.199884124729086
  0
LINE
  5
1887
330
70
100
AcDbEntity
  8
Visible
100
AcDbLine
 10
154.552955
 20
101.676029
 30
0.0
 11
154.545088
 21
101.676029
 31
0.0
210
0.0
220
1.0
230
0.0
  0
LINE
  5
1888
330
70
100
AcDbEntity
  8
Visible
100
AcDbLine
 10
154.545088
 20
101.676029
 30
0.0
 11
154.533273
 21
101.643447
 31
0.0
210
0.0
220
1.0
230
0.0
  0
SPLINE
  5
1889
330
70
100
AcDbEntity
  8
Visible
100
AcDbSpline
210
0.0
220
0.0
230
1.0
 70
     8
 71
     3
 72
     8
 73
     4
 74
     0
 42
0.000000001
 43
0.0000000001
 40
12.0
 40
12.0
 40
12.0
 40
12.0
 40
13.0
 40
13.0
 40
13.0
 40
13.0
 10
154.5332728174598
 20
101.6434472549865
 30
0.000000000001819
 10
154.5328082437445
 20
101.6419296475185
 30
0.000000000001819
 10
154.532498527933
 20
101.6407527274405
 30
0.000000000001819
 10
154.5323436700291
 20
101.6399474663345
 30
0.000000000001819
  0
LINE
  5
188A
330
70
100
AcDbEntity
  8
Visible
100
AcDbLine
 10
154.532344
 20
101.639947
 30
0.0
 11
154.532142
 21
101.639947
 31
0.0
210
0.0
220
1.0
230
0.0
  0
LINE
  5
188B
330
70
100
AcDbEntity
  8
Visible
100
AcDbLine
 10
154.532142
 20
101.639947
 30
0.0
 11
154.531213
 21
101.643509
 31
0.0
210
0.0
220
1.0
230
0.0
  0
LINE
  5
188C
330
70
100
AcDbEntity
  8
Visible
100
AcDbLine
 10
154.531213
 20
101.643509
 30
0.0
 11
154.519909
 21
101.676029
 31
0.0
210
0.0
220
1.0
230
0.0
  0
LINE
  5
188D
330
70
100
AcDbEntity
  8
Visible
100
AcDbLine
 10
154.519909
 20
101.676029
 30
0.0
 11
154.511422
 21
101.676029
 31
0.0
210
0.0
220
1.0
230
0.0
  0
LINE
  5
188E
330
70
100
AcDbEntity
  8
Visible
100
AcDbLine
 10
154.511422
 20
101.676029
 30
0.0
 11
154.528395
 21
101.632855
 31
0.0
210
0.0
220
1.0
230
0.0
  0
LINE
  5
188F
330
70
100
AcDbEntity
  8
Visible
100
AcDbLine
 10
154.528395
 20
101.632855
 30
0.0
 11
154.525065
 21
101.624988
 31
0.0
210
0.0
220
1.0
230
0.0
  0
SPLINE
  5
1890
330
70
100
AcDbEntity
  8
Visible
100
AcDbSpline
210
0.0
220
0.0
230
1.0
 70
     8
 71
     3
 72
     8
 73
     4
 74
     0
 42
0.000000001
 43
0.0000000001
 40
5.0
 40
5.0
 40
5.0
 40
5.0
 40
6.0
 40
6.0
 40
6.0
 40
6.0
 10
154.5250653484981
 20
101.6249881927215
 30
0.000000000001819
 10
154.5233464257544
 20
101.6208999440315
 30
0.000000000001819
 10
154.520760298743
 20
101.6188867912675
 30
0.000000000001819
 10
154.5172914816721
 20
101.6188867912675
 30
0.000000000001819
  0
SPLINE
  5
1891
330
70
100
AcDbEntity
  8
Visible
100
AcDbSpline
210
0.0
220
0.0
230
1.0
 70
     8
 71
     3
 72
     8
 73
     4
 74
     0
 42
0.000000001
 43
0.0000000001
 40
4.0
 40
4.0
 40
4.0
 40
4.0
 40
5.0
 40
5.0
 40
5.0
 40
5.0
 10
154.5172914816721
 20
101.6188867912675
 30
0.000000000001819
 10
154.5158977605279
 20
101.6188867912675
 30
0.000000000001819
 10
154.5144730678039
 20
101.6191655354975
 30
0.000000000001819
 10
154.5129864319169
 20
101.6197539955355
 30
0.000000000001819
  0
LINE
  5
1892
330
70
100
AcDbEntity
  8
Visible
100
AcDbLine
 10
154.512986
 20
101.619754
 30
0.0
 11
154.512986
 21
101.613002
 31
0.0
210
0.0
220
1.0
230
0.0
  0
SPLINE
  5
1893
330
70
100
AcDbEntity
  8
Visible
100
AcDbSpline
210
0.0
220
0.0
230
1.0
 70
     8
 71
     3
 72
     8
 73
     4
 74
     0
 42
0.000000001
 43
0.0000000001
 40
2.0
 40
2.0
 40
2.0
 40
2.0
 40
3.0
 40
3.0
 40
3.0
 40
3.0
 10
154.5129864319169
 20
101.6130021908815
 30
0.000000000001819
 10
154.5143336956898
 20
101.6125995603285
 30
0.000000000001819
 10
154.5159751894807
 20
101.6123827592615
 30
0.000000000001819
 10
154.5178799417117
 20
101.6123827592615
 30
0.000000000001819
  0
SPLINE
  5
1894
330
70
100
AcDbEntity
  8
Visible
100
AcDbSpline
210
0.0
220
0.0
230
1.0
 70
     8
 71
     3
 72
     8
 73
     4
 74
     0
 42
0.000000001
 43
0.0000000001
 40
1.0
 40
1.0
 40
1.0
 40
1.0
 40
2.0
 40
2.0
 40
2.0
 40
2.0
 10
154.5178799417117
 20
101.6123827592615
 30
0.000000000001819
 10
154.5245233458317
 20
101.6123827592615
 30
0.000000000001819
 10
154.529664628275
 20
101.6169975248275
 30
0.000000000001819
 10
154.5333192748312
 20
101.6262270559615
 30
0.000000000001819
  0
LINE
  5
1895
330
70
100
AcDbEntity
  8
Visible
100
AcDbLine
 10
154.533319
 20
101.626227
 30
0.0
 11
154.552955
 21
101.676029
 31
0.0
210
0.0
220
1.0
230
0.0
  0
LINE
  5
1896
330
70
100
AcDbEntity
  8
Visible
100
AcDbLine
 10
154.593714
 20
101.632762
 30
0.0
 11
154.593714
 21
101.639669
 31
0.0
210
0.0
220
1.0
230
0.0
  0
LINE
  5
1897
330
70
100
AcDbEntity
  8
Visible
100
AcDbLine
 10
154.593714
 20
101.639669
 30
0.0
 11
154.568952
 21
101.639669
 31
0.0
210
0.0
220
1.0
230
0.0
  0
LINE
  5
1898
330
70
100
AcDbEntity
  8
Visible
100
AcDbLine
 10
154.568952
 20
101.639669
 30
0.0
 11
154.568952
 21
101.660048
 31
0.0
210
0.0
220
1.0
230
0.0
  0
LINE
  5
1899
330
70
100
AcDbEntity
  8
Visible
100
AcDbLine
 10
154.568952
 20
101.660048
 30
0.0
 11
154.590617
 21
101.660048
 31
0.0
210
0.0
220
1.0
230
0.0
  0
LINE
  5
189A
330
70
100
AcDbEntity
  8
Visible
100
AcDbLine
 10
154.590617
 20
101.660048
 30
0.0
 11
154.590617
 21
101.666986
 31
0.0
210
0.0
220
1.0
230
0.0
  0
LINE
  5
189B
330
70
100
AcDbEntity
  8
Visible
100
AcDbLine
 10
154.590617
 20
101.666986
 30
0.0
 11
154.568952
 21
101.666986
 31
0.0
210
0.0
220
1.0
230
0.0
  0
LINE
  5
189C
330
70
100
AcDbEntity
  8
Visible
100
AcDbLine
 10
154.568952
 20
101.666986
 30
0.0
 11
154.568952
 21
101.686374
 31
0.0
210
0.0
220
1.0
230
0.0
  0
LINE
  5
189D
330
70
100
AcDbEntity
  8
Visible
100
AcDbLine
 10
154.568952
 20
101.686374
 30
0.0
 11
154.592336
 21
101.686374
 31
0.0
210
0.0
220
1.0
230
0.0
  0
LINE
  5
189E
330
70
100
AcDbEntity
  8
Visible
100
AcDbLine
 10
154.592336
 20
101.686374
 30
0.0
 11
154.592336
 21
101.693342
 31
0.0
210
0.0
220
1.0
230
0.0
  0
LINE
  5
189F
330
70
100
AcDbEntity
  8
Visible
100
AcDbLine
 10
154.592336
 20
101.693342
 30
0.0
 11
154.561132
 21
101.693342
 31
0.0
210
0.0
220
1.0
230
0.0
  0
LINE
  5
18A0
330
70
100
AcDbEntity
  8
Visible
100
AcDbLine
 10
154.561132
 20
101.693342
 30
0.0
 11
154.561132
 21
101.632762
 31
0.0
210
0.0
220
1.0
230
0.0
  0
LINE
  5
18A1
330
70
100
AcDbEntity
  8
Visible
100
AcDbLine
 10
154.561132
 20
101.632762
 30
0.0
 11
154.593714
 21
101.632762
 31
0.0
210
0.0
220
1.0
230
0.0
  0
LINE
  5
18A2
330
70
100
AcDbEntity
  8
Visible
100
AcDbLine
 10
154.605158
 20
101.632762
 30
0.0
 11
154.621821
 21
101.632762
 31
0.0
210
0.0
220
1.0
230
0.0
  0
ELLIPSE
  5
18A3
330
70
100
AcDbEntity
  8
Visible
100
AcDbEllipse
 10
151.336818
 20
106.917248
 30
0.0
 11
-3.303933281085323
 21
5.279529645085228
 31
-0.0000000000000007
210
-0.0000000000000002
220
0.0
230
1.0
 40
0.0692562611986591
 41
3.098279157062296
 42
3.154958999448135
  0
ELLIPSE
  5
18A4
330
70
100
AcDbEntity
  8
Visible
100
AcDbEllipse
 10
147.827901
 20
105.804349
 30
0.0
 11
-6.822297193615587
 21
4.157179012365343
 31
-0.0000000000000015
210
-0.0000000000000002
220
0.0
230
1.0
 40
0.0581513061892472
 41
3.125269081549779
 42
3.177012440073398
  0
SPLINE
  5
18A5
330
70
100
AcDbEntity
  8
Visible
100
AcDbSpline
210
0.0
220
0.0
230
1.0
 70
     8
 71
     3
 72
     8
 73
     4
 74
     0
 42
0.000000001
 43
0.0000000001
 40
3.0
 40
3.0
 40
3.0
 40
3.0
 40
4.0
 40
4.0
 40
4.0
 40
4.0
 10
154.6544800996271
 20
101.6638265552715
 30
0.000000000001819
 10
154.6544800996271
 20
101.6728083137555
 30
0.000000000001819
 10
154.6514293989003
 20
101.6799627489625
 30
0.000000000001819
 10
154.6453434832365
 20
101.6853208324725
 30
0.000000000001819
  0
SPLINE
  5
18A6
330
70
100
AcDbEntity
  8
Visible
100
AcDbSpline
210
0.0
220
0.0
230
1.0
 70
     8
 71
     3
 72
     8
 73
     4
 74
     0
 42
0.000000001
 43
0.0000000001
 40
2.0
 40
2.0
 40
2.0
 40
2.0
 40
3.0
 40
3.0
 40
3.0
 40
3.0
 10
154.6453434832365
 20
101.6853208324725
 30
0.000000000001819
 10
154.6392575675745
 20
101.6906789159815
 30
0.000000000001819
 10
154.6316230728644
 20
101.6933424719455
 30
0.000000000001819
 10
154.6224399991024
 20
101.6933424719455
 30
0.000000000001819
  0
LINE
  5
18A7
330
70
100
AcDbEntity
  8
Visible
100
AcDbLine
 10
154.62244
 20
101.693342
 30
0.0
 11
154.605158
 21
101.693342
 31
0.0
210
0.0
220
1.0
230
0.0
  0
LINE
  5
18A8
330
70
100
AcDbEntity
  8
Visible
100
AcDbLine
 10
154.605158
 20
101.693342
 30
0.0
 11
154.605158
 21
101.632762
 31
0.0
210
0.0
220
1.0
230
0.0
  0
LINE
  5
18A9
330
70
100
AcDbEntity
  8
Visible
100
AcDbLine
 10
154.612978
 20
101.686374
 30
0.0
 11
154.612978
 21
101.639669
 31
0.0
210
0.0
220
1.0
230
0.0
  0
LINE
  5
18AA
330
70
100
AcDbEntity
  8
Visible
100
AcDbLine
 10
154.62213
 20
101.686374
 30
0.0
 11
154.612978
 21
101.686374
 31
0.0
210
0.0
220
1.0
230
0.0
  0
ELLIPSE
  5
18AB
330
70
100
AcDbEntity
  8
Visible
100
AcDbEllipse
 10
151.714627
 20
97.757158
 30
0.0
 11
2.923814567082688
 21
3.924456633763034
 31
0.0000000000000006
210
-0.0000000000000002
220
0.0
230
0.9999999999999998
 40
0.066125934112151
 41
-0.0046391984768945
 42
0.0492255962771482
  0
ELLIPSE
  5
18AC
330
70
100
AcDbEntity
  8
Visible
100
AcDbEllipse
 10
153.42714
 20
100.640556
 30
0.0
 11
1.214351769595455
 21
1.038236402931166
 31
0.0000000000000003
210
-0.0000000000000002
220
0.0
230
1.0
 40
0.1037176491787508
 41
-0.0884442931961471
 42
0.0160000647441854
  0
ELLIPSE
  5
18AD
330
70
100
AcDbEntity
  8
Visible
100
AcDbEllipse
 10
152.684629
 20
103.196066
 30
0.0
 11
-1.956888736192996
 21
1.548165164670171
 31
-0.0000000000000004
210
-0.0000000000000002
220
0.0
230
1.0
 40
0.0880290701041043
 41
3.129862585188331
 42
3.211123326363445
  0
ELLIPSE
  5
18AE
330
70
100
AcDbEntity
  8
Visible
100
AcDbEllipse
 10
152.731642
 20
103.997988
 30
0.0
 11
-1.906746064343607
 21
2.353244763579808
 31
-0.0000000000000004
210
-0.0000000000000002
220
0.0
230
1.0
 40
0.0810906794571849
 41
3.075982225491708
 42
3.149198476599656
  0
LINE
  5
18AF
330
70
100
AcDbEntity
  8
Visible
100
AcDbLine
 10
154.612978
 20
101.639669
 30
0.0
 11
154.621774
 21
101.639669
 31
0.0
210
0.0
220
1.0
230
0.0
  0
LINE
  5
18B0
330
70
100
AcDbEntity
  8
Visible
100
AcDbLine
 10
154.71235
 20
101.632762
 30
0.0
 11
154.689277
 21
101.693342
 31
0.0
210
0.0
220
1.0
230
0.0
  0
LINE
  5
18B1
330
70
100
AcDbEntity
  8
Visible
100
AcDbLine
 10
154.689277
 20
101.693342
 30
0.0
 11
154.680914
 21
101.693342
 31
0.0
210
0.0
220
1.0
230
0.0
  0
LINE
  5
18B2
330
70
100
AcDbEntity
  8
Visible
100
AcDbLine
 10
154.680914
 20
101.693342
 30
0.0
 11
154.657841
 21
101.632762
 31
0.0
210
0.0
220
1.0
230
0.0
  0
LINE
  5
18B3
330
70
100
AcDbEntity
  8
Visible
100
AcDbLine
 10
154.657841
 20
101.632762
 30
0.0
 11
154.666482
 21
101.632762
 31
0.0
210
0.0
220
1.0
230
0.0
  0
LINE
  5
18B4
330
70
100
AcDbEntity
  8
Visible
100
AcDbLine
 10
154.666482
 20
101.632762
 30
0.0
 11
154.672304
 21
101.649332
 31
0.0
210
0.0
220
1.0
230
0.0
  0
LINE
  5
18B5
330
70
100
AcDbEntity
  8
Visible
100
AcDbLine
 10
154.672304
 20
101.649332
 30
0.0
 11
154.697531
 21
101.649332
 31
0.0
210
0.0
220
1.0
230
0.0
  0
LINE
  5
18B6
330
70
100
AcDbEntity
  8
Visible
100
AcDbLine
 10
154.697531
 20
101.649332
 30
0.0
 11
154.703709
 21
101.632762
 31
0.0
210
0.0
220
1.0
230
0.0
  0
LINE
  5
18B7
330
70
100
AcDbEntity
  8
Visible
100
AcDbLine
 10
154.703709
 20
101.632762
 30
0.0
 11
154.71235
 21
101.632762
 31
0.0
210
0.0
220
1.0
230
0.0
  0
LINE
  5
18B8
330
70
100
AcDbEntity
  8
Visible
100
AcDbLine
 10
154.674782
 20
101.656177
 30
0.0
 11
154.695115
 21
101.656177
 31
0.0
210
0.0
220
1.0
230
0.0
  0
LINE
  5
18B9
330
70
100
AcDbEntity
  8
Visible
100
AcDbLine
 10
154.683841
 20
101.681356
 30
0.0
 11
154.674782
 21
101.656177
 31
0.0
210
0.0
220
1.0
230
0.0
  0
SPLINE
  5
18BA
330
70
100
AcDbEntity
  8
Visible
100
AcDbSpline
210
0.0
220
0.0
230
1.0
 70
     8
 71
     3
 72
     8
 73
     4
 74
     0
 42
0.000000001
 43
0.0000000001
 40
3.0
 40
3.0
 40
3.0
 40
3.0
 40
4.0
 40
4.0
 40
4.0
 40
4.0
 10
154.6848322489877
 20
101.6855995767005
 30
0.000000000001819
 10
154.6845380189679
 20
101.6837722534225
 30
0.000000000001819
 10
154.6842128173684
 20
101.6823475606975
 30
0.000000000001819
 10
154.6838411583958
 20
101.6813564701065
 30
0.000000000001819
  0
LINE
  5
18BB
330
70
100
AcDbEntity
  8
Visible
100
AcDbLine
 10
154.685018
 20
101.6856
 30
0.0
 11
154.684832
 21
101.6856
 31
0.0
210
0.0
220
1.0
230
0.0
  0
SPLINE
  5
18BC
330
70
100
AcDbEntity
  8
Visible
100
AcDbSpline
210
0.0
220
0.0
230
1.0
 70
     8
 71
     3
 72
     8
 73
     4
 74
     0
 42
0.000000001
 43
0.0000000001
 40
1.0
 40
1.0
 40
1.0
 40
1.0
 40
2.0
 40
2.0
 40
2.0
 40
2.0
 10
154.6859627116937
 20
101.6813564701065
 30
0.000000000001819
 10
154.6856684816739
 20
101.6821927027925
 30
0.000000000001819
 10
154.6853587658643
 20
101.6835864239365
 30
0.000000000001819
 10
154.6850180784749
 20
101.6855995767005
 30
0.000000000001819
  0
LINE
  5
18BD
330
70
100
AcDbEntity
  8
Visible
100
AcDbLine
 10
154.695115
 20
101.656177
 30
0.0
 11
154.685963
 21
101.681356
 31
0.0
210
0.0
220
1.0
230
0.0
  0
ARC
  5
18BE
330
70
100
AcDbEntity
  8
Visible
100
AcDbCircle
 10
-154.282894
 20
101.691165
 30
0.0
 40
0.0608872622980103
210
0.0000000000000002
220
0.0
230
-1.0
100
AcDbArc
 50
107.398048
 51
178.411278
  0
ELLIPSE
  5
18BF
330
70
100
AcDbEntity
  8
Visible
100
AcDbEllipse
 10
154.220114
 20
101.734503
 30
0.0
 11
-0.0804992312659757
 21
0.0341161739887674
 31
0.0
210
-0.0000000000000002
220
0.0
230
1.0
 40
0.8379880688132928
 41
3.806534040116138
 42
4.311596724557182
  0
ELLIPSE
  5
18C0
330
70
100
AcDbEntity
  8
Visible
100
AcDbEllipse
 10
154.222659
 20
101.711108
 30
0.0
 11
-0.0277777761956925
 21
0.0909600832196064
 31
0.0
210
-0.0000000000000002
220
0.0
230
0.9999999999999998
 40
0.9347991163578079
 41
-0.9805831655035891
 42
-0.2778135874920538
  0
ELLIPSE
  5
18C1
330
70
100
AcDbEntity
  8
Visible
100
AcDbEllipse
 10
154.232094
 20
101.656981
 30
0.0
 11
-0.0307766988795617
 21
0.1468699009132603
 31
0.0
210
-0.0000000000000002
220
0.0
230
1.0
 40
0.7599857251224252
 41
-0.1580301147718151
 42
0.3219527784383906
  0
SPLINE
  5
18C2
330
70
100
AcDbEntity
  8
Visible
100
AcDbSpline
210
0.0
220
0.0
230
1.0
 70
     8
 71
     3
 72
     8
 73
     4
 74
     0
 42
0.000000001
 43
0.0000000001
 40
3.0
 40
3.0
 40
3.0
 40
3.0
 40
4.0
 40
4.0
 40
4.0
 40
4.0
 10
154.1675798281121
 20
101.7889034979595
 30
0.000000000001819
 10
154.1602575757042
 20
101.7837348502895
 30
0.000000000001819
 10
154.1542274898383
 20
101.7772740422435
 30
0.000000000001819
 10
154.1486281261495
 20
101.7699517939445
 30
0.000000000001819
  0
SPLINE
  5
18C3
330
70
100
AcDbEntity
  8
Visible
100
AcDbSpline
210
0.0
220
0.0
230
1.0
 70
     8
 71
     3
 72
     8
 73
     4
 74
     0
 42
0.000000001
 43
0.0000000001
 40
4.0
 40
4.0
 40
4.0
 40
4.0
 40
5.0
 40
5.0
 40
5.0
 40
5.0
 10
154.1486281261495
 20
101.7699517939445
 30
0.000000000001819
 10
154.1451823651441
 20
101.7703825161245
 30
0.000000000001819
 10
154.142167318103
 20
101.7708132341965
 30
0.000000000001819
 10
154.1387215570976
 20
101.7708132341965
 30
0.000000000001819
  0
ELLIPSE
  5
18C4
330
70
100
AcDbEntity
  8
Visible
100
AcDbEllipse
 10
154.141623
 20
101.690639
 30
0.0
 11
-0.0211571456066498
 21
0.0777405550978634
 31
0.0
210
-0.0000000000000002
220
0.0
230
0.9999999999999998
 40
0.9265162336416741
 41
-0.247037434858044
 42
0.4875533708628166
  0
ARC
  5
18C5
330
70
100
AcDbEntity
  8
Visible
100
AcDbCircle
 10
-154.138364
 20
101.70114
 30
0.0
 40
0.0694193851349946
210
0.0000000000000002
220
0.0
230
-1.0
100
AcDbArc
 50
359.914254
 51
44.896592
  0
ARC
  5
18C6
330
70
100
AcDbEntity
  8
Visible
100
AcDbCircle
 10
-154.139317
 20
101.701193
 30
0.0
 40
0.0703720628664919
210
0.0000000000000002
220
0.0
230
-1.0
100
AcDbArc
 50
317.981743
 51
359.872797
  0
ELLIPSE
  5
18C7
330
70
100
AcDbEntity
  8
Visible
100
AcDbEllipse
 10
154.271431
 20
101.920066
 30
0.0
 11
0.1689726515859259
 21
0.2786880230148369
 31
0.0
210
-0.0000000000000002
220
0.0
230
0.9999999999999998
 40
0.4581454110563774
 41
3.008744184000269
 42
3.278683863607937
  0
ARC
  5
18C8
330
70
100
AcDbEntity
  8
Visible
100
AcDbCircle
 10
-154.16211
 20
101.646954
 30
0.0
 40
0.042823086875497
210
0.0000000000000002
220
0.0
230
-1.0
100
AcDbArc
 50
269.597516
 51
341.563387
  0
ARC
  5
18C9
330
70
100
AcDbEntity
  8
Visible
100
AcDbCircle
 10
-154.162318
 20
101.647289
 30
0.0
 40
0.0431663505407553
210
0.0000000000000002
220
0.0
230
-1.0
100
AcDbArc
 50
180.123231
 51
269.876769
  0
LINE
  5
18CA
330
70
100
AcDbEntity
  8
Visible
100
AcDbLine
 10
154.205483
 20
101.647196
 30
0.0
 11
154.205483
 21
101.651504
 31
0.0
210
0.0
220
1.0
230
0.0
  0
LINE
  5
18CB
330
70
100
AcDbEntity
  8
Visible
100
AcDbLine
 10
154.205483
 20
101.651504
 30
0.0
 11
154.265784
 21
101.683377
 31
0.0
210
0.0
220
1.0
230
0.0
  0
LINE
  5
18CC
330
70
100
AcDbEntity
  8
Visible
100
AcDbLine
 10
154.265784
 20
101.683377
 30
0.0
 11
154.252432
 21
101.706205
 31
0.0
210
0.0
220
1.0
230
0.0
  0
LINE
  5
18CD
330
70
100
AcDbEntity
  8
Visible
100
AcDbLine
 10
154.252432
 20
101.706205
 30
0.0
 11
154.194715
 21
101.676055
 31
0.0
210
0.0
220
1.0
230
0.0
  0
ELLIPSE
  5
18CE
330
70
100
AcDbEntity
  8
Visible
100
AcDbEllipse
 10
154.161003
 20
101.647349
 30
0.0
 11
0.0351816773495673
 21
0.0268910894639383
 31
0.0
210
-0.0000000000000002
220
0.0
230
0.9999999999999998
 40
0.9664448050562763
 41
0.0545623706428637
 42
0.9023702070033596
  0
ARC
  5
18CF
330
70
100
AcDbEntity
  8
Visible
100
AcDbCircle
 10
-154.162712
 20
101.647245
 30
0.0
 40
0.0434622108070187
210
0.0000000000000002
220
0.0
230
-1.0
100
AcDbArc
 50
20.224063
 51
89.604004
  0
ARC
  5
18D0
330
70
100
AcDbEntity
  8
Visible
100
AcDbCircle
 10
-154.139822
 20
101.702207
 30
0.0
 40
0.0437530646792432
210
0.0000000000000002
220
0.0
230
-1.0
100
AcDbArc
 50
294.141362
 51
359.594744
  0
ARC
  5
18D1
330
70
100
AcDbEntity
  8
Visible
100
AcDbCircle
 10
-154.139245
 20
101.701805
 30
0.0
 40
0.0431663505399434
210
0.0000000000000002
220
0.0
230
-1.0
100
AcDbArc
 50
0.123231
 51
89.876769
  0
ELLIPSE
  5
18D2
330
70
100
AcDbEntity
  8
Visible
100
AcDbEllipse
 10
154.147076
 20
101.7233
 30
0.0
 11
-0.028974577097129
 21
0.0103751889924523
 31
0.0
210
0.0000000000000002
220
0.0
230
-1.0
 40
0.6566042044687733
 41
1.070410619898453
 42
1.86432960265466
  0
ARC
  5
18D3
330
70
100
AcDbEntity
  8
Visible
100
AcDbCircle
 10
-154.219447
 20
101.71926
 30
0.0
 40
0.0606007874400386
210
0.0000000000000002
220
0.0
230
-1.0
100
AcDbArc
 50
18.518928
 51
90.236625
  0
SPLINE
  5
18D4
330
70
100
AcDbEntity
  8
Visible
100
AcDbSpline
210
0.0
220
0.0
230
1.0
 70
     8
 71
     3
 72
     8
 73
     4
 74
     0
 42
0.000000001
 43
0.0000000001
 40
21.0
 40
21.0
 40
21.0
 40
21.0
 40
22.0
 40
22.0
 40
22.0
 40
22.0
 10
154.2196970064506
 20
101.7798583671055
 30
0.000000000001819
 10
154.250708888363
 20
101.7798583671055
 30
0.000000000001819
 10
154.2765521205492
 20
101.7561687375995
 30
0.000000000001819
 10
154.2799978815546
 20
101.7260183000475
 30
0.000000000001819
  0
LINE
  5
18D5
330
70
100
AcDbEntity
  8
Visible
100
AcDbLine
 10
154.279998
 20
101.726018
 30
0.0
 11
154.283444
 21
101.726018
 31
0.0
210
0.0
220
1.0
230
0.0
  0
ARC
  5
18D6
330
70
100
AcDbEntity
  8
Visible
100
AcDbCircle
 10
-154.283419
 20
101.692398
 30
0.0
 40
0.033621135350418
210
0.0000000000000002
220
0.0
230
-1.0
100
AcDbArc
 50
90.041178
 51
179.958822
  0
ARC
  5
18D7
330
70
100
AcDbEntity
  8
Visible
100
AcDbCircle
 10
-154.283577
 20
101.69219
 30
0.0
 40
0.0334581773849437
210
0.0000000000000002
220
0.0
230
-1.0
100
AcDbArc
 50
179.601768
 51
265.799306
  0
LINE
  5
18D8
330
70
100
AcDbEntity
  8
Visible
100
AcDbLine
 10
154.286028
 20
101.658826
 30
0.0
 11
154.266646
 21
101.658826
 31
0.0
210
0.0
220
1.0
230
0.0
  0
SPLINE
  5
18D9
330
70
100
AcDbEntity
  8
Visible
100
AcDbSpline
210
0.0
220
0.0
230
1.0
 70
     8
 71
     3
 72
     8
 73
     4
 74
     0
 42
0.000000001
 43
0.0000000001
 40
26.0
 40
26.0
 40
26.0
 40
26.0
 40
27.0
 40
27.0
 40
27.0
 40
27.0
 10
154.2666455350663
 20
101.6588259029325
 30
0.000000000001819
 10
154.2657840907068
 20
101.6588259029325
 30
0.000000000001819
 10
154.2649226463472
 20
101.6592566168965
 30
0.000000000001819
 10
154.2640612184204
 20
101.6592566168965
 30
0.000000000001819
  0
ELLIPSE
  5
18DA
330
70
100
AcDbEntity
  8
Visible
100
AcDbEllipse
 10
154.263501
 20
101.646464
 30
0.0
 11
0.0092255669740469
 21
0.0092255669740469
 31
0.0
210
-0.0000000000000002
220
0.0
230
1.0
 40
0.9605978932337356
 41
0.7617067538902434
 42
2.379885648845357
  0
SPLINE
  5
18DB
330
70
100
AcDbEntity
  8
Visible
100
AcDbSpline
210
0.0
220
0.0
230
1.0
 70
     8
 71
     3
 72
    14
 73
    10
 74
     0
 42
0.000000001
 43
0.0000000001
 40
-0.0020156506025306
 40
-0.0020156506025306
 40
-0.0020156506025306
 40
-0.0020156506025306
 40
-0.0015061980028953
 40
-0.0015061980028953
 40
-0.0010063424245506
 40
-0.0010063424245506
 40
-0.0005082044701338
 40
-0.0005082044701338
 40
0.0
 40
0.0
 40
0.0
 40
0.0
 10
154.250708888363
 20
101.6459042868395
 30
0.000000000001819
 10
154.250708888363
 20
101.644206152112
 30
0.000000000001819
 10
154.2510493848149
 20
101.6425329051009
 30
0.000000000001819
 10
154.2523271637783
 20
101.6394250126046
 30
0.000000000001819
 10
154.2532437510817
 20
101.6380094041591
 30
0.000000000001819
 10
154.2555129550601
 20
101.6355833756236
 30
0.000000000001819
 10
154.2568584606506
 20
101.6345775690315
 30
0.000000000001819
 10
154.2598666651993
 20
101.6331026980515
 30
0.000000000001819
 10
154.261509074442
 20
101.63265762477
 30
0.000000000001819
 10
154.2631997904918
 20
101.6325519567805
 30
0.000000000001819
  0
LINE
  5
18DC
330
70
100
AcDbEntity
  8
Visible
100
AcDbLine
 10
154.2632
 20
101.632552
 30
0.0
 11
154.288612
 21
101.632552
 31
0.0
210
0.0
220
1.0
230
0.0
  0
ELLIPSE
  5
18DD
330
70
100
AcDbEntity
  8
Visible
100
AcDbEllipse
 10
154.279174
 20
101.705615
 30
0.0
 11
-0.0224345407338497
 21
0.0704762916504098
 31
0.0
210
-0.0000000000000002
220
0.0
230
1.0
 40
0.8954657691547646
 41
2.941427536872732
 42
3.612698128755067
  0
ARC
  5
18DE
330
70
100
AcDbEntity
  8
Visible
100
AcDbCircle
 10
-154.283451
 20
101.692773
 30
0.0
 40
0.060293920686973
210
0.0000000000000002
220
0.0
230
-1.0
100
AcDbArc
 50
179.924166
 51
222.635051
  0
ARC
  5
18DF
330
70
100
AcDbEntity
  8
Visible
100
AcDbCircle
 10
-154.16198
 20
101.646766
 30
0.0
 40
0.016798107494002
210
0.0000000000000002
220
0.0
230
-1.0
100
AcDbArc
 50
90.000028
 51
269.999972
  0
ARC
  5
18E0
330
70
100
AcDbEntity
  8
Visible
100
AcDbCircle
 10
-154.161978
 20
101.646766
 30
0.0
 40
0.016795463386761
210
0.0000000000000002
220
0.0
230
-1.0
100
AcDbArc
 50
269.992012
 51
90.007988
  0
CIRCLE
  5
18E1
330
70
100
AcDbEntity
  8
Visible
100
AcDbCircle
 10
153.396497
 20
102.295168
 30
0.0
 40
41.0
  0
CIRCLE
  5
18E2
330
70
100
AcDbEntity
  8
Visible
100
AcDbCircle
 10
-174.6097
 20
81.081965
 30
0.0
 40
1.25
210
0.0000000000000002
220
0.0
230
-1.0
  0
CIRCLE
  5
18E3
330
70
100
AcDbEntity
  8
Visible
100
AcDbCircle
 10
-153.396497
 20
132.295168
 30
0.0
 40
1.25
210
0.0000000000000002
220
0.0
230
-1.0
  0
CIRCLE
  5
18E4
330
70
100
AcDbEntity
  8
Visible
100
AcDbCircle
 10
-174.6097
 20
123.508372
 30
0.0
 40
1.25
210
0.0000000000000002
220
0.0
230
-1.0
  0
CIRCLE
  5
18E5
330
70
100
AcDbEntity
  8
Visible
100
AcDbCircle
 10
-132.183293
 20
81.081965
 30
0.0
 40
1.25
210
0.0000000000000002
220
0.0
230
-1.0
  0
CIRCLE
  5
18E6
330
70
100
AcDbEntity
  8
Visible
100
AcDbCircle
 10
-123.396497
 20
102.295168
 30
0.0
 40
1.25
210
0.0000000000000002
220
0.0
230
-1.0
  0
CIRCLE
  5
18E7
330
70
100
AcDbEntity
  8
Visible
100
AcDbCircle
 10
-132.183293
 20
123.508372
 30
0.0
 40
1.25
210
0.0000000000000002
220
0.0
230
-1.0
  0
CIRCLE
  5
18E8
330
70
100
AcDbEntity
  8
Visible
100
AcDbCircle
 10
-153.396497
 20
72.295168
 30
0.0
 40
1.25
210
0.0000000000000002
220
0.0
230
-1.0
  0
CIRCLE
  5
18E9
330
70
100
AcDbEntity
  8
Visible
100
AcDbCircle
 10
-183.396497
 20
102.295168
 30
0.0
 40
1.25
210
0.0000000000000002
220
0.0
230
-1.0
  0
CIRCLE
  5
18EA
330
70
100
AcDbEntity
  8
Visible
100
AcDbCircle
 10
-153.396497
 20
102.295168
 30
0.0
 40
26.0
210
0.0000000000000002
220
0.0
230
-1.0
  0
CIRCLE
  5
18EB
330
70
100
AcDbEntity
  8
Visible
100
AcDbCircle
 10
153.396497
 20
102.295168
 30
0.0
 40
23.5
  0
CIRCLE
  5
18EC
330
70
100
AcDbEntity
  8
Visible
100
AcDbCircle
 10
153.396497
 20
102.295168
 30
0.0
 40
17.5
  0
CIRCLE
  5
18ED
330
70
100
AcDbEntity
  8
Visible
100
AcDbCircle
 10
-163.355789
 20
96.545168
 30
0.0
 40
1.65
210
0.0000000000000002
220
0.0
230
-1.0
  0
CIRCLE
  5
18EE
330
70
100
AcDbEntity
  8
Visible
100
AcDbCircle
 10
-143.437205
 20
108.045168
 30
0.0
 40
1.65
210
0.0000000000000002
220
0.0
230
-1.0
  0
CIRCLE
  5
18EF
330
70
100
AcDbEntity
  8
Visible
100
AcDbCircle
 10
-153.396497
 20
113.795168
 30
0.0
 40
1.65
210
0.0000000000000002
220
0.0
230
-1.0
  0
CIRCLE
  5
18F0
330
70
100
AcDbEntity
  8
Visible
100
AcDbCircle
 10
-153.396497
 20
90.795168
 30
0.0
 40
1.65
210
0.0000000000000002
220
0.0
230
-1.0
  0
CIRCLE
  5
18F1
330
70
100
AcDbEntity
  8
Visible
100
AcDbCircle
 10
-143.437205
 20
96.545168
 30
0.0
 40
1.65
210
0.0000000000000002
220
0.0
230
-1.0
  0
CIRCLE
  5
18F2
330
70
100
AcDbEntity
  8
Visible
100
AcDbCircle
 10
-163.355789
 20
108.045168
 30
0.0
 40
1.65
210
0.0000000000000002
220
0.0
230
-1.0
  0
CIRCLE
  5
18F3
330
70
100
AcDbEntity
  8
Visible
100
AcDbCircle
 10
-153.396497
 20
102.295168
 30
0.0
 40
8.5
210
0.0000000000000002
220
0.0
230
-1.0
  0
ENDSEC
  0
SECTION
  2
OBJECTS
  0
DICTIONARY
  5
C
330
0
100
AcDbDictionary
281
     1
  3
ACAD_COLOR
350
63
  3
ACAD_DETAILVIEWSTYLE
350
6A
  3
ACAD_GROUP
350
D
  3
ACAD_LAYOUT
350
62
  3
ACAD_MATERIAL
350
10
  3
ACAD_MLEADERSTYLE
350
66
  3
ACAD_MLINESTYLE
350
5F
  3
ACAD_PLOTSETTINGS
350
61
  3
ACAD_PLOTSTYLENAME
350
E
  3
ACAD_SCALELIST
350
42
  3
ACAD_SECTIONVIEWSTYLE
350
68
  3
ACAD_TABLESTYLE
350
64
  3
ACAD_VISUALSTYLE
350
29
  3
ACDB_RECOMPOSE_DATA
350
199F
  3
AcDbVariableDictionary
350
1996
  0
DICTIONARY
  5
AC
330
70
100
AcDbDictionary
280
     1
281
     1
  3
ACAD_SORTENTS
360
AD
  0
DICTIONARY
  5
B6F
330
B6E
100
AcDbDictionary
280
     1
281
     1
  0
DICTIONARY
  5
BB5
330
BB4
100
AcDbDictionary
280
     1
281
     1
  3
ACAD_SORTENTS
360
E7E
  0
DICTIONARY
  5
BD0
330
BCF
100
AcDbDictionary
280
     1
281
     1
  0
DICTIONARY
  5
BD2
330
BD1
100
AcDbDictionary
280
     1
281
     1
  0
DICTIONARY
  5
BD4
330
BD3
100
AcDbDictionary
280
     1
281
     1
  0
DICTIONARY
  5
BD6
330
BD5
100
AcDbDictionary
280
     1
281
     1
  0
DICTIONARY
  5
BD8
330
BD7
100
AcDbDictionary
280
     1
281
     1
  0
DICTIONARY
  5
BDA
330
BD9
100
AcDbDictionary
280
     1
281
     1
  0
DICTIONARY
  5
BDC
330
BDB
100
AcDbDictionary
280
     1
281
     1
  0
DICTIONARY
  5
BDE
330
BDD
100
AcDbDictionary
280
     1
281
     1
  0
DICTIONARY
  5
BE0
330
BDF
100
AcDbDictionary
280
     1
281
     1
  0
DICTIONARY
  5
BE2
330
BE1
100
AcDbDictionary
280
     1
281
     1
  0
DICTIONARY
  5
BE4
330
BE3
100
AcDbDictionary
280
     1
281
     1
  0
DICTIONARY
  5
BE6
330
BE5
100
AcDbDictionary
280
     1
281
     1
  0
DICTIONARY
  5
BE8
330
BE7
100
AcDbDictionary
280
     1
281
     1
  0
DICTIONARY
  5
BEA
330
BE9
100
AcDbDictionary
280
     1
281
     1
  0
DICTIONARY
  5
BEC
330
BEB
100
AcDbDictionary
280
     1
281
     1
  0
DICTIONARY
  5
CAF
330
CAE
100
AcDbDictionary
280
     1
281
     1
  0
DICTIONARY
  5
63
102
{ACAD_REACTORS
330
C
102
}
330
C
100
AcDbDictionary
281
     1
  0
DICTIONARY
  5
6A
102
{ACAD_REACTORS
330
C
102
}
330
C
100
AcDbDictionary
281
     1
  3
Imperial24
350
6B
  0
DICTIONARY
  5
D
102
{ACAD_REACTORS
330
C
102
}
330
C
100
AcDbDictionary
281
     1
  0
DICTIONARY
  5
62
102
{ACAD_REACTORS
330
C
102
}
330
C
100
AcDbDictionary
281
     1
  3
Model
350
73
  3
图纸1
350
6F
  3
图纸2
350
77
  0
DICTIONARY
  5
10
102
{ACAD_REACTORS
330
C
102
}
330
C
100
AcDbDictionary
281
     1
  3
ByBlock
350
19
  3
ByLayer
350
11
  3
Global
350
21
  0
DICTIONARY
  5
66
102
{ACAD_REACTORS
330
C
102
}
330
C
100
AcDbDictionary
281
     1
  3
LEADER_NOTE_LEADERSTYLE
350
CB1
  3
Standard
350
67
  0
DICTIONARY
  5
5F
102
{ACAD_REACTORS
330
C
102
}
330
C
100
AcDbDictionary
281
     1
  3
Standard
350
60
  0
DICTIONARY
  5
61
102
{ACAD_REACTORS
330
C
102
}
330
C
100
AcDbDictionary
281
     1
  0
ACDBDICTIONARYWDFLT
  5
E
102
{ACAD_REACTORS
330
C
102
}
330
C
100
AcDbDictionary
281
     1
  3
Normal
350
F
100
AcDbDictionaryWithDefault
340
F
  0
DICTIONARY
  5
42
102
{ACAD_REACTORS
330
C
102
}
330
C
100
AcDbDictionary
281
     1
  3
A0
350
43
  3
A1
350
44
  3
A2
350
45
  3
A3
350
46
  3
A4
350
47
  3
A5
350
48
  3
A6
350
49
  3
A7
350
4A
  3
A8
350
4B
  3
A9
350
4C
  3
B0
350
4D
  3
B1
350
4E
  3
B2
350
4F
  3
B3
350
50
  3
B4
350
51
  3
B5
350
52
  3
B6
350
53
  0
DICTIONARY
  5
68
102
{ACAD_REACTORS
330
C
102
}
330
C
100
AcDbDictionary
281
     1
  3
Imperial24
350
69
  0
DICTIONARY
  5
64
102
{ACAD_REACTORS
330
C
102
}
330
C
100
AcDbDictionary
281
     1
  3
Standard
350
65
  0
DICTIONARY
  5
29
102
{ACAD_REACTORS
330
C
102
}
330
C
100
AcDbDictionary
281
     1
  3
2dWireframe
350
2F
  3
Basic
350
2E
  3
Brighten
350
35
  3
ColorChange
350
39
  3
Conceptual
350
32
  3
Dim
350
34
  3
EdgeColorOff
350
41
  3
Facepattern
350
38
  3
Flat
350
2A
  3
FlatWithEdges
350
2B
  3
Gouraud
350
2C
  3
GouraudWithEdges
350
2D
  3
Hidden
350
31
  3
JitterOff
350
3F
  3
Linepattern
350
37
  3
OverhangOff
350
40
  3
Realistic
350
33
  3
Shaded
350
3E
  3
Shaded with edges
350
3D
  3
Shades of Gray
350
3A
  3
Sketchy
350
3B
  3
Thicken
350
36
  3
Wireframe
350
30
  3
X-Ray
350
3C
  0
XRECORD
  5
199F
102
{ACAD_REACTORS
330
C
102
}
330
C
100
AcDbXrecord
280
     1
 90
        1
330
65
  0
DICTIONARY
  5
1996
102
{ACAD_REACTORS
330
C
102
}
330
C
100
AcDbDictionary
281
     1
  3
ANNOALLVISIBLE
350
199B
  3
CANNOSCALE
350
199C
  3
CMLEADERSTYLE
350
1998
  3
CTABLESTYLE
350
1997
  3
CVIEWDETAILSTYLE
350
1999
  3
CVIEWSECTIONSTYLE
350
199A
  0
SORTENTSTABLE
  5
AD
102
{ACAD_REACTORS
330
AC
102
}
330
AC
100
AcDbSortentsTable
330
70
  0
SORTENTSTABLE
  5
E7E
102
{ACAD_REACTORS
330
BB5
102
}
330
BB5
100
AcDbSortentsTable
330
BB4
  0
ACDBDETAILVIEWSTYLE
  5
6B
102
{ACAD_XDICTIONARY
360
19A2
102
}
102
{ACAD_REACTORS
330
6A
102
}
330
6A
100
AcDbModelDocViewStyle
 70
     0
  3
Imperial24
290
     0
100
AcDbDetailViewStyle
 70
     0
 71
     0
 90
        3
 71
     1
340
55
 62
   256
 40
0.24
340
0
 62
   256
 40
0.24
300

 40
0.36
280
     3
 71
     2
340
5D
 90
       25
 62
   256
 71
     3
340
55
 62
   256
 40
0.24
 90
        1
 40
0.75
 90
        1
300
%<\AcVar ViewType \f "%tc1">% %<\AcVar ViewDetailId>%\P比例 %<\AcVar ViewScale \f "%sn">%
 71
     4
340
5D
 90
       25
 62
   256
340
5D
 90
       25
 62
   256
280
     0
  0
LAYOUT
  5
73
102
{ACAD_REACTORS
330
62
102
}
330
62
100
AcDbPlotSettings
  1

  2
AutoCAD PDF (High Quality Print).pc3
  4
ISO_full_bleed_A3_(420.00_x_297.00_MM)
  6

 40
0.0
 41
0.0
 42
0.0
 43
0.0
 44
420.0
 45
297.0
 46
0.0
 47
0.0
 48
0.0
 49
0.0
140
0.0
141
0.0
142
1.0
143
1.927466
 70
 11952
 72
     1
 73
     0
 74
     0
  7

 75
     0
147
0.518816
 76
     0
 77
     2
 78
   300
148
254.687369
149
25.883047
100
AcDbLayout
  1
Model
 70
     1
 71
     0
 10
0.0
 20
0.0
 11
12.0
 21
9.0
 12
0.0
 22
0.0
 32
0.0
 14
0.0
 24
0.0
 34
0.0
 15
0.0
 25
0.0
 35
0.0
146
0.0
 13
0.0
 23
0.0
 33
0.0
 16
1.0
 26
0.0
 36
0.0
 17
0.0
 27
1.0
 37
0.0
 76
     0
330
70
1001
ACAD_PSEXT
1000
AutoCAD PDF (High Quality Print).pc3
1000
DWG To PDF
1000
文件
1000

1070
     0
  0
LAYOUT
  5
6F
102
{ACAD_REACTORS
330
62
102
}
330
62
100
AcDbPlotSettings
  1

  2
None
  4

  6

 40
0.0
 41
0.0
 42
0.0
 43
0.0
 44
0.0
 45
0.0
 46
0.0
 47
0.0
 48
0.0
 49
0.0
140
0.0
141
0.0
142
1.0
143
1.0
 70
   688
 72
     0
 73
     0
 74
     5
  7

 75
    16
147
1.0
 76
     0
 77
     2
 78
   300
148
0.0
149
0.0
100
AcDbLayout
  1
图纸1
 70
     1
 71
     1
 10
0.0
 20
0.0
 11
12.0
 21
9.0
 12
0.0
 22
0.0
 32
0.0
 14
0.0
 24
0.0
 34
0.0
 15
0.0
 25
0.0
 35
0.0
146
0.0
 13
0.0
 23
0.0
 33
0.0
 16
1.0
 26
0.0
 36
0.0
 17
0.0
 27
1.0
 37
0.0
 76
     0
330
6C
  0
LAYOUT
  5
77
102
{ACAD_REACTORS
330
62
102
}
330
62
100
AcDbPlotSettings
  1

  2
None
  4

  6

 40
0.0
 41
0.0
 42
0.0
 43
0.0
 44
0.0
 45
0.0
 46
0.0
 47
0.0
 48
0.0
 49
0.0
140
0.0
141
0.0
142
1.0
143
1.0
 70
   688
 72
     0
 73
     0
 74
     5
  7

 75
    16
147
1.0
 76
     0
 77
     2
 78
   300
148
0.0
149
0.0
100
AcDbLayout
  1
图纸2
 70
     1
 71
     2
 10
0.0
 20
0.0
 11
12.0
 21
9.0
 12
0.0
 22
0.0
 32
0.0
 14
0.0
 24
0.0
 34
0.0
 15
0.0
 25
0.0
 35
0.0
146
0.0
 13
0.0
 23
0.0
 33
0.0
 16
1.0
 26
0.0
 36
0.0
 17
0.0
 27
1.0
 37
0.0
 76
     0
330
74
  0
MATERIAL
  5
19
102
{ACAD_XDICTIONARY
360
1A
102
}
102
{ACAD_REACTORS
330
10
102
}
330
10
100
AcDbMaterial
  1
ByBlock
 72
     0
 43
0.020833
 43
0.0
 43
0.0
 43
0.0
 43
0.0
 43
0.020833
 43
0.0
 43
0.0
 43
0.0
 43
0.0
 43
1.0
 43
0.0
 43
0.0
 43
0.0
 43
0.0
 43
1.0
 77
     0
 47
0.020833
 47
0.0
 47
0.0
 47
0.0
 47
0.0
 47
0.020833
 47
0.0
 47
0.0
 47
0.0
 47
0.0
 47
1.0
 47
0.0
 47
0.0
 47
0.0
 47
0.0
 47
1.0
171
     0
 49
0.020833
 49
0.0
 49
0.0
 49
0.0
 49
0.0
 49
0.020833
 49
0.0
 49
0.0
 49
0.0
 49
0.0
 49
1.0
 49
0.0
 49
0.0
 49
0.0
 49
0.0
 49
1.0
175
     0
142
0.020833
142
0.0
142
0.0
142
0.0
142
0.0
142
0.020833
142
0.0
142
0.0
142
0.0
142
0.0
142
1.0
142
0.0
142
0.0
142
0.0
142
0.0
142
1.0
179
     0
144
0.020833
144
0.0
144
0.0
144
0.0
144
0.0
144
0.020833
144
0.0
144
0.0
144
0.0
144
0.0
144
1.0
144
0.0
144
0.0
144
0.0
144
0.0
144
1.0
147
0.020833
147
0.0
147
0.0
147
0.0
147
0.0
147
0.020833
147
0.0
147
0.0
147
0.0
147
0.0
147
1.0
147
0.0
147
0.0
147
0.0
147
0.0
147
1.0
  0
MATERIAL
  5
11
102
{ACAD_XDICTIONARY
360
12
102
}
102
{ACAD_REACTORS
330
10
102
}
330
10
100
AcDbMaterial
  1
ByLayer
 72
     0
 43
0.020833
 43
0.0
 43
0.0
 43
0.0
 43
0.0
 43
0.020833
 43
0.0
 43
0.0
 43
0.0
 43
0.0
 43
1.0
 43
0.0
 43
0.0
 43
0.0
 43
0.0
 43
1.0
 77
     0
 47
0.020833
 47
0.0
 47
0.0
 47
0.0
 47
0.0
 47
0.020833
 47
0.0
 47
0.0
 47
0.0
 47
0.0
 47
1.0
 47
0.0
 47
0.0
 47
0.0
 47
0.0
 47
1.0
171
     0
 49
0.020833
 49
0.0
 49
0.0
 49
0.0
 49
0.0
 49
0.020833
 49
0.0
 49
0.0
 49
0.0
 49
0.0
 49
1.0
 49
0.0
 49
0.0
 49
0.0
 49
0.0
 49
1.0
175
     0
142
0.020833
142
0.0
142
0.0
142
0.0
142
0.0
142
0.020833
142
0.0
142
0.0
142
0.0
142
0.0
142
1.0
142
0.0
142
0.0
142
0.0
142
0.0
142
1.0
179
     0
144
0.020833
144
0.0
144
0.0
144
0.0
144
0.0
144
0.020833
144
0.0
144
0.0
144
0.0
144
0.0
144
1.0
144
0.0
144
0.0
144
0.0
144
0.0
144
1.0
147
0.020833
147
0.0
147
0.0
147
0.0
147
0.0
147
0.020833
147
0.0
147
0.0
147
0.0
147
0.0
147
1.0
147
0.0
147
0.0
147
0.0
147
0.0
147
1.0
  0
MATERIAL
  5
21
102
{ACAD_XDICTIONARY
360
22
102
}
102
{ACAD_REACTORS
330
10
102
}
330
10
100
AcDbMaterial
  1
Global
 72
     0
 43
0.020833
 43
0.0
 43
0.0
 43
0.0
 43
0.0
 43
0.020833
 43
0.0
 43
0.0
 43
0.0
 43
0.0
 43
1.0
 43
0.0
 43
0.0
 43
0.0
 43
0.0
 43
1.0
 77
     0
 47
0.020833
 47
0.0
 47
0.0
 47
0.0
 47
0.0
 47
0.020833
 47
0.0
 47
0.0
 47
0.0
 47
0.0
 47
1.0
 47
0.0
 47
0.0
 47
0.0
 47
0.0
 47
1.0
171
     0
 49
0.020833
 49
0.0
 49
0.0
 49
0.0
 49
0.0
 49
0.020833
 49
0.0
 49
0.0
 49
0.0
 49
0.0
 49
1.0
 49
0.0
 49
0.0
 49
0.0
 49
0.0
 49
1.0
175
     0
142
0.020833
142
0.0
142
0.0
142
0.0
142
0.0
142
0.020833
142
0.0
142
0.0
142
0.0
142
0.0
142
1.0
142
0.0
142
0.0
142
0.0
142
0.0
142
1.0
179
     0
144
0.020833
144
0.0
144
0.0
144
0.0
144
0.0
144
0.020833
144
0.0
144
0.0
144
0.0
144
0.0
144
1.0
144
0.0
144
0.0
144
0.0
144
0.0
144
1.0
147
0.020833
147
0.0
147
0.0
147
0.0
147
0.0
147
0.020833
147
0.0
147
0.0
147
0.0
147
0.0
147
1.0
147
0.0
147
0.0
147
0.0
147
0.0
147
1.0
  0
MLEADERSTYLE
  5
CB1
102
{ACAD_REACTORS
330
CAE
330
D1D
330
66
102
}
330
66
100
AcDbMLeaderStyle
179
     2
170
     2
171
     1
172
     0
 90
        2
 40
0.0
 41
0.0
173
     1
 91
-1056964608
340
5B
 92
       -2
290
     1
 42
0.0
291
     1
 43
3.5
  3
Standard
 44
3.5
300

342
55
174
     5
178
     5
175
     1
176
     0
 93
-1056964608
 45
3.5
292
     0
297
     0
 46
4.0
 94
-1056964608
 47
1.0
 49
1.0
140
1.0
293
     1
141
0.0
294
     1
177
     0
142
1.0
295
     0
296
     0
143
3.5
271
     0
272
     9
273
     9
298
     0
  0
MLEADERSTYLE
  5
67
102
{ACAD_REACTORS
330
66
102
}
330
66
100
AcDbMLeaderStyle
179
     2
170
     2
171
     1
172
     0
 90
        2
 40
0.0
 41
0.0
173
     1
 91
-1056964608
340
5B
 92
       -2
290
     1
 42
0.09
291
     1
 43
0.36
  3
Standard
 44
0.18
300

342
55
174
     1
178
     6
175
     1
176
     0
 93
-1056964608
 45
0.18
292
     0
297
     0
 46
0.18
 94
-1056964608
 47
1.0
 49
1.0
140
1.0
293
     1
141
0.0
294
     1
177
     0
142
1.0
295
     0
296
     0
143
0.125
271
     0
272
     9
273
     9
298
     1
  0
MLINESTYLE
  5
60
102
{ACAD_REACTORS
330
5F
102
}
330
5F
100
AcDbMlineStyle
  2
STANDARD
 70
     0
  3

 62
   256
 51
90.0
 52
90.0
 71
     0
  0
ACDBPLACEHOLDER
  5
F
102
{ACAD_REACTORS
330
E
102
}
330
E
  0
SCALE
  5
43
102
{ACAD_REACTORS
330
42
102
}
330
42
100
AcDbScale
 70
     0
300
1:1
140
1.0
141
1.0
290
     1
  0
SCALE
  5
44
102
{ACAD_REACTORS
330
42
102
}
330
42
100
AcDbScale
 70
     0
300
1:2
140
1.0
141
2.0
290
     0
  0
SCALE
  5
45
102
{ACAD_REACTORS
330
42
102
}
330
42
100
AcDbScale
 70
     0
300
1:4
140
1.0
141
4.0
290
     0
  0
SCALE
  5
46
102
{ACAD_REACTORS
330
42
102
}
330
42
100
AcDbScale
 70
     0
300
1:5
140
1.0
141
5.0
290
     0
  0
SCALE
  5
47
102
{ACAD_REACTORS
330
42
102
}
330
42
100
AcDbScale
 70
     0
300
1:8
140
1.0
141
8.0
290
     0
  0
SCALE
  5
48
102
{ACAD_REACTORS
330
42
102
}
330
42
100
AcDbScale
 70
     0
300
1:10
140
1.0
141
10.0
290
     0
  0
SCALE
  5
49
102
{ACAD_REACTORS
330
42
102
}
330
42
100
AcDbScale
 70
     0
300
1:16
140
1.0
141
16.0
290
     0
  0
SCALE
  5
4A
102
{ACAD_REACTORS
330
42
102
}
330
42
100
AcDbScale
 70
     0
300
1:20
140
1.0
141
20.0
290
     0
  0
SCALE
  5
4B
102
{ACAD_REACTORS
330
42
102
}
330
42
100
AcDbScale
 70
     0
300
1:30
140
1.0
141
30.0
290
     0
  0
SCALE
  5
4C
102
{ACAD_REACTORS
330
42
102
}
330
42
100
AcDbScale
 70
     0
300
1:40
140
1.0
141
40.0
290
     0
  0
SCALE
  5
4D
102
{ACAD_REACTORS
330
42
102
}
330
42
100
AcDbScale
 70
     0
300
1:50
140
1.0
141
50.0
290
     0
  0
SCALE
  5
4E
102
{ACAD_REACTORS
330
42
102
}
330
42
100
AcDbScale
 70
     0
300
1:100
140
1.0
141
100.0
290
     0
  0
SCALE
  5
4F
102
{ACAD_REACTORS
330
42
102
}
330
42
100
AcDbScale
 70
     0
300
2:1
140
2.0
141
1.0
290
     0
  0
SCALE
  5
50
102
{ACAD_REACTORS
330
42
102
}
330
42
100
AcDbScale
 70
     0
300
4:1
140
4.0
141
1.0
290
     0
  0
SCALE
  5
51
102
{ACAD_REACTORS
330
42
102
}
330
42
100
AcDbScale
 70
     0
300
8:1
140
8.0
141
1.0
290
     0
  0
SCALE
  5
52
102
{ACAD_REACTORS
330
42
102
}
330
42
100
AcDbScale
 70
     0
300
10:1
140
10.0
141
1.0
290
     0
  0
SCALE
  5
53
102
{ACAD_REACTORS
330
42
102
}
330
42
100
AcDbScale
 70
     0
300
100:1
140
100.0
141
1.0
290
     0
  0
ACDBSECTIONVIEWSTYLE
  5
69
102
{ACAD_XDICTIONARY
360
19A0
102
}
102
{ACAD_REACTORS
330
68
102
}
330
68
100
AcDbModelDocViewStyle
 70
     0
  3
Imperial24
290
     0
100
AcDbSectionViewStyle
 70
     0
 71
     0
 90
       78
 71
     1
340
55
 62
   256
 40
0.24
340
0
340
0
 62
   256
 40
0.24
300
I, O, Q, S, X, Z
 40
0.48
 90
        3
 40
0.18
 90
        1
 71
     2
340
5D
 90
       25
 62
   256
340
5D
 90
       50
 62
   256
 40
0.24
 40
0.0
 40
0.24
 71
     3
340
55
 62
   256
 40
0.24
 90
        1
 40
0.75
 90
        1
300
%<\AcVar ViewType \f "%tc1">% %<\AcVar ViewSectionStartId>%-%<\AcVar ViewSectionEndId>%\P比例 %<\AcVar ViewScale \f "%sn">%
 71
     4
 62
   256
 62
   257
300
ANSI31
 40
1.0
 90
        0
290
     0
290
     0
 90
        6
 40
0.0
 40
1.570796
 40
0.261799
 40
1.308997
 40
-0.261799
 40
1.832596
  0
TABLESTYLE
  5
65
102
{ACAD_XDICTIONARY
360
199D
102
}
102
{ACAD_REACTORS
330
64
102
}
330
64
100
AcDbTableStyle
280
     0
  3
Standard
 70
     0
 71
     0
 40
1.5
 41
1.5
280
     0
281
     0
  7
Standard
140
0.18
170
     2
 62
     0
 63
     7
283
     0
 90
      512
 91
        0
  1

274
    -2
284
     1
 64
     0
275
    -2
285
     1
 65
     0
276
    -2
286
     1
 66
     0
277
    -2
287
     1
 67
     0
278
    -2
288
     1
 68
     0
279
    -2
289
     1
 69
     0
  7
Standard
140
0.25
170
     5
 62
     0
 63
     7
283
     0
 90
      512
 91
        0
  1

274
    -2
284
     1
 64
     0
275
    -2
285
     1
 65
     0
276
    -2
286
     1
 66
     0
277
    -2
287
     1
 67
     0
278
    -2
288
     1
 68
     0
279
    -2
289
     1
 69
     0
  7
Standard
140
0.18
170
     5
 62
     0
 63
     7
283
     0
 90
      512
 91
        0
  1

274
    -2
284
     1
 64
     0
275
    -2
285
     1
 65
     0
276
    -2
286
     1
 66
     0
277
    -2
287
     1
 67
     0
278
    -2
288
     1
 68
     0
279
    -2
289
     1
 69
     0
  0
VISUALSTYLE
  5
2F
102
{ACAD_REACTORS
330
29
102
}
330
29
100
AcDbVisualStyle
  2
2dWireframe
 70
     4
177
     3
291
     0
 70
    58
 90
        0
176
     1
 90
        2
176
     1
 90
        0
176
     1
 90
        0
176
     1
 40
0.6
176
     1
 40
30.0
176
     1
 62
     7
420
 16777215
176
     1
 90
        1
176
     1
 90
        4
176
     1
 62
     7
176
     1
 62
   257
176
     1
 90
        1
176
     1
 90
        1
176
     1
 40
1.0
176
     1
 90
        0
176
     1
 62
   257
176
     1
 40
1.0
176
     1
 90
        1
176
     1
 90
        6
176
     1
 90
        2
176
     1
 62
     7
176
     1
 90
        5
176
     1
 90
        0
176
     1
 90
        0
176
     1
290
     0
176
     1
 90
        1
176
     1
 40
0.0
176
     1
 90
        0
176
     1
290
     1
176
     1
290
     1
176
     1
290
     0
176
     1
290
     0
176
     1
290
     0
176
     1
290
     0
176
     1
290
     0
176
     1
290
     0
176
     1
290
     0
176
     1
 90
       50
176
     1
 40
0.0
176
     1
 40
1.0
176
     1
 90
        0
176
     1
 62
    18
420
        0
176
     1
 90
       50
176
     1
 90
        3
176
     1
 62
     5
420
      255
176
     1
290
     0
176
     1
 90
       50
176
     1
 90
       50
176
     1
 90
       50
176
     1
290
     0
176
     1
 90
       50
176
     1
 62
   256
176
     0
 40
1.0
176
     0
 90
        2
176
     1
  1
strokes_ogs.tif
176
     1
290
     0
176
     1
 40
1.0
176
     1
 40
1.0
176
     1
1001
ACAD
1000
AcDbSavedByObjectVersion
1070
     0
  0
VISUALSTYLE
  5
2E
102
{ACAD_REACTORS
330
29
102
}
330
29
100
AcDbVisualStyle
  2
Basic
 70
     7
177
     3
291
     1
 70
    58
 90
        1
176
     1
 90
        0
176
     1
 90
        1
176
     1
 90
        0
176
     1
 40
0.6
176
     1
 40
30.0
176
     1
 62
     7
420
 16777215
176
     1
 90
        0
176
     1
 90
        4
176
     1
 62
     7
176
     1
 62
   257
176
     1
 90
        1
176
     1
 90
        1
176
     1
 40
1.0
176
     1
 90
        8
176
     1
 62
     7
176
     1
 40
1.0
176
     1
 90
        1
176
     1
 90
        6
176
     1
 90
        2
176
     1
 62
     7
176
     1
 90
        5
176
     1
 90
        0
176
     1
 90
        0
176
     1
290
     0
176
     1
 90
        1
176
     1
 40
0.0
176
     1
 90
        0
176
     1
290
     0
176
     1
290
     1
176
     1
290
     1
176
     1
290
     0
176
     1
290
     0
176
     1
290
     0
176
     1
290
     0
176
     1
290
     0
176
     1
290
     0
176
     1
 90
       50
176
     1
 40
0.0
176
     1
 40
1.0
176
     1
 90
        0
176
     1
 62
    18
420
        0
176
     1
 90
       50
176
     1
 90
        3
176
     1
 62
     5
420
      255
176
     1
290
     0
176
     1
 90
       50
176
     1
 90
       50
176
     1
 90
       50
176
     1
290
     0
176
     1
 90
       50
176
     1
 62
   256
176
     0
 40
1.0
176
     0
 90
        2
176
     1
  1
strokes_ogs.tif
176
     1
290
     0
176
     1
 40
1.0
176
     1
 40
1.0
176
     1
1001
ACAD
1000
AcDbSavedByObjectVersion
1070
     0
  0
VISUALSTYLE
  5
35
102
{ACAD_REACTORS
330
29
102
}
330
29
100
AcDbVisualStyle
  2
Brighten
 70
    12
177
     3
291
     1
 70
    58
 90
        2
176
     1
 90
        2
176
     1
 90
        0
176
     1
 90
        0
176
     1
 40
0.6
176
     1
 40
30.0
176
     1
 62
     7
420
 16777215
176
     1
 90
        1
176
     1
 90
        4
176
     1
 62
     7
176
     1
 62
   257
176
     1
 90
        1
176
     1
 90
        1
176
     1
 40
1.0
176
     1
 90
        8
176
     1
 62
     7
176
     1
 40
1.0
176
     1
 90
        1
176
     1
 90
        6
176
     1
 90
        2
176
     1
 62
     7
176
     1
 90
        5
176
     1
 90
        0
176
     1
 90
        0
176
     1
290
     0
176
     1
 90
        1
176
     1
 40
50.0
176
     1
 90
        0
176
     1
290
     0
176
     1
290
     1
176
     1
290
     1
176
     1
290
     0
176
     1
290
     0
176
     1
290
     0
176
     1
290
     0
176
     1
290
     0
176
     1
290
     0
176
     1
 90
       50
176
     1
 40
0.0
176
     1
 40
1.0
176
     1
 90
        0
176
     1
 62
    18
420
        0
176
     1
 90
       50
176
     1
 90
        3
176
     1
 62
     5
420
      255
176
     1
290
     0
176
     1
 90
       50
176
     1
 90
       50
176
     1
 90
       50
176
     1
290
     0
176
     1
 90
       50
176
     1
 62
   256
176
     0
 40
1.0
176
     0
 90
        2
176
     1
  1
strokes_ogs.tif
176
     1
290
     0
176
     1
 40
1.0
176
     1
 40
1.0
176
     1
1001
ACAD
1000
AcDbSavedByObjectVersion
1070
     0
  0
VISUALSTYLE
  5
39
102
{ACAD_REACTORS
330
29
102
}
330
29
100
AcDbVisualStyle
  2
ColorChange
 70
    16
177
     3
291
     1
 70
    58
 90
        2
176
     1
 90
        2
176
     1
 90
        3
176
     1
 90
        0
176
     1
 40
0.6
176
     1
 40
30.0
176
     1
 62
     8
420
  8421504
176
     1
 90
        1
176
     1
 90
        4
176
     1
 62
     7
176
     1
 62
   257
176
     1
 90
        1
176
     1
 90
        1
176
     1
 40
1.0
176
     1
 90
        8
176
     1
 62
     8
420
  8421504
176
     1
 40
1.0
176
     1
 90
        1
176
     1
 90
        6
176
     1
 90
        2
176
     1
 62
     7
176
     1
 90
        5
176
     1
 90
        0
176
     1
 90
        0
176
     1
290
     0
176
     1
 90
        1
176
     1
 40
0.0
176
     1
 90
        0
176
     1
290
     0
176
     1
290
     1
176
     1
290
     1
176
     1
290
     0
176
     1
290
     0
176
     1
290
     0
176
     1
290
     0
176
     1
290
     0
176
     1
290
     0
176
     1
 90
       50
176
     1
 40
0.0
176
     1
 40
1.0
176
     1
 90
        0
176
     1
 62
    18
420
        0
176
     1
 90
       50
176
     1
 90
        3
176
     1
 62
     5
420
      255
176
     1
290
     0
176
     1
 90
       50
176
     1
 90
       50
176
     1
 90
       50
176
     1
290
     0
176
     1
 90
       50
176
     1
 62
   256
176
     0
 40
1.0
176
     0
 90
        2
176
     1
  1
strokes_ogs.tif
176
     1
290
     0
176
     1
 40
1.0
176
     1
 40
1.0
176
     1
1001
ACAD
1000
AcDbSavedByObjectVersion
1070
     0
  0
VISUALSTYLE
  5
32
102
{ACAD_REACTORS
330
29
102
}
330
29
100
AcDbVisualStyle
  2
Conceptual
 70
     9
177
     3
291
     0
 70
    58
 90
        3
176
     1
 90
        2
176
     1
 90
        0
176
     1
 90
        0
176
     1
 40
0.6
176
     1
 40
30.0
176
     1
 62
     7
420
 16777215
176
     1
 90
        2
176
     1
 90
        2
176
     1
 62
     7
176
     1
 62
   257
176
     1
 90
        1
176
     1
 90
        1
176
     1
 40
179.0
176
     1
 90
        8
176
     1
 62
     7
176
     1
 40
1.0
176
     1
 90
        1
176
     1
 90
        6
176
     1
 90
        2
176
     1
 62
     7
176
     1
 90
        3
176
     1
 90
        0
176
     1
 90
        0
176
     1
290
     0
176
     1
 90
        1
176
     1
 40
0.0
176
     1
 90
        0
176
     1
290
     0
176
     1
290
     1
176
     1
290
     1
176
     1
290
     0
176
     1
290
     0
176
     1
290
     0
176
     1
290
     0
176
     1
290
     0
176
     1
290
     0
176
     1
 90
       50
176
     1
 40
0.0
176
     1
 40
1.0
176
     1
 90
        0
176
     1
 62
    18
420
        0
176
     1
 90
       50
176
     1
 90
        3
176
     1
 62
     5
420
      255
176
     1
290
     0
176
     1
 90
       50
176
     1
 90
       50
176
     1
 90
       50
176
     1
290
     0
176
     1
 90
       50
176
     1
 62
   256
176
     0
 40
1.0
176
     0
 90
        2
176
     1
  1
strokes_ogs.tif
176
     1
290
     0
176
     1
 40
1.0
176
     1
 40
1.0
176
     1
1001
ACAD
1000
AcDbSavedByObjectVersion
1070
     0
  0
VISUALSTYLE
  5
34
102
{ACAD_REACTORS
330
29
102
}
330
29
100
AcDbVisualStyle
  2
Dim
 70
    11
177
     3
291
     1
 70
    58
 90
        2
176
     1
 90
        2
176
     1
 90
        0
176
     1
 90
        0
176
     1
 40
0.6
176
     1
 40
30.0
176
     1
 62
     7
420
 16777215
176
     1
 90
        1
176
     1
 90
        4
176
     1
 62
     7
176
     1
 62
   257
176
     1
 90
        1
176
     1
 90
        1
176
     1
 40
1.0
176
     1
 90
        8
176
     1
 62
     7
176
     1
 40
1.0
176
     1
 90
        1
176
     1
 90
        6
176
     1
 90
        2
176
     1
 62
     7
176
     1
 90
        5
176
     1
 90
        0
176
     1
 90
        0
176
     1
290
     0
176
     1
 90
        1
176
     1
 40
-50.0
176
     1
 90
        0
176
     1
290
     0
176
     1
290
     1
176
     1
290
     1
176
     1
290
     0
176
     1
290
     0
176
     1
290
     0
176
     1
290
     0
176
     1
290
     0
176
     1
290
     0
176
     1
 90
       50
176
     1
 40
0.0
176
     1
 40
1.0
176
     1
 90
        0
176
     1
 62
    18
420
        0
176
     1
 90
       50
176
     1
 90
        3
176
     1
 62
     5
420
      255
176
     1
290
     0
176
     1
 90
       50
176
     1
 90
       50
176
     1
 90
       50
176
     1
290
     0
176
     1
 90
       50
176
     1
 62
   256
176
     0
 40
1.0
176
     0
 90
        2
176
     1
  1
strokes_ogs.tif
176
     1
290
     0
176
     1
 40
1.0
176
     1
 40
1.0
176
     1
1001
ACAD
1000
AcDbSavedByObjectVersion
1070
     0
  0
VISUALSTYLE
  5
41
102
{ACAD_REACTORS
330
29
102
}
330
29
100
AcDbVisualStyle
  2
EdgeColorOff
 70
    22
177
     3
291
     1
 70
    58
 90
        2
176
     0
 90
        2
176
     0
 90
        0
176
     0
 90
        0
176
     0
 40
0.6
176
     0
 40
30.0
176
     0
 62
     7
420
 16777215
176
     0
 90
        1
176
     0
 90
        4
176
     0
 62
     7
176
     0
 62
   257
176
     0
 90
        1
176
     0
 90
        1
176
     0
 40
1.0
176
     0
 90
        8
176
     2
 62
     7
176
     0
 40
1.0
176
     0
 90
        1
176
     0
 90
        6
176
     0
 90
        2
176
     0
 62
     7
176
     0
 90
        5
176
     0
 90
        0
176
     0
 90
        0
176
     0
290
     0
176
     0
 90
        1
176
     0
 40
0.0
176
     0
 90
        0
176
     0
290
     0
176
     0
290
     1
176
     0
290
     1
176
     0
290
     0
176
     0
290
     0
176
     0
290
     0
176
     0
290
     0
176
     0
290
     0
176
     0
290
     0
176
     0
 90
       50
176
     0
 40
0.0
176
     0
 40
1.0
176
     0
 90
        0
176
     0
 62
    18
420
        0
176
     0
 90
       50
176
     0
 90
        3
176
     0
 62
     5
420
      255
176
     0
290
     0
176
     0
 90
       50
176
     0
 90
       50
176
     0
 90
       50
176
     0
290
     0
176
     0
 90
       50
176
     0
 62
   256
176
     0
 40
1.0
176
     0
 90
        2
176
     0
  1
strokes_ogs.tif
176
     0
290
     0
176
     0
 40
1.0
176
     0
 40
1.0
176
     0
1001
ACAD
1000
AcDbSavedByObjectVersion
1070
     0
  0
VISUALSTYLE
  5
38
102
{ACAD_REACTORS
330
29
102
}
330
29
100
AcDbVisualStyle
  2
Facepattern
 70
    15
177
     3
291
     1
 70
    58
 90
        2
176
     1
 90
        2
176
     1
 90
        0
176
     1
 90
        0
176
     1
 40
0.6
176
     1
 40
30.0
176
     1
 62
     7
420
 16777215
176
     1
 90
        1
176
     1
 90
        4
176
     1
 62
     7
176
     1
 62
   257
176
     1
 90
        1
176
     1
 90
        1
176
     1
 40
1.0
176
     1
 90
        8
176
     1
 62
     7
176
     1
 40
1.0
176
     1
 90
        1
176
     1
 90
        6
176
     1
 90
        2
176
     1
 62
     7
176
     1
 90
        5
176
     1
 90
        0
176
     1
 90
        0
176
     1
290
     0
176
     1
 90
        1
176
     1
 40
0.0
176
     1
 90
        0
176
     1
290
     0
176
     1
290
     1
176
     1
290
     1
176
     1
290
     0
176
     1
290
     0
176
     1
290
     0
176
     1
290
     0
176
     1
290
     0
176
     1
290
     0
176
     1
 90
       50
176
     1
 40
0.0
176
     1
 40
1.0
176
     1
 90
        0
176
     1
 62
    18
420
        0
176
     1
 90
       50
176
     1
 90
        3
176
     1
 62
     5
420
      255
176
     1
290
     0
176
     1
 90
       50
176
     1
 90
       50
176
     1
 90
       50
176
     1
290
     0
176
     1
 90
       50
176
     1
 62
   256
176
     0
 40
1.0
176
     0
 90
        2
176
     1
  1
strokes_ogs.tif
176
     1
290
     0
176
     1
 40
1.0
176
     1
 40
1.0
176
     1
1001
ACAD
1000
AcDbSavedByObjectVersion
1070
     0
  0
VISUALSTYLE
  5
2A
102
{ACAD_REACTORS
330
29
102
}
330
29
100
AcDbVisualStyle
  2
Flat
 70
     0
177
     3
291
     1
 70
    58
 90
        2
176
     1
 90
        1
176
     1
 90
        1
176
     1
 90
        2
176
     1
 40
0.6
176
     1
 40
30.0
176
     1
 62
     7
420
 16777215
176
     1
 90
        0
176
     1
 90
        0
176
     1
 62
     7
176
     1
 62
   257
176
     1
 90
        1
176
     1
 90
        1
176
     1
 40
1.0
176
     1
 90
        8
176
     1
 62
     7
176
     1
 40
1.0
176
     1
 90
        1
176
     1
 90
        6
176
     1
 90
        2
176
     1
 62
     7
176
     1
 90
        5
176
     1
 90
        0
176
     1
 90
        0
176
     1
290
     0
176
     1
 90
       13
176
     1
 40
0.0
176
     1
 90
        0
176
     1
290
     0
176
     1
290
     1
176
     1
290
     1
176
     1
290
     0
176
     1
290
     0
176
     1
290
     0
176
     1
290
     0
176
     1
290
     0
176
     1
290
     0
176
     1
 90
       50
176
     1
 40
0.0
176
     1
 40
1.0
176
     1
 90
        0
176
     1
 62
    18
420
        0
176
     1
 90
       50
176
     1
 90
        3
176
     1
 62
     5
420
      255
176
     1
290
     0
176
     1
 90
       50
176
     1
 90
       50
176
     1
 90
       50
176
     1
290
     0
176
     1
 90
       50
176
     1
 62
   256
176
     0
 40
1.0
176
     0
 90
        2
176
     1
  1
strokes_ogs.tif
176
     1
290
     0
176
     1
 40
1.0
176
     1
 40
1.0
176
     1
1001
ACAD
1000
AcDbSavedByObjectVersion
1070
     0
  0
VISUALSTYLE
  5
2B
102
{ACAD_REACTORS
330
29
102
}
330
29
100
AcDbVisualStyle
  2
FlatWithEdges
 70
     1
177
     3
291
     1
 70
    58
 90
        2
176
     1
 90
        1
176
     1
 90
        1
176
     1
 90
        2
176
     1
 40
0.6
176
     1
 40
30.0
176
     1
 62
     7
420
 16777215
176
     1
 90
        1
176
     1
 90
        0
176
     1
 62
     7
176
     1
 62
   257
176
     1
 90
        1
176
     1
 90
        1
176
     1
 40
1.0
176
     1
 90
        0
176
     1
 62
   257
176
     1
 40
1.0
176
     1
 90
        1
176
     1
 90
        6
176
     1
 90
        2
176
     1
 62
     7
176
     1
 90
        5
176
     1
 90
        0
176
     1
 90
        0
176
     1
290
     0
176
     1
 90
       13
176
     1
 40
0.0
176
     1
 90
        0
176
     1
290
     0
176
     1
290
     1
176
     1
290
     1
176
     1
290
     0
176
     1
290
     0
176
     1
290
     0
176
     1
290
     0
176
     1
290
     0
176
     1
290
     0
176
     1
 90
       50
176
     1
 40
0.0
176
     1
 40
1.0
176
     1
 90
        0
176
     1
 62
    18
420
        0
176
     1
 90
       50
176
     1
 90
        3
176
     1
 62
     5
420
      255
176
     1
290
     0
176
     1
 90
       50
176
     1
 90
       50
176
     1
 90
       50
176
     1
290
     0
176
     1
 90
       50
176
     1
 62
   256
176
     0
 40
1.0
176
     0
 90
        2
176
     1
  1
strokes_ogs.tif
176
     1
290
     0
176
     1
 40
1.0
176
     1
 40
1.0
176
     1
1001
ACAD
1000
AcDbSavedByObjectVersion
1070
     0
  0
VISUALSTYLE
  5
2C
102
{ACAD_REACTORS
330
29
102
}
330
29
100
AcDbVisualStyle
  2
Gouraud
 70
     2
177
     3
291
     1
 70
    58
 90
        2
176
     1
 90
        2
176
     1
 90
        1
176
     1
 90
        2
176
     1
 40
0.6
176
     1
 40
30.0
176
     1
 62
     7
420
 16777215
176
     1
 90
        0
176
     1
 90
        0
176
     1
 62
     7
176
     1
 62
   257
176
     1
 90
        1
176
     1
 90
        1
176
     1
 40
1.0
176
     1
 90
        0
176
     1
 62
     7
176
     1
 40
1.0
176
     1
 90
        1
176
     1
 90
        6
176
     1
 90
        2
176
     1
 62
     7
176
     1
 90
        5
176
     1
 90
        0
176
     1
 90
        0
176
     1
290
     0
176
     1
 90
       13
176
     1
 40
0.0
176
     1
 90
        0
176
     1
290
     0
176
     1
290
     1
176
     1
290
     1
176
     1
290
     0
176
     1
290
     0
176
     1
290
     0
176
     1
290
     0
176
     1
290
     0
176
     1
290
     0
176
     1
 90
       50
176
     1
 40
0.0
176
     1
 40
1.0
176
     1
 90
        0
176
     1
 62
    18
420
        0
176
     1
 90
       50
176
     1
 90
        3
176
     1
 62
     5
420
      255
176
     1
290
     0
176
     1
 90
       50
176
     1
 90
       50
176
     1
 90
       50
176
     1
290
     0
176
     1
 90
       50
176
     1
 62
   256
176
     0
 40
1.0
176
     0
 90
        2
176
     1
  1
strokes_ogs.tif
176
     1
290
     0
176
     1
 40
1.0
176
     1
 40
1.0
176
     1
1001
ACAD
1000
AcDbSavedByObjectVersion
1070
     0
  0
VISUALSTYLE
  5
2D
102
{ACAD_REACTORS
330
29
102
}
330
29
100
AcDbVisualStyle
  2
GouraudWithEdges
 70
     3
177
     3
291
     1
 70
    58
 90
        2
176
     1
 90
        2
176
     1
 90
        1
176
     1
 90
        2
176
     1
 40
0.6
176
     1
 40
30.0
176
     1
 62
     7
420
 16777215
176
     1
 90
        1
176
     1
 90
        0
176
     1
 62
     7
176
     1
 62
   257
176
     1
 90
        1
176
     1
 90
        1
176
     1
 40
1.0
176
     1
 90
        0
176
     1
 62
   257
176
     1
 40
1.0
176
     1
 90
        1
176
     1
 90
        6
176
     1
 90
        2
176
     1
 62
     7
176
     1
 90
        5
176
     1
 90
        0
176
     1
 90
        0
176
     1
290
     0
176
     1
 90
       13
176
     1
 40
0.0
176
     1
 90
        0
176
     1
290
     0
176
     1
290
     1
176
     1
290
     1
176
     1
290
     0
176
     1
290
     0
176
     1
290
     0
176
     1
290
     0
176
     1
290
     0
176
     1
290
     0
176
     1
 90
       50
176
     1
 40
0.0
176
     1
 40
1.0
176
     1
 90
        0
176
     1
 62
    18
420
        0
176
     1
 90
       50
176
     1
 90
        3
176
     1
 62
     5
420
      255
176
     1
290
     0
176
     1
 90
       50
176
     1
 90
       50
176
     1
 90
       50
176
     1
290
     0
176
     1
 90
       50
176
     1
 62
   256
176
     0
 40
1.0
176
     0
 90
        2
176
     1
  1
strokes_ogs.tif
176
     1
290
     0
176
     1
 40
1.0
176
     1
 40
1.0
176
     1
1001
ACAD
1000
AcDbSavedByObjectVersion
1070
     0
  0
VISUALSTYLE
  5
31
102
{ACAD_REACTORS
330
29
102
}
330
29
100
AcDbVisualStyle
  2
Hidden
 70
     6
177
     3
291
     0
 70
    58
 90
        1
176
     1
 90
        2
176
     1
 90
        2
176
     1
 90
        0
176
     1
 40
0.6
176
     1
 40
30.0
176
     1
 62
     7
420
 16777215
176
     1
 90
        2
176
     1
 90
        2
176
     1
 62
     7
176
     1
 62
   257
176
     1
 90
        2
176
     1
 90
        1
176
     1
 40
40.0
176
     1
 90
        0
176
     1
 62
   257
176
     1
 40
1.0
176
     1
 90
        1
176
     1
 90
        6
176
     1
 90
        2
176
     1
 62
     7
176
     1
 90
        3
176
     1
 90
        0
176
     1
 90
        0
176
     1
290
     0
176
     1
 90
        1
176
     1
 40
0.0
176
     1
 90
        0
176
     1
290
     0
176
     1
290
     1
176
     1
290
     1
176
     1
290
     0
176
     1
290
     0
176
     1
290
     0
176
     1
290
     0
176
     1
290
     0
176
     1
290
     0
176
     1
 90
       50
176
     1
 40
0.0
176
     1
 40
1.0
176
     1
 90
        0
176
     1
 62
    18
420
        0
176
     1
 90
       50
176
     1
 90
        3
176
     1
 62
     5
420
      255
176
     1
290
     0
176
     1
 90
       50
176
     1
 90
       50
176
     1
 90
       50
176
     1
290
     0
176
     1
 90
       50
176
     1
 62
   256
176
     0
 40
1.0
176
     0
 90
        2
176
     1
  1
strokes_ogs.tif
176
     1
290
     0
176
     1
 40
1.0
176
     1
 40
1.0
176
     1
1001
ACAD
1000
AcDbSavedByObjectVersion
1070
     0
  0
VISUALSTYLE
  5
3F
102
{ACAD_REACTORS
330
29
102
}
330
29
100
AcDbVisualStyle
  2
JitterOff
 70
    20
177
     3
291
     1
 70
    58
 90
        2
176
     0
 90
        2
176
     0
 90
        0
176
     0
 90
        0
176
     0
 40
0.6
176
     0
 40
30.0
176
     0
 62
     7
420
 16777215
176
     0
 90
        1
176
     0
 90
        4
176
     0
 62
     7
176
     0
 62
   257
176
     0
 90
        1
176
     0
 90
        1
176
     0
 40
1.0
176
     0
 90
       10
176
     2
 62
     7
176
     0
 40
1.0
176
     0
 90
        1
176
     0
 90
        6
176
     0
 90
        2
176
     0
 62
     7
176
     0
 90
        5
176
     0
 90
        0
176
     0
 90
        0
176
     0
290
     0
176
     0
 90
        1
176
     0
 40
0.0
176
     0
 90
        0
176
     0
290
     0
176
     0
290
     1
176
     0
290
     1
176
     0
290
     0
176
     0
290
     0
176
     0
290
     0
176
     0
290
     0
176
     0
290
     0
176
     0
290
     0
176
     0
 90
       50
176
     0
 40
0.0
176
     0
 40
1.0
176
     0
 90
        0
176
     0
 62
    18
420
        0
176
     0
 90
       50
176
     0
 90
        3
176
     0
 62
     5
420
      255
176
     0
290
     0
176
     0
 90
       50
176
     0
 90
       50
176
     0
 90
       50
176
     0
290
     0
176
     0
 90
       50
176
     0
 62
   256
176
     0
 40
1.0
176
     0
 90
        2
176
     0
  1
strokes_ogs.tif
176
     0
290
     0
176
     0
 40
1.0
176
     0
 40
1.0
176
     0
1001
ACAD
1000
AcDbSavedByObjectVersion
1070
     0
  0
VISUALSTYLE
  5
37
102
{ACAD_REACTORS
330
29
102
}
330
29
100
AcDbVisualStyle
  2
Linepattern
 70
    14
177
     3
291
     1
 70
    58
 90
        2
176
     1
 90
        2
176
     1
 90
        0
176
     1
 90
        0
176
     1
 40
0.6
176
     1
 40
30.0
176
     1
 62
     7
420
 16777215
176
     1
 90
        1
176
     1
 90
        4
176
     1
 62
     7
176
     1
 62
   257
176
     1
 90
        7
176
     1
 90
        7
176
     1
 40
1.0
176
     1
 90
        8
176
     1
 62
     7
176
     1
 40
1.0
176
     1
 90
        1
176
     1
 90
        6
176
     1
 90
        2
176
     1
 62
     7
176
     1
 90
        5
176
     1
 90
        0
176
     1
 90
        0
176
     1
290
     0
176
     1
 90
        1
176
     1
 40
0.0
176
     1
 90
        0
176
     1
290
     0
176
     1
290
     1
176
     1
290
     1
176
     1
290
     0
176
     1
290
     0
176
     1
290
     0
176
     1
290
     0
176
     1
290
     0
176
     1
290
     0
176
     1
 90
       50
176
     1
 40
0.0
176
     1
 40
1.0
176
     1
 90
        0
176
     1
 62
    18
420
        0
176
     1
 90
       50
176
     1
 90
        3
176
     1
 62
     5
420
      255
176
     1
290
     0
176
     1
 90
       50
176
     1
 90
       50
176
     1
 90
       50
176
     1
290
     0
176
     1
 90
       50
176
     1
 62
   256
176
     0
 40
1.0
176
     0
 90
        2
176
     1
  1
strokes_ogs.tif
176
     1
290
     0
176
     1
 40
1.0
176
     1
 40
1.0
176
     1
1001
ACAD
1000
AcDbSavedByObjectVersion
1070
     0
  0
VISUALSTYLE
  5
40
102
{ACAD_REACTORS
330
29
102
}
330
29
100
AcDbVisualStyle
  2
OverhangOff
 70
    21
177
     3
291
     1
 70
    58
 90
        2
176
     0
 90
        2
176
     0
 90
        0
176
     0
 90
        0
176
     0
 40
0.6
176
     0
 40
30.0
176
     0
 62
     7
420
 16777215
176
     0
 90
        1
176
     0
 90
        4
176
     0
 62
     7
176
     0
 62
   257
176
     0
 90
        1
176
     0
 90
        1
176
     0
 40
1.0
176
     0
 90
        9
176
     2
 62
     7
176
     0
 40
1.0
176
     0
 90
        1
176
     0
 90
        6
176
     0
 90
        2
176
     0
 62
     7
176
     0
 90
        5
176
     0
 90
        0
176
     0
 90
        0
176
     0
290
     0
176
     0
 90
        1
176
     0
 40
0.0
176
     0
 90
        0
176
     0
290
     0
176
     0
290
     1
176
     0
290
     1
176
     0
290
     0
176
     0
290
     0
176
     0
290
     0
176
     0
290
     0
176
     0
290
     0
176
     0
290
     0
176
     0
 90
       50
176
     0
 40
0.0
176
     0
 40
1.0
176
     0
 90
        0
176
     0
 62
    18
420
        0
176
     0
 90
       50
176
     0
 90
        3
176
     0
 62
     5
420
      255
176
     0
290
     0
176
     0
 90
       50
176
     0
 90
       50
176
     0
 90
       50
176
     0
290
     0
176
     0
 90
       50
176
     0
 62
   256
176
     0
 40
1.0
176
     0
 90
        2
176
     0
  1
strokes_ogs.tif
176
     0
290
     0
176
     0
 40
1.0
176
     0
 40
1.0
176
     0
1001
ACAD
1000
AcDbSavedByObjectVersion
1070
     0
  0
VISUALSTYLE
  5
33
102
{ACAD_REACTORS
330
29
102
}
330
29
100
AcDbVisualStyle
  2
Realistic
 70
     8
177
     3
291
     0
 70
    58
 90
        2
176
     1
 90
        3
176
     1
 90
        0
176
     1
 90
        2
176
     1
 40
0.6
176
     1
 40
30.0
176
     1
 62
     7
420
 16777215
176
     1
 90
        0
176
     1
 90
        0
176
     1
 62
     7
176
     1
 62
   257
176
     1
 90
        1
176
     1
 90
        1
176
     1
 40
1.0
176
     1
 90
        8
176
     1
 62
   257
176
     1
 40
1.0
176
     1
 90
        1
176
     1
 90
        6
176
     1
 90
        2
176
     1
 62
     7
176
     1
 90
        3
176
     1
 90
        0
176
     1
 90
        0
176
     1
290
     0
176
     1
 90
       13
176
     1
 40
0.0
176
     1
 90
        0
176
     1
290
     0
176
     1
290
     1
176
     1
290
     1
176
     1
290
     0
176
     1
290
     0
176
     1
290
     0
176
     1
290
     0
176
     1
290
     0
176
     1
290
     0
176
     1
 90
       50
176
     1
 40
0.0
176
     1
 40
1.0
176
     1
 90
        0
176
     1
 62
    18
420
        0
176
     1
 90
       50
176
     1
 90
        3
176
     1
 62
     5
420
      255
176
     1
290
     0
176
     1
 90
       50
176
     1
 90
       50
176
     1
 90
       50
176
     1
290
     0
176
     1
 90
       50
176
     1
 62
   256
176
     0
 40
1.0
176
     0
 90
        2
176
     1
  1
strokes_ogs.tif
176
     1
290
     0
176
     1
 40
1.0
176
     1
 40
1.0
176
     1
1001
ACAD
1000
AcDbSavedByObjectVersion
1070
     0
  0
VISUALSTYLE
  5
3E
102
{ACAD_REACTORS
330
29
102
}
330
29
100
AcDbVisualStyle
  2
Shaded
 70
    27
177
     3
291
     0
 70
    58
 90
        2
176
     1
 90
        2
176
     1
 90
        1
176
     1
 90
        2
176
     1
 40
0.6
176
     1
 40
30.0
176
     1
 62
     7
420
 16777215
176
     1
 90
        0
176
     1
 90
        4
176
     1
 62
     7
176
     1
 62
   257
176
     1
 90
        1
176
     1
 90
        1
176
     1
 40
1.0
176
     1
 90
        8
176
     1
 62
   257
176
     1
 40
1.0
176
     1
 90
        1
176
     1
 90
        6
176
     1
 90
        2
176
     1
 62
     8
420
  7895160
176
     1
 90
        3
176
     1
 90
        0
176
     1
 90
        0
176
     1
290
     0
176
     1
 90
        5
176
     1
 40
0.0
176
     1
 90
        0
176
     1
290
     0
176
     1
290
     1
176
     1
290
     1
176
     1
290
     0
176
     1
290
     0
176
     1
290
     0
176
     1
290
     0
176
     1
290
     0
176
     1
290
     0
176
     1
 90
       50
176
     1
 40
0.0
176
     1
 40
1.0
176
     1
 90
        0
176
     1
 62
    18
420
        0
176
     1
 90
       50
176
     1
 90
        3
176
     1
 62
     5
420
      255
176
     1
290
     0
176
     1
 90
       50
176
     1
 90
       50
176
     1
 90
       50
176
     1
290
     0
176
     1
 90
       50
176
     1
 62
   256
176
     0
 40
1.0
176
     0
 90
        2
176
     1
  1
strokes_ogs.tif
176
     1
290
     0
176
     1
 40
1.0
176
     1
 40
1.0
176
     1
1001
ACAD
1000
AcDbSavedByObjectVersion
1070
     0
  0
VISUALSTYLE
  5
3D
102
{ACAD_REACTORS
330
29
102
}
330
29
100
AcDbVisualStyle
  2
Shaded with edges
 70
    26
177
     3
291
     0
 70
    58
 90
        2
176
     1
 90
        2
176
     1
 90
        1
176
     1
 90
        2
176
     1
 40
0.6
176
     1
 40
30.0
176
     1
 62
     7
420
 16777215
176
     1
 90
        1
176
     1
 90
        2
176
     1
 62
     7
176
     1
 62
   257
176
     1
 90
        2
176
     1
 90
        1
176
     1
 40
1.0
176
     1
 90
        8
176
     1
 62
   257
176
     1
 40
1.0
176
     1
 90
        1
176
     1
 90
        6
176
     1
 90
        2
176
     1
 62
     7
176
     1
 90
        3
176
     1
 90
        0
176
     1
 90
        0
176
     1
290
     0
176
     1
 90
        5
176
     1
 40
0.0
176
     1
 90
        0
176
     1
290
     0
176
     1
290
     1
176
     1
290
     1
176
     1
290
     0
176
     1
290
     0
176
     1
290
     0
176
     1
290
     0
176
     1
290
     0
176
     1
290
     0
176
     1
 90
       50
176
     1
 40
0.0
176
     1
 40
1.0
176
     1
 90
        0
176
     1
 62
    18
420
        0
176
     1
 90
       50
176
     1
 90
        3
176
     1
 62
     5
420
      255
176
     1
290
     0
176
     1
 90
       50
176
     1
 90
       50
176
     1
 90
       50
176
     1
290
     0
176
     1
 90
       50
176
     1
 62
   256
176
     0
 40
1.0
176
     0
 90
        2
176
     1
  1
strokes_ogs.tif
176
     1
290
     0
176
     1
 40
1.0
176
     1
 40
1.0
176
     1
1001
ACAD
1000
AcDbSavedByObjectVersion
1070
     0
  0
VISUALSTYLE
  5
3A
102
{ACAD_REACTORS
330
29
102
}
330
29
100
AcDbVisualStyle
  2
Shades of Gray
 70
    23
177
     3
291
     0
 70
    58
 90
        2
176
     1
 90
        2
176
     1
 90
        3
176
     1
 90
        0
176
     1
 40
0.6
176
     1
 40
30.0
176
     1
 62
     7
420
 16777215
176
     1
 90
        2
176
     1
 90
        2
176
     1
 62
     7
176
     1
 62
     7
176
     1
 90
        1
176
     1
 90
        1
176
     1
 40
40.0
176
     1
 90
        8
176
     1
 62
     7
176
     1
 40
1.0
176
     1
 90
        1
176
     1
 90
        6
176
     1
 90
        2
176
     1
 62
     7
176
     1
 90
        3
176
     1
 90
        0
176
     1
 90
        0
176
     1
290
     0
176
     1
 90
        1
176
     1
 40
0.0
176
     1
 90
        0
176
     1
290
     0
176
     1
290
     1
176
     1
290
     1
176
     1
290
     0
176
     1
290
     0
176
     1
290
     0
176
     1
290
     0
176
     1
290
     0
176
     1
290
     0
176
     1
 90
       50
176
     1
 40
0.0
176
     1
 40
1.0
176
     1
 90
        0
176
     1
 62
    18
420
        0
176
     1
 90
       50
176
     1
 90
        3
176
     1
 62
     5
420
      255
176
     1
290
     0
176
     1
 90
       50
176
     1
 90
       50
176
     1
 90
       50
176
     1
290
     0
176
     1
 90
       50
176
     1
 62
   256
176
     0
 40
1.0
176
     0
 90
        2
176
     1
  1
strokes_ogs.tif
176
     1
290
     0
176
     1
 40
1.0
176
     1
 40
1.0
176
     1
1001
ACAD
1000
AcDbSavedByObjectVersion
1070
     0
  0
VISUALSTYLE
  5
3B
102
{ACAD_REACTORS
330
29
102
}
330
29
100
AcDbVisualStyle
  2
Sketchy
 70
    24
177
     3
291
     0
 70
    58
 90
        1
176
     1
 90
        2
176
     1
 90
        2
176
     1
 90
        0
176
     1
 40
0.6
176
     1
 40
30.0
176
     1
 62
     7
420
 16777215
176
     1
 90
        2
176
     1
 90
        2
176
     1
 62
     7
176
     1
 62
     7
176
     1
 90
        1
176
     1
 90
        1
176
     1
 40
40.0
176
     1
 90
       11
176
     1
 62
     7
176
     1
 40
1.0
176
     1
 90
        1
176
     1
 90
        6
176
     1
 90
        2
176
     1
 62
     7
176
     1
 90
        6
176
     1
 90
        0
176
     1
 90
        0
176
     1
290
     0
176
     1
 90
        1
176
     1
 40
0.0
176
     1
 90
        0
176
     1
290
     0
176
     1
290
     1
176
     1
290
     1
176
     1
290
     0
176
     1
290
     0
176
     1
290
     0
176
     1
290
     0
176
     1
290
     0
176
     1
290
     0
176
     1
 90
       50
176
     1
 40
0.0
176
     1
 40
1.0
176
     1
 90
        0
176
     1
 62
    18
420
        0
176
     1
 90
       50
176
     1
 90
        3
176
     1
 62
     5
420
      255
176
     1
290
     0
176
     1
 90
       50
176
     1
 90
       50
176
     1
 90
       50
176
     1
290
     0
176
     1
 90
       50
176
     1
 62
   256
176
     0
 40
1.0
176
     0
 90
        2
176
     1
  1
strokes_ogs.tif
176
     1
290
     0
176
     1
 40
1.0
176
     1
 40
1.0
176
     1
1001
ACAD
1000
AcDbSavedByObjectVersion
1070
     0
  0
VISUALSTYLE
  5
36
102
{ACAD_REACTORS
330
29
102
}
330
29
100
AcDbVisualStyle
  2
Thicken
 70
    13
177
     3
291
     1
 70
    58
 90
        2
176
     1
 90
        2
176
     1
 90
        0
176
     1
 90
        0
176
     1
 40
0.6
176
     1
 40
30.0
176
     1
 62
     7
420
 16777215
176
     1
 90
        1
176
     1
 90
        4
176
     1
 62
     7
176
     1
 62
   257
176
     1
 90
        1
176
     1
 90
        1
176
     1
 40
1.0
176
     1
 90
       12
176
     1
 62
     7
176
     1
 40
1.0
176
     1
 90
        1
176
     1
 90
        6
176
     1
 90
        2
176
     1
 62
     7
176
     1
 90
        5
176
     1
 90
        0
176
     1
 90
        0
176
     1
290
     0
176
     1
 90
        1
176
     1
 40
0.0
176
     1
 90
        0
176
     1
290
     0
176
     1
290
     1
176
     1
290
     1
176
     1
290
     0
176
     1
290
     0
176
     1
290
     0
176
     1
290
     0
176
     1
290
     0
176
     1
290
     0
176
     1
 90
       50
176
     1
 40
0.0
176
     1
 40
1.0
176
     1
 90
        0
176
     1
 62
    18
420
        0
176
     1
 90
       50
176
     1
 90
        3
176
     1
 62
     5
420
      255
176
     1
290
     0
176
     1
 90
       50
176
     1
 90
       50
176
     1
 90
       50
176
     1
290
     0
176
     1
 90
       50
176
     1
 62
   256
176
     0
 40
1.0
176
     0
 90
        2
176
     1
  1
strokes_ogs.tif
176
     1
290
     0
176
     1
 40
1.0
176
     1
 40
1.0
176
     1
1001
ACAD
1000
AcDbSavedByObjectVersion
1070
     0
  0
VISUALSTYLE
  5
30
102
{ACAD_REACTORS
330
29
102
}
330
29
100
AcDbVisualStyle
  2
Wireframe
 70
     5
177
     3
291
     0
 70
    58
 90
        0
176
     1
 90
        2
176
     1
 90
        0
176
     1
 90
        0
176
     1
 40
0.6
176
     1
 40
30.0
176
     1
 62
     7
420
 16777215
176
     1
 90
        1
176
     1
 90
        4
176
     1
 62
     7
176
     1
 62
   257
176
     1
 90
        1
176
     1
 90
        1
176
     1
 40
1.0
176
     1
 90
        0
176
     1
 62
   257
176
     1
 40
1.0
176
     1
 90
        1
176
     1
 90
        6
176
     1
 90
        2
176
     1
 62
     7
176
     1
 90
        3
176
     1
 90
        0
176
     1
 90
        0
176
     1
290
     0
176
     1
 90
        1
176
     1
 40
0.0
176
     1
 90
        0
176
     1
290
     0
176
     1
290
     1
176
     1
290
     1
176
     1
290
     0
176
     1
290
     0
176
     1
290
     0
176
     1
290
     0
176
     1
290
     0
176
     1
290
     0
176
     1
 90
       50
176
     1
 40
0.0
176
     1
 40
1.0
176
     1
 90
        0
176
     1
 62
    18
420
        0
176
     1
 90
       50
176
     1
 90
        3
176
     1
 62
     5
420
      255
176
     1
290
     0
176
     1
 90
       50
176
     1
 90
       50
176
     1
 90
       50
176
     1
290
     0
176
     1
 90
       50
176
     1
 62
   256
176
     0
 40
1.0
176
     0
 90
        2
176
     1
  1
strokes_ogs.tif
176
     1
290
     0
176
     1
 40
1.0
176
     1
 40
1.0
176
     1
1001
ACAD
1000
AcDbSavedByObjectVersion
1070
     0
  0
VISUALSTYLE
  5
3C
102
{ACAD_REACTORS
330
29
102
}
330
29
100
AcDbVisualStyle
  2
X-Ray
 70
    25
177
     3
291
     0
 70
    58
 90
        2
176
     1
 90
        2
176
     1
 90
        1
176
     1
 90
        1
176
     1
 40
0.5
176
     1
 40
30.0
176
     1
 62
     7
420
 16777215
176
     1
 90
        1
176
     1
 90
        0
176
     1
 62
     7
176
     1
 62
   257
176
     1
 90
        1
176
     1
 90
        1
176
     1
 40
1.0
176
     1
 90
        8
176
     1
 62
     7
176
     1
 40
1.0
176
     1
 90
        1
176
     1
 90
        6
176
     1
 90
        2
176
     1
 62
     7
176
     1
 90
        3
176
     1
 90
        0
176
     1
 90
        0
176
     1
290
     0
176
     1
 90
       13
176
     1
 40
0.0
176
     1
 90
        0
176
     1
290
     0
176
     1
290
     1
176
     1
290
     1
176
     1
290
     0
176
     1
290
     0
176
     1
290
     0
176
     1
290
     0
176
     1
290
     0
176
     1
290
     0
176
     1
 90
       50
176
     1
 40
0.0
176
     1
 40
1.0
176
     1
 90
        0
176
     1
 62
    18
420
        0
176
     1
 90
       50
176
     1
 90
        3
176
     1
 62
     5
420
      255
176
     1
290
     0
176
     1
 90
       50
176
     1
 90
       50
176
     1
 90
       50
176
     1
290
     0
176
     1
 90
       50
176
     1
 62
   256
176
     0
 40
1.0
176
     0
 90
        2
176
     1
  1
strokes_ogs.tif
176
     1
290
     0
176
     1
 40
1.0
176
     1
 40
1.0
176
     1
1001
ACAD
1000
AcDbSavedByObjectVersion
1070
     0
  0
DICTIONARYVAR
  5
199B
102
{ACAD_REACTORS
330
1996
102
}
330
1996
100
DictionaryVariables
280
     0
  1
0
  0
DICTIONARYVAR
  5
199C
102
{ACAD_REACTORS
330
1996
102
}
330
1996
100
DictionaryVariables
280
     0
  1
1:1
  0
DICTIONARYVAR
  5
1998
102
{ACAD_REACTORS
330
1996
102
}
330
1996
100
DictionaryVariables
280
     0
  1
STANDARD
  0
DICTIONARYVAR
  5
1997
102
{ACAD_REACTORS
330
1996
102
}
330
1996
100
DictionaryVariables
280
     0
  1
STANDARD
  0
DICTIONARYVAR
  5
1999
102
{ACAD_REACTORS
330
1996
102
}
330
1996
100
DictionaryVariables
280
     0
  1
Imperial24
  0
DICTIONARYVAR
  5
199A
102
{ACAD_REACTORS
330
1996
102
}
330
1996
100
DictionaryVariables
280
     0
  1
Imperial24
  0
DICTIONARY
  5
19A2
330
6B
100
AcDbDictionary
280
     1
281
     1
  3
ACAD_XREC_ROUNDTRIP
360
19A3
  0
DICTIONARY
  5
1A
330
19
100
AcDbDictionary
280
     1
281
     1
  3
BUMPTILE
360
1C
  3
DIFFUSETILE
360
1B
  3
OPACITYTILE
360
1F
  3
REFLECTIONTILE
360
1E
  3
REFRACTIONTILE
360
20
  3
SPECULARTILE
360
1D
  0
DICTIONARY
  5
12
330
11
100
AcDbDictionary
280
     1
281
     1
  3
BUMPTILE
360
14
  3
DIFFUSETILE
360
13
  3
OPACITYTILE
360
17
  3
REFLECTIONTILE
360
16
  3
REFRACTIONTILE
360
18
  3
SPECULARTILE
360
15
  0
DICTIONARY
  5
22
330
21
100
AcDbDictionary
280
     1
281
     1
  3
BUMPTILE
360
24
  3
DIFFUSETILE
360
23
  3
OPACITYTILE
360
27
  3
REFLECTIONTILE
360
26
  3
REFRACTIONTILE
360
28
  3
SPECULARTILE
360
25
  0
DICTIONARY
  5
19A0
330
69
100
AcDbDictionary
280
     1
281
     1
  3
ACAD_XREC_ROUNDTRIP
360
19A1
  0
DICTIONARY
  5
199D
330
65
100
AcDbDictionary
280
     1
281
     1
  3
ACAD_ROUNDTRIP_2008_TABLESTYLE_CELLSTYLEMAP
360
199E
  0
XRECORD
  5
19A3
102
{ACAD_REACTORS
330
19A2
102
}
330
19A2
100
AcDbXrecord
280
     1
102
DISPLAYNAME
  1
Imperial24
102
FLAGS
 90
        0
  0
XRECORD
  5
1C
102
{ACAD_REACTORS
330
1A
102
}
330
1A
100
AcDbXrecord
280
     1
270
     1
271
     1
  0
XRECORD
  5
1B
102
{ACAD_REACTORS
330
1A
102
}
330
1A
100
AcDbXrecord
280
     1
270
     1
271
     1
  0
XRECORD
  5
1F
102
{ACAD_REACTORS
330
1A
102
}
330
1A
100
AcDbXrecord
280
     1
270
     1
271
     1
  0
XRECORD
  5
1E
102
{ACAD_REACTORS
330
1A
102
}
330
1A
100
AcDbXrecord
280
     1
270
     1
271
     1
  0
XRECORD
  5
20
102
{ACAD_REACTORS
330
1A
102
}
330
1A
100
AcDbXrecord
280
     1
270
     1
271
     1
  0
XRECORD
  5
1D
102
{ACAD_REACTORS
330
1A
102
}
330
1A
100
AcDbXrecord
280
     1
270
     1
271
     1
  0
XRECORD
  5
14
102
{ACAD_REACTORS
330
12
102
}
330
12
100
AcDbXrecord
280
     1
270
     1
271
     1
  0
XRECORD
  5
13
102
{ACAD_REACTORS
330
12
102
}
330
12
100
AcDbXrecord
280
     1
270
     1
271
     1
  0
XRECORD
  5
17
102
{ACAD_REACTORS
330
12
102
}
330
12
100
AcDbXrecord
280
     1
270
     1
271
     1
  0
XRECORD
  5
16
102
{ACAD_REACTORS
330
12
102
}
330
12
100
AcDbXrecord
280
     1
270
     1
271
     1
  0
XRECORD
  5
18
102
{ACAD_REACTORS
330
12
102
}
330
12
100
AcDbXrecord
280
     1
270
     1
271
     1
  0
XRECORD
  5
15
102
{ACAD_REACTORS
330
12
102
}
330
12
100
AcDbXrecord
280
     1
270
     1
271
     1
  0
XRECORD
  5
24
102
{ACAD_REACTORS
330
22
102
}
330
22
100
AcDbXrecord
280
     1
270
     1
271
     1
  0
XRECORD
  5
23
102
{ACAD_REACTORS
330
22
102
}
330
22
100
AcDbXrecord
280
     1
270
     1
271
     1
  0
XRECORD
  5
27
102
{ACAD_REACTORS
330
22
102
}
330
22
100
AcDbXrecord
280
     1
270
     1
271
     1
  0
XRECORD
  5
26
102
{ACAD_REACTORS
330
22
102
}
330
22
100
AcDbXrecord
280
     1
270
     1
271
     1
  0
XRECORD
  5
28
102
{ACAD_REACTORS
330
22
102
}
330
22
100
AcDbXrecord
280
     1
270
     1
271
     1
  0
XRECORD
  5
25
102
{ACAD_REACTORS
330
22
102
}
330
22
100
AcDbXrecord
280
     1
270
     1
271
     1
  0
XRECORD
  5
19A1
102
{ACAD_REACTORS
330
19A0
102
}
330
19A0
100
AcDbXrecord
280
     1
102
DISPLAYNAME
  1
Imperial24
102
FLAGS
 90
        0
  0
CELLSTYLEMAP
  5
199E
102
{ACAD_REACTORS
330
199D
102
}
330
199D
100
AcDbCellStyleMap
 90
        3
300
CELLSTYLE
  1
TABLEFORMAT_BEGIN
 90
        5
170
     1
 91
        0
 92
    32768
 62
   257
 93
        1
300
CONTENTFORMAT
  1
CONTENTFORMAT_BEGIN
 90
        0
 91
        0
 92
      512
 93
        0
300

 40
0.0
140
1.0
 94
        5
 62
     0
340
55
144
0.25
309
CONTENTFORMAT_END
171
     1
301
MARGIN
  1
CELLMARGIN_BEGIN
 40
1.5
 40
1.5
 40
1.5
 40
1.5
 40
0.18
 40
0.18
309
CELLMARGIN_END
 94
        0
309
TABLEFORMAT_END
  1
CELLSTYLE_BEGIN
 90
        1
 91
        1
300
_TITLE
309
CELLSTYLE_END
300
CELLSTYLE
  1
TABLEFORMAT_BEGIN
 90
        5
170
     1
 91
        0
 92
        0
 62
   257
 93
        1
300
CONTENTFORMAT
  1
CONTENTFORMAT_BEGIN
 90
        0
 91
        0
 92
      512
 93
        0
300

 40
0.0
140
1.0
 94
        5
 62
     0
340
55
144
0.18
309
CONTENTFORMAT_END
171
     1
301
MARGIN
  1
CELLMARGIN_BEGIN
 40
1.5
 40
1.5
 40
1.5
 40
1.5
 40
0.18
 40
0.18
309
CELLMARGIN_END
 94
        0
309
TABLEFORMAT_END
  1
CELLSTYLE_BEGIN
 90
        2
 91
        1
300
_HEADER
309
CELLSTYLE_END
300
CELLSTYLE
  1
TABLEFORMAT_BEGIN
 90
        5
170
     1
 91
        0
 92
        0
 62
   257
 93
        1
300
CONTENTFORMAT
  1
CONTENTFORMAT_BEGIN
 90
        0
 91
        0
 92
      512
 93
        0
300

 40
0.0
140
1.0
 94
        2
 62
     0
340
55
144
0.18
309
CONTENTFORMAT_END
171
     1
301
MARGIN
  1
CELLMARGIN_BEGIN
 40
1.5
 40
1.5
 40
1.5
 40
1.5
 40
0.18
 40
0.18
309
CELLMARGIN_END
 94
        0
309
TABLEFORMAT_END
  1
CELLSTYLE_BEGIN
 90
        3
 91
        2
300
_DATA
309
CELLSTYLE_END
  0
ENDSEC
  0
EOF
