  0
SECTION
  2
HEADER
  9
$ACADVER
  1
AC1027
  9
$ACADMAINTVER
 70
   125
  9
$DWGCODEPAGE
  3
ANSI_936
  9
$LASTSAVEDBY
  1
kaley
  9
$REQUIREDVERSIONS
160
                 0
  9
$INSBASE
 10
0.0
 20
0.0
 30
0.0
  9
$EXTMIN
 10
0.0
 20
0.0
 30
0.0
  9
$EXTMAX
 10
420.0
 20
297.0
 30
0.0
  9
$LIMMIN
 10
0.0
 20
0.0
  9
$LIMMAX
 10
420.0
 20
297.0
  9
$ORTHOMODE
 70
     0
  9
$REGENMODE
 70
     1
  9
$FILLMODE
 70
     1
  9
$QTEXTMODE
 70
     0
  9
$MIRRTEXT
 70
     0
  9
$LTSCALE
 40
0.75
  9
$ATTMODE
 70
     1
  9
$TEXTSIZE
 40
3.5
  9
$TRACEWID
 40
1.0
  9
$TEXTSTYLE
  7
Standard
  9
$CLAYER
  8
0
  9
$CELTYPE
  6
ByLayer
  9
$CECOLOR
 62
   256
  9
$CELTSCALE
 40
1.0
  9
$DISPSILH
 70
     0
  9
$DIMSCALE
 40
1.0
  9
$DIMASZ
 40
3.5
  9
$DIMEXO
 40
2.1
  9
$DIMDLI
 40
10.5
  9
$DIMRND
 40
0.0
  9
$DIMDLE
 40
0.0
  9
$DIMEXE
 40
2.1
  9
$DIMTP
 40
0.1
  9
$DIMTM
 40
0.1
  9
$DIMTXT
 40
3.5
  9
$DIMCEN
 40
0.0
  9
$DIMTSZ
 40
0.0
  9
$DIMTOL
 70
     0
  9
$DIMLIM
 70
     0
  9
$DIMTIH
 70
     0
  9
$DIMTOH
 70
     0
  9
$DIMSE1
 70
     0
  9
$DIMSE2
 70
     0
  9
$DIMTAD
 70
     1
  9
$DIMZIN
 70
    12
  9
$DIMBLK
  1

  9
$DIMASO
 70
     1
  9
$DIMSHO
 70
     1
  9
$DIMPOST
  1

  9
$DIMAPOST
  1

  9
$DIMALT
 70
     0
  9
$DIMALTD
 70
     2
  9
$DIMALTF
 40
0.03937
  9
$DIMLFAC
 40
1.0
  9
$DIMTOFL
 70
     1
  9
$DIMTVP
 40
0.0
  9
$DIMTIX
 70
     0
  9
$DIMSOXD
 70
     0
  9
$DIMSAH
 70
     0
  9
$DIMBLK1
  1

  9
$DIMBLK2
  1

  9
$DIMSTYLE
  2
Dim-ISO-25
  9
$DIMCLRD
 70
     0
  9
$DIMCLRE
 70
     0
  9
$DIMCLRT
 70
     0
  9
$DIMTFAC
 40
0.714286
  9
$DIMGAP
 40
1.4
  9
$DIMJUST
 70
     0
  9
$DIMSD1
 70
     0
  9
$DIMSD2
 70
     0
  9
$DIMTOLJ
 70
     0
  9
$DIMTZIN
 70
    12
  9
$DIMALTZ
 70
    12
  9
$DIMALTTZ
 70
    12
  9
$DIMUPT
 70
     0
  9
$DIMDEC
 70
     2
  9
$DIMTDEC
 70
     2
  9
$DIMALTU
 70
     2
  9
$DIMALTTD
 70
     2
  9
$DIMTXSTY
  7
Standard
  9
$DIMAUNIT
 70
     0
  9
$DIMADEC
 70
     2
  9
$DIMALTRND
 40
0.0
  9
$DIMAZIN
 70
     3
  9
$DIMDSEP
 70
    46
  9
$DIMATFIT
 70
     3
  9
$DIMFRAC
 70
     0
  9
$DIMLDRBLK
  1

  9
$DIMLUNIT
 70
     2
  9
$DIMLWD
 70
    -2
  9
$DIMLWE
 70
    -2
  9
$DIMTMOVE
 70
     0
  9
$DIMFXL
 40
1.0
  9
$DIMFXLON
 70
     0
  9
$DIMJOGANG
 40
0.785398
  9
$DIMTFILL
 70
     0
  9
$DIMTFILLCLR
 70
     0
  9
$DIMARCSYM
 70
     0
  9
$DIMLTYPE
  6

  9
$DIMLTEX1
  6

  9
$DIMLTEX2
  6

  9
$DIMTXTDIRECTION
 70
     0
  9
$LUNITS
 70
     2
  9
$LUPREC
 70
     4
  9
$SKETCHINC
 40
1.0
  9
$FILLETRAD
 40
0.0
  9
$AUNITS
 70
     0
  9
$AUPREC
 70
     0
  9
$MENU
  1
.
  9
$ELEVATION
 40
0.0
  9
$PELEVATION
 40
0.0
  9
$THICKNESS
 40
0.0
  9
$LIMCHECK
 70
     0
  9
$CHAMFERA
 40
0.0
  9
$CHAMFERB
 40
0.0
  9
$CHAMFERC
 40
0.0
  9
$CHAMFERD
 40
0.0
  9
$SKPOLY
 70
     0
  9
$TDCREATE
 40
2461173.726932870
  9
$TDUCREATE
 40
2461173.393599537
  9
$TDUPDATE
 40
2461173.726932870
  9
$TDUUPDATE
 40
2461173.393599537
  9
$TDINDWG
 40
0.0000000000
  9
$TDUSRTIMER
 40
0.0000000000
  9
$USRTIMER
 70
     1
  9
$ANGBASE
 50
0.0
  9
$ANGDIR
 70
     0
  9
$PDMODE
 70
     0
  9
$PDSIZE
 40
0.0
  9
$PLINEWID
 40
0.0
  9
$SPLFRAME
 70
     0
  9
$SPLINETYPE
 70
     6
  9
$SPLINESEGS
 70
     8
  9
$HANDSEED
  5
C49
  9
$SURFTAB1
 70
     6
  9
$SURFTAB2
 70
     6
  9
$SURFTYPE
 70
     6
  9
$SURFU
 70
     6
  9
$SURFV
 70
     6
  9
$UCSBASE
  2

  9
$UCSNAME
  2

  9
$UCSORG
 10
0.0
 20
0.0
 30
0.0
  9
$UCSXDIR
 10
1.0
 20
0.0
 30
0.0
  9
$UCSYDIR
 10
0.0
 20
1.0
 30
0.0
  9
$UCSORTHOREF
  2

  9
$UCSORTHOVIEW
 70
     0
  9
$UCSORGTOP
 10
0.0
 20
0.0
 30
0.0
  9
$UCSORGBOTTOM
 10
0.0
 20
0.0
 30
0.0
  9
$UCSORGLEFT
 10
0.0
 20
0.0
 30
0.0
  9
$UCSORGRIGHT
 10
0.0
 20
0.0
 30
0.0
  9
$UCSORGFRONT
 10
0.0
 20
0.0
 30
0.0
  9
$UCSORGBACK
 10
0.0
 20
0.0
 30
0.0
  9
$PUCSBASE
  2

  9
$PUCSNAME
  2

  9
$PUCSORG
 10
0.0
 20
0.0
 30
0.0
  9
$PUCSXDIR
 10
1.0
 20
0.0
 30
0.0
  9
$PUCSYDIR
 10
0.0
 20
1.0
 30
0.0
  9
$PUCSORTHOREF
  2

  9
$PUCSORTHOVIEW
 70
     0
  9
$PUCSORGTOP
 10
0.0
 20
0.0
 30
0.0
  9
$PUCSORGBOTTOM
 10
0.0
 20
0.0
 30
0.0
  9
$PUCSORGLEFT
 10
0.0
 20
0.0
 30
0.0
  9
$PUCSORGRIGHT
 10
0.0
 20
0.0
 30
0.0
  9
$PUCSORGFRONT
 10
0.0
 20
0.0
 30
0.0
  9
$PUCSORGBACK
 10
0.0
 20
0.0
 30
0.0
  9
$USERI1
 70
     0
  9
$USERI2
 70
     0
  9
$USERI3
 70
     0
  9
$USERI4
 70
     0
  9
$USERI5
 70
     0
  9
$USERR1
 40
0.0
  9
$USERR2
 40
0.0
  9
$USERR3
 40
0.0
  9
$USERR4
 40
0.0
  9
$USERR5
 40
0.0
  9
$WORLDVIEW
 70
     1
  9
$SHADEDGE
 70
     3
  9
$SHADEDIF
 70
    70
  9
$TILEMODE
 70
     1
  9
$MAXACTVP
 70
    64
  9
$PINSBASE
 10
0.0
 20
0.0
 30
0.0
  9
$PLIMCHECK
 70
     0
  9
$PEXTMIN
 10
1.000000E+20
 20
1.000000E+20
 30
1.000000E+20
  9
$PEXTMAX
 10
-1.000000E+20
 20
-1.000000E+20
 30
-1.000000E+20
  9
$PLIMMIN
 10
0.0
 20
0.0
  9
$PLIMMAX
 10
12.0
 20
9.0
  9
$UNITMODE
 70
     0
  9
$VISRETAIN
 70
     1
  9
$PLINEGEN
 70
     0
  9
$PSLTSCALE
 70
     1
  9
$TREEDEPTH
 70
  3020
  9
$CMLSTYLE
  2
Standard
  9
$CMLJUST
 70
     0
  9
$CMLSCALE
 40
20.0
  9
$PROXYGRAPHICS
 70
     1
  9
$MEASUREMENT
 70
     1
  9
$CELWEIGHT
370
    -1
  9
$ENDCAPS
280
     0
  9
$JOINSTYLE
280
     0
  9
$LWDISPLAY
290
     0
  9
$INSUNITS
 70
     4
  9
$HYPERLINKBASE
  1

  9
$STYLESHEET
  1

  9
$XEDIT
290
     1
  9
$CEPSNTYPE
380
     0
  9
$PSTYLEMODE
290
     1
  9
$FINGERPRINTGUID
  2
{B1EE220E-0430-BF4A-8E80-D4FA1FA49FF4}
  9
$VERSIONGUID
  2
{07353BA3-2DC5-0547-8ABC-AEA8FE8C002F}
  9
$EXTNAMES
290
     1
  9
$PSVPSCALE
 40
0.0
  9
$OLESTARTUP
290
     0
  9
$SORTENTS
280
   127
  9
$INDEXCTL
280
     0
  9
$HIDETEXT
280
     1
  9
$XCLIPFRAME
280
     0
  9
$HALOGAP
280
     0
  9
$OBSCOLOR
 70
   257
  9
$OBSLTYPE
280
     0
  9
$INTERSECTIONDISPLAY
280
     0
  9
$INTERSECTIONCOLOR
 70
   257
  9
$DIMASSOC
280
     2
  9
$PROJECTNAME
  1

  9
$CAMERADISPLAY
290
     0
  9
$LENSLENGTH
 40
50.0
  9
$CAMERAHEIGHT
 40
0.0
  9
$STEPSPERSEC
 40
2.0
  9
$STEPSIZE
 40
6.0
  9
$3DDWFPREC
 40
2.0
  9
$PSOLWIDTH
 40
5.0
  9
$PSOLHEIGHT
 40
80.0
  9
$LOFTANG1
 40
1.570796
  9
$LOFTANG2
 40
1.570796
  9
$LOFTMAG1
 40
0.0
  9
$LOFTMAG2
 40
0.0
  9
$LOFTPARAM
 70
     7
  9
$LOFTNORMALS
280
     1
  9
$LATITUDE
 40
37.795
  9
$LONGITUDE
 40
-122.394
  9
$NORTHDIRECTION
 40
0.0
  9
$TIMEZONE
 70
 -8000
  9
$LIGHTGLYPHDISPLAY
280
     1
  9
$TILEMODELIGHTSYNCH
280
     1
  9
$CMATERIAL
347
11
  9
$SOLIDHIST
280
     0
  9
$SHOWHIST
280
     1
  9
$DWFFRAME
280
     2
  9
$DGNFRAME
280
     0
  9
$REALWORLDSCALE
290
     1
  9
$INTERFERECOLOR
 62
     1
  9
$INTERFEREOBJVS
345
33
  9
$INTERFEREVPVS
346
30
  9
$CSHADOW
280
     0
  9
$SHADOWPLANELOCATION
 40
0.0
  0
ENDSEC
  0
SECTION
  2
CLASSES
  0
CLASS
  1
ACDBDICTIONARYWDFLT
  2
AcDbDictionaryWithDefault
  3
ObjectDBX Classes
 90
        0
 91
        1
280
     0
281
     0
  0
CLASS
  1
MATERIAL
  2
AcDbMaterial
  3
ObjectDBX Classes
 90
     1153
 91
        3
280
     0
281
     0
  0
CLASS
  1
VISUALSTYLE
  2
AcDbVisualStyle
  3
ObjectDBX Classes
 90
     4095
 91
       24
280
     0
281
     0
  0
CLASS
  1
SCALE
  2
AcDbScale
  3
ObjectDBX Classes
 90
     1153
 91
       17
280
     0
281
     0
  0
CLASS
  1
TABLESTYLE
  2
AcDbTableStyle
  3
ObjectDBX Classes
 90
     4095
 91
        1
280
     0
281
     0
  0
CLASS
  1
MLEADERSTYLE
  2
AcDbMLeaderStyle
  3
ACDB_MLEADERSTYLE_CLASS
 90
     4095
 91
        2
280
     0
281
     0
  0
CLASS
  1
ACDBSECTIONVIEWSTYLE
  2
AcDbSectionViewStyle
  3
ObjectDBX Classes
 90
     1025
 91
        1
280
     0
281
     0
  0
CLASS
  1
ACDBDETAILVIEWSTYLE
  2
AcDbDetailViewStyle
  3
ObjectDBX Classes
 90
     1025
 91
        1
280
     0
281
     0
  0
CLASS
  1
ACMESCOPE
  2
AcMeScope
  3
AcMeServices
 90
     1024
 91
        1
280
     0
281
     0
  0
CLASS
  1
ACMECOMMANDHISTORY
  2
AcMeCommandHistory
  3
AcMeServices
 90
     1024
 91
        1
280
     0
281
     0
  0
CLASS
  1
ACIMSYSVARMAN
  2
AcImSysVarManager
  3
AcMeServices
 90
     1024
 91
        1
280
     0
281
     0
  0
CLASS
  1
ACIMINTSYSVAR
  2
AcImIntSysVar
  3
AcMeServices
 90
     1024
 91
        1
280
     0
281
     0
  0
CLASS
  1
ACMESTATEMGR
  2
AcMeStateMgr
  3
AcMeServices
 90
     1024
 91
        1
280
     0
281
     0
  0
CLASS
  1
ACGREFMASTER
  2
AcGrefMaster
  3
AcAttribServices
 90
     1024
 91
        1
280
     0
281
     0
  0
CLASS
  1
SORTENTSTABLE
  2
AcDbSortentsTable
  3
ObjectDBX Classes
 90
        0
 91
        3
280
     0
281
     0
  0
CLASS
  1
MULTILEADER
  2
AcDbMLeader
  3
ACDB_MLEADER_CLASS
 90
     1025
 91
        1
280
     0
281
     1
  0
CLASS
  1
FIELD
  2
AcDbField
  3
ObjectDBX Classes
 90
     1152
 91
        3
280
     0
281
     0
  0
CLASS
  1
FIELDLIST
  2
AcDbFieldList
  3
ObjectDBX Classes
 90
     1152
 91
        1
280
     0
281
     0
  0
CLASS
  1
DICTIONARYVAR
  2
AcDbDictionaryVar
  3
ObjectDBX Classes
 90
        0
 91
        6
280
     0
281
     0
  0
CLASS
  1
CELLSTYLEMAP
  2
AcDbCellStyleMap
  3
ObjectDBX Classes
 90
     1152
 91
        1
280
     0
281
     0
  0
ENDSEC
  0
SECTION
  2
TABLES
  0
TABLE
  2
VPORT
  5
8
330
0
100
AcDbSymbolTable
 70
     1
1001
ACAD
1000
DbSaveVer
1071
      428
  0
VPORT
  5
57
330
8
100
AcDbSymbolTableRecord
100
AcDbViewportTableRecord
  2
*Active
 70
     0
 10
0.0
 20
0.0
 11
1.0
 21
1.0
 12
210.0
 22
148.5
 13
0.0
 23
0.0
 14
0.5
 24
0.5
 15
0.0
 25
0.0
 16
0.0
 26
0.0
 36
1.0
 17
0.0
 27
0.0
 37
0.0
 40
297.0
 41
2.529118
 42
50.0
 43
0.0
 44
0.0
 50
0.0
 51
0.0
 71
     0
 72
 20000
 73
     1
 74
     0
 75
     0
 76
     0
 77
     0
 78
     0
281
     0
 65
     1
110
0.0
120
0.0
130
0.0
111
1.0
121
0.0
131
0.0
112
0.0
122
1.0
132
0.0
 79
     0
146
0.0
348
2F
 60
     3
 61
     5
292
     1
282
     1
141
0.0
142
0.0
 63
   250
421
  3355443
  0
ENDTAB
  0
TABLE
  2
LTYPE
  5
5
330
0
100
AcDbSymbolTable
 70
    15
  0
LTYPE
  5
5B
330
5
100
AcDbSymbolTableRecord
100
AcDbLinetypeTableRecord
  2
ByBlock
 70
     0
  3

 72
    65
 73
     0
 40
0.0
  0
LTYPE
  5
5C
330
5
100
AcDbSymbolTableRecord
100
AcDbLinetypeTableRecord
  2
ByLayer
 70
     0
  3

 72
    65
 73
     0
 40
0.0
  0
LTYPE
  5
5D
330
5
100
AcDbSymbolTableRecord
100
AcDbLinetypeTableRecord
  2
Continuous
 70
     0
  3
Solid line
 72
    65
 73
     0
 40
0.0
  0
LTYPE
  5
81
330
5
100
AcDbSymbolTableRecord
100
AcDbLinetypeTableRecord
  2
HIDDEN
 70
     0
  3
Hidden __ __ __ __ __ __ __ __ __ __ __ __ __ _
 72
    65
 73
     2
 40
9.525
 49
6.35
 74
     0
 49
-3.175
 74
     0
  0
LTYPE
  5
82
330
5
100
AcDbSymbolTableRecord
100
AcDbLinetypeTableRecord
  2
PHANTOM2
 70
     0
  3
Phantom (.5x) ___ _ _ ___ _ _ ___ _ _ ___ _ _
 72
    65
 73
     6
 40
31.75
 49
15.875
 74
     0
 49
-3.175
 74
     0
 49
3.175
 74
     0
 49
-3.175
 74
     0
 49
3.175
 74
     0
 49
-3.175
 74
     0
  0
LTYPE
  5
83
330
5
100
AcDbSymbolTableRecord
100
AcDbLinetypeTableRecord
  2
CENTER
 70
     0
  3
Center ____ _ ____ _ ____ _ ____ _ ____ _ ____
 72
    65
 73
     4
 40
50.8
 49
31.75
 74
     0
 49
-6.35
 74
     0
 49
6.35
 74
     0
 49
-6.35
 74
     0
  0
LTYPE
  5
9D
330
5
100
AcDbSymbolTableRecord
100
AcDbLinetypeTableRecord
  2
CENTER2
 70
     0
  3
Center (.5x) ___ _ ___ _ ___ _ ___ _ ___ _ ___
 72
    65
 73
     4
 40
28.575
 49
19.05
 74
     0
 49
-3.175
 74
     0
 49
3.175
 74
     0
 49
-3.175
 74
     0
  0
LTYPE
  5
9E
330
5
100
AcDbSymbolTableRecord
100
AcDbLinetypeTableRecord
  2
AM_ISO02W050
 70
     0
  3
__ __ __ __ __ __ __ __ __ __ __ __ __ __ __
 72
    65
 73
     2
 40
7.5
 49
6.0
 74
     0
 49
-1.5
 74
     0
  0
LTYPE
  5
9F
330
5
100
AcDbSymbolTableRecord
100
AcDbLinetypeTableRecord
  2
AM_ISO08W050
 70
     0
  3
____ . ____ . ____ . ____ . ____ . ____ . ____
 72
    65
 73
     4
 40
18.0
 49
12.0
 74
     0
 49
-1.5
 74
     0
 49
3.0
 74
     0
 49
-1.5
 74
     0
  0
LTYPE
  5
A0
330
5
100
AcDbSymbolTableRecord
100
AcDbLinetypeTableRecord
  2
AM_ISO09W050
 70
     0
  3
_____ . . _____ . . _____ . . ____ .. ____
 72
    65
 73
     6
 40
22.5
 49
12.0
 74
     0
 49
-1.5
 74
     0
 49
3.0
 74
     0
 49
-1.5
 74
     0
 49
3.0
 74
     0
 49
-1.5
 74
     0
  0
LTYPE
  5
A1
330
5
100
AcDbSymbolTableRecord
100
AcDbLinetypeTableRecord
  2
Amconstr
 70
     0
  3
_______________________
 72
    65
 73
     2
 40
9999.0
 49
9999.0
 74
     0
 49
0.0
 74
     0
  0
LTYPE
  5
A2
330
5
100
AcDbSymbolTableRecord
100
AcDbLinetypeTableRecord
  2
AM_ISO08W050x2
 70
     0
  3
__ . __ . __ . __ . __ . __
 72
    65
 73
     4
 40
9.0
 49
6.0
 74
     0
 49
-0.75
 74
     0
 49
1.5
 74
     0
 49
-0.75
 74
     0
  0
LTYPE
  5
A3
330
5
100
AcDbSymbolTableRecord
100
AcDbLinetypeTableRecord
  2
AM_ISO02W050x2
 70
     0
  3
 _ _ _ _ _ _ _ _ _ _ _ _
 72
    65
 73
     2
 40
3.75
 49
3.0
 74
     0
 49
-0.75
 74
     0
  0
LTYPE
  5
A4
330
5
100
AcDbSymbolTableRecord
100
AcDbLinetypeTableRecord
  2
Amzigzag
 70
     0
  3
/\/-/\/-/\/-/\/-/\/-/\/
 72
    65
 73
     2
 40
11.0001
 49
0.0001
 74
     4
 75
   136
340
9A
 46
0.04
 50
0.0
 44
0.0
 45
0.0
 49
-11.0
 74
     0
  0
LTYPE
  5
A5
330
5
100
AcDbSymbolTableRecord
100
AcDbLinetypeTableRecord
  2
ACISOWELD
 70
     0
  3
_ _ _ _ _
 72
    65
 73
     2
 40
2.0
 49
2.0
 74
     0
 49
-1.0
 74
     0
  0
LTYPE
  5
A6
330
5
100
AcDbSymbolTableRecord
100
AcDbLinetypeTableRecord
  2
ACISOTGL
 70
     0
  3
_ _ _ _ _
 72
    65
 73
     2
 40
3.0
 49
2.0
 74
     0
 49
-1.0
 74
     0
  0
LTYPE
  5
A7
330
5
100
AcDbSymbolTableRecord
100
AcDbLinetypeTableRecord
  2
ACISOTGB
 70
     0
  3
__ . . __ . .
 72
    65
 73
     6
 40
9.0
 49
4.0
 74
     0
 49
-1.0
 74
     0
 49
1.0
 74
     0
 49
-1.0
 74
     0
 49
1.0
 74
     0
 49
-1.0
 74
     0
  0
ENDTAB
  0
TABLE
  2
LAYER
  5
2
330
0
100
AcDbSymbolTable
 70
    10
  0
LAYER
  5
54
330
2
100
AcDbSymbolTableRecord
100
AcDbLayerTableRecord
  2
0
 70
     0
 62
     7
  6
Continuous
370
    -3
390
F
347
21
348
0
1001
AcAecLayerStandard
1000

1000

  0
LAYER
  5
79
330
2
100
AcDbSymbolTableRecord
100
AcDbLayerTableRecord
  2
Defpoints
 70
     0
 62
     7
  6
Continuous
290
     0
370
    -3
390
F
347
21
348
0
1001
AcAecLayerStandard
1000

1000

  0
LAYER
  5
B3
330
2
100
AcDbSymbolTableRecord
100
AcDbLayerTableRecord
  2
Visible
 70
     0
 62
     7
  6
Continuous
370
    50
390
F
347
21
348
0
  0
LAYER
  5
35E
330
2
100
AcDbSymbolTableRecord
100
AcDbLayerTableRecord
  2
BORDER
 70
     0
 62
     7
  6
Continuous
370
    25
390
F
347
21
348
0
1001
AcAecLayerStandard
1000

1000

1001
AcCmTransparency
1071
        0
  0
LAYER
  5
3A4
330
2
100
AcDbSymbolTableRecord
100
AcDbLayerTableRecord
  2
TITLEBLOCK
 70
     0
 62
     7
  6
Continuous
370
    35
390
F
347
21
348
0
1001
AcAecLayerStandard
1000

1000

1001
AcCmTransparency
1071
        0
  0
LAYER
  5
3F0
330
2
100
AcDbSymbolTableRecord
100
AcDbLayerTableRecord
  2
Smart Centers
 70
     0
 62
     7
  6
CENTER2
370
    25
390
F
347
21
348
0
  0
LAYER
  5
414
330
2
100
AcDbSymbolTableRecord
100
AcDbLayerTableRecord
  2
Hole Notes
 70
     0
 62
     7
  6
Continuous
370
    25
390
F
347
21
348
0
  0
LAYER
  5
417
330
2
100
AcDbSymbolTableRecord
100
AcDbLayerTableRecord
  2
FD_Dimensions
 70
     0
 62
     7
  6
Continuous
370
    25
390
F
347
21
348
0
  0
ENDTAB
  0
TABLE
  2
STYLE
  5
3
330
0
100
AcDbSymbolTable
 70
     5
  0
STYLE
  5
55
330
3
100
AcDbSymbolTableRecord
100
AcDbTextStyleTableRecord
  2
Standard
 70
     0
 40
0.0
 41
1.0
 50
0.0
 71
     0
 42
3.5
  3
arial.ttf
  4

1001
ACAD
1000
Arial
1071
       34
  0
STYLE
  5
5A
330
3
100
AcDbSymbolTableRecord
100
AcDbTextStyleTableRecord
  2
Annotative
 70
     0
 40
0.0
 41
1.0
 50
0.0
 71
     0
 42
0.2
  3
txt
  4

1001
AcadAnnotative
1000
AnnotativeData
1002
{
1070
     1
1070
     1
1002
}
  0
STYLE
  5
99
330
3
100
AcDbSymbolTableRecord
100
AcDbTextStyleTableRecord
  2
FusionTitle
 70
     0
 40
0.0
 41
1.0
 50
0.0
 71
     0
 42
2.5
  3
arial.ttf
  4

1001
ACAD
1000
Arial
1071
       34
  0
STYLE
  5
9A
330
3
100
AcDbSymbolTableRecord
100
AcDbTextStyleTableRecord
  2

 70
     1
 40
0.0
 41
1.0
 50
0.0
 71
     0
 42
10.0
  3
genltshp.shx
  4

  0
STYLE
  5
9B
330
3
100
AcDbSymbolTableRecord
100
AcDbTextStyleTableRecord
  2
ACISOGDT
 70
     0
 40
0.0
 41
1.0
 50
0.0
 71
     0
 42
10.0
  3
amgdt.shx
  4

  0
ENDTAB
  0
TABLE
  2
VIEW
  5
6
330
0
100
AcDbSymbolTable
 70
     0
  0
ENDTAB
  0
TABLE
  2
UCS
  5
7
330
0
100
AcDbSymbolTable
 70
     0
  0
ENDTAB
  0
TABLE
  2
APPID
  5
9
330
0
100
AcDbSymbolTable
 70
    26
  0
APPID
  5
56
330
9
100
AcDbSymbolTableRecord
100
AcDbRegAppTableRecord
  2
ACAD
 70
     0
  0
APPID
  5
5E
330
9
100
AcDbSymbolTableRecord
100
AcDbRegAppTableRecord
  2
AcadAnnotative
 70
     0
  0
APPID
  5
78
330
9
100
AcDbSymbolTableRecord
100
AcDbRegAppTableRecord
  2
ACAD_PSEXT
 70
     0
  0
APPID
  5
7A
330
9
100
AcDbSymbolTableRecord
100
AcDbRegAppTableRecord
  2
MCAD_NO_VIS
 70
     0
  0
APPID
  5
7B
330
9
100
AcDbSymbolTableRecord
100
AcDbRegAppTableRecord
  2
ACAD_TEMP_GRAPHIC
 70
     0
  0
APPID
  5
84
330
9
100
AcDbSymbolTableRecord
100
AcDbRegAppTableRecord
  2
ACAD_DSTYLE_DIMJAG
 70
     0
  0
APPID
  5
85
330
9
100
AcDbSymbolTableRecord
100
AcDbRegAppTableRecord
  2
ACAD_DSTYLE_DIMTALN
 70
     0
  0
APPID
  5
86
330
9
100
AcDbSymbolTableRecord
100
AcDbRegAppTableRecord
  2
ACAD_NAV_VCDISPLAY
 70
     0
  0
APPID
  5
87
330
9
100
AcDbSymbolTableRecord
100
AcDbRegAppTableRecord
  2
AcAecLayerStandard
 70
     0
  0
APPID
  5
88
330
9
100
AcDbSymbolTableRecord
100
AcDbRegAppTableRecord
  2
AcCmTransparency
 70
     0
  0
APPID
  5
89
330
9
100
AcDbSymbolTableRecord
100
AcDbRegAppTableRecord
  2
AcDbDynamicBlockGUID
 70
     0
  0
APPID
  5
8A
330
9
100
AcDbSymbolTableRecord
100
AcDbRegAppTableRecord
  2
ACAD_DSTYLE_DIMBREAK
 70
     0
  0
APPID
  5
8B
330
9
100
AcDbSymbolTableRecord
100
AcDbRegAppTableRecord
  2
ACAD_DSTYLE_DIMRADIAL_EXTENSION
 70
     0
  0
APPID
  5
8C
330
9
100
AcDbSymbolTableRecord
100
AcDbRegAppTableRecord
  2
ACAD_TC
 70
     0
  0
APPID
  5
8D
330
9
100
AcDbSymbolTableRecord
100
AcDbRegAppTableRecord
  2
FUSIONTITLEBLOCK
 70
     0
  0
APPID
  5
8E
330
9
100
AcDbSymbolTableRecord
100
AcDbRegAppTableRecord
  2
FUSIONCURRENTTITLEBLOCK
 70
     0
  0
APPID
  5
8F
330
9
100
AcDbSymbolTableRecord
100
AcDbRegAppTableRecord
  2
AcSynergy
 70
     0
  0
APPID
  5
90
330
9
100
AcDbSymbolTableRecord
100
AcDbRegAppTableRecord
  2
GENIUS_GENSCREG_15
 70
     0
  0
APPID
  5
91
330
9
100
AcDbSymbolTableRecord
100
AcDbRegAppTableRecord
  2
GENIUS_GENOBJ-N-SDF_13
 70
     0
  0
APPID
  5
92
330
9
100
AcDbSymbolTableRecord
100
AcDbRegAppTableRecord
  2
GENIUS_GENODEF_13
 70
     0
  0
APPID
  5
93
330
9
100
AcDbSymbolTableRecord
100
AcDbRegAppTableRecord
  2
MLEADERTYPE
 70
     0
  0
APPID
  5
94
330
9
100
AcDbSymbolTableRecord
100
AcDbRegAppTableRecord
  2
ACAD_DIMASSOC_CALC_DIMLFAC
 70
     0
  0
APPID
  5
95
330
9
100
AcDbSymbolTableRecord
100
AcDbRegAppTableRecord
  2
ACAD_DIMASSOC_DIMLFAC
 70
     0
  0
APPID
  5
96
330
9
100
AcDbSymbolTableRecord
100
AcDbRegAppTableRecord
  2
ACAD_DIMASSOC_OVERRIDDEN_DIMLFAC
 70
     0
  0
APPID
  5
97
330
9
100
AcDbSymbolTableRecord
100
AcDbRegAppTableRecord
  2
ACAD_DSTYLE_DIMJAG_POSITION
 70
     0
  0
APPID
  5
98
330
9
100
AcDbSymbolTableRecord
100
AcDbRegAppTableRecord
  2
ACATTRIBSERVICES
 70
     0
  0
ENDTAB
  0
TABLE
  2
DIMSTYLE
  5
A
330
0
100
AcDbSymbolTable
 70
     4
100
AcDbDimStyleTable
 71
     1
340
AB
  0
DIMSTYLE
105
58
330
A
100
AcDbSymbolTableRecord
100
AcDbDimStyleTableRecord
  2
Standard
 70
     0
 41
3.5
 42
2.1
 43
10.5
 44
2.1
 78
    12
 79
     3
140
3.5
143
0.03937
146
0.714286
147
1.4
179
     2
271
     2
272
     2
284
    12
340
55
  0
DIMSTYLE
105
59
330
A
100
AcDbSymbolTableRecord
100
AcDbDimStyleTableRecord
  2
Annotative
 70
     0
 40
0.0
 41
3.5
 42
2.1
 43
10.5
 44
2.1
 73
     0
 74
     0
 77
     1
 78
    12
 79
     3
140
3.5
141
2.5
143
0.03937
146
0.714286
147
1.4
171
     3
172
     1
179
     2
271
     2
272
     2
274
     3
278
    44
283
     0
284
    12
340
55
1001
AcadAnnotative
1000
AnnotativeData
1002
{
1070
     1
1070
     1
1002
}
  0
DIMSTYLE
105
AA
330
A
100
AcDbSymbolTableRecord
100
AcDbDimStyleTableRecord
  2
ISO-25
 70
     0
  4
in
 41
3.5
 42
2.1
 43
10.5
 44
2.1
 47
0.1
 48
0.1
 73
     0
 74
     0
 77
     1
 78
    12
 79
     3
140
3.5
141
0.0
143
0.03937
146
0.714286
147
1.4
171
     4
172
     1
176
   256
177
   256
178
   256
179
     2
271
     2
272
     2
274
     4
283
     0
284
    12
285
     8
340
55
1001
ACAD_DSTYLE_DIMJAG
1070
   388
1040
1.5
1001
ACAD_DSTYLE_DIMTALN
1070
   392
1070
     1
1001
ACAD_DSTYLE_DIMBREAK
1070
   391
1040
3.5
  0
DIMSTYLE
105
AB
102
{ACAD_REACTORS
330
431
330
43E
330
44B
330
458
330
465
330
472
330
47F
330
48C
330
499
330
416
330
424
330
532
330
53E
330
54A
330
557
330
564
330
571
330
57E
102
}
330
A
100
AcDbSymbolTableRecord
100
AcDbDimStyleTableRecord
  2
Dim-ISO-25
 70
     0
 41
3.5
 42
2.1
 43
10.5
 44
2.1
 47
0.1
 48
0.1
 73
     0
 74
     0
 77
     1
 78
    12
 79
     3
140
3.5
141
0.0
143
0.03937
146
0.714286
147
1.4
172
     1
179
     2
271
     2
272
     2
283
     0
284
    12
285
    12
286
    12
340
55
1001
ACAD_DSTYLE_DIMJAG
1070
   388
1040
1.5
1001
ACAD_DSTYLE_DIMTALN
1070
   392
1070
     1
1001
ACAD_DSTYLE_DIMBREAK
1070
   391
1040
3.5
  0
ENDTAB
  0
TABLE
  2
BLOCK_RECORD
  5
1
330
0
100
AcDbSymbolTable
 70
    60
  0
BLOCK_RECORD
  5
70
102
{ACAD_XDICTIONARY
360
AC
102
}
330
1
100
AcDbSymbolTableRecord
100
AcDbBlockTableRecord
  2
*Model_Space
340
73
 70
     0
280
     1
281
     0
  0
BLOCK_RECORD
  5
6C
330
1
100
AcDbSymbolTableRecord
100
AcDbBlockTableRecord
  2
*Paper_Space
340
6F
 70
     0
280
     1
281
     0
  0
BLOCK_RECORD
  5
74
330
1
100
AcDbSymbolTableRecord
100
AcDbBlockTableRecord
  2
*Paper_Space0
340
77
 70
     0
280
     1
281
     0
  0
BLOCK_RECORD
  5
35F
102
{ACAD_XDICTIONARY
360
360
102
}
330
1
100
AcDbSymbolTableRecord
100
AcDbBlockTableRecord
  2
ISO_A3_SHEET
340
0
310
2800000020000000200000000100080000000000000400000000000000000000000000000000000000000000000080000080000000808000800000008000800080800000C0C0C000C0DCC000F0CAA6000020400000206000002080000020A0000020C0000020E00000400000004020000040400000406000004080000040A0
310
000040C0000040E00000600000006020000060400000606000006080000060A0000060C0000060E00000800000008020000080400000806000008080000080A0000080C0000080E00000A0000000A0200000A0400000A0600000A0800000A0A00000A0C00000A0E00000C0000000C0200000C0400000C0600000C0800000C0
310
A00000C0C00000C0E00000E0000000E0200000E0400000E0600000E0800000E0A00000E0C00000E0E00040000000400020004000400040006000400080004000A0004000C0004000E00040200000402020004020400040206000402080004020A0004020C0004020E000404000004040200040404000404060004040800040
310
40A0004040C0004040E00040600000406020004060400040606000406080004060A0004060C0004060E00040800000408020004080400040806000408080004080A0004080C0004080E00040A0000040A0200040A0400040A0600040A0800040A0A00040A0C00040A0E00040C0000040C0200040C0400040C0600040C08000
310
40C0A00040C0C00040C0E00040E0000040E0200040E0400040E0600040E0800040E0A00040E0C00040E0E00080000000800020008000400080006000800080008000A0008000C0008000E00080200000802020008020400080206000802080008020A0008020C0008020E00080400000804020008040400080406000804080
310
008040A0008040C0008040E00080600000806020008060400080606000806080008060A0008060C0008060E00080800000808020008080400080806000808080008080A0008080C0008080E00080A0000080A0200080A0400080A0600080A0800080A0A00080A0C00080A0E00080C0000080C0200080C0400080C0600080C0
310
800080C0A00080C0C00080C0E00080E0000080E0200080E0400080E0600080E0800080E0A00080E0C00080E0E000C0000000C0002000C0004000C0006000C0008000C000A000C000C000C000E000C0200000C0202000C0204000C0206000C0208000C020A000C020C000C020E000C0400000C0402000C0404000C0406000C0
310
408000C040A000C040C000C040E000C0600000C0602000C0604000C0606000C0608000C060A000C060C000C060E000C0800000C0802000C0804000C0806000C0808000C080A000C080C000C080E000C0A00000C0A02000C0A04000C0A06000C0A08000C0A0A000C0A0C000C0A0E000C0C00000C0C02000C0C04000C0C06000
310
C0C08000C0C0A000F0FBFF00A4A0A000808080000000FF0000FF000000FFFF00FF000000FF00FF00FFFF0000FFFFFF0049494949494949494949494949494949494949494949494949494949494949494949494949494949494949494949494949494949494949494949494949494949494949494949494949494949494949
310
494949494949494949494949494949494949494949494949494949494949494949494949494949494949494949494949494949494949494949494949494949494949494949494949494949494949494949494949494949494949494949494949494949494949494949494949494949494949FFFFFFFFFFFFFFFFFFFFFFFFFF
310
FFFFFFFFFFFFFFFFFFFFFFFFFFFFFFFFFF4949FF49FF494949494949494949494949FF494949494949494949494949FFFF49494949FF49494949494949494949494949494949494949494949494949FF49494949FFFF49494949494949494949494949494949494949494949494949FF4949494949FF494949494949494949
310
49494949494949494949494949494949FF4949494949FF49494949494949494949494949494949494949494949494949FF49494949FFFF49494949494949494949494949494949494949494949494949FF4949494949FF49494949494949494949494949494949494949494949494949FF4949494949FF4949494949494949
310
4949494949494949494949494949494949FF4949494949FF49494949494949494949494949494949494949494949494949FF49494949FFFF49494949494949494949494949494949494949494949494949FF4949494949FF49494949494949494949494949494949494949494949494949FF4949494949FF49494949494949
310
494949494949494949494949494949494949FF49494949FFFF49494949494949494949494949494949494949494949494949FF4949494949FF49494949494949494949494949494949494949494949494949FF4949494949FF49494949494949494949494949494949494949494949494949FF49494949FFFF494949494949
310
49494949494949494949494949494949494949FF4949494949FF49494949494949494949494949494949494949494949494949FF494949FF49FF494949494949494949494949FF494949494949494949494949FFFF4949FFFFFFFFFFFFFFFFFFFFFFFFFFFFFFFFFFFFFFFFFFFFFFFFFFFFFFFFFFFF49494949494949494949
310
49494949494949494949494949494949494949494949494949494949494949494949494949494949494949494949494949494949494949494949494949494949494949494949494949494949494949494949494949494949494949494949494949494949494949494949494949494949494949494949494949494949494949
310
4949494949494949494949494949494949494949494949494949494949494949494949494949494949494949494949494949494949494949
102
{BLKREFS
331
35D
102
}
 70
     4
280
     1
281
     0
1001
AcDbDynamicBlockGUID
1000
{B4874B5E-8040-BF49-A9B6-B81412F7B0AC}
  0
BLOCK_RECORD
  5
3A5
102
{ACAD_XDICTIONARY
360
3A6
102
}
330
1
100
AcDbSymbolTableRecord
100
AcDbBlockTableRecord
  2
ISO_TITLEBLOCK
340
0
310
2800000020000000200000000100080000000000000400000000000000000000000000000000000000000000000080000080000000808000800000008000800080800000C0C0C000C0DCC000F0CAA6000020400000206000002080000020A0000020C0000020E00000400000004020000040400000406000004080000040A0
310
000040C0000040E00000600000006020000060400000606000006080000060A0000060C0000060E00000800000008020000080400000806000008080000080A0000080C0000080E00000A0000000A0200000A0400000A0600000A0800000A0A00000A0C00000A0E00000C0000000C0200000C0400000C0600000C0800000C0
310
A00000C0C00000C0E00000E0000000E0200000E0400000E0600000E0800000E0A00000E0C00000E0E00040000000400020004000400040006000400080004000A0004000C0004000E00040200000402020004020400040206000402080004020A0004020C0004020E000404000004040200040404000404060004040800040
310
40A0004040C0004040E00040600000406020004060400040606000406080004060A0004060C0004060E00040800000408020004080400040806000408080004080A0004080C0004080E00040A0000040A0200040A0400040A0600040A0800040A0A00040A0C00040A0E00040C0000040C0200040C0400040C0600040C08000
310
40C0A00040C0C00040C0E00040E0000040E0200040E0400040E0600040E0800040E0A00040E0C00040E0E00080000000800020008000400080006000800080008000A0008000C0008000E00080200000802020008020400080206000802080008020A0008020C0008020E00080400000804020008040400080406000804080
310
008040A0008040C0008040E00080600000806020008060400080606000806080008060A0008060C0008060E00080800000808020008080400080806000808080008080A0008080C0008080E00080A0000080A0200080A0400080A0600080A0800080A0A00080A0C00080A0E00080C0000080C0200080C0400080C0600080C0
310
800080C0A00080C0C00080C0E00080E0000080E0200080E0400080E0600080E0800080E0A00080E0C00080E0E000C0000000C0002000C0004000C0006000C0008000C000A000C000C000C000E000C0200000C0202000C0204000C0206000C0208000C020A000C020C000C020E000C0400000C0402000C0404000C0406000C0
310
408000C040A000C040C000C040E000C0600000C0602000C0604000C0606000C0608000C060A000C060C000C060E000C0800000C0802000C0804000C0806000C0808000C080A000C080C000C080E000C0A00000C0A02000C0A04000C0A06000C0A08000C0A0A000C0A0C000C0A0E000C0C00000C0C02000C0C04000C0C06000
310
C0C08000C0C0A000F0FBFF00A4A0A000808080000000FF0000FF000000FFFF00FF000000FF00FF00FFFF0000FFFFFF0049494949494949494949494949494949494949494949494949494949494949494949494949494949494949494949494949494949494949494949494949494949494949494949494949494949494949
310
49494949494949494949494949494949494949494949494949494949494949494949494949494949494949494949494949494949494949494949494949494949494949494949494949494949494949494949494949494949494949494949494949494949494949494949494949494949494949494949494949494949494949
310
49494949494949494949494949494949494949494949494949494949494949494949494949494949494949494949494949494949494949494949494949494949494949494949494949494949494949494949494949494949494949494949494949494949494949494949494949494949494949494949494949494949494949
310
49494949494949494949494949494949494949494949494949494949494949494949494949494949494949494949494949494949FFFFFFFFFFFFFFFFFFFFFFFFFFFFFFFFFFFFFFFFFFFFFFFFFFFFFF4949494949FF4949494949494949FFFFFFFFFF49494949FFFFFFFFFFFFFFFFFFFF49494949FF4949494949494949FFFF
310
FFFFFF494949FFFFFFFFFFFFFFFFFFFF4949494949FF4949494949494949FFFFFFFFFF494949FFFFFFFFFFFFFFFFFFFF4949494949FF4949494949494949FFFFFFFFFFFFFFFFFFFFFFFFFFFFFFFFFFFF4949494949FFFFFFFFFFFFFFFFFFFFFFFFFFFFFFFFFFFFFFFFFFFFFFFFFFFFFF4949494949FFFFFF49FFFFFFFFFFFF
310
FFFFFFFFFFFFFFFFFFFFFFFFFFFFFFFFFFFFFFFF4949FFFFFFFFFFFFFFFFFFFFFFFFFFFFFFFFFFFFFFFFFFFFFFFFFFFFFF494949494949494949494949494949494949494949494949494949494949494949494949494949494949494949494949494949494949494949494949494949494949494949494949494949494949
310
49494949494949494949494949494949494949494949494949494949494949494949494949494949494949494949494949494949494949494949494949494949494949494949494949494949494949494949494949494949494949494949494949494949494949494949494949494949494949494949494949494949494949
310
49494949494949494949494949494949494949494949494949494949494949494949494949494949494949494949494949494949494949494949494949494949494949494949494949494949494949494949494949494949494949494949494949494949494949494949494949494949494949494949494949494949494949
310
4949494949494949494949494949494949494949494949494949494949494949494949494949494949494949494949494949494949494949
102
{BLKREFS
331
3A3
102
}
 70
     4
280
     1
281
     0
1001
AcDbDynamicBlockGUID
1000
{BCD52D05-323A-B54A-8A21-1B84008CF9CB}
1001
FUSIONTITLEBLOCK
1000
TitleBlock
  0
BLOCK_RECORD
  5
3F1
330
1
100
AcDbSymbolTableRecord
100
AcDbBlockTableRecord
  2
*U5
340
0
102
{BLKREFS
331
3EF
102
}
 70
     0
280
     1
281
     0
  0
BLOCK_RECORD
  5
3F6
330
1
100
AcDbSymbolTableRecord
100
AcDbBlockTableRecord
  2
*U6
340
0
102
{BLKREFS
331
3F5
102
}
 70
     0
280
     1
281
     0
  0
BLOCK_RECORD
  5
3FB
330
1
100
AcDbSymbolTableRecord
100
AcDbBlockTableRecord
  2
*U7
340
0
102
{BLKREFS
331
3FA
102
}
 70
     0
280
     1
281
     0
  0
BLOCK_RECORD
  5
400
330
1
100
AcDbSymbolTableRecord
100
AcDbBlockTableRecord
  2
*U8
340
0
102
{BLKREFS
331
3FF
102
}
 70
     0
280
     1
281
     0
  0
BLOCK_RECORD
  5
405
330
1
100
AcDbSymbolTableRecord
100
AcDbBlockTableRecord
  2
*U9
340
0
102
{BLKREFS
331
404
102
}
 70
     0
280
     1
281
     0
  0
BLOCK_RECORD
  5
418
330
1
100
AcDbSymbolTableRecord
100
AcDbBlockTableRecord
  2
*D10
340
0
 70
     0
280
     1
281
     0
  0
BLOCK_RECORD
  5
425
330
1
100
AcDbSymbolTableRecord
100
AcDbBlockTableRecord
  2
*D11
340
0
 70
     0
280
     1
281
     0
  0
BLOCK_RECORD
  5
432
330
1
100
AcDbSymbolTableRecord
100
AcDbBlockTableRecord
  2
*D12
340
0
 70
     0
280
     1
281
     0
  0
BLOCK_RECORD
  5
43F
330
1
100
AcDbSymbolTableRecord
100
AcDbBlockTableRecord
  2
*D13
340
0
 70
     0
280
     1
281
     0
  0
BLOCK_RECORD
  5
44C
330
1
100
AcDbSymbolTableRecord
100
AcDbBlockTableRecord
  2
*D14
340
0
 70
     0
280
     1
281
     0
  0
BLOCK_RECORD
  5
459
330
1
100
AcDbSymbolTableRecord
100
AcDbBlockTableRecord
  2
*D15
340
0
 70
     0
280
     1
281
     0
  0
BLOCK_RECORD
  5
466
330
1
100
AcDbSymbolTableRecord
100
AcDbBlockTableRecord
  2
*D16
340
0
 70
     0
280
     1
281
     0
  0
BLOCK_RECORD
  5
473
330
1
100
AcDbSymbolTableRecord
100
AcDbBlockTableRecord
  2
*D17
340
0
 70
     0
280
     1
281
     0
  0
BLOCK_RECORD
  5
480
330
1
100
AcDbSymbolTableRecord
100
AcDbBlockTableRecord
  2
*D18
340
0
 70
     0
280
     1
281
     0
  0
BLOCK_RECORD
  5
48D
330
1
100
AcDbSymbolTableRecord
100
AcDbBlockTableRecord
  2
*D19
340
0
 70
     0
280
     1
281
     0
  0
BLOCK_RECORD
  5
49A
330
1
100
AcDbSymbolTableRecord
100
AcDbBlockTableRecord
  2
*D20
340
0
 70
     0
280
     1
281
     0
  0
BLOCK_RECORD
  5
4AC
330
1
100
AcDbSymbolTableRecord
100
AcDbBlockTableRecord
  2
*U21
340
0
102
{BLKREFS
331
4AB
102
}
 70
     0
280
     1
281
     0
  0
BLOCK_RECORD
  5
4B6
330
1
100
AcDbSymbolTableRecord
100
AcDbBlockTableRecord
  2
*U22
340
0
102
{BLKREFS
331
4B5
102
}
 70
     0
280
     1
281
     0
  0
BLOCK_RECORD
  5
4C0
330
1
100
AcDbSymbolTableRecord
100
AcDbBlockTableRecord
  2
*U23
340
0
102
{BLKREFS
331
4BF
102
}
 70
     0
280
     1
281
     0
  0
BLOCK_RECORD
  5
4CD
330
1
100
AcDbSymbolTableRecord
100
AcDbBlockTableRecord
  2
*U24
340
0
102
{BLKREFS
331
4CC
102
}
 70
     0
280
     1
281
     0
  0
BLOCK_RECORD
  5
4A9
330
1
100
AcDbSymbolTableRecord
100
AcDbBlockTableRecord
  2
*U25
340
0
102
{BLKREFS
331
4A8
102
}
 70
     0
280
     1
281
     0
  0
BLOCK_RECORD
  5
4D9
330
1
100
AcDbSymbolTableRecord
100
AcDbBlockTableRecord
  2
*U26
340
0
102
{BLKREFS
331
4D8
102
}
 70
     0
280
     1
281
     0
  0
BLOCK_RECORD
  5
4E3
330
1
100
AcDbSymbolTableRecord
100
AcDbBlockTableRecord
  2
*U27
340
0
102
{BLKREFS
331
4E2
102
}
 70
     0
280
     1
281
     0
  0
BLOCK_RECORD
  5
4ED
330
1
100
AcDbSymbolTableRecord
100
AcDbBlockTableRecord
  2
*U28
340
0
102
{BLKREFS
331
4EC
102
}
 70
     0
280
     1
281
     0
  0
BLOCK_RECORD
  5
4F7
330
1
100
AcDbSymbolTableRecord
100
AcDbBlockTableRecord
  2
*U29
340
0
102
{BLKREFS
331
4F6
102
}
 70
     0
280
     1
281
     0
  0
BLOCK_RECORD
  5
501
330
1
100
AcDbSymbolTableRecord
100
AcDbBlockTableRecord
  2
*U30
340
0
102
{BLKREFS
331
500
102
}
 70
     0
280
     1
281
     0
  0
BLOCK_RECORD
  5
50B
330
1
100
AcDbSymbolTableRecord
100
AcDbBlockTableRecord
  2
*U31
340
0
102
{BLKREFS
331
50A
102
}
 70
     0
280
     1
281
     0
  0
BLOCK_RECORD
  5
515
330
1
100
AcDbSymbolTableRecord
100
AcDbBlockTableRecord
  2
*U32
340
0
102
{BLKREFS
331
514
102
}
 70
     0
280
     1
281
     0
  0
BLOCK_RECORD
  5
51F
330
1
100
AcDbSymbolTableRecord
100
AcDbBlockTableRecord
  2
*U33
340
0
102
{BLKREFS
331
51E
102
}
 70
     0
280
     1
281
     0
  0
BLOCK_RECORD
  5
529
330
1
100
AcDbSymbolTableRecord
100
AcDbBlockTableRecord
  2
*U34
340
0
102
{BLKREFS
331
528
102
}
 70
     0
280
     1
281
     0
  0
BLOCK_RECORD
  5
533
330
1
100
AcDbSymbolTableRecord
100
AcDbBlockTableRecord
  2
*D35
340
0
 70
     0
280
     1
281
     0
  0
BLOCK_RECORD
  5
53F
330
1
100
AcDbSymbolTableRecord
100
AcDbBlockTableRecord
  2
*D36
340
0
 70
     0
280
     1
281
     0
  0
BLOCK_RECORD
  5
54B
330
1
100
AcDbSymbolTableRecord
100
AcDbBlockTableRecord
  2
*D37
340
0
 70
     0
280
     1
281
     0
  0
BLOCK_RECORD
  5
558
330
1
100
AcDbSymbolTableRecord
100
AcDbBlockTableRecord
  2
*D38
340
0
 70
     0
280
     1
281
     0
  0
BLOCK_RECORD
  5
565
330
1
100
AcDbSymbolTableRecord
100
AcDbBlockTableRecord
  2
*D39
340
0
 70
     0
280
     1
281
     0
  0
BLOCK_RECORD
  5
572
330
1
100
AcDbSymbolTableRecord
100
AcDbBlockTableRecord
  2
*D40
340
0
 70
     0
280
     1
281
     0
  0
BLOCK_RECORD
  5
57F
330
1
100
AcDbSymbolTableRecord
100
AcDbBlockTableRecord
  2
*D41
340
0
 70
     0
280
     1
281
     0
  0
BLOCK_RECORD
  5
58E
330
1
100
AcDbSymbolTableRecord
100
AcDbBlockTableRecord
  2
*D42
340
0
 70
     0
280
     1
281
     0
  0
BLOCK_RECORD
  5
59A
330
1
100
AcDbSymbolTableRecord
100
AcDbBlockTableRecord
  2
*D43
340
0
 70
     0
280
     1
281
     0
  0
BLOCK_RECORD
  5
5A6
330
1
100
AcDbSymbolTableRecord
100
AcDbBlockTableRecord
  2
*D44
340
0
 70
     0
280
     1
281
     0
  0
BLOCK_RECORD
  5
5B2
330
1
100
AcDbSymbolTableRecord
100
AcDbBlockTableRecord
  2
*D45
340
0
 70
     0
280
     1
281
     0
  0
BLOCK_RECORD
  5
5BE
330
1
100
AcDbSymbolTableRecord
100
AcDbBlockTableRecord
  2
*D46
340
0
 70
     0
280
     1
281
     0
  0
BLOCK_RECORD
  5
5CA
330
1
100
AcDbSymbolTableRecord
100
AcDbBlockTableRecord
  2
*D47
340
0
 70
     0
280
     1
281
     0
  0
BLOCK_RECORD
  5
5D6
330
1
100
AcDbSymbolTableRecord
100
AcDbBlockTableRecord
  2
*D48
340
0
 70
     0
280
     1
281
     0
  0
BLOCK_RECORD
  5
5E2
330
1
100
AcDbSymbolTableRecord
100
AcDbBlockTableRecord
  2
*D49
340
0
 70
     0
280
     1
281
     0
  0
BLOCK_RECORD
  5
5EE
330
1
100
AcDbSymbolTableRecord
100
AcDbBlockTableRecord
  2
*D50
340
0
 70
     0
280
     1
281
     0
  0
BLOCK_RECORD
  5
5FA
330
1
100
AcDbSymbolTableRecord
100
AcDbBlockTableRecord
  2
*D51
340
0
 70
     0
280
     1
281
     0
  0
BLOCK_RECORD
  5
606
330
1
100
AcDbSymbolTableRecord
100
AcDbBlockTableRecord
  2
*D52
340
0
 70
     0
280
     1
281
     0
  0
BLOCK_RECORD
  5
614
330
1
100
AcDbSymbolTableRecord
100
AcDbBlockTableRecord
  2
*D53
340
0
 70
     0
280
     1
281
     0
  0
BLOCK_RECORD
  5
61F
330
1
100
AcDbSymbolTableRecord
100
AcDbBlockTableRecord
  2
*D54
340
0
 70
     0
280
     1
281
     0
  0
BLOCK_RECORD
  5
62A
330
1
100
AcDbSymbolTableRecord
100
AcDbBlockTableRecord
  2
*D55
340
0
 70
     0
280
     1
281
     0
  0
BLOCK_RECORD
  5
636
330
1
100
AcDbSymbolTableRecord
100
AcDbBlockTableRecord
  2
*D56
340
0
 70
     0
280
     1
281
     0
  0
BLOCK_RECORD
  5
642
330
1
100
AcDbSymbolTableRecord
100
AcDbBlockTableRecord
  2
*D57
340
0
 70
     0
280
     1
281
     0
  0
BLOCK_RECORD
  5
64E
330
1
100
AcDbSymbolTableRecord
100
AcDbBlockTableRecord
  2
*D58
340
0
 70
     0
280
     1
281
     0
  0
BLOCK_RECORD
  5
65A
330
1
100
AcDbSymbolTableRecord
100
AcDbBlockTableRecord
  2
*D59
340
0
 70
     0
280
     1
281
     0
  0
ENDTAB
  0
ENDSEC
  0
SECTION
  2
BLOCKS
  0
BLOCK
  5
71
330
70
100
AcDbEntity
  8
0
100
AcDbBlockBegin
  2
*Model_Space
 70
     0
 10
0.0
 20
0.0
 30
0.0
  3
*Model_Space
  1

  0
ENDBLK
  5
72
330
70
100
AcDbEntity
  8
0
100
AcDbBlockEnd
  0
BLOCK
  5
6D
330
6C
100
AcDbEntity
 67
     1
  8
0
100
AcDbBlockBegin
  2
*Paper_Space
 70
     0
 10
0.0
 20
0.0
 30
0.0
  3
*Paper_Space
  1

  0
ENDBLK
  5
6E
330
6C
100
AcDbEntity
 67
     1
  8
0
100
AcDbBlockEnd
  0
BLOCK
  5
75
330
74
100
AcDbEntity
 67
     1
  8
0
100
AcDbBlockBegin
  2
*Paper_Space0
 70
     0
 10
0.0
 20
0.0
 30
0.0
  3
*Paper_Space0
  1

  0
ENDBLK
  5
76
330
74
100
AcDbEntity
 67
     1
  8
0
100
AcDbBlockEnd
  0
BLOCK
  5
361
330
35F
100
AcDbEntity
  8
0
100
AcDbBlockBegin
  2
ISO_A3_SHEET
 70
     0
 10
0.0
 20
0.0
 30
0.0
  3
ISO_A3_SHEET
  1

  0
LINE
  5
362
330
35F
100
AcDbEntity
  8
Defpoints
100
AcDbLine
 10
0.0
 20
0.0
 30
0.0
 11
15.0
 21
0.0
 31
0.0
  0
LINE
  5
363
330
35F
100
AcDbEntity
  8
Defpoints
100
AcDbLine
 10
405.0
 20
0.0
 30
0.0
 11
420.0
 21
0.0
 31
0.0
  0
LINE
  5
364
330
35F
100
AcDbEntity
  8
BORDER
100
AcDbLine
 10
20.0
 20
10.0
 30
0.0
 11
410.0
 21
10.0
 31
0.0
  0
LINE
  5
365
330
35F
100
AcDbEntity
  8
Defpoints
100
AcDbLine
 10
420.0
 20
0.0
 30
0.0
 11
420.0
 21
15.0
 31
0.0
  0
LINE
  5
366
330
35F
100
AcDbEntity
  8
Defpoints
100
AcDbLine
 10
420.0
 20
282.0
 30
0.0
 11
420.0
 21
297.0
 31
0.0
  0
LINE
  5
367
330
35F
100
AcDbEntity
  8
Defpoints
100
AcDbLine
 10
420.0
 20
297.0
 30
0.0
 11
405.0
 21
297.0
 31
0.0
  0
LINE
  5
368
330
35F
100
AcDbEntity
  8
Defpoints
100
AcDbLine
 10
15.0
 20
297.0
 30
0.0
 11
0.0
 21
297.0
 31
0.0
  0
LINE
  5
369
330
35F
100
AcDbEntity
  8
BORDER
100
AcDbLine
 10
410.0
 20
287.0
 30
0.0
 11
20.0
 21
287.0
 31
0.0
  0
LINE
  5
36A
330
35F
100
AcDbEntity
  8
Defpoints
100
AcDbLine
 10
0.0
 20
297.0
 30
0.0
 11
0.0
 21
282.0
 31
0.0
  0
LINE
  5
36B
330
35F
100
AcDbEntity
  8
Defpoints
100
AcDbLine
 10
0.0
 20
15.0
 30
0.0
 11
0.0
 21
0.0
 31
0.0
  0
LINE
  5
36C
330
35F
100
AcDbEntity
  8
BORDER
100
AcDbLine
 10
20.0
 20
287.0
 30
0.0
 11
20.0
 21
10.0
 31
0.0
  0
LINE
  5
36D
330
35F
100
AcDbEntity
  8
BORDER
100
AcDbLine
 10
410.0
 20
287.0
 30
0.0
 11
410.0
 21
10.0
 31
0.0
  0
LINE
  5
36E
330
35F
100
AcDbEntity
  8
BORDER
100
AcDbLine
 10
215.0
 20
5.0
 30
0.0
 11
215.0
 21
15.0
 31
0.0
  0
LINE
  5
36F
330
35F
100
AcDbEntity
  8
BORDER
100
AcDbLine
 10
215.0
 20
292.0
 30
0.0
 11
215.0
 21
282.0
 31
0.0
  0
LINE
  5
370
330
35F
100
AcDbEntity
  8
BORDER
100
AcDbLine
 10
265.0
 20
292.0
 30
0.0
 11
265.0
 21
287.0
 31
0.0
  0
LINE
  5
371
330
35F
100
AcDbEntity
  8
BORDER
100
AcDbLine
 10
315.0
 20
292.0
 30
0.0
 11
315.0
 21
287.0
 31
0.0
  0
LINE
  5
372
330
35F
100
AcDbEntity
  8
BORDER
100
AcDbLine
 10
365.0
 20
292.0
 30
0.0
 11
365.0
 21
287.0
 31
0.0
  0
LINE
  5
373
330
35F
100
AcDbEntity
  8
BORDER
100
AcDbLine
 10
165.0
 20
292.0
 30
0.0
 11
165.0
 21
287.0
 31
0.0
  0
LINE
  5
374
330
35F
100
AcDbEntity
  8
BORDER
100
AcDbLine
 10
115.0
 20
292.0
 30
0.0
 11
115.0
 21
287.0
 31
0.0
  0
LINE
  5
375
330
35F
100
AcDbEntity
  8
BORDER
100
AcDbLine
 10
65.0
 20
292.0
 30
0.0
 11
65.0
 21
287.0
 31
0.0
  0
LINE
  5
376
330
35F
100
AcDbEntity
  8
BORDER
100
AcDbLine
 10
15.0
 20
148.5
 30
0.0
 11
25.0
 21
148.5
 31
0.0
  0
LINE
  5
377
330
35F
100
AcDbEntity
  8
BORDER
100
AcDbLine
 10
15.0
 20
100.66667
 30
0.0
 11
20.0
 21
100.66667
 31
0.0
  0
LINE
  5
378
330
35F
100
AcDbEntity
  8
BORDER
100
AcDbLine
 10
15.0
 20
52.83334
 30
0.0
 11
20.0
 21
52.83334
 31
0.0
  0
LINE
  5
379
330
35F
100
AcDbEntity
  8
BORDER
100
AcDbLine
 10
15.0
 20
196.33333
 30
0.0
 11
20.0
 21
196.33333
 31
0.0
  0
LINE
  5
37A
330
35F
100
AcDbEntity
  8
BORDER
100
AcDbLine
 10
15.0
 20
244.16666
 30
0.0
 11
20.0
 21
244.16666
 31
0.0
  0
LINE
  5
37B
330
35F
100
AcDbEntity
  8
BORDER
100
AcDbLine
 10
415.0
 20
148.5
 30
0.0
 11
405.0
 21
148.5
 31
0.0
  0
LINE
  5
37C
330
35F
100
AcDbEntity
  8
BORDER
100
AcDbLine
 10
265.0
 20
5.0
 30
0.0
 11
265.0
 21
10.0
 31
0.0
  0
LINE
  5
37D
330
35F
100
AcDbEntity
  8
BORDER
100
AcDbLine
 10
315.0
 20
5.0
 30
0.0
 11
315.0
 21
10.0
 31
0.0
  0
LINE
  5
37E
330
35F
100
AcDbEntity
  8
BORDER
100
AcDbLine
 10
365.0
 20
5.0
 30
0.0
 11
365.0
 21
10.0
 31
0.0
  0
LINE
  5
37F
330
35F
100
AcDbEntity
  8
BORDER
100
AcDbLine
 10
165.0
 20
5.0
 30
0.0
 11
165.0
 21
10.0
 31
0.0
  0
LINE
  5
380
330
35F
100
AcDbEntity
  8
BORDER
100
AcDbLine
 10
115.0
 20
5.0
 30
0.0
 11
115.0
 21
10.0
 31
0.0
  0
LINE
  5
381
330
35F
100
AcDbEntity
  8
BORDER
100
AcDbLine
 10
65.0
 20
5.0
 30
0.0
 11
65.0
 21
10.0
 31
0.0
  0
LINE
  5
382
330
35F
100
AcDbEntity
  8
BORDER
100
AcDbLine
 10
415.0
 20
100.66667
 30
0.0
 11
410.0
 21
100.66667
 31
0.0
  0
LINE
  5
383
330
35F
100
AcDbEntity
  8
BORDER
100
AcDbLine
 10
415.0
 20
52.83334
 30
0.0
 11
410.0
 21
52.83334
 31
0.0
  0
LINE
  5
384
330
35F
100
AcDbEntity
  8
BORDER
100
AcDbLine
 10
415.0
 20
196.33333
 30
0.0
 11
410.0
 21
196.33333
 31
0.0
  0
LINE
  5
385
330
35F
100
AcDbEntity
  8
BORDER
100
AcDbLine
 10
415.0
 20
244.16666
 30
0.0
 11
410.0
 21
244.16666
 31
0.0
  0
TEXT
  5
386
330
35F
100
AcDbEntity
  8
BORDER
100
AcDbText
 10
39.02882
 20
288.244884
 30
0.0
 40
2.5
  1
1
  7
FusionTitle
 72
     4
 11
40.0
 21
289.5
 31
0.0
100
AcDbText
  0
TEXT
  5
387
330
35F
100
AcDbEntity
  8
BORDER
100
AcDbText
 10
16.335266
 20
266.83333
 30
0.0
 40
2.5
  1
A
  7
FusionTitle
 72
     4
 11
17.5
 21
268.08333
 31
0.0
100
AcDbText
  0
TEXT
  5
388
330
35F
100
AcDbEntity
  8
BORDER
100
AcDbText
 10
89.02882
 20
288.244884
 30
0.0
 40
2.5
  1
2
  7
FusionTitle
 72
     4
 11
90.0
 21
289.5
 31
0.0
100
AcDbText
  0
TEXT
  5
389
330
35F
100
AcDbEntity
  8
BORDER
100
AcDbText
 10
139.02882
 20
288.267053
 30
0.0
 40
2.5
  1
3
  7
FusionTitle
 72
     4
 11
140.0
 21
289.5
 31
0.0
100
AcDbText
  0
TEXT
  5
38A
330
35F
100
AcDbEntity
  8
BORDER
100
AcDbText
 10
189.02882
 20
288.25
 30
0.0
 40
2.5
  1
4
  7
FusionTitle
 72
     4
 11
190.0
 21
289.5
 31
0.0
100
AcDbText
  0
TEXT
  5
38B
330
35F
100
AcDbEntity
  8
BORDER
100
AcDbText
 10
239.02882
 20
288.28837
 30
0.0
 40
2.5
  1
5
  7
FusionTitle
 72
     4
 11
240.0
 21
289.5
 31
0.0
100
AcDbText
  0
TEXT
  5
38C
330
35F
100
AcDbEntity
  8
BORDER
100
AcDbText
 10
289.02882
 20
288.266201
 30
0.0
 40
2.5
  1
6
  7
FusionTitle
 72
     4
 11
290.0
 21
289.5
 31
0.0
100
AcDbText
  0
TEXT
  5
38D
330
35F
100
AcDbEntity
  8
BORDER
100
AcDbText
 10
339.02882
 20
288.266201
 30
0.0
 40
2.5
  1
7
  7
FusionTitle
 72
     4
 11
340.0
 21
289.5
 31
0.0
100
AcDbText
  0
TEXT
  5
38E
330
35F
100
AcDbEntity
  8
BORDER
100
AcDbText
 10
389.02882
 20
288.266201
 30
0.0
 40
2.5
  1
8
  7
FusionTitle
 72
     4
 11
390.0
 21
289.5
 31
0.0
100
AcDbText
  0
TEXT
  5
38F
330
35F
100
AcDbEntity
  8
BORDER
100
AcDbText
 10
39.02882
 20
6.244884
 30
0.0
 40
2.5
  1
1
  7
FusionTitle
 72
     4
 11
40.0
 21
7.5
 31
0.0
100
AcDbText
  0
TEXT
  5
390
330
35F
100
AcDbEntity
  8
BORDER
100
AcDbText
 10
89.02882
 20
6.244884
 30
0.0
 40
2.5
  1
2
  7
FusionTitle
 72
     4
 11
90.0
 21
7.5
 31
0.0
100
AcDbText
  0
TEXT
  5
391
330
35F
100
AcDbEntity
  8
BORDER
100
AcDbText
 10
139.02882
 20
6.267053
 30
0.0
 40
2.5
  1
3
  7
FusionTitle
 72
     4
 11
140.0
 21
7.5
 31
0.0
100
AcDbText
  0
TEXT
  5
392
330
35F
100
AcDbEntity
  8
BORDER
100
AcDbText
 10
189.02882
 20
6.25
 30
0.0
 40
2.5
  1
4
  7
FusionTitle
 72
     4
 11
190.0
 21
7.5
 31
0.0
100
AcDbText
  0
TEXT
  5
393
330
35F
100
AcDbEntity
  8
BORDER
100
AcDbText
 10
239.02882
 20
6.28837
 30
0.0
 40
2.5
  1
5
  7
FusionTitle
 72
     4
 11
240.0
 21
7.5
 31
0.0
100
AcDbText
  0
TEXT
  5
394
330
35F
100
AcDbEntity
  8
BORDER
100
AcDbText
 10
289.02882
 20
6.266201
 30
0.0
 40
2.5
  1
6
  7
FusionTitle
 72
     4
 11
290.0
 21
7.5
 31
0.0
100
AcDbText
  0
TEXT
  5
395
330
35F
100
AcDbEntity
  8
BORDER
100
AcDbText
 10
339.02882
 20
6.266201
 30
0.0
 40
2.5
  1
7
  7
FusionTitle
 72
     4
 11
340.0
 21
7.5
 31
0.0
100
AcDbText
  0
TEXT
  5
396
330
35F
100
AcDbEntity
  8
BORDER
100
AcDbText
 10
389.02882
 20
6.266201
 30
0.0
 40
2.5
  1
8
  7
FusionTitle
 72
     4
 11
390.0
 21
7.5
 31
0.0
100
AcDbText
  0
TEXT
  5
397
330
35F
100
AcDbEntity
  8
BORDER
100
AcDbText
 10
16.335266
 20
219.0
 30
0.0
 40
2.5
  1
B
  7
FusionTitle
 72
     4
 11
17.5
 21
220.25
 31
0.0
100
AcDbText
  0
TEXT
  5
398
330
35F
100
AcDbEntity
  8
BORDER
100
AcDbText
 10
16.238915
 20
171.16667
 30
0.0
 40
2.5
  1
C
  7
FusionTitle
 72
     4
 11
17.5
 21
172.41667
 31
0.0
100
AcDbText
  0
TEXT
  5
399
330
35F
100
AcDbEntity
  8
BORDER
100
AcDbText
 10
16.238915
 20
123.33334
 30
0.0
 40
2.5
  1
D
  7
FusionTitle
 72
     4
 11
17.5
 21
124.58334
 31
0.0
100
AcDbText
  0
TEXT
  5
39A
330
35F
100
AcDbEntity
  8
BORDER
100
AcDbText
 10
16.335266
 20
75.50001
 30
0.0
 40
2.5
  1
E
  7
FusionTitle
 72
     4
 11
17.5
 21
76.75001
 31
0.0
100
AcDbText
  0
TEXT
  5
39B
330
35F
100
AcDbEntity
  8
BORDER
100
AcDbText
 10
16.433322
 20
27.66668
 30
0.0
 40
2.5
  1
F
  7
FusionTitle
 72
     4
 11
17.5
 21
28.91668
 31
0.0
100
AcDbText
  0
TEXT
  5
39C
330
35F
100
AcDbEntity
  8
BORDER
100
AcDbText
 10
411.335266
 20
266.83333
 30
0.0
 40
2.5
  1
A
  7
FusionTitle
 72
     4
 11
412.5
 21
268.08333
 31
0.0
100
AcDbText
  0
TEXT
  5
39D
330
35F
100
AcDbEntity
  8
BORDER
100
AcDbText
 10
411.335266
 20
219.0
 30
0.0
 40
2.5
  1
B
  7
FusionTitle
 72
     4
 11
412.5
 21
220.25
 31
0.0
100
AcDbText
  0
TEXT
  5
39E
330
35F
100
AcDbEntity
  8
BORDER
100
AcDbText
 10
411.238915
 20
171.16667
 30
0.0
 40
2.5
  1
C
  7
FusionTitle
 72
     4
 11
412.5
 21
172.41667
 31
0.0
100
AcDbText
  0
TEXT
  5
39F
330
35F
100
AcDbEntity
  8
BORDER
100
AcDbText
 10
411.238915
 20
123.33334
 30
0.0
 40
2.5
  1
D
  7
FusionTitle
 72
     4
 11
412.5
 21
124.58334
 31
0.0
100
AcDbText
  0
TEXT
  5
3A0
330
35F
100
AcDbEntity
  8
BORDER
100
AcDbText
 10
411.335266
 20
75.50001
 30
0.0
 40
2.5
  1
E
  7
FusionTitle
 72
     4
 11
412.5
 21
76.75001
 31
0.0
100
AcDbText
  0
TEXT
  5
3A1
330
35F
100
AcDbEntity
  8
BORDER
100
AcDbText
 10
411.433322
 20
27.66668
 30
0.0
 40
2.5
  1
F
  7
FusionTitle
 72
     4
 11
412.5
 21
28.91668
 31
0.0
100
AcDbText
  0
ENDBLK
  5
3A2
330
35F
100
AcDbEntity
  8
0
100
AcDbBlockEnd
  0
BLOCK
  5
3A8
330
3A5
100
AcDbEntity
  8
0
100
AcDbBlockBegin
  2
ISO_TITLEBLOCK
 70
     2
 10
0.0
 20
0.0
 30
0.0
  3
ISO_TITLEBLOCK
  1

  0
LINE
  5
3A9
330
3A5
100
AcDbEntity
  8
TITLEBLOCK
100
AcDbLine
 10
-180.0
 20
0.0
 30
0.0
 11
0.0
 21
0.0
 31
0.0
  0
LINE
  5
3AA
330
3A5
100
AcDbEntity
  8
TITLEBLOCK
100
AcDbLine
 10
-61.0
 20
10.0
 30
0.0
 11
0.0
 21
10.0
 31
0.0
  0
LINE
  5
3AB
330
3A5
100
AcDbEntity
  8
TITLEBLOCK
100
AcDbLine
 10
-122.0
 20
27.0
 30
0.0
 11
0.0
 21
27.0
 31
0.0
  0
LINE
  5
3AC
330
3A5
100
AcDbEntity
  8
TITLEBLOCK
100
AcDbLine
 10
-180.0
 20
37.0
 30
0.0
 11
0.0
 21
37.0
 31
0.0
  0
LINE
  5
3AD
330
3A5
100
AcDbEntity
  8
TITLEBLOCK
100
AcDbLine
 10
0.0
 20
0.0
 30
0.0
 11
0.0
 21
47.0
 31
0.0
  0
LINE
  5
3AE
330
3A5
100
AcDbEntity
  8
TITLEBLOCK
100
AcDbLine
 10
-15.0
 20
0.0
 30
0.0
 11
-15.0
 21
10.0
 31
0.0
  0
LINE
  5
3AF
330
3A5
100
AcDbEntity
  8
TITLEBLOCK
100
AcDbLine
 10
-51.0
 20
0.0
 30
0.0
 11
-51.0
 21
10.0
 31
0.0
  0
LINE
  5
3B0
330
3A5
100
AcDbEntity
  8
TITLEBLOCK
100
AcDbLine
 10
-61.0
 20
0.0
 30
0.0
 11
-61.0
 21
47.0
 31
0.0
  0
LINE
  5
3B1
330
3A5
100
AcDbEntity
  8
TITLEBLOCK
100
AcDbLine
 10
-122.0
 20
0.0
 30
0.0
 11
-122.0
 21
47.0
 31
0.0
  0
LINE
  5
3B2
330
3A5
100
AcDbEntity
  8
TITLEBLOCK
100
AcDbLine
 10
-156.0
 20
37.0
 30
0.0
 11
-156.0
 21
47.0
 31
0.0
  0
LINE
  5
3B3
330
3A5
100
AcDbEntity
  8
TITLEBLOCK
100
AcDbLine
 10
0.0
 20
47.0
 30
0.0
 11
-180.0
 21
47.0
 31
0.0
  0
LINE
  5
3B4
330
3A5
100
AcDbEntity
  8
TITLEBLOCK
100
AcDbLine
 10
-180.0
 20
47.0
 30
0.0
 11
-180.0
 21
0.0
 31
0.0
  0
TEXT
  5
3B5
330
3A5
100
AcDbEntity
  8
TITLEBLOCK
100
AcDbText
 10
-179.0
 20
44.2
 30
0.0
 40
1.8
  1
Dept.
  7
FusionTitle
 11
-179.0
 21
46.0
 31
0.0
100
AcDbText
 73
     3
  0
TEXT
  5
3B6
330
3A5
100
AcDbEntity
  8
TITLEBLOCK
100
AcDbText
 10
-155.0
 20
44.2
 30
0.0
 40
1.8
  1
Technical reference
  7
FusionTitle
 11
-155.0
 21
46.0
 31
0.0
100
AcDbText
 73
     3
  0
TEXT
  5
3B7
330
3A5
100
AcDbEntity
  8
TITLEBLOCK
100
AcDbText
 10
-121.0
 20
44.2
 30
0.0
 40
1.8
  1
Created by
  7
FusionTitle
 11
-121.0
 21
46.0
 31
0.0
100
AcDbText
 73
     3
  0
TEXT
  5
3B8
330
3A5
100
AcDbEntity
  8
TITLEBLOCK
100
AcDbText
 10
-60.0
 20
44.2
 30
0.0
 40
1.8
  1
Approved by
  7
FusionTitle
 11
-60.0
 21
46.0
 31
0.0
100
AcDbText
 73
     3
  0
TEXT
  5
3B9
330
3A5
100
AcDbEntity
  8
TITLEBLOCK
100
AcDbText
 10
-121.0
 20
34.2
 30
0.0
 40
1.8
  1
Document type
  7
FusionTitle
 11
-121.0
 21
36.0
 31
0.0
100
AcDbText
 73
     3
  0
TEXT
  5
3BA
330
3A5
100
AcDbEntity
  8
TITLEBLOCK
100
AcDbText
 10
-60.0
 20
34.2
 30
0.0
 40
1.8
  1
Document status
  7
FusionTitle
 11
-60.0
 21
36.0
 31
0.0
100
AcDbText
 73
     3
  0
TEXT
  5
3BB
330
3A5
100
AcDbEntity
  8
TITLEBLOCK
100
AcDbText
 10
-121.0
 20
24.2
 30
0.0
 40
1.8
  1
Title
  7
FusionTitle
 11
-121.0
 21
26.0
 31
0.0
100
AcDbText
 73
     3
  0
TEXT
  5
3BC
330
3A5
100
AcDbEntity
  8
TITLEBLOCK
100
AcDbText
 10
-60.0
 20
24.2
 30
0.0
 40
1.8
  1
DWG No.
  7
FusionTitle
 11
-60.0
 21
26.0
 31
0.0
100
AcDbText
 73
     3
  0
TEXT
  5
3BD
330
3A5
100
AcDbEntity
  8
TITLEBLOCK
100
AcDbText
 10
-60.0
 20
7.2
 30
0.0
 40
1.8
  1
Rev.
  7
FusionTitle
 11
-60.0
 21
9.0
 31
0.0
100
AcDbText
 73
     3
  0
TEXT
  5
3BE
330
3A5
100
AcDbEntity
  8
TITLEBLOCK
100
AcDbText
 10
-50.0
 20
7.2
 30
0.0
 40
1.8
  1
Date of issue
  7
FusionTitle
 11
-50.0
 21
9.0
 31
0.0
100
AcDbText
 73
     3
  0
TEXT
  5
3BF
330
3A5
100
AcDbEntity
  8
TITLEBLOCK
100
AcDbText
 10
-14.0
 20
7.2
 30
0.0
 40
1.8
  1
Sheet
  7
FusionTitle
 11
-14.0
 21
9.0
 31
0.0
100
AcDbText
 73
     3
  0
ATTDEF
  5
3C0
102
{ACAD_XDICTIONARY
360
3C1
102
}
330
3A5
100
AcDbEntity
  8
TITLEBLOCK
100
AcDbText
 10
-50.0
 20
1.5
 30
0.0
 40
3.5
  1

  7
FusionTitle
 11
-50.0
 21
5.0
 31
0.0
100
AcDbAttributeDefinition
280
     0
  3
Date of issue
  2
DATE_OF_ISSUE
 70
     0
 74
     3
280
     1
  0
ATTDEF
  5
3C2
102
{ACAD_XDICTIONARY
360
3C3
102
}
330
3A5
100
AcDbEntity
  8
TITLEBLOCK
100
AcDbText
 10
-61.026774
 20
1.35
 30
0.0
 40
3.5
  1

  7
FusionTitle
 72
     1
 11
-56.0
 21
4.85
 31
0.0
100
AcDbAttributeDefinition
280
     0
  3
Revision
  2
REV
 70
     0
 74
     3
280
     1
  0
ATTDEF
  5
3C4
102
{ACAD_XDICTIONARY
360
3C5
102
}
330
3A5
100
AcDbEntity
  8
TITLEBLOCK
100
AcDbText
 10
-121.0
 20
1.5
 30
0.0
 40
5.0
  1

  7
FusionTitle
 11
-121.0
 21
6.5
 31
0.0
100
AcDbAttributeDefinition
280
     0
  3
3rd Title
  2
TITLE_3
 70
     0
 74
     3
280
     1
  0
ATTDEF
  5
3C6
102
{ACAD_XDICTIONARY
360
3C7
102
}
330
3A5
100
AcDbEntity
  8
TITLEBLOCK
100
AcDbText
 10
-60.0
 20
28.5
 30
0.0
 40
3.5
  1

  7
FusionTitle
 11
-60.0
 21
32.0
 31
0.0
100
AcDbAttributeDefinition
280
     0
  3
Document status
  2
DOCUMENT_STATUS
 70
     0
 74
     3
280
     1
  0
ATTDEF
  5
3C8
102
{ACAD_XDICTIONARY
360
3C9
102
}
330
3A5
100
AcDbEntity
  8
TITLEBLOCK
100
AcDbText
 10
-121.0
 20
28.5
 30
0.0
 40
3.5
  1

  7
FusionTitle
 11
-121.0
 21
32.0
 31
0.0
100
AcDbAttributeDefinition
280
     0
  3
Document type
  2
DOCUMENT_TYPE
 70
     0
 74
     3
280
     1
  0
ATTDEF
  5
3CA
102
{ACAD_XDICTIONARY
360
3CB
102
}
330
3A5
100
AcDbEntity
  8
TITLEBLOCK
100
AcDbText
 10
-43.923943
 20
38.5
 30
0.0
 40
3.5
  1

  7
FusionTitle
 72
     2
 11
-0.992838
 21
42.0
 31
0.0
100
AcDbAttributeDefinition
280
     0
  3
Approved date
  2
APPROVED_DATE
 70
     0
 74
     3
280
     1
  0
ATTDEF
  5
3CC
102
{ACAD_XDICTIONARY
360
3CD
102
}
330
3A5
100
AcDbEntity
  8
TITLEBLOCK
100
AcDbText
 10
-101.123124
 20
38.5
 30
0.0
 40
3.5
  1

  7
FusionTitle
 72
     2
 11
-62.0
 21
42.0
 31
0.0
100
AcDbAttributeDefinition
280
     0
  3
Created date
  2
CREATED_DATE
 70
     0
 74
     3
280
     1
  0
ATTDEF
  5
3CE
102
{ACAD_XDICTIONARY
360
3CF
102
}
330
3A5
100
AcDbEntity
  8
TITLEBLOCK
100
AcDbText
 10
-15.65075
 20
1.35
 30
0.0
 40
3.5
  1

  7
FusionTitle
 72
     1
 11
-7.5
 21
4.85
 31
0.0
100
AcDbAttributeDefinition
280
     0
  3
Sheet
  2
SHEET
 70
     0
 74
     3
280
     1
  0
ATTDEF
  5
3D0
102
{ACAD_XDICTIONARY
360
3D1
102
}
330
3A5
100
AcDbEntity
  8
TITLEBLOCK
100
AcDbText
 10
-121.0
 20
9.0
 30
0.0
 40
5.0
  1

  7
FusionTitle
 11
-121.0
 21
14.0
 31
0.0
100
AcDbAttributeDefinition
280
     0
  3
2nd Title
  2
TITLE_2
 70
     0
 74
     3
280
     1
  0
ATTDEF
  5
3D2
102
{ACAD_XDICTIONARY
360
3D3
102
}
330
3A5
100
AcDbEntity
  8
TITLEBLOCK
100
AcDbText
 10
-64.456344
 20
14.751432
 30
0.0
 40
5.0
  1

  7
FusionTitle
 72
     1
 11
-30.5
 21
19.751432
 31
0.0
100
AcDbAttributeDefinition
280
     0
  3
Drawing number
  2
DRAWING_NUMBER
 70
     0
 74
     3
280
     1
  0
ATTDEF
  5
3D4
102
{ACAD_XDICTIONARY
360
3D5
102
}
330
3A5
100
AcDbEntity
  8
TITLEBLOCK
100
AcDbText
 10
-121.0
 20
16.5
 30
0.0
 40
5.0
  1

  7
FusionTitle
 11
-121.0
 21
21.5
 31
0.0
100
AcDbAttributeDefinition
280
     0
  3
1st Title
  2
TITLE_1
 70
     0
 74
     3
280
     1
  0
ATTDEF
  5
3D6
102
{ACAD_XDICTIONARY
360
3D7
102
}
330
3A5
100
AcDbEntity
  8
TITLEBLOCK
100
AcDbText
 10
-60.0
 20
38.5
 30
0.0
 40
3.5
  1

  7
FusionTitle
 11
-60.0
 21
42.0
 31
0.0
100
AcDbAttributeDefinition
280
     0
  3
Approved by
  2
APPROVED_BY
 70
     0
 74
     3
280
     1
  0
ATTDEF
  5
3D8
102
{ACAD_XDICTIONARY
360
3D9
102
}
330
3A5
100
AcDbEntity
  8
TITLEBLOCK
100
AcDbText
 10
-121.0
 20
38.5
 30
0.0
 40
3.5
  1

  7
FusionTitle
 11
-121.0
 21
42.0
 31
0.0
100
AcDbAttributeDefinition
280
     0
  3
Created by
  2
CREATED_BY
 70
     0
 74
     3
280
     1
  0
ATTDEF
  5
3DA
102
{ACAD_XDICTIONARY
360
3DB
102
}
330
3A5
100
AcDbEntity
  8
TITLEBLOCK
100
AcDbText
 10
-155.0
 20
38.5
 30
0.0
 40
3.5
  1

  7
FusionTitle
 11
-155.0
 21
42.0
 31
0.0
100
AcDbAttributeDefinition
280
     0
  3
Technical reference
  2
TECHNICAL_REFERENCE
 70
     0
 74
     3
280
     1
  0
ATTDEF
  5
3DC
102
{ACAD_XDICTIONARY
360
3DD
102
}
330
3A5
100
AcDbEntity
  8
TITLEBLOCK
100
AcDbText
 10
-179.0
 20
38.5
 30
0.0
 40
3.5
  1

  7
FusionTitle
 11
-179.0
 21
42.0
 31
0.0
100
AcDbAttributeDefinition
280
     0
  3
Department
  2
DEPT
 70
     0
 74
     3
280
     1
  0
ENDBLK
  5
3DE
330
3A5
100
AcDbEntity
  8
0
100
AcDbBlockEnd
  0
BLOCK
  5
3F2
330
3F1
100
AcDbEntity
  8
0
100
AcDbBlockBegin
  2
*U5
 70
     1
 10
0.0
 20
0.0
 30
0.0
  3
*U5
  1

  0
LINE
  5
3F3
330
3F1
100
AcDbEntity
  8
Smart Centers
 62
     0
440
 16777216
 48
0.75
100
AcDbLine
 10
3.6
 20
0.0
 30
0.0
 11
-3.6
 21
0.0
 31
0.0
  0
ENDBLK
  5
3F4
330
3F1
100
AcDbEntity
  8
0
100
AcDbBlockEnd
  0
BLOCK
  5
3F7
330
3F6
100
AcDbEntity
  8
0
100
AcDbBlockBegin
  2
*U6
 70
     1
 10
0.0
 20
0.0
 30
0.0
  3
*U6
  1

  0
LINE
  5
3F8
330
3F6
100
AcDbEntity
  8
Smart Centers
 62
     0
440
 16777216
 48
0.75
100
AcDbLine
 10
-4.0
 20
0.0
 30
0.0
 11
6.0
 21
0.0
 31
0.0
  0
ENDBLK
  5
3F9
330
3F6
100
AcDbEntity
  8
0
100
AcDbBlockEnd
  0
BLOCK
  5
3FC
330
3FB
100
AcDbEntity
  8
0
100
AcDbBlockBegin
  2
*U7
 70
     1
 10
0.0
 20
0.0
 30
0.0
  3
*U7
  1

  0
LINE
  5
3FD
330
3FB
100
AcDbEntity
  8
Smart Centers
 62
     0
440
 16777216
 48
0.75
100
AcDbLine
 10
27.5
 20
0.0
 30
0.0
 11
-4.5
 21
0.0
 31
0.0
  0
ENDBLK
  5
3FE
330
3FB
100
AcDbEntity
  8
0
100
AcDbBlockEnd
  0
BLOCK
  5
401
330
400
100
AcDbEntity
  8
0
100
AcDbBlockBegin
  2
*U8
 70
     1
 10
0.0
 20
0.0
 30
0.0
  3
*U8
  1

  0
LINE
  5
402
330
400
100
AcDbEntity
  8
Smart Centers
 62
     0
440
 16777216
 48
0.75
100
AcDbLine
 10
3.6
 20
0.0
 30
0.0
 11
-3.6
 21
0.0
 31
0.0
  0
ENDBLK
  5
403
330
400
100
AcDbEntity
  8
0
100
AcDbBlockEnd
  0
BLOCK
  5
406
330
405
100
AcDbEntity
  8
0
100
AcDbBlockBegin
  2
*U9
 70
     1
 10
0.0
 20
0.0
 30
0.0
  3
*U9
  1

  0
LINE
  5
407
330
405
100
AcDbEntity
  8
Smart Centers
  6
Continuous
 62
     0
440
 16777216
 48
0.75
100
AcDbLine
 10
-0.892969
 20
0.0
 30
0.0
 11
0.892969
 21
0.0
 31
0.0
  0
LINE
  5
408
330
405
100
AcDbEntity
  8
Smart Centers
  6
Continuous
 62
     0
440
 16777216
 48
0.75
100
AcDbLine
 10
0.0
 20
-0.892969
 30
0.0
 11
0.0
 21
0.892969
 31
0.0
  0
LINE
  5
409
330
405
100
AcDbEntity
  8
Smart Centers
 62
     0
440
 16777216
 48
0.75
 60
     1
100
AcDbLine
 10
-6.5735
 20
0.0
 30
0.0
 11
-2.678906
 21
0.0
 31
0.0
  0
LINE
  5
40A
330
405
100
AcDbEntity
  8
Smart Centers
 62
     0
440
 16777216
 48
0.75
 60
     1
100
AcDbLine
 10
2.678906
 20
0.0
 30
0.0
 11
6.5735
 21
0.0
 31
0.0
  0
LINE
  5
40B
330
405
100
AcDbEntity
  8
Smart Centers
 62
     0
440
 16777216
 48
0.75
 60
     1
100
AcDbLine
 10
0.0
 20
-6.5735
 30
0.0
 11
0.0
 21
-2.678906
 31
0.0
  0
LINE
  5
40C
330
405
100
AcDbEntity
  8
Smart Centers
 62
     0
440
 16777216
 48
0.75
 60
     1
100
AcDbLine
 10
0.0
 20
2.678906
 30
0.0
 11
0.0
 21
6.5735
 31
0.0
  0
ENDBLK
  5
40D
330
405
100
AcDbEntity
  8
0
100
AcDbBlockEnd
  0
BLOCK
  5
419
330
418
100
AcDbEntity
  8
0
100
AcDbBlockBegin
  2
*D10
 70
     1
 10
0.0
 20
0.0
 30
0.0
  3
*D10
  1

  0
LINE
  5
41A
330
418
100
AcDbEntity
  8
FD_Dimensions
 62
     0
440
 16777216
370
    -2
100
AcDbLine
 10
89.118198
 20
166.614701
 30
0.0
 11
89.115673
 21
159.788633
 31
0.0
  0
LINE
  5
41B
330
418
100
AcDbEntity
  8
FD_Dimensions
 62
     0
440
 16777216
370
    -2
100
AcDbLine
 10
104.118198
 20
166.609154
 30
0.0
 11
104.115673
 21
159.783086
 31
0.0
  0
LINE
  5
41C
330
418
100
AcDbEntity
  8
FD_Dimensions
 62
     0
440
 16777216
370
    -2
100
AcDbLine
 10
92.61645
 20
161.887339
 30
0.0
 11
100.61645
 21
161.88438
 31
0.0
  0
SOLID
  5
41D
330
418
100
AcDbEntity
  8
FD_Dimensions
 62
     0
440
 16777216
100
AcDbTrace
 10
92.616665
 20
162.470672
 30
0.0
 11
92.616234
 21
161.304005
 31
0.0
 12
89.11645
 22
161.888633
 32
0.0
 13
89.11645
 23
161.888633
 33
0.0
  0
SOLID
  5
41E
330
418
100
AcDbEntity
  8
FD_Dimensions
 62
     0
440
 16777216
100
AcDbTrace
 10
100.616666
 20
162.467714
 30
0.0
 11
100.616234
 21
161.301047
 31
0.0
 12
104.11645
 22
161.883086
 32
0.0
 13
104.11645
 23
161.883086
 33
0.0
  0
MTEXT
  5
41F
330
418
100
AcDbEntity
  8
FD_Dimensions
 62
     0
440
 16777216
100
AcDbMText
 10
96.617628
 20
165.072865
 30
0.0
 40
3.5
 41
0.0
 46
0.0
 71
     5
 72
     1
  1
15
 11
1.0
 21
-0.00037
 31
0.0
 73
     1
 44
1.0
  0
POINT
  5
420
330
418
100
AcDbEntity
  8
Defpoints
 62
     0
440
 16777216
100
AcDbPoint
 10
89.118974
 20
168.7147
 30
0.0
  0
POINT
  5
421
330
418
100
AcDbEntity
  8
Defpoints
 62
     0
440
 16777216
100
AcDbPoint
 10
104.118974
 20
168.709154
 30
0.0
  0
POINT
  5
422
330
418
100
AcDbEntity
  8
Defpoints
 62
     0
440
 16777216
100
AcDbPoint
 10
104.11645
 20
161.883086
 30
0.0
  0
ENDBLK
  5
423
330
418
100
AcDbEntity
  8
0
100
AcDbBlockEnd
  0
BLOCK
  5
426
330
425
100
AcDbEntity
  8
0
100
AcDbBlockBegin
  2
*D11
 70
     1
 10
0.0
 20
0.0
 30
0.0
  3
*D11
  1

  0
LINE
  5
427
330
425
100
AcDbEntity
  8
FD_Dimensions
 62
     0
440
 16777216
370
    -2
100
AcDbLine
 10
87.118974
 20
169.09375
 30
0.0
 11
87.118974
 21
151.159408
 31
0.0
  0
LINE
  5
428
330
425
100
AcDbEntity
  8
FD_Dimensions
 62
     0
440
 16777216
370
    -2
100
AcDbLine
 10
106.118974
 20
169.09375
 30
0.0
 11
106.118974
 21
151.159408
 31
0.0
  0
LINE
  5
429
330
425
100
AcDbEntity
  8
FD_Dimensions
 62
     0
440
 16777216
370
    -2
100
AcDbLine
 10
90.618974
 20
153.259408
 30
0.0
 11
102.618974
 21
153.259408
 31
0.0
  0
SOLID
  5
42A
330
425
100
AcDbEntity
  8
FD_Dimensions
 62
     0
440
 16777216
100
AcDbTrace
 10
90.618974
 20
153.842741
 30
0.0
 11
90.618974
 21
152.676074
 31
0.0
 12
87.118974
 22
153.259408
 32
0.0
 13
87.118974
 23
153.259408
 33
0.0
  0
SOLID
  5
42B
330
425
100
AcDbEntity
  8
FD_Dimensions
 62
     0
440
 16777216
100
AcDbTrace
 10
102.618974
 20
153.842741
 30
0.0
 11
102.618974
 21
152.676074
 31
0.0
 12
106.118974
 22
153.259408
 32
0.0
 13
106.118974
 23
153.259408
 33
0.0
  0
MTEXT
  5
42C
330
425
100
AcDbEntity
  8
FD_Dimensions
 62
     0
440
 16777216
100
AcDbMText
 10
96.618974
 20
156.446413
 30
0.0
 40
3.5
 41
0.0
 46
0.0
 71
     5
 72
     1
  1
19
 73
     1
 44
1.0
  0
POINT
  5
42D
330
425
100
AcDbEntity
  8
Defpoints
 62
     0
440
 16777216
100
AcDbPoint
 10
87.118974
 20
171.19375
 30
0.0
  0
POINT
  5
42E
330
425
100
AcDbEntity
  8
Defpoints
 62
     0
440
 16777216
100
AcDbPoint
 10
106.118974
 20
171.19375
 30
0.0
  0
POINT
  5
42F
330
425
100
AcDbEntity
  8
Defpoints
 62
     0
440
 16777216
100
AcDbPoint
 10
106.118974
 20
153.259408
 30
0.0
  0
ENDBLK
  5
430
330
425
100
AcDbEntity
  8
0
100
AcDbBlockEnd
  0
BLOCK
  5
433
330
432
100
AcDbEntity
  8
0
100
AcDbBlockBegin
  2
*D12
 70
     1
 10
0.0
 20
0.0
 30
0.0
  3
*D12
  1

  0
LINE
  5
434
330
432
100
AcDbEntity
  8
FD_Dimensions
 62
     0
440
 16777216
370
    -2
100
AcDbLine
 10
87.118974
 20
169.09375
 30
0.0
 11
87.118974
 21
137.59375
 31
0.0
  0
LINE
  5
435
330
432
100
AcDbEntity
  8
FD_Dimensions
 62
     0
440
 16777216
370
    -2
100
AcDbLine
 10
121.118974
 20
180.09375
 30
0.0
 11
121.118974
 21
137.59375
 31
0.0
  0
LINE
  5
436
330
432
100
AcDbEntity
  8
FD_Dimensions
 62
     0
440
 16777216
370
    -2
100
AcDbLine
 10
90.618974
 20
139.69375
 30
0.0
 11
117.618974
 21
139.69375
 31
0.0
  0
SOLID
  5
437
330
432
100
AcDbEntity
  8
FD_Dimensions
 62
     0
440
 16777216
100
AcDbTrace
 10
90.618974
 20
140.277083
 30
0.0
 11
90.618974
 21
139.110416
 31
0.0
 12
87.118974
 22
139.69375
 32
0.0
 13
87.118974
 23
139.69375
 33
0.0
  0
SOLID
  5
438
330
432
100
AcDbEntity
  8
FD_Dimensions
 62
     0
440
 16777216
100
AcDbTrace
 10
117.618974
 20
140.277083
 30
0.0
 11
117.618974
 21
139.110416
 31
0.0
 12
121.118974
 22
139.69375
 32
0.0
 13
121.118974
 23
139.69375
 33
0.0
  0
MTEXT
  5
439
330
432
100
AcDbEntity
  8
FD_Dimensions
 62
     0
440
 16777216
100
AcDbMText
 10
104.118974
 20
142.881949
 30
0.0
 40
3.5
 41
0.0
 46
0.0
 71
     5
 72
     1
  1
34
 73
     1
 44
1.0
  0
POINT
  5
43A
330
432
100
AcDbEntity
  8
Defpoints
 62
     0
440
 16777216
100
AcDbPoint
 10
87.118974
 20
171.19375
 30
0.0
  0
POINT
  5
43B
330
432
100
AcDbEntity
  8
Defpoints
 62
     0
440
 16777216
100
AcDbPoint
 10
121.118974
 20
182.19375
 30
0.0
  0
POINT
  5
43C
330
432
100
AcDbEntity
  8
Defpoints
 62
     0
440
 16777216
100
AcDbPoint
 10
121.118974
 20
139.69375
 30
0.0
  0
ENDBLK
  5
43D
330
432
100
AcDbEntity
  8
0
100
AcDbBlockEnd
  0
BLOCK
  5
440
330
43F
100
AcDbEntity
  8
0
100
AcDbBlockBegin
  2
*D13
 70
     1
 10
0.0
 20
0.0
 30
0.0
  3
*D13
  1

  0
LINE
  5
441
330
43F
100
AcDbEntity
  8
FD_Dimensions
 62
     0
440
 16777216
370
    -2
100
AcDbLine
 10
111.118974
 20
180.09375
 30
0.0
 11
111.118974
 21
160.448366
 31
0.0
  0
LINE
  5
442
330
43F
100
AcDbEntity
  8
FD_Dimensions
 62
     0
440
 16777216
370
    -2
100
AcDbLine
 10
121.118974
 20
180.09375
 30
0.0
 11
121.118974
 21
160.448366
 31
0.0
  0
LINE
  5
443
330
43F
100
AcDbEntity
  8
FD_Dimensions
 62
     0
440
 16777216
370
    -2
100
AcDbLine
 10
114.618974
 20
162.548366
 30
0.0
 11
117.618974
 21
162.548366
 31
0.0
  0
SOLID
  5
444
330
43F
100
AcDbEntity
  8
FD_Dimensions
 62
     0
440
 16777216
100
AcDbTrace
 10
114.618974
 20
163.131699
 30
0.0
 11
114.618974
 21
161.965033
 31
0.0
 12
111.118974
 22
162.548366
 32
0.0
 13
111.118974
 23
162.548366
 33
0.0
  0
SOLID
  5
445
330
43F
100
AcDbEntity
  8
FD_Dimensions
 62
     0
440
 16777216
100
AcDbTrace
 10
117.618974
 20
163.131699
 30
0.0
 11
117.618974
 21
161.965033
 31
0.0
 12
121.118974
 22
162.548366
 32
0.0
 13
121.118974
 23
162.548366
 33
0.0
  0
MTEXT
  5
446
330
43F
100
AcDbEntity
  8
FD_Dimensions
 62
     0
440
 16777216
100
AcDbMText
 10
116.118974
 20
165.735371
 30
0.0
 40
3.5
 41
0.0
 46
0.0
 71
     5
 72
     1
  1
10
 73
     1
 44
1.0
  0
POINT
  5
447
330
43F
100
AcDbEntity
  8
Defpoints
 62
     0
440
 16777216
100
AcDbPoint
 10
111.118974
 20
182.19375
 30
0.0
  0
POINT
  5
448
330
43F
100
AcDbEntity
  8
Defpoints
 62
     0
440
 16777216
100
AcDbPoint
 10
121.118974
 20
182.19375
 30
0.0
  0
POINT
  5
449
330
43F
100
AcDbEntity
  8
Defpoints
 62
     0
440
 16777216
100
AcDbPoint
 10
121.118974
 20
162.548366
 30
0.0
  0
ENDBLK
  5
44A
330
43F
100
AcDbEntity
  8
0
100
AcDbBlockEnd
  0
BLOCK
  5
44D
330
44C
100
AcDbEntity
  8
0
100
AcDbBlockBegin
  2
*D14
 70
     1
 10
0.0
 20
0.0
 30
0.0
  3
*D14
  1

  0
LINE
  5
44E
330
44C
100
AcDbEntity
  8
FD_Dimensions
 62
     0
440
 16777216
370
    -2
100
AcDbLine
 10
121.118974
 20
180.09375
 30
0.0
 11
121.118974
 21
148.59375
 31
0.0
  0
LINE
  5
44F
330
44C
100
AcDbEntity
  8
FD_Dimensions
 62
     0
440
 16777216
370
    -2
100
AcDbLine
 10
173.618974
 20
180.925458
 30
0.0
 11
173.618974
 21
148.59375
 31
0.0
  0
LINE
  5
450
330
44C
100
AcDbEntity
  8
FD_Dimensions
 62
     0
440
 16777216
370
    -2
100
AcDbLine
 10
124.618974
 20
150.69375
 30
0.0
 11
170.118974
 21
150.69375
 31
0.0
  0
SOLID
  5
451
330
44C
100
AcDbEntity
  8
FD_Dimensions
 62
     0
440
 16777216
100
AcDbTrace
 10
124.618974
 20
151.277083
 30
0.0
 11
124.618974
 21
150.110416
 31
0.0
 12
121.118974
 22
150.69375
 32
0.0
 13
121.118974
 23
150.69375
 33
0.0
  0
SOLID
  5
452
330
44C
100
AcDbEntity
  8
FD_Dimensions
 62
     0
440
 16777216
100
AcDbTrace
 10
170.118974
 20
151.277083
 30
0.0
 11
170.118974
 21
150.110416
 31
0.0
 12
173.618974
 22
150.69375
 32
0.0
 13
173.618974
 23
150.69375
 33
0.0
  0
MTEXT
  5
453
330
44C
100
AcDbEntity
  8
FD_Dimensions
 62
     0
440
 16777216
100
AcDbMText
 10
147.368974
 20
153.880755
 30
0.0
 40
3.5
 41
0.0
 46
0.0
 71
     5
 72
     1
  1
52.5
 73
     1
 44
1.0
  0
POINT
  5
454
330
44C
100
AcDbEntity
  8
Defpoints
 62
     0
440
 16777216
100
AcDbPoint
 10
121.118974
 20
182.19375
 30
0.0
  0
POINT
  5
455
330
44C
100
AcDbEntity
  8
Defpoints
 62
     0
440
 16777216
100
AcDbPoint
 10
173.618974
 20
183.025458
 30
0.0
  0
POINT
  5
456
330
44C
100
AcDbEntity
  8
Defpoints
 62
     0
440
 16777216
100
AcDbPoint
 10
173.618974
 20
150.69375
 30
0.0
  0
ENDBLK
  5
457
330
44C
100
AcDbEntity
  8
0
100
AcDbBlockEnd
  0
BLOCK
  5
45A
330
459
100
AcDbEntity
  8
0
100
AcDbBlockBegin
  2
*D15
 70
     1
 10
0.0
 20
0.0
 30
0.0
  3
*D15
  1

  0
LINE
  5
45B
330
459
100
AcDbEntity
  8
FD_Dimensions
 62
     0
440
 16777216
370
    -2
100
AcDbLine
 10
174.956974
 20
182.19375
 30
0.0
 11
185.456974
 21
182.19375
 31
0.0
  0
LINE
  5
45C
330
459
100
AcDbEntity
  8
FD_Dimensions
 62
     0
440
 16777216
370
    -2
100
AcDbLine
 10
174.956974
 20
224.19375
 30
0.0
 11
185.456974
 21
224.19375
 31
0.0
  0
LINE
  5
45D
330
459
100
AcDbEntity
  8
FD_Dimensions
 62
     0
440
 16777216
370
    -2
100
AcDbLine
 10
183.356974
 20
185.69375
 30
0.0
 11
183.356974
 21
220.69375
 31
0.0
  0
SOLID
  5
45E
330
459
100
AcDbEntity
  8
FD_Dimensions
 62
     0
440
 16777216
100
AcDbTrace
 10
182.773641
 20
185.69375
 30
0.0
 11
183.940307
 21
185.69375
 31
0.0
 12
183.356974
 22
182.19375
 32
0.0
 13
183.356974
 23
182.19375
 33
0.0
  0
SOLID
  5
45F
330
459
100
AcDbEntity
  8
FD_Dimensions
 62
     0
440
 16777216
100
AcDbTrace
 10
182.773641
 20
220.69375
 30
0.0
 11
183.940307
 21
220.69375
 31
0.0
 12
183.356974
 22
224.19375
 32
0.0
 13
183.356974
 23
224.19375
 33
0.0
  0
MTEXT
  5
460
330
459
100
AcDbEntity
  8
FD_Dimensions
 62
     0
440
 16777216
100
AcDbMText
 10
180.199812
 20
203.19375
 30
0.0
 40
3.5
 41
0.0
 46
0.0
 71
     5
 72
     1
  1
42
 11
0.0
 21
1.0
 31
0.0
 73
     1
 44
1.0
  0
POINT
  5
461
330
459
100
AcDbEntity
  8
Defpoints
 62
     0
440
 16777216
100
AcDbPoint
 10
172.856974
 20
182.19375
 30
0.0
  0
POINT
  5
462
330
459
100
AcDbEntity
  8
Defpoints
 62
     0
440
 16777216
100
AcDbPoint
 10
172.856974
 20
224.19375
 30
0.0
  0
POINT
  5
463
330
459
100
AcDbEntity
  8
Defpoints
 62
     0
440
 16777216
100
AcDbPoint
 10
183.356974
 20
224.19375
 30
0.0
  0
ENDBLK
  5
464
330
459
100
AcDbEntity
  8
0
100
AcDbBlockEnd
  0
BLOCK
  5
467
330
466
100
AcDbEntity
  8
0
100
AcDbBlockBegin
  2
*D16
 70
     1
 10
0.0
 20
0.0
 30
0.0
  3
*D16
  1

  0
LINE
  5
468
330
466
100
AcDbEntity
  8
FD_Dimensions
 62
     0
440
 16777216
370
    -2
100
AcDbLine
 10
123.218974
 20
182.19375
 30
0.0
 11
194.887778
 21
182.19375
 31
0.0
  0
LINE
  5
469
330
466
100
AcDbEntity
  8
FD_Dimensions
 62
     0
440
 16777216
370
    -2
100
AcDbLine
 10
123.218974
 20
244.19375
 30
0.0
 11
194.887778
 21
244.19375
 31
0.0
  0
LINE
  5
46A
330
466
100
AcDbEntity
  8
FD_Dimensions
 62
     0
440
 16777216
370
    -2
100
AcDbLine
 10
192.787778
 20
185.69375
 30
0.0
 11
192.787778
 21
240.69375
 31
0.0
  0
SOLID
  5
46B
330
466
100
AcDbEntity
  8
FD_Dimensions
 62
     0
440
 16777216
100
AcDbTrace
 10
192.204445
 20
185.69375
 30
0.0
 11
193.371111
 21
185.69375
 31
0.0
 12
192.787778
 22
182.19375
 32
0.0
 13
192.787778
 23
182.19375
 33
0.0
  0
SOLID
  5
46C
330
466
100
AcDbEntity
  8
FD_Dimensions
 62
     0
440
 16777216
100
AcDbTrace
 10
192.204445
 20
240.69375
 30
0.0
 11
193.371111
 21
240.69375
 31
0.0
 12
192.787778
 22
244.19375
 32
0.0
 13
192.787778
 23
244.19375
 33
0.0
  0
MTEXT
  5
46D
330
466
100
AcDbEntity
  8
FD_Dimensions
 62
     0
440
 16777216
100
AcDbMText
 10
189.600773
 20
213.19375
 30
0.0
 40
3.5
 41
0.0
 46
0.0
 71
     5
 72
     1
  1
62
 11
0.0
 21
1.0
 31
0.0
 73
     1
 44
1.0
  0
POINT
  5
46E
330
466
100
AcDbEntity
  8
Defpoints
 62
     0
440
 16777216
100
AcDbPoint
 10
121.118974
 20
182.19375
 30
0.0
  0
POINT
  5
46F
330
466
100
AcDbEntity
  8
Defpoints
 62
     0
440
 16777216
100
AcDbPoint
 10
121.118974
 20
244.19375
 30
0.0
  0
POINT
  5
470
330
466
100
AcDbEntity
  8
Defpoints
 62
     0
440
 16777216
100
AcDbPoint
 10
192.787778
 20
244.19375
 30
0.0
  0
ENDBLK
  5
471
330
466
100
AcDbEntity
  8
0
100
AcDbBlockEnd
  0
BLOCK
  5
474
330
473
100
AcDbEntity
  8
0
100
AcDbBlockBegin
  2
*D17
 70
     1
 10
0.0
 20
0.0
 30
0.0
  3
*D17
  1

  0
LINE
  5
475
330
473
100
AcDbEntity
  8
FD_Dimensions
 62
     0
440
 16777216
370
    -2
100
AcDbLine
 10
114.018974
 20
193.19375
 30
0.0
 11
69.400216
 21
193.19375
 31
0.0
  0
LINE
  5
476
330
473
100
AcDbEntity
  8
FD_Dimensions
 62
     0
440
 16777216
370
    -2
100
AcDbLine
 10
114.018974
 20
213.19375
 30
0.0
 11
69.400216
 21
213.19375
 31
0.0
  0
LINE
  5
477
330
473
100
AcDbEntity
  8
FD_Dimensions
 62
     0
440
 16777216
370
    -2
100
AcDbLine
 10
71.500216
 20
196.69375
 30
0.0
 11
71.500216
 21
209.69375
 31
0.0
  0
SOLID
  5
478
330
473
100
AcDbEntity
  8
FD_Dimensions
 62
     0
440
 16777216
100
AcDbTrace
 10
70.916883
 20
196.69375
 30
0.0
 11
72.08355
 21
196.69375
 31
0.0
 12
71.500216
 22
193.19375
 32
0.0
 13
71.500216
 23
193.19375
 33
0.0
  0
SOLID
  5
479
330
473
100
AcDbEntity
  8
FD_Dimensions
 62
     0
440
 16777216
100
AcDbTrace
 10
70.916883
 20
209.69375
 30
0.0
 11
72.08355
 21
209.69375
 31
0.0
 12
71.500216
 22
213.19375
 32
0.0
 13
71.500216
 23
213.19375
 33
0.0
  0
MTEXT
  5
47A
330
473
100
AcDbEntity
  8
FD_Dimensions
 62
     0
440
 16777216
100
AcDbMText
 10
68.313211
 20
203.19375
 30
0.0
 40
3.5
 41
0.0
 46
0.0
 71
     5
 72
     1
  1
20
 11
0.0
 21
1.0
 31
0.0
 73
     1
 44
1.0
  0
POINT
  5
47B
330
473
100
AcDbEntity
  8
Defpoints
 62
     0
440
 16777216
100
AcDbPoint
 10
116.118974
 20
193.19375
 30
0.0
  0
POINT
  5
47C
330
473
100
AcDbEntity
  8
Defpoints
 62
     0
440
 16777216
100
AcDbPoint
 10
116.118974
 20
213.19375
 30
0.0
  0
POINT
  5
47D
330
473
100
AcDbEntity
  8
Defpoints
 62
     0
440
 16777216
100
AcDbPoint
 10
71.500216
 20
213.19375
 30
0.0
  0
ENDBLK
  5
47E
330
473
100
AcDbEntity
  8
0
100
AcDbBlockEnd
  0
BLOCK
  5
481
330
480
100
AcDbEntity
  8
0
100
AcDbBlockBegin
  2
*D18
 70
     1
 10
0.0
 20
0.0
 30
0.0
  3
*D18
  1

  0
LINE
  5
482
330
480
100
AcDbEntity
  8
FD_Dimensions
 62
     0
440
 16777216
370
    -2
100
AcDbLine
 10
119.018974
 20
182.19375
 30
0.0
 11
69.400216
 21
182.19375
 31
0.0
  0
LINE
  5
483
330
480
100
AcDbEntity
  8
FD_Dimensions
 62
     0
440
 16777216
370
    -2
100
AcDbLine
 10
114.018974
 20
193.19375
 30
0.0
 11
69.400216
 21
193.19375
 31
0.0
  0
LINE
  5
484
330
480
100
AcDbEntity
  8
FD_Dimensions
 62
     0
440
 16777216
370
    -2
100
AcDbLine
 10
71.500216
 20
185.69375
 30
0.0
 11
71.500216
 21
189.69375
 31
0.0
  0
SOLID
  5
485
330
480
100
AcDbEntity
  8
FD_Dimensions
 62
     0
440
 16777216
100
AcDbTrace
 10
70.916883
 20
185.69375
 30
0.0
 11
72.08355
 21
185.69375
 31
0.0
 12
71.500216
 22
182.19375
 32
0.0
 13
71.500216
 23
182.19375
 33
0.0
  0
SOLID
  5
486
330
480
100
AcDbEntity
  8
FD_Dimensions
 62
     0
440
 16777216
100
AcDbTrace
 10
70.916883
 20
189.69375
 30
0.0
 11
72.08355
 21
189.69375
 31
0.0
 12
71.500216
 22
193.19375
 32
0.0
 13
71.500216
 23
193.19375
 33
0.0
  0
MTEXT
  5
487
330
480
100
AcDbEntity
  8
FD_Dimensions
 62
     0
440
 16777216
100
AcDbMText
 10
68.343054
 20
187.69375
 30
0.0
 40
3.5
 41
0.0
 46
0.0
 71
     5
 72
     1
  1
11
 11
0.0
 21
1.0
 31
0.0
 73
     1
 44
1.0
  0
POINT
  5
488
330
480
100
AcDbEntity
  8
Defpoints
 62
     0
440
 16777216
100
AcDbPoint
 10
121.118974
 20
182.19375
 30
0.0
  0
POINT
  5
489
330
480
100
AcDbEntity
  8
Defpoints
 62
     0
440
 16777216
100
AcDbPoint
 10
116.118974
 20
193.19375
 30
0.0
  0
POINT
  5
48A
330
480
100
AcDbEntity
  8
Defpoints
 62
     0
440
 16777216
100
AcDbPoint
 10
71.500216
 20
193.19375
 30
0.0
  0
ENDBLK
  5
48B
330
480
100
AcDbEntity
  8
0
100
AcDbBlockEnd
  0
BLOCK
  5
48E
330
48D
100
AcDbEntity
  8
0
100
AcDbBlockBegin
  2
*D19
 70
     1
 10
0.0
 20
0.0
 30
0.0
  3
*D19
  1

  0
LINE
  5
48F
330
48D
100
AcDbEntity
  8
FD_Dimensions
 62
     0
440
 16777216
370
    -2
100
AcDbLine
 10
114.018974
 20
213.19375
 30
0.0
 11
69.440171
 21
213.19375
 31
0.0
  0
LINE
  5
490
330
48D
100
AcDbEntity
  8
FD_Dimensions
 62
     0
440
 16777216
370
    -2
100
AcDbLine
 10
109.018974
 20
244.19375
 30
0.0
 11
69.440171
 21
244.19375
 31
0.0
  0
LINE
  5
491
330
48D
100
AcDbEntity
  8
FD_Dimensions
 62
     0
440
 16777216
370
    -2
100
AcDbLine
 10
71.540171
 20
216.69375
 30
0.0
 11
71.540171
 21
240.69375
 31
0.0
  0
SOLID
  5
492
330
48D
100
AcDbEntity
  8
FD_Dimensions
 62
     0
440
 16777216
100
AcDbTrace
 10
70.956838
 20
216.69375
 30
0.0
 11
72.123505
 21
216.69375
 31
0.0
 12
71.540171
 22
213.19375
 32
0.0
 13
71.540171
 23
213.19375
 33
0.0
  0
SOLID
  5
493
330
48D
100
AcDbEntity
  8
FD_Dimensions
 62
     0
440
 16777216
100
AcDbTrace
 10
70.956838
 20
240.69375
 30
0.0
 11
72.123505
 21
240.69375
 31
0.0
 12
71.540171
 22
244.19375
 32
0.0
 13
71.540171
 23
244.19375
 33
0.0
  0
MTEXT
  5
494
330
48D
100
AcDbEntity
  8
FD_Dimensions
 62
     0
440
 16777216
100
AcDbMText
 10
68.351972
 20
228.69375
 30
0.0
 40
3.5
 41
0.0
 46
0.0
 71
     5
 72
     1
  1
31
 11
0.0
 21
1.0
 31
0.0
 73
     1
 44
1.0
  0
POINT
  5
495
330
48D
100
AcDbEntity
  8
Defpoints
 62
     0
440
 16777216
100
AcDbPoint
 10
116.118974
 20
213.19375
 30
0.0
  0
POINT
  5
496
330
48D
100
AcDbEntity
  8
Defpoints
 62
     0
440
 16777216
100
AcDbPoint
 10
111.118974
 20
244.19375
 30
0.0
  0
POINT
  5
497
330
48D
100
AcDbEntity
  8
Defpoints
 62
     0
440
 16777216
100
AcDbPoint
 10
71.540171
 20
244.19375
 30
0.0
  0
ENDBLK
  5
498
330
48D
100
AcDbEntity
  8
0
100
AcDbBlockEnd
  0
BLOCK
  5
49B
330
49A
100
AcDbEntity
  8
0
100
AcDbBlockBegin
  2
*D20
 70
     1
 10
0.0
 20
0.0
 30
0.0
  3
*D20
  1

  0
LINE
  5
49C
330
49A
100
AcDbEntity
  8
FD_Dimensions
 62
     0
440
 16777216
370
    -2
100
AcDbLine
 10
116.118974
 20
191.09375
 30
0.0
 11
116.118974
 21
171.189524
 31
0.0
  0
LINE
  5
49D
330
49A
100
AcDbEntity
  8
FD_Dimensions
 62
     0
440
 16777216
370
    -2
100
AcDbLine
 10
121.118974
 20
180.09375
 30
0.0
 11
121.118974
 21
171.189524
 31
0.0
  0
LINE
  5
49E
330
49A
100
AcDbEntity
  8
FD_Dimensions
 62
     0
440
 16777216
370
    -2
100
AcDbLine
 10
112.618974
 20
173.289524
 30
0.0
 11
109.118974
 21
173.289524
 31
0.0
  0
LINE
  5
49F
330
49A
100
AcDbEntity
  8
FD_Dimensions
 62
     0
440
 16777216
370
    -2
100
AcDbLine
 10
124.618974
 20
173.289524
 30
0.0
 11
133.239574
 21
173.289524
 31
0.0
  0
LINE
  5
4A0
330
49A
100
AcDbEntity
  8
FD_Dimensions
 62
     0
440
 16777216
370
    -2
100
AcDbLine
 10
116.118974
 20
173.289524
 30
0.0
 11
121.118974
 21
173.289524
 31
0.0
  0
SOLID
  5
4A1
330
49A
100
AcDbEntity
  8
FD_Dimensions
 62
     0
440
 16777216
100
AcDbTrace
 10
112.618974
 20
173.872858
 30
0.0
 11
112.618974
 21
172.706191
 31
0.0
 12
116.118974
 22
173.289524
 32
0.0
 13
116.118974
 23
173.289524
 33
0.0
  0
SOLID
  5
4A2
330
49A
100
AcDbEntity
  8
FD_Dimensions
 62
     0
440
 16777216
100
AcDbTrace
 10
124.618974
 20
173.872858
 30
0.0
 11
124.618974
 21
172.706191
 31
0.0
 12
121.118974
 22
173.289524
 32
0.0
 13
121.118974
 23
173.289524
 33
0.0
  0
MTEXT
  5
4A3
330
49A
100
AcDbEntity
  8
FD_Dimensions
 62
     0
440
 16777216
100
AcDbMText
 10
130.679274
 20
176.469368
 30
0.0
 40
3.5
 41
0.0
 46
0.0
 71
     5
 72
     1
  1
5
 73
     1
 44
1.0
  0
POINT
  5
4A4
330
49A
100
AcDbEntity
  8
Defpoints
 62
     0
440
 16777216
100
AcDbPoint
 10
116.118974
 20
193.19375
 30
0.0
  0
POINT
  5
4A5
330
49A
100
AcDbEntity
  8
Defpoints
 62
     0
440
 16777216
100
AcDbPoint
 10
121.118974
 20
182.19375
 30
0.0
  0
POINT
  5
4A6
330
49A
100
AcDbEntity
  8
Defpoints
 62
     0
440
 16777216
100
AcDbPoint
 10
121.118974
 20
173.289524
 30
0.0
  0
ENDBLK
  5
4A7
330
49A
100
AcDbEntity
  8
0
100
AcDbBlockEnd
  0
BLOCK
  5
4AD
330
4AC
100
AcDbEntity
  8
0
100
AcDbBlockBegin
  2
*U21
 70
     1
 10
0.0
 20
0.0
 30
0.0
  3
*U21
  1

  0
ARC
  5
4AE
330
4AC
100
AcDbEntity
  8
Smart Centers
  6
Continuous
 62
     0
440
 16777216
 48
0.75
100
AcDbCircle
 10
0.0
 20
0.0
 30
0.0
 40
8.000000000000442
100
AcDbArc
 50
23.601258
 51
36.398742
  0
LINE
  5
4AF
330
4AC
100
AcDbEntity
  8
Smart Centers
  6
Continuous
 62
     0
440
 16777216
 48
0.75
100
AcDbLine
 10
6.15487
 20
3.553516
 30
0.0
 11
7.701537
 21
4.446484
 31
0.0
  0
ARC
  5
4B0
330
4AC
100
AcDbEntity
  8
Smart Centers
 62
     0
440
 16777216
 48
0.75
 60
     1
100
AcDbCircle
 10
0.0
 20
0.0
 30
0.0
 40
0.0
100
AcDbArc
 50
0.0
 51
0.0
  0
ARC
  5
4B1
330
4AC
100
AcDbEntity
  8
Smart Centers
 62
     0
440
 16777216
 48
0.75
 60
     1
100
AcDbCircle
 10
0.0
 20
0.0
 30
0.0
 40
0.0
100
AcDbArc
 50
0.0
 51
0.0
  0
LINE
  5
4B2
330
4AC
100
AcDbEntity
  8
Smart Centers
 62
     0
440
 16777216
 48
0.75
100
AcDbLine
 10
1.299038
 20
0.75
 30
0.0
 11
4.608202
 21
2.660547
 31
0.0
  0
LINE
  5
4B3
330
4AC
100
AcDbEntity
  8
Smart Centers
 62
     0
440
 16777216
 48
0.75
100
AcDbLine
 10
9.248204
 20
5.339453
 30
0.0
 11
12.557368
 21
7.25
 31
0.0
  0
ENDBLK
  5
4B4
330
4AC
100
AcDbEntity
  8
0
100
AcDbBlockEnd
  0
BLOCK
  5
4B7
330
4B6
100
AcDbEntity
  8
0
100
AcDbBlockBegin
  2
*U22
 70
     1
 10
0.0
 20
0.0
 30
0.0
  3
*U22
  1

  0
ARC
  5
4B8
330
4B6
100
AcDbEntity
  8
Smart Centers
  6
Continuous
 62
     0
440
 16777216
 48
0.75
100
AcDbCircle
 10
0.0
 20
0.0
 30
0.0
 40
8.000000000000426
100
AcDbArc
 50
263.601258
 51
276.398742
  0
LINE
  5
4B9
330
4B6
100
AcDbEntity
  8
Smart Centers
  6
Continuous
 62
     0
440
 16777216
 48
0.75
100
AcDbLine
 10
0.0
 20
-7.107031
 30
0.0
 11
0.0
 21
-8.892969
 31
0.0
  0
ARC
  5
4BA
330
4B6
100
AcDbEntity
  8
Smart Centers
 62
     0
440
 16777216
 48
0.75
 60
     1
100
AcDbCircle
 10
0.0
 20
0.0
 30
0.0
 40
0.0
100
AcDbArc
 50
0.0
 51
0.0
  0
ARC
  5
4BB
330
4B6
100
AcDbEntity
  8
Smart Centers
 62
     0
440
 16777216
 48
0.75
 60
     1
100
AcDbCircle
 10
0.0
 20
0.0
 30
0.0
 40
0.0
100
AcDbArc
 50
0.0
 51
0.0
  0
LINE
  5
4BC
330
4B6
100
AcDbEntity
  8
Smart Centers
 62
     0
440
 16777216
 48
0.75
 60
     1
100
AcDbLine
 10
0.0
 20
0.0
 30
0.0
 11
0.0
 21
0.0
 31
0.0
  0
LINE
  5
4BD
330
4B6
100
AcDbEntity
  8
Smart Centers
 62
     0
440
 16777216
 48
0.75
100
AcDbLine
 10
0.0
 20
-10.678906
 30
0.0
 11
0.0
 21
-14.5
 31
0.0
  0
ENDBLK
  5
4BE
330
4B6
100
AcDbEntity
  8
0
100
AcDbBlockEnd
  0
BLOCK
  5
4C1
330
4C0
100
AcDbEntity
  8
0
100
AcDbBlockBegin
  2
*U23
 70
     1
 10
0.0
 20
0.0
 30
0.0
  3
*U23
  1

  0
ARC
  5
4C2
330
4C0
100
AcDbEntity
  8
Smart Centers
  6
Continuous
 62
     0
440
 16777216
 48
0.75
100
AcDbCircle
 10
0.0
 20
0.0
 30
0.0
 40
8.000000000000442
100
AcDbArc
 50
143.601258
 51
156.398742
  0
LINE
  5
4C3
330
4C0
100
AcDbEntity
  8
Smart Centers
  6
Continuous
 62
     0
440
 16777216
 48
0.75
100
AcDbLine
 10
-6.15487
 20
3.553516
 30
0.0
 11
-7.701537
 21
4.446484
 31
0.0
  0
ARC
  5
4C4
330
4C0
100
AcDbEntity
  8
Smart Centers
 62
     0
440
 16777216
 48
0.75
 60
     1
100
AcDbCircle
 10
0.0
 20
0.0
 30
0.0
 40
0.0
100
AcDbArc
 50
0.0
 51
0.0
  0
ARC
  5
4C5
330
4C0
100
AcDbEntity
  8
Smart Centers
 62
     0
440
 16777216
 48
0.75
 60
     1
100
AcDbCircle
 10
0.0
 20
0.0
 30
0.0
 40
0.0
100
AcDbArc
 50
0.0
 51
0.0
  0
LINE
  5
4C6
330
4C0
100
AcDbEntity
  8
Smart Centers
 62
     0
440
 16777216
 48
0.75
100
AcDbLine
 10
-1.299038
 20
0.75
 30
0.0
 11
-4.608202
 21
2.660547
 31
0.0
  0
LINE
  5
4C7
330
4C0
100
AcDbEntity
  8
Smart Centers
 62
     0
440
 16777216
 48
0.75
100
AcDbLine
 10
-9.248204
 20
5.339453
 30
0.0
 11
-12.557368
 21
7.25
 31
0.0
  0
ENDBLK
  5
4C8
330
4C0
100
AcDbEntity
  8
0
100
AcDbBlockEnd
  0
BLOCK
  5
4CE
330
4CD
100
AcDbEntity
  8
0
100
AcDbBlockBegin
  2
*U24
 70
     1
 10
0.0
 20
0.0
 30
0.0
  3
*U24
  1

  0
LINE
  5
4CF
330
4CD
100
AcDbEntity
  8
Smart Centers
  6
Continuous
 62
     0
440
 16777216
 48
0.75
100
AcDbLine
 10
-0.892969
 20
0.0
 30
0.0
 11
0.892969
 21
0.0
 31
0.0
  0
LINE
  5
4D0
330
4CD
100
AcDbEntity
  8
Smart Centers
  6
Continuous
 62
     0
440
 16777216
 48
0.75
100
AcDbLine
 10
0.0
 20
-0.892969
 30
0.0
 11
0.0
 21
0.892969
 31
0.0
  0
LINE
  5
4D1
330
4CD
100
AcDbEntity
  8
Smart Centers
 62
     0
440
 16777216
 48
0.75
100
AcDbLine
 10
-11.5
 20
0.0
 30
0.0
 11
-2.678906
 21
0.0
 31
0.0
  0
LINE
  5
4D2
330
4CD
100
AcDbEntity
  8
Smart Centers
 62
     0
440
 16777216
 48
0.75
100
AcDbLine
 10
2.678906
 20
0.0
 30
0.0
 11
11.5
 21
0.0
 31
0.0
  0
LINE
  5
4D3
330
4CD
100
AcDbEntity
  8
Smart Centers
 62
     0
440
 16777216
 48
0.75
100
AcDbLine
 10
0.0
 20
-5.321094
 30
0.0
 11
0.0
 21
-2.678906
 31
0.0
  0
LINE
  5
4D4
330
4CD
100
AcDbEntity
  8
Smart Centers
 62
     0
440
 16777216
 48
0.75
100
AcDbLine
 10
0.0
 20
2.678906
 30
0.0
 11
0.0
 21
11.5
 31
0.0
  0
ENDBLK
  5
4D5
330
4CD
100
AcDbEntity
  8
0
100
AcDbBlockEnd
  0
BLOCK
  5
4AA
330
4A9
100
AcDbEntity
  8
0
100
AcDbBlockBegin
  2
*U25
 70
     1
 10
0.0
 20
0.0
 30
0.0
  3
*U25
  1

  0
INSERT
  5
4AB
330
4A9
100
AcDbEntity
  8
Smart Centers
 62
     0
440
 16777216
 48
0.75
100
AcDbBlockReference
  2
*U21
 10
0.0
 20
0.0
 30
0.0
  0
INSERT
  5
4B5
330
4A9
100
AcDbEntity
  8
Smart Centers
 62
     0
440
 16777216
 48
0.75
100
AcDbBlockReference
  2
*U22
 10
0.0
 20
0.0
 30
0.0
  0
INSERT
  5
4BF
330
4A9
100
AcDbEntity
  8
Smart Centers
 62
     0
440
 16777216
 48
0.75
100
AcDbBlockReference
  2
*U23
 10
0.0
 20
0.0
 30
0.0
  0
ARC
  5
4C9
330
4A9
100
AcDbEntity
  8
Smart Centers
 62
     0
440
 16777216
 48
0.75
100
AcDbCircle
 10
0.0
 20
0.0
 30
0.0
 40
8.000000000000442
100
AcDbArc
 50
169.277045
 51
250.722955
  0
ARC
  5
4CA
330
4A9
100
AcDbEntity
  8
Smart Centers
 62
     0
440
 16777216
 48
0.75
100
AcDbCircle
 10
0.0
 20
0.0
 30
0.0
 40
8.000000000000426
100
AcDbArc
 50
289.277045
 51
10.722955
  0
ARC
  5
4CB
330
4A9
100
AcDbEntity
  8
Smart Centers
 62
     0
440
 16777216
 48
0.75
100
AcDbCircle
 10
0.0
 20
0.0
 30
0.0
 40
8.000000000000442
100
AcDbArc
 50
49.277045
 51
130.722955
  0
INSERT
  5
4CC
330
4A9
100
AcDbEntity
  8
Smart Centers
 62
     0
440
 16777216
 48
0.75
100
AcDbBlockReference
  2
*U24
 10
0.0
 20
0.0
 30
0.0
  0
ARC
  5
4D6
330
4A9
100
AcDbEntity
  8
Smart Centers
 62
     0
440
 16777216
 48
0.75
 60
     1
100
AcDbCircle
 10
0.0
 20
0.0
 30
0.0
 40
8.000000000000436
100
AcDbArc
 50
150.0
 51
149.999943
  0
ENDBLK
  5
4D7
330
4A9
100
AcDbEntity
  8
0
100
AcDbBlockEnd
  0
BLOCK
  5
4DA
330
4D9
100
AcDbEntity
  8
0
100
AcDbBlockBegin
  2
*U26
 70
     1
 10
0.0
 20
0.0
 30
0.0
  3
*U26
  1

  0
LINE
  5
4DB
330
4D9
100
AcDbEntity
  8
Smart Centers
  6
Continuous
 62
     0
440
 16777216
 48
0.75
100
AcDbLine
 10
-0.892969
 20
0.0
 30
0.0
 11
0.892969
 21
0.0
 31
0.0
  0
LINE
  5
4DC
330
4D9
100
AcDbEntity
  8
Smart Centers
  6
Continuous
 62
     0
440
 16777216
 48
0.75
100
AcDbLine
 10
0.0
 20
-0.892969
 30
0.0
 11
0.0
 21
0.892969
 31
0.0
  0
LINE
  5
4DD
330
4D9
100
AcDbEntity
  8
Smart Centers
 62
     0
440
 16777216
 48
0.75
100
AcDbLine
 10
-6.5
 20
0.0
 30
0.0
 11
-2.678906
 21
0.0
 31
0.0
  0
LINE
  5
4DE
330
4D9
100
AcDbEntity
  8
Smart Centers
 62
     0
440
 16777216
 48
0.75
100
AcDbLine
 10
2.678906
 20
0.0
 30
0.0
 11
6.5
 21
0.0
 31
0.0
  0
LINE
  5
4DF
330
4D9
100
AcDbEntity
  8
Smart Centers
 62
     0
440
 16777216
 48
0.75
100
AcDbLine
 10
0.0
 20
-6.5
 30
0.0
 11
0.0
 21
-2.678906
 31
0.0
  0
LINE
  5
4E0
330
4D9
100
AcDbEntity
  8
Smart Centers
 62
     0
440
 16777216
 48
0.75
100
AcDbLine
 10
0.0
 20
2.678906
 30
0.0
 11
0.0
 21
6.5
 31
0.0
  0
ENDBLK
  5
4E1
330
4D9
100
AcDbEntity
  8
0
100
AcDbBlockEnd
  0
BLOCK
  5
4E4
330
4E3
100
AcDbEntity
  8
0
100
AcDbBlockBegin
  2
*U27
 70
     1
 10
0.0
 20
0.0
 30
0.0
  3
*U27
  1

  0
LINE
  5
4E5
330
4E3
100
AcDbEntity
  8
Smart Centers
  6
Continuous
 62
     0
440
 16777216
 48
0.75
100
AcDbLine
 10
-0.892969
 20
0.0
 30
0.0
 11
0.892969
 21
0.0
 31
0.0
  0
LINE
  5
4E6
330
4E3
100
AcDbEntity
  8
Smart Centers
  6
Continuous
 62
     0
440
 16777216
 48
0.75
100
AcDbLine
 10
0.0
 20
-0.892969
 30
0.0
 11
0.0
 21
0.892969
 31
0.0
  0
LINE
  5
4E7
330
4E3
100
AcDbEntity
  8
Smart Centers
 62
     0
440
 16777216
 48
0.75
100
AcDbLine
 10
-6.5
 20
0.0
 30
0.0
 11
-2.678906
 21
0.0
 31
0.0
  0
LINE
  5
4E8
330
4E3
100
AcDbEntity
  8
Smart Centers
 62
     0
440
 16777216
 48
0.75
100
AcDbLine
 10
2.678906
 20
0.0
 30
0.0
 11
6.5
 21
0.0
 31
0.0
  0
LINE
  5
4E9
330
4E3
100
AcDbEntity
  8
Smart Centers
 62
     0
440
 16777216
 48
0.75
100
AcDbLine
 10
0.0
 20
-6.5
 30
0.0
 11
0.0
 21
-2.678906
 31
0.0
  0
LINE
  5
4EA
330
4E3
100
AcDbEntity
  8
Smart Centers
 62
     0
440
 16777216
 48
0.75
100
AcDbLine
 10
0.0
 20
2.678906
 30
0.0
 11
0.0
 21
6.5
 31
0.0
  0
ENDBLK
  5
4EB
330
4E3
100
AcDbEntity
  8
0
100
AcDbBlockEnd
  0
BLOCK
  5
4EE
330
4ED
100
AcDbEntity
  8
0
100
AcDbBlockBegin
  2
*U28
 70
     1
 10
0.0
 20
0.0
 30
0.0
  3
*U28
  1

  0
LINE
  5
4EF
330
4ED
100
AcDbEntity
  8
Smart Centers
  6
Continuous
 62
     0
440
 16777216
 48
0.75
100
AcDbLine
 10
-0.892969
 20
0.0
 30
0.0
 11
0.892969
 21
0.0
 31
0.0
  0
LINE
  5
4F0
330
4ED
100
AcDbEntity
  8
Smart Centers
  6
Continuous
 62
     0
440
 16777216
 48
0.75
100
AcDbLine
 10
0.0
 20
-0.892969
 30
0.0
 11
0.0
 21
0.892969
 31
0.0
  0
LINE
  5
4F1
330
4ED
100
AcDbEntity
  8
Smart Centers
 62
     0
440
 16777216
 48
0.75
100
AcDbLine
 10
-35.5
 20
0.0
 30
0.0
 11
-2.678906
 21
0.0
 31
0.0
  0
LINE
  5
4F2
330
4ED
100
AcDbEntity
  8
Smart Centers
 62
     0
440
 16777216
 48
0.75
100
AcDbLine
 10
2.678906
 20
0.0
 30
0.0
 11
35.5
 21
0.0
 31
0.0
  0
LINE
  5
4F3
330
4ED
100
AcDbEntity
  8
Smart Centers
 62
     0
440
 16777216
 48
0.75
100
AcDbLine
 10
0.0
 20
-35.5
 30
0.0
 11
0.0
 21
-2.678906
 31
0.0
  0
LINE
  5
4F4
330
4ED
100
AcDbEntity
  8
Smart Centers
 62
     0
440
 16777216
 48
0.75
100
AcDbLine
 10
0.0
 20
2.678906
 30
0.0
 11
0.0
 21
35.5
 31
0.0
  0
ENDBLK
  5
4F5
330
4ED
100
AcDbEntity
  8
0
100
AcDbBlockEnd
  0
BLOCK
  5
4F8
330
4F7
100
AcDbEntity
  8
0
100
AcDbBlockBegin
  2
*U29
 70
     1
 10
0.0
 20
0.0
 30
0.0
  3
*U29
  1

  0
LINE
  5
4F9
330
4F7
100
AcDbEntity
  8
Smart Centers
  6
Continuous
 62
     0
440
 16777216
 48
0.75
100
AcDbLine
 10
-0.892969
 20
0.0
 30
0.0
 11
0.892969
 21
0.0
 31
0.0
  0
LINE
  5
4FA
330
4F7
100
AcDbEntity
  8
Smart Centers
  6
Continuous
 62
     0
440
 16777216
 48
0.75
100
AcDbLine
 10
0.0
 20
-0.892969
 30
0.0
 11
0.0
 21
0.892969
 31
0.0
  0
LINE
  5
4FB
330
4F7
100
AcDbEntity
  8
Smart Centers
 62
     0
440
 16777216
 48
0.75
100
AcDbLine
 10
-8.0
 20
0.0
 30
0.0
 11
-2.678906
 21
0.0
 31
0.0
  0
LINE
  5
4FC
330
4F7
100
AcDbEntity
  8
Smart Centers
 62
     0
440
 16777216
 48
0.75
100
AcDbLine
 10
2.678906
 20
0.0
 30
0.0
 11
8.0
 21
0.0
 31
0.0
  0
LINE
  5
4FD
330
4F7
100
AcDbEntity
  8
Smart Centers
 62
     0
440
 16777216
 48
0.75
100
AcDbLine
 10
0.0
 20
-8.0
 30
0.0
 11
0.0
 21
-2.678906
 31
0.0
  0
LINE
  5
4FE
330
4F7
100
AcDbEntity
  8
Smart Centers
 62
     0
440
 16777216
 48
0.75
100
AcDbLine
 10
0.0
 20
2.678906
 30
0.0
 11
0.0
 21
8.0
 31
0.0
  0
ENDBLK
  5
4FF
330
4F7
100
AcDbEntity
  8
0
100
AcDbBlockEnd
  0
BLOCK
  5
502
330
501
100
AcDbEntity
  8
0
100
AcDbBlockBegin
  2
*U30
 70
     1
 10
0.0
 20
0.0
 30
0.0
  3
*U30
  1

  0
LINE
  5
503
330
501
100
AcDbEntity
  8
Smart Centers
  6
Continuous
 62
     0
440
 16777216
 48
0.75
100
AcDbLine
 10
-0.892969
 20
0.0
 30
0.0
 11
0.892969
 21
0.0
 31
0.0
  0
LINE
  5
504
330
501
100
AcDbEntity
  8
Smart Centers
  6
Continuous
 62
     0
440
 16777216
 48
0.75
100
AcDbLine
 10
0.0
 20
-0.892969
 30
0.0
 11
0.0
 21
0.892969
 31
0.0
  0
LINE
  5
505
330
501
100
AcDbEntity
  8
Smart Centers
 62
     0
440
 16777216
 48
0.75
100
AcDbLine
 10
-8.0
 20
0.0
 30
0.0
 11
-2.678906
 21
0.0
 31
0.0
  0
LINE
  5
506
330
501
100
AcDbEntity
  8
Smart Centers
 62
     0
440
 16777216
 48
0.75
100
AcDbLine
 10
2.678906
 20
0.0
 30
0.0
 11
8.0
 21
0.0
 31
0.0
  0
LINE
  5
507
330
501
100
AcDbEntity
  8
Smart Centers
 62
     0
440
 16777216
 48
0.75
100
AcDbLine
 10
0.0
 20
-8.0
 30
0.0
 11
0.0
 21
-2.678906
 31
0.0
  0
LINE
  5
508
330
501
100
AcDbEntity
  8
Smart Centers
 62
     0
440
 16777216
 48
0.75
100
AcDbLine
 10
0.0
 20
2.678906
 30
0.0
 11
0.0
 21
8.0
 31
0.0
  0
ENDBLK
  5
509
330
501
100
AcDbEntity
  8
0
100
AcDbBlockEnd
  0
BLOCK
  5
50C
330
50B
100
AcDbEntity
  8
0
100
AcDbBlockBegin
  2
*U31
 70
     1
 10
0.0
 20
0.0
 30
0.0
  3
*U31
  1

  0
LINE
  5
50D
330
50B
100
AcDbEntity
  8
Smart Centers
  6
Continuous
 62
     0
440
 16777216
 48
0.75
100
AcDbLine
 10
-0.892969
 20
0.0
 30
0.0
 11
0.892969
 21
0.0
 31
0.0
  0
LINE
  5
50E
330
50B
100
AcDbEntity
  8
Smart Centers
  6
Continuous
 62
     0
440
 16777216
 48
0.75
100
AcDbLine
 10
0.0
 20
-0.892969
 30
0.0
 11
0.0
 21
0.892969
 31
0.0
  0
LINE
  5
50F
330
50B
100
AcDbEntity
  8
Smart Centers
 62
     0
440
 16777216
 48
0.75
100
AcDbLine
 10
-29.55
 20
0.0
 30
0.0
 11
-2.678906
 21
0.0
 31
0.0
  0
LINE
  5
510
330
50B
100
AcDbEntity
  8
Smart Centers
 62
     0
440
 16777216
 48
0.75
100
AcDbLine
 10
2.678906
 20
0.0
 30
0.0
 11
29.55
 21
0.0
 31
0.0
  0
LINE
  5
511
330
50B
100
AcDbEntity
  8
Smart Centers
 62
     0
440
 16777216
 48
0.75
100
AcDbLine
 10
0.0
 20
-29.55
 30
0.0
 11
0.0
 21
-2.678906
 31
0.0
  0
LINE
  5
512
330
50B
100
AcDbEntity
  8
Smart Centers
 62
     0
440
 16777216
 48
0.75
100
AcDbLine
 10
0.0
 20
2.678906
 30
0.0
 11
0.0
 21
29.55
 31
0.0
  0
ENDBLK
  5
513
330
50B
100
AcDbEntity
  8
0
100
AcDbBlockEnd
  0
BLOCK
  5
516
330
515
100
AcDbEntity
  8
0
100
AcDbBlockBegin
  2
*U32
 70
     1
 10
0.0
 20
0.0
 30
0.0
  3
*U32
  1

  0
LINE
  5
517
330
515
100
AcDbEntity
  8
Smart Centers
  6
Continuous
 62
     0
440
 16777216
 48
0.75
100
AcDbLine
 10
-0.892969
 20
0.0
 30
0.0
 11
0.892969
 21
0.0
 31
0.0
  0
LINE
  5
518
330
515
100
AcDbEntity
  8
Smart Centers
  6
Continuous
 62
     0
440
 16777216
 48
0.75
100
AcDbLine
 10
0.0
 20
-0.892969
 30
0.0
 11
0.0
 21
0.892969
 31
0.0
  0
LINE
  5
519
330
515
100
AcDbEntity
  8
Smart Centers
 62
     0
440
 16777216
 48
0.75
100
AcDbLine
 10
-9.5
 20
0.0
 30
0.0
 11
-2.678906
 21
0.0
 31
0.0
  0
LINE
  5
51A
330
515
100
AcDbEntity
  8
Smart Centers
 62
     0
440
 16777216
 48
0.75
100
AcDbLine
 10
2.678906
 20
0.0
 30
0.0
 11
9.5
 21
0.0
 31
0.0
  0
LINE
  5
51B
330
515
100
AcDbEntity
  8
Smart Centers
 62
     0
440
 16777216
 48
0.75
100
AcDbLine
 10
0.0
 20
-9.5
 30
0.0
 11
0.0
 21
-2.678906
 31
0.0
  0
LINE
  5
51C
330
515
100
AcDbEntity
  8
Smart Centers
 62
     0
440
 16777216
 48
0.75
100
AcDbLine
 10
0.0
 20
2.678906
 30
0.0
 11
0.0
 21
9.5
 31
0.0
  0
ENDBLK
  5
51D
330
515
100
AcDbEntity
  8
0
100
AcDbBlockEnd
  0
BLOCK
  5
520
330
51F
100
AcDbEntity
  8
0
100
AcDbBlockBegin
  2
*U33
 70
     1
 10
0.0
 20
0.0
 30
0.0
  3
*U33
  1

  0
LINE
  5
521
330
51F
100
AcDbEntity
  8
Smart Centers
  6
Continuous
 62
     0
440
 16777216
 48
0.75
100
AcDbLine
 10
-0.892969
 20
0.0
 30
0.0
 11
0.892969
 21
0.0
 31
0.0
  0
LINE
  5
522
330
51F
100
AcDbEntity
  8
Smart Centers
  6
Continuous
 62
     0
440
 16777216
 48
0.75
100
AcDbLine
 10
0.0
 20
-0.892969
 30
0.0
 11
0.0
 21
0.892969
 31
0.0
  0
LINE
  5
523
330
51F
100
AcDbEntity
  8
Smart Centers
 62
     0
440
 16777216
 48
0.75
100
AcDbLine
 10
-9.5
 20
0.0
 30
0.0
 11
-2.678906
 21
0.0
 31
0.0
  0
LINE
  5
524
330
51F
100
AcDbEntity
  8
Smart Centers
 62
     0
440
 16777216
 48
0.75
100
AcDbLine
 10
2.678906
 20
0.0
 30
0.0
 11
9.5
 21
0.0
 31
0.0
  0
LINE
  5
525
330
51F
100
AcDbEntity
  8
Smart Centers
 62
     0
440
 16777216
 48
0.75
100
AcDbLine
 10
0.0
 20
-9.5
 30
0.0
 11
0.0
 21
-2.678906
 31
0.0
  0
LINE
  5
526
330
51F
100
AcDbEntity
  8
Smart Centers
 62
     0
440
 16777216
 48
0.75
100
AcDbLine
 10
0.0
 20
2.678906
 30
0.0
 11
0.0
 21
9.5
 31
0.0
  0
ENDBLK
  5
527
330
51F
100
AcDbEntity
  8
0
100
AcDbBlockEnd
  0
BLOCK
  5
52A
330
529
100
AcDbEntity
  8
0
100
AcDbBlockBegin
  2
*U34
 70
     1
 10
0.0
 20
0.0
 30
0.0
  3
*U34
  1

  0
LINE
  5
52B
330
529
100
AcDbEntity
  8
Smart Centers
  6
Continuous
 62
     0
440
 16777216
 48
0.75
100
AcDbLine
 10
-0.892969
 20
0.0
 30
0.0
 11
0.892969
 21
0.0
 31
0.0
  0
LINE
  5
52C
330
529
100
AcDbEntity
  8
Smart Centers
  6
Continuous
 62
     0
440
 16777216
 48
0.75
100
AcDbLine
 10
0.0
 20
-0.892969
 30
0.0
 11
0.0
 21
0.892969
 31
0.0
  0
LINE
  5
52D
330
529
100
AcDbEntity
  8
Smart Centers
 62
     0
440
 16777216
 48
0.75
100
AcDbLine
 10
-9.5
 20
0.0
 30
0.0
 11
-2.678906
 21
0.0
 31
0.0
  0
LINE
  5
52E
330
529
100
AcDbEntity
  8
Smart Centers
 62
     0
440
 16777216
 48
0.75
100
AcDbLine
 10
2.678906
 20
0.0
 30
0.0
 11
9.5
 21
0.0
 31
0.0
  0
LINE
  5
52F
330
529
100
AcDbEntity
  8
Smart Centers
 62
     0
440
 16777216
 48
0.75
100
AcDbLine
 10
0.0
 20
-9.5
 30
0.0
 11
0.0
 21
-2.678906
 31
0.0
  0
LINE
  5
530
330
529
100
AcDbEntity
  8
Smart Centers
 62
     0
440
 16777216
 48
0.75
100
AcDbLine
 10
0.0
 20
2.678906
 30
0.0
 11
0.0
 21
9.5
 31
0.0
  0
ENDBLK
  5
531
330
529
100
AcDbEntity
  8
0
100
AcDbBlockEnd
  0
BLOCK
  5
534
330
533
100
AcDbEntity
  8
0
100
AcDbBlockBegin
  2
*D35
 70
     1
 10
0.0
 20
0.0
 30
0.0
  3
*D35
  1

  0
LINE
  5
535
330
533
100
AcDbEntity
  8
FD_Dimensions
 62
     0
440
 16777216
370
    -2
100
AcDbLine
 10
237.962912
 20
252.9233
 30
0.0
 11
244.414895
 21
238.775745
 31
0.0
  0
LINE
  5
536
330
533
100
AcDbEntity
  8
FD_Dimensions
 62
     0
440
 16777216
370
    -2
100
AcDbLine
 10
248.979198
 20
228.767391
 30
0.0
 11
250.431476
 21
225.582915
 31
0.0
  0
MTEXT
  5
537
330
533
100
AcDbEntity
  8
FD_Dimensions
 62
     0
440
 16777216
100
AcDbMText
 10
242.795649
 20
250.24295
 30
0.0
 40
3.5
 41
0.0
 46
0.0
 71
     5
 72
     1
  1
∅4
 11
0.414937
 21
-0.90985
 31
0.0
 73
     1
 44
1.0
  0
LINE
  5
538
330
533
100
AcDbEntity
  8
FD_Dimensions
 62
     0
440
 16777216
370
    -2
100
AcDbLine
 10
247.52692
 20
231.951868
 30
0.0
 11
245.867174
 21
235.591269
 31
0.0
  0
SOLID
  5
539
330
533
100
AcDbEntity
  8
FD_Dimensions
 62
     0
440
 16777216
100
AcDbTrace
 10
249.509944
 20
229.009438
 30
0.0
 11
248.448452
 21
228.525345
 31
0.0
 12
247.52692
 22
231.951868
 32
0.0
 13
247.52692
 23
231.951868
 33
0.0
  0
SOLID
  5
53A
330
533
100
AcDbEntity
  8
FD_Dimensions
 62
     0
440
 16777216
100
AcDbTrace
 10
244.945641
 20
239.017791
 30
0.0
 11
243.884149
 21
238.533699
 31
0.0
 12
245.867174
 22
235.591269
 32
0.0
 13
245.867174
 23
235.591269
 33
0.0
  0
POINT
  5
53B
330
533
100
AcDbEntity
  8
Defpoints
 62
     0
440
 16777216
100
AcDbPoint
 10
245.867174
 20
235.591269
 30
0.0
  0
POINT
  5
53C
330
533
100
AcDbEntity
  8
Defpoints
 62
     0
440
 16777216
100
AcDbPoint
 10
247.52692
 20
231.951868
 30
0.0
  0
ENDBLK
  5
53D
330
533
100
AcDbEntity
  8
0
100
AcDbBlockEnd
  0
BLOCK
  5
540
330
53F
100
AcDbEntity
  8
0
100
AcDbBlockBegin
  2
*D36
 70
     1
 10
0.0
 20
0.0
 30
0.0
  3
*D36
  1

  0
LINE
  5
541
330
53F
100
AcDbEntity
  8
FD_Dimensions
 62
     0
440
 16777216
370
    -2
100
AcDbLine
 10
222.759493
 20
243.135806
 30
0.0
 11
239.246827
 21
236.686053
 31
0.0
  0
LINE
  5
542
330
53F
100
AcDbEntity
  8
FD_Dimensions
 62
     0
440
 16777216
370
    -2
100
AcDbLine
 10
254.147267
 20
230.857084
 30
0.0
 11
257.406738
 21
229.581997
 31
0.0
  0
MTEXT
  5
543
330
53F
100
AcDbEntity
  8
FD_Dimensions
 62
     0
440
 16777216
100
AcDbMText
 10
228.104814
 20
244.572041
 30
0.0
 40
3.5
 41
0.0
 46
0.0
 71
     5
 72
     1
  1
∅9
 11
0.931278
 21
-0.364311
 31
0.0
 73
     1
 44
1.0
  0
LINE
  5
544
330
53F
100
AcDbEntity
  8
FD_Dimensions
 62
     0
440
 16777216
370
    -2
100
AcDbLine
 10
250.887796
 20
232.132171
 30
0.0
 11
242.506298
 21
235.410966
 31
0.0
  0
SOLID
  5
545
330
53F
100
AcDbEntity
  8
FD_Dimensions
 62
     0
440
 16777216
100
AcDbTrace
 10
254.359781
 20
231.400329
 30
0.0
 11
253.934752
 21
230.313838
 31
0.0
 12
250.887796
 22
232.132171
 32
0.0
 13
250.887796
 23
232.132171
 33
0.0
  0
SOLID
  5
546
330
53F
100
AcDbEntity
  8
FD_Dimensions
 62
     0
440
 16777216
100
AcDbTrace
 10
239.459341
 20
237.229298
 30
0.0
 11
239.034312
 21
236.142808
 31
0.0
 12
242.506298
 22
235.410966
 32
0.0
 13
242.506298
 23
235.410966
 33
0.0
  0
POINT
  5
547
330
53F
100
AcDbEntity
  8
Defpoints
 62
     0
440
 16777216
100
AcDbPoint
 10
242.506298
 20
235.410966
 30
0.0
  0
POINT
  5
548
330
53F
100
AcDbEntity
  8
Defpoints
 62
     0
440
 16777216
100
AcDbPoint
 10
250.887796
 20
232.132171
 30
0.0
  0
ENDBLK
  5
549
330
53F
100
AcDbEntity
  8
0
100
AcDbBlockEnd
  0
BLOCK
  5
54C
330
54B
100
AcDbEntity
  8
0
100
AcDbBlockBegin
  2
*D37
 70
     1
 10
0.0
 20
0.0
 30
0.0
  3
*D37
  1

  0
LINE
  5
54D
330
54B
100
AcDbEntity
  8
FD_Dimensions
 62
     0
440
 16777216
370
    -2
100
AcDbLine
 10
246.697047
 20
235.871568
 30
0.0
 11
246.697047
 21
248.087731
 31
0.0
  0
LINE
  5
54E
330
54B
100
AcDbEntity
  8
FD_Dimensions
 62
     0
440
 16777216
370
    -2
100
AcDbLine
 10
266.697047
 20
235.871568
 30
0.0
 11
266.697047
 21
248.087731
 31
0.0
  0
LINE
  5
54F
330
54B
100
AcDbEntity
  8
FD_Dimensions
 62
     0
440
 16777216
370
    -2
100
AcDbLine
 10
250.197047
 20
245.987731
 30
0.0
 11
263.197047
 21
245.987731
 31
0.0
  0
SOLID
  5
550
330
54B
100
AcDbEntity
  8
FD_Dimensions
 62
     0
440
 16777216
100
AcDbTrace
 10
250.197047
 20
246.571064
 30
0.0
 11
250.197047
 21
245.404397
 31
0.0
 12
246.697047
 22
245.987731
 32
0.0
 13
246.697047
 23
245.987731
 33
0.0
  0
SOLID
  5
551
330
54B
100
AcDbEntity
  8
FD_Dimensions
 62
     0
440
 16777216
100
AcDbTrace
 10
263.197047
 20
246.571064
 30
0.0
 11
263.197047
 21
245.404397
 31
0.0
 12
266.697047
 22
245.987731
 32
0.0
 13
266.697047
 23
245.987731
 33
0.0
  0
MTEXT
  5
552
330
54B
100
AcDbEntity
  8
FD_Dimensions
 62
     0
440
 16777216
100
AcDbMText
 10
256.697047
 20
249.174736
 30
0.0
 40
3.5
 41
0.0
 46
0.0
 71
     5
 72
     1
  1
20
 73
     1
 44
1.0
  0
POINT
  5
553
330
54B
100
AcDbEntity
  8
Defpoints
 62
     0
440
 16777216
100
AcDbPoint
 10
246.697047
 20
233.771568
 30
0.0
  0
POINT
  5
554
330
54B
100
AcDbEntity
  8
Defpoints
 62
     0
440
 16777216
100
AcDbPoint
 10
266.697047
 20
233.771568
 30
0.0
  0
POINT
  5
555
330
54B
100
AcDbEntity
  8
Defpoints
 62
     0
440
 16777216
100
AcDbPoint
 10
266.697047
 20
245.987731
 30
0.0
  0
ENDBLK
  5
556
330
54B
100
AcDbEntity
  8
0
100
AcDbBlockEnd
  0
BLOCK
  5
559
330
558
100
AcDbEntity
  8
0
100
AcDbBlockBegin
  2
*D38
 70
     1
 10
0.0
 20
0.0
 30
0.0
  3
*D38
  1

  0
LINE
  5
55A
330
558
100
AcDbEntity
  8
FD_Dimensions
 62
     0
440
 16777216
370
    -2
100
AcDbLine
 10
235.697047
 20
242.871568
 30
0.0
 11
235.697047
 21
257.402023
 31
0.0
  0
LINE
  5
55B
330
558
100
AcDbEntity
  8
FD_Dimensions
 62
     0
440
 16777216
370
    -2
100
AcDbLine
 10
277.697047
 20
242.871568
 30
0.0
 11
277.697047
 21
257.402023
 31
0.0
  0
LINE
  5
55C
330
558
100
AcDbEntity
  8
FD_Dimensions
 62
     0
440
 16777216
370
    -2
100
AcDbLine
 10
239.197047
 20
255.302023
 30
0.0
 11
274.197047
 21
255.302023
 31
0.0
  0
SOLID
  5
55D
330
558
100
AcDbEntity
  8
FD_Dimensions
 62
     0
440
 16777216
100
AcDbTrace
 10
239.197047
 20
255.885357
 30
0.0
 11
239.197047
 21
254.71869
 31
0.0
 12
235.697047
 22
255.302023
 32
0.0
 13
235.697047
 23
255.302023
 33
0.0
  0
SOLID
  5
55E
330
558
100
AcDbEntity
  8
FD_Dimensions
 62
     0
440
 16777216
100
AcDbTrace
 10
274.197047
 20
255.885357
 30
0.0
 11
274.197047
 21
254.71869
 31
0.0
 12
277.697047
 22
255.302023
 32
0.0
 13
277.697047
 23
255.302023
 33
0.0
  0
MTEXT
  5
55F
330
558
100
AcDbEntity
  8
FD_Dimensions
 62
     0
440
 16777216
100
AcDbMText
 10
256.697047
 20
258.459186
 30
0.0
 40
3.5
 41
0.0
 46
0.0
 71
     5
 72
     1
  1
42
 73
     1
 44
1.0
  0
POINT
  5
560
330
558
100
AcDbEntity
  8
Defpoints
 62
     0
440
 16777216
100
AcDbPoint
 10
235.697047
 20
240.771568
 30
0.0
  0
POINT
  5
561
330
558
100
AcDbEntity
  8
Defpoints
 62
     0
440
 16777216
100
AcDbPoint
 10
277.697047
 20
240.771568
 30
0.0
  0
POINT
  5
562
330
558
100
AcDbEntity
  8
Defpoints
 62
     0
440
 16777216
100
AcDbPoint
 10
277.697047
 20
255.302023
 30
0.0
  0
ENDBLK
  5
563
330
558
100
AcDbEntity
  8
0
100
AcDbBlockEnd
  0
BLOCK
  5
566
330
565
100
AcDbEntity
  8
0
100
AcDbBlockBegin
  2
*D39
 70
     1
 10
0.0
 20
0.0
 30
0.0
  3
*D39
  1

  0
LINE
  5
567
330
565
100
AcDbEntity
  8
FD_Dimensions
 62
     0
440
 16777216
370
    -2
100
AcDbLine
 10
257.754047
 20
237.255799
 30
0.0
 11
307.794835
 21
237.255799
 31
0.0
  0
LINE
  5
568
330
565
100
AcDbEntity
  8
FD_Dimensions
 62
     0
440
 16777216
370
    -2
100
AcDbLine
 10
257.580718
 20
168.293016
 30
0.0
 11
307.794835
 21
168.293016
 31
0.0
  0
LINE
  5
569
330
565
100
AcDbEntity
  8
FD_Dimensions
 62
     0
440
 16777216
370
    -2
100
AcDbLine
 10
305.694835
 20
233.755799
 30
0.0
 11
305.694835
 21
171.793016
 31
0.0
  0
SOLID
  5
56A
330
565
100
AcDbEntity
  8
FD_Dimensions
 62
     0
440
 16777216
100
AcDbTrace
 10
305.111502
 20
233.755799
 30
0.0
 11
306.278168
 21
233.755799
 31
0.0
 12
305.694835
 22
237.255799
 32
0.0
 13
305.694835
 23
237.255799
 33
0.0
  0
SOLID
  5
56B
330
565
100
AcDbEntity
  8
FD_Dimensions
 62
     0
440
 16777216
100
AcDbTrace
 10
305.111502
 20
171.793016
 30
0.0
 11
306.278168
 21
171.793016
 31
0.0
 12
305.694835
 22
168.293016
 32
0.0
 13
305.694835
 23
168.293016
 33
0.0
  0
MTEXT
  5
56C
330
565
100
AcDbEntity
  8
FD_Dimensions
 62
     0
440
 16777216
100
AcDbMText
 10
302.50783
 20
202.774407
 30
0.0
 40
3.5
 41
0.0
 46
0.0
 71
     5
 72
     1
  1
69
 11
0.0
 21
1.0
 31
0.0
 73
     1
 44
1.0
  0
POINT
  5
56D
330
565
100
AcDbEntity
  8
Defpoints
 62
     0
440
 16777216
100
AcDbPoint
 10
255.654047
 20
237.255799
 30
0.0
  0
POINT
  5
56E
330
565
100
AcDbEntity
  8
Defpoints
 62
     0
440
 16777216
100
AcDbPoint
 10
255.480718
 20
168.293016
 30
0.0
  0
POINT
  5
56F
330
565
100
AcDbEntity
  8
Defpoints
 62
     0
440
 16777216
100
AcDbPoint
 10
305.694835
 20
168.293016
 30
0.0
  0
ENDBLK
  5
570
330
565
100
AcDbEntity
  8
0
100
AcDbBlockEnd
  0
BLOCK
  5
573
330
572
100
AcDbEntity
  8
0
100
AcDbBlockBegin
  2
*D40
 70
     1
 10
0.0
 20
0.0
 30
0.0
  3
*D40
  1

  0
LINE
  5
574
330
572
100
AcDbEntity
  8
FD_Dimensions
 62
     0
440
 16777216
370
    -2
100
AcDbLine
 10
258.797047
 20
202.771568
 30
0.0
 11
297.797047
 21
202.771568
 31
0.0
  0
LINE
  5
575
330
572
100
AcDbEntity
  8
FD_Dimensions
 62
     0
440
 16777216
370
    -2
100
AcDbLine
 10
276.797047
 20
243.771568
 30
0.0
 11
297.797047
 21
243.771568
 31
0.0
  0
LINE
  5
576
330
572
100
AcDbEntity
  8
FD_Dimensions
 62
     0
440
 16777216
370
    -2
100
AcDbLine
 10
295.697047
 20
206.271568
 30
0.0
 11
295.697047
 21
240.271568
 31
0.0
  0
SOLID
  5
577
330
572
100
AcDbEntity
  8
FD_Dimensions
 62
     0
440
 16777216
100
AcDbTrace
 10
295.113714
 20
206.271568
 30
0.0
 11
296.28038
 21
206.271568
 31
0.0
 12
295.697047
 22
202.771568
 32
0.0
 13
295.697047
 23
202.771568
 33
0.0
  0
SOLID
  5
578
330
572
100
AcDbEntity
  8
FD_Dimensions
 62
     0
440
 16777216
100
AcDbTrace
 10
295.113714
 20
240.271568
 30
0.0
 11
296.28038
 21
240.271568
 31
0.0
 12
295.697047
 22
243.771568
 32
0.0
 13
295.697047
 23
243.771568
 33
0.0
  0
MTEXT
  5
579
330
572
100
AcDbEntity
  8
FD_Dimensions
 62
     0
440
 16777216
100
AcDbMText
 10
292.539885
 20
223.271568
 30
0.0
 40
3.5
 41
0.0
 46
0.0
 71
     5
 72
     1
  1
41
 11
0.0
 21
1.0
 31
0.0
 73
     1
 44
1.0
  0
POINT
  5
57A
330
572
100
AcDbEntity
  8
Defpoints
 62
     0
440
 16777216
100
AcDbPoint
 10
256.697047
 20
202.771568
 30
0.0
  0
POINT
  5
57B
330
572
100
AcDbEntity
  8
Defpoints
 62
     0
440
 16777216
100
AcDbPoint
 10
274.697047
 20
243.771568
 30
0.0
  0
POINT
  5
57C
330
572
100
AcDbEntity
  8
Defpoints
 62
     0
440
 16777216
100
AcDbPoint
 10
295.697047
 20
243.771568
 30
0.0
  0
ENDBLK
  5
57D
330
572
100
AcDbEntity
  8
0
100
AcDbBlockEnd
  0
BLOCK
  5
580
330
57F
100
AcDbEntity
  8
0
100
AcDbBlockBegin
  2
*D41
 70
     1
 10
0.0
 20
0.0
 30
0.0
  3
*D41
  1

  0
LINE
  5
581
330
57F
100
AcDbEntity
  8
FD_Dimensions
 62
     0
440
 16777216
370
    -2
100
AcDbLine
 10
268.797047
 20
233.771568
 30
0.0
 11
292.562935
 21
233.771568
 31
0.0
  0
LINE
  5
582
330
57F
100
AcDbEntity
  8
FD_Dimensions
 62
     0
440
 16777216
370
    -2
100
AcDbLine
 10
276.797047
 20
243.771568
 30
0.0
 11
292.562935
 21
243.771568
 31
0.0
  0
LINE
  5
583
330
57F
100
AcDbEntity
  8
FD_Dimensions
 62
     0
440
 16777216
370
    -2
100
AcDbLine
 10
290.462935
 20
237.271568
 30
0.0
 11
290.462935
 21
240.271568
 31
0.0
  0
LINE
  5
584
330
57F
100
AcDbEntity
  8
FD_Dimensions
 62
     0
440
 16777216
370
    -2
100
AcDbLine
 10
290.462935
 20
243.771568
 30
0.0
 11
290.462935
 21
254.743806
 31
0.0
  0
SOLID
  5
585
330
57F
100
AcDbEntity
  8
FD_Dimensions
 62
     0
440
 16777216
100
AcDbTrace
 10
289.879602
 20
237.271568
 30
0.0
 11
291.046268
 21
237.271568
 31
0.0
 12
290.462935
 22
233.771568
 32
0.0
 13
290.462935
 23
233.771568
 33
0.0
  0
SOLID
  5
586
330
57F
100
AcDbEntity
  8
FD_Dimensions
 62
     0
440
 16777216
100
AcDbTrace
 10
289.879602
 20
240.271568
 30
0.0
 11
291.046268
 21
240.271568
 31
0.0
 12
290.462935
 22
243.771568
 32
0.0
 13
290.462935
 23
243.771568
 33
0.0
  0
MTEXT
  5
587
330
57F
100
AcDbEntity
  8
FD_Dimensions
 62
     0
440
 16777216
100
AcDbMText
 10
287.27593
 20
251.007687
 30
0.0
 40
3.5
 41
0.0
 46
0.0
 71
     5
 72
     1
  1
10
 11
0.0
 21
1.0
 31
0.0
 73
     1
 44
1.0
  0
POINT
  5
588
330
57F
100
AcDbEntity
  8
Defpoints
 62
     0
440
 16777216
100
AcDbPoint
 10
266.697047
 20
233.771568
 30
0.0
  0
POINT
  5
589
330
57F
100
AcDbEntity
  8
Defpoints
 62
     0
440
 16777216
100
AcDbPoint
 10
274.697047
 20
243.771568
 30
0.0
  0
POINT
  5
58A
330
57F
100
AcDbEntity
  8
Defpoints
 62
     0
440
 16777216
100
AcDbPoint
 10
290.462935
 20
243.771568
 30
0.0
  0
ENDBLK
  5
58B
330
57F
100
AcDbEntity
  8
0
100
AcDbBlockEnd
  0
BLOCK
  5
58F
330
58E
100
AcDbEntity
  8
0
100
AcDbBlockBegin
  2
*D42
 70
     1
 10
0.0
 20
0.0
 30
0.0
  3
*D42
  1

  0
LINE
  5
B98
330
58E
100
AcDbEntity
  8
FD_Dimensions
 62
     0
440
 16777216
370
    -2
100
AcDbLine
 10
89.118198
 20
166.614701
 30
0.0
 11
89.115673
 21
159.788633
 31
0.0
  0
LINE
  5
B99
330
58E
100
AcDbEntity
  8
FD_Dimensions
 62
     0
440
 16777216
370
    -2
100
AcDbLine
 10
104.118198
 20
166.609154
 30
0.0
 11
104.115673
 21
159.783086
 31
0.0
  0
LINE
  5
B9A
330
58E
100
AcDbEntity
  8
FD_Dimensions
 62
     0
440
 16777216
370
    -2
100
AcDbLine
 10
92.61645
 20
161.887339
 30
0.0
 11
100.61645
 21
161.88438
 31
0.0
  0
SOLID
  5
B9B
330
58E
100
AcDbEntity
  8
FD_Dimensions
 62
     0
440
 16777216
100
AcDbTrace
 10
92.616665
 20
162.470672
 30
0.0
 11
92.616234
 21
161.304005
 31
0.0
 12
89.11645
 22
161.888633
 32
0.0
 13
89.11645
 23
161.888633
 33
0.0
  0
SOLID
  5
B9C
330
58E
100
AcDbEntity
  8
FD_Dimensions
 62
     0
440
 16777216
100
AcDbTrace
 10
100.616666
 20
162.467714
 30
0.0
 11
100.616234
 21
161.301047
 31
0.0
 12
104.11645
 22
161.883086
 32
0.0
 13
104.11645
 23
161.883086
 33
0.0
  0
MTEXT
  5
B9D
330
58E
100
AcDbEntity
  8
FD_Dimensions
 62
     0
440
 16777216
100
AcDbMText
 10
96.617628
 20
165.072865
 30
0.0
 40
3.5
 41
0.0
 46
0.0
 71
     5
 72
     1
  1
15
 11
1.0
 21
-0.00037
 31
0.0
 73
     1
 44
1.0
  0
POINT
  5
B9E
330
58E
100
AcDbEntity
  8
Defpoints
 62
     0
440
 16777216
100
AcDbPoint
 10
89.118974
 20
168.7147
 30
0.0
  0
POINT
  5
B9F
330
58E
100
AcDbEntity
  8
Defpoints
 62
     0
440
 16777216
100
AcDbPoint
 10
104.118974
 20
168.709154
 30
0.0
  0
POINT
  5
BA0
330
58E
100
AcDbEntity
  8
Defpoints
 62
     0
440
 16777216
100
AcDbPoint
 10
104.11645
 20
161.883086
 30
0.0
  0
ENDBLK
  5
590
330
58E
100
AcDbEntity
  8
0
100
AcDbBlockEnd
  0
BLOCK
  5
59B
330
59A
100
AcDbEntity
  8
0
100
AcDbBlockBegin
  2
*D43
 70
     1
 10
0.0
 20
0.0
 30
0.0
  3
*D43
  1

  0
LINE
  5
BA1
330
59A
100
AcDbEntity
  8
FD_Dimensions
 62
     0
440
 16777216
370
    -2
100
AcDbLine
 10
87.118974
 20
169.09375
 30
0.0
 11
87.118974
 21
151.159408
 31
0.0
  0
LINE
  5
BA2
330
59A
100
AcDbEntity
  8
FD_Dimensions
 62
     0
440
 16777216
370
    -2
100
AcDbLine
 10
106.118974
 20
169.09375
 30
0.0
 11
106.118974
 21
151.159408
 31
0.0
  0
LINE
  5
BA3
330
59A
100
AcDbEntity
  8
FD_Dimensions
 62
     0
440
 16777216
370
    -2
100
AcDbLine
 10
90.618974
 20
153.259408
 30
0.0
 11
102.618974
 21
153.259408
 31
0.0
  0
SOLID
  5
BA4
330
59A
100
AcDbEntity
  8
FD_Dimensions
 62
     0
440
 16777216
100
AcDbTrace
 10
90.618974
 20
153.842741
 30
0.0
 11
90.618974
 21
152.676074
 31
0.0
 12
87.118974
 22
153.259408
 32
0.0
 13
87.118974
 23
153.259408
 33
0.0
  0
SOLID
  5
BA5
330
59A
100
AcDbEntity
  8
FD_Dimensions
 62
     0
440
 16777216
100
AcDbTrace
 10
102.618974
 20
153.842741
 30
0.0
 11
102.618974
 21
152.676074
 31
0.0
 12
106.118974
 22
153.259408
 32
0.0
 13
106.118974
 23
153.259408
 33
0.0
  0
MTEXT
  5
BA6
330
59A
100
AcDbEntity
  8
FD_Dimensions
 62
     0
440
 16777216
100
AcDbMText
 10
96.618974
 20
156.446413
 30
0.0
 40
3.5
 41
0.0
 46
0.0
 71
     5
 72
     1
  1
19
 73
     1
 44
1.0
  0
POINT
  5
BA7
330
59A
100
AcDbEntity
  8
Defpoints
 62
     0
440
 16777216
100
AcDbPoint
 10
87.118974
 20
171.19375
 30
0.0
  0
POINT
  5
BA8
330
59A
100
AcDbEntity
  8
Defpoints
 62
     0
440
 16777216
100
AcDbPoint
 10
106.118974
 20
171.19375
 30
0.0
  0
POINT
  5
BA9
330
59A
100
AcDbEntity
  8
Defpoints
 62
     0
440
 16777216
100
AcDbPoint
 10
106.118974
 20
153.259408
 30
0.0
  0
ENDBLK
  5
59C
330
59A
100
AcDbEntity
  8
0
100
AcDbBlockEnd
  0
BLOCK
  5
5A7
330
5A6
100
AcDbEntity
  8
0
100
AcDbBlockBegin
  2
*D44
 70
     1
 10
0.0
 20
0.0
 30
0.0
  3
*D44
  1

  0
LINE
  5
BAA
330
5A6
100
AcDbEntity
  8
FD_Dimensions
 62
     0
440
 16777216
370
    -2
100
AcDbLine
 10
87.118974
 20
169.09375
 30
0.0
 11
87.118974
 21
137.59375
 31
0.0
  0
LINE
  5
BAB
330
5A6
100
AcDbEntity
  8
FD_Dimensions
 62
     0
440
 16777216
370
    -2
100
AcDbLine
 10
121.118974
 20
180.09375
 30
0.0
 11
121.118974
 21
137.59375
 31
0.0
  0
LINE
  5
BAC
330
5A6
100
AcDbEntity
  8
FD_Dimensions
 62
     0
440
 16777216
370
    -2
100
AcDbLine
 10
90.618974
 20
139.69375
 30
0.0
 11
117.618974
 21
139.69375
 31
0.0
  0
SOLID
  5
BAD
330
5A6
100
AcDbEntity
  8
FD_Dimensions
 62
     0
440
 16777216
100
AcDbTrace
 10
90.618974
 20
140.277083
 30
0.0
 11
90.618974
 21
139.110416
 31
0.0
 12
87.118974
 22
139.69375
 32
0.0
 13
87.118974
 23
139.69375
 33
0.0
  0
SOLID
  5
BAE
330
5A6
100
AcDbEntity
  8
FD_Dimensions
 62
     0
440
 16777216
100
AcDbTrace
 10
117.618974
 20
140.277083
 30
0.0
 11
117.618974
 21
139.110416
 31
0.0
 12
121.118974
 22
139.69375
 32
0.0
 13
121.118974
 23
139.69375
 33
0.0
  0
MTEXT
  5
BAF
330
5A6
100
AcDbEntity
  8
FD_Dimensions
 62
     0
440
 16777216
100
AcDbMText
 10
104.118974
 20
142.881949
 30
0.0
 40
3.5
 41
0.0
 46
0.0
 71
     5
 72
     1
  1
34
 73
     1
 44
1.0
  0
POINT
  5
BB0
330
5A6
100
AcDbEntity
  8
Defpoints
 62
     0
440
 16777216
100
AcDbPoint
 10
87.118974
 20
171.19375
 30
0.0
  0
POINT
  5
BB1
330
5A6
100
AcDbEntity
  8
Defpoints
 62
     0
440
 16777216
100
AcDbPoint
 10
121.118974
 20
182.19375
 30
0.0
  0
POINT
  5
BB2
330
5A6
100
AcDbEntity
  8
Defpoints
 62
     0
440
 16777216
100
AcDbPoint
 10
121.118974
 20
139.69375
 30
0.0
  0
ENDBLK
  5
5A8
330
5A6
100
AcDbEntity
  8
0
100
AcDbBlockEnd
  0
BLOCK
  5
5B3
330
5B2
100
AcDbEntity
  8
0
100
AcDbBlockBegin
  2
*D45
 70
     1
 10
0.0
 20
0.0
 30
0.0
  3
*D45
  1

  0
LINE
  5
BB3
330
5B2
100
AcDbEntity
  8
FD_Dimensions
 62
     0
440
 16777216
370
    -2
100
AcDbLine
 10
111.118974
 20
180.09375
 30
0.0
 11
111.118974
 21
160.448366
 31
0.0
  0
LINE
  5
BB4
330
5B2
100
AcDbEntity
  8
FD_Dimensions
 62
     0
440
 16777216
370
    -2
100
AcDbLine
 10
121.118974
 20
180.09375
 30
0.0
 11
121.118974
 21
160.448366
 31
0.0
  0
LINE
  5
BB5
330
5B2
100
AcDbEntity
  8
FD_Dimensions
 62
     0
440
 16777216
370
    -2
100
AcDbLine
 10
114.618974
 20
162.548366
 30
0.0
 11
117.618974
 21
162.548366
 31
0.0
  0
SOLID
  5
BB6
330
5B2
100
AcDbEntity
  8
FD_Dimensions
 62
     0
440
 16777216
100
AcDbTrace
 10
114.618974
 20
163.131699
 30
0.0
 11
114.618974
 21
161.965033
 31
0.0
 12
111.118974
 22
162.548366
 32
0.0
 13
111.118974
 23
162.548366
 33
0.0
  0
SOLID
  5
BB7
330
5B2
100
AcDbEntity
  8
FD_Dimensions
 62
     0
440
 16777216
100
AcDbTrace
 10
117.618974
 20
163.131699
 30
0.0
 11
117.618974
 21
161.965033
 31
0.0
 12
121.118974
 22
162.548366
 32
0.0
 13
121.118974
 23
162.548366
 33
0.0
  0
MTEXT
  5
BB8
330
5B2
100
AcDbEntity
  8
FD_Dimensions
 62
     0
440
 16777216
100
AcDbMText
 10
116.118974
 20
165.735371
 30
0.0
 40
3.5
 41
0.0
 46
0.0
 71
     5
 72
     1
  1
10
 73
     1
 44
1.0
  0
POINT
  5
BB9
330
5B2
100
AcDbEntity
  8
Defpoints
 62
     0
440
 16777216
100
AcDbPoint
 10
111.118974
 20
182.19375
 30
0.0
  0
POINT
  5
BBA
330
5B2
100
AcDbEntity
  8
Defpoints
 62
     0
440
 16777216
100
AcDbPoint
 10
121.118974
 20
182.19375
 30
0.0
  0
POINT
  5
BBB
330
5B2
100
AcDbEntity
  8
Defpoints
 62
     0
440
 16777216
100
AcDbPoint
 10
121.118974
 20
162.548366
 30
0.0
  0
ENDBLK
  5
5B4
330
5B2
100
AcDbEntity
  8
0
100
AcDbBlockEnd
  0
BLOCK
  5
5BF
330
5BE
100
AcDbEntity
  8
0
100
AcDbBlockBegin
  2
*D46
 70
     1
 10
0.0
 20
0.0
 30
0.0
  3
*D46
  1

  0
LINE
  5
BBC
330
5BE
100
AcDbEntity
  8
FD_Dimensions
 62
     0
440
 16777216
370
    -2
100
AcDbLine
 10
121.118974
 20
180.09375
 30
0.0
 11
121.118974
 21
148.59375
 31
0.0
  0
LINE
  5
BBD
330
5BE
100
AcDbEntity
  8
FD_Dimensions
 62
     0
440
 16777216
370
    -2
100
AcDbLine
 10
173.618974
 20
180.925458
 30
0.0
 11
173.618974
 21
148.59375
 31
0.0
  0
LINE
  5
BBE
330
5BE
100
AcDbEntity
  8
FD_Dimensions
 62
     0
440
 16777216
370
    -2
100
AcDbLine
 10
124.618974
 20
150.69375
 30
0.0
 11
170.118974
 21
150.69375
 31
0.0
  0
SOLID
  5
BBF
330
5BE
100
AcDbEntity
  8
FD_Dimensions
 62
     0
440
 16777216
100
AcDbTrace
 10
124.618974
 20
151.277083
 30
0.0
 11
124.618974
 21
150.110416
 31
0.0
 12
121.118974
 22
150.69375
 32
0.0
 13
121.118974
 23
150.69375
 33
0.0
  0
SOLID
  5
BC0
330
5BE
100
AcDbEntity
  8
FD_Dimensions
 62
     0
440
 16777216
100
AcDbTrace
 10
170.118974
 20
151.277083
 30
0.0
 11
170.118974
 21
150.110416
 31
0.0
 12
173.618974
 22
150.69375
 32
0.0
 13
173.618974
 23
150.69375
 33
0.0
  0
MTEXT
  5
BC1
330
5BE
100
AcDbEntity
  8
FD_Dimensions
 62
     0
440
 16777216
100
AcDbMText
 10
147.368974
 20
153.880755
 30
0.0
 40
3.5
 41
0.0
 46
0.0
 71
     5
 72
     1
  1
52.5
 73
     1
 44
1.0
  0
POINT
  5
BC2
330
5BE
100
AcDbEntity
  8
Defpoints
 62
     0
440
 16777216
100
AcDbPoint
 10
121.118974
 20
182.19375
 30
0.0
  0
POINT
  5
BC3
330
5BE
100
AcDbEntity
  8
Defpoints
 62
     0
440
 16777216
100
AcDbPoint
 10
173.618974
 20
183.025458
 30
0.0
  0
POINT
  5
BC4
330
5BE
100
AcDbEntity
  8
Defpoints
 62
     0
440
 16777216
100
AcDbPoint
 10
173.618974
 20
150.69375
 30
0.0
  0
ENDBLK
  5
5C0
330
5BE
100
AcDbEntity
  8
0
100
AcDbBlockEnd
  0
BLOCK
  5
5CB
330
5CA
100
AcDbEntity
  8
0
100
AcDbBlockBegin
  2
*D47
 70
     1
 10
0.0
 20
0.0
 30
0.0
  3
*D47
  1

  0
LINE
  5
BC5
330
5CA
100
AcDbEntity
  8
FD_Dimensions
 62
     0
440
 16777216
370
    -2
100
AcDbLine
 10
174.956974
 20
182.19375
 30
0.0
 11
185.456974
 21
182.19375
 31
0.0
  0
LINE
  5
BC6
330
5CA
100
AcDbEntity
  8
FD_Dimensions
 62
     0
440
 16777216
370
    -2
100
AcDbLine
 10
174.956974
 20
224.19375
 30
0.0
 11
185.456974
 21
224.19375
 31
0.0
  0
LINE
  5
BC7
330
5CA
100
AcDbEntity
  8
FD_Dimensions
 62
     0
440
 16777216
370
    -2
100
AcDbLine
 10
183.356974
 20
185.69375
 30
0.0
 11
183.356974
 21
220.69375
 31
0.0
  0
SOLID
  5
BC8
330
5CA
100
AcDbEntity
  8
FD_Dimensions
 62
     0
440
 16777216
100
AcDbTrace
 10
182.773641
 20
185.69375
 30
0.0
 11
183.940307
 21
185.69375
 31
0.0
 12
183.356974
 22
182.19375
 32
0.0
 13
183.356974
 23
182.19375
 33
0.0
  0
SOLID
  5
BC9
330
5CA
100
AcDbEntity
  8
FD_Dimensions
 62
     0
440
 16777216
100
AcDbTrace
 10
182.773641
 20
220.69375
 30
0.0
 11
183.940307
 21
220.69375
 31
0.0
 12
183.356974
 22
224.19375
 32
0.0
 13
183.356974
 23
224.19375
 33
0.0
  0
MTEXT
  5
BCA
330
5CA
100
AcDbEntity
  8
FD_Dimensions
 62
     0
440
 16777216
100
AcDbMText
 10
180.199812
 20
203.19375
 30
0.0
 40
3.5
 41
0.0
 46
0.0
 71
     5
 72
     1
  1
42
 11
0.0
 21
1.0
 31
0.0
 73
     1
 44
1.0
  0
POINT
  5
BCB
330
5CA
100
AcDbEntity
  8
Defpoints
 62
     0
440
 16777216
100
AcDbPoint
 10
172.856974
 20
182.19375
 30
0.0
  0
POINT
  5
BCC
330
5CA
100
AcDbEntity
  8
Defpoints
 62
     0
440
 16777216
100
AcDbPoint
 10
172.856974
 20
224.19375
 30
0.0
  0
POINT
  5
BCD
330
5CA
100
AcDbEntity
  8
Defpoints
 62
     0
440
 16777216
100
AcDbPoint
 10
183.356974
 20
224.19375
 30
0.0
  0
ENDBLK
  5
5CC
330
5CA
100
AcDbEntity
  8
0
100
AcDbBlockEnd
  0
BLOCK
  5
5D7
330
5D6
100
AcDbEntity
  8
0
100
AcDbBlockBegin
  2
*D48
 70
     1
 10
0.0
 20
0.0
 30
0.0
  3
*D48
  1

  0
LINE
  5
BCE
330
5D6
100
AcDbEntity
  8
FD_Dimensions
 62
     0
440
 16777216
370
    -2
100
AcDbLine
 10
123.218974
 20
182.19375
 30
0.0
 11
194.887778
 21
182.19375
 31
0.0
  0
LINE
  5
BCF
330
5D6
100
AcDbEntity
  8
FD_Dimensions
 62
     0
440
 16777216
370
    -2
100
AcDbLine
 10
123.218974
 20
244.19375
 30
0.0
 11
194.887778
 21
244.19375
 31
0.0
  0
LINE
  5
BD0
330
5D6
100
AcDbEntity
  8
FD_Dimensions
 62
     0
440
 16777216
370
    -2
100
AcDbLine
 10
192.787778
 20
185.69375
 30
0.0
 11
192.787778
 21
240.69375
 31
0.0
  0
SOLID
  5
BD1
330
5D6
100
AcDbEntity
  8
FD_Dimensions
 62
     0
440
 16777216
100
AcDbTrace
 10
192.204445
 20
185.69375
 30
0.0
 11
193.371111
 21
185.69375
 31
0.0
 12
192.787778
 22
182.19375
 32
0.0
 13
192.787778
 23
182.19375
 33
0.0
  0
SOLID
  5
BD2
330
5D6
100
AcDbEntity
  8
FD_Dimensions
 62
     0
440
 16777216
100
AcDbTrace
 10
192.204445
 20
240.69375
 30
0.0
 11
193.371111
 21
240.69375
 31
0.0
 12
192.787778
 22
244.19375
 32
0.0
 13
192.787778
 23
244.19375
 33
0.0
  0
MTEXT
  5
BD3
330
5D6
100
AcDbEntity
  8
FD_Dimensions
 62
     0
440
 16777216
100
AcDbMText
 10
189.600773
 20
213.19375
 30
0.0
 40
3.5
 41
0.0
 46
0.0
 71
     5
 72
     1
  1
62
 11
0.0
 21
1.0
 31
0.0
 73
     1
 44
1.0
  0
POINT
  5
BD4
330
5D6
100
AcDbEntity
  8
Defpoints
 62
     0
440
 16777216
100
AcDbPoint
 10
121.118974
 20
182.19375
 30
0.0
  0
POINT
  5
BD5
330
5D6
100
AcDbEntity
  8
Defpoints
 62
     0
440
 16777216
100
AcDbPoint
 10
121.118974
 20
244.19375
 30
0.0
  0
POINT
  5
BD6
330
5D6
100
AcDbEntity
  8
Defpoints
 62
     0
440
 16777216
100
AcDbPoint
 10
192.787778
 20
244.19375
 30
0.0
  0
ENDBLK
  5
5D8
330
5D6
100
AcDbEntity
  8
0
100
AcDbBlockEnd
  0
BLOCK
  5
5E3
330
5E2
100
AcDbEntity
  8
0
100
AcDbBlockBegin
  2
*D49
 70
     1
 10
0.0
 20
0.0
 30
0.0
  3
*D49
  1

  0
LINE
  5
BD7
330
5E2
100
AcDbEntity
  8
FD_Dimensions
 62
     0
440
 16777216
370
    -2
100
AcDbLine
 10
114.018974
 20
193.19375
 30
0.0
 11
69.400216
 21
193.19375
 31
0.0
  0
LINE
  5
BD8
330
5E2
100
AcDbEntity
  8
FD_Dimensions
 62
     0
440
 16777216
370
    -2
100
AcDbLine
 10
114.018974
 20
213.19375
 30
0.0
 11
69.400216
 21
213.19375
 31
0.0
  0
LINE
  5
BD9
330
5E2
100
AcDbEntity
  8
FD_Dimensions
 62
     0
440
 16777216
370
    -2
100
AcDbLine
 10
71.500216
 20
196.69375
 30
0.0
 11
71.500216
 21
209.69375
 31
0.0
  0
SOLID
  5
BDA
330
5E2
100
AcDbEntity
  8
FD_Dimensions
 62
     0
440
 16777216
100
AcDbTrace
 10
70.916883
 20
196.69375
 30
0.0
 11
72.08355
 21
196.69375
 31
0.0
 12
71.500216
 22
193.19375
 32
0.0
 13
71.500216
 23
193.19375
 33
0.0
  0
SOLID
  5
BDB
330
5E2
100
AcDbEntity
  8
FD_Dimensions
 62
     0
440
 16777216
100
AcDbTrace
 10
70.916883
 20
209.69375
 30
0.0
 11
72.08355
 21
209.69375
 31
0.0
 12
71.500216
 22
213.19375
 32
0.0
 13
71.500216
 23
213.19375
 33
0.0
  0
MTEXT
  5
BDC
330
5E2
100
AcDbEntity
  8
FD_Dimensions
 62
     0
440
 16777216
100
AcDbMText
 10
68.313211
 20
203.19375
 30
0.0
 40
3.5
 41
0.0
 46
0.0
 71
     5
 72
     1
  1
20
 11
0.0
 21
1.0
 31
0.0
 73
     1
 44
1.0
  0
POINT
  5
BDD
330
5E2
100
AcDbEntity
  8
Defpoints
 62
     0
440
 16777216
100
AcDbPoint
 10
116.118974
 20
193.19375
 30
0.0
  0
POINT
  5
BDE
330
5E2
100
AcDbEntity
  8
Defpoints
 62
     0
440
 16777216
100
AcDbPoint
 10
116.118974
 20
213.19375
 30
0.0
  0
POINT
  5
BDF
330
5E2
100
AcDbEntity
  8
Defpoints
 62
     0
440
 16777216
100
AcDbPoint
 10
71.500216
 20
213.19375
 30
0.0
  0
ENDBLK
  5
5E4
330
5E2
100
AcDbEntity
  8
0
100
AcDbBlockEnd
  0
BLOCK
  5
5EF
330
5EE
100
AcDbEntity
  8
0
100
AcDbBlockBegin
  2
*D50
 70
     1
 10
0.0
 20
0.0
 30
0.0
  3
*D50
  1

  0
LINE
  5
BE0
330
5EE
100
AcDbEntity
  8
FD_Dimensions
 62
     0
440
 16777216
370
    -2
100
AcDbLine
 10
119.018974
 20
182.19375
 30
0.0
 11
69.400216
 21
182.19375
 31
0.0
  0
LINE
  5
BE1
330
5EE
100
AcDbEntity
  8
FD_Dimensions
 62
     0
440
 16777216
370
    -2
100
AcDbLine
 10
114.018974
 20
193.19375
 30
0.0
 11
69.400216
 21
193.19375
 31
0.0
  0
LINE
  5
BE2
330
5EE
100
AcDbEntity
  8
FD_Dimensions
 62
     0
440
 16777216
370
    -2
100
AcDbLine
 10
71.500216
 20
185.69375
 30
0.0
 11
71.500216
 21
189.69375
 31
0.0
  0
SOLID
  5
BE3
330
5EE
100
AcDbEntity
  8
FD_Dimensions
 62
     0
440
 16777216
100
AcDbTrace
 10
70.916883
 20
185.69375
 30
0.0
 11
72.08355
 21
185.69375
 31
0.0
 12
71.500216
 22
182.19375
 32
0.0
 13
71.500216
 23
182.19375
 33
0.0
  0
SOLID
  5
BE4
330
5EE
100
AcDbEntity
  8
FD_Dimensions
 62
     0
440
 16777216
100
AcDbTrace
 10
70.916883
 20
189.69375
 30
0.0
 11
72.08355
 21
189.69375
 31
0.0
 12
71.500216
 22
193.19375
 32
0.0
 13
71.500216
 23
193.19375
 33
0.0
  0
MTEXT
  5
BE5
330
5EE
100
AcDbEntity
  8
FD_Dimensions
 62
     0
440
 16777216
100
AcDbMText
 10
68.343054
 20
187.69375
 30
0.0
 40
3.5
 41
0.0
 46
0.0
 71
     5
 72
     1
  1
11
 11
0.0
 21
1.0
 31
0.0
 73
     1
 44
1.0
  0
POINT
  5
BE6
330
5EE
100
AcDbEntity
  8
Defpoints
 62
     0
440
 16777216
100
AcDbPoint
 10
121.118974
 20
182.19375
 30
0.0
  0
POINT
  5
BE7
330
5EE
100
AcDbEntity
  8
Defpoints
 62
     0
440
 16777216
100
AcDbPoint
 10
116.118974
 20
193.19375
 30
0.0
  0
POINT
  5
BE8
330
5EE
100
AcDbEntity
  8
Defpoints
 62
     0
440
 16777216
100
AcDbPoint
 10
71.500216
 20
193.19375
 30
0.0
  0
ENDBLK
  5
5F0
330
5EE
100
AcDbEntity
  8
0
100
AcDbBlockEnd
  0
BLOCK
  5
5FB
330
5FA
100
AcDbEntity
  8
0
100
AcDbBlockBegin
  2
*D51
 70
     1
 10
0.0
 20
0.0
 30
0.0
  3
*D51
  1

  0
LINE
  5
BE9
330
5FA
100
AcDbEntity
  8
FD_Dimensions
 62
     0
440
 16777216
370
    -2
100
AcDbLine
 10
114.018974
 20
213.19375
 30
0.0
 11
69.440171
 21
213.19375
 31
0.0
  0
LINE
  5
BEA
330
5FA
100
AcDbEntity
  8
FD_Dimensions
 62
     0
440
 16777216
370
    -2
100
AcDbLine
 10
109.018974
 20
244.19375
 30
0.0
 11
69.440171
 21
244.19375
 31
0.0
  0
LINE
  5
BEB
330
5FA
100
AcDbEntity
  8
FD_Dimensions
 62
     0
440
 16777216
370
    -2
100
AcDbLine
 10
71.540171
 20
216.69375
 30
0.0
 11
71.540171
 21
240.69375
 31
0.0
  0
SOLID
  5
BEC
330
5FA
100
AcDbEntity
  8
FD_Dimensions
 62
     0
440
 16777216
100
AcDbTrace
 10
70.956838
 20
216.69375
 30
0.0
 11
72.123505
 21
216.69375
 31
0.0
 12
71.540171
 22
213.19375
 32
0.0
 13
71.540171
 23
213.19375
 33
0.0
  0
SOLID
  5
BED
330
5FA
100
AcDbEntity
  8
FD_Dimensions
 62
     0
440
 16777216
100
AcDbTrace
 10
70.956838
 20
240.69375
 30
0.0
 11
72.123505
 21
240.69375
 31
0.0
 12
71.540171
 22
244.19375
 32
0.0
 13
71.540171
 23
244.19375
 33
0.0
  0
MTEXT
  5
BEE
330
5FA
100
AcDbEntity
  8
FD_Dimensions
 62
     0
440
 16777216
100
AcDbMText
 10
68.351972
 20
228.69375
 30
0.0
 40
3.5
 41
0.0
 46
0.0
 71
     5
 72
     1
  1
31
 11
0.0
 21
1.0
 31
0.0
 73
     1
 44
1.0
  0
POINT
  5
BEF
330
5FA
100
AcDbEntity
  8
Defpoints
 62
     0
440
 16777216
100
AcDbPoint
 10
116.118974
 20
213.19375
 30
0.0
  0
POINT
  5
BF0
330
5FA
100
AcDbEntity
  8
Defpoints
 62
     0
440
 16777216
100
AcDbPoint
 10
111.118974
 20
244.19375
 30
0.0
  0
POINT
  5
BF1
330
5FA
100
AcDbEntity
  8
Defpoints
 62
     0
440
 16777216
100
AcDbPoint
 10
71.540171
 20
244.19375
 30
0.0
  0
ENDBLK
  5
5FC
330
5FA
100
AcDbEntity
  8
0
100
AcDbBlockEnd
  0
BLOCK
  5
607
330
606
100
AcDbEntity
  8
0
100
AcDbBlockBegin
  2
*D52
 70
     1
 10
0.0
 20
0.0
 30
0.0
  3
*D52
  1

  0
LINE
  5
BF2
330
606
100
AcDbEntity
  8
FD_Dimensions
 62
     0
440
 16777216
370
    -2
100
AcDbLine
 10
116.118974
 20
191.09375
 30
0.0
 11
116.118974
 21
171.189524
 31
0.0
  0
LINE
  5
BF3
330
606
100
AcDbEntity
  8
FD_Dimensions
 62
     0
440
 16777216
370
    -2
100
AcDbLine
 10
121.118974
 20
180.09375
 30
0.0
 11
121.118974
 21
171.189524
 31
0.0
  0
LINE
  5
BF4
330
606
100
AcDbEntity
  8
FD_Dimensions
 62
     0
440
 16777216
370
    -2
100
AcDbLine
 10
112.618974
 20
173.289524
 30
0.0
 11
109.118974
 21
173.289524
 31
0.0
  0
LINE
  5
BF5
330
606
100
AcDbEntity
  8
FD_Dimensions
 62
     0
440
 16777216
370
    -2
100
AcDbLine
 10
124.618974
 20
173.289524
 30
0.0
 11
133.239574
 21
173.289524
 31
0.0
  0
LINE
  5
BF6
330
606
100
AcDbEntity
  8
FD_Dimensions
 62
     0
440
 16777216
370
    -2
100
AcDbLine
 10
116.118974
 20
173.289524
 30
0.0
 11
121.118974
 21
173.289524
 31
0.0
  0
SOLID
  5
BF7
330
606
100
AcDbEntity
  8
FD_Dimensions
 62
     0
440
 16777216
100
AcDbTrace
 10
112.618974
 20
173.872858
 30
0.0
 11
112.618974
 21
172.706191
 31
0.0
 12
116.118974
 22
173.289524
 32
0.0
 13
116.118974
 23
173.289524
 33
0.0
  0
SOLID
  5
BF8
330
606
100
AcDbEntity
  8
FD_Dimensions
 62
     0
440
 16777216
100
AcDbTrace
 10
124.618974
 20
173.872858
 30
0.0
 11
124.618974
 21
172.706191
 31
0.0
 12
121.118974
 22
173.289524
 32
0.0
 13
121.118974
 23
173.289524
 33
0.0
  0
MTEXT
  5
BF9
330
606
100
AcDbEntity
  8
FD_Dimensions
 62
     0
440
 16777216
100
AcDbMText
 10
130.679274
 20
176.469368
 30
0.0
 40
3.5
 41
0.0
 46
0.0
 71
     5
 72
     1
  1
5
 73
     1
 44
1.0
  0
POINT
  5
BFA
330
606
100
AcDbEntity
  8
Defpoints
 62
     0
440
 16777216
100
AcDbPoint
 10
116.118974
 20
193.19375
 30
0.0
  0
POINT
  5
BFB
330
606
100
AcDbEntity
  8
Defpoints
 62
     0
440
 16777216
100
AcDbPoint
 10
121.118974
 20
182.19375
 30
0.0
  0
POINT
  5
BFC
330
606
100
AcDbEntity
  8
Defpoints
 62
     0
440
 16777216
100
AcDbPoint
 10
121.118974
 20
173.289524
 30
0.0
  0
ENDBLK
  5
608
330
606
100
AcDbEntity
  8
0
100
AcDbBlockEnd
  0
BLOCK
  5
615
330
614
100
AcDbEntity
  8
0
100
AcDbBlockBegin
  2
*D53
 70
     1
 10
0.0
 20
0.0
 30
0.0
  3
*D53
  1

  0
LINE
  5
BFD
330
614
100
AcDbEntity
  8
FD_Dimensions
 62
     0
440
 16777216
370
    -2
100
AcDbLine
 10
237.962912
 20
252.9233
 30
0.0
 11
244.414895
 21
238.775745
 31
0.0
  0
LINE
  5
BFE
330
614
100
AcDbEntity
  8
FD_Dimensions
 62
     0
440
 16777216
370
    -2
100
AcDbLine
 10
248.979198
 20
228.767391
 30
0.0
 11
250.431476
 21
225.582915
 31
0.0
  0
MTEXT
  5
BFF
330
614
100
AcDbEntity
  8
FD_Dimensions
 62
     0
440
 16777216
100
AcDbMText
 10
242.795649
 20
250.24295
 30
0.0
 40
3.5
 41
0.0
 46
0.0
 71
     5
 72
     1
  1
∅4
 11
0.414937
 21
-0.90985
 31
0.0
 73
     1
 44
1.0
  0
LINE
  5
C00
330
614
100
AcDbEntity
  8
FD_Dimensions
 62
     0
440
 16777216
370
    -2
100
AcDbLine
 10
247.52692
 20
231.951868
 30
0.0
 11
245.867174
 21
235.591269
 31
0.0
  0
SOLID
  5
C01
330
614
100
AcDbEntity
  8
FD_Dimensions
 62
     0
440
 16777216
100
AcDbTrace
 10
249.509944
 20
229.009438
 30
0.0
 11
248.448452
 21
228.525345
 31
0.0
 12
247.52692
 22
231.951868
 32
0.0
 13
247.52692
 23
231.951868
 33
0.0
  0
SOLID
  5
C02
330
614
100
AcDbEntity
  8
FD_Dimensions
 62
     0
440
 16777216
100
AcDbTrace
 10
244.945641
 20
239.017791
 30
0.0
 11
243.884149
 21
238.533699
 31
0.0
 12
245.867174
 22
235.591269
 32
0.0
 13
245.867174
 23
235.591269
 33
0.0
  0
POINT
  5
C03
330
614
100
AcDbEntity
  8
Defpoints
 62
     0
440
 16777216
100
AcDbPoint
 10
245.867174
 20
235.591269
 30
0.0
  0
POINT
  5
C04
330
614
100
AcDbEntity
  8
Defpoints
 62
     0
440
 16777216
100
AcDbPoint
 10
247.52692
 20
231.951868
 30
0.0
  0
ENDBLK
  5
616
330
614
100
AcDbEntity
  8
0
100
AcDbBlockEnd
  0
BLOCK
  5
620
330
61F
100
AcDbEntity
  8
0
100
AcDbBlockBegin
  2
*D54
 70
     1
 10
0.0
 20
0.0
 30
0.0
  3
*D54
  1

  0
LINE
  5
C05
330
61F
100
AcDbEntity
  8
FD_Dimensions
 62
     0
440
 16777216
370
    -2
100
AcDbLine
 10
222.759493
 20
243.135806
 30
0.0
 11
239.246827
 21
236.686053
 31
0.0
  0
LINE
  5
C06
330
61F
100
AcDbEntity
  8
FD_Dimensions
 62
     0
440
 16777216
370
    -2
100
AcDbLine
 10
254.147267
 20
230.857084
 30
0.0
 11
257.406738
 21
229.581997
 31
0.0
  0
MTEXT
  5
C07
330
61F
100
AcDbEntity
  8
FD_Dimensions
 62
     0
440
 16777216
100
AcDbMText
 10
228.104814
 20
244.572041
 30
0.0
 40
3.5
 41
0.0
 46
0.0
 71
     5
 72
     1
  1
∅9
 11
0.931278
 21
-0.364311
 31
0.0
 73
     1
 44
1.0
  0
LINE
  5
C08
330
61F
100
AcDbEntity
  8
FD_Dimensions
 62
     0
440
 16777216
370
    -2
100
AcDbLine
 10
250.887796
 20
232.132171
 30
0.0
 11
242.506298
 21
235.410966
 31
0.0
  0
SOLID
  5
C09
330
61F
100
AcDbEntity
  8
FD_Dimensions
 62
     0
440
 16777216
100
AcDbTrace
 10
254.359781
 20
231.400329
 30
0.0
 11
253.934752
 21
230.313838
 31
0.0
 12
250.887796
 22
232.132171
 32
0.0
 13
250.887796
 23
232.132171
 33
0.0
  0
SOLID
  5
C0A
330
61F
100
AcDbEntity
  8
FD_Dimensions
 62
     0
440
 16777216
100
AcDbTrace
 10
239.459341
 20
237.229298
 30
0.0
 11
239.034312
 21
236.142808
 31
0.0
 12
242.506298
 22
235.410966
 32
0.0
 13
242.506298
 23
235.410966
 33
0.0
  0
POINT
  5
C0B
330
61F
100
AcDbEntity
  8
Defpoints
 62
     0
440
 16777216
100
AcDbPoint
 10
242.506298
 20
235.410966
 30
0.0
  0
POINT
  5
C0C
330
61F
100
AcDbEntity
  8
Defpoints
 62
     0
440
 16777216
100
AcDbPoint
 10
250.887796
 20
232.132171
 30
0.0
  0
ENDBLK
  5
621
330
61F
100
AcDbEntity
  8
0
100
AcDbBlockEnd
  0
BLOCK
  5
62B
330
62A
100
AcDbEntity
  8
0
100
AcDbBlockBegin
  2
*D55
 70
     1
 10
0.0
 20
0.0
 30
0.0
  3
*D55
  1

  0
LINE
  5
C0D
330
62A
100
AcDbEntity
  8
FD_Dimensions
 62
     0
440
 16777216
370
    -2
100
AcDbLine
 10
246.697047
 20
235.871568
 30
0.0
 11
246.697047
 21
248.087731
 31
0.0
  0
LINE
  5
C0E
330
62A
100
AcDbEntity
  8
FD_Dimensions
 62
     0
440
 16777216
370
    -2
100
AcDbLine
 10
266.697047
 20
235.871568
 30
0.0
 11
266.697047
 21
248.087731
 31
0.0
  0
LINE
  5
C0F
330
62A
100
AcDbEntity
  8
FD_Dimensions
 62
     0
440
 16777216
370
    -2
100
AcDbLine
 10
250.197047
 20
245.987731
 30
0.0
 11
263.197047
 21
245.987731
 31
0.0
  0
SOLID
  5
C10
330
62A
100
AcDbEntity
  8
FD_Dimensions
 62
     0
440
 16777216
100
AcDbTrace
 10
250.197047
 20
246.571064
 30
0.0
 11
250.197047
 21
245.404397
 31
0.0
 12
246.697047
 22
245.987731
 32
0.0
 13
246.697047
 23
245.987731
 33
0.0
  0
SOLID
  5
C11
330
62A
100
AcDbEntity
  8
FD_Dimensions
 62
     0
440
 16777216
100
AcDbTrace
 10
263.197047
 20
246.571064
 30
0.0
 11
263.197047
 21
245.404397
 31
0.0
 12
266.697047
 22
245.987731
 32
0.0
 13
266.697047
 23
245.987731
 33
0.0
  0
MTEXT
  5
C12
330
62A
100
AcDbEntity
  8
FD_Dimensions
 62
     0
440
 16777216
100
AcDbMText
 10
256.697047
 20
249.174736
 30
0.0
 40
3.5
 41
0.0
 46
0.0
 71
     5
 72
     1
  1
20
 73
     1
 44
1.0
  0
POINT
  5
C13
330
62A
100
AcDbEntity
  8
Defpoints
 62
     0
440
 16777216
100
AcDbPoint
 10
246.697047
 20
233.771568
 30
0.0
  0
POINT
  5
C14
330
62A
100
AcDbEntity
  8
Defpoints
 62
     0
440
 16777216
100
AcDbPoint
 10
266.697047
 20
233.771568
 30
0.0
  0
POINT
  5
C15
330
62A
100
AcDbEntity
  8
Defpoints
 62
     0
440
 16777216
100
AcDbPoint
 10
266.697047
 20
245.987731
 30
0.0
  0
ENDBLK
  5
62C
330
62A
100
AcDbEntity
  8
0
100
AcDbBlockEnd
  0
BLOCK
  5
637
330
636
100
AcDbEntity
  8
0
100
AcDbBlockBegin
  2
*D56
 70
     1
 10
0.0
 20
0.0
 30
0.0
  3
*D56
  1

  0
LINE
  5
C16
330
636
100
AcDbEntity
  8
FD_Dimensions
 62
     0
440
 16777216
370
    -2
100
AcDbLine
 10
235.697047
 20
242.871568
 30
0.0
 11
235.697047
 21
257.402023
 31
0.0
  0
LINE
  5
C17
330
636
100
AcDbEntity
  8
FD_Dimensions
 62
     0
440
 16777216
370
    -2
100
AcDbLine
 10
277.697047
 20
242.871568
 30
0.0
 11
277.697047
 21
257.402023
 31
0.0
  0
LINE
  5
C18
330
636
100
AcDbEntity
  8
FD_Dimensions
 62
     0
440
 16777216
370
    -2
100
AcDbLine
 10
239.197047
 20
255.302023
 30
0.0
 11
274.197047
 21
255.302023
 31
0.0
  0
SOLID
  5
C19
330
636
100
AcDbEntity
  8
FD_Dimensions
 62
     0
440
 16777216
100
AcDbTrace
 10
239.197047
 20
255.885357
 30
0.0
 11
239.197047
 21
254.71869
 31
0.0
 12
235.697047
 22
255.302023
 32
0.0
 13
235.697047
 23
255.302023
 33
0.0
  0
SOLID
  5
C1A
330
636
100
AcDbEntity
  8
FD_Dimensions
 62
     0
440
 16777216
100
AcDbTrace
 10
274.197047
 20
255.885357
 30
0.0
 11
274.197047
 21
254.71869
 31
0.0
 12
277.697047
 22
255.302023
 32
0.0
 13
277.697047
 23
255.302023
 33
0.0
  0
MTEXT
  5
C1B
330
636
100
AcDbEntity
  8
FD_Dimensions
 62
     0
440
 16777216
100
AcDbMText
 10
256.697047
 20
258.459186
 30
0.0
 40
3.5
 41
0.0
 46
0.0
 71
     5
 72
     1
  1
42
 73
     1
 44
1.0
  0
POINT
  5
C1C
330
636
100
AcDbEntity
  8
Defpoints
 62
     0
440
 16777216
100
AcDbPoint
 10
235.697047
 20
240.771568
 30
0.0
  0
POINT
  5
C1D
330
636
100
AcDbEntity
  8
Defpoints
 62
     0
440
 16777216
100
AcDbPoint
 10
277.697047
 20
240.771568
 30
0.0
  0
POINT
  5
C1E
330
636
100
AcDbEntity
  8
Defpoints
 62
     0
440
 16777216
100
AcDbPoint
 10
277.697047
 20
255.302023
 30
0.0
  0
ENDBLK
  5
638
330
636
100
AcDbEntity
  8
0
100
AcDbBlockEnd
  0
BLOCK
  5
643
330
642
100
AcDbEntity
  8
0
100
AcDbBlockBegin
  2
*D57
 70
     1
 10
0.0
 20
0.0
 30
0.0
  3
*D57
  1

  0
LINE
  5
C1F
330
642
100
AcDbEntity
  8
FD_Dimensions
 62
     0
440
 16777216
370
    -2
100
AcDbLine
 10
257.754047
 20
237.255799
 30
0.0
 11
307.794835
 21
237.255799
 31
0.0
  0
LINE
  5
C20
330
642
100
AcDbEntity
  8
FD_Dimensions
 62
     0
440
 16777216
370
    -2
100
AcDbLine
 10
257.580718
 20
168.293016
 30
0.0
 11
307.794835
 21
168.293016
 31
0.0
  0
LINE
  5
C21
330
642
100
AcDbEntity
  8
FD_Dimensions
 62
     0
440
 16777216
370
    -2
100
AcDbLine
 10
305.694835
 20
233.755799
 30
0.0
 11
305.694835
 21
171.793016
 31
0.0
  0
SOLID
  5
C22
330
642
100
AcDbEntity
  8
FD_Dimensions
 62
     0
440
 16777216
100
AcDbTrace
 10
305.111502
 20
233.755799
 30
0.0
 11
306.278168
 21
233.755799
 31
0.0
 12
305.694835
 22
237.255799
 32
0.0
 13
305.694835
 23
237.255799
 33
0.0
  0
SOLID
  5
C23
330
642
100
AcDbEntity
  8
FD_Dimensions
 62
     0
440
 16777216
100
AcDbTrace
 10
305.111502
 20
171.793016
 30
0.0
 11
306.278168
 21
171.793016
 31
0.0
 12
305.694835
 22
168.293016
 32
0.0
 13
305.694835
 23
168.293016
 33
0.0
  0
MTEXT
  5
C24
330
642
100
AcDbEntity
  8
FD_Dimensions
 62
     0
440
 16777216
100
AcDbMText
 10
302.50783
 20
202.774407
 30
0.0
 40
3.5
 41
0.0
 46
0.0
 71
     5
 72
     1
  1
69
 11
0.0
 21
1.0
 31
0.0
 73
     1
 44
1.0
  0
POINT
  5
C25
330
642
100
AcDbEntity
  8
Defpoints
 62
     0
440
 16777216
100
AcDbPoint
 10
255.654047
 20
237.255799
 30
0.0
  0
POINT
  5
C26
330
642
100
AcDbEntity
  8
Defpoints
 62
     0
440
 16777216
100
AcDbPoint
 10
255.480718
 20
168.293016
 30
0.0
  0
POINT
  5
C27
330
642
100
AcDbEntity
  8
Defpoints
 62
     0
440
 16777216
100
AcDbPoint
 10
305.694835
 20
168.293016
 30
0.0
  0
ENDBLK
  5
644
330
642
100
AcDbEntity
  8
0
100
AcDbBlockEnd
  0
BLOCK
  5
64F
330
64E
100
AcDbEntity
  8
0
100
AcDbBlockBegin
  2
*D58
 70
     1
 10
0.0
 20
0.0
 30
0.0
  3
*D58
  1

  0
LINE
  5
C28
330
64E
100
AcDbEntity
  8
FD_Dimensions
 62
     0
440
 16777216
370
    -2
100
AcDbLine
 10
258.797047
 20
202.771568
 30
0.0
 11
297.797047
 21
202.771568
 31
0.0
  0
LINE
  5
C29
330
64E
100
AcDbEntity
  8
FD_Dimensions
 62
     0
440
 16777216
370
    -2
100
AcDbLine
 10
276.797047
 20
243.771568
 30
0.0
 11
297.797047
 21
243.771568
 31
0.0
  0
LINE
  5
C2A
330
64E
100
AcDbEntity
  8
FD_Dimensions
 62
     0
440
 16777216
370
    -2
100
AcDbLine
 10
295.697047
 20
206.271568
 30
0.0
 11
295.697047
 21
240.271568
 31
0.0
  0
SOLID
  5
C2B
330
64E
100
AcDbEntity
  8
FD_Dimensions
 62
     0
440
 16777216
100
AcDbTrace
 10
295.113714
 20
206.271568
 30
0.0
 11
296.28038
 21
206.271568
 31
0.0
 12
295.697047
 22
202.771568
 32
0.0
 13
295.697047
 23
202.771568
 33
0.0
  0
SOLID
  5
C2C
330
64E
100
AcDbEntity
  8
FD_Dimensions
 62
     0
440
 16777216
100
AcDbTrace
 10
295.113714
 20
240.271568
 30
0.0
 11
296.28038
 21
240.271568
 31
0.0
 12
295.697047
 22
243.771568
 32
0.0
 13
295.697047
 23
243.771568
 33
0.0
  0
MTEXT
  5
C2D
330
64E
100
AcDbEntity
  8
FD_Dimensions
 62
     0
440
 16777216
100
AcDbMText
 10
292.539885
 20
223.271568
 30
0.0
 40
3.5
 41
0.0
 46
0.0
 71
     5
 72
     1
  1
41
 11
0.0
 21
1.0
 31
0.0
 73
     1
 44
1.0
  0
POINT
  5
C2E
330
64E
100
AcDbEntity
  8
Defpoints
 62
     0
440
 16777216
100
AcDbPoint
 10
256.697047
 20
202.771568
 30
0.0
  0
POINT
  5
C2F
330
64E
100
AcDbEntity
  8
Defpoints
 62
     0
440
 16777216
100
AcDbPoint
 10
274.697047
 20
243.771568
 30
0.0
  0
POINT
  5
C30
330
64E
100
AcDbEntity
  8
Defpoints
 62
     0
440
 16777216
100
AcDbPoint
 10
295.697047
 20
243.771568
 30
0.0
  0
ENDBLK
  5
650
330
64E
100
AcDbEntity
  8
0
100
AcDbBlockEnd
  0
BLOCK
  5
65B
330
65A
100
AcDbEntity
  8
0
100
AcDbBlockBegin
  2
*D59
 70
     1
 10
0.0
 20
0.0
 30
0.0
  3
*D59
  1

  0
LINE
  5
C31
330
65A
100
AcDbEntity
  8
FD_Dimensions
 62
     0
440
 16777216
370
    -2
100
AcDbLine
 10
268.797047
 20
233.771568
 30
0.0
 11
292.562935
 21
233.771568
 31
0.0
  0
LINE
  5
C32
330
65A
100
AcDbEntity
  8
FD_Dimensions
 62
     0
440
 16777216
370
    -2
100
AcDbLine
 10
276.797047
 20
243.771568
 30
0.0
 11
292.562935
 21
243.771568
 31
0.0
  0
LINE
  5
C33
330
65A
100
AcDbEntity
  8
FD_Dimensions
 62
     0
440
 16777216
370
    -2
100
AcDbLine
 10
290.462935
 20
237.271568
 30
0.0
 11
290.462935
 21
240.271568
 31
0.0
  0
LINE
  5
C34
330
65A
100
AcDbEntity
  8
FD_Dimensions
 62
     0
440
 16777216
370
    -2
100
AcDbLine
 10
290.462935
 20
243.771568
 30
0.0
 11
290.462935
 21
254.743806
 31
0.0
  0
SOLID
  5
C35
330
65A
100
AcDbEntity
  8
FD_Dimensions
 62
     0
440
 16777216
100
AcDbTrace
 10
289.879602
 20
237.271568
 30
0.0
 11
291.046268
 21
237.271568
 31
0.0
 12
290.462935
 22
233.771568
 32
0.0
 13
290.462935
 23
233.771568
 33
0.0
  0
SOLID
  5
C36
330
65A
100
AcDbEntity
  8
FD_Dimensions
 62
     0
440
 16777216
100
AcDbTrace
 10
289.879602
 20
240.271568
 30
0.0
 11
291.046268
 21
240.271568
 31
0.0
 12
290.462935
 22
243.771568
 32
0.0
 13
290.462935
 23
243.771568
 33
0.0
  0
MTEXT
  5
C37
330
65A
100
AcDbEntity
  8
FD_Dimensions
 62
     0
440
 16777216
100
AcDbMText
 10
287.27593
 20
251.007687
 30
0.0
 40
3.5
 41
0.0
 46
0.0
 71
     5
 72
     1
  1
10
 11
0.0
 21
1.0
 31
0.0
 73
     1
 44
1.0
  0
POINT
  5
C38
330
65A
100
AcDbEntity
  8
Defpoints
 62
     0
440
 16777216
100
AcDbPoint
 10
266.697047
 20
233.771568
 30
0.0
  0
POINT
  5
C39
330
65A
100
AcDbEntity
  8
Defpoints
 62
     0
440
 16777216
100
AcDbPoint
 10
274.697047
 20
243.771568
 30
0.0
  0
POINT
  5
C3A
330
65A
100
AcDbEntity
  8
Defpoints
 62
     0
440
 16777216
100
AcDbPoint
 10
290.462935
 20
243.771568
 30
0.0
  0
ENDBLK
  5
65C
330
65A
100
AcDbEntity
  8
0
100
AcDbBlockEnd
  0
ENDSEC
  0
SECTION
  2
ENTITIES
  0
INSERT
  5
35D
330
70
100
AcDbEntity
  8
BORDER
100
AcDbBlockReference
  2
ISO_A3_SHEET
 10
0.0
 20
0.0
 30
0.0
  0
INSERT
  5
3A3
330
70
100
AcDbEntity
  8
TITLEBLOCK
100
AcDbBlockReference
 66
     1
  2
ISO_TITLEBLOCK
 10
410.0
 20
10.0
 30
0.0
  0
ATTRIB
  5
3DF
330
3A3
100
AcDbEntity
  8
TITLEBLOCK
100
AcDbText
 10
360.0
 20
11.5
 30
0.0
 40
3.5
  1

  7
FusionTitle
 11
360.0
 21
15.0
 31
0.0
100
AcDbAttribute
280
     0
  2
DATE_OF_ISSUE
 70
     0
 74
     3
280
     1
  0
ATTRIB
  5
3E0
330
3A3
100
AcDbEntity
  8
TITLEBLOCK
100
AcDbText
 10
354.0
 20
11.35
 30
0.0
 40
3.5
  1

  7
FusionTitle
 72
     1
 11
354.0
 21
14.85
 31
0.0
100
AcDbAttribute
280
     0
  2
REV
 70
     0
 74
     3
280
     1
  0
ATTRIB
  5
3E1
330
3A3
100
AcDbEntity
  8
TITLEBLOCK
100
AcDbText
 10
289.0
 20
11.5
 30
0.0
 40
5.0
  1

  7
FusionTitle
 11
289.0
 21
16.5
 31
0.0
100
AcDbAttribute
280
     0
  2
TITLE_3
 70
     0
 74
     3
280
     1
  0
ATTRIB
  5
3E2
330
3A3
100
AcDbEntity
  8
TITLEBLOCK
100
AcDbText
 10
350.0
 20
38.5
 30
0.0
 40
3.5
  1

  7
FusionTitle
 11
350.0
 21
42.0
 31
0.0
100
AcDbAttribute
280
     0
  2
DOCUMENT_STATUS
 70
     0
 74
     3
280
     1
  0
ATTRIB
  5
3E3
330
3A3
100
AcDbEntity
  8
TITLEBLOCK
100
AcDbText
 10
289.0
 20
38.5
 30
0.0
 40
3.5
  1

  7
FusionTitle
 11
289.0
 21
42.0
 31
0.0
100
AcDbAttribute
280
     0
  2
DOCUMENT_TYPE
 70
     0
 74
     3
280
     1
  0
ATTRIB
  5
3E4
330
3A3
100
AcDbEntity
  8
TITLEBLOCK
100
AcDbText
 10
409.007162
 20
48.5
 30
0.0
 40
3.5
  1

  7
FusionTitle
 72
     2
 11
409.007162
 21
52.0
 31
0.0
100
AcDbAttribute
280
     0
  2
APPROVED_DATE
 70
     0
 74
     3
280
     1
  0
ATTRIB
  5
3E5
330
3A3
100
AcDbEntity
  8
TITLEBLOCK
100
AcDbText
 10
326.247954
 20
48.5
 30
0.0
 40
3.5
  1
2026/5/12
  7
FusionTitle
 72
     2
 11
348.0
 21
52.0
 31
0.0
100
AcDbAttribute
280
     0
  2
CREATED_DATE
 70
     0
 74
     3
280
     1
  0
ATTRIB
  5
3E6
330
3A3
100
AcDbEntity
  8
TITLEBLOCK
100
AcDbText
 10
399.101467
 20
11.35
 30
0.0
 40
3.5
  1
1/1
  7
FusionTitle
 72
     1
 11
402.5
 21
14.85
 31
0.0
100
AcDbAttribute
280
     0
  2
SHEET
 70
     0
 74
     3
280
     1
  0
ATTRIB
  5
3E7
330
3A3
100
AcDbEntity
  8
TITLEBLOCK
100
AcDbText
 10
289.0
 20
19.0
 30
0.0
 40
5.0
  1

  7
FusionTitle
 11
289.0
 21
24.0
 31
0.0
100
AcDbAttribute
280
     0
  2
TITLE_2
 70
     0
 74
     3
280
     1
  0
ATTRIB
  5
3E8
330
3A3
100
AcDbEntity
  8
TITLEBLOCK
100
AcDbText
 10
379.5
 20
24.751432
 30
0.0
 40
5.0
  1

  7
FusionTitle
 72
     1
 11
379.5
 21
29.751432
 31
0.0
100
AcDbAttribute
280
     0
  2
DRAWING_NUMBER
 70
     0
 74
     3
280
     1
  0
ATTRIB
  5
3E9
330
3A3
100
AcDbEntity
  8
TITLEBLOCK
100
AcDbText
 10
289.0
 20
26.5
 30
0.0
 40
5.0
  1
DW69 [SP02/3]
  7
FusionTitle
 11
289.0
 21
31.5
 31
0.0
100
AcDbAttribute
280
     0
  2
TITLE_1
 70
     0
 74
     3
280
     1
  0
ATTRIB
  5
3EA
330
3A3
100
AcDbEntity
  8
TITLEBLOCK
100
AcDbText
 10
350.0
 20
48.5
 30
0.0
 40
3.5
  1

  7
FusionTitle
 11
350.0
 21
52.0
 31
0.0
100
AcDbAttribute
280
     0
  2
APPROVED_BY
 70
     0
 74
     3
280
     1
  0
ATTRIB
  5
3EB
330
3A3
100
AcDbEntity
  8
TITLEBLOCK
100
AcDbText
 10
289.0
 20
48.5
 30
0.0
 40
3.5
  1
WL Zhang
  7
FusionTitle
 11
289.0
 21
52.0
 31
0.0
100
AcDbAttribute
280
     0
  2
CREATED_BY
 70
     0
 74
     3
280
     1
  0
ATTRIB
  5
3EC
330
3A3
100
AcDbEntity
  8
TITLEBLOCK
100
AcDbText
 10
255.0
 20
48.5
 30
0.0
 40
3.5
  1

  7
FusionTitle
 11
255.0
 21
52.0
 31
0.0
100
AcDbAttribute
280
     0
  2
TECHNICAL_REFERENCE
 70
     0
 74
     3
280
     1
  0
ATTRIB
  5
3ED
330
3A3
100
AcDbEntity
  8
TITLEBLOCK
100
AcDbText
 10
231.0
 20
48.5
 30
0.0
 40
3.5
  1

  7
FusionTitle
 11
231.0
 21
52.0
 31
0.0
100
AcDbAttribute
280
     0
  2
DEPT
 70
     0
 74
     3
280
     1
  0
SEQEND
  5
3EE
330
3A3
100
AcDbEntity
  8
TITLEBLOCK
  0
INSERT
  5
3EF
330
70
100
AcDbEntity
  8
Smart Centers
 48
0.75
100
AcDbBlockReference
  2
*U5
 10
86.718974
 20
195.19375
 30
0.0
  0
INSERT
  5
3F5
330
70
100
AcDbEntity
  8
Smart Centers
 48
0.75
100
AcDbBlockReference
  2
*U6
 10
86.618974
 20
203.19375
 30
0.0
  0
INSERT
  5
3FA
330
70
100
AcDbEntity
  8
Smart Centers
 48
0.75
100
AcDbBlockReference
  2
*U7
 10
105.118974
 20
203.19375
 30
0.0
  0
INSERT
  5
3FF
330
70
100
AcDbEntity
  8
Smart Centers
 48
0.75
100
AcDbBlockReference
  2
*U8
 10
86.718974
 20
207.19375
 30
0.0
  0
INSERT
  5
404
330
70
100
AcDbEntity
  8
Smart Centers
 48
0.75
100
AcDbBlockReference
  2
*U9
 10
116.118974
 20
193.19375
 30
0.0
  0
MULTILEADER
  5
40E
102
{ACAD_XDICTIONARY
360
40F
102
}
330
70
100
AcDbEntity
  8
Hole Notes
160
               712
310
C8020000190000000C00000016000000000000C00C00000033000000000000000C00000013000000993A0000C80000002600000041C68DDE8B7E60407B05786D254F6D40000000000000000000000000000000000000000000000000000000000000F03F000000000000F03F00000000000000000000000000000000340078
310
0020004D00360078003100200036004800000000000A000000010000000000000000000C40000000000000F03F0000000000000000000000000000F03F00000000000000000000000000000000000000000000000000000000010000002200000041007200690061006C00000000000000000000000C000000330000000000
310
00000C00000010000000080000000C00000016000000000000C00C00000012000000FF7F00000C00000013000000010000000C00000014000000010000005400000007000000030000007236EA8E82EE5D40839B3F1B75416B40000000000000000080FB6055F95A5D40F3B185CE23EB6A40000000000000000001874E988B
310
AE5D40B7D69E65B7546B4000000000000000000C00000014000000010000000C00000013000000891300003C0000000600000002000000B95E9C1387CE5D401D396F40164B6B4000000000000000009884796088106040149F1107BF386D4000000000000000000C00000013000000112700003C0000000600000002000000
310
9884796088106040149F1107BF386D4000000000000000009884796088806040149F1107BF386D4000000000000000000C00000016000000000000C00C00000012000000FF7F00000C00000017000000000000000C000000130000009A3A00003C00000006000000020000009884796088806040149F1107BF386D40000000
310
000000000046EB1BDCBEB46340149F1107BF386D4000000000000000000C00000016000000000000C00C00000012000000FF7F00000C00000017000000FFFFFFFF0C0000003300000000000000
100
AcDbMLeader
270
     2
300
CONTEXT_DATA{
 40
1.0
 10
132.016648
 20
233.773319
 30
0.0
 41
3.5
140
3.5
145
0.0
174
     5
175
     5
176
     0
177
     0
290
     1
304

 11
0.0
 21
0.0
 31
1.0
340
55
 12
132.016648
 22
237.987643
 32
0.0
 13
1.0
 23
0.0
 33
0.0
 42
0.0
 43
0.0
 44
0.0
 45
1.0
170
     1
 90
-1073741824
171
     1
172
     5
 91
-1073741824
141
0.0
 92
        0
291
     0
292
     0
173
     0
293
     0
142
0.0
143
0.0
294
     0
295
     0
296
     0
110
117.421468
120
215.348121
130
0.0
111
1.0
121
0.0
131
0.0
112
0.0
122
1.0
132
0.0
297
     0
302
LEADER{
290
     1
291
     1
 10
128.516648
 20
233.773319
 30
0.0
 11
1.0
 21
0.0
 31
0.0
 90
        0
 40
3.5
304
LEADER_LINE{
 10
117.421468
 20
215.348121
 30
0.0
 91
        0
305
}
271
     0
303
}
272
     9
273
     9
301
}
340
415
 90
   312320
170
     1
 91
-1056964608
341
5B
171
    -2
290
     1
291
     1
 41
3.5
 42
3.5
172
     2
343
55
173
     5
 95
        5
174
     1
175
     0
 92
-1073741824
292
     0
 93
-1056964608
 10
1.0
 20
1.0
 30
1.0
 43
0.0
176
     0
293
     0
294
     0
178
     0
179
     1
 45
1.0
271
     0
272
     9
273
     9
295
     0
1001
MLEADERTYPE
1000
HoleThreadNote
  0
DIMENSION
  5
416
330
70
100
AcDbEntity
  8
FD_Dimensions
100
AcDbDimension
280
     0
  2
*D42
 10
104.11645
 20
161.883086
 30
0.0
 11
96.617628
 21
165.072865
 31
0.0
 70
    33
 71
     5
 42
15.000001
 73
     0
 74
     0
 75
     0
  3
Dim-ISO-25
100
AcDbAlignedDimension
 13
89.118974
 23
168.7147
 33
0.0
 14
104.118974
 24
168.709154
 34
0.0
1001
ACAD_DIMASSOC_CALC_DIMLFAC
1040
-1.0
1001
ACAD_DIMASSOC_DIMLFAC
1040
-1.0
1001
ACAD_DIMASSOC_OVERRIDDEN_DIMLFAC
1040
0.0
1001
ACAD_TC
1000
DSTYLE_TC
1002
{
1070
   176
1004
18000000020000008C8C8CC2000000000000000000000000
1070
   177
1004
18000000020000008C8C8CC2000000000000000000000000
1002
}
1001
ACAD_DSTYLE_DIMJAG_POSITION
1070
   387
1070
     0
1070
   389
1010
0.0
1020
0.0
1030
0.0
1001
ACAD
1000
DSTYLE
1002
{
1070
   144
1040
1.0
1070
   176
1070
     0
1070
   177
1070
     0
1002
}
  0
DIMENSION
  5
424
330
70
100
AcDbEntity
  8
FD_Dimensions
100
AcDbDimension
280
     0
  2
*D43
 10
106.118974
 20
153.259408
 30
0.0
 11
96.618974
 21
156.446413
 31
0.0
 70
    33
 71
     5
 42
19.0
 73
     0
 74
     0
 75
     0
  3
Dim-ISO-25
100
AcDbAlignedDimension
 13
87.118974
 23
171.19375
 33
0.0
 14
106.118974
 24
171.19375
 34
0.0
1001
ACAD_DIMASSOC_CALC_DIMLFAC
1040
-1.0
1001
ACAD_DIMASSOC_DIMLFAC
1040
-1.0
1001
ACAD_DIMASSOC_OVERRIDDEN_DIMLFAC
1040
0.0
1001
ACAD_TC
1000
DSTYLE_TC
1002
{
1070
   176
1004
18000000020000008C8C8CC2000000000000000000000000
1070
   177
1004
18000000020000008C8C8CC2000000000000000000000000
1002
}
1001
ACAD_DSTYLE_DIMJAG_POSITION
1070
   387
1070
     0
1070
   389
1010
0.0
1020
0.0
1030
0.0
1001
ACAD
1000
DSTYLE
1002
{
1070
   144
1040
1.0
1070
   176
1070
     0
1070
   177
1070
     0
1002
}
  0
DIMENSION
  5
431
330
70
100
AcDbEntity
  8
FD_Dimensions
100
AcDbDimension
280
     0
  2
*D44
 10
121.118974
 20
139.69375
 30
0.0
 11
104.118974
 21
142.881949
 31
0.0
 70
    32
 71
     5
 42
34.0
 73
     0
 74
     0
 75
     0
  3
Dim-ISO-25
100
AcDbAlignedDimension
 13
87.118974
 23
171.19375
 33
0.0
 14
121.118974
 24
182.19375
 34
0.0
100
AcDbRotatedDimension
1001
ACAD_DIMASSOC_CALC_DIMLFAC
1040
-1.0
1001
ACAD_DIMASSOC_DIMLFAC
1040
-1.0
1001
ACAD_DIMASSOC_OVERRIDDEN_DIMLFAC
1040
0.0
1001
ACAD_TC
1000
DSTYLE_TC
1002
{
1070
   177
1004
18000000020000008C8C8CC2000000000000000000000000
1070
   176
1004
18000000020000008C8C8CC2000000000000000000000000
1002
}
1001
ACAD_DSTYLE_DIMJAG_POSITION
1070
   387
1070
     0
1070
   389
1010
0.0
1020
0.0
1030
0.0
1001
ACAD
1000
DSTYLE
1002
{
1070
   177
1070
     0
1070
   176
1070
     0
1070
   144
1040
1.0
1002
}
  0
DIMENSION
  5
43E
330
70
100
AcDbEntity
  8
FD_Dimensions
100
AcDbDimension
280
     0
  2
*D45
 10
121.118974
 20
162.548366
 30
0.0
 11
116.118974
 21
162.548366
 31
0.0
 70
   160
 71
     5
 42
10.0
 73
     0
 74
     0
 75
     0
  3
Dim-ISO-25
100
AcDbAlignedDimension
 13
111.118974
 23
182.19375
 33
0.0
 14
121.118974
 24
182.19375
 34
0.0
100
AcDbRotatedDimension
1001
ACAD_DIMASSOC_CALC_DIMLFAC
1040
-1.0
1001
ACAD_DIMASSOC_DIMLFAC
1040
-1.0
1001
ACAD_DIMASSOC_OVERRIDDEN_DIMLFAC
1040
0.0
1001
ACAD_DSTYLE_DIMJAG_POSITION
1070
   387
1070
     0
1070
   389
1010
0.0
1020
0.0
1030
0.0
1001
ACAD
1000
DSTYLE
1002
{
1070
   144
1040
1.0
1002
}
  0
DIMENSION
  5
44B
330
70
100
AcDbEntity
  8
FD_Dimensions
100
AcDbDimension
280
     0
  2
*D46
 10
173.618974
 20
150.69375
 30
0.0
 11
147.368974
 21
153.880755
 31
0.0
 70
    32
 71
     5
 42
52.5
 73
     0
 74
     0
 75
     0
  3
Dim-ISO-25
100
AcDbAlignedDimension
 13
121.118974
 23
182.19375
 33
0.0
 14
173.618974
 24
183.025458
 34
0.0
100
AcDbRotatedDimension
1001
ACAD_DIMASSOC_CALC_DIMLFAC
1040
-1.0
1001
ACAD_DIMASSOC_DIMLFAC
1040
-1.0
1001
ACAD_DIMASSOC_OVERRIDDEN_DIMLFAC
1040
0.0
1001
ACAD_TC
1000
DSTYLE_TC
1002
{
1070
   177
1004
18000000020000008C8C8CC2000000000000000000000000
1070
   176
1004
18000000020000008C8C8CC2000000000000000000000000
1002
}
1001
ACAD_DSTYLE_DIMJAG_POSITION
1070
   387
1070
     0
1070
   389
1010
0.0
1020
0.0
1030
0.0
1001
ACAD
1000
DSTYLE
1002
{
1070
   177
1070
     0
1070
   176
1070
     0
1070
   144
1040
1.0
1002
}
  0
DIMENSION
  5
458
330
70
100
AcDbEntity
  8
FD_Dimensions
100
AcDbDimension
280
     0
  2
*D47
 10
183.356974
 20
224.19375
 30
0.0
 11
180.199812
 21
203.19375
 31
0.0
 70
    32
 71
     5
 42
42.0
 73
     0
 74
     0
 75
     0
  3
Dim-ISO-25
100
AcDbAlignedDimension
 13
172.856974
 23
182.19375
 33
0.0
 14
172.856974
 24
224.19375
 34
0.0
 50
90.0
100
AcDbRotatedDimension
1001
ACAD_DIMASSOC_CALC_DIMLFAC
1040
-1.0
1001
ACAD_DIMASSOC_DIMLFAC
1040
-1.0
1001
ACAD_DIMASSOC_OVERRIDDEN_DIMLFAC
1040
0.0
1001
ACAD_TC
1000
DSTYLE_TC
1002
{
1070
   177
1004
18000000020000008C8C8CC2000000000000000000000000
1070
   176
1004
18000000020000008C8C8CC2000000000000000000000000
1002
}
1001
ACAD_DSTYLE_DIMJAG_POSITION
1070
   387
1070
     0
1070
   389
1010
0.0
1020
0.0
1030
0.0
1001
ACAD
1000
DSTYLE
1002
{
1070
   177
1070
     0
1070
   176
1070
     0
1070
   144
1040
1.0
1002
}
  0
DIMENSION
  5
465
330
70
100
AcDbEntity
  8
FD_Dimensions
100
AcDbDimension
280
     0
  2
*D48
 10
192.787778
 20
244.19375
 30
0.0
 11
189.600773
 21
213.19375
 31
0.0
 70
    32
 71
     5
 42
62.0
 73
     0
 74
     0
 75
     0
  3
Dim-ISO-25
100
AcDbAlignedDimension
 13
121.118974
 23
182.19375
 33
0.0
 14
121.118974
 24
244.19375
 34
0.0
 50
90.0
100
AcDbRotatedDimension
1001
ACAD_DIMASSOC_CALC_DIMLFAC
1040
-1.0
1001
ACAD_DIMASSOC_DIMLFAC
1040
-1.0
1001
ACAD_DIMASSOC_OVERRIDDEN_DIMLFAC
1040
0.0
1001
ACAD_TC
1000
DSTYLE_TC
1002
{
1070
   177
1004
18000000020000008C8C8CC2000000000000000000000000
1070
   176
1004
18000000020000008C8C8CC2000000000000000000000000
1002
}
1001
ACAD_DSTYLE_DIMJAG_POSITION
1070
   387
1070
     0
1070
   389
1010
0.0
1020
0.0
1030
0.0
1001
ACAD
1000
DSTYLE
1002
{
1070
   177
1070
     0
1070
   176
1070
     0
1070
   144
1040
1.0
1002
}
  0
DIMENSION
  5
472
330
70
100
AcDbEntity
  8
FD_Dimensions
100
AcDbDimension
280
     0
  2
*D49
 10
71.500216
 20
213.19375
 30
0.0
 11
68.313211
 21
203.19375
 31
0.0
 70
    32
 71
     5
 42
20.0
 73
     0
 74
     0
 75
     0
  3
Dim-ISO-25
100
AcDbAlignedDimension
 13
116.118974
 23
193.19375
 33
0.0
 14
116.118974
 24
213.19375
 34
0.0
 50
90.0
100
AcDbRotatedDimension
1001
ACAD_DIMASSOC_CALC_DIMLFAC
1040
-1.0
1001
ACAD_DIMASSOC_DIMLFAC
1040
-1.0
1001
ACAD_DIMASSOC_OVERRIDDEN_DIMLFAC
1040
0.0
1001
ACAD_TC
1000
DSTYLE_TC
1002
{
1070
   177
1004
18000000020000008C8C8CC2000000000000000000000000
1070
   176
1004
18000000020000008C8C8CC2000000000000000000000000
1002
}
1001
ACAD_DSTYLE_DIMJAG_POSITION
1070
   387
1070
     0
1070
   389
1010
0.0
1020
0.0
1030
0.0
1001
ACAD
1000
DSTYLE
1002
{
1070
   177
1070
     0
1070
   176
1070
     0
1070
   144
1040
1.0
1002
}
  0
DIMENSION
  5
47F
330
70
100
AcDbEntity
  8
FD_Dimensions
100
AcDbDimension
280
     0
  2
*D50
 10
71.500216
 20
193.19375
 30
0.0
 11
68.343054
 21
187.69375
 31
0.0
 70
    32
 71
     5
 42
11.0
 73
     0
 74
     0
 75
     0
  3
Dim-ISO-25
100
AcDbAlignedDimension
 13
121.118974
 23
182.19375
 33
0.0
 14
116.118974
 24
193.19375
 34
0.0
 50
90.0
100
AcDbRotatedDimension
1001
ACAD_DIMASSOC_CALC_DIMLFAC
1040
-1.0
1001
ACAD_DIMASSOC_DIMLFAC
1040
-1.0
1001
ACAD_DIMASSOC_OVERRIDDEN_DIMLFAC
1040
0.0
1001
ACAD_TC
1000
DSTYLE_TC
1002
{
1070
   177
1004
18000000020000008C8C8CC2000000000000000000000000
1070
   176
1004
18000000020000008C8C8CC2000000000000000000000000
1002
}
1001
ACAD_DSTYLE_DIMJAG_POSITION
1070
   387
1070
     0
1070
   389
1010
0.0
1020
0.0
1030
0.0
1001
ACAD
1000
DSTYLE
1002
{
1070
   177
1070
     0
1070
   176
1070
     0
1070
   144
1040
1.0
1002
}
  0
DIMENSION
  5
48C
330
70
100
AcDbEntity
  8
FD_Dimensions
100
AcDbDimension
280
     0
  2
*D51
 10
71.540171
 20
244.19375
 30
0.0
 11
68.351972
 21
228.69375
 31
0.0
 70
    32
 71
     5
 42
31.0
 73
     0
 74
     0
 75
     0
  3
Dim-ISO-25
100
AcDbAlignedDimension
 13
116.118974
 23
213.19375
 33
0.0
 14
111.118974
 24
244.19375
 34
0.0
 50
90.0
100
AcDbRotatedDimension
1001
ACAD_DIMASSOC_CALC_DIMLFAC
1040
-1.0
1001
ACAD_DIMASSOC_DIMLFAC
1040
-1.0
1001
ACAD_DIMASSOC_OVERRIDDEN_DIMLFAC
1040
0.0
1001
ACAD_TC
1000
DSTYLE_TC
1002
{
1070
   177
1004
18000000020000008C8C8CC2000000000000000000000000
1070
   176
1004
18000000020000008C8C8CC2000000000000000000000000
1002
}
1001
ACAD_DSTYLE_DIMJAG_POSITION
1070
   387
1070
     0
1070
   389
1010
0.0
1020
0.0
1030
0.0
1001
ACAD
1000
DSTYLE
1002
{
1070
   177
1070
     0
1070
   176
1070
     0
1070
   144
1040
1.0
1002
}
  0
DIMENSION
  5
499
330
70
100
AcDbEntity
  8
FD_Dimensions
100
AcDbDimension
280
     0
  2
*D52
 10
121.118974
 20
173.289524
 30
0.0
 11
130.679274
 21
176.469368
 31
0.0
 70
    32
 71
     5
 42
5.0
 73
     0
 74
     0
 75
     0
  3
Dim-ISO-25
100
AcDbAlignedDimension
 13
116.118974
 23
193.19375
 33
0.0
 14
121.118974
 24
182.19375
 34
0.0
100
AcDbRotatedDimension
1001
ACAD_DIMASSOC_CALC_DIMLFAC
1040
-1.0
1001
ACAD_DIMASSOC_DIMLFAC
1040
-1.0
1001
ACAD_DIMASSOC_OVERRIDDEN_DIMLFAC
1040
0.0
1001
ACAD_TC
1000
DSTYLE_TC
1002
{
1070
   177
1004
18000000020000008C8C8CC2000000000000000000000000
1070
   176
1004
18000000020000008C8C8CC2000000000000000000000000
1002
}
1001
ACAD_DSTYLE_DIMJAG_POSITION
1070
   387
1070
     0
1070
   389
1010
0.0
1020
0.0
1030
0.0
1001
ACAD
1000
DSTYLE
1002
{
1070
   177
1070
     0
1070
   176
1070
     0
1070
   144
1040
1.0
1002
}
  0
INSERT
  5
4A8
330
70
100
AcDbEntity
  8
Smart Centers
 48
0.75
100
AcDbBlockReference
  2
*U25
 10
256.697047
 20
202.771568
 30
0.0
  0
INSERT
  5
4D8
330
70
100
AcDbEntity
  8
Smart Centers
 48
0.75
100
AcDbBlockReference
  2
*U26
 10
246.697047
 20
192.771568
 30
0.0
  0
INSERT
  5
4E2
330
70
100
AcDbEntity
  8
Smart Centers
 48
0.75
100
AcDbBlockReference
  2
*U27
 10
266.697047
 20
192.771568
 30
0.0
  0
INSERT
  5
4EC
330
70
100
AcDbEntity
  8
Smart Centers
 48
0.75
100
AcDbBlockReference
  2
*U28
 10
256.697047
 20
202.771568
 30
0.0
  0
INSERT
  5
4F6
330
70
100
AcDbEntity
  8
Smart Centers
 48
0.75
100
AcDbBlockReference
  2
*U29
 10
246.697047
 20
233.771568
 30
0.0
  0
INSERT
  5
500
330
70
100
AcDbEntity
  8
Smart Centers
 48
0.75
100
AcDbBlockReference
  2
*U30
 10
266.697047
 20
233.771568
 30
0.0
  0
INSERT
  5
50A
330
70
100
AcDbEntity
  8
Smart Centers
 48
0.75
100
AcDbBlockReference
  2
*U31
 10
256.697047
 20
202.771568
 30
0.0
  0
INSERT
  5
514
330
70
100
AcDbEntity
  8
Smart Centers
 48
0.75
100
AcDbBlockReference
  2
*U32
 10
256.697047
 20
216.771568
 30
0.0
  0
INSERT
  5
51E
330
70
100
AcDbEntity
  8
Smart Centers
 48
0.75
100
AcDbBlockReference
  2
*U33
 10
244.572691
 20
195.771568
 30
0.0
  0
INSERT
  5
528
330
70
100
AcDbEntity
  8
Smart Centers
 48
0.75
100
AcDbBlockReference
  2
*U34
 10
268.821403
 20
195.771568
 30
0.0
  0
DIMENSION
  5
532
330
70
100
AcDbEntity
  8
FD_Dimensions
100
AcDbDimension
280
     0
  2
*D53
 10
247.52692
 20
231.951868
 30
0.0
 11
239.80689
 21
248.879928
 31
0.0
 70
   163
 71
     5
 42
4.0
 73
     0
 74
     0
 75
     0
  3
Dim-ISO-25
100
AcDbDiametricDimension
 15
245.867174
 25
235.591269
 35
0.0
 40
0.0
1001
ACAD_DIMASSOC_CALC_DIMLFAC
1040
-1.0
1001
ACAD_DIMASSOC_DIMLFAC
1040
-1.0
1001
ACAD_DIMASSOC_OVERRIDDEN_DIMLFAC
1040
0.0
1001
ACAD_TC
1000
DSTYLE_TC
1002
{
1070
   176
1004
18000000020000008C8C8CC2000000000000000000000000
1070
   177
1004
18000000020000008C8C8CC2000000000000000000000000
1002
}
1001
ACAD_DSTYLE_DIMJAG_POSITION
1070
   387
1070
     0
1070
   389
1010
0.0
1020
0.0
1030
0.0
1001
ACAD_DSTYLE_DIMRADIAL_EXTENSION
1070
   387
1070
     1
1070
   388
1040
0.0
1070
   390
1040
0.0
1001
ACAD
1000
DSTYLE
1002
{
1070
   144
1040
1.0
1070
   176
1070
     0
1070
   177
1070
     0
1002
}
  0
DIMENSION
  5
53E
330
70
100
AcDbEntity
  8
FD_Dimensions
100
AcDbDimension
280
     0
  2
*D54
 10
250.887796
 20
232.132171
 30
0.0
 11
226.908093
 21
241.512896
 31
0.0
 70
   163
 71
     5
 42
9.0
 73
     0
 74
     0
 75
     0
  3
Dim-ISO-25
100
AcDbDiametricDimension
 15
242.506298
 25
235.410966
 35
0.0
 40
0.0
1001
ACAD_DIMASSOC_CALC_DIMLFAC
1040
-1.0
1001
ACAD_DIMASSOC_DIMLFAC
1040
-1.0
1001
ACAD_DIMASSOC_OVERRIDDEN_DIMLFAC
1040
0.0
1001
ACAD_TC
1000
DSTYLE_TC
1002
{
1070
   176
1004
18000000020000008C8C8CC2000000000000000000000000
1070
   177
1004
18000000020000008C8C8CC2000000000000000000000000
1002
}
1001
ACAD_DSTYLE_DIMJAG_POSITION
1070
   387
1070
     0
1070
   389
1010
0.0
1020
0.0
1030
0.0
1001
ACAD_DSTYLE_DIMRADIAL_EXTENSION
1070
   387
1070
     1
1070
   388
1040
0.0
1070
   390
1040
0.0
1001
ACAD
1000
DSTYLE
1002
{
1070
   144
1040
1.0
1070
   176
1070
     0
1070
   177
1070
     0
1002
}
  0
DIMENSION
  5
54A
330
70
100
AcDbEntity
  8
FD_Dimensions
100
AcDbDimension
280
     0
  2
*D55
 10
266.697047
 20
245.987731
 30
0.0
 11
256.697047
 21
249.174736
 31
0.0
 70
    32
 71
     5
 42
20.0
 73
     0
 74
     0
 75
     0
  3
Dim-ISO-25
100
AcDbAlignedDimension
 13
246.697047
 23
233.771568
 33
0.0
 14
266.697047
 24
233.771568
 34
0.0
100
AcDbRotatedDimension
1001
ACAD_DIMASSOC_CALC_DIMLFAC
1040
-1.0
1001
ACAD_DIMASSOC_DIMLFAC
1040
-1.0
1001
ACAD_DIMASSOC_OVERRIDDEN_DIMLFAC
1040
0.0
1001
ACAD_TC
1000
DSTYLE_TC
1002
{
1070
   177
1004
18000000020000008C8C8CC2000000000000000000000000
1070
   176
1004
18000000020000008C8C8CC2000000000000000000000000
1002
}
1001
ACAD_DSTYLE_DIMJAG_POSITION
1070
   387
1070
     0
1070
   389
1010
0.0
1020
0.0
1030
0.0
1001
ACAD
1000
DSTYLE
1002
{
1070
   177
1070
     0
1070
   176
1070
     0
1070
   144
1040
1.0
1002
}
  0
DIMENSION
  5
557
330
70
100
AcDbEntity
  8
FD_Dimensions
100
AcDbDimension
280
     0
  2
*D56
 10
277.697047
 20
255.302023
 30
0.0
 11
256.697047
 21
258.459186
 31
0.0
 70
    32
 71
     5
 42
42.0
 73
     0
 74
     0
 75
     0
  3
Dim-ISO-25
100
AcDbAlignedDimension
 13
235.697047
 23
240.771568
 33
0.0
 14
277.697047
 24
240.771568
 34
0.0
100
AcDbRotatedDimension
1001
ACAD_DIMASSOC_CALC_DIMLFAC
1040
-1.0
1001
ACAD_DIMASSOC_DIMLFAC
1040
-1.0
1001
ACAD_DIMASSOC_OVERRIDDEN_DIMLFAC
1040
0.0
1001
ACAD_TC
1000
DSTYLE_TC
1002
{
1070
   177
1004
18000000020000008C8C8CC2000000000000000000000000
1070
   176
1004
18000000020000008C8C8CC2000000000000000000000000
1002
}
1001
ACAD_DSTYLE_DIMJAG_POSITION
1070
   387
1070
     0
1070
   389
1010
0.0
1020
0.0
1030
0.0
1001
ACAD
1000
DSTYLE
1002
{
1070
   177
1070
     0
1070
   176
1070
     0
1070
   144
1040
1.0
1002
}
  0
DIMENSION
  5
564
330
70
100
AcDbEntity
  8
FD_Dimensions
100
AcDbDimension
280
     0
  2
*D57
 10
305.694835
 20
168.293016
 30
0.0
 11
302.50783
 21
202.774407
 31
0.0
 70
    32
  1
69
 71
     5
 42
68.962782
 73
     0
 74
     0
 75
     0
  3
Dim-ISO-25
100
AcDbAlignedDimension
 13
255.654047
 23
237.255799
 33
0.0
 14
255.480718
 24
168.293016
 34
0.0
 50
90.0
100
AcDbRotatedDimension
1001
ACAD_DIMASSOC_CALC_DIMLFAC
1040
-1.0
1001
ACAD_DIMASSOC_DIMLFAC
1040
-1.0
1001
ACAD_DIMASSOC_OVERRIDDEN_DIMLFAC
1040
0.0
1001
ACAD_TC
1000
DSTYLE_TC
1002
{
1070
   177
1004
18000000020000008C8C8CC2000000000000000000000000
1070
   176
1004
18000000020000008C8C8CC2000000000000000000000000
1002
}
1001
ACAD_DSTYLE_DIMJAG_POSITION
1070
   387
1070
     0
1070
   389
1010
0.0
1020
0.0
1030
0.0
1001
ACAD
1000
DSTYLE
1002
{
1070
   177
1070
     0
1070
   176
1070
     0
1070
   144
1040
1.0
1002
}
  0
DIMENSION
  5
571
330
70
100
AcDbEntity
  8
FD_Dimensions
100
AcDbDimension
280
     0
  2
*D58
 10
295.697047
 20
243.771568
 30
0.0
 11
292.539885
 21
223.271568
 31
0.0
 70
    32
 71
     5
 42
41.0
 73
     0
 74
     0
 75
     0
  3
Dim-ISO-25
100
AcDbAlignedDimension
 13
256.697047
 23
202.771568
 33
0.0
 14
274.697047
 24
243.771568
 34
0.0
 50
90.0
100
AcDbRotatedDimension
1001
ACAD_DIMASSOC_CALC_DIMLFAC
1040
-1.0
1001
ACAD_DIMASSOC_DIMLFAC
1040
-1.0
1001
ACAD_DIMASSOC_OVERRIDDEN_DIMLFAC
1040
0.0
1001
ACAD_TC
1000
DSTYLE_TC
1002
{
1070
   177
1004
18000000020000008C8C8CC2000000000000000000000000
1070
   176
1004
18000000020000008C8C8CC2000000000000000000000000
1002
}
1001
ACAD_DSTYLE_DIMJAG_POSITION
1070
   387
1070
     0
1070
   389
1010
0.0
1020
0.0
1030
0.0
1001
ACAD
1000
DSTYLE
1002
{
1070
   177
1070
     0
1070
   176
1070
     0
1070
   144
1040
1.0
1002
}
  0
DIMENSION
  5
57E
330
70
100
AcDbEntity
  8
FD_Dimensions
100
AcDbDimension
280
     0
  2
*D59
 10
290.462935
 20
243.771568
 30
0.0
 11
290.462935
 21
251.007687
 31
0.0
 70
   160
 71
     5
 42
10.0
 73
     0
 74
     0
 75
     0
  3
Dim-ISO-25
100
AcDbAlignedDimension
 13
266.697047
 23
233.771568
 33
0.0
 14
274.697047
 24
243.771568
 34
0.0
 50
90.0
100
AcDbRotatedDimension
1001
ACAD_DIMASSOC_CALC_DIMLFAC
1040
-1.0
1001
ACAD_DIMASSOC_DIMLFAC
1040
-1.0
1001
ACAD_DIMASSOC_OVERRIDDEN_DIMLFAC
1040
0.0
1001
ACAD_DSTYLE_DIMJAG_POSITION
1070
   387
1070
     0
1070
   389
1010
0.0
1020
0.0
1030
0.0
1001
ACAD
1000
DSTYLE
1002
{
1070
   144
1040
1.0
1002
}
  0
SPLINE
  5
851
330
70
100
AcDbEntity
  8
Visible
100
AcDbSpline
210
0.0
220
0.0
230
1.0
 70
     8
 71
     3
 72
    18
 73
    14
 74
     0
 42
0.000000001
 43
0.0000000001
 40
0.0
 40
0.0
 40
0.0
 40
0.0
 40
0.0997697995842802
 40
0.0997697995842802
 40
0.2036182533882577
 40
0.2036182533882577
 40
0.3115435879388912
 40
0.3115435879388912
 40
0.4235439669756798
 40
0.4235439669756798
 40
0.4944279487992515
 40
0.4944279487992515
 40
0.5668473060480903
 40
0.5668473060480903
 40
0.5668473060480903
 40
0.5668473060480903
 10
118.032440100229
 20
194.8297368614187
 30
-0.000000000001819
 10
118.2747865840029
 20
194.6019906754223
 30
-0.000000000001819
 10
118.4693740411239
 20
194.3282713764654
 30
-0.000000000001819
 10
118.7508441443205
 20
193.7099942581109
 30
-0.000000000001819
 10
118.8302350375779
 20
193.3692514153564
 30
-0.000000000001819
 10
118.8570676622948
 20
192.6626150188089
 30
-0.000000000001819
 10
118.7990129684604
 20
192.3033677289203
 30
-0.000000000001819
 10
118.5460822728219
 20
191.6132899184479
 30
-0.000000000001819
 10
118.348735420921
 20
191.2909518450564
 30
-0.000000000001819
 10
117.9360215700126
 20
190.8395069774183
 30
-0.000000000001819
 10
117.755412484983
 20
190.684585565815
 30
-0.000000000001819
 10
117.3571871376334
 20
190.4177246812033
 30
-0.000000000001819
 10
117.1403241935259
 20
190.3077658061187
 30
-0.000000000001819
 10
116.9127733860969
 20
190.224526704298
 30
-0.000000000001819
  0
SPLINE
  5
852
330
70
100
AcDbEntity
  8
Visible
100
AcDbSpline
210
0.0
220
0.0
230
1.0
 70
     8
 71
     3
 72
    20
 73
    16
 74
     0
 42
0.000000001
 43
0.0000000001
 40
-4.556356157692494
 40
-4.556356157692494
 40
-4.556356157692494
 40
-4.556356157692494
 40
-4.207204805287339
 40
-4.207204805287339
 40
-4.207204805287339
 40
-3.121350152294072
 40
-3.121350152294072
 40
-3.121350152294072
 40
-2.049253471087786
 40
-2.049253471087786
 40
-2.049253471087786
 40
-0.9649789893879841
 40
-0.9649789893879841
 40
-0.9649789893879841
 40
-0.0000000000000159
 40
-0.0000000000000159
 40
-0.0000000000000159
 40
-0.0000000000000159
 10
114.2097540842078
 20
194.8248563773589
 30
-0.000000000001819
 10
114.0180088703291
 20
194.6039340400817
 30
-0.000000000001819
 10
113.8640177616653
 20
194.350825673531
 30
-0.000000000001819
 10
113.7612881691002
 20
194.0764292626761
 30
-0.000000000001819
 10
113.4418009171695
 20
193.2230611819316
 30
-0.000000000001819
 10
113.6329689096728
 20
192.1998212847029
 30
-0.000000000001819
 10
114.2390143348366
 20
191.5193669305986
 30
-0.000000000001819
 10
114.8373810565572
 20
190.847534054314
 30
-0.000000000001819
 10
115.8140748180904
 20
190.5377668224369
 30
-0.000000000001819
 10
116.6902711807033
 20
190.7419287225651
 30
-0.000000000001819
 10
117.5764201387155
 20
190.9484096699692
 30
-0.000000000001819
 10
118.3216081011342
 20
191.672531698587
 30
-0.000000000001819
 10
118.55340891786
 20
192.5523968807552
 30
-0.000000000001819
 10
118.759706236151
 20
193.3354563630324
 30
-0.000000000001819
 10
118.55867119295
 20
194.214252033522
 30
-0.000000000001819
 10
118.032440100229
 20
194.8297368614187
 30
-0.000000000001819
  0
SPLINE
  5
853
330
70
100
AcDbEntity
  8
Visible
100
AcDbSpline
210
0.0
220
0.0
230
1.0
 70
     8
 71
     3
 72
    18
 73
    14
 74
     0
 42
0.000000001
 43
0.0000000001
 40
0.0
 40
0.0
 40
0.0
 40
0.0
 40
0.1175875342061788
 40
0.1175875342061788
 40
0.2310873402002972
 40
0.2310873402002972
 40
0.3404977865046837
 40
0.3404977865046837
 40
0.4458173180377746
 40
0.4458173180377746
 40
0.5082967311840431
 40
0.5082967311840431
 40
0.5692486103994239
 40
0.5692486103994239
 40
0.5692486103994239
 40
0.5692486103994239
 10
115.3251748210295
 20
190.224526704298
 30
-0.000000000001819
 10
114.9570718437044
 20
190.3591804177093
 30
-0.000000000001819
 10
114.6183071385185
 20
190.5632552803461
 30
-0.000000000001819
 10
114.0500132224297
 20
191.0823801461896
 30
-0.000000000001819
 10
113.8224644332022
 20
191.3885176820869
 30
-0.000000000001819
 10
113.5057653947115
 20
192.0594107446447
 30
-0.000000000001819
 10
113.4149481977329
 20
192.4154162154006
 30
-0.000000000001819
 10
113.3781970456693
 20
193.1285475436987
 30
-0.000000000001819
 10
113.427386117446
 20
193.4784840800723
 30
-0.000000000001819
 10
113.6123082503363
 20
194.0044599485124
 30
-0.000000000001819
 10
113.7040760005257
 20
194.1914800950577
 30
-0.000000000001819
 10
113.9278222129851
 20
194.5350866184238
 30
-0.000000000001819
 10
114.0579889091295
 20
194.6911050392035
 30
-0.000000000001819
 10
114.2055081068974
 20
194.8297368614186
 30
-0.000000000001819
  0
ARC
  5
854
330
70
100
AcDbEntity
  8
Visible
100
AcDbCircle
 10
-116.118974
 20
193.19375
 30
0.0
 40
3.073500000000002
210
0.0000000000000001
220
0.0
230
-1.0
100
AcDbArc
 50
255.032441
 51
284.967559
  0
ARC
  5
855
330
70
100
AcDbEntity
  8
Visible
100
AcDbCircle
 10
-116.118974
 20
193.19375
 30
0.0
 40
2.5175
210
0.0000000000000001
220
0.0
230
-1.0
100
AcDbArc
 50
40.529989
 51
139.470011
  0
SPLINE
  5
856
330
70
100
AcDbEntity
  8
Visible
100
AcDbSpline
210
0.0
220
0.0
230
1.0
 70
     8
 71
     3
 72
    18
 73
    14
 74
     0
 42
0.000000001
 43
0.0000000001
 40
0.0
 40
0.0
 40
0.0
 40
0.0
 40
0.0997697995842784
 40
0.0997697995842784
 40
0.2036182533882522
 40
0.2036182533882522
 40
0.3115435879388854
 40
0.3115435879388854
 40
0.4235439669756726
 40
0.4235439669756726
 40
0.494427948799244
 40
0.494427948799244
 40
0.5668473060480796
 40
0.5668473060480796
 40
0.5668473060480796
 40
0.5668473060480796
 10
118.032440100229
 20
214.8297368614187
 30
-0.000000000001819
 10
118.2747865840047
 20
214.6019906754223
 30
-0.000000000001819
 10
118.4693740411258
 20
214.3282713764654
 30
-0.000000000001819
 10
118.7508441443205
 20
213.7099942581109
 30
-0.000000000001819
 10
118.8302350375779
 20
213.3692514153564
 30
-0.000000000001819
 10
118.8570676622948
 20
212.6626150188089
 30
-0.000000000001819
 10
118.7990129684604
 20
212.3033677289203
 30
-0.000000000001819
 10
118.5460822728219
 20
211.6132899184479
 30
-0.000000000001819
 10
118.348735420921
 20
211.2909518450564
 30
-0.000000000001819
 10
117.9360215700126
 20
210.8395069774183
 30
-0.000000000001819
 10
117.755412484983
 20
210.6845855658149
 30
-0.000000000001819
 10
117.3571871376334
 20
210.4177246812033
 30
-0.000000000001819
 10
117.1403241935259
 20
210.3077658061188
 30
-0.000000000001819
 10
116.9127733860969
 20
210.224526704298
 30
-0.000000000001819
  0
SPLINE
  5
857
330
70
100
AcDbEntity
  8
Visible
100
AcDbSpline
210
0.0
220
0.0
230
1.0
 70
     8
 71
     3
 72
    20
 73
    16
 74
     0
 42
0.000000001
 43
0.0000000001
 40
-4.556356157692498
 40
-4.556356157692498
 40
-4.556356157692498
 40
-4.556356157692498
 40
-3.631733104670865
 40
-3.631733104670865
 40
-3.631733104670865
 40
-2.55372435962479
 40
-2.55372435962479
 40
-2.55372435962479
 40
-1.48709011205487
 40
-1.48709011205487
 40
-1.48709011205487
 40
-0.416520688323852
 40
-0.416520688323852
 40
-0.416520688323852
 40
-0.0000000000000438
 40
-0.0000000000000438
 40
-0.0000000000000438
 40
-0.0000000000000438
 10
114.2071045650573
 20
214.8290730782021
 30
-0.000000000001819
 10
113.7088759836806
 20
214.236951266538
 30
-0.000000000001819
 10
113.4934084075266
 20
213.4088119033027
 30
-0.000000000001819
 10
113.6606460153671
 20
212.6511362958905
 30
-0.000000000001819
 10
113.8556266652267
 20
211.767769903468
 30
-0.000000000001819
 10
114.5635277794099
 20
211.0173428441052
 30
-0.000000000001819
 10
115.434031205179
 20
210.7712180326666
 30
-0.000000000001819
 10
116.2953496043283
 20
210.5276901816509
 30
-0.000000000001819
 10
117.2799067253782
 20
210.7872549257535
 30
-0.000000000001819
 10
117.9092152097364
 20
211.4237657508372
 30
-0.000000000001819
 10
118.54084542692
 20
212.0626248806289
 30
-0.000000000001819
 10
118.7883689962145
 20
213.055059802366
 30
-0.000000000001819
 10
118.5307322993103
 20
213.9157113296327
 30
-0.000000000001819
 10
118.4304949751804
 20
214.2505603908872
 30
-0.000000000001819
 10
118.2595809389076
 20
214.5640708034136
 30
-0.000000000001819
 10
118.032440100229
 20
214.8297368614187
 30
-0.000000000001819
  0
SPLINE
  5
858
330
70
100
AcDbEntity
  8
Visible
100
AcDbSpline
210
0.0
220
0.0
230
1.0
 70
     8
 71
     3
 72
    18
 73
    14
 74
     0
 42
0.000000001
 43
0.0000000001
 40
0.0
 40
0.0
 40
0.0
 40
0.0
 40
0.1175875342061779
 40
0.1175875342061779
 40
0.2310873402002957
 40
0.2310873402002957
 40
0.3404977865046801
 40
0.3404977865046801
 40
0.4458173180377674
 40
0.4458173180377674
 40
0.5082967311840307
 40
0.5082967311840307
 40
0.5692486103994183
 40
0.5692486103994183
 40
0.5692486103994183
 40
0.5692486103994183
 10
115.3251748210314
 20
210.224526704298
 30
-0.000000000001819
 10
114.9570718437044
 20
210.3591804177093
 30
-0.000000000001819
 10
114.6183071385185
 20
210.5632552803461
 30
-0.000000000001819
 10
114.0500132224297
 20
211.0823801461896
 30
-0.000000000001819
 10
113.822464433204
 20
211.388517682087
 30
-0.000000000001819
 10
113.5057653947115
 20
212.0594107446447
 30
-0.000000000001819
 10
113.4149481977329
 20
212.4154162154006
 30
-0.000000000001819
 10
113.3781970456693
 20
213.1285475436988
 30
-0.000000000001819
 10
113.427386117446
 20
213.4784840800724
 30
-0.000000000001819
 10
113.6123082503363
 20
214.0044599485124
 30
-0.000000000001819
 10
113.7040760005257
 20
214.1914800950578
 30
-0.000000000001819
 10
113.9278222129851
 20
214.5350866184239
 30
-0.000000000001819
 10
114.0579889091295
 20
214.6911050392035
 30
-0.000000000001819
 10
114.2055081068974
 20
214.8297368614186
 30
-0.000000000001819
  0
ARC
  5
859
330
70
100
AcDbEntity
  8
Visible
100
AcDbCircle
 10
-116.118974
 20
213.19375
 30
0.0
 40
3.073499999999998
210
0.0000000000000001
220
0.0
230
-1.0
100
AcDbArc
 50
255.032441
 51
284.967559
  0
ARC
  5
85A
330
70
100
AcDbEntity
  8
Visible
100
AcDbCircle
 10
-116.118974
 20
213.19375
 30
0.0
 40
2.5175
210
0.0000000000000001
220
0.0
230
-1.0
100
AcDbArc
 50
40.529989
 51
139.470011
  0
LINE
  5
85B
330
70
100
AcDbEntity
  8
Visible
100
AcDbLine
 10
111.118974
 20
182.19375
 30
0.0
 11
111.118974
 21
185.19375
 31
0.0
210
0.0
220
1.0
230
0.0
  0
LINE
  5
85C
330
70
100
AcDbEntity
  8
Visible
100
AcDbLine
 10
111.118974
 20
185.19375
 30
0.0
 11
111.118974
 21
203.19375
 31
0.0
210
0.0
220
1.0
230
0.0
  0
LINE
  5
85D
330
70
100
AcDbEntity
  8
Visible
100
AcDbLine
 10
111.118974
 20
182.19375
 30
0.0
 11
121.118974
 21
182.19375
 31
0.0
210
0.0
220
1.0
230
0.0
  0
LINE
  5
85E
330
70
100
AcDbEntity
  8
Visible
100
AcDbLine
 10
111.118974
 20
241.19375
 30
0.0
 11
111.118974
 21
244.19375
 31
0.0
210
0.0
220
1.0
230
0.0
  0
LINE
  5
85F
330
70
100
AcDbEntity
  8
Visible
100
AcDbLine
 10
111.118974
 20
203.19375
 30
0.0
 11
111.118974
 21
241.19375
 31
0.0
210
0.0
220
1.0
230
0.0
  0
LINE
  5
860
330
70
100
AcDbEntity
  8
Visible
100
AcDbLine
 10
121.118974
 20
244.19375
 30
0.0
 11
111.118974
 21
244.19375
 31
0.0
210
0.0
220
1.0
230
0.0
  0
LINE
  5
861
330
70
100
AcDbEntity
  8
Visible
100
AcDbLine
 10
121.118974
 20
244.19375
 30
0.0
 11
121.118974
 21
241.19375
 31
0.0
210
0.0
220
1.0
230
0.0
  0
LINE
  5
862
330
70
100
AcDbEntity
  8
Visible
100
AcDbLine
 10
121.118974
 20
185.19375
 30
0.0
 11
121.118974
 21
182.19375
 31
0.0
210
0.0
220
1.0
230
0.0
  0
LINE
  5
863
330
70
100
AcDbEntity
  8
Visible
100
AcDbLine
 10
121.118974
 20
185.19375
 30
0.0
 11
121.118974
 21
241.19375
 31
0.0
210
0.0
220
1.0
230
0.0
  0
LINE
  5
864
330
70
100
AcDbEntity
  8
Visible
100
AcDbLine
 10
166.718974
 20
229.59375
 30
0.0
 11
169.518974
 21
229.59375
 31
0.0
210
0.0
220
1.0
230
0.0
  0
LINE
  5
865
330
70
100
AcDbEntity
  8
Visible
100
AcDbLine
 10
164.368974
 20
229.59375
 30
0.0
 11
165.768974
 21
229.59375
 31
0.0
210
0.0
220
1.0
230
0.0
  0
LINE
  5
866
330
70
100
AcDbEntity
  8
Visible
100
AcDbLine
 10
166.718974
 20
227.79375
 30
0.0
 11
165.768974
 21
227.79375
 31
0.0
210
0.0
220
1.0
230
0.0
  0
LINE
  5
867
330
70
100
AcDbEntity
  8
Visible
100
AcDbLine
 10
166.718974
 20
229.59375
 30
0.0
 11
166.718974
 21
227.79375
 31
0.0
210
0.0
220
1.0
230
0.0
  0
LINE
  5
868
330
70
100
AcDbEntity
  8
Visible
100
AcDbLine
 10
165.768974
 20
227.79375
 30
0.0
 11
165.768974
 21
229.59375
 31
0.0
210
0.0
220
1.0
230
0.0
  0
LINE
  5
869
330
70
100
AcDbEntity
  8
Visible
100
AcDbLine
 10
164.368974
 20
229.59375
 30
0.0
 11
164.368974
 21
226.69375
 31
0.0
210
0.0
220
1.0
230
0.0
  0
LINE
  5
86A
330
70
100
AcDbEntity
  8
Visible
100
AcDbLine
 10
166.468974
 20
227.79375
 30
0.0
 11
166.468974
 21
228.819002
 31
0.0
210
0.0
220
1.0
230
0.0
  0
LINE
  5
86B
330
70
100
AcDbEntity
  8
Visible
100
AcDbLine
 10
166.068974
 20
228.819002
 30
0.0
 11
166.468974
 21
228.819002
 31
0.0
210
0.0
220
1.0
230
0.0
  0
LINE
  5
86C
330
70
100
AcDbEntity
  8
Visible
100
AcDbLine
 10
166.068974
 20
227.79375
 30
0.0
 11
166.068974
 21
228.819002
 31
0.0
210
0.0
220
1.0
230
0.0
  0
LINE
  5
86D
330
70
100
AcDbEntity
  8
Visible
100
AcDbLine
 10
166.368974
 20
229.09375
 30
0.0
 11
166.168974
 21
229.09375
 31
0.0
210
0.0
220
1.0
230
0.0
  0
LINE
  5
86E
330
70
100
AcDbEntity
  8
Visible
100
AcDbLine
 10
166.368974
 20
229.09375
 30
0.0
 11
166.468974
 21
228.819002
 31
0.0
210
0.0
220
1.0
230
0.0
  0
LINE
  5
86F
330
70
100
AcDbEntity
  8
Visible
100
AcDbLine
 10
166.168974
 20
229.09375
 30
0.0
 11
166.068974
 21
228.819002
 31
0.0
210
0.0
220
1.0
230
0.0
  0
LINE
  5
870
330
70
100
AcDbEntity
  8
Visible
100
AcDbLine
 10
169.518974
 20
227.69375
 30
0.0
 11
169.518974
 21
229.59375
 31
0.0
210
0.0
220
1.0
230
0.0
  0
LINE
  5
871
330
70
100
AcDbEntity
  8
Visible
100
AcDbLine
 10
142.170174
 20
182.24775
 30
0.0
 11
164.331774
 21
182.24775
 31
0.0
210
0.0
220
1.0
230
0.0
  0
LINE
  5
872
330
70
100
AcDbEntity
  8
Visible
100
AcDbLine
 10
164.331774
 20
224.13975
 30
0.0
 11
142.170174
 21
224.13975
 31
0.0
210
0.0
220
1.0
230
0.0
  0
LINE
  5
873
330
70
100
AcDbEntity
  8
Visible
100
AcDbLine
 10
169.518974
 20
227.69375
 30
0.0
 11
170.218974
 21
227.69375
 31
0.0
210
0.0
220
1.0
230
0.0
  0
LINE
  5
874
330
70
100
AcDbEntity
  8
Visible
100
AcDbLine
 10
170.218974
 20
224.19375
 30
0.0
 11
170.218974
 21
227.69375
 31
0.0
210
0.0
220
1.0
230
0.0
  0
LINE
  5
875
330
70
100
AcDbEntity
  8
Visible
100
AcDbLine
 10
169.518974
 20
226.69375
 30
0.0
 11
169.518974
 21
227.69375
 31
0.0
210
0.0
220
1.0
230
0.0
  0
LINE
  5
876
330
70
100
AcDbEntity
  8
Visible
100
AcDbLine
 10
164.331774
 20
226.69375
 30
0.0
 11
169.518974
 21
226.69375
 31
0.0
210
0.0
220
1.0
230
0.0
  0
LINE
  5
877
330
70
100
AcDbEntity
  8
Visible
100
AcDbLine
 10
164.331774
 20
224.19375
 30
0.0
 11
164.331774
 21
226.69375
 31
0.0
210
0.0
220
1.0
230
0.0
  0
ARC
  5
878
330
70
100
AcDbEntity
  8
Visible
100
AcDbCircle
 10
134.634049
 20
223.19375
 30
0.0
 40
0.9999999999999962
100
AcDbArc
 50
90.0
 51
110.0
  0
LINE
  5
879
330
70
100
AcDbEntity
  8
Visible
100
AcDbLine
 10
142.170174
 20
224.19375
 30
0.0
 11
142.170174
 21
223.900856
 31
0.0
210
0.0
220
1.0
230
0.0
  0
LINE
  5
87A
330
70
100
AcDbEntity
  8
Visible
100
AcDbLine
 10
142.170174
 20
224.19375
 30
0.0
 11
134.634049
 21
224.19375
 31
0.0
210
0.0
220
1.0
230
0.0
  0
LINE
  5
87B
330
70
100
AcDbEntity
  8
Visible
100
AcDbLine
 10
134.292029
 20
224.133442
 30
0.0
 11
134.182974
 21
224.09375
 31
0.0
210
0.0
220
1.0
230
0.0
  0
LINE
  5
87C
330
70
100
AcDbEntity
  8
Visible
100
AcDbLine
 10
142.170174
 20
220.646643
 30
0.0
 11
142.170174
 21
219.939536
 31
0.0
210
0.0
220
1.0
230
0.0
  0
ARC
  5
87D
330
70
100
AcDbEntity
  8
Visible
100
AcDbCircle
 10
134.634049
 20
183.19375
 30
0.0
 40
1.0
100
AcDbArc
 50
250.0
 51
270.0
  0
LINE
  5
87E
330
70
100
AcDbEntity
  8
Visible
100
AcDbLine
 10
142.170174
 20
182.486643
 30
0.0
 11
142.170174
 21
182.19375
 31
0.0
210
0.0
220
1.0
230
0.0
  0
LINE
  5
87F
330
70
100
AcDbEntity
  8
Visible
100
AcDbLine
 10
134.634049
 20
182.19375
 30
0.0
 11
142.170174
 21
182.19375
 31
0.0
210
0.0
220
1.0
230
0.0
  0
LINE
  5
880
330
70
100
AcDbEntity
  8
Visible
100
AcDbLine
 10
142.170174
 20
186.447963
 30
0.0
 11
142.170174
 21
185.740856
 31
0.0
210
0.0
220
1.0
230
0.0
  0
LINE
  5
881
330
70
100
AcDbEntity
  8
Visible
100
AcDbLine
 10
134.182974
 20
182.29375
 30
0.0
 11
134.292029
 21
182.254057
 31
0.0
210
0.0
220
1.0
230
0.0
  0
LINE
  5
882
330
70
100
AcDbEntity
  8
Visible
100
AcDbLine
 10
142.170174
 20
220.646643
 30
0.0
 11
142.170174
 21
223.900856
 31
0.0
210
0.0
220
1.0
230
0.0
  0
LINE
  5
883
330
70
100
AcDbEntity
  8
Visible
100
AcDbLine
 10
142.170174
 20
219.939536
 30
0.0
 11
142.170174
 21
186.447963
 31
0.0
210
0.0
220
1.0
230
0.0
  0
LINE
  5
884
330
70
100
AcDbEntity
  8
Visible
100
AcDbLine
 10
142.170174
 20
182.486643
 30
0.0
 11
142.170174
 21
185.740856
 31
0.0
210
0.0
220
1.0
230
0.0
  0
LINE
  5
885
330
70
100
AcDbEntity
  8
Visible
100
AcDbLine
 10
134.182974
 20
219.923095
 30
0.0
 11
134.182974
 21
220.658023
 31
0.0
210
0.0
220
1.0
230
0.0
  0
LINE
  5
886
330
70
100
AcDbEntity
  8
Visible
100
AcDbLine
 10
134.182974
 20
186.464404
 30
0.0
 11
134.182974
 21
219.923095
 31
0.0
210
0.0
220
1.0
230
0.0
  0
LINE
  5
887
330
70
100
AcDbEntity
  8
Visible
100
AcDbLine
 10
134.182974
 20
185.729476
 30
0.0
 11
134.182974
 21
186.464404
 31
0.0
210
0.0
220
1.0
230
0.0
  0
LINE
  5
888
330
70
100
AcDbEntity
  8
Visible
100
AcDbLine
 10
134.182974
 20
182.498514
 30
0.0
 11
134.182974
 21
185.729476
 31
0.0
210
0.0
220
1.0
230
0.0
  0
LINE
  5
889
330
70
100
AcDbEntity
  8
Visible
100
AcDbLine
 10
134.182974
 20
182.194097
 30
0.0
 11
134.182974
 21
182.498514
 31
0.0
210
0.0
220
1.0
230
0.0
  0
LINE
  5
88A
330
70
100
AcDbEntity
  8
Visible
100
AcDbLine
 10
134.182974
 20
223.888985
 30
0.0
 11
134.182974
 21
224.193402
 31
0.0
210
0.0
220
1.0
230
0.0
  0
LINE
  5
88B
330
70
100
AcDbEntity
  8
Visible
100
AcDbLine
 10
134.182974
 20
220.658023
 30
0.0
 11
134.182974
 21
223.888985
 31
0.0
210
0.0
220
1.0
230
0.0
  0
LINE
  5
88C
330
70
100
AcDbEntity
  8
Visible
100
AcDbLine
 10
129.118974
 20
219.923095
 30
0.0
 11
129.118974
 21
220.658023
 31
0.0
210
0.0
220
1.0
230
0.0
  0
LINE
  5
88D
330
70
100
AcDbEntity
  8
Visible
100
AcDbLine
 10
129.118974
 20
220.658023
 30
0.0
 11
129.118974
 21
223.888985
 31
0.0
210
0.0
220
1.0
230
0.0
  0
LINE
  5
88E
330
70
100
AcDbEntity
  8
Visible
100
AcDbLine
 10
134.182974
 20
224.193402
 30
0.0
 11
129.118974
 21
224.193402
 31
0.0
210
0.0
220
1.0
230
0.0
  0
LINE
  5
88F
330
70
100
AcDbEntity
  8
Visible
100
AcDbLine
 10
129.118974
 20
223.888985
 30
0.0
 11
129.118974
 21
224.193402
 31
0.0
210
0.0
220
1.0
230
0.0
  0
LINE
  5
890
330
70
100
AcDbEntity
  8
Visible
100
AcDbLine
 10
134.182974
 20
182.194097
 30
0.0
 11
129.118974
 21
182.194097
 31
0.0
210
0.0
220
1.0
230
0.0
  0
LINE
  5
891
330
70
100
AcDbEntity
  8
Visible
100
AcDbLine
 10
129.118974
 20
182.194097
 30
0.0
 11
129.118974
 21
182.498514
 31
0.0
210
0.0
220
1.0
230
0.0
  0
LINE
  5
892
330
70
100
AcDbEntity
  8
Visible
100
AcDbLine
 10
129.118974
 20
182.498514
 30
0.0
 11
129.118974
 21
185.729476
 31
0.0
210
0.0
220
1.0
230
0.0
  0
LINE
  5
893
330
70
100
AcDbEntity
  8
Visible
100
AcDbLine
 10
129.118974
 20
185.729476
 30
0.0
 11
129.118974
 21
186.464404
 31
0.0
210
0.0
220
1.0
230
0.0
  0
LINE
  5
894
330
70
100
AcDbEntity
  8
Visible
100
AcDbLine
 10
129.118974
 20
186.464404
 30
0.0
 11
129.118974
 21
219.923095
 31
0.0
210
0.0
220
1.0
230
0.0
  0
LINE
  5
895
330
70
100
AcDbEntity
  8
Visible
100
AcDbLine
 10
164.331774
 20
182.19375
 30
0.0
 11
164.331774
 21
182.486643
 31
0.0
210
0.0
220
1.0
230
0.0
  0
LINE
  5
896
330
70
100
AcDbEntity
  8
Visible
100
AcDbLine
 10
164.331774
 20
182.486643
 30
0.0
 11
164.331774
 21
185.740856
 31
0.0
210
0.0
220
1.0
230
0.0
  0
LINE
  5
897
330
70
100
AcDbEntity
  8
Visible
100
AcDbLine
 10
164.331774
 20
185.740856
 30
0.0
 11
164.331774
 21
186.447963
 31
0.0
210
0.0
220
1.0
230
0.0
  0
LINE
  5
898
330
70
100
AcDbEntity
  8
Visible
100
AcDbLine
 10
164.331774
 20
219.939536
 30
0.0
 11
164.331774
 21
186.447963
 31
0.0
210
0.0
220
1.0
230
0.0
  0
LINE
  5
899
330
70
100
AcDbEntity
  8
Visible
100
AcDbLine
 10
164.331774
 20
219.939536
 30
0.0
 11
164.331774
 21
220.646643
 31
0.0
210
0.0
220
1.0
230
0.0
  0
LINE
  5
89A
330
70
100
AcDbEntity
  8
Visible
100
AcDbLine
 10
164.331774
 20
220.646643
 30
0.0
 11
164.331774
 21
223.900856
 31
0.0
210
0.0
220
1.0
230
0.0
  0
LINE
  5
89B
330
70
100
AcDbEntity
  8
Visible
100
AcDbLine
 10
164.331774
 20
223.900856
 30
0.0
 11
164.331774
 21
224.19375
 31
0.0
210
0.0
220
1.0
230
0.0
  0
LINE
  5
89C
330
70
100
AcDbEntity
  8
Visible
100
AcDbLine
 10
172.858974
 20
228.19375
 30
0.0
 11
170.918974
 21
228.19375
 31
0.0
210
0.0
220
1.0
230
0.0
  0
LINE
  5
89D
330
70
100
AcDbEntity
  8
Visible
100
AcDbLine
 10
170.918974
 20
224.39375
 30
0.0
 11
170.918974
 21
224.19375
 31
0.0
210
0.0
220
1.0
230
0.0
  0
LINE
  5
89E
330
70
100
AcDbEntity
  8
Visible
100
AcDbLine
 10
170.918974
 20
224.39375
 30
0.0
 11
170.918974
 21
227.43375
 31
0.0
210
0.0
220
1.0
230
0.0
  0
LINE
  5
89F
330
70
100
AcDbEntity
  8
Visible
100
AcDbLine
 10
170.918974
 20
227.43375
 30
0.0
 11
170.918974
 21
228.19375
 31
0.0
210
0.0
220
1.0
230
0.0
  0
ARC
  5
8A0
330
70
100
AcDbEntity
  8
Visible
100
AcDbCircle
 10
172.856974
 20
182.95575
 30
0.0
 40
0.7619999999999961
100
AcDbArc
 50
270.0
 51
0.0
  0
LINE
  5
8A1
330
70
100
AcDbEntity
  8
Visible
100
AcDbLine
 10
164.331774
 20
182.19375
 30
0.0
 11
172.856974
 21
182.19375
 31
0.0
210
0.0
220
1.0
230
0.0
  0
LINE
  5
8A2
330
70
100
AcDbEntity
  8
Visible
100
AcDbLine
 10
173.618974
 20
186.447963
 30
0.0
 11
173.618974
 21
219.939536
 31
0.0
210
0.0
220
1.0
230
0.0
  0
LINE
  5
8A3
330
70
100
AcDbEntity
  8
Visible
100
AcDbLine
 10
173.618974
 20
186.447963
 30
0.0
 11
173.618974
 21
186.279672
 31
0.0
210
0.0
220
1.0
230
0.0
  0
LINE
  5
8A4
330
70
100
AcDbEntity
  8
Visible
100
AcDbLine
 10
173.618974
 20
186.279672
 30
0.0
 11
173.618974
 21
183.025458
 31
0.0
210
0.0
220
1.0
230
0.0
  0
LINE
  5
8A5
330
70
100
AcDbEntity
  8
Visible
100
AcDbLine
 10
173.618974
 20
183.025458
 30
0.0
 11
173.618974
 21
182.95575
 31
0.0
210
0.0
220
1.0
230
0.0
  0
LINE
  5
8A6
330
70
100
AcDbEntity
  8
Visible
100
AcDbLine
 10
172.856974
 20
224.19375
 30
0.0
 11
164.331774
 21
224.19375
 31
0.0
210
0.0
220
1.0
230
0.0
  0
LINE
  5
8A7
330
70
100
AcDbEntity
  8
Visible
100
AcDbLine
 10
173.618974
 20
223.43175
 30
0.0
 11
173.618974
 21
223.362041
 31
0.0
210
0.0
220
1.0
230
0.0
  0
ARC
  5
8A8
330
70
100
AcDbEntity
  8
Visible
100
AcDbCircle
 10
172.856974
 20
223.43175
 30
0.0
 40
0.7619999999999921
100
AcDbArc
 50
0.0
 51
90.0
  0
LINE
  5
8A9
330
70
100
AcDbEntity
  8
Visible
100
AcDbLine
 10
173.618974
 20
223.362041
 30
0.0
 11
173.618974
 21
220.107828
 31
0.0
210
0.0
220
1.0
230
0.0
  0
LINE
  5
8AA
330
70
100
AcDbEntity
  8
Visible
100
AcDbLine
 10
173.618974
 20
220.107828
 30
0.0
 11
173.618974
 21
219.939536
 31
0.0
210
0.0
220
1.0
230
0.0
  0
LINE
  5
8AB
330
70
100
AcDbEntity
  8
Visible
100
AcDbLine
 10
173.618974
 20
223.63175
 30
0.0
 11
173.618974
 21
227.43375
 31
0.0
210
0.0
220
1.0
230
0.0
  0
LINE
  5
8AC
330
70
100
AcDbEntity
  8
Visible
100
AcDbLine
 10
173.618974
 20
223.43175
 30
0.0
 11
173.618974
 21
223.63175
 31
0.0
210
0.0
220
1.0
230
0.0
  0
ARC
  5
8AD
330
70
100
AcDbEntity
  8
Visible
100
AcDbCircle
 10
172.858974
 20
227.43375
 30
0.0
 40
0.7600000000000012
100
AcDbArc
 50
0.0
 51
90.0
  0
LINE
  5
8AE
330
70
100
AcDbEntity
  8
Visible
100
AcDbLine
 10
104.118974
 20
237.352864
 30
0.0
 11
104.118974
 21
237.678346
 31
0.0
210
0.0
220
1.0
230
0.0
  0
LINE
  5
8AF
330
70
100
AcDbEntity
  8
Visible
100
AcDbLine
 10
104.118974
 20
237.352864
 30
0.0
 11
104.118974
 21
237.07229
 31
0.0
210
0.0
220
1.0
230
0.0
  0
LINE
  5
8B0
330
70
100
AcDbEntity
  8
Visible
100
AcDbLine
 10
104.118974
 20
237.057538
 30
0.0
 11
104.118974
 21
237.07229
 31
0.0
210
0.0
220
1.0
230
0.0
  0
LINE
  5
8B1
330
70
100
AcDbEntity
  8
Visible
100
AcDbLine
 10
104.118974
 20
236.312506
 30
0.0
 11
104.118974
 21
237.057538
 31
0.0
210
0.0
220
1.0
230
0.0
  0
LINE
  5
8B2
330
70
100
AcDbEntity
  8
Visible
100
AcDbLine
 10
104.118974
 20
235.796799
 30
0.0
 11
104.118974
 21
236.312506
 31
0.0
210
0.0
220
1.0
230
0.0
  0
LINE
  5
8B3
330
70
100
AcDbEntity
  8
Visible
100
AcDbLine
 10
104.118974
 20
235.796799
 30
0.0
 11
104.118974
 21
233.462605
 31
0.0
210
0.0
220
1.0
230
0.0
  0
LINE
  5
8B4
330
70
100
AcDbEntity
  8
Visible
100
AcDbLine
 10
104.118974
 20
233.362163
 30
0.0
 11
104.118974
 21
233.462605
 31
0.0
210
0.0
220
1.0
230
0.0
  0
LINE
  5
8B5
330
70
100
AcDbEntity
  8
Visible
100
AcDbLine
 10
104.118974
 20
231.705138
 30
0.0
 11
104.118974
 21
233.362163
 31
0.0
210
0.0
220
1.0
230
0.0
  0
LINE
  5
8B6
330
70
100
AcDbEntity
  8
Visible
100
AcDbLine
 10
104.118974
 20
231.04932
 30
0.0
 11
104.118974
 21
231.705138
 31
0.0
210
0.0
220
1.0
230
0.0
  0
LINE
  5
8B7
330
70
100
AcDbEntity
  8
Visible
100
AcDbLine
 10
104.118974
 20
231.04932
 30
0.0
 11
104.118974
 21
228.465829
 31
0.0
210
0.0
220
1.0
230
0.0
  0
LINE
  5
8B8
330
70
100
AcDbEntity
  8
Visible
100
AcDbLine
 10
104.118974
 20
226.968303
 30
0.0
 11
104.118974
 21
228.465829
 31
0.0
210
0.0
220
1.0
230
0.0
  0
LINE
  5
8B9
330
70
100
AcDbEntity
  8
Visible
100
AcDbLine
 10
104.118974
 20
226.713693
 30
0.0
 11
104.118974
 21
226.968303
 31
0.0
210
0.0
220
1.0
230
0.0
  0
LINE
  5
8BA
330
70
100
AcDbEntity
  8
Visible
100
AcDbLine
 10
104.118974
 20
224.306876
 30
0.0
 11
104.118974
 21
226.713693
 31
0.0
210
0.0
220
1.0
230
0.0
  0
LINE
  5
8BB
330
70
100
AcDbEntity
  8
Visible
100
AcDbLine
 10
104.118974
 20
223.575144
 30
0.0
 11
104.118974
 21
224.306876
 31
0.0
210
0.0
220
1.0
230
0.0
  0
LINE
  5
8BC
330
70
100
AcDbEntity
  8
Visible
100
AcDbLine
 10
104.118974
 20
223.575144
 30
0.0
 11
104.118974
 21
221.112793
 31
0.0
210
0.0
220
1.0
230
0.0
  0
LINE
  5
8BD
330
70
100
AcDbEntity
  8
Visible
100
AcDbLine
 10
104.118974
 20
218.978493
 30
0.0
 11
104.118974
 21
221.112793
 31
0.0
210
0.0
220
1.0
230
0.0
  0
LINE
  5
8BE
330
70
100
AcDbEntity
  8
Visible
100
AcDbLine
 10
104.118974
 20
218.978493
 30
0.0
 11
104.118974
 21
218.583246
 31
0.0
210
0.0
220
1.0
230
0.0
  0
LINE
  5
8BF
330
70
100
AcDbEntity
  8
Visible
100
AcDbLine
 10
104.118974
 20
218.583246
 30
0.0
 11
104.118974
 21
218.213728
 31
0.0
210
0.0
220
1.0
230
0.0
  0
LINE
  5
8C0
330
70
100
AcDbEntity
  8
Visible
100
AcDbLine
 10
104.118974
 20
217.762928
 30
0.0
 11
104.118974
 21
218.213728
 31
0.0
210
0.0
220
1.0
230
0.0
  0
LINE
  5
8C1
330
70
100
AcDbEntity
  8
Visible
100
AcDbLine
 10
104.118974
 20
214.841915
 30
0.0
 11
104.118974
 21
217.762928
 31
0.0
210
0.0
220
1.0
230
0.0
  0
LINE
  5
8C2
330
70
100
AcDbEntity
  8
Visible
100
AcDbLine
 10
104.118974
 20
214.105895
 30
0.0
 11
104.118974
 21
214.841915
 31
0.0
210
0.0
220
1.0
230
0.0
  0
LINE
  5
8C3
330
70
100
AcDbEntity
  8
Visible
100
AcDbLine
 10
104.118974
 20
214.105895
 30
0.0
 11
104.118974
 21
212.005716
 31
0.0
210
0.0
220
1.0
230
0.0
  0
LINE
  5
8C4
330
70
100
AcDbEntity
  8
Visible
100
AcDbLine
 10
104.118974
 20
209.568635
 30
0.0
 11
104.118974
 21
212.005716
 31
0.0
210
0.0
220
1.0
230
0.0
  0
LINE
  5
8C5
330
70
100
AcDbEntity
  8
Visible
100
AcDbLine
 10
104.118974
 20
209.568635
 30
0.0
 11
104.118974
 21
209.018993
 31
0.0
210
0.0
220
1.0
230
0.0
  0
LINE
  5
8C6
330
70
100
AcDbEntity
  8
Visible
100
AcDbLine
 10
104.118974
 20
209.018993
 30
0.0
 11
104.118974
 21
207.997335
 31
0.0
210
0.0
220
1.0
230
0.0
  0
LINE
  5
8C7
330
70
100
AcDbEntity
  8
Visible
100
AcDbLine
 10
104.118974
 20
207.38603
 30
0.0
 11
104.118974
 21
207.997335
 31
0.0
210
0.0
220
1.0
230
0.0
  0
LINE
  5
8C8
330
70
100
AcDbEntity
  8
Visible
100
AcDbLine
 10
104.118974
 20
204.236749
 30
0.0
 11
104.118974
 21
207.38603
 31
0.0
210
0.0
220
1.0
230
0.0
  0
LINE
  5
8C9
330
70
100
AcDbEntity
  8
Visible
100
AcDbLine
 10
104.118974
 20
203.568489
 30
0.0
 11
104.118974
 21
204.236749
 31
0.0
210
0.0
220
1.0
230
0.0
  0
LINE
  5
8CA
330
70
100
AcDbEntity
  8
Visible
100
AcDbLine
 10
104.118974
 20
203.568489
 30
0.0
 11
104.118974
 21
202.036062
 31
0.0
210
0.0
220
1.0
230
0.0
  0
LINE
  5
8CB
330
70
100
AcDbEntity
  8
Visible
100
AcDbLine
 10
104.118974
 20
199.534759
 30
0.0
 11
104.118974
 21
202.036062
 31
0.0
210
0.0
220
1.0
230
0.0
  0
LINE
  5
8CC
330
70
100
AcDbEntity
  8
Visible
100
AcDbLine
 10
104.118974
 20
199.534759
 30
0.0
 11
104.118974
 21
198.884524
 31
0.0
210
0.0
220
1.0
230
0.0
  0
LINE
  5
8CD
330
70
100
AcDbEntity
  8
Visible
100
AcDbLine
 10
104.118974
 20
198.884524
 30
0.0
 11
104.118974
 21
197.310734
 31
0.0
210
0.0
220
1.0
230
0.0
  0
LINE
  5
8CE
330
70
100
AcDbEntity
  8
Visible
100
AcDbLine
 10
104.118974
 20
196.598762
 30
0.0
 11
104.118974
 21
197.310734
 31
0.0
210
0.0
220
1.0
230
0.0
  0
LINE
  5
8CF
330
70
100
AcDbEntity
  8
Visible
100
AcDbLine
 10
104.118974
 20
193.529488
 30
0.0
 11
104.118974
 21
196.598762
 31
0.0
210
0.0
220
1.0
230
0.0
  0
LINE
  5
8D0
330
70
100
AcDbEntity
  8
Visible
100
AcDbLine
 10
104.118974
 20
192.994401
 30
0.0
 11
104.118974
 21
193.529488
 31
0.0
210
0.0
220
1.0
230
0.0
  0
LINE
  5
8D1
330
70
100
AcDbEntity
  8
Visible
100
AcDbLine
 10
104.118974
 20
192.994401
 30
0.0
 11
104.118974
 21
192.179731
 31
0.0
210
0.0
220
1.0
230
0.0
  0
LINE
  5
8D2
330
70
100
AcDbEntity
  8
Visible
100
AcDbLine
 10
104.118974
 20
189.85905
 30
0.0
 11
104.118974
 21
192.179731
 31
0.0
210
0.0
220
1.0
230
0.0
  0
LINE
  5
8D3
330
70
100
AcDbEntity
  8
Visible
100
AcDbLine
 10
104.118974
 20
189.85905
 30
0.0
 11
104.118974
 21
189.171873
 31
0.0
210
0.0
220
1.0
230
0.0
  0
LINE
  5
8D4
330
70
100
AcDbEntity
  8
Visible
100
AcDbLine
 10
104.118974
 20
189.171873
 30
0.0
 11
104.118974
 21
187.200003
 31
0.0
210
0.0
220
1.0
230
0.0
  0
LINE
  5
8D5
330
70
100
AcDbEntity
  8
Visible
100
AcDbLine
 10
104.118974
 20
186.457058
 30
0.0
 11
104.118974
 21
187.200003
 31
0.0
210
0.0
220
1.0
230
0.0
  0
LINE
  5
8D6
330
70
100
AcDbEntity
  8
Visible
100
AcDbLine
 10
104.118974
 20
183.768232
 30
0.0
 11
104.118974
 21
186.457058
 31
0.0
210
0.0
220
1.0
230
0.0
  0
LINE
  5
8D7
330
70
100
AcDbEntity
  8
Visible
100
AcDbLine
 10
104.118974
 20
183.418697
 30
0.0
 11
104.118974
 21
183.768232
 31
0.0
210
0.0
220
1.0
230
0.0
  0
LINE
  5
8D8
330
70
100
AcDbEntity
  8
Visible
100
AcDbLine
 10
104.118974
 20
183.418697
 30
0.0
 11
104.118974
 21
183.401529
 31
0.0
210
0.0
220
1.0
230
0.0
  0
LINE
  5
8D9
330
70
100
AcDbEntity
  8
Visible
100
AcDbLine
 10
104.118974
 20
181.488634
 30
0.0
 11
104.118974
 21
183.401529
 31
0.0
210
0.0
220
1.0
230
0.0
  0
LINE
  5
8DA
330
70
100
AcDbEntity
  8
Visible
100
AcDbLine
 10
104.118974
 20
181.488634
 30
0.0
 11
104.118974
 21
180.83178
 31
0.0
210
0.0
220
1.0
230
0.0
  0
LINE
  5
8DB
330
70
100
AcDbEntity
  8
Visible
100
AcDbLine
 10
104.118974
 20
180.83178
 30
0.0
 11
104.118974
 21
178.654852
 31
0.0
210
0.0
220
1.0
230
0.0
  0
LINE
  5
8DC
330
70
100
AcDbEntity
  8
Visible
100
AcDbLine
 10
104.118974
 20
177.953658
 30
0.0
 11
104.118974
 21
178.654852
 31
0.0
210
0.0
220
1.0
230
0.0
  0
LINE
  5
8DD
330
70
100
AcDbEntity
  8
Visible
100
AcDbLine
 10
104.118974
 20
175.908481
 30
0.0
 11
104.118974
 21
177.953658
 31
0.0
210
0.0
220
1.0
230
0.0
  0
LINE
  5
8DE
330
70
100
AcDbEntity
  8
Visible
100
AcDbLine
 10
104.118974
 20
175.741183
 30
0.0
 11
104.118974
 21
175.908481
 31
0.0
210
0.0
220
1.0
230
0.0
  0
LINE
  5
8DF
330
70
100
AcDbEntity
  8
Visible
100
AcDbLine
 10
104.118974
 20
175.242867
 30
0.0
 11
104.118974
 21
175.741183
 31
0.0
210
0.0
220
1.0
230
0.0
  0
LINE
  5
8E0
330
70
100
AcDbEntity
  8
Visible
100
AcDbLine
 10
104.118974
 20
175.242867
 30
0.0
 11
104.118974
 21
174.680633
 31
0.0
210
0.0
220
1.0
230
0.0
  0
LINE
  5
8E1
330
70
100
AcDbEntity
  8
Visible
100
AcDbLine
 10
104.118974
 20
174.680633
 30
0.0
 11
104.118974
 21
172.511739
 31
0.0
210
0.0
220
1.0
230
0.0
  0
LINE
  5
8E2
330
70
100
AcDbEntity
  8
Visible
100
AcDbLine
 10
104.118974
 20
171.920933
 30
0.0
 11
104.118974
 21
172.511739
 31
0.0
210
0.0
220
1.0
230
0.0
  0
LINE
  5
8E3
330
70
100
AcDbEntity
  8
Visible
100
AcDbLine
 10
104.118974
 20
170.719602
 30
0.0
 11
104.118974
 21
171.920933
 31
0.0
210
0.0
220
1.0
230
0.0
  0
LINE
  5
8E4
330
70
100
AcDbEntity
  8
Visible
100
AcDbLine
 10
104.118974
 20
170.672626
 30
0.0
 11
104.118974
 21
170.719602
 31
0.0
210
0.0
220
1.0
230
0.0
  0
LINE
  5
8E5
330
70
100
AcDbEntity
  8
Visible
100
AcDbLine
 10
104.118974
 20
170.672626
 30
0.0
 11
104.118974
 21
169.371995
 31
0.0
210
0.0
220
1.0
230
0.0
  0
LINE
  5
8E6
330
70
100
AcDbEntity
  8
Visible
100
AcDbLine
 10
104.118974
 20
168.94941
 30
0.0
 11
104.118974
 21
169.371995
 31
0.0
210
0.0
220
1.0
230
0.0
  0
LINE
  5
8E7
330
70
100
AcDbEntity
  8
Visible
100
AcDbLine
 10
104.118974
 20
168.709519
 30
0.0
 11
104.118974
 21
168.94941
 31
0.0
210
0.0
220
1.0
230
0.0
  0
LINE
  5
8E8
330
70
100
AcDbEntity
  8
Visible
100
AcDbLine
 10
104.118974
 20
168.709154
 30
0.0
 11
104.118974
 21
168.709519
 31
0.0
210
0.0
220
1.0
230
0.0
  0
LINE
  5
8E9
330
70
100
AcDbEntity
  8
Visible
100
AcDbLine
 10
89.118974
 20
237.416583
 30
0.0
 11
89.118974
 21
236.990931
 31
0.0
210
0.0
220
1.0
230
0.0
  0
LINE
  5
8EA
330
70
100
AcDbEntity
  8
Visible
100
AcDbLine
 10
89.118974
 20
237.672302
 30
0.0
 11
89.118974
 21
237.416583
 31
0.0
210
0.0
220
1.0
230
0.0
  0
LINE
  5
8EB
330
70
100
AcDbEntity
  8
Visible
100
AcDbLine
 10
89.118974
 20
237.672799
 30
0.0
 11
89.118974
 21
237.672302
 31
0.0
210
0.0
220
1.0
230
0.0
  0
LINE
  5
8EC
330
70
100
AcDbEntity
  8
Visible
100
AcDbLine
 10
89.118974
 20
169.03695
 30
0.0
 11
89.118974
 21
168.7147
 31
0.0
210
0.0
220
1.0
230
0.0
  0
LINE
  5
8ED
330
70
100
AcDbEntity
  8
Visible
100
AcDbLine
 10
89.118974
 20
169.283244
 30
0.0
 11
89.118974
 21
169.03695
 31
0.0
210
0.0
220
1.0
230
0.0
  0
LINE
  5
8EE
330
70
100
AcDbEntity
  8
Visible
100
AcDbLine
 10
89.118974
 20
169.297238
 30
0.0
 11
89.118974
 21
169.283244
 31
0.0
210
0.0
220
1.0
230
0.0
  0
LINE
  5
8EF
330
70
100
AcDbEntity
  8
Visible
100
AcDbLine
 10
89.118974
 20
170.026832
 30
0.0
 11
89.118974
 21
169.297238
 31
0.0
210
0.0
220
1.0
230
0.0
  0
LINE
  5
8F0
330
70
100
AcDbEntity
  8
Visible
100
AcDbLine
 10
89.118974
 20
170.539843
 30
0.0
 11
89.118974
 21
170.026832
 31
0.0
210
0.0
220
1.0
230
0.0
  0
LINE
  5
8F1
330
70
100
AcDbEntity
  8
Visible
100
AcDbLine
 10
89.118974
 20
172.624229
 30
0.0
 11
89.118974
 21
170.539843
 31
0.0
210
0.0
220
1.0
230
0.0
  0
LINE
  5
8F2
330
70
100
AcDbEntity
  8
Visible
100
AcDbLine
 10
89.118974
 20
172.843087
 30
0.0
 11
89.118974
 21
172.624229
 31
0.0
210
0.0
220
1.0
230
0.0
  0
LINE
  5
8F3
330
70
100
AcDbEntity
  8
Visible
100
AcDbLine
 10
89.118974
 20
172.941587
 30
0.0
 11
89.118974
 21
172.843087
 31
0.0
210
0.0
220
1.0
230
0.0
  0
LINE
  5
8F4
330
70
100
AcDbEntity
  8
Visible
100
AcDbLine
 10
89.118974
 20
174.585075
 30
0.0
 11
89.118974
 21
172.941587
 31
0.0
210
0.0
220
1.0
230
0.0
  0
LINE
  5
8F5
330
70
100
AcDbEntity
  8
Visible
100
AcDbLine
 10
89.118974
 20
175.239127
 30
0.0
 11
89.118974
 21
174.585075
 31
0.0
210
0.0
220
1.0
230
0.0
  0
LINE
  5
8F6
330
70
100
AcDbEntity
  8
Visible
100
AcDbLine
 10
89.118974
 20
177.439124
 30
0.0
 11
89.118974
 21
175.239127
 31
0.0
210
0.0
220
1.0
230
0.0
  0
LINE
  5
8F7
330
70
100
AcDbEntity
  8
Visible
100
AcDbLine
 10
89.118974
 20
178.056266
 30
0.0
 11
89.118974
 21
177.439124
 31
0.0
210
0.0
220
1.0
230
0.0
  0
LINE
  5
8F8
330
70
100
AcDbEntity
  8
Visible
100
AcDbLine
 10
89.118974
 20
179.295554
 30
0.0
 11
89.118974
 21
178.056266
 31
0.0
210
0.0
220
1.0
230
0.0
  0
LINE
  5
8F9
330
70
100
AcDbEntity
  8
Visible
100
AcDbLine
 10
89.118974
 20
179.547229
 30
0.0
 11
89.118974
 21
179.295554
 31
0.0
210
0.0
220
1.0
230
0.0
  0
LINE
  5
8FA
330
70
100
AcDbEntity
  8
Visible
100
AcDbLine
 10
89.118974
 20
181.943735
 30
0.0
 11
89.118974
 21
179.547229
 31
0.0
210
0.0
220
1.0
230
0.0
  0
LINE
  5
8FB
330
70
100
AcDbEntity
  8
Visible
100
AcDbLine
 10
89.118974
 20
182.674805
 30
0.0
 11
89.118974
 21
181.943735
 31
0.0
210
0.0
220
1.0
230
0.0
  0
LINE
  5
8FC
330
70
100
AcDbEntity
  8
Visible
100
AcDbLine
 10
89.118974
 20
184.775062
 30
0.0
 11
89.118974
 21
182.674805
 31
0.0
210
0.0
220
1.0
230
0.0
  0
LINE
  5
8FD
330
70
100
AcDbEntity
  8
Visible
100
AcDbLine
 10
89.118974
 20
185.455454
 30
0.0
 11
89.118974
 21
184.775062
 31
0.0
210
0.0
220
1.0
230
0.0
  0
LINE
  5
8FE
330
70
100
AcDbEntity
  8
Visible
100
AcDbLine
 10
89.118974
 20
187.598628
 30
0.0
 11
89.118974
 21
185.455454
 31
0.0
210
0.0
220
1.0
230
0.0
  0
LINE
  5
8FF
330
70
100
AcDbEntity
  8
Visible
100
AcDbLine
 10
89.118974
 20
188.019732
 30
0.0
 11
89.118974
 21
187.598628
 31
0.0
210
0.0
220
1.0
230
0.0
  0
LINE
  5
900
330
70
100
AcDbEntity
  8
Visible
100
AcDbLine
 10
89.118974
 20
188.467556
 30
0.0
 11
89.118974
 21
188.019732
 31
0.0
210
0.0
220
1.0
230
0.0
  0
LINE
  5
901
330
70
100
AcDbEntity
  8
Visible
100
AcDbLine
 10
89.118974
 20
191.382494
 30
0.0
 11
89.118974
 21
188.467556
 31
0.0
210
0.0
220
1.0
230
0.0
  0
LINE
  5
902
330
70
100
AcDbEntity
  8
Visible
100
AcDbLine
 10
89.118974
 20
192.11902
 30
0.0
 11
89.118974
 21
191.382494
 31
0.0
210
0.0
220
1.0
230
0.0
  0
LINE
  5
903
330
70
100
AcDbEntity
  8
Visible
100
AcDbLine
 10
89.118974
 20
193.913949
 30
0.0
 11
89.118974
 21
192.11902
 31
0.0
210
0.0
220
1.0
230
0.0
  0
LINE
  5
904
330
70
100
AcDbEntity
  8
Visible
100
AcDbLine
 10
89.118974
 20
194.59099
 30
0.0
 11
89.118974
 21
193.913949
 31
0.0
210
0.0
220
1.0
230
0.0
  0
LINE
  5
905
330
70
100
AcDbEntity
  8
Visible
100
AcDbLine
 10
89.118974
 20
197.032035
 30
0.0
 11
89.118974
 21
194.59099
 31
0.0
210
0.0
220
1.0
230
0.0
  0
LINE
  5
906
330
70
100
AcDbEntity
  8
Visible
100
AcDbLine
 10
89.118974
 20
198.220213
 30
0.0
 11
89.118974
 21
197.032035
 31
0.0
210
0.0
220
1.0
230
0.0
  0
LINE
  5
907
330
70
100
AcDbEntity
  8
Visible
100
AcDbLine
 10
89.118974
 20
198.829386
 30
0.0
 11
89.118974
 21
198.220213
 31
0.0
210
0.0
220
1.0
230
0.0
  0
LINE
  5
908
330
70
100
AcDbEntity
  8
Visible
100
AcDbLine
 10
89.118974
 20
201.977421
 30
0.0
 11
89.118974
 21
198.829386
 31
0.0
210
0.0
220
1.0
230
0.0
  0
LINE
  5
909
330
70
100
AcDbEntity
  8
Visible
100
AcDbLine
 10
89.118974
 20
202.647307
 30
0.0
 11
89.118974
 21
201.977421
 31
0.0
210
0.0
220
1.0
230
0.0
  0
LINE
  5
90A
330
70
100
AcDbEntity
  8
Visible
100
AcDbLine
 10
89.118974
 20
203.961208
 30
0.0
 11
89.118974
 21
202.647307
 31
0.0
210
0.0
220
1.0
230
0.0
  0
LINE
  5
90B
330
70
100
AcDbEntity
  8
Visible
100
AcDbLine
 10
89.118974
 20
204.568624
 30
0.0
 11
89.118974
 21
203.961208
 31
0.0
210
0.0
220
1.0
230
0.0
  0
LINE
  5
90C
330
70
100
AcDbEntity
  8
Visible
100
AcDbLine
 10
89.118974
 20
207.068594
 30
0.0
 11
89.118974
 21
204.568624
 31
0.0
210
0.0
220
1.0
230
0.0
  0
LINE
  5
90D
330
70
100
AcDbEntity
  8
Visible
100
AcDbLine
 10
89.118974
 20
208.907538
 30
0.0
 11
89.118974
 21
207.068594
 31
0.0
210
0.0
220
1.0
230
0.0
  0
LINE
  5
90E
330
70
100
AcDbEntity
  8
Visible
100
AcDbLine
 10
89.118974
 20
209.61843
 30
0.0
 11
89.118974
 21
208.907538
 31
0.0
210
0.0
220
1.0
230
0.0
  0
LINE
  5
90F
330
70
100
AcDbEntity
  8
Visible
100
AcDbLine
 10
89.118974
 20
212.691411
 30
0.0
 11
89.118974
 21
209.61843
 31
0.0
210
0.0
220
1.0
230
0.0
  0
LINE
  5
910
330
70
100
AcDbEntity
  8
Visible
100
AcDbLine
 10
89.118974
 20
213.229083
 30
0.0
 11
89.118974
 21
212.691411
 31
0.0
210
0.0
220
1.0
230
0.0
  0
LINE
  5
911
330
70
100
AcDbEntity
  8
Visible
100
AcDbLine
 10
89.118974
 20
213.933342
 30
0.0
 11
89.118974
 21
213.229083
 31
0.0
210
0.0
220
1.0
230
0.0
  0
LINE
  5
912
330
70
100
AcDbEntity
  8
Visible
100
AcDbLine
 10
89.118974
 20
214.411676
 30
0.0
 11
89.118974
 21
213.933342
 31
0.0
210
0.0
220
1.0
230
0.0
  0
LINE
  5
913
330
70
100
AcDbEntity
  8
Visible
100
AcDbLine
 10
89.118974
 20
216.725857
 30
0.0
 11
89.118974
 21
214.411676
 31
0.0
210
0.0
220
1.0
230
0.0
  0
LINE
  5
914
330
70
100
AcDbEntity
  8
Visible
100
AcDbLine
 10
89.118974
 20
219.035559
 30
0.0
 11
89.118974
 21
216.725857
 31
0.0
210
0.0
220
1.0
230
0.0
  0
LINE
  5
915
330
70
100
AcDbEntity
  8
Visible
100
AcDbLine
 10
89.118974
 20
219.778582
 30
0.0
 11
89.118974
 21
219.035559
 31
0.0
210
0.0
220
1.0
230
0.0
  0
LINE
  5
916
330
70
100
AcDbEntity
  8
Visible
100
AcDbLine
 10
89.118974
 20
222.475703
 30
0.0
 11
89.118974
 21
219.778582
 31
0.0
210
0.0
220
1.0
230
0.0
  0
LINE
  5
917
330
70
100
AcDbEntity
  8
Visible
100
AcDbLine
 10
89.118974
 20
222.828531
 30
0.0
 11
89.118974
 21
222.475703
 31
0.0
210
0.0
220
1.0
230
0.0
  0
LINE
  5
918
330
70
100
AcDbEntity
  8
Visible
100
AcDbLine
 10
89.118974
 20
222.85421
 30
0.0
 11
89.118974
 21
222.828531
 31
0.0
210
0.0
220
1.0
230
0.0
  0
LINE
  5
919
330
70
100
AcDbEntity
  8
Visible
100
AcDbLine
 10
89.118974
 20
223.156638
 30
0.0
 11
89.118974
 21
222.85421
 31
0.0
210
0.0
220
1.0
230
0.0
  0
LINE
  5
91A
330
70
100
AcDbEntity
  8
Visible
100
AcDbLine
 10
89.118974
 20
225.058502
 30
0.0
 11
89.118974
 21
223.156638
 31
0.0
210
0.0
220
1.0
230
0.0
  0
LINE
  5
91B
330
70
100
AcDbEntity
  8
Visible
100
AcDbLine
 10
89.118974
 20
227.612872
 30
0.0
 11
89.118974
 21
225.058502
 31
0.0
210
0.0
220
1.0
230
0.0
  0
LINE
  5
91C
330
70
100
AcDbEntity
  8
Visible
100
AcDbLine
 10
89.118974
 20
228.315295
 30
0.0
 11
89.118974
 21
227.612872
 31
0.0
210
0.0
220
1.0
230
0.0
  0
LINE
  5
91D
330
70
100
AcDbEntity
  8
Visible
100
AcDbLine
 10
89.118974
 20
230.372544
 30
0.0
 11
89.118974
 21
228.315295
 31
0.0
210
0.0
220
1.0
230
0.0
  0
LINE
  5
91E
330
70
100
AcDbEntity
  8
Visible
100
AcDbLine
 10
89.118974
 20
230.542311
 30
0.0
 11
89.118974
 21
230.372544
 31
0.0
210
0.0
220
1.0
230
0.0
  0
LINE
  5
91F
330
70
100
AcDbEntity
  8
Visible
100
AcDbLine
 10
89.118974
 20
231.250873
 30
0.0
 11
89.118974
 21
230.542311
 31
0.0
210
0.0
220
1.0
230
0.0
  0
LINE
  5
920
330
70
100
AcDbEntity
  8
Visible
100
AcDbLine
 10
89.118974
 20
233.799872
 30
0.0
 11
89.118974
 21
231.250873
 31
0.0
210
0.0
220
1.0
230
0.0
  0
LINE
  5
921
330
70
100
AcDbEntity
  8
Visible
100
AcDbLine
 10
89.118974
 20
234.392936
 30
0.0
 11
89.118974
 21
233.799872
 31
0.0
210
0.0
220
1.0
230
0.0
  0
LINE
  5
922
330
70
100
AcDbEntity
  8
Visible
100
AcDbLine
 10
89.118974
 20
235.608935
 30
0.0
 11
89.118974
 21
234.392936
 31
0.0
210
0.0
220
1.0
230
0.0
  0
LINE
  5
923
330
70
100
AcDbEntity
  8
Visible
100
AcDbLine
 10
89.118974
 20
235.657278
 30
0.0
 11
89.118974
 21
235.608935
 31
0.0
210
0.0
220
1.0
230
0.0
  0
LINE
  5
924
330
70
100
AcDbEntity
  8
Visible
100
AcDbLine
 10
89.118974
 20
236.990931
 30
0.0
 11
89.118974
 21
235.657278
 31
0.0
210
0.0
220
1.0
230
0.0
  0
LINE
  5
925
330
70
100
AcDbEntity
  8
Visible
100
AcDbLine
 10
96.618974
 20
237.07229
 30
0.0
 11
96.618974
 21
237.416583
 31
0.0
210
0.0
220
1.0
230
0.0
  0
LINE
  5
926
330
70
100
AcDbEntity
  8
Visible
100
AcDbLine
 10
96.618974
 20
235.608935
 30
0.0
 11
96.618974
 21
235.657278
 31
0.0
210
0.0
220
1.0
230
0.0
  0
LINE
  5
927
330
70
100
AcDbEntity
  8
Visible
100
AcDbLine
 10
96.618974
 20
234.392936
 30
0.0
 11
96.618974
 21
235.608935
 31
0.0
210
0.0
220
1.0
230
0.0
  0
LINE
  5
928
330
70
100
AcDbEntity
  8
Visible
100
AcDbLine
 10
96.618974
 20
233.799872
 30
0.0
 11
96.618974
 21
234.392936
 31
0.0
210
0.0
220
1.0
230
0.0
  0
LINE
  5
929
330
70
100
AcDbEntity
  8
Visible
100
AcDbLine
 10
89.118974
 20
231.250873
 30
0.0
 11
96.618974
 21
231.250873
 31
0.0
210
0.0
220
1.0
230
0.0
  0
LINE
  5
92A
330
70
100
AcDbEntity
  8
Visible
100
AcDbLine
 10
96.618974
 20
233.799872
 30
0.0
 11
96.618974
 21
233.462605
 31
0.0
210
0.0
220
1.0
230
0.0
  0
LINE
  5
92B
330
70
100
AcDbEntity
  8
Visible
100
AcDbLine
 10
96.618974
 20
230.372544
 30
0.0
 11
96.618974
 21
230.542311
 31
0.0
210
0.0
220
1.0
230
0.0
  0
LINE
  5
92C
330
70
100
AcDbEntity
  8
Visible
100
AcDbLine
 10
96.618974
 20
228.315295
 30
0.0
 11
96.618974
 21
230.372544
 31
0.0
210
0.0
220
1.0
230
0.0
  0
LINE
  5
92D
330
70
100
AcDbEntity
  8
Visible
100
AcDbLine
 10
96.618974
 20
227.612872
 30
0.0
 11
96.618974
 21
228.315295
 31
0.0
210
0.0
220
1.0
230
0.0
  0
LINE
  5
92E
330
70
100
AcDbEntity
  8
Visible
100
AcDbLine
 10
89.118974
 20
225.058502
 30
0.0
 11
96.618974
 21
225.058502
 31
0.0
210
0.0
220
1.0
230
0.0
  0
LINE
  5
92F
330
70
100
AcDbEntity
  8
Visible
100
AcDbLine
 10
96.618974
 20
227.612872
 30
0.0
 11
96.618974
 21
226.968303
 31
0.0
210
0.0
220
1.0
230
0.0
  0
LINE
  5
930
330
70
100
AcDbEntity
  8
Visible
100
AcDbLine
 10
96.618974
 20
222.837564
 30
0.0
 11
96.618974
 21
222.828531
 31
0.0
210
0.0
220
1.0
230
0.0
  0
LINE
  5
931
330
70
100
AcDbEntity
  8
Visible
100
AcDbLine
 10
96.618974
 20
222.475703
 30
0.0
 11
96.618974
 21
222.828531
 31
0.0
210
0.0
220
1.0
230
0.0
  0
LINE
  5
932
330
70
100
AcDbEntity
  8
Visible
100
AcDbLine
 10
96.618974
 20
219.778582
 30
0.0
 11
96.618974
 21
222.475703
 31
0.0
210
0.0
220
1.0
230
0.0
  0
LINE
  5
933
330
70
100
AcDbEntity
  8
Visible
100
AcDbLine
 10
96.618974
 20
219.035559
 30
0.0
 11
96.618974
 21
219.778582
 31
0.0
210
0.0
220
1.0
230
0.0
  0
LINE
  5
934
330
70
100
AcDbEntity
  8
Visible
100
AcDbLine
 10
89.118974
 20
216.725857
 30
0.0
 11
96.618974
 21
216.725857
 31
0.0
210
0.0
220
1.0
230
0.0
  0
LINE
  5
935
330
70
100
AcDbEntity
  8
Visible
100
AcDbLine
 10
96.618974
 20
219.035559
 30
0.0
 11
96.618974
 21
218.343703
 31
0.0
210
0.0
220
1.0
230
0.0
  0
LINE
  5
936
330
70
100
AcDbEntity
  8
Visible
100
AcDbLine
 10
96.618974
 20
213.476801
 30
0.0
 11
96.618974
 21
213.229083
 31
0.0
210
0.0
220
1.0
230
0.0
  0
LINE
  5
937
330
70
100
AcDbEntity
  8
Visible
100
AcDbLine
 10
96.618974
 20
212.691411
 30
0.0
 11
96.618974
 21
213.229083
 31
0.0
210
0.0
220
1.0
230
0.0
  0
LINE
  5
938
330
70
100
AcDbEntity
  8
Visible
100
AcDbLine
 10
96.618974
 20
209.61843
 30
0.0
 11
96.618974
 21
212.691411
 31
0.0
210
0.0
220
1.0
230
0.0
  0
LINE
  5
939
330
70
100
AcDbEntity
  8
Visible
100
AcDbLine
 10
96.618974
 20
208.907538
 30
0.0
 11
96.618974
 21
209.61843
 31
0.0
210
0.0
220
1.0
230
0.0
  0
LINE
  5
93A
330
70
100
AcDbEntity
  8
Visible
100
AcDbLine
 10
89.118974
 20
207.068594
 30
0.0
 11
96.618974
 21
207.068594
 31
0.0
210
0.0
220
1.0
230
0.0
  0
LINE
  5
93B
330
70
100
AcDbEntity
  8
Visible
100
AcDbLine
 10
96.618974
 20
208.907538
 30
0.0
 11
96.618974
 21
208.356695
 31
0.0
210
0.0
220
1.0
230
0.0
  0
LINE
  5
93C
330
70
100
AcDbEntity
  8
Visible
100
AcDbLine
 10
96.618974
 20
203.109461
 30
0.0
 11
96.618974
 21
202.647307
 31
0.0
210
0.0
220
1.0
230
0.0
  0
LINE
  5
93D
330
70
100
AcDbEntity
  8
Visible
100
AcDbLine
 10
96.618974
 20
201.977421
 30
0.0
 11
96.618974
 21
202.647307
 31
0.0
210
0.0
220
1.0
230
0.0
  0
LINE
  5
93E
330
70
100
AcDbEntity
  8
Visible
100
AcDbLine
 10
96.618974
 20
198.829386
 30
0.0
 11
96.618974
 21
201.977421
 31
0.0
210
0.0
220
1.0
230
0.0
  0
LINE
  5
93F
330
70
100
AcDbEntity
  8
Visible
100
AcDbLine
 10
96.618974
 20
198.220213
 30
0.0
 11
96.618974
 21
198.829386
 31
0.0
210
0.0
220
1.0
230
0.0
  0
LINE
  5
940
330
70
100
AcDbEntity
  8
Visible
100
AcDbLine
 10
89.118974
 20
197.032035
 30
0.0
 11
96.618974
 21
197.032035
 31
0.0
210
0.0
220
1.0
230
0.0
  0
LINE
  5
941
330
70
100
AcDbEntity
  8
Visible
100
AcDbLine
 10
96.618974
 20
198.220213
 30
0.0
 11
96.618974
 21
197.864302
 31
0.0
210
0.0
220
1.0
230
0.0
  0
LINE
  5
942
330
70
100
AcDbEntity
  8
Visible
100
AcDbLine
 10
96.618974
 20
192.750372
 30
0.0
 11
96.618974
 21
192.11902
 31
0.0
210
0.0
220
1.0
230
0.0
  0
LINE
  5
943
330
70
100
AcDbEntity
  8
Visible
100
AcDbLine
 10
96.618974
 20
191.382494
 30
0.0
 11
96.618974
 21
192.11902
 31
0.0
210
0.0
220
1.0
230
0.0
  0
LINE
  5
944
330
70
100
AcDbEntity
  8
Visible
100
AcDbLine
 10
96.618974
 20
188.467556
 30
0.0
 11
96.618974
 21
191.382494
 31
0.0
210
0.0
220
1.0
230
0.0
  0
LINE
  5
945
330
70
100
AcDbEntity
  8
Visible
100
AcDbLine
 10
96.618974
 20
188.019732
 30
0.0
 11
96.618974
 21
188.467556
 31
0.0
210
0.0
220
1.0
230
0.0
  0
LINE
  5
946
330
70
100
AcDbEntity
  8
Visible
100
AcDbLine
 10
89.118974
 20
187.598628
 30
0.0
 11
96.618974
 21
187.598628
 31
0.0
210
0.0
220
1.0
230
0.0
  0
LINE
  5
947
330
70
100
AcDbEntity
  8
Visible
100
AcDbLine
 10
96.618974
 20
188.019732
 30
0.0
 11
96.618974
 21
187.893593
 31
0.0
210
0.0
220
1.0
230
0.0
  0
LINE
  5
948
330
70
100
AcDbEntity
  8
Visible
100
AcDbLine
 10
96.618974
 20
183.413554
 30
0.0
 11
96.618974
 21
182.674805
 31
0.0
210
0.0
220
1.0
230
0.0
  0
LINE
  5
949
330
70
100
AcDbEntity
  8
Visible
100
AcDbLine
 10
96.618974
 20
181.943735
 30
0.0
 11
96.618974
 21
182.674805
 31
0.0
210
0.0
220
1.0
230
0.0
  0
LINE
  5
94A
330
70
100
AcDbEntity
  8
Visible
100
AcDbLine
 10
96.618974
 20
179.547229
 30
0.0
 11
96.618974
 21
181.943735
 31
0.0
210
0.0
220
1.0
230
0.0
  0
LINE
  5
94B
330
70
100
AcDbEntity
  8
Visible
100
AcDbLine
 10
96.618974
 20
179.295554
 30
0.0
 11
96.618974
 21
179.547229
 31
0.0
210
0.0
220
1.0
230
0.0
  0
LINE
  5
94C
330
70
100
AcDbEntity
  8
Visible
100
AcDbLine
 10
96.618974
 20
175.741183
 30
0.0
 11
96.618974
 21
175.239127
 31
0.0
210
0.0
220
1.0
230
0.0
  0
LINE
  5
94D
330
70
100
AcDbEntity
  8
Visible
100
AcDbLine
 10
96.618974
 20
174.585075
 30
0.0
 11
96.618974
 21
175.239127
 31
0.0
210
0.0
220
1.0
230
0.0
  0
LINE
  5
94E
330
70
100
AcDbEntity
  8
Visible
100
AcDbLine
 10
96.618974
 20
172.941587
 30
0.0
 11
96.618974
 21
174.585075
 31
0.0
210
0.0
220
1.0
230
0.0
  0
LINE
  5
94F
330
70
100
AcDbEntity
  8
Visible
100
AcDbLine
 10
96.618974
 20
172.843087
 30
0.0
 11
96.618974
 21
172.941587
 31
0.0
210
0.0
220
1.0
230
0.0
  0
LINE
  5
950
330
70
100
AcDbEntity
  8
Visible
100
AcDbLine
 10
96.618974
 20
170.672626
 30
0.0
 11
96.618974
 21
170.539843
 31
0.0
210
0.0
220
1.0
230
0.0
  0
LINE
  5
951
330
70
100
AcDbEntity
  8
Visible
100
AcDbLine
 10
96.618974
 20
170.026832
 30
0.0
 11
96.618974
 21
170.539843
 31
0.0
210
0.0
220
1.0
230
0.0
  0
LINE
  5
952
330
70
100
AcDbEntity
  8
Visible
100
AcDbLine
 10
96.618974
 20
169.297238
 30
0.0
 11
96.618974
 21
170.026832
 31
0.0
210
0.0
220
1.0
230
0.0
  0
LINE
  5
953
330
70
100
AcDbEntity
  8
Visible
100
AcDbLine
 10
96.618974
 20
169.283244
 30
0.0
 11
96.618974
 21
169.297238
 31
0.0
210
0.0
220
1.0
230
0.0
  0
LINE
  5
954
330
70
100
AcDbEntity
  8
Visible
100
AcDbLine
 10
96.618974
 20
237.672302
 30
0.0
 11
96.618974
 21
237.672799
 31
0.0
210
0.0
220
1.0
230
0.0
  0
LINE
  5
955
330
70
100
AcDbEntity
  8
Visible
100
AcDbLine
 10
96.618974
 20
237.416583
 30
0.0
 11
96.618974
 21
237.672302
 31
0.0
210
0.0
220
1.0
230
0.0
  0
LINE
  5
956
330
70
100
AcDbEntity
  8
Visible
100
AcDbLine
 10
96.618974
 20
237.672799
 30
0.0
 11
96.618974
 21
237.678346
 31
0.0
210
0.0
220
1.0
230
0.0
  0
LINE
  5
957
330
70
100
AcDbEntity
  8
Visible
100
AcDbLine
 10
96.618974
 20
237.057538
 30
0.0
 11
96.618974
 21
237.07229
 31
0.0
210
0.0
220
1.0
230
0.0
  0
LINE
  5
958
330
70
100
AcDbEntity
  8
Visible
100
AcDbLine
 10
96.618974
 20
236.312506
 30
0.0
 11
96.618974
 21
237.057538
 31
0.0
210
0.0
220
1.0
230
0.0
  0
LINE
  5
959
330
70
100
AcDbEntity
  8
Visible
100
AcDbLine
 10
96.618974
 20
235.796799
 30
0.0
 11
96.618974
 21
236.312506
 31
0.0
210
0.0
220
1.0
230
0.0
  0
LINE
  5
95A
330
70
100
AcDbEntity
  8
Visible
100
AcDbLine
 10
96.618974
 20
235.796799
 30
0.0
 11
96.618974
 21
235.657278
 31
0.0
210
0.0
220
1.0
230
0.0
  0
LINE
  5
95B
330
70
100
AcDbEntity
  8
Visible
100
AcDbLine
 10
96.618974
 20
233.362163
 30
0.0
 11
96.618974
 21
233.462605
 31
0.0
210
0.0
220
1.0
230
0.0
  0
LINE
  5
95C
330
70
100
AcDbEntity
  8
Visible
100
AcDbLine
 10
96.618974
 20
231.705138
 30
0.0
 11
96.618974
 21
233.362163
 31
0.0
210
0.0
220
1.0
230
0.0
  0
LINE
  5
95D
330
70
100
AcDbEntity
  8
Visible
100
AcDbLine
 10
96.618974
 20
231.04932
 30
0.0
 11
96.618974
 21
231.705138
 31
0.0
210
0.0
220
1.0
230
0.0
  0
LINE
  5
95E
330
70
100
AcDbEntity
  8
Visible
100
AcDbLine
 10
96.618974
 20
231.04932
 30
0.0
 11
96.618974
 21
230.542311
 31
0.0
210
0.0
220
1.0
230
0.0
  0
LINE
  5
95F
330
70
100
AcDbEntity
  8
Visible
100
AcDbLine
 10
96.618974
 20
228.465829
 30
0.0
 11
104.118974
 21
228.465829
 31
0.0
210
0.0
220
1.0
230
0.0
  0
LINE
  5
960
330
70
100
AcDbEntity
  8
Visible
100
AcDbLine
 10
96.618974
 20
226.713693
 30
0.0
 11
96.618974
 21
226.968303
 31
0.0
210
0.0
220
1.0
230
0.0
  0
LINE
  5
961
330
70
100
AcDbEntity
  8
Visible
100
AcDbLine
 10
96.618974
 20
224.306876
 30
0.0
 11
96.618974
 21
226.713693
 31
0.0
210
0.0
220
1.0
230
0.0
  0
LINE
  5
962
330
70
100
AcDbEntity
  8
Visible
100
AcDbLine
 10
96.618974
 20
223.575144
 30
0.0
 11
96.618974
 21
224.306876
 31
0.0
210
0.0
220
1.0
230
0.0
  0
LINE
  5
963
330
70
100
AcDbEntity
  8
Visible
100
AcDbLine
 10
96.618974
 20
223.575144
 30
0.0
 11
96.618974
 21
222.837564
 31
0.0
210
0.0
220
1.0
230
0.0
  0
LINE
  5
964
330
70
100
AcDbEntity
  8
Visible
100
AcDbLine
 10
96.618974
 20
221.112793
 30
0.0
 11
104.118974
 21
221.112793
 31
0.0
210
0.0
220
1.0
230
0.0
  0
LINE
  5
965
330
70
100
AcDbEntity
  8
Visible
100
AcDbLine
 10
96.618974
 20
218.343703
 30
0.0
 11
96.618974
 21
218.213728
 31
0.0
210
0.0
220
1.0
230
0.0
  0
LINE
  5
966
330
70
100
AcDbEntity
  8
Visible
100
AcDbLine
 10
96.618974
 20
217.762928
 30
0.0
 11
96.618974
 21
218.213728
 31
0.0
210
0.0
220
1.0
230
0.0
  0
LINE
  5
967
330
70
100
AcDbEntity
  8
Visible
100
AcDbLine
 10
96.618974
 20
214.841915
 30
0.0
 11
96.618974
 21
217.762928
 31
0.0
210
0.0
220
1.0
230
0.0
  0
LINE
  5
968
330
70
100
AcDbEntity
  8
Visible
100
AcDbLine
 10
96.618974
 20
214.105895
 30
0.0
 11
96.618974
 21
214.841915
 31
0.0
210
0.0
220
1.0
230
0.0
  0
LINE
  5
969
330
70
100
AcDbEntity
  8
Visible
100
AcDbLine
 10
96.618974
 20
214.105895
 30
0.0
 11
96.618974
 21
213.476801
 31
0.0
210
0.0
220
1.0
230
0.0
  0
LINE
  5
96A
330
70
100
AcDbEntity
  8
Visible
100
AcDbLine
 10
96.618974
 20
212.005716
 30
0.0
 11
104.118974
 21
212.005716
 31
0.0
210
0.0
220
1.0
230
0.0
  0
LINE
  5
96B
330
70
100
AcDbEntity
  8
Visible
100
AcDbLine
 10
96.618974
 20
208.356695
 30
0.0
 11
96.618974
 21
207.997335
 31
0.0
210
0.0
220
1.0
230
0.0
  0
LINE
  5
96C
330
70
100
AcDbEntity
  8
Visible
100
AcDbLine
 10
96.618974
 20
207.38603
 30
0.0
 11
96.618974
 21
207.997335
 31
0.0
210
0.0
220
1.0
230
0.0
  0
LINE
  5
96D
330
70
100
AcDbEntity
  8
Visible
100
AcDbLine
 10
96.618974
 20
204.236749
 30
0.0
 11
96.618974
 21
207.38603
 31
0.0
210
0.0
220
1.0
230
0.0
  0
LINE
  5
96E
330
70
100
AcDbEntity
  8
Visible
100
AcDbLine
 10
96.618974
 20
203.568489
 30
0.0
 11
96.618974
 21
204.236749
 31
0.0
210
0.0
220
1.0
230
0.0
  0
LINE
  5
96F
330
70
100
AcDbEntity
  8
Visible
100
AcDbLine
 10
96.618974
 20
203.568489
 30
0.0
 11
96.618974
 21
203.109461
 31
0.0
210
0.0
220
1.0
230
0.0
  0
LINE
  5
970
330
70
100
AcDbEntity
  8
Visible
100
AcDbLine
 10
96.618974
 20
202.036062
 30
0.0
 11
104.118974
 21
202.036062
 31
0.0
210
0.0
220
1.0
230
0.0
  0
LINE
  5
971
330
70
100
AcDbEntity
  8
Visible
100
AcDbLine
 10
96.618974
 20
197.864302
 30
0.0
 11
96.618974
 21
197.310734
 31
0.0
210
0.0
220
1.0
230
0.0
  0
LINE
  5
972
330
70
100
AcDbEntity
  8
Visible
100
AcDbLine
 10
96.618974
 20
196.598762
 30
0.0
 11
96.618974
 21
197.310734
 31
0.0
210
0.0
220
1.0
230
0.0
  0
LINE
  5
973
330
70
100
AcDbEntity
  8
Visible
100
AcDbLine
 10
96.618974
 20
193.529488
 30
0.0
 11
96.618974
 21
196.598762
 31
0.0
210
0.0
220
1.0
230
0.0
  0
LINE
  5
974
330
70
100
AcDbEntity
  8
Visible
100
AcDbLine
 10
96.618974
 20
192.994401
 30
0.0
 11
96.618974
 21
193.529488
 31
0.0
210
0.0
220
1.0
230
0.0
  0
LINE
  5
975
330
70
100
AcDbEntity
  8
Visible
100
AcDbLine
 10
96.618974
 20
192.994401
 30
0.0
 11
96.618974
 21
192.750372
 31
0.0
210
0.0
220
1.0
230
0.0
  0
LINE
  5
976
330
70
100
AcDbEntity
  8
Visible
100
AcDbLine
 10
96.618974
 20
192.179731
 30
0.0
 11
104.118974
 21
192.179731
 31
0.0
210
0.0
220
1.0
230
0.0
  0
LINE
  5
977
330
70
100
AcDbEntity
  8
Visible
100
AcDbLine
 10
96.618974
 20
187.893593
 30
0.0
 11
96.618974
 21
187.200003
 31
0.0
210
0.0
220
1.0
230
0.0
  0
LINE
  5
978
330
70
100
AcDbEntity
  8
Visible
100
AcDbLine
 10
96.618974
 20
186.457058
 30
0.0
 11
96.618974
 21
187.200003
 31
0.0
210
0.0
220
1.0
230
0.0
  0
LINE
  5
979
330
70
100
AcDbEntity
  8
Visible
100
AcDbLine
 10
96.618974
 20
183.768232
 30
0.0
 11
96.618974
 21
186.457058
 31
0.0
210
0.0
220
1.0
230
0.0
  0
LINE
  5
97A
330
70
100
AcDbEntity
  8
Visible
100
AcDbLine
 10
96.618974
 20
183.418697
 30
0.0
 11
96.618974
 21
183.768232
 31
0.0
210
0.0
220
1.0
230
0.0
  0
LINE
  5
97B
330
70
100
AcDbEntity
  8
Visible
100
AcDbLine
 10
96.618974
 20
183.418697
 30
0.0
 11
96.618974
 21
183.413554
 31
0.0
210
0.0
220
1.0
230
0.0
  0
LINE
  5
97C
330
70
100
AcDbEntity
  8
Visible
100
AcDbLine
 10
96.618974
 20
183.401529
 30
0.0
 11
104.118974
 21
183.401529
 31
0.0
210
0.0
220
1.0
230
0.0
  0
LINE
  5
97D
330
70
100
AcDbEntity
  8
Visible
100
AcDbLine
 10
96.618974
 20
179.295554
 30
0.0
 11
96.618974
 21
178.654852
 31
0.0
210
0.0
220
1.0
230
0.0
  0
LINE
  5
97E
330
70
100
AcDbEntity
  8
Visible
100
AcDbLine
 10
96.618974
 20
177.953658
 30
0.0
 11
96.618974
 21
178.654852
 31
0.0
210
0.0
220
1.0
230
0.0
  0
LINE
  5
97F
330
70
100
AcDbEntity
  8
Visible
100
AcDbLine
 10
96.618974
 20
175.908481
 30
0.0
 11
96.618974
 21
177.953658
 31
0.0
210
0.0
220
1.0
230
0.0
  0
LINE
  5
980
330
70
100
AcDbEntity
  8
Visible
100
AcDbLine
 10
96.618974
 20
175.741183
 30
0.0
 11
96.618974
 21
175.908481
 31
0.0
210
0.0
220
1.0
230
0.0
  0
LINE
  5
981
330
70
100
AcDbEntity
  8
Visible
100
AcDbLine
 10
96.618974
 20
172.843087
 30
0.0
 11
96.618974
 21
172.511739
 31
0.0
210
0.0
220
1.0
230
0.0
  0
LINE
  5
982
330
70
100
AcDbEntity
  8
Visible
100
AcDbLine
 10
96.618974
 20
171.920933
 30
0.0
 11
96.618974
 21
172.511739
 31
0.0
210
0.0
220
1.0
230
0.0
  0
LINE
  5
983
330
70
100
AcDbEntity
  8
Visible
100
AcDbLine
 10
96.618974
 20
170.719602
 30
0.0
 11
96.618974
 21
171.920933
 31
0.0
210
0.0
220
1.0
230
0.0
  0
LINE
  5
984
330
70
100
AcDbEntity
  8
Visible
100
AcDbLine
 10
96.618974
 20
170.672626
 30
0.0
 11
96.618974
 21
170.719602
 31
0.0
210
0.0
220
1.0
230
0.0
  0
LINE
  5
985
330
70
100
AcDbEntity
  8
Visible
100
AcDbLine
 10
96.618974
 20
168.94941
 30
0.0
 11
96.618974
 21
169.283244
 31
0.0
210
0.0
220
1.0
230
0.0
  0
LINE
  5
986
330
70
100
AcDbEntity
  8
Visible
100
AcDbLine
 10
96.618974
 20
168.709519
 30
0.0
 11
96.618974
 21
168.94941
 31
0.0
210
0.0
220
1.0
230
0.0
  0
LINE
  5
987
330
70
100
AcDbEntity
  8
Visible
100
AcDbLine
 10
96.618974
 20
168.709154
 30
0.0
 11
96.618974
 21
168.709519
 31
0.0
210
0.0
220
1.0
230
0.0
  0
LINE
  5
988
330
70
100
AcDbEntity
  8
Visible
100
AcDbLine
 10
86.318974
 20
204.49375
 30
0.0
 11
86.318974
 21
209.89375
 31
0.0
210
0.0
220
1.0
230
0.0
  0
LINE
  5
989
330
70
100
AcDbEntity
  8
Visible
100
AcDbLine
 10
86.118974
 20
207.19375
 30
0.0
 11
86.118974
 21
199.19375
 31
0.0
210
0.0
220
1.0
230
0.0
  0
LINE
  5
98A
330
70
100
AcDbEntity
  8
Visible
100
AcDbLine
 10
86.318974
 20
192.49375
 30
0.0
 11
86.318974
 21
197.89375
 31
0.0
210
0.0
220
1.0
230
0.0
  0
LINE
  5
98B
330
70
100
AcDbEntity
  8
Visible
100
AcDbLine
 10
106.118974
 20
171.19375
 30
0.0
 11
106.118974
 21
235.19375
 31
0.0
210
0.0
220
1.0
230
0.0
  0
LINE
  5
98C
330
70
100
AcDbEntity
  8
Visible
100
AcDbLine
 10
87.118974
 20
235.19375
 30
0.0
 11
87.118974
 21
171.19375
 31
0.0
210
0.0
220
1.0
230
0.0
  0
LINE
  5
98D
330
70
100
AcDbEntity
  8
Visible
100
AcDbLine
 10
108.118974
 20
175.19375
 30
0.0
 11
108.118974
 21
231.19375
 31
0.0
210
0.0
220
1.0
230
0.0
  0
LINE
  5
98E
330
70
100
AcDbEntity
  8
Visible
100
AcDbLine
 10
108.118974
 20
224.19375
 30
0.0
 11
111.118974
 21
224.19375
 31
0.0
210
0.0
220
1.0
230
0.0
  0
LINE
  5
98F
330
70
100
AcDbEntity
  8
Visible
100
AcDbLine
 10
108.118974
 20
182.19375
 30
0.0
 11
111.118974
 21
182.19375
 31
0.0
210
0.0
220
1.0
230
0.0
  0
LINE
  5
990
330
70
100
AcDbEntity
  8
Visible
100
AcDbLine
 10
129.118974
 20
185.19375
 30
0.0
 11
121.118974
 21
185.19375
 31
0.0
210
0.0
220
1.0
230
0.0
  0
LINE
  5
991
330
70
100
AcDbEntity
  8
Visible
100
AcDbLine
 10
129.118974
 20
221.19375
 30
0.0
 11
121.118974
 21
221.19375
 31
0.0
210
0.0
220
1.0
230
0.0
  0
LINE
  5
992
330
70
100
AcDbEntity
  8
Visible
100
AcDbLine
 10
89.118974
 20
235.657278
 30
0.0
 11
96.618974
 21
235.657278
 31
0.0
210
0.0
220
1.0
230
0.0
  0
LINE
  5
993
330
70
100
AcDbEntity
  8
Visible
100
AcDbLine
 10
89.118974
 20
230.542311
 30
0.0
 11
96.618974
 21
230.542311
 31
0.0
210
0.0
220
1.0
230
0.0
  0
LINE
  5
994
330
70
100
AcDbEntity
  8
Visible
100
AcDbLine
 10
89.118974
 20
179.295554
 30
0.0
 11
96.618974
 21
179.295554
 31
0.0
210
0.0
220
1.0
230
0.0
  0
LINE
  5
995
330
70
100
AcDbEntity
  8
Visible
100
AcDbLine
 10
89.118974
 20
172.843087
 30
0.0
 11
96.618974
 21
172.843087
 31
0.0
210
0.0
220
1.0
230
0.0
  0
LINE
  5
996
330
70
100
AcDbEntity
  8
Visible
100
AcDbLine
 10
89.118974
 20
169.283244
 30
0.0
 11
96.618974
 21
169.283244
 31
0.0
210
0.0
220
1.0
230
0.0
  0
LINE
  5
997
330
70
100
AcDbEntity
  8
Visible
100
AcDbLine
 10
89.118974
 20
168.7147
 30
0.0
 11
96.618974
 21
168.7147
 31
0.0
210
0.0
220
1.0
230
0.0
  0
LINE
  5
998
330
70
100
AcDbEntity
  8
Visible
100
AcDbLine
 10
89.118974
 20
237.672799
 30
0.0
 11
96.618974
 21
237.672799
 31
0.0
210
0.0
220
1.0
230
0.0
  0
LINE
  5
999
330
70
100
AcDbEntity
  8
Visible
100
AcDbLine
 10
96.618974
 20
237.678346
 30
0.0
 11
104.118974
 21
237.678346
 31
0.0
210
0.0
220
1.0
230
0.0
  0
LINE
  5
99A
330
70
100
AcDbEntity
  8
Visible
100
AcDbLine
 10
96.618974
 20
237.07229
 30
0.0
 11
104.118974
 21
237.07229
 31
0.0
210
0.0
220
1.0
230
0.0
  0
LINE
  5
99B
330
70
100
AcDbEntity
  8
Visible
100
AcDbLine
 10
96.618974
 20
233.462605
 30
0.0
 11
104.118974
 21
233.462605
 31
0.0
210
0.0
220
1.0
230
0.0
  0
LINE
  5
99C
330
70
100
AcDbEntity
  8
Visible
100
AcDbLine
 10
96.618974
 20
226.968303
 30
0.0
 11
104.118974
 21
226.968303
 31
0.0
210
0.0
220
1.0
230
0.0
  0
LINE
  5
99D
330
70
100
AcDbEntity
  8
Visible
100
AcDbLine
 10
96.618974
 20
175.741183
 30
0.0
 11
104.118974
 21
175.741183
 31
0.0
210
0.0
220
1.0
230
0.0
  0
LINE
  5
99E
330
70
100
AcDbEntity
  8
Visible
100
AcDbLine
 10
96.618974
 20
170.672626
 30
0.0
 11
104.118974
 21
170.672626
 31
0.0
210
0.0
220
1.0
230
0.0
  0
LINE
  5
99F
330
70
100
AcDbEntity
  8
Visible
100
AcDbLine
 10
96.618974
 20
168.709154
 30
0.0
 11
104.118974
 21
168.709154
 31
0.0
210
0.0
220
1.0
230
0.0
  0
ARC
  5
9A0
330
70
100
AcDbEntity
  8
Visible
100
AcDbCircle
 10
-86.618974
 20
209.89375
 30
0.0
 40
0.3
210
0.0000000000000001
220
0.0
230
-1.0
100
AcDbArc
 50
0.0
 51
90.0
  0
ARC
  5
9A1
330
70
100
AcDbEntity
  8
Visible
100
AcDbCircle
 10
-86.618974
 20
204.49375
 30
0.0
 40
0.3
210
0.0000000000000001
220
0.0
230
-1.0
100
AcDbArc
 50
270.0
 51
0.0
  0
LINE
  5
9A2
330
70
100
AcDbEntity
  8
Visible
100
AcDbLine
 10
86.818974
 20
204.19375
 30
0.0
 11
86.618974
 21
204.19375
 31
0.0
210
0.0
220
1.0
230
0.0
  0
LINE
  5
9A3
330
70
100
AcDbEntity
  8
Visible
100
AcDbLine
 10
86.818974
 20
210.19375
 30
0.0
 11
86.618974
 21
210.19375
 31
0.0
210
0.0
220
1.0
230
0.0
  0
ARC
  5
9A4
330
70
100
AcDbEntity
  8
Visible
100
AcDbCircle
 10
-86.818974
 20
209.89375
 30
0.0
 40
0.3
210
0.0000000000000001
220
0.0
230
-1.0
100
AcDbArc
 50
90.0
 51
180.0
  0
ARC
  5
9A5
330
70
100
AcDbEntity
  8
Visible
100
AcDbCircle
 10
-86.818974
 20
204.49375
 30
0.0
 40
0.3
210
0.0000000000000001
220
0.0
230
-1.0
100
AcDbArc
 50
180.0
 51
270.0
  0
LINE
  5
9A6
330
70
100
AcDbEntity
  8
Visible
100
AcDbLine
 10
86.118974
 20
207.19375
 30
0.0
 11
86.318974
 21
207.19375
 31
0.0
210
0.0
220
1.0
230
0.0
  0
LINE
  5
9A7
330
70
100
AcDbEntity
  8
Visible
100
AcDbLine
 10
86.118974
 20
199.19375
 30
0.0
 11
87.118974
 21
199.19375
 31
0.0
210
0.0
220
1.0
230
0.0
  0
ARC
  5
9A8
330
70
100
AcDbEntity
  8
Visible
100
AcDbCircle
 10
-86.618974
 20
197.89375
 30
0.0
 40
0.3
210
0.0000000000000001
220
0.0
230
-1.0
100
AcDbArc
 50
0.0
 51
90.0
  0
ARC
  5
9A9
330
70
100
AcDbEntity
  8
Visible
100
AcDbCircle
 10
-86.618974
 20
192.49375
 30
0.0
 40
0.3
210
0.0000000000000001
220
0.0
230
-1.0
100
AcDbArc
 50
270.0
 51
0.0
  0
LINE
  5
9AA
330
70
100
AcDbEntity
  8
Visible
100
AcDbLine
 10
86.818974
 20
192.19375
 30
0.0
 11
86.618974
 21
192.19375
 31
0.0
210
0.0
220
1.0
230
0.0
  0
LINE
  5
9AB
330
70
100
AcDbEntity
  8
Visible
100
AcDbLine
 10
86.818974
 20
198.19375
 30
0.0
 11
86.618974
 21
198.19375
 31
0.0
210
0.0
220
1.0
230
0.0
  0
ARC
  5
9AC
330
70
100
AcDbEntity
  8
Visible
100
AcDbCircle
 10
-86.818974
 20
197.89375
 30
0.0
 40
0.3
210
0.0000000000000001
220
0.0
230
-1.0
100
AcDbArc
 50
90.0
 51
180.0
  0
ARC
  5
9AD
330
70
100
AcDbEntity
  8
Visible
100
AcDbCircle
 10
-86.818974
 20
192.49375
 30
0.0
 40
0.3
210
0.0000000000000001
220
0.0
230
-1.0
100
AcDbArc
 50
180.0
 51
270.0
  0
LINE
  5
9AE
330
70
100
AcDbEntity
  8
Visible
100
AcDbLine
 10
87.118974
 20
235.19375
 30
0.0
 11
89.118974
 21
235.19375
 31
0.0
210
0.0
220
1.0
230
0.0
  0
LINE
  5
9AF
330
70
100
AcDbEntity
  8
Visible
100
AcDbLine
 10
87.118974
 20
171.19375
 30
0.0
 11
89.118974
 21
171.19375
 31
0.0
210
0.0
220
1.0
230
0.0
  0
LINE
  5
9B0
330
70
100
AcDbEntity
  8
Visible
100
AcDbLine
 10
106.118974
 20
171.19375
 30
0.0
 11
104.118974
 21
171.19375
 31
0.0
210
0.0
220
1.0
230
0.0
  0
LINE
  5
9B1
330
70
100
AcDbEntity
  8
Visible
100
AcDbLine
 10
106.118974
 20
235.19375
 30
0.0
 11
104.118974
 21
235.19375
 31
0.0
210
0.0
220
1.0
230
0.0
  0
LINE
  5
9B2
330
70
100
AcDbEntity
  8
Visible
100
AcDbLine
 10
106.118974
 20
231.19375
 30
0.0
 11
108.118974
 21
231.19375
 31
0.0
210
0.0
220
1.0
230
0.0
  0
LINE
  5
9B3
330
70
100
AcDbEntity
  8
Visible
100
AcDbLine
 10
106.118974
 20
175.19375
 30
0.0
 11
108.118974
 21
175.19375
 31
0.0
210
0.0
220
1.0
230
0.0
  0
LINE
  5
9B4
330
70
100
AcDbEntity
  8
Visible
100
AcDbLine
 10
245.426876
 20
192.771568
 30
0.0
 11
246.061962
 21
193.871568
 31
0.0
210
0.0
220
1.0
230
0.0
  0
LINE
  5
9B5
330
70
100
AcDbEntity
  8
Visible
100
AcDbLine
 10
246.061962
 20
191.671568
 30
0.0
 11
245.426876
 21
192.771568
 31
0.0
210
0.0
220
1.0
230
0.0
  0
LINE
  5
9B6
330
70
100
AcDbEntity
  8
Visible
100
AcDbLine
 10
247.332132
 20
191.671568
 30
0.0
 11
246.061962
 21
191.671568
 31
0.0
210
0.0
220
1.0
230
0.0
  0
LINE
  5
9B7
330
70
100
AcDbEntity
  8
Visible
100
AcDbLine
 10
247.967217
 20
192.771568
 30
0.0
 11
247.332132
 21
191.671568
 31
0.0
210
0.0
220
1.0
230
0.0
  0
LINE
  5
9B8
330
70
100
AcDbEntity
  8
Visible
100
AcDbLine
 10
247.332132
 20
193.871568
 30
0.0
 11
247.967217
 21
192.771568
 31
0.0
210
0.0
220
1.0
230
0.0
  0
LINE
  5
9B9
330
70
100
AcDbEntity
  8
Visible
100
AcDbLine
 10
246.061962
 20
193.871568
 30
0.0
 11
247.332132
 21
193.871568
 31
0.0
210
0.0
220
1.0
230
0.0
  0
ARC
  5
9BA
330
70
100
AcDbEntity
  8
Visible
100
AcDbCircle
 10
246.697047
 20
192.771568
 30
0.0
 40
3.0
100
AcDbArc
 50
357.60526
 51
253.000776
  0
LINE
  5
9BB
330
70
100
AcDbEntity
  8
Visible
100
AcDbLine
 10
265.426876
 20
192.771568
 30
0.0
 11
266.061962
 21
193.871568
 31
0.0
210
0.0
220
1.0
230
0.0
  0
LINE
  5
9BC
330
70
100
AcDbEntity
  8
Visible
100
AcDbLine
 10
266.061962
 20
191.671568
 30
0.0
 11
265.426876
 21
192.771568
 31
0.0
210
0.0
220
1.0
230
0.0
  0
LINE
  5
9BD
330
70
100
AcDbEntity
  8
Visible
100
AcDbLine
 10
267.332132
 20
191.671568
 30
0.0
 11
266.061962
 21
191.671568
 31
0.0
210
0.0
220
1.0
230
0.0
  0
LINE
  5
9BE
330
70
100
AcDbEntity
  8
Visible
100
AcDbLine
 10
267.967217
 20
192.771568
 30
0.0
 11
267.332132
 21
191.671568
 31
0.0
210
0.0
220
1.0
230
0.0
  0
LINE
  5
9BF
330
70
100
AcDbEntity
  8
Visible
100
AcDbLine
 10
267.332132
 20
193.871568
 30
0.0
 11
267.967217
 21
192.771568
 31
0.0
210
0.0
220
1.0
230
0.0
  0
LINE
  5
9C0
330
70
100
AcDbEntity
  8
Visible
100
AcDbLine
 10
266.061962
 20
193.871568
 30
0.0
 11
267.332132
 21
193.871568
 31
0.0
210
0.0
220
1.0
230
0.0
  0
ARC
  5
9C1
330
70
100
AcDbEntity
  8
Visible
100
AcDbCircle
 10
266.697047
 20
192.771568
 30
0.0
 40
3.0
100
AcDbArc
 50
286.999224
 51
182.39474
  0
ARC
  5
9C2
330
70
100
AcDbEntity
  8
Visible
100
AcDbCircle
 10
-256.697047
 20
202.771568
 30
0.0
 40
11.5
210
0.0000000000000002
220
0.0
230
-1.0
100
AcDbArc
 50
65.176955
 51
114.823045
  0
ARC
  5
9C3
330
70
100
AcDbEntity
  8
Visible
100
AcDbCircle
 10
-256.697047
 20
202.771568
 30
0.0
 40
11.5
210
0.0000000000000002
220
0.0
230
-1.0
100
AcDbArc
 50
321.387371
 51
354.823045
  0
ARC
  5
9C4
330
70
100
AcDbEntity
  8
Visible
100
AcDbCircle
 10
-256.697047
 20
202.771568
 30
0.0
 40
11.5
210
0.0000000000000002
220
0.0
230
-1.0
100
AcDbArc
 50
231.387371
 51
234.823045
  0
ARC
  5
9C5
330
70
100
AcDbEntity
  8
Visible
100
AcDbCircle
 10
-256.697047
 20
202.771568
 30
0.0
 40
11.5
210
0.0000000000000002
220
0.0
230
-1.0
100
AcDbArc
 50
305.176955
 51
308.612629
  0
ARC
  5
9C6
330
70
100
AcDbEntity
  8
Visible
100
AcDbCircle
 10
-256.697047
 20
202.771568
 30
0.0
 40
11.5
210
0.0000000000000002
220
0.0
230
-1.0
100
AcDbArc
 50
185.176955
 51
218.612629
  0
ARC
  5
9C7
330
70
100
AcDbEntity
  8
Visible
100
AcDbCircle
 10
-246.697047
 20
233.771568
 30
0.0
 40
2.0
210
0.0000000000000002
220
0.0
230
-1.0
100
AcDbArc
 50
49.356984
 51
95.340041
  0
ARC
  5
9C8
330
70
100
AcDbEntity
  8
Visible
100
AcDbCircle
 10
-246.697047
 20
233.771568
 30
0.0
 40
4.5
210
0.0000000000000002
220
0.0
230
-1.0
100
AcDbArc
 50
3.948868
 51
140.293739
  0
ARC
  5
9C9
330
70
100
AcDbEntity
  8
Visible
100
AcDbCircle
 10
-266.697047
 20
233.771568
 30
0.0
 40
2.0
210
0.0000000000000002
220
0.0
230
-1.0
100
AcDbArc
 50
87.432313
 51
133.62055
  0
ARC
  5
9CA
330
70
100
AcDbEntity
  8
Visible
100
AcDbCircle
 10
-266.697047
 20
233.771568
 30
0.0
 40
4.5
210
0.0000000000000002
220
0.0
230
-1.0
100
AcDbArc
 50
39.675134
 51
176.051132
  0
LINE
  5
9CB
330
70
100
AcDbEntity
  8
Visible
100
AcDbLine
 10
235.697047
 20
240.771568
 30
0.0
 11
235.697047
 21
230.130027
 31
0.0
210
0.0
220
1.0
230
0.0
  0
ARC
  5
9CC
330
70
100
AcDbEntity
  8
Visible
100
AcDbCircle
 10
-274.697047
 20
240.771568
 30
0.0
 40
3.0
210
0.0000000000000002
220
0.0
230
-1.0
100
AcDbArc
 50
90.0
 51
180.0
  0
LINE
  5
9CD
330
70
100
AcDbEntity
  8
Visible
100
AcDbLine
 10
274.697047
 20
243.771568
 30
0.0
 11
238.697047
 21
243.771568
 31
0.0
210
0.0
220
1.0
230
0.0
  0
ARC
  5
9CE
330
70
100
AcDbEntity
  8
Visible
100
AcDbCircle
 10
-238.697047
 20
240.771568
 30
0.0
 40
3.0
210
0.0000000000000002
220
0.0
230
-1.0
100
AcDbArc
 50
0.0
 51
90.0
  0
LINE
  5
9CF
330
70
100
AcDbEntity
  8
Visible
100
AcDbLine
 10
277.697047
 20
230.082414
 30
0.0
 11
277.697047
 21
240.771568
 31
0.0
210
0.0
220
1.0
230
0.0
  0
ARC
  5
9D0
330
70
100
AcDbEntity
  8
Visible
100
AcDbCircle
 10
256.697047
 20
202.771568
 30
0.0
 40
9.700000000000001
100
AcDbArc
 50
189.313971
 51
230.686029
  0
ARC
  5
9D1
330
70
100
AcDbEntity
  8
Visible
100
AcDbCircle
 10
256.697047
 20
202.771568
 30
0.0
 40
9.700000000000001
100
AcDbArc
 50
309.313971
 51
350.686029
  0
ARC
  5
9D2
330
70
100
AcDbEntity
  8
Visible
100
AcDbCircle
 10
256.697047
 20
202.771568
 30
0.0
 40
9.700000000000001
100
AcDbArc
 50
69.313971
 51
110.686029
  0
ARC
  5
9D3
330
70
100
AcDbEntity
  8
Visible
100
AcDbCircle
 10
256.697047
 20
202.771568
 30
0.0
 40
11.0
100
AcDbArc
 50
185.830425
 51
234.169575
  0
ARC
  5
9D4
330
70
100
AcDbEntity
  8
Visible
100
AcDbCircle
 10
256.697047
 20
202.771568
 30
0.0
 40
11.0
100
AcDbArc
 50
305.830425
 51
354.169575
  0
ARC
  5
9D5
330
70
100
AcDbEntity
  8
Visible
100
AcDbCircle
 10
256.697047
 20
202.771568
 30
0.0
 40
11.0
100
AcDbArc
 50
65.830425
 51
114.169575
  0
ARC
  5
9D6
330
70
100
AcDbEntity
  8
Visible
100
AcDbCircle
 10
-242.697047
 20
202.771568
 30
0.0
 40
3.0
210
0.0000000000000002
220
0.0
230
-1.0
100
AcDbArc
 50
200.9352
 51
209.994726
  0
ARC
  5
9D7
330
70
100
AcDbEntity
  8
Visible
100
AcDbCircle
 10
-256.697047
 20
216.771568
 30
0.0
 40
3.0
210
0.0000000000000002
220
0.0
230
-1.0
100
AcDbArc
 50
270.0
 51
299.994726
  0
ARC
  5
9D8
330
70
100
AcDbEntity
  8
Visible
100
AcDbCircle
 10
-256.697047
 20
216.771568
 30
0.0
 40
3.0
210
0.0000000000000002
220
0.0
230
-1.0
100
AcDbArc
 50
240.005274
 51
270.0
  0
ARC
  5
9D9
330
70
100
AcDbEntity
  8
Visible
100
AcDbCircle
 10
-270.697047
 20
202.771568
 30
0.0
 40
3.0
210
0.0000000000000002
220
0.0
230
-1.0
100
AcDbArc
 50
330.005274
 51
339.0648
  0
ARC
  5
9DA
330
70
100
AcDbEntity
  8
Visible
100
AcDbCircle
 10
-256.697047
 20
202.771568
 30
0.0
 40
9.800000000000002
210
0.0000000000000002
220
0.0
230
-1.0
100
AcDbArc
 50
188.92179
 51
231.07821
  0
ARC
  5
9DB
330
70
100
AcDbEntity
  8
Visible
100
AcDbCircle
 10
-256.697047
 20
202.771568
 30
0.0
 40
9.799999999999998
210
0.0000000000000002
220
0.0
230
-1.0
100
AcDbArc
 50
308.92179
 51
351.07821
  0
ARC
  5
9DC
330
70
100
AcDbEntity
  8
Visible
100
AcDbCircle
 10
-256.697047
 20
202.771568
 30
0.0
 40
9.8
210
0.0000000000000002
220
0.0
230
-1.0
100
AcDbArc
 50
68.92179
 51
111.07821
  0
ARC
  5
9DD
330
70
100
AcDbEntity
  8
Visible
100
AcDbCircle
 10
260.960208
 20
236.200829
 30
0.0
 40
0.8000000000000529
100
AcDbArc
 50
27.380739
 51
82.732423
  0
ARC
  5
9DE
330
70
100
AcDbEntity
  8
Visible
100
AcDbCircle
 10
256.697047
 20
202.771568
 30
0.0
 40
34.5
100
AcDbArc
 50
82.732423
 51
87.979567
  0
ARC
  5
9DF
330
70
100
AcDbEntity
  8
Visible
100
AcDbCircle
 10
257.885171
 20
236.450618
 30
0.0
 40
0.7999999999999669
100
AcDbArc
 50
87.979567
 51
143.331251
  0
LINE
  5
9E0
330
70
100
AcDbEntity
  8
Visible
100
AcDbLine
 10
255.929589
 20
235.163627
 30
0.0
 11
257.24349
 21
236.928368
 31
0.0
210
0.0
220
1.0
230
0.0
  0
ARC
  5
9E1
330
70
100
AcDbEntity
  8
Visible
100
AcDbCircle
 10
255.287908
 20
235.641377
 30
0.0
 40
0.8000000000000193
100
AcDbArc
 50
272.454785
 51
323.331251
  0
ARC
  5
9E2
330
70
100
AcDbEntity
  8
Visible
100
AcDbCircle
 10
256.697047
 20
202.771568
 30
0.0
 40
32.09999999999999
100
AcDbArc
 50
92.454785
 51
96.933177
  0
LINE
  5
9E3
330
70
100
AcDbEntity
  8
Visible
100
AcDbLine
 10
250.983258
 20
236.451505
 30
0.0
 11
252.822202
 21
234.636841
 31
0.0
210
0.0
220
1.0
230
0.0
  0
ARC
  5
9E4
330
70
100
AcDbEntity
  8
Visible
100
AcDbCircle
 10
250.421344
 20
235.882073
 30
0.0
 40
0.8000000000000538
100
AcDbArc
 50
45.380739
 51
100.732423
  0
ARC
  5
9E5
330
70
100
AcDbEntity
  8
Visible
100
AcDbCircle
 10
256.697047
 20
202.771568
 30
0.0
 40
34.5
100
AcDbArc
 50
100.732423
 51
105.979567
  0
ARC
  5
9E6
330
70
100
AcDbEntity
  8
Visible
100
AcDbCircle
 10
247.419621
 20
235.169398
 30
0.0
 40
0.7999999999999728
100
AcDbArc
 50
105.979567
 51
161.331251
  0
LINE
  5
9E7
330
70
100
AcDbEntity
  8
Visible
100
AcDbLine
 10
245.957454
 20
233.341089
 30
0.0
 11
246.661713
 21
235.425475
 31
0.0
210
0.0
220
1.0
230
0.0
  0
ARC
  5
9E8
330
70
100
AcDbEntity
  8
Visible
100
AcDbCircle
 10
245.199546
 20
233.597166
 30
0.0
 40
0.8000000000000218
100
AcDbArc
 50
290.454785
 51
341.331251
  0
ARC
  5
9E9
330
70
100
AcDbEntity
  8
Visible
100
AcDbCircle
 10
256.697047
 20
202.771568
 30
0.0
 40
32.09999999999999
100
AcDbArc
 50
110.454785
 51
114.933177
  0
LINE
  5
9EA
330
70
100
AcDbEntity
  8
Visible
100
AcDbLine
 10
240.855238
 20
233.037434
 30
0.0
 11
243.16494
 21
231.87985
 31
0.0
210
0.0
220
1.0
230
0.0
  0
ARC
  5
9EB
330
70
100
AcDbEntity
  8
Visible
100
AcDbCircle
 10
240.49679
 20
232.322231
 30
0.0
 40
0.8000000000000488
100
AcDbArc
 50
63.380739
 51
118.732423
  0
ARC
  5
9EC
330
70
100
AcDbEntity
  8
Visible
100
AcDbCircle
 10
256.697047
 20
202.771568
 30
0.0
 40
34.5
100
AcDbArc
 50
118.732423
 51
123.979567
  0
ARC
  5
9ED
330
70
100
AcDbEntity
  8
Visible
100
AcDbCircle
 10
237.862211
 20
230.716853
 30
0.0
 40
0.799999999999971
100
AcDbArc
 50
123.979567
 51
179.331251
  0
LINE
  5
9EE
330
70
100
AcDbEntity
  8
Visible
100
AcDbLine
 10
237.036586
 20
228.526194
 30
0.0
 11
237.062265
 21
230.72619
 31
0.0
210
0.0
220
1.0
230
0.0
  0
ARC
  5
9EF
330
70
100
AcDbEntity
  8
Visible
100
AcDbCircle
 10
236.236641
 20
228.535531
 30
0.0
 40
0.8000000000000216
100
AcDbArc
 50
308.454785
 51
359.331251
  0
ARC
  5
9F0
330
70
100
AcDbEntity
  8
Visible
100
AcDbCircle
 10
256.697047
 20
202.771568
 30
0.0
 40
32.09999999999999
100
AcDbArc
 50
128.454785
 51
132.933177
  0
LINE
  5
9F1
330
70
100
AcDbEntity
  8
Visible
100
AcDbLine
 10
232.277924
 20
226.660729
 30
0.0
 11
234.832294
 21
226.273538
 31
0.0
210
0.0
220
1.0
230
0.0
  0
ARC
  5
9F2
330
70
100
AcDbEntity
  8
Visible
100
AcDbCircle
 10
232.15803
 20
225.869764
 30
0.0
 40
0.8000000000000563
100
AcDbArc
 50
81.380739
 51
136.732423
  0
ARC
  5
9F3
330
70
100
AcDbEntity
  8
Visible
100
AcDbCircle
 10
256.697047
 20
202.771568
 30
0.0
 40
34.5
100
AcDbArc
 50
136.732423
 51
141.979567
  0
ARC
  5
9F4
330
70
100
AcDbEntity
  8
Visible
100
AcDbCircle
 10
230.148485
 20
223.528829
 30
0.0
 40
0.7999999999999674
100
AcDbArc
 50
141.979567
 51
197.331251
  0
LINE
  5
9F5
330
70
100
AcDbEntity
  8
Visible
100
AcDbLine
 10
230.040221
 20
221.190256
 30
0.0
 11
229.384807
 21
223.290513
 31
0.0
210
0.0
220
1.0
230
0.0
  0
ARC
  5
9F6
330
70
100
AcDbEntity
  8
Visible
100
AcDbCircle
 10
229.276542
 20
220.95194
 30
0.0
 40
0.8000000000000156
100
AcDbArc
 50
326.454785
 51
17.331251
  0
ARC
  5
9F7
330
70
100
AcDbEntity
  8
Visible
100
AcDbCircle
 10
256.697047
 20
202.771568
 30
0.0
 40
32.09999999999999
100
AcDbArc
 50
146.454785
 51
150.933177
  0
LINE
  5
9F8
330
70
100
AcDbEntity
  8
Visible
100
AcDbLine
 10
226.090925
 20
217.945586
 30
0.0
 11
228.639923
 21
218.36669
 31
0.0
210
0.0
220
1.0
230
0.0
  0
ARC
  5
9F9
330
70
100
AcDbEntity
  8
Visible
100
AcDbCircle
 10
226.22132
 20
217.156285
 30
0.0
 40
0.8000000000000534
100
AcDbArc
 50
99.380739
 51
154.732423
  0
ARC
  5
9FA
330
70
100
AcDbEntity
  8
Visible
100
AcDbCircle
 10
256.697047
 20
202.771568
 30
0.0
 40
34.50000000000001
100
AcDbArc
 50
154.732423
 51
159.979567
  0
ARC
  5
9FB
330
70
100
AcDbEntity
  8
Visible
100
AcDbCircle
 10
225.033518
 20
214.30894
 30
0.0
 40
0.7999999999999629
100
AcDbArc
 50
159.979567
 51
215.331251
  0
LINE
  5
9FC
330
70
100
AcDbEntity
  8
Visible
100
AcDbLine
 10
225.653211
 20
212.051369
 30
0.0
 11
224.38086
 21
213.846298
 31
0.0
210
0.0
220
1.0
230
0.0
  0
ARC
  5
9FD
330
70
100
AcDbEntity
  8
Visible
100
AcDbCircle
 10
225.000553
 20
211.588727
 30
0.0
 40
0.8000000000000172
100
AcDbArc
 50
344.454785
 51
35.331251
  0
ARC
  5
9FE
330
70
100
AcDbEntity
  8
Visible
100
AcDbCircle
 10
256.697047
 20
202.771568
 30
0.0
 40
32.09999999999999
100
AcDbArc
 50
164.454785
 51
168.933177
  0
LINE
  5
9FF
330
70
100
AcDbEntity
  8
Visible
100
AcDbLine
 10
222.899865
 20
207.745105
 30
0.0
 11
225.193979
 21
208.933282
 31
0.0
210
0.0
220
1.0
230
0.0
  0
ARC
  5
A00
330
70
100
AcDbEntity
  8
Visible
100
AcDbCircle
 10
223.267786
 20
207.034729
 30
0.0
 40
0.8000000000000524
100
AcDbArc
 50
117.380739
 51
172.732423
  0
ARC
  5
A01
330
70
100
AcDbEntity
  8
Visible
100
AcDbCircle
 10
256.697047
 20
202.771568
 30
0.0
 40
34.50000000000001
100
AcDbArc
 50
172.732423
 51
177.979567
  0
ARC
  5
A02
330
70
100
AcDbEntity
  8
Visible
100
AcDbCircle
 10
223.017998
 20
203.959692
 30
0.0
 40
0.7999999999999669
100
AcDbArc
 50
177.979567
 51
233.331251
  0
LINE
  5
A03
330
70
100
AcDbEntity
  8
Visible
100
AcDbLine
 10
224.304988
 20
202.00411
 30
0.0
 11
222.540247
 21
203.318011
 31
0.0
210
0.0
220
1.0
230
0.0
  0
ARC
  5
A04
330
70
100
AcDbEntity
  8
Visible
100
AcDbCircle
 10
223.827238
 20
201.362429
 30
0.0
 40
0.8000000000000193
100
AcDbArc
 50
2.454785
 51
53.331251
  0
ARC
  5
A05
330
70
100
AcDbEntity
  8
Visible
100
AcDbCircle
 10
256.697047
 20
202.771568
 30
0.0
 40
32.09999999999999
100
AcDbArc
 50
182.454785
 51
186.933177
  0
LINE
  5
A06
330
70
100
AcDbEntity
  8
Visible
100
AcDbLine
 10
223.01711
 20
197.057779
 30
0.0
 11
224.831775
 21
198.896723
 31
0.0
210
0.0
220
1.0
230
0.0
  0
ARC
  5
A07
330
70
100
AcDbEntity
  8
Visible
100
AcDbCircle
 10
223.586542
 20
196.495865
 30
0.0
 40
0.8000000000000538
100
AcDbArc
 50
135.380739
 51
190.732423
  0
ARC
  5
A08
330
70
100
AcDbEntity
  8
Visible
100
AcDbCircle
 10
256.697047
 20
202.771568
 30
0.0
 40
34.5
100
AcDbArc
 50
190.732423
 51
195.979567
  0
ARC
  5
A09
330
70
100
AcDbEntity
  8
Visible
100
AcDbCircle
 10
224.299217
 20
193.494143
 30
0.0
 40
0.7999999999999684
100
AcDbArc
 50
195.979567
 51
251.331251
  0
LINE
  5
A0A
330
70
100
AcDbEntity
  8
Visible
100
AcDbLine
 10
226.127526
 20
192.031976
 30
0.0
 11
224.04314
 21
192.736235
 31
0.0
210
0.0
220
1.0
230
0.0
  0
ARC
  5
A0B
330
70
100
AcDbEntity
  8
Visible
100
AcDbCircle
 10
225.871449
 20
191.274068
 30
0.0
 40
0.8000000000000218
100
AcDbArc
 50
20.454785
 51
71.331251
  0
ARC
  5
A0C
330
70
100
AcDbEntity
  8
Visible
100
AcDbCircle
 10
256.697047
 20
202.771568
 30
0.0
 40
32.09999999999999
100
AcDbArc
 50
200.454785
 51
204.933177
  0
LINE
  5
A0D
330
70
100
AcDbEntity
  8
Visible
100
AcDbLine
 10
226.431181
 20
186.929759
 30
0.0
 11
227.588765
 21
189.239461
 31
0.0
210
0.0
220
1.0
230
0.0
  0
ARC
  5
A0E
330
70
100
AcDbEntity
  8
Visible
100
AcDbCircle
 10
227.146384
 20
186.571311
 30
0.0
 40
0.8000000000000468
100
AcDbArc
 50
153.380739
 51
208.732423
  0
ARC
  5
A0F
330
70
100
AcDbEntity
  8
Visible
100
AcDbCircle
 10
256.697047
 20
202.771568
 30
0.0
 40
34.5
100
AcDbArc
 50
208.732423
 51
213.979567
  0
ARC
  5
A10
330
70
100
AcDbEntity
  8
Visible
100
AcDbCircle
 10
228.751762
 20
183.936732
 30
0.0
 40
0.7999999999999698
100
AcDbArc
 50
213.979567
 51
269.331251
  0
LINE
  5
A11
330
70
100
AcDbEntity
  8
Visible
100
AcDbLine
 10
230.942421
 20
183.111107
 30
0.0
 11
228.742425
 21
183.136787
 31
0.0
210
0.0
220
1.0
230
0.0
  0
ARC
  5
A12
330
70
100
AcDbEntity
  8
Visible
100
AcDbCircle
 10
230.933084
 20
182.311162
 30
0.0
 40
0.8000000000000202
100
AcDbArc
 50
38.454785
 51
89.331251
  0
ARC
  5
A13
330
70
100
AcDbEntity
  8
Visible
100
AcDbCircle
 10
256.697047
 20
202.771568
 30
0.0
 40
32.09999999999999
100
AcDbArc
 50
218.454785
 51
222.933177
  0
LINE
  5
A14
330
70
100
AcDbEntity
  8
Visible
100
AcDbLine
 10
232.807886
 20
178.352446
 30
0.0
 11
233.195077
 21
180.906816
 31
0.0
210
0.0
220
1.0
230
0.0
  0
ARC
  5
A15
330
70
100
AcDbEntity
  8
Visible
100
AcDbCircle
 10
233.598851
 20
178.232551
 30
0.0
 40
0.8000000000000513
100
AcDbArc
 50
171.380739
 51
226.732423
  0
ARC
  5
A16
330
70
100
AcDbEntity
  8
Visible
100
AcDbCircle
 10
256.697047
 20
202.771568
 30
0.0
 40
34.49999999999999
100
AcDbArc
 50
226.732423
 51
231.979567
  0
ARC
  5
A17
330
70
100
AcDbEntity
  8
Visible
100
AcDbCircle
 10
235.939786
 20
176.223007
 30
0.0
 40
0.7999999999999639
100
AcDbArc
 50
231.979567
 51
287.331251
  0
LINE
  5
A18
330
70
100
AcDbEntity
  8
Visible
100
AcDbLine
 10
238.278359
 20
176.114742
 30
0.0
 11
236.178102
 21
175.459328
 31
0.0
210
0.0
220
1.0
230
0.0
  0
ARC
  5
A19
330
70
100
AcDbEntity
  8
Visible
100
AcDbCircle
 10
238.516675
 20
175.351063
 30
0.0
 40
0.8000000000000156
100
AcDbArc
 50
56.454785
 51
107.331251
  0
ARC
  5
A1A
330
70
100
AcDbEntity
  8
Visible
100
AcDbCircle
 10
256.697047
 20
202.771568
 30
0.0
 40
32.09999999999999
100
AcDbArc
 50
236.454785
 51
240.933177
  0
LINE
  5
A1B
330
70
100
AcDbEntity
  8
Visible
100
AcDbLine
 10
241.523029
 20
172.165446
 30
0.0
 11
241.101925
 21
174.714445
 31
0.0
210
0.0
220
1.0
230
0.0
  0
ARC
  5
A1C
330
70
100
AcDbEntity
  8
Visible
100
AcDbCircle
 10
242.31233
 20
172.295841
 30
0.0
 40
0.8000000000000513
100
AcDbArc
 50
189.380739
 51
244.732423
  0
ARC
  5
A1D
330
70
100
AcDbEntity
  8
Visible
100
AcDbCircle
 10
256.697047
 20
202.771568
 30
0.0
 40
34.50000000000001
100
AcDbArc
 50
244.732423
 51
249.979567
  0
ARC
  5
A1E
330
70
100
AcDbEntity
  8
Visible
100
AcDbCircle
 10
245.159675
 20
171.108039
 30
0.0
 40
0.799999999999962
100
AcDbArc
 50
249.979567
 51
305.331251
  0
LINE
  5
A1F
330
70
100
AcDbEntity
  8
Visible
100
AcDbLine
 10
247.417246
 20
171.727732
 30
0.0
 11
245.622317
 21
170.455382
 31
0.0
210
0.0
220
1.0
230
0.0
  0
ARC
  5
A20
330
70
100
AcDbEntity
  8
Visible
100
AcDbCircle
 10
247.879888
 20
171.075075
 30
0.0
 40
0.8000000000000218
100
AcDbArc
 50
74.454785
 51
125.331251
  0
ARC
  5
A21
330
70
100
AcDbEntity
  8
Visible
100
AcDbCircle
 10
256.697047
 20
202.771568
 30
0.0
 40
32.09999999999999
100
AcDbArc
 50
254.454785
 51
258.933177
  0
LINE
  5
A22
330
70
100
AcDbEntity
  8
Visible
100
AcDbLine
 10
251.72351
 20
168.974387
 30
0.0
 11
250.535333
 21
171.2685
 31
0.0
210
0.0
220
1.0
230
0.0
  0
ARC
  5
A23
330
70
100
AcDbEntity
  8
Visible
100
AcDbCircle
 10
252.433886
 20
169.342308
 30
0.0
 40
0.8000000000000529
100
AcDbArc
 50
207.380739
 51
262.732423
  0
ARC
  5
A24
330
70
100
AcDbEntity
  8
Visible
100
AcDbCircle
 10
256.697047
 20
202.771568
 30
0.0
 40
34.5
100
AcDbArc
 50
262.732423
 51
267.979567
  0
ARC
  5
A25
330
70
100
AcDbEntity
  8
Visible
100
AcDbCircle
 10
255.508923
 20
169.092519
 30
0.0
 40
0.7999999999999669
100
AcDbArc
 50
267.979567
 51
323.331251
  0
LINE
  5
A26
330
70
100
AcDbEntity
  8
Visible
100
AcDbLine
 10
257.464505
 20
170.37951
 30
0.0
 11
256.150604
 21
168.614769
 31
0.0
210
0.0
220
1.0
230
0.0
  0
ARC
  5
A27
330
70
100
AcDbEntity
  8
Visible
100
AcDbCircle
 10
258.106186
 20
169.901759
 30
0.0
 40
0.8000000000000191
100
AcDbArc
 50
92.454785
 51
143.331251
  0
ARC
  5
A28
330
70
100
AcDbEntity
  8
Visible
100
AcDbCircle
 10
256.697047
 20
202.771568
 30
0.0
 40
32.09999999999999
100
AcDbArc
 50
272.454785
 51
276.933177
  0
LINE
  5
A29
330
70
100
AcDbEntity
  8
Visible
100
AcDbLine
 10
262.410836
 20
169.091631
 30
0.0
 11
260.571892
 21
170.906296
 31
0.0
210
0.0
220
1.0
230
0.0
  0
ARC
  5
A2A
330
70
100
AcDbEntity
  8
Visible
100
AcDbCircle
 10
262.97275
 20
169.661063
 30
0.0
 40
0.8000000000000538
100
AcDbArc
 50
225.380739
 51
280.732423
  0
ARC
  5
A2B
330
70
100
AcDbEntity
  8
Visible
100
AcDbCircle
 10
256.697047
 20
202.771568
 30
0.0
 40
34.5
100
AcDbArc
 50
280.732423
 51
285.979567
  0
ARC
  5
A2C
330
70
100
AcDbEntity
  8
Visible
100
AcDbCircle
 10
265.974472
 20
170.373738
 30
0.0
 40
0.7999999999999635
100
AcDbArc
 50
285.979567
 51
341.331251
  0
LINE
  5
A2D
330
70
100
AcDbEntity
  8
Visible
100
AcDbLine
 10
267.436639
 20
172.202047
 30
0.0
 11
266.73238
 21
170.117661
 31
0.0
210
0.0
220
1.0
230
0.0
  0
ARC
  5
A2E
330
70
100
AcDbEntity
  8
Visible
100
AcDbCircle
 10
268.194547
 20
171.94597
 30
0.0
 40
0.8000000000000218
100
AcDbArc
 50
110.454785
 51
161.331251
  0
ARC
  5
A2F
330
70
100
AcDbEntity
  8
Visible
100
AcDbCircle
 10
256.697047
 20
202.771568
 30
0.0
 40
32.09999999999999
100
AcDbArc
 50
290.454785
 51
294.933177
  0
LINE
  5
A30
330
70
100
AcDbEntity
  8
Visible
100
AcDbLine
 10
272.538856
 20
172.505702
 30
0.0
 11
270.229154
 21
173.663286
 31
0.0
210
0.0
220
1.0
230
0.0
  0
ARC
  5
A31
330
70
100
AcDbEntity
  8
Visible
100
AcDbCircle
 10
272.897304
 20
173.220905
 30
0.0
 40
0.8000000000000529
100
AcDbArc
 50
243.380739
 51
298.732423
  0
ARC
  5
A32
330
70
100
AcDbEntity
  8
Visible
100
AcDbCircle
 10
256.697047
 20
202.771568
 30
0.0
 40
34.50000000000001
100
AcDbArc
 50
298.732423
 51
303.979567
  0
ARC
  5
A33
330
70
100
AcDbEntity
  8
Visible
100
AcDbCircle
 10
275.531883
 20
174.826283
 30
0.0
 40
0.799999999999971
100
AcDbArc
 50
303.979567
 51
359.331251
  0
LINE
  5
A34
330
70
100
AcDbEntity
  8
Visible
100
AcDbLine
 10
276.357508
 20
177.016943
 30
0.0
 11
276.331828
 21
174.816946
 31
0.0
210
0.0
220
1.0
230
0.0
  0
ARC
  5
A35
330
70
100
AcDbEntity
  8
Visible
100
AcDbCircle
 10
277.157453
 20
177.007605
 30
0.0
 40
0.8000000000000216
100
AcDbArc
 50
128.454785
 51
179.331251
  0
ARC
  5
A36
330
70
100
AcDbEntity
  8
Visible
100
AcDbCircle
 10
256.697047
 20
202.771568
 30
0.0
 40
32.09999999999999
100
AcDbArc
 50
308.454785
 51
312.933177
  0
LINE
  5
A37
330
70
100
AcDbEntity
  8
Visible
100
AcDbLine
 10
281.11617
 20
178.882407
 30
0.0
 11
278.561799
 21
179.269598
 31
0.0
210
0.0
220
1.0
230
0.0
  0
ARC
  5
A38
330
70
100
AcDbEntity
  8
Visible
100
AcDbCircle
 10
281.236064
 20
179.673372
 30
0.0
 40
0.8000000000000518
100
AcDbArc
 50
261.380739
 51
316.732423
  0
ARC
  5
A39
330
70
100
AcDbEntity
  8
Visible
100
AcDbCircle
 10
256.697047
 20
202.771568
 30
0.0
 40
34.5
100
AcDbArc
 50
316.732423
 51
321.979567
  0
ARC
  5
A3A
330
70
100
AcDbEntity
  8
Visible
100
AcDbCircle
 10
283.245608
 20
182.014307
 30
0.0
 40
0.799999999999961
100
AcDbArc
 50
321.979567
 51
17.331251
  0
LINE
  5
A3B
330
70
100
AcDbEntity
  8
Visible
100
AcDbLine
 10
283.353873
 20
184.35288
 30
0.0
 11
284.009287
 21
182.252624
 31
0.0
210
0.0
220
1.0
230
0.0
  0
ARC
  5
A3C
330
70
100
AcDbEntity
  8
Visible
100
AcDbCircle
 10
284.117552
 20
184.591197
 30
0.0
 40
0.8000000000000156
100
AcDbArc
 50
146.454785
 51
197.331251
  0
ARC
  5
A3D
330
70
100
AcDbEntity
  8
Visible
100
AcDbCircle
 10
256.697047
 20
202.771568
 30
0.0
 40
32.09999999999999
100
AcDbArc
 50
326.454785
 51
330.933177
  0
LINE
  5
A3E
330
70
100
AcDbEntity
  8
Visible
100
AcDbLine
 10
287.303169
 20
187.59755
 30
0.0
 11
284.75417
 21
187.176446
 31
0.0
210
0.0
220
1.0
230
0.0
  0
ARC
  5
A3F
330
70
100
AcDbEntity
  8
Visible
100
AcDbCircle
 10
287.172774
 20
188.386852
 30
0.0
 40
0.8000000000000534
100
AcDbArc
 50
279.380739
 51
334.732423
  0
ARC
  5
A40
330
70
100
AcDbEntity
  8
Visible
100
AcDbCircle
 10
256.697047
 20
202.771568
 30
0.0
 40
34.5
100
AcDbArc
 50
334.732423
 51
339.979567
  0
ARC
  5
A41
330
70
100
AcDbEntity
  8
Visible
100
AcDbCircle
 10
288.360576
 20
191.234197
 30
0.0
 40
0.7999999999999669
100
AcDbArc
 50
339.979567
 51
35.331251
  0
LINE
  5
A42
330
70
100
AcDbEntity
  8
Visible
100
AcDbLine
 10
287.740883
 20
193.491767
 30
0.0
 11
289.013233
 21
191.696839
 31
0.0
210
0.0
220
1.0
230
0.0
  0
ARC
  5
A43
330
70
100
AcDbEntity
  8
Visible
100
AcDbCircle
 10
288.393541
 20
193.95441
 30
0.0
 40
0.8000000000000172
100
AcDbArc
 50
164.454785
 51
215.331251
  0
ARC
  5
A44
330
70
100
AcDbEntity
  8
Visible
100
AcDbCircle
 10
256.697047
 20
202.771568
 30
0.0
 40
32.09999999999999
100
AcDbArc
 50
344.454785
 51
348.933177
  0
LINE
  5
A45
330
70
100
AcDbEntity
  8
Visible
100
AcDbLine
 10
290.494228
 20
197.798031
 30
0.0
 11
288.200115
 21
196.609854
 31
0.0
210
0.0
220
1.0
230
0.0
  0
ARC
  5
A46
330
70
100
AcDbEntity
  8
Visible
100
AcDbCircle
 10
290.126307
 20
198.508407
 30
0.0
 40
0.8000000000000534
100
AcDbArc
 50
297.380739
 51
352.732423
  0
ARC
  5
A47
330
70
100
AcDbEntity
  8
Visible
100
AcDbCircle
 10
256.697047
 20
202.771568
 30
0.0
 40
34.5
100
AcDbArc
 50
352.732423
 51
357.979567
  0
ARC
  5
A48
330
70
100
AcDbEntity
  8
Visible
100
AcDbCircle
 10
290.376096
 20
201.583444
 30
0.0
 40
0.7999999999999669
100
AcDbArc
 50
357.979567
 51
53.331251
  0
LINE
  5
A49
330
70
100
AcDbEntity
  8
Visible
100
AcDbLine
 10
289.089105
 20
203.539026
 30
0.0
 11
290.853846
 21
202.225125
 31
0.0
210
0.0
220
1.0
230
0.0
  0
ARC
  5
A4A
330
70
100
AcDbEntity
  8
Visible
100
AcDbCircle
 10
289.566856
 20
204.180707
 30
0.0
 40
0.8000000000000193
100
AcDbArc
 50
182.454785
 51
233.331251
  0
ARC
  5
A4B
330
70
100
AcDbEntity
  8
Visible
100
AcDbCircle
 10
256.697047
 20
202.771568
 30
0.0
 40
32.09999999999999
100
AcDbArc
 50
2.454785
 51
6.933177
  0
LINE
  5
A4C
330
70
100
AcDbEntity
  8
Visible
100
AcDbLine
 10
290.376984
 20
208.485357
 30
0.0
 11
288.562319
 21
206.646413
 31
0.0
210
0.0
220
1.0
230
0.0
  0
ARC
  5
A4D
330
70
100
AcDbEntity
  8
Visible
100
AcDbCircle
 10
289.807552
 20
209.047271
 30
0.0
 40
0.8000000000000506
100
AcDbArc
 50
315.380739
 51
10.732423
  0
ARC
  5
A4E
330
70
100
AcDbEntity
  8
Visible
100
AcDbCircle
 10
256.697047
 20
202.771568
 30
0.0
 40
34.5
100
AcDbArc
 50
10.732423
 51
15.979567
  0
ARC
  5
A4F
330
70
100
AcDbEntity
  8
Visible
100
AcDbCircle
 10
289.094877
 20
212.048994
 30
0.0
 40
0.7999999999999642
100
AcDbArc
 50
15.979567
 51
71.331251
  0
LINE
  5
A50
330
70
100
AcDbEntity
  8
Visible
100
AcDbLine
 10
287.266568
 20
213.511161
 30
0.0
 11
289.350954
 21
212.806902
 31
0.0
210
0.0
220
1.0
230
0.0
  0
ARC
  5
A51
330
70
100
AcDbEntity
  8
Visible
100
AcDbCircle
 10
287.522645
 20
214.269069
 30
0.0
 40
0.8000000000000218
100
AcDbArc
 50
200.454785
 51
251.331251
  0
ARC
  5
A52
330
70
100
AcDbEntity
  8
Visible
100
AcDbCircle
 10
256.697047
 20
202.771568
 30
0.0
 40
32.09999999999999
100
AcDbArc
 50
20.454785
 51
24.933177
  0
LINE
  5
A53
330
70
100
AcDbEntity
  8
Visible
100
AcDbLine
 10
286.962913
 20
218.613377
 30
0.0
 11
285.805329
 21
216.303675
 31
0.0
210
0.0
220
1.0
230
0.0
  0
ARC
  5
A54
330
70
100
AcDbEntity
  8
Visible
100
AcDbCircle
 10
286.24771
 20
218.971825
 30
0.0
 40
0.8000000000000488
100
AcDbArc
 50
333.380739
 51
28.732423
  0
ARC
  5
A55
330
70
100
AcDbEntity
  8
Visible
100
AcDbCircle
 10
256.697047
 20
202.771568
 30
0.0
 40
34.5
100
AcDbArc
 50
28.732423
 51
33.979567
  0
ARC
  5
A56
330
70
100
AcDbEntity
  8
Visible
100
AcDbCircle
 10
284.642332
 20
221.606404
 30
0.0
 40
0.799999999999971
100
AcDbArc
 50
33.979567
 51
89.331251
  0
LINE
  5
A57
330
70
100
AcDbEntity
  8
Visible
100
AcDbLine
 10
282.451672
 20
222.432029
 30
0.0
 11
284.651669
 21
222.40635
 31
0.0
210
0.0
220
1.0
230
0.0
  0
ARC
  5
A58
330
70
100
AcDbEntity
  8
Visible
100
AcDbCircle
 10
282.46101
 20
223.231974
 30
0.0
 40
0.8000000000000216
100
AcDbArc
 50
218.454785
 51
269.331251
  0
ARC
  5
A59
330
70
100
AcDbEntity
  8
Visible
100
AcDbCircle
 10
256.697047
 20
202.771568
 30
0.0
 40
32.09999999999999
100
AcDbArc
 50
38.454785
 51
42.933177
  0
LINE
  5
A5A
330
70
100
AcDbEntity
  8
Visible
100
AcDbLine
 10
280.586208
 20
227.190691
 30
0.0
 11
280.199017
 21
224.636321
 31
0.0
210
0.0
220
1.0
230
0.0
  0
ARC
  5
A5B
330
70
100
AcDbEntity
  8
Visible
100
AcDbCircle
 10
279.795243
 20
227.310585
 30
0.0
 40
0.8000000000000563
100
AcDbArc
 50
351.380739
 51
46.732423
  0
ARC
  5
A5C
330
70
100
AcDbEntity
  8
Visible
100
AcDbCircle
 10
256.697047
 20
202.771568
 30
0.0
 40
34.5
100
AcDbArc
 50
46.732423
 51
51.979567
  0
ARC
  5
A5D
330
70
100
AcDbEntity
  8
Visible
100
AcDbCircle
 10
277.454308
 20
229.32013
 30
0.0
 40
0.7999999999999674
100
AcDbArc
 50
51.979567
 51
107.331251
  0
LINE
  5
A5E
330
70
100
AcDbEntity
  8
Visible
100
AcDbLine
 10
275.115735
 20
229.428394
 30
0.0
 11
277.215991
 21
230.083808
 31
0.0
210
0.0
220
1.0
230
0.0
  0
ARC
  5
A5F
330
70
100
AcDbEntity
  8
Visible
100
AcDbCircle
 10
274.877418
 20
230.192073
 30
0.0
 40
0.8000000000000156
100
AcDbArc
 50
236.454785
 51
287.331251
  0
ARC
  5
A60
330
70
100
AcDbEntity
  8
Visible
100
AcDbCircle
 10
256.697047
 20
202.771568
 30
0.0
 40
32.09999999999999
100
AcDbArc
 50
56.454785
 51
60.933177
  0
LINE
  5
A61
330
70
100
AcDbEntity
  8
Visible
100
AcDbLine
 10
271.871065
 20
233.377691
 30
0.0
 11
272.292169
 21
230.828692
 31
0.0
210
0.0
220
1.0
230
0.0
  0
ARC
  5
A62
330
70
100
AcDbEntity
  8
Visible
100
AcDbCircle
 10
271.081763
 20
233.247295
 30
0.0
 40
0.8000000000000518
100
AcDbArc
 50
9.380739
 51
64.732423
  0
ARC
  5
A63
330
70
100
AcDbEntity
  8
Visible
100
AcDbCircle
 10
256.697047
 20
202.771568
 30
0.0
 40
34.50000000000001
100
AcDbArc
 50
64.732423
 51
69.979567
  0
ARC
  5
A64
330
70
100
AcDbEntity
  8
Visible
100
AcDbCircle
 10
268.234418
 20
234.435097
 30
0.0
 40
0.7999999999999665
100
AcDbArc
 50
69.979567
 51
125.331251
  0
LINE
  5
A65
330
70
100
AcDbEntity
  8
Visible
100
AcDbLine
 10
265.976848
 20
233.815404
 30
0.0
 11
267.771776
 21
235.087755
 31
0.0
210
0.0
220
1.0
230
0.0
  0
ARC
  5
A66
330
70
100
AcDbEntity
  8
Visible
100
AcDbCircle
 10
265.514205
 20
234.468062
 30
0.0
 40
0.8000000000000216
100
AcDbArc
 50
254.454785
 51
305.331251
  0
ARC
  5
A67
330
70
100
AcDbEntity
  8
Visible
100
AcDbCircle
 10
256.697047
 20
202.771568
 30
0.0
 40
32.09999999999999
100
AcDbArc
 50
74.454785
 51
78.933177
  0
LINE
  5
A68
330
70
100
AcDbEntity
  8
Visible
100
AcDbLine
 10
261.670584
 20
236.56875
 30
0.0
 11
262.858761
 21
234.274636
 31
0.0
210
0.0
220
1.0
230
0.0
  0
ARC
  5
A69
330
70
100
AcDbEntity
  8
Visible
100
AcDbCircle
 10
-223.618506
 20
209.213628
 30
0.0
 40
0.7999999999999618
210
0.0000000000000002
220
0.0
230
-1.0
100
AcDbArc
 50
315.668749
 51
11.020433
  0
ARC
  5
A6A
330
70
100
AcDbEntity
  8
Visible
100
AcDbCircle
 10
-256.697047
 20
202.771568
 30
0.0
 40
34.49999999999922
210
0.0000000000000002
220
0.0
230
-1.0
100
AcDbArc
 50
11.020433
 51
16.267577
  0
ARC
  5
A6B
330
70
100
AcDbEntity
  8
Visible
100
AcDbCircle
 10
-224.346261
 20
212.211731
 30
0.0
 40
0.800000000000055
210
0.0000000000000002
220
0.0
230
-1.0
100
AcDbArc
 50
16.267577
 51
71.619261
  0
LINE
  5
A6C
330
70
100
AcDbEntity
  8
Visible
100
AcDbLine
 10
224.093997
 20
212.970917
 30
0.0
 11
224.8284
 21
213.214946
 31
0.0
210
0.0
220
1.0
230
0.0
  0
LINE
  5
A6D
330
70
100
AcDbEntity
  8
Visible
100
AcDbLine
 10
226.85446
 20
218.071725
 30
0.0
 11
226.511196
 21
218.765315
 31
0.0
210
0.0
220
1.0
230
0.0
  0
ARC
  5
A6E
330
70
100
AcDbEntity
  8
Visible
100
AcDbCircle
 10
-227.228191
 20
219.120163
 30
0.0
 40
0.7999999999999657
210
0.0000000000000002
220
0.0
230
-1.0
100
AcDbArc
 50
333.668749
 51
29.020433
  0
ARC
  5
A6F
330
70
100
AcDbEntity
  8
Visible
100
AcDbCircle
 10
-256.697047
 20
202.771568
 30
0.0
 40
34.49999999999921
210
0.0000000000000002
220
0.0
230
-1.0
100
AcDbArc
 50
29.020433
 51
34.267577
  0
ARC
  5
A70
330
70
100
AcDbEntity
  8
Visible
100
AcDbCircle
 10
-228.846792
 20
221.746639
 30
0.0
 40
0.8000000000000571
210
0.0000000000000002
220
0.0
230
-1.0
100
AcDbArc
 50
34.267577
 51
89.619261
  0
LINE
  5
A71
330
70
100
AcDbEntity
  8
Visible
100
AcDbLine
 10
228.841476
 20
222.546621
 30
0.0
 11
229.615343
 21
222.551764
 31
0.0
210
0.0
220
1.0
230
0.0
  0
LINE
  5
A72
330
70
100
AcDbEntity
  8
Visible
100
AcDbLine
 10
233.043068
 20
226.544749
 30
0.0
 11
232.930936
 21
227.310466
 31
0.0
210
0.0
220
1.0
230
0.0
  0
ARC
  5
A73
330
70
100
AcDbEntity
  8
Visible
100
AcDbCircle
 10
-233.722493
 20
227.426383
 30
0.0
 40
0.7999999999999704
210
0.0000000000000002
220
0.0
230
-1.0
100
AcDbArc
 50
351.668749
 51
47.020433
  0
ARC
  5
A74
330
70
100
AcDbEntity
  8
Visible
100
AcDbCircle
 10
-256.697047
 20
202.771568
 30
0.0
 40
34.49999999999922
210
0.0000000000000002
220
0.0
230
-1.0
100
AcDbArc
 50
47.020433
 51
52.267577
  0
ARC
  5
A75
330
70
100
AcDbEntity
  8
Visible
100
AcDbCircle
 10
-236.0735
 20
229.424135
 30
0.0
 40
0.800000000000054
210
0.0000000000000002
220
0.0
230
-1.0
100
AcDbArc
 50
52.267577
 51
107.619261
  0
LINE
  5
A76
330
70
100
AcDbEntity
  8
Visible
100
AcDbLine
 10
236.315652
 20
230.186606
 30
0.0
 11
237.053233
 21
229.952359
 31
0.0
210
0.0
220
1.0
230
0.0
  0
LINE
  5
A77
330
70
100
AcDbEntity
  8
Visible
100
AcDbLine
 10
241.547093
 20
232.690688
 30
0.0
 11
241.677068
 21
233.453579
 31
0.0
210
0.0
220
1.0
230
0.0
  0
ARC
  5
A78
330
70
100
AcDbEntity
  8
Visible
100
AcDbCircle
 10
-242.465705
 20
233.319218
 30
0.0
 40
0.7999999999999729
210
0.0000000000000002
220
0.0
230
-1.0
100
AcDbArc
 50
9.668749
 51
65.020433
  0
ARC
  5
A79
330
70
100
AcDbEntity
  8
Visible
100
AcDbCircle
 10
-256.697047
 20
202.771568
 30
0.0
 40
34.49999999999923
210
0.0000000000000002
220
0.0
230
-1.0
100
AcDbArc
 50
65.020433
 51
70.267577
  0
ARC
  5
A7A
330
70
100
AcDbEntity
  8
Visible
100
AcDbCircle
 10
-245.318984
 20
234.492692
 30
0.0
 40
0.8000000000000586
210
0.0000000000000002
220
0.0
230
-1.0
100
AcDbArc
 50
70.267577
 51
125.619261
  0
LINE
  5
A7B
330
70
100
AcDbEntity
  8
Visible
100
AcDbLine
 10
245.784901
 20
235.143016
 30
0.0
 11
246.413996
 21
234.692309
 31
0.0
210
0.0
220
1.0
230
0.0
  0
LINE
  5
A7C
330
70
100
AcDbEntity
  8
Visible
100
AcDbLine
 10
251.534101
 20
235.907935
 30
0.0
 11
251.893461
 21
236.593323
 31
0.0
210
0.0
220
1.0
230
0.0
  0
ARC
  5
A7D
330
70
100
AcDbEntity
  8
Visible
100
AcDbCircle
 10
-252.601979
 20
236.221836
 30
0.0
 40
0.7999999999999672
210
0.0000000000000002
220
0.0
230
-1.0
100
AcDbArc
 50
27.668749
 51
83.020433
  0
ARC
  5
A7E
330
70
100
AcDbEntity
  8
Visible
100
AcDbCircle
 10
-256.697047
 20
202.771568
 30
0.0
 40
34.49999999999923
210
0.0000000000000002
220
0.0
230
-1.0
100
AcDbArc
 50
83.020433
 51
88.267577
  0
ARC
  5
A7F
330
70
100
AcDbEntity
  8
Visible
100
AcDbCircle
 10
-255.678233
 20
236.456164
 30
0.0
 40
0.8000000000000541
210
0.0000000000000002
220
0.0
230
-1.0
100
AcDbArc
 50
88.267577
 51
143.619261
  0
LINE
  5
A80
330
70
100
AcDbEntity
  8
Visible
100
AcDbLine
 10
256.322307
 20
236.930683
 30
0.0
 11
256.781335
 21
236.307634
 31
0.0
210
0.0
220
1.0
230
0.0
  0
LINE
  5
A81
330
70
100
AcDbEntity
  8
Visible
100
AcDbLine
 10
262.026494
 20
235.881564
 30
0.0
 11
262.580063
 21
236.422358
 31
0.0
210
0.0
220
1.0
230
0.0
  0
ARC
  5
A82
330
70
100
AcDbEntity
  8
Visible
100
AcDbCircle
 10
-263.139107
 20
235.850109
 30
0.0
 40
0.7999999999999636
210
0.0000000000000002
220
0.0
230
-1.0
100
AcDbArc
 50
45.668749
 51
101.020433
  0
ARC
  5
A83
330
70
100
AcDbEntity
  8
Visible
100
AcDbCircle
 10
-256.697047
 20
202.771568
 30
0.0
 40
34.49999999999922
210
0.0000000000000002
220
0.0
230
-1.0
100
AcDbArc
 50
101.020433
 51
106.267577
  0
ARC
  5
A84
330
70
100
AcDbEntity
  8
Visible
100
AcDbCircle
 10
-266.13721
 20
235.122354
 30
0.0
 40
0.8000000000000612
210
0.0000000000000002
220
0.0
230
-1.0
100
AcDbArc
 50
106.267577
 51
161.619261
  0
LINE
  5
A85
330
70
100
AcDbEntity
  8
Visible
100
AcDbLine
 10
266.896395
 20
235.374618
 30
0.0
 11
267.140424
 21
234.640215
 31
0.0
210
0.0
220
1.0
230
0.0
  0
LINE
  5
A86
330
70
100
AcDbEntity
  8
Visible
100
AcDbLine
 10
271.997204
 20
232.614155
 30
0.0
 11
272.690793
 21
232.95742
 31
0.0
210
0.0
220
1.0
230
0.0
  0
ARC
  5
A87
330
70
100
AcDbEntity
  8
Visible
100
AcDbCircle
 10
-273.045641
 20
232.240424
 30
0.0
 40
0.7999999999999657
210
0.0000000000000002
220
0.0
230
-1.0
100
AcDbArc
 50
63.668749
 51
119.020433
  0
ARC
  5
A88
330
70
100
AcDbEntity
  8
Visible
100
AcDbCircle
 10
-256.697047
 20
202.771568
 30
0.0
 40
34.49999999999922
210
0.0000000000000002
220
0.0
230
-1.0
100
AcDbArc
 50
119.020433
 51
124.267577
  0
ARC
  5
A89
330
70
100
AcDbEntity
  8
Visible
100
AcDbCircle
 10
-275.672118
 20
230.621823
 30
0.0
 40
0.8000000000000545
210
0.0000000000000002
220
0.0
230
-1.0
100
AcDbArc
 50
124.267577
 51
179.619261
  0
LINE
  5
A8A
330
70
100
AcDbEntity
  8
Visible
100
AcDbLine
 10
276.4721
 20
230.627139
 30
0.0
 11
276.477243
 21
229.853272
 31
0.0
210
0.0
220
1.0
230
0.0
  0
LINE
  5
A8B
330
70
100
AcDbEntity
  8
Visible
100
AcDbLine
 10
280.470227
 20
226.425547
 30
0.0
 11
281.235945
 21
226.537679
 31
0.0
210
0.0
220
1.0
230
0.0
  0
ARC
  5
A8C
330
70
100
AcDbEntity
  8
Visible
100
AcDbCircle
 10
-281.351862
 20
225.746122
 30
0.0
 40
0.7999999999999704
210
0.0000000000000002
220
0.0
230
-1.0
100
AcDbArc
 50
81.668749
 51
137.020433
  0
ARC
  5
A8D
330
70
100
AcDbEntity
  8
Visible
100
AcDbCircle
 10
-256.697047
 20
202.771568
 30
0.0
 40
34.49999999999921
210
0.0000000000000002
220
0.0
230
-1.0
100
AcDbArc
 50
137.020433
 51
142.267577
  0
ARC
  5
A8E
330
70
100
AcDbEntity
  8
Visible
100
AcDbCircle
 10
-283.349614
 20
223.395115
 30
0.0
 40
0.80000000000005
210
0.0000000000000002
220
0.0
230
-1.0
100
AcDbArc
 50
142.267577
 51
197.619261
  0
LINE
  5
A8F
330
70
100
AcDbEntity
  8
Visible
100
AcDbLine
 10
284.112085
 20
223.152963
 30
0.0
 11
283.877837
 21
222.415382
 31
0.0
210
0.0
220
1.0
230
0.0
  0
LINE
  5
A90
330
70
100
AcDbEntity
  8
Visible
100
AcDbLine
 10
286.616166
 20
217.921522
 30
0.0
 11
287.379058
 21
217.791547
 31
0.0
210
0.0
220
1.0
230
0.0
  0
ARC
  5
A91
330
70
100
AcDbEntity
  8
Visible
100
AcDbCircle
 10
-287.244697
 20
217.00291
 30
0.0
 40
0.7999999999999643
210
0.0000000000000002
220
0.0
230
-1.0
100
AcDbArc
 50
99.668749
 51
155.020433
  0
ARC
  5
A92
330
70
100
AcDbEntity
  8
Visible
100
AcDbCircle
 10
-256.697047
 20
202.771568
 30
0.0
 40
34.49999999999921
210
0.0000000000000002
220
0.0
230
-1.0
100
AcDbArc
 50
155.020433
 51
160.267577
  0
ARC
  5
A93
330
70
100
AcDbEntity
  8
Visible
100
AcDbCircle
 10
-288.418171
 20
214.149631
 30
0.0
 40
0.8000000000000454
210
0.0000000000000002
220
0.0
230
-1.0
100
AcDbArc
 50
160.267577
 51
215.619261
  0
LINE
  5
A94
330
70
100
AcDbEntity
  8
Visible
100
AcDbLine
 10
289.068495
 20
213.683714
 30
0.0
 11
288.617787
 21
213.054619
 31
0.0
210
0.0
220
1.0
230
0.0
  0
LINE
  5
A95
330
70
100
AcDbEntity
  8
Visible
100
AcDbLine
 10
289.833414
 20
207.934514
 30
0.0
 11
290.518802
 21
207.575154
 31
0.0
210
0.0
220
1.0
230
0.0
  0
ARC
  5
A96
330
70
100
AcDbEntity
  8
Visible
100
AcDbCircle
 10
-290.147315
 20
206.866636
 30
0.0
 40
0.7999999999999647
210
0.0000000000000002
220
0.0
230
-1.0
100
AcDbArc
 50
117.668749
 51
173.020433
  0
ARC
  5
A97
330
70
100
AcDbEntity
  8
Visible
100
AcDbCircle
 10
-256.697047
 20
202.771568
 30
0.0
 40
34.49999999999922
210
0.0000000000000002
220
0.0
230
-1.0
100
AcDbArc
 50
173.020433
 51
178.267577
  0
ARC
  5
A98
330
70
100
AcDbEntity
  8
Visible
100
AcDbCircle
 10
-290.381643
 20
203.790382
 30
0.0
 40
0.8000000000000502
210
0.0000000000000002
220
0.0
230
-1.0
100
AcDbArc
 50
178.267577
 51
233.619261
  0
LINE
  5
A99
330
70
100
AcDbEntity
  8
Visible
100
AcDbLine
 10
290.856162
 20
203.146308
 30
0.0
 11
290.233113
 21
202.68728
 31
0.0
210
0.0
220
1.0
230
0.0
  0
LINE
  5
A9A
330
70
100
AcDbEntity
  8
Visible
100
AcDbLine
 10
289.807042
 20
197.442121
 30
0.0
 11
290.347837
 21
196.888552
 31
0.0
210
0.0
220
1.0
230
0.0
  0
ARC
  5
A9B
330
70
100
AcDbEntity
  8
Visible
100
AcDbCircle
 10
-289.775588
 20
196.329508
 30
0.0
 40
0.7999999999999679
210
0.0000000000000002
220
0.0
230
-1.0
100
AcDbArc
 50
135.668749
 51
191.020433
  0
ARC
  5
A9C
330
70
100
AcDbEntity
  8
Visible
100
AcDbCircle
 10
-256.697047
 20
202.771568
 30
0.0
 40
34.49999999999921
210
0.0000000000000002
220
0.0
230
-1.0
100
AcDbArc
 50
191.020433
 51
196.267577
  0
ARC
  5
A9D
330
70
100
AcDbEntity
  8
Visible
100
AcDbCircle
 10
-289.047832
 20
193.331405
 30
0.0
 40
0.8000000000000463
210
0.0000000000000002
220
0.0
230
-1.0
100
AcDbArc
 50
196.267577
 51
251.619261
  0
LINE
  5
A9E
330
70
100
AcDbEntity
  8
Visible
100
AcDbLine
 10
289.300096
 20
192.57222
 30
0.0
 11
288.565694
 21
192.328191
 31
0.0
210
0.0
220
1.0
230
0.0
  0
LINE
  5
A9F
330
70
100
AcDbEntity
  8
Visible
100
AcDbLine
 10
286.539634
 20
187.471411
 30
0.0
 11
286.882898
 21
186.777822
 31
0.0
210
0.0
220
1.0
230
0.0
  0
ARC
  5
AA0
330
70
100
AcDbEntity
  8
Visible
100
AcDbCircle
 10
-286.165903
 20
186.422974
 30
0.0
 40
0.7999999999999612
210
0.0000000000000002
220
0.0
230
-1.0
100
AcDbArc
 50
153.668749
 51
209.020433
  0
ARC
  5
AA1
330
70
100
AcDbEntity
  8
Visible
100
AcDbCircle
 10
-256.697047
 20
202.771568
 30
0.0
 40
34.49999999999921
210
0.0000000000000002
220
0.0
230
-1.0
100
AcDbArc
 50
209.020433
 51
214.267577
  0
ARC
  5
AA2
330
70
100
AcDbEntity
  8
Visible
100
AcDbCircle
 10
-284.547302
 20
183.796497
 30
0.0
 40
0.800000000000055
210
0.0000000000000002
220
0.0
230
-1.0
100
AcDbArc
 50
214.267577
 51
269.619261
  0
LINE
  5
AA3
330
70
100
AcDbEntity
  8
Visible
100
AcDbLine
 10
284.552618
 20
182.996515
 30
0.0
 11
283.77875
 21
182.991373
 31
0.0
210
0.0
220
1.0
230
0.0
  0
LINE
  5
AA4
330
70
100
AcDbEntity
  8
Visible
100
AcDbLine
 10
280.351025
 20
178.998388
 30
0.0
 11
280.463158
 21
178.23267
 31
0.0
210
0.0
220
1.0
230
0.0
  0
ARC
  5
AA5
330
70
100
AcDbEntity
  8
Visible
100
AcDbCircle
 10
-279.6716
 20
178.116754
 30
0.0
 40
0.7999999999999706
210
0.0000000000000002
220
0.0
230
-1.0
100
AcDbArc
 50
171.668749
 51
227.020433
  0
ARC
  5
AA6
330
70
100
AcDbEntity
  8
Visible
100
AcDbCircle
 10
-256.697047
 20
202.771568
 30
0.0
 40
34.49999999999923
210
0.0000000000000002
220
0.0
230
-1.0
100
AcDbArc
 50
227.020433
 51
232.267577
  0
ARC
  5
AA7
330
70
100
AcDbEntity
  8
Visible
100
AcDbCircle
 10
-277.320594
 20
176.119001
 30
0.0
 40
0.8000000000000621
210
0.0000000000000002
220
0.0
230
-1.0
100
AcDbArc
 50
232.267577
 51
287.619261
  0
LINE
  5
AA8
330
70
100
AcDbEntity
  8
Visible
100
AcDbLine
 10
277.078442
 20
175.35653
 30
0.0
 11
276.340861
 21
175.590778
 31
0.0
210
0.0
220
1.0
230
0.0
  0
LINE
  5
AA9
330
70
100
AcDbEntity
  8
Visible
100
AcDbLine
 10
271.847
 20
172.852449
 30
0.0
 11
271.717025
 21
172.089557
 31
0.0
210
0.0
220
1.0
230
0.0
  0
ARC
  5
AAA
330
70
100
AcDbEntity
  8
Visible
100
AcDbCircle
 10
-270.928389
 20
172.223919
 30
0.0
 40
0.7999999999999591
210
0.0000000000000002
220
0.0
230
-1.0
100
AcDbArc
 50
189.668749
 51
245.020433
  0
ARC
  5
AAB
330
70
100
AcDbEntity
  8
Visible
100
AcDbCircle
 10
-256.697047
 20
202.771568
 30
0.0
 40
34.49999999999922
210
0.0000000000000002
220
0.0
230
-1.0
100
AcDbArc
 50
245.020433
 51
250.267577
  0
ARC
  5
AAC
330
70
100
AcDbEntity
  8
Visible
100
AcDbCircle
 10
-268.075109
 20
171.050444
 30
0.0
 40
0.8000000000000541
210
0.0000000000000002
220
0.0
230
-1.0
100
AcDbArc
 50
250.267577
 51
305.619261
  0
LINE
  5
AAD
330
70
100
AcDbEntity
  8
Visible
100
AcDbLine
 10
267.609192
 20
170.40012
 30
0.0
 11
266.980098
 21
170.850828
 31
0.0
210
0.0
220
1.0
230
0.0
  0
LINE
  5
AAE
330
70
100
AcDbEntity
  8
Visible
100
AcDbLine
 10
261.859993
 20
169.635202
 30
0.0
 11
261.500632
 21
168.949813
 31
0.0
210
0.0
220
1.0
230
0.0
  0
ARC
  5
AAF
330
70
100
AcDbEntity
  8
Visible
100
AcDbCircle
 10
-260.792115
 20
169.3213
 30
0.0
 40
0.799999999999968
210
0.0000000000000002
220
0.0
230
-1.0
100
AcDbArc
 50
207.668749
 51
263.020433
  0
ARC
  5
AB0
330
70
100
AcDbEntity
  8
Visible
100
AcDbCircle
 10
-256.697047
 20
202.771568
 30
0.0
 40
34.49999999999922
210
0.0000000000000002
220
0.0
230
-1.0
100
AcDbArc
 50
263.020433
 51
268.267577
  0
ARC
  5
AB1
330
70
100
AcDbEntity
  8
Visible
100
AcDbCircle
 10
-257.715861
 20
169.086972
 30
0.0
 40
0.8000000000000545
210
0.0000000000000002
220
0.0
230
-1.0
100
AcDbArc
 50
268.267577
 51
323.619261
  0
LINE
  5
AB2
330
70
100
AcDbEntity
  8
Visible
100
AcDbLine
 10
257.071787
 20
168.612453
 30
0.0
 11
256.612758
 21
169.235503
 31
0.0
210
0.0
220
1.0
230
0.0
  0
LINE
  5
AB3
330
70
100
AcDbEntity
  8
Visible
100
AcDbLine
 10
251.3676
 20
169.661573
 30
0.0
 11
250.814031
 21
169.120778
 31
0.0
210
0.0
220
1.0
230
0.0
  0
ARC
  5
AB4
330
70
100
AcDbEntity
  8
Visible
100
AcDbCircle
 10
-250.254987
 20
169.693027
 30
0.0
 40
0.7999999999999601
210
0.0000000000000002
220
0.0
230
-1.0
100
AcDbArc
 50
225.668749
 51
281.020433
  0
ARC
  5
AB5
330
70
100
AcDbEntity
  8
Visible
100
AcDbCircle
 10
-256.697047
 20
202.771568
 30
0.0
 40
34.49999999999921
210
0.0000000000000002
220
0.0
230
-1.0
100
AcDbArc
 50
281.020433
 51
286.267577
  0
ARC
  5
AB6
330
70
100
AcDbEntity
  8
Visible
100
AcDbCircle
 10
-247.256884
 20
170.420783
 30
0.0
 40
0.8000000000000529
210
0.0000000000000002
220
0.0
230
-1.0
100
AcDbArc
 50
286.267577
 51
341.619261
  0
LINE
  5
AB7
330
70
100
AcDbEntity
  8
Visible
100
AcDbLine
 10
246.497698
 20
170.168519
 30
0.0
 11
246.25367
 21
170.902921
 31
0.0
210
0.0
220
1.0
230
0.0
  0
LINE
  5
AB8
330
70
100
AcDbEntity
  8
Visible
100
AcDbLine
 10
241.39689
 20
172.928981
 30
0.0
 11
240.7033
 21
172.585717
 31
0.0
210
0.0
220
1.0
230
0.0
  0
ARC
  5
AB9
330
70
100
AcDbEntity
  8
Visible
100
AcDbCircle
 10
-240.348452
 20
173.302713
 30
0.0
 40
0.7999999999999657
210
0.0000000000000002
220
0.0
230
-1.0
100
AcDbArc
 50
243.668749
 51
299.020433
  0
ARC
  5
ABA
330
70
100
AcDbEntity
  8
Visible
100
AcDbCircle
 10
-256.697047
 20
202.771568
 30
0.0
 40
34.49999999999921
210
0.0000000000000002
220
0.0
230
-1.0
100
AcDbArc
 50
299.020433
 51
304.267577
  0
ARC
  5
ABB
330
70
100
AcDbEntity
  8
Visible
100
AcDbCircle
 10
-237.721976
 20
174.921314
 30
0.0
 40
0.8000000000000543
210
0.0000000000000002
220
0.0
230
-1.0
100
AcDbArc
 50
304.267577
 51
359.619261
  0
LINE
  5
ABC
330
70
100
AcDbEntity
  8
Visible
100
AcDbLine
 10
236.921994
 20
174.915997
 30
0.0
 11
236.916851
 21
175.689865
 31
0.0
210
0.0
220
1.0
230
0.0
  0
LINE
  5
ABD
330
70
100
AcDbEntity
  8
Visible
100
AcDbLine
 10
232.923866
 20
179.11759
 30
0.0
 11
232.158149
 21
179.005457
 31
0.0
210
0.0
220
1.0
230
0.0
  0
ARC
  5
ABE
330
70
100
AcDbEntity
  8
Visible
100
AcDbCircle
 10
-232.042232
 20
179.797015
 30
0.0
 40
0.7999999999999706
210
0.0000000000000002
220
0.0
230
-1.0
100
AcDbArc
 50
261.668749
 51
317.020433
  0
ARC
  5
ABF
330
70
100
AcDbEntity
  8
Visible
100
AcDbCircle
 10
-256.697047
 20
202.771568
 30
0.0
 40
34.49999999999921
210
0.0000000000000002
220
0.0
230
-1.0
100
AcDbArc
 50
317.020433
 51
322.267577
  0
ARC
  5
AC0
330
70
100
AcDbEntity
  8
Visible
100
AcDbCircle
 10
-230.04448
 20
182.148021
 30
0.0
 40
0.8000000000000609
210
0.0000000000000002
220
0.0
230
-1.0
100
AcDbArc
 50
322.267577
 51
17.619261
  0
LINE
  5
AC1
330
70
100
AcDbEntity
  8
Visible
100
AcDbLine
 10
229.282009
 20
182.390174
 30
0.0
 11
229.516256
 21
183.127754
 31
0.0
210
0.0
220
1.0
230
0.0
  0
LINE
  5
AC2
330
70
100
AcDbEntity
  8
Visible
100
AcDbLine
 10
226.777927
 20
187.621615
 30
0.0
 11
226.015036
 21
187.75159
 31
0.0
210
0.0
220
1.0
230
0.0
  0
ARC
  5
AC3
330
70
100
AcDbEntity
  8
Visible
100
AcDbCircle
 10
-226.149397
 20
188.540226
 30
0.0
 40
0.7999999999999687
210
0.0000000000000002
220
0.0
230
-1.0
100
AcDbArc
 50
279.668749
 51
335.020433
  0
ARC
  5
AC4
330
70
100
AcDbEntity
  8
Visible
100
AcDbCircle
 10
-256.697047
 20
202.771568
 30
0.0
 40
34.49999999999923
210
0.0000000000000002
220
0.0
230
-1.0
100
AcDbArc
 50
335.020433
 51
340.267577
  0
ARC
  5
AC5
330
70
100
AcDbEntity
  8
Visible
100
AcDbCircle
 10
-224.975923
 20
191.393506
 30
0.0
 40
0.800000000000054
210
0.0000000000000002
220
0.0
230
-1.0
100
AcDbArc
 50
340.267577
 51
35.619261
  0
LINE
  5
AC6
330
70
100
AcDbEntity
  8
Visible
100
AcDbLine
 10
224.325599
 20
191.859423
 30
0.0
 11
224.776306
 21
192.488517
 31
0.0
210
0.0
220
1.0
230
0.0
  0
LINE
  5
AC7
330
70
100
AcDbEntity
  8
Visible
100
AcDbLine
 10
223.56068
 20
197.608623
 30
0.0
 11
222.875292
 21
197.967983
 31
0.0
210
0.0
220
1.0
230
0.0
  0
ARC
  5
AC8
330
70
100
AcDbEntity
  8
Visible
100
AcDbCircle
 10
-223.246779
 20
198.6765
 30
0.0
 40
0.7999999999999669
210
0.0000000000000002
220
0.0
230
-1.0
100
AcDbArc
 50
297.668749
 51
353.020433
  0
ARC
  5
AC9
330
70
100
AcDbEntity
  8
Visible
100
AcDbCircle
 10
-256.697047
 20
202.771568
 30
0.0
 40
34.49999999999923
210
0.0000000000000002
220
0.0
230
-1.0
100
AcDbArc
 50
353.020433
 51
358.267577
  0
ARC
  5
ACA
330
70
100
AcDbEntity
  8
Visible
100
AcDbCircle
 10
-223.012451
 20
201.752754
 30
0.0
 40
0.8000000000000547
210
0.0000000000000002
220
0.0
230
-1.0
100
AcDbArc
 50
358.267577
 51
53.619261
  0
LINE
  5
ACB
330
70
100
AcDbEntity
  8
Visible
100
AcDbLine
 10
222.537932
 20
202.396829
 30
0.0
 11
223.160981
 21
202.855857
 31
0.0
210
0.0
220
1.0
230
0.0
  0
LINE
  5
ACC
330
70
100
AcDbEntity
  8
Visible
100
AcDbLine
 10
223.587051
 20
208.101016
 30
0.0
 11
223.046257
 21
208.654584
 31
0.0
210
0.0
220
1.0
230
0.0
  0
LINE
  5
ACD
330
70
100
AcDbEntity
  8
Visible
100
AcDbLine
 10
262.35508
 20
206.771568
 30
0.0
 11
262.990165
 21
207.871568
 31
0.0
210
0.0
220
1.0
230
0.0
  0
LINE
  5
ACE
330
70
100
AcDbEntity
  8
Visible
100
AcDbLine
 10
262.990165
 20
207.871568
 30
0.0
 11
264.260335
 21
207.871568
 31
0.0
210
0.0
220
1.0
230
0.0
  0
LINE
  5
ACF
330
70
100
AcDbEntity
  8
Visible
100
AcDbLine
 10
264.260335
 20
207.871568
 30
0.0
 11
264.895421
 21
206.771568
 31
0.0
210
0.0
220
1.0
230
0.0
  0
LINE
  5
AD0
330
70
100
AcDbEntity
  8
Visible
100
AcDbLine
 10
264.895421
 20
206.771568
 30
0.0
 11
264.260335
 21
205.671568
 31
0.0
210
0.0
220
1.0
230
0.0
  0
LINE
  5
AD1
330
70
100
AcDbEntity
  8
Visible
100
AcDbLine
 10
264.260335
 20
205.671568
 30
0.0
 11
262.990165
 21
205.671568
 31
0.0
210
0.0
220
1.0
230
0.0
  0
LINE
  5
AD2
330
70
100
AcDbEntity
  8
Visible
100
AcDbLine
 10
262.990165
 20
205.671568
 30
0.0
 11
262.35508
 21
206.771568
 31
0.0
210
0.0
220
1.0
230
0.0
  0
CIRCLE
  5
AD3
330
70
100
AcDbEntity
  8
Visible
100
AcDbCircle
 10
263.62525
 20
206.771568
 30
0.0
 40
3.0
  0
LINE
  5
AD4
330
70
100
AcDbEntity
  8
Visible
100
AcDbLine
 10
253.697047
 20
205.41732
 30
0.0
 11
253.697047
 21
200.125817
 31
0.0
210
0.0
220
1.0
230
0.0
  0
ARC
  5
AD5
330
70
100
AcDbEntity
  8
Visible
100
AcDbCircle
 10
256.697047
 20
202.771568
 30
0.0
 40
4.0
100
AcDbArc
 50
221.409622
 51
138.590378
  0
LINE
  5
AD6
330
70
100
AcDbEntity
  8
Visible
100
AcDbLine
 10
255.426876
 20
194.771568
 30
0.0
 11
256.061962
 21
195.871568
 31
0.0
210
0.0
220
1.0
230
0.0
  0
LINE
  5
AD7
330
70
100
AcDbEntity
  8
Visible
100
AcDbLine
 10
256.061962
 20
195.871568
 30
0.0
 11
257.332132
 21
195.871568
 31
0.0
210
0.0
220
1.0
230
0.0
  0
LINE
  5
AD8
330
70
100
AcDbEntity
  8
Visible
100
AcDbLine
 10
257.332132
 20
195.871568
 30
0.0
 11
257.967217
 21
194.771568
 31
0.0
210
0.0
220
1.0
230
0.0
  0
LINE
  5
AD9
330
70
100
AcDbEntity
  8
Visible
100
AcDbLine
 10
257.967217
 20
194.771568
 30
0.0
 11
257.332132
 21
193.671568
 31
0.0
210
0.0
220
1.0
230
0.0
  0
LINE
  5
ADA
330
70
100
AcDbEntity
  8
Visible
100
AcDbLine
 10
257.332132
 20
193.671568
 30
0.0
 11
256.061962
 21
193.671568
 31
0.0
210
0.0
220
1.0
230
0.0
  0
LINE
  5
ADB
330
70
100
AcDbEntity
  8
Visible
100
AcDbLine
 10
256.061962
 20
193.671568
 30
0.0
 11
255.426876
 21
194.771568
 31
0.0
210
0.0
220
1.0
230
0.0
  0
CIRCLE
  5
ADC
330
70
100
AcDbEntity
  8
Visible
100
AcDbCircle
 10
256.697047
 20
194.771568
 30
0.0
 40
3.0
  0
CIRCLE
  5
ADD
330
70
100
AcDbEntity
  8
Visible
100
AcDbCircle
 10
256.697047
 20
202.771568
 30
0.0
 40
32.0
  0
CIRCLE
  5
ADE
330
70
100
AcDbEntity
  8
Visible
100
AcDbCircle
 10
-256.697047
 20
202.771568
 30
0.0
 40
26.05
210
0.0000000000000002
220
0.0
230
-1.0
  0
ARC
  5
ADF
330
70
100
AcDbEntity
  8
Visible
100
AcDbCircle
 10
-256.697047
 20
216.771568
 30
0.0
 40
6.000000000000001
210
0.0000000000000002
220
0.0
230
-1.0
100
AcDbArc
 50
313.531152
 51
226.468848
  0
ARC
  5
AE0
330
70
100
AcDbEntity
  8
Visible
100
AcDbCircle
 10
-256.697047
 20
216.771568
 30
0.0
 40
6.000000000000009
210
0.0000000000000002
220
0.0
230
-1.0
100
AcDbArc
 50
226.468848
 51
313.531152
  0
ARC
  5
AE1
330
70
100
AcDbEntity
  8
Visible
100
AcDbCircle
 10
-244.572691
 20
195.771568
 30
0.0
 40
6.0
210
0.0000000000000002
220
0.0
230
-1.0
100
AcDbArc
 50
193.531152
 51
106.468848
  0
ARC
  5
AE2
330
70
100
AcDbEntity
  8
Visible
100
AcDbCircle
 10
-244.572691
 20
195.771568
 30
0.0
 40
6.000000000000009
210
0.0000000000000002
220
0.0
230
-1.0
100
AcDbArc
 50
106.468848
 51
193.531152
  0
ARC
  5
AE3
330
70
100
AcDbEntity
  8
Visible
100
AcDbCircle
 10
-268.821403
 20
195.771568
 30
0.0
 40
6.0
210
0.0000000000000002
220
0.0
230
-1.0
100
AcDbArc
 50
73.531152
 51
346.468848
  0
ARC
  5
AE4
330
70
100
AcDbEntity
  8
Visible
100
AcDbCircle
 10
-268.821403
 20
195.771568
 30
0.0
 40
6.00000000000001
210
0.0000000000000002
220
0.0
230
-1.0
100
AcDbArc
 50
346.468848
 51
73.531152
  0
ARC
  5
AE5
330
70
100
AcDbEntity
  8
Visible
100
AcDbCircle
 10
-261.862663
 20
211.334068
 30
0.0
 40
1.5
210
0.0000000000000002
220
0.0
230
-1.0
100
AcDbArc
 50
46.468848
 51
121.101895
  0
ARC
  5
AE6
330
70
100
AcDbEntity
  8
Visible
100
AcDbCircle
 10
256.697047
 20
202.771568
 30
0.0
 40
11.5
100
AcDbArc
 50
1.101895
 51
58.898105
  0
ARC
  5
AE7
330
70
100
AcDbEntity
  8
Visible
100
AcDbCircle
 10
-266.695198
 20
202.963873
 30
0.0
 40
1.5
210
0.0000000000000002
220
0.0
230
-1.0
100
AcDbArc
 50
178.898105
 51
253.531152
  0
ARC
  5
AE8
330
70
100
AcDbEntity
  8
Visible
100
AcDbCircle
 10
-261.529581
 20
194.016763
 30
0.0
 40
1.5
210
0.0000000000000002
220
0.0
230
-1.0
100
AcDbArc
 50
166.468848
 51
241.101895
  0
ARC
  5
AE9
330
70
100
AcDbEntity
  8
Visible
100
AcDbCircle
 10
-251.53143
 20
211.334068
 30
0.0
 40
1.5
210
0.0000000000000002
220
0.0
230
-1.0
100
AcDbArc
 50
58.898105
 51
133.531152
  0
ARC
  5
AEA
330
70
100
AcDbEntity
  8
Visible
100
AcDbCircle
 10
256.697047
 20
202.771568
 30
0.0
 40
11.5
100
AcDbArc
 50
121.101895
 51
178.898105
  0
ARC
  5
AEB
330
70
100
AcDbEntity
  8
Visible
100
AcDbCircle
 10
-246.698896
 20
202.963873
 30
0.0
 40
1.5
210
0.0000000000000002
220
0.0
230
-1.0
100
AcDbArc
 50
286.468848
 51
1.101895
  0
ARC
  5
AEC
330
70
100
AcDbEntity
  8
Visible
100
AcDbCircle
 10
256.697047
 20
202.771568
 30
0.0
 40
11.5
100
AcDbArc
 50
241.101895
 51
298.898105
  0
ARC
  5
AED
330
70
100
AcDbEntity
  8
Visible
100
AcDbCircle
 10
-251.864513
 20
194.016763
 30
0.0
 40
1.5
210
0.0000000000000002
220
0.0
230
-1.0
100
AcDbArc
 50
298.898105
 51
13.531152
  0
LINE
  5
AEE
330
70
100
AcDbEntity
  8
Visible
100
AcDbLine
 10
248.498673
 20
206.771568
 30
0.0
 11
249.133758
 21
207.871568
 31
0.0
210
0.0
220
1.0
230
0.0
  0
LINE
  5
AEF
330
70
100
AcDbEntity
  8
Visible
100
AcDbLine
 10
249.133758
 20
207.871568
 30
0.0
 11
250.403929
 21
207.871568
 31
0.0
210
0.0
220
1.0
230
0.0
  0
LINE
  5
AF0
330
70
100
AcDbEntity
  8
Visible
100
AcDbLine
 10
250.403929
 20
207.871568
 30
0.0
 11
251.039014
 21
206.771568
 31
0.0
210
0.0
220
1.0
230
0.0
  0
LINE
  5
AF1
330
70
100
AcDbEntity
  8
Visible
100
AcDbLine
 10
251.039014
 20
206.771568
 30
0.0
 11
250.403929
 21
205.671568
 31
0.0
210
0.0
220
1.0
230
0.0
  0
LINE
  5
AF2
330
70
100
AcDbEntity
  8
Visible
100
AcDbLine
 10
250.403929
 20
205.671568
 30
0.0
 11
249.133758
 21
205.671568
 31
0.0
210
0.0
220
1.0
230
0.0
  0
LINE
  5
AF3
330
70
100
AcDbEntity
  8
Visible
100
AcDbLine
 10
249.133758
 20
205.671568
 30
0.0
 11
248.498673
 21
206.771568
 31
0.0
210
0.0
220
1.0
230
0.0
  0
CIRCLE
  5
AF4
330
70
100
AcDbEntity
  8
Visible
100
AcDbCircle
 10
249.768844
 20
206.771568
 30
0.0
 40
3.0
  0
ENDSEC
  0
SECTION
  2
OBJECTS
  0
DICTIONARY
  5
C
330
0
100
AcDbDictionary
281
     1
  3
ACAD_COLOR
350
63
  3
ACAD_DETAILVIEWSTYLE
350
6A
  3
ACAD_FIELDLIST
350
58C
  3
ACAD_GROUP
350
D
  3
ACAD_LAYOUT
350
62
  3
ACAD_MATERIAL
350
10
  3
ACAD_MLEADERSTYLE
350
66
  3
ACAD_MLINESTYLE
350
5F
  3
ACAD_PLOTSETTINGS
350
61
  3
ACAD_PLOTSTYLENAME
350
E
  3
ACAD_SCALELIST
350
42
  3
ACAD_SECTIONVIEWSTYLE
350
68
  3
ACAD_TABLESTYLE
350
64
  3
ACAD_VISUALSTYLE
350
29
  3
ACDB_RECOMPOSE_DATA
350
C44
  3
AcDbVariableDictionary
350
C3B
  0
DICTIONARY
  5
AC
330
70
100
AcDbDictionary
280
     1
281
     1
  3
ACAD_SORTENTS
360
AD
  0
DICTIONARY
  5
360
330
35F
100
AcDbDictionary
280
     1
281
     1
  0
DICTIONARY
  5
3A6
330
3A5
100
AcDbDictionary
280
     1
281
     1
  3
ACAD_SORTENTS
360
850
  0
DICTIONARY
  5
3C1
330
3C0
100
AcDbDictionary
280
     1
281
     1
  0
DICTIONARY
  5
3C3
330
3C2
100
AcDbDictionary
280
     1
281
     1
  0
DICTIONARY
  5
3C5
330
3C4
100
AcDbDictionary
280
     1
281
     1
  0
DICTIONARY
  5
3C7
330
3C6
100
AcDbDictionary
280
     1
281
     1
  0
DICTIONARY
  5
3C9
330
3C8
100
AcDbDictionary
280
     1
281
     1
  0
DICTIONARY
  5
3CB
330
3CA
100
AcDbDictionary
280
     1
281
     1
  0
DICTIONARY
  5
3CD
330
3CC
100
AcDbDictionary
280
     1
281
     1
  0
DICTIONARY
  5
3CF
330
3CE
100
AcDbDictionary
280
     1
281
     1
  0
DICTIONARY
  5
3D1
330
3D0
100
AcDbDictionary
280
     1
281
     1
  0
DICTIONARY
  5
3D3
330
3D2
100
AcDbDictionary
280
     1
281
     1
  0
DICTIONARY
  5
3D5
330
3D4
100
AcDbDictionary
280
     1
281
     1
  0
DICTIONARY
  5
3D7
330
3D6
100
AcDbDictionary
280
     1
281
     1
  0
DICTIONARY
  5
3D9
330
3D8
100
AcDbDictionary
280
     1
281
     1
  0
DICTIONARY
  5
3DB
330
3DA
100
AcDbDictionary
280
     1
281
     1
  0
DICTIONARY
  5
3DD
330
3DC
100
AcDbDictionary
280
     1
281
     1
  0
DICTIONARY
  5
40F
330
40E
100
AcDbDictionary
280
     1
281
     1
  3
ACAD_FIELD
360
410
  0
DICTIONARY
  5
63
102
{ACAD_REACTORS
330
C
102
}
330
C
100
AcDbDictionary
281
     1
  0
DICTIONARY
  5
6A
102
{ACAD_REACTORS
330
C
102
}
330
C
100
AcDbDictionary
281
     1
  3
Imperial24
350
6B
  0
FIELDLIST
  5
58C
102
{ACAD_REACTORS
330
C
102
}
330
C
100
AcDbIdSet
 90
        3
330
411
330
412
330
413
100
AcDbFieldList
  0
DICTIONARY
  5
D
102
{ACAD_REACTORS
330
C
102
}
330
C
100
AcDbDictionary
281
     1
  0
DICTIONARY
  5
62
102
{ACAD_REACTORS
330
C
102
}
330
C
100
AcDbDictionary
281
     1
  3
Model
350
73
  3
图纸1
350
6F
  3
图纸2
350
77
  0
DICTIONARY
  5
10
102
{ACAD_REACTORS
330
C
102
}
330
C
100
AcDbDictionary
281
     1
  3
ByBlock
350
19
  3
ByLayer
350
11
  3
Global
350
21
  0
DICTIONARY
  5
66
102
{ACAD_REACTORS
330
C
102
}
330
C
100
AcDbDictionary
281
     1
  3
HNT_NOTE_LEADERSTYLE
350
415
  3
Standard
350
67
  0
DICTIONARY
  5
5F
102
{ACAD_REACTORS
330
C
102
}
330
C
100
AcDbDictionary
281
     1
  3
Standard
350
60
  0
DICTIONARY
  5
61
102
{ACAD_REACTORS
330
C
102
}
330
C
100
AcDbDictionary
281
     1
  0
ACDBDICTIONARYWDFLT
  5
E
102
{ACAD_REACTORS
330
C
102
}
330
C
100
AcDbDictionary
281
     1
  3
Normal
350
F
100
AcDbDictionaryWithDefault
340
F
  0
DICTIONARY
  5
42
102
{ACAD_REACTORS
330
C
102
}
330
C
100
AcDbDictionary
281
     1
  3
A0
350
43
  3
A1
350
44
  3
A2
350
45
  3
A3
350
46
  3
A4
350
47
  3
A5
350
48
  3
A6
350
49
  3
A7
350
4A
  3
A8
350
4B
  3
A9
350
4C
  3
B0
350
4D
  3
B1
350
4E
  3
B2
350
4F
  3
B3
350
50
  3
B4
350
51
  3
B5
350
52
  3
B6
350
53
  0
DICTIONARY
  5
68
102
{ACAD_REACTORS
330
C
102
}
330
C
100
AcDbDictionary
281
     1
  3
Imperial24
350
69
  0
DICTIONARY
  5
64
102
{ACAD_REACTORS
330
C
102
}
330
C
100
AcDbDictionary
281
     1
  3
Standard
350
65
  0
DICTIONARY
  5
29
102
{ACAD_REACTORS
330
C
102
}
330
C
100
AcDbDictionary
281
     1
  3
2dWireframe
350
2F
  3
Basic
350
2E
  3
Brighten
350
35
  3
ColorChange
350
39
  3
Conceptual
350
32
  3
Dim
350
34
  3
EdgeColorOff
350
41
  3
Facepattern
350
38
  3
Flat
350
2A
  3
FlatWithEdges
350
2B
  3
Gouraud
350
2C
  3
GouraudWithEdges
350
2D
  3
Hidden
350
31
  3
JitterOff
350
3F
  3
Linepattern
350
37
  3
OverhangOff
350
40
  3
Realistic
350
33
  3
Shaded
350
3E
  3
Shaded with edges
350
3D
  3
Shades of Gray
350
3A
  3
Sketchy
350
3B
  3
Thicken
350
36
  3
Wireframe
350
30
  3
X-Ray
350
3C
  0
XRECORD
  5
C44
102
{ACAD_REACTORS
330
C
102
}
330
C
100
AcDbXrecord
280
     1
 90
        1
330
65
  0
DICTIONARY
  5
C3B
102
{ACAD_REACTORS
330
C
102
}
330
C
100
AcDbDictionary
281
     1
  3
ANNOALLVISIBLE
350
C40
  3
CANNOSCALE
350
C41
  3
CMLEADERSTYLE
350
C3D
  3
CTABLESTYLE
350
C3C
  3
CVIEWDETAILSTYLE
350
C3E
  3
CVIEWSECTIONSTYLE
350
C3F
  0
SORTENTSTABLE
  5
AD
102
{ACAD_REACTORS
330
AC
102
}
330
AC
100
AcDbSortentsTable
330
70
  0
SORTENTSTABLE
  5
850
102
{ACAD_REACTORS
330
3A6
102
}
330
3A6
100
AcDbSortentsTable
330
3A5
  0
DICTIONARY
  5
410
102
{ACAD_REACTORS
330
40F
102
}
330
40F
100
AcDbDictionary
280
     1
281
     1
  3
TEXT
360
411
  0
ACDBDETAILVIEWSTYLE
  5
6B
102
{ACAD_XDICTIONARY
360
C47
102
}
102
{ACAD_REACTORS
330
6A
102
}
330
6A
100
AcDbModelDocViewStyle
 70
     0
  3
Imperial24
290
     0
100
AcDbDetailViewStyle
 70
     0
 71
     0
 90
        3
 71
     1
340
55
 62
   256
 40
0.24
340
0
 62
   256
 40
0.24
300

 40
0.36
280
     3
 71
     2
340
5D
 90
       25
 62
   256
 71
     3
340
55
 62
   256
 40
0.24
 90
        1
 40
0.75
 90
        1
300
%<\AcVar ViewType \f "%tc1">% %<\AcVar ViewDetailId>%\P比例 %<\AcVar ViewScale \f "%sn">%
 71
     4
340
5D
 90
       25
 62
   256
340
5D
 90
       25
 62
   256
280
     0
  0
LAYOUT
  5
73
102
{ACAD_REACTORS
330
62
102
}
330
62
100
AcDbPlotSettings
  1

  2
AutoCAD PDF (High Quality Print).pc3
  4
ISO_full_bleed_A3_(420.00_x_297.00_MM)
  6

 40
0.0
 41
0.0
 42
0.0
 43
0.0
 44
420.0
 45
297.0
 46
0.0
 47
0.0
 48
0.0
 49
0.0
140
0.0
141
0.0
142
1.0
143
1.64586
 70
 11952
 72
     1
 73
     0
 74
     0
  7

 75
     0
147
0.607585
 76
     0
 77
     2
 78
   300
148
95.740989
149
-38.950485
100
AcDbLayout
  1
Model
 70
     1
 71
     0
 10
0.0
 20
0.0
 11
12.0
 21
9.0
 12
0.0
 22
0.0
 32
0.0
 14
0.0
 24
0.0
 34
0.0
 15
0.0
 25
0.0
 35
0.0
146
0.0
 13
0.0
 23
0.0
 33
0.0
 16
1.0
 26
0.0
 36
0.0
 17
0.0
 27
1.0
 37
0.0
 76
     0
330
70
1001
ACAD_PSEXT
1000
AutoCAD PDF (High Quality Print).pc3
1000
DWG To PDF
1000
文件
1000

1070
     0
  0
LAYOUT
  5
6F
102
{ACAD_REACTORS
330
62
102
}
330
62
100
AcDbPlotSettings
  1

  2
None
  4

  6

 40
0.0
 41
0.0
 42
0.0
 43
0.0
 44
0.0
 45
0.0
 46
0.0
 47
0.0
 48
0.0
 49
0.0
140
0.0
141
0.0
142
1.0
143
1.0
 70
   688
 72
     0
 73
     0
 74
     5
  7

 75
    16
147
1.0
 76
     0
 77
     2
 78
   300
148
0.0
149
0.0
100
AcDbLayout
  1
图纸1
 70
     1
 71
     1
 10
0.0
 20
0.0
 11
12.0
 21
9.0
 12
0.0
 22
0.0
 32
0.0
 14
0.0
 24
0.0
 34
0.0
 15
0.0
 25
0.0
 35
0.0
146
0.0
 13
0.0
 23
0.0
 33
0.0
 16
1.0
 26
0.0
 36
0.0
 17
0.0
 27
1.0
 37
0.0
 76
     0
330
6C
  0
LAYOUT
  5
77
102
{ACAD_REACTORS
330
62
102
}
330
62
100
AcDbPlotSettings
  1

  2
None
  4

  6

 40
0.0
 41
0.0
 42
0.0
 43
0.0
 44
0.0
 45
0.0
 46
0.0
 47
0.0
 48
0.0
 49
0.0
140
0.0
141
0.0
142
1.0
143
1.0
 70
   688
 72
     0
 73
     0
 74
     5
  7

 75
    16
147
1.0
 76
     0
 77
     2
 78
   300
148
0.0
149
0.0
100
AcDbLayout
  1
图纸2
 70
     1
 71
     2
 10
0.0
 20
0.0
 11
12.0
 21
9.0
 12
0.0
 22
0.0
 32
0.0
 14
0.0
 24
0.0
 34
0.0
 15
0.0
 25
0.0
 35
0.0
146
0.0
 13
0.0
 23
0.0
 33
0.0
 16
1.0
 26
0.0
 36
0.0
 17
0.0
 27
1.0
 37
0.0
 76
     0
330
74
  0
MATERIAL
  5
19
102
{ACAD_XDICTIONARY
360
1A
102
}
102
{ACAD_REACTORS
330
10
102
}
330
10
100
AcDbMaterial
  1
ByBlock
 72
     0
 43
0.020833
 43
0.0
 43
0.0
 43
0.0
 43
0.0
 43
0.020833
 43
0.0
 43
0.0
 43
0.0
 43
0.0
 43
1.0
 43
0.0
 43
0.0
 43
0.0
 43
0.0
 43
1.0
 77
     0
 47
0.020833
 47
0.0
 47
0.0
 47
0.0
 47
0.0
 47
0.020833
 47
0.0
 47
0.0
 47
0.0
 47
0.0
 47
1.0
 47
0.0
 47
0.0
 47
0.0
 47
0.0
 47
1.0
171
     0
 49
0.020833
 49
0.0
 49
0.0
 49
0.0
 49
0.0
 49
0.020833
 49
0.0
 49
0.0
 49
0.0
 49
0.0
 49
1.0
 49
0.0
 49
0.0
 49
0.0
 49
0.0
 49
1.0
175
     0
142
0.020833
142
0.0
142
0.0
142
0.0
142
0.0
142
0.020833
142
0.0
142
0.0
142
0.0
142
0.0
142
1.0
142
0.0
142
0.0
142
0.0
142
0.0
142
1.0
179
     0
144
0.020833
144
0.0
144
0.0
144
0.0
144
0.0
144
0.020833
144
0.0
144
0.0
144
0.0
144
0.0
144
1.0
144
0.0
144
0.0
144
0.0
144
0.0
144
1.0
147
0.020833
147
0.0
147
0.0
147
0.0
147
0.0
147
0.020833
147
0.0
147
0.0
147
0.0
147
0.0
147
1.0
147
0.0
147
0.0
147
0.0
147
0.0
147
1.0
  0
MATERIAL
  5
11
102
{ACAD_XDICTIONARY
360
12
102
}
102
{ACAD_REACTORS
330
10
102
}
330
10
100
AcDbMaterial
  1
ByLayer
 72
     0
 43
0.020833
 43
0.0
 43
0.0
 43
0.0
 43
0.0
 43
0.020833
 43
0.0
 43
0.0
 43
0.0
 43
0.0
 43
1.0
 43
0.0
 43
0.0
 43
0.0
 43
0.0
 43
1.0
 77
     0
 47
0.020833
 47
0.0
 47
0.0
 47
0.0
 47
0.0
 47
0.020833
 47
0.0
 47
0.0
 47
0.0
 47
0.0
 47
1.0
 47
0.0
 47
0.0
 47
0.0
 47
0.0
 47
1.0
171
     0
 49
0.020833
 49
0.0
 49
0.0
 49
0.0
 49
0.0
 49
0.020833
 49
0.0
 49
0.0
 49
0.0
 49
0.0
 49
1.0
 49
0.0
 49
0.0
 49
0.0
 49
0.0
 49
1.0
175
     0
142
0.020833
142
0.0
142
0.0
142
0.0
142
0.0
142
0.020833
142
0.0
142
0.0
142
0.0
142
0.0
142
1.0
142
0.0
142
0.0
142
0.0
142
0.0
142
1.0
179
     0
144
0.020833
144
0.0
144
0.0
144
0.0
144
0.0
144
0.020833
144
0.0
144
0.0
144
0.0
144
0.0
144
1.0
144
0.0
144
0.0
144
0.0
144
0.0
144
1.0
147
0.020833
147
0.0
147
0.0
147
0.0
147
0.0
147
0.020833
147
0.0
147
0.0
147
0.0
147
0.0
147
1.0
147
0.0
147
0.0
147
0.0
147
0.0
147
1.0
  0
MATERIAL
  5
21
102
{ACAD_XDICTIONARY
360
22
102
}
102
{ACAD_REACTORS
330
10
102
}
330
10
100
AcDbMaterial
  1
Global
 72
     0
 43
0.020833
 43
0.0
 43
0.0
 43
0.0
 43
0.0
 43
0.020833
 43
0.0
 43
0.0
 43
0.0
 43
0.0
 43
1.0
 43
0.0
 43
0.0
 43
0.0
 43
0.0
 43
1.0
 77
     0
 47
0.020833
 47
0.0
 47
0.0
 47
0.0
 47
0.0
 47
0.020833
 47
0.0
 47
0.0
 47
0.0
 47
0.0
 47
1.0
 47
0.0
 47
0.0
 47
0.0
 47
0.0
 47
1.0
171
     0
 49
0.020833
 49
0.0
 49
0.0
 49
0.0
 49
0.0
 49
0.020833
 49
0.0
 49
0.0
 49
0.0
 49
0.0
 49
1.0
 49
0.0
 49
0.0
 49
0.0
 49
0.0
 49
1.0
175
     0
142
0.020833
142
0.0
142
0.0
142
0.0
142
0.0
142
0.020833
142
0.0
142
0.0
142
0.0
142
0.0
142
1.0
142
0.0
142
0.0
142
0.0
142
0.0
142
1.0
179
     0
144
0.020833
144
0.0
144
0.0
144
0.0
144
0.0
144
0.020833
144
0.0
144
0.0
144
0.0
144
0.0
144
1.0
144
0.0
144
0.0
144
0.0
144
0.0
144
1.0
147
0.020833
147
0.0
147
0.0
147
0.0
147
0.0
147
0.020833
147
0.0
147
0.0
147
0.0
147
0.0
147
1.0
147
0.0
147
0.0
147
0.0
147
0.0
147
1.0
  0
MLEADERSTYLE
  5
415
102
{ACAD_REACTORS
330
40E
330
66
102
}
330
66
100
AcDbMLeaderStyle
179
     2
170
     2
171
     1
172
     0
 90
        2
 40
0.0
 41
0.0
173
     1
 91
-1056964608
340
5B
 92
       -2
290
     1
 42
0.0
291
     1
 43
3.5
  3
Standard
 44
3.5
300

342
55
174
     5
178
     5
175
     1
176
     0
 93
-1056964608
 45
3.5
292
     0
297
     0
 46
4.0
 94
-1056964608
 47
1.0
 49
1.0
140
1.0
293
     1
141
0.0
294
     1
177
     0
142
1.0
295
     0
296
     0
143
3.5
271
     0
272
     9
273
     9
298
     0
  0
MLEADERSTYLE
  5
67
102
{ACAD_REACTORS
330
66
102
}
330
66
100
AcDbMLeaderStyle
179
     2
170
     2
171
     1
172
     0
 90
        2
 40
0.0
 41
0.0
173
     1
 91
-1056964608
340
5B
 92
       -2
290
     1
 42
0.09
291
     1
 43
0.36
  3
Standard
 44
0.18
300

342
55
174
     1
178
     6
175
     1
176
     0
 93
-1056964608
 45
0.18
292
     0
297
     0
 46
0.18
 94
-1056964608
 47
1.0
 49
1.0
140
1.0
293
     1
141
0.0
294
     1
177
     0
142
1.0
295
     0
296
     0
143
0.125
271
     0
272
     9
273
     9
298
     1
  0
MLINESTYLE
  5
60
102
{ACAD_REACTORS
330
5F
102
}
330
5F
100
AcDbMlineStyle
  2
STANDARD
 70
     0
  3

 62
   256
 51
90.0
 52
90.0
 71
     0
  0
ACDBPLACEHOLDER
  5
F
102
{ACAD_REACTORS
330
E
102
}
330
E
  0
SCALE
  5
43
102
{ACAD_REACTORS
330
42
102
}
330
42
100
AcDbScale
 70
     0
300
1:1
140
1.0
141
1.0
290
     1
  0
SCALE
  5
44
102
{ACAD_REACTORS
330
42
102
}
330
42
100
AcDbScale
 70
     0
300
1:2
140
1.0
141
2.0
290
     0
  0
SCALE
  5
45
102
{ACAD_REACTORS
330
42
102
}
330
42
100
AcDbScale
 70
     0
300
1:4
140
1.0
141
4.0
290
     0
  0
SCALE
  5
46
102
{ACAD_REACTORS
330
42
102
}
330
42
100
AcDbScale
 70
     0
300
1:5
140
1.0
141
5.0
290
     0
  0
SCALE
  5
47
102
{ACAD_REACTORS
330
42
102
}
330
42
100
AcDbScale
 70
     0
300
1:8
140
1.0
141
8.0
290
     0
  0
SCALE
  5
48
102
{ACAD_REACTORS
330
42
102
}
330
42
100
AcDbScale
 70
     0
300
1:10
140
1.0
141
10.0
290
     0
  0
SCALE
  5
49
102
{ACAD_REACTORS
330
42
102
}
330
42
100
AcDbScale
 70
     0
300
1:16
140
1.0
141
16.0
290
     0
  0
SCALE
  5
4A
102
{ACAD_REACTORS
330
42
102
}
330
42
100
AcDbScale
 70
     0
300
1:20
140
1.0
141
20.0
290
     0
  0
SCALE
  5
4B
102
{ACAD_REACTORS
330
42
102
}
330
42
100
AcDbScale
 70
     0
300
1:30
140
1.0
141
30.0
290
     0
  0
SCALE
  5
4C
102
{ACAD_REACTORS
330
42
102
}
330
42
100
AcDbScale
 70
     0
300
1:40
140
1.0
141
40.0
290
     0
  0
SCALE
  5
4D
102
{ACAD_REACTORS
330
42
102
}
330
42
100
AcDbScale
 70
     0
300
1:50
140
1.0
141
50.0
290
     0
  0
SCALE
  5
4E
102
{ACAD_REACTORS
330
42
102
}
330
42
100
AcDbScale
 70
     0
300
1:100
140
1.0
141
100.0
290
     0
  0
SCALE
  5
4F
102
{ACAD_REACTORS
330
42
102
}
330
42
100
AcDbScale
 70
     0
300
2:1
140
2.0
141
1.0
290
     0
  0
SCALE
  5
50
102
{ACAD_REACTORS
330
42
102
}
330
42
100
AcDbScale
 70
     0
300
4:1
140
4.0
141
1.0
290
     0
  0
SCALE
  5
51
102
{ACAD_REACTORS
330
42
102
}
330
42
100
AcDbScale
 70
     0
300
8:1
140
8.0
141
1.0
290
     0
  0
SCALE
  5
52
102
{ACAD_REACTORS
330
42
102
}
330
42
100
AcDbScale
 70
     0
300
10:1
140
10.0
141
1.0
290
     0
  0
SCALE
  5
53
102
{ACAD_REACTORS
330
42
102
}
330
42
100
AcDbScale
 70
     0
300
100:1
140
100.0
141
1.0
290
     0
  0
ACDBSECTIONVIEWSTYLE
  5
69
102
{ACAD_XDICTIONARY
360
C45
102
}
102
{ACAD_REACTORS
330
68
102
}
330
68
100
AcDbModelDocViewStyle
 70
     0
  3
Imperial24
290
     0
100
AcDbSectionViewStyle
 70
     0
 71
     0
 90
       78
 71
     1
340
55
 62
   256
 40
0.24
340
0
340
0
 62
   256
 40
0.24
300
I, O, Q, S, X, Z
 40
0.48
 90
        3
 40
0.18
 90
        1
 71
     2
340
5D
 90
       25
 62
   256
340
5D
 90
       50
 62
   256
 40
0.24
 40
0.0
 40
0.24
 71
     3
340
55
 62
   256
 40
0.24
 90
        1
 40
0.75
 90
        1
300
%<\AcVar ViewType \f "%tc1">% %<\AcVar ViewSectionStartId>%-%<\AcVar ViewSectionEndId>%\P比例 %<\AcVar ViewScale \f "%sn">%
 71
     4
 62
   256
 62
   257
300
ANSI31
 40
1.0
 90
        0
290
     0
290
     0
 90
        6
 40
0.0
 40
1.570796
 40
0.261799
 40
1.308997
 40
-0.261799
 40
1.832596
  0
TABLESTYLE
  5
65
102
{ACAD_XDICTIONARY
360
C42
102
}
102
{ACAD_REACTORS
330
64
102
}
330
64
100
AcDbTableStyle
280
     0
  3
Standard
 70
     0
 71
     0
 40
1.5
 41
1.5
280
     0
281
     0
  7
Standard
140
0.18
170
     2
 62
     0
 63
     7
283
     0
 90
      512
 91
        0
  1

274
    -2
284
     1
 64
     0
275
    -2
285
     1
 65
     0
276
    -2
286
     1
 66
     0
277
    -2
287
     1
 67
     0
278
    -2
288
     1
 68
     0
279
    -2
289
     1
 69
     0
  7
Standard
140
0.25
170
     5
 62
     0
 63
     7
283
     0
 90
      512
 91
        0
  1

274
    -2
284
     1
 64
     0
275
    -2
285
     1
 65
     0
276
    -2
286
     1
 66
     0
277
    -2
287
     1
 67
     0
278
    -2
288
     1
 68
     0
279
    -2
289
     1
 69
     0
  7
Standard
140
0.18
170
     5
 62
     0
 63
     7
283
     0
 90
      512
 91
        0
  1

274
    -2
284
     1
 64
     0
275
    -2
285
     1
 65
     0
276
    -2
286
     1
 66
     0
277
    -2
287
     1
 67
     0
278
    -2
288
     1
 68
     0
279
    -2
289
     1
 69
     0
  0
VISUALSTYLE
  5
2F
102
{ACAD_REACTORS
330
29
102
}
330
29
100
AcDbVisualStyle
  2
2dWireframe
 70
     4
177
     3
291
     0
 70
    58
 90
        0
176
     1
 90
        2
176
     1
 90
        0
176
     1
 90
        0
176
     1
 40
0.6
176
     1
 40
30.0
176
     1
 62
     7
420
 16777215
176
     1
 90
        1
176
     1
 90
        4
176
     1
 62
     7
176
     1
 62
   257
176
     1
 90
        1
176
     1
 90
        1
176
     1
 40
1.0
176
     1
 90
        0
176
     1
 62
   257
176
     1
 40
1.0
176
     1
 90
        1
176
     1
 90
        6
176
     1
 90
        2
176
     1
 62
     7
176
     1
 90
        5
176
     1
 90
        0
176
     1
 90
        0
176
     1
290
     0
176
     1
 90
        1
176
     1
 40
0.0
176
     1
 90
        0
176
     1
290
     1
176
     1
290
     1
176
     1
290
     0
176
     1
290
     0
176
     1
290
     0
176
     1
290
     0
176
     1
290
     0
176
     1
290
     0
176
     1
290
     0
176
     1
 90
       50
176
     1
 40
0.0
176
     1
 40
1.0
176
     1
 90
        0
176
     1
 62
    18
420
        0
176
     1
 90
       50
176
     1
 90
        3
176
     1
 62
     5
420
      255
176
     1
290
     0
176
     1
 90
       50
176
     1
 90
       50
176
     1
 90
       50
176
     1
290
     0
176
     1
 90
       50
176
     1
 62
   256
176
     0
 40
1.0
176
     0
 90
        2
176
     1
  1
strokes_ogs.tif
176
     1
290
     0
176
     1
 40
1.0
176
     1
 40
1.0
176
     1
1001
ACAD
1000
AcDbSavedByObjectVersion
1070
     0
  0
VISUALSTYLE
  5
2E
102
{ACAD_REACTORS
330
29
102
}
330
29
100
AcDbVisualStyle
  2
Basic
 70
     7
177
     3
291
     1
 70
    58
 90
        1
176
     1
 90
        0
176
     1
 90
        1
176
     1
 90
        0
176
     1
 40
0.6
176
     1
 40
30.0
176
     1
 62
     7
420
 16777215
176
     1
 90
        0
176
     1
 90
        4
176
     1
 62
     7
176
     1
 62
   257
176
     1
 90
        1
176
     1
 90
        1
176
     1
 40
1.0
176
     1
 90
        8
176
     1
 62
     7
176
     1
 40
1.0
176
     1
 90
        1
176
     1
 90
        6
176
     1
 90
        2
176
     1
 62
     7
176
     1
 90
        5
176
     1
 90
        0
176
     1
 90
        0
176
     1
290
     0
176
     1
 90
        1
176
     1
 40
0.0
176
     1
 90
        0
176
     1
290
     0
176
     1
290
     1
176
     1
290
     1
176
     1
290
     0
176
     1
290
     0
176
     1
290
     0
176
     1
290
     0
176
     1
290
     0
176
     1
290
     0
176
     1
 90
       50
176
     1
 40
0.0
176
     1
 40
1.0
176
     1
 90
        0
176
     1
 62
    18
420
        0
176
     1
 90
       50
176
     1
 90
        3
176
     1
 62
     5
420
      255
176
     1
290
     0
176
     1
 90
       50
176
     1
 90
       50
176
     1
 90
       50
176
     1
290
     0
176
     1
 90
       50
176
     1
 62
   256
176
     0
 40
1.0
176
     0
 90
        2
176
     1
  1
strokes_ogs.tif
176
     1
290
     0
176
     1
 40
1.0
176
     1
 40
1.0
176
     1
1001
ACAD
1000
AcDbSavedByObjectVersion
1070
     0
  0
VISUALSTYLE
  5
35
102
{ACAD_REACTORS
330
29
102
}
330
29
100
AcDbVisualStyle
  2
Brighten
 70
    12
177
     3
291
     1
 70
    58
 90
        2
176
     1
 90
        2
176
     1
 90
        0
176
     1
 90
        0
176
     1
 40
0.6
176
     1
 40
30.0
176
     1
 62
     7
420
 16777215
176
     1
 90
        1
176
     1
 90
        4
176
     1
 62
     7
176
     1
 62
   257
176
     1
 90
        1
176
     1
 90
        1
176
     1
 40
1.0
176
     1
 90
        8
176
     1
 62
     7
176
     1
 40
1.0
176
     1
 90
        1
176
     1
 90
        6
176
     1
 90
        2
176
     1
 62
     7
176
     1
 90
        5
176
     1
 90
        0
176
     1
 90
        0
176
     1
290
     0
176
     1
 90
        1
176
     1
 40
50.0
176
     1
 90
        0
176
     1
290
     0
176
     1
290
     1
176
     1
290
     1
176
     1
290
     0
176
     1
290
     0
176
     1
290
     0
176
     1
290
     0
176
     1
290
     0
176
     1
290
     0
176
     1
 90
       50
176
     1
 40
0.0
176
     1
 40
1.0
176
     1
 90
        0
176
     1
 62
    18
420
        0
176
     1
 90
       50
176
     1
 90
        3
176
     1
 62
     5
420
      255
176
     1
290
     0
176
     1
 90
       50
176
     1
 90
       50
176
     1
 90
       50
176
     1
290
     0
176
     1
 90
       50
176
     1
 62
   256
176
     0
 40
1.0
176
     0
 90
        2
176
     1
  1
strokes_ogs.tif
176
     1
290
     0
176
     1
 40
1.0
176
     1
 40
1.0
176
     1
1001
ACAD
1000
AcDbSavedByObjectVersion
1070
     0
  0
VISUALSTYLE
  5
39
102
{ACAD_REACTORS
330
29
102
}
330
29
100
AcDbVisualStyle
  2
ColorChange
 70
    16
177
     3
291
     1
 70
    58
 90
        2
176
     1
 90
        2
176
     1
 90
        3
176
     1
 90
        0
176
     1
 40
0.6
176
     1
 40
30.0
176
     1
 62
     8
420
  8421504
176
     1
 90
        1
176
     1
 90
        4
176
     1
 62
     7
176
     1
 62
   257
176
     1
 90
        1
176
     1
 90
        1
176
     1
 40
1.0
176
     1
 90
        8
176
     1
 62
     8
420
  8421504
176
     1
 40
1.0
176
     1
 90
        1
176
     1
 90
        6
176
     1
 90
        2
176
     1
 62
     7
176
     1
 90
        5
176
     1
 90
        0
176
     1
 90
        0
176
     1
290
     0
176
     1
 90
        1
176
     1
 40
0.0
176
     1
 90
        0
176
     1
290
     0
176
     1
290
     1
176
     1
290
     1
176
     1
290
     0
176
     1
290
     0
176
     1
290
     0
176
     1
290
     0
176
     1
290
     0
176
     1
290
     0
176
     1
 90
       50
176
     1
 40
0.0
176
     1
 40
1.0
176
     1
 90
        0
176
     1
 62
    18
420
        0
176
     1
 90
       50
176
     1
 90
        3
176
     1
 62
     5
420
      255
176
     1
290
     0
176
     1
 90
       50
176
     1
 90
       50
176
     1
 90
       50
176
     1
290
     0
176
     1
 90
       50
176
     1
 62
   256
176
     0
 40
1.0
176
     0
 90
        2
176
     1
  1
strokes_ogs.tif
176
     1
290
     0
176
     1
 40
1.0
176
     1
 40
1.0
176
     1
1001
ACAD
1000
AcDbSavedByObjectVersion
1070
     0
  0
VISUALSTYLE
  5
32
102
{ACAD_REACTORS
330
29
102
}
330
29
100
AcDbVisualStyle
  2
Conceptual
 70
     9
177
     3
291
     0
 70
    58
 90
        3
176
     1
 90
        2
176
     1
 90
        0
176
     1
 90
        0
176
     1
 40
0.6
176
     1
 40
30.0
176
     1
 62
     7
420
 16777215
176
     1
 90
        2
176
     1
 90
        2
176
     1
 62
     7
176
     1
 62
   257
176
     1
 90
        1
176
     1
 90
        1
176
     1
 40
179.0
176
     1
 90
        8
176
     1
 62
     7
176
     1
 40
1.0
176
     1
 90
        1
176
     1
 90
        6
176
     1
 90
        2
176
     1
 62
     7
176
     1
 90
        3
176
     1
 90
        0
176
     1
 90
        0
176
     1
290
     0
176
     1
 90
        1
176
     1
 40
0.0
176
     1
 90
        0
176
     1
290
     0
176
     1
290
     1
176
     1
290
     1
176
     1
290
     0
176
     1
290
     0
176
     1
290
     0
176
     1
290
     0
176
     1
290
     0
176
     1
290
     0
176
     1
 90
       50
176
     1
 40
0.0
176
     1
 40
1.0
176
     1
 90
        0
176
     1
 62
    18
420
        0
176
     1
 90
       50
176
     1
 90
        3
176
     1
 62
     5
420
      255
176
     1
290
     0
176
     1
 90
       50
176
     1
 90
       50
176
     1
 90
       50
176
     1
290
     0
176
     1
 90
       50
176
     1
 62
   256
176
     0
 40
1.0
176
     0
 90
        2
176
     1
  1
strokes_ogs.tif
176
     1
290
     0
176
     1
 40
1.0
176
     1
 40
1.0
176
     1
1001
ACAD
1000
AcDbSavedByObjectVersion
1070
     0
  0
VISUALSTYLE
  5
34
102
{ACAD_REACTORS
330
29
102
}
330
29
100
AcDbVisualStyle
  2
Dim
 70
    11
177
     3
291
     1
 70
    58
 90
        2
176
     1
 90
        2
176
     1
 90
        0
176
     1
 90
        0
176
     1
 40
0.6
176
     1
 40
30.0
176
     1
 62
     7
420
 16777215
176
     1
 90
        1
176
     1
 90
        4
176
     1
 62
     7
176
     1
 62
   257
176
     1
 90
        1
176
     1
 90
        1
176
     1
 40
1.0
176
     1
 90
        8
176
     1
 62
     7
176
     1
 40
1.0
176
     1
 90
        1
176
     1
 90
        6
176
     1
 90
        2
176
     1
 62
     7
176
     1
 90
        5
176
     1
 90
        0
176
     1
 90
        0
176
     1
290
     0
176
     1
 90
        1
176
     1
 40
-50.0
176
     1
 90
        0
176
     1
290
     0
176
     1
290
     1
176
     1
290
     1
176
     1
290
     0
176
     1
290
     0
176
     1
290
     0
176
     1
290
     0
176
     1
290
     0
176
     1
290
     0
176
     1
 90
       50
176
     1
 40
0.0
176
     1
 40
1.0
176
     1
 90
        0
176
     1
 62
    18
420
        0
176
     1
 90
       50
176
     1
 90
        3
176
     1
 62
     5
420
      255
176
     1
290
     0
176
     1
 90
       50
176
     1
 90
       50
176
     1
 90
       50
176
     1
290
     0
176
     1
 90
       50
176
     1
 62
   256
176
     0
 40
1.0
176
     0
 90
        2
176
     1
  1
strokes_ogs.tif
176
     1
290
     0
176
     1
 40
1.0
176
     1
 40
1.0
176
     1
1001
ACAD
1000
AcDbSavedByObjectVersion
1070
     0
  0
VISUALSTYLE
  5
41
102
{ACAD_REACTORS
330
29
102
}
330
29
100
AcDbVisualStyle
  2
EdgeColorOff
 70
    22
177
     3
291
     1
 70
    58
 90
        2
176
     0
 90
        2
176
     0
 90
        0
176
     0
 90
        0
176
     0
 40
0.6
176
     0
 40
30.0
176
     0
 62
     7
420
 16777215
176
     0
 90
        1
176
     0
 90
        4
176
     0
 62
     7
176
     0
 62
   257
176
     0
 90
        1
176
     0
 90
        1
176
     0
 40
1.0
176
     0
 90
        8
176
     2
 62
     7
176
     0
 40
1.0
176
     0
 90
        1
176
     0
 90
        6
176
     0
 90
        2
176
     0
 62
     7
176
     0
 90
        5
176
     0
 90
        0
176
     0
 90
        0
176
     0
290
     0
176
     0
 90
        1
176
     0
 40
0.0
176
     0
 90
        0
176
     0
290
     0
176
     0
290
     1
176
     0
290
     1
176
     0
290
     0
176
     0
290
     0
176
     0
290
     0
176
     0
290
     0
176
     0
290
     0
176
     0
290
     0
176
     0
 90
       50
176
     0
 40
0.0
176
     0
 40
1.0
176
     0
 90
        0
176
     0
 62
    18
420
        0
176
     0
 90
       50
176
     0
 90
        3
176
     0
 62
     5
420
      255
176
     0
290
     0
176
     0
 90
       50
176
     0
 90
       50
176
     0
 90
       50
176
     0
290
     0
176
     0
 90
       50
176
     0
 62
   256
176
     0
 40
1.0
176
     0
 90
        2
176
     0
  1
strokes_ogs.tif
176
     0
290
     0
176
     0
 40
1.0
176
     0
 40
1.0
176
     0
1001
ACAD
1000
AcDbSavedByObjectVersion
1070
     0
  0
VISUALSTYLE
  5
38
102
{ACAD_REACTORS
330
29
102
}
330
29
100
AcDbVisualStyle
  2
Facepattern
 70
    15
177
     3
291
     1
 70
    58
 90
        2
176
     1
 90
        2
176
     1
 90
        0
176
     1
 90
        0
176
     1
 40
0.6
176
     1
 40
30.0
176
     1
 62
     7
420
 16777215
176
     1
 90
        1
176
     1
 90
        4
176
     1
 62
     7
176
     1
 62
   257
176
     1
 90
        1
176
     1
 90
        1
176
     1
 40
1.0
176
     1
 90
        8
176
     1
 62
     7
176
     1
 40
1.0
176
     1
 90
        1
176
     1
 90
        6
176
     1
 90
        2
176
     1
 62
     7
176
     1
 90
        5
176
     1
 90
        0
176
     1
 90
        0
176
     1
290
     0
176
     1
 90
        1
176
     1
 40
0.0
176
     1
 90
        0
176
     1
290
     0
176
     1
290
     1
176
     1
290
     1
176
     1
290
     0
176
     1
290
     0
176
     1
290
     0
176
     1
290
     0
176
     1
290
     0
176
     1
290
     0
176
     1
 90
       50
176
     1
 40
0.0
176
     1
 40
1.0
176
     1
 90
        0
176
     1
 62
    18
420
        0
176
     1
 90
       50
176
     1
 90
        3
176
     1
 62
     5
420
      255
176
     1
290
     0
176
     1
 90
       50
176
     1
 90
       50
176
     1
 90
       50
176
     1
290
     0
176
     1
 90
       50
176
     1
 62
   256
176
     0
 40
1.0
176
     0
 90
        2
176
     1
  1
strokes_ogs.tif
176
     1
290
     0
176
     1
 40
1.0
176
     1
 40
1.0
176
     1
1001
ACAD
1000
AcDbSavedByObjectVersion
1070
     0
  0
VISUALSTYLE
  5
2A
102
{ACAD_REACTORS
330
29
102
}
330
29
100
AcDbVisualStyle
  2
Flat
 70
     0
177
     3
291
     1
 70
    58
 90
        2
176
     1
 90
        1
176
     1
 90
        1
176
     1
 90
        2
176
     1
 40
0.6
176
     1
 40
30.0
176
     1
 62
     7
420
 16777215
176
     1
 90
        0
176
     1
 90
        0
176
     1
 62
     7
176
     1
 62
   257
176
     1
 90
        1
176
     1
 90
        1
176
     1
 40
1.0
176
     1
 90
        8
176
     1
 62
     7
176
     1
 40
1.0
176
     1
 90
        1
176
     1
 90
        6
176
     1
 90
        2
176
     1
 62
     7
176
     1
 90
        5
176
     1
 90
        0
176
     1
 90
        0
176
     1
290
     0
176
     1
 90
       13
176
     1
 40
0.0
176
     1
 90
        0
176
     1
290
     0
176
     1
290
     1
176
     1
290
     1
176
     1
290
     0
176
     1
290
     0
176
     1
290
     0
176
     1
290
     0
176
     1
290
     0
176
     1
290
     0
176
     1
 90
       50
176
     1
 40
0.0
176
     1
 40
1.0
176
     1
 90
        0
176
     1
 62
    18
420
        0
176
     1
 90
       50
176
     1
 90
        3
176
     1
 62
     5
420
      255
176
     1
290
     0
176
     1
 90
       50
176
     1
 90
       50
176
     1
 90
       50
176
     1
290
     0
176
     1
 90
       50
176
     1
 62
   256
176
     0
 40
1.0
176
     0
 90
        2
176
     1
  1
strokes_ogs.tif
176
     1
290
     0
176
     1
 40
1.0
176
     1
 40
1.0
176
     1
1001
ACAD
1000
AcDbSavedByObjectVersion
1070
     0
  0
VISUALSTYLE
  5
2B
102
{ACAD_REACTORS
330
29
102
}
330
29
100
AcDbVisualStyle
  2
FlatWithEdges
 70
     1
177
     3
291
     1
 70
    58
 90
        2
176
     1
 90
        1
176
     1
 90
        1
176
     1
 90
        2
176
     1
 40
0.6
176
     1
 40
30.0
176
     1
 62
     7
420
 16777215
176
     1
 90
        1
176
     1
 90
        0
176
     1
 62
     7
176
     1
 62
   257
176
     1
 90
        1
176
     1
 90
        1
176
     1
 40
1.0
176
     1
 90
        0
176
     1
 62
   257
176
     1
 40
1.0
176
     1
 90
        1
176
     1
 90
        6
176
     1
 90
        2
176
     1
 62
     7
176
     1
 90
        5
176
     1
 90
        0
176
     1
 90
        0
176
     1
290
     0
176
     1
 90
       13
176
     1
 40
0.0
176
     1
 90
        0
176
     1
290
     0
176
     1
290
     1
176
     1
290
     1
176
     1
290
     0
176
     1
290
     0
176
     1
290
     0
176
     1
290
     0
176
     1
290
     0
176
     1
290
     0
176
     1
 90
       50
176
     1
 40
0.0
176
     1
 40
1.0
176
     1
 90
        0
176
     1
 62
    18
420
        0
176
     1
 90
       50
176
     1
 90
        3
176
     1
 62
     5
420
      255
176
     1
290
     0
176
     1
 90
       50
176
     1
 90
       50
176
     1
 90
       50
176
     1
290
     0
176
     1
 90
       50
176
     1
 62
   256
176
     0
 40
1.0
176
     0
 90
        2
176
     1
  1
strokes_ogs.tif
176
     1
290
     0
176
     1
 40
1.0
176
     1
 40
1.0
176
     1
1001
ACAD
1000
AcDbSavedByObjectVersion
1070
     0
  0
VISUALSTYLE
  5
2C
102
{ACAD_REACTORS
330
29
102
}
330
29
100
AcDbVisualStyle
  2
Gouraud
 70
     2
177
     3
291
     1
 70
    58
 90
        2
176
     1
 90
        2
176
     1
 90
        1
176
     1
 90
        2
176
     1
 40
0.6
176
     1
 40
30.0
176
     1
 62
     7
420
 16777215
176
     1
 90
        0
176
     1
 90
        0
176
     1
 62
     7
176
     1
 62
   257
176
     1
 90
        1
176
     1
 90
        1
176
     1
 40
1.0
176
     1
 90
        0
176
     1
 62
     7
176
     1
 40
1.0
176
     1
 90
        1
176
     1
 90
        6
176
     1
 90
        2
176
     1
 62
     7
176
     1
 90
        5
176
     1
 90
        0
176
     1
 90
        0
176
     1
290
     0
176
     1
 90
       13
176
     1
 40
0.0
176
     1
 90
        0
176
     1
290
     0
176
     1
290
     1
176
     1
290
     1
176
     1
290
     0
176
     1
290
     0
176
     1
290
     0
176
     1
290
     0
176
     1
290
     0
176
     1
290
     0
176
     1
 90
       50
176
     1
 40
0.0
176
     1
 40
1.0
176
     1
 90
        0
176
     1
 62
    18
420
        0
176
     1
 90
       50
176
     1
 90
        3
176
     1
 62
     5
420
      255
176
     1
290
     0
176
     1
 90
       50
176
     1
 90
       50
176
     1
 90
       50
176
     1
290
     0
176
     1
 90
       50
176
     1
 62
   256
176
     0
 40
1.0
176
     0
 90
        2
176
     1
  1
strokes_ogs.tif
176
     1
290
     0
176
     1
 40
1.0
176
     1
 40
1.0
176
     1
1001
ACAD
1000
AcDbSavedByObjectVersion
1070
     0
  0
VISUALSTYLE
  5
2D
102
{ACAD_REACTORS
330
29
102
}
330
29
100
AcDbVisualStyle
  2
GouraudWithEdges
 70
     3
177
     3
291
     1
 70
    58
 90
        2
176
     1
 90
        2
176
     1
 90
        1
176
     1
 90
        2
176
     1
 40
0.6
176
     1
 40
30.0
176
     1
 62
     7
420
 16777215
176
     1
 90
        1
176
     1
 90
        0
176
     1
 62
     7
176
     1
 62
   257
176
     1
 90
        1
176
     1
 90
        1
176
     1
 40
1.0
176
     1
 90
        0
176
     1
 62
   257
176
     1
 40
1.0
176
     1
 90
        1
176
     1
 90
        6
176
     1
 90
        2
176
     1
 62
     7
176
     1
 90
        5
176
     1
 90
        0
176
     1
 90
        0
176
     1
290
     0
176
     1
 90
       13
176
     1
 40
0.0
176
     1
 90
        0
176
     1
290
     0
176
     1
290
     1
176
     1
290
     1
176
     1
290
     0
176
     1
290
     0
176
     1
290
     0
176
     1
290
     0
176
     1
290
     0
176
     1
290
     0
176
     1
 90
       50
176
     1
 40
0.0
176
     1
 40
1.0
176
     1
 90
        0
176
     1
 62
    18
420
        0
176
     1
 90
       50
176
     1
 90
        3
176
     1
 62
     5
420
      255
176
     1
290
     0
176
     1
 90
       50
176
     1
 90
       50
176
     1
 90
       50
176
     1
290
     0
176
     1
 90
       50
176
     1
 62
   256
176
     0
 40
1.0
176
     0
 90
        2
176
     1
  1
strokes_ogs.tif
176
     1
290
     0
176
     1
 40
1.0
176
     1
 40
1.0
176
     1
1001
ACAD
1000
AcDbSavedByObjectVersion
1070
     0
  0
VISUALSTYLE
  5
31
102
{ACAD_REACTORS
330
29
102
}
330
29
100
AcDbVisualStyle
  2
Hidden
 70
     6
177
     3
291
     0
 70
    58
 90
        1
176
     1
 90
        2
176
     1
 90
        2
176
     1
 90
        0
176
     1
 40
0.6
176
     1
 40
30.0
176
     1
 62
     7
420
 16777215
176
     1
 90
        2
176
     1
 90
        2
176
     1
 62
     7
176
     1
 62
   257
176
     1
 90
        2
176
     1
 90
        1
176
     1
 40
40.0
176
     1
 90
        0
176
     1
 62
   257
176
     1
 40
1.0
176
     1
 90
        1
176
     1
 90
        6
176
     1
 90
        2
176
     1
 62
     7
176
     1
 90
        3
176
     1
 90
        0
176
     1
 90
        0
176
     1
290
     0
176
     1
 90
        1
176
     1
 40
0.0
176
     1
 90
        0
176
     1
290
     0
176
     1
290
     1
176
     1
290
     1
176
     1
290
     0
176
     1
290
     0
176
     1
290
     0
176
     1
290
     0
176
     1
290
     0
176
     1
290
     0
176
     1
 90
       50
176
     1
 40
0.0
176
     1
 40
1.0
176
     1
 90
        0
176
     1
 62
    18
420
        0
176
     1
 90
       50
176
     1
 90
        3
176
     1
 62
     5
420
      255
176
     1
290
     0
176
     1
 90
       50
176
     1
 90
       50
176
     1
 90
       50
176
     1
290
     0
176
     1
 90
       50
176
     1
 62
   256
176
     0
 40
1.0
176
     0
 90
        2
176
     1
  1
strokes_ogs.tif
176
     1
290
     0
176
     1
 40
1.0
176
     1
 40
1.0
176
     1
1001
ACAD
1000
AcDbSavedByObjectVersion
1070
     0
  0
VISUALSTYLE
  5
3F
102
{ACAD_REACTORS
330
29
102
}
330
29
100
AcDbVisualStyle
  2
JitterOff
 70
    20
177
     3
291
     1
 70
    58
 90
        2
176
     0
 90
        2
176
     0
 90
        0
176
     0
 90
        0
176
     0
 40
0.6
176
     0
 40
30.0
176
     0
 62
     7
420
 16777215
176
     0
 90
        1
176
     0
 90
        4
176
     0
 62
     7
176
     0
 62
   257
176
     0
 90
        1
176
     0
 90
        1
176
     0
 40
1.0
176
     0
 90
       10
176
     2
 62
     7
176
     0
 40
1.0
176
     0
 90
        1
176
     0
 90
        6
176
     0
 90
        2
176
     0
 62
     7
176
     0
 90
        5
176
     0
 90
        0
176
     0
 90
        0
176
     0
290
     0
176
     0
 90
        1
176
     0
 40
0.0
176
     0
 90
        0
176
     0
290
     0
176
     0
290
     1
176
     0
290
     1
176
     0
290
     0
176
     0
290
     0
176
     0
290
     0
176
     0
290
     0
176
     0
290
     0
176
     0
290
     0
176
     0
 90
       50
176
     0
 40
0.0
176
     0
 40
1.0
176
     0
 90
        0
176
     0
 62
    18
420
        0
176
     0
 90
       50
176
     0
 90
        3
176
     0
 62
     5
420
      255
176
     0
290
     0
176
     0
 90
       50
176
     0
 90
       50
176
     0
 90
       50
176
     0
290
     0
176
     0
 90
       50
176
     0
 62
   256
176
     0
 40
1.0
176
     0
 90
        2
176
     0
  1
strokes_ogs.tif
176
     0
290
     0
176
     0
 40
1.0
176
     0
 40
1.0
176
     0
1001
ACAD
1000
AcDbSavedByObjectVersion
1070
     0
  0
VISUALSTYLE
  5
37
102
{ACAD_REACTORS
330
29
102
}
330
29
100
AcDbVisualStyle
  2
Linepattern
 70
    14
177
     3
291
     1
 70
    58
 90
        2
176
     1
 90
        2
176
     1
 90
        0
176
     1
 90
        0
176
     1
 40
0.6
176
     1
 40
30.0
176
     1
 62
     7
420
 16777215
176
     1
 90
        1
176
     1
 90
        4
176
     1
 62
     7
176
     1
 62
   257
176
     1
 90
        7
176
     1
 90
        7
176
     1
 40
1.0
176
     1
 90
        8
176
     1
 62
     7
176
     1
 40
1.0
176
     1
 90
        1
176
     1
 90
        6
176
     1
 90
        2
176
     1
 62
     7
176
     1
 90
        5
176
     1
 90
        0
176
     1
 90
        0
176
     1
290
     0
176
     1
 90
        1
176
     1
 40
0.0
176
     1
 90
        0
176
     1
290
     0
176
     1
290
     1
176
     1
290
     1
176
     1
290
     0
176
     1
290
     0
176
     1
290
     0
176
     1
290
     0
176
     1
290
     0
176
     1
290
     0
176
     1
 90
       50
176
     1
 40
0.0
176
     1
 40
1.0
176
     1
 90
        0
176
     1
 62
    18
420
        0
176
     1
 90
       50
176
     1
 90
        3
176
     1
 62
     5
420
      255
176
     1
290
     0
176
     1
 90
       50
176
     1
 90
       50
176
     1
 90
       50
176
     1
290
     0
176
     1
 90
       50
176
     1
 62
   256
176
     0
 40
1.0
176
     0
 90
        2
176
     1
  1
strokes_ogs.tif
176
     1
290
     0
176
     1
 40
1.0
176
     1
 40
1.0
176
     1
1001
ACAD
1000
AcDbSavedByObjectVersion
1070
     0
  0
VISUALSTYLE
  5
40
102
{ACAD_REACTORS
330
29
102
}
330
29
100
AcDbVisualStyle
  2
OverhangOff
 70
    21
177
     3
291
     1
 70
    58
 90
        2
176
     0
 90
        2
176
     0
 90
        0
176
     0
 90
        0
176
     0
 40
0.6
176
     0
 40
30.0
176
     0
 62
     7
420
 16777215
176
     0
 90
        1
176
     0
 90
        4
176
     0
 62
     7
176
     0
 62
   257
176
     0
 90
        1
176
     0
 90
        1
176
     0
 40
1.0
176
     0
 90
        9
176
     2
 62
     7
176
     0
 40
1.0
176
     0
 90
        1
176
     0
 90
        6
176
     0
 90
        2
176
     0
 62
     7
176
     0
 90
        5
176
     0
 90
        0
176
     0
 90
        0
176
     0
290
     0
176
     0
 90
        1
176
     0
 40
0.0
176
     0
 90
        0
176
     0
290
     0
176
     0
290
     1
176
     0
290
     1
176
     0
290
     0
176
     0
290
     0
176
     0
290
     0
176
     0
290
     0
176
     0
290
     0
176
     0
290
     0
176
     0
 90
       50
176
     0
 40
0.0
176
     0
 40
1.0
176
     0
 90
        0
176
     0
 62
    18
420
        0
176
     0
 90
       50
176
     0
 90
        3
176
     0
 62
     5
420
      255
176
     0
290
     0
176
     0
 90
       50
176
     0
 90
       50
176
     0
 90
       50
176
     0
290
     0
176
     0
 90
       50
176
     0
 62
   256
176
     0
 40
1.0
176
     0
 90
        2
176
     0
  1
strokes_ogs.tif
176
     0
290
     0
176
     0
 40
1.0
176
     0
 40
1.0
176
     0
1001
ACAD
1000
AcDbSavedByObjectVersion
1070
     0
  0
VISUALSTYLE
  5
33
102
{ACAD_REACTORS
330
29
102
}
330
29
100
AcDbVisualStyle
  2
Realistic
 70
     8
177
     3
291
     0
 70
    58
 90
        2
176
     1
 90
        3
176
     1
 90
        0
176
     1
 90
        2
176
     1
 40
0.6
176
     1
 40
30.0
176
     1
 62
     7
420
 16777215
176
     1
 90
        0
176
     1
 90
        0
176
     1
 62
     7
176
     1
 62
   257
176
     1
 90
        1
176
     1
 90
        1
176
     1
 40
1.0
176
     1
 90
        8
176
     1
 62
   257
176
     1
 40
1.0
176
     1
 90
        1
176
     1
 90
        6
176
     1
 90
        2
176
     1
 62
     7
176
     1
 90
        3
176
     1
 90
        0
176
     1
 90
        0
176
     1
290
     0
176
     1
 90
       13
176
     1
 40
0.0
176
     1
 90
        0
176
     1
290
     0
176
     1
290
     1
176
     1
290
     1
176
     1
290
     0
176
     1
290
     0
176
     1
290
     0
176
     1
290
     0
176
     1
290
     0
176
     1
290
     0
176
     1
 90
       50
176
     1
 40
0.0
176
     1
 40
1.0
176
     1
 90
        0
176
     1
 62
    18
420
        0
176
     1
 90
       50
176
     1
 90
        3
176
     1
 62
     5
420
      255
176
     1
290
     0
176
     1
 90
       50
176
     1
 90
       50
176
     1
 90
       50
176
     1
290
     0
176
     1
 90
       50
176
     1
 62
   256
176
     0
 40
1.0
176
     0
 90
        2
176
     1
  1
strokes_ogs.tif
176
     1
290
     0
176
     1
 40
1.0
176
     1
 40
1.0
176
     1
1001
ACAD
1000
AcDbSavedByObjectVersion
1070
     0
  0
VISUALSTYLE
  5
3E
102
{ACAD_REACTORS
330
29
102
}
330
29
100
AcDbVisualStyle
  2
Shaded
 70
    27
177
     3
291
     0
 70
    58
 90
        2
176
     1
 90
        2
176
     1
 90
        1
176
     1
 90
        2
176
     1
 40
0.6
176
     1
 40
30.0
176
     1
 62
     7
420
 16777215
176
     1
 90
        0
176
     1
 90
        4
176
     1
 62
     7
176
     1
 62
   257
176
     1
 90
        1
176
     1
 90
        1
176
     1
 40
1.0
176
     1
 90
        8
176
     1
 62
   257
176
     1
 40
1.0
176
     1
 90
        1
176
     1
 90
        6
176
     1
 90
        2
176
     1
 62
     8
420
  7895160
176
     1
 90
        3
176
     1
 90
        0
176
     1
 90
        0
176
     1
290
     0
176
     1
 90
        5
176
     1
 40
0.0
176
     1
 90
        0
176
     1
290
     0
176
     1
290
     1
176
     1
290
     1
176
     1
290
     0
176
     1
290
     0
176
     1
290
     0
176
     1
290
     0
176
     1
290
     0
176
     1
290
     0
176
     1
 90
       50
176
     1
 40
0.0
176
     1
 40
1.0
176
     1
 90
        0
176
     1
 62
    18
420
        0
176
     1
 90
       50
176
     1
 90
        3
176
     1
 62
     5
420
      255
176
     1
290
     0
176
     1
 90
       50
176
     1
 90
       50
176
     1
 90
       50
176
     1
290
     0
176
     1
 90
       50
176
     1
 62
   256
176
     0
 40
1.0
176
     0
 90
        2
176
     1
  1
strokes_ogs.tif
176
     1
290
     0
176
     1
 40
1.0
176
     1
 40
1.0
176
     1
1001
ACAD
1000
AcDbSavedByObjectVersion
1070
     0
  0
VISUALSTYLE
  5
3D
102
{ACAD_REACTORS
330
29
102
}
330
29
100
AcDbVisualStyle
  2
Shaded with edges
 70
    26
177
     3
291
     0
 70
    58
 90
        2
176
     1
 90
        2
176
     1
 90
        1
176
     1
 90
        2
176
     1
 40
0.6
176
     1
 40
30.0
176
     1
 62
     7
420
 16777215
176
     1
 90
        1
176
     1
 90
        2
176
     1
 62
     7
176
     1
 62
   257
176
     1
 90
        2
176
     1
 90
        1
176
     1
 40
1.0
176
     1
 90
        8
176
     1
 62
   257
176
     1
 40
1.0
176
     1
 90
        1
176
     1
 90
        6
176
     1
 90
        2
176
     1
 62
     7
176
     1
 90
        3
176
     1
 90
        0
176
     1
 90
        0
176
     1
290
     0
176
     1
 90
        5
176
     1
 40
0.0
176
     1
 90
        0
176
     1
290
     0
176
     1
290
     1
176
     1
290
     1
176
     1
290
     0
176
     1
290
     0
176
     1
290
     0
176
     1
290
     0
176
     1
290
     0
176
     1
290
     0
176
     1
 90
       50
176
     1
 40
0.0
176
     1
 40
1.0
176
     1
 90
        0
176
     1
 62
    18
420
        0
176
     1
 90
       50
176
     1
 90
        3
176
     1
 62
     5
420
      255
176
     1
290
     0
176
     1
 90
       50
176
     1
 90
       50
176
     1
 90
       50
176
     1
290
     0
176
     1
 90
       50
176
     1
 62
   256
176
     0
 40
1.0
176
     0
 90
        2
176
     1
  1
strokes_ogs.tif
176
     1
290
     0
176
     1
 40
1.0
176
     1
 40
1.0
176
     1
1001
ACAD
1000
AcDbSavedByObjectVersion
1070
     0
  0
VISUALSTYLE
  5
3A
102
{ACAD_REACTORS
330
29
102
}
330
29
100
AcDbVisualStyle
  2
Shades of Gray
 70
    23
177
     3
291
     0
 70
    58
 90
        2
176
     1
 90
        2
176
     1
 90
        3
176
     1
 90
        0
176
     1
 40
0.6
176
     1
 40
30.0
176
     1
 62
     7
420
 16777215
176
     1
 90
        2
176
     1
 90
        2
176
     1
 62
     7
176
     1
 62
     7
176
     1
 90
        1
176
     1
 90
        1
176
     1
 40
40.0
176
     1
 90
        8
176
     1
 62
     7
176
     1
 40
1.0
176
     1
 90
        1
176
     1
 90
        6
176
     1
 90
        2
176
     1
 62
     7
176
     1
 90
        3
176
     1
 90
        0
176
     1
 90
        0
176
     1
290
     0
176
     1
 90
        1
176
     1
 40
0.0
176
     1
 90
        0
176
     1
290
     0
176
     1
290
     1
176
     1
290
     1
176
     1
290
     0
176
     1
290
     0
176
     1
290
     0
176
     1
290
     0
176
     1
290
     0
176
     1
290
     0
176
     1
 90
       50
176
     1
 40
0.0
176
     1
 40
1.0
176
     1
 90
        0
176
     1
 62
    18
420
        0
176
     1
 90
       50
176
     1
 90
        3
176
     1
 62
     5
420
      255
176
     1
290
     0
176
     1
 90
       50
176
     1
 90
       50
176
     1
 90
       50
176
     1
290
     0
176
     1
 90
       50
176
     1
 62
   256
176
     0
 40
1.0
176
     0
 90
        2
176
     1
  1
strokes_ogs.tif
176
     1
290
     0
176
     1
 40
1.0
176
     1
 40
1.0
176
     1
1001
ACAD
1000
AcDbSavedByObjectVersion
1070
     0
  0
VISUALSTYLE
  5
3B
102
{ACAD_REACTORS
330
29
102
}
330
29
100
AcDbVisualStyle
  2
Sketchy
 70
    24
177
     3
291
     0
 70
    58
 90
        1
176
     1
 90
        2
176
     1
 90
        2
176
     1
 90
        0
176
     1
 40
0.6
176
     1
 40
30.0
176
     1
 62
     7
420
 16777215
176
     1
 90
        2
176
     1
 90
        2
176
     1
 62
     7
176
     1
 62
     7
176
     1
 90
        1
176
     1
 90
        1
176
     1
 40
40.0
176
     1
 90
       11
176
     1
 62
     7
176
     1
 40
1.0
176
     1
 90
        1
176
     1
 90
        6
176
     1
 90
        2
176
     1
 62
     7
176
     1
 90
        6
176
     1
 90
        0
176
     1
 90
        0
176
     1
290
     0
176
     1
 90
        1
176
     1
 40
0.0
176
     1
 90
        0
176
     1
290
     0
176
     1
290
     1
176
     1
290
     1
176
     1
290
     0
176
     1
290
     0
176
     1
290
     0
176
     1
290
     0
176
     1
290
     0
176
     1
290
     0
176
     1
 90
       50
176
     1
 40
0.0
176
     1
 40
1.0
176
     1
 90
        0
176
     1
 62
    18
420
        0
176
     1
 90
       50
176
     1
 90
        3
176
     1
 62
     5
420
      255
176
     1
290
     0
176
     1
 90
       50
176
     1
 90
       50
176
     1
 90
       50
176
     1
290
     0
176
     1
 90
       50
176
     1
 62
   256
176
     0
 40
1.0
176
     0
 90
        2
176
     1
  1
strokes_ogs.tif
176
     1
290
     0
176
     1
 40
1.0
176
     1
 40
1.0
176
     1
1001
ACAD
1000
AcDbSavedByObjectVersion
1070
     0
  0
VISUALSTYLE
  5
36
102
{ACAD_REACTORS
330
29
102
}
330
29
100
AcDbVisualStyle
  2
Thicken
 70
    13
177
     3
291
     1
 70
    58
 90
        2
176
     1
 90
        2
176
     1
 90
        0
176
     1
 90
        0
176
     1
 40
0.6
176
     1
 40
30.0
176
     1
 62
     7
420
 16777215
176
     1
 90
        1
176
     1
 90
        4
176
     1
 62
     7
176
     1
 62
   257
176
     1
 90
        1
176
     1
 90
        1
176
     1
 40
1.0
176
     1
 90
       12
176
     1
 62
     7
176
     1
 40
1.0
176
     1
 90
        1
176
     1
 90
        6
176
     1
 90
        2
176
     1
 62
     7
176
     1
 90
        5
176
     1
 90
        0
176
     1
 90
        0
176
     1
290
     0
176
     1
 90
        1
176
     1
 40
0.0
176
     1
 90
        0
176
     1
290
     0
176
     1
290
     1
176
     1
290
     1
176
     1
290
     0
176
     1
290
     0
176
     1
290
     0
176
     1
290
     0
176
     1
290
     0
176
     1
290
     0
176
     1
 90
       50
176
     1
 40
0.0
176
     1
 40
1.0
176
     1
 90
        0
176
     1
 62
    18
420
        0
176
     1
 90
       50
176
     1
 90
        3
176
     1
 62
     5
420
      255
176
     1
290
     0
176
     1
 90
       50
176
     1
 90
       50
176
     1
 90
       50
176
     1
290
     0
176
     1
 90
       50
176
     1
 62
   256
176
     0
 40
1.0
176
     0
 90
        2
176
     1
  1
strokes_ogs.tif
176
     1
290
     0
176
     1
 40
1.0
176
     1
 40
1.0
176
     1
1001
ACAD
1000
AcDbSavedByObjectVersion
1070
     0
  0
VISUALSTYLE
  5
30
102
{ACAD_REACTORS
330
29
102
}
330
29
100
AcDbVisualStyle
  2
Wireframe
 70
     5
177
     3
291
     0
 70
    58
 90
        0
176
     1
 90
        2
176
     1
 90
        0
176
     1
 90
        0
176
     1
 40
0.6
176
     1
 40
30.0
176
     1
 62
     7
420
 16777215
176
     1
 90
        1
176
     1
 90
        4
176
     1
 62
     7
176
     1
 62
   257
176
     1
 90
        1
176
     1
 90
        1
176
     1
 40
1.0
176
     1
 90
        0
176
     1
 62
   257
176
     1
 40
1.0
176
     1
 90
        1
176
     1
 90
        6
176
     1
 90
        2
176
     1
 62
     7
176
     1
 90
        3
176
     1
 90
        0
176
     1
 90
        0
176
     1
290
     0
176
     1
 90
        1
176
     1
 40
0.0
176
     1
 90
        0
176
     1
290
     0
176
     1
290
     1
176
     1
290
     1
176
     1
290
     0
176
     1
290
     0
176
     1
290
     0
176
     1
290
     0
176
     1
290
     0
176
     1
290
     0
176
     1
 90
       50
176
     1
 40
0.0
176
     1
 40
1.0
176
     1
 90
        0
176
     1
 62
    18
420
        0
176
     1
 90
       50
176
     1
 90
        3
176
     1
 62
     5
420
      255
176
     1
290
     0
176
     1
 90
       50
176
     1
 90
       50
176
     1
 90
       50
176
     1
290
     0
176
     1
 90
       50
176
     1
 62
   256
176
     0
 40
1.0
176
     0
 90
        2
176
     1
  1
strokes_ogs.tif
176
     1
290
     0
176
     1
 40
1.0
176
     1
 40
1.0
176
     1
1001
ACAD
1000
AcDbSavedByObjectVersion
1070
     0
  0
VISUALSTYLE
  5
3C
102
{ACAD_REACTORS
330
29
102
}
330
29
100
AcDbVisualStyle
  2
X-Ray
 70
    25
177
     3
291
     0
 70
    58
 90
        2
176
     1
 90
        2
176
     1
 90
        1
176
     1
 90
        1
176
     1
 40
0.5
176
     1
 40
30.0
176
     1
 62
     7
420
 16777215
176
     1
 90
        1
176
     1
 90
        0
176
     1
 62
     7
176
     1
 62
   257
176
     1
 90
        1
176
     1
 90
        1
176
     1
 40
1.0
176
     1
 90
        8
176
     1
 62
     7
176
     1
 40
1.0
176
     1
 90
        1
176
     1
 90
        6
176
     1
 90
        2
176
     1
 62
     7
176
     1
 90
        3
176
     1
 90
        0
176
     1
 90
        0
176
     1
290
     0
176
     1
 90
       13
176
     1
 40
0.0
176
     1
 90
        0
176
     1
290
     0
176
     1
290
     1
176
     1
290
     1
176
     1
290
     0
176
     1
290
     0
176
     1
290
     0
176
     1
290
     0
176
     1
290
     0
176
     1
290
     0
176
     1
 90
       50
176
     1
 40
0.0
176
     1
 40
1.0
176
     1
 90
        0
176
     1
 62
    18
420
        0
176
     1
 90
       50
176
     1
 90
        3
176
     1
 62
     5
420
      255
176
     1
290
     0
176
     1
 90
       50
176
     1
 90
       50
176
     1
 90
       50
176
     1
290
     0
176
     1
 90
       50
176
     1
 62
   256
176
     0
 40
1.0
176
     0
 90
        2
176
     1
  1
strokes_ogs.tif
176
     1
290
     0
176
     1
 40
1.0
176
     1
 40
1.0
176
     1
1001
ACAD
1000
AcDbSavedByObjectVersion
1070
     0
  0
DICTIONARYVAR
  5
C40
102
{ACAD_REACTORS
330
C3B
102
}
330
C3B
100
DictionaryVariables
280
     0
  1
0
  0
DICTIONARYVAR
  5
C41
102
{ACAD_REACTORS
330
C3B
102
}
330
C3B
100
DictionaryVariables
280
     0
  1
1:1
  0
DICTIONARYVAR
  5
C3D
102
{ACAD_REACTORS
330
C3B
102
}
330
C3B
100
DictionaryVariables
280
     0
  1
STANDARD
  0
DICTIONARYVAR
  5
C3C
102
{ACAD_REACTORS
330
C3B
102
}
330
C3B
100
DictionaryVariables
280
     0
  1
STANDARD
  0
DICTIONARYVAR
  5
C3E
102
{ACAD_REACTORS
330
C3B
102
}
330
C3B
100
DictionaryVariables
280
     0
  1
Imperial24
  0
DICTIONARYVAR
  5
C3F
102
{ACAD_REACTORS
330
C3B
102
}
330
C3B
100
DictionaryVariables
280
     0
  1
Imperial24
  0
FIELD
  5
411
102
{ACAD_REACTORS
330
410
102
}
330
410
100
AcDbField
  1
_text
  2
4x M6x1 6H
 90
        0
 97
        0
 91
       63
 92
        0
 94
        5
 95
        1
 96
        0
300

 93
        0
  7
ACFD_FIELD_VALUE
 93
        3
 90
        0
 94
        0
300

302

304
ACVALUE_END
301

 98
        0
  0
DICTIONARY
  5
C47
330
6B
100
AcDbDictionary
280
     1
281
     1
  3
ACAD_XREC_ROUNDTRIP
360
C48
  0
DICTIONARY
  5
1A
330
19
100
AcDbDictionary
280
     1
281
     1
  3
BUMPTILE
360
1C
  3
DIFFUSETILE
360
1B
  3
OPACITYTILE
360
1F
  3
REFLECTIONTILE
360
1E
  3
REFRACTIONTILE
360
20
  3
SPECULARTILE
360
1D
  0
DICTIONARY
  5
12
330
11
100
AcDbDictionary
280
     1
281
     1
  3
BUMPTILE
360
14
  3
DIFFUSETILE
360
13
  3
OPACITYTILE
360
17
  3
REFLECTIONTILE
360
16
  3
REFRACTIONTILE
360
18
  3
SPECULARTILE
360
15
  0
DICTIONARY
  5
22
330
21
100
AcDbDictionary
280
     1
281
     1
  3
BUMPTILE
360
24
  3
DIFFUSETILE
360
23
  3
OPACITYTILE
360
27
  3
REFLECTIONTILE
360
26
  3
REFRACTIONTILE
360
28
  3
SPECULARTILE
360
25
  0
DICTIONARY
  5
C45
330
69
100
AcDbDictionary
280
     1
281
     1
  3
ACAD_XREC_ROUNDTRIP
360
C46
  0
DICTIONARY
  5
C42
330
65
100
AcDbDictionary
280
     1
281
     1
  3
ACAD_ROUNDTRIP_2008_TABLESTYLE_CELLSTYLEMAP
360
C43
  0
XRECORD
  5
C48
102
{ACAD_REACTORS
330
C47
102
}
330
C47
100
AcDbXrecord
280
     1
102
DISPLAYNAME
  1
Imperial24
102
FLAGS
 90
        0
  0
XRECORD
  5
1C
102
{ACAD_REACTORS
330
1A
102
}
330
1A
100
AcDbXrecord
280
     1
270
     1
271
     1
  0
XRECORD
  5
1B
102
{ACAD_REACTORS
330
1A
102
}
330
1A
100
AcDbXrecord
280
     1
270
     1
271
     1
  0
XRECORD
  5
1F
102
{ACAD_REACTORS
330
1A
102
}
330
1A
100
AcDbXrecord
280
     1
270
     1
271
     1
  0
XRECORD
  5
1E
102
{ACAD_REACTORS
330
1A
102
}
330
1A
100
AcDbXrecord
280
     1
270
     1
271
     1
  0
XRECORD
  5
20
102
{ACAD_REACTORS
330
1A
102
}
330
1A
100
AcDbXrecord
280
     1
270
     1
271
     1
  0
XRECORD
  5
1D
102
{ACAD_REACTORS
330
1A
102
}
330
1A
100
AcDbXrecord
280
     1
270
     1
271
     1
  0
XRECORD
  5
14
102
{ACAD_REACTORS
330
12
102
}
330
12
100
AcDbXrecord
280
     1
270
     1
271
     1
  0
XRECORD
  5
13
102
{ACAD_REACTORS
330
12
102
}
330
12
100
AcDbXrecord
280
     1
270
     1
271
     1
  0
XRECORD
  5
17
102
{ACAD_REACTORS
330
12
102
}
330
12
100
AcDbXrecord
280
     1
270
     1
271
     1
  0
XRECORD
  5
16
102
{ACAD_REACTORS
330
12
102
}
330
12
100
AcDbXrecord
280
     1
270
     1
271
     1
  0
XRECORD
  5
18
102
{ACAD_REACTORS
330
12
102
}
330
12
100
AcDbXrecord
280
     1
270
     1
271
     1
  0
XRECORD
  5
15
102
{ACAD_REACTORS
330
12
102
}
330
12
100
AcDbXrecord
280
     1
270
     1
271
     1
  0
XRECORD
  5
24
102
{ACAD_REACTORS
330
22
102
}
330
22
100
AcDbXrecord
280
     1
270
     1
271
     1
  0
XRECORD
  5
23
102
{ACAD_REACTORS
330
22
102
}
330
22
100
AcDbXrecord
280
     1
270
     1
271
     1
  0
XRECORD
  5
27
102
{ACAD_REACTORS
330
22
102
}
330
22
100
AcDbXrecord
280
     1
270
     1
271
     1
  0
XRECORD
  5
26
102
{ACAD_REACTORS
330
22
102
}
330
22
100
AcDbXrecord
280
     1
270
     1
271
     1
  0
XRECORD
  5
28
102
{ACAD_REACTORS
330
22
102
}
330
22
100
AcDbXrecord
280
     1
270
     1
271
     1
  0
XRECORD
  5
25
102
{ACAD_REACTORS
330
22
102
}
330
22
100
AcDbXrecord
280
     1
270
     1
271
     1
  0
XRECORD
  5
C46
102
{ACAD_REACTORS
330
C45
102
}
330
C45
100
AcDbXrecord
280
     1
102
DISPLAYNAME
  1
Imperial24
102
FLAGS
 90
        0
  0
CELLSTYLEMAP
  5
C43
102
{ACAD_REACTORS
330
C42
102
}
330
C42
100
AcDbCellStyleMap
 90
        3
300
CELLSTYLE
  1
TABLEFORMAT_BEGIN
 90
        5
170
     1
 91
        0
 92
    32768
 62
   257
 93
        1
300
CONTENTFORMAT
  1
CONTENTFORMAT_BEGIN
 90
        0
 91
        0
 92
      512
 93
        0
300

 40
0.0
140
1.0
 94
        5
 62
     0
340
55
144
0.25
309
CONTENTFORMAT_END
171
     1
301
MARGIN
  1
CELLMARGIN_BEGIN
 40
1.5
 40
1.5
 40
1.5
 40
1.5
 40
0.18
 40
0.18
309
CELLMARGIN_END
 94
        0
309
TABLEFORMAT_END
  1
CELLSTYLE_BEGIN
 90
        1
 91
        1
300
_TITLE
309
CELLSTYLE_END
300
CELLSTYLE
  1
TABLEFORMAT_BEGIN
 90
        5
170
     1
 91
        0
 92
        0
 62
   257
 93
        1
300
CONTENTFORMAT
  1
CONTENTFORMAT_BEGIN
 90
        0
 91
        0
 92
      512
 93
        0
300

 40
0.0
140
1.0
 94
        5
 62
     0
340
55
144
0.18
309
CONTENTFORMAT_END
171
     1
301
MARGIN
  1
CELLMARGIN_BEGIN
 40
1.5
 40
1.5
 40
1.5
 40
1.5
 40
0.18
 40
0.18
309
CELLMARGIN_END
 94
        0
309
TABLEFORMAT_END
  1
CELLSTYLE_BEGIN
 90
        2
 91
        1
300
_HEADER
309
CELLSTYLE_END
300
CELLSTYLE
  1
TABLEFORMAT_BEGIN
 90
        5
170
     1
 91
        0
 92
        0
 62
   257
 93
        1
300
CONTENTFORMAT
  1
CONTENTFORMAT_BEGIN
 90
        0
 91
        0
 92
      512
 93
        0
300

 40
0.0
140
1.0
 94
        2
 62
     0
340
55
144
0.18
309
CONTENTFORMAT_END
171
     1
301
MARGIN
  1
CELLMARGIN_BEGIN
 40
1.5
 40
1.5
 40
1.5
 40
1.5
 40
0.18
 40
0.18
309
CELLMARGIN_END
 94
        0
309
TABLEFORMAT_END
  1
CELLSTYLE_BEGIN
 90
        3
 91
        2
300
_DATA
309
CELLSTYLE_END
  0
ENDSEC
  0
EOF
