ISO-10303-21;
HEADER;
/* Generated by software containing ST-Developer
 * from STEP Tools, Inc. (www.steptools.com) 
 */

FILE_DESCRIPTION(
/* description */ (''),
/* implementation_level */ '2;1');

FILE_NAME(
/* name */ 'DW69 [SP01].step',
/* time_stamp */ '2026-05-12T11:58:58+08:00',
/* author */ (''),
/* organization */ (''),
/* preprocessor_version */ 'ST-DEVELOPER v20.1',
/* originating_system */ 'Autodesk Translation Framework v15.8.0.0',
/* authorisation */ '');

FILE_SCHEMA (('AUTOMOTIVE_DESIGN { 1 0 10303 214 3 1 1 }'));
ENDSEC;

DATA;
#10=MECHANICAL_DESIGN_GEOMETRIC_PRESENTATION_REPRESENTATION('',(#13),#15164);
#11=SHAPE_REPRESENTATION_RELATIONSHIP('SRR','None',#15171,#12);
#12=ADVANCED_BREP_SHAPE_REPRESENTATION('',(#14),#15163);
#13=STYLED_ITEM('',(#15181),#14);
#14=MANIFOLD_SOLID_BREP('\X2\5B9E4F53\X0\1',#8642);
#15=B_SPLINE_CURVE_WITH_KNOTS('',3,(#14923,#14924,#14925,#14926,#14927,
#14928,#14929,#14930,#14931,#14932),.UNSPECIFIED.,.F.,.F.,(4,2,2,2,4),(-1.6839651267863,
-1.59024384132078,-1.49652255585526,-1.38585071419375,-1.27517887253224),
 .UNSPECIFIED.);
#16=B_SPLINE_CURVE_WITH_KNOTS('',3,(#14933,#14934,#14935,#14936,#14937,
#14938,#14939,#14940,#14941,#14942,#14943,#14944,#14945,#14946,#14947,#14948,
#14949,#14950,#14951,#14952,#14953,#14954,#14955,#14956,#14957,#14958,#14959,
#14960),.UNSPECIFIED.,.F.,.F.,(4,2,2,2,2,2,2,2,2,2,2,2,2,4),(-1.27517887253224,
-1.15406796872677,-1.0329570649213,-0.937547618463895,-0.842138172006486,
-0.790873493271824,-0.739608814537163,-0.63707945706784,-0.522937629455422,
-0.408795801843004,-0.301581626617518,-0.194367451392032,-0.097183725696016,
0.),.UNSPECIFIED.);
#17=B_SPLINE_CURVE_WITH_KNOTS('',3,(#14964,#14965,#14966,#14967,#14968,
#14969,#14970,#14971,#14972,#14973,#14974,#14975,#14976,#14977,#14978,#14979,
#14980,#14981,#14982,#14983,#14984,#14985,#14986,#14987,#14988,#14989,#14990,
#14991),.UNSPECIFIED.,.F.,.F.,(4,2,2,2,2,2,2,2,2,2,2,2,2,4),(-1.6839651267863,
-1.58678140109028,-1.48959767539427,-1.38238350016878,-1.27516932494329,
-1.16102749733088,-1.04688566971846,-0.944356312249135,-0.893091633514474,
-0.841826954779812,-0.746417508322404,-0.651008061864995,-0.529897158059527,
-0.408786254254059),.UNSPECIFIED.);
#18=B_SPLINE_CURVE_WITH_KNOTS('',3,(#14992,#14993,#14994,#14995,#14996,
#14997,#14998,#14999,#15000,#15001),.UNSPECIFIED.,.F.,.F.,(4,2,2,2,4),(-0.408786254254059,
-0.298114412592548,-0.187442570931037,-0.0937212854655184,0.),
 .UNSPECIFIED.);
#19=B_SPLINE_CURVE_WITH_KNOTS('',3,(#15007,#15008,#15009,#15010,#15011,
#15012,#15013,#15014,#15015,#15016,#15017,#15018),.UNSPECIFIED.,.F.,.F.,
(4,2,2,2,2,4),(-1.68396512678633,-1.63270044805167,-1.58143576931701,-1.47890641184768,
-1.36476458423526,-1.25062275662284),.UNSPECIFIED.);
#20=B_SPLINE_CURVE_WITH_KNOTS('',3,(#15019,#15020,#15021,#15022,#15023,
#15024,#15025,#15026,#15027,#15028,#15029,#15030,#15031,#15032,#15033,#15034,
#15035,#15036,#15037,#15038,#15039,#15040,#15041,#15042,#15043,#15044),
 .UNSPECIFIED.,.F.,.F.,(4,2,2,2,2,2,2,2,2,2,2,2,4),(-1.25062275662284,-1.14340858139735,
-1.03619440617186,-0.939010680475846,-0.84182695477983,-0.748105669314311,
-0.654384383848793,-0.543712542187279,-0.433040700525765,-0.311929796720291,
-0.190818892914818,-0.0954094464574088,0.),.UNSPECIFIED.);
#21=B_SPLINE_CURVE_WITH_KNOTS('',3,(#15048,#15049,#15050,#15051,#15052,
#15053,#15054,#15055,#15056,#15057,#15058,#15059,#15060,#15061,#15062,#15063,
#15064,#15065,#15066,#15067,#15068,#15069,#15070,#15071,#15072,#15073),
 .UNSPECIFIED.,.F.,.F.,(4,2,2,2,2,2,2,2,2,2,2,2,4),(-1.68396512678633,-1.58855568032892,
-1.49314623387152,-1.37203533006604,-1.25092442626057,-1.14025258459905,
-1.02958074293754,-0.935859457472021,-0.842138172006503,-0.744954446310487,
-0.64777072061447,-0.540556545388982,-0.433342370163493),.UNSPECIFIED.);
#22=B_SPLINE_CURVE_WITH_KNOTS('',3,(#15074,#15075,#15076,#15077,#15078,
#15079,#15080,#15081,#15082,#15083,#15084,#15085),.UNSPECIFIED.,.F.,.F.,
(4,2,2,2,2,4),(-0.433342370163493,-0.319200542551071,-0.205058714938649,
-0.102529357469325,-0.0512646787346623,0.),.UNSPECIFIED.);
#23=TOROIDAL_SURFACE('',#8714,2.7,0.3);
#24=TOROIDAL_SURFACE('',#8724,2.7,0.3);
#25=TOROIDAL_SURFACE('',#8739,2.7,0.3);
#26=TOROIDAL_SURFACE('',#8749,2.7,0.3);
#27=TOROIDAL_SURFACE('',#8786,2.7,0.3);
#28=TOROIDAL_SURFACE('',#8794,2.7,0.3);
#29=TOROIDAL_SURFACE('',#8805,2.7,0.3);
#30=TOROIDAL_SURFACE('',#8810,2.7,0.3);
#31=TOROIDAL_SURFACE('',#9569,2.7,0.3);
#32=TOROIDAL_SURFACE('',#9574,2.7,0.3);
#33=TOROIDAL_SURFACE('',#9586,2.7,0.3);
#34=TOROIDAL_SURFACE('',#9591,2.7,0.3);
#35=TOROIDAL_SURFACE('',#9667,2.7,0.3);
#36=TOROIDAL_SURFACE('',#9674,2.7,0.3);
#37=FACE_BOUND('',#1367,.T.);
#38=FACE_BOUND('',#1368,.T.);
#39=FACE_BOUND('',#1369,.T.);
#40=FACE_BOUND('',#1370,.T.);
#41=FACE_BOUND('',#1372,.T.);
#42=FACE_BOUND('',#1387,.T.);
#43=FACE_BOUND('',#1402,.T.);
#44=FACE_BOUND('',#1404,.T.);
#45=FACE_BOUND('',#1406,.T.);
#46=FACE_BOUND('',#1408,.T.);
#47=FACE_BOUND('',#1410,.T.);
#48=FACE_BOUND('',#1413,.T.);
#49=FACE_BOUND('',#1428,.T.);
#50=FACE_BOUND('',#1440,.T.);
#51=FACE_BOUND('',#1442,.T.);
#52=FACE_BOUND('',#1453,.T.);
#53=FACE_BOUND('',#1455,.T.);
#54=FACE_BOUND('',#1777,.T.);
#55=FACE_BOUND('',#1779,.T.);
#56=FACE_BOUND('',#1791,.T.);
#57=FACE_BOUND('',#1800,.T.);
#58=FACE_BOUND('',#1801,.T.);
#59=FACE_BOUND('',#1802,.T.);
#60=FACE_BOUND('',#1803,.T.);
#61=FACE_BOUND('',#1808,.T.);
#62=FACE_BOUND('',#1817,.T.);
#63=FACE_BOUND('',#1818,.T.);
#64=FACE_BOUND('',#1820,.T.);
#65=FACE_BOUND('',#1821,.T.);
#66=FACE_BOUND('',#1822,.T.);
#67=FACE_BOUND('',#1827,.T.);
#68=FACE_BOUND('',#1828,.T.);
#69=FACE_BOUND('',#1830,.T.);
#70=FACE_BOUND('',#1831,.T.);
#71=FACE_BOUND('',#1836,.T.);
#72=FACE_BOUND('',#1839,.T.);
#73=FACE_BOUND('',#1848,.T.);
#74=FACE_BOUND('',#1849,.T.);
#75=FACE_BOUND('',#1850,.T.);
#76=FACE_BOUND('',#1851,.T.);
#77=FACE_BOUND('',#1854,.T.);
#78=FACE_BOUND('',#1856,.T.);
#79=FACE_BOUND('',#1857,.T.);
#80=FACE_BOUND('',#1858,.T.);
#81=FACE_BOUND('',#1859,.T.);
#82=FACE_BOUND('',#1860,.T.);
#83=FACE_BOUND('',#1875,.T.);
#84=CIRCLE('',#8658,1.5);
#85=CIRCLE('',#8659,1.5);
#86=CIRCLE('',#8661,11.5);
#87=CIRCLE('',#8662,11.5);
#88=CIRCLE('',#8664,4.);
#89=CIRCLE('',#8665,4.);
#90=CIRCLE('',#8667,1.5);
#91=CIRCLE('',#8668,1.5);
#92=CIRCLE('',#8670,11.5);
#93=CIRCLE('',#8671,11.5);
#94=CIRCLE('',#8673,1.5);
#95=CIRCLE('',#8674,1.5);
#96=CIRCLE('',#8676,1.5);
#97=CIRCLE('',#8677,1.5);
#98=CIRCLE('',#8679,1.5);
#99=CIRCLE('',#8680,1.5);
#100=CIRCLE('',#8682,11.5);
#101=CIRCLE('',#8683,11.5);
#102=CIRCLE('',#8685,1.5);
#103=CIRCLE('',#8686,1.5);
#104=CIRCLE('',#8688,6.00000000000001);
#105=CIRCLE('',#8689,6.00000000000001);
#106=CIRCLE('',#8690,6.00000000000001);
#107=CIRCLE('',#8691,6.00000000000001);
#108=CIRCLE('',#8692,4.00000000000001);
#109=CIRCLE('',#8693,2.7);
#110=CIRCLE('',#8694,2.7);
#111=CIRCLE('',#8695,2.7);
#112=CIRCLE('',#8697,26.05);
#113=CIRCLE('',#8698,6.);
#114=CIRCLE('',#8699,6.);
#115=CIRCLE('',#8700,6.);
#116=CIRCLE('',#8701,6.);
#117=CIRCLE('',#8702,6.);
#118=CIRCLE('',#8704,1.5);
#119=CIRCLE('',#8705,1.5);
#120=CIRCLE('',#8715,3.);
#121=CIRCLE('',#8716,0.3);
#122=CIRCLE('',#8717,2.7);
#123=CIRCLE('',#8718,2.7);
#124=CIRCLE('',#8719,2.7);
#125=CIRCLE('',#8721,3.);
#126=CIRCLE('',#8723,11.5);
#127=CIRCLE('',#8725,2.7);
#128=CIRCLE('',#8726,0.3);
#129=CIRCLE('',#8729,1.5);
#130=CIRCLE('',#8730,1.5);
#131=CIRCLE('',#8740,3.);
#132=CIRCLE('',#8741,0.3);
#133=CIRCLE('',#8742,2.7);
#134=CIRCLE('',#8743,2.7);
#135=CIRCLE('',#8744,2.7);
#136=CIRCLE('',#8746,3.);
#137=CIRCLE('',#8748,11.5);
#138=CIRCLE('',#8750,2.7);
#139=CIRCLE('',#8751,0.3);
#140=CIRCLE('',#8754,1.55);
#141=CIRCLE('',#8755,1.5);
#142=CIRCLE('',#8757,1.55);
#143=CIRCLE('',#8759,1.55);
#144=CIRCLE('',#8760,1.5);
#145=CIRCLE('',#8762,1.55);
#146=CIRCLE('',#8764,21.);
#147=CIRCLE('',#8765,21.);
#148=CIRCLE('',#8767,11.5);
#149=CIRCLE('',#8768,11.5);
#150=CIRCLE('',#8769,11.5);
#151=CIRCLE('',#8770,2.7);
#152=CIRCLE('',#8771,2.7);
#153=CIRCLE('',#8772,11.5);
#154=CIRCLE('',#8773,2.7);
#155=CIRCLE('',#8774,2.7);
#156=CIRCLE('',#8775,11.5);
#157=CIRCLE('',#8784,1.5);
#158=CIRCLE('',#8787,3.);
#159=CIRCLE('',#8788,0.3);
#160=CIRCLE('',#8789,2.7);
#161=CIRCLE('',#8791,3.);
#162=CIRCLE('',#8793,11.5);
#163=CIRCLE('',#8795,2.7);
#164=CIRCLE('',#8796,0.3);
#165=CIRCLE('',#8806,3.);
#166=CIRCLE('',#8807,0.3);
#167=CIRCLE('',#8809,3.);
#168=CIRCLE('',#8811,2.7);
#169=CIRCLE('',#8812,0.3);
#170=CIRCLE('',#8815,28.);
#171=CIRCLE('',#8816,21.);
#172=CIRCLE('',#8818,28.);
#173=CIRCLE('',#8820,26.);
#174=CIRCLE('',#8821,26.);
#175=CIRCLE('',#8823,6.);
#176=CIRCLE('',#8825,6.);
#177=CIRCLE('',#8827,6.);
#178=CIRCLE('',#8829,4.);
#179=CIRCLE('',#8831,32.);
#180=CIRCLE('',#8832,32.);
#181=CIRCLE('',#8834,32.);
#182=CIRCLE('',#8835,32.);
#183=CIRCLE('',#8837,26.05);
#184=CIRCLE('',#8841,32.1);
#185=CIRCLE('',#8842,0.800000000000022);
#186=CIRCLE('',#8843,0.800000000000062);
#187=CIRCLE('',#8844,34.4999999999992);
#188=CIRCLE('',#8845,0.79999999999997);
#189=CIRCLE('',#8847,32.1);
#190=CIRCLE('',#8848,0.800000000000022);
#191=CIRCLE('',#8849,0.800000000000054);
#192=CIRCLE('',#8850,34.4999999999992);
#193=CIRCLE('',#8851,0.799999999999959);
#194=CIRCLE('',#8853,32.1);
#195=CIRCLE('',#8854,0.800000000000019);
#196=CIRCLE('',#8855,0.800000000000055);
#197=CIRCLE('',#8856,34.4999999999992);
#198=CIRCLE('',#8857,0.799999999999968);
#199=CIRCLE('',#8859,32.1);
#200=CIRCLE('',#8860,0.800000000000022);
#201=CIRCLE('',#8861,0.800000000000053);
#202=CIRCLE('',#8862,34.4999999999992);
#203=CIRCLE('',#8863,0.79999999999996);
#204=CIRCLE('',#8865,32.1);
#205=CIRCLE('',#8866,0.800000000000016);
#206=CIRCLE('',#8867,0.800000000000055);
#207=CIRCLE('',#8868,34.4999999999992);
#208=CIRCLE('',#8869,0.799999999999966);
#209=CIRCLE('',#8871,32.1);
#210=CIRCLE('',#8872,0.80000000000002);
#211=CIRCLE('',#8873,0.800000000000061);
#212=CIRCLE('',#8874,34.4999999999992);
#213=CIRCLE('',#8875,0.79999999999997);
#214=CIRCLE('',#8877,32.1);
#215=CIRCLE('',#8878,0.800000000000022);
#216=CIRCLE('',#8879,0.800000000000054);
#217=CIRCLE('',#8880,34.4999999999992);
#218=CIRCLE('',#8881,0.799999999999969);
#219=CIRCLE('',#8883,32.1);
#220=CIRCLE('',#8884,0.800000000000019);
#221=CIRCLE('',#8885,0.800000000000055);
#222=CIRCLE('',#8886,34.4999999999992);
#223=CIRCLE('',#8887,0.799999999999967);
#224=CIRCLE('',#8889,32.1);
#225=CIRCLE('',#8890,0.800000000000017);
#226=CIRCLE('',#8891,0.800000000000055);
#227=CIRCLE('',#8892,34.4999999999992);
#228=CIRCLE('',#8893,0.799999999999962);
#229=CIRCLE('',#8895,0.800000000000057);
#230=CIRCLE('',#8896,34.4999999999992);
#231=CIRCLE('',#8897,0.799999999999966);
#232=CIRCLE('',#8898,32.1);
#233=CIRCLE('',#8899,0.800000000000016);
#234=CIRCLE('',#8901,0.800000000000054);
#235=CIRCLE('',#8902,34.4999999999992);
#236=CIRCLE('',#8903,0.79999999999997);
#237=CIRCLE('',#8904,32.1);
#238=CIRCLE('',#8905,0.800000000000022);
#239=CIRCLE('',#8907,0.800000000000059);
#240=CIRCLE('',#8908,34.4999999999992);
#241=CIRCLE('',#8909,0.799999999999973);
#242=CIRCLE('',#8910,32.1);
#243=CIRCLE('',#8911,0.800000000000022);
#244=CIRCLE('',#8913,0.800000000000054);
#245=CIRCLE('',#8914,34.4999999999992);
#246=CIRCLE('',#8915,0.799999999999967);
#247=CIRCLE('',#8916,32.1);
#248=CIRCLE('',#8917,0.800000000000019);
#249=CIRCLE('',#8919,0.800000000000061);
#250=CIRCLE('',#8920,34.4999999999992);
#251=CIRCLE('',#8921,0.799999999999964);
#252=CIRCLE('',#8922,32.1);
#253=CIRCLE('',#8923,0.800000000000021);
#254=CIRCLE('',#8925,0.800000000000055);
#255=CIRCLE('',#8926,34.4999999999992);
#256=CIRCLE('',#8927,0.799999999999966);
#257=CIRCLE('',#8928,32.1);
#258=CIRCLE('',#8929,0.800000000000016);
#259=CIRCLE('',#8931,0.80000000000005);
#260=CIRCLE('',#8932,34.4999999999992);
#261=CIRCLE('',#8933,0.79999999999997);
#262=CIRCLE('',#8934,32.1);
#263=CIRCLE('',#8935,0.800000000000022);
#264=CIRCLE('',#8937,0.800000000000045);
#265=CIRCLE('',#8938,34.4999999999992);
#266=CIRCLE('',#8939,0.799999999999964);
#267=CIRCLE('',#8940,32.1);
#268=CIRCLE('',#8941,0.800000000000022);
#269=CIRCLE('',#8943,0.80000000000005);
#270=CIRCLE('',#8944,34.4999999999992);
#271=CIRCLE('',#8945,0.799999999999965);
#272=CIRCLE('',#8946,32.1);
#273=CIRCLE('',#8947,0.800000000000019);
#274=CIRCLE('',#8949,0.800000000000046);
#275=CIRCLE('',#8950,34.4999999999992);
#276=CIRCLE('',#8951,0.799999999999968);
#277=CIRCLE('',#8952,32.1);
#278=CIRCLE('',#8953,0.800000000000017);
#279=CIRCLE('',#8955,32.1);
#280=CIRCLE('',#8956,0.800000000000016);
#281=CIRCLE('',#8957,0.800000000000055);
#282=CIRCLE('',#8958,34.4999999999992);
#283=CIRCLE('',#8959,0.799999999999961);
#284=CIRCLE('',#8962,0.800000000000029);
#285=CIRCLE('',#8963,0.800000000000029);
#286=CIRCLE('',#8965,32.1);
#287=CIRCLE('',#8966,32.1);
#288=CIRCLE('',#8969,0.800000000000055);
#289=CIRCLE('',#8971,34.4999999999992);
#290=CIRCLE('',#8973,0.799999999999967);
#291=CIRCLE('',#8976,0.800000000000005);
#292=CIRCLE('',#8977,0.800000000000005);
#293=CIRCLE('',#8979,32.1);
#294=CIRCLE('',#8980,32.1);
#295=CIRCLE('',#8983,0.800000000000054);
#296=CIRCLE('',#8985,34.4999999999992);
#297=CIRCLE('',#8987,0.799999999999969);
#298=CIRCLE('',#8990,0.800000000000022);
#299=CIRCLE('',#8991,0.800000000000022);
#300=CIRCLE('',#8993,32.1);
#301=CIRCLE('',#8994,32.1);
#302=CIRCLE('',#8997,0.800000000000061);
#303=CIRCLE('',#8999,34.4999999999992);
#304=CIRCLE('',#9001,0.79999999999997);
#305=CIRCLE('',#9004,0.800000000000024);
#306=CIRCLE('',#9005,0.800000000000024);
#307=CIRCLE('',#9007,32.1);
#308=CIRCLE('',#9008,32.1);
#309=CIRCLE('',#9011,0.800000000000055);
#310=CIRCLE('',#9013,34.4999999999992);
#311=CIRCLE('',#9015,0.799999999999966);
#312=CIRCLE('',#9018,0.800000000000019);
#313=CIRCLE('',#9019,0.800000000000019);
#314=CIRCLE('',#9021,32.1);
#315=CIRCLE('',#9022,32.1);
#316=CIRCLE('',#9025,0.800000000000053);
#317=CIRCLE('',#9027,34.4999999999992);
#318=CIRCLE('',#9029,0.79999999999996);
#319=CIRCLE('',#9032,0.800000000000038);
#320=CIRCLE('',#9033,0.800000000000038);
#321=CIRCLE('',#9035,32.1);
#322=CIRCLE('',#9036,32.1);
#323=CIRCLE('',#9039,0.800000000000055);
#324=CIRCLE('',#9041,34.4999999999992);
#325=CIRCLE('',#9043,0.799999999999968);
#326=CIRCLE('',#9046,0.800000000000005);
#327=CIRCLE('',#9047,0.800000000000005);
#328=CIRCLE('',#9049,32.1);
#329=CIRCLE('',#9050,32.1);
#330=CIRCLE('',#9053,0.800000000000054);
#331=CIRCLE('',#9055,34.4999999999992);
#332=CIRCLE('',#9057,0.799999999999959);
#333=CIRCLE('',#9060,0.800000000000022);
#334=CIRCLE('',#9061,0.800000000000022);
#335=CIRCLE('',#9063,32.1);
#336=CIRCLE('',#9064,32.1);
#337=CIRCLE('',#9067,0.800000000000062);
#338=CIRCLE('',#9069,34.4999999999992);
#339=CIRCLE('',#9071,0.79999999999997);
#340=CIRCLE('',#9074,0.800000000000022);
#341=CIRCLE('',#9075,0.800000000000022);
#342=CIRCLE('',#9077,32.1);
#343=CIRCLE('',#9078,32.1);
#344=CIRCLE('',#9081,0.800000000000055);
#345=CIRCLE('',#9083,34.4999999999992);
#346=CIRCLE('',#9085,0.799999999999961);
#347=CIRCLE('',#9088,0.800000000000023);
#348=CIRCLE('',#9089,0.800000000000023);
#349=CIRCLE('',#9091,32.1);
#350=CIRCLE('',#9092,32.1);
#351=CIRCLE('',#9095,0.800000000000046);
#352=CIRCLE('',#9097,34.4999999999992);
#353=CIRCLE('',#9099,0.799999999999968);
#354=CIRCLE('',#9102,0.800000000000013);
#355=CIRCLE('',#9103,0.800000000000013);
#356=CIRCLE('',#9105,32.1);
#357=CIRCLE('',#9106,32.1);
#358=CIRCLE('',#9109,0.80000000000005);
#359=CIRCLE('',#9111,34.4999999999992);
#360=CIRCLE('',#9113,0.799999999999965);
#361=CIRCLE('',#9116,0.800000000000005);
#362=CIRCLE('',#9117,0.800000000000005);
#363=CIRCLE('',#9119,32.1);
#364=CIRCLE('',#9120,32.1);
#365=CIRCLE('',#9123,0.800000000000045);
#366=CIRCLE('',#9125,34.4999999999992);
#367=CIRCLE('',#9127,0.799999999999964);
#368=CIRCLE('',#9130,0.800000000000022);
#369=CIRCLE('',#9131,0.800000000000022);
#370=CIRCLE('',#9133,32.1);
#371=CIRCLE('',#9134,32.1);
#372=CIRCLE('',#9137,0.80000000000005);
#373=CIRCLE('',#9139,34.4999999999992);
#374=CIRCLE('',#9141,0.79999999999997);
#375=CIRCLE('',#9144,0.800000000000022);
#376=CIRCLE('',#9145,0.800000000000022);
#377=CIRCLE('',#9147,32.1);
#378=CIRCLE('',#9148,32.1);
#379=CIRCLE('',#9151,0.800000000000055);
#380=CIRCLE('',#9153,34.4999999999992);
#381=CIRCLE('',#9155,0.799999999999966);
#382=CIRCLE('',#9158,0.800000000000019);
#383=CIRCLE('',#9159,0.800000000000019);
#384=CIRCLE('',#9161,32.1);
#385=CIRCLE('',#9162,32.1);
#386=CIRCLE('',#9165,0.800000000000061);
#387=CIRCLE('',#9167,34.4999999999992);
#388=CIRCLE('',#9169,0.799999999999964);
#389=CIRCLE('',#9172,0.800000000000029);
#390=CIRCLE('',#9173,0.800000000000029);
#391=CIRCLE('',#9175,32.1);
#392=CIRCLE('',#9176,32.1);
#393=CIRCLE('',#9179,0.800000000000054);
#394=CIRCLE('',#9181,34.4999999999992);
#395=CIRCLE('',#9183,0.799999999999967);
#396=CIRCLE('',#9186,0.800000000000003);
#397=CIRCLE('',#9187,0.800000000000003);
#398=CIRCLE('',#9189,32.1);
#399=CIRCLE('',#9190,32.1);
#400=CIRCLE('',#9193,0.800000000000059);
#401=CIRCLE('',#9195,34.4999999999992);
#402=CIRCLE('',#9197,0.799999999999973);
#403=CIRCLE('',#9200,0.800000000000022);
#404=CIRCLE('',#9201,0.800000000000022);
#405=CIRCLE('',#9203,32.1);
#406=CIRCLE('',#9204,32.1);
#407=CIRCLE('',#9207,0.800000000000054);
#408=CIRCLE('',#9209,34.4999999999992);
#409=CIRCLE('',#9211,0.79999999999997);
#410=CIRCLE('',#9214,0.800000000000017);
#411=CIRCLE('',#9215,0.800000000000017);
#412=CIRCLE('',#9217,32.1);
#413=CIRCLE('',#9218,32.1);
#414=CIRCLE('',#9221,0.800000000000057);
#415=CIRCLE('',#9223,34.4999999999992);
#416=CIRCLE('',#9225,0.799999999999966);
#417=CIRCLE('',#9228,0.800000000000023);
#418=CIRCLE('',#9229,0.800000000000023);
#419=CIRCLE('',#9231,32.1);
#420=CIRCLE('',#9232,32.1);
#421=CIRCLE('',#9235,0.800000000000055);
#422=CIRCLE('',#9237,34.4999999999992);
#423=CIRCLE('',#9239,0.799999999999962);
#424=CIRCLE('',#9241,0.799999999999967);
#425=CIRCLE('',#9242,34.5);
#426=CIRCLE('',#9243,0.800000000000054);
#427=CIRCLE('',#9245,0.799999999999964);
#428=CIRCLE('',#9246,34.5);
#429=CIRCLE('',#9247,0.80000000000005);
#430=CIRCLE('',#9249,0.799999999999971);
#431=CIRCLE('',#9250,34.5);
#432=CIRCLE('',#9251,0.800000000000049);
#433=CIRCLE('',#9253,0.799999999999967);
#434=CIRCLE('',#9254,34.5);
#435=CIRCLE('',#9255,0.800000000000056);
#436=CIRCLE('',#9257,0.799999999999966);
#437=CIRCLE('',#9258,34.5);
#438=CIRCLE('',#9259,0.800000000000052);
#439=CIRCLE('',#9261,0.799999999999967);
#440=CIRCLE('',#9262,34.5);
#441=CIRCLE('',#9263,0.800000000000053);
#442=CIRCLE('',#9265,0.799999999999973);
#443=CIRCLE('',#9266,34.5);
#444=CIRCLE('',#9267,0.800000000000054);
#445=CIRCLE('',#9269,0.799999999999971);
#446=CIRCLE('',#9270,34.5);
#447=CIRCLE('',#9271,0.800000000000049);
#448=CIRCLE('',#9273,0.799999999999967);
#449=CIRCLE('',#9274,34.5);
#450=CIRCLE('',#9275,0.800000000000056);
#451=CIRCLE('',#9277,0.799999999999963);
#452=CIRCLE('',#9278,34.5);
#453=CIRCLE('',#9279,0.800000000000053);
#454=CIRCLE('',#9281,0.799999999999967);
#455=CIRCLE('',#9282,34.5);
#456=CIRCLE('',#9283,0.800000000000052);
#457=CIRCLE('',#9285,0.799999999999968);
#458=CIRCLE('',#9286,34.5);
#459=CIRCLE('',#9287,0.800000000000054);
#460=CIRCLE('',#9289,0.79999999999997);
#461=CIRCLE('',#9290,34.5);
#462=CIRCLE('',#9291,0.800000000000047);
#463=CIRCLE('',#9293,0.799999999999964);
#464=CIRCLE('',#9294,34.5);
#465=CIRCLE('',#9295,0.800000000000051);
#466=CIRCLE('',#9297,0.799999999999962);
#467=CIRCLE('',#9298,34.5);
#468=CIRCLE('',#9299,0.800000000000051);
#469=CIRCLE('',#9301,0.799999999999967);
#470=CIRCLE('',#9302,34.5);
#471=CIRCLE('',#9303,0.800000000000053);
#472=CIRCLE('',#9305,0.799999999999964);
#473=CIRCLE('',#9306,34.5);
#474=CIRCLE('',#9307,0.800000000000054);
#475=CIRCLE('',#9309,0.799999999999971);
#476=CIRCLE('',#9310,34.5);
#477=CIRCLE('',#9311,0.800000000000053);
#478=CIRCLE('',#9313,0.799999999999961);
#479=CIRCLE('',#9314,34.5);
#480=CIRCLE('',#9315,0.800000000000052);
#481=CIRCLE('',#9317,0.799999999999967);
#482=CIRCLE('',#9318,34.5);
#483=CIRCLE('',#9319,0.800000000000053);
#484=CIRCLE('',#9321,34.5);
#485=CIRCLE('',#9323,0.799999999999967);
#486=CIRCLE('',#9326,0.800000000000019);
#487=CIRCLE('',#9328,32.1);
#488=CIRCLE('',#9331,0.800000000000054);
#489=CIRCLE('',#9333,34.5);
#490=CIRCLE('',#9335,0.799999999999973);
#491=CIRCLE('',#9338,0.800000000000022);
#492=CIRCLE('',#9340,32.1);
#493=CIRCLE('',#9343,0.800000000000049);
#494=CIRCLE('',#9345,34.5);
#495=CIRCLE('',#9347,0.799999999999971);
#496=CIRCLE('',#9350,0.800000000000022);
#497=CIRCLE('',#9352,32.1);
#498=CIRCLE('',#9355,0.800000000000056);
#499=CIRCLE('',#9357,34.5);
#500=CIRCLE('',#9359,0.799999999999967);
#501=CIRCLE('',#9362,0.800000000000016);
#502=CIRCLE('',#9364,32.1);
#503=CIRCLE('',#9367,0.800000000000053);
#504=CIRCLE('',#9369,34.5);
#505=CIRCLE('',#9371,0.799999999999963);
#506=CIRCLE('',#9374,0.800000000000017);
#507=CIRCLE('',#9376,32.1);
#508=CIRCLE('',#9379,0.800000000000052);
#509=CIRCLE('',#9381,34.5);
#510=CIRCLE('',#9383,0.799999999999967);
#511=CIRCLE('',#9386,0.800000000000019);
#512=CIRCLE('',#9388,32.1);
#513=CIRCLE('',#9391,0.800000000000054);
#514=CIRCLE('',#9393,34.5);
#515=CIRCLE('',#9395,0.799999999999968);
#516=CIRCLE('',#9398,0.800000000000022);
#517=CIRCLE('',#9400,32.1);
#518=CIRCLE('',#9403,0.800000000000047);
#519=CIRCLE('',#9405,34.5);
#520=CIRCLE('',#9407,0.79999999999997);
#521=CIRCLE('',#9410,0.80000000000002);
#522=CIRCLE('',#9412,32.1);
#523=CIRCLE('',#9415,0.800000000000051);
#524=CIRCLE('',#9417,34.5);
#525=CIRCLE('',#9419,0.799999999999964);
#526=CIRCLE('',#9422,0.800000000000016);
#527=CIRCLE('',#9424,32.1);
#528=CIRCLE('',#9427,0.800000000000051);
#529=CIRCLE('',#9429,34.5);
#530=CIRCLE('',#9431,0.799999999999962);
#531=CIRCLE('',#9434,0.800000000000022);
#532=CIRCLE('',#9436,32.1);
#533=CIRCLE('',#9439,0.800000000000053);
#534=CIRCLE('',#9441,34.5);
#535=CIRCLE('',#9443,0.799999999999967);
#536=CIRCLE('',#9446,0.800000000000019);
#537=CIRCLE('',#9448,32.1);
#538=CIRCLE('',#9451,0.800000000000054);
#539=CIRCLE('',#9453,34.5);
#540=CIRCLE('',#9455,0.799999999999964);
#541=CIRCLE('',#9458,0.800000000000022);
#542=CIRCLE('',#9460,32.1);
#543=CIRCLE('',#9463,0.800000000000053);
#544=CIRCLE('',#9465,34.5);
#545=CIRCLE('',#9467,0.799999999999971);
#546=CIRCLE('',#9470,0.800000000000022);
#547=CIRCLE('',#9472,32.1);
#548=CIRCLE('',#9475,0.800000000000052);
#549=CIRCLE('',#9477,34.5);
#550=CIRCLE('',#9479,0.799999999999961);
#551=CIRCLE('',#9482,0.800000000000016);
#552=CIRCLE('',#9484,32.1);
#553=CIRCLE('',#9487,0.800000000000053);
#554=CIRCLE('',#9489,34.5);
#555=CIRCLE('',#9491,0.799999999999967);
#556=CIRCLE('',#9494,0.800000000000017);
#557=CIRCLE('',#9496,32.1);
#558=CIRCLE('',#9499,0.800000000000054);
#559=CIRCLE('',#9501,34.5);
#560=CIRCLE('',#9503,0.799999999999967);
#561=CIRCLE('',#9506,0.800000000000019);
#562=CIRCLE('',#9508,32.1);
#563=CIRCLE('',#9511,0.80000000000005);
#564=CIRCLE('',#9513,34.5);
#565=CIRCLE('',#9515,0.799999999999964);
#566=CIRCLE('',#9518,0.800000000000022);
#567=CIRCLE('',#9520,32.1);
#568=CIRCLE('',#9523,0.800000000000049);
#569=CIRCLE('',#9525,34.5);
#570=CIRCLE('',#9527,0.799999999999971);
#571=CIRCLE('',#9530,0.800000000000022);
#572=CIRCLE('',#9532,32.1);
#573=CIRCLE('',#9535,0.800000000000056);
#574=CIRCLE('',#9537,34.5);
#575=CIRCLE('',#9539,0.799999999999967);
#576=CIRCLE('',#9542,0.800000000000016);
#577=CIRCLE('',#9544,32.1);
#578=CIRCLE('',#9547,0.800000000000052);
#579=CIRCLE('',#9549,34.5);
#580=CIRCLE('',#9551,0.799999999999966);
#581=CIRCLE('',#9554,0.800000000000021);
#582=CIRCLE('',#9556,32.1);
#583=CIRCLE('',#9559,0.800000000000053);
#584=CIRCLE('',#9570,3.);
#585=CIRCLE('',#9571,0.3);
#586=CIRCLE('',#9573,3.);
#587=CIRCLE('',#9575,2.7);
#588=CIRCLE('',#9576,0.3);
#589=CIRCLE('',#9587,3.);
#590=CIRCLE('',#9588,0.3);
#591=CIRCLE('',#9590,3.);
#592=CIRCLE('',#9592,2.7);
#593=CIRCLE('',#9593,0.3);
#594=CIRCLE('',#9596,1.55);
#595=CIRCLE('',#9598,1.55);
#596=CIRCLE('',#9600,1.55);
#597=CIRCLE('',#9602,1.55);
#598=CIRCLE('',#9604,2.);
#599=CIRCLE('',#9605,2.);
#600=CIRCLE('',#9607,2.);
#601=CIRCLE('',#9608,2.);
#602=CIRCLE('',#9610,3.);
#603=CIRCLE('',#9611,3.);
#604=CIRCLE('',#9613,2.5175);
#605=CIRCLE('',#9614,2.5175);
#606=CIRCLE('',#9616,3.);
#607=CIRCLE('',#9617,3.);
#608=CIRCLE('',#9618,3.);
#609=CIRCLE('',#9619,18.05);
#610=CIRCLE('',#9621,3.);
#611=CIRCLE('',#9624,3.);
#612=CIRCLE('',#9626,21.);
#613=CIRCLE('',#9627,4.5);
#614=CIRCLE('',#9628,4.5);
#615=CIRCLE('',#9630,2.5175);
#616=CIRCLE('',#9631,2.5175);
#617=CIRCLE('',#9633,3.);
#618=CIRCLE('',#9635,21.);
#619=CIRCLE('',#9637,4.5);
#620=CIRCLE('',#9640,4.5);
#621=CIRCLE('',#9648,21.);
#622=CIRCLE('',#9651,18.05);
#623=CIRCLE('',#9653,11.5);
#624=CIRCLE('',#9654,11.5);
#625=CIRCLE('',#9665,1.5);
#626=CIRCLE('',#9668,3.);
#627=CIRCLE('',#9669,0.3);
#628=CIRCLE('',#9670,2.7);
#629=CIRCLE('',#9672,3.);
#630=CIRCLE('',#9675,2.7);
#631=CIRCLE('',#9676,0.3);
#632=CYLINDRICAL_SURFACE('',#8657,1.5);
#633=CYLINDRICAL_SURFACE('',#8660,11.5);
#634=CYLINDRICAL_SURFACE('',#8666,1.5);
#635=CYLINDRICAL_SURFACE('',#8669,11.5);
#636=CYLINDRICAL_SURFACE('',#8672,1.5);
#637=CYLINDRICAL_SURFACE('',#8675,1.5);
#638=CYLINDRICAL_SURFACE('',#8678,1.5);
#639=CYLINDRICAL_SURFACE('',#8681,11.5);
#640=CYLINDRICAL_SURFACE('',#8684,1.5);
#641=CYLINDRICAL_SURFACE('',#8703,1.5);
#642=CYLINDRICAL_SURFACE('',#8720,3.);
#643=CYLINDRICAL_SURFACE('',#8728,1.5);
#644=CYLINDRICAL_SURFACE('',#8745,3.);
#645=CYLINDRICAL_SURFACE('',#8763,21.);
#646=CYLINDRICAL_SURFACE('',#8785,1.5);
#647=CYLINDRICAL_SURFACE('',#8790,3.);
#648=CYLINDRICAL_SURFACE('',#8808,3.);
#649=CYLINDRICAL_SURFACE('',#8817,28.);
#650=CYLINDRICAL_SURFACE('',#8819,26.);
#651=CYLINDRICAL_SURFACE('',#8822,6.);
#652=CYLINDRICAL_SURFACE('',#8824,6.);
#653=CYLINDRICAL_SURFACE('',#8826,6.);
#654=CYLINDRICAL_SURFACE('',#8828,4.);
#655=CYLINDRICAL_SURFACE('',#8830,32.);
#656=CYLINDRICAL_SURFACE('',#8833,32.);
#657=CYLINDRICAL_SURFACE('',#8836,26.05);
#658=CYLINDRICAL_SURFACE('',#8961,0.800000000000029);
#659=CYLINDRICAL_SURFACE('',#8964,32.1);
#660=CYLINDRICAL_SURFACE('',#8968,0.800000000000055);
#661=CYLINDRICAL_SURFACE('',#8970,34.4999999999992);
#662=CYLINDRICAL_SURFACE('',#8972,0.799999999999967);
#663=CYLINDRICAL_SURFACE('',#8975,0.800000000000005);
#664=CYLINDRICAL_SURFACE('',#8978,32.1);
#665=CYLINDRICAL_SURFACE('',#8982,0.800000000000054);
#666=CYLINDRICAL_SURFACE('',#8984,34.4999999999992);
#667=CYLINDRICAL_SURFACE('',#8986,0.799999999999969);
#668=CYLINDRICAL_SURFACE('',#8989,0.800000000000022);
#669=CYLINDRICAL_SURFACE('',#8992,32.1);
#670=CYLINDRICAL_SURFACE('',#8996,0.800000000000061);
#671=CYLINDRICAL_SURFACE('',#8998,34.4999999999992);
#672=CYLINDRICAL_SURFACE('',#9000,0.79999999999997);
#673=CYLINDRICAL_SURFACE('',#9003,0.800000000000024);
#674=CYLINDRICAL_SURFACE('',#9006,32.1);
#675=CYLINDRICAL_SURFACE('',#9010,0.800000000000055);
#676=CYLINDRICAL_SURFACE('',#9012,34.4999999999992);
#677=CYLINDRICAL_SURFACE('',#9014,0.799999999999966);
#678=CYLINDRICAL_SURFACE('',#9017,0.800000000000019);
#679=CYLINDRICAL_SURFACE('',#9020,32.1);
#680=CYLINDRICAL_SURFACE('',#9024,0.800000000000053);
#681=CYLINDRICAL_SURFACE('',#9026,34.4999999999992);
#682=CYLINDRICAL_SURFACE('',#9028,0.79999999999996);
#683=CYLINDRICAL_SURFACE('',#9031,0.800000000000038);
#684=CYLINDRICAL_SURFACE('',#9034,32.1);
#685=CYLINDRICAL_SURFACE('',#9038,0.800000000000055);
#686=CYLINDRICAL_SURFACE('',#9040,34.4999999999992);
#687=CYLINDRICAL_SURFACE('',#9042,0.799999999999968);
#688=CYLINDRICAL_SURFACE('',#9045,0.800000000000005);
#689=CYLINDRICAL_SURFACE('',#9048,32.1);
#690=CYLINDRICAL_SURFACE('',#9052,0.800000000000054);
#691=CYLINDRICAL_SURFACE('',#9054,34.4999999999992);
#692=CYLINDRICAL_SURFACE('',#9056,0.799999999999959);
#693=CYLINDRICAL_SURFACE('',#9059,0.800000000000022);
#694=CYLINDRICAL_SURFACE('',#9062,32.1);
#695=CYLINDRICAL_SURFACE('',#9066,0.800000000000062);
#696=CYLINDRICAL_SURFACE('',#9068,34.4999999999992);
#697=CYLINDRICAL_SURFACE('',#9070,0.79999999999997);
#698=CYLINDRICAL_SURFACE('',#9073,0.800000000000022);
#699=CYLINDRICAL_SURFACE('',#9076,32.1);
#700=CYLINDRICAL_SURFACE('',#9080,0.800000000000055);
#701=CYLINDRICAL_SURFACE('',#9082,34.4999999999992);
#702=CYLINDRICAL_SURFACE('',#9084,0.799999999999961);
#703=CYLINDRICAL_SURFACE('',#9087,0.800000000000023);
#704=CYLINDRICAL_SURFACE('',#9090,32.1);
#705=CYLINDRICAL_SURFACE('',#9094,0.800000000000046);
#706=CYLINDRICAL_SURFACE('',#9096,34.4999999999992);
#707=CYLINDRICAL_SURFACE('',#9098,0.799999999999968);
#708=CYLINDRICAL_SURFACE('',#9101,0.800000000000013);
#709=CYLINDRICAL_SURFACE('',#9104,32.1);
#710=CYLINDRICAL_SURFACE('',#9108,0.80000000000005);
#711=CYLINDRICAL_SURFACE('',#9110,34.4999999999992);
#712=CYLINDRICAL_SURFACE('',#9112,0.799999999999965);
#713=CYLINDRICAL_SURFACE('',#9115,0.800000000000005);
#714=CYLINDRICAL_SURFACE('',#9118,32.1);
#715=CYLINDRICAL_SURFACE('',#9122,0.800000000000045);
#716=CYLINDRICAL_SURFACE('',#9124,34.4999999999992);
#717=CYLINDRICAL_SURFACE('',#9126,0.799999999999964);
#718=CYLINDRICAL_SURFACE('',#9129,0.800000000000022);
#719=CYLINDRICAL_SURFACE('',#9132,32.1);
#720=CYLINDRICAL_SURFACE('',#9136,0.80000000000005);
#721=CYLINDRICAL_SURFACE('',#9138,34.4999999999992);
#722=CYLINDRICAL_SURFACE('',#9140,0.79999999999997);
#723=CYLINDRICAL_SURFACE('',#9143,0.800000000000022);
#724=CYLINDRICAL_SURFACE('',#9146,32.1);
#725=CYLINDRICAL_SURFACE('',#9150,0.800000000000055);
#726=CYLINDRICAL_SURFACE('',#9152,34.4999999999992);
#727=CYLINDRICAL_SURFACE('',#9154,0.799999999999966);
#728=CYLINDRICAL_SURFACE('',#9157,0.800000000000019);
#729=CYLINDRICAL_SURFACE('',#9160,32.1);
#730=CYLINDRICAL_SURFACE('',#9164,0.800000000000061);
#731=CYLINDRICAL_SURFACE('',#9166,34.4999999999992);
#732=CYLINDRICAL_SURFACE('',#9168,0.799999999999964);
#733=CYLINDRICAL_SURFACE('',#9171,0.800000000000029);
#734=CYLINDRICAL_SURFACE('',#9174,32.1);
#735=CYLINDRICAL_SURFACE('',#9178,0.800000000000054);
#736=CYLINDRICAL_SURFACE('',#9180,34.4999999999992);
#737=CYLINDRICAL_SURFACE('',#9182,0.799999999999967);
#738=CYLINDRICAL_SURFACE('',#9185,0.800000000000003);
#739=CYLINDRICAL_SURFACE('',#9188,32.1);
#740=CYLINDRICAL_SURFACE('',#9192,0.800000000000059);
#741=CYLINDRICAL_SURFACE('',#9194,34.4999999999992);
#742=CYLINDRICAL_SURFACE('',#9196,0.799999999999973);
#743=CYLINDRICAL_SURFACE('',#9199,0.800000000000022);
#744=CYLINDRICAL_SURFACE('',#9202,32.1);
#745=CYLINDRICAL_SURFACE('',#9206,0.800000000000054);
#746=CYLINDRICAL_SURFACE('',#9208,34.4999999999992);
#747=CYLINDRICAL_SURFACE('',#9210,0.79999999999997);
#748=CYLINDRICAL_SURFACE('',#9213,0.800000000000017);
#749=CYLINDRICAL_SURFACE('',#9216,32.1);
#750=CYLINDRICAL_SURFACE('',#9220,0.800000000000057);
#751=CYLINDRICAL_SURFACE('',#9222,34.4999999999992);
#752=CYLINDRICAL_SURFACE('',#9224,0.799999999999966);
#753=CYLINDRICAL_SURFACE('',#9227,0.800000000000023);
#754=CYLINDRICAL_SURFACE('',#9230,32.1);
#755=CYLINDRICAL_SURFACE('',#9234,0.800000000000055);
#756=CYLINDRICAL_SURFACE('',#9236,34.4999999999992);
#757=CYLINDRICAL_SURFACE('',#9238,0.799999999999962);
#758=CYLINDRICAL_SURFACE('',#9320,34.5);
#759=CYLINDRICAL_SURFACE('',#9322,0.799999999999967);
#760=CYLINDRICAL_SURFACE('',#9325,0.800000000000019);
#761=CYLINDRICAL_SURFACE('',#9327,32.1);
#762=CYLINDRICAL_SURFACE('',#9330,0.800000000000054);
#763=CYLINDRICAL_SURFACE('',#9332,34.5);
#764=CYLINDRICAL_SURFACE('',#9334,0.799999999999973);
#765=CYLINDRICAL_SURFACE('',#9337,0.800000000000022);
#766=CYLINDRICAL_SURFACE('',#9339,32.1);
#767=CYLINDRICAL_SURFACE('',#9342,0.800000000000049);
#768=CYLINDRICAL_SURFACE('',#9344,34.5);
#769=CYLINDRICAL_SURFACE('',#9346,0.799999999999971);
#770=CYLINDRICAL_SURFACE('',#9349,0.800000000000022);
#771=CYLINDRICAL_SURFACE('',#9351,32.1);
#772=CYLINDRICAL_SURFACE('',#9354,0.800000000000056);
#773=CYLINDRICAL_SURFACE('',#9356,34.5);
#774=CYLINDRICAL_SURFACE('',#9358,0.799999999999967);
#775=CYLINDRICAL_SURFACE('',#9361,0.800000000000016);
#776=CYLINDRICAL_SURFACE('',#9363,32.1);
#777=CYLINDRICAL_SURFACE('',#9366,0.800000000000053);
#778=CYLINDRICAL_SURFACE('',#9368,34.5);
#779=CYLINDRICAL_SURFACE('',#9370,0.799999999999963);
#780=CYLINDRICAL_SURFACE('',#9373,0.800000000000017);
#781=CYLINDRICAL_SURFACE('',#9375,32.1);
#782=CYLINDRICAL_SURFACE('',#9378,0.800000000000052);
#783=CYLINDRICAL_SURFACE('',#9380,34.5);
#784=CYLINDRICAL_SURFACE('',#9382,0.799999999999967);
#785=CYLINDRICAL_SURFACE('',#9385,0.800000000000019);
#786=CYLINDRICAL_SURFACE('',#9387,32.1);
#787=CYLINDRICAL_SURFACE('',#9390,0.800000000000054);
#788=CYLINDRICAL_SURFACE('',#9392,34.5);
#789=CYLINDRICAL_SURFACE('',#9394,0.799999999999968);
#790=CYLINDRICAL_SURFACE('',#9397,0.800000000000022);
#791=CYLINDRICAL_SURFACE('',#9399,32.1);
#792=CYLINDRICAL_SURFACE('',#9402,0.800000000000047);
#793=CYLINDRICAL_SURFACE('',#9404,34.5);
#794=CYLINDRICAL_SURFACE('',#9406,0.79999999999997);
#795=CYLINDRICAL_SURFACE('',#9409,0.80000000000002);
#796=CYLINDRICAL_SURFACE('',#9411,32.1);
#797=CYLINDRICAL_SURFACE('',#9414,0.800000000000051);
#798=CYLINDRICAL_SURFACE('',#9416,34.5);
#799=CYLINDRICAL_SURFACE('',#9418,0.799999999999964);
#800=CYLINDRICAL_SURFACE('',#9421,0.800000000000016);
#801=CYLINDRICAL_SURFACE('',#9423,32.1);
#802=CYLINDRICAL_SURFACE('',#9426,0.800000000000051);
#803=CYLINDRICAL_SURFACE('',#9428,34.5);
#804=CYLINDRICAL_SURFACE('',#9430,0.799999999999962);
#805=CYLINDRICAL_SURFACE('',#9433,0.800000000000022);
#806=CYLINDRICAL_SURFACE('',#9435,32.1);
#807=CYLINDRICAL_SURFACE('',#9438,0.800000000000053);
#808=CYLINDRICAL_SURFACE('',#9440,34.5);
#809=CYLINDRICAL_SURFACE('',#9442,0.799999999999967);
#810=CYLINDRICAL_SURFACE('',#9445,0.800000000000019);
#811=CYLINDRICAL_SURFACE('',#9447,32.1);
#812=CYLINDRICAL_SURFACE('',#9450,0.800000000000054);
#813=CYLINDRICAL_SURFACE('',#9452,34.5);
#814=CYLINDRICAL_SURFACE('',#9454,0.799999999999964);
#815=CYLINDRICAL_SURFACE('',#9457,0.800000000000022);
#816=CYLINDRICAL_SURFACE('',#9459,32.1);
#817=CYLINDRICAL_SURFACE('',#9462,0.800000000000053);
#818=CYLINDRICAL_SURFACE('',#9464,34.5);
#819=CYLINDRICAL_SURFACE('',#9466,0.799999999999971);
#820=CYLINDRICAL_SURFACE('',#9469,0.800000000000022);
#821=CYLINDRICAL_SURFACE('',#9471,32.1);
#822=CYLINDRICAL_SURFACE('',#9474,0.800000000000052);
#823=CYLINDRICAL_SURFACE('',#9476,34.5);
#824=CYLINDRICAL_SURFACE('',#9478,0.799999999999961);
#825=CYLINDRICAL_SURFACE('',#9481,0.800000000000016);
#826=CYLINDRICAL_SURFACE('',#9483,32.1);
#827=CYLINDRICAL_SURFACE('',#9486,0.800000000000053);
#828=CYLINDRICAL_SURFACE('',#9488,34.5);
#829=CYLINDRICAL_SURFACE('',#9490,0.799999999999967);
#830=CYLINDRICAL_SURFACE('',#9493,0.800000000000017);
#831=CYLINDRICAL_SURFACE('',#9495,32.1);
#832=CYLINDRICAL_SURFACE('',#9498,0.800000000000054);
#833=CYLINDRICAL_SURFACE('',#9500,34.5);
#834=CYLINDRICAL_SURFACE('',#9502,0.799999999999967);
#835=CYLINDRICAL_SURFACE('',#9505,0.800000000000019);
#836=CYLINDRICAL_SURFACE('',#9507,32.1);
#837=CYLINDRICAL_SURFACE('',#9510,0.80000000000005);
#838=CYLINDRICAL_SURFACE('',#9512,34.5);
#839=CYLINDRICAL_SURFACE('',#9514,0.799999999999964);
#840=CYLINDRICAL_SURFACE('',#9517,0.800000000000022);
#841=CYLINDRICAL_SURFACE('',#9519,32.1);
#842=CYLINDRICAL_SURFACE('',#9522,0.800000000000049);
#843=CYLINDRICAL_SURFACE('',#9524,34.5);
#844=CYLINDRICAL_SURFACE('',#9526,0.799999999999971);
#845=CYLINDRICAL_SURFACE('',#9529,0.800000000000022);
#846=CYLINDRICAL_SURFACE('',#9531,32.1);
#847=CYLINDRICAL_SURFACE('',#9534,0.800000000000056);
#848=CYLINDRICAL_SURFACE('',#9536,34.5);
#849=CYLINDRICAL_SURFACE('',#9538,0.799999999999967);
#850=CYLINDRICAL_SURFACE('',#9541,0.800000000000016);
#851=CYLINDRICAL_SURFACE('',#9543,32.1);
#852=CYLINDRICAL_SURFACE('',#9546,0.800000000000052);
#853=CYLINDRICAL_SURFACE('',#9548,34.5);
#854=CYLINDRICAL_SURFACE('',#9550,0.799999999999966);
#855=CYLINDRICAL_SURFACE('',#9553,0.800000000000021);
#856=CYLINDRICAL_SURFACE('',#9555,32.1);
#857=CYLINDRICAL_SURFACE('',#9558,0.800000000000053);
#858=CYLINDRICAL_SURFACE('',#9572,3.);
#859=CYLINDRICAL_SURFACE('',#9589,3.);
#860=CYLINDRICAL_SURFACE('',#9595,1.55);
#861=CYLINDRICAL_SURFACE('',#9597,1.55);
#862=CYLINDRICAL_SURFACE('',#9599,1.55);
#863=CYLINDRICAL_SURFACE('',#9601,1.55);
#864=CYLINDRICAL_SURFACE('',#9603,2.);
#865=CYLINDRICAL_SURFACE('',#9606,2.);
#866=CYLINDRICAL_SURFACE('',#9609,3.);
#867=CYLINDRICAL_SURFACE('',#9620,3.);
#868=CYLINDRICAL_SURFACE('',#9623,3.);
#869=CYLINDRICAL_SURFACE('',#9632,3.);
#870=CYLINDRICAL_SURFACE('',#9636,4.5);
#871=CYLINDRICAL_SURFACE('',#9639,4.5);
#872=CYLINDRICAL_SURFACE('',#9642,2.5175);
#873=CYLINDRICAL_SURFACE('',#9643,2.5175);
#874=CYLINDRICAL_SURFACE('',#9644,2.5175);
#875=CYLINDRICAL_SURFACE('',#9645,2.5175);
#876=CYLINDRICAL_SURFACE('',#9649,21.);
#877=CYLINDRICAL_SURFACE('',#9650,18.05);
#878=CYLINDRICAL_SURFACE('',#9652,11.5);
#879=CYLINDRICAL_SURFACE('',#9666,1.5);
#880=CYLINDRICAL_SURFACE('',#9671,3.);
#881=FACE_OUTER_BOUND('',#1355,.T.);
#882=FACE_OUTER_BOUND('',#1356,.T.);
#883=FACE_OUTER_BOUND('',#1357,.T.);
#884=FACE_OUTER_BOUND('',#1358,.T.);
#885=FACE_OUTER_BOUND('',#1359,.T.);
#886=FACE_OUTER_BOUND('',#1360,.T.);
#887=FACE_OUTER_BOUND('',#1361,.T.);
#888=FACE_OUTER_BOUND('',#1362,.T.);
#889=FACE_OUTER_BOUND('',#1363,.T.);
#890=FACE_OUTER_BOUND('',#1364,.T.);
#891=FACE_OUTER_BOUND('',#1365,.T.);
#892=FACE_OUTER_BOUND('',#1366,.T.);
#893=FACE_OUTER_BOUND('',#1371,.T.);
#894=FACE_OUTER_BOUND('',#1373,.T.);
#895=FACE_OUTER_BOUND('',#1374,.T.);
#896=FACE_OUTER_BOUND('',#1375,.T.);
#897=FACE_OUTER_BOUND('',#1376,.T.);
#898=FACE_OUTER_BOUND('',#1377,.T.);
#899=FACE_OUTER_BOUND('',#1378,.T.);
#900=FACE_OUTER_BOUND('',#1379,.T.);
#901=FACE_OUTER_BOUND('',#1380,.T.);
#902=FACE_OUTER_BOUND('',#1381,.T.);
#903=FACE_OUTER_BOUND('',#1382,.T.);
#904=FACE_OUTER_BOUND('',#1383,.T.);
#905=FACE_OUTER_BOUND('',#1384,.T.);
#906=FACE_OUTER_BOUND('',#1385,.T.);
#907=FACE_OUTER_BOUND('',#1386,.T.);
#908=FACE_OUTER_BOUND('',#1388,.T.);
#909=FACE_OUTER_BOUND('',#1389,.T.);
#910=FACE_OUTER_BOUND('',#1390,.T.);
#911=FACE_OUTER_BOUND('',#1391,.T.);
#912=FACE_OUTER_BOUND('',#1392,.T.);
#913=FACE_OUTER_BOUND('',#1393,.T.);
#914=FACE_OUTER_BOUND('',#1394,.T.);
#915=FACE_OUTER_BOUND('',#1395,.T.);
#916=FACE_OUTER_BOUND('',#1396,.T.);
#917=FACE_OUTER_BOUND('',#1397,.T.);
#918=FACE_OUTER_BOUND('',#1398,.T.);
#919=FACE_OUTER_BOUND('',#1399,.T.);
#920=FACE_OUTER_BOUND('',#1400,.T.);
#921=FACE_OUTER_BOUND('',#1401,.T.);
#922=FACE_OUTER_BOUND('',#1403,.T.);
#923=FACE_OUTER_BOUND('',#1405,.T.);
#924=FACE_OUTER_BOUND('',#1407,.T.);
#925=FACE_OUTER_BOUND('',#1409,.T.);
#926=FACE_OUTER_BOUND('',#1411,.T.);
#927=FACE_OUTER_BOUND('',#1412,.T.);
#928=FACE_OUTER_BOUND('',#1414,.T.);
#929=FACE_OUTER_BOUND('',#1415,.T.);
#930=FACE_OUTER_BOUND('',#1416,.T.);
#931=FACE_OUTER_BOUND('',#1417,.T.);
#932=FACE_OUTER_BOUND('',#1418,.T.);
#933=FACE_OUTER_BOUND('',#1419,.T.);
#934=FACE_OUTER_BOUND('',#1420,.T.);
#935=FACE_OUTER_BOUND('',#1421,.T.);
#936=FACE_OUTER_BOUND('',#1422,.T.);
#937=FACE_OUTER_BOUND('',#1423,.T.);
#938=FACE_OUTER_BOUND('',#1424,.T.);
#939=FACE_OUTER_BOUND('',#1425,.T.);
#940=FACE_OUTER_BOUND('',#1426,.T.);
#941=FACE_OUTER_BOUND('',#1427,.T.);
#942=FACE_OUTER_BOUND('',#1429,.T.);
#943=FACE_OUTER_BOUND('',#1430,.T.);
#944=FACE_OUTER_BOUND('',#1431,.T.);
#945=FACE_OUTER_BOUND('',#1432,.T.);
#946=FACE_OUTER_BOUND('',#1433,.T.);
#947=FACE_OUTER_BOUND('',#1434,.T.);
#948=FACE_OUTER_BOUND('',#1435,.T.);
#949=FACE_OUTER_BOUND('',#1436,.T.);
#950=FACE_OUTER_BOUND('',#1437,.T.);
#951=FACE_OUTER_BOUND('',#1438,.T.);
#952=FACE_OUTER_BOUND('',#1439,.T.);
#953=FACE_OUTER_BOUND('',#1441,.T.);
#954=FACE_OUTER_BOUND('',#1443,.T.);
#955=FACE_OUTER_BOUND('',#1444,.T.);
#956=FACE_OUTER_BOUND('',#1445,.T.);
#957=FACE_OUTER_BOUND('',#1446,.T.);
#958=FACE_OUTER_BOUND('',#1447,.T.);
#959=FACE_OUTER_BOUND('',#1448,.T.);
#960=FACE_OUTER_BOUND('',#1449,.T.);
#961=FACE_OUTER_BOUND('',#1450,.T.);
#962=FACE_OUTER_BOUND('',#1451,.T.);
#963=FACE_OUTER_BOUND('',#1452,.T.);
#964=FACE_OUTER_BOUND('',#1454,.T.);
#965=FACE_OUTER_BOUND('',#1456,.T.);
#966=FACE_OUTER_BOUND('',#1457,.T.);
#967=FACE_OUTER_BOUND('',#1458,.T.);
#968=FACE_OUTER_BOUND('',#1459,.T.);
#969=FACE_OUTER_BOUND('',#1460,.T.);
#970=FACE_OUTER_BOUND('',#1461,.T.);
#971=FACE_OUTER_BOUND('',#1462,.T.);
#972=FACE_OUTER_BOUND('',#1463,.T.);
#973=FACE_OUTER_BOUND('',#1464,.T.);
#974=FACE_OUTER_BOUND('',#1465,.T.);
#975=FACE_OUTER_BOUND('',#1466,.T.);
#976=FACE_OUTER_BOUND('',#1467,.T.);
#977=FACE_OUTER_BOUND('',#1468,.T.);
#978=FACE_OUTER_BOUND('',#1469,.T.);
#979=FACE_OUTER_BOUND('',#1470,.T.);
#980=FACE_OUTER_BOUND('',#1471,.T.);
#981=FACE_OUTER_BOUND('',#1472,.T.);
#982=FACE_OUTER_BOUND('',#1473,.T.);
#983=FACE_OUTER_BOUND('',#1474,.T.);
#984=FACE_OUTER_BOUND('',#1475,.T.);
#985=FACE_OUTER_BOUND('',#1476,.T.);
#986=FACE_OUTER_BOUND('',#1477,.T.);
#987=FACE_OUTER_BOUND('',#1478,.T.);
#988=FACE_OUTER_BOUND('',#1479,.T.);
#989=FACE_OUTER_BOUND('',#1480,.T.);
#990=FACE_OUTER_BOUND('',#1481,.T.);
#991=FACE_OUTER_BOUND('',#1482,.T.);
#992=FACE_OUTER_BOUND('',#1483,.T.);
#993=FACE_OUTER_BOUND('',#1484,.T.);
#994=FACE_OUTER_BOUND('',#1485,.T.);
#995=FACE_OUTER_BOUND('',#1486,.T.);
#996=FACE_OUTER_BOUND('',#1487,.T.);
#997=FACE_OUTER_BOUND('',#1488,.T.);
#998=FACE_OUTER_BOUND('',#1489,.T.);
#999=FACE_OUTER_BOUND('',#1490,.T.);
#1000=FACE_OUTER_BOUND('',#1491,.T.);
#1001=FACE_OUTER_BOUND('',#1492,.T.);
#1002=FACE_OUTER_BOUND('',#1493,.T.);
#1003=FACE_OUTER_BOUND('',#1494,.T.);
#1004=FACE_OUTER_BOUND('',#1495,.T.);
#1005=FACE_OUTER_BOUND('',#1496,.T.);
#1006=FACE_OUTER_BOUND('',#1497,.T.);
#1007=FACE_OUTER_BOUND('',#1498,.T.);
#1008=FACE_OUTER_BOUND('',#1499,.T.);
#1009=FACE_OUTER_BOUND('',#1500,.T.);
#1010=FACE_OUTER_BOUND('',#1501,.T.);
#1011=FACE_OUTER_BOUND('',#1502,.T.);
#1012=FACE_OUTER_BOUND('',#1503,.T.);
#1013=FACE_OUTER_BOUND('',#1504,.T.);
#1014=FACE_OUTER_BOUND('',#1505,.T.);
#1015=FACE_OUTER_BOUND('',#1506,.T.);
#1016=FACE_OUTER_BOUND('',#1507,.T.);
#1017=FACE_OUTER_BOUND('',#1508,.T.);
#1018=FACE_OUTER_BOUND('',#1509,.T.);
#1019=FACE_OUTER_BOUND('',#1510,.T.);
#1020=FACE_OUTER_BOUND('',#1511,.T.);
#1021=FACE_OUTER_BOUND('',#1512,.T.);
#1022=FACE_OUTER_BOUND('',#1513,.T.);
#1023=FACE_OUTER_BOUND('',#1514,.T.);
#1024=FACE_OUTER_BOUND('',#1515,.T.);
#1025=FACE_OUTER_BOUND('',#1516,.T.);
#1026=FACE_OUTER_BOUND('',#1517,.T.);
#1027=FACE_OUTER_BOUND('',#1518,.T.);
#1028=FACE_OUTER_BOUND('',#1519,.T.);
#1029=FACE_OUTER_BOUND('',#1520,.T.);
#1030=FACE_OUTER_BOUND('',#1521,.T.);
#1031=FACE_OUTER_BOUND('',#1522,.T.);
#1032=FACE_OUTER_BOUND('',#1523,.T.);
#1033=FACE_OUTER_BOUND('',#1524,.T.);
#1034=FACE_OUTER_BOUND('',#1525,.T.);
#1035=FACE_OUTER_BOUND('',#1526,.T.);
#1036=FACE_OUTER_BOUND('',#1527,.T.);
#1037=FACE_OUTER_BOUND('',#1528,.T.);
#1038=FACE_OUTER_BOUND('',#1529,.T.);
#1039=FACE_OUTER_BOUND('',#1530,.T.);
#1040=FACE_OUTER_BOUND('',#1531,.T.);
#1041=FACE_OUTER_BOUND('',#1532,.T.);
#1042=FACE_OUTER_BOUND('',#1533,.T.);
#1043=FACE_OUTER_BOUND('',#1534,.T.);
#1044=FACE_OUTER_BOUND('',#1535,.T.);
#1045=FACE_OUTER_BOUND('',#1536,.T.);
#1046=FACE_OUTER_BOUND('',#1537,.T.);
#1047=FACE_OUTER_BOUND('',#1538,.T.);
#1048=FACE_OUTER_BOUND('',#1539,.T.);
#1049=FACE_OUTER_BOUND('',#1540,.T.);
#1050=FACE_OUTER_BOUND('',#1541,.T.);
#1051=FACE_OUTER_BOUND('',#1542,.T.);
#1052=FACE_OUTER_BOUND('',#1543,.T.);
#1053=FACE_OUTER_BOUND('',#1544,.T.);
#1054=FACE_OUTER_BOUND('',#1545,.T.);
#1055=FACE_OUTER_BOUND('',#1546,.T.);
#1056=FACE_OUTER_BOUND('',#1547,.T.);
#1057=FACE_OUTER_BOUND('',#1548,.T.);
#1058=FACE_OUTER_BOUND('',#1549,.T.);
#1059=FACE_OUTER_BOUND('',#1550,.T.);
#1060=FACE_OUTER_BOUND('',#1551,.T.);
#1061=FACE_OUTER_BOUND('',#1552,.T.);
#1062=FACE_OUTER_BOUND('',#1553,.T.);
#1063=FACE_OUTER_BOUND('',#1554,.T.);
#1064=FACE_OUTER_BOUND('',#1555,.T.);
#1065=FACE_OUTER_BOUND('',#1556,.T.);
#1066=FACE_OUTER_BOUND('',#1557,.T.);
#1067=FACE_OUTER_BOUND('',#1558,.T.);
#1068=FACE_OUTER_BOUND('',#1559,.T.);
#1069=FACE_OUTER_BOUND('',#1560,.T.);
#1070=FACE_OUTER_BOUND('',#1561,.T.);
#1071=FACE_OUTER_BOUND('',#1562,.T.);
#1072=FACE_OUTER_BOUND('',#1563,.T.);
#1073=FACE_OUTER_BOUND('',#1564,.T.);
#1074=FACE_OUTER_BOUND('',#1565,.T.);
#1075=FACE_OUTER_BOUND('',#1566,.T.);
#1076=FACE_OUTER_BOUND('',#1567,.T.);
#1077=FACE_OUTER_BOUND('',#1568,.T.);
#1078=FACE_OUTER_BOUND('',#1569,.T.);
#1079=FACE_OUTER_BOUND('',#1570,.T.);
#1080=FACE_OUTER_BOUND('',#1571,.T.);
#1081=FACE_OUTER_BOUND('',#1572,.T.);
#1082=FACE_OUTER_BOUND('',#1573,.T.);
#1083=FACE_OUTER_BOUND('',#1574,.T.);
#1084=FACE_OUTER_BOUND('',#1575,.T.);
#1085=FACE_OUTER_BOUND('',#1576,.T.);
#1086=FACE_OUTER_BOUND('',#1577,.T.);
#1087=FACE_OUTER_BOUND('',#1578,.T.);
#1088=FACE_OUTER_BOUND('',#1579,.T.);
#1089=FACE_OUTER_BOUND('',#1580,.T.);
#1090=FACE_OUTER_BOUND('',#1581,.T.);
#1091=FACE_OUTER_BOUND('',#1582,.T.);
#1092=FACE_OUTER_BOUND('',#1583,.T.);
#1093=FACE_OUTER_BOUND('',#1584,.T.);
#1094=FACE_OUTER_BOUND('',#1585,.T.);
#1095=FACE_OUTER_BOUND('',#1586,.T.);
#1096=FACE_OUTER_BOUND('',#1587,.T.);
#1097=FACE_OUTER_BOUND('',#1588,.T.);
#1098=FACE_OUTER_BOUND('',#1589,.T.);
#1099=FACE_OUTER_BOUND('',#1590,.T.);
#1100=FACE_OUTER_BOUND('',#1591,.T.);
#1101=FACE_OUTER_BOUND('',#1592,.T.);
#1102=FACE_OUTER_BOUND('',#1593,.T.);
#1103=FACE_OUTER_BOUND('',#1594,.T.);
#1104=FACE_OUTER_BOUND('',#1595,.T.);
#1105=FACE_OUTER_BOUND('',#1596,.T.);
#1106=FACE_OUTER_BOUND('',#1597,.T.);
#1107=FACE_OUTER_BOUND('',#1598,.T.);
#1108=FACE_OUTER_BOUND('',#1599,.T.);
#1109=FACE_OUTER_BOUND('',#1600,.T.);
#1110=FACE_OUTER_BOUND('',#1601,.T.);
#1111=FACE_OUTER_BOUND('',#1602,.T.);
#1112=FACE_OUTER_BOUND('',#1603,.T.);
#1113=FACE_OUTER_BOUND('',#1604,.T.);
#1114=FACE_OUTER_BOUND('',#1605,.T.);
#1115=FACE_OUTER_BOUND('',#1606,.T.);
#1116=FACE_OUTER_BOUND('',#1607,.T.);
#1117=FACE_OUTER_BOUND('',#1608,.T.);
#1118=FACE_OUTER_BOUND('',#1609,.T.);
#1119=FACE_OUTER_BOUND('',#1610,.T.);
#1120=FACE_OUTER_BOUND('',#1611,.T.);
#1121=FACE_OUTER_BOUND('',#1612,.T.);
#1122=FACE_OUTER_BOUND('',#1613,.T.);
#1123=FACE_OUTER_BOUND('',#1614,.T.);
#1124=FACE_OUTER_BOUND('',#1615,.T.);
#1125=FACE_OUTER_BOUND('',#1616,.T.);
#1126=FACE_OUTER_BOUND('',#1617,.T.);
#1127=FACE_OUTER_BOUND('',#1618,.T.);
#1128=FACE_OUTER_BOUND('',#1619,.T.);
#1129=FACE_OUTER_BOUND('',#1620,.T.);
#1130=FACE_OUTER_BOUND('',#1621,.T.);
#1131=FACE_OUTER_BOUND('',#1622,.T.);
#1132=FACE_OUTER_BOUND('',#1623,.T.);
#1133=FACE_OUTER_BOUND('',#1624,.T.);
#1134=FACE_OUTER_BOUND('',#1625,.T.);
#1135=FACE_OUTER_BOUND('',#1626,.T.);
#1136=FACE_OUTER_BOUND('',#1627,.T.);
#1137=FACE_OUTER_BOUND('',#1628,.T.);
#1138=FACE_OUTER_BOUND('',#1629,.T.);
#1139=FACE_OUTER_BOUND('',#1630,.T.);
#1140=FACE_OUTER_BOUND('',#1631,.T.);
#1141=FACE_OUTER_BOUND('',#1632,.T.);
#1142=FACE_OUTER_BOUND('',#1633,.T.);
#1143=FACE_OUTER_BOUND('',#1634,.T.);
#1144=FACE_OUTER_BOUND('',#1635,.T.);
#1145=FACE_OUTER_BOUND('',#1636,.T.);
#1146=FACE_OUTER_BOUND('',#1637,.T.);
#1147=FACE_OUTER_BOUND('',#1638,.T.);
#1148=FACE_OUTER_BOUND('',#1639,.T.);
#1149=FACE_OUTER_BOUND('',#1640,.T.);
#1150=FACE_OUTER_BOUND('',#1641,.T.);
#1151=FACE_OUTER_BOUND('',#1642,.T.);
#1152=FACE_OUTER_BOUND('',#1643,.T.);
#1153=FACE_OUTER_BOUND('',#1644,.T.);
#1154=FACE_OUTER_BOUND('',#1645,.T.);
#1155=FACE_OUTER_BOUND('',#1646,.T.);
#1156=FACE_OUTER_BOUND('',#1647,.T.);
#1157=FACE_OUTER_BOUND('',#1648,.T.);
#1158=FACE_OUTER_BOUND('',#1649,.T.);
#1159=FACE_OUTER_BOUND('',#1650,.T.);
#1160=FACE_OUTER_BOUND('',#1651,.T.);
#1161=FACE_OUTER_BOUND('',#1652,.T.);
#1162=FACE_OUTER_BOUND('',#1653,.T.);
#1163=FACE_OUTER_BOUND('',#1654,.T.);
#1164=FACE_OUTER_BOUND('',#1655,.T.);
#1165=FACE_OUTER_BOUND('',#1656,.T.);
#1166=FACE_OUTER_BOUND('',#1657,.T.);
#1167=FACE_OUTER_BOUND('',#1658,.T.);
#1168=FACE_OUTER_BOUND('',#1659,.T.);
#1169=FACE_OUTER_BOUND('',#1660,.T.);
#1170=FACE_OUTER_BOUND('',#1661,.T.);
#1171=FACE_OUTER_BOUND('',#1662,.T.);
#1172=FACE_OUTER_BOUND('',#1663,.T.);
#1173=FACE_OUTER_BOUND('',#1664,.T.);
#1174=FACE_OUTER_BOUND('',#1665,.T.);
#1175=FACE_OUTER_BOUND('',#1666,.T.);
#1176=FACE_OUTER_BOUND('',#1667,.T.);
#1177=FACE_OUTER_BOUND('',#1668,.T.);
#1178=FACE_OUTER_BOUND('',#1669,.T.);
#1179=FACE_OUTER_BOUND('',#1670,.T.);
#1180=FACE_OUTER_BOUND('',#1671,.T.);
#1181=FACE_OUTER_BOUND('',#1672,.T.);
#1182=FACE_OUTER_BOUND('',#1673,.T.);
#1183=FACE_OUTER_BOUND('',#1674,.T.);
#1184=FACE_OUTER_BOUND('',#1675,.T.);
#1185=FACE_OUTER_BOUND('',#1676,.T.);
#1186=FACE_OUTER_BOUND('',#1677,.T.);
#1187=FACE_OUTER_BOUND('',#1678,.T.);
#1188=FACE_OUTER_BOUND('',#1679,.T.);
#1189=FACE_OUTER_BOUND('',#1680,.T.);
#1190=FACE_OUTER_BOUND('',#1681,.T.);
#1191=FACE_OUTER_BOUND('',#1682,.T.);
#1192=FACE_OUTER_BOUND('',#1683,.T.);
#1193=FACE_OUTER_BOUND('',#1684,.T.);
#1194=FACE_OUTER_BOUND('',#1685,.T.);
#1195=FACE_OUTER_BOUND('',#1686,.T.);
#1196=FACE_OUTER_BOUND('',#1687,.T.);
#1197=FACE_OUTER_BOUND('',#1688,.T.);
#1198=FACE_OUTER_BOUND('',#1689,.T.);
#1199=FACE_OUTER_BOUND('',#1690,.T.);
#1200=FACE_OUTER_BOUND('',#1691,.T.);
#1201=FACE_OUTER_BOUND('',#1692,.T.);
#1202=FACE_OUTER_BOUND('',#1693,.T.);
#1203=FACE_OUTER_BOUND('',#1694,.T.);
#1204=FACE_OUTER_BOUND('',#1695,.T.);
#1205=FACE_OUTER_BOUND('',#1696,.T.);
#1206=FACE_OUTER_BOUND('',#1697,.T.);
#1207=FACE_OUTER_BOUND('',#1698,.T.);
#1208=FACE_OUTER_BOUND('',#1699,.T.);
#1209=FACE_OUTER_BOUND('',#1700,.T.);
#1210=FACE_OUTER_BOUND('',#1701,.T.);
#1211=FACE_OUTER_BOUND('',#1702,.T.);
#1212=FACE_OUTER_BOUND('',#1703,.T.);
#1213=FACE_OUTER_BOUND('',#1704,.T.);
#1214=FACE_OUTER_BOUND('',#1705,.T.);
#1215=FACE_OUTER_BOUND('',#1706,.T.);
#1216=FACE_OUTER_BOUND('',#1707,.T.);
#1217=FACE_OUTER_BOUND('',#1708,.T.);
#1218=FACE_OUTER_BOUND('',#1709,.T.);
#1219=FACE_OUTER_BOUND('',#1710,.T.);
#1220=FACE_OUTER_BOUND('',#1711,.T.);
#1221=FACE_OUTER_BOUND('',#1712,.T.);
#1222=FACE_OUTER_BOUND('',#1713,.T.);
#1223=FACE_OUTER_BOUND('',#1714,.T.);
#1224=FACE_OUTER_BOUND('',#1715,.T.);
#1225=FACE_OUTER_BOUND('',#1716,.T.);
#1226=FACE_OUTER_BOUND('',#1717,.T.);
#1227=FACE_OUTER_BOUND('',#1718,.T.);
#1228=FACE_OUTER_BOUND('',#1719,.T.);
#1229=FACE_OUTER_BOUND('',#1720,.T.);
#1230=FACE_OUTER_BOUND('',#1721,.T.);
#1231=FACE_OUTER_BOUND('',#1722,.T.);
#1232=FACE_OUTER_BOUND('',#1723,.T.);
#1233=FACE_OUTER_BOUND('',#1724,.T.);
#1234=FACE_OUTER_BOUND('',#1725,.T.);
#1235=FACE_OUTER_BOUND('',#1726,.T.);
#1236=FACE_OUTER_BOUND('',#1727,.T.);
#1237=FACE_OUTER_BOUND('',#1728,.T.);
#1238=FACE_OUTER_BOUND('',#1729,.T.);
#1239=FACE_OUTER_BOUND('',#1730,.T.);
#1240=FACE_OUTER_BOUND('',#1731,.T.);
#1241=FACE_OUTER_BOUND('',#1732,.T.);
#1242=FACE_OUTER_BOUND('',#1733,.T.);
#1243=FACE_OUTER_BOUND('',#1734,.T.);
#1244=FACE_OUTER_BOUND('',#1735,.T.);
#1245=FACE_OUTER_BOUND('',#1736,.T.);
#1246=FACE_OUTER_BOUND('',#1737,.T.);
#1247=FACE_OUTER_BOUND('',#1738,.T.);
#1248=FACE_OUTER_BOUND('',#1739,.T.);
#1249=FACE_OUTER_BOUND('',#1740,.T.);
#1250=FACE_OUTER_BOUND('',#1741,.T.);
#1251=FACE_OUTER_BOUND('',#1742,.T.);
#1252=FACE_OUTER_BOUND('',#1743,.T.);
#1253=FACE_OUTER_BOUND('',#1744,.T.);
#1254=FACE_OUTER_BOUND('',#1745,.T.);
#1255=FACE_OUTER_BOUND('',#1746,.T.);
#1256=FACE_OUTER_BOUND('',#1747,.T.);
#1257=FACE_OUTER_BOUND('',#1748,.T.);
#1258=FACE_OUTER_BOUND('',#1749,.T.);
#1259=FACE_OUTER_BOUND('',#1750,.T.);
#1260=FACE_OUTER_BOUND('',#1751,.T.);
#1261=FACE_OUTER_BOUND('',#1752,.T.);
#1262=FACE_OUTER_BOUND('',#1753,.T.);
#1263=FACE_OUTER_BOUND('',#1754,.T.);
#1264=FACE_OUTER_BOUND('',#1755,.T.);
#1265=FACE_OUTER_BOUND('',#1756,.T.);
#1266=FACE_OUTER_BOUND('',#1757,.T.);
#1267=FACE_OUTER_BOUND('',#1758,.T.);
#1268=FACE_OUTER_BOUND('',#1759,.T.);
#1269=FACE_OUTER_BOUND('',#1760,.T.);
#1270=FACE_OUTER_BOUND('',#1761,.T.);
#1271=FACE_OUTER_BOUND('',#1762,.T.);
#1272=FACE_OUTER_BOUND('',#1763,.T.);
#1273=FACE_OUTER_BOUND('',#1764,.T.);
#1274=FACE_OUTER_BOUND('',#1765,.T.);
#1275=FACE_OUTER_BOUND('',#1766,.T.);
#1276=FACE_OUTER_BOUND('',#1767,.T.);
#1277=FACE_OUTER_BOUND('',#1768,.T.);
#1278=FACE_OUTER_BOUND('',#1769,.T.);
#1279=FACE_OUTER_BOUND('',#1770,.T.);
#1280=FACE_OUTER_BOUND('',#1771,.T.);
#1281=FACE_OUTER_BOUND('',#1772,.T.);
#1282=FACE_OUTER_BOUND('',#1773,.T.);
#1283=FACE_OUTER_BOUND('',#1774,.T.);
#1284=FACE_OUTER_BOUND('',#1775,.T.);
#1285=FACE_OUTER_BOUND('',#1776,.T.);
#1286=FACE_OUTER_BOUND('',#1778,.T.);
#1287=FACE_OUTER_BOUND('',#1780,.T.);
#1288=FACE_OUTER_BOUND('',#1781,.T.);
#1289=FACE_OUTER_BOUND('',#1782,.T.);
#1290=FACE_OUTER_BOUND('',#1783,.T.);
#1291=FACE_OUTER_BOUND('',#1784,.T.);
#1292=FACE_OUTER_BOUND('',#1785,.T.);
#1293=FACE_OUTER_BOUND('',#1786,.T.);
#1294=FACE_OUTER_BOUND('',#1787,.T.);
#1295=FACE_OUTER_BOUND('',#1788,.T.);
#1296=FACE_OUTER_BOUND('',#1789,.T.);
#1297=FACE_OUTER_BOUND('',#1790,.T.);
#1298=FACE_OUTER_BOUND('',#1792,.T.);
#1299=FACE_OUTER_BOUND('',#1793,.T.);
#1300=FACE_OUTER_BOUND('',#1794,.T.);
#1301=FACE_OUTER_BOUND('',#1795,.T.);
#1302=FACE_OUTER_BOUND('',#1796,.T.);
#1303=FACE_OUTER_BOUND('',#1797,.T.);
#1304=FACE_OUTER_BOUND('',#1798,.T.);
#1305=FACE_OUTER_BOUND('',#1799,.T.);
#1306=FACE_OUTER_BOUND('',#1804,.T.);
#1307=FACE_OUTER_BOUND('',#1805,.T.);
#1308=FACE_OUTER_BOUND('',#1806,.T.);
#1309=FACE_OUTER_BOUND('',#1807,.T.);
#1310=FACE_OUTER_BOUND('',#1809,.T.);
#1311=FACE_OUTER_BOUND('',#1810,.T.);
#1312=FACE_OUTER_BOUND('',#1811,.T.);
#1313=FACE_OUTER_BOUND('',#1812,.T.);
#1314=FACE_OUTER_BOUND('',#1813,.T.);
#1315=FACE_OUTER_BOUND('',#1814,.T.);
#1316=FACE_OUTER_BOUND('',#1815,.T.);
#1317=FACE_OUTER_BOUND('',#1816,.T.);
#1318=FACE_OUTER_BOUND('',#1819,.T.);
#1319=FACE_OUTER_BOUND('',#1823,.T.);
#1320=FACE_OUTER_BOUND('',#1824,.T.);
#1321=FACE_OUTER_BOUND('',#1825,.T.);
#1322=FACE_OUTER_BOUND('',#1826,.T.);
#1323=FACE_OUTER_BOUND('',#1829,.T.);
#1324=FACE_OUTER_BOUND('',#1832,.T.);
#1325=FACE_OUTER_BOUND('',#1833,.T.);
#1326=FACE_OUTER_BOUND('',#1834,.T.);
#1327=FACE_OUTER_BOUND('',#1835,.T.);
#1328=FACE_OUTER_BOUND('',#1837,.T.);
#1329=FACE_OUTER_BOUND('',#1838,.T.);
#1330=FACE_OUTER_BOUND('',#1840,.T.);
#1331=FACE_OUTER_BOUND('',#1841,.T.);
#1332=FACE_OUTER_BOUND('',#1842,.T.);
#1333=FACE_OUTER_BOUND('',#1843,.T.);
#1334=FACE_OUTER_BOUND('',#1844,.T.);
#1335=FACE_OUTER_BOUND('',#1845,.T.);
#1336=FACE_OUTER_BOUND('',#1846,.T.);
#1337=FACE_OUTER_BOUND('',#1847,.T.);
#1338=FACE_OUTER_BOUND('',#1852,.T.);
#1339=FACE_OUTER_BOUND('',#1853,.T.);
#1340=FACE_OUTER_BOUND('',#1855,.T.);
#1341=FACE_OUTER_BOUND('',#1861,.T.);
#1342=FACE_OUTER_BOUND('',#1862,.T.);
#1343=FACE_OUTER_BOUND('',#1863,.T.);
#1344=FACE_OUTER_BOUND('',#1864,.T.);
#1345=FACE_OUTER_BOUND('',#1865,.T.);
#1346=FACE_OUTER_BOUND('',#1866,.T.);
#1347=FACE_OUTER_BOUND('',#1867,.T.);
#1348=FACE_OUTER_BOUND('',#1868,.T.);
#1349=FACE_OUTER_BOUND('',#1869,.T.);
#1350=FACE_OUTER_BOUND('',#1870,.T.);
#1351=FACE_OUTER_BOUND('',#1871,.T.);
#1352=FACE_OUTER_BOUND('',#1872,.T.);
#1353=FACE_OUTER_BOUND('',#1873,.T.);
#1354=FACE_OUTER_BOUND('',#1874,.T.);
#1355=EDGE_LOOP('',(#5411,#5412,#5413,#5414));
#1356=EDGE_LOOP('',(#5415,#5416,#5417,#5418));
#1357=EDGE_LOOP('',(#5419,#5420,#5421,#5422));
#1358=EDGE_LOOP('',(#5423,#5424,#5425));
#1359=EDGE_LOOP('',(#5426,#5427,#5428,#5429));
#1360=EDGE_LOOP('',(#5430,#5431,#5432,#5433));
#1361=EDGE_LOOP('',(#5434,#5435,#5436,#5437));
#1362=EDGE_LOOP('',(#5438,#5439,#5440,#5441));
#1363=EDGE_LOOP('',(#5442,#5443,#5444,#5445));
#1364=EDGE_LOOP('',(#5446,#5447,#5448,#5449));
#1365=EDGE_LOOP('',(#5450,#5451,#5452,#5453));
#1366=EDGE_LOOP('',(#5454,#5455,#5456,#5457,#5458,#5459,#5460,#5461,#5462,
#5463,#5464,#5465,#5466));
#1367=EDGE_LOOP('',(#5467,#5468));
#1368=EDGE_LOOP('',(#5469));
#1369=EDGE_LOOP('',(#5470));
#1370=EDGE_LOOP('',(#5471));
#1371=EDGE_LOOP('',(#5472));
#1372=EDGE_LOOP('',(#5473,#5474,#5475,#5476,#5477,#5478,#5479,#5480,#5481,
#5482,#5483,#5484,#5485,#5486));
#1373=EDGE_LOOP('',(#5487,#5488,#5489,#5490));
#1374=EDGE_LOOP('',(#5491,#5492,#5493,#5494));
#1375=EDGE_LOOP('',(#5495,#5496,#5497,#5498));
#1376=EDGE_LOOP('',(#5499,#5500,#5501,#5502));
#1377=EDGE_LOOP('',(#5503,#5504,#5505,#5506));
#1378=EDGE_LOOP('',(#5507,#5508,#5509,#5510));
#1379=EDGE_LOOP('',(#5511,#5512,#5513,#5514));
#1380=EDGE_LOOP('',(#5515,#5516,#5517,#5518,#5519,#5520));
#1381=EDGE_LOOP('',(#5521));
#1382=EDGE_LOOP('',(#5522,#5523,#5524,#5525,#5526,#5527));
#1383=EDGE_LOOP('',(#5528,#5529,#5530,#5531));
#1384=EDGE_LOOP('',(#5532,#5533));
#1385=EDGE_LOOP('',(#5534,#5535,#5536,#5537));
#1386=EDGE_LOOP('',(#5538));
#1387=EDGE_LOOP('',(#5539,#5540,#5541,#5542,#5543,#5544));
#1388=EDGE_LOOP('',(#5545,#5546,#5547,#5548));
#1389=EDGE_LOOP('',(#5549,#5550,#5551,#5552));
#1390=EDGE_LOOP('',(#5553,#5554,#5555,#5556));
#1391=EDGE_LOOP('',(#5557,#5558,#5559,#5560));
#1392=EDGE_LOOP('',(#5561,#5562,#5563,#5564));
#1393=EDGE_LOOP('',(#5565,#5566,#5567,#5568));
#1394=EDGE_LOOP('',(#5569,#5570,#5571,#5572));
#1395=EDGE_LOOP('',(#5573,#5574,#5575,#5576,#5577,#5578));
#1396=EDGE_LOOP('',(#5579));
#1397=EDGE_LOOP('',(#5580,#5581,#5582,#5583,#5584,#5585));
#1398=EDGE_LOOP('',(#5586,#5587,#5588,#5589));
#1399=EDGE_LOOP('',(#5590,#5591));
#1400=EDGE_LOOP('',(#5592,#5593,#5594,#5595));
#1401=EDGE_LOOP('',(#5596));
#1402=EDGE_LOOP('',(#5597,#5598,#5599,#5600,#5601,#5602));
#1403=EDGE_LOOP('',(#5603));
#1404=EDGE_LOOP('',(#5604));
#1405=EDGE_LOOP('',(#5605));
#1406=EDGE_LOOP('',(#5606));
#1407=EDGE_LOOP('',(#5607));
#1408=EDGE_LOOP('',(#5608));
#1409=EDGE_LOOP('',(#5609));
#1410=EDGE_LOOP('',(#5610));
#1411=EDGE_LOOP('',(#5611,#5612,#5613,#5614));
#1412=EDGE_LOOP('',(#5615));
#1413=EDGE_LOOP('',(#5616,#5617,#5618,#5619,#5620,#5621,#5622,#5623,#5624,
#5625,#5626,#5627,#5628));
#1414=EDGE_LOOP('',(#5629,#5630,#5631,#5632));
#1415=EDGE_LOOP('',(#5633,#5634,#5635,#5636));
#1416=EDGE_LOOP('',(#5637,#5638,#5639,#5640));
#1417=EDGE_LOOP('',(#5641,#5642,#5643,#5644));
#1418=EDGE_LOOP('',(#5645,#5646,#5647,#5648));
#1419=EDGE_LOOP('',(#5649,#5650,#5651,#5652));
#1420=EDGE_LOOP('',(#5653,#5654,#5655,#5656,#5657,#5658));
#1421=EDGE_LOOP('',(#5659));
#1422=EDGE_LOOP('',(#5660,#5661,#5662,#5663));
#1423=EDGE_LOOP('',(#5664,#5665,#5666,#5667,#5668,#5669));
#1424=EDGE_LOOP('',(#5670,#5671,#5672,#5673));
#1425=EDGE_LOOP('',(#5674,#5675));
#1426=EDGE_LOOP('',(#5676,#5677,#5678,#5679));
#1427=EDGE_LOOP('',(#5680));
#1428=EDGE_LOOP('',(#5681,#5682,#5683,#5684,#5685,#5686));
#1429=EDGE_LOOP('',(#5687,#5688,#5689,#5690));
#1430=EDGE_LOOP('',(#5691,#5692,#5693,#5694));
#1431=EDGE_LOOP('',(#5695,#5696,#5697,#5698));
#1432=EDGE_LOOP('',(#5699,#5700,#5701,#5702));
#1433=EDGE_LOOP('',(#5703,#5704,#5705,#5706));
#1434=EDGE_LOOP('',(#5707,#5708,#5709,#5710));
#1435=EDGE_LOOP('',(#5711,#5712,#5713,#5714,#5715,#5716));
#1436=EDGE_LOOP('',(#5717,#5718,#5719,#5720));
#1437=EDGE_LOOP('',(#5721,#5722,#5723,#5724));
#1438=EDGE_LOOP('',(#5725,#5726,#5727,#5728));
#1439=EDGE_LOOP('',(#5729));
#1440=EDGE_LOOP('',(#5730,#5731,#5732,#5733,#5734,#5735));
#1441=EDGE_LOOP('',(#5736));
#1442=EDGE_LOOP('',(#5737));
#1443=EDGE_LOOP('',(#5738,#5739,#5740,#5741));
#1444=EDGE_LOOP('',(#5742,#5743,#5744,#5745));
#1445=EDGE_LOOP('',(#5746,#5747,#5748,#5749,#5750,#5751,#5752,#5753));
#1446=EDGE_LOOP('',(#5754,#5755,#5756,#5757,#5758,#5759,#5760,#5761));
#1447=EDGE_LOOP('',(#5762,#5763,#5764,#5765,#5766,#5767,#5768,#5769));
#1448=EDGE_LOOP('',(#5770,#5771,#5772,#5773,#5774,#5775,#5776,#5777));
#1449=EDGE_LOOP('',(#5778,#5779,#5780,#5781));
#1450=EDGE_LOOP('',(#5782,#5783,#5784,#5785));
#1451=EDGE_LOOP('',(#5786,#5787,#5788,#5789));
#1452=EDGE_LOOP('',(#5790));
#1453=EDGE_LOOP('',(#5791));
#1454=EDGE_LOOP('',(#5792));
#1455=EDGE_LOOP('',(#5793));
#1456=EDGE_LOOP('',(#5794,#5795,#5796,#5797,#5798,#5799,#5800,#5801,#5802));
#1457=EDGE_LOOP('',(#5803,#5804,#5805,#5806,#5807,#5808,#5809,#5810,#5811));
#1458=EDGE_LOOP('',(#5812,#5813,#5814,#5815,#5816,#5817,#5818,#5819,#5820));
#1459=EDGE_LOOP('',(#5821,#5822,#5823,#5824,#5825,#5826,#5827,#5828,#5829));
#1460=EDGE_LOOP('',(#5830,#5831,#5832,#5833,#5834,#5835,#5836,#5837,#5838));
#1461=EDGE_LOOP('',(#5839,#5840,#5841,#5842,#5843,#5844,#5845,#5846,#5847));
#1462=EDGE_LOOP('',(#5848,#5849,#5850,#5851,#5852,#5853,#5854,#5855,#5856));
#1463=EDGE_LOOP('',(#5857,#5858,#5859,#5860,#5861,#5862,#5863,#5864,#5865));
#1464=EDGE_LOOP('',(#5866,#5867,#5868,#5869,#5870,#5871,#5872,#5873,#5874));
#1465=EDGE_LOOP('',(#5875,#5876,#5877,#5878,#5879,#5880,#5881,#5882,#5883));
#1466=EDGE_LOOP('',(#5884,#5885,#5886,#5887,#5888,#5889,#5890,#5891,#5892));
#1467=EDGE_LOOP('',(#5893,#5894,#5895,#5896,#5897,#5898,#5899,#5900,#5901));
#1468=EDGE_LOOP('',(#5902,#5903,#5904,#5905,#5906,#5907,#5908,#5909,#5910));
#1469=EDGE_LOOP('',(#5911,#5912,#5913,#5914,#5915,#5916,#5917,#5918,#5919));
#1470=EDGE_LOOP('',(#5920,#5921,#5922,#5923,#5924,#5925,#5926,#5927,#5928));
#1471=EDGE_LOOP('',(#5929,#5930,#5931,#5932,#5933,#5934,#5935,#5936,#5937));
#1472=EDGE_LOOP('',(#5938,#5939,#5940,#5941,#5942,#5943,#5944,#5945,#5946));
#1473=EDGE_LOOP('',(#5947,#5948,#5949,#5950,#5951,#5952,#5953,#5954,#5955));
#1474=EDGE_LOOP('',(#5956,#5957,#5958,#5959,#5960,#5961,#5962,#5963,#5964));
#1475=EDGE_LOOP('',(#5965,#5966,#5967,#5968,#5969,#5970,#5971,#5972,#5973));
#1476=EDGE_LOOP('',(#5974,#5975,#5976,#5977,#5978));
#1477=EDGE_LOOP('',(#5979,#5980,#5981,#5982));
#1478=EDGE_LOOP('',(#5983,#5984,#5985,#5986));
#1479=EDGE_LOOP('',(#5987,#5988,#5989,#5990,#5991));
#1480=EDGE_LOOP('',(#5992,#5993,#5994,#5995));
#1481=EDGE_LOOP('',(#5996,#5997,#5998,#5999));
#1482=EDGE_LOOP('',(#6000,#6001,#6002,#6003));
#1483=EDGE_LOOP('',(#6004,#6005,#6006,#6007,#6008));
#1484=EDGE_LOOP('',(#6009,#6010,#6011,#6012));
#1485=EDGE_LOOP('',(#6013,#6014,#6015,#6016));
#1486=EDGE_LOOP('',(#6017,#6018,#6019,#6020,#6021));
#1487=EDGE_LOOP('',(#6022,#6023,#6024,#6025));
#1488=EDGE_LOOP('',(#6026,#6027,#6028,#6029));
#1489=EDGE_LOOP('',(#6030,#6031,#6032,#6033));
#1490=EDGE_LOOP('',(#6034,#6035,#6036,#6037,#6038));
#1491=EDGE_LOOP('',(#6039,#6040,#6041,#6042));
#1492=EDGE_LOOP('',(#6043,#6044,#6045,#6046));
#1493=EDGE_LOOP('',(#6047,#6048,#6049,#6050,#6051));
#1494=EDGE_LOOP('',(#6052,#6053,#6054,#6055));
#1495=EDGE_LOOP('',(#6056,#6057,#6058,#6059));
#1496=EDGE_LOOP('',(#6060,#6061,#6062,#6063));
#1497=EDGE_LOOP('',(#6064,#6065,#6066,#6067,#6068));
#1498=EDGE_LOOP('',(#6069,#6070,#6071,#6072));
#1499=EDGE_LOOP('',(#6073,#6074,#6075,#6076));
#1500=EDGE_LOOP('',(#6077,#6078,#6079,#6080,#6081));
#1501=EDGE_LOOP('',(#6082,#6083,#6084,#6085));
#1502=EDGE_LOOP('',(#6086,#6087,#6088,#6089));
#1503=EDGE_LOOP('',(#6090,#6091,#6092,#6093));
#1504=EDGE_LOOP('',(#6094,#6095,#6096,#6097,#6098));
#1505=EDGE_LOOP('',(#6099,#6100,#6101,#6102));
#1506=EDGE_LOOP('',(#6103,#6104,#6105,#6106));
#1507=EDGE_LOOP('',(#6107,#6108,#6109,#6110,#6111));
#1508=EDGE_LOOP('',(#6112,#6113,#6114,#6115));
#1509=EDGE_LOOP('',(#6116,#6117,#6118,#6119));
#1510=EDGE_LOOP('',(#6120,#6121,#6122,#6123));
#1511=EDGE_LOOP('',(#6124,#6125,#6126,#6127,#6128));
#1512=EDGE_LOOP('',(#6129,#6130,#6131,#6132));
#1513=EDGE_LOOP('',(#6133,#6134,#6135,#6136));
#1514=EDGE_LOOP('',(#6137,#6138,#6139,#6140,#6141));
#1515=EDGE_LOOP('',(#6142,#6143,#6144,#6145));
#1516=EDGE_LOOP('',(#6146,#6147,#6148,#6149));
#1517=EDGE_LOOP('',(#6150,#6151,#6152,#6153));
#1518=EDGE_LOOP('',(#6154,#6155,#6156,#6157,#6158));
#1519=EDGE_LOOP('',(#6159,#6160,#6161,#6162));
#1520=EDGE_LOOP('',(#6163,#6164,#6165,#6166));
#1521=EDGE_LOOP('',(#6167,#6168,#6169,#6170,#6171));
#1522=EDGE_LOOP('',(#6172,#6173,#6174,#6175));
#1523=EDGE_LOOP('',(#6176,#6177,#6178,#6179));
#1524=EDGE_LOOP('',(#6180,#6181,#6182,#6183));
#1525=EDGE_LOOP('',(#6184,#6185,#6186,#6187,#6188));
#1526=EDGE_LOOP('',(#6189,#6190,#6191,#6192));
#1527=EDGE_LOOP('',(#6193,#6194,#6195,#6196));
#1528=EDGE_LOOP('',(#6197,#6198,#6199,#6200,#6201));
#1529=EDGE_LOOP('',(#6202,#6203,#6204,#6205));
#1530=EDGE_LOOP('',(#6206,#6207,#6208,#6209));
#1531=EDGE_LOOP('',(#6210,#6211,#6212,#6213));
#1532=EDGE_LOOP('',(#6214,#6215,#6216,#6217,#6218));
#1533=EDGE_LOOP('',(#6219,#6220,#6221,#6222));
#1534=EDGE_LOOP('',(#6223,#6224,#6225,#6226));
#1535=EDGE_LOOP('',(#6227,#6228,#6229,#6230,#6231));
#1536=EDGE_LOOP('',(#6232,#6233,#6234,#6235));
#1537=EDGE_LOOP('',(#6236,#6237,#6238,#6239));
#1538=EDGE_LOOP('',(#6240,#6241,#6242,#6243));
#1539=EDGE_LOOP('',(#6244,#6245,#6246,#6247,#6248));
#1540=EDGE_LOOP('',(#6249,#6250,#6251,#6252));
#1541=EDGE_LOOP('',(#6253,#6254,#6255,#6256));
#1542=EDGE_LOOP('',(#6257,#6258,#6259,#6260,#6261));
#1543=EDGE_LOOP('',(#6262,#6263,#6264,#6265));
#1544=EDGE_LOOP('',(#6266,#6267,#6268,#6269));
#1545=EDGE_LOOP('',(#6270,#6271,#6272,#6273));
#1546=EDGE_LOOP('',(#6274,#6275,#6276,#6277,#6278));
#1547=EDGE_LOOP('',(#6279,#6280,#6281,#6282));
#1548=EDGE_LOOP('',(#6283,#6284,#6285,#6286));
#1549=EDGE_LOOP('',(#6287,#6288,#6289,#6290,#6291));
#1550=EDGE_LOOP('',(#6292,#6293,#6294,#6295));
#1551=EDGE_LOOP('',(#6296,#6297,#6298,#6299));
#1552=EDGE_LOOP('',(#6300,#6301,#6302,#6303));
#1553=EDGE_LOOP('',(#6304,#6305,#6306,#6307,#6308));
#1554=EDGE_LOOP('',(#6309,#6310,#6311,#6312));
#1555=EDGE_LOOP('',(#6313,#6314,#6315,#6316));
#1556=EDGE_LOOP('',(#6317,#6318,#6319,#6320,#6321));
#1557=EDGE_LOOP('',(#6322,#6323,#6324,#6325));
#1558=EDGE_LOOP('',(#6326,#6327,#6328,#6329));
#1559=EDGE_LOOP('',(#6330,#6331,#6332,#6333));
#1560=EDGE_LOOP('',(#6334,#6335,#6336,#6337,#6338));
#1561=EDGE_LOOP('',(#6339,#6340,#6341,#6342));
#1562=EDGE_LOOP('',(#6343,#6344,#6345,#6346));
#1563=EDGE_LOOP('',(#6347,#6348,#6349,#6350,#6351));
#1564=EDGE_LOOP('',(#6352,#6353,#6354,#6355));
#1565=EDGE_LOOP('',(#6356,#6357,#6358,#6359));
#1566=EDGE_LOOP('',(#6360,#6361,#6362,#6363));
#1567=EDGE_LOOP('',(#6364,#6365,#6366,#6367,#6368));
#1568=EDGE_LOOP('',(#6369,#6370,#6371,#6372));
#1569=EDGE_LOOP('',(#6373,#6374,#6375,#6376));
#1570=EDGE_LOOP('',(#6377,#6378,#6379,#6380,#6381));
#1571=EDGE_LOOP('',(#6382,#6383,#6384,#6385));
#1572=EDGE_LOOP('',(#6386,#6387,#6388,#6389));
#1573=EDGE_LOOP('',(#6390,#6391,#6392,#6393));
#1574=EDGE_LOOP('',(#6394,#6395,#6396,#6397,#6398));
#1575=EDGE_LOOP('',(#6399,#6400,#6401,#6402));
#1576=EDGE_LOOP('',(#6403,#6404,#6405,#6406));
#1577=EDGE_LOOP('',(#6407,#6408,#6409,#6410,#6411));
#1578=EDGE_LOOP('',(#6412,#6413,#6414,#6415));
#1579=EDGE_LOOP('',(#6416,#6417,#6418,#6419));
#1580=EDGE_LOOP('',(#6420,#6421,#6422,#6423));
#1581=EDGE_LOOP('',(#6424,#6425,#6426,#6427,#6428));
#1582=EDGE_LOOP('',(#6429,#6430,#6431,#6432));
#1583=EDGE_LOOP('',(#6433,#6434,#6435,#6436));
#1584=EDGE_LOOP('',(#6437,#6438,#6439,#6440,#6441));
#1585=EDGE_LOOP('',(#6442,#6443,#6444,#6445));
#1586=EDGE_LOOP('',(#6446,#6447,#6448,#6449));
#1587=EDGE_LOOP('',(#6450,#6451,#6452,#6453));
#1588=EDGE_LOOP('',(#6454,#6455,#6456,#6457,#6458));
#1589=EDGE_LOOP('',(#6459,#6460,#6461,#6462));
#1590=EDGE_LOOP('',(#6463,#6464,#6465,#6466));
#1591=EDGE_LOOP('',(#6467,#6468,#6469,#6470,#6471));
#1592=EDGE_LOOP('',(#6472,#6473,#6474,#6475));
#1593=EDGE_LOOP('',(#6476,#6477,#6478,#6479));
#1594=EDGE_LOOP('',(#6480,#6481,#6482,#6483));
#1595=EDGE_LOOP('',(#6484,#6485,#6486,#6487,#6488));
#1596=EDGE_LOOP('',(#6489,#6490,#6491,#6492));
#1597=EDGE_LOOP('',(#6493,#6494,#6495,#6496));
#1598=EDGE_LOOP('',(#6497,#6498,#6499,#6500,#6501));
#1599=EDGE_LOOP('',(#6502,#6503,#6504,#6505));
#1600=EDGE_LOOP('',(#6506,#6507,#6508,#6509));
#1601=EDGE_LOOP('',(#6510,#6511,#6512,#6513));
#1602=EDGE_LOOP('',(#6514,#6515,#6516,#6517,#6518));
#1603=EDGE_LOOP('',(#6519,#6520,#6521,#6522));
#1604=EDGE_LOOP('',(#6523,#6524,#6525,#6526));
#1605=EDGE_LOOP('',(#6527,#6528,#6529,#6530,#6531));
#1606=EDGE_LOOP('',(#6532,#6533,#6534,#6535));
#1607=EDGE_LOOP('',(#6536,#6537,#6538,#6539));
#1608=EDGE_LOOP('',(#6540,#6541,#6542,#6543));
#1609=EDGE_LOOP('',(#6544,#6545,#6546,#6547,#6548));
#1610=EDGE_LOOP('',(#6549,#6550,#6551,#6552));
#1611=EDGE_LOOP('',(#6553,#6554,#6555,#6556));
#1612=EDGE_LOOP('',(#6557,#6558,#6559,#6560,#6561));
#1613=EDGE_LOOP('',(#6562,#6563,#6564,#6565));
#1614=EDGE_LOOP('',(#6566,#6567,#6568,#6569));
#1615=EDGE_LOOP('',(#6570,#6571,#6572,#6573));
#1616=EDGE_LOOP('',(#6574,#6575,#6576,#6577,#6578,#6579,#6580,#6581,#6582));
#1617=EDGE_LOOP('',(#6583,#6584,#6585,#6586,#6587,#6588,#6589,#6590,#6591));
#1618=EDGE_LOOP('',(#6592,#6593,#6594,#6595,#6596,#6597,#6598,#6599,#6600));
#1619=EDGE_LOOP('',(#6601,#6602,#6603,#6604,#6605,#6606,#6607,#6608,#6609));
#1620=EDGE_LOOP('',(#6610,#6611,#6612,#6613,#6614,#6615,#6616,#6617,#6618));
#1621=EDGE_LOOP('',(#6619,#6620,#6621,#6622,#6623,#6624,#6625,#6626,#6627));
#1622=EDGE_LOOP('',(#6628,#6629,#6630,#6631,#6632,#6633,#6634,#6635,#6636));
#1623=EDGE_LOOP('',(#6637,#6638,#6639,#6640,#6641,#6642,#6643,#6644,#6645));
#1624=EDGE_LOOP('',(#6646,#6647,#6648,#6649,#6650,#6651,#6652,#6653,#6654));
#1625=EDGE_LOOP('',(#6655,#6656,#6657,#6658,#6659,#6660,#6661,#6662,#6663));
#1626=EDGE_LOOP('',(#6664,#6665,#6666,#6667,#6668,#6669,#6670,#6671,#6672));
#1627=EDGE_LOOP('',(#6673,#6674,#6675,#6676,#6677,#6678,#6679,#6680,#6681));
#1628=EDGE_LOOP('',(#6682,#6683,#6684,#6685,#6686,#6687,#6688,#6689,#6690));
#1629=EDGE_LOOP('',(#6691,#6692,#6693,#6694,#6695,#6696,#6697,#6698,#6699));
#1630=EDGE_LOOP('',(#6700,#6701,#6702,#6703,#6704,#6705,#6706,#6707,#6708));
#1631=EDGE_LOOP('',(#6709,#6710,#6711,#6712,#6713,#6714,#6715,#6716,#6717));
#1632=EDGE_LOOP('',(#6718,#6719,#6720,#6721,#6722,#6723,#6724,#6725,#6726));
#1633=EDGE_LOOP('',(#6727,#6728,#6729,#6730,#6731,#6732,#6733,#6734,#6735));
#1634=EDGE_LOOP('',(#6736,#6737,#6738,#6739,#6740,#6741,#6742,#6743,#6744));
#1635=EDGE_LOOP('',(#6745,#6746,#6747,#6748,#6749,#6750,#6751,#6752,#6753));
#1636=EDGE_LOOP('',(#6754,#6755,#6756,#6757));
#1637=EDGE_LOOP('',(#6758,#6759,#6760,#6761));
#1638=EDGE_LOOP('',(#6762,#6763,#6764,#6765,#6766));
#1639=EDGE_LOOP('',(#6767,#6768,#6769,#6770));
#1640=EDGE_LOOP('',(#6771,#6772,#6773,#6774));
#1641=EDGE_LOOP('',(#6775,#6776,#6777,#6778,#6779));
#1642=EDGE_LOOP('',(#6780,#6781,#6782,#6783));
#1643=EDGE_LOOP('',(#6784,#6785,#6786,#6787));
#1644=EDGE_LOOP('',(#6788,#6789,#6790,#6791));
#1645=EDGE_LOOP('',(#6792,#6793,#6794,#6795,#6796));
#1646=EDGE_LOOP('',(#6797,#6798,#6799,#6800));
#1647=EDGE_LOOP('',(#6801,#6802,#6803,#6804));
#1648=EDGE_LOOP('',(#6805,#6806,#6807,#6808,#6809));
#1649=EDGE_LOOP('',(#6810,#6811,#6812,#6813));
#1650=EDGE_LOOP('',(#6814,#6815,#6816,#6817));
#1651=EDGE_LOOP('',(#6818,#6819,#6820,#6821));
#1652=EDGE_LOOP('',(#6822,#6823,#6824,#6825,#6826));
#1653=EDGE_LOOP('',(#6827,#6828,#6829,#6830));
#1654=EDGE_LOOP('',(#6831,#6832,#6833,#6834));
#1655=EDGE_LOOP('',(#6835,#6836,#6837,#6838,#6839));
#1656=EDGE_LOOP('',(#6840,#6841,#6842,#6843));
#1657=EDGE_LOOP('',(#6844,#6845,#6846,#6847));
#1658=EDGE_LOOP('',(#6848,#6849,#6850,#6851));
#1659=EDGE_LOOP('',(#6852,#6853,#6854,#6855,#6856));
#1660=EDGE_LOOP('',(#6857,#6858,#6859,#6860));
#1661=EDGE_LOOP('',(#6861,#6862,#6863,#6864));
#1662=EDGE_LOOP('',(#6865,#6866,#6867,#6868,#6869));
#1663=EDGE_LOOP('',(#6870,#6871,#6872,#6873));
#1664=EDGE_LOOP('',(#6874,#6875,#6876,#6877));
#1665=EDGE_LOOP('',(#6878,#6879,#6880,#6881));
#1666=EDGE_LOOP('',(#6882,#6883,#6884,#6885,#6886));
#1667=EDGE_LOOP('',(#6887,#6888,#6889,#6890));
#1668=EDGE_LOOP('',(#6891,#6892,#6893,#6894));
#1669=EDGE_LOOP('',(#6895,#6896,#6897,#6898,#6899));
#1670=EDGE_LOOP('',(#6900,#6901,#6902,#6903));
#1671=EDGE_LOOP('',(#6904,#6905,#6906,#6907));
#1672=EDGE_LOOP('',(#6908,#6909,#6910,#6911));
#1673=EDGE_LOOP('',(#6912,#6913,#6914,#6915,#6916));
#1674=EDGE_LOOP('',(#6917,#6918,#6919,#6920));
#1675=EDGE_LOOP('',(#6921,#6922,#6923,#6924));
#1676=EDGE_LOOP('',(#6925,#6926,#6927,#6928,#6929));
#1677=EDGE_LOOP('',(#6930,#6931,#6932,#6933));
#1678=EDGE_LOOP('',(#6934,#6935,#6936,#6937));
#1679=EDGE_LOOP('',(#6938,#6939,#6940,#6941));
#1680=EDGE_LOOP('',(#6942,#6943,#6944,#6945,#6946));
#1681=EDGE_LOOP('',(#6947,#6948,#6949,#6950));
#1682=EDGE_LOOP('',(#6951,#6952,#6953,#6954));
#1683=EDGE_LOOP('',(#6955,#6956,#6957,#6958,#6959));
#1684=EDGE_LOOP('',(#6960,#6961,#6962,#6963));
#1685=EDGE_LOOP('',(#6964,#6965,#6966,#6967));
#1686=EDGE_LOOP('',(#6968,#6969,#6970,#6971));
#1687=EDGE_LOOP('',(#6972,#6973,#6974,#6975,#6976));
#1688=EDGE_LOOP('',(#6977,#6978,#6979,#6980));
#1689=EDGE_LOOP('',(#6981,#6982,#6983,#6984));
#1690=EDGE_LOOP('',(#6985,#6986,#6987,#6988,#6989));
#1691=EDGE_LOOP('',(#6990,#6991,#6992,#6993));
#1692=EDGE_LOOP('',(#6994,#6995,#6996,#6997));
#1693=EDGE_LOOP('',(#6998,#6999,#7000,#7001));
#1694=EDGE_LOOP('',(#7002,#7003,#7004,#7005,#7006));
#1695=EDGE_LOOP('',(#7007,#7008,#7009,#7010));
#1696=EDGE_LOOP('',(#7011,#7012,#7013,#7014));
#1697=EDGE_LOOP('',(#7015,#7016,#7017,#7018,#7019));
#1698=EDGE_LOOP('',(#7020,#7021,#7022,#7023));
#1699=EDGE_LOOP('',(#7024,#7025,#7026,#7027));
#1700=EDGE_LOOP('',(#7028,#7029,#7030,#7031));
#1701=EDGE_LOOP('',(#7032,#7033,#7034,#7035,#7036));
#1702=EDGE_LOOP('',(#7037,#7038,#7039,#7040));
#1703=EDGE_LOOP('',(#7041,#7042,#7043,#7044));
#1704=EDGE_LOOP('',(#7045,#7046,#7047,#7048,#7049));
#1705=EDGE_LOOP('',(#7050,#7051,#7052,#7053));
#1706=EDGE_LOOP('',(#7054,#7055,#7056,#7057));
#1707=EDGE_LOOP('',(#7058,#7059,#7060,#7061));
#1708=EDGE_LOOP('',(#7062,#7063,#7064,#7065,#7066));
#1709=EDGE_LOOP('',(#7067,#7068,#7069,#7070));
#1710=EDGE_LOOP('',(#7071,#7072,#7073,#7074));
#1711=EDGE_LOOP('',(#7075,#7076,#7077,#7078,#7079));
#1712=EDGE_LOOP('',(#7080,#7081,#7082,#7083));
#1713=EDGE_LOOP('',(#7084,#7085,#7086,#7087));
#1714=EDGE_LOOP('',(#7088,#7089,#7090,#7091));
#1715=EDGE_LOOP('',(#7092,#7093,#7094,#7095,#7096));
#1716=EDGE_LOOP('',(#7097,#7098,#7099,#7100));
#1717=EDGE_LOOP('',(#7101,#7102,#7103,#7104));
#1718=EDGE_LOOP('',(#7105,#7106,#7107,#7108,#7109));
#1719=EDGE_LOOP('',(#7110,#7111,#7112,#7113));
#1720=EDGE_LOOP('',(#7114,#7115,#7116,#7117));
#1721=EDGE_LOOP('',(#7118,#7119,#7120,#7121));
#1722=EDGE_LOOP('',(#7122,#7123,#7124,#7125,#7126));
#1723=EDGE_LOOP('',(#7127,#7128,#7129,#7130));
#1724=EDGE_LOOP('',(#7131,#7132,#7133,#7134));
#1725=EDGE_LOOP('',(#7135,#7136,#7137,#7138,#7139));
#1726=EDGE_LOOP('',(#7140,#7141,#7142,#7143));
#1727=EDGE_LOOP('',(#7144,#7145,#7146,#7147));
#1728=EDGE_LOOP('',(#7148,#7149,#7150,#7151));
#1729=EDGE_LOOP('',(#7152,#7153,#7154,#7155,#7156));
#1730=EDGE_LOOP('',(#7157,#7158,#7159,#7160));
#1731=EDGE_LOOP('',(#7161,#7162,#7163,#7164));
#1732=EDGE_LOOP('',(#7165,#7166,#7167,#7168,#7169));
#1733=EDGE_LOOP('',(#7170,#7171,#7172,#7173));
#1734=EDGE_LOOP('',(#7174,#7175,#7176,#7177));
#1735=EDGE_LOOP('',(#7178,#7179,#7180,#7181));
#1736=EDGE_LOOP('',(#7182,#7183,#7184,#7185,#7186));
#1737=EDGE_LOOP('',(#7187,#7188,#7189,#7190));
#1738=EDGE_LOOP('',(#7191,#7192,#7193,#7194));
#1739=EDGE_LOOP('',(#7195,#7196,#7197,#7198,#7199));
#1740=EDGE_LOOP('',(#7200,#7201,#7202,#7203));
#1741=EDGE_LOOP('',(#7204,#7205,#7206,#7207));
#1742=EDGE_LOOP('',(#7208,#7209,#7210,#7211));
#1743=EDGE_LOOP('',(#7212,#7213,#7214,#7215,#7216));
#1744=EDGE_LOOP('',(#7217,#7218,#7219,#7220));
#1745=EDGE_LOOP('',(#7221,#7222,#7223,#7224));
#1746=EDGE_LOOP('',(#7225,#7226,#7227,#7228,#7229));
#1747=EDGE_LOOP('',(#7230,#7231,#7232,#7233));
#1748=EDGE_LOOP('',(#7234,#7235,#7236,#7237));
#1749=EDGE_LOOP('',(#7238,#7239,#7240,#7241));
#1750=EDGE_LOOP('',(#7242,#7243,#7244,#7245,#7246));
#1751=EDGE_LOOP('',(#7247,#7248,#7249,#7250));
#1752=EDGE_LOOP('',(#7251,#7252,#7253,#7254));
#1753=EDGE_LOOP('',(#7255,#7256,#7257,#7258,#7259));
#1754=EDGE_LOOP('',(#7260,#7261,#7262,#7263));
#1755=EDGE_LOOP('',(#7264,#7265,#7266,#7267));
#1756=EDGE_LOOP('',(#7268,#7269,#7270,#7271));
#1757=EDGE_LOOP('',(#7272,#7273,#7274,#7275,#7276));
#1758=EDGE_LOOP('',(#7277,#7278,#7279,#7280));
#1759=EDGE_LOOP('',(#7281,#7282,#7283,#7284));
#1760=EDGE_LOOP('',(#7285,#7286,#7287,#7288,#7289));
#1761=EDGE_LOOP('',(#7290,#7291,#7292,#7293));
#1762=EDGE_LOOP('',(#7294,#7295,#7296,#7297));
#1763=EDGE_LOOP('',(#7298,#7299,#7300,#7301));
#1764=EDGE_LOOP('',(#7302,#7303,#7304,#7305,#7306));
#1765=EDGE_LOOP('',(#7307,#7308,#7309,#7310));
#1766=EDGE_LOOP('',(#7311,#7312,#7313,#7314));
#1767=EDGE_LOOP('',(#7315,#7316,#7317,#7318,#7319));
#1768=EDGE_LOOP('',(#7320,#7321,#7322,#7323));
#1769=EDGE_LOOP('',(#7324,#7325,#7326,#7327));
#1770=EDGE_LOOP('',(#7328,#7329,#7330,#7331));
#1771=EDGE_LOOP('',(#7332,#7333,#7334,#7335,#7336));
#1772=EDGE_LOOP('',(#7337,#7338,#7339,#7340));
#1773=EDGE_LOOP('',(#7341,#7342,#7343,#7344));
#1774=EDGE_LOOP('',(#7345,#7346,#7347,#7348,#7349));
#1775=EDGE_LOOP('',(#7350,#7351,#7352,#7353));
#1776=EDGE_LOOP('',(#7354,#7355,#7356,#7357,#7358,#7359,#7360,#7361,#7362,
#7363,#7364,#7365,#7366,#7367,#7368,#7369,#7370,#7371,#7372,#7373,#7374,
#7375,#7376,#7377,#7378,#7379,#7380,#7381,#7382,#7383,#7384,#7385,#7386,
#7387,#7388,#7389,#7390,#7391,#7392,#7393,#7394,#7395,#7396,#7397,#7398,
#7399,#7400,#7401,#7402,#7403,#7404,#7405,#7406,#7407,#7408,#7409,#7410,
#7411,#7412,#7413,#7414,#7415,#7416,#7417,#7418,#7419,#7420,#7421,#7422,
#7423,#7424,#7425,#7426,#7427,#7428,#7429,#7430,#7431,#7432,#7433,#7434,
#7435,#7436,#7437,#7438,#7439,#7440,#7441,#7442,#7443,#7444,#7445,#7446,
#7447,#7448,#7449,#7450,#7451,#7452,#7453,#7454,#7455,#7456,#7457,#7458,
#7459,#7460,#7461,#7462,#7463,#7464,#7465,#7466,#7467,#7468,#7469,#7470,
#7471,#7472,#7473,#7474,#7475,#7476,#7477,#7478,#7479,#7480,#7481,#7482,
#7483,#7484,#7485,#7486,#7487,#7488,#7489,#7490,#7491,#7492,#7493));
#1777=EDGE_LOOP('',(#7494));
#1778=EDGE_LOOP('',(#7495,#7496,#7497,#7498,#7499,#7500,#7501,#7502,#7503,
#7504,#7505,#7506,#7507,#7508,#7509,#7510,#7511,#7512,#7513,#7514,#7515,
#7516,#7517,#7518,#7519,#7520,#7521,#7522,#7523,#7524,#7525,#7526,#7527,
#7528,#7529,#7530,#7531,#7532,#7533,#7534,#7535,#7536,#7537,#7538,#7539,
#7540,#7541,#7542,#7543,#7544,#7545,#7546,#7547,#7548,#7549,#7550,#7551,
#7552,#7553,#7554,#7555,#7556,#7557,#7558,#7559,#7560,#7561,#7562,#7563,
#7564,#7565,#7566,#7567,#7568,#7569,#7570,#7571,#7572,#7573,#7574,#7575,
#7576,#7577,#7578,#7579,#7580,#7581,#7582,#7583,#7584,#7585,#7586,#7587,
#7588,#7589,#7590,#7591,#7592,#7593,#7594,#7595,#7596,#7597,#7598,#7599,
#7600,#7601,#7602,#7603,#7604,#7605,#7606,#7607,#7608,#7609,#7610,#7611,
#7612,#7613,#7614,#7615,#7616,#7617,#7618,#7619,#7620,#7621,#7622,#7623,
#7624,#7625,#7626,#7627,#7628,#7629,#7630,#7631,#7632,#7633,#7634));
#1779=EDGE_LOOP('',(#7635));
#1780=EDGE_LOOP('',(#7636,#7637,#7638,#7639));
#1781=EDGE_LOOP('',(#7640,#7641,#7642,#7643));
#1782=EDGE_LOOP('',(#7644,#7645,#7646,#7647));
#1783=EDGE_LOOP('',(#7648,#7649,#7650,#7651));
#1784=EDGE_LOOP('',(#7652,#7653,#7654,#7655));
#1785=EDGE_LOOP('',(#7656,#7657,#7658,#7659));
#1786=EDGE_LOOP('',(#7660,#7661,#7662,#7663,#7664,#7665));
#1787=EDGE_LOOP('',(#7666,#7667,#7668,#7669));
#1788=EDGE_LOOP('',(#7670,#7671,#7672,#7673));
#1789=EDGE_LOOP('',(#7674,#7675,#7676,#7677));
#1790=EDGE_LOOP('',(#7678));
#1791=EDGE_LOOP('',(#7679,#7680,#7681,#7682,#7683,#7684));
#1792=EDGE_LOOP('',(#7685,#7686,#7687,#7688));
#1793=EDGE_LOOP('',(#7689,#7690,#7691,#7692));
#1794=EDGE_LOOP('',(#7693,#7694,#7695,#7696));
#1795=EDGE_LOOP('',(#7697,#7698,#7699,#7700));
#1796=EDGE_LOOP('',(#7701,#7702,#7703,#7704));
#1797=EDGE_LOOP('',(#7705,#7706,#7707,#7708));
#1798=EDGE_LOOP('',(#7709,#7710,#7711,#7712,#7713,#7714));
#1799=EDGE_LOOP('',(#7715));
#1800=EDGE_LOOP('',(#7716));
#1801=EDGE_LOOP('',(#7717));
#1802=EDGE_LOOP('',(#7718));
#1803=EDGE_LOOP('',(#7719));
#1804=EDGE_LOOP('',(#7720,#7721,#7722,#7723));
#1805=EDGE_LOOP('',(#7724,#7725,#7726,#7727));
#1806=EDGE_LOOP('',(#7728,#7729,#7730,#7731));
#1807=EDGE_LOOP('',(#7732));
#1808=EDGE_LOOP('',(#7733,#7734,#7735,#7736,#7737,#7738));
#1809=EDGE_LOOP('',(#7739,#7740,#7741,#7742));
#1810=EDGE_LOOP('',(#7743,#7744,#7745,#7746));
#1811=EDGE_LOOP('',(#7747,#7748,#7749,#7750));
#1812=EDGE_LOOP('',(#7751,#7752,#7753,#7754));
#1813=EDGE_LOOP('',(#7755,#7756,#7757,#7758));
#1814=EDGE_LOOP('',(#7759,#7760,#7761,#7762));
#1815=EDGE_LOOP('',(#7763,#7764,#7765,#7766));
#1816=EDGE_LOOP('',(#7767,#7768,#7769,#7770,#7771));
#1817=EDGE_LOOP('',(#7772));
#1818=EDGE_LOOP('',(#7773));
#1819=EDGE_LOOP('',(#7774,#7775,#7776,#7777,#7778,#7779,#7780,#7781));
#1820=EDGE_LOOP('',(#7782));
#1821=EDGE_LOOP('',(#7783));
#1822=EDGE_LOOP('',(#7784));
#1823=EDGE_LOOP('',(#7785,#7786,#7787,#7788));
#1824=EDGE_LOOP('',(#7789,#7790,#7791,#7792));
#1825=EDGE_LOOP('',(#7793,#7794,#7795,#7796));
#1826=EDGE_LOOP('',(#7797,#7798,#7799,#7800,#7801,#7802));
#1827=EDGE_LOOP('',(#7803));
#1828=EDGE_LOOP('',(#7804));
#1829=EDGE_LOOP('',(#7805,#7806,#7807,#7808,#7809));
#1830=EDGE_LOOP('',(#7810));
#1831=EDGE_LOOP('',(#7811));
#1832=EDGE_LOOP('',(#7812,#7813,#7814,#7815));
#1833=EDGE_LOOP('',(#7816,#7817,#7818,#7819));
#1834=EDGE_LOOP('',(#7820,#7821,#7822,#7823));
#1835=EDGE_LOOP('',(#7824));
#1836=EDGE_LOOP('',(#7825));
#1837=EDGE_LOOP('',(#7826,#7827,#7828,#7829));
#1838=EDGE_LOOP('',(#7830));
#1839=EDGE_LOOP('',(#7831));
#1840=EDGE_LOOP('',(#7832,#7833,#7834,#7835,#7836));
#1841=EDGE_LOOP('',(#7837,#7838,#7839,#7840,#7841));
#1842=EDGE_LOOP('',(#7842,#7843,#7844,#7845,#7846));
#1843=EDGE_LOOP('',(#7847,#7848,#7849,#7850,#7851));
#1844=EDGE_LOOP('',(#7852,#7853,#7854,#7855,#7856));
#1845=EDGE_LOOP('',(#7857,#7858,#7859,#7860));
#1846=EDGE_LOOP('',(#7861,#7862,#7863,#7864,#7865,#7866));
#1847=EDGE_LOOP('',(#7867,#7868,#7869,#7870));
#1848=EDGE_LOOP('',(#7871,#7872));
#1849=EDGE_LOOP('',(#7873,#7874));
#1850=EDGE_LOOP('',(#7875,#7876));
#1851=EDGE_LOOP('',(#7877,#7878));
#1852=EDGE_LOOP('',(#7879,#7880,#7881,#7882,#7883,#7884,#7885,#7886,#7887,
#7888,#7889,#7890));
#1853=EDGE_LOOP('',(#7891));
#1854=EDGE_LOOP('',(#7892));
#1855=EDGE_LOOP('',(#7893));
#1856=EDGE_LOOP('',(#7894));
#1857=EDGE_LOOP('',(#7895));
#1858=EDGE_LOOP('',(#7896));
#1859=EDGE_LOOP('',(#7897));
#1860=EDGE_LOOP('',(#7898));
#1861=EDGE_LOOP('',(#7899,#7900,#7901,#7902));
#1862=EDGE_LOOP('',(#7903,#7904,#7905,#7906));
#1863=EDGE_LOOP('',(#7907,#7908,#7909,#7910));
#1864=EDGE_LOOP('',(#7911,#7912,#7913,#7914));
#1865=EDGE_LOOP('',(#7915,#7916,#7917,#7918));
#1866=EDGE_LOOP('',(#7919,#7920,#7921,#7922));
#1867=EDGE_LOOP('',(#7923,#7924,#7925,#7926,#7927,#7928));
#1868=EDGE_LOOP('',(#7929));
#1869=EDGE_LOOP('',(#7930,#7931,#7932,#7933));
#1870=EDGE_LOOP('',(#7934,#7935,#7936,#7937,#7938,#7939));
#1871=EDGE_LOOP('',(#7940,#7941,#7942,#7943));
#1872=EDGE_LOOP('',(#7944,#7945));
#1873=EDGE_LOOP('',(#7946,#7947,#7948,#7949));
#1874=EDGE_LOOP('',(#7950));
#1875=EDGE_LOOP('',(#7951,#7952,#7953,#7954,#7955,#7956));
#1876=LINE('',#12445,#2593);
#1877=LINE('',#12447,#2594);
#1878=LINE('',#12449,#2595);
#1879=LINE('',#12450,#2596);
#1880=LINE('',#12456,#2597);
#1881=LINE('',#12459,#2598);
#1882=LINE('',#12464,#2599);
#1883=LINE('',#12475,#2600);
#1884=LINE('',#12478,#2601);
#1885=LINE('',#12483,#2602);
#1886=LINE('',#12489,#2603);
#1887=LINE('',#12496,#2604);
#1888=LINE('',#12502,#2605);
#1889=LINE('',#12505,#2606);
#1890=LINE('',#12510,#2607);
#1891=LINE('',#12517,#2608);
#1892=LINE('',#12545,#2609);
#1893=LINE('',#12550,#2610);
#1894=LINE('',#12552,#2611);
#1895=LINE('',#12554,#2612);
#1896=LINE('',#12555,#2613);
#1897=LINE('',#12558,#2614);
#1898=LINE('',#12560,#2615);
#1899=LINE('',#12561,#2616);
#1900=LINE('',#12564,#2617);
#1901=LINE('',#12566,#2618);
#1902=LINE('',#12567,#2619);
#1903=LINE('',#12570,#2620);
#1904=LINE('',#12572,#2621);
#1905=LINE('',#12573,#2622);
#1906=LINE('',#12576,#2623);
#1907=LINE('',#12578,#2624);
#1908=LINE('',#12579,#2625);
#1909=LINE('',#12581,#2626);
#1910=LINE('',#12582,#2627);
#1911=LINE('',#12598,#2628);
#1912=LINE('',#12610,#2629);
#1913=LINE('',#12615,#2630);
#1914=LINE('',#12617,#2631);
#1915=LINE('',#12619,#2632);
#1916=LINE('',#12620,#2633);
#1917=LINE('',#12623,#2634);
#1918=LINE('',#12625,#2635);
#1919=LINE('',#12626,#2636);
#1920=LINE('',#12629,#2637);
#1921=LINE('',#12631,#2638);
#1922=LINE('',#12632,#2639);
#1923=LINE('',#12635,#2640);
#1924=LINE('',#12637,#2641);
#1925=LINE('',#12638,#2642);
#1926=LINE('',#12641,#2643);
#1927=LINE('',#12643,#2644);
#1928=LINE('',#12644,#2645);
#1929=LINE('',#12646,#2646);
#1930=LINE('',#12647,#2647);
#1931=LINE('',#12663,#2648);
#1932=LINE('',#12691,#2649);
#1933=LINE('',#12713,#2650);
#1934=LINE('',#12715,#2651);
#1935=LINE('',#12717,#2652);
#1936=LINE('',#12718,#2653);
#1937=LINE('',#12721,#2654);
#1938=LINE('',#12723,#2655);
#1939=LINE('',#12724,#2656);
#1940=LINE('',#12727,#2657);
#1941=LINE('',#12729,#2658);
#1942=LINE('',#12730,#2659);
#1943=LINE('',#12733,#2660);
#1944=LINE('',#12735,#2661);
#1945=LINE('',#12736,#2662);
#1946=LINE('',#12739,#2663);
#1947=LINE('',#12741,#2664);
#1948=LINE('',#12742,#2665);
#1949=LINE('',#12744,#2666);
#1950=LINE('',#12745,#2667);
#1951=LINE('',#12751,#2668);
#1952=LINE('',#12760,#2669);
#1953=LINE('',#12771,#2670);
#1954=LINE('',#12773,#2671);
#1955=LINE('',#12775,#2672);
#1956=LINE('',#12776,#2673);
#1957=LINE('',#12779,#2674);
#1958=LINE('',#12781,#2675);
#1959=LINE('',#12782,#2676);
#1960=LINE('',#12785,#2677);
#1961=LINE('',#12787,#2678);
#1962=LINE('',#12788,#2679);
#1963=LINE('',#12791,#2680);
#1964=LINE('',#12793,#2681);
#1965=LINE('',#12794,#2682);
#1966=LINE('',#12797,#2683);
#1967=LINE('',#12799,#2684);
#1968=LINE('',#12800,#2685);
#1969=LINE('',#12802,#2686);
#1970=LINE('',#12803,#2687);
#1971=LINE('',#12812,#2688);
#1972=LINE('',#12825,#2689);
#1973=LINE('',#12831,#2690);
#1974=LINE('',#12835,#2691);
#1975=LINE('',#12839,#2692);
#1976=LINE('',#12843,#2693);
#1977=LINE('',#12847,#2694);
#1978=LINE('',#12853,#2695);
#1979=LINE('',#12859,#2696);
#1980=LINE('',#12864,#2697);
#1981=LINE('',#12870,#2698);
#1982=LINE('',#12876,#2699);
#1983=LINE('',#12878,#2700);
#1984=LINE('',#12885,#2701);
#1985=LINE('',#12889,#2702);
#1986=LINE('',#12895,#2703);
#1987=LINE('',#12897,#2704);
#1988=LINE('',#12904,#2705);
#1989=LINE('',#12908,#2706);
#1990=LINE('',#12914,#2707);
#1991=LINE('',#12916,#2708);
#1992=LINE('',#12923,#2709);
#1993=LINE('',#12927,#2710);
#1994=LINE('',#12933,#2711);
#1995=LINE('',#12935,#2712);
#1996=LINE('',#12942,#2713);
#1997=LINE('',#12946,#2714);
#1998=LINE('',#12952,#2715);
#1999=LINE('',#12954,#2716);
#2000=LINE('',#12961,#2717);
#2001=LINE('',#12965,#2718);
#2002=LINE('',#12971,#2719);
#2003=LINE('',#12973,#2720);
#2004=LINE('',#12980,#2721);
#2005=LINE('',#12984,#2722);
#2006=LINE('',#12990,#2723);
#2007=LINE('',#12992,#2724);
#2008=LINE('',#12999,#2725);
#2009=LINE('',#13003,#2726);
#2010=LINE('',#13009,#2727);
#2011=LINE('',#13011,#2728);
#2012=LINE('',#13018,#2729);
#2013=LINE('',#13022,#2730);
#2014=LINE('',#13028,#2731);
#2015=LINE('',#13030,#2732);
#2016=LINE('',#13037,#2733);
#2017=LINE('',#13041,#2734);
#2018=LINE('',#13043,#2735);
#2019=LINE('',#13051,#2736);
#2020=LINE('',#13053,#2737);
#2021=LINE('',#13060,#2738);
#2022=LINE('',#13062,#2739);
#2023=LINE('',#13070,#2740);
#2024=LINE('',#13072,#2741);
#2025=LINE('',#13079,#2742);
#2026=LINE('',#13081,#2743);
#2027=LINE('',#13089,#2744);
#2028=LINE('',#13091,#2745);
#2029=LINE('',#13098,#2746);
#2030=LINE('',#13100,#2747);
#2031=LINE('',#13108,#2748);
#2032=LINE('',#13110,#2749);
#2033=LINE('',#13117,#2750);
#2034=LINE('',#13119,#2751);
#2035=LINE('',#13127,#2752);
#2036=LINE('',#13129,#2753);
#2037=LINE('',#13136,#2754);
#2038=LINE('',#13138,#2755);
#2039=LINE('',#13146,#2756);
#2040=LINE('',#13148,#2757);
#2041=LINE('',#13155,#2758);
#2042=LINE('',#13157,#2759);
#2043=LINE('',#13165,#2760);
#2044=LINE('',#13167,#2761);
#2045=LINE('',#13174,#2762);
#2046=LINE('',#13176,#2763);
#2047=LINE('',#13184,#2764);
#2048=LINE('',#13186,#2765);
#2049=LINE('',#13193,#2766);
#2050=LINE('',#13195,#2767);
#2051=LINE('',#13203,#2768);
#2052=LINE('',#13205,#2769);
#2053=LINE('',#13212,#2770);
#2054=LINE('',#13214,#2771);
#2055=LINE('',#13222,#2772);
#2056=LINE('',#13224,#2773);
#2057=LINE('',#13231,#2774);
#2058=LINE('',#13237,#2775);
#2059=LINE('',#13239,#2776);
#2060=LINE('',#13246,#2777);
#2061=LINE('',#13249,#2778);
#2062=LINE('',#13251,#2779);
#2063=LINE('',#13253,#2780);
#2064=LINE('',#13254,#2781);
#2065=LINE('',#13260,#2782);
#2066=LINE('',#13266,#2783);
#2067=LINE('',#13268,#2784);
#2068=LINE('',#13270,#2785);
#2069=LINE('',#13271,#2786);
#2070=LINE('',#13275,#2787);
#2071=LINE('',#13279,#2788);
#2072=LINE('',#13283,#2789);
#2073=LINE('',#13286,#2790);
#2074=LINE('',#13288,#2791);
#2075=LINE('',#13289,#2792);
#2076=LINE('',#13295,#2793);
#2077=LINE('',#13301,#2794);
#2078=LINE('',#13303,#2795);
#2079=LINE('',#13305,#2796);
#2080=LINE('',#13306,#2797);
#2081=LINE('',#13310,#2798);
#2082=LINE('',#13314,#2799);
#2083=LINE('',#13318,#2800);
#2084=LINE('',#13321,#2801);
#2085=LINE('',#13323,#2802);
#2086=LINE('',#13324,#2803);
#2087=LINE('',#13330,#2804);
#2088=LINE('',#13336,#2805);
#2089=LINE('',#13338,#2806);
#2090=LINE('',#13340,#2807);
#2091=LINE('',#13341,#2808);
#2092=LINE('',#13345,#2809);
#2093=LINE('',#13349,#2810);
#2094=LINE('',#13353,#2811);
#2095=LINE('',#13356,#2812);
#2096=LINE('',#13358,#2813);
#2097=LINE('',#13359,#2814);
#2098=LINE('',#13365,#2815);
#2099=LINE('',#13371,#2816);
#2100=LINE('',#13373,#2817);
#2101=LINE('',#13375,#2818);
#2102=LINE('',#13376,#2819);
#2103=LINE('',#13380,#2820);
#2104=LINE('',#13384,#2821);
#2105=LINE('',#13388,#2822);
#2106=LINE('',#13391,#2823);
#2107=LINE('',#13393,#2824);
#2108=LINE('',#13394,#2825);
#2109=LINE('',#13400,#2826);
#2110=LINE('',#13406,#2827);
#2111=LINE('',#13408,#2828);
#2112=LINE('',#13410,#2829);
#2113=LINE('',#13411,#2830);
#2114=LINE('',#13415,#2831);
#2115=LINE('',#13419,#2832);
#2116=LINE('',#13423,#2833);
#2117=LINE('',#13426,#2834);
#2118=LINE('',#13428,#2835);
#2119=LINE('',#13429,#2836);
#2120=LINE('',#13435,#2837);
#2121=LINE('',#13441,#2838);
#2122=LINE('',#13443,#2839);
#2123=LINE('',#13445,#2840);
#2124=LINE('',#13446,#2841);
#2125=LINE('',#13450,#2842);
#2126=LINE('',#13454,#2843);
#2127=LINE('',#13458,#2844);
#2128=LINE('',#13461,#2845);
#2129=LINE('',#13463,#2846);
#2130=LINE('',#13464,#2847);
#2131=LINE('',#13470,#2848);
#2132=LINE('',#13476,#2849);
#2133=LINE('',#13478,#2850);
#2134=LINE('',#13480,#2851);
#2135=LINE('',#13481,#2852);
#2136=LINE('',#13485,#2853);
#2137=LINE('',#13489,#2854);
#2138=LINE('',#13493,#2855);
#2139=LINE('',#13496,#2856);
#2140=LINE('',#13498,#2857);
#2141=LINE('',#13499,#2858);
#2142=LINE('',#13505,#2859);
#2143=LINE('',#13511,#2860);
#2144=LINE('',#13513,#2861);
#2145=LINE('',#13515,#2862);
#2146=LINE('',#13516,#2863);
#2147=LINE('',#13520,#2864);
#2148=LINE('',#13524,#2865);
#2149=LINE('',#13528,#2866);
#2150=LINE('',#13531,#2867);
#2151=LINE('',#13533,#2868);
#2152=LINE('',#13534,#2869);
#2153=LINE('',#13540,#2870);
#2154=LINE('',#13546,#2871);
#2155=LINE('',#13548,#2872);
#2156=LINE('',#13550,#2873);
#2157=LINE('',#13551,#2874);
#2158=LINE('',#13555,#2875);
#2159=LINE('',#13559,#2876);
#2160=LINE('',#13563,#2877);
#2161=LINE('',#13566,#2878);
#2162=LINE('',#13568,#2879);
#2163=LINE('',#13569,#2880);
#2164=LINE('',#13575,#2881);
#2165=LINE('',#13581,#2882);
#2166=LINE('',#13583,#2883);
#2167=LINE('',#13585,#2884);
#2168=LINE('',#13586,#2885);
#2169=LINE('',#13590,#2886);
#2170=LINE('',#13594,#2887);
#2171=LINE('',#13598,#2888);
#2172=LINE('',#13601,#2889);
#2173=LINE('',#13603,#2890);
#2174=LINE('',#13604,#2891);
#2175=LINE('',#13610,#2892);
#2176=LINE('',#13616,#2893);
#2177=LINE('',#13618,#2894);
#2178=LINE('',#13620,#2895);
#2179=LINE('',#13621,#2896);
#2180=LINE('',#13625,#2897);
#2181=LINE('',#13629,#2898);
#2182=LINE('',#13633,#2899);
#2183=LINE('',#13636,#2900);
#2184=LINE('',#13638,#2901);
#2185=LINE('',#13639,#2902);
#2186=LINE('',#13645,#2903);
#2187=LINE('',#13651,#2904);
#2188=LINE('',#13653,#2905);
#2189=LINE('',#13655,#2906);
#2190=LINE('',#13656,#2907);
#2191=LINE('',#13660,#2908);
#2192=LINE('',#13664,#2909);
#2193=LINE('',#13668,#2910);
#2194=LINE('',#13671,#2911);
#2195=LINE('',#13673,#2912);
#2196=LINE('',#13674,#2913);
#2197=LINE('',#13680,#2914);
#2198=LINE('',#13686,#2915);
#2199=LINE('',#13688,#2916);
#2200=LINE('',#13690,#2917);
#2201=LINE('',#13691,#2918);
#2202=LINE('',#13695,#2919);
#2203=LINE('',#13699,#2920);
#2204=LINE('',#13703,#2921);
#2205=LINE('',#13706,#2922);
#2206=LINE('',#13708,#2923);
#2207=LINE('',#13709,#2924);
#2208=LINE('',#13715,#2925);
#2209=LINE('',#13721,#2926);
#2210=LINE('',#13723,#2927);
#2211=LINE('',#13725,#2928);
#2212=LINE('',#13726,#2929);
#2213=LINE('',#13730,#2930);
#2214=LINE('',#13734,#2931);
#2215=LINE('',#13738,#2932);
#2216=LINE('',#13741,#2933);
#2217=LINE('',#13743,#2934);
#2218=LINE('',#13744,#2935);
#2219=LINE('',#13750,#2936);
#2220=LINE('',#13756,#2937);
#2221=LINE('',#13758,#2938);
#2222=LINE('',#13760,#2939);
#2223=LINE('',#13761,#2940);
#2224=LINE('',#13765,#2941);
#2225=LINE('',#13769,#2942);
#2226=LINE('',#13773,#2943);
#2227=LINE('',#13776,#2944);
#2228=LINE('',#13778,#2945);
#2229=LINE('',#13779,#2946);
#2230=LINE('',#13785,#2947);
#2231=LINE('',#13791,#2948);
#2232=LINE('',#13793,#2949);
#2233=LINE('',#13795,#2950);
#2234=LINE('',#13796,#2951);
#2235=LINE('',#13800,#2952);
#2236=LINE('',#13804,#2953);
#2237=LINE('',#13808,#2954);
#2238=LINE('',#13811,#2955);
#2239=LINE('',#13813,#2956);
#2240=LINE('',#13814,#2957);
#2241=LINE('',#13820,#2958);
#2242=LINE('',#13826,#2959);
#2243=LINE('',#13828,#2960);
#2244=LINE('',#13830,#2961);
#2245=LINE('',#13831,#2962);
#2246=LINE('',#13835,#2963);
#2247=LINE('',#13839,#2964);
#2248=LINE('',#13843,#2965);
#2249=LINE('',#13846,#2966);
#2250=LINE('',#13848,#2967);
#2251=LINE('',#13849,#2968);
#2252=LINE('',#13855,#2969);
#2253=LINE('',#13861,#2970);
#2254=LINE('',#13863,#2971);
#2255=LINE('',#13865,#2972);
#2256=LINE('',#13866,#2973);
#2257=LINE('',#13870,#2974);
#2258=LINE('',#13874,#2975);
#2259=LINE('',#13878,#2976);
#2260=LINE('',#13881,#2977);
#2261=LINE('',#13883,#2978);
#2262=LINE('',#13884,#2979);
#2263=LINE('',#13890,#2980);
#2264=LINE('',#13896,#2981);
#2265=LINE('',#13898,#2982);
#2266=LINE('',#13900,#2983);
#2267=LINE('',#13901,#2984);
#2268=LINE('',#13905,#2985);
#2269=LINE('',#13909,#2986);
#2270=LINE('',#13913,#2987);
#2271=LINE('',#13916,#2988);
#2272=LINE('',#13918,#2989);
#2273=LINE('',#13919,#2990);
#2274=LINE('',#13925,#2991);
#2275=LINE('',#13931,#2992);
#2276=LINE('',#13933,#2993);
#2277=LINE('',#13935,#2994);
#2278=LINE('',#13936,#2995);
#2279=LINE('',#13940,#2996);
#2280=LINE('',#13944,#2997);
#2281=LINE('',#13949,#2998);
#2282=LINE('',#13956,#2999);
#2283=LINE('',#13959,#3000);
#2284=LINE('',#13966,#3001);
#2285=LINE('',#13969,#3002);
#2286=LINE('',#13976,#3003);
#2287=LINE('',#13979,#3004);
#2288=LINE('',#13986,#3005);
#2289=LINE('',#13989,#3006);
#2290=LINE('',#13996,#3007);
#2291=LINE('',#13999,#3008);
#2292=LINE('',#14006,#3009);
#2293=LINE('',#14009,#3010);
#2294=LINE('',#14016,#3011);
#2295=LINE('',#14019,#3012);
#2296=LINE('',#14026,#3013);
#2297=LINE('',#14029,#3014);
#2298=LINE('',#14036,#3015);
#2299=LINE('',#14039,#3016);
#2300=LINE('',#14046,#3017);
#2301=LINE('',#14049,#3018);
#2302=LINE('',#14056,#3019);
#2303=LINE('',#14059,#3020);
#2304=LINE('',#14066,#3021);
#2305=LINE('',#14069,#3022);
#2306=LINE('',#14076,#3023);
#2307=LINE('',#14079,#3024);
#2308=LINE('',#14086,#3025);
#2309=LINE('',#14089,#3026);
#2310=LINE('',#14096,#3027);
#2311=LINE('',#14099,#3028);
#2312=LINE('',#14106,#3029);
#2313=LINE('',#14109,#3030);
#2314=LINE('',#14116,#3031);
#2315=LINE('',#14119,#3032);
#2316=LINE('',#14126,#3033);
#2317=LINE('',#14129,#3034);
#2318=LINE('',#14136,#3035);
#2319=LINE('',#14139,#3036);
#2320=LINE('',#14146,#3037);
#2321=LINE('',#14151,#3038);
#2322=LINE('',#14152,#3039);
#2323=LINE('',#14156,#3040);
#2324=LINE('',#14159,#3041);
#2325=LINE('',#14160,#3042);
#2326=LINE('',#14164,#3043);
#2327=LINE('',#14168,#3044);
#2328=LINE('',#14171,#3045);
#2329=LINE('',#14172,#3046);
#2330=LINE('',#14176,#3047);
#2331=LINE('',#14180,#3048);
#2332=LINE('',#14184,#3049);
#2333=LINE('',#14187,#3050);
#2334=LINE('',#14188,#3051);
#2335=LINE('',#14192,#3052);
#2336=LINE('',#14196,#3053);
#2337=LINE('',#14199,#3054);
#2338=LINE('',#14200,#3055);
#2339=LINE('',#14204,#3056);
#2340=LINE('',#14208,#3057);
#2341=LINE('',#14212,#3058);
#2342=LINE('',#14215,#3059);
#2343=LINE('',#14216,#3060);
#2344=LINE('',#14220,#3061);
#2345=LINE('',#14224,#3062);
#2346=LINE('',#14227,#3063);
#2347=LINE('',#14228,#3064);
#2348=LINE('',#14232,#3065);
#2349=LINE('',#14236,#3066);
#2350=LINE('',#14240,#3067);
#2351=LINE('',#14243,#3068);
#2352=LINE('',#14244,#3069);
#2353=LINE('',#14248,#3070);
#2354=LINE('',#14252,#3071);
#2355=LINE('',#14255,#3072);
#2356=LINE('',#14256,#3073);
#2357=LINE('',#14260,#3074);
#2358=LINE('',#14264,#3075);
#2359=LINE('',#14268,#3076);
#2360=LINE('',#14271,#3077);
#2361=LINE('',#14272,#3078);
#2362=LINE('',#14276,#3079);
#2363=LINE('',#14280,#3080);
#2364=LINE('',#14283,#3081);
#2365=LINE('',#14284,#3082);
#2366=LINE('',#14288,#3083);
#2367=LINE('',#14292,#3084);
#2368=LINE('',#14296,#3085);
#2369=LINE('',#14299,#3086);
#2370=LINE('',#14300,#3087);
#2371=LINE('',#14304,#3088);
#2372=LINE('',#14308,#3089);
#2373=LINE('',#14311,#3090);
#2374=LINE('',#14312,#3091);
#2375=LINE('',#14316,#3092);
#2376=LINE('',#14320,#3093);
#2377=LINE('',#14324,#3094);
#2378=LINE('',#14327,#3095);
#2379=LINE('',#14328,#3096);
#2380=LINE('',#14332,#3097);
#2381=LINE('',#14336,#3098);
#2382=LINE('',#14339,#3099);
#2383=LINE('',#14340,#3100);
#2384=LINE('',#14344,#3101);
#2385=LINE('',#14348,#3102);
#2386=LINE('',#14352,#3103);
#2387=LINE('',#14355,#3104);
#2388=LINE('',#14356,#3105);
#2389=LINE('',#14360,#3106);
#2390=LINE('',#14364,#3107);
#2391=LINE('',#14367,#3108);
#2392=LINE('',#14368,#3109);
#2393=LINE('',#14372,#3110);
#2394=LINE('',#14376,#3111);
#2395=LINE('',#14380,#3112);
#2396=LINE('',#14383,#3113);
#2397=LINE('',#14384,#3114);
#2398=LINE('',#14388,#3115);
#2399=LINE('',#14392,#3116);
#2400=LINE('',#14395,#3117);
#2401=LINE('',#14396,#3118);
#2402=LINE('',#14400,#3119);
#2403=LINE('',#14404,#3120);
#2404=LINE('',#14408,#3121);
#2405=LINE('',#14411,#3122);
#2406=LINE('',#14412,#3123);
#2407=LINE('',#14416,#3124);
#2408=LINE('',#14420,#3125);
#2409=LINE('',#14423,#3126);
#2410=LINE('',#14424,#3127);
#2411=LINE('',#14428,#3128);
#2412=LINE('',#14432,#3129);
#2413=LINE('',#14436,#3130);
#2414=LINE('',#14439,#3131);
#2415=LINE('',#14440,#3132);
#2416=LINE('',#14444,#3133);
#2417=LINE('',#14448,#3134);
#2418=LINE('',#14451,#3135);
#2419=LINE('',#14452,#3136);
#2420=LINE('',#14456,#3137);
#2421=LINE('',#14460,#3138);
#2422=LINE('',#14464,#3139);
#2423=LINE('',#14467,#3140);
#2424=LINE('',#14468,#3141);
#2425=LINE('',#14472,#3142);
#2426=LINE('',#14476,#3143);
#2427=LINE('',#14479,#3144);
#2428=LINE('',#14480,#3145);
#2429=LINE('',#14484,#3146);
#2430=LINE('',#14488,#3147);
#2431=LINE('',#14492,#3148);
#2432=LINE('',#14495,#3149);
#2433=LINE('',#14496,#3150);
#2434=LINE('',#14500,#3151);
#2435=LINE('',#14504,#3152);
#2436=LINE('',#14507,#3153);
#2437=LINE('',#14508,#3154);
#2438=LINE('',#14512,#3155);
#2439=LINE('',#14516,#3156);
#2440=LINE('',#14520,#3157);
#2441=LINE('',#14523,#3158);
#2442=LINE('',#14524,#3159);
#2443=LINE('',#14528,#3160);
#2444=LINE('',#14532,#3161);
#2445=LINE('',#14535,#3162);
#2446=LINE('',#14536,#3163);
#2447=LINE('',#14540,#3164);
#2448=LINE('',#14544,#3165);
#2449=LINE('',#14548,#3166);
#2450=LINE('',#14551,#3167);
#2451=LINE('',#14552,#3168);
#2452=LINE('',#14556,#3169);
#2453=LINE('',#14560,#3170);
#2454=LINE('',#14563,#3171);
#2455=LINE('',#14564,#3172);
#2456=LINE('',#14568,#3173);
#2457=LINE('',#14572,#3174);
#2458=LINE('',#14576,#3175);
#2459=LINE('',#14579,#3176);
#2460=LINE('',#14580,#3177);
#2461=LINE('',#14584,#3178);
#2462=LINE('',#14588,#3179);
#2463=LINE('',#14591,#3180);
#2464=LINE('',#14592,#3181);
#2465=LINE('',#14596,#3182);
#2466=LINE('',#14600,#3183);
#2467=LINE('',#14604,#3184);
#2468=LINE('',#14607,#3185);
#2469=LINE('',#14608,#3186);
#2470=LINE('',#14612,#3187);
#2471=LINE('',#14616,#3188);
#2472=LINE('',#14619,#3189);
#2473=LINE('',#14620,#3190);
#2474=LINE('',#14624,#3191);
#2475=LINE('',#14628,#3192);
#2476=LINE('',#14632,#3193);
#2477=LINE('',#14635,#3194);
#2478=LINE('',#14636,#3195);
#2479=LINE('',#14640,#3196);
#2480=LINE('',#14644,#3197);
#2481=LINE('',#14647,#3198);
#2482=LINE('',#14648,#3199);
#2483=LINE('',#14652,#3200);
#2484=LINE('',#14656,#3201);
#2485=LINE('',#14660,#3202);
#2486=LINE('',#14663,#3203);
#2487=LINE('',#14664,#3204);
#2488=LINE('',#14668,#3205);
#2489=LINE('',#14672,#3206);
#2490=LINE('',#14675,#3207);
#2491=LINE('',#14676,#3208);
#2492=LINE('',#14680,#3209);
#2493=LINE('',#14684,#3210);
#2494=LINE('',#14688,#3211);
#2495=LINE('',#14691,#3212);
#2496=LINE('',#14692,#3213);
#2497=LINE('',#14696,#3214);
#2498=LINE('',#14700,#3215);
#2499=LINE('',#14703,#3216);
#2500=LINE('',#14704,#3217);
#2501=LINE('',#14712,#3218);
#2502=LINE('',#14714,#3219);
#2503=LINE('',#14716,#3220);
#2504=LINE('',#14717,#3221);
#2505=LINE('',#14720,#3222);
#2506=LINE('',#14722,#3223);
#2507=LINE('',#14723,#3224);
#2508=LINE('',#14726,#3225);
#2509=LINE('',#14728,#3226);
#2510=LINE('',#14729,#3227);
#2511=LINE('',#14732,#3228);
#2512=LINE('',#14734,#3229);
#2513=LINE('',#14735,#3230);
#2514=LINE('',#14738,#3231);
#2515=LINE('',#14740,#3232);
#2516=LINE('',#14741,#3233);
#2517=LINE('',#14743,#3234);
#2518=LINE('',#14744,#3235);
#2519=LINE('',#14753,#3236);
#2520=LINE('',#14762,#3237);
#2521=LINE('',#14764,#3238);
#2522=LINE('',#14766,#3239);
#2523=LINE('',#14767,#3240);
#2524=LINE('',#14770,#3241);
#2525=LINE('',#14772,#3242);
#2526=LINE('',#14773,#3243);
#2527=LINE('',#14776,#3244);
#2528=LINE('',#14778,#3245);
#2529=LINE('',#14779,#3246);
#2530=LINE('',#14782,#3247);
#2531=LINE('',#14784,#3248);
#2532=LINE('',#14785,#3249);
#2533=LINE('',#14788,#3250);
#2534=LINE('',#14790,#3251);
#2535=LINE('',#14791,#3252);
#2536=LINE('',#14793,#3253);
#2537=LINE('',#14794,#3254);
#2538=LINE('',#14804,#3255);
#2539=LINE('',#14812,#3256);
#2540=LINE('',#14816,#3257);
#2541=LINE('',#14820,#3258);
#2542=LINE('',#14824,#3259);
#2543=LINE('',#14830,#3260);
#2544=LINE('',#14836,#3261);
#2545=LINE('',#14843,#3262);
#2546=LINE('',#14846,#3263);
#2547=LINE('',#14849,#3264);
#2548=LINE('',#14851,#3265);
#2549=LINE('',#14853,#3266);
#2550=LINE('',#14854,#3267);
#2551=LINE('',#14861,#3268);
#2552=LINE('',#14865,#3269);
#2553=LINE('',#14869,#3270);
#2554=LINE('',#14876,#3271);
#2555=LINE('',#14879,#3272);
#2556=LINE('',#14880,#3273);
#2557=LINE('',#14883,#3274);
#2558=LINE('',#14887,#3275);
#2559=LINE('',#14895,#3276);
#2560=LINE('',#14896,#3277);
#2561=LINE('',#14904,#3278);
#2562=LINE('',#14907,#3279);
#2563=LINE('',#14911,#3280);
#2564=LINE('',#14916,#3281);
#2565=LINE('',#14921,#3282);
#2566=LINE('',#15002,#3283);
#2567=LINE('',#15005,#3284);
#2568=LINE('',#15086,#3285);
#2569=LINE('',#15088,#3286);
#2570=LINE('',#15092,#3287);
#2571=LINE('',#15096,#3288);
#2572=LINE('',#15100,#3289);
#2573=LINE('',#15107,#3290);
#2574=LINE('',#15109,#3291);
#2575=LINE('',#15111,#3292);
#2576=LINE('',#15112,#3293);
#2577=LINE('',#15115,#3294);
#2578=LINE('',#15117,#3295);
#2579=LINE('',#15118,#3296);
#2580=LINE('',#15121,#3297);
#2581=LINE('',#15123,#3298);
#2582=LINE('',#15124,#3299);
#2583=LINE('',#15127,#3300);
#2584=LINE('',#15129,#3301);
#2585=LINE('',#15130,#3302);
#2586=LINE('',#15133,#3303);
#2587=LINE('',#15135,#3304);
#2588=LINE('',#15136,#3305);
#2589=LINE('',#15138,#3306);
#2590=LINE('',#15139,#3307);
#2591=LINE('',#15145,#3308);
#2592=LINE('',#15154,#3309);
#2593=VECTOR('',#9682,10.);
#2594=VECTOR('',#9683,10.);
#2595=VECTOR('',#9684,10.);
#2596=VECTOR('',#9685,10.);
#2597=VECTOR('',#9690,10.);
#2598=VECTOR('',#9693,10.);
#2599=VECTOR('',#9698,10.);
#2600=VECTOR('',#9711,10.);
#2601=VECTOR('',#9714,10.);
#2602=VECTOR('',#9719,10.);
#2603=VECTOR('',#9726,10.);
#2604=VECTOR('',#9735,10.);
#2605=VECTOR('',#9740,10.);
#2606=VECTOR('',#9743,10.);
#2607=VECTOR('',#9748,10.);
#2608=VECTOR('',#9757,10.);
#2609=VECTOR('',#9794,1.5);
#2610=VECTOR('',#9799,10.);
#2611=VECTOR('',#9800,10.);
#2612=VECTOR('',#9801,10.);
#2613=VECTOR('',#9802,10.);
#2614=VECTOR('',#9805,10.);
#2615=VECTOR('',#9806,10.);
#2616=VECTOR('',#9807,10.);
#2617=VECTOR('',#9810,10.);
#2618=VECTOR('',#9811,10.);
#2619=VECTOR('',#9812,10.);
#2620=VECTOR('',#9815,10.);
#2621=VECTOR('',#9816,10.);
#2622=VECTOR('',#9817,10.);
#2623=VECTOR('',#9820,10.);
#2624=VECTOR('',#9821,10.);
#2625=VECTOR('',#9822,10.);
#2626=VECTOR('',#9825,10.);
#2627=VECTOR('',#9826,10.);
#2628=VECTOR('',#9847,3.);
#2629=VECTOR('',#9864,1.5);
#2630=VECTOR('',#9869,10.);
#2631=VECTOR('',#9870,10.);
#2632=VECTOR('',#9871,10.);
#2633=VECTOR('',#9872,10.);
#2634=VECTOR('',#9875,10.);
#2635=VECTOR('',#9876,10.);
#2636=VECTOR('',#9877,10.);
#2637=VECTOR('',#9880,10.);
#2638=VECTOR('',#9881,10.);
#2639=VECTOR('',#9882,10.);
#2640=VECTOR('',#9885,10.);
#2641=VECTOR('',#9886,10.);
#2642=VECTOR('',#9887,10.);
#2643=VECTOR('',#9890,10.);
#2644=VECTOR('',#9891,10.);
#2645=VECTOR('',#9892,10.);
#2646=VECTOR('',#9895,10.);
#2647=VECTOR('',#9896,10.);
#2648=VECTOR('',#9917,3.);
#2649=VECTOR('',#9954,21.);
#2650=VECTOR('',#9979,10.);
#2651=VECTOR('',#9980,10.);
#2652=VECTOR('',#9981,10.);
#2653=VECTOR('',#9982,10.);
#2654=VECTOR('',#9985,10.);
#2655=VECTOR('',#9986,10.);
#2656=VECTOR('',#9987,10.);
#2657=VECTOR('',#9990,10.);
#2658=VECTOR('',#9991,10.);
#2659=VECTOR('',#9992,10.);
#2660=VECTOR('',#9995,10.);
#2661=VECTOR('',#9996,10.);
#2662=VECTOR('',#9997,10.);
#2663=VECTOR('',#10000,10.);
#2664=VECTOR('',#10001,10.);
#2665=VECTOR('',#10002,10.);
#2666=VECTOR('',#10005,10.);
#2667=VECTOR('',#10006,10.);
#2668=VECTOR('',#10015,1.5);
#2669=VECTOR('',#10028,3.);
#2670=VECTOR('',#10043,10.);
#2671=VECTOR('',#10044,10.);
#2672=VECTOR('',#10045,10.);
#2673=VECTOR('',#10046,10.);
#2674=VECTOR('',#10049,10.);
#2675=VECTOR('',#10050,10.);
#2676=VECTOR('',#10051,10.);
#2677=VECTOR('',#10054,10.);
#2678=VECTOR('',#10055,10.);
#2679=VECTOR('',#10056,10.);
#2680=VECTOR('',#10059,10.);
#2681=VECTOR('',#10060,10.);
#2682=VECTOR('',#10061,10.);
#2683=VECTOR('',#10064,10.);
#2684=VECTOR('',#10065,10.);
#2685=VECTOR('',#10066,10.);
#2686=VECTOR('',#10069,10.);
#2687=VECTOR('',#10070,10.);
#2688=VECTOR('',#10083,3.);
#2689=VECTOR('',#10100,28.);
#2690=VECTOR('',#10107,26.);
#2691=VECTOR('',#10112,6.);
#2692=VECTOR('',#10117,6.);
#2693=VECTOR('',#10122,6.);
#2694=VECTOR('',#10127,4.);
#2695=VECTOR('',#10134,32.);
#2696=VECTOR('',#10141,32.);
#2697=VECTOR('',#10148,26.05);
#2698=VECTOR('',#10155,10.);
#2699=VECTOR('',#10160,10.);
#2700=VECTOR('',#10161,10.);
#2701=VECTOR('',#10168,10.);
#2702=VECTOR('',#10171,10.);
#2703=VECTOR('',#10176,10.);
#2704=VECTOR('',#10177,10.);
#2705=VECTOR('',#10184,10.);
#2706=VECTOR('',#10187,10.);
#2707=VECTOR('',#10192,10.);
#2708=VECTOR('',#10193,10.);
#2709=VECTOR('',#10200,10.);
#2710=VECTOR('',#10203,10.);
#2711=VECTOR('',#10208,10.);
#2712=VECTOR('',#10209,10.);
#2713=VECTOR('',#10216,10.);
#2714=VECTOR('',#10219,10.);
#2715=VECTOR('',#10224,10.);
#2716=VECTOR('',#10225,10.);
#2717=VECTOR('',#10232,10.);
#2718=VECTOR('',#10235,10.);
#2719=VECTOR('',#10240,10.);
#2720=VECTOR('',#10241,10.);
#2721=VECTOR('',#10248,10.);
#2722=VECTOR('',#10251,10.);
#2723=VECTOR('',#10256,10.);
#2724=VECTOR('',#10257,10.);
#2725=VECTOR('',#10264,10.);
#2726=VECTOR('',#10267,10.);
#2727=VECTOR('',#10272,10.);
#2728=VECTOR('',#10273,10.);
#2729=VECTOR('',#10280,10.);
#2730=VECTOR('',#10283,10.);
#2731=VECTOR('',#10288,10.);
#2732=VECTOR('',#10289,10.);
#2733=VECTOR('',#10296,10.);
#2734=VECTOR('',#10299,10.);
#2735=VECTOR('',#10300,10.);
#2736=VECTOR('',#10307,10.);
#2737=VECTOR('',#10308,10.);
#2738=VECTOR('',#10315,10.);
#2739=VECTOR('',#10316,10.);
#2740=VECTOR('',#10323,10.);
#2741=VECTOR('',#10324,10.);
#2742=VECTOR('',#10331,10.);
#2743=VECTOR('',#10332,10.);
#2744=VECTOR('',#10339,10.);
#2745=VECTOR('',#10340,10.);
#2746=VECTOR('',#10347,10.);
#2747=VECTOR('',#10348,10.);
#2748=VECTOR('',#10355,10.);
#2749=VECTOR('',#10356,10.);
#2750=VECTOR('',#10363,10.);
#2751=VECTOR('',#10364,10.);
#2752=VECTOR('',#10371,10.);
#2753=VECTOR('',#10372,10.);
#2754=VECTOR('',#10379,10.);
#2755=VECTOR('',#10380,10.);
#2756=VECTOR('',#10387,10.);
#2757=VECTOR('',#10388,10.);
#2758=VECTOR('',#10395,10.);
#2759=VECTOR('',#10396,10.);
#2760=VECTOR('',#10403,10.);
#2761=VECTOR('',#10404,10.);
#2762=VECTOR('',#10411,10.);
#2763=VECTOR('',#10412,10.);
#2764=VECTOR('',#10419,10.);
#2765=VECTOR('',#10420,10.);
#2766=VECTOR('',#10427,10.);
#2767=VECTOR('',#10428,10.);
#2768=VECTOR('',#10435,10.);
#2769=VECTOR('',#10436,10.);
#2770=VECTOR('',#10443,10.);
#2771=VECTOR('',#10444,10.);
#2772=VECTOR('',#10451,10.);
#2773=VECTOR('',#10452,10.);
#2774=VECTOR('',#10459,10.);
#2775=VECTOR('',#10464,10.);
#2776=VECTOR('',#10465,10.);
#2777=VECTOR('',#10472,10.);
#2778=VECTOR('',#10475,10.);
#2779=VECTOR('',#10476,10.);
#2780=VECTOR('',#10477,10.);
#2781=VECTOR('',#10478,10.);
#2782=VECTOR('',#10485,10.);
#2783=VECTOR('',#10492,10.);
#2784=VECTOR('',#10495,10.);
#2785=VECTOR('',#10496,10.);
#2786=VECTOR('',#10497,10.);
#2787=VECTOR('',#10502,10.);
#2788=VECTOR('',#10507,10.);
#2789=VECTOR('',#10512,10.);
#2790=VECTOR('',#10515,10.);
#2791=VECTOR('',#10516,10.);
#2792=VECTOR('',#10517,10.);
#2793=VECTOR('',#10524,10.);
#2794=VECTOR('',#10531,10.);
#2795=VECTOR('',#10534,10.);
#2796=VECTOR('',#10535,10.);
#2797=VECTOR('',#10536,10.);
#2798=VECTOR('',#10541,10.);
#2799=VECTOR('',#10546,10.);
#2800=VECTOR('',#10551,10.);
#2801=VECTOR('',#10554,10.);
#2802=VECTOR('',#10555,10.);
#2803=VECTOR('',#10556,10.);
#2804=VECTOR('',#10563,10.);
#2805=VECTOR('',#10570,10.);
#2806=VECTOR('',#10573,10.);
#2807=VECTOR('',#10574,10.);
#2808=VECTOR('',#10575,10.);
#2809=VECTOR('',#10580,10.);
#2810=VECTOR('',#10585,10.);
#2811=VECTOR('',#10590,10.);
#2812=VECTOR('',#10593,10.);
#2813=VECTOR('',#10594,10.);
#2814=VECTOR('',#10595,10.);
#2815=VECTOR('',#10602,10.);
#2816=VECTOR('',#10609,10.);
#2817=VECTOR('',#10612,10.);
#2818=VECTOR('',#10613,10.);
#2819=VECTOR('',#10614,10.);
#2820=VECTOR('',#10619,10.);
#2821=VECTOR('',#10624,10.);
#2822=VECTOR('',#10629,10.);
#2823=VECTOR('',#10632,10.);
#2824=VECTOR('',#10633,10.);
#2825=VECTOR('',#10634,10.);
#2826=VECTOR('',#10641,10.);
#2827=VECTOR('',#10648,10.);
#2828=VECTOR('',#10651,10.);
#2829=VECTOR('',#10652,10.);
#2830=VECTOR('',#10653,10.);
#2831=VECTOR('',#10658,10.);
#2832=VECTOR('',#10663,10.);
#2833=VECTOR('',#10668,10.);
#2834=VECTOR('',#10671,10.);
#2835=VECTOR('',#10672,10.);
#2836=VECTOR('',#10673,10.);
#2837=VECTOR('',#10680,10.);
#2838=VECTOR('',#10687,10.);
#2839=VECTOR('',#10690,10.);
#2840=VECTOR('',#10691,10.);
#2841=VECTOR('',#10692,10.);
#2842=VECTOR('',#10697,10.);
#2843=VECTOR('',#10702,10.);
#2844=VECTOR('',#10707,10.);
#2845=VECTOR('',#10710,10.);
#2846=VECTOR('',#10711,10.);
#2847=VECTOR('',#10712,10.);
#2848=VECTOR('',#10719,10.);
#2849=VECTOR('',#10726,10.);
#2850=VECTOR('',#10729,10.);
#2851=VECTOR('',#10730,10.);
#2852=VECTOR('',#10731,10.);
#2853=VECTOR('',#10736,10.);
#2854=VECTOR('',#10741,10.);
#2855=VECTOR('',#10746,10.);
#2856=VECTOR('',#10749,10.);
#2857=VECTOR('',#10750,10.);
#2858=VECTOR('',#10751,10.);
#2859=VECTOR('',#10758,10.);
#2860=VECTOR('',#10765,10.);
#2861=VECTOR('',#10768,10.);
#2862=VECTOR('',#10769,10.);
#2863=VECTOR('',#10770,10.);
#2864=VECTOR('',#10775,10.);
#2865=VECTOR('',#10780,10.);
#2866=VECTOR('',#10785,10.);
#2867=VECTOR('',#10788,10.);
#2868=VECTOR('',#10789,10.);
#2869=VECTOR('',#10790,10.);
#2870=VECTOR('',#10797,10.);
#2871=VECTOR('',#10804,10.);
#2872=VECTOR('',#10807,10.);
#2873=VECTOR('',#10808,10.);
#2874=VECTOR('',#10809,10.);
#2875=VECTOR('',#10814,10.);
#2876=VECTOR('',#10819,10.);
#2877=VECTOR('',#10824,10.);
#2878=VECTOR('',#10827,10.);
#2879=VECTOR('',#10828,10.);
#2880=VECTOR('',#10829,10.);
#2881=VECTOR('',#10836,10.);
#2882=VECTOR('',#10843,10.);
#2883=VECTOR('',#10846,10.);
#2884=VECTOR('',#10847,10.);
#2885=VECTOR('',#10848,10.);
#2886=VECTOR('',#10853,10.);
#2887=VECTOR('',#10858,10.);
#2888=VECTOR('',#10863,10.);
#2889=VECTOR('',#10866,10.);
#2890=VECTOR('',#10867,10.);
#2891=VECTOR('',#10868,10.);
#2892=VECTOR('',#10875,10.);
#2893=VECTOR('',#10882,10.);
#2894=VECTOR('',#10885,10.);
#2895=VECTOR('',#10886,10.);
#2896=VECTOR('',#10887,10.);
#2897=VECTOR('',#10892,10.);
#2898=VECTOR('',#10897,10.);
#2899=VECTOR('',#10902,10.);
#2900=VECTOR('',#10905,10.);
#2901=VECTOR('',#10906,10.);
#2902=VECTOR('',#10907,10.);
#2903=VECTOR('',#10914,10.);
#2904=VECTOR('',#10921,10.);
#2905=VECTOR('',#10924,10.);
#2906=VECTOR('',#10925,10.);
#2907=VECTOR('',#10926,10.);
#2908=VECTOR('',#10931,10.);
#2909=VECTOR('',#10936,10.);
#2910=VECTOR('',#10941,10.);
#2911=VECTOR('',#10944,10.);
#2912=VECTOR('',#10945,10.);
#2913=VECTOR('',#10946,10.);
#2914=VECTOR('',#10953,10.);
#2915=VECTOR('',#10960,10.);
#2916=VECTOR('',#10963,10.);
#2917=VECTOR('',#10964,10.);
#2918=VECTOR('',#10965,10.);
#2919=VECTOR('',#10970,10.);
#2920=VECTOR('',#10975,10.);
#2921=VECTOR('',#10980,10.);
#2922=VECTOR('',#10983,10.);
#2923=VECTOR('',#10984,10.);
#2924=VECTOR('',#10985,10.);
#2925=VECTOR('',#10992,10.);
#2926=VECTOR('',#10999,10.);
#2927=VECTOR('',#11002,10.);
#2928=VECTOR('',#11003,10.);
#2929=VECTOR('',#11004,10.);
#2930=VECTOR('',#11009,10.);
#2931=VECTOR('',#11014,10.);
#2932=VECTOR('',#11019,10.);
#2933=VECTOR('',#11022,10.);
#2934=VECTOR('',#11023,10.);
#2935=VECTOR('',#11024,10.);
#2936=VECTOR('',#11031,10.);
#2937=VECTOR('',#11038,10.);
#2938=VECTOR('',#11041,10.);
#2939=VECTOR('',#11042,10.);
#2940=VECTOR('',#11043,10.);
#2941=VECTOR('',#11048,10.);
#2942=VECTOR('',#11053,10.);
#2943=VECTOR('',#11058,10.);
#2944=VECTOR('',#11061,10.);
#2945=VECTOR('',#11062,10.);
#2946=VECTOR('',#11063,10.);
#2947=VECTOR('',#11070,10.);
#2948=VECTOR('',#11077,10.);
#2949=VECTOR('',#11080,10.);
#2950=VECTOR('',#11081,10.);
#2951=VECTOR('',#11082,10.);
#2952=VECTOR('',#11087,10.);
#2953=VECTOR('',#11092,10.);
#2954=VECTOR('',#11097,10.);
#2955=VECTOR('',#11100,10.);
#2956=VECTOR('',#11101,10.);
#2957=VECTOR('',#11102,10.);
#2958=VECTOR('',#11109,10.);
#2959=VECTOR('',#11116,10.);
#2960=VECTOR('',#11119,10.);
#2961=VECTOR('',#11120,10.);
#2962=VECTOR('',#11121,10.);
#2963=VECTOR('',#11126,10.);
#2964=VECTOR('',#11131,10.);
#2965=VECTOR('',#11136,10.);
#2966=VECTOR('',#11139,10.);
#2967=VECTOR('',#11140,10.);
#2968=VECTOR('',#11141,10.);
#2969=VECTOR('',#11148,10.);
#2970=VECTOR('',#11155,10.);
#2971=VECTOR('',#11158,10.);
#2972=VECTOR('',#11159,10.);
#2973=VECTOR('',#11160,10.);
#2974=VECTOR('',#11165,10.);
#2975=VECTOR('',#11170,10.);
#2976=VECTOR('',#11175,10.);
#2977=VECTOR('',#11178,10.);
#2978=VECTOR('',#11179,10.);
#2979=VECTOR('',#11180,10.);
#2980=VECTOR('',#11187,10.);
#2981=VECTOR('',#11194,10.);
#2982=VECTOR('',#11197,10.);
#2983=VECTOR('',#11198,10.);
#2984=VECTOR('',#11199,10.);
#2985=VECTOR('',#11204,10.);
#2986=VECTOR('',#11209,10.);
#2987=VECTOR('',#11214,10.);
#2988=VECTOR('',#11217,10.);
#2989=VECTOR('',#11218,10.);
#2990=VECTOR('',#11219,10.);
#2991=VECTOR('',#11226,10.);
#2992=VECTOR('',#11233,10.);
#2993=VECTOR('',#11236,10.);
#2994=VECTOR('',#11237,10.);
#2995=VECTOR('',#11238,10.);
#2996=VECTOR('',#11243,10.);
#2997=VECTOR('',#11248,10.);
#2998=VECTOR('',#11255,10.);
#2999=VECTOR('',#11262,10.);
#3000=VECTOR('',#11265,10.);
#3001=VECTOR('',#11272,10.);
#3002=VECTOR('',#11275,10.);
#3003=VECTOR('',#11282,10.);
#3004=VECTOR('',#11285,10.);
#3005=VECTOR('',#11292,10.);
#3006=VECTOR('',#11295,10.);
#3007=VECTOR('',#11302,10.);
#3008=VECTOR('',#11305,10.);
#3009=VECTOR('',#11312,10.);
#3010=VECTOR('',#11315,10.);
#3011=VECTOR('',#11322,10.);
#3012=VECTOR('',#11325,10.);
#3013=VECTOR('',#11332,10.);
#3014=VECTOR('',#11335,10.);
#3015=VECTOR('',#11342,10.);
#3016=VECTOR('',#11345,10.);
#3017=VECTOR('',#11352,10.);
#3018=VECTOR('',#11355,10.);
#3019=VECTOR('',#11362,10.);
#3020=VECTOR('',#11365,10.);
#3021=VECTOR('',#11372,10.);
#3022=VECTOR('',#11375,10.);
#3023=VECTOR('',#11382,10.);
#3024=VECTOR('',#11385,10.);
#3025=VECTOR('',#11392,10.);
#3026=VECTOR('',#11395,10.);
#3027=VECTOR('',#11402,10.);
#3028=VECTOR('',#11405,10.);
#3029=VECTOR('',#11412,10.);
#3030=VECTOR('',#11415,10.);
#3031=VECTOR('',#11422,10.);
#3032=VECTOR('',#11425,10.);
#3033=VECTOR('',#11432,10.);
#3034=VECTOR('',#11435,10.);
#3035=VECTOR('',#11442,10.);
#3036=VECTOR('',#11445,10.);
#3037=VECTOR('',#11452,10.);
#3038=VECTOR('',#11457,10.);
#3039=VECTOR('',#11458,10.);
#3040=VECTOR('',#11463,10.);
#3041=VECTOR('',#11466,10.);
#3042=VECTOR('',#11467,10.);
#3043=VECTOR('',#11472,10.);
#3044=VECTOR('',#11477,10.);
#3045=VECTOR('',#11480,10.);
#3046=VECTOR('',#11481,10.);
#3047=VECTOR('',#11486,10.);
#3048=VECTOR('',#11491,10.);
#3049=VECTOR('',#11496,10.);
#3050=VECTOR('',#11499,10.);
#3051=VECTOR('',#11500,10.);
#3052=VECTOR('',#11505,10.);
#3053=VECTOR('',#11510,10.);
#3054=VECTOR('',#11513,10.);
#3055=VECTOR('',#11514,10.);
#3056=VECTOR('',#11519,10.);
#3057=VECTOR('',#11524,10.);
#3058=VECTOR('',#11529,10.);
#3059=VECTOR('',#11532,10.);
#3060=VECTOR('',#11533,10.);
#3061=VECTOR('',#11538,10.);
#3062=VECTOR('',#11543,10.);
#3063=VECTOR('',#11546,10.);
#3064=VECTOR('',#11547,10.);
#3065=VECTOR('',#11552,10.);
#3066=VECTOR('',#11557,10.);
#3067=VECTOR('',#11562,10.);
#3068=VECTOR('',#11565,10.);
#3069=VECTOR('',#11566,10.);
#3070=VECTOR('',#11571,10.);
#3071=VECTOR('',#11576,10.);
#3072=VECTOR('',#11579,10.);
#3073=VECTOR('',#11580,10.);
#3074=VECTOR('',#11585,10.);
#3075=VECTOR('',#11590,10.);
#3076=VECTOR('',#11595,10.);
#3077=VECTOR('',#11598,10.);
#3078=VECTOR('',#11599,10.);
#3079=VECTOR('',#11604,10.);
#3080=VECTOR('',#11609,10.);
#3081=VECTOR('',#11612,10.);
#3082=VECTOR('',#11613,10.);
#3083=VECTOR('',#11618,10.);
#3084=VECTOR('',#11623,10.);
#3085=VECTOR('',#11628,10.);
#3086=VECTOR('',#11631,10.);
#3087=VECTOR('',#11632,10.);
#3088=VECTOR('',#11637,10.);
#3089=VECTOR('',#11642,10.);
#3090=VECTOR('',#11645,10.);
#3091=VECTOR('',#11646,10.);
#3092=VECTOR('',#11651,10.);
#3093=VECTOR('',#11656,10.);
#3094=VECTOR('',#11661,10.);
#3095=VECTOR('',#11664,10.);
#3096=VECTOR('',#11665,10.);
#3097=VECTOR('',#11670,10.);
#3098=VECTOR('',#11675,10.);
#3099=VECTOR('',#11678,10.);
#3100=VECTOR('',#11679,10.);
#3101=VECTOR('',#11684,10.);
#3102=VECTOR('',#11689,10.);
#3103=VECTOR('',#11694,10.);
#3104=VECTOR('',#11697,10.);
#3105=VECTOR('',#11698,10.);
#3106=VECTOR('',#11703,10.);
#3107=VECTOR('',#11708,10.);
#3108=VECTOR('',#11711,10.);
#3109=VECTOR('',#11712,10.);
#3110=VECTOR('',#11717,10.);
#3111=VECTOR('',#11722,10.);
#3112=VECTOR('',#11727,10.);
#3113=VECTOR('',#11730,10.);
#3114=VECTOR('',#11731,10.);
#3115=VECTOR('',#11736,10.);
#3116=VECTOR('',#11741,10.);
#3117=VECTOR('',#11744,10.);
#3118=VECTOR('',#11745,10.);
#3119=VECTOR('',#11750,10.);
#3120=VECTOR('',#11755,10.);
#3121=VECTOR('',#11760,10.);
#3122=VECTOR('',#11763,10.);
#3123=VECTOR('',#11764,10.);
#3124=VECTOR('',#11769,10.);
#3125=VECTOR('',#11774,10.);
#3126=VECTOR('',#11777,10.);
#3127=VECTOR('',#11778,10.);
#3128=VECTOR('',#11783,10.);
#3129=VECTOR('',#11788,10.);
#3130=VECTOR('',#11793,10.);
#3131=VECTOR('',#11796,10.);
#3132=VECTOR('',#11797,10.);
#3133=VECTOR('',#11802,10.);
#3134=VECTOR('',#11807,10.);
#3135=VECTOR('',#11810,10.);
#3136=VECTOR('',#11811,10.);
#3137=VECTOR('',#11816,10.);
#3138=VECTOR('',#11821,10.);
#3139=VECTOR('',#11826,10.);
#3140=VECTOR('',#11829,10.);
#3141=VECTOR('',#11830,10.);
#3142=VECTOR('',#11835,10.);
#3143=VECTOR('',#11840,10.);
#3144=VECTOR('',#11843,10.);
#3145=VECTOR('',#11844,10.);
#3146=VECTOR('',#11849,10.);
#3147=VECTOR('',#11854,10.);
#3148=VECTOR('',#11859,10.);
#3149=VECTOR('',#11862,10.);
#3150=VECTOR('',#11863,10.);
#3151=VECTOR('',#11868,10.);
#3152=VECTOR('',#11873,10.);
#3153=VECTOR('',#11876,10.);
#3154=VECTOR('',#11877,10.);
#3155=VECTOR('',#11882,10.);
#3156=VECTOR('',#11887,10.);
#3157=VECTOR('',#11892,10.);
#3158=VECTOR('',#11895,10.);
#3159=VECTOR('',#11896,10.);
#3160=VECTOR('',#11901,10.);
#3161=VECTOR('',#11906,10.);
#3162=VECTOR('',#11909,10.);
#3163=VECTOR('',#11910,10.);
#3164=VECTOR('',#11915,10.);
#3165=VECTOR('',#11920,10.);
#3166=VECTOR('',#11925,10.);
#3167=VECTOR('',#11928,10.);
#3168=VECTOR('',#11929,10.);
#3169=VECTOR('',#11934,10.);
#3170=VECTOR('',#11939,10.);
#3171=VECTOR('',#11942,10.);
#3172=VECTOR('',#11943,10.);
#3173=VECTOR('',#11948,10.);
#3174=VECTOR('',#11953,10.);
#3175=VECTOR('',#11958,10.);
#3176=VECTOR('',#11961,10.);
#3177=VECTOR('',#11962,10.);
#3178=VECTOR('',#11967,10.);
#3179=VECTOR('',#11972,10.);
#3180=VECTOR('',#11975,10.);
#3181=VECTOR('',#11976,10.);
#3182=VECTOR('',#11981,10.);
#3183=VECTOR('',#11986,10.);
#3184=VECTOR('',#11991,10.);
#3185=VECTOR('',#11994,10.);
#3186=VECTOR('',#11995,10.);
#3187=VECTOR('',#12000,10.);
#3188=VECTOR('',#12005,10.);
#3189=VECTOR('',#12008,10.);
#3190=VECTOR('',#12009,10.);
#3191=VECTOR('',#12014,10.);
#3192=VECTOR('',#12019,10.);
#3193=VECTOR('',#12024,10.);
#3194=VECTOR('',#12027,10.);
#3195=VECTOR('',#12028,10.);
#3196=VECTOR('',#12033,10.);
#3197=VECTOR('',#12038,10.);
#3198=VECTOR('',#12041,10.);
#3199=VECTOR('',#12042,10.);
#3200=VECTOR('',#12047,10.);
#3201=VECTOR('',#12052,10.);
#3202=VECTOR('',#12057,10.);
#3203=VECTOR('',#12060,10.);
#3204=VECTOR('',#12061,10.);
#3205=VECTOR('',#12066,10.);
#3206=VECTOR('',#12071,10.);
#3207=VECTOR('',#12074,10.);
#3208=VECTOR('',#12075,10.);
#3209=VECTOR('',#12080,10.);
#3210=VECTOR('',#12085,10.);
#3211=VECTOR('',#12090,10.);
#3212=VECTOR('',#12093,10.);
#3213=VECTOR('',#12094,10.);
#3214=VECTOR('',#12099,10.);
#3215=VECTOR('',#12104,10.);
#3216=VECTOR('',#12107,10.);
#3217=VECTOR('',#12108,10.);
#3218=VECTOR('',#12119,10.);
#3219=VECTOR('',#12120,10.);
#3220=VECTOR('',#12121,10.);
#3221=VECTOR('',#12122,10.);
#3222=VECTOR('',#12125,10.);
#3223=VECTOR('',#12126,10.);
#3224=VECTOR('',#12127,10.);
#3225=VECTOR('',#12130,10.);
#3226=VECTOR('',#12131,10.);
#3227=VECTOR('',#12132,10.);
#3228=VECTOR('',#12135,10.);
#3229=VECTOR('',#12136,10.);
#3230=VECTOR('',#12137,10.);
#3231=VECTOR('',#12140,10.);
#3232=VECTOR('',#12141,10.);
#3233=VECTOR('',#12142,10.);
#3234=VECTOR('',#12145,10.);
#3235=VECTOR('',#12146,10.);
#3236=VECTOR('',#12159,3.);
#3237=VECTOR('',#12170,10.);
#3238=VECTOR('',#12171,10.);
#3239=VECTOR('',#12172,10.);
#3240=VECTOR('',#12173,10.);
#3241=VECTOR('',#12176,10.);
#3242=VECTOR('',#12177,10.);
#3243=VECTOR('',#12178,10.);
#3244=VECTOR('',#12181,10.);
#3245=VECTOR('',#12182,10.);
#3246=VECTOR('',#12183,10.);
#3247=VECTOR('',#12186,10.);
#3248=VECTOR('',#12187,10.);
#3249=VECTOR('',#12188,10.);
#3250=VECTOR('',#12191,10.);
#3251=VECTOR('',#12192,10.);
#3252=VECTOR('',#12193,10.);
#3253=VECTOR('',#12196,10.);
#3254=VECTOR('',#12197,10.);
#3255=VECTOR('',#12212,3.);
#3256=VECTOR('',#12223,1.55);
#3257=VECTOR('',#12228,1.55);
#3258=VECTOR('',#12233,1.55);
#3259=VECTOR('',#12238,1.55);
#3260=VECTOR('',#12245,2.);
#3261=VECTOR('',#12252,2.);
#3262=VECTOR('',#12259,10.);
#3263=VECTOR('',#12262,10.);
#3264=VECTOR('',#12265,10.);
#3265=VECTOR('',#12266,10.);
#3266=VECTOR('',#12267,10.);
#3267=VECTOR('',#12268,10.);
#3268=VECTOR('',#12275,10.);
#3269=VECTOR('',#12278,10.);
#3270=VECTOR('',#12281,10.);
#3271=VECTOR('',#12290,10.);
#3272=VECTOR('',#12293,10.);
#3273=VECTOR('',#12294,10.);
#3274=VECTOR('',#12297,10.);
#3275=VECTOR('',#12302,10.);
#3276=VECTOR('',#12311,10.);
#3277=VECTOR('',#12312,10.);
#3278=VECTOR('',#12321,10.);
#3279=VECTOR('',#12324,10.);
#3280=VECTOR('',#12329,4.5);
#3281=VECTOR('',#12336,4.5);
#3282=VECTOR('',#12343,2.5175);
#3283=VECTOR('',#12346,2.5175);
#3284=VECTOR('',#12349,2.5175);
#3285=VECTOR('',#12352,2.5175);
#3286=VECTOR('',#12355,10.);
#3287=VECTOR('',#12362,21.);
#3288=VECTOR('',#12367,18.05);
#3289=VECTOR('',#12372,11.5);
#3290=VECTOR('',#12381,10.);
#3291=VECTOR('',#12382,10.);
#3292=VECTOR('',#12383,10.);
#3293=VECTOR('',#12384,10.);
#3294=VECTOR('',#12387,10.);
#3295=VECTOR('',#12388,10.);
#3296=VECTOR('',#12389,10.);
#3297=VECTOR('',#12392,10.);
#3298=VECTOR('',#12393,10.);
#3299=VECTOR('',#12394,10.);
#3300=VECTOR('',#12397,10.);
#3301=VECTOR('',#12398,10.);
#3302=VECTOR('',#12399,10.);
#3303=VECTOR('',#12402,10.);
#3304=VECTOR('',#12403,10.);
#3305=VECTOR('',#12404,10.);
#3306=VECTOR('',#12407,10.);
#3307=VECTOR('',#12408,10.);
#3308=VECTOR('',#12417,1.5);
#3309=VECTOR('',#12430,3.);
#3310=VERTEX_POINT('',#12443);
#3311=VERTEX_POINT('',#12444);
#3312=VERTEX_POINT('',#12446);
#3313=VERTEX_POINT('',#12448);
#3314=VERTEX_POINT('',#12452);
#3315=VERTEX_POINT('',#12453);
#3316=VERTEX_POINT('',#12455);
#3317=VERTEX_POINT('',#12457);
#3318=VERTEX_POINT('',#12461);
#3319=VERTEX_POINT('',#12463);
#3320=VERTEX_POINT('',#12467);
#3321=VERTEX_POINT('',#12471);
#3322=VERTEX_POINT('',#12472);
#3323=VERTEX_POINT('',#12474);
#3324=VERTEX_POINT('',#12476);
#3325=VERTEX_POINT('',#12480);
#3326=VERTEX_POINT('',#12482);
#3327=VERTEX_POINT('',#12486);
#3328=VERTEX_POINT('',#12488);
#3329=VERTEX_POINT('',#12492);
#3330=VERTEX_POINT('',#12494);
#3331=VERTEX_POINT('',#12498);
#3332=VERTEX_POINT('',#12499);
#3333=VERTEX_POINT('',#12501);
#3334=VERTEX_POINT('',#12503);
#3335=VERTEX_POINT('',#12507);
#3336=VERTEX_POINT('',#12509);
#3337=VERTEX_POINT('',#12513);
#3338=VERTEX_POINT('',#12515);
#3339=VERTEX_POINT('',#12519);
#3340=VERTEX_POINT('',#12525);
#3341=VERTEX_POINT('',#12527);
#3342=VERTEX_POINT('',#12529);
#3343=VERTEX_POINT('',#12532);
#3344=VERTEX_POINT('',#12534);
#3345=VERTEX_POINT('',#12537);
#3346=VERTEX_POINT('',#12542);
#3347=VERTEX_POINT('',#12544);
#3348=VERTEX_POINT('',#12548);
#3349=VERTEX_POINT('',#12549);
#3350=VERTEX_POINT('',#12551);
#3351=VERTEX_POINT('',#12553);
#3352=VERTEX_POINT('',#12557);
#3353=VERTEX_POINT('',#12559);
#3354=VERTEX_POINT('',#12563);
#3355=VERTEX_POINT('',#12565);
#3356=VERTEX_POINT('',#12569);
#3357=VERTEX_POINT('',#12571);
#3358=VERTEX_POINT('',#12575);
#3359=VERTEX_POINT('',#12577);
#3360=VERTEX_POINT('',#12586);
#3361=VERTEX_POINT('',#12588);
#3362=VERTEX_POINT('',#12590);
#3363=VERTEX_POINT('',#12592);
#3364=VERTEX_POINT('',#12596);
#3365=VERTEX_POINT('',#12602);
#3366=VERTEX_POINT('',#12607);
#3367=VERTEX_POINT('',#12609);
#3368=VERTEX_POINT('',#12613);
#3369=VERTEX_POINT('',#12614);
#3370=VERTEX_POINT('',#12616);
#3371=VERTEX_POINT('',#12618);
#3372=VERTEX_POINT('',#12622);
#3373=VERTEX_POINT('',#12624);
#3374=VERTEX_POINT('',#12628);
#3375=VERTEX_POINT('',#12630);
#3376=VERTEX_POINT('',#12634);
#3377=VERTEX_POINT('',#12636);
#3378=VERTEX_POINT('',#12640);
#3379=VERTEX_POINT('',#12642);
#3380=VERTEX_POINT('',#12651);
#3381=VERTEX_POINT('',#12653);
#3382=VERTEX_POINT('',#12655);
#3383=VERTEX_POINT('',#12657);
#3384=VERTEX_POINT('',#12661);
#3385=VERTEX_POINT('',#12667);
#3386=VERTEX_POINT('',#12672);
#3387=VERTEX_POINT('',#12674);
#3388=VERTEX_POINT('',#12677);
#3389=VERTEX_POINT('',#12680);
#3390=VERTEX_POINT('',#12682);
#3391=VERTEX_POINT('',#12685);
#3392=VERTEX_POINT('',#12688);
#3393=VERTEX_POINT('',#12690);
#3394=VERTEX_POINT('',#12695);
#3395=VERTEX_POINT('',#12697);
#3396=VERTEX_POINT('',#12699);
#3397=VERTEX_POINT('',#12701);
#3398=VERTEX_POINT('',#12703);
#3399=VERTEX_POINT('',#12705);
#3400=VERTEX_POINT('',#12707);
#3401=VERTEX_POINT('',#12711);
#3402=VERTEX_POINT('',#12712);
#3403=VERTEX_POINT('',#12714);
#3404=VERTEX_POINT('',#12716);
#3405=VERTEX_POINT('',#12720);
#3406=VERTEX_POINT('',#12722);
#3407=VERTEX_POINT('',#12726);
#3408=VERTEX_POINT('',#12728);
#3409=VERTEX_POINT('',#12732);
#3410=VERTEX_POINT('',#12734);
#3411=VERTEX_POINT('',#12738);
#3412=VERTEX_POINT('',#12740);
#3413=VERTEX_POINT('',#12748);
#3414=VERTEX_POINT('',#12753);
#3415=VERTEX_POINT('',#12758);
#3416=VERTEX_POINT('',#12764);
#3417=VERTEX_POINT('',#12769);
#3418=VERTEX_POINT('',#12770);
#3419=VERTEX_POINT('',#12772);
#3420=VERTEX_POINT('',#12774);
#3421=VERTEX_POINT('',#12778);
#3422=VERTEX_POINT('',#12780);
#3423=VERTEX_POINT('',#12784);
#3424=VERTEX_POINT('',#12786);
#3425=VERTEX_POINT('',#12790);
#3426=VERTEX_POINT('',#12792);
#3427=VERTEX_POINT('',#12796);
#3428=VERTEX_POINT('',#12798);
#3429=VERTEX_POINT('',#12806);
#3430=VERTEX_POINT('',#12810);
#3431=VERTEX_POINT('',#12814);
#3432=VERTEX_POINT('',#12819);
#3433=VERTEX_POINT('',#12821);
#3434=VERTEX_POINT('',#12824);
#3435=VERTEX_POINT('',#12828);
#3436=VERTEX_POINT('',#12830);
#3437=VERTEX_POINT('',#12834);
#3438=VERTEX_POINT('',#12838);
#3439=VERTEX_POINT('',#12842);
#3440=VERTEX_POINT('',#12846);
#3441=VERTEX_POINT('',#12850);
#3442=VERTEX_POINT('',#12852);
#3443=VERTEX_POINT('',#12856);
#3444=VERTEX_POINT('',#12858);
#3445=VERTEX_POINT('',#12862);
#3446=VERTEX_POINT('',#12868);
#3447=VERTEX_POINT('',#12869);
#3448=VERTEX_POINT('',#12871);
#3449=VERTEX_POINT('',#12873);
#3450=VERTEX_POINT('',#12875);
#3451=VERTEX_POINT('',#12877);
#3452=VERTEX_POINT('',#12879);
#3453=VERTEX_POINT('',#12881);
#3454=VERTEX_POINT('',#12883);
#3455=VERTEX_POINT('',#12887);
#3456=VERTEX_POINT('',#12888);
#3457=VERTEX_POINT('',#12890);
#3458=VERTEX_POINT('',#12892);
#3459=VERTEX_POINT('',#12894);
#3460=VERTEX_POINT('',#12896);
#3461=VERTEX_POINT('',#12898);
#3462=VERTEX_POINT('',#12900);
#3463=VERTEX_POINT('',#12902);
#3464=VERTEX_POINT('',#12906);
#3465=VERTEX_POINT('',#12907);
#3466=VERTEX_POINT('',#12909);
#3467=VERTEX_POINT('',#12911);
#3468=VERTEX_POINT('',#12913);
#3469=VERTEX_POINT('',#12915);
#3470=VERTEX_POINT('',#12917);
#3471=VERTEX_POINT('',#12919);
#3472=VERTEX_POINT('',#12921);
#3473=VERTEX_POINT('',#12925);
#3474=VERTEX_POINT('',#12926);
#3475=VERTEX_POINT('',#12928);
#3476=VERTEX_POINT('',#12930);
#3477=VERTEX_POINT('',#12932);
#3478=VERTEX_POINT('',#12934);
#3479=VERTEX_POINT('',#12936);
#3480=VERTEX_POINT('',#12938);
#3481=VERTEX_POINT('',#12940);
#3482=VERTEX_POINT('',#12944);
#3483=VERTEX_POINT('',#12945);
#3484=VERTEX_POINT('',#12947);
#3485=VERTEX_POINT('',#12949);
#3486=VERTEX_POINT('',#12951);
#3487=VERTEX_POINT('',#12953);
#3488=VERTEX_POINT('',#12955);
#3489=VERTEX_POINT('',#12957);
#3490=VERTEX_POINT('',#12959);
#3491=VERTEX_POINT('',#12963);
#3492=VERTEX_POINT('',#12964);
#3493=VERTEX_POINT('',#12966);
#3494=VERTEX_POINT('',#12968);
#3495=VERTEX_POINT('',#12970);
#3496=VERTEX_POINT('',#12972);
#3497=VERTEX_POINT('',#12974);
#3498=VERTEX_POINT('',#12976);
#3499=VERTEX_POINT('',#12978);
#3500=VERTEX_POINT('',#12982);
#3501=VERTEX_POINT('',#12983);
#3502=VERTEX_POINT('',#12985);
#3503=VERTEX_POINT('',#12987);
#3504=VERTEX_POINT('',#12989);
#3505=VERTEX_POINT('',#12991);
#3506=VERTEX_POINT('',#12993);
#3507=VERTEX_POINT('',#12995);
#3508=VERTEX_POINT('',#12997);
#3509=VERTEX_POINT('',#13001);
#3510=VERTEX_POINT('',#13002);
#3511=VERTEX_POINT('',#13004);
#3512=VERTEX_POINT('',#13006);
#3513=VERTEX_POINT('',#13008);
#3514=VERTEX_POINT('',#13010);
#3515=VERTEX_POINT('',#13012);
#3516=VERTEX_POINT('',#13014);
#3517=VERTEX_POINT('',#13016);
#3518=VERTEX_POINT('',#13020);
#3519=VERTEX_POINT('',#13021);
#3520=VERTEX_POINT('',#13023);
#3521=VERTEX_POINT('',#13025);
#3522=VERTEX_POINT('',#13027);
#3523=VERTEX_POINT('',#13029);
#3524=VERTEX_POINT('',#13031);
#3525=VERTEX_POINT('',#13033);
#3526=VERTEX_POINT('',#13035);
#3527=VERTEX_POINT('',#13039);
#3528=VERTEX_POINT('',#13040);
#3529=VERTEX_POINT('',#13042);
#3530=VERTEX_POINT('',#13044);
#3531=VERTEX_POINT('',#13046);
#3532=VERTEX_POINT('',#13048);
#3533=VERTEX_POINT('',#13050);
#3534=VERTEX_POINT('',#13052);
#3535=VERTEX_POINT('',#13054);
#3536=VERTEX_POINT('',#13058);
#3537=VERTEX_POINT('',#13059);
#3538=VERTEX_POINT('',#13061);
#3539=VERTEX_POINT('',#13063);
#3540=VERTEX_POINT('',#13065);
#3541=VERTEX_POINT('',#13067);
#3542=VERTEX_POINT('',#13069);
#3543=VERTEX_POINT('',#13071);
#3544=VERTEX_POINT('',#13073);
#3545=VERTEX_POINT('',#13077);
#3546=VERTEX_POINT('',#13078);
#3547=VERTEX_POINT('',#13080);
#3548=VERTEX_POINT('',#13082);
#3549=VERTEX_POINT('',#13084);
#3550=VERTEX_POINT('',#13086);
#3551=VERTEX_POINT('',#13088);
#3552=VERTEX_POINT('',#13090);
#3553=VERTEX_POINT('',#13092);
#3554=VERTEX_POINT('',#13096);
#3555=VERTEX_POINT('',#13097);
#3556=VERTEX_POINT('',#13099);
#3557=VERTEX_POINT('',#13101);
#3558=VERTEX_POINT('',#13103);
#3559=VERTEX_POINT('',#13105);
#3560=VERTEX_POINT('',#13107);
#3561=VERTEX_POINT('',#13109);
#3562=VERTEX_POINT('',#13111);
#3563=VERTEX_POINT('',#13115);
#3564=VERTEX_POINT('',#13116);
#3565=VERTEX_POINT('',#13118);
#3566=VERTEX_POINT('',#13120);
#3567=VERTEX_POINT('',#13122);
#3568=VERTEX_POINT('',#13124);
#3569=VERTEX_POINT('',#13126);
#3570=VERTEX_POINT('',#13128);
#3571=VERTEX_POINT('',#13130);
#3572=VERTEX_POINT('',#13134);
#3573=VERTEX_POINT('',#13135);
#3574=VERTEX_POINT('',#13137);
#3575=VERTEX_POINT('',#13139);
#3576=VERTEX_POINT('',#13141);
#3577=VERTEX_POINT('',#13143);
#3578=VERTEX_POINT('',#13145);
#3579=VERTEX_POINT('',#13147);
#3580=VERTEX_POINT('',#13149);
#3581=VERTEX_POINT('',#13153);
#3582=VERTEX_POINT('',#13154);
#3583=VERTEX_POINT('',#13156);
#3584=VERTEX_POINT('',#13158);
#3585=VERTEX_POINT('',#13160);
#3586=VERTEX_POINT('',#13162);
#3587=VERTEX_POINT('',#13164);
#3588=VERTEX_POINT('',#13166);
#3589=VERTEX_POINT('',#13168);
#3590=VERTEX_POINT('',#13172);
#3591=VERTEX_POINT('',#13173);
#3592=VERTEX_POINT('',#13175);
#3593=VERTEX_POINT('',#13177);
#3594=VERTEX_POINT('',#13179);
#3595=VERTEX_POINT('',#13181);
#3596=VERTEX_POINT('',#13183);
#3597=VERTEX_POINT('',#13185);
#3598=VERTEX_POINT('',#13187);
#3599=VERTEX_POINT('',#13191);
#3600=VERTEX_POINT('',#13192);
#3601=VERTEX_POINT('',#13194);
#3602=VERTEX_POINT('',#13196);
#3603=VERTEX_POINT('',#13198);
#3604=VERTEX_POINT('',#13200);
#3605=VERTEX_POINT('',#13202);
#3606=VERTEX_POINT('',#13204);
#3607=VERTEX_POINT('',#13206);
#3608=VERTEX_POINT('',#13210);
#3609=VERTEX_POINT('',#13211);
#3610=VERTEX_POINT('',#13213);
#3611=VERTEX_POINT('',#13215);
#3612=VERTEX_POINT('',#13217);
#3613=VERTEX_POINT('',#13219);
#3614=VERTEX_POINT('',#13221);
#3615=VERTEX_POINT('',#13223);
#3616=VERTEX_POINT('',#13225);
#3617=VERTEX_POINT('',#13229);
#3618=VERTEX_POINT('',#13230);
#3619=VERTEX_POINT('',#13232);
#3620=VERTEX_POINT('',#13234);
#3621=VERTEX_POINT('',#13236);
#3622=VERTEX_POINT('',#13238);
#3623=VERTEX_POINT('',#13240);
#3624=VERTEX_POINT('',#13242);
#3625=VERTEX_POINT('',#13244);
#3626=VERTEX_POINT('',#13248);
#3627=VERTEX_POINT('',#13250);
#3628=VERTEX_POINT('',#13252);
#3629=VERTEX_POINT('',#13256);
#3630=VERTEX_POINT('',#13258);
#3631=VERTEX_POINT('',#13262);
#3632=VERTEX_POINT('',#13264);
#3633=VERTEX_POINT('',#13269);
#3634=VERTEX_POINT('',#13273);
#3635=VERTEX_POINT('',#13277);
#3636=VERTEX_POINT('',#13281);
#3637=VERTEX_POINT('',#13285);
#3638=VERTEX_POINT('',#13287);
#3639=VERTEX_POINT('',#13291);
#3640=VERTEX_POINT('',#13293);
#3641=VERTEX_POINT('',#13297);
#3642=VERTEX_POINT('',#13299);
#3643=VERTEX_POINT('',#13304);
#3644=VERTEX_POINT('',#13308);
#3645=VERTEX_POINT('',#13312);
#3646=VERTEX_POINT('',#13316);
#3647=VERTEX_POINT('',#13320);
#3648=VERTEX_POINT('',#13322);
#3649=VERTEX_POINT('',#13326);
#3650=VERTEX_POINT('',#13328);
#3651=VERTEX_POINT('',#13332);
#3652=VERTEX_POINT('',#13334);
#3653=VERTEX_POINT('',#13339);
#3654=VERTEX_POINT('',#13343);
#3655=VERTEX_POINT('',#13347);
#3656=VERTEX_POINT('',#13351);
#3657=VERTEX_POINT('',#13355);
#3658=VERTEX_POINT('',#13357);
#3659=VERTEX_POINT('',#13361);
#3660=VERTEX_POINT('',#13363);
#3661=VERTEX_POINT('',#13367);
#3662=VERTEX_POINT('',#13369);
#3663=VERTEX_POINT('',#13374);
#3664=VERTEX_POINT('',#13378);
#3665=VERTEX_POINT('',#13382);
#3666=VERTEX_POINT('',#13386);
#3667=VERTEX_POINT('',#13390);
#3668=VERTEX_POINT('',#13392);
#3669=VERTEX_POINT('',#13396);
#3670=VERTEX_POINT('',#13398);
#3671=VERTEX_POINT('',#13402);
#3672=VERTEX_POINT('',#13404);
#3673=VERTEX_POINT('',#13409);
#3674=VERTEX_POINT('',#13413);
#3675=VERTEX_POINT('',#13417);
#3676=VERTEX_POINT('',#13421);
#3677=VERTEX_POINT('',#13425);
#3678=VERTEX_POINT('',#13427);
#3679=VERTEX_POINT('',#13431);
#3680=VERTEX_POINT('',#13433);
#3681=VERTEX_POINT('',#13437);
#3682=VERTEX_POINT('',#13439);
#3683=VERTEX_POINT('',#13444);
#3684=VERTEX_POINT('',#13448);
#3685=VERTEX_POINT('',#13452);
#3686=VERTEX_POINT('',#13456);
#3687=VERTEX_POINT('',#13460);
#3688=VERTEX_POINT('',#13462);
#3689=VERTEX_POINT('',#13466);
#3690=VERTEX_POINT('',#13468);
#3691=VERTEX_POINT('',#13472);
#3692=VERTEX_POINT('',#13474);
#3693=VERTEX_POINT('',#13479);
#3694=VERTEX_POINT('',#13483);
#3695=VERTEX_POINT('',#13487);
#3696=VERTEX_POINT('',#13491);
#3697=VERTEX_POINT('',#13495);
#3698=VERTEX_POINT('',#13497);
#3699=VERTEX_POINT('',#13501);
#3700=VERTEX_POINT('',#13503);
#3701=VERTEX_POINT('',#13507);
#3702=VERTEX_POINT('',#13509);
#3703=VERTEX_POINT('',#13514);
#3704=VERTEX_POINT('',#13518);
#3705=VERTEX_POINT('',#13522);
#3706=VERTEX_POINT('',#13526);
#3707=VERTEX_POINT('',#13530);
#3708=VERTEX_POINT('',#13532);
#3709=VERTEX_POINT('',#13536);
#3710=VERTEX_POINT('',#13538);
#3711=VERTEX_POINT('',#13542);
#3712=VERTEX_POINT('',#13544);
#3713=VERTEX_POINT('',#13549);
#3714=VERTEX_POINT('',#13553);
#3715=VERTEX_POINT('',#13557);
#3716=VERTEX_POINT('',#13561);
#3717=VERTEX_POINT('',#13565);
#3718=VERTEX_POINT('',#13567);
#3719=VERTEX_POINT('',#13571);
#3720=VERTEX_POINT('',#13573);
#3721=VERTEX_POINT('',#13577);
#3722=VERTEX_POINT('',#13579);
#3723=VERTEX_POINT('',#13584);
#3724=VERTEX_POINT('',#13588);
#3725=VERTEX_POINT('',#13592);
#3726=VERTEX_POINT('',#13596);
#3727=VERTEX_POINT('',#13600);
#3728=VERTEX_POINT('',#13602);
#3729=VERTEX_POINT('',#13606);
#3730=VERTEX_POINT('',#13608);
#3731=VERTEX_POINT('',#13612);
#3732=VERTEX_POINT('',#13614);
#3733=VERTEX_POINT('',#13619);
#3734=VERTEX_POINT('',#13623);
#3735=VERTEX_POINT('',#13627);
#3736=VERTEX_POINT('',#13631);
#3737=VERTEX_POINT('',#13635);
#3738=VERTEX_POINT('',#13637);
#3739=VERTEX_POINT('',#13641);
#3740=VERTEX_POINT('',#13643);
#3741=VERTEX_POINT('',#13647);
#3742=VERTEX_POINT('',#13649);
#3743=VERTEX_POINT('',#13654);
#3744=VERTEX_POINT('',#13658);
#3745=VERTEX_POINT('',#13662);
#3746=VERTEX_POINT('',#13666);
#3747=VERTEX_POINT('',#13670);
#3748=VERTEX_POINT('',#13672);
#3749=VERTEX_POINT('',#13676);
#3750=VERTEX_POINT('',#13678);
#3751=VERTEX_POINT('',#13682);
#3752=VERTEX_POINT('',#13684);
#3753=VERTEX_POINT('',#13689);
#3754=VERTEX_POINT('',#13693);
#3755=VERTEX_POINT('',#13697);
#3756=VERTEX_POINT('',#13701);
#3757=VERTEX_POINT('',#13705);
#3758=VERTEX_POINT('',#13707);
#3759=VERTEX_POINT('',#13711);
#3760=VERTEX_POINT('',#13713);
#3761=VERTEX_POINT('',#13717);
#3762=VERTEX_POINT('',#13719);
#3763=VERTEX_POINT('',#13724);
#3764=VERTEX_POINT('',#13728);
#3765=VERTEX_POINT('',#13732);
#3766=VERTEX_POINT('',#13736);
#3767=VERTEX_POINT('',#13740);
#3768=VERTEX_POINT('',#13742);
#3769=VERTEX_POINT('',#13746);
#3770=VERTEX_POINT('',#13748);
#3771=VERTEX_POINT('',#13752);
#3772=VERTEX_POINT('',#13754);
#3773=VERTEX_POINT('',#13759);
#3774=VERTEX_POINT('',#13763);
#3775=VERTEX_POINT('',#13767);
#3776=VERTEX_POINT('',#13771);
#3777=VERTEX_POINT('',#13775);
#3778=VERTEX_POINT('',#13777);
#3779=VERTEX_POINT('',#13781);
#3780=VERTEX_POINT('',#13783);
#3781=VERTEX_POINT('',#13787);
#3782=VERTEX_POINT('',#13789);
#3783=VERTEX_POINT('',#13794);
#3784=VERTEX_POINT('',#13798);
#3785=VERTEX_POINT('',#13802);
#3786=VERTEX_POINT('',#13806);
#3787=VERTEX_POINT('',#13810);
#3788=VERTEX_POINT('',#13812);
#3789=VERTEX_POINT('',#13816);
#3790=VERTEX_POINT('',#13818);
#3791=VERTEX_POINT('',#13822);
#3792=VERTEX_POINT('',#13824);
#3793=VERTEX_POINT('',#13829);
#3794=VERTEX_POINT('',#13833);
#3795=VERTEX_POINT('',#13837);
#3796=VERTEX_POINT('',#13841);
#3797=VERTEX_POINT('',#13845);
#3798=VERTEX_POINT('',#13847);
#3799=VERTEX_POINT('',#13851);
#3800=VERTEX_POINT('',#13853);
#3801=VERTEX_POINT('',#13857);
#3802=VERTEX_POINT('',#13859);
#3803=VERTEX_POINT('',#13864);
#3804=VERTEX_POINT('',#13868);
#3805=VERTEX_POINT('',#13872);
#3806=VERTEX_POINT('',#13876);
#3807=VERTEX_POINT('',#13880);
#3808=VERTEX_POINT('',#13882);
#3809=VERTEX_POINT('',#13886);
#3810=VERTEX_POINT('',#13888);
#3811=VERTEX_POINT('',#13892);
#3812=VERTEX_POINT('',#13894);
#3813=VERTEX_POINT('',#13899);
#3814=VERTEX_POINT('',#13903);
#3815=VERTEX_POINT('',#13907);
#3816=VERTEX_POINT('',#13911);
#3817=VERTEX_POINT('',#13915);
#3818=VERTEX_POINT('',#13917);
#3819=VERTEX_POINT('',#13921);
#3820=VERTEX_POINT('',#13923);
#3821=VERTEX_POINT('',#13927);
#3822=VERTEX_POINT('',#13929);
#3823=VERTEX_POINT('',#13934);
#3824=VERTEX_POINT('',#13938);
#3825=VERTEX_POINT('',#13942);
#3826=VERTEX_POINT('',#13948);
#3827=VERTEX_POINT('',#13950);
#3828=VERTEX_POINT('',#13952);
#3829=VERTEX_POINT('',#13954);
#3830=VERTEX_POINT('',#13958);
#3831=VERTEX_POINT('',#13960);
#3832=VERTEX_POINT('',#13962);
#3833=VERTEX_POINT('',#13964);
#3834=VERTEX_POINT('',#13968);
#3835=VERTEX_POINT('',#13970);
#3836=VERTEX_POINT('',#13972);
#3837=VERTEX_POINT('',#13974);
#3838=VERTEX_POINT('',#13978);
#3839=VERTEX_POINT('',#13980);
#3840=VERTEX_POINT('',#13982);
#3841=VERTEX_POINT('',#13984);
#3842=VERTEX_POINT('',#13988);
#3843=VERTEX_POINT('',#13990);
#3844=VERTEX_POINT('',#13992);
#3845=VERTEX_POINT('',#13994);
#3846=VERTEX_POINT('',#13998);
#3847=VERTEX_POINT('',#14000);
#3848=VERTEX_POINT('',#14002);
#3849=VERTEX_POINT('',#14004);
#3850=VERTEX_POINT('',#14008);
#3851=VERTEX_POINT('',#14010);
#3852=VERTEX_POINT('',#14012);
#3853=VERTEX_POINT('',#14014);
#3854=VERTEX_POINT('',#14018);
#3855=VERTEX_POINT('',#14020);
#3856=VERTEX_POINT('',#14022);
#3857=VERTEX_POINT('',#14024);
#3858=VERTEX_POINT('',#14028);
#3859=VERTEX_POINT('',#14030);
#3860=VERTEX_POINT('',#14032);
#3861=VERTEX_POINT('',#14034);
#3862=VERTEX_POINT('',#14038);
#3863=VERTEX_POINT('',#14040);
#3864=VERTEX_POINT('',#14042);
#3865=VERTEX_POINT('',#14044);
#3866=VERTEX_POINT('',#14048);
#3867=VERTEX_POINT('',#14050);
#3868=VERTEX_POINT('',#14052);
#3869=VERTEX_POINT('',#14054);
#3870=VERTEX_POINT('',#14058);
#3871=VERTEX_POINT('',#14060);
#3872=VERTEX_POINT('',#14062);
#3873=VERTEX_POINT('',#14064);
#3874=VERTEX_POINT('',#14068);
#3875=VERTEX_POINT('',#14070);
#3876=VERTEX_POINT('',#14072);
#3877=VERTEX_POINT('',#14074);
#3878=VERTEX_POINT('',#14078);
#3879=VERTEX_POINT('',#14080);
#3880=VERTEX_POINT('',#14082);
#3881=VERTEX_POINT('',#14084);
#3882=VERTEX_POINT('',#14088);
#3883=VERTEX_POINT('',#14090);
#3884=VERTEX_POINT('',#14092);
#3885=VERTEX_POINT('',#14094);
#3886=VERTEX_POINT('',#14098);
#3887=VERTEX_POINT('',#14100);
#3888=VERTEX_POINT('',#14102);
#3889=VERTEX_POINT('',#14104);
#3890=VERTEX_POINT('',#14108);
#3891=VERTEX_POINT('',#14110);
#3892=VERTEX_POINT('',#14112);
#3893=VERTEX_POINT('',#14114);
#3894=VERTEX_POINT('',#14118);
#3895=VERTEX_POINT('',#14120);
#3896=VERTEX_POINT('',#14122);
#3897=VERTEX_POINT('',#14124);
#3898=VERTEX_POINT('',#14128);
#3899=VERTEX_POINT('',#14130);
#3900=VERTEX_POINT('',#14132);
#3901=VERTEX_POINT('',#14134);
#3902=VERTEX_POINT('',#14138);
#3903=VERTEX_POINT('',#14140);
#3904=VERTEX_POINT('',#14142);
#3905=VERTEX_POINT('',#14144);
#3906=VERTEX_POINT('',#14148);
#3907=VERTEX_POINT('',#14149);
#3908=VERTEX_POINT('',#14154);
#3909=VERTEX_POINT('',#14158);
#3910=VERTEX_POINT('',#14162);
#3911=VERTEX_POINT('',#14166);
#3912=VERTEX_POINT('',#14170);
#3913=VERTEX_POINT('',#14174);
#3914=VERTEX_POINT('',#14178);
#3915=VERTEX_POINT('',#14182);
#3916=VERTEX_POINT('',#14186);
#3917=VERTEX_POINT('',#14190);
#3918=VERTEX_POINT('',#14194);
#3919=VERTEX_POINT('',#14198);
#3920=VERTEX_POINT('',#14202);
#3921=VERTEX_POINT('',#14206);
#3922=VERTEX_POINT('',#14210);
#3923=VERTEX_POINT('',#14214);
#3924=VERTEX_POINT('',#14218);
#3925=VERTEX_POINT('',#14222);
#3926=VERTEX_POINT('',#14226);
#3927=VERTEX_POINT('',#14230);
#3928=VERTEX_POINT('',#14234);
#3929=VERTEX_POINT('',#14238);
#3930=VERTEX_POINT('',#14242);
#3931=VERTEX_POINT('',#14246);
#3932=VERTEX_POINT('',#14250);
#3933=VERTEX_POINT('',#14254);
#3934=VERTEX_POINT('',#14258);
#3935=VERTEX_POINT('',#14262);
#3936=VERTEX_POINT('',#14266);
#3937=VERTEX_POINT('',#14270);
#3938=VERTEX_POINT('',#14274);
#3939=VERTEX_POINT('',#14278);
#3940=VERTEX_POINT('',#14282);
#3941=VERTEX_POINT('',#14286);
#3942=VERTEX_POINT('',#14290);
#3943=VERTEX_POINT('',#14294);
#3944=VERTEX_POINT('',#14298);
#3945=VERTEX_POINT('',#14302);
#3946=VERTEX_POINT('',#14306);
#3947=VERTEX_POINT('',#14310);
#3948=VERTEX_POINT('',#14314);
#3949=VERTEX_POINT('',#14318);
#3950=VERTEX_POINT('',#14322);
#3951=VERTEX_POINT('',#14326);
#3952=VERTEX_POINT('',#14330);
#3953=VERTEX_POINT('',#14334);
#3954=VERTEX_POINT('',#14338);
#3955=VERTEX_POINT('',#14342);
#3956=VERTEX_POINT('',#14346);
#3957=VERTEX_POINT('',#14350);
#3958=VERTEX_POINT('',#14354);
#3959=VERTEX_POINT('',#14358);
#3960=VERTEX_POINT('',#14362);
#3961=VERTEX_POINT('',#14366);
#3962=VERTEX_POINT('',#14370);
#3963=VERTEX_POINT('',#14374);
#3964=VERTEX_POINT('',#14378);
#3965=VERTEX_POINT('',#14382);
#3966=VERTEX_POINT('',#14386);
#3967=VERTEX_POINT('',#14390);
#3968=VERTEX_POINT('',#14394);
#3969=VERTEX_POINT('',#14398);
#3970=VERTEX_POINT('',#14402);
#3971=VERTEX_POINT('',#14406);
#3972=VERTEX_POINT('',#14410);
#3973=VERTEX_POINT('',#14414);
#3974=VERTEX_POINT('',#14418);
#3975=VERTEX_POINT('',#14422);
#3976=VERTEX_POINT('',#14426);
#3977=VERTEX_POINT('',#14430);
#3978=VERTEX_POINT('',#14434);
#3979=VERTEX_POINT('',#14438);
#3980=VERTEX_POINT('',#14442);
#3981=VERTEX_POINT('',#14446);
#3982=VERTEX_POINT('',#14450);
#3983=VERTEX_POINT('',#14454);
#3984=VERTEX_POINT('',#14458);
#3985=VERTEX_POINT('',#14462);
#3986=VERTEX_POINT('',#14466);
#3987=VERTEX_POINT('',#14470);
#3988=VERTEX_POINT('',#14474);
#3989=VERTEX_POINT('',#14478);
#3990=VERTEX_POINT('',#14482);
#3991=VERTEX_POINT('',#14486);
#3992=VERTEX_POINT('',#14490);
#3993=VERTEX_POINT('',#14494);
#3994=VERTEX_POINT('',#14498);
#3995=VERTEX_POINT('',#14502);
#3996=VERTEX_POINT('',#14506);
#3997=VERTEX_POINT('',#14510);
#3998=VERTEX_POINT('',#14514);
#3999=VERTEX_POINT('',#14518);
#4000=VERTEX_POINT('',#14522);
#4001=VERTEX_POINT('',#14526);
#4002=VERTEX_POINT('',#14530);
#4003=VERTEX_POINT('',#14534);
#4004=VERTEX_POINT('',#14538);
#4005=VERTEX_POINT('',#14542);
#4006=VERTEX_POINT('',#14546);
#4007=VERTEX_POINT('',#14550);
#4008=VERTEX_POINT('',#14554);
#4009=VERTEX_POINT('',#14558);
#4010=VERTEX_POINT('',#14562);
#4011=VERTEX_POINT('',#14566);
#4012=VERTEX_POINT('',#14570);
#4013=VERTEX_POINT('',#14574);
#4014=VERTEX_POINT('',#14578);
#4015=VERTEX_POINT('',#14582);
#4016=VERTEX_POINT('',#14586);
#4017=VERTEX_POINT('',#14590);
#4018=VERTEX_POINT('',#14594);
#4019=VERTEX_POINT('',#14598);
#4020=VERTEX_POINT('',#14602);
#4021=VERTEX_POINT('',#14606);
#4022=VERTEX_POINT('',#14610);
#4023=VERTEX_POINT('',#14614);
#4024=VERTEX_POINT('',#14618);
#4025=VERTEX_POINT('',#14622);
#4026=VERTEX_POINT('',#14626);
#4027=VERTEX_POINT('',#14630);
#4028=VERTEX_POINT('',#14634);
#4029=VERTEX_POINT('',#14638);
#4030=VERTEX_POINT('',#14642);
#4031=VERTEX_POINT('',#14646);
#4032=VERTEX_POINT('',#14650);
#4033=VERTEX_POINT('',#14654);
#4034=VERTEX_POINT('',#14658);
#4035=VERTEX_POINT('',#14662);
#4036=VERTEX_POINT('',#14666);
#4037=VERTEX_POINT('',#14670);
#4038=VERTEX_POINT('',#14674);
#4039=VERTEX_POINT('',#14678);
#4040=VERTEX_POINT('',#14682);
#4041=VERTEX_POINT('',#14686);
#4042=VERTEX_POINT('',#14690);
#4043=VERTEX_POINT('',#14694);
#4044=VERTEX_POINT('',#14698);
#4045=VERTEX_POINT('',#14702);
#4046=VERTEX_POINT('',#14710);
#4047=VERTEX_POINT('',#14711);
#4048=VERTEX_POINT('',#14713);
#4049=VERTEX_POINT('',#14715);
#4050=VERTEX_POINT('',#14719);
#4051=VERTEX_POINT('',#14721);
#4052=VERTEX_POINT('',#14725);
#4053=VERTEX_POINT('',#14727);
#4054=VERTEX_POINT('',#14731);
#4055=VERTEX_POINT('',#14733);
#4056=VERTEX_POINT('',#14737);
#4057=VERTEX_POINT('',#14739);
#4058=VERTEX_POINT('',#14747);
#4059=VERTEX_POINT('',#14751);
#4060=VERTEX_POINT('',#14755);
#4061=VERTEX_POINT('',#14760);
#4062=VERTEX_POINT('',#14761);
#4063=VERTEX_POINT('',#14763);
#4064=VERTEX_POINT('',#14765);
#4065=VERTEX_POINT('',#14769);
#4066=VERTEX_POINT('',#14771);
#4067=VERTEX_POINT('',#14775);
#4068=VERTEX_POINT('',#14777);
#4069=VERTEX_POINT('',#14781);
#4070=VERTEX_POINT('',#14783);
#4071=VERTEX_POINT('',#14787);
#4072=VERTEX_POINT('',#14789);
#4073=VERTEX_POINT('',#14798);
#4074=VERTEX_POINT('',#14802);
#4075=VERTEX_POINT('',#14806);
#4076=VERTEX_POINT('',#14811);
#4077=VERTEX_POINT('',#14815);
#4078=VERTEX_POINT('',#14819);
#4079=VERTEX_POINT('',#14823);
#4080=VERTEX_POINT('',#14827);
#4081=VERTEX_POINT('',#14829);
#4082=VERTEX_POINT('',#14833);
#4083=VERTEX_POINT('',#14835);
#4084=VERTEX_POINT('',#14839);
#4085=VERTEX_POINT('',#14840);
#4086=VERTEX_POINT('',#14842);
#4087=VERTEX_POINT('',#14844);
#4088=VERTEX_POINT('',#14848);
#4089=VERTEX_POINT('',#14850);
#4090=VERTEX_POINT('',#14852);
#4091=VERTEX_POINT('',#14855);
#4092=VERTEX_POINT('',#14857);
#4093=VERTEX_POINT('',#14860);
#4094=VERTEX_POINT('',#14862);
#4095=VERTEX_POINT('',#14864);
#4096=VERTEX_POINT('',#14866);
#4097=VERTEX_POINT('',#14868);
#4098=VERTEX_POINT('',#14871);
#4099=VERTEX_POINT('',#14874);
#4100=VERTEX_POINT('',#14878);
#4101=VERTEX_POINT('',#14882);
#4102=VERTEX_POINT('',#14886);
#4103=VERTEX_POINT('',#14889);
#4104=VERTEX_POINT('',#14891);
#4105=VERTEX_POINT('',#14894);
#4106=VERTEX_POINT('',#14897);
#4107=VERTEX_POINT('',#14899);
#4108=VERTEX_POINT('',#14902);
#4109=VERTEX_POINT('',#14906);
#4110=VERTEX_POINT('',#14910);
#4111=VERTEX_POINT('',#14915);
#4112=VERTEX_POINT('',#14920);
#4113=VERTEX_POINT('',#14922);
#4114=VERTEX_POINT('',#14962);
#4115=VERTEX_POINT('',#14963);
#4116=VERTEX_POINT('',#15004);
#4117=VERTEX_POINT('',#15006);
#4118=VERTEX_POINT('',#15046);
#4119=VERTEX_POINT('',#15047);
#4120=VERTEX_POINT('',#15094);
#4121=VERTEX_POINT('',#15098);
#4122=VERTEX_POINT('',#15105);
#4123=VERTEX_POINT('',#15106);
#4124=VERTEX_POINT('',#15108);
#4125=VERTEX_POINT('',#15110);
#4126=VERTEX_POINT('',#15114);
#4127=VERTEX_POINT('',#15116);
#4128=VERTEX_POINT('',#15120);
#4129=VERTEX_POINT('',#15122);
#4130=VERTEX_POINT('',#15126);
#4131=VERTEX_POINT('',#15128);
#4132=VERTEX_POINT('',#15132);
#4133=VERTEX_POINT('',#15134);
#4134=VERTEX_POINT('',#15142);
#4135=VERTEX_POINT('',#15147);
#4136=VERTEX_POINT('',#15152);
#4137=VERTEX_POINT('',#15157);
#4138=EDGE_CURVE('',#3310,#3311,#1876,.T.);
#4139=EDGE_CURVE('',#3312,#3310,#1877,.T.);
#4140=EDGE_CURVE('',#3313,#3312,#1878,.T.);
#4141=EDGE_CURVE('',#3311,#3313,#1879,.T.);
#4142=EDGE_CURVE('',#3314,#3315,#84,.T.);
#4143=EDGE_CURVE('',#3315,#3316,#1880,.T.);
#4144=EDGE_CURVE('',#3317,#3316,#85,.T.);
#4145=EDGE_CURVE('',#3317,#3314,#1881,.T.);
#4146=EDGE_CURVE('',#3318,#3317,#86,.T.);
#4147=EDGE_CURVE('',#3319,#3318,#1882,.T.);
#4148=EDGE_CURVE('',#3314,#3319,#87,.T.);
#4149=EDGE_CURVE('',#3310,#3320,#88,.T.);
#4150=EDGE_CURVE('',#3320,#3311,#89,.T.);
#4151=EDGE_CURVE('',#3321,#3322,#90,.T.);
#4152=EDGE_CURVE('',#3322,#3323,#1883,.T.);
#4153=EDGE_CURVE('',#3324,#3323,#91,.T.);
#4154=EDGE_CURVE('',#3324,#3321,#1884,.T.);
#4155=EDGE_CURVE('',#3325,#3322,#92,.T.);
#4156=EDGE_CURVE('',#3326,#3325,#1885,.T.);
#4157=EDGE_CURVE('',#3323,#3326,#93,.T.);
#4158=EDGE_CURVE('',#3325,#3327,#94,.T.);
#4159=EDGE_CURVE('',#3327,#3328,#1886,.T.);
#4160=EDGE_CURVE('',#3326,#3328,#95,.T.);
#4161=EDGE_CURVE('',#3329,#3319,#96,.T.);
#4162=EDGE_CURVE('',#3330,#3318,#97,.T.);
#4163=EDGE_CURVE('',#3330,#3329,#1887,.T.);
#4164=EDGE_CURVE('',#3331,#3332,#98,.T.);
#4165=EDGE_CURVE('',#3332,#3333,#1888,.T.);
#4166=EDGE_CURVE('',#3334,#3333,#99,.T.);
#4167=EDGE_CURVE('',#3334,#3331,#1889,.T.);
#4168=EDGE_CURVE('',#3335,#3334,#100,.T.);
#4169=EDGE_CURVE('',#3336,#3335,#1890,.T.);
#4170=EDGE_CURVE('',#3331,#3336,#101,.T.);
#4171=EDGE_CURVE('',#3337,#3336,#102,.T.);
#4172=EDGE_CURVE('',#3338,#3335,#103,.T.);
#4173=EDGE_CURVE('',#3338,#3337,#1891,.T.);
#4174=EDGE_CURVE('',#3329,#3339,#104,.T.);
#4175=EDGE_CURVE('',#3339,#3332,#105,.T.);
#4176=EDGE_CURVE('',#3337,#3327,#106,.T.);
#4177=EDGE_CURVE('',#3321,#3315,#107,.T.);
#4178=EDGE_CURVE('',#3312,#3313,#108,.T.);
#4179=EDGE_CURVE('',#3340,#3340,#109,.T.);
#4180=EDGE_CURVE('',#3341,#3341,#110,.T.);
#4181=EDGE_CURVE('',#3342,#3342,#111,.T.);
#4182=EDGE_CURVE('',#3343,#3343,#112,.T.);
#4183=EDGE_CURVE('',#3316,#3344,#113,.T.);
#4184=EDGE_CURVE('',#3344,#3324,#114,.T.);
#4185=EDGE_CURVE('',#3328,#3345,#115,.T.);
#4186=EDGE_CURVE('',#3345,#3338,#116,.T.);
#4187=EDGE_CURVE('',#3333,#3330,#117,.T.);
#4188=EDGE_CURVE('',#3346,#3346,#118,.T.);
#4189=EDGE_CURVE('',#3346,#3347,#1892,.T.);
#4190=EDGE_CURVE('',#3347,#3347,#119,.T.);
#4191=EDGE_CURVE('',#3348,#3349,#1893,.T.);
#4192=EDGE_CURVE('',#3348,#3350,#1894,.T.);
#4193=EDGE_CURVE('',#3350,#3351,#1895,.T.);
#4194=EDGE_CURVE('',#3349,#3351,#1896,.T.);
#4195=EDGE_CURVE('',#3352,#3348,#1897,.T.);
#4196=EDGE_CURVE('',#3352,#3353,#1898,.T.);
#4197=EDGE_CURVE('',#3353,#3350,#1899,.T.);
#4198=EDGE_CURVE('',#3354,#3352,#1900,.T.);
#4199=EDGE_CURVE('',#3354,#3355,#1901,.T.);
#4200=EDGE_CURVE('',#3355,#3353,#1902,.T.);
#4201=EDGE_CURVE('',#3356,#3354,#1903,.T.);
#4202=EDGE_CURVE('',#3356,#3357,#1904,.T.);
#4203=EDGE_CURVE('',#3357,#3355,#1905,.T.);
#4204=EDGE_CURVE('',#3358,#3356,#1906,.T.);
#4205=EDGE_CURVE('',#3358,#3359,#1907,.T.);
#4206=EDGE_CURVE('',#3359,#3357,#1908,.T.);
#4207=EDGE_CURVE('',#3349,#3358,#1909,.T.);
#4208=EDGE_CURVE('',#3351,#3359,#1910,.T.);
#4209=EDGE_CURVE('',#3360,#3360,#120,.T.);
#4210=EDGE_CURVE('',#3360,#3361,#121,.T.);
#4211=EDGE_CURVE('',#3361,#3362,#122,.T.);
#4212=EDGE_CURVE('',#3362,#3363,#123,.T.);
#4213=EDGE_CURVE('',#3363,#3361,#124,.T.);
#4214=EDGE_CURVE('',#3364,#3364,#125,.T.);
#4215=EDGE_CURVE('',#3364,#3360,#1911,.T.);
#4216=EDGE_CURVE('',#3362,#3363,#126,.T.);
#4217=EDGE_CURVE('',#3365,#3365,#127,.T.);
#4218=EDGE_CURVE('',#3365,#3364,#128,.T.);
#4219=EDGE_CURVE('',#3366,#3366,#129,.T.);
#4220=EDGE_CURVE('',#3366,#3367,#1912,.T.);
#4221=EDGE_CURVE('',#3367,#3367,#130,.T.);
#4222=EDGE_CURVE('',#3368,#3369,#1913,.T.);
#4223=EDGE_CURVE('',#3368,#3370,#1914,.T.);
#4224=EDGE_CURVE('',#3370,#3371,#1915,.T.);
#4225=EDGE_CURVE('',#3369,#3371,#1916,.T.);
#4226=EDGE_CURVE('',#3372,#3368,#1917,.T.);
#4227=EDGE_CURVE('',#3372,#3373,#1918,.T.);
#4228=EDGE_CURVE('',#3373,#3370,#1919,.T.);
#4229=EDGE_CURVE('',#3374,#3372,#1920,.T.);
#4230=EDGE_CURVE('',#3374,#3375,#1921,.T.);
#4231=EDGE_CURVE('',#3375,#3373,#1922,.T.);
#4232=EDGE_CURVE('',#3376,#3374,#1923,.T.);
#4233=EDGE_CURVE('',#3376,#3377,#1924,.T.);
#4234=EDGE_CURVE('',#3377,#3375,#1925,.T.);
#4235=EDGE_CURVE('',#3378,#3376,#1926,.T.);
#4236=EDGE_CURVE('',#3378,#3379,#1927,.T.);
#4237=EDGE_CURVE('',#3379,#3377,#1928,.T.);
#4238=EDGE_CURVE('',#3369,#3378,#1929,.T.);
#4239=EDGE_CURVE('',#3371,#3379,#1930,.T.);
#4240=EDGE_CURVE('',#3380,#3380,#131,.T.);
#4241=EDGE_CURVE('',#3380,#3381,#132,.T.);
#4242=EDGE_CURVE('',#3381,#3382,#133,.T.);
#4243=EDGE_CURVE('',#3382,#3383,#134,.T.);
#4244=EDGE_CURVE('',#3383,#3381,#135,.T.);
#4245=EDGE_CURVE('',#3384,#3384,#136,.T.);
#4246=EDGE_CURVE('',#3384,#3380,#1931,.T.);
#4247=EDGE_CURVE('',#3382,#3383,#137,.T.);
#4248=EDGE_CURVE('',#3385,#3385,#138,.T.);
#4249=EDGE_CURVE('',#3385,#3384,#139,.T.);
#4250=EDGE_CURVE('',#3386,#3386,#140,.T.);
#4251=EDGE_CURVE('',#3387,#3387,#141,.T.);
#4252=EDGE_CURVE('',#3388,#3388,#142,.T.);
#4253=EDGE_CURVE('',#3389,#3389,#143,.T.);
#4254=EDGE_CURVE('',#3390,#3390,#144,.T.);
#4255=EDGE_CURVE('',#3391,#3391,#145,.T.);
#4256=EDGE_CURVE('',#3392,#3392,#146,.T.);
#4257=EDGE_CURVE('',#3392,#3393,#1932,.T.);
#4258=EDGE_CURVE('',#3393,#3393,#147,.T.);
#4259=EDGE_CURVE('',#3363,#3382,#148,.T.);
#4260=EDGE_CURVE('',#3383,#3394,#149,.T.);
#4261=EDGE_CURVE('',#3394,#3395,#150,.T.);
#4262=EDGE_CURVE('',#3396,#3395,#151,.T.);
#4263=EDGE_CURVE('',#3397,#3396,#152,.T.);
#4264=EDGE_CURVE('',#3397,#3398,#153,.T.);
#4265=EDGE_CURVE('',#3399,#3398,#154,.T.);
#4266=EDGE_CURVE('',#3400,#3399,#155,.T.);
#4267=EDGE_CURVE('',#3400,#3362,#156,.T.);
#4268=EDGE_CURVE('',#3401,#3402,#1933,.T.);
#4269=EDGE_CURVE('',#3401,#3403,#1934,.T.);
#4270=EDGE_CURVE('',#3403,#3404,#1935,.T.);
#4271=EDGE_CURVE('',#3402,#3404,#1936,.T.);
#4272=EDGE_CURVE('',#3405,#3401,#1937,.T.);
#4273=EDGE_CURVE('',#3405,#3406,#1938,.T.);
#4274=EDGE_CURVE('',#3406,#3403,#1939,.T.);
#4275=EDGE_CURVE('',#3407,#3405,#1940,.T.);
#4276=EDGE_CURVE('',#3407,#3408,#1941,.T.);
#4277=EDGE_CURVE('',#3408,#3406,#1942,.T.);
#4278=EDGE_CURVE('',#3409,#3407,#1943,.T.);
#4279=EDGE_CURVE('',#3409,#3410,#1944,.T.);
#4280=EDGE_CURVE('',#3410,#3408,#1945,.T.);
#4281=EDGE_CURVE('',#3411,#3409,#1946,.T.);
#4282=EDGE_CURVE('',#3411,#3412,#1947,.T.);
#4283=EDGE_CURVE('',#3412,#3410,#1948,.T.);
#4284=EDGE_CURVE('',#3402,#3411,#1949,.T.);
#4285=EDGE_CURVE('',#3404,#3412,#1950,.T.);
#4286=EDGE_CURVE('',#3413,#3413,#157,.T.);
#4287=EDGE_CURVE('',#3413,#3390,#1951,.T.);
#4288=EDGE_CURVE('',#3414,#3414,#158,.T.);
#4289=EDGE_CURVE('',#3414,#3396,#159,.T.);
#4290=EDGE_CURVE('',#3395,#3397,#160,.T.);
#4291=EDGE_CURVE('',#3415,#3415,#161,.T.);
#4292=EDGE_CURVE('',#3415,#3414,#1952,.T.);
#4293=EDGE_CURVE('',#3395,#3397,#162,.T.);
#4294=EDGE_CURVE('',#3416,#3416,#163,.T.);
#4295=EDGE_CURVE('',#3416,#3415,#164,.T.);
#4296=EDGE_CURVE('',#3417,#3418,#1953,.T.);
#4297=EDGE_CURVE('',#3417,#3419,#1954,.T.);
#4298=EDGE_CURVE('',#3419,#3420,#1955,.T.);
#4299=EDGE_CURVE('',#3418,#3420,#1956,.T.);
#4300=EDGE_CURVE('',#3421,#3417,#1957,.T.);
#4301=EDGE_CURVE('',#3421,#3422,#1958,.T.);
#4302=EDGE_CURVE('',#3422,#3419,#1959,.T.);
#4303=EDGE_CURVE('',#3423,#3421,#1960,.T.);
#4304=EDGE_CURVE('',#3423,#3424,#1961,.T.);
#4305=EDGE_CURVE('',#3424,#3422,#1962,.T.);
#4306=EDGE_CURVE('',#3425,#3423,#1963,.T.);
#4307=EDGE_CURVE('',#3425,#3426,#1964,.T.);
#4308=EDGE_CURVE('',#3426,#3424,#1965,.T.);
#4309=EDGE_CURVE('',#3427,#3425,#1966,.T.);
#4310=EDGE_CURVE('',#3427,#3428,#1967,.T.);
#4311=EDGE_CURVE('',#3428,#3426,#1968,.T.);
#4312=EDGE_CURVE('',#3418,#3427,#1969,.T.);
#4313=EDGE_CURVE('',#3420,#3428,#1970,.T.);
#4314=EDGE_CURVE('',#3429,#3429,#165,.T.);
#4315=EDGE_CURVE('',#3429,#3342,#166,.T.);
#4316=EDGE_CURVE('',#3430,#3430,#167,.T.);
#4317=EDGE_CURVE('',#3430,#3429,#1971,.T.);
#4318=EDGE_CURVE('',#3431,#3431,#168,.T.);
#4319=EDGE_CURVE('',#3431,#3430,#169,.T.);
#4320=EDGE_CURVE('',#3432,#3432,#170,.T.);
#4321=EDGE_CURVE('',#3433,#3433,#171,.T.);
#4322=EDGE_CURVE('',#3432,#3434,#1972,.T.);
#4323=EDGE_CURVE('',#3434,#3434,#172,.T.);
#4324=EDGE_CURVE('',#3435,#3435,#173,.T.);
#4325=EDGE_CURVE('',#3435,#3436,#1973,.T.);
#4326=EDGE_CURVE('',#3436,#3436,#174,.T.);
#4327=EDGE_CURVE('',#3339,#3437,#1974,.T.);
#4328=EDGE_CURVE('',#3437,#3437,#175,.T.);
#4329=EDGE_CURVE('',#3344,#3438,#1975,.T.);
#4330=EDGE_CURVE('',#3438,#3438,#176,.T.);
#4331=EDGE_CURVE('',#3345,#3439,#1976,.T.);
#4332=EDGE_CURVE('',#3439,#3439,#177,.T.);
#4333=EDGE_CURVE('',#3320,#3440,#1977,.T.);
#4334=EDGE_CURVE('',#3440,#3440,#178,.T.);
#4335=EDGE_CURVE('',#3441,#3441,#179,.T.);
#4336=EDGE_CURVE('',#3441,#3442,#1978,.T.);
#4337=EDGE_CURVE('',#3442,#3442,#180,.T.);
#4338=EDGE_CURVE('',#3443,#3443,#181,.T.);
#4339=EDGE_CURVE('',#3443,#3444,#1979,.T.);
#4340=EDGE_CURVE('',#3444,#3444,#182,.T.);
#4341=EDGE_CURVE('',#3445,#3445,#183,.T.);
#4342=EDGE_CURVE('',#3445,#3343,#1980,.T.);
#4343=EDGE_CURVE('',#3446,#3447,#1981,.T.);
#4344=EDGE_CURVE('',#3447,#3448,#184,.T.);
#4345=EDGE_CURVE('',#3448,#3449,#185,.T.);
#4346=EDGE_CURVE('',#3449,#3450,#1982,.T.);
#4347=EDGE_CURVE('',#3451,#3450,#1983,.T.);
#4348=EDGE_CURVE('',#3452,#3451,#186,.T.);
#4349=EDGE_CURVE('',#3453,#3452,#187,.T.);
#4350=EDGE_CURVE('',#3454,#3453,#188,.T.);
#4351=EDGE_CURVE('',#3446,#3454,#1984,.T.);
#4352=EDGE_CURVE('',#3455,#3456,#1985,.T.);
#4353=EDGE_CURVE('',#3456,#3457,#189,.T.);
#4354=EDGE_CURVE('',#3457,#3458,#190,.T.);
#4355=EDGE_CURVE('',#3458,#3459,#1986,.T.);
#4356=EDGE_CURVE('',#3460,#3459,#1987,.T.);
#4357=EDGE_CURVE('',#3461,#3460,#191,.T.);
#4358=EDGE_CURVE('',#3462,#3461,#192,.T.);
#4359=EDGE_CURVE('',#3463,#3462,#193,.T.);
#4360=EDGE_CURVE('',#3455,#3463,#1988,.T.);
#4361=EDGE_CURVE('',#3464,#3465,#1989,.T.);
#4362=EDGE_CURVE('',#3465,#3466,#194,.T.);
#4363=EDGE_CURVE('',#3466,#3467,#195,.T.);
#4364=EDGE_CURVE('',#3467,#3468,#1990,.T.);
#4365=EDGE_CURVE('',#3469,#3468,#1991,.T.);
#4366=EDGE_CURVE('',#3470,#3469,#196,.T.);
#4367=EDGE_CURVE('',#3471,#3470,#197,.T.);
#4368=EDGE_CURVE('',#3472,#3471,#198,.T.);
#4369=EDGE_CURVE('',#3464,#3472,#1992,.T.);
#4370=EDGE_CURVE('',#3473,#3474,#1993,.T.);
#4371=EDGE_CURVE('',#3474,#3475,#199,.T.);
#4372=EDGE_CURVE('',#3475,#3476,#200,.T.);
#4373=EDGE_CURVE('',#3476,#3477,#1994,.T.);
#4374=EDGE_CURVE('',#3478,#3477,#1995,.T.);
#4375=EDGE_CURVE('',#3479,#3478,#201,.T.);
#4376=EDGE_CURVE('',#3480,#3479,#202,.T.);
#4377=EDGE_CURVE('',#3481,#3480,#203,.T.);
#4378=EDGE_CURVE('',#3473,#3481,#1996,.T.);
#4379=EDGE_CURVE('',#3482,#3483,#1997,.T.);
#4380=EDGE_CURVE('',#3483,#3484,#204,.T.);
#4381=EDGE_CURVE('',#3484,#3485,#205,.T.);
#4382=EDGE_CURVE('',#3485,#3486,#1998,.T.);
#4383=EDGE_CURVE('',#3487,#3486,#1999,.T.);
#4384=EDGE_CURVE('',#3488,#3487,#206,.T.);
#4385=EDGE_CURVE('',#3489,#3488,#207,.T.);
#4386=EDGE_CURVE('',#3490,#3489,#208,.T.);
#4387=EDGE_CURVE('',#3482,#3490,#2000,.T.);
#4388=EDGE_CURVE('',#3491,#3492,#2001,.T.);
#4389=EDGE_CURVE('',#3492,#3493,#209,.T.);
#4390=EDGE_CURVE('',#3493,#3494,#210,.T.);
#4391=EDGE_CURVE('',#3494,#3495,#2002,.T.);
#4392=EDGE_CURVE('',#3496,#3495,#2003,.T.);
#4393=EDGE_CURVE('',#3497,#3496,#211,.T.);
#4394=EDGE_CURVE('',#3498,#3497,#212,.T.);
#4395=EDGE_CURVE('',#3499,#3498,#213,.T.);
#4396=EDGE_CURVE('',#3491,#3499,#2004,.T.);
#4397=EDGE_CURVE('',#3500,#3501,#2005,.T.);
#4398=EDGE_CURVE('',#3501,#3502,#214,.T.);
#4399=EDGE_CURVE('',#3502,#3503,#215,.T.);
#4400=EDGE_CURVE('',#3503,#3504,#2006,.T.);
#4401=EDGE_CURVE('',#3505,#3504,#2007,.T.);
#4402=EDGE_CURVE('',#3506,#3505,#216,.T.);
#4403=EDGE_CURVE('',#3507,#3506,#217,.T.);
#4404=EDGE_CURVE('',#3508,#3507,#218,.T.);
#4405=EDGE_CURVE('',#3500,#3508,#2008,.T.);
#4406=EDGE_CURVE('',#3509,#3510,#2009,.T.);
#4407=EDGE_CURVE('',#3510,#3511,#219,.T.);
#4408=EDGE_CURVE('',#3511,#3512,#220,.T.);
#4409=EDGE_CURVE('',#3512,#3513,#2010,.T.);
#4410=EDGE_CURVE('',#3514,#3513,#2011,.T.);
#4411=EDGE_CURVE('',#3515,#3514,#221,.T.);
#4412=EDGE_CURVE('',#3516,#3515,#222,.T.);
#4413=EDGE_CURVE('',#3517,#3516,#223,.T.);
#4414=EDGE_CURVE('',#3509,#3517,#2012,.T.);
#4415=EDGE_CURVE('',#3518,#3519,#2013,.T.);
#4416=EDGE_CURVE('',#3519,#3520,#224,.T.);
#4417=EDGE_CURVE('',#3520,#3521,#225,.T.);
#4418=EDGE_CURVE('',#3521,#3522,#2014,.T.);
#4419=EDGE_CURVE('',#3523,#3522,#2015,.T.);
#4420=EDGE_CURVE('',#3524,#3523,#226,.T.);
#4421=EDGE_CURVE('',#3525,#3524,#227,.T.);
#4422=EDGE_CURVE('',#3526,#3525,#228,.T.);
#4423=EDGE_CURVE('',#3518,#3526,#2016,.T.);
#4424=EDGE_CURVE('',#3527,#3528,#2017,.T.);
#4425=EDGE_CURVE('',#3529,#3528,#2018,.T.);
#4426=EDGE_CURVE('',#3530,#3529,#229,.T.);
#4427=EDGE_CURVE('',#3531,#3530,#230,.T.);
#4428=EDGE_CURVE('',#3532,#3531,#231,.T.);
#4429=EDGE_CURVE('',#3533,#3532,#2019,.T.);
#4430=EDGE_CURVE('',#3533,#3534,#2020,.T.);
#4431=EDGE_CURVE('',#3534,#3535,#232,.T.);
#4432=EDGE_CURVE('',#3535,#3527,#233,.T.);
#4433=EDGE_CURVE('',#3536,#3537,#2021,.T.);
#4434=EDGE_CURVE('',#3538,#3537,#2022,.T.);
#4435=EDGE_CURVE('',#3539,#3538,#234,.T.);
#4436=EDGE_CURVE('',#3540,#3539,#235,.T.);
#4437=EDGE_CURVE('',#3541,#3540,#236,.T.);
#4438=EDGE_CURVE('',#3542,#3541,#2023,.T.);
#4439=EDGE_CURVE('',#3542,#3543,#2024,.T.);
#4440=EDGE_CURVE('',#3543,#3544,#237,.T.);
#4441=EDGE_CURVE('',#3544,#3536,#238,.T.);
#4442=EDGE_CURVE('',#3545,#3546,#2025,.T.);
#4443=EDGE_CURVE('',#3547,#3546,#2026,.T.);
#4444=EDGE_CURVE('',#3548,#3547,#239,.T.);
#4445=EDGE_CURVE('',#3549,#3548,#240,.T.);
#4446=EDGE_CURVE('',#3550,#3549,#241,.T.);
#4447=EDGE_CURVE('',#3551,#3550,#2027,.T.);
#4448=EDGE_CURVE('',#3551,#3552,#2028,.T.);
#4449=EDGE_CURVE('',#3552,#3553,#242,.T.);
#4450=EDGE_CURVE('',#3553,#3545,#243,.T.);
#4451=EDGE_CURVE('',#3554,#3555,#2029,.T.);
#4452=EDGE_CURVE('',#3556,#3555,#2030,.T.);
#4453=EDGE_CURVE('',#3557,#3556,#244,.T.);
#4454=EDGE_CURVE('',#3558,#3557,#245,.T.);
#4455=EDGE_CURVE('',#3559,#3558,#246,.T.);
#4456=EDGE_CURVE('',#3560,#3559,#2031,.T.);
#4457=EDGE_CURVE('',#3560,#3561,#2032,.T.);
#4458=EDGE_CURVE('',#3561,#3562,#247,.T.);
#4459=EDGE_CURVE('',#3562,#3554,#248,.T.);
#4460=EDGE_CURVE('',#3563,#3564,#2033,.T.);
#4461=EDGE_CURVE('',#3565,#3564,#2034,.T.);
#4462=EDGE_CURVE('',#3566,#3565,#249,.T.);
#4463=EDGE_CURVE('',#3567,#3566,#250,.T.);
#4464=EDGE_CURVE('',#3568,#3567,#251,.T.);
#4465=EDGE_CURVE('',#3569,#3568,#2035,.T.);
#4466=EDGE_CURVE('',#3569,#3570,#2036,.T.);
#4467=EDGE_CURVE('',#3570,#3571,#252,.T.);
#4468=EDGE_CURVE('',#3571,#3563,#253,.T.);
#4469=EDGE_CURVE('',#3572,#3573,#2037,.T.);
#4470=EDGE_CURVE('',#3574,#3573,#2038,.T.);
#4471=EDGE_CURVE('',#3575,#3574,#254,.T.);
#4472=EDGE_CURVE('',#3576,#3575,#255,.T.);
#4473=EDGE_CURVE('',#3577,#3576,#256,.T.);
#4474=EDGE_CURVE('',#3578,#3577,#2039,.T.);
#4475=EDGE_CURVE('',#3578,#3579,#2040,.T.);
#4476=EDGE_CURVE('',#3579,#3580,#257,.T.);
#4477=EDGE_CURVE('',#3580,#3572,#258,.T.);
#4478=EDGE_CURVE('',#3581,#3582,#2041,.T.);
#4479=EDGE_CURVE('',#3583,#3582,#2042,.T.);
#4480=EDGE_CURVE('',#3584,#3583,#259,.T.);
#4481=EDGE_CURVE('',#3585,#3584,#260,.T.);
#4482=EDGE_CURVE('',#3586,#3585,#261,.T.);
#4483=EDGE_CURVE('',#3587,#3586,#2043,.T.);
#4484=EDGE_CURVE('',#3587,#3588,#2044,.T.);
#4485=EDGE_CURVE('',#3588,#3589,#262,.T.);
#4486=EDGE_CURVE('',#3589,#3581,#263,.T.);
#4487=EDGE_CURVE('',#3590,#3591,#2045,.T.);
#4488=EDGE_CURVE('',#3592,#3591,#2046,.T.);
#4489=EDGE_CURVE('',#3593,#3592,#264,.T.);
#4490=EDGE_CURVE('',#3594,#3593,#265,.T.);
#4491=EDGE_CURVE('',#3595,#3594,#266,.T.);
#4492=EDGE_CURVE('',#3596,#3595,#2047,.T.);
#4493=EDGE_CURVE('',#3596,#3597,#2048,.T.);
#4494=EDGE_CURVE('',#3597,#3598,#267,.T.);
#4495=EDGE_CURVE('',#3598,#3590,#268,.T.);
#4496=EDGE_CURVE('',#3599,#3600,#2049,.T.);
#4497=EDGE_CURVE('',#3601,#3600,#2050,.T.);
#4498=EDGE_CURVE('',#3602,#3601,#269,.T.);
#4499=EDGE_CURVE('',#3603,#3602,#270,.T.);
#4500=EDGE_CURVE('',#3604,#3603,#271,.T.);
#4501=EDGE_CURVE('',#3605,#3604,#2051,.T.);
#4502=EDGE_CURVE('',#3605,#3606,#2052,.T.);
#4503=EDGE_CURVE('',#3606,#3607,#272,.T.);
#4504=EDGE_CURVE('',#3607,#3599,#273,.T.);
#4505=EDGE_CURVE('',#3608,#3609,#2053,.T.);
#4506=EDGE_CURVE('',#3610,#3609,#2054,.T.);
#4507=EDGE_CURVE('',#3611,#3610,#274,.T.);
#4508=EDGE_CURVE('',#3612,#3611,#275,.T.);
#4509=EDGE_CURVE('',#3613,#3612,#276,.T.);
#4510=EDGE_CURVE('',#3614,#3613,#2055,.T.);
#4511=EDGE_CURVE('',#3614,#3615,#2056,.T.);
#4512=EDGE_CURVE('',#3615,#3616,#277,.T.);
#4513=EDGE_CURVE('',#3616,#3608,#278,.T.);
#4514=EDGE_CURVE('',#3617,#3618,#2057,.T.);
#4515=EDGE_CURVE('',#3618,#3619,#279,.T.);
#4516=EDGE_CURVE('',#3619,#3620,#280,.T.);
#4517=EDGE_CURVE('',#3620,#3621,#2058,.T.);
#4518=EDGE_CURVE('',#3622,#3621,#2059,.T.);
#4519=EDGE_CURVE('',#3623,#3622,#281,.T.);
#4520=EDGE_CURVE('',#3624,#3623,#282,.T.);
#4521=EDGE_CURVE('',#3625,#3624,#283,.T.);
#4522=EDGE_CURVE('',#3617,#3625,#2060,.T.);
#4523=EDGE_CURVE('',#3518,#3626,#2061,.T.);
#4524=EDGE_CURVE('',#3526,#3627,#2062,.T.);
#4525=EDGE_CURVE('',#3628,#3627,#2063,.T.);
#4526=EDGE_CURVE('',#3626,#3628,#2064,.T.);
#4527=EDGE_CURVE('',#3626,#3629,#284,.T.);
#4528=EDGE_CURVE('',#3630,#3628,#285,.T.);
#4529=EDGE_CURVE('',#3629,#3630,#2065,.T.);
#4530=EDGE_CURVE('',#3629,#3631,#286,.T.);
#4531=EDGE_CURVE('',#3632,#3630,#287,.T.);
#4532=EDGE_CURVE('',#3631,#3632,#2066,.T.);
#4533=EDGE_CURVE('',#3631,#3513,#2067,.T.);
#4534=EDGE_CURVE('',#3633,#3632,#2068,.T.);
#4535=EDGE_CURVE('',#3514,#3633,#2069,.T.);
#4536=EDGE_CURVE('',#3634,#3633,#288,.T.);
#4537=EDGE_CURVE('',#3515,#3634,#2070,.T.);
#4538=EDGE_CURVE('',#3635,#3634,#289,.T.);
#4539=EDGE_CURVE('',#3516,#3635,#2071,.T.);
#4540=EDGE_CURVE('',#3636,#3635,#290,.T.);
#4541=EDGE_CURVE('',#3517,#3636,#2072,.T.);
#4542=EDGE_CURVE('',#3509,#3637,#2073,.T.);
#4543=EDGE_CURVE('',#3638,#3636,#2074,.T.);
#4544=EDGE_CURVE('',#3637,#3638,#2075,.T.);
#4545=EDGE_CURVE('',#3637,#3639,#291,.T.);
#4546=EDGE_CURVE('',#3640,#3638,#292,.T.);
#4547=EDGE_CURVE('',#3639,#3640,#2076,.T.);
#4548=EDGE_CURVE('',#3639,#3641,#293,.T.);
#4549=EDGE_CURVE('',#3642,#3640,#294,.T.);
#4550=EDGE_CURVE('',#3641,#3642,#2077,.T.);
#4551=EDGE_CURVE('',#3641,#3504,#2078,.T.);
#4552=EDGE_CURVE('',#3643,#3642,#2079,.T.);
#4553=EDGE_CURVE('',#3505,#3643,#2080,.T.);
#4554=EDGE_CURVE('',#3644,#3643,#295,.T.);
#4555=EDGE_CURVE('',#3506,#3644,#2081,.T.);
#4556=EDGE_CURVE('',#3645,#3644,#296,.T.);
#4557=EDGE_CURVE('',#3507,#3645,#2082,.T.);
#4558=EDGE_CURVE('',#3646,#3645,#297,.T.);
#4559=EDGE_CURVE('',#3508,#3646,#2083,.T.);
#4560=EDGE_CURVE('',#3500,#3647,#2084,.T.);
#4561=EDGE_CURVE('',#3648,#3646,#2085,.T.);
#4562=EDGE_CURVE('',#3647,#3648,#2086,.T.);
#4563=EDGE_CURVE('',#3647,#3649,#298,.T.);
#4564=EDGE_CURVE('',#3650,#3648,#299,.T.);
#4565=EDGE_CURVE('',#3649,#3650,#2087,.T.);
#4566=EDGE_CURVE('',#3649,#3651,#300,.T.);
#4567=EDGE_CURVE('',#3652,#3650,#301,.T.);
#4568=EDGE_CURVE('',#3651,#3652,#2088,.T.);
#4569=EDGE_CURVE('',#3651,#3495,#2089,.T.);
#4570=EDGE_CURVE('',#3653,#3652,#2090,.T.);
#4571=EDGE_CURVE('',#3496,#3653,#2091,.T.);
#4572=EDGE_CURVE('',#3654,#3653,#302,.T.);
#4573=EDGE_CURVE('',#3497,#3654,#2092,.T.);
#4574=EDGE_CURVE('',#3655,#3654,#303,.T.);
#4575=EDGE_CURVE('',#3498,#3655,#2093,.T.);
#4576=EDGE_CURVE('',#3656,#3655,#304,.T.);
#4577=EDGE_CURVE('',#3499,#3656,#2094,.T.);
#4578=EDGE_CURVE('',#3491,#3657,#2095,.T.);
#4579=EDGE_CURVE('',#3658,#3656,#2096,.T.);
#4580=EDGE_CURVE('',#3657,#3658,#2097,.T.);
#4581=EDGE_CURVE('',#3657,#3659,#305,.T.);
#4582=EDGE_CURVE('',#3660,#3658,#306,.T.);
#4583=EDGE_CURVE('',#3659,#3660,#2098,.T.);
#4584=EDGE_CURVE('',#3659,#3661,#307,.T.);
#4585=EDGE_CURVE('',#3662,#3660,#308,.T.);
#4586=EDGE_CURVE('',#3661,#3662,#2099,.T.);
#4587=EDGE_CURVE('',#3661,#3486,#2100,.T.);
#4588=EDGE_CURVE('',#3663,#3662,#2101,.T.);
#4589=EDGE_CURVE('',#3487,#3663,#2102,.T.);
#4590=EDGE_CURVE('',#3664,#3663,#309,.T.);
#4591=EDGE_CURVE('',#3488,#3664,#2103,.T.);
#4592=EDGE_CURVE('',#3665,#3664,#310,.T.);
#4593=EDGE_CURVE('',#3489,#3665,#2104,.T.);
#4594=EDGE_CURVE('',#3666,#3665,#311,.T.);
#4595=EDGE_CURVE('',#3490,#3666,#2105,.T.);
#4596=EDGE_CURVE('',#3482,#3667,#2106,.T.);
#4597=EDGE_CURVE('',#3668,#3666,#2107,.T.);
#4598=EDGE_CURVE('',#3667,#3668,#2108,.T.);
#4599=EDGE_CURVE('',#3667,#3669,#312,.T.);
#4600=EDGE_CURVE('',#3670,#3668,#313,.T.);
#4601=EDGE_CURVE('',#3669,#3670,#2109,.T.);
#4602=EDGE_CURVE('',#3669,#3671,#314,.T.);
#4603=EDGE_CURVE('',#3672,#3670,#315,.T.);
#4604=EDGE_CURVE('',#3671,#3672,#2110,.T.);
#4605=EDGE_CURVE('',#3671,#3477,#2111,.T.);
#4606=EDGE_CURVE('',#3673,#3672,#2112,.T.);
#4607=EDGE_CURVE('',#3478,#3673,#2113,.T.);
#4608=EDGE_CURVE('',#3674,#3673,#316,.T.);
#4609=EDGE_CURVE('',#3479,#3674,#2114,.T.);
#4610=EDGE_CURVE('',#3675,#3674,#317,.T.);
#4611=EDGE_CURVE('',#3480,#3675,#2115,.T.);
#4612=EDGE_CURVE('',#3676,#3675,#318,.T.);
#4613=EDGE_CURVE('',#3481,#3676,#2116,.T.);
#4614=EDGE_CURVE('',#3473,#3677,#2117,.T.);
#4615=EDGE_CURVE('',#3678,#3676,#2118,.T.);
#4616=EDGE_CURVE('',#3677,#3678,#2119,.T.);
#4617=EDGE_CURVE('',#3677,#3679,#319,.T.);
#4618=EDGE_CURVE('',#3680,#3678,#320,.T.);
#4619=EDGE_CURVE('',#3679,#3680,#2120,.T.);
#4620=EDGE_CURVE('',#3679,#3681,#321,.T.);
#4621=EDGE_CURVE('',#3682,#3680,#322,.T.);
#4622=EDGE_CURVE('',#3681,#3682,#2121,.T.);
#4623=EDGE_CURVE('',#3681,#3468,#2122,.T.);
#4624=EDGE_CURVE('',#3683,#3682,#2123,.T.);
#4625=EDGE_CURVE('',#3469,#3683,#2124,.T.);
#4626=EDGE_CURVE('',#3684,#3683,#323,.T.);
#4627=EDGE_CURVE('',#3470,#3684,#2125,.T.);
#4628=EDGE_CURVE('',#3685,#3684,#324,.T.);
#4629=EDGE_CURVE('',#3471,#3685,#2126,.T.);
#4630=EDGE_CURVE('',#3686,#3685,#325,.T.);
#4631=EDGE_CURVE('',#3472,#3686,#2127,.T.);
#4632=EDGE_CURVE('',#3464,#3687,#2128,.T.);
#4633=EDGE_CURVE('',#3688,#3686,#2129,.T.);
#4634=EDGE_CURVE('',#3687,#3688,#2130,.T.);
#4635=EDGE_CURVE('',#3687,#3689,#326,.T.);
#4636=EDGE_CURVE('',#3690,#3688,#327,.T.);
#4637=EDGE_CURVE('',#3689,#3690,#2131,.T.);
#4638=EDGE_CURVE('',#3689,#3691,#328,.T.);
#4639=EDGE_CURVE('',#3692,#3690,#329,.T.);
#4640=EDGE_CURVE('',#3691,#3692,#2132,.T.);
#4641=EDGE_CURVE('',#3691,#3459,#2133,.T.);
#4642=EDGE_CURVE('',#3693,#3692,#2134,.T.);
#4643=EDGE_CURVE('',#3460,#3693,#2135,.T.);
#4644=EDGE_CURVE('',#3694,#3693,#330,.T.);
#4645=EDGE_CURVE('',#3461,#3694,#2136,.T.);
#4646=EDGE_CURVE('',#3695,#3694,#331,.T.);
#4647=EDGE_CURVE('',#3462,#3695,#2137,.T.);
#4648=EDGE_CURVE('',#3696,#3695,#332,.T.);
#4649=EDGE_CURVE('',#3463,#3696,#2138,.T.);
#4650=EDGE_CURVE('',#3455,#3697,#2139,.T.);
#4651=EDGE_CURVE('',#3698,#3696,#2140,.T.);
#4652=EDGE_CURVE('',#3697,#3698,#2141,.T.);
#4653=EDGE_CURVE('',#3697,#3699,#333,.T.);
#4654=EDGE_CURVE('',#3700,#3698,#334,.T.);
#4655=EDGE_CURVE('',#3699,#3700,#2142,.T.);
#4656=EDGE_CURVE('',#3699,#3701,#335,.T.);
#4657=EDGE_CURVE('',#3702,#3700,#336,.T.);
#4658=EDGE_CURVE('',#3701,#3702,#2143,.T.);
#4659=EDGE_CURVE('',#3701,#3450,#2144,.T.);
#4660=EDGE_CURVE('',#3703,#3702,#2145,.T.);
#4661=EDGE_CURVE('',#3451,#3703,#2146,.T.);
#4662=EDGE_CURVE('',#3704,#3703,#337,.T.);
#4663=EDGE_CURVE('',#3452,#3704,#2147,.T.);
#4664=EDGE_CURVE('',#3705,#3704,#338,.T.);
#4665=EDGE_CURVE('',#3453,#3705,#2148,.T.);
#4666=EDGE_CURVE('',#3706,#3705,#339,.T.);
#4667=EDGE_CURVE('',#3454,#3706,#2149,.T.);
#4668=EDGE_CURVE('',#3446,#3707,#2150,.T.);
#4669=EDGE_CURVE('',#3708,#3706,#2151,.T.);
#4670=EDGE_CURVE('',#3707,#3708,#2152,.T.);
#4671=EDGE_CURVE('',#3707,#3709,#340,.T.);
#4672=EDGE_CURVE('',#3710,#3708,#341,.T.);
#4673=EDGE_CURVE('',#3709,#3710,#2153,.T.);
#4674=EDGE_CURVE('',#3709,#3711,#342,.T.);
#4675=EDGE_CURVE('',#3712,#3710,#343,.T.);
#4676=EDGE_CURVE('',#3711,#3712,#2154,.T.);
#4677=EDGE_CURVE('',#3711,#3621,#2155,.T.);
#4678=EDGE_CURVE('',#3713,#3712,#2156,.T.);
#4679=EDGE_CURVE('',#3622,#3713,#2157,.T.);
#4680=EDGE_CURVE('',#3714,#3713,#344,.T.);
#4681=EDGE_CURVE('',#3623,#3714,#2158,.T.);
#4682=EDGE_CURVE('',#3715,#3714,#345,.T.);
#4683=EDGE_CURVE('',#3624,#3715,#2159,.T.);
#4684=EDGE_CURVE('',#3716,#3715,#346,.T.);
#4685=EDGE_CURVE('',#3625,#3716,#2160,.T.);
#4686=EDGE_CURVE('',#3617,#3717,#2161,.T.);
#4687=EDGE_CURVE('',#3718,#3716,#2162,.T.);
#4688=EDGE_CURVE('',#3717,#3718,#2163,.T.);
#4689=EDGE_CURVE('',#3717,#3719,#347,.T.);
#4690=EDGE_CURVE('',#3720,#3718,#348,.T.);
#4691=EDGE_CURVE('',#3719,#3720,#2164,.T.);
#4692=EDGE_CURVE('',#3719,#3721,#349,.T.);
#4693=EDGE_CURVE('',#3722,#3720,#350,.T.);
#4694=EDGE_CURVE('',#3721,#3722,#2165,.T.);
#4695=EDGE_CURVE('',#3721,#3609,#2166,.T.);
#4696=EDGE_CURVE('',#3723,#3722,#2167,.T.);
#4697=EDGE_CURVE('',#3610,#3723,#2168,.T.);
#4698=EDGE_CURVE('',#3724,#3723,#351,.T.);
#4699=EDGE_CURVE('',#3611,#3724,#2169,.T.);
#4700=EDGE_CURVE('',#3725,#3724,#352,.T.);
#4701=EDGE_CURVE('',#3612,#3725,#2170,.T.);
#4702=EDGE_CURVE('',#3726,#3725,#353,.T.);
#4703=EDGE_CURVE('',#3613,#3726,#2171,.T.);
#4704=EDGE_CURVE('',#3614,#3727,#2172,.T.);
#4705=EDGE_CURVE('',#3728,#3726,#2173,.T.);
#4706=EDGE_CURVE('',#3727,#3728,#2174,.T.);
#4707=EDGE_CURVE('',#3727,#3729,#354,.T.);
#4708=EDGE_CURVE('',#3730,#3728,#355,.T.);
#4709=EDGE_CURVE('',#3729,#3730,#2175,.T.);
#4710=EDGE_CURVE('',#3729,#3731,#356,.T.);
#4711=EDGE_CURVE('',#3732,#3730,#357,.T.);
#4712=EDGE_CURVE('',#3731,#3732,#2176,.T.);
#4713=EDGE_CURVE('',#3731,#3600,#2177,.T.);
#4714=EDGE_CURVE('',#3733,#3732,#2178,.T.);
#4715=EDGE_CURVE('',#3601,#3733,#2179,.T.);
#4716=EDGE_CURVE('',#3734,#3733,#358,.T.);
#4717=EDGE_CURVE('',#3602,#3734,#2180,.T.);
#4718=EDGE_CURVE('',#3735,#3734,#359,.T.);
#4719=EDGE_CURVE('',#3603,#3735,#2181,.T.);
#4720=EDGE_CURVE('',#3736,#3735,#360,.T.);
#4721=EDGE_CURVE('',#3604,#3736,#2182,.T.);
#4722=EDGE_CURVE('',#3605,#3737,#2183,.T.);
#4723=EDGE_CURVE('',#3738,#3736,#2184,.T.);
#4724=EDGE_CURVE('',#3737,#3738,#2185,.T.);
#4725=EDGE_CURVE('',#3737,#3739,#361,.T.);
#4726=EDGE_CURVE('',#3740,#3738,#362,.T.);
#4727=EDGE_CURVE('',#3739,#3740,#2186,.T.);
#4728=EDGE_CURVE('',#3739,#3741,#363,.T.);
#4729=EDGE_CURVE('',#3742,#3740,#364,.T.);
#4730=EDGE_CURVE('',#3741,#3742,#2187,.T.);
#4731=EDGE_CURVE('',#3741,#3591,#2188,.T.);
#4732=EDGE_CURVE('',#3743,#3742,#2189,.T.);
#4733=EDGE_CURVE('',#3592,#3743,#2190,.T.);
#4734=EDGE_CURVE('',#3744,#3743,#365,.T.);
#4735=EDGE_CURVE('',#3593,#3744,#2191,.T.);
#4736=EDGE_CURVE('',#3745,#3744,#366,.T.);
#4737=EDGE_CURVE('',#3594,#3745,#2192,.T.);
#4738=EDGE_CURVE('',#3746,#3745,#367,.T.);
#4739=EDGE_CURVE('',#3595,#3746,#2193,.T.);
#4740=EDGE_CURVE('',#3596,#3747,#2194,.T.);
#4741=EDGE_CURVE('',#3748,#3746,#2195,.T.);
#4742=EDGE_CURVE('',#3747,#3748,#2196,.T.);
#4743=EDGE_CURVE('',#3747,#3749,#368,.T.);
#4744=EDGE_CURVE('',#3750,#3748,#369,.T.);
#4745=EDGE_CURVE('',#3749,#3750,#2197,.T.);
#4746=EDGE_CURVE('',#3749,#3751,#370,.T.);
#4747=EDGE_CURVE('',#3752,#3750,#371,.T.);
#4748=EDGE_CURVE('',#3751,#3752,#2198,.T.);
#4749=EDGE_CURVE('',#3751,#3582,#2199,.T.);
#4750=EDGE_CURVE('',#3753,#3752,#2200,.T.);
#4751=EDGE_CURVE('',#3583,#3753,#2201,.T.);
#4752=EDGE_CURVE('',#3754,#3753,#372,.T.);
#4753=EDGE_CURVE('',#3584,#3754,#2202,.T.);
#4754=EDGE_CURVE('',#3755,#3754,#373,.T.);
#4755=EDGE_CURVE('',#3585,#3755,#2203,.T.);
#4756=EDGE_CURVE('',#3756,#3755,#374,.T.);
#4757=EDGE_CURVE('',#3586,#3756,#2204,.T.);
#4758=EDGE_CURVE('',#3587,#3757,#2205,.T.);
#4759=EDGE_CURVE('',#3758,#3756,#2206,.T.);
#4760=EDGE_CURVE('',#3757,#3758,#2207,.T.);
#4761=EDGE_CURVE('',#3757,#3759,#375,.T.);
#4762=EDGE_CURVE('',#3760,#3758,#376,.T.);
#4763=EDGE_CURVE('',#3759,#3760,#2208,.T.);
#4764=EDGE_CURVE('',#3759,#3761,#377,.T.);
#4765=EDGE_CURVE('',#3762,#3760,#378,.T.);
#4766=EDGE_CURVE('',#3761,#3762,#2209,.T.);
#4767=EDGE_CURVE('',#3761,#3573,#2210,.T.);
#4768=EDGE_CURVE('',#3763,#3762,#2211,.T.);
#4769=EDGE_CURVE('',#3574,#3763,#2212,.T.);
#4770=EDGE_CURVE('',#3764,#3763,#379,.T.);
#4771=EDGE_CURVE('',#3575,#3764,#2213,.T.);
#4772=EDGE_CURVE('',#3765,#3764,#380,.T.);
#4773=EDGE_CURVE('',#3576,#3765,#2214,.T.);
#4774=EDGE_CURVE('',#3766,#3765,#381,.T.);
#4775=EDGE_CURVE('',#3577,#3766,#2215,.T.);
#4776=EDGE_CURVE('',#3578,#3767,#2216,.T.);
#4777=EDGE_CURVE('',#3768,#3766,#2217,.T.);
#4778=EDGE_CURVE('',#3767,#3768,#2218,.T.);
#4779=EDGE_CURVE('',#3767,#3769,#382,.T.);
#4780=EDGE_CURVE('',#3770,#3768,#383,.T.);
#4781=EDGE_CURVE('',#3769,#3770,#2219,.T.);
#4782=EDGE_CURVE('',#3769,#3771,#384,.T.);
#4783=EDGE_CURVE('',#3772,#3770,#385,.T.);
#4784=EDGE_CURVE('',#3771,#3772,#2220,.T.);
#4785=EDGE_CURVE('',#3771,#3564,#2221,.T.);
#4786=EDGE_CURVE('',#3773,#3772,#2222,.T.);
#4787=EDGE_CURVE('',#3565,#3773,#2223,.T.);
#4788=EDGE_CURVE('',#3774,#3773,#386,.T.);
#4789=EDGE_CURVE('',#3566,#3774,#2224,.T.);
#4790=EDGE_CURVE('',#3775,#3774,#387,.T.);
#4791=EDGE_CURVE('',#3567,#3775,#2225,.T.);
#4792=EDGE_CURVE('',#3776,#3775,#388,.T.);
#4793=EDGE_CURVE('',#3568,#3776,#2226,.T.);
#4794=EDGE_CURVE('',#3569,#3777,#2227,.T.);
#4795=EDGE_CURVE('',#3778,#3776,#2228,.T.);
#4796=EDGE_CURVE('',#3777,#3778,#2229,.T.);
#4797=EDGE_CURVE('',#3777,#3779,#389,.T.);
#4798=EDGE_CURVE('',#3780,#3778,#390,.T.);
#4799=EDGE_CURVE('',#3779,#3780,#2230,.T.);
#4800=EDGE_CURVE('',#3779,#3781,#391,.T.);
#4801=EDGE_CURVE('',#3782,#3780,#392,.T.);
#4802=EDGE_CURVE('',#3781,#3782,#2231,.T.);
#4803=EDGE_CURVE('',#3781,#3555,#2232,.T.);
#4804=EDGE_CURVE('',#3783,#3782,#2233,.T.);
#4805=EDGE_CURVE('',#3556,#3783,#2234,.T.);
#4806=EDGE_CURVE('',#3784,#3783,#393,.T.);
#4807=EDGE_CURVE('',#3557,#3784,#2235,.T.);
#4808=EDGE_CURVE('',#3785,#3784,#394,.T.);
#4809=EDGE_CURVE('',#3558,#3785,#2236,.T.);
#4810=EDGE_CURVE('',#3786,#3785,#395,.T.);
#4811=EDGE_CURVE('',#3559,#3786,#2237,.T.);
#4812=EDGE_CURVE('',#3560,#3787,#2238,.T.);
#4813=EDGE_CURVE('',#3788,#3786,#2239,.T.);
#4814=EDGE_CURVE('',#3787,#3788,#2240,.T.);
#4815=EDGE_CURVE('',#3787,#3789,#396,.T.);
#4816=EDGE_CURVE('',#3790,#3788,#397,.T.);
#4817=EDGE_CURVE('',#3789,#3790,#2241,.T.);
#4818=EDGE_CURVE('',#3789,#3791,#398,.T.);
#4819=EDGE_CURVE('',#3792,#3790,#399,.T.);
#4820=EDGE_CURVE('',#3791,#3792,#2242,.T.);
#4821=EDGE_CURVE('',#3791,#3546,#2243,.T.);
#4822=EDGE_CURVE('',#3793,#3792,#2244,.T.);
#4823=EDGE_CURVE('',#3547,#3793,#2245,.T.);
#4824=EDGE_CURVE('',#3794,#3793,#400,.T.);
#4825=EDGE_CURVE('',#3548,#3794,#2246,.T.);
#4826=EDGE_CURVE('',#3795,#3794,#401,.T.);
#4827=EDGE_CURVE('',#3549,#3795,#2247,.T.);
#4828=EDGE_CURVE('',#3796,#3795,#402,.T.);
#4829=EDGE_CURVE('',#3550,#3796,#2248,.T.);
#4830=EDGE_CURVE('',#3551,#3797,#2249,.T.);
#4831=EDGE_CURVE('',#3798,#3796,#2250,.T.);
#4832=EDGE_CURVE('',#3797,#3798,#2251,.T.);
#4833=EDGE_CURVE('',#3797,#3799,#403,.T.);
#4834=EDGE_CURVE('',#3800,#3798,#404,.T.);
#4835=EDGE_CURVE('',#3799,#3800,#2252,.T.);
#4836=EDGE_CURVE('',#3799,#3801,#405,.T.);
#4837=EDGE_CURVE('',#3802,#3800,#406,.T.);
#4838=EDGE_CURVE('',#3801,#3802,#2253,.T.);
#4839=EDGE_CURVE('',#3801,#3537,#2254,.T.);
#4840=EDGE_CURVE('',#3803,#3802,#2255,.T.);
#4841=EDGE_CURVE('',#3538,#3803,#2256,.T.);
#4842=EDGE_CURVE('',#3804,#3803,#407,.T.);
#4843=EDGE_CURVE('',#3539,#3804,#2257,.T.);
#4844=EDGE_CURVE('',#3805,#3804,#408,.T.);
#4845=EDGE_CURVE('',#3540,#3805,#2258,.T.);
#4846=EDGE_CURVE('',#3806,#3805,#409,.T.);
#4847=EDGE_CURVE('',#3541,#3806,#2259,.T.);
#4848=EDGE_CURVE('',#3542,#3807,#2260,.T.);
#4849=EDGE_CURVE('',#3808,#3806,#2261,.T.);
#4850=EDGE_CURVE('',#3807,#3808,#2262,.T.);
#4851=EDGE_CURVE('',#3807,#3809,#410,.T.);
#4852=EDGE_CURVE('',#3810,#3808,#411,.T.);
#4853=EDGE_CURVE('',#3809,#3810,#2263,.T.);
#4854=EDGE_CURVE('',#3809,#3811,#412,.T.);
#4855=EDGE_CURVE('',#3812,#3810,#413,.T.);
#4856=EDGE_CURVE('',#3811,#3812,#2264,.T.);
#4857=EDGE_CURVE('',#3811,#3528,#2265,.T.);
#4858=EDGE_CURVE('',#3813,#3812,#2266,.T.);
#4859=EDGE_CURVE('',#3529,#3813,#2267,.T.);
#4860=EDGE_CURVE('',#3814,#3813,#414,.T.);
#4861=EDGE_CURVE('',#3530,#3814,#2268,.T.);
#4862=EDGE_CURVE('',#3815,#3814,#415,.T.);
#4863=EDGE_CURVE('',#3531,#3815,#2269,.T.);
#4864=EDGE_CURVE('',#3816,#3815,#416,.T.);
#4865=EDGE_CURVE('',#3532,#3816,#2270,.T.);
#4866=EDGE_CURVE('',#3533,#3817,#2271,.T.);
#4867=EDGE_CURVE('',#3818,#3816,#2272,.T.);
#4868=EDGE_CURVE('',#3817,#3818,#2273,.T.);
#4869=EDGE_CURVE('',#3817,#3819,#417,.T.);
#4870=EDGE_CURVE('',#3820,#3818,#418,.T.);
#4871=EDGE_CURVE('',#3819,#3820,#2274,.T.);
#4872=EDGE_CURVE('',#3819,#3821,#419,.T.);
#4873=EDGE_CURVE('',#3822,#3820,#420,.T.);
#4874=EDGE_CURVE('',#3821,#3822,#2275,.T.);
#4875=EDGE_CURVE('',#3821,#3522,#2276,.T.);
#4876=EDGE_CURVE('',#3823,#3822,#2277,.T.);
#4877=EDGE_CURVE('',#3523,#3823,#2278,.T.);
#4878=EDGE_CURVE('',#3824,#3823,#421,.T.);
#4879=EDGE_CURVE('',#3524,#3824,#2279,.T.);
#4880=EDGE_CURVE('',#3825,#3824,#422,.T.);
#4881=EDGE_CURVE('',#3525,#3825,#2280,.T.);
#4882=EDGE_CURVE('',#3627,#3825,#423,.T.);
#4883=EDGE_CURVE('',#3600,#3826,#2281,.T.);
#4884=EDGE_CURVE('',#3826,#3827,#424,.T.);
#4885=EDGE_CURVE('',#3827,#3828,#425,.T.);
#4886=EDGE_CURVE('',#3828,#3829,#426,.T.);
#4887=EDGE_CURVE('',#3829,#3614,#2282,.T.);
#4888=EDGE_CURVE('',#3591,#3830,#2283,.T.);
#4889=EDGE_CURVE('',#3830,#3831,#427,.T.);
#4890=EDGE_CURVE('',#3831,#3832,#428,.T.);
#4891=EDGE_CURVE('',#3832,#3833,#429,.T.);
#4892=EDGE_CURVE('',#3833,#3605,#2284,.T.);
#4893=EDGE_CURVE('',#3582,#3834,#2285,.T.);
#4894=EDGE_CURVE('',#3834,#3835,#430,.T.);
#4895=EDGE_CURVE('',#3835,#3836,#431,.T.);
#4896=EDGE_CURVE('',#3836,#3837,#432,.T.);
#4897=EDGE_CURVE('',#3837,#3596,#2286,.T.);
#4898=EDGE_CURVE('',#3573,#3838,#2287,.T.);
#4899=EDGE_CURVE('',#3838,#3839,#433,.T.);
#4900=EDGE_CURVE('',#3839,#3840,#434,.T.);
#4901=EDGE_CURVE('',#3840,#3841,#435,.T.);
#4902=EDGE_CURVE('',#3841,#3587,#2288,.T.);
#4903=EDGE_CURVE('',#3564,#3842,#2289,.T.);
#4904=EDGE_CURVE('',#3842,#3843,#436,.T.);
#4905=EDGE_CURVE('',#3843,#3844,#437,.T.);
#4906=EDGE_CURVE('',#3844,#3845,#438,.T.);
#4907=EDGE_CURVE('',#3845,#3578,#2290,.T.);
#4908=EDGE_CURVE('',#3555,#3846,#2291,.T.);
#4909=EDGE_CURVE('',#3846,#3847,#439,.T.);
#4910=EDGE_CURVE('',#3847,#3848,#440,.T.);
#4911=EDGE_CURVE('',#3848,#3849,#441,.T.);
#4912=EDGE_CURVE('',#3849,#3569,#2292,.T.);
#4913=EDGE_CURVE('',#3546,#3850,#2293,.T.);
#4914=EDGE_CURVE('',#3850,#3851,#442,.T.);
#4915=EDGE_CURVE('',#3851,#3852,#443,.T.);
#4916=EDGE_CURVE('',#3852,#3853,#444,.T.);
#4917=EDGE_CURVE('',#3853,#3560,#2294,.T.);
#4918=EDGE_CURVE('',#3537,#3854,#2295,.T.);
#4919=EDGE_CURVE('',#3854,#3855,#445,.T.);
#4920=EDGE_CURVE('',#3855,#3856,#446,.T.);
#4921=EDGE_CURVE('',#3856,#3857,#447,.T.);
#4922=EDGE_CURVE('',#3857,#3551,#2296,.T.);
#4923=EDGE_CURVE('',#3528,#3858,#2297,.T.);
#4924=EDGE_CURVE('',#3858,#3859,#448,.T.);
#4925=EDGE_CURVE('',#3859,#3860,#449,.T.);
#4926=EDGE_CURVE('',#3860,#3861,#450,.T.);
#4927=EDGE_CURVE('',#3861,#3542,#2298,.T.);
#4928=EDGE_CURVE('',#3522,#3862,#2299,.T.);
#4929=EDGE_CURVE('',#3862,#3863,#451,.T.);
#4930=EDGE_CURVE('',#3863,#3864,#452,.T.);
#4931=EDGE_CURVE('',#3864,#3865,#453,.T.);
#4932=EDGE_CURVE('',#3865,#3533,#2300,.T.);
#4933=EDGE_CURVE('',#3513,#3866,#2301,.T.);
#4934=EDGE_CURVE('',#3866,#3867,#454,.T.);
#4935=EDGE_CURVE('',#3867,#3868,#455,.T.);
#4936=EDGE_CURVE('',#3868,#3869,#456,.T.);
#4937=EDGE_CURVE('',#3869,#3518,#2302,.T.);
#4938=EDGE_CURVE('',#3504,#3870,#2303,.T.);
#4939=EDGE_CURVE('',#3870,#3871,#457,.T.);
#4940=EDGE_CURVE('',#3871,#3872,#458,.T.);
#4941=EDGE_CURVE('',#3872,#3873,#459,.T.);
#4942=EDGE_CURVE('',#3873,#3509,#2304,.T.);
#4943=EDGE_CURVE('',#3495,#3874,#2305,.T.);
#4944=EDGE_CURVE('',#3874,#3875,#460,.T.);
#4945=EDGE_CURVE('',#3875,#3876,#461,.T.);
#4946=EDGE_CURVE('',#3876,#3877,#462,.T.);
#4947=EDGE_CURVE('',#3877,#3500,#2306,.T.);
#4948=EDGE_CURVE('',#3486,#3878,#2307,.T.);
#4949=EDGE_CURVE('',#3878,#3879,#463,.T.);
#4950=EDGE_CURVE('',#3879,#3880,#464,.T.);
#4951=EDGE_CURVE('',#3880,#3881,#465,.T.);
#4952=EDGE_CURVE('',#3881,#3491,#2308,.T.);
#4953=EDGE_CURVE('',#3477,#3882,#2309,.T.);
#4954=EDGE_CURVE('',#3882,#3883,#466,.T.);
#4955=EDGE_CURVE('',#3883,#3884,#467,.T.);
#4956=EDGE_CURVE('',#3884,#3885,#468,.T.);
#4957=EDGE_CURVE('',#3885,#3482,#2310,.T.);
#4958=EDGE_CURVE('',#3468,#3886,#2311,.T.);
#4959=EDGE_CURVE('',#3886,#3887,#469,.T.);
#4960=EDGE_CURVE('',#3887,#3888,#470,.T.);
#4961=EDGE_CURVE('',#3888,#3889,#471,.T.);
#4962=EDGE_CURVE('',#3889,#3473,#2312,.T.);
#4963=EDGE_CURVE('',#3459,#3890,#2313,.T.);
#4964=EDGE_CURVE('',#3890,#3891,#472,.T.);
#4965=EDGE_CURVE('',#3891,#3892,#473,.T.);
#4966=EDGE_CURVE('',#3892,#3893,#474,.T.);
#4967=EDGE_CURVE('',#3893,#3464,#2314,.T.);
#4968=EDGE_CURVE('',#3450,#3894,#2315,.T.);
#4969=EDGE_CURVE('',#3894,#3895,#475,.T.);
#4970=EDGE_CURVE('',#3895,#3896,#476,.T.);
#4971=EDGE_CURVE('',#3896,#3897,#477,.T.);
#4972=EDGE_CURVE('',#3897,#3455,#2316,.T.);
#4973=EDGE_CURVE('',#3621,#3898,#2317,.T.);
#4974=EDGE_CURVE('',#3898,#3899,#478,.T.);
#4975=EDGE_CURVE('',#3899,#3900,#479,.T.);
#4976=EDGE_CURVE('',#3900,#3901,#480,.T.);
#4977=EDGE_CURVE('',#3901,#3446,#2318,.T.);
#4978=EDGE_CURVE('',#3609,#3902,#2319,.T.);
#4979=EDGE_CURVE('',#3902,#3903,#481,.T.);
#4980=EDGE_CURVE('',#3903,#3904,#482,.T.);
#4981=EDGE_CURVE('',#3904,#3905,#483,.T.);
#4982=EDGE_CURVE('',#3905,#3617,#2320,.T.);
#4983=EDGE_CURVE('',#3906,#3907,#484,.T.);
#4984=EDGE_CURVE('',#3906,#3848,#2321,.T.);
#4985=EDGE_CURVE('',#3907,#3847,#2322,.T.);
#4986=EDGE_CURVE('',#3907,#3908,#485,.T.);
#4987=EDGE_CURVE('',#3908,#3846,#2323,.T.);
#4988=EDGE_CURVE('',#3909,#3908,#2324,.T.);
#4989=EDGE_CURVE('',#3909,#3554,#2325,.T.);
#4990=EDGE_CURVE('',#3910,#3909,#486,.T.);
#4991=EDGE_CURVE('',#3910,#3562,#2326,.T.);
#4992=EDGE_CURVE('',#3910,#3911,#487,.T.);
#4993=EDGE_CURVE('',#3911,#3561,#2327,.T.);
#4994=EDGE_CURVE('',#3912,#3911,#2328,.T.);
#4995=EDGE_CURVE('',#3912,#3853,#2329,.T.);
#4996=EDGE_CURVE('',#3912,#3913,#488,.T.);
#4997=EDGE_CURVE('',#3913,#3852,#2330,.T.);
#4998=EDGE_CURVE('',#3913,#3914,#489,.T.);
#4999=EDGE_CURVE('',#3914,#3851,#2331,.T.);
#5000=EDGE_CURVE('',#3914,#3915,#490,.T.);
#5001=EDGE_CURVE('',#3915,#3850,#2332,.T.);
#5002=EDGE_CURVE('',#3916,#3915,#2333,.T.);
#5003=EDGE_CURVE('',#3916,#3545,#2334,.T.);
#5004=EDGE_CURVE('',#3917,#3916,#491,.T.);
#5005=EDGE_CURVE('',#3917,#3553,#2335,.T.);
#5006=EDGE_CURVE('',#3917,#3918,#492,.T.);
#5007=EDGE_CURVE('',#3918,#3552,#2336,.T.);
#5008=EDGE_CURVE('',#3919,#3918,#2337,.T.);
#5009=EDGE_CURVE('',#3919,#3857,#2338,.T.);
#5010=EDGE_CURVE('',#3919,#3920,#493,.T.);
#5011=EDGE_CURVE('',#3920,#3856,#2339,.T.);
#5012=EDGE_CURVE('',#3920,#3921,#494,.T.);
#5013=EDGE_CURVE('',#3921,#3855,#2340,.T.);
#5014=EDGE_CURVE('',#3921,#3922,#495,.T.);
#5015=EDGE_CURVE('',#3922,#3854,#2341,.T.);
#5016=EDGE_CURVE('',#3923,#3922,#2342,.T.);
#5017=EDGE_CURVE('',#3923,#3536,#2343,.T.);
#5018=EDGE_CURVE('',#3924,#3923,#496,.T.);
#5019=EDGE_CURVE('',#3924,#3544,#2344,.T.);
#5020=EDGE_CURVE('',#3924,#3925,#497,.T.);
#5021=EDGE_CURVE('',#3925,#3543,#2345,.T.);
#5022=EDGE_CURVE('',#3926,#3925,#2346,.T.);
#5023=EDGE_CURVE('',#3926,#3861,#2347,.T.);
#5024=EDGE_CURVE('',#3926,#3927,#498,.T.);
#5025=EDGE_CURVE('',#3927,#3860,#2348,.T.);
#5026=EDGE_CURVE('',#3927,#3928,#499,.T.);
#5027=EDGE_CURVE('',#3928,#3859,#2349,.T.);
#5028=EDGE_CURVE('',#3928,#3929,#500,.T.);
#5029=EDGE_CURVE('',#3929,#3858,#2350,.T.);
#5030=EDGE_CURVE('',#3930,#3929,#2351,.T.);
#5031=EDGE_CURVE('',#3930,#3527,#2352,.T.);
#5032=EDGE_CURVE('',#3931,#3930,#501,.T.);
#5033=EDGE_CURVE('',#3931,#3535,#2353,.T.);
#5034=EDGE_CURVE('',#3931,#3932,#502,.T.);
#5035=EDGE_CURVE('',#3932,#3534,#2354,.T.);
#5036=EDGE_CURVE('',#3933,#3932,#2355,.T.);
#5037=EDGE_CURVE('',#3933,#3865,#2356,.T.);
#5038=EDGE_CURVE('',#3933,#3934,#503,.T.);
#5039=EDGE_CURVE('',#3934,#3864,#2357,.T.);
#5040=EDGE_CURVE('',#3934,#3935,#504,.T.);
#5041=EDGE_CURVE('',#3935,#3863,#2358,.T.);
#5042=EDGE_CURVE('',#3935,#3936,#505,.T.);
#5043=EDGE_CURVE('',#3936,#3862,#2359,.T.);
#5044=EDGE_CURVE('',#3937,#3936,#2360,.T.);
#5045=EDGE_CURVE('',#3937,#3521,#2361,.T.);
#5046=EDGE_CURVE('',#3938,#3937,#506,.T.);
#5047=EDGE_CURVE('',#3938,#3520,#2362,.T.);
#5048=EDGE_CURVE('',#3938,#3939,#507,.T.);
#5049=EDGE_CURVE('',#3939,#3519,#2363,.T.);
#5050=EDGE_CURVE('',#3940,#3939,#2364,.T.);
#5051=EDGE_CURVE('',#3940,#3869,#2365,.T.);
#5052=EDGE_CURVE('',#3940,#3941,#508,.T.);
#5053=EDGE_CURVE('',#3941,#3868,#2366,.T.);
#5054=EDGE_CURVE('',#3941,#3942,#509,.T.);
#5055=EDGE_CURVE('',#3942,#3867,#2367,.T.);
#5056=EDGE_CURVE('',#3942,#3943,#510,.T.);
#5057=EDGE_CURVE('',#3943,#3866,#2368,.T.);
#5058=EDGE_CURVE('',#3944,#3943,#2369,.T.);
#5059=EDGE_CURVE('',#3944,#3512,#2370,.T.);
#5060=EDGE_CURVE('',#3945,#3944,#511,.T.);
#5061=EDGE_CURVE('',#3945,#3511,#2371,.T.);
#5062=EDGE_CURVE('',#3945,#3946,#512,.T.);
#5063=EDGE_CURVE('',#3946,#3510,#2372,.T.);
#5064=EDGE_CURVE('',#3947,#3946,#2373,.T.);
#5065=EDGE_CURVE('',#3947,#3873,#2374,.T.);
#5066=EDGE_CURVE('',#3947,#3948,#513,.T.);
#5067=EDGE_CURVE('',#3948,#3872,#2375,.T.);
#5068=EDGE_CURVE('',#3948,#3949,#514,.T.);
#5069=EDGE_CURVE('',#3949,#3871,#2376,.T.);
#5070=EDGE_CURVE('',#3949,#3950,#515,.T.);
#5071=EDGE_CURVE('',#3950,#3870,#2377,.T.);
#5072=EDGE_CURVE('',#3951,#3950,#2378,.T.);
#5073=EDGE_CURVE('',#3951,#3503,#2379,.T.);
#5074=EDGE_CURVE('',#3952,#3951,#516,.T.);
#5075=EDGE_CURVE('',#3952,#3502,#2380,.T.);
#5076=EDGE_CURVE('',#3952,#3953,#517,.T.);
#5077=EDGE_CURVE('',#3953,#3501,#2381,.T.);
#5078=EDGE_CURVE('',#3954,#3953,#2382,.T.);
#5079=EDGE_CURVE('',#3954,#3877,#2383,.T.);
#5080=EDGE_CURVE('',#3954,#3955,#518,.T.);
#5081=EDGE_CURVE('',#3955,#3876,#2384,.T.);
#5082=EDGE_CURVE('',#3955,#3956,#519,.T.);
#5083=EDGE_CURVE('',#3956,#3875,#2385,.T.);
#5084=EDGE_CURVE('',#3956,#3957,#520,.T.);
#5085=EDGE_CURVE('',#3957,#3874,#2386,.T.);
#5086=EDGE_CURVE('',#3958,#3957,#2387,.T.);
#5087=EDGE_CURVE('',#3958,#3494,#2388,.T.);
#5088=EDGE_CURVE('',#3959,#3958,#521,.T.);
#5089=EDGE_CURVE('',#3959,#3493,#2389,.T.);
#5090=EDGE_CURVE('',#3959,#3960,#522,.T.);
#5091=EDGE_CURVE('',#3960,#3492,#2390,.T.);
#5092=EDGE_CURVE('',#3961,#3960,#2391,.T.);
#5093=EDGE_CURVE('',#3961,#3881,#2392,.T.);
#5094=EDGE_CURVE('',#3961,#3962,#523,.T.);
#5095=EDGE_CURVE('',#3962,#3880,#2393,.T.);
#5096=EDGE_CURVE('',#3962,#3963,#524,.T.);
#5097=EDGE_CURVE('',#3963,#3879,#2394,.T.);
#5098=EDGE_CURVE('',#3963,#3964,#525,.T.);
#5099=EDGE_CURVE('',#3964,#3878,#2395,.T.);
#5100=EDGE_CURVE('',#3965,#3964,#2396,.T.);
#5101=EDGE_CURVE('',#3965,#3485,#2397,.T.);
#5102=EDGE_CURVE('',#3966,#3965,#526,.T.);
#5103=EDGE_CURVE('',#3966,#3484,#2398,.T.);
#5104=EDGE_CURVE('',#3966,#3967,#527,.T.);
#5105=EDGE_CURVE('',#3967,#3483,#2399,.T.);
#5106=EDGE_CURVE('',#3968,#3967,#2400,.T.);
#5107=EDGE_CURVE('',#3968,#3885,#2401,.T.);
#5108=EDGE_CURVE('',#3968,#3969,#528,.T.);
#5109=EDGE_CURVE('',#3969,#3884,#2402,.T.);
#5110=EDGE_CURVE('',#3969,#3970,#529,.T.);
#5111=EDGE_CURVE('',#3970,#3883,#2403,.T.);
#5112=EDGE_CURVE('',#3970,#3971,#530,.T.);
#5113=EDGE_CURVE('',#3971,#3882,#2404,.T.);
#5114=EDGE_CURVE('',#3972,#3971,#2405,.T.);
#5115=EDGE_CURVE('',#3972,#3476,#2406,.T.);
#5116=EDGE_CURVE('',#3973,#3972,#531,.T.);
#5117=EDGE_CURVE('',#3973,#3475,#2407,.T.);
#5118=EDGE_CURVE('',#3973,#3974,#532,.T.);
#5119=EDGE_CURVE('',#3974,#3474,#2408,.T.);
#5120=EDGE_CURVE('',#3975,#3974,#2409,.T.);
#5121=EDGE_CURVE('',#3975,#3889,#2410,.T.);
#5122=EDGE_CURVE('',#3975,#3976,#533,.T.);
#5123=EDGE_CURVE('',#3976,#3888,#2411,.T.);
#5124=EDGE_CURVE('',#3976,#3977,#534,.T.);
#5125=EDGE_CURVE('',#3977,#3887,#2412,.T.);
#5126=EDGE_CURVE('',#3977,#3978,#535,.T.);
#5127=EDGE_CURVE('',#3978,#3886,#2413,.T.);
#5128=EDGE_CURVE('',#3979,#3978,#2414,.T.);
#5129=EDGE_CURVE('',#3979,#3467,#2415,.T.);
#5130=EDGE_CURVE('',#3980,#3979,#536,.T.);
#5131=EDGE_CURVE('',#3980,#3466,#2416,.T.);
#5132=EDGE_CURVE('',#3980,#3981,#537,.T.);
#5133=EDGE_CURVE('',#3981,#3465,#2417,.T.);
#5134=EDGE_CURVE('',#3982,#3981,#2418,.T.);
#5135=EDGE_CURVE('',#3982,#3893,#2419,.T.);
#5136=EDGE_CURVE('',#3982,#3983,#538,.T.);
#5137=EDGE_CURVE('',#3983,#3892,#2420,.T.);
#5138=EDGE_CURVE('',#3983,#3984,#539,.T.);
#5139=EDGE_CURVE('',#3984,#3891,#2421,.T.);
#5140=EDGE_CURVE('',#3984,#3985,#540,.T.);
#5141=EDGE_CURVE('',#3985,#3890,#2422,.T.);
#5142=EDGE_CURVE('',#3986,#3985,#2423,.T.);
#5143=EDGE_CURVE('',#3986,#3458,#2424,.T.);
#5144=EDGE_CURVE('',#3987,#3986,#541,.T.);
#5145=EDGE_CURVE('',#3987,#3457,#2425,.T.);
#5146=EDGE_CURVE('',#3987,#3988,#542,.T.);
#5147=EDGE_CURVE('',#3988,#3456,#2426,.T.);
#5148=EDGE_CURVE('',#3989,#3988,#2427,.T.);
#5149=EDGE_CURVE('',#3989,#3897,#2428,.T.);
#5150=EDGE_CURVE('',#3989,#3990,#543,.T.);
#5151=EDGE_CURVE('',#3990,#3896,#2429,.T.);
#5152=EDGE_CURVE('',#3990,#3991,#544,.T.);
#5153=EDGE_CURVE('',#3991,#3895,#2430,.T.);
#5154=EDGE_CURVE('',#3991,#3992,#545,.T.);
#5155=EDGE_CURVE('',#3992,#3894,#2431,.T.);
#5156=EDGE_CURVE('',#3993,#3992,#2432,.T.);
#5157=EDGE_CURVE('',#3993,#3449,#2433,.T.);
#5158=EDGE_CURVE('',#3994,#3993,#546,.T.);
#5159=EDGE_CURVE('',#3994,#3448,#2434,.T.);
#5160=EDGE_CURVE('',#3994,#3995,#547,.T.);
#5161=EDGE_CURVE('',#3995,#3447,#2435,.T.);
#5162=EDGE_CURVE('',#3996,#3995,#2436,.T.);
#5163=EDGE_CURVE('',#3996,#3901,#2437,.T.);
#5164=EDGE_CURVE('',#3996,#3997,#548,.T.);
#5165=EDGE_CURVE('',#3997,#3900,#2438,.T.);
#5166=EDGE_CURVE('',#3997,#3998,#549,.T.);
#5167=EDGE_CURVE('',#3998,#3899,#2439,.T.);
#5168=EDGE_CURVE('',#3998,#3999,#550,.T.);
#5169=EDGE_CURVE('',#3999,#3898,#2440,.T.);
#5170=EDGE_CURVE('',#4000,#3999,#2441,.T.);
#5171=EDGE_CURVE('',#4000,#3620,#2442,.T.);
#5172=EDGE_CURVE('',#4001,#4000,#551,.T.);
#5173=EDGE_CURVE('',#4001,#3619,#2443,.T.);
#5174=EDGE_CURVE('',#4001,#4002,#552,.T.);
#5175=EDGE_CURVE('',#4002,#3618,#2444,.T.);
#5176=EDGE_CURVE('',#4003,#4002,#2445,.T.);
#5177=EDGE_CURVE('',#4003,#3905,#2446,.T.);
#5178=EDGE_CURVE('',#4003,#4004,#553,.T.);
#5179=EDGE_CURVE('',#4004,#3904,#2447,.T.);
#5180=EDGE_CURVE('',#4004,#4005,#554,.T.);
#5181=EDGE_CURVE('',#4005,#3903,#2448,.T.);
#5182=EDGE_CURVE('',#4005,#4006,#555,.T.);
#5183=EDGE_CURVE('',#4006,#3902,#2449,.T.);
#5184=EDGE_CURVE('',#4007,#4006,#2450,.T.);
#5185=EDGE_CURVE('',#4007,#3608,#2451,.T.);
#5186=EDGE_CURVE('',#4008,#4007,#556,.T.);
#5187=EDGE_CURVE('',#4008,#3616,#2452,.T.);
#5188=EDGE_CURVE('',#4008,#4009,#557,.T.);
#5189=EDGE_CURVE('',#4009,#3615,#2453,.T.);
#5190=EDGE_CURVE('',#4010,#4009,#2454,.T.);
#5191=EDGE_CURVE('',#4010,#3829,#2455,.T.);
#5192=EDGE_CURVE('',#4010,#4011,#558,.T.);
#5193=EDGE_CURVE('',#4011,#3828,#2456,.T.);
#5194=EDGE_CURVE('',#4011,#4012,#559,.T.);
#5195=EDGE_CURVE('',#4012,#3827,#2457,.T.);
#5196=EDGE_CURVE('',#4012,#4013,#560,.T.);
#5197=EDGE_CURVE('',#4013,#3826,#2458,.T.);
#5198=EDGE_CURVE('',#4014,#4013,#2459,.T.);
#5199=EDGE_CURVE('',#4014,#3599,#2460,.T.);
#5200=EDGE_CURVE('',#4015,#4014,#561,.T.);
#5201=EDGE_CURVE('',#4015,#3607,#2461,.T.);
#5202=EDGE_CURVE('',#4015,#4016,#562,.T.);
#5203=EDGE_CURVE('',#4016,#3606,#2462,.T.);
#5204=EDGE_CURVE('',#4017,#4016,#2463,.T.);
#5205=EDGE_CURVE('',#4017,#3833,#2464,.T.);
#5206=EDGE_CURVE('',#4017,#4018,#563,.T.);
#5207=EDGE_CURVE('',#4018,#3832,#2465,.T.);
#5208=EDGE_CURVE('',#4018,#4019,#564,.T.);
#5209=EDGE_CURVE('',#4019,#3831,#2466,.T.);
#5210=EDGE_CURVE('',#4019,#4020,#565,.T.);
#5211=EDGE_CURVE('',#4020,#3830,#2467,.T.);
#5212=EDGE_CURVE('',#4021,#4020,#2468,.T.);
#5213=EDGE_CURVE('',#4021,#3590,#2469,.T.);
#5214=EDGE_CURVE('',#4022,#4021,#566,.T.);
#5215=EDGE_CURVE('',#4022,#3598,#2470,.T.);
#5216=EDGE_CURVE('',#4022,#4023,#567,.T.);
#5217=EDGE_CURVE('',#4023,#3597,#2471,.T.);
#5218=EDGE_CURVE('',#4024,#4023,#2472,.T.);
#5219=EDGE_CURVE('',#4024,#3837,#2473,.T.);
#5220=EDGE_CURVE('',#4024,#4025,#568,.T.);
#5221=EDGE_CURVE('',#4025,#3836,#2474,.T.);
#5222=EDGE_CURVE('',#4025,#4026,#569,.T.);
#5223=EDGE_CURVE('',#4026,#3835,#2475,.T.);
#5224=EDGE_CURVE('',#4026,#4027,#570,.T.);
#5225=EDGE_CURVE('',#4027,#3834,#2476,.T.);
#5226=EDGE_CURVE('',#4028,#4027,#2477,.T.);
#5227=EDGE_CURVE('',#4028,#3581,#2478,.T.);
#5228=EDGE_CURVE('',#4029,#4028,#571,.T.);
#5229=EDGE_CURVE('',#4029,#3589,#2479,.T.);
#5230=EDGE_CURVE('',#4029,#4030,#572,.T.);
#5231=EDGE_CURVE('',#4030,#3588,#2480,.T.);
#5232=EDGE_CURVE('',#4031,#4030,#2481,.T.);
#5233=EDGE_CURVE('',#4031,#3841,#2482,.T.);
#5234=EDGE_CURVE('',#4031,#4032,#573,.T.);
#5235=EDGE_CURVE('',#4032,#3840,#2483,.T.);
#5236=EDGE_CURVE('',#4032,#4033,#574,.T.);
#5237=EDGE_CURVE('',#4033,#3839,#2484,.T.);
#5238=EDGE_CURVE('',#4033,#4034,#575,.T.);
#5239=EDGE_CURVE('',#4034,#3838,#2485,.T.);
#5240=EDGE_CURVE('',#4035,#4034,#2486,.T.);
#5241=EDGE_CURVE('',#4035,#3572,#2487,.T.);
#5242=EDGE_CURVE('',#4036,#4035,#576,.T.);
#5243=EDGE_CURVE('',#4036,#3580,#2488,.T.);
#5244=EDGE_CURVE('',#4036,#4037,#577,.T.);
#5245=EDGE_CURVE('',#4037,#3579,#2489,.T.);
#5246=EDGE_CURVE('',#4038,#4037,#2490,.T.);
#5247=EDGE_CURVE('',#4038,#3845,#2491,.T.);
#5248=EDGE_CURVE('',#4038,#4039,#578,.T.);
#5249=EDGE_CURVE('',#4039,#3844,#2492,.T.);
#5250=EDGE_CURVE('',#4039,#4040,#579,.T.);
#5251=EDGE_CURVE('',#4040,#3843,#2493,.T.);
#5252=EDGE_CURVE('',#4040,#4041,#580,.T.);
#5253=EDGE_CURVE('',#4041,#3842,#2494,.T.);
#5254=EDGE_CURVE('',#4042,#4041,#2495,.T.);
#5255=EDGE_CURVE('',#4042,#3563,#2496,.T.);
#5256=EDGE_CURVE('',#4043,#4042,#581,.T.);
#5257=EDGE_CURVE('',#4043,#3571,#2497,.T.);
#5258=EDGE_CURVE('',#4043,#4044,#582,.T.);
#5259=EDGE_CURVE('',#4044,#3570,#2498,.T.);
#5260=EDGE_CURVE('',#4045,#4044,#2499,.T.);
#5261=EDGE_CURVE('',#4045,#3849,#2500,.T.);
#5262=EDGE_CURVE('',#4045,#3906,#583,.T.);
#5263=EDGE_CURVE('',#4046,#4047,#2501,.T.);
#5264=EDGE_CURVE('',#4046,#4048,#2502,.T.);
#5265=EDGE_CURVE('',#4048,#4049,#2503,.T.);
#5266=EDGE_CURVE('',#4047,#4049,#2504,.T.);
#5267=EDGE_CURVE('',#4050,#4046,#2505,.T.);
#5268=EDGE_CURVE('',#4050,#4051,#2506,.T.);
#5269=EDGE_CURVE('',#4051,#4048,#2507,.T.);
#5270=EDGE_CURVE('',#4052,#4050,#2508,.T.);
#5271=EDGE_CURVE('',#4052,#4053,#2509,.T.);
#5272=EDGE_CURVE('',#4053,#4051,#2510,.T.);
#5273=EDGE_CURVE('',#4054,#4052,#2511,.T.);
#5274=EDGE_CURVE('',#4054,#4055,#2512,.T.);
#5275=EDGE_CURVE('',#4055,#4053,#2513,.T.);
#5276=EDGE_CURVE('',#4056,#4054,#2514,.T.);
#5277=EDGE_CURVE('',#4056,#4057,#2515,.T.);
#5278=EDGE_CURVE('',#4057,#4055,#2516,.T.);
#5279=EDGE_CURVE('',#4047,#4056,#2517,.T.);
#5280=EDGE_CURVE('',#4049,#4057,#2518,.T.);
#5281=EDGE_CURVE('',#4058,#4058,#584,.T.);
#5282=EDGE_CURVE('',#4058,#3341,#585,.T.);
#5283=EDGE_CURVE('',#4059,#4059,#586,.T.);
#5284=EDGE_CURVE('',#4059,#4058,#2519,.T.);
#5285=EDGE_CURVE('',#4060,#4060,#587,.T.);
#5286=EDGE_CURVE('',#4060,#4059,#588,.T.);
#5287=EDGE_CURVE('',#4061,#4062,#2520,.T.);
#5288=EDGE_CURVE('',#4061,#4063,#2521,.T.);
#5289=EDGE_CURVE('',#4063,#4064,#2522,.T.);
#5290=EDGE_CURVE('',#4062,#4064,#2523,.T.);
#5291=EDGE_CURVE('',#4065,#4061,#2524,.T.);
#5292=EDGE_CURVE('',#4065,#4066,#2525,.T.);
#5293=EDGE_CURVE('',#4066,#4063,#2526,.T.);
#5294=EDGE_CURVE('',#4067,#4065,#2527,.T.);
#5295=EDGE_CURVE('',#4067,#4068,#2528,.T.);
#5296=EDGE_CURVE('',#4068,#4066,#2529,.T.);
#5297=EDGE_CURVE('',#4069,#4067,#2530,.T.);
#5298=EDGE_CURVE('',#4069,#4070,#2531,.T.);
#5299=EDGE_CURVE('',#4070,#4068,#2532,.T.);
#5300=EDGE_CURVE('',#4071,#4069,#2533,.T.);
#5301=EDGE_CURVE('',#4071,#4072,#2534,.T.);
#5302=EDGE_CURVE('',#4072,#4070,#2535,.T.);
#5303=EDGE_CURVE('',#4062,#4071,#2536,.T.);
#5304=EDGE_CURVE('',#4064,#4072,#2537,.T.);
#5305=EDGE_CURVE('',#4073,#4073,#589,.T.);
#5306=EDGE_CURVE('',#4073,#3340,#590,.T.);
#5307=EDGE_CURVE('',#4074,#4074,#591,.T.);
#5308=EDGE_CURVE('',#4074,#4073,#2538,.T.);
#5309=EDGE_CURVE('',#4075,#4075,#592,.T.);
#5310=EDGE_CURVE('',#4075,#4074,#593,.T.);
#5311=EDGE_CURVE('',#3391,#4076,#2539,.T.);
#5312=EDGE_CURVE('',#4076,#4076,#594,.T.);
#5313=EDGE_CURVE('',#3389,#4077,#2540,.T.);
#5314=EDGE_CURVE('',#4077,#4077,#595,.T.);
#5315=EDGE_CURVE('',#3388,#4078,#2541,.T.);
#5316=EDGE_CURVE('',#4078,#4078,#596,.T.);
#5317=EDGE_CURVE('',#3386,#4079,#2542,.T.);
#5318=EDGE_CURVE('',#4079,#4079,#597,.T.);
#5319=EDGE_CURVE('',#4080,#4080,#598,.T.);
#5320=EDGE_CURVE('',#4080,#4081,#2543,.T.);
#5321=EDGE_CURVE('',#4081,#4081,#599,.T.);
#5322=EDGE_CURVE('',#4082,#4082,#600,.T.);
#5323=EDGE_CURVE('',#4082,#4083,#2544,.T.);
#5324=EDGE_CURVE('',#4083,#4083,#601,.T.);
#5325=EDGE_CURVE('',#4084,#4085,#602,.T.);
#5326=EDGE_CURVE('',#4085,#4086,#2545,.T.);
#5327=EDGE_CURVE('',#4086,#4087,#603,.T.);
#5328=EDGE_CURVE('',#4087,#4084,#2546,.T.);
#5329=EDGE_CURVE('',#4087,#4088,#2547,.T.);
#5330=EDGE_CURVE('',#4089,#4088,#2548,.T.);
#5331=EDGE_CURVE('',#4090,#4089,#2549,.T.);
#5332=EDGE_CURVE('',#4084,#4090,#2550,.T.);
#5333=EDGE_CURVE('',#4091,#4091,#604,.T.);
#5334=EDGE_CURVE('',#4092,#4092,#605,.T.);
#5335=EDGE_CURVE('',#4093,#4086,#2551,.T.);
#5336=EDGE_CURVE('',#4094,#4093,#606,.T.);
#5337=EDGE_CURVE('',#4095,#4094,#2552,.T.);
#5338=EDGE_CURVE('',#4096,#4095,#607,.T.);
#5339=EDGE_CURVE('',#4096,#4097,#2553,.T.);
#5340=EDGE_CURVE('',#4088,#4097,#608,.T.);
#5341=EDGE_CURVE('',#4098,#4098,#609,.T.);
#5342=EDGE_CURVE('',#4099,#4089,#610,.T.);
#5343=EDGE_CURVE('',#4097,#4099,#2554,.T.);
#5344=EDGE_CURVE('',#4100,#4096,#2555,.T.);
#5345=EDGE_CURVE('',#4099,#4100,#2556,.T.);
#5346=EDGE_CURVE('',#4095,#4101,#2557,.T.);
#5347=EDGE_CURVE('',#4101,#4100,#611,.T.);
#5348=EDGE_CURVE('',#4101,#4102,#2558,.T.);
#5349=EDGE_CURVE('',#4102,#4090,#612,.T.);
#5350=EDGE_CURVE('',#4103,#4103,#613,.T.);
#5351=EDGE_CURVE('',#4104,#4104,#614,.T.);
#5352=EDGE_CURVE('',#4105,#4094,#2559,.T.);
#5353=EDGE_CURVE('',#4102,#4105,#2560,.T.);
#5354=EDGE_CURVE('',#4106,#4106,#615,.T.);
#5355=EDGE_CURVE('',#4107,#4107,#616,.T.);
#5356=EDGE_CURVE('',#4108,#4105,#617,.T.);
#5357=EDGE_CURVE('',#4093,#4108,#2561,.T.);
#5358=EDGE_CURVE('',#4108,#4109,#2562,.T.);
#5359=EDGE_CURVE('',#4102,#4109,#618,.T.);
#5360=EDGE_CURVE('',#4104,#4110,#2563,.T.);
#5361=EDGE_CURVE('',#4110,#4110,#619,.T.);
#5362=EDGE_CURVE('',#4103,#4111,#2564,.T.);
#5363=EDGE_CURVE('',#4111,#4111,#620,.T.);
#5364=EDGE_CURVE('',#4092,#4112,#2565,.T.);
#5365=EDGE_CURVE('',#4113,#4112,#15,.T.);
#5366=EDGE_CURVE('',#4112,#4113,#16,.T.);
#5367=EDGE_CURVE('',#4114,#4115,#17,.T.);
#5368=EDGE_CURVE('',#4115,#4114,#18,.T.);
#5369=EDGE_CURVE('',#4115,#4106,#2566,.T.);
#5370=EDGE_CURVE('',#4091,#4116,#2567,.T.);
#5371=EDGE_CURVE('',#4117,#4116,#19,.T.);
#5372=EDGE_CURVE('',#4116,#4117,#20,.T.);
#5373=EDGE_CURVE('',#4118,#4119,#21,.T.);
#5374=EDGE_CURVE('',#4119,#4118,#22,.T.);
#5375=EDGE_CURVE('',#4119,#4107,#2568,.T.);
#5376=EDGE_CURVE('',#4109,#4085,#2569,.T.);
#5377=EDGE_CURVE('',#4109,#4090,#621,.T.);
#5378=EDGE_CURVE('',#4102,#3433,#2570,.T.);
#5379=EDGE_CURVE('',#4120,#4120,#622,.T.);
#5380=EDGE_CURVE('',#4120,#4098,#2571,.T.);
#5381=EDGE_CURVE('',#4121,#4121,#623,.T.);
#5382=EDGE_CURVE('',#4121,#3394,#2572,.T.);
#5383=EDGE_CURVE('',#3398,#3400,#624,.T.);
#5384=EDGE_CURVE('',#4122,#4123,#2573,.T.);
#5385=EDGE_CURVE('',#4122,#4124,#2574,.T.);
#5386=EDGE_CURVE('',#4124,#4125,#2575,.T.);
#5387=EDGE_CURVE('',#4123,#4125,#2576,.T.);
#5388=EDGE_CURVE('',#4126,#4122,#2577,.T.);
#5389=EDGE_CURVE('',#4126,#4127,#2578,.T.);
#5390=EDGE_CURVE('',#4127,#4124,#2579,.T.);
#5391=EDGE_CURVE('',#4128,#4126,#2580,.T.);
#5392=EDGE_CURVE('',#4128,#4129,#2581,.T.);
#5393=EDGE_CURVE('',#4129,#4127,#2582,.T.);
#5394=EDGE_CURVE('',#4130,#4128,#2583,.T.);
#5395=EDGE_CURVE('',#4130,#4131,#2584,.T.);
#5396=EDGE_CURVE('',#4131,#4129,#2585,.T.);
#5397=EDGE_CURVE('',#4132,#4130,#2586,.T.);
#5398=EDGE_CURVE('',#4132,#4133,#2587,.T.);
#5399=EDGE_CURVE('',#4133,#4131,#2588,.T.);
#5400=EDGE_CURVE('',#4123,#4132,#2589,.T.);
#5401=EDGE_CURVE('',#4125,#4133,#2590,.T.);
#5402=EDGE_CURVE('',#4134,#4134,#625,.T.);
#5403=EDGE_CURVE('',#4134,#3387,#2591,.T.);
#5404=EDGE_CURVE('',#4135,#4135,#626,.T.);
#5405=EDGE_CURVE('',#4135,#3399,#627,.T.);
#5406=EDGE_CURVE('',#3398,#3400,#628,.T.);
#5407=EDGE_CURVE('',#4136,#4136,#629,.T.);
#5408=EDGE_CURVE('',#4136,#4135,#2592,.T.);
#5409=EDGE_CURVE('',#4137,#4137,#630,.T.);
#5410=EDGE_CURVE('',#4137,#4136,#631,.T.);
#5411=ORIENTED_EDGE('',*,*,#4138,.F.);
#5412=ORIENTED_EDGE('',*,*,#4139,.F.);
#5413=ORIENTED_EDGE('',*,*,#4140,.F.);
#5414=ORIENTED_EDGE('',*,*,#4141,.F.);
#5415=ORIENTED_EDGE('',*,*,#4142,.T.);
#5416=ORIENTED_EDGE('',*,*,#4143,.T.);
#5417=ORIENTED_EDGE('',*,*,#4144,.F.);
#5418=ORIENTED_EDGE('',*,*,#4145,.T.);
#5419=ORIENTED_EDGE('',*,*,#4145,.F.);
#5420=ORIENTED_EDGE('',*,*,#4146,.F.);
#5421=ORIENTED_EDGE('',*,*,#4147,.F.);
#5422=ORIENTED_EDGE('',*,*,#4148,.F.);
#5423=ORIENTED_EDGE('',*,*,#4149,.F.);
#5424=ORIENTED_EDGE('',*,*,#4138,.T.);
#5425=ORIENTED_EDGE('',*,*,#4150,.F.);
#5426=ORIENTED_EDGE('',*,*,#4151,.T.);
#5427=ORIENTED_EDGE('',*,*,#4152,.T.);
#5428=ORIENTED_EDGE('',*,*,#4153,.F.);
#5429=ORIENTED_EDGE('',*,*,#4154,.T.);
#5430=ORIENTED_EDGE('',*,*,#4152,.F.);
#5431=ORIENTED_EDGE('',*,*,#4155,.F.);
#5432=ORIENTED_EDGE('',*,*,#4156,.F.);
#5433=ORIENTED_EDGE('',*,*,#4157,.F.);
#5434=ORIENTED_EDGE('',*,*,#4158,.T.);
#5435=ORIENTED_EDGE('',*,*,#4159,.T.);
#5436=ORIENTED_EDGE('',*,*,#4160,.F.);
#5437=ORIENTED_EDGE('',*,*,#4156,.T.);
#5438=ORIENTED_EDGE('',*,*,#4161,.T.);
#5439=ORIENTED_EDGE('',*,*,#4147,.T.);
#5440=ORIENTED_EDGE('',*,*,#4162,.F.);
#5441=ORIENTED_EDGE('',*,*,#4163,.T.);
#5442=ORIENTED_EDGE('',*,*,#4164,.T.);
#5443=ORIENTED_EDGE('',*,*,#4165,.T.);
#5444=ORIENTED_EDGE('',*,*,#4166,.F.);
#5445=ORIENTED_EDGE('',*,*,#4167,.T.);
#5446=ORIENTED_EDGE('',*,*,#4167,.F.);
#5447=ORIENTED_EDGE('',*,*,#4168,.F.);
#5448=ORIENTED_EDGE('',*,*,#4169,.F.);
#5449=ORIENTED_EDGE('',*,*,#4170,.F.);
#5450=ORIENTED_EDGE('',*,*,#4171,.T.);
#5451=ORIENTED_EDGE('',*,*,#4169,.T.);
#5452=ORIENTED_EDGE('',*,*,#4172,.F.);
#5453=ORIENTED_EDGE('',*,*,#4173,.T.);
#5454=ORIENTED_EDGE('',*,*,#4142,.F.);
#5455=ORIENTED_EDGE('',*,*,#4148,.T.);
#5456=ORIENTED_EDGE('',*,*,#4161,.F.);
#5457=ORIENTED_EDGE('',*,*,#4174,.T.);
#5458=ORIENTED_EDGE('',*,*,#4175,.T.);
#5459=ORIENTED_EDGE('',*,*,#4164,.F.);
#5460=ORIENTED_EDGE('',*,*,#4170,.T.);
#5461=ORIENTED_EDGE('',*,*,#4171,.F.);
#5462=ORIENTED_EDGE('',*,*,#4176,.T.);
#5463=ORIENTED_EDGE('',*,*,#4158,.F.);
#5464=ORIENTED_EDGE('',*,*,#4155,.T.);
#5465=ORIENTED_EDGE('',*,*,#4151,.F.);
#5466=ORIENTED_EDGE('',*,*,#4177,.T.);
#5467=ORIENTED_EDGE('',*,*,#4178,.T.);
#5468=ORIENTED_EDGE('',*,*,#4140,.T.);
#5469=ORIENTED_EDGE('',*,*,#4179,.F.);
#5470=ORIENTED_EDGE('',*,*,#4180,.F.);
#5471=ORIENTED_EDGE('',*,*,#4181,.F.);
#5472=ORIENTED_EDGE('',*,*,#4182,.F.);
#5473=ORIENTED_EDGE('',*,*,#4162,.T.);
#5474=ORIENTED_EDGE('',*,*,#4146,.T.);
#5475=ORIENTED_EDGE('',*,*,#4144,.T.);
#5476=ORIENTED_EDGE('',*,*,#4183,.T.);
#5477=ORIENTED_EDGE('',*,*,#4184,.T.);
#5478=ORIENTED_EDGE('',*,*,#4153,.T.);
#5479=ORIENTED_EDGE('',*,*,#4157,.T.);
#5480=ORIENTED_EDGE('',*,*,#4160,.T.);
#5481=ORIENTED_EDGE('',*,*,#4185,.T.);
#5482=ORIENTED_EDGE('',*,*,#4186,.T.);
#5483=ORIENTED_EDGE('',*,*,#4172,.T.);
#5484=ORIENTED_EDGE('',*,*,#4168,.T.);
#5485=ORIENTED_EDGE('',*,*,#4166,.T.);
#5486=ORIENTED_EDGE('',*,*,#4187,.T.);
#5487=ORIENTED_EDGE('',*,*,#4188,.F.);
#5488=ORIENTED_EDGE('',*,*,#4189,.T.);
#5489=ORIENTED_EDGE('',*,*,#4190,.T.);
#5490=ORIENTED_EDGE('',*,*,#4189,.F.);
#5491=ORIENTED_EDGE('',*,*,#4191,.F.);
#5492=ORIENTED_EDGE('',*,*,#4192,.T.);
#5493=ORIENTED_EDGE('',*,*,#4193,.T.);
#5494=ORIENTED_EDGE('',*,*,#4194,.F.);
#5495=ORIENTED_EDGE('',*,*,#4195,.F.);
#5496=ORIENTED_EDGE('',*,*,#4196,.T.);
#5497=ORIENTED_EDGE('',*,*,#4197,.T.);
#5498=ORIENTED_EDGE('',*,*,#4192,.F.);
#5499=ORIENTED_EDGE('',*,*,#4198,.F.);
#5500=ORIENTED_EDGE('',*,*,#4199,.T.);
#5501=ORIENTED_EDGE('',*,*,#4200,.T.);
#5502=ORIENTED_EDGE('',*,*,#4196,.F.);
#5503=ORIENTED_EDGE('',*,*,#4201,.F.);
#5504=ORIENTED_EDGE('',*,*,#4202,.T.);
#5505=ORIENTED_EDGE('',*,*,#4203,.T.);
#5506=ORIENTED_EDGE('',*,*,#4199,.F.);
#5507=ORIENTED_EDGE('',*,*,#4204,.F.);
#5508=ORIENTED_EDGE('',*,*,#4205,.T.);
#5509=ORIENTED_EDGE('',*,*,#4206,.T.);
#5510=ORIENTED_EDGE('',*,*,#4202,.F.);
#5511=ORIENTED_EDGE('',*,*,#4207,.F.);
#5512=ORIENTED_EDGE('',*,*,#4194,.T.);
#5513=ORIENTED_EDGE('',*,*,#4208,.T.);
#5514=ORIENTED_EDGE('',*,*,#4205,.F.);
#5515=ORIENTED_EDGE('',*,*,#4208,.F.);
#5516=ORIENTED_EDGE('',*,*,#4193,.F.);
#5517=ORIENTED_EDGE('',*,*,#4197,.F.);
#5518=ORIENTED_EDGE('',*,*,#4200,.F.);
#5519=ORIENTED_EDGE('',*,*,#4203,.F.);
#5520=ORIENTED_EDGE('',*,*,#4206,.F.);
#5521=ORIENTED_EDGE('',*,*,#4188,.T.);
#5522=ORIENTED_EDGE('',*,*,#4209,.T.);
#5523=ORIENTED_EDGE('',*,*,#4210,.T.);
#5524=ORIENTED_EDGE('',*,*,#4211,.T.);
#5525=ORIENTED_EDGE('',*,*,#4212,.T.);
#5526=ORIENTED_EDGE('',*,*,#4213,.T.);
#5527=ORIENTED_EDGE('',*,*,#4210,.F.);
#5528=ORIENTED_EDGE('',*,*,#4214,.F.);
#5529=ORIENTED_EDGE('',*,*,#4215,.T.);
#5530=ORIENTED_EDGE('',*,*,#4209,.F.);
#5531=ORIENTED_EDGE('',*,*,#4215,.F.);
#5532=ORIENTED_EDGE('',*,*,#4216,.T.);
#5533=ORIENTED_EDGE('',*,*,#4212,.F.);
#5534=ORIENTED_EDGE('',*,*,#4217,.T.);
#5535=ORIENTED_EDGE('',*,*,#4218,.T.);
#5536=ORIENTED_EDGE('',*,*,#4214,.T.);
#5537=ORIENTED_EDGE('',*,*,#4218,.F.);
#5538=ORIENTED_EDGE('',*,*,#4217,.F.);
#5539=ORIENTED_EDGE('',*,*,#4191,.T.);
#5540=ORIENTED_EDGE('',*,*,#4207,.T.);
#5541=ORIENTED_EDGE('',*,*,#4204,.T.);
#5542=ORIENTED_EDGE('',*,*,#4201,.T.);
#5543=ORIENTED_EDGE('',*,*,#4198,.T.);
#5544=ORIENTED_EDGE('',*,*,#4195,.T.);
#5545=ORIENTED_EDGE('',*,*,#4219,.F.);
#5546=ORIENTED_EDGE('',*,*,#4220,.T.);
#5547=ORIENTED_EDGE('',*,*,#4221,.T.);
#5548=ORIENTED_EDGE('',*,*,#4220,.F.);
#5549=ORIENTED_EDGE('',*,*,#4222,.F.);
#5550=ORIENTED_EDGE('',*,*,#4223,.T.);
#5551=ORIENTED_EDGE('',*,*,#4224,.T.);
#5552=ORIENTED_EDGE('',*,*,#4225,.F.);
#5553=ORIENTED_EDGE('',*,*,#4226,.F.);
#5554=ORIENTED_EDGE('',*,*,#4227,.T.);
#5555=ORIENTED_EDGE('',*,*,#4228,.T.);
#5556=ORIENTED_EDGE('',*,*,#4223,.F.);
#5557=ORIENTED_EDGE('',*,*,#4229,.F.);
#5558=ORIENTED_EDGE('',*,*,#4230,.T.);
#5559=ORIENTED_EDGE('',*,*,#4231,.T.);
#5560=ORIENTED_EDGE('',*,*,#4227,.F.);
#5561=ORIENTED_EDGE('',*,*,#4232,.F.);
#5562=ORIENTED_EDGE('',*,*,#4233,.T.);
#5563=ORIENTED_EDGE('',*,*,#4234,.T.);
#5564=ORIENTED_EDGE('',*,*,#4230,.F.);
#5565=ORIENTED_EDGE('',*,*,#4235,.F.);
#5566=ORIENTED_EDGE('',*,*,#4236,.T.);
#5567=ORIENTED_EDGE('',*,*,#4237,.T.);
#5568=ORIENTED_EDGE('',*,*,#4233,.F.);
#5569=ORIENTED_EDGE('',*,*,#4238,.F.);
#5570=ORIENTED_EDGE('',*,*,#4225,.T.);
#5571=ORIENTED_EDGE('',*,*,#4239,.T.);
#5572=ORIENTED_EDGE('',*,*,#4236,.F.);
#5573=ORIENTED_EDGE('',*,*,#4239,.F.);
#5574=ORIENTED_EDGE('',*,*,#4224,.F.);
#5575=ORIENTED_EDGE('',*,*,#4228,.F.);
#5576=ORIENTED_EDGE('',*,*,#4231,.F.);
#5577=ORIENTED_EDGE('',*,*,#4234,.F.);
#5578=ORIENTED_EDGE('',*,*,#4237,.F.);
#5579=ORIENTED_EDGE('',*,*,#4219,.T.);
#5580=ORIENTED_EDGE('',*,*,#4240,.T.);
#5581=ORIENTED_EDGE('',*,*,#4241,.T.);
#5582=ORIENTED_EDGE('',*,*,#4242,.T.);
#5583=ORIENTED_EDGE('',*,*,#4243,.T.);
#5584=ORIENTED_EDGE('',*,*,#4244,.T.);
#5585=ORIENTED_EDGE('',*,*,#4241,.F.);
#5586=ORIENTED_EDGE('',*,*,#4245,.F.);
#5587=ORIENTED_EDGE('',*,*,#4246,.T.);
#5588=ORIENTED_EDGE('',*,*,#4240,.F.);
#5589=ORIENTED_EDGE('',*,*,#4246,.F.);
#5590=ORIENTED_EDGE('',*,*,#4247,.T.);
#5591=ORIENTED_EDGE('',*,*,#4243,.F.);
#5592=ORIENTED_EDGE('',*,*,#4248,.T.);
#5593=ORIENTED_EDGE('',*,*,#4249,.T.);
#5594=ORIENTED_EDGE('',*,*,#4245,.T.);
#5595=ORIENTED_EDGE('',*,*,#4249,.F.);
#5596=ORIENTED_EDGE('',*,*,#4248,.F.);
#5597=ORIENTED_EDGE('',*,*,#4222,.T.);
#5598=ORIENTED_EDGE('',*,*,#4238,.T.);
#5599=ORIENTED_EDGE('',*,*,#4235,.T.);
#5600=ORIENTED_EDGE('',*,*,#4232,.T.);
#5601=ORIENTED_EDGE('',*,*,#4229,.T.);
#5602=ORIENTED_EDGE('',*,*,#4226,.T.);
#5603=ORIENTED_EDGE('',*,*,#4250,.T.);
#5604=ORIENTED_EDGE('',*,*,#4251,.F.);
#5605=ORIENTED_EDGE('',*,*,#4252,.T.);
#5606=ORIENTED_EDGE('',*,*,#4190,.F.);
#5607=ORIENTED_EDGE('',*,*,#4253,.T.);
#5608=ORIENTED_EDGE('',*,*,#4254,.F.);
#5609=ORIENTED_EDGE('',*,*,#4255,.T.);
#5610=ORIENTED_EDGE('',*,*,#4221,.F.);
#5611=ORIENTED_EDGE('',*,*,#4256,.F.);
#5612=ORIENTED_EDGE('',*,*,#4257,.T.);
#5613=ORIENTED_EDGE('',*,*,#4258,.F.);
#5614=ORIENTED_EDGE('',*,*,#4257,.F.);
#5615=ORIENTED_EDGE('',*,*,#4256,.T.);
#5616=ORIENTED_EDGE('',*,*,#4213,.F.);
#5617=ORIENTED_EDGE('',*,*,#4259,.T.);
#5618=ORIENTED_EDGE('',*,*,#4242,.F.);
#5619=ORIENTED_EDGE('',*,*,#4244,.F.);
#5620=ORIENTED_EDGE('',*,*,#4260,.T.);
#5621=ORIENTED_EDGE('',*,*,#4261,.T.);
#5622=ORIENTED_EDGE('',*,*,#4262,.F.);
#5623=ORIENTED_EDGE('',*,*,#4263,.F.);
#5624=ORIENTED_EDGE('',*,*,#4264,.T.);
#5625=ORIENTED_EDGE('',*,*,#4265,.F.);
#5626=ORIENTED_EDGE('',*,*,#4266,.F.);
#5627=ORIENTED_EDGE('',*,*,#4267,.T.);
#5628=ORIENTED_EDGE('',*,*,#4211,.F.);
#5629=ORIENTED_EDGE('',*,*,#4268,.F.);
#5630=ORIENTED_EDGE('',*,*,#4269,.T.);
#5631=ORIENTED_EDGE('',*,*,#4270,.T.);
#5632=ORIENTED_EDGE('',*,*,#4271,.F.);
#5633=ORIENTED_EDGE('',*,*,#4272,.F.);
#5634=ORIENTED_EDGE('',*,*,#4273,.T.);
#5635=ORIENTED_EDGE('',*,*,#4274,.T.);
#5636=ORIENTED_EDGE('',*,*,#4269,.F.);
#5637=ORIENTED_EDGE('',*,*,#4275,.F.);
#5638=ORIENTED_EDGE('',*,*,#4276,.T.);
#5639=ORIENTED_EDGE('',*,*,#4277,.T.);
#5640=ORIENTED_EDGE('',*,*,#4273,.F.);
#5641=ORIENTED_EDGE('',*,*,#4278,.F.);
#5642=ORIENTED_EDGE('',*,*,#4279,.T.);
#5643=ORIENTED_EDGE('',*,*,#4280,.T.);
#5644=ORIENTED_EDGE('',*,*,#4276,.F.);
#5645=ORIENTED_EDGE('',*,*,#4281,.F.);
#5646=ORIENTED_EDGE('',*,*,#4282,.T.);
#5647=ORIENTED_EDGE('',*,*,#4283,.T.);
#5648=ORIENTED_EDGE('',*,*,#4279,.F.);
#5649=ORIENTED_EDGE('',*,*,#4284,.F.);
#5650=ORIENTED_EDGE('',*,*,#4271,.T.);
#5651=ORIENTED_EDGE('',*,*,#4285,.T.);
#5652=ORIENTED_EDGE('',*,*,#4282,.F.);
#5653=ORIENTED_EDGE('',*,*,#4285,.F.);
#5654=ORIENTED_EDGE('',*,*,#4270,.F.);
#5655=ORIENTED_EDGE('',*,*,#4274,.F.);
#5656=ORIENTED_EDGE('',*,*,#4277,.F.);
#5657=ORIENTED_EDGE('',*,*,#4280,.F.);
#5658=ORIENTED_EDGE('',*,*,#4283,.F.);
#5659=ORIENTED_EDGE('',*,*,#4286,.T.);
#5660=ORIENTED_EDGE('',*,*,#4286,.F.);
#5661=ORIENTED_EDGE('',*,*,#4287,.T.);
#5662=ORIENTED_EDGE('',*,*,#4254,.T.);
#5663=ORIENTED_EDGE('',*,*,#4287,.F.);
#5664=ORIENTED_EDGE('',*,*,#4288,.T.);
#5665=ORIENTED_EDGE('',*,*,#4289,.T.);
#5666=ORIENTED_EDGE('',*,*,#4262,.T.);
#5667=ORIENTED_EDGE('',*,*,#4290,.T.);
#5668=ORIENTED_EDGE('',*,*,#4263,.T.);
#5669=ORIENTED_EDGE('',*,*,#4289,.F.);
#5670=ORIENTED_EDGE('',*,*,#4291,.F.);
#5671=ORIENTED_EDGE('',*,*,#4292,.T.);
#5672=ORIENTED_EDGE('',*,*,#4288,.F.);
#5673=ORIENTED_EDGE('',*,*,#4292,.F.);
#5674=ORIENTED_EDGE('',*,*,#4293,.T.);
#5675=ORIENTED_EDGE('',*,*,#4290,.F.);
#5676=ORIENTED_EDGE('',*,*,#4294,.T.);
#5677=ORIENTED_EDGE('',*,*,#4295,.T.);
#5678=ORIENTED_EDGE('',*,*,#4291,.T.);
#5679=ORIENTED_EDGE('',*,*,#4295,.F.);
#5680=ORIENTED_EDGE('',*,*,#4294,.F.);
#5681=ORIENTED_EDGE('',*,*,#4268,.T.);
#5682=ORIENTED_EDGE('',*,*,#4284,.T.);
#5683=ORIENTED_EDGE('',*,*,#4281,.T.);
#5684=ORIENTED_EDGE('',*,*,#4278,.T.);
#5685=ORIENTED_EDGE('',*,*,#4275,.T.);
#5686=ORIENTED_EDGE('',*,*,#4272,.T.);
#5687=ORIENTED_EDGE('',*,*,#4296,.F.);
#5688=ORIENTED_EDGE('',*,*,#4297,.T.);
#5689=ORIENTED_EDGE('',*,*,#4298,.T.);
#5690=ORIENTED_EDGE('',*,*,#4299,.F.);
#5691=ORIENTED_EDGE('',*,*,#4300,.F.);
#5692=ORIENTED_EDGE('',*,*,#4301,.T.);
#5693=ORIENTED_EDGE('',*,*,#4302,.T.);
#5694=ORIENTED_EDGE('',*,*,#4297,.F.);
#5695=ORIENTED_EDGE('',*,*,#4303,.F.);
#5696=ORIENTED_EDGE('',*,*,#4304,.T.);
#5697=ORIENTED_EDGE('',*,*,#4305,.T.);
#5698=ORIENTED_EDGE('',*,*,#4301,.F.);
#5699=ORIENTED_EDGE('',*,*,#4306,.F.);
#5700=ORIENTED_EDGE('',*,*,#4307,.T.);
#5701=ORIENTED_EDGE('',*,*,#4308,.T.);
#5702=ORIENTED_EDGE('',*,*,#4304,.F.);
#5703=ORIENTED_EDGE('',*,*,#4309,.F.);
#5704=ORIENTED_EDGE('',*,*,#4310,.T.);
#5705=ORIENTED_EDGE('',*,*,#4311,.T.);
#5706=ORIENTED_EDGE('',*,*,#4307,.F.);
#5707=ORIENTED_EDGE('',*,*,#4312,.F.);
#5708=ORIENTED_EDGE('',*,*,#4299,.T.);
#5709=ORIENTED_EDGE('',*,*,#4313,.T.);
#5710=ORIENTED_EDGE('',*,*,#4310,.F.);
#5711=ORIENTED_EDGE('',*,*,#4313,.F.);
#5712=ORIENTED_EDGE('',*,*,#4298,.F.);
#5713=ORIENTED_EDGE('',*,*,#4302,.F.);
#5714=ORIENTED_EDGE('',*,*,#4305,.F.);
#5715=ORIENTED_EDGE('',*,*,#4308,.F.);
#5716=ORIENTED_EDGE('',*,*,#4311,.F.);
#5717=ORIENTED_EDGE('',*,*,#4314,.T.);
#5718=ORIENTED_EDGE('',*,*,#4315,.T.);
#5719=ORIENTED_EDGE('',*,*,#4181,.T.);
#5720=ORIENTED_EDGE('',*,*,#4315,.F.);
#5721=ORIENTED_EDGE('',*,*,#4316,.F.);
#5722=ORIENTED_EDGE('',*,*,#4317,.T.);
#5723=ORIENTED_EDGE('',*,*,#4314,.F.);
#5724=ORIENTED_EDGE('',*,*,#4317,.F.);
#5725=ORIENTED_EDGE('',*,*,#4318,.T.);
#5726=ORIENTED_EDGE('',*,*,#4319,.T.);
#5727=ORIENTED_EDGE('',*,*,#4316,.T.);
#5728=ORIENTED_EDGE('',*,*,#4319,.F.);
#5729=ORIENTED_EDGE('',*,*,#4318,.F.);
#5730=ORIENTED_EDGE('',*,*,#4296,.T.);
#5731=ORIENTED_EDGE('',*,*,#4312,.T.);
#5732=ORIENTED_EDGE('',*,*,#4309,.T.);
#5733=ORIENTED_EDGE('',*,*,#4306,.T.);
#5734=ORIENTED_EDGE('',*,*,#4303,.T.);
#5735=ORIENTED_EDGE('',*,*,#4300,.T.);
#5736=ORIENTED_EDGE('',*,*,#4320,.T.);
#5737=ORIENTED_EDGE('',*,*,#4321,.T.);
#5738=ORIENTED_EDGE('',*,*,#4320,.F.);
#5739=ORIENTED_EDGE('',*,*,#4322,.T.);
#5740=ORIENTED_EDGE('',*,*,#4323,.F.);
#5741=ORIENTED_EDGE('',*,*,#4322,.F.);
#5742=ORIENTED_EDGE('',*,*,#4324,.T.);
#5743=ORIENTED_EDGE('',*,*,#4325,.T.);
#5744=ORIENTED_EDGE('',*,*,#4326,.T.);
#5745=ORIENTED_EDGE('',*,*,#4325,.F.);
#5746=ORIENTED_EDGE('',*,*,#4187,.F.);
#5747=ORIENTED_EDGE('',*,*,#4165,.F.);
#5748=ORIENTED_EDGE('',*,*,#4175,.F.);
#5749=ORIENTED_EDGE('',*,*,#4327,.T.);
#5750=ORIENTED_EDGE('',*,*,#4328,.F.);
#5751=ORIENTED_EDGE('',*,*,#4327,.F.);
#5752=ORIENTED_EDGE('',*,*,#4174,.F.);
#5753=ORIENTED_EDGE('',*,*,#4163,.F.);
#5754=ORIENTED_EDGE('',*,*,#4183,.F.);
#5755=ORIENTED_EDGE('',*,*,#4143,.F.);
#5756=ORIENTED_EDGE('',*,*,#4177,.F.);
#5757=ORIENTED_EDGE('',*,*,#4154,.F.);
#5758=ORIENTED_EDGE('',*,*,#4184,.F.);
#5759=ORIENTED_EDGE('',*,*,#4329,.T.);
#5760=ORIENTED_EDGE('',*,*,#4330,.F.);
#5761=ORIENTED_EDGE('',*,*,#4329,.F.);
#5762=ORIENTED_EDGE('',*,*,#4185,.F.);
#5763=ORIENTED_EDGE('',*,*,#4159,.F.);
#5764=ORIENTED_EDGE('',*,*,#4176,.F.);
#5765=ORIENTED_EDGE('',*,*,#4173,.F.);
#5766=ORIENTED_EDGE('',*,*,#4186,.F.);
#5767=ORIENTED_EDGE('',*,*,#4331,.T.);
#5768=ORIENTED_EDGE('',*,*,#4332,.F.);
#5769=ORIENTED_EDGE('',*,*,#4331,.F.);
#5770=ORIENTED_EDGE('',*,*,#4149,.T.);
#5771=ORIENTED_EDGE('',*,*,#4333,.T.);
#5772=ORIENTED_EDGE('',*,*,#4334,.T.);
#5773=ORIENTED_EDGE('',*,*,#4333,.F.);
#5774=ORIENTED_EDGE('',*,*,#4150,.T.);
#5775=ORIENTED_EDGE('',*,*,#4141,.T.);
#5776=ORIENTED_EDGE('',*,*,#4178,.F.);
#5777=ORIENTED_EDGE('',*,*,#4139,.T.);
#5778=ORIENTED_EDGE('',*,*,#4335,.F.);
#5779=ORIENTED_EDGE('',*,*,#4336,.T.);
#5780=ORIENTED_EDGE('',*,*,#4337,.F.);
#5781=ORIENTED_EDGE('',*,*,#4336,.F.);
#5782=ORIENTED_EDGE('',*,*,#4338,.F.);
#5783=ORIENTED_EDGE('',*,*,#4339,.T.);
#5784=ORIENTED_EDGE('',*,*,#4340,.F.);
#5785=ORIENTED_EDGE('',*,*,#4339,.F.);
#5786=ORIENTED_EDGE('',*,*,#4341,.F.);
#5787=ORIENTED_EDGE('',*,*,#4342,.T.);
#5788=ORIENTED_EDGE('',*,*,#4182,.T.);
#5789=ORIENTED_EDGE('',*,*,#4342,.F.);
#5790=ORIENTED_EDGE('',*,*,#4340,.T.);
#5791=ORIENTED_EDGE('',*,*,#4341,.T.);
#5792=ORIENTED_EDGE('',*,*,#4337,.T.);
#5793=ORIENTED_EDGE('',*,*,#4323,.T.);
#5794=ORIENTED_EDGE('',*,*,#4343,.T.);
#5795=ORIENTED_EDGE('',*,*,#4344,.T.);
#5796=ORIENTED_EDGE('',*,*,#4345,.T.);
#5797=ORIENTED_EDGE('',*,*,#4346,.T.);
#5798=ORIENTED_EDGE('',*,*,#4347,.F.);
#5799=ORIENTED_EDGE('',*,*,#4348,.F.);
#5800=ORIENTED_EDGE('',*,*,#4349,.F.);
#5801=ORIENTED_EDGE('',*,*,#4350,.F.);
#5802=ORIENTED_EDGE('',*,*,#4351,.F.);
#5803=ORIENTED_EDGE('',*,*,#4352,.T.);
#5804=ORIENTED_EDGE('',*,*,#4353,.T.);
#5805=ORIENTED_EDGE('',*,*,#4354,.T.);
#5806=ORIENTED_EDGE('',*,*,#4355,.T.);
#5807=ORIENTED_EDGE('',*,*,#4356,.F.);
#5808=ORIENTED_EDGE('',*,*,#4357,.F.);
#5809=ORIENTED_EDGE('',*,*,#4358,.F.);
#5810=ORIENTED_EDGE('',*,*,#4359,.F.);
#5811=ORIENTED_EDGE('',*,*,#4360,.F.);
#5812=ORIENTED_EDGE('',*,*,#4361,.T.);
#5813=ORIENTED_EDGE('',*,*,#4362,.T.);
#5814=ORIENTED_EDGE('',*,*,#4363,.T.);
#5815=ORIENTED_EDGE('',*,*,#4364,.T.);
#5816=ORIENTED_EDGE('',*,*,#4365,.F.);
#5817=ORIENTED_EDGE('',*,*,#4366,.F.);
#5818=ORIENTED_EDGE('',*,*,#4367,.F.);
#5819=ORIENTED_EDGE('',*,*,#4368,.F.);
#5820=ORIENTED_EDGE('',*,*,#4369,.F.);
#5821=ORIENTED_EDGE('',*,*,#4370,.T.);
#5822=ORIENTED_EDGE('',*,*,#4371,.T.);
#5823=ORIENTED_EDGE('',*,*,#4372,.T.);
#5824=ORIENTED_EDGE('',*,*,#4373,.T.);
#5825=ORIENTED_EDGE('',*,*,#4374,.F.);
#5826=ORIENTED_EDGE('',*,*,#4375,.F.);
#5827=ORIENTED_EDGE('',*,*,#4376,.F.);
#5828=ORIENTED_EDGE('',*,*,#4377,.F.);
#5829=ORIENTED_EDGE('',*,*,#4378,.F.);
#5830=ORIENTED_EDGE('',*,*,#4379,.T.);
#5831=ORIENTED_EDGE('',*,*,#4380,.T.);
#5832=ORIENTED_EDGE('',*,*,#4381,.T.);
#5833=ORIENTED_EDGE('',*,*,#4382,.T.);
#5834=ORIENTED_EDGE('',*,*,#4383,.F.);
#5835=ORIENTED_EDGE('',*,*,#4384,.F.);
#5836=ORIENTED_EDGE('',*,*,#4385,.F.);
#5837=ORIENTED_EDGE('',*,*,#4386,.F.);
#5838=ORIENTED_EDGE('',*,*,#4387,.F.);
#5839=ORIENTED_EDGE('',*,*,#4388,.T.);
#5840=ORIENTED_EDGE('',*,*,#4389,.T.);
#5841=ORIENTED_EDGE('',*,*,#4390,.T.);
#5842=ORIENTED_EDGE('',*,*,#4391,.T.);
#5843=ORIENTED_EDGE('',*,*,#4392,.F.);
#5844=ORIENTED_EDGE('',*,*,#4393,.F.);
#5845=ORIENTED_EDGE('',*,*,#4394,.F.);
#5846=ORIENTED_EDGE('',*,*,#4395,.F.);
#5847=ORIENTED_EDGE('',*,*,#4396,.F.);
#5848=ORIENTED_EDGE('',*,*,#4397,.T.);
#5849=ORIENTED_EDGE('',*,*,#4398,.T.);
#5850=ORIENTED_EDGE('',*,*,#4399,.T.);
#5851=ORIENTED_EDGE('',*,*,#4400,.T.);
#5852=ORIENTED_EDGE('',*,*,#4401,.F.);
#5853=ORIENTED_EDGE('',*,*,#4402,.F.);
#5854=ORIENTED_EDGE('',*,*,#4403,.F.);
#5855=ORIENTED_EDGE('',*,*,#4404,.F.);
#5856=ORIENTED_EDGE('',*,*,#4405,.F.);
#5857=ORIENTED_EDGE('',*,*,#4406,.T.);
#5858=ORIENTED_EDGE('',*,*,#4407,.T.);
#5859=ORIENTED_EDGE('',*,*,#4408,.T.);
#5860=ORIENTED_EDGE('',*,*,#4409,.T.);
#5861=ORIENTED_EDGE('',*,*,#4410,.F.);
#5862=ORIENTED_EDGE('',*,*,#4411,.F.);
#5863=ORIENTED_EDGE('',*,*,#4412,.F.);
#5864=ORIENTED_EDGE('',*,*,#4413,.F.);
#5865=ORIENTED_EDGE('',*,*,#4414,.F.);
#5866=ORIENTED_EDGE('',*,*,#4415,.T.);
#5867=ORIENTED_EDGE('',*,*,#4416,.T.);
#5868=ORIENTED_EDGE('',*,*,#4417,.T.);
#5869=ORIENTED_EDGE('',*,*,#4418,.T.);
#5870=ORIENTED_EDGE('',*,*,#4419,.F.);
#5871=ORIENTED_EDGE('',*,*,#4420,.F.);
#5872=ORIENTED_EDGE('',*,*,#4421,.F.);
#5873=ORIENTED_EDGE('',*,*,#4422,.F.);
#5874=ORIENTED_EDGE('',*,*,#4423,.F.);
#5875=ORIENTED_EDGE('',*,*,#4424,.T.);
#5876=ORIENTED_EDGE('',*,*,#4425,.F.);
#5877=ORIENTED_EDGE('',*,*,#4426,.F.);
#5878=ORIENTED_EDGE('',*,*,#4427,.F.);
#5879=ORIENTED_EDGE('',*,*,#4428,.F.);
#5880=ORIENTED_EDGE('',*,*,#4429,.F.);
#5881=ORIENTED_EDGE('',*,*,#4430,.T.);
#5882=ORIENTED_EDGE('',*,*,#4431,.T.);
#5883=ORIENTED_EDGE('',*,*,#4432,.T.);
#5884=ORIENTED_EDGE('',*,*,#4433,.T.);
#5885=ORIENTED_EDGE('',*,*,#4434,.F.);
#5886=ORIENTED_EDGE('',*,*,#4435,.F.);
#5887=ORIENTED_EDGE('',*,*,#4436,.F.);
#5888=ORIENTED_EDGE('',*,*,#4437,.F.);
#5889=ORIENTED_EDGE('',*,*,#4438,.F.);
#5890=ORIENTED_EDGE('',*,*,#4439,.T.);
#5891=ORIENTED_EDGE('',*,*,#4440,.T.);
#5892=ORIENTED_EDGE('',*,*,#4441,.T.);
#5893=ORIENTED_EDGE('',*,*,#4442,.T.);
#5894=ORIENTED_EDGE('',*,*,#4443,.F.);
#5895=ORIENTED_EDGE('',*,*,#4444,.F.);
#5896=ORIENTED_EDGE('',*,*,#4445,.F.);
#5897=ORIENTED_EDGE('',*,*,#4446,.F.);
#5898=ORIENTED_EDGE('',*,*,#4447,.F.);
#5899=ORIENTED_EDGE('',*,*,#4448,.T.);
#5900=ORIENTED_EDGE('',*,*,#4449,.T.);
#5901=ORIENTED_EDGE('',*,*,#4450,.T.);
#5902=ORIENTED_EDGE('',*,*,#4451,.T.);
#5903=ORIENTED_EDGE('',*,*,#4452,.F.);
#5904=ORIENTED_EDGE('',*,*,#4453,.F.);
#5905=ORIENTED_EDGE('',*,*,#4454,.F.);
#5906=ORIENTED_EDGE('',*,*,#4455,.F.);
#5907=ORIENTED_EDGE('',*,*,#4456,.F.);
#5908=ORIENTED_EDGE('',*,*,#4457,.T.);
#5909=ORIENTED_EDGE('',*,*,#4458,.T.);
#5910=ORIENTED_EDGE('',*,*,#4459,.T.);
#5911=ORIENTED_EDGE('',*,*,#4460,.T.);
#5912=ORIENTED_EDGE('',*,*,#4461,.F.);
#5913=ORIENTED_EDGE('',*,*,#4462,.F.);
#5914=ORIENTED_EDGE('',*,*,#4463,.F.);
#5915=ORIENTED_EDGE('',*,*,#4464,.F.);
#5916=ORIENTED_EDGE('',*,*,#4465,.F.);
#5917=ORIENTED_EDGE('',*,*,#4466,.T.);
#5918=ORIENTED_EDGE('',*,*,#4467,.T.);
#5919=ORIENTED_EDGE('',*,*,#4468,.T.);
#5920=ORIENTED_EDGE('',*,*,#4469,.T.);
#5921=ORIENTED_EDGE('',*,*,#4470,.F.);
#5922=ORIENTED_EDGE('',*,*,#4471,.F.);
#5923=ORIENTED_EDGE('',*,*,#4472,.F.);
#5924=ORIENTED_EDGE('',*,*,#4473,.F.);
#5925=ORIENTED_EDGE('',*,*,#4474,.F.);
#5926=ORIENTED_EDGE('',*,*,#4475,.T.);
#5927=ORIENTED_EDGE('',*,*,#4476,.T.);
#5928=ORIENTED_EDGE('',*,*,#4477,.T.);
#5929=ORIENTED_EDGE('',*,*,#4478,.T.);
#5930=ORIENTED_EDGE('',*,*,#4479,.F.);
#5931=ORIENTED_EDGE('',*,*,#4480,.F.);
#5932=ORIENTED_EDGE('',*,*,#4481,.F.);
#5933=ORIENTED_EDGE('',*,*,#4482,.F.);
#5934=ORIENTED_EDGE('',*,*,#4483,.F.);
#5935=ORIENTED_EDGE('',*,*,#4484,.T.);
#5936=ORIENTED_EDGE('',*,*,#4485,.T.);
#5937=ORIENTED_EDGE('',*,*,#4486,.T.);
#5938=ORIENTED_EDGE('',*,*,#4487,.T.);
#5939=ORIENTED_EDGE('',*,*,#4488,.F.);
#5940=ORIENTED_EDGE('',*,*,#4489,.F.);
#5941=ORIENTED_EDGE('',*,*,#4490,.F.);
#5942=ORIENTED_EDGE('',*,*,#4491,.F.);
#5943=ORIENTED_EDGE('',*,*,#4492,.F.);
#5944=ORIENTED_EDGE('',*,*,#4493,.T.);
#5945=ORIENTED_EDGE('',*,*,#4494,.T.);
#5946=ORIENTED_EDGE('',*,*,#4495,.T.);
#5947=ORIENTED_EDGE('',*,*,#4496,.T.);
#5948=ORIENTED_EDGE('',*,*,#4497,.F.);
#5949=ORIENTED_EDGE('',*,*,#4498,.F.);
#5950=ORIENTED_EDGE('',*,*,#4499,.F.);
#5951=ORIENTED_EDGE('',*,*,#4500,.F.);
#5952=ORIENTED_EDGE('',*,*,#4501,.F.);
#5953=ORIENTED_EDGE('',*,*,#4502,.T.);
#5954=ORIENTED_EDGE('',*,*,#4503,.T.);
#5955=ORIENTED_EDGE('',*,*,#4504,.T.);
#5956=ORIENTED_EDGE('',*,*,#4505,.T.);
#5957=ORIENTED_EDGE('',*,*,#4506,.F.);
#5958=ORIENTED_EDGE('',*,*,#4507,.F.);
#5959=ORIENTED_EDGE('',*,*,#4508,.F.);
#5960=ORIENTED_EDGE('',*,*,#4509,.F.);
#5961=ORIENTED_EDGE('',*,*,#4510,.F.);
#5962=ORIENTED_EDGE('',*,*,#4511,.T.);
#5963=ORIENTED_EDGE('',*,*,#4512,.T.);
#5964=ORIENTED_EDGE('',*,*,#4513,.T.);
#5965=ORIENTED_EDGE('',*,*,#4514,.T.);
#5966=ORIENTED_EDGE('',*,*,#4515,.T.);
#5967=ORIENTED_EDGE('',*,*,#4516,.T.);
#5968=ORIENTED_EDGE('',*,*,#4517,.T.);
#5969=ORIENTED_EDGE('',*,*,#4518,.F.);
#5970=ORIENTED_EDGE('',*,*,#4519,.F.);
#5971=ORIENTED_EDGE('',*,*,#4520,.F.);
#5972=ORIENTED_EDGE('',*,*,#4521,.F.);
#5973=ORIENTED_EDGE('',*,*,#4522,.F.);
#5974=ORIENTED_EDGE('',*,*,#4523,.F.);
#5975=ORIENTED_EDGE('',*,*,#4423,.T.);
#5976=ORIENTED_EDGE('',*,*,#4524,.T.);
#5977=ORIENTED_EDGE('',*,*,#4525,.F.);
#5978=ORIENTED_EDGE('',*,*,#4526,.F.);
#5979=ORIENTED_EDGE('',*,*,#4527,.F.);
#5980=ORIENTED_EDGE('',*,*,#4526,.T.);
#5981=ORIENTED_EDGE('',*,*,#4528,.F.);
#5982=ORIENTED_EDGE('',*,*,#4529,.F.);
#5983=ORIENTED_EDGE('',*,*,#4530,.F.);
#5984=ORIENTED_EDGE('',*,*,#4529,.T.);
#5985=ORIENTED_EDGE('',*,*,#4531,.F.);
#5986=ORIENTED_EDGE('',*,*,#4532,.F.);
#5987=ORIENTED_EDGE('',*,*,#4410,.T.);
#5988=ORIENTED_EDGE('',*,*,#4533,.F.);
#5989=ORIENTED_EDGE('',*,*,#4532,.T.);
#5990=ORIENTED_EDGE('',*,*,#4534,.F.);
#5991=ORIENTED_EDGE('',*,*,#4535,.F.);
#5992=ORIENTED_EDGE('',*,*,#4411,.T.);
#5993=ORIENTED_EDGE('',*,*,#4535,.T.);
#5994=ORIENTED_EDGE('',*,*,#4536,.F.);
#5995=ORIENTED_EDGE('',*,*,#4537,.F.);
#5996=ORIENTED_EDGE('',*,*,#4412,.T.);
#5997=ORIENTED_EDGE('',*,*,#4537,.T.);
#5998=ORIENTED_EDGE('',*,*,#4538,.F.);
#5999=ORIENTED_EDGE('',*,*,#4539,.F.);
#6000=ORIENTED_EDGE('',*,*,#4413,.T.);
#6001=ORIENTED_EDGE('',*,*,#4539,.T.);
#6002=ORIENTED_EDGE('',*,*,#4540,.F.);
#6003=ORIENTED_EDGE('',*,*,#4541,.F.);
#6004=ORIENTED_EDGE('',*,*,#4542,.F.);
#6005=ORIENTED_EDGE('',*,*,#4414,.T.);
#6006=ORIENTED_EDGE('',*,*,#4541,.T.);
#6007=ORIENTED_EDGE('',*,*,#4543,.F.);
#6008=ORIENTED_EDGE('',*,*,#4544,.F.);
#6009=ORIENTED_EDGE('',*,*,#4545,.F.);
#6010=ORIENTED_EDGE('',*,*,#4544,.T.);
#6011=ORIENTED_EDGE('',*,*,#4546,.F.);
#6012=ORIENTED_EDGE('',*,*,#4547,.F.);
#6013=ORIENTED_EDGE('',*,*,#4548,.F.);
#6014=ORIENTED_EDGE('',*,*,#4547,.T.);
#6015=ORIENTED_EDGE('',*,*,#4549,.F.);
#6016=ORIENTED_EDGE('',*,*,#4550,.F.);
#6017=ORIENTED_EDGE('',*,*,#4401,.T.);
#6018=ORIENTED_EDGE('',*,*,#4551,.F.);
#6019=ORIENTED_EDGE('',*,*,#4550,.T.);
#6020=ORIENTED_EDGE('',*,*,#4552,.F.);
#6021=ORIENTED_EDGE('',*,*,#4553,.F.);
#6022=ORIENTED_EDGE('',*,*,#4402,.T.);
#6023=ORIENTED_EDGE('',*,*,#4553,.T.);
#6024=ORIENTED_EDGE('',*,*,#4554,.F.);
#6025=ORIENTED_EDGE('',*,*,#4555,.F.);
#6026=ORIENTED_EDGE('',*,*,#4403,.T.);
#6027=ORIENTED_EDGE('',*,*,#4555,.T.);
#6028=ORIENTED_EDGE('',*,*,#4556,.F.);
#6029=ORIENTED_EDGE('',*,*,#4557,.F.);
#6030=ORIENTED_EDGE('',*,*,#4404,.T.);
#6031=ORIENTED_EDGE('',*,*,#4557,.T.);
#6032=ORIENTED_EDGE('',*,*,#4558,.F.);
#6033=ORIENTED_EDGE('',*,*,#4559,.F.);
#6034=ORIENTED_EDGE('',*,*,#4560,.F.);
#6035=ORIENTED_EDGE('',*,*,#4405,.T.);
#6036=ORIENTED_EDGE('',*,*,#4559,.T.);
#6037=ORIENTED_EDGE('',*,*,#4561,.F.);
#6038=ORIENTED_EDGE('',*,*,#4562,.F.);
#6039=ORIENTED_EDGE('',*,*,#4563,.F.);
#6040=ORIENTED_EDGE('',*,*,#4562,.T.);
#6041=ORIENTED_EDGE('',*,*,#4564,.F.);
#6042=ORIENTED_EDGE('',*,*,#4565,.F.);
#6043=ORIENTED_EDGE('',*,*,#4566,.F.);
#6044=ORIENTED_EDGE('',*,*,#4565,.T.);
#6045=ORIENTED_EDGE('',*,*,#4567,.F.);
#6046=ORIENTED_EDGE('',*,*,#4568,.F.);
#6047=ORIENTED_EDGE('',*,*,#4392,.T.);
#6048=ORIENTED_EDGE('',*,*,#4569,.F.);
#6049=ORIENTED_EDGE('',*,*,#4568,.T.);
#6050=ORIENTED_EDGE('',*,*,#4570,.F.);
#6051=ORIENTED_EDGE('',*,*,#4571,.F.);
#6052=ORIENTED_EDGE('',*,*,#4393,.T.);
#6053=ORIENTED_EDGE('',*,*,#4571,.T.);
#6054=ORIENTED_EDGE('',*,*,#4572,.F.);
#6055=ORIENTED_EDGE('',*,*,#4573,.F.);
#6056=ORIENTED_EDGE('',*,*,#4394,.T.);
#6057=ORIENTED_EDGE('',*,*,#4573,.T.);
#6058=ORIENTED_EDGE('',*,*,#4574,.F.);
#6059=ORIENTED_EDGE('',*,*,#4575,.F.);
#6060=ORIENTED_EDGE('',*,*,#4395,.T.);
#6061=ORIENTED_EDGE('',*,*,#4575,.T.);
#6062=ORIENTED_EDGE('',*,*,#4576,.F.);
#6063=ORIENTED_EDGE('',*,*,#4577,.F.);
#6064=ORIENTED_EDGE('',*,*,#4578,.F.);
#6065=ORIENTED_EDGE('',*,*,#4396,.T.);
#6066=ORIENTED_EDGE('',*,*,#4577,.T.);
#6067=ORIENTED_EDGE('',*,*,#4579,.F.);
#6068=ORIENTED_EDGE('',*,*,#4580,.F.);
#6069=ORIENTED_EDGE('',*,*,#4581,.F.);
#6070=ORIENTED_EDGE('',*,*,#4580,.T.);
#6071=ORIENTED_EDGE('',*,*,#4582,.F.);
#6072=ORIENTED_EDGE('',*,*,#4583,.F.);
#6073=ORIENTED_EDGE('',*,*,#4584,.F.);
#6074=ORIENTED_EDGE('',*,*,#4583,.T.);
#6075=ORIENTED_EDGE('',*,*,#4585,.F.);
#6076=ORIENTED_EDGE('',*,*,#4586,.F.);
#6077=ORIENTED_EDGE('',*,*,#4383,.T.);
#6078=ORIENTED_EDGE('',*,*,#4587,.F.);
#6079=ORIENTED_EDGE('',*,*,#4586,.T.);
#6080=ORIENTED_EDGE('',*,*,#4588,.F.);
#6081=ORIENTED_EDGE('',*,*,#4589,.F.);
#6082=ORIENTED_EDGE('',*,*,#4384,.T.);
#6083=ORIENTED_EDGE('',*,*,#4589,.T.);
#6084=ORIENTED_EDGE('',*,*,#4590,.F.);
#6085=ORIENTED_EDGE('',*,*,#4591,.F.);
#6086=ORIENTED_EDGE('',*,*,#4385,.T.);
#6087=ORIENTED_EDGE('',*,*,#4591,.T.);
#6088=ORIENTED_EDGE('',*,*,#4592,.F.);
#6089=ORIENTED_EDGE('',*,*,#4593,.F.);
#6090=ORIENTED_EDGE('',*,*,#4386,.T.);
#6091=ORIENTED_EDGE('',*,*,#4593,.T.);
#6092=ORIENTED_EDGE('',*,*,#4594,.F.);
#6093=ORIENTED_EDGE('',*,*,#4595,.F.);
#6094=ORIENTED_EDGE('',*,*,#4596,.F.);
#6095=ORIENTED_EDGE('',*,*,#4387,.T.);
#6096=ORIENTED_EDGE('',*,*,#4595,.T.);
#6097=ORIENTED_EDGE('',*,*,#4597,.F.);
#6098=ORIENTED_EDGE('',*,*,#4598,.F.);
#6099=ORIENTED_EDGE('',*,*,#4599,.F.);
#6100=ORIENTED_EDGE('',*,*,#4598,.T.);
#6101=ORIENTED_EDGE('',*,*,#4600,.F.);
#6102=ORIENTED_EDGE('',*,*,#4601,.F.);
#6103=ORIENTED_EDGE('',*,*,#4602,.F.);
#6104=ORIENTED_EDGE('',*,*,#4601,.T.);
#6105=ORIENTED_EDGE('',*,*,#4603,.F.);
#6106=ORIENTED_EDGE('',*,*,#4604,.F.);
#6107=ORIENTED_EDGE('',*,*,#4374,.T.);
#6108=ORIENTED_EDGE('',*,*,#4605,.F.);
#6109=ORIENTED_EDGE('',*,*,#4604,.T.);
#6110=ORIENTED_EDGE('',*,*,#4606,.F.);
#6111=ORIENTED_EDGE('',*,*,#4607,.F.);
#6112=ORIENTED_EDGE('',*,*,#4375,.T.);
#6113=ORIENTED_EDGE('',*,*,#4607,.T.);
#6114=ORIENTED_EDGE('',*,*,#4608,.F.);
#6115=ORIENTED_EDGE('',*,*,#4609,.F.);
#6116=ORIENTED_EDGE('',*,*,#4376,.T.);
#6117=ORIENTED_EDGE('',*,*,#4609,.T.);
#6118=ORIENTED_EDGE('',*,*,#4610,.F.);
#6119=ORIENTED_EDGE('',*,*,#4611,.F.);
#6120=ORIENTED_EDGE('',*,*,#4377,.T.);
#6121=ORIENTED_EDGE('',*,*,#4611,.T.);
#6122=ORIENTED_EDGE('',*,*,#4612,.F.);
#6123=ORIENTED_EDGE('',*,*,#4613,.F.);
#6124=ORIENTED_EDGE('',*,*,#4614,.F.);
#6125=ORIENTED_EDGE('',*,*,#4378,.T.);
#6126=ORIENTED_EDGE('',*,*,#4613,.T.);
#6127=ORIENTED_EDGE('',*,*,#4615,.F.);
#6128=ORIENTED_EDGE('',*,*,#4616,.F.);
#6129=ORIENTED_EDGE('',*,*,#4617,.F.);
#6130=ORIENTED_EDGE('',*,*,#4616,.T.);
#6131=ORIENTED_EDGE('',*,*,#4618,.F.);
#6132=ORIENTED_EDGE('',*,*,#4619,.F.);
#6133=ORIENTED_EDGE('',*,*,#4620,.F.);
#6134=ORIENTED_EDGE('',*,*,#4619,.T.);
#6135=ORIENTED_EDGE('',*,*,#4621,.F.);
#6136=ORIENTED_EDGE('',*,*,#4622,.F.);
#6137=ORIENTED_EDGE('',*,*,#4365,.T.);
#6138=ORIENTED_EDGE('',*,*,#4623,.F.);
#6139=ORIENTED_EDGE('',*,*,#4622,.T.);
#6140=ORIENTED_EDGE('',*,*,#4624,.F.);
#6141=ORIENTED_EDGE('',*,*,#4625,.F.);
#6142=ORIENTED_EDGE('',*,*,#4366,.T.);
#6143=ORIENTED_EDGE('',*,*,#4625,.T.);
#6144=ORIENTED_EDGE('',*,*,#4626,.F.);
#6145=ORIENTED_EDGE('',*,*,#4627,.F.);
#6146=ORIENTED_EDGE('',*,*,#4367,.T.);
#6147=ORIENTED_EDGE('',*,*,#4627,.T.);
#6148=ORIENTED_EDGE('',*,*,#4628,.F.);
#6149=ORIENTED_EDGE('',*,*,#4629,.F.);
#6150=ORIENTED_EDGE('',*,*,#4368,.T.);
#6151=ORIENTED_EDGE('',*,*,#4629,.T.);
#6152=ORIENTED_EDGE('',*,*,#4630,.F.);
#6153=ORIENTED_EDGE('',*,*,#4631,.F.);
#6154=ORIENTED_EDGE('',*,*,#4632,.F.);
#6155=ORIENTED_EDGE('',*,*,#4369,.T.);
#6156=ORIENTED_EDGE('',*,*,#4631,.T.);
#6157=ORIENTED_EDGE('',*,*,#4633,.F.);
#6158=ORIENTED_EDGE('',*,*,#4634,.F.);
#6159=ORIENTED_EDGE('',*,*,#4635,.F.);
#6160=ORIENTED_EDGE('',*,*,#4634,.T.);
#6161=ORIENTED_EDGE('',*,*,#4636,.F.);
#6162=ORIENTED_EDGE('',*,*,#4637,.F.);
#6163=ORIENTED_EDGE('',*,*,#4638,.F.);
#6164=ORIENTED_EDGE('',*,*,#4637,.T.);
#6165=ORIENTED_EDGE('',*,*,#4639,.F.);
#6166=ORIENTED_EDGE('',*,*,#4640,.F.);
#6167=ORIENTED_EDGE('',*,*,#4356,.T.);
#6168=ORIENTED_EDGE('',*,*,#4641,.F.);
#6169=ORIENTED_EDGE('',*,*,#4640,.T.);
#6170=ORIENTED_EDGE('',*,*,#4642,.F.);
#6171=ORIENTED_EDGE('',*,*,#4643,.F.);
#6172=ORIENTED_EDGE('',*,*,#4357,.T.);
#6173=ORIENTED_EDGE('',*,*,#4643,.T.);
#6174=ORIENTED_EDGE('',*,*,#4644,.F.);
#6175=ORIENTED_EDGE('',*,*,#4645,.F.);
#6176=ORIENTED_EDGE('',*,*,#4358,.T.);
#6177=ORIENTED_EDGE('',*,*,#4645,.T.);
#6178=ORIENTED_EDGE('',*,*,#4646,.F.);
#6179=ORIENTED_EDGE('',*,*,#4647,.F.);
#6180=ORIENTED_EDGE('',*,*,#4359,.T.);
#6181=ORIENTED_EDGE('',*,*,#4647,.T.);
#6182=ORIENTED_EDGE('',*,*,#4648,.F.);
#6183=ORIENTED_EDGE('',*,*,#4649,.F.);
#6184=ORIENTED_EDGE('',*,*,#4650,.F.);
#6185=ORIENTED_EDGE('',*,*,#4360,.T.);
#6186=ORIENTED_EDGE('',*,*,#4649,.T.);
#6187=ORIENTED_EDGE('',*,*,#4651,.F.);
#6188=ORIENTED_EDGE('',*,*,#4652,.F.);
#6189=ORIENTED_EDGE('',*,*,#4653,.F.);
#6190=ORIENTED_EDGE('',*,*,#4652,.T.);
#6191=ORIENTED_EDGE('',*,*,#4654,.F.);
#6192=ORIENTED_EDGE('',*,*,#4655,.F.);
#6193=ORIENTED_EDGE('',*,*,#4656,.F.);
#6194=ORIENTED_EDGE('',*,*,#4655,.T.);
#6195=ORIENTED_EDGE('',*,*,#4657,.F.);
#6196=ORIENTED_EDGE('',*,*,#4658,.F.);
#6197=ORIENTED_EDGE('',*,*,#4347,.T.);
#6198=ORIENTED_EDGE('',*,*,#4659,.F.);
#6199=ORIENTED_EDGE('',*,*,#4658,.T.);
#6200=ORIENTED_EDGE('',*,*,#4660,.F.);
#6201=ORIENTED_EDGE('',*,*,#4661,.F.);
#6202=ORIENTED_EDGE('',*,*,#4348,.T.);
#6203=ORIENTED_EDGE('',*,*,#4661,.T.);
#6204=ORIENTED_EDGE('',*,*,#4662,.F.);
#6205=ORIENTED_EDGE('',*,*,#4663,.F.);
#6206=ORIENTED_EDGE('',*,*,#4349,.T.);
#6207=ORIENTED_EDGE('',*,*,#4663,.T.);
#6208=ORIENTED_EDGE('',*,*,#4664,.F.);
#6209=ORIENTED_EDGE('',*,*,#4665,.F.);
#6210=ORIENTED_EDGE('',*,*,#4350,.T.);
#6211=ORIENTED_EDGE('',*,*,#4665,.T.);
#6212=ORIENTED_EDGE('',*,*,#4666,.F.);
#6213=ORIENTED_EDGE('',*,*,#4667,.F.);
#6214=ORIENTED_EDGE('',*,*,#4668,.F.);
#6215=ORIENTED_EDGE('',*,*,#4351,.T.);
#6216=ORIENTED_EDGE('',*,*,#4667,.T.);
#6217=ORIENTED_EDGE('',*,*,#4669,.F.);
#6218=ORIENTED_EDGE('',*,*,#4670,.F.);
#6219=ORIENTED_EDGE('',*,*,#4671,.F.);
#6220=ORIENTED_EDGE('',*,*,#4670,.T.);
#6221=ORIENTED_EDGE('',*,*,#4672,.F.);
#6222=ORIENTED_EDGE('',*,*,#4673,.F.);
#6223=ORIENTED_EDGE('',*,*,#4674,.F.);
#6224=ORIENTED_EDGE('',*,*,#4673,.T.);
#6225=ORIENTED_EDGE('',*,*,#4675,.F.);
#6226=ORIENTED_EDGE('',*,*,#4676,.F.);
#6227=ORIENTED_EDGE('',*,*,#4518,.T.);
#6228=ORIENTED_EDGE('',*,*,#4677,.F.);
#6229=ORIENTED_EDGE('',*,*,#4676,.T.);
#6230=ORIENTED_EDGE('',*,*,#4678,.F.);
#6231=ORIENTED_EDGE('',*,*,#4679,.F.);
#6232=ORIENTED_EDGE('',*,*,#4519,.T.);
#6233=ORIENTED_EDGE('',*,*,#4679,.T.);
#6234=ORIENTED_EDGE('',*,*,#4680,.F.);
#6235=ORIENTED_EDGE('',*,*,#4681,.F.);
#6236=ORIENTED_EDGE('',*,*,#4520,.T.);
#6237=ORIENTED_EDGE('',*,*,#4681,.T.);
#6238=ORIENTED_EDGE('',*,*,#4682,.F.);
#6239=ORIENTED_EDGE('',*,*,#4683,.F.);
#6240=ORIENTED_EDGE('',*,*,#4521,.T.);
#6241=ORIENTED_EDGE('',*,*,#4683,.T.);
#6242=ORIENTED_EDGE('',*,*,#4684,.F.);
#6243=ORIENTED_EDGE('',*,*,#4685,.F.);
#6244=ORIENTED_EDGE('',*,*,#4686,.F.);
#6245=ORIENTED_EDGE('',*,*,#4522,.T.);
#6246=ORIENTED_EDGE('',*,*,#4685,.T.);
#6247=ORIENTED_EDGE('',*,*,#4687,.F.);
#6248=ORIENTED_EDGE('',*,*,#4688,.F.);
#6249=ORIENTED_EDGE('',*,*,#4689,.F.);
#6250=ORIENTED_EDGE('',*,*,#4688,.T.);
#6251=ORIENTED_EDGE('',*,*,#4690,.F.);
#6252=ORIENTED_EDGE('',*,*,#4691,.F.);
#6253=ORIENTED_EDGE('',*,*,#4692,.F.);
#6254=ORIENTED_EDGE('',*,*,#4691,.T.);
#6255=ORIENTED_EDGE('',*,*,#4693,.F.);
#6256=ORIENTED_EDGE('',*,*,#4694,.F.);
#6257=ORIENTED_EDGE('',*,*,#4506,.T.);
#6258=ORIENTED_EDGE('',*,*,#4695,.F.);
#6259=ORIENTED_EDGE('',*,*,#4694,.T.);
#6260=ORIENTED_EDGE('',*,*,#4696,.F.);
#6261=ORIENTED_EDGE('',*,*,#4697,.F.);
#6262=ORIENTED_EDGE('',*,*,#4507,.T.);
#6263=ORIENTED_EDGE('',*,*,#4697,.T.);
#6264=ORIENTED_EDGE('',*,*,#4698,.F.);
#6265=ORIENTED_EDGE('',*,*,#4699,.F.);
#6266=ORIENTED_EDGE('',*,*,#4508,.T.);
#6267=ORIENTED_EDGE('',*,*,#4699,.T.);
#6268=ORIENTED_EDGE('',*,*,#4700,.F.);
#6269=ORIENTED_EDGE('',*,*,#4701,.F.);
#6270=ORIENTED_EDGE('',*,*,#4509,.T.);
#6271=ORIENTED_EDGE('',*,*,#4701,.T.);
#6272=ORIENTED_EDGE('',*,*,#4702,.F.);
#6273=ORIENTED_EDGE('',*,*,#4703,.F.);
#6274=ORIENTED_EDGE('',*,*,#4704,.F.);
#6275=ORIENTED_EDGE('',*,*,#4510,.T.);
#6276=ORIENTED_EDGE('',*,*,#4703,.T.);
#6277=ORIENTED_EDGE('',*,*,#4705,.F.);
#6278=ORIENTED_EDGE('',*,*,#4706,.F.);
#6279=ORIENTED_EDGE('',*,*,#4707,.F.);
#6280=ORIENTED_EDGE('',*,*,#4706,.T.);
#6281=ORIENTED_EDGE('',*,*,#4708,.F.);
#6282=ORIENTED_EDGE('',*,*,#4709,.F.);
#6283=ORIENTED_EDGE('',*,*,#4710,.F.);
#6284=ORIENTED_EDGE('',*,*,#4709,.T.);
#6285=ORIENTED_EDGE('',*,*,#4711,.F.);
#6286=ORIENTED_EDGE('',*,*,#4712,.F.);
#6287=ORIENTED_EDGE('',*,*,#4497,.T.);
#6288=ORIENTED_EDGE('',*,*,#4713,.F.);
#6289=ORIENTED_EDGE('',*,*,#4712,.T.);
#6290=ORIENTED_EDGE('',*,*,#4714,.F.);
#6291=ORIENTED_EDGE('',*,*,#4715,.F.);
#6292=ORIENTED_EDGE('',*,*,#4498,.T.);
#6293=ORIENTED_EDGE('',*,*,#4715,.T.);
#6294=ORIENTED_EDGE('',*,*,#4716,.F.);
#6295=ORIENTED_EDGE('',*,*,#4717,.F.);
#6296=ORIENTED_EDGE('',*,*,#4499,.T.);
#6297=ORIENTED_EDGE('',*,*,#4717,.T.);
#6298=ORIENTED_EDGE('',*,*,#4718,.F.);
#6299=ORIENTED_EDGE('',*,*,#4719,.F.);
#6300=ORIENTED_EDGE('',*,*,#4500,.T.);
#6301=ORIENTED_EDGE('',*,*,#4719,.T.);
#6302=ORIENTED_EDGE('',*,*,#4720,.F.);
#6303=ORIENTED_EDGE('',*,*,#4721,.F.);
#6304=ORIENTED_EDGE('',*,*,#4722,.F.);
#6305=ORIENTED_EDGE('',*,*,#4501,.T.);
#6306=ORIENTED_EDGE('',*,*,#4721,.T.);
#6307=ORIENTED_EDGE('',*,*,#4723,.F.);
#6308=ORIENTED_EDGE('',*,*,#4724,.F.);
#6309=ORIENTED_EDGE('',*,*,#4725,.F.);
#6310=ORIENTED_EDGE('',*,*,#4724,.T.);
#6311=ORIENTED_EDGE('',*,*,#4726,.F.);
#6312=ORIENTED_EDGE('',*,*,#4727,.F.);
#6313=ORIENTED_EDGE('',*,*,#4728,.F.);
#6314=ORIENTED_EDGE('',*,*,#4727,.T.);
#6315=ORIENTED_EDGE('',*,*,#4729,.F.);
#6316=ORIENTED_EDGE('',*,*,#4730,.F.);
#6317=ORIENTED_EDGE('',*,*,#4488,.T.);
#6318=ORIENTED_EDGE('',*,*,#4731,.F.);
#6319=ORIENTED_EDGE('',*,*,#4730,.T.);
#6320=ORIENTED_EDGE('',*,*,#4732,.F.);
#6321=ORIENTED_EDGE('',*,*,#4733,.F.);
#6322=ORIENTED_EDGE('',*,*,#4489,.T.);
#6323=ORIENTED_EDGE('',*,*,#4733,.T.);
#6324=ORIENTED_EDGE('',*,*,#4734,.F.);
#6325=ORIENTED_EDGE('',*,*,#4735,.F.);
#6326=ORIENTED_EDGE('',*,*,#4490,.T.);
#6327=ORIENTED_EDGE('',*,*,#4735,.T.);
#6328=ORIENTED_EDGE('',*,*,#4736,.F.);
#6329=ORIENTED_EDGE('',*,*,#4737,.F.);
#6330=ORIENTED_EDGE('',*,*,#4491,.T.);
#6331=ORIENTED_EDGE('',*,*,#4737,.T.);
#6332=ORIENTED_EDGE('',*,*,#4738,.F.);
#6333=ORIENTED_EDGE('',*,*,#4739,.F.);
#6334=ORIENTED_EDGE('',*,*,#4740,.F.);
#6335=ORIENTED_EDGE('',*,*,#4492,.T.);
#6336=ORIENTED_EDGE('',*,*,#4739,.T.);
#6337=ORIENTED_EDGE('',*,*,#4741,.F.);
#6338=ORIENTED_EDGE('',*,*,#4742,.F.);
#6339=ORIENTED_EDGE('',*,*,#4743,.F.);
#6340=ORIENTED_EDGE('',*,*,#4742,.T.);
#6341=ORIENTED_EDGE('',*,*,#4744,.F.);
#6342=ORIENTED_EDGE('',*,*,#4745,.F.);
#6343=ORIENTED_EDGE('',*,*,#4746,.F.);
#6344=ORIENTED_EDGE('',*,*,#4745,.T.);
#6345=ORIENTED_EDGE('',*,*,#4747,.F.);
#6346=ORIENTED_EDGE('',*,*,#4748,.F.);
#6347=ORIENTED_EDGE('',*,*,#4479,.T.);
#6348=ORIENTED_EDGE('',*,*,#4749,.F.);
#6349=ORIENTED_EDGE('',*,*,#4748,.T.);
#6350=ORIENTED_EDGE('',*,*,#4750,.F.);
#6351=ORIENTED_EDGE('',*,*,#4751,.F.);
#6352=ORIENTED_EDGE('',*,*,#4480,.T.);
#6353=ORIENTED_EDGE('',*,*,#4751,.T.);
#6354=ORIENTED_EDGE('',*,*,#4752,.F.);
#6355=ORIENTED_EDGE('',*,*,#4753,.F.);
#6356=ORIENTED_EDGE('',*,*,#4481,.T.);
#6357=ORIENTED_EDGE('',*,*,#4753,.T.);
#6358=ORIENTED_EDGE('',*,*,#4754,.F.);
#6359=ORIENTED_EDGE('',*,*,#4755,.F.);
#6360=ORIENTED_EDGE('',*,*,#4482,.T.);
#6361=ORIENTED_EDGE('',*,*,#4755,.T.);
#6362=ORIENTED_EDGE('',*,*,#4756,.F.);
#6363=ORIENTED_EDGE('',*,*,#4757,.F.);
#6364=ORIENTED_EDGE('',*,*,#4758,.F.);
#6365=ORIENTED_EDGE('',*,*,#4483,.T.);
#6366=ORIENTED_EDGE('',*,*,#4757,.T.);
#6367=ORIENTED_EDGE('',*,*,#4759,.F.);
#6368=ORIENTED_EDGE('',*,*,#4760,.F.);
#6369=ORIENTED_EDGE('',*,*,#4761,.F.);
#6370=ORIENTED_EDGE('',*,*,#4760,.T.);
#6371=ORIENTED_EDGE('',*,*,#4762,.F.);
#6372=ORIENTED_EDGE('',*,*,#4763,.F.);
#6373=ORIENTED_EDGE('',*,*,#4764,.F.);
#6374=ORIENTED_EDGE('',*,*,#4763,.T.);
#6375=ORIENTED_EDGE('',*,*,#4765,.F.);
#6376=ORIENTED_EDGE('',*,*,#4766,.F.);
#6377=ORIENTED_EDGE('',*,*,#4470,.T.);
#6378=ORIENTED_EDGE('',*,*,#4767,.F.);
#6379=ORIENTED_EDGE('',*,*,#4766,.T.);
#6380=ORIENTED_EDGE('',*,*,#4768,.F.);
#6381=ORIENTED_EDGE('',*,*,#4769,.F.);
#6382=ORIENTED_EDGE('',*,*,#4471,.T.);
#6383=ORIENTED_EDGE('',*,*,#4769,.T.);
#6384=ORIENTED_EDGE('',*,*,#4770,.F.);
#6385=ORIENTED_EDGE('',*,*,#4771,.F.);
#6386=ORIENTED_EDGE('',*,*,#4472,.T.);
#6387=ORIENTED_EDGE('',*,*,#4771,.T.);
#6388=ORIENTED_EDGE('',*,*,#4772,.F.);
#6389=ORIENTED_EDGE('',*,*,#4773,.F.);
#6390=ORIENTED_EDGE('',*,*,#4473,.T.);
#6391=ORIENTED_EDGE('',*,*,#4773,.T.);
#6392=ORIENTED_EDGE('',*,*,#4774,.F.);
#6393=ORIENTED_EDGE('',*,*,#4775,.F.);
#6394=ORIENTED_EDGE('',*,*,#4776,.F.);
#6395=ORIENTED_EDGE('',*,*,#4474,.T.);
#6396=ORIENTED_EDGE('',*,*,#4775,.T.);
#6397=ORIENTED_EDGE('',*,*,#4777,.F.);
#6398=ORIENTED_EDGE('',*,*,#4778,.F.);
#6399=ORIENTED_EDGE('',*,*,#4779,.F.);
#6400=ORIENTED_EDGE('',*,*,#4778,.T.);
#6401=ORIENTED_EDGE('',*,*,#4780,.F.);
#6402=ORIENTED_EDGE('',*,*,#4781,.F.);
#6403=ORIENTED_EDGE('',*,*,#4782,.F.);
#6404=ORIENTED_EDGE('',*,*,#4781,.T.);
#6405=ORIENTED_EDGE('',*,*,#4783,.F.);
#6406=ORIENTED_EDGE('',*,*,#4784,.F.);
#6407=ORIENTED_EDGE('',*,*,#4461,.T.);
#6408=ORIENTED_EDGE('',*,*,#4785,.F.);
#6409=ORIENTED_EDGE('',*,*,#4784,.T.);
#6410=ORIENTED_EDGE('',*,*,#4786,.F.);
#6411=ORIENTED_EDGE('',*,*,#4787,.F.);
#6412=ORIENTED_EDGE('',*,*,#4462,.T.);
#6413=ORIENTED_EDGE('',*,*,#4787,.T.);
#6414=ORIENTED_EDGE('',*,*,#4788,.F.);
#6415=ORIENTED_EDGE('',*,*,#4789,.F.);
#6416=ORIENTED_EDGE('',*,*,#4463,.T.);
#6417=ORIENTED_EDGE('',*,*,#4789,.T.);
#6418=ORIENTED_EDGE('',*,*,#4790,.F.);
#6419=ORIENTED_EDGE('',*,*,#4791,.F.);
#6420=ORIENTED_EDGE('',*,*,#4464,.T.);
#6421=ORIENTED_EDGE('',*,*,#4791,.T.);
#6422=ORIENTED_EDGE('',*,*,#4792,.F.);
#6423=ORIENTED_EDGE('',*,*,#4793,.F.);
#6424=ORIENTED_EDGE('',*,*,#4794,.F.);
#6425=ORIENTED_EDGE('',*,*,#4465,.T.);
#6426=ORIENTED_EDGE('',*,*,#4793,.T.);
#6427=ORIENTED_EDGE('',*,*,#4795,.F.);
#6428=ORIENTED_EDGE('',*,*,#4796,.F.);
#6429=ORIENTED_EDGE('',*,*,#4797,.F.);
#6430=ORIENTED_EDGE('',*,*,#4796,.T.);
#6431=ORIENTED_EDGE('',*,*,#4798,.F.);
#6432=ORIENTED_EDGE('',*,*,#4799,.F.);
#6433=ORIENTED_EDGE('',*,*,#4800,.F.);
#6434=ORIENTED_EDGE('',*,*,#4799,.T.);
#6435=ORIENTED_EDGE('',*,*,#4801,.F.);
#6436=ORIENTED_EDGE('',*,*,#4802,.F.);
#6437=ORIENTED_EDGE('',*,*,#4452,.T.);
#6438=ORIENTED_EDGE('',*,*,#4803,.F.);
#6439=ORIENTED_EDGE('',*,*,#4802,.T.);
#6440=ORIENTED_EDGE('',*,*,#4804,.F.);
#6441=ORIENTED_EDGE('',*,*,#4805,.F.);
#6442=ORIENTED_EDGE('',*,*,#4453,.T.);
#6443=ORIENTED_EDGE('',*,*,#4805,.T.);
#6444=ORIENTED_EDGE('',*,*,#4806,.F.);
#6445=ORIENTED_EDGE('',*,*,#4807,.F.);
#6446=ORIENTED_EDGE('',*,*,#4454,.T.);
#6447=ORIENTED_EDGE('',*,*,#4807,.T.);
#6448=ORIENTED_EDGE('',*,*,#4808,.F.);
#6449=ORIENTED_EDGE('',*,*,#4809,.F.);
#6450=ORIENTED_EDGE('',*,*,#4455,.T.);
#6451=ORIENTED_EDGE('',*,*,#4809,.T.);
#6452=ORIENTED_EDGE('',*,*,#4810,.F.);
#6453=ORIENTED_EDGE('',*,*,#4811,.F.);
#6454=ORIENTED_EDGE('',*,*,#4812,.F.);
#6455=ORIENTED_EDGE('',*,*,#4456,.T.);
#6456=ORIENTED_EDGE('',*,*,#4811,.T.);
#6457=ORIENTED_EDGE('',*,*,#4813,.F.);
#6458=ORIENTED_EDGE('',*,*,#4814,.F.);
#6459=ORIENTED_EDGE('',*,*,#4815,.F.);
#6460=ORIENTED_EDGE('',*,*,#4814,.T.);
#6461=ORIENTED_EDGE('',*,*,#4816,.F.);
#6462=ORIENTED_EDGE('',*,*,#4817,.F.);
#6463=ORIENTED_EDGE('',*,*,#4818,.F.);
#6464=ORIENTED_EDGE('',*,*,#4817,.T.);
#6465=ORIENTED_EDGE('',*,*,#4819,.F.);
#6466=ORIENTED_EDGE('',*,*,#4820,.F.);
#6467=ORIENTED_EDGE('',*,*,#4443,.T.);
#6468=ORIENTED_EDGE('',*,*,#4821,.F.);
#6469=ORIENTED_EDGE('',*,*,#4820,.T.);
#6470=ORIENTED_EDGE('',*,*,#4822,.F.);
#6471=ORIENTED_EDGE('',*,*,#4823,.F.);
#6472=ORIENTED_EDGE('',*,*,#4444,.T.);
#6473=ORIENTED_EDGE('',*,*,#4823,.T.);
#6474=ORIENTED_EDGE('',*,*,#4824,.F.);
#6475=ORIENTED_EDGE('',*,*,#4825,.F.);
#6476=ORIENTED_EDGE('',*,*,#4445,.T.);
#6477=ORIENTED_EDGE('',*,*,#4825,.T.);
#6478=ORIENTED_EDGE('',*,*,#4826,.F.);
#6479=ORIENTED_EDGE('',*,*,#4827,.F.);
#6480=ORIENTED_EDGE('',*,*,#4446,.T.);
#6481=ORIENTED_EDGE('',*,*,#4827,.T.);
#6482=ORIENTED_EDGE('',*,*,#4828,.F.);
#6483=ORIENTED_EDGE('',*,*,#4829,.F.);
#6484=ORIENTED_EDGE('',*,*,#4830,.F.);
#6485=ORIENTED_EDGE('',*,*,#4447,.T.);
#6486=ORIENTED_EDGE('',*,*,#4829,.T.);
#6487=ORIENTED_EDGE('',*,*,#4831,.F.);
#6488=ORIENTED_EDGE('',*,*,#4832,.F.);
#6489=ORIENTED_EDGE('',*,*,#4833,.F.);
#6490=ORIENTED_EDGE('',*,*,#4832,.T.);
#6491=ORIENTED_EDGE('',*,*,#4834,.F.);
#6492=ORIENTED_EDGE('',*,*,#4835,.F.);
#6493=ORIENTED_EDGE('',*,*,#4836,.F.);
#6494=ORIENTED_EDGE('',*,*,#4835,.T.);
#6495=ORIENTED_EDGE('',*,*,#4837,.F.);
#6496=ORIENTED_EDGE('',*,*,#4838,.F.);
#6497=ORIENTED_EDGE('',*,*,#4434,.T.);
#6498=ORIENTED_EDGE('',*,*,#4839,.F.);
#6499=ORIENTED_EDGE('',*,*,#4838,.T.);
#6500=ORIENTED_EDGE('',*,*,#4840,.F.);
#6501=ORIENTED_EDGE('',*,*,#4841,.F.);
#6502=ORIENTED_EDGE('',*,*,#4435,.T.);
#6503=ORIENTED_EDGE('',*,*,#4841,.T.);
#6504=ORIENTED_EDGE('',*,*,#4842,.F.);
#6505=ORIENTED_EDGE('',*,*,#4843,.F.);
#6506=ORIENTED_EDGE('',*,*,#4436,.T.);
#6507=ORIENTED_EDGE('',*,*,#4843,.T.);
#6508=ORIENTED_EDGE('',*,*,#4844,.F.);
#6509=ORIENTED_EDGE('',*,*,#4845,.F.);
#6510=ORIENTED_EDGE('',*,*,#4437,.T.);
#6511=ORIENTED_EDGE('',*,*,#4845,.T.);
#6512=ORIENTED_EDGE('',*,*,#4846,.F.);
#6513=ORIENTED_EDGE('',*,*,#4847,.F.);
#6514=ORIENTED_EDGE('',*,*,#4848,.F.);
#6515=ORIENTED_EDGE('',*,*,#4438,.T.);
#6516=ORIENTED_EDGE('',*,*,#4847,.T.);
#6517=ORIENTED_EDGE('',*,*,#4849,.F.);
#6518=ORIENTED_EDGE('',*,*,#4850,.F.);
#6519=ORIENTED_EDGE('',*,*,#4851,.F.);
#6520=ORIENTED_EDGE('',*,*,#4850,.T.);
#6521=ORIENTED_EDGE('',*,*,#4852,.F.);
#6522=ORIENTED_EDGE('',*,*,#4853,.F.);
#6523=ORIENTED_EDGE('',*,*,#4854,.F.);
#6524=ORIENTED_EDGE('',*,*,#4853,.T.);
#6525=ORIENTED_EDGE('',*,*,#4855,.F.);
#6526=ORIENTED_EDGE('',*,*,#4856,.F.);
#6527=ORIENTED_EDGE('',*,*,#4425,.T.);
#6528=ORIENTED_EDGE('',*,*,#4857,.F.);
#6529=ORIENTED_EDGE('',*,*,#4856,.T.);
#6530=ORIENTED_EDGE('',*,*,#4858,.F.);
#6531=ORIENTED_EDGE('',*,*,#4859,.F.);
#6532=ORIENTED_EDGE('',*,*,#4426,.T.);
#6533=ORIENTED_EDGE('',*,*,#4859,.T.);
#6534=ORIENTED_EDGE('',*,*,#4860,.F.);
#6535=ORIENTED_EDGE('',*,*,#4861,.F.);
#6536=ORIENTED_EDGE('',*,*,#4427,.T.);
#6537=ORIENTED_EDGE('',*,*,#4861,.T.);
#6538=ORIENTED_EDGE('',*,*,#4862,.F.);
#6539=ORIENTED_EDGE('',*,*,#4863,.F.);
#6540=ORIENTED_EDGE('',*,*,#4428,.T.);
#6541=ORIENTED_EDGE('',*,*,#4863,.T.);
#6542=ORIENTED_EDGE('',*,*,#4864,.F.);
#6543=ORIENTED_EDGE('',*,*,#4865,.F.);
#6544=ORIENTED_EDGE('',*,*,#4866,.F.);
#6545=ORIENTED_EDGE('',*,*,#4429,.T.);
#6546=ORIENTED_EDGE('',*,*,#4865,.T.);
#6547=ORIENTED_EDGE('',*,*,#4867,.F.);
#6548=ORIENTED_EDGE('',*,*,#4868,.F.);
#6549=ORIENTED_EDGE('',*,*,#4869,.F.);
#6550=ORIENTED_EDGE('',*,*,#4868,.T.);
#6551=ORIENTED_EDGE('',*,*,#4870,.F.);
#6552=ORIENTED_EDGE('',*,*,#4871,.F.);
#6553=ORIENTED_EDGE('',*,*,#4872,.F.);
#6554=ORIENTED_EDGE('',*,*,#4871,.T.);
#6555=ORIENTED_EDGE('',*,*,#4873,.F.);
#6556=ORIENTED_EDGE('',*,*,#4874,.F.);
#6557=ORIENTED_EDGE('',*,*,#4419,.T.);
#6558=ORIENTED_EDGE('',*,*,#4875,.F.);
#6559=ORIENTED_EDGE('',*,*,#4874,.T.);
#6560=ORIENTED_EDGE('',*,*,#4876,.F.);
#6561=ORIENTED_EDGE('',*,*,#4877,.F.);
#6562=ORIENTED_EDGE('',*,*,#4420,.T.);
#6563=ORIENTED_EDGE('',*,*,#4877,.T.);
#6564=ORIENTED_EDGE('',*,*,#4878,.F.);
#6565=ORIENTED_EDGE('',*,*,#4879,.F.);
#6566=ORIENTED_EDGE('',*,*,#4421,.T.);
#6567=ORIENTED_EDGE('',*,*,#4879,.T.);
#6568=ORIENTED_EDGE('',*,*,#4880,.F.);
#6569=ORIENTED_EDGE('',*,*,#4881,.F.);
#6570=ORIENTED_EDGE('',*,*,#4422,.T.);
#6571=ORIENTED_EDGE('',*,*,#4881,.T.);
#6572=ORIENTED_EDGE('',*,*,#4882,.F.);
#6573=ORIENTED_EDGE('',*,*,#4524,.F.);
#6574=ORIENTED_EDGE('',*,*,#4704,.T.);
#6575=ORIENTED_EDGE('',*,*,#4707,.T.);
#6576=ORIENTED_EDGE('',*,*,#4710,.T.);
#6577=ORIENTED_EDGE('',*,*,#4713,.T.);
#6578=ORIENTED_EDGE('',*,*,#4883,.T.);
#6579=ORIENTED_EDGE('',*,*,#4884,.T.);
#6580=ORIENTED_EDGE('',*,*,#4885,.T.);
#6581=ORIENTED_EDGE('',*,*,#4886,.T.);
#6582=ORIENTED_EDGE('',*,*,#4887,.T.);
#6583=ORIENTED_EDGE('',*,*,#4722,.T.);
#6584=ORIENTED_EDGE('',*,*,#4725,.T.);
#6585=ORIENTED_EDGE('',*,*,#4728,.T.);
#6586=ORIENTED_EDGE('',*,*,#4731,.T.);
#6587=ORIENTED_EDGE('',*,*,#4888,.T.);
#6588=ORIENTED_EDGE('',*,*,#4889,.T.);
#6589=ORIENTED_EDGE('',*,*,#4890,.T.);
#6590=ORIENTED_EDGE('',*,*,#4891,.T.);
#6591=ORIENTED_EDGE('',*,*,#4892,.T.);
#6592=ORIENTED_EDGE('',*,*,#4740,.T.);
#6593=ORIENTED_EDGE('',*,*,#4743,.T.);
#6594=ORIENTED_EDGE('',*,*,#4746,.T.);
#6595=ORIENTED_EDGE('',*,*,#4749,.T.);
#6596=ORIENTED_EDGE('',*,*,#4893,.T.);
#6597=ORIENTED_EDGE('',*,*,#4894,.T.);
#6598=ORIENTED_EDGE('',*,*,#4895,.T.);
#6599=ORIENTED_EDGE('',*,*,#4896,.T.);
#6600=ORIENTED_EDGE('',*,*,#4897,.T.);
#6601=ORIENTED_EDGE('',*,*,#4758,.T.);
#6602=ORIENTED_EDGE('',*,*,#4761,.T.);
#6603=ORIENTED_EDGE('',*,*,#4764,.T.);
#6604=ORIENTED_EDGE('',*,*,#4767,.T.);
#6605=ORIENTED_EDGE('',*,*,#4898,.T.);
#6606=ORIENTED_EDGE('',*,*,#4899,.T.);
#6607=ORIENTED_EDGE('',*,*,#4900,.T.);
#6608=ORIENTED_EDGE('',*,*,#4901,.T.);
#6609=ORIENTED_EDGE('',*,*,#4902,.T.);
#6610=ORIENTED_EDGE('',*,*,#4776,.T.);
#6611=ORIENTED_EDGE('',*,*,#4779,.T.);
#6612=ORIENTED_EDGE('',*,*,#4782,.T.);
#6613=ORIENTED_EDGE('',*,*,#4785,.T.);
#6614=ORIENTED_EDGE('',*,*,#4903,.T.);
#6615=ORIENTED_EDGE('',*,*,#4904,.T.);
#6616=ORIENTED_EDGE('',*,*,#4905,.T.);
#6617=ORIENTED_EDGE('',*,*,#4906,.T.);
#6618=ORIENTED_EDGE('',*,*,#4907,.T.);
#6619=ORIENTED_EDGE('',*,*,#4794,.T.);
#6620=ORIENTED_EDGE('',*,*,#4797,.T.);
#6621=ORIENTED_EDGE('',*,*,#4800,.T.);
#6622=ORIENTED_EDGE('',*,*,#4803,.T.);
#6623=ORIENTED_EDGE('',*,*,#4908,.T.);
#6624=ORIENTED_EDGE('',*,*,#4909,.T.);
#6625=ORIENTED_EDGE('',*,*,#4910,.T.);
#6626=ORIENTED_EDGE('',*,*,#4911,.T.);
#6627=ORIENTED_EDGE('',*,*,#4912,.T.);
#6628=ORIENTED_EDGE('',*,*,#4812,.T.);
#6629=ORIENTED_EDGE('',*,*,#4815,.T.);
#6630=ORIENTED_EDGE('',*,*,#4818,.T.);
#6631=ORIENTED_EDGE('',*,*,#4821,.T.);
#6632=ORIENTED_EDGE('',*,*,#4913,.T.);
#6633=ORIENTED_EDGE('',*,*,#4914,.T.);
#6634=ORIENTED_EDGE('',*,*,#4915,.T.);
#6635=ORIENTED_EDGE('',*,*,#4916,.T.);
#6636=ORIENTED_EDGE('',*,*,#4917,.T.);
#6637=ORIENTED_EDGE('',*,*,#4830,.T.);
#6638=ORIENTED_EDGE('',*,*,#4833,.T.);
#6639=ORIENTED_EDGE('',*,*,#4836,.T.);
#6640=ORIENTED_EDGE('',*,*,#4839,.T.);
#6641=ORIENTED_EDGE('',*,*,#4918,.T.);
#6642=ORIENTED_EDGE('',*,*,#4919,.T.);
#6643=ORIENTED_EDGE('',*,*,#4920,.T.);
#6644=ORIENTED_EDGE('',*,*,#4921,.T.);
#6645=ORIENTED_EDGE('',*,*,#4922,.T.);
#6646=ORIENTED_EDGE('',*,*,#4848,.T.);
#6647=ORIENTED_EDGE('',*,*,#4851,.T.);
#6648=ORIENTED_EDGE('',*,*,#4854,.T.);
#6649=ORIENTED_EDGE('',*,*,#4857,.T.);
#6650=ORIENTED_EDGE('',*,*,#4923,.T.);
#6651=ORIENTED_EDGE('',*,*,#4924,.T.);
#6652=ORIENTED_EDGE('',*,*,#4925,.T.);
#6653=ORIENTED_EDGE('',*,*,#4926,.T.);
#6654=ORIENTED_EDGE('',*,*,#4927,.T.);
#6655=ORIENTED_EDGE('',*,*,#4875,.T.);
#6656=ORIENTED_EDGE('',*,*,#4928,.T.);
#6657=ORIENTED_EDGE('',*,*,#4929,.T.);
#6658=ORIENTED_EDGE('',*,*,#4930,.T.);
#6659=ORIENTED_EDGE('',*,*,#4931,.T.);
#6660=ORIENTED_EDGE('',*,*,#4932,.T.);
#6661=ORIENTED_EDGE('',*,*,#4866,.T.);
#6662=ORIENTED_EDGE('',*,*,#4869,.T.);
#6663=ORIENTED_EDGE('',*,*,#4872,.T.);
#6664=ORIENTED_EDGE('',*,*,#4533,.T.);
#6665=ORIENTED_EDGE('',*,*,#4933,.T.);
#6666=ORIENTED_EDGE('',*,*,#4934,.T.);
#6667=ORIENTED_EDGE('',*,*,#4935,.T.);
#6668=ORIENTED_EDGE('',*,*,#4936,.T.);
#6669=ORIENTED_EDGE('',*,*,#4937,.T.);
#6670=ORIENTED_EDGE('',*,*,#4523,.T.);
#6671=ORIENTED_EDGE('',*,*,#4527,.T.);
#6672=ORIENTED_EDGE('',*,*,#4530,.T.);
#6673=ORIENTED_EDGE('',*,*,#4551,.T.);
#6674=ORIENTED_EDGE('',*,*,#4938,.T.);
#6675=ORIENTED_EDGE('',*,*,#4939,.T.);
#6676=ORIENTED_EDGE('',*,*,#4940,.T.);
#6677=ORIENTED_EDGE('',*,*,#4941,.T.);
#6678=ORIENTED_EDGE('',*,*,#4942,.T.);
#6679=ORIENTED_EDGE('',*,*,#4542,.T.);
#6680=ORIENTED_EDGE('',*,*,#4545,.T.);
#6681=ORIENTED_EDGE('',*,*,#4548,.T.);
#6682=ORIENTED_EDGE('',*,*,#4569,.T.);
#6683=ORIENTED_EDGE('',*,*,#4943,.T.);
#6684=ORIENTED_EDGE('',*,*,#4944,.T.);
#6685=ORIENTED_EDGE('',*,*,#4945,.T.);
#6686=ORIENTED_EDGE('',*,*,#4946,.T.);
#6687=ORIENTED_EDGE('',*,*,#4947,.T.);
#6688=ORIENTED_EDGE('',*,*,#4560,.T.);
#6689=ORIENTED_EDGE('',*,*,#4563,.T.);
#6690=ORIENTED_EDGE('',*,*,#4566,.T.);
#6691=ORIENTED_EDGE('',*,*,#4587,.T.);
#6692=ORIENTED_EDGE('',*,*,#4948,.T.);
#6693=ORIENTED_EDGE('',*,*,#4949,.T.);
#6694=ORIENTED_EDGE('',*,*,#4950,.T.);
#6695=ORIENTED_EDGE('',*,*,#4951,.T.);
#6696=ORIENTED_EDGE('',*,*,#4952,.T.);
#6697=ORIENTED_EDGE('',*,*,#4578,.T.);
#6698=ORIENTED_EDGE('',*,*,#4581,.T.);
#6699=ORIENTED_EDGE('',*,*,#4584,.T.);
#6700=ORIENTED_EDGE('',*,*,#4605,.T.);
#6701=ORIENTED_EDGE('',*,*,#4953,.T.);
#6702=ORIENTED_EDGE('',*,*,#4954,.T.);
#6703=ORIENTED_EDGE('',*,*,#4955,.T.);
#6704=ORIENTED_EDGE('',*,*,#4956,.T.);
#6705=ORIENTED_EDGE('',*,*,#4957,.T.);
#6706=ORIENTED_EDGE('',*,*,#4596,.T.);
#6707=ORIENTED_EDGE('',*,*,#4599,.T.);
#6708=ORIENTED_EDGE('',*,*,#4602,.T.);
#6709=ORIENTED_EDGE('',*,*,#4623,.T.);
#6710=ORIENTED_EDGE('',*,*,#4958,.T.);
#6711=ORIENTED_EDGE('',*,*,#4959,.T.);
#6712=ORIENTED_EDGE('',*,*,#4960,.T.);
#6713=ORIENTED_EDGE('',*,*,#4961,.T.);
#6714=ORIENTED_EDGE('',*,*,#4962,.T.);
#6715=ORIENTED_EDGE('',*,*,#4614,.T.);
#6716=ORIENTED_EDGE('',*,*,#4617,.T.);
#6717=ORIENTED_EDGE('',*,*,#4620,.T.);
#6718=ORIENTED_EDGE('',*,*,#4641,.T.);
#6719=ORIENTED_EDGE('',*,*,#4963,.T.);
#6720=ORIENTED_EDGE('',*,*,#4964,.T.);
#6721=ORIENTED_EDGE('',*,*,#4965,.T.);
#6722=ORIENTED_EDGE('',*,*,#4966,.T.);
#6723=ORIENTED_EDGE('',*,*,#4967,.T.);
#6724=ORIENTED_EDGE('',*,*,#4632,.T.);
#6725=ORIENTED_EDGE('',*,*,#4635,.T.);
#6726=ORIENTED_EDGE('',*,*,#4638,.T.);
#6727=ORIENTED_EDGE('',*,*,#4659,.T.);
#6728=ORIENTED_EDGE('',*,*,#4968,.T.);
#6729=ORIENTED_EDGE('',*,*,#4969,.T.);
#6730=ORIENTED_EDGE('',*,*,#4970,.T.);
#6731=ORIENTED_EDGE('',*,*,#4971,.T.);
#6732=ORIENTED_EDGE('',*,*,#4972,.T.);
#6733=ORIENTED_EDGE('',*,*,#4650,.T.);
#6734=ORIENTED_EDGE('',*,*,#4653,.T.);
#6735=ORIENTED_EDGE('',*,*,#4656,.T.);
#6736=ORIENTED_EDGE('',*,*,#4677,.T.);
#6737=ORIENTED_EDGE('',*,*,#4973,.T.);
#6738=ORIENTED_EDGE('',*,*,#4974,.T.);
#6739=ORIENTED_EDGE('',*,*,#4975,.T.);
#6740=ORIENTED_EDGE('',*,*,#4976,.T.);
#6741=ORIENTED_EDGE('',*,*,#4977,.T.);
#6742=ORIENTED_EDGE('',*,*,#4668,.T.);
#6743=ORIENTED_EDGE('',*,*,#4671,.T.);
#6744=ORIENTED_EDGE('',*,*,#4674,.T.);
#6745=ORIENTED_EDGE('',*,*,#4686,.T.);
#6746=ORIENTED_EDGE('',*,*,#4689,.T.);
#6747=ORIENTED_EDGE('',*,*,#4692,.T.);
#6748=ORIENTED_EDGE('',*,*,#4695,.T.);
#6749=ORIENTED_EDGE('',*,*,#4978,.T.);
#6750=ORIENTED_EDGE('',*,*,#4979,.T.);
#6751=ORIENTED_EDGE('',*,*,#4980,.T.);
#6752=ORIENTED_EDGE('',*,*,#4981,.T.);
#6753=ORIENTED_EDGE('',*,*,#4982,.T.);
#6754=ORIENTED_EDGE('',*,*,#4983,.F.);
#6755=ORIENTED_EDGE('',*,*,#4984,.T.);
#6756=ORIENTED_EDGE('',*,*,#4910,.F.);
#6757=ORIENTED_EDGE('',*,*,#4985,.F.);
#6758=ORIENTED_EDGE('',*,*,#4986,.F.);
#6759=ORIENTED_EDGE('',*,*,#4985,.T.);
#6760=ORIENTED_EDGE('',*,*,#4909,.F.);
#6761=ORIENTED_EDGE('',*,*,#4987,.F.);
#6762=ORIENTED_EDGE('',*,*,#4988,.T.);
#6763=ORIENTED_EDGE('',*,*,#4987,.T.);
#6764=ORIENTED_EDGE('',*,*,#4908,.F.);
#6765=ORIENTED_EDGE('',*,*,#4451,.F.);
#6766=ORIENTED_EDGE('',*,*,#4989,.F.);
#6767=ORIENTED_EDGE('',*,*,#4990,.T.);
#6768=ORIENTED_EDGE('',*,*,#4989,.T.);
#6769=ORIENTED_EDGE('',*,*,#4459,.F.);
#6770=ORIENTED_EDGE('',*,*,#4991,.F.);
#6771=ORIENTED_EDGE('',*,*,#4992,.F.);
#6772=ORIENTED_EDGE('',*,*,#4991,.T.);
#6773=ORIENTED_EDGE('',*,*,#4458,.F.);
#6774=ORIENTED_EDGE('',*,*,#4993,.F.);
#6775=ORIENTED_EDGE('',*,*,#4994,.T.);
#6776=ORIENTED_EDGE('',*,*,#4993,.T.);
#6777=ORIENTED_EDGE('',*,*,#4457,.F.);
#6778=ORIENTED_EDGE('',*,*,#4917,.F.);
#6779=ORIENTED_EDGE('',*,*,#4995,.F.);
#6780=ORIENTED_EDGE('',*,*,#4996,.F.);
#6781=ORIENTED_EDGE('',*,*,#4995,.T.);
#6782=ORIENTED_EDGE('',*,*,#4916,.F.);
#6783=ORIENTED_EDGE('',*,*,#4997,.F.);
#6784=ORIENTED_EDGE('',*,*,#4998,.F.);
#6785=ORIENTED_EDGE('',*,*,#4997,.T.);
#6786=ORIENTED_EDGE('',*,*,#4915,.F.);
#6787=ORIENTED_EDGE('',*,*,#4999,.F.);
#6788=ORIENTED_EDGE('',*,*,#5000,.F.);
#6789=ORIENTED_EDGE('',*,*,#4999,.T.);
#6790=ORIENTED_EDGE('',*,*,#4914,.F.);
#6791=ORIENTED_EDGE('',*,*,#5001,.F.);
#6792=ORIENTED_EDGE('',*,*,#5002,.T.);
#6793=ORIENTED_EDGE('',*,*,#5001,.T.);
#6794=ORIENTED_EDGE('',*,*,#4913,.F.);
#6795=ORIENTED_EDGE('',*,*,#4442,.F.);
#6796=ORIENTED_EDGE('',*,*,#5003,.F.);
#6797=ORIENTED_EDGE('',*,*,#5004,.T.);
#6798=ORIENTED_EDGE('',*,*,#5003,.T.);
#6799=ORIENTED_EDGE('',*,*,#4450,.F.);
#6800=ORIENTED_EDGE('',*,*,#5005,.F.);
#6801=ORIENTED_EDGE('',*,*,#5006,.F.);
#6802=ORIENTED_EDGE('',*,*,#5005,.T.);
#6803=ORIENTED_EDGE('',*,*,#4449,.F.);
#6804=ORIENTED_EDGE('',*,*,#5007,.F.);
#6805=ORIENTED_EDGE('',*,*,#5008,.T.);
#6806=ORIENTED_EDGE('',*,*,#5007,.T.);
#6807=ORIENTED_EDGE('',*,*,#4448,.F.);
#6808=ORIENTED_EDGE('',*,*,#4922,.F.);
#6809=ORIENTED_EDGE('',*,*,#5009,.F.);
#6810=ORIENTED_EDGE('',*,*,#5010,.F.);
#6811=ORIENTED_EDGE('',*,*,#5009,.T.);
#6812=ORIENTED_EDGE('',*,*,#4921,.F.);
#6813=ORIENTED_EDGE('',*,*,#5011,.F.);
#6814=ORIENTED_EDGE('',*,*,#5012,.F.);
#6815=ORIENTED_EDGE('',*,*,#5011,.T.);
#6816=ORIENTED_EDGE('',*,*,#4920,.F.);
#6817=ORIENTED_EDGE('',*,*,#5013,.F.);
#6818=ORIENTED_EDGE('',*,*,#5014,.F.);
#6819=ORIENTED_EDGE('',*,*,#5013,.T.);
#6820=ORIENTED_EDGE('',*,*,#4919,.F.);
#6821=ORIENTED_EDGE('',*,*,#5015,.F.);
#6822=ORIENTED_EDGE('',*,*,#5016,.T.);
#6823=ORIENTED_EDGE('',*,*,#5015,.T.);
#6824=ORIENTED_EDGE('',*,*,#4918,.F.);
#6825=ORIENTED_EDGE('',*,*,#4433,.F.);
#6826=ORIENTED_EDGE('',*,*,#5017,.F.);
#6827=ORIENTED_EDGE('',*,*,#5018,.T.);
#6828=ORIENTED_EDGE('',*,*,#5017,.T.);
#6829=ORIENTED_EDGE('',*,*,#4441,.F.);
#6830=ORIENTED_EDGE('',*,*,#5019,.F.);
#6831=ORIENTED_EDGE('',*,*,#5020,.F.);
#6832=ORIENTED_EDGE('',*,*,#5019,.T.);
#6833=ORIENTED_EDGE('',*,*,#4440,.F.);
#6834=ORIENTED_EDGE('',*,*,#5021,.F.);
#6835=ORIENTED_EDGE('',*,*,#5022,.T.);
#6836=ORIENTED_EDGE('',*,*,#5021,.T.);
#6837=ORIENTED_EDGE('',*,*,#4439,.F.);
#6838=ORIENTED_EDGE('',*,*,#4927,.F.);
#6839=ORIENTED_EDGE('',*,*,#5023,.F.);
#6840=ORIENTED_EDGE('',*,*,#5024,.F.);
#6841=ORIENTED_EDGE('',*,*,#5023,.T.);
#6842=ORIENTED_EDGE('',*,*,#4926,.F.);
#6843=ORIENTED_EDGE('',*,*,#5025,.F.);
#6844=ORIENTED_EDGE('',*,*,#5026,.F.);
#6845=ORIENTED_EDGE('',*,*,#5025,.T.);
#6846=ORIENTED_EDGE('',*,*,#4925,.F.);
#6847=ORIENTED_EDGE('',*,*,#5027,.F.);
#6848=ORIENTED_EDGE('',*,*,#5028,.F.);
#6849=ORIENTED_EDGE('',*,*,#5027,.T.);
#6850=ORIENTED_EDGE('',*,*,#4924,.F.);
#6851=ORIENTED_EDGE('',*,*,#5029,.F.);
#6852=ORIENTED_EDGE('',*,*,#5030,.T.);
#6853=ORIENTED_EDGE('',*,*,#5029,.T.);
#6854=ORIENTED_EDGE('',*,*,#4923,.F.);
#6855=ORIENTED_EDGE('',*,*,#4424,.F.);
#6856=ORIENTED_EDGE('',*,*,#5031,.F.);
#6857=ORIENTED_EDGE('',*,*,#5032,.T.);
#6858=ORIENTED_EDGE('',*,*,#5031,.T.);
#6859=ORIENTED_EDGE('',*,*,#4432,.F.);
#6860=ORIENTED_EDGE('',*,*,#5033,.F.);
#6861=ORIENTED_EDGE('',*,*,#5034,.F.);
#6862=ORIENTED_EDGE('',*,*,#5033,.T.);
#6863=ORIENTED_EDGE('',*,*,#4431,.F.);
#6864=ORIENTED_EDGE('',*,*,#5035,.F.);
#6865=ORIENTED_EDGE('',*,*,#5036,.T.);
#6866=ORIENTED_EDGE('',*,*,#5035,.T.);
#6867=ORIENTED_EDGE('',*,*,#4430,.F.);
#6868=ORIENTED_EDGE('',*,*,#4932,.F.);
#6869=ORIENTED_EDGE('',*,*,#5037,.F.);
#6870=ORIENTED_EDGE('',*,*,#5038,.F.);
#6871=ORIENTED_EDGE('',*,*,#5037,.T.);
#6872=ORIENTED_EDGE('',*,*,#4931,.F.);
#6873=ORIENTED_EDGE('',*,*,#5039,.F.);
#6874=ORIENTED_EDGE('',*,*,#5040,.F.);
#6875=ORIENTED_EDGE('',*,*,#5039,.T.);
#6876=ORIENTED_EDGE('',*,*,#4930,.F.);
#6877=ORIENTED_EDGE('',*,*,#5041,.F.);
#6878=ORIENTED_EDGE('',*,*,#5042,.F.);
#6879=ORIENTED_EDGE('',*,*,#5041,.T.);
#6880=ORIENTED_EDGE('',*,*,#4929,.F.);
#6881=ORIENTED_EDGE('',*,*,#5043,.F.);
#6882=ORIENTED_EDGE('',*,*,#5044,.T.);
#6883=ORIENTED_EDGE('',*,*,#5043,.T.);
#6884=ORIENTED_EDGE('',*,*,#4928,.F.);
#6885=ORIENTED_EDGE('',*,*,#4418,.F.);
#6886=ORIENTED_EDGE('',*,*,#5045,.F.);
#6887=ORIENTED_EDGE('',*,*,#5046,.T.);
#6888=ORIENTED_EDGE('',*,*,#5045,.T.);
#6889=ORIENTED_EDGE('',*,*,#4417,.F.);
#6890=ORIENTED_EDGE('',*,*,#5047,.F.);
#6891=ORIENTED_EDGE('',*,*,#5048,.F.);
#6892=ORIENTED_EDGE('',*,*,#5047,.T.);
#6893=ORIENTED_EDGE('',*,*,#4416,.F.);
#6894=ORIENTED_EDGE('',*,*,#5049,.F.);
#6895=ORIENTED_EDGE('',*,*,#5050,.T.);
#6896=ORIENTED_EDGE('',*,*,#5049,.T.);
#6897=ORIENTED_EDGE('',*,*,#4415,.F.);
#6898=ORIENTED_EDGE('',*,*,#4937,.F.);
#6899=ORIENTED_EDGE('',*,*,#5051,.F.);
#6900=ORIENTED_EDGE('',*,*,#5052,.F.);
#6901=ORIENTED_EDGE('',*,*,#5051,.T.);
#6902=ORIENTED_EDGE('',*,*,#4936,.F.);
#6903=ORIENTED_EDGE('',*,*,#5053,.F.);
#6904=ORIENTED_EDGE('',*,*,#5054,.F.);
#6905=ORIENTED_EDGE('',*,*,#5053,.T.);
#6906=ORIENTED_EDGE('',*,*,#4935,.F.);
#6907=ORIENTED_EDGE('',*,*,#5055,.F.);
#6908=ORIENTED_EDGE('',*,*,#5056,.F.);
#6909=ORIENTED_EDGE('',*,*,#5055,.T.);
#6910=ORIENTED_EDGE('',*,*,#4934,.F.);
#6911=ORIENTED_EDGE('',*,*,#5057,.F.);
#6912=ORIENTED_EDGE('',*,*,#5058,.T.);
#6913=ORIENTED_EDGE('',*,*,#5057,.T.);
#6914=ORIENTED_EDGE('',*,*,#4933,.F.);
#6915=ORIENTED_EDGE('',*,*,#4409,.F.);
#6916=ORIENTED_EDGE('',*,*,#5059,.F.);
#6917=ORIENTED_EDGE('',*,*,#5060,.T.);
#6918=ORIENTED_EDGE('',*,*,#5059,.T.);
#6919=ORIENTED_EDGE('',*,*,#4408,.F.);
#6920=ORIENTED_EDGE('',*,*,#5061,.F.);
#6921=ORIENTED_EDGE('',*,*,#5062,.F.);
#6922=ORIENTED_EDGE('',*,*,#5061,.T.);
#6923=ORIENTED_EDGE('',*,*,#4407,.F.);
#6924=ORIENTED_EDGE('',*,*,#5063,.F.);
#6925=ORIENTED_EDGE('',*,*,#5064,.T.);
#6926=ORIENTED_EDGE('',*,*,#5063,.T.);
#6927=ORIENTED_EDGE('',*,*,#4406,.F.);
#6928=ORIENTED_EDGE('',*,*,#4942,.F.);
#6929=ORIENTED_EDGE('',*,*,#5065,.F.);
#6930=ORIENTED_EDGE('',*,*,#5066,.F.);
#6931=ORIENTED_EDGE('',*,*,#5065,.T.);
#6932=ORIENTED_EDGE('',*,*,#4941,.F.);
#6933=ORIENTED_EDGE('',*,*,#5067,.F.);
#6934=ORIENTED_EDGE('',*,*,#5068,.F.);
#6935=ORIENTED_EDGE('',*,*,#5067,.T.);
#6936=ORIENTED_EDGE('',*,*,#4940,.F.);
#6937=ORIENTED_EDGE('',*,*,#5069,.F.);
#6938=ORIENTED_EDGE('',*,*,#5070,.F.);
#6939=ORIENTED_EDGE('',*,*,#5069,.T.);
#6940=ORIENTED_EDGE('',*,*,#4939,.F.);
#6941=ORIENTED_EDGE('',*,*,#5071,.F.);
#6942=ORIENTED_EDGE('',*,*,#5072,.T.);
#6943=ORIENTED_EDGE('',*,*,#5071,.T.);
#6944=ORIENTED_EDGE('',*,*,#4938,.F.);
#6945=ORIENTED_EDGE('',*,*,#4400,.F.);
#6946=ORIENTED_EDGE('',*,*,#5073,.F.);
#6947=ORIENTED_EDGE('',*,*,#5074,.T.);
#6948=ORIENTED_EDGE('',*,*,#5073,.T.);
#6949=ORIENTED_EDGE('',*,*,#4399,.F.);
#6950=ORIENTED_EDGE('',*,*,#5075,.F.);
#6951=ORIENTED_EDGE('',*,*,#5076,.F.);
#6952=ORIENTED_EDGE('',*,*,#5075,.T.);
#6953=ORIENTED_EDGE('',*,*,#4398,.F.);
#6954=ORIENTED_EDGE('',*,*,#5077,.F.);
#6955=ORIENTED_EDGE('',*,*,#5078,.T.);
#6956=ORIENTED_EDGE('',*,*,#5077,.T.);
#6957=ORIENTED_EDGE('',*,*,#4397,.F.);
#6958=ORIENTED_EDGE('',*,*,#4947,.F.);
#6959=ORIENTED_EDGE('',*,*,#5079,.F.);
#6960=ORIENTED_EDGE('',*,*,#5080,.F.);
#6961=ORIENTED_EDGE('',*,*,#5079,.T.);
#6962=ORIENTED_EDGE('',*,*,#4946,.F.);
#6963=ORIENTED_EDGE('',*,*,#5081,.F.);
#6964=ORIENTED_EDGE('',*,*,#5082,.F.);
#6965=ORIENTED_EDGE('',*,*,#5081,.T.);
#6966=ORIENTED_EDGE('',*,*,#4945,.F.);
#6967=ORIENTED_EDGE('',*,*,#5083,.F.);
#6968=ORIENTED_EDGE('',*,*,#5084,.F.);
#6969=ORIENTED_EDGE('',*,*,#5083,.T.);
#6970=ORIENTED_EDGE('',*,*,#4944,.F.);
#6971=ORIENTED_EDGE('',*,*,#5085,.F.);
#6972=ORIENTED_EDGE('',*,*,#5086,.T.);
#6973=ORIENTED_EDGE('',*,*,#5085,.T.);
#6974=ORIENTED_EDGE('',*,*,#4943,.F.);
#6975=ORIENTED_EDGE('',*,*,#4391,.F.);
#6976=ORIENTED_EDGE('',*,*,#5087,.F.);
#6977=ORIENTED_EDGE('',*,*,#5088,.T.);
#6978=ORIENTED_EDGE('',*,*,#5087,.T.);
#6979=ORIENTED_EDGE('',*,*,#4390,.F.);
#6980=ORIENTED_EDGE('',*,*,#5089,.F.);
#6981=ORIENTED_EDGE('',*,*,#5090,.F.);
#6982=ORIENTED_EDGE('',*,*,#5089,.T.);
#6983=ORIENTED_EDGE('',*,*,#4389,.F.);
#6984=ORIENTED_EDGE('',*,*,#5091,.F.);
#6985=ORIENTED_EDGE('',*,*,#5092,.T.);
#6986=ORIENTED_EDGE('',*,*,#5091,.T.);
#6987=ORIENTED_EDGE('',*,*,#4388,.F.);
#6988=ORIENTED_EDGE('',*,*,#4952,.F.);
#6989=ORIENTED_EDGE('',*,*,#5093,.F.);
#6990=ORIENTED_EDGE('',*,*,#5094,.F.);
#6991=ORIENTED_EDGE('',*,*,#5093,.T.);
#6992=ORIENTED_EDGE('',*,*,#4951,.F.);
#6993=ORIENTED_EDGE('',*,*,#5095,.F.);
#6994=ORIENTED_EDGE('',*,*,#5096,.F.);
#6995=ORIENTED_EDGE('',*,*,#5095,.T.);
#6996=ORIENTED_EDGE('',*,*,#4950,.F.);
#6997=ORIENTED_EDGE('',*,*,#5097,.F.);
#6998=ORIENTED_EDGE('',*,*,#5098,.F.);
#6999=ORIENTED_EDGE('',*,*,#5097,.T.);
#7000=ORIENTED_EDGE('',*,*,#4949,.F.);
#7001=ORIENTED_EDGE('',*,*,#5099,.F.);
#7002=ORIENTED_EDGE('',*,*,#5100,.T.);
#7003=ORIENTED_EDGE('',*,*,#5099,.T.);
#7004=ORIENTED_EDGE('',*,*,#4948,.F.);
#7005=ORIENTED_EDGE('',*,*,#4382,.F.);
#7006=ORIENTED_EDGE('',*,*,#5101,.F.);
#7007=ORIENTED_EDGE('',*,*,#5102,.T.);
#7008=ORIENTED_EDGE('',*,*,#5101,.T.);
#7009=ORIENTED_EDGE('',*,*,#4381,.F.);
#7010=ORIENTED_EDGE('',*,*,#5103,.F.);
#7011=ORIENTED_EDGE('',*,*,#5104,.F.);
#7012=ORIENTED_EDGE('',*,*,#5103,.T.);
#7013=ORIENTED_EDGE('',*,*,#4380,.F.);
#7014=ORIENTED_EDGE('',*,*,#5105,.F.);
#7015=ORIENTED_EDGE('',*,*,#5106,.T.);
#7016=ORIENTED_EDGE('',*,*,#5105,.T.);
#7017=ORIENTED_EDGE('',*,*,#4379,.F.);
#7018=ORIENTED_EDGE('',*,*,#4957,.F.);
#7019=ORIENTED_EDGE('',*,*,#5107,.F.);
#7020=ORIENTED_EDGE('',*,*,#5108,.F.);
#7021=ORIENTED_EDGE('',*,*,#5107,.T.);
#7022=ORIENTED_EDGE('',*,*,#4956,.F.);
#7023=ORIENTED_EDGE('',*,*,#5109,.F.);
#7024=ORIENTED_EDGE('',*,*,#5110,.F.);
#7025=ORIENTED_EDGE('',*,*,#5109,.T.);
#7026=ORIENTED_EDGE('',*,*,#4955,.F.);
#7027=ORIENTED_EDGE('',*,*,#5111,.F.);
#7028=ORIENTED_EDGE('',*,*,#5112,.F.);
#7029=ORIENTED_EDGE('',*,*,#5111,.T.);
#7030=ORIENTED_EDGE('',*,*,#4954,.F.);
#7031=ORIENTED_EDGE('',*,*,#5113,.F.);
#7032=ORIENTED_EDGE('',*,*,#5114,.T.);
#7033=ORIENTED_EDGE('',*,*,#5113,.T.);
#7034=ORIENTED_EDGE('',*,*,#4953,.F.);
#7035=ORIENTED_EDGE('',*,*,#4373,.F.);
#7036=ORIENTED_EDGE('',*,*,#5115,.F.);
#7037=ORIENTED_EDGE('',*,*,#5116,.T.);
#7038=ORIENTED_EDGE('',*,*,#5115,.T.);
#7039=ORIENTED_EDGE('',*,*,#4372,.F.);
#7040=ORIENTED_EDGE('',*,*,#5117,.F.);
#7041=ORIENTED_EDGE('',*,*,#5118,.F.);
#7042=ORIENTED_EDGE('',*,*,#5117,.T.);
#7043=ORIENTED_EDGE('',*,*,#4371,.F.);
#7044=ORIENTED_EDGE('',*,*,#5119,.F.);
#7045=ORIENTED_EDGE('',*,*,#5120,.T.);
#7046=ORIENTED_EDGE('',*,*,#5119,.T.);
#7047=ORIENTED_EDGE('',*,*,#4370,.F.);
#7048=ORIENTED_EDGE('',*,*,#4962,.F.);
#7049=ORIENTED_EDGE('',*,*,#5121,.F.);
#7050=ORIENTED_EDGE('',*,*,#5122,.F.);
#7051=ORIENTED_EDGE('',*,*,#5121,.T.);
#7052=ORIENTED_EDGE('',*,*,#4961,.F.);
#7053=ORIENTED_EDGE('',*,*,#5123,.F.);
#7054=ORIENTED_EDGE('',*,*,#5124,.F.);
#7055=ORIENTED_EDGE('',*,*,#5123,.T.);
#7056=ORIENTED_EDGE('',*,*,#4960,.F.);
#7057=ORIENTED_EDGE('',*,*,#5125,.F.);
#7058=ORIENTED_EDGE('',*,*,#5126,.F.);
#7059=ORIENTED_EDGE('',*,*,#5125,.T.);
#7060=ORIENTED_EDGE('',*,*,#4959,.F.);
#7061=ORIENTED_EDGE('',*,*,#5127,.F.);
#7062=ORIENTED_EDGE('',*,*,#5128,.T.);
#7063=ORIENTED_EDGE('',*,*,#5127,.T.);
#7064=ORIENTED_EDGE('',*,*,#4958,.F.);
#7065=ORIENTED_EDGE('',*,*,#4364,.F.);
#7066=ORIENTED_EDGE('',*,*,#5129,.F.);
#7067=ORIENTED_EDGE('',*,*,#5130,.T.);
#7068=ORIENTED_EDGE('',*,*,#5129,.T.);
#7069=ORIENTED_EDGE('',*,*,#4363,.F.);
#7070=ORIENTED_EDGE('',*,*,#5131,.F.);
#7071=ORIENTED_EDGE('',*,*,#5132,.F.);
#7072=ORIENTED_EDGE('',*,*,#5131,.T.);
#7073=ORIENTED_EDGE('',*,*,#4362,.F.);
#7074=ORIENTED_EDGE('',*,*,#5133,.F.);
#7075=ORIENTED_EDGE('',*,*,#5134,.T.);
#7076=ORIENTED_EDGE('',*,*,#5133,.T.);
#7077=ORIENTED_EDGE('',*,*,#4361,.F.);
#7078=ORIENTED_EDGE('',*,*,#4967,.F.);
#7079=ORIENTED_EDGE('',*,*,#5135,.F.);
#7080=ORIENTED_EDGE('',*,*,#5136,.F.);
#7081=ORIENTED_EDGE('',*,*,#5135,.T.);
#7082=ORIENTED_EDGE('',*,*,#4966,.F.);
#7083=ORIENTED_EDGE('',*,*,#5137,.F.);
#7084=ORIENTED_EDGE('',*,*,#5138,.F.);
#7085=ORIENTED_EDGE('',*,*,#5137,.T.);
#7086=ORIENTED_EDGE('',*,*,#4965,.F.);
#7087=ORIENTED_EDGE('',*,*,#5139,.F.);
#7088=ORIENTED_EDGE('',*,*,#5140,.F.);
#7089=ORIENTED_EDGE('',*,*,#5139,.T.);
#7090=ORIENTED_EDGE('',*,*,#4964,.F.);
#7091=ORIENTED_EDGE('',*,*,#5141,.F.);
#7092=ORIENTED_EDGE('',*,*,#5142,.T.);
#7093=ORIENTED_EDGE('',*,*,#5141,.T.);
#7094=ORIENTED_EDGE('',*,*,#4963,.F.);
#7095=ORIENTED_EDGE('',*,*,#4355,.F.);
#7096=ORIENTED_EDGE('',*,*,#5143,.F.);
#7097=ORIENTED_EDGE('',*,*,#5144,.T.);
#7098=ORIENTED_EDGE('',*,*,#5143,.T.);
#7099=ORIENTED_EDGE('',*,*,#4354,.F.);
#7100=ORIENTED_EDGE('',*,*,#5145,.F.);
#7101=ORIENTED_EDGE('',*,*,#5146,.F.);
#7102=ORIENTED_EDGE('',*,*,#5145,.T.);
#7103=ORIENTED_EDGE('',*,*,#4353,.F.);
#7104=ORIENTED_EDGE('',*,*,#5147,.F.);
#7105=ORIENTED_EDGE('',*,*,#5148,.T.);
#7106=ORIENTED_EDGE('',*,*,#5147,.T.);
#7107=ORIENTED_EDGE('',*,*,#4352,.F.);
#7108=ORIENTED_EDGE('',*,*,#4972,.F.);
#7109=ORIENTED_EDGE('',*,*,#5149,.F.);
#7110=ORIENTED_EDGE('',*,*,#5150,.F.);
#7111=ORIENTED_EDGE('',*,*,#5149,.T.);
#7112=ORIENTED_EDGE('',*,*,#4971,.F.);
#7113=ORIENTED_EDGE('',*,*,#5151,.F.);
#7114=ORIENTED_EDGE('',*,*,#5152,.F.);
#7115=ORIENTED_EDGE('',*,*,#5151,.T.);
#7116=ORIENTED_EDGE('',*,*,#4970,.F.);
#7117=ORIENTED_EDGE('',*,*,#5153,.F.);
#7118=ORIENTED_EDGE('',*,*,#5154,.F.);
#7119=ORIENTED_EDGE('',*,*,#5153,.T.);
#7120=ORIENTED_EDGE('',*,*,#4969,.F.);
#7121=ORIENTED_EDGE('',*,*,#5155,.F.);
#7122=ORIENTED_EDGE('',*,*,#5156,.T.);
#7123=ORIENTED_EDGE('',*,*,#5155,.T.);
#7124=ORIENTED_EDGE('',*,*,#4968,.F.);
#7125=ORIENTED_EDGE('',*,*,#4346,.F.);
#7126=ORIENTED_EDGE('',*,*,#5157,.F.);
#7127=ORIENTED_EDGE('',*,*,#5158,.T.);
#7128=ORIENTED_EDGE('',*,*,#5157,.T.);
#7129=ORIENTED_EDGE('',*,*,#4345,.F.);
#7130=ORIENTED_EDGE('',*,*,#5159,.F.);
#7131=ORIENTED_EDGE('',*,*,#5160,.F.);
#7132=ORIENTED_EDGE('',*,*,#5159,.T.);
#7133=ORIENTED_EDGE('',*,*,#4344,.F.);
#7134=ORIENTED_EDGE('',*,*,#5161,.F.);
#7135=ORIENTED_EDGE('',*,*,#5162,.T.);
#7136=ORIENTED_EDGE('',*,*,#5161,.T.);
#7137=ORIENTED_EDGE('',*,*,#4343,.F.);
#7138=ORIENTED_EDGE('',*,*,#4977,.F.);
#7139=ORIENTED_EDGE('',*,*,#5163,.F.);
#7140=ORIENTED_EDGE('',*,*,#5164,.F.);
#7141=ORIENTED_EDGE('',*,*,#5163,.T.);
#7142=ORIENTED_EDGE('',*,*,#4976,.F.);
#7143=ORIENTED_EDGE('',*,*,#5165,.F.);
#7144=ORIENTED_EDGE('',*,*,#5166,.F.);
#7145=ORIENTED_EDGE('',*,*,#5165,.T.);
#7146=ORIENTED_EDGE('',*,*,#4975,.F.);
#7147=ORIENTED_EDGE('',*,*,#5167,.F.);
#7148=ORIENTED_EDGE('',*,*,#5168,.F.);
#7149=ORIENTED_EDGE('',*,*,#5167,.T.);
#7150=ORIENTED_EDGE('',*,*,#4974,.F.);
#7151=ORIENTED_EDGE('',*,*,#5169,.F.);
#7152=ORIENTED_EDGE('',*,*,#5170,.T.);
#7153=ORIENTED_EDGE('',*,*,#5169,.T.);
#7154=ORIENTED_EDGE('',*,*,#4973,.F.);
#7155=ORIENTED_EDGE('',*,*,#4517,.F.);
#7156=ORIENTED_EDGE('',*,*,#5171,.F.);
#7157=ORIENTED_EDGE('',*,*,#5172,.T.);
#7158=ORIENTED_EDGE('',*,*,#5171,.T.);
#7159=ORIENTED_EDGE('',*,*,#4516,.F.);
#7160=ORIENTED_EDGE('',*,*,#5173,.F.);
#7161=ORIENTED_EDGE('',*,*,#5174,.F.);
#7162=ORIENTED_EDGE('',*,*,#5173,.T.);
#7163=ORIENTED_EDGE('',*,*,#4515,.F.);
#7164=ORIENTED_EDGE('',*,*,#5175,.F.);
#7165=ORIENTED_EDGE('',*,*,#5176,.T.);
#7166=ORIENTED_EDGE('',*,*,#5175,.T.);
#7167=ORIENTED_EDGE('',*,*,#4514,.F.);
#7168=ORIENTED_EDGE('',*,*,#4982,.F.);
#7169=ORIENTED_EDGE('',*,*,#5177,.F.);
#7170=ORIENTED_EDGE('',*,*,#5178,.F.);
#7171=ORIENTED_EDGE('',*,*,#5177,.T.);
#7172=ORIENTED_EDGE('',*,*,#4981,.F.);
#7173=ORIENTED_EDGE('',*,*,#5179,.F.);
#7174=ORIENTED_EDGE('',*,*,#5180,.F.);
#7175=ORIENTED_EDGE('',*,*,#5179,.T.);
#7176=ORIENTED_EDGE('',*,*,#4980,.F.);
#7177=ORIENTED_EDGE('',*,*,#5181,.F.);
#7178=ORIENTED_EDGE('',*,*,#5182,.F.);
#7179=ORIENTED_EDGE('',*,*,#5181,.T.);
#7180=ORIENTED_EDGE('',*,*,#4979,.F.);
#7181=ORIENTED_EDGE('',*,*,#5183,.F.);
#7182=ORIENTED_EDGE('',*,*,#5184,.T.);
#7183=ORIENTED_EDGE('',*,*,#5183,.T.);
#7184=ORIENTED_EDGE('',*,*,#4978,.F.);
#7185=ORIENTED_EDGE('',*,*,#4505,.F.);
#7186=ORIENTED_EDGE('',*,*,#5185,.F.);
#7187=ORIENTED_EDGE('',*,*,#5186,.T.);
#7188=ORIENTED_EDGE('',*,*,#5185,.T.);
#7189=ORIENTED_EDGE('',*,*,#4513,.F.);
#7190=ORIENTED_EDGE('',*,*,#5187,.F.);
#7191=ORIENTED_EDGE('',*,*,#5188,.F.);
#7192=ORIENTED_EDGE('',*,*,#5187,.T.);
#7193=ORIENTED_EDGE('',*,*,#4512,.F.);
#7194=ORIENTED_EDGE('',*,*,#5189,.F.);
#7195=ORIENTED_EDGE('',*,*,#5190,.T.);
#7196=ORIENTED_EDGE('',*,*,#5189,.T.);
#7197=ORIENTED_EDGE('',*,*,#4511,.F.);
#7198=ORIENTED_EDGE('',*,*,#4887,.F.);
#7199=ORIENTED_EDGE('',*,*,#5191,.F.);
#7200=ORIENTED_EDGE('',*,*,#5192,.F.);
#7201=ORIENTED_EDGE('',*,*,#5191,.T.);
#7202=ORIENTED_EDGE('',*,*,#4886,.F.);
#7203=ORIENTED_EDGE('',*,*,#5193,.F.);
#7204=ORIENTED_EDGE('',*,*,#5194,.F.);
#7205=ORIENTED_EDGE('',*,*,#5193,.T.);
#7206=ORIENTED_EDGE('',*,*,#4885,.F.);
#7207=ORIENTED_EDGE('',*,*,#5195,.F.);
#7208=ORIENTED_EDGE('',*,*,#5196,.F.);
#7209=ORIENTED_EDGE('',*,*,#5195,.T.);
#7210=ORIENTED_EDGE('',*,*,#4884,.F.);
#7211=ORIENTED_EDGE('',*,*,#5197,.F.);
#7212=ORIENTED_EDGE('',*,*,#5198,.T.);
#7213=ORIENTED_EDGE('',*,*,#5197,.T.);
#7214=ORIENTED_EDGE('',*,*,#4883,.F.);
#7215=ORIENTED_EDGE('',*,*,#4496,.F.);
#7216=ORIENTED_EDGE('',*,*,#5199,.F.);
#7217=ORIENTED_EDGE('',*,*,#5200,.T.);
#7218=ORIENTED_EDGE('',*,*,#5199,.T.);
#7219=ORIENTED_EDGE('',*,*,#4504,.F.);
#7220=ORIENTED_EDGE('',*,*,#5201,.F.);
#7221=ORIENTED_EDGE('',*,*,#5202,.F.);
#7222=ORIENTED_EDGE('',*,*,#5201,.T.);
#7223=ORIENTED_EDGE('',*,*,#4503,.F.);
#7224=ORIENTED_EDGE('',*,*,#5203,.F.);
#7225=ORIENTED_EDGE('',*,*,#5204,.T.);
#7226=ORIENTED_EDGE('',*,*,#5203,.T.);
#7227=ORIENTED_EDGE('',*,*,#4502,.F.);
#7228=ORIENTED_EDGE('',*,*,#4892,.F.);
#7229=ORIENTED_EDGE('',*,*,#5205,.F.);
#7230=ORIENTED_EDGE('',*,*,#5206,.F.);
#7231=ORIENTED_EDGE('',*,*,#5205,.T.);
#7232=ORIENTED_EDGE('',*,*,#4891,.F.);
#7233=ORIENTED_EDGE('',*,*,#5207,.F.);
#7234=ORIENTED_EDGE('',*,*,#5208,.F.);
#7235=ORIENTED_EDGE('',*,*,#5207,.T.);
#7236=ORIENTED_EDGE('',*,*,#4890,.F.);
#7237=ORIENTED_EDGE('',*,*,#5209,.F.);
#7238=ORIENTED_EDGE('',*,*,#5210,.F.);
#7239=ORIENTED_EDGE('',*,*,#5209,.T.);
#7240=ORIENTED_EDGE('',*,*,#4889,.F.);
#7241=ORIENTED_EDGE('',*,*,#5211,.F.);
#7242=ORIENTED_EDGE('',*,*,#5212,.T.);
#7243=ORIENTED_EDGE('',*,*,#5211,.T.);
#7244=ORIENTED_EDGE('',*,*,#4888,.F.);
#7245=ORIENTED_EDGE('',*,*,#4487,.F.);
#7246=ORIENTED_EDGE('',*,*,#5213,.F.);
#7247=ORIENTED_EDGE('',*,*,#5214,.T.);
#7248=ORIENTED_EDGE('',*,*,#5213,.T.);
#7249=ORIENTED_EDGE('',*,*,#4495,.F.);
#7250=ORIENTED_EDGE('',*,*,#5215,.F.);
#7251=ORIENTED_EDGE('',*,*,#5216,.F.);
#7252=ORIENTED_EDGE('',*,*,#5215,.T.);
#7253=ORIENTED_EDGE('',*,*,#4494,.F.);
#7254=ORIENTED_EDGE('',*,*,#5217,.F.);
#7255=ORIENTED_EDGE('',*,*,#5218,.T.);
#7256=ORIENTED_EDGE('',*,*,#5217,.T.);
#7257=ORIENTED_EDGE('',*,*,#4493,.F.);
#7258=ORIENTED_EDGE('',*,*,#4897,.F.);
#7259=ORIENTED_EDGE('',*,*,#5219,.F.);
#7260=ORIENTED_EDGE('',*,*,#5220,.F.);
#7261=ORIENTED_EDGE('',*,*,#5219,.T.);
#7262=ORIENTED_EDGE('',*,*,#4896,.F.);
#7263=ORIENTED_EDGE('',*,*,#5221,.F.);
#7264=ORIENTED_EDGE('',*,*,#5222,.F.);
#7265=ORIENTED_EDGE('',*,*,#5221,.T.);
#7266=ORIENTED_EDGE('',*,*,#4895,.F.);
#7267=ORIENTED_EDGE('',*,*,#5223,.F.);
#7268=ORIENTED_EDGE('',*,*,#5224,.F.);
#7269=ORIENTED_EDGE('',*,*,#5223,.T.);
#7270=ORIENTED_EDGE('',*,*,#4894,.F.);
#7271=ORIENTED_EDGE('',*,*,#5225,.F.);
#7272=ORIENTED_EDGE('',*,*,#5226,.T.);
#7273=ORIENTED_EDGE('',*,*,#5225,.T.);
#7274=ORIENTED_EDGE('',*,*,#4893,.F.);
#7275=ORIENTED_EDGE('',*,*,#4478,.F.);
#7276=ORIENTED_EDGE('',*,*,#5227,.F.);
#7277=ORIENTED_EDGE('',*,*,#5228,.T.);
#7278=ORIENTED_EDGE('',*,*,#5227,.T.);
#7279=ORIENTED_EDGE('',*,*,#4486,.F.);
#7280=ORIENTED_EDGE('',*,*,#5229,.F.);
#7281=ORIENTED_EDGE('',*,*,#5230,.F.);
#7282=ORIENTED_EDGE('',*,*,#5229,.T.);
#7283=ORIENTED_EDGE('',*,*,#4485,.F.);
#7284=ORIENTED_EDGE('',*,*,#5231,.F.);
#7285=ORIENTED_EDGE('',*,*,#5232,.T.);
#7286=ORIENTED_EDGE('',*,*,#5231,.T.);
#7287=ORIENTED_EDGE('',*,*,#4484,.F.);
#7288=ORIENTED_EDGE('',*,*,#4902,.F.);
#7289=ORIENTED_EDGE('',*,*,#5233,.F.);
#7290=ORIENTED_EDGE('',*,*,#5234,.F.);
#7291=ORIENTED_EDGE('',*,*,#5233,.T.);
#7292=ORIENTED_EDGE('',*,*,#4901,.F.);
#7293=ORIENTED_EDGE('',*,*,#5235,.F.);
#7294=ORIENTED_EDGE('',*,*,#5236,.F.);
#7295=ORIENTED_EDGE('',*,*,#5235,.T.);
#7296=ORIENTED_EDGE('',*,*,#4900,.F.);
#7297=ORIENTED_EDGE('',*,*,#5237,.F.);
#7298=ORIENTED_EDGE('',*,*,#5238,.F.);
#7299=ORIENTED_EDGE('',*,*,#5237,.T.);
#7300=ORIENTED_EDGE('',*,*,#4899,.F.);
#7301=ORIENTED_EDGE('',*,*,#5239,.F.);
#7302=ORIENTED_EDGE('',*,*,#5240,.T.);
#7303=ORIENTED_EDGE('',*,*,#5239,.T.);
#7304=ORIENTED_EDGE('',*,*,#4898,.F.);
#7305=ORIENTED_EDGE('',*,*,#4469,.F.);
#7306=ORIENTED_EDGE('',*,*,#5241,.F.);
#7307=ORIENTED_EDGE('',*,*,#5242,.T.);
#7308=ORIENTED_EDGE('',*,*,#5241,.T.);
#7309=ORIENTED_EDGE('',*,*,#4477,.F.);
#7310=ORIENTED_EDGE('',*,*,#5243,.F.);
#7311=ORIENTED_EDGE('',*,*,#5244,.F.);
#7312=ORIENTED_EDGE('',*,*,#5243,.T.);
#7313=ORIENTED_EDGE('',*,*,#4476,.F.);
#7314=ORIENTED_EDGE('',*,*,#5245,.F.);
#7315=ORIENTED_EDGE('',*,*,#5246,.T.);
#7316=ORIENTED_EDGE('',*,*,#5245,.T.);
#7317=ORIENTED_EDGE('',*,*,#4475,.F.);
#7318=ORIENTED_EDGE('',*,*,#4907,.F.);
#7319=ORIENTED_EDGE('',*,*,#5247,.F.);
#7320=ORIENTED_EDGE('',*,*,#5248,.F.);
#7321=ORIENTED_EDGE('',*,*,#5247,.T.);
#7322=ORIENTED_EDGE('',*,*,#4906,.F.);
#7323=ORIENTED_EDGE('',*,*,#5249,.F.);
#7324=ORIENTED_EDGE('',*,*,#5250,.F.);
#7325=ORIENTED_EDGE('',*,*,#5249,.T.);
#7326=ORIENTED_EDGE('',*,*,#4905,.F.);
#7327=ORIENTED_EDGE('',*,*,#5251,.F.);
#7328=ORIENTED_EDGE('',*,*,#5252,.F.);
#7329=ORIENTED_EDGE('',*,*,#5251,.T.);
#7330=ORIENTED_EDGE('',*,*,#4904,.F.);
#7331=ORIENTED_EDGE('',*,*,#5253,.F.);
#7332=ORIENTED_EDGE('',*,*,#5254,.T.);
#7333=ORIENTED_EDGE('',*,*,#5253,.T.);
#7334=ORIENTED_EDGE('',*,*,#4903,.F.);
#7335=ORIENTED_EDGE('',*,*,#4460,.F.);
#7336=ORIENTED_EDGE('',*,*,#5255,.F.);
#7337=ORIENTED_EDGE('',*,*,#5256,.T.);
#7338=ORIENTED_EDGE('',*,*,#5255,.T.);
#7339=ORIENTED_EDGE('',*,*,#4468,.F.);
#7340=ORIENTED_EDGE('',*,*,#5257,.F.);
#7341=ORIENTED_EDGE('',*,*,#5258,.F.);
#7342=ORIENTED_EDGE('',*,*,#5257,.T.);
#7343=ORIENTED_EDGE('',*,*,#4467,.F.);
#7344=ORIENTED_EDGE('',*,*,#5259,.F.);
#7345=ORIENTED_EDGE('',*,*,#5260,.T.);
#7346=ORIENTED_EDGE('',*,*,#5259,.T.);
#7347=ORIENTED_EDGE('',*,*,#4466,.F.);
#7348=ORIENTED_EDGE('',*,*,#4912,.F.);
#7349=ORIENTED_EDGE('',*,*,#5261,.F.);
#7350=ORIENTED_EDGE('',*,*,#5262,.F.);
#7351=ORIENTED_EDGE('',*,*,#5261,.T.);
#7352=ORIENTED_EDGE('',*,*,#4911,.F.);
#7353=ORIENTED_EDGE('',*,*,#4984,.F.);
#7354=ORIENTED_EDGE('',*,*,#5262,.T.);
#7355=ORIENTED_EDGE('',*,*,#4983,.T.);
#7356=ORIENTED_EDGE('',*,*,#4986,.T.);
#7357=ORIENTED_EDGE('',*,*,#4988,.F.);
#7358=ORIENTED_EDGE('',*,*,#4990,.F.);
#7359=ORIENTED_EDGE('',*,*,#4992,.T.);
#7360=ORIENTED_EDGE('',*,*,#4994,.F.);
#7361=ORIENTED_EDGE('',*,*,#4996,.T.);
#7362=ORIENTED_EDGE('',*,*,#4998,.T.);
#7363=ORIENTED_EDGE('',*,*,#5000,.T.);
#7364=ORIENTED_EDGE('',*,*,#5002,.F.);
#7365=ORIENTED_EDGE('',*,*,#5004,.F.);
#7366=ORIENTED_EDGE('',*,*,#5006,.T.);
#7367=ORIENTED_EDGE('',*,*,#5008,.F.);
#7368=ORIENTED_EDGE('',*,*,#5010,.T.);
#7369=ORIENTED_EDGE('',*,*,#5012,.T.);
#7370=ORIENTED_EDGE('',*,*,#5014,.T.);
#7371=ORIENTED_EDGE('',*,*,#5016,.F.);
#7372=ORIENTED_EDGE('',*,*,#5018,.F.);
#7373=ORIENTED_EDGE('',*,*,#5020,.T.);
#7374=ORIENTED_EDGE('',*,*,#5022,.F.);
#7375=ORIENTED_EDGE('',*,*,#5024,.T.);
#7376=ORIENTED_EDGE('',*,*,#5026,.T.);
#7377=ORIENTED_EDGE('',*,*,#5028,.T.);
#7378=ORIENTED_EDGE('',*,*,#5030,.F.);
#7379=ORIENTED_EDGE('',*,*,#5032,.F.);
#7380=ORIENTED_EDGE('',*,*,#5034,.T.);
#7381=ORIENTED_EDGE('',*,*,#5036,.F.);
#7382=ORIENTED_EDGE('',*,*,#5038,.T.);
#7383=ORIENTED_EDGE('',*,*,#5040,.T.);
#7384=ORIENTED_EDGE('',*,*,#5042,.T.);
#7385=ORIENTED_EDGE('',*,*,#5044,.F.);
#7386=ORIENTED_EDGE('',*,*,#5046,.F.);
#7387=ORIENTED_EDGE('',*,*,#5048,.T.);
#7388=ORIENTED_EDGE('',*,*,#5050,.F.);
#7389=ORIENTED_EDGE('',*,*,#5052,.T.);
#7390=ORIENTED_EDGE('',*,*,#5054,.T.);
#7391=ORIENTED_EDGE('',*,*,#5056,.T.);
#7392=ORIENTED_EDGE('',*,*,#5058,.F.);
#7393=ORIENTED_EDGE('',*,*,#5060,.F.);
#7394=ORIENTED_EDGE('',*,*,#5062,.T.);
#7395=ORIENTED_EDGE('',*,*,#5064,.F.);
#7396=ORIENTED_EDGE('',*,*,#5066,.T.);
#7397=ORIENTED_EDGE('',*,*,#5068,.T.);
#7398=ORIENTED_EDGE('',*,*,#5070,.T.);
#7399=ORIENTED_EDGE('',*,*,#5072,.F.);
#7400=ORIENTED_EDGE('',*,*,#5074,.F.);
#7401=ORIENTED_EDGE('',*,*,#5076,.T.);
#7402=ORIENTED_EDGE('',*,*,#5078,.F.);
#7403=ORIENTED_EDGE('',*,*,#5080,.T.);
#7404=ORIENTED_EDGE('',*,*,#5082,.T.);
#7405=ORIENTED_EDGE('',*,*,#5084,.T.);
#7406=ORIENTED_EDGE('',*,*,#5086,.F.);
#7407=ORIENTED_EDGE('',*,*,#5088,.F.);
#7408=ORIENTED_EDGE('',*,*,#5090,.T.);
#7409=ORIENTED_EDGE('',*,*,#5092,.F.);
#7410=ORIENTED_EDGE('',*,*,#5094,.T.);
#7411=ORIENTED_EDGE('',*,*,#5096,.T.);
#7412=ORIENTED_EDGE('',*,*,#5098,.T.);
#7413=ORIENTED_EDGE('',*,*,#5100,.F.);
#7414=ORIENTED_EDGE('',*,*,#5102,.F.);
#7415=ORIENTED_EDGE('',*,*,#5104,.T.);
#7416=ORIENTED_EDGE('',*,*,#5106,.F.);
#7417=ORIENTED_EDGE('',*,*,#5108,.T.);
#7418=ORIENTED_EDGE('',*,*,#5110,.T.);
#7419=ORIENTED_EDGE('',*,*,#5112,.T.);
#7420=ORIENTED_EDGE('',*,*,#5114,.F.);
#7421=ORIENTED_EDGE('',*,*,#5116,.F.);
#7422=ORIENTED_EDGE('',*,*,#5118,.T.);
#7423=ORIENTED_EDGE('',*,*,#5120,.F.);
#7424=ORIENTED_EDGE('',*,*,#5122,.T.);
#7425=ORIENTED_EDGE('',*,*,#5124,.T.);
#7426=ORIENTED_EDGE('',*,*,#5126,.T.);
#7427=ORIENTED_EDGE('',*,*,#5128,.F.);
#7428=ORIENTED_EDGE('',*,*,#5130,.F.);
#7429=ORIENTED_EDGE('',*,*,#5132,.T.);
#7430=ORIENTED_EDGE('',*,*,#5134,.F.);
#7431=ORIENTED_EDGE('',*,*,#5136,.T.);
#7432=ORIENTED_EDGE('',*,*,#5138,.T.);
#7433=ORIENTED_EDGE('',*,*,#5140,.T.);
#7434=ORIENTED_EDGE('',*,*,#5142,.F.);
#7435=ORIENTED_EDGE('',*,*,#5144,.F.);
#7436=ORIENTED_EDGE('',*,*,#5146,.T.);
#7437=ORIENTED_EDGE('',*,*,#5148,.F.);
#7438=ORIENTED_EDGE('',*,*,#5150,.T.);
#7439=ORIENTED_EDGE('',*,*,#5152,.T.);
#7440=ORIENTED_EDGE('',*,*,#5154,.T.);
#7441=ORIENTED_EDGE('',*,*,#5156,.F.);
#7442=ORIENTED_EDGE('',*,*,#5158,.F.);
#7443=ORIENTED_EDGE('',*,*,#5160,.T.);
#7444=ORIENTED_EDGE('',*,*,#5162,.F.);
#7445=ORIENTED_EDGE('',*,*,#5164,.T.);
#7446=ORIENTED_EDGE('',*,*,#5166,.T.);
#7447=ORIENTED_EDGE('',*,*,#5168,.T.);
#7448=ORIENTED_EDGE('',*,*,#5170,.F.);
#7449=ORIENTED_EDGE('',*,*,#5172,.F.);
#7450=ORIENTED_EDGE('',*,*,#5174,.T.);
#7451=ORIENTED_EDGE('',*,*,#5176,.F.);
#7452=ORIENTED_EDGE('',*,*,#5178,.T.);
#7453=ORIENTED_EDGE('',*,*,#5180,.T.);
#7454=ORIENTED_EDGE('',*,*,#5182,.T.);
#7455=ORIENTED_EDGE('',*,*,#5184,.F.);
#7456=ORIENTED_EDGE('',*,*,#5186,.F.);
#7457=ORIENTED_EDGE('',*,*,#5188,.T.);
#7458=ORIENTED_EDGE('',*,*,#5190,.F.);
#7459=ORIENTED_EDGE('',*,*,#5192,.T.);
#7460=ORIENTED_EDGE('',*,*,#5194,.T.);
#7461=ORIENTED_EDGE('',*,*,#5196,.T.);
#7462=ORIENTED_EDGE('',*,*,#5198,.F.);
#7463=ORIENTED_EDGE('',*,*,#5200,.F.);
#7464=ORIENTED_EDGE('',*,*,#5202,.T.);
#7465=ORIENTED_EDGE('',*,*,#5204,.F.);
#7466=ORIENTED_EDGE('',*,*,#5206,.T.);
#7467=ORIENTED_EDGE('',*,*,#5208,.T.);
#7468=ORIENTED_EDGE('',*,*,#5210,.T.);
#7469=ORIENTED_EDGE('',*,*,#5212,.F.);
#7470=ORIENTED_EDGE('',*,*,#5214,.F.);
#7471=ORIENTED_EDGE('',*,*,#5216,.T.);
#7472=ORIENTED_EDGE('',*,*,#5218,.F.);
#7473=ORIENTED_EDGE('',*,*,#5220,.T.);
#7474=ORIENTED_EDGE('',*,*,#5222,.T.);
#7475=ORIENTED_EDGE('',*,*,#5224,.T.);
#7476=ORIENTED_EDGE('',*,*,#5226,.F.);
#7477=ORIENTED_EDGE('',*,*,#5228,.F.);
#7478=ORIENTED_EDGE('',*,*,#5230,.T.);
#7479=ORIENTED_EDGE('',*,*,#5232,.F.);
#7480=ORIENTED_EDGE('',*,*,#5234,.T.);
#7481=ORIENTED_EDGE('',*,*,#5236,.T.);
#7482=ORIENTED_EDGE('',*,*,#5238,.T.);
#7483=ORIENTED_EDGE('',*,*,#5240,.F.);
#7484=ORIENTED_EDGE('',*,*,#5242,.F.);
#7485=ORIENTED_EDGE('',*,*,#5244,.T.);
#7486=ORIENTED_EDGE('',*,*,#5246,.F.);
#7487=ORIENTED_EDGE('',*,*,#5248,.T.);
#7488=ORIENTED_EDGE('',*,*,#5250,.T.);
#7489=ORIENTED_EDGE('',*,*,#5252,.T.);
#7490=ORIENTED_EDGE('',*,*,#5254,.F.);
#7491=ORIENTED_EDGE('',*,*,#5256,.F.);
#7492=ORIENTED_EDGE('',*,*,#5258,.T.);
#7493=ORIENTED_EDGE('',*,*,#5260,.F.);
#7494=ORIENTED_EDGE('',*,*,#4338,.T.);
#7495=ORIENTED_EDGE('',*,*,#4882,.T.);
#7496=ORIENTED_EDGE('',*,*,#4880,.T.);
#7497=ORIENTED_EDGE('',*,*,#4878,.T.);
#7498=ORIENTED_EDGE('',*,*,#4876,.T.);
#7499=ORIENTED_EDGE('',*,*,#4873,.T.);
#7500=ORIENTED_EDGE('',*,*,#4870,.T.);
#7501=ORIENTED_EDGE('',*,*,#4867,.T.);
#7502=ORIENTED_EDGE('',*,*,#4864,.T.);
#7503=ORIENTED_EDGE('',*,*,#4862,.T.);
#7504=ORIENTED_EDGE('',*,*,#4860,.T.);
#7505=ORIENTED_EDGE('',*,*,#4858,.T.);
#7506=ORIENTED_EDGE('',*,*,#4855,.T.);
#7507=ORIENTED_EDGE('',*,*,#4852,.T.);
#7508=ORIENTED_EDGE('',*,*,#4849,.T.);
#7509=ORIENTED_EDGE('',*,*,#4846,.T.);
#7510=ORIENTED_EDGE('',*,*,#4844,.T.);
#7511=ORIENTED_EDGE('',*,*,#4842,.T.);
#7512=ORIENTED_EDGE('',*,*,#4840,.T.);
#7513=ORIENTED_EDGE('',*,*,#4837,.T.);
#7514=ORIENTED_EDGE('',*,*,#4834,.T.);
#7515=ORIENTED_EDGE('',*,*,#4831,.T.);
#7516=ORIENTED_EDGE('',*,*,#4828,.T.);
#7517=ORIENTED_EDGE('',*,*,#4826,.T.);
#7518=ORIENTED_EDGE('',*,*,#4824,.T.);
#7519=ORIENTED_EDGE('',*,*,#4822,.T.);
#7520=ORIENTED_EDGE('',*,*,#4819,.T.);
#7521=ORIENTED_EDGE('',*,*,#4816,.T.);
#7522=ORIENTED_EDGE('',*,*,#4813,.T.);
#7523=ORIENTED_EDGE('',*,*,#4810,.T.);
#7524=ORIENTED_EDGE('',*,*,#4808,.T.);
#7525=ORIENTED_EDGE('',*,*,#4806,.T.);
#7526=ORIENTED_EDGE('',*,*,#4804,.T.);
#7527=ORIENTED_EDGE('',*,*,#4801,.T.);
#7528=ORIENTED_EDGE('',*,*,#4798,.T.);
#7529=ORIENTED_EDGE('',*,*,#4795,.T.);
#7530=ORIENTED_EDGE('',*,*,#4792,.T.);
#7531=ORIENTED_EDGE('',*,*,#4790,.T.);
#7532=ORIENTED_EDGE('',*,*,#4788,.T.);
#7533=ORIENTED_EDGE('',*,*,#4786,.T.);
#7534=ORIENTED_EDGE('',*,*,#4783,.T.);
#7535=ORIENTED_EDGE('',*,*,#4780,.T.);
#7536=ORIENTED_EDGE('',*,*,#4777,.T.);
#7537=ORIENTED_EDGE('',*,*,#4774,.T.);
#7538=ORIENTED_EDGE('',*,*,#4772,.T.);
#7539=ORIENTED_EDGE('',*,*,#4770,.T.);
#7540=ORIENTED_EDGE('',*,*,#4768,.T.);
#7541=ORIENTED_EDGE('',*,*,#4765,.T.);
#7542=ORIENTED_EDGE('',*,*,#4762,.T.);
#7543=ORIENTED_EDGE('',*,*,#4759,.T.);
#7544=ORIENTED_EDGE('',*,*,#4756,.T.);
#7545=ORIENTED_EDGE('',*,*,#4754,.T.);
#7546=ORIENTED_EDGE('',*,*,#4752,.T.);
#7547=ORIENTED_EDGE('',*,*,#4750,.T.);
#7548=ORIENTED_EDGE('',*,*,#4747,.T.);
#7549=ORIENTED_EDGE('',*,*,#4744,.T.);
#7550=ORIENTED_EDGE('',*,*,#4741,.T.);
#7551=ORIENTED_EDGE('',*,*,#4738,.T.);
#7552=ORIENTED_EDGE('',*,*,#4736,.T.);
#7553=ORIENTED_EDGE('',*,*,#4734,.T.);
#7554=ORIENTED_EDGE('',*,*,#4732,.T.);
#7555=ORIENTED_EDGE('',*,*,#4729,.T.);
#7556=ORIENTED_EDGE('',*,*,#4726,.T.);
#7557=ORIENTED_EDGE('',*,*,#4723,.T.);
#7558=ORIENTED_EDGE('',*,*,#4720,.T.);
#7559=ORIENTED_EDGE('',*,*,#4718,.T.);
#7560=ORIENTED_EDGE('',*,*,#4716,.T.);
#7561=ORIENTED_EDGE('',*,*,#4714,.T.);
#7562=ORIENTED_EDGE('',*,*,#4711,.T.);
#7563=ORIENTED_EDGE('',*,*,#4708,.T.);
#7564=ORIENTED_EDGE('',*,*,#4705,.T.);
#7565=ORIENTED_EDGE('',*,*,#4702,.T.);
#7566=ORIENTED_EDGE('',*,*,#4700,.T.);
#7567=ORIENTED_EDGE('',*,*,#4698,.T.);
#7568=ORIENTED_EDGE('',*,*,#4696,.T.);
#7569=ORIENTED_EDGE('',*,*,#4693,.T.);
#7570=ORIENTED_EDGE('',*,*,#4690,.T.);
#7571=ORIENTED_EDGE('',*,*,#4687,.T.);
#7572=ORIENTED_EDGE('',*,*,#4684,.T.);
#7573=ORIENTED_EDGE('',*,*,#4682,.T.);
#7574=ORIENTED_EDGE('',*,*,#4680,.T.);
#7575=ORIENTED_EDGE('',*,*,#4678,.T.);
#7576=ORIENTED_EDGE('',*,*,#4675,.T.);
#7577=ORIENTED_EDGE('',*,*,#4672,.T.);
#7578=ORIENTED_EDGE('',*,*,#4669,.T.);
#7579=ORIENTED_EDGE('',*,*,#4666,.T.);
#7580=ORIENTED_EDGE('',*,*,#4664,.T.);
#7581=ORIENTED_EDGE('',*,*,#4662,.T.);
#7582=ORIENTED_EDGE('',*,*,#4660,.T.);
#7583=ORIENTED_EDGE('',*,*,#4657,.T.);
#7584=ORIENTED_EDGE('',*,*,#4654,.T.);
#7585=ORIENTED_EDGE('',*,*,#4651,.T.);
#7586=ORIENTED_EDGE('',*,*,#4648,.T.);
#7587=ORIENTED_EDGE('',*,*,#4646,.T.);
#7588=ORIENTED_EDGE('',*,*,#4644,.T.);
#7589=ORIENTED_EDGE('',*,*,#4642,.T.);
#7590=ORIENTED_EDGE('',*,*,#4639,.T.);
#7591=ORIENTED_EDGE('',*,*,#4636,.T.);
#7592=ORIENTED_EDGE('',*,*,#4633,.T.);
#7593=ORIENTED_EDGE('',*,*,#4630,.T.);
#7594=ORIENTED_EDGE('',*,*,#4628,.T.);
#7595=ORIENTED_EDGE('',*,*,#4626,.T.);
#7596=ORIENTED_EDGE('',*,*,#4624,.T.);
#7597=ORIENTED_EDGE('',*,*,#4621,.T.);
#7598=ORIENTED_EDGE('',*,*,#4618,.T.);
#7599=ORIENTED_EDGE('',*,*,#4615,.T.);
#7600=ORIENTED_EDGE('',*,*,#4612,.T.);
#7601=ORIENTED_EDGE('',*,*,#4610,.T.);
#7602=ORIENTED_EDGE('',*,*,#4608,.T.);
#7603=ORIENTED_EDGE('',*,*,#4606,.T.);
#7604=ORIENTED_EDGE('',*,*,#4603,.T.);
#7605=ORIENTED_EDGE('',*,*,#4600,.T.);
#7606=ORIENTED_EDGE('',*,*,#4597,.T.);
#7607=ORIENTED_EDGE('',*,*,#4594,.T.);
#7608=ORIENTED_EDGE('',*,*,#4592,.T.);
#7609=ORIENTED_EDGE('',*,*,#4590,.T.);
#7610=ORIENTED_EDGE('',*,*,#4588,.T.);
#7611=ORIENTED_EDGE('',*,*,#4585,.T.);
#7612=ORIENTED_EDGE('',*,*,#4582,.T.);
#7613=ORIENTED_EDGE('',*,*,#4579,.T.);
#7614=ORIENTED_EDGE('',*,*,#4576,.T.);
#7615=ORIENTED_EDGE('',*,*,#4574,.T.);
#7616=ORIENTED_EDGE('',*,*,#4572,.T.);
#7617=ORIENTED_EDGE('',*,*,#4570,.T.);
#7618=ORIENTED_EDGE('',*,*,#4567,.T.);
#7619=ORIENTED_EDGE('',*,*,#4564,.T.);
#7620=ORIENTED_EDGE('',*,*,#4561,.T.);
#7621=ORIENTED_EDGE('',*,*,#4558,.T.);
#7622=ORIENTED_EDGE('',*,*,#4556,.T.);
#7623=ORIENTED_EDGE('',*,*,#4554,.T.);
#7624=ORIENTED_EDGE('',*,*,#4552,.T.);
#7625=ORIENTED_EDGE('',*,*,#4549,.T.);
#7626=ORIENTED_EDGE('',*,*,#4546,.T.);
#7627=ORIENTED_EDGE('',*,*,#4543,.T.);
#7628=ORIENTED_EDGE('',*,*,#4540,.T.);
#7629=ORIENTED_EDGE('',*,*,#4538,.T.);
#7630=ORIENTED_EDGE('',*,*,#4536,.T.);
#7631=ORIENTED_EDGE('',*,*,#4534,.T.);
#7632=ORIENTED_EDGE('',*,*,#4531,.T.);
#7633=ORIENTED_EDGE('',*,*,#4528,.T.);
#7634=ORIENTED_EDGE('',*,*,#4525,.T.);
#7635=ORIENTED_EDGE('',*,*,#4335,.T.);
#7636=ORIENTED_EDGE('',*,*,#5263,.F.);
#7637=ORIENTED_EDGE('',*,*,#5264,.T.);
#7638=ORIENTED_EDGE('',*,*,#5265,.T.);
#7639=ORIENTED_EDGE('',*,*,#5266,.F.);
#7640=ORIENTED_EDGE('',*,*,#5267,.F.);
#7641=ORIENTED_EDGE('',*,*,#5268,.T.);
#7642=ORIENTED_EDGE('',*,*,#5269,.T.);
#7643=ORIENTED_EDGE('',*,*,#5264,.F.);
#7644=ORIENTED_EDGE('',*,*,#5270,.F.);
#7645=ORIENTED_EDGE('',*,*,#5271,.T.);
#7646=ORIENTED_EDGE('',*,*,#5272,.T.);
#7647=ORIENTED_EDGE('',*,*,#5268,.F.);
#7648=ORIENTED_EDGE('',*,*,#5273,.F.);
#7649=ORIENTED_EDGE('',*,*,#5274,.T.);
#7650=ORIENTED_EDGE('',*,*,#5275,.T.);
#7651=ORIENTED_EDGE('',*,*,#5271,.F.);
#7652=ORIENTED_EDGE('',*,*,#5276,.F.);
#7653=ORIENTED_EDGE('',*,*,#5277,.T.);
#7654=ORIENTED_EDGE('',*,*,#5278,.T.);
#7655=ORIENTED_EDGE('',*,*,#5274,.F.);
#7656=ORIENTED_EDGE('',*,*,#5279,.F.);
#7657=ORIENTED_EDGE('',*,*,#5266,.T.);
#7658=ORIENTED_EDGE('',*,*,#5280,.T.);
#7659=ORIENTED_EDGE('',*,*,#5277,.F.);
#7660=ORIENTED_EDGE('',*,*,#5280,.F.);
#7661=ORIENTED_EDGE('',*,*,#5265,.F.);
#7662=ORIENTED_EDGE('',*,*,#5269,.F.);
#7663=ORIENTED_EDGE('',*,*,#5272,.F.);
#7664=ORIENTED_EDGE('',*,*,#5275,.F.);
#7665=ORIENTED_EDGE('',*,*,#5278,.F.);
#7666=ORIENTED_EDGE('',*,*,#5281,.T.);
#7667=ORIENTED_EDGE('',*,*,#5282,.T.);
#7668=ORIENTED_EDGE('',*,*,#4180,.T.);
#7669=ORIENTED_EDGE('',*,*,#5282,.F.);
#7670=ORIENTED_EDGE('',*,*,#5283,.F.);
#7671=ORIENTED_EDGE('',*,*,#5284,.T.);
#7672=ORIENTED_EDGE('',*,*,#5281,.F.);
#7673=ORIENTED_EDGE('',*,*,#5284,.F.);
#7674=ORIENTED_EDGE('',*,*,#5285,.T.);
#7675=ORIENTED_EDGE('',*,*,#5286,.T.);
#7676=ORIENTED_EDGE('',*,*,#5283,.T.);
#7677=ORIENTED_EDGE('',*,*,#5286,.F.);
#7678=ORIENTED_EDGE('',*,*,#5285,.F.);
#7679=ORIENTED_EDGE('',*,*,#5263,.T.);
#7680=ORIENTED_EDGE('',*,*,#5279,.T.);
#7681=ORIENTED_EDGE('',*,*,#5276,.T.);
#7682=ORIENTED_EDGE('',*,*,#5273,.T.);
#7683=ORIENTED_EDGE('',*,*,#5270,.T.);
#7684=ORIENTED_EDGE('',*,*,#5267,.T.);
#7685=ORIENTED_EDGE('',*,*,#5287,.F.);
#7686=ORIENTED_EDGE('',*,*,#5288,.T.);
#7687=ORIENTED_EDGE('',*,*,#5289,.T.);
#7688=ORIENTED_EDGE('',*,*,#5290,.F.);
#7689=ORIENTED_EDGE('',*,*,#5291,.F.);
#7690=ORIENTED_EDGE('',*,*,#5292,.T.);
#7691=ORIENTED_EDGE('',*,*,#5293,.T.);
#7692=ORIENTED_EDGE('',*,*,#5288,.F.);
#7693=ORIENTED_EDGE('',*,*,#5294,.F.);
#7694=ORIENTED_EDGE('',*,*,#5295,.T.);
#7695=ORIENTED_EDGE('',*,*,#5296,.T.);
#7696=ORIENTED_EDGE('',*,*,#5292,.F.);
#7697=ORIENTED_EDGE('',*,*,#5297,.F.);
#7698=ORIENTED_EDGE('',*,*,#5298,.T.);
#7699=ORIENTED_EDGE('',*,*,#5299,.T.);
#7700=ORIENTED_EDGE('',*,*,#5295,.F.);
#7701=ORIENTED_EDGE('',*,*,#5300,.F.);
#7702=ORIENTED_EDGE('',*,*,#5301,.T.);
#7703=ORIENTED_EDGE('',*,*,#5302,.T.);
#7704=ORIENTED_EDGE('',*,*,#5298,.F.);
#7705=ORIENTED_EDGE('',*,*,#5303,.F.);
#7706=ORIENTED_EDGE('',*,*,#5290,.T.);
#7707=ORIENTED_EDGE('',*,*,#5304,.T.);
#7708=ORIENTED_EDGE('',*,*,#5301,.F.);
#7709=ORIENTED_EDGE('',*,*,#5304,.F.);
#7710=ORIENTED_EDGE('',*,*,#5289,.F.);
#7711=ORIENTED_EDGE('',*,*,#5293,.F.);
#7712=ORIENTED_EDGE('',*,*,#5296,.F.);
#7713=ORIENTED_EDGE('',*,*,#5299,.F.);
#7714=ORIENTED_EDGE('',*,*,#5302,.F.);
#7715=ORIENTED_EDGE('',*,*,#4326,.F.);
#7716=ORIENTED_EDGE('',*,*,#4334,.F.);
#7717=ORIENTED_EDGE('',*,*,#4332,.T.);
#7718=ORIENTED_EDGE('',*,*,#4330,.T.);
#7719=ORIENTED_EDGE('',*,*,#4328,.T.);
#7720=ORIENTED_EDGE('',*,*,#5305,.T.);
#7721=ORIENTED_EDGE('',*,*,#5306,.T.);
#7722=ORIENTED_EDGE('',*,*,#4179,.T.);
#7723=ORIENTED_EDGE('',*,*,#5306,.F.);
#7724=ORIENTED_EDGE('',*,*,#5307,.F.);
#7725=ORIENTED_EDGE('',*,*,#5308,.T.);
#7726=ORIENTED_EDGE('',*,*,#5305,.F.);
#7727=ORIENTED_EDGE('',*,*,#5308,.F.);
#7728=ORIENTED_EDGE('',*,*,#5309,.T.);
#7729=ORIENTED_EDGE('',*,*,#5310,.T.);
#7730=ORIENTED_EDGE('',*,*,#5307,.T.);
#7731=ORIENTED_EDGE('',*,*,#5310,.F.);
#7732=ORIENTED_EDGE('',*,*,#5309,.F.);
#7733=ORIENTED_EDGE('',*,*,#5287,.T.);
#7734=ORIENTED_EDGE('',*,*,#5303,.T.);
#7735=ORIENTED_EDGE('',*,*,#5300,.T.);
#7736=ORIENTED_EDGE('',*,*,#5297,.T.);
#7737=ORIENTED_EDGE('',*,*,#5294,.T.);
#7738=ORIENTED_EDGE('',*,*,#5291,.T.);
#7739=ORIENTED_EDGE('',*,*,#4255,.F.);
#7740=ORIENTED_EDGE('',*,*,#5311,.T.);
#7741=ORIENTED_EDGE('',*,*,#5312,.F.);
#7742=ORIENTED_EDGE('',*,*,#5311,.F.);
#7743=ORIENTED_EDGE('',*,*,#4253,.F.);
#7744=ORIENTED_EDGE('',*,*,#5313,.T.);
#7745=ORIENTED_EDGE('',*,*,#5314,.F.);
#7746=ORIENTED_EDGE('',*,*,#5313,.F.);
#7747=ORIENTED_EDGE('',*,*,#4252,.F.);
#7748=ORIENTED_EDGE('',*,*,#5315,.T.);
#7749=ORIENTED_EDGE('',*,*,#5316,.F.);
#7750=ORIENTED_EDGE('',*,*,#5315,.F.);
#7751=ORIENTED_EDGE('',*,*,#4250,.F.);
#7752=ORIENTED_EDGE('',*,*,#5317,.T.);
#7753=ORIENTED_EDGE('',*,*,#5318,.F.);
#7754=ORIENTED_EDGE('',*,*,#5317,.F.);
#7755=ORIENTED_EDGE('',*,*,#5319,.F.);
#7756=ORIENTED_EDGE('',*,*,#5320,.T.);
#7757=ORIENTED_EDGE('',*,*,#5321,.F.);
#7758=ORIENTED_EDGE('',*,*,#5320,.F.);
#7759=ORIENTED_EDGE('',*,*,#5322,.F.);
#7760=ORIENTED_EDGE('',*,*,#5323,.T.);
#7761=ORIENTED_EDGE('',*,*,#5324,.F.);
#7762=ORIENTED_EDGE('',*,*,#5323,.F.);
#7763=ORIENTED_EDGE('',*,*,#5325,.T.);
#7764=ORIENTED_EDGE('',*,*,#5326,.T.);
#7765=ORIENTED_EDGE('',*,*,#5327,.T.);
#7766=ORIENTED_EDGE('',*,*,#5328,.T.);
#7767=ORIENTED_EDGE('',*,*,#5328,.F.);
#7768=ORIENTED_EDGE('',*,*,#5329,.T.);
#7769=ORIENTED_EDGE('',*,*,#5330,.F.);
#7770=ORIENTED_EDGE('',*,*,#5331,.F.);
#7771=ORIENTED_EDGE('',*,*,#5332,.F.);
#7772=ORIENTED_EDGE('',*,*,#5333,.T.);
#7773=ORIENTED_EDGE('',*,*,#5334,.T.);
#7774=ORIENTED_EDGE('',*,*,#5327,.F.);
#7775=ORIENTED_EDGE('',*,*,#5335,.F.);
#7776=ORIENTED_EDGE('',*,*,#5336,.F.);
#7777=ORIENTED_EDGE('',*,*,#5337,.F.);
#7778=ORIENTED_EDGE('',*,*,#5338,.F.);
#7779=ORIENTED_EDGE('',*,*,#5339,.T.);
#7780=ORIENTED_EDGE('',*,*,#5340,.F.);
#7781=ORIENTED_EDGE('',*,*,#5329,.F.);
#7782=ORIENTED_EDGE('',*,*,#5319,.T.);
#7783=ORIENTED_EDGE('',*,*,#5322,.T.);
#7784=ORIENTED_EDGE('',*,*,#5341,.T.);
#7785=ORIENTED_EDGE('',*,*,#5342,.T.);
#7786=ORIENTED_EDGE('',*,*,#5330,.T.);
#7787=ORIENTED_EDGE('',*,*,#5340,.T.);
#7788=ORIENTED_EDGE('',*,*,#5343,.T.);
#7789=ORIENTED_EDGE('',*,*,#5343,.F.);
#7790=ORIENTED_EDGE('',*,*,#5339,.F.);
#7791=ORIENTED_EDGE('',*,*,#5344,.F.);
#7792=ORIENTED_EDGE('',*,*,#5345,.F.);
#7793=ORIENTED_EDGE('',*,*,#5338,.T.);
#7794=ORIENTED_EDGE('',*,*,#5346,.T.);
#7795=ORIENTED_EDGE('',*,*,#5347,.T.);
#7796=ORIENTED_EDGE('',*,*,#5344,.T.);
#7797=ORIENTED_EDGE('',*,*,#5342,.F.);
#7798=ORIENTED_EDGE('',*,*,#5345,.T.);
#7799=ORIENTED_EDGE('',*,*,#5347,.F.);
#7800=ORIENTED_EDGE('',*,*,#5348,.T.);
#7801=ORIENTED_EDGE('',*,*,#5349,.T.);
#7802=ORIENTED_EDGE('',*,*,#5331,.T.);
#7803=ORIENTED_EDGE('',*,*,#5350,.T.);
#7804=ORIENTED_EDGE('',*,*,#5351,.T.);
#7805=ORIENTED_EDGE('',*,*,#5346,.F.);
#7806=ORIENTED_EDGE('',*,*,#5337,.T.);
#7807=ORIENTED_EDGE('',*,*,#5352,.F.);
#7808=ORIENTED_EDGE('',*,*,#5353,.F.);
#7809=ORIENTED_EDGE('',*,*,#5348,.F.);
#7810=ORIENTED_EDGE('',*,*,#5354,.T.);
#7811=ORIENTED_EDGE('',*,*,#5355,.T.);
#7812=ORIENTED_EDGE('',*,*,#5356,.T.);
#7813=ORIENTED_EDGE('',*,*,#5352,.T.);
#7814=ORIENTED_EDGE('',*,*,#5336,.T.);
#7815=ORIENTED_EDGE('',*,*,#5357,.T.);
#7816=ORIENTED_EDGE('',*,*,#5356,.F.);
#7817=ORIENTED_EDGE('',*,*,#5358,.T.);
#7818=ORIENTED_EDGE('',*,*,#5359,.F.);
#7819=ORIENTED_EDGE('',*,*,#5353,.T.);
#7820=ORIENTED_EDGE('',*,*,#5351,.F.);
#7821=ORIENTED_EDGE('',*,*,#5360,.T.);
#7822=ORIENTED_EDGE('',*,*,#5361,.T.);
#7823=ORIENTED_EDGE('',*,*,#5360,.F.);
#7824=ORIENTED_EDGE('',*,*,#5361,.F.);
#7825=ORIENTED_EDGE('',*,*,#5321,.T.);
#7826=ORIENTED_EDGE('',*,*,#5350,.F.);
#7827=ORIENTED_EDGE('',*,*,#5362,.T.);
#7828=ORIENTED_EDGE('',*,*,#5363,.T.);
#7829=ORIENTED_EDGE('',*,*,#5362,.F.);
#7830=ORIENTED_EDGE('',*,*,#5363,.F.);
#7831=ORIENTED_EDGE('',*,*,#5324,.T.);
#7832=ORIENTED_EDGE('',*,*,#5334,.F.);
#7833=ORIENTED_EDGE('',*,*,#5364,.T.);
#7834=ORIENTED_EDGE('',*,*,#5365,.F.);
#7835=ORIENTED_EDGE('',*,*,#5366,.F.);
#7836=ORIENTED_EDGE('',*,*,#5364,.F.);
#7837=ORIENTED_EDGE('',*,*,#5367,.F.);
#7838=ORIENTED_EDGE('',*,*,#5368,.F.);
#7839=ORIENTED_EDGE('',*,*,#5369,.T.);
#7840=ORIENTED_EDGE('',*,*,#5354,.F.);
#7841=ORIENTED_EDGE('',*,*,#5369,.F.);
#7842=ORIENTED_EDGE('',*,*,#5333,.F.);
#7843=ORIENTED_EDGE('',*,*,#5370,.T.);
#7844=ORIENTED_EDGE('',*,*,#5371,.F.);
#7845=ORIENTED_EDGE('',*,*,#5372,.F.);
#7846=ORIENTED_EDGE('',*,*,#5370,.F.);
#7847=ORIENTED_EDGE('',*,*,#5373,.F.);
#7848=ORIENTED_EDGE('',*,*,#5374,.F.);
#7849=ORIENTED_EDGE('',*,*,#5375,.T.);
#7850=ORIENTED_EDGE('',*,*,#5355,.F.);
#7851=ORIENTED_EDGE('',*,*,#5375,.F.);
#7852=ORIENTED_EDGE('',*,*,#5326,.F.);
#7853=ORIENTED_EDGE('',*,*,#5376,.F.);
#7854=ORIENTED_EDGE('',*,*,#5358,.F.);
#7855=ORIENTED_EDGE('',*,*,#5357,.F.);
#7856=ORIENTED_EDGE('',*,*,#5335,.T.);
#7857=ORIENTED_EDGE('',*,*,#5325,.F.);
#7858=ORIENTED_EDGE('',*,*,#5332,.T.);
#7859=ORIENTED_EDGE('',*,*,#5377,.F.);
#7860=ORIENTED_EDGE('',*,*,#5376,.T.);
#7861=ORIENTED_EDGE('',*,*,#5359,.T.);
#7862=ORIENTED_EDGE('',*,*,#5377,.T.);
#7863=ORIENTED_EDGE('',*,*,#5349,.F.);
#7864=ORIENTED_EDGE('',*,*,#5378,.T.);
#7865=ORIENTED_EDGE('',*,*,#4321,.F.);
#7866=ORIENTED_EDGE('',*,*,#5378,.F.);
#7867=ORIENTED_EDGE('',*,*,#5379,.T.);
#7868=ORIENTED_EDGE('',*,*,#5380,.T.);
#7869=ORIENTED_EDGE('',*,*,#5341,.F.);
#7870=ORIENTED_EDGE('',*,*,#5380,.F.);
#7871=ORIENTED_EDGE('',*,*,#5367,.T.);
#7872=ORIENTED_EDGE('',*,*,#5368,.T.);
#7873=ORIENTED_EDGE('',*,*,#5365,.T.);
#7874=ORIENTED_EDGE('',*,*,#5366,.T.);
#7875=ORIENTED_EDGE('',*,*,#5373,.T.);
#7876=ORIENTED_EDGE('',*,*,#5374,.T.);
#7877=ORIENTED_EDGE('',*,*,#5371,.T.);
#7878=ORIENTED_EDGE('',*,*,#5372,.T.);
#7879=ORIENTED_EDGE('',*,*,#5381,.T.);
#7880=ORIENTED_EDGE('',*,*,#5382,.T.);
#7881=ORIENTED_EDGE('',*,*,#4260,.F.);
#7882=ORIENTED_EDGE('',*,*,#4247,.F.);
#7883=ORIENTED_EDGE('',*,*,#4259,.F.);
#7884=ORIENTED_EDGE('',*,*,#4216,.F.);
#7885=ORIENTED_EDGE('',*,*,#4267,.F.);
#7886=ORIENTED_EDGE('',*,*,#5383,.F.);
#7887=ORIENTED_EDGE('',*,*,#4264,.F.);
#7888=ORIENTED_EDGE('',*,*,#4293,.F.);
#7889=ORIENTED_EDGE('',*,*,#4261,.F.);
#7890=ORIENTED_EDGE('',*,*,#5382,.F.);
#7891=ORIENTED_EDGE('',*,*,#4324,.F.);
#7892=ORIENTED_EDGE('',*,*,#4258,.T.);
#7893=ORIENTED_EDGE('',*,*,#5379,.F.);
#7894=ORIENTED_EDGE('',*,*,#5312,.T.);
#7895=ORIENTED_EDGE('',*,*,#5314,.T.);
#7896=ORIENTED_EDGE('',*,*,#5316,.T.);
#7897=ORIENTED_EDGE('',*,*,#5318,.T.);
#7898=ORIENTED_EDGE('',*,*,#5381,.F.);
#7899=ORIENTED_EDGE('',*,*,#5384,.F.);
#7900=ORIENTED_EDGE('',*,*,#5385,.T.);
#7901=ORIENTED_EDGE('',*,*,#5386,.T.);
#7902=ORIENTED_EDGE('',*,*,#5387,.F.);
#7903=ORIENTED_EDGE('',*,*,#5388,.F.);
#7904=ORIENTED_EDGE('',*,*,#5389,.T.);
#7905=ORIENTED_EDGE('',*,*,#5390,.T.);
#7906=ORIENTED_EDGE('',*,*,#5385,.F.);
#7907=ORIENTED_EDGE('',*,*,#5391,.F.);
#7908=ORIENTED_EDGE('',*,*,#5392,.T.);
#7909=ORIENTED_EDGE('',*,*,#5393,.T.);
#7910=ORIENTED_EDGE('',*,*,#5389,.F.);
#7911=ORIENTED_EDGE('',*,*,#5394,.F.);
#7912=ORIENTED_EDGE('',*,*,#5395,.T.);
#7913=ORIENTED_EDGE('',*,*,#5396,.T.);
#7914=ORIENTED_EDGE('',*,*,#5392,.F.);
#7915=ORIENTED_EDGE('',*,*,#5397,.F.);
#7916=ORIENTED_EDGE('',*,*,#5398,.T.);
#7917=ORIENTED_EDGE('',*,*,#5399,.T.);
#7918=ORIENTED_EDGE('',*,*,#5395,.F.);
#7919=ORIENTED_EDGE('',*,*,#5400,.F.);
#7920=ORIENTED_EDGE('',*,*,#5387,.T.);
#7921=ORIENTED_EDGE('',*,*,#5401,.T.);
#7922=ORIENTED_EDGE('',*,*,#5398,.F.);
#7923=ORIENTED_EDGE('',*,*,#5401,.F.);
#7924=ORIENTED_EDGE('',*,*,#5386,.F.);
#7925=ORIENTED_EDGE('',*,*,#5390,.F.);
#7926=ORIENTED_EDGE('',*,*,#5393,.F.);
#7927=ORIENTED_EDGE('',*,*,#5396,.F.);
#7928=ORIENTED_EDGE('',*,*,#5399,.F.);
#7929=ORIENTED_EDGE('',*,*,#5402,.T.);
#7930=ORIENTED_EDGE('',*,*,#5402,.F.);
#7931=ORIENTED_EDGE('',*,*,#5403,.T.);
#7932=ORIENTED_EDGE('',*,*,#4251,.T.);
#7933=ORIENTED_EDGE('',*,*,#5403,.F.);
#7934=ORIENTED_EDGE('',*,*,#5404,.T.);
#7935=ORIENTED_EDGE('',*,*,#5405,.T.);
#7936=ORIENTED_EDGE('',*,*,#4265,.T.);
#7937=ORIENTED_EDGE('',*,*,#5406,.T.);
#7938=ORIENTED_EDGE('',*,*,#4266,.T.);
#7939=ORIENTED_EDGE('',*,*,#5405,.F.);
#7940=ORIENTED_EDGE('',*,*,#5407,.F.);
#7941=ORIENTED_EDGE('',*,*,#5408,.T.);
#7942=ORIENTED_EDGE('',*,*,#5404,.F.);
#7943=ORIENTED_EDGE('',*,*,#5408,.F.);
#7944=ORIENTED_EDGE('',*,*,#5383,.T.);
#7945=ORIENTED_EDGE('',*,*,#5406,.F.);
#7946=ORIENTED_EDGE('',*,*,#5409,.T.);
#7947=ORIENTED_EDGE('',*,*,#5410,.T.);
#7948=ORIENTED_EDGE('',*,*,#5407,.T.);
#7949=ORIENTED_EDGE('',*,*,#5410,.F.);
#7950=ORIENTED_EDGE('',*,*,#5409,.F.);
#7951=ORIENTED_EDGE('',*,*,#5384,.T.);
#7952=ORIENTED_EDGE('',*,*,#5400,.T.);
#7953=ORIENTED_EDGE('',*,*,#5397,.T.);
#7954=ORIENTED_EDGE('',*,*,#5394,.T.);
#7955=ORIENTED_EDGE('',*,*,#5391,.T.);
#7956=ORIENTED_EDGE('',*,*,#5388,.T.);
#7957=PLANE('',#8656);
#7958=PLANE('',#8663);
#7959=PLANE('',#8687);
#7960=PLANE('',#8696);
#7961=PLANE('',#8706);
#7962=PLANE('',#8707);
#7963=PLANE('',#8708);
#7964=PLANE('',#8709);
#7965=PLANE('',#8710);
#7966=PLANE('',#8711);
#7967=PLANE('',#8712);
#7968=PLANE('',#8713);
#7969=PLANE('',#8722);
#7970=PLANE('',#8727);
#7971=PLANE('',#8731);
#7972=PLANE('',#8732);
#7973=PLANE('',#8733);
#7974=PLANE('',#8734);
#7975=PLANE('',#8735);
#7976=PLANE('',#8736);
#7977=PLANE('',#8737);
#7978=PLANE('',#8738);
#7979=PLANE('',#8747);
#7980=PLANE('',#8752);
#7981=PLANE('',#8753);
#7982=PLANE('',#8756);
#7983=PLANE('',#8758);
#7984=PLANE('',#8761);
#7985=PLANE('',#8766);
#7986=PLANE('',#8776);
#7987=PLANE('',#8777);
#7988=PLANE('',#8778);
#7989=PLANE('',#8779);
#7990=PLANE('',#8780);
#7991=PLANE('',#8781);
#7992=PLANE('',#8782);
#7993=PLANE('',#8783);
#7994=PLANE('',#8792);
#7995=PLANE('',#8797);
#7996=PLANE('',#8798);
#7997=PLANE('',#8799);
#7998=PLANE('',#8800);
#7999=PLANE('',#8801);
#8000=PLANE('',#8802);
#8001=PLANE('',#8803);
#8002=PLANE('',#8804);
#8003=PLANE('',#8813);
#8004=PLANE('',#8814);
#8005=PLANE('',#8838);
#8006=PLANE('',#8839);
#8007=PLANE('',#8840);
#8008=PLANE('',#8846);
#8009=PLANE('',#8852);
#8010=PLANE('',#8858);
#8011=PLANE('',#8864);
#8012=PLANE('',#8870);
#8013=PLANE('',#8876);
#8014=PLANE('',#8882);
#8015=PLANE('',#8888);
#8016=PLANE('',#8894);
#8017=PLANE('',#8900);
#8018=PLANE('',#8906);
#8019=PLANE('',#8912);
#8020=PLANE('',#8918);
#8021=PLANE('',#8924);
#8022=PLANE('',#8930);
#8023=PLANE('',#8936);
#8024=PLANE('',#8942);
#8025=PLANE('',#8948);
#8026=PLANE('',#8954);
#8027=PLANE('',#8960);
#8028=PLANE('',#8967);
#8029=PLANE('',#8974);
#8030=PLANE('',#8981);
#8031=PLANE('',#8988);
#8032=PLANE('',#8995);
#8033=PLANE('',#9002);
#8034=PLANE('',#9009);
#8035=PLANE('',#9016);
#8036=PLANE('',#9023);
#8037=PLANE('',#9030);
#8038=PLANE('',#9037);
#8039=PLANE('',#9044);
#8040=PLANE('',#9051);
#8041=PLANE('',#9058);
#8042=PLANE('',#9065);
#8043=PLANE('',#9072);
#8044=PLANE('',#9079);
#8045=PLANE('',#9086);
#8046=PLANE('',#9093);
#8047=PLANE('',#9100);
#8048=PLANE('',#9107);
#8049=PLANE('',#9114);
#8050=PLANE('',#9121);
#8051=PLANE('',#9128);
#8052=PLANE('',#9135);
#8053=PLANE('',#9142);
#8054=PLANE('',#9149);
#8055=PLANE('',#9156);
#8056=PLANE('',#9163);
#8057=PLANE('',#9170);
#8058=PLANE('',#9177);
#8059=PLANE('',#9184);
#8060=PLANE('',#9191);
#8061=PLANE('',#9198);
#8062=PLANE('',#9205);
#8063=PLANE('',#9212);
#8064=PLANE('',#9219);
#8065=PLANE('',#9226);
#8066=PLANE('',#9233);
#8067=PLANE('',#9240);
#8068=PLANE('',#9244);
#8069=PLANE('',#9248);
#8070=PLANE('',#9252);
#8071=PLANE('',#9256);
#8072=PLANE('',#9260);
#8073=PLANE('',#9264);
#8074=PLANE('',#9268);
#8075=PLANE('',#9272);
#8076=PLANE('',#9276);
#8077=PLANE('',#9280);
#8078=PLANE('',#9284);
#8079=PLANE('',#9288);
#8080=PLANE('',#9292);
#8081=PLANE('',#9296);
#8082=PLANE('',#9300);
#8083=PLANE('',#9304);
#8084=PLANE('',#9308);
#8085=PLANE('',#9312);
#8086=PLANE('',#9316);
#8087=PLANE('',#9324);
#8088=PLANE('',#9329);
#8089=PLANE('',#9336);
#8090=PLANE('',#9341);
#8091=PLANE('',#9348);
#8092=PLANE('',#9353);
#8093=PLANE('',#9360);
#8094=PLANE('',#9365);
#8095=PLANE('',#9372);
#8096=PLANE('',#9377);
#8097=PLANE('',#9384);
#8098=PLANE('',#9389);
#8099=PLANE('',#9396);
#8100=PLANE('',#9401);
#8101=PLANE('',#9408);
#8102=PLANE('',#9413);
#8103=PLANE('',#9420);
#8104=PLANE('',#9425);
#8105=PLANE('',#9432);
#8106=PLANE('',#9437);
#8107=PLANE('',#9444);
#8108=PLANE('',#9449);
#8109=PLANE('',#9456);
#8110=PLANE('',#9461);
#8111=PLANE('',#9468);
#8112=PLANE('',#9473);
#8113=PLANE('',#9480);
#8114=PLANE('',#9485);
#8115=PLANE('',#9492);
#8116=PLANE('',#9497);
#8117=PLANE('',#9504);
#8118=PLANE('',#9509);
#8119=PLANE('',#9516);
#8120=PLANE('',#9521);
#8121=PLANE('',#9528);
#8122=PLANE('',#9533);
#8123=PLANE('',#9540);
#8124=PLANE('',#9545);
#8125=PLANE('',#9552);
#8126=PLANE('',#9557);
#8127=PLANE('',#9560);
#8128=PLANE('',#9561);
#8129=PLANE('',#9562);
#8130=PLANE('',#9563);
#8131=PLANE('',#9564);
#8132=PLANE('',#9565);
#8133=PLANE('',#9566);
#8134=PLANE('',#9567);
#8135=PLANE('',#9568);
#8136=PLANE('',#9577);
#8137=PLANE('',#9578);
#8138=PLANE('',#9579);
#8139=PLANE('',#9580);
#8140=PLANE('',#9581);
#8141=PLANE('',#9582);
#8142=PLANE('',#9583);
#8143=PLANE('',#9584);
#8144=PLANE('',#9585);
#8145=PLANE('',#9594);
#8146=PLANE('',#9612);
#8147=PLANE('',#9615);
#8148=PLANE('',#9622);
#8149=PLANE('',#9625);
#8150=PLANE('',#9629);
#8151=PLANE('',#9634);
#8152=PLANE('',#9638);
#8153=PLANE('',#9641);
#8154=PLANE('',#9646);
#8155=PLANE('',#9647);
#8156=PLANE('',#9655);
#8157=PLANE('',#9656);
#8158=PLANE('',#9657);
#8159=PLANE('',#9658);
#8160=PLANE('',#9659);
#8161=PLANE('',#9660);
#8162=PLANE('',#9661);
#8163=PLANE('',#9662);
#8164=PLANE('',#9663);
#8165=PLANE('',#9664);
#8166=PLANE('',#9673);
#8167=PLANE('',#9677);
#8168=ADVANCED_FACE('',(#881),#7957,.T.);
#8169=ADVANCED_FACE('',(#882),#632,.T.);
#8170=ADVANCED_FACE('',(#883),#633,.T.);
#8171=ADVANCED_FACE('',(#884),#7958,.F.);
#8172=ADVANCED_FACE('',(#885),#634,.T.);
#8173=ADVANCED_FACE('',(#886),#635,.T.);
#8174=ADVANCED_FACE('',(#887),#636,.T.);
#8175=ADVANCED_FACE('',(#888),#637,.T.);
#8176=ADVANCED_FACE('',(#889),#638,.T.);
#8177=ADVANCED_FACE('',(#890),#639,.T.);
#8178=ADVANCED_FACE('',(#891),#640,.T.);
#8179=ADVANCED_FACE('',(#892,#37,#38,#39,#40),#7959,.T.);
#8180=ADVANCED_FACE('',(#893,#41),#7960,.T.);
#8181=ADVANCED_FACE('',(#894),#641,.T.);
#8182=ADVANCED_FACE('',(#895),#7961,.F.);
#8183=ADVANCED_FACE('',(#896),#7962,.F.);
#8184=ADVANCED_FACE('',(#897),#7963,.F.);
#8185=ADVANCED_FACE('',(#898),#7964,.F.);
#8186=ADVANCED_FACE('',(#899),#7965,.F.);
#8187=ADVANCED_FACE('',(#900),#7966,.F.);
#8188=ADVANCED_FACE('',(#901),#7967,.F.);
#8189=ADVANCED_FACE('',(#902),#7968,.T.);
#8190=ADVANCED_FACE('',(#903),#23,.T.);
#8191=ADVANCED_FACE('',(#904),#642,.T.);
#8192=ADVANCED_FACE('',(#905),#7969,.F.);
#8193=ADVANCED_FACE('',(#906),#24,.T.);
#8194=ADVANCED_FACE('',(#907,#42),#7970,.T.);
#8195=ADVANCED_FACE('',(#908),#643,.T.);
#8196=ADVANCED_FACE('',(#909),#7971,.F.);
#8197=ADVANCED_FACE('',(#910),#7972,.F.);
#8198=ADVANCED_FACE('',(#911),#7973,.F.);
#8199=ADVANCED_FACE('',(#912),#7974,.F.);
#8200=ADVANCED_FACE('',(#913),#7975,.F.);
#8201=ADVANCED_FACE('',(#914),#7976,.F.);
#8202=ADVANCED_FACE('',(#915),#7977,.F.);
#8203=ADVANCED_FACE('',(#916),#7978,.T.);
#8204=ADVANCED_FACE('',(#917),#25,.T.);
#8205=ADVANCED_FACE('',(#918),#644,.T.);
#8206=ADVANCED_FACE('',(#919),#7979,.F.);
#8207=ADVANCED_FACE('',(#920),#26,.T.);
#8208=ADVANCED_FACE('',(#921,#43),#7980,.T.);
#8209=ADVANCED_FACE('',(#922,#44),#7981,.F.);
#8210=ADVANCED_FACE('',(#923,#45),#7982,.F.);
#8211=ADVANCED_FACE('',(#924,#46),#7983,.F.);
#8212=ADVANCED_FACE('',(#925,#47),#7984,.F.);
#8213=ADVANCED_FACE('',(#926),#645,.T.);
#8214=ADVANCED_FACE('',(#927,#48),#7985,.T.);
#8215=ADVANCED_FACE('',(#928),#7986,.F.);
#8216=ADVANCED_FACE('',(#929),#7987,.F.);
#8217=ADVANCED_FACE('',(#930),#7988,.F.);
#8218=ADVANCED_FACE('',(#931),#7989,.F.);
#8219=ADVANCED_FACE('',(#932),#7990,.F.);
#8220=ADVANCED_FACE('',(#933),#7991,.F.);
#8221=ADVANCED_FACE('',(#934),#7992,.F.);
#8222=ADVANCED_FACE('',(#935),#7993,.T.);
#8223=ADVANCED_FACE('',(#936),#646,.T.);
#8224=ADVANCED_FACE('',(#937),#27,.T.);
#8225=ADVANCED_FACE('',(#938),#647,.T.);
#8226=ADVANCED_FACE('',(#939),#7994,.F.);
#8227=ADVANCED_FACE('',(#940),#28,.T.);
#8228=ADVANCED_FACE('',(#941,#49),#7995,.T.);
#8229=ADVANCED_FACE('',(#942),#7996,.F.);
#8230=ADVANCED_FACE('',(#943),#7997,.F.);
#8231=ADVANCED_FACE('',(#944),#7998,.F.);
#8232=ADVANCED_FACE('',(#945),#7999,.F.);
#8233=ADVANCED_FACE('',(#946),#8000,.F.);
#8234=ADVANCED_FACE('',(#947),#8001,.F.);
#8235=ADVANCED_FACE('',(#948),#8002,.F.);
#8236=ADVANCED_FACE('',(#949),#29,.T.);
#8237=ADVANCED_FACE('',(#950),#648,.T.);
#8238=ADVANCED_FACE('',(#951),#30,.T.);
#8239=ADVANCED_FACE('',(#952,#50),#8003,.T.);
#8240=ADVANCED_FACE('',(#953,#51),#8004,.T.);
#8241=ADVANCED_FACE('',(#954),#649,.T.);
#8242=ADVANCED_FACE('',(#955),#650,.F.);
#8243=ADVANCED_FACE('',(#956),#651,.F.);
#8244=ADVANCED_FACE('',(#957),#652,.F.);
#8245=ADVANCED_FACE('',(#958),#653,.F.);
#8246=ADVANCED_FACE('',(#959),#654,.F.);
#8247=ADVANCED_FACE('',(#960),#655,.T.);
#8248=ADVANCED_FACE('',(#961),#656,.T.);
#8249=ADVANCED_FACE('',(#962),#657,.F.);
#8250=ADVANCED_FACE('',(#963,#52),#8005,.T.);
#8251=ADVANCED_FACE('',(#964,#53),#8006,.T.);
#8252=ADVANCED_FACE('',(#965),#8007,.F.);
#8253=ADVANCED_FACE('',(#966),#8008,.F.);
#8254=ADVANCED_FACE('',(#967),#8009,.F.);
#8255=ADVANCED_FACE('',(#968),#8010,.F.);
#8256=ADVANCED_FACE('',(#969),#8011,.F.);
#8257=ADVANCED_FACE('',(#970),#8012,.F.);
#8258=ADVANCED_FACE('',(#971),#8013,.F.);
#8259=ADVANCED_FACE('',(#972),#8014,.F.);
#8260=ADVANCED_FACE('',(#973),#8015,.F.);
#8261=ADVANCED_FACE('',(#974),#8016,.F.);
#8262=ADVANCED_FACE('',(#975),#8017,.F.);
#8263=ADVANCED_FACE('',(#976),#8018,.F.);
#8264=ADVANCED_FACE('',(#977),#8019,.F.);
#8265=ADVANCED_FACE('',(#978),#8020,.F.);
#8266=ADVANCED_FACE('',(#979),#8021,.F.);
#8267=ADVANCED_FACE('',(#980),#8022,.F.);
#8268=ADVANCED_FACE('',(#981),#8023,.F.);
#8269=ADVANCED_FACE('',(#982),#8024,.F.);
#8270=ADVANCED_FACE('',(#983),#8025,.F.);
#8271=ADVANCED_FACE('',(#984),#8026,.F.);
#8272=ADVANCED_FACE('',(#985),#8027,.T.);
#8273=ADVANCED_FACE('',(#986),#658,.F.);
#8274=ADVANCED_FACE('',(#987),#659,.T.);
#8275=ADVANCED_FACE('',(#988),#8028,.T.);
#8276=ADVANCED_FACE('',(#989),#660,.T.);
#8277=ADVANCED_FACE('',(#990),#661,.T.);
#8278=ADVANCED_FACE('',(#991),#662,.T.);
#8279=ADVANCED_FACE('',(#992),#8029,.T.);
#8280=ADVANCED_FACE('',(#993),#663,.F.);
#8281=ADVANCED_FACE('',(#994),#664,.T.);
#8282=ADVANCED_FACE('',(#995),#8030,.T.);
#8283=ADVANCED_FACE('',(#996),#665,.T.);
#8284=ADVANCED_FACE('',(#997),#666,.T.);
#8285=ADVANCED_FACE('',(#998),#667,.T.);
#8286=ADVANCED_FACE('',(#999),#8031,.T.);
#8287=ADVANCED_FACE('',(#1000),#668,.F.);
#8288=ADVANCED_FACE('',(#1001),#669,.T.);
#8289=ADVANCED_FACE('',(#1002),#8032,.T.);
#8290=ADVANCED_FACE('',(#1003),#670,.T.);
#8291=ADVANCED_FACE('',(#1004),#671,.T.);
#8292=ADVANCED_FACE('',(#1005),#672,.T.);
#8293=ADVANCED_FACE('',(#1006),#8033,.T.);
#8294=ADVANCED_FACE('',(#1007),#673,.F.);
#8295=ADVANCED_FACE('',(#1008),#674,.T.);
#8296=ADVANCED_FACE('',(#1009),#8034,.T.);
#8297=ADVANCED_FACE('',(#1010),#675,.T.);
#8298=ADVANCED_FACE('',(#1011),#676,.T.);
#8299=ADVANCED_FACE('',(#1012),#677,.T.);
#8300=ADVANCED_FACE('',(#1013),#8035,.T.);
#8301=ADVANCED_FACE('',(#1014),#678,.F.);
#8302=ADVANCED_FACE('',(#1015),#679,.T.);
#8303=ADVANCED_FACE('',(#1016),#8036,.T.);
#8304=ADVANCED_FACE('',(#1017),#680,.T.);
#8305=ADVANCED_FACE('',(#1018),#681,.T.);
#8306=ADVANCED_FACE('',(#1019),#682,.T.);
#8307=ADVANCED_FACE('',(#1020),#8037,.T.);
#8308=ADVANCED_FACE('',(#1021),#683,.F.);
#8309=ADVANCED_FACE('',(#1022),#684,.T.);
#8310=ADVANCED_FACE('',(#1023),#8038,.T.);
#8311=ADVANCED_FACE('',(#1024),#685,.T.);
#8312=ADVANCED_FACE('',(#1025),#686,.T.);
#8313=ADVANCED_FACE('',(#1026),#687,.T.);
#8314=ADVANCED_FACE('',(#1027),#8039,.T.);
#8315=ADVANCED_FACE('',(#1028),#688,.F.);
#8316=ADVANCED_FACE('',(#1029),#689,.T.);
#8317=ADVANCED_FACE('',(#1030),#8040,.T.);
#8318=ADVANCED_FACE('',(#1031),#690,.T.);
#8319=ADVANCED_FACE('',(#1032),#691,.T.);
#8320=ADVANCED_FACE('',(#1033),#692,.T.);
#8321=ADVANCED_FACE('',(#1034),#8041,.T.);
#8322=ADVANCED_FACE('',(#1035),#693,.F.);
#8323=ADVANCED_FACE('',(#1036),#694,.T.);
#8324=ADVANCED_FACE('',(#1037),#8042,.T.);
#8325=ADVANCED_FACE('',(#1038),#695,.T.);
#8326=ADVANCED_FACE('',(#1039),#696,.T.);
#8327=ADVANCED_FACE('',(#1040),#697,.T.);
#8328=ADVANCED_FACE('',(#1041),#8043,.T.);
#8329=ADVANCED_FACE('',(#1042),#698,.F.);
#8330=ADVANCED_FACE('',(#1043),#699,.T.);
#8331=ADVANCED_FACE('',(#1044),#8044,.T.);
#8332=ADVANCED_FACE('',(#1045),#700,.T.);
#8333=ADVANCED_FACE('',(#1046),#701,.T.);
#8334=ADVANCED_FACE('',(#1047),#702,.T.);
#8335=ADVANCED_FACE('',(#1048),#8045,.T.);
#8336=ADVANCED_FACE('',(#1049),#703,.F.);
#8337=ADVANCED_FACE('',(#1050),#704,.T.);
#8338=ADVANCED_FACE('',(#1051),#8046,.T.);
#8339=ADVANCED_FACE('',(#1052),#705,.T.);
#8340=ADVANCED_FACE('',(#1053),#706,.T.);
#8341=ADVANCED_FACE('',(#1054),#707,.T.);
#8342=ADVANCED_FACE('',(#1055),#8047,.T.);
#8343=ADVANCED_FACE('',(#1056),#708,.F.);
#8344=ADVANCED_FACE('',(#1057),#709,.T.);
#8345=ADVANCED_FACE('',(#1058),#8048,.T.);
#8346=ADVANCED_FACE('',(#1059),#710,.T.);
#8347=ADVANCED_FACE('',(#1060),#711,.T.);
#8348=ADVANCED_FACE('',(#1061),#712,.T.);
#8349=ADVANCED_FACE('',(#1062),#8049,.T.);
#8350=ADVANCED_FACE('',(#1063),#713,.F.);
#8351=ADVANCED_FACE('',(#1064),#714,.T.);
#8352=ADVANCED_FACE('',(#1065),#8050,.T.);
#8353=ADVANCED_FACE('',(#1066),#715,.T.);
#8354=ADVANCED_FACE('',(#1067),#716,.T.);
#8355=ADVANCED_FACE('',(#1068),#717,.T.);
#8356=ADVANCED_FACE('',(#1069),#8051,.T.);
#8357=ADVANCED_FACE('',(#1070),#718,.F.);
#8358=ADVANCED_FACE('',(#1071),#719,.T.);
#8359=ADVANCED_FACE('',(#1072),#8052,.T.);
#8360=ADVANCED_FACE('',(#1073),#720,.T.);
#8361=ADVANCED_FACE('',(#1074),#721,.T.);
#8362=ADVANCED_FACE('',(#1075),#722,.T.);
#8363=ADVANCED_FACE('',(#1076),#8053,.T.);
#8364=ADVANCED_FACE('',(#1077),#723,.F.);
#8365=ADVANCED_FACE('',(#1078),#724,.T.);
#8366=ADVANCED_FACE('',(#1079),#8054,.T.);
#8367=ADVANCED_FACE('',(#1080),#725,.T.);
#8368=ADVANCED_FACE('',(#1081),#726,.T.);
#8369=ADVANCED_FACE('',(#1082),#727,.T.);
#8370=ADVANCED_FACE('',(#1083),#8055,.T.);
#8371=ADVANCED_FACE('',(#1084),#728,.F.);
#8372=ADVANCED_FACE('',(#1085),#729,.T.);
#8373=ADVANCED_FACE('',(#1086),#8056,.T.);
#8374=ADVANCED_FACE('',(#1087),#730,.T.);
#8375=ADVANCED_FACE('',(#1088),#731,.T.);
#8376=ADVANCED_FACE('',(#1089),#732,.T.);
#8377=ADVANCED_FACE('',(#1090),#8057,.T.);
#8378=ADVANCED_FACE('',(#1091),#733,.F.);
#8379=ADVANCED_FACE('',(#1092),#734,.T.);
#8380=ADVANCED_FACE('',(#1093),#8058,.T.);
#8381=ADVANCED_FACE('',(#1094),#735,.T.);
#8382=ADVANCED_FACE('',(#1095),#736,.T.);
#8383=ADVANCED_FACE('',(#1096),#737,.T.);
#8384=ADVANCED_FACE('',(#1097),#8059,.T.);
#8385=ADVANCED_FACE('',(#1098),#738,.F.);
#8386=ADVANCED_FACE('',(#1099),#739,.T.);
#8387=ADVANCED_FACE('',(#1100),#8060,.T.);
#8388=ADVANCED_FACE('',(#1101),#740,.T.);
#8389=ADVANCED_FACE('',(#1102),#741,.T.);
#8390=ADVANCED_FACE('',(#1103),#742,.T.);
#8391=ADVANCED_FACE('',(#1104),#8061,.T.);
#8392=ADVANCED_FACE('',(#1105),#743,.F.);
#8393=ADVANCED_FACE('',(#1106),#744,.T.);
#8394=ADVANCED_FACE('',(#1107),#8062,.T.);
#8395=ADVANCED_FACE('',(#1108),#745,.T.);
#8396=ADVANCED_FACE('',(#1109),#746,.T.);
#8397=ADVANCED_FACE('',(#1110),#747,.T.);
#8398=ADVANCED_FACE('',(#1111),#8063,.T.);
#8399=ADVANCED_FACE('',(#1112),#748,.F.);
#8400=ADVANCED_FACE('',(#1113),#749,.T.);
#8401=ADVANCED_FACE('',(#1114),#8064,.T.);
#8402=ADVANCED_FACE('',(#1115),#750,.T.);
#8403=ADVANCED_FACE('',(#1116),#751,.T.);
#8404=ADVANCED_FACE('',(#1117),#752,.T.);
#8405=ADVANCED_FACE('',(#1118),#8065,.T.);
#8406=ADVANCED_FACE('',(#1119),#753,.F.);
#8407=ADVANCED_FACE('',(#1120),#754,.T.);
#8408=ADVANCED_FACE('',(#1121),#8066,.T.);
#8409=ADVANCED_FACE('',(#1122),#755,.T.);
#8410=ADVANCED_FACE('',(#1123),#756,.T.);
#8411=ADVANCED_FACE('',(#1124),#757,.T.);
#8412=ADVANCED_FACE('',(#1125),#8067,.F.);
#8413=ADVANCED_FACE('',(#1126),#8068,.F.);
#8414=ADVANCED_FACE('',(#1127),#8069,.F.);
#8415=ADVANCED_FACE('',(#1128),#8070,.F.);
#8416=ADVANCED_FACE('',(#1129),#8071,.F.);
#8417=ADVANCED_FACE('',(#1130),#8072,.F.);
#8418=ADVANCED_FACE('',(#1131),#8073,.F.);
#8419=ADVANCED_FACE('',(#1132),#8074,.F.);
#8420=ADVANCED_FACE('',(#1133),#8075,.F.);
#8421=ADVANCED_FACE('',(#1134),#8076,.F.);
#8422=ADVANCED_FACE('',(#1135),#8077,.F.);
#8423=ADVANCED_FACE('',(#1136),#8078,.F.);
#8424=ADVANCED_FACE('',(#1137),#8079,.F.);
#8425=ADVANCED_FACE('',(#1138),#8080,.F.);
#8426=ADVANCED_FACE('',(#1139),#8081,.F.);
#8427=ADVANCED_FACE('',(#1140),#8082,.F.);
#8428=ADVANCED_FACE('',(#1141),#8083,.F.);
#8429=ADVANCED_FACE('',(#1142),#8084,.F.);
#8430=ADVANCED_FACE('',(#1143),#8085,.F.);
#8431=ADVANCED_FACE('',(#1144),#8086,.F.);
#8432=ADVANCED_FACE('',(#1145),#758,.T.);
#8433=ADVANCED_FACE('',(#1146),#759,.T.);
#8434=ADVANCED_FACE('',(#1147),#8087,.T.);
#8435=ADVANCED_FACE('',(#1148),#760,.F.);
#8436=ADVANCED_FACE('',(#1149),#761,.T.);
#8437=ADVANCED_FACE('',(#1150),#8088,.T.);
#8438=ADVANCED_FACE('',(#1151),#762,.T.);
#8439=ADVANCED_FACE('',(#1152),#763,.T.);
#8440=ADVANCED_FACE('',(#1153),#764,.T.);
#8441=ADVANCED_FACE('',(#1154),#8089,.T.);
#8442=ADVANCED_FACE('',(#1155),#765,.F.);
#8443=ADVANCED_FACE('',(#1156),#766,.T.);
#8444=ADVANCED_FACE('',(#1157),#8090,.T.);
#8445=ADVANCED_FACE('',(#1158),#767,.T.);
#8446=ADVANCED_FACE('',(#1159),#768,.T.);
#8447=ADVANCED_FACE('',(#1160),#769,.T.);
#8448=ADVANCED_FACE('',(#1161),#8091,.T.);
#8449=ADVANCED_FACE('',(#1162),#770,.F.);
#8450=ADVANCED_FACE('',(#1163),#771,.T.);
#8451=ADVANCED_FACE('',(#1164),#8092,.T.);
#8452=ADVANCED_FACE('',(#1165),#772,.T.);
#8453=ADVANCED_FACE('',(#1166),#773,.T.);
#8454=ADVANCED_FACE('',(#1167),#774,.T.);
#8455=ADVANCED_FACE('',(#1168),#8093,.T.);
#8456=ADVANCED_FACE('',(#1169),#775,.F.);
#8457=ADVANCED_FACE('',(#1170),#776,.T.);
#8458=ADVANCED_FACE('',(#1171),#8094,.T.);
#8459=ADVANCED_FACE('',(#1172),#777,.T.);
#8460=ADVANCED_FACE('',(#1173),#778,.T.);
#8461=ADVANCED_FACE('',(#1174),#779,.T.);
#8462=ADVANCED_FACE('',(#1175),#8095,.T.);
#8463=ADVANCED_FACE('',(#1176),#780,.F.);
#8464=ADVANCED_FACE('',(#1177),#781,.T.);
#8465=ADVANCED_FACE('',(#1178),#8096,.T.);
#8466=ADVANCED_FACE('',(#1179),#782,.T.);
#8467=ADVANCED_FACE('',(#1180),#783,.T.);
#8468=ADVANCED_FACE('',(#1181),#784,.T.);
#8469=ADVANCED_FACE('',(#1182),#8097,.T.);
#8470=ADVANCED_FACE('',(#1183),#785,.F.);
#8471=ADVANCED_FACE('',(#1184),#786,.T.);
#8472=ADVANCED_FACE('',(#1185),#8098,.T.);
#8473=ADVANCED_FACE('',(#1186),#787,.T.);
#8474=ADVANCED_FACE('',(#1187),#788,.T.);
#8475=ADVANCED_FACE('',(#1188),#789,.T.);
#8476=ADVANCED_FACE('',(#1189),#8099,.T.);
#8477=ADVANCED_FACE('',(#1190),#790,.F.);
#8478=ADVANCED_FACE('',(#1191),#791,.T.);
#8479=ADVANCED_FACE('',(#1192),#8100,.T.);
#8480=ADVANCED_FACE('',(#1193),#792,.T.);
#8481=ADVANCED_FACE('',(#1194),#793,.T.);
#8482=ADVANCED_FACE('',(#1195),#794,.T.);
#8483=ADVANCED_FACE('',(#1196),#8101,.T.);
#8484=ADVANCED_FACE('',(#1197),#795,.F.);
#8485=ADVANCED_FACE('',(#1198),#796,.T.);
#8486=ADVANCED_FACE('',(#1199),#8102,.T.);
#8487=ADVANCED_FACE('',(#1200),#797,.T.);
#8488=ADVANCED_FACE('',(#1201),#798,.T.);
#8489=ADVANCED_FACE('',(#1202),#799,.T.);
#8490=ADVANCED_FACE('',(#1203),#8103,.T.);
#8491=ADVANCED_FACE('',(#1204),#800,.F.);
#8492=ADVANCED_FACE('',(#1205),#801,.T.);
#8493=ADVANCED_FACE('',(#1206),#8104,.T.);
#8494=ADVANCED_FACE('',(#1207),#802,.T.);
#8495=ADVANCED_FACE('',(#1208),#803,.T.);
#8496=ADVANCED_FACE('',(#1209),#804,.T.);
#8497=ADVANCED_FACE('',(#1210),#8105,.T.);
#8498=ADVANCED_FACE('',(#1211),#805,.F.);
#8499=ADVANCED_FACE('',(#1212),#806,.T.);
#8500=ADVANCED_FACE('',(#1213),#8106,.T.);
#8501=ADVANCED_FACE('',(#1214),#807,.T.);
#8502=ADVANCED_FACE('',(#1215),#808,.T.);
#8503=ADVANCED_FACE('',(#1216),#809,.T.);
#8504=ADVANCED_FACE('',(#1217),#8107,.T.);
#8505=ADVANCED_FACE('',(#1218),#810,.F.);
#8506=ADVANCED_FACE('',(#1219),#811,.T.);
#8507=ADVANCED_FACE('',(#1220),#8108,.T.);
#8508=ADVANCED_FACE('',(#1221),#812,.T.);
#8509=ADVANCED_FACE('',(#1222),#813,.T.);
#8510=ADVANCED_FACE('',(#1223),#814,.T.);
#8511=ADVANCED_FACE('',(#1224),#8109,.T.);
#8512=ADVANCED_FACE('',(#1225),#815,.F.);
#8513=ADVANCED_FACE('',(#1226),#816,.T.);
#8514=ADVANCED_FACE('',(#1227),#8110,.T.);
#8515=ADVANCED_FACE('',(#1228),#817,.T.);
#8516=ADVANCED_FACE('',(#1229),#818,.T.);
#8517=ADVANCED_FACE('',(#1230),#819,.T.);
#8518=ADVANCED_FACE('',(#1231),#8111,.T.);
#8519=ADVANCED_FACE('',(#1232),#820,.F.);
#8520=ADVANCED_FACE('',(#1233),#821,.T.);
#8521=ADVANCED_FACE('',(#1234),#8112,.T.);
#8522=ADVANCED_FACE('',(#1235),#822,.T.);
#8523=ADVANCED_FACE('',(#1236),#823,.T.);
#8524=ADVANCED_FACE('',(#1237),#824,.T.);
#8525=ADVANCED_FACE('',(#1238),#8113,.T.);
#8526=ADVANCED_FACE('',(#1239),#825,.F.);
#8527=ADVANCED_FACE('',(#1240),#826,.T.);
#8528=ADVANCED_FACE('',(#1241),#8114,.T.);
#8529=ADVANCED_FACE('',(#1242),#827,.T.);
#8530=ADVANCED_FACE('',(#1243),#828,.T.);
#8531=ADVANCED_FACE('',(#1244),#829,.T.);
#8532=ADVANCED_FACE('',(#1245),#8115,.T.);
#8533=ADVANCED_FACE('',(#1246),#830,.F.);
#8534=ADVANCED_FACE('',(#1247),#831,.T.);
#8535=ADVANCED_FACE('',(#1248),#8116,.T.);
#8536=ADVANCED_FACE('',(#1249),#832,.T.);
#8537=ADVANCED_FACE('',(#1250),#833,.T.);
#8538=ADVANCED_FACE('',(#1251),#834,.T.);
#8539=ADVANCED_FACE('',(#1252),#8117,.T.);
#8540=ADVANCED_FACE('',(#1253),#835,.F.);
#8541=ADVANCED_FACE('',(#1254),#836,.T.);
#8542=ADVANCED_FACE('',(#1255),#8118,.T.);
#8543=ADVANCED_FACE('',(#1256),#837,.T.);
#8544=ADVANCED_FACE('',(#1257),#838,.T.);
#8545=ADVANCED_FACE('',(#1258),#839,.T.);
#8546=ADVANCED_FACE('',(#1259),#8119,.T.);
#8547=ADVANCED_FACE('',(#1260),#840,.F.);
#8548=ADVANCED_FACE('',(#1261),#841,.T.);
#8549=ADVANCED_FACE('',(#1262),#8120,.T.);
#8550=ADVANCED_FACE('',(#1263),#842,.T.);
#8551=ADVANCED_FACE('',(#1264),#843,.T.);
#8552=ADVANCED_FACE('',(#1265),#844,.T.);
#8553=ADVANCED_FACE('',(#1266),#8121,.T.);
#8554=ADVANCED_FACE('',(#1267),#845,.F.);
#8555=ADVANCED_FACE('',(#1268),#846,.T.);
#8556=ADVANCED_FACE('',(#1269),#8122,.T.);
#8557=ADVANCED_FACE('',(#1270),#847,.T.);
#8558=ADVANCED_FACE('',(#1271),#848,.T.);
#8559=ADVANCED_FACE('',(#1272),#849,.T.);
#8560=ADVANCED_FACE('',(#1273),#8123,.T.);
#8561=ADVANCED_FACE('',(#1274),#850,.F.);
#8562=ADVANCED_FACE('',(#1275),#851,.T.);
#8563=ADVANCED_FACE('',(#1276),#8124,.T.);
#8564=ADVANCED_FACE('',(#1277),#852,.T.);
#8565=ADVANCED_FACE('',(#1278),#853,.T.);
#8566=ADVANCED_FACE('',(#1279),#854,.T.);
#8567=ADVANCED_FACE('',(#1280),#8125,.T.);
#8568=ADVANCED_FACE('',(#1281),#855,.F.);
#8569=ADVANCED_FACE('',(#1282),#856,.T.);
#8570=ADVANCED_FACE('',(#1283),#8126,.T.);
#8571=ADVANCED_FACE('',(#1284),#857,.T.);
#8572=ADVANCED_FACE('',(#1285,#54),#8127,.F.);
#8573=ADVANCED_FACE('',(#1286,#55),#8128,.T.);
#8574=ADVANCED_FACE('',(#1287),#8129,.F.);
#8575=ADVANCED_FACE('',(#1288),#8130,.F.);
#8576=ADVANCED_FACE('',(#1289),#8131,.F.);
#8577=ADVANCED_FACE('',(#1290),#8132,.F.);
#8578=ADVANCED_FACE('',(#1291),#8133,.F.);
#8579=ADVANCED_FACE('',(#1292),#8134,.F.);
#8580=ADVANCED_FACE('',(#1293),#8135,.F.);
#8581=ADVANCED_FACE('',(#1294),#31,.T.);
#8582=ADVANCED_FACE('',(#1295),#858,.T.);
#8583=ADVANCED_FACE('',(#1296),#32,.T.);
#8584=ADVANCED_FACE('',(#1297,#56),#8136,.T.);
#8585=ADVANCED_FACE('',(#1298),#8137,.F.);
#8586=ADVANCED_FACE('',(#1299),#8138,.F.);
#8587=ADVANCED_FACE('',(#1300),#8139,.F.);
#8588=ADVANCED_FACE('',(#1301),#8140,.F.);
#8589=ADVANCED_FACE('',(#1302),#8141,.F.);
#8590=ADVANCED_FACE('',(#1303),#8142,.F.);
#8591=ADVANCED_FACE('',(#1304),#8143,.F.);
#8592=ADVANCED_FACE('',(#1305,#57,#58,#59,#60),#8144,.T.);
#8593=ADVANCED_FACE('',(#1306),#33,.T.);
#8594=ADVANCED_FACE('',(#1307),#859,.T.);
#8595=ADVANCED_FACE('',(#1308),#34,.T.);
#8596=ADVANCED_FACE('',(#1309,#61),#8145,.T.);
#8597=ADVANCED_FACE('',(#1310),#860,.F.);
#8598=ADVANCED_FACE('',(#1311),#861,.F.);
#8599=ADVANCED_FACE('',(#1312),#862,.F.);
#8600=ADVANCED_FACE('',(#1313),#863,.F.);
#8601=ADVANCED_FACE('',(#1314),#864,.F.);
#8602=ADVANCED_FACE('',(#1315),#865,.F.);
#8603=ADVANCED_FACE('',(#1316),#866,.T.);
#8604=ADVANCED_FACE('',(#1317,#62,#63),#8146,.T.);
#8605=ADVANCED_FACE('',(#1318,#64,#65,#66),#8147,.T.);
#8606=ADVANCED_FACE('',(#1319),#867,.T.);
#8607=ADVANCED_FACE('',(#1320),#8148,.T.);
#8608=ADVANCED_FACE('',(#1321),#868,.T.);
#8609=ADVANCED_FACE('',(#1322,#67,#68),#8149,.F.);
#8610=ADVANCED_FACE('',(#1323,#69,#70),#8150,.T.);
#8611=ADVANCED_FACE('',(#1324),#869,.T.);
#8612=ADVANCED_FACE('',(#1325),#8151,.F.);
#8613=ADVANCED_FACE('',(#1326),#870,.F.);
#8614=ADVANCED_FACE('',(#1327,#71),#8152,.T.);
#8615=ADVANCED_FACE('',(#1328),#871,.F.);
#8616=ADVANCED_FACE('',(#1329,#72),#8153,.T.);
#8617=ADVANCED_FACE('',(#1330),#872,.F.);
#8618=ADVANCED_FACE('',(#1331),#873,.F.);
#8619=ADVANCED_FACE('',(#1332),#874,.F.);
#8620=ADVANCED_FACE('',(#1333),#875,.F.);
#8621=ADVANCED_FACE('',(#1334),#8154,.T.);
#8622=ADVANCED_FACE('',(#1335),#8155,.F.);
#8623=ADVANCED_FACE('',(#1336),#876,.T.);
#8624=ADVANCED_FACE('',(#1337,#73,#74,#75,#76),#877,.F.);
#8625=ADVANCED_FACE('',(#1338),#878,.F.);
#8626=ADVANCED_FACE('',(#1339,#77),#8156,.T.);
#8627=ADVANCED_FACE('',(#1340,#78,#79,#80,#81,#82),#8157,.F.);
#8628=ADVANCED_FACE('',(#1341),#8158,.F.);
#8629=ADVANCED_FACE('',(#1342),#8159,.F.);
#8630=ADVANCED_FACE('',(#1343),#8160,.F.);
#8631=ADVANCED_FACE('',(#1344),#8161,.F.);
#8632=ADVANCED_FACE('',(#1345),#8162,.F.);
#8633=ADVANCED_FACE('',(#1346),#8163,.F.);
#8634=ADVANCED_FACE('',(#1347),#8164,.F.);
#8635=ADVANCED_FACE('',(#1348),#8165,.T.);
#8636=ADVANCED_FACE('',(#1349),#879,.T.);
#8637=ADVANCED_FACE('',(#1350),#35,.T.);
#8638=ADVANCED_FACE('',(#1351),#880,.T.);
#8639=ADVANCED_FACE('',(#1352),#8166,.F.);
#8640=ADVANCED_FACE('',(#1353),#36,.T.);
#8641=ADVANCED_FACE('',(#1354,#83),#8167,.T.);
#8642=CLOSED_SHELL('',(#8168,#8169,#8170,#8171,#8172,#8173,#8174,#8175,
#8176,#8177,#8178,#8179,#8180,#8181,#8182,#8183,#8184,#8185,#8186,#8187,
#8188,#8189,#8190,#8191,#8192,#8193,#8194,#8195,#8196,#8197,#8198,#8199,
#8200,#8201,#8202,#8203,#8204,#8205,#8206,#8207,#8208,#8209,#8210,#8211,
#8212,#8213,#8214,#8215,#8216,#8217,#8218,#8219,#8220,#8221,#8222,#8223,
#8224,#8225,#8226,#8227,#8228,#8229,#8230,#8231,#8232,#8233,#8234,#8235,
#8236,#8237,#8238,#8239,#8240,#8241,#8242,#8243,#8244,#8245,#8246,#8247,
#8248,#8249,#8250,#8251,#8252,#8253,#8254,#8255,#8256,#8257,#8258,#8259,
#8260,#8261,#8262,#8263,#8264,#8265,#8266,#8267,#8268,#8269,#8270,#8271,
#8272,#8273,#8274,#8275,#8276,#8277,#8278,#8279,#8280,#8281,#8282,#8283,
#8284,#8285,#8286,#8287,#8288,#8289,#8290,#8291,#8292,#8293,#8294,#8295,
#8296,#8297,#8298,#8299,#8300,#8301,#8302,#8303,#8304,#8305,#8306,#8307,
#8308,#8309,#8310,#8311,#8312,#8313,#8314,#8315,#8316,#8317,#8318,#8319,
#8320,#8321,#8322,#8323,#8324,#8325,#8326,#8327,#8328,#8329,#8330,#8331,
#8332,#8333,#8334,#8335,#8336,#8337,#8338,#8339,#8340,#8341,#8342,#8343,
#8344,#8345,#8346,#8347,#8348,#8349,#8350,#8351,#8352,#8353,#8354,#8355,
#8356,#8357,#8358,#8359,#8360,#8361,#8362,#8363,#8364,#8365,#8366,#8367,
#8368,#8369,#8370,#8371,#8372,#8373,#8374,#8375,#8376,#8377,#8378,#8379,
#8380,#8381,#8382,#8383,#8384,#8385,#8386,#8387,#8388,#8389,#8390,#8391,
#8392,#8393,#8394,#8395,#8396,#8397,#8398,#8399,#8400,#8401,#8402,#8403,
#8404,#8405,#8406,#8407,#8408,#8409,#8410,#8411,#8412,#8413,#8414,#8415,
#8416,#8417,#8418,#8419,#8420,#8421,#8422,#8423,#8424,#8425,#8426,#8427,
#8428,#8429,#8430,#8431,#8432,#8433,#8434,#8435,#8436,#8437,#8438,#8439,
#8440,#8441,#8442,#8443,#8444,#8445,#8446,#8447,#8448,#8449,#8450,#8451,
#8452,#8453,#8454,#8455,#8456,#8457,#8458,#8459,#8460,#8461,#8462,#8463,
#8464,#8465,#8466,#8467,#8468,#8469,#8470,#8471,#8472,#8473,#8474,#8475,
#8476,#8477,#8478,#8479,#8480,#8481,#8482,#8483,#8484,#8485,#8486,#8487,
#8488,#8489,#8490,#8491,#8492,#8493,#8494,#8495,#8496,#8497,#8498,#8499,
#8500,#8501,#8502,#8503,#8504,#8505,#8506,#8507,#8508,#8509,#8510,#8511,
#8512,#8513,#8514,#8515,#8516,#8517,#8518,#8519,#8520,#8521,#8522,#8523,
#8524,#8525,#8526,#8527,#8528,#8529,#8530,#8531,#8532,#8533,#8534,#8535,
#8536,#8537,#8538,#8539,#8540,#8541,#8542,#8543,#8544,#8545,#8546,#8547,
#8548,#8549,#8550,#8551,#8552,#8553,#8554,#8555,#8556,#8557,#8558,#8559,
#8560,#8561,#8562,#8563,#8564,#8565,#8566,#8567,#8568,#8569,#8570,#8571,
#8572,#8573,#8574,#8575,#8576,#8577,#8578,#8579,#8580,#8581,#8582,#8583,
#8584,#8585,#8586,#8587,#8588,#8589,#8590,#8591,#8592,#8593,#8594,#8595,
#8596,#8597,#8598,#8599,#8600,#8601,#8602,#8603,#8604,#8605,#8606,#8607,
#8608,#8609,#8610,#8611,#8612,#8613,#8614,#8615,#8616,#8617,#8618,#8619,
#8620,#8621,#8622,#8623,#8624,#8625,#8626,#8627,#8628,#8629,#8630,#8631,
#8632,#8633,#8634,#8635,#8636,#8637,#8638,#8639,#8640,#8641));
#8643=DERIVED_UNIT_ELEMENT(#8645,1.);
#8644=DERIVED_UNIT_ELEMENT(#15166,-3.);
#8645=(
MASS_UNIT()
NAMED_UNIT(*)
SI_UNIT(.KILO.,.GRAM.)
);
#8646=DERIVED_UNIT((#8643,#8644));
#8647=MEASURE_REPRESENTATION_ITEM('density measure',
POSITIVE_RATIO_MEASURE(7850.),#8646);
#8648=PROPERTY_DEFINITION_REPRESENTATION(#8653,#8650);
#8649=PROPERTY_DEFINITION_REPRESENTATION(#8654,#8651);
#8650=REPRESENTATION('material name',(#8652),#15163);
#8651=REPRESENTATION('density',(#8647),#15163);
#8652=DESCRIPTIVE_REPRESENTATION_ITEM('\X2\94A2\X0\','\X2\94A2\X0\');
#8653=PROPERTY_DEFINITION('material property','material name',#15173);
#8654=PROPERTY_DEFINITION('material property','density of part',#15173);
#8655=AXIS2_PLACEMENT_3D('',#12441,#9678,#9679);
#8656=AXIS2_PLACEMENT_3D('',#12442,#9680,#9681);
#8657=AXIS2_PLACEMENT_3D('',#12451,#9686,#9687);
#8658=AXIS2_PLACEMENT_3D('',#12454,#9688,#9689);
#8659=AXIS2_PLACEMENT_3D('',#12458,#9691,#9692);
#8660=AXIS2_PLACEMENT_3D('',#12460,#9694,#9695);
#8661=AXIS2_PLACEMENT_3D('',#12462,#9696,#9697);
#8662=AXIS2_PLACEMENT_3D('',#12465,#9699,#9700);
#8663=AXIS2_PLACEMENT_3D('',#12466,#9701,#9702);
#8664=AXIS2_PLACEMENT_3D('',#12468,#9703,#9704);
#8665=AXIS2_PLACEMENT_3D('',#12469,#9705,#9706);
#8666=AXIS2_PLACEMENT_3D('',#12470,#9707,#9708);
#8667=AXIS2_PLACEMENT_3D('',#12473,#9709,#9710);
#8668=AXIS2_PLACEMENT_3D('',#12477,#9712,#9713);
#8669=AXIS2_PLACEMENT_3D('',#12479,#9715,#9716);
#8670=AXIS2_PLACEMENT_3D('',#12481,#9717,#9718);
#8671=AXIS2_PLACEMENT_3D('',#12484,#9720,#9721);
#8672=AXIS2_PLACEMENT_3D('',#12485,#9722,#9723);
#8673=AXIS2_PLACEMENT_3D('',#12487,#9724,#9725);
#8674=AXIS2_PLACEMENT_3D('',#12490,#9727,#9728);
#8675=AXIS2_PLACEMENT_3D('',#12491,#9729,#9730);
#8676=AXIS2_PLACEMENT_3D('',#12493,#9731,#9732);
#8677=AXIS2_PLACEMENT_3D('',#12495,#9733,#9734);
#8678=AXIS2_PLACEMENT_3D('',#12497,#9736,#9737);
#8679=AXIS2_PLACEMENT_3D('',#12500,#9738,#9739);
#8680=AXIS2_PLACEMENT_3D('',#12504,#9741,#9742);
#8681=AXIS2_PLACEMENT_3D('',#12506,#9744,#9745);
#8682=AXIS2_PLACEMENT_3D('',#12508,#9746,#9747);
#8683=AXIS2_PLACEMENT_3D('',#12511,#9749,#9750);
#8684=AXIS2_PLACEMENT_3D('',#12512,#9751,#9752);
#8685=AXIS2_PLACEMENT_3D('',#12514,#9753,#9754);
#8686=AXIS2_PLACEMENT_3D('',#12516,#9755,#9756);
#8687=AXIS2_PLACEMENT_3D('',#12518,#9758,#9759);
#8688=AXIS2_PLACEMENT_3D('',#12520,#9760,#9761);
#8689=AXIS2_PLACEMENT_3D('',#12521,#9762,#9763);
#8690=AXIS2_PLACEMENT_3D('',#12522,#9764,#9765);
#8691=AXIS2_PLACEMENT_3D('',#12523,#9766,#9767);
#8692=AXIS2_PLACEMENT_3D('',#12524,#9768,#9769);
#8693=AXIS2_PLACEMENT_3D('',#12526,#9770,#9771);
#8694=AXIS2_PLACEMENT_3D('',#12528,#9772,#9773);
#8695=AXIS2_PLACEMENT_3D('',#12530,#9774,#9775);
#8696=AXIS2_PLACEMENT_3D('',#12531,#9776,#9777);
#8697=AXIS2_PLACEMENT_3D('',#12533,#9778,#9779);
#8698=AXIS2_PLACEMENT_3D('',#12535,#9780,#9781);
#8699=AXIS2_PLACEMENT_3D('',#12536,#9782,#9783);
#8700=AXIS2_PLACEMENT_3D('',#12538,#9784,#9785);
#8701=AXIS2_PLACEMENT_3D('',#12539,#9786,#9787);
#8702=AXIS2_PLACEMENT_3D('',#12540,#9788,#9789);
#8703=AXIS2_PLACEMENT_3D('',#12541,#9790,#9791);
#8704=AXIS2_PLACEMENT_3D('',#12543,#9792,#9793);
#8705=AXIS2_PLACEMENT_3D('',#12546,#9795,#9796);
#8706=AXIS2_PLACEMENT_3D('',#12547,#9797,#9798);
#8707=AXIS2_PLACEMENT_3D('',#12556,#9803,#9804);
#8708=AXIS2_PLACEMENT_3D('',#12562,#9808,#9809);
#8709=AXIS2_PLACEMENT_3D('',#12568,#9813,#9814);
#8710=AXIS2_PLACEMENT_3D('',#12574,#9818,#9819);
#8711=AXIS2_PLACEMENT_3D('',#12580,#9823,#9824);
#8712=AXIS2_PLACEMENT_3D('',#12583,#9827,#9828);
#8713=AXIS2_PLACEMENT_3D('',#12584,#9829,#9830);
#8714=AXIS2_PLACEMENT_3D('',#12585,#9831,#9832);
#8715=AXIS2_PLACEMENT_3D('',#12587,#9833,#9834);
#8716=AXIS2_PLACEMENT_3D('',#12589,#9835,#9836);
#8717=AXIS2_PLACEMENT_3D('',#12591,#9837,#9838);
#8718=AXIS2_PLACEMENT_3D('',#12593,#9839,#9840);
#8719=AXIS2_PLACEMENT_3D('',#12594,#9841,#9842);
#8720=AXIS2_PLACEMENT_3D('',#12595,#9843,#9844);
#8721=AXIS2_PLACEMENT_3D('',#12597,#9845,#9846);
#8722=AXIS2_PLACEMENT_3D('',#12599,#9848,#9849);
#8723=AXIS2_PLACEMENT_3D('',#12600,#9850,#9851);
#8724=AXIS2_PLACEMENT_3D('',#12601,#9852,#9853);
#8725=AXIS2_PLACEMENT_3D('',#12603,#9854,#9855);
#8726=AXIS2_PLACEMENT_3D('',#12604,#9856,#9857);
#8727=AXIS2_PLACEMENT_3D('',#12605,#9858,#9859);
#8728=AXIS2_PLACEMENT_3D('',#12606,#9860,#9861);
#8729=AXIS2_PLACEMENT_3D('',#12608,#9862,#9863);
#8730=AXIS2_PLACEMENT_3D('',#12611,#9865,#9866);
#8731=AXIS2_PLACEMENT_3D('',#12612,#9867,#9868);
#8732=AXIS2_PLACEMENT_3D('',#12621,#9873,#9874);
#8733=AXIS2_PLACEMENT_3D('',#12627,#9878,#9879);
#8734=AXIS2_PLACEMENT_3D('',#12633,#9883,#9884);
#8735=AXIS2_PLACEMENT_3D('',#12639,#9888,#9889);
#8736=AXIS2_PLACEMENT_3D('',#12645,#9893,#9894);
#8737=AXIS2_PLACEMENT_3D('',#12648,#9897,#9898);
#8738=AXIS2_PLACEMENT_3D('',#12649,#9899,#9900);
#8739=AXIS2_PLACEMENT_3D('',#12650,#9901,#9902);
#8740=AXIS2_PLACEMENT_3D('',#12652,#9903,#9904);
#8741=AXIS2_PLACEMENT_3D('',#12654,#9905,#9906);
#8742=AXIS2_PLACEMENT_3D('',#12656,#9907,#9908);
#8743=AXIS2_PLACEMENT_3D('',#12658,#9909,#9910);
#8744=AXIS2_PLACEMENT_3D('',#12659,#9911,#9912);
#8745=AXIS2_PLACEMENT_3D('',#12660,#9913,#9914);
#8746=AXIS2_PLACEMENT_3D('',#12662,#9915,#9916);
#8747=AXIS2_PLACEMENT_3D('',#12664,#9918,#9919);
#8748=AXIS2_PLACEMENT_3D('',#12665,#9920,#9921);
#8749=AXIS2_PLACEMENT_3D('',#12666,#9922,#9923);
#8750=AXIS2_PLACEMENT_3D('',#12668,#9924,#9925);
#8751=AXIS2_PLACEMENT_3D('',#12669,#9926,#9927);
#8752=AXIS2_PLACEMENT_3D('',#12670,#9928,#9929);
#8753=AXIS2_PLACEMENT_3D('',#12671,#9930,#9931);
#8754=AXIS2_PLACEMENT_3D('',#12673,#9932,#9933);
#8755=AXIS2_PLACEMENT_3D('',#12675,#9934,#9935);
#8756=AXIS2_PLACEMENT_3D('',#12676,#9936,#9937);
#8757=AXIS2_PLACEMENT_3D('',#12678,#9938,#9939);
#8758=AXIS2_PLACEMENT_3D('',#12679,#9940,#9941);
#8759=AXIS2_PLACEMENT_3D('',#12681,#9942,#9943);
#8760=AXIS2_PLACEMENT_3D('',#12683,#9944,#9945);
#8761=AXIS2_PLACEMENT_3D('',#12684,#9946,#9947);
#8762=AXIS2_PLACEMENT_3D('',#12686,#9948,#9949);
#8763=AXIS2_PLACEMENT_3D('',#12687,#9950,#9951);
#8764=AXIS2_PLACEMENT_3D('',#12689,#9952,#9953);
#8765=AXIS2_PLACEMENT_3D('',#12692,#9955,#9956);
#8766=AXIS2_PLACEMENT_3D('',#12693,#9957,#9958);
#8767=AXIS2_PLACEMENT_3D('',#12694,#9959,#9960);
#8768=AXIS2_PLACEMENT_3D('',#12696,#9961,#9962);
#8769=AXIS2_PLACEMENT_3D('',#12698,#9963,#9964);
#8770=AXIS2_PLACEMENT_3D('',#12700,#9965,#9966);
#8771=AXIS2_PLACEMENT_3D('',#12702,#9967,#9968);
#8772=AXIS2_PLACEMENT_3D('',#12704,#9969,#9970);
#8773=AXIS2_PLACEMENT_3D('',#12706,#9971,#9972);
#8774=AXIS2_PLACEMENT_3D('',#12708,#9973,#9974);
#8775=AXIS2_PLACEMENT_3D('',#12709,#9975,#9976);
#8776=AXIS2_PLACEMENT_3D('',#12710,#9977,#9978);
#8777=AXIS2_PLACEMENT_3D('',#12719,#9983,#9984);
#8778=AXIS2_PLACEMENT_3D('',#12725,#9988,#9989);
#8779=AXIS2_PLACEMENT_3D('',#12731,#9993,#9994);
#8780=AXIS2_PLACEMENT_3D('',#12737,#9998,#9999);
#8781=AXIS2_PLACEMENT_3D('',#12743,#10003,#10004);
#8782=AXIS2_PLACEMENT_3D('',#12746,#10007,#10008);
#8783=AXIS2_PLACEMENT_3D('',#12747,#10009,#10010);
#8784=AXIS2_PLACEMENT_3D('',#12749,#10011,#10012);
#8785=AXIS2_PLACEMENT_3D('',#12750,#10013,#10014);
#8786=AXIS2_PLACEMENT_3D('',#12752,#10016,#10017);
#8787=AXIS2_PLACEMENT_3D('',#12754,#10018,#10019);
#8788=AXIS2_PLACEMENT_3D('',#12755,#10020,#10021);
#8789=AXIS2_PLACEMENT_3D('',#12756,#10022,#10023);
#8790=AXIS2_PLACEMENT_3D('',#12757,#10024,#10025);
#8791=AXIS2_PLACEMENT_3D('',#12759,#10026,#10027);
#8792=AXIS2_PLACEMENT_3D('',#12761,#10029,#10030);
#8793=AXIS2_PLACEMENT_3D('',#12762,#10031,#10032);
#8794=AXIS2_PLACEMENT_3D('',#12763,#10033,#10034);
#8795=AXIS2_PLACEMENT_3D('',#12765,#10035,#10036);
#8796=AXIS2_PLACEMENT_3D('',#12766,#10037,#10038);
#8797=AXIS2_PLACEMENT_3D('',#12767,#10039,#10040);
#8798=AXIS2_PLACEMENT_3D('',#12768,#10041,#10042);
#8799=AXIS2_PLACEMENT_3D('',#12777,#10047,#10048);
#8800=AXIS2_PLACEMENT_3D('',#12783,#10052,#10053);
#8801=AXIS2_PLACEMENT_3D('',#12789,#10057,#10058);
#8802=AXIS2_PLACEMENT_3D('',#12795,#10062,#10063);
#8803=AXIS2_PLACEMENT_3D('',#12801,#10067,#10068);
#8804=AXIS2_PLACEMENT_3D('',#12804,#10071,#10072);
#8805=AXIS2_PLACEMENT_3D('',#12805,#10073,#10074);
#8806=AXIS2_PLACEMENT_3D('',#12807,#10075,#10076);
#8807=AXIS2_PLACEMENT_3D('',#12808,#10077,#10078);
#8808=AXIS2_PLACEMENT_3D('',#12809,#10079,#10080);
#8809=AXIS2_PLACEMENT_3D('',#12811,#10081,#10082);
#8810=AXIS2_PLACEMENT_3D('',#12813,#10084,#10085);
#8811=AXIS2_PLACEMENT_3D('',#12815,#10086,#10087);
#8812=AXIS2_PLACEMENT_3D('',#12816,#10088,#10089);
#8813=AXIS2_PLACEMENT_3D('',#12817,#10090,#10091);
#8814=AXIS2_PLACEMENT_3D('',#12818,#10092,#10093);
#8815=AXIS2_PLACEMENT_3D('',#12820,#10094,#10095);
#8816=AXIS2_PLACEMENT_3D('',#12822,#10096,#10097);
#8817=AXIS2_PLACEMENT_3D('',#12823,#10098,#10099);
#8818=AXIS2_PLACEMENT_3D('',#12826,#10101,#10102);
#8819=AXIS2_PLACEMENT_3D('',#12827,#10103,#10104);
#8820=AXIS2_PLACEMENT_3D('',#12829,#10105,#10106);
#8821=AXIS2_PLACEMENT_3D('',#12832,#10108,#10109);
#8822=AXIS2_PLACEMENT_3D('',#12833,#10110,#10111);
#8823=AXIS2_PLACEMENT_3D('',#12836,#10113,#10114);
#8824=AXIS2_PLACEMENT_3D('',#12837,#10115,#10116);
#8825=AXIS2_PLACEMENT_3D('',#12840,#10118,#10119);
#8826=AXIS2_PLACEMENT_3D('',#12841,#10120,#10121);
#8827=AXIS2_PLACEMENT_3D('',#12844,#10123,#10124);
#8828=AXIS2_PLACEMENT_3D('',#12845,#10125,#10126);
#8829=AXIS2_PLACEMENT_3D('',#12848,#10128,#10129);
#8830=AXIS2_PLACEMENT_3D('',#12849,#10130,#10131);
#8831=AXIS2_PLACEMENT_3D('',#12851,#10132,#10133);
#8832=AXIS2_PLACEMENT_3D('',#12854,#10135,#10136);
#8833=AXIS2_PLACEMENT_3D('',#12855,#10137,#10138);
#8834=AXIS2_PLACEMENT_3D('',#12857,#10139,#10140);
#8835=AXIS2_PLACEMENT_3D('',#12860,#10142,#10143);
#8836=AXIS2_PLACEMENT_3D('',#12861,#10144,#10145);
#8837=AXIS2_PLACEMENT_3D('',#12863,#10146,#10147);
#8838=AXIS2_PLACEMENT_3D('',#12865,#10149,#10150);
#8839=AXIS2_PLACEMENT_3D('',#12866,#10151,#10152);
#8840=AXIS2_PLACEMENT_3D('',#12867,#10153,#10154);
#8841=AXIS2_PLACEMENT_3D('',#12872,#10156,#10157);
#8842=AXIS2_PLACEMENT_3D('',#12874,#10158,#10159);
#8843=AXIS2_PLACEMENT_3D('',#12880,#10162,#10163);
#8844=AXIS2_PLACEMENT_3D('',#12882,#10164,#10165);
#8845=AXIS2_PLACEMENT_3D('',#12884,#10166,#10167);
#8846=AXIS2_PLACEMENT_3D('',#12886,#10169,#10170);
#8847=AXIS2_PLACEMENT_3D('',#12891,#10172,#10173);
#8848=AXIS2_PLACEMENT_3D('',#12893,#10174,#10175);
#8849=AXIS2_PLACEMENT_3D('',#12899,#10178,#10179);
#8850=AXIS2_PLACEMENT_3D('',#12901,#10180,#10181);
#8851=AXIS2_PLACEMENT_3D('',#12903,#10182,#10183);
#8852=AXIS2_PLACEMENT_3D('',#12905,#10185,#10186);
#8853=AXIS2_PLACEMENT_3D('',#12910,#10188,#10189);
#8854=AXIS2_PLACEMENT_3D('',#12912,#10190,#10191);
#8855=AXIS2_PLACEMENT_3D('',#12918,#10194,#10195);
#8856=AXIS2_PLACEMENT_3D('',#12920,#10196,#10197);
#8857=AXIS2_PLACEMENT_3D('',#12922,#10198,#10199);
#8858=AXIS2_PLACEMENT_3D('',#12924,#10201,#10202);
#8859=AXIS2_PLACEMENT_3D('',#12929,#10204,#10205);
#8860=AXIS2_PLACEMENT_3D('',#12931,#10206,#10207);
#8861=AXIS2_PLACEMENT_3D('',#12937,#10210,#10211);
#8862=AXIS2_PLACEMENT_3D('',#12939,#10212,#10213);
#8863=AXIS2_PLACEMENT_3D('',#12941,#10214,#10215);
#8864=AXIS2_PLACEMENT_3D('',#12943,#10217,#10218);
#8865=AXIS2_PLACEMENT_3D('',#12948,#10220,#10221);
#8866=AXIS2_PLACEMENT_3D('',#12950,#10222,#10223);
#8867=AXIS2_PLACEMENT_3D('',#12956,#10226,#10227);
#8868=AXIS2_PLACEMENT_3D('',#12958,#10228,#10229);
#8869=AXIS2_PLACEMENT_3D('',#12960,#10230,#10231);
#8870=AXIS2_PLACEMENT_3D('',#12962,#10233,#10234);
#8871=AXIS2_PLACEMENT_3D('',#12967,#10236,#10237);
#8872=AXIS2_PLACEMENT_3D('',#12969,#10238,#10239);
#8873=AXIS2_PLACEMENT_3D('',#12975,#10242,#10243);
#8874=AXIS2_PLACEMENT_3D('',#12977,#10244,#10245);
#8875=AXIS2_PLACEMENT_3D('',#12979,#10246,#10247);
#8876=AXIS2_PLACEMENT_3D('',#12981,#10249,#10250);
#8877=AXIS2_PLACEMENT_3D('',#12986,#10252,#10253);
#8878=AXIS2_PLACEMENT_3D('',#12988,#10254,#10255);
#8879=AXIS2_PLACEMENT_3D('',#12994,#10258,#10259);
#8880=AXIS2_PLACEMENT_3D('',#12996,#10260,#10261);
#8881=AXIS2_PLACEMENT_3D('',#12998,#10262,#10263);
#8882=AXIS2_PLACEMENT_3D('',#13000,#10265,#10266);
#8883=AXIS2_PLACEMENT_3D('',#13005,#10268,#10269);
#8884=AXIS2_PLACEMENT_3D('',#13007,#10270,#10271);
#8885=AXIS2_PLACEMENT_3D('',#13013,#10274,#10275);
#8886=AXIS2_PLACEMENT_3D('',#13015,#10276,#10277);
#8887=AXIS2_PLACEMENT_3D('',#13017,#10278,#10279);
#8888=AXIS2_PLACEMENT_3D('',#13019,#10281,#10282);
#8889=AXIS2_PLACEMENT_3D('',#13024,#10284,#10285);
#8890=AXIS2_PLACEMENT_3D('',#13026,#10286,#10287);
#8891=AXIS2_PLACEMENT_3D('',#13032,#10290,#10291);
#8892=AXIS2_PLACEMENT_3D('',#13034,#10292,#10293);
#8893=AXIS2_PLACEMENT_3D('',#13036,#10294,#10295);
#8894=AXIS2_PLACEMENT_3D('',#13038,#10297,#10298);
#8895=AXIS2_PLACEMENT_3D('',#13045,#10301,#10302);
#8896=AXIS2_PLACEMENT_3D('',#13047,#10303,#10304);
#8897=AXIS2_PLACEMENT_3D('',#13049,#10305,#10306);
#8898=AXIS2_PLACEMENT_3D('',#13055,#10309,#10310);
#8899=AXIS2_PLACEMENT_3D('',#13056,#10311,#10312);
#8900=AXIS2_PLACEMENT_3D('',#13057,#10313,#10314);
#8901=AXIS2_PLACEMENT_3D('',#13064,#10317,#10318);
#8902=AXIS2_PLACEMENT_3D('',#13066,#10319,#10320);
#8903=AXIS2_PLACEMENT_3D('',#13068,#10321,#10322);
#8904=AXIS2_PLACEMENT_3D('',#13074,#10325,#10326);
#8905=AXIS2_PLACEMENT_3D('',#13075,#10327,#10328);
#8906=AXIS2_PLACEMENT_3D('',#13076,#10329,#10330);
#8907=AXIS2_PLACEMENT_3D('',#13083,#10333,#10334);
#8908=AXIS2_PLACEMENT_3D('',#13085,#10335,#10336);
#8909=AXIS2_PLACEMENT_3D('',#13087,#10337,#10338);
#8910=AXIS2_PLACEMENT_3D('',#13093,#10341,#10342);
#8911=AXIS2_PLACEMENT_3D('',#13094,#10343,#10344);
#8912=AXIS2_PLACEMENT_3D('',#13095,#10345,#10346);
#8913=AXIS2_PLACEMENT_3D('',#13102,#10349,#10350);
#8914=AXIS2_PLACEMENT_3D('',#13104,#10351,#10352);
#8915=AXIS2_PLACEMENT_3D('',#13106,#10353,#10354);
#8916=AXIS2_PLACEMENT_3D('',#13112,#10357,#10358);
#8917=AXIS2_PLACEMENT_3D('',#13113,#10359,#10360);
#8918=AXIS2_PLACEMENT_3D('',#13114,#10361,#10362);
#8919=AXIS2_PLACEMENT_3D('',#13121,#10365,#10366);
#8920=AXIS2_PLACEMENT_3D('',#13123,#10367,#10368);
#8921=AXIS2_PLACEMENT_3D('',#13125,#10369,#10370);
#8922=AXIS2_PLACEMENT_3D('',#13131,#10373,#10374);
#8923=AXIS2_PLACEMENT_3D('',#13132,#10375,#10376);
#8924=AXIS2_PLACEMENT_3D('',#13133,#10377,#10378);
#8925=AXIS2_PLACEMENT_3D('',#13140,#10381,#10382);
#8926=AXIS2_PLACEMENT_3D('',#13142,#10383,#10384);
#8927=AXIS2_PLACEMENT_3D('',#13144,#10385,#10386);
#8928=AXIS2_PLACEMENT_3D('',#13150,#10389,#10390);
#8929=AXIS2_PLACEMENT_3D('',#13151,#10391,#10392);
#8930=AXIS2_PLACEMENT_3D('',#13152,#10393,#10394);
#8931=AXIS2_PLACEMENT_3D('',#13159,#10397,#10398);
#8932=AXIS2_PLACEMENT_3D('',#13161,#10399,#10400);
#8933=AXIS2_PLACEMENT_3D('',#13163,#10401,#10402);
#8934=AXIS2_PLACEMENT_3D('',#13169,#10405,#10406);
#8935=AXIS2_PLACEMENT_3D('',#13170,#10407,#10408);
#8936=AXIS2_PLACEMENT_3D('',#13171,#10409,#10410);
#8937=AXIS2_PLACEMENT_3D('',#13178,#10413,#10414);
#8938=AXIS2_PLACEMENT_3D('',#13180,#10415,#10416);
#8939=AXIS2_PLACEMENT_3D('',#13182,#10417,#10418);
#8940=AXIS2_PLACEMENT_3D('',#13188,#10421,#10422);
#8941=AXIS2_PLACEMENT_3D('',#13189,#10423,#10424);
#8942=AXIS2_PLACEMENT_3D('',#13190,#10425,#10426);
#8943=AXIS2_PLACEMENT_3D('',#13197,#10429,#10430);
#8944=AXIS2_PLACEMENT_3D('',#13199,#10431,#10432);
#8945=AXIS2_PLACEMENT_3D('',#13201,#10433,#10434);
#8946=AXIS2_PLACEMENT_3D('',#13207,#10437,#10438);
#8947=AXIS2_PLACEMENT_3D('',#13208,#10439,#10440);
#8948=AXIS2_PLACEMENT_3D('',#13209,#10441,#10442);
#8949=AXIS2_PLACEMENT_3D('',#13216,#10445,#10446);
#8950=AXIS2_PLACEMENT_3D('',#13218,#10447,#10448);
#8951=AXIS2_PLACEMENT_3D('',#13220,#10449,#10450);
#8952=AXIS2_PLACEMENT_3D('',#13226,#10453,#10454);
#8953=AXIS2_PLACEMENT_3D('',#13227,#10455,#10456);
#8954=AXIS2_PLACEMENT_3D('',#13228,#10457,#10458);
#8955=AXIS2_PLACEMENT_3D('',#13233,#10460,#10461);
#8956=AXIS2_PLACEMENT_3D('',#13235,#10462,#10463);
#8957=AXIS2_PLACEMENT_3D('',#13241,#10466,#10467);
#8958=AXIS2_PLACEMENT_3D('',#13243,#10468,#10469);
#8959=AXIS2_PLACEMENT_3D('',#13245,#10470,#10471);
#8960=AXIS2_PLACEMENT_3D('',#13247,#10473,#10474);
#8961=AXIS2_PLACEMENT_3D('',#13255,#10479,#10480);
#8962=AXIS2_PLACEMENT_3D('',#13257,#10481,#10482);
#8963=AXIS2_PLACEMENT_3D('',#13259,#10483,#10484);
#8964=AXIS2_PLACEMENT_3D('',#13261,#10486,#10487);
#8965=AXIS2_PLACEMENT_3D('',#13263,#10488,#10489);
#8966=AXIS2_PLACEMENT_3D('',#13265,#10490,#10491);
#8967=AXIS2_PLACEMENT_3D('',#13267,#10493,#10494);
#8968=AXIS2_PLACEMENT_3D('',#13272,#10498,#10499);
#8969=AXIS2_PLACEMENT_3D('',#13274,#10500,#10501);
#8970=AXIS2_PLACEMENT_3D('',#13276,#10503,#10504);
#8971=AXIS2_PLACEMENT_3D('',#13278,#10505,#10506);
#8972=AXIS2_PLACEMENT_3D('',#13280,#10508,#10509);
#8973=AXIS2_PLACEMENT_3D('',#13282,#10510,#10511);
#8974=AXIS2_PLACEMENT_3D('',#13284,#10513,#10514);
#8975=AXIS2_PLACEMENT_3D('',#13290,#10518,#10519);
#8976=AXIS2_PLACEMENT_3D('',#13292,#10520,#10521);
#8977=AXIS2_PLACEMENT_3D('',#13294,#10522,#10523);
#8978=AXIS2_PLACEMENT_3D('',#13296,#10525,#10526);
#8979=AXIS2_PLACEMENT_3D('',#13298,#10527,#10528);
#8980=AXIS2_PLACEMENT_3D('',#13300,#10529,#10530);
#8981=AXIS2_PLACEMENT_3D('',#13302,#10532,#10533);
#8982=AXIS2_PLACEMENT_3D('',#13307,#10537,#10538);
#8983=AXIS2_PLACEMENT_3D('',#13309,#10539,#10540);
#8984=AXIS2_PLACEMENT_3D('',#13311,#10542,#10543);
#8985=AXIS2_PLACEMENT_3D('',#13313,#10544,#10545);
#8986=AXIS2_PLACEMENT_3D('',#13315,#10547,#10548);
#8987=AXIS2_PLACEMENT_3D('',#13317,#10549,#10550);
#8988=AXIS2_PLACEMENT_3D('',#13319,#10552,#10553);
#8989=AXIS2_PLACEMENT_3D('',#13325,#10557,#10558);
#8990=AXIS2_PLACEMENT_3D('',#13327,#10559,#10560);
#8991=AXIS2_PLACEMENT_3D('',#13329,#10561,#10562);
#8992=AXIS2_PLACEMENT_3D('',#13331,#10564,#10565);
#8993=AXIS2_PLACEMENT_3D('',#13333,#10566,#10567);
#8994=AXIS2_PLACEMENT_3D('',#13335,#10568,#10569);
#8995=AXIS2_PLACEMENT_3D('',#13337,#10571,#10572);
#8996=AXIS2_PLACEMENT_3D('',#13342,#10576,#10577);
#8997=AXIS2_PLACEMENT_3D('',#13344,#10578,#10579);
#8998=AXIS2_PLACEMENT_3D('',#13346,#10581,#10582);
#8999=AXIS2_PLACEMENT_3D('',#13348,#10583,#10584);
#9000=AXIS2_PLACEMENT_3D('',#13350,#10586,#10587);
#9001=AXIS2_PLACEMENT_3D('',#13352,#10588,#10589);
#9002=AXIS2_PLACEMENT_3D('',#13354,#10591,#10592);
#9003=AXIS2_PLACEMENT_3D('',#13360,#10596,#10597);
#9004=AXIS2_PLACEMENT_3D('',#13362,#10598,#10599);
#9005=AXIS2_PLACEMENT_3D('',#13364,#10600,#10601);
#9006=AXIS2_PLACEMENT_3D('',#13366,#10603,#10604);
#9007=AXIS2_PLACEMENT_3D('',#13368,#10605,#10606);
#9008=AXIS2_PLACEMENT_3D('',#13370,#10607,#10608);
#9009=AXIS2_PLACEMENT_3D('',#13372,#10610,#10611);
#9010=AXIS2_PLACEMENT_3D('',#13377,#10615,#10616);
#9011=AXIS2_PLACEMENT_3D('',#13379,#10617,#10618);
#9012=AXIS2_PLACEMENT_3D('',#13381,#10620,#10621);
#9013=AXIS2_PLACEMENT_3D('',#13383,#10622,#10623);
#9014=AXIS2_PLACEMENT_3D('',#13385,#10625,#10626);
#9015=AXIS2_PLACEMENT_3D('',#13387,#10627,#10628);
#9016=AXIS2_PLACEMENT_3D('',#13389,#10630,#10631);
#9017=AXIS2_PLACEMENT_3D('',#13395,#10635,#10636);
#9018=AXIS2_PLACEMENT_3D('',#13397,#10637,#10638);
#9019=AXIS2_PLACEMENT_3D('',#13399,#10639,#10640);
#9020=AXIS2_PLACEMENT_3D('',#13401,#10642,#10643);
#9021=AXIS2_PLACEMENT_3D('',#13403,#10644,#10645);
#9022=AXIS2_PLACEMENT_3D('',#13405,#10646,#10647);
#9023=AXIS2_PLACEMENT_3D('',#13407,#10649,#10650);
#9024=AXIS2_PLACEMENT_3D('',#13412,#10654,#10655);
#9025=AXIS2_PLACEMENT_3D('',#13414,#10656,#10657);
#9026=AXIS2_PLACEMENT_3D('',#13416,#10659,#10660);
#9027=AXIS2_PLACEMENT_3D('',#13418,#10661,#10662);
#9028=AXIS2_PLACEMENT_3D('',#13420,#10664,#10665);
#9029=AXIS2_PLACEMENT_3D('',#13422,#10666,#10667);
#9030=AXIS2_PLACEMENT_3D('',#13424,#10669,#10670);
#9031=AXIS2_PLACEMENT_3D('',#13430,#10674,#10675);
#9032=AXIS2_PLACEMENT_3D('',#13432,#10676,#10677);
#9033=AXIS2_PLACEMENT_3D('',#13434,#10678,#10679);
#9034=AXIS2_PLACEMENT_3D('',#13436,#10681,#10682);
#9035=AXIS2_PLACEMENT_3D('',#13438,#10683,#10684);
#9036=AXIS2_PLACEMENT_3D('',#13440,#10685,#10686);
#9037=AXIS2_PLACEMENT_3D('',#13442,#10688,#10689);
#9038=AXIS2_PLACEMENT_3D('',#13447,#10693,#10694);
#9039=AXIS2_PLACEMENT_3D('',#13449,#10695,#10696);
#9040=AXIS2_PLACEMENT_3D('',#13451,#10698,#10699);
#9041=AXIS2_PLACEMENT_3D('',#13453,#10700,#10701);
#9042=AXIS2_PLACEMENT_3D('',#13455,#10703,#10704);
#9043=AXIS2_PLACEMENT_3D('',#13457,#10705,#10706);
#9044=AXIS2_PLACEMENT_3D('',#13459,#10708,#10709);
#9045=AXIS2_PLACEMENT_3D('',#13465,#10713,#10714);
#9046=AXIS2_PLACEMENT_3D('',#13467,#10715,#10716);
#9047=AXIS2_PLACEMENT_3D('',#13469,#10717,#10718);
#9048=AXIS2_PLACEMENT_3D('',#13471,#10720,#10721);
#9049=AXIS2_PLACEMENT_3D('',#13473,#10722,#10723);
#9050=AXIS2_PLACEMENT_3D('',#13475,#10724,#10725);
#9051=AXIS2_PLACEMENT_3D('',#13477,#10727,#10728);
#9052=AXIS2_PLACEMENT_3D('',#13482,#10732,#10733);
#9053=AXIS2_PLACEMENT_3D('',#13484,#10734,#10735);
#9054=AXIS2_PLACEMENT_3D('',#13486,#10737,#10738);
#9055=AXIS2_PLACEMENT_3D('',#13488,#10739,#10740);
#9056=AXIS2_PLACEMENT_3D('',#13490,#10742,#10743);
#9057=AXIS2_PLACEMENT_3D('',#13492,#10744,#10745);
#9058=AXIS2_PLACEMENT_3D('',#13494,#10747,#10748);
#9059=AXIS2_PLACEMENT_3D('',#13500,#10752,#10753);
#9060=AXIS2_PLACEMENT_3D('',#13502,#10754,#10755);
#9061=AXIS2_PLACEMENT_3D('',#13504,#10756,#10757);
#9062=AXIS2_PLACEMENT_3D('',#13506,#10759,#10760);
#9063=AXIS2_PLACEMENT_3D('',#13508,#10761,#10762);
#9064=AXIS2_PLACEMENT_3D('',#13510,#10763,#10764);
#9065=AXIS2_PLACEMENT_3D('',#13512,#10766,#10767);
#9066=AXIS2_PLACEMENT_3D('',#13517,#10771,#10772);
#9067=AXIS2_PLACEMENT_3D('',#13519,#10773,#10774);
#9068=AXIS2_PLACEMENT_3D('',#13521,#10776,#10777);
#9069=AXIS2_PLACEMENT_3D('',#13523,#10778,#10779);
#9070=AXIS2_PLACEMENT_3D('',#13525,#10781,#10782);
#9071=AXIS2_PLACEMENT_3D('',#13527,#10783,#10784);
#9072=AXIS2_PLACEMENT_3D('',#13529,#10786,#10787);
#9073=AXIS2_PLACEMENT_3D('',#13535,#10791,#10792);
#9074=AXIS2_PLACEMENT_3D('',#13537,#10793,#10794);
#9075=AXIS2_PLACEMENT_3D('',#13539,#10795,#10796);
#9076=AXIS2_PLACEMENT_3D('',#13541,#10798,#10799);
#9077=AXIS2_PLACEMENT_3D('',#13543,#10800,#10801);
#9078=AXIS2_PLACEMENT_3D('',#13545,#10802,#10803);
#9079=AXIS2_PLACEMENT_3D('',#13547,#10805,#10806);
#9080=AXIS2_PLACEMENT_3D('',#13552,#10810,#10811);
#9081=AXIS2_PLACEMENT_3D('',#13554,#10812,#10813);
#9082=AXIS2_PLACEMENT_3D('',#13556,#10815,#10816);
#9083=AXIS2_PLACEMENT_3D('',#13558,#10817,#10818);
#9084=AXIS2_PLACEMENT_3D('',#13560,#10820,#10821);
#9085=AXIS2_PLACEMENT_3D('',#13562,#10822,#10823);
#9086=AXIS2_PLACEMENT_3D('',#13564,#10825,#10826);
#9087=AXIS2_PLACEMENT_3D('',#13570,#10830,#10831);
#9088=AXIS2_PLACEMENT_3D('',#13572,#10832,#10833);
#9089=AXIS2_PLACEMENT_3D('',#13574,#10834,#10835);
#9090=AXIS2_PLACEMENT_3D('',#13576,#10837,#10838);
#9091=AXIS2_PLACEMENT_3D('',#13578,#10839,#10840);
#9092=AXIS2_PLACEMENT_3D('',#13580,#10841,#10842);
#9093=AXIS2_PLACEMENT_3D('',#13582,#10844,#10845);
#9094=AXIS2_PLACEMENT_3D('',#13587,#10849,#10850);
#9095=AXIS2_PLACEMENT_3D('',#13589,#10851,#10852);
#9096=AXIS2_PLACEMENT_3D('',#13591,#10854,#10855);
#9097=AXIS2_PLACEMENT_3D('',#13593,#10856,#10857);
#9098=AXIS2_PLACEMENT_3D('',#13595,#10859,#10860);
#9099=AXIS2_PLACEMENT_3D('',#13597,#10861,#10862);
#9100=AXIS2_PLACEMENT_3D('',#13599,#10864,#10865);
#9101=AXIS2_PLACEMENT_3D('',#13605,#10869,#10870);
#9102=AXIS2_PLACEMENT_3D('',#13607,#10871,#10872);
#9103=AXIS2_PLACEMENT_3D('',#13609,#10873,#10874);
#9104=AXIS2_PLACEMENT_3D('',#13611,#10876,#10877);
#9105=AXIS2_PLACEMENT_3D('',#13613,#10878,#10879);
#9106=AXIS2_PLACEMENT_3D('',#13615,#10880,#10881);
#9107=AXIS2_PLACEMENT_3D('',#13617,#10883,#10884);
#9108=AXIS2_PLACEMENT_3D('',#13622,#10888,#10889);
#9109=AXIS2_PLACEMENT_3D('',#13624,#10890,#10891);
#9110=AXIS2_PLACEMENT_3D('',#13626,#10893,#10894);
#9111=AXIS2_PLACEMENT_3D('',#13628,#10895,#10896);
#9112=AXIS2_PLACEMENT_3D('',#13630,#10898,#10899);
#9113=AXIS2_PLACEMENT_3D('',#13632,#10900,#10901);
#9114=AXIS2_PLACEMENT_3D('',#13634,#10903,#10904);
#9115=AXIS2_PLACEMENT_3D('',#13640,#10908,#10909);
#9116=AXIS2_PLACEMENT_3D('',#13642,#10910,#10911);
#9117=AXIS2_PLACEMENT_3D('',#13644,#10912,#10913);
#9118=AXIS2_PLACEMENT_3D('',#13646,#10915,#10916);
#9119=AXIS2_PLACEMENT_3D('',#13648,#10917,#10918);
#9120=AXIS2_PLACEMENT_3D('',#13650,#10919,#10920);
#9121=AXIS2_PLACEMENT_3D('',#13652,#10922,#10923);
#9122=AXIS2_PLACEMENT_3D('',#13657,#10927,#10928);
#9123=AXIS2_PLACEMENT_3D('',#13659,#10929,#10930);
#9124=AXIS2_PLACEMENT_3D('',#13661,#10932,#10933);
#9125=AXIS2_PLACEMENT_3D('',#13663,#10934,#10935);
#9126=AXIS2_PLACEMENT_3D('',#13665,#10937,#10938);
#9127=AXIS2_PLACEMENT_3D('',#13667,#10939,#10940);
#9128=AXIS2_PLACEMENT_3D('',#13669,#10942,#10943);
#9129=AXIS2_PLACEMENT_3D('',#13675,#10947,#10948);
#9130=AXIS2_PLACEMENT_3D('',#13677,#10949,#10950);
#9131=AXIS2_PLACEMENT_3D('',#13679,#10951,#10952);
#9132=AXIS2_PLACEMENT_3D('',#13681,#10954,#10955);
#9133=AXIS2_PLACEMENT_3D('',#13683,#10956,#10957);
#9134=AXIS2_PLACEMENT_3D('',#13685,#10958,#10959);
#9135=AXIS2_PLACEMENT_3D('',#13687,#10961,#10962);
#9136=AXIS2_PLACEMENT_3D('',#13692,#10966,#10967);
#9137=AXIS2_PLACEMENT_3D('',#13694,#10968,#10969);
#9138=AXIS2_PLACEMENT_3D('',#13696,#10971,#10972);
#9139=AXIS2_PLACEMENT_3D('',#13698,#10973,#10974);
#9140=AXIS2_PLACEMENT_3D('',#13700,#10976,#10977);
#9141=AXIS2_PLACEMENT_3D('',#13702,#10978,#10979);
#9142=AXIS2_PLACEMENT_3D('',#13704,#10981,#10982);
#9143=AXIS2_PLACEMENT_3D('',#13710,#10986,#10987);
#9144=AXIS2_PLACEMENT_3D('',#13712,#10988,#10989);
#9145=AXIS2_PLACEMENT_3D('',#13714,#10990,#10991);
#9146=AXIS2_PLACEMENT_3D('',#13716,#10993,#10994);
#9147=AXIS2_PLACEMENT_3D('',#13718,#10995,#10996);
#9148=AXIS2_PLACEMENT_3D('',#13720,#10997,#10998);
#9149=AXIS2_PLACEMENT_3D('',#13722,#11000,#11001);
#9150=AXIS2_PLACEMENT_3D('',#13727,#11005,#11006);
#9151=AXIS2_PLACEMENT_3D('',#13729,#11007,#11008);
#9152=AXIS2_PLACEMENT_3D('',#13731,#11010,#11011);
#9153=AXIS2_PLACEMENT_3D('',#13733,#11012,#11013);
#9154=AXIS2_PLACEMENT_3D('',#13735,#11015,#11016);
#9155=AXIS2_PLACEMENT_3D('',#13737,#11017,#11018);
#9156=AXIS2_PLACEMENT_3D('',#13739,#11020,#11021);
#9157=AXIS2_PLACEMENT_3D('',#13745,#11025,#11026);
#9158=AXIS2_PLACEMENT_3D('',#13747,#11027,#11028);
#9159=AXIS2_PLACEMENT_3D('',#13749,#11029,#11030);
#9160=AXIS2_PLACEMENT_3D('',#13751,#11032,#11033);
#9161=AXIS2_PLACEMENT_3D('',#13753,#11034,#11035);
#9162=AXIS2_PLACEMENT_3D('',#13755,#11036,#11037);
#9163=AXIS2_PLACEMENT_3D('',#13757,#11039,#11040);
#9164=AXIS2_PLACEMENT_3D('',#13762,#11044,#11045);
#9165=AXIS2_PLACEMENT_3D('',#13764,#11046,#11047);
#9166=AXIS2_PLACEMENT_3D('',#13766,#11049,#11050);
#9167=AXIS2_PLACEMENT_3D('',#13768,#11051,#11052);
#9168=AXIS2_PLACEMENT_3D('',#13770,#11054,#11055);
#9169=AXIS2_PLACEMENT_3D('',#13772,#11056,#11057);
#9170=AXIS2_PLACEMENT_3D('',#13774,#11059,#11060);
#9171=AXIS2_PLACEMENT_3D('',#13780,#11064,#11065);
#9172=AXIS2_PLACEMENT_3D('',#13782,#11066,#11067);
#9173=AXIS2_PLACEMENT_3D('',#13784,#11068,#11069);
#9174=AXIS2_PLACEMENT_3D('',#13786,#11071,#11072);
#9175=AXIS2_PLACEMENT_3D('',#13788,#11073,#11074);
#9176=AXIS2_PLACEMENT_3D('',#13790,#11075,#11076);
#9177=AXIS2_PLACEMENT_3D('',#13792,#11078,#11079);
#9178=AXIS2_PLACEMENT_3D('',#13797,#11083,#11084);
#9179=AXIS2_PLACEMENT_3D('',#13799,#11085,#11086);
#9180=AXIS2_PLACEMENT_3D('',#13801,#11088,#11089);
#9181=AXIS2_PLACEMENT_3D('',#13803,#11090,#11091);
#9182=AXIS2_PLACEMENT_3D('',#13805,#11093,#11094);
#9183=AXIS2_PLACEMENT_3D('',#13807,#11095,#11096);
#9184=AXIS2_PLACEMENT_3D('',#13809,#11098,#11099);
#9185=AXIS2_PLACEMENT_3D('',#13815,#11103,#11104);
#9186=AXIS2_PLACEMENT_3D('',#13817,#11105,#11106);
#9187=AXIS2_PLACEMENT_3D('',#13819,#11107,#11108);
#9188=AXIS2_PLACEMENT_3D('',#13821,#11110,#11111);
#9189=AXIS2_PLACEMENT_3D('',#13823,#11112,#11113);
#9190=AXIS2_PLACEMENT_3D('',#13825,#11114,#11115);
#9191=AXIS2_PLACEMENT_3D('',#13827,#11117,#11118);
#9192=AXIS2_PLACEMENT_3D('',#13832,#11122,#11123);
#9193=AXIS2_PLACEMENT_3D('',#13834,#11124,#11125);
#9194=AXIS2_PLACEMENT_3D('',#13836,#11127,#11128);
#9195=AXIS2_PLACEMENT_3D('',#13838,#11129,#11130);
#9196=AXIS2_PLACEMENT_3D('',#13840,#11132,#11133);
#9197=AXIS2_PLACEMENT_3D('',#13842,#11134,#11135);
#9198=AXIS2_PLACEMENT_3D('',#13844,#11137,#11138);
#9199=AXIS2_PLACEMENT_3D('',#13850,#11142,#11143);
#9200=AXIS2_PLACEMENT_3D('',#13852,#11144,#11145);
#9201=AXIS2_PLACEMENT_3D('',#13854,#11146,#11147);
#9202=AXIS2_PLACEMENT_3D('',#13856,#11149,#11150);
#9203=AXIS2_PLACEMENT_3D('',#13858,#11151,#11152);
#9204=AXIS2_PLACEMENT_3D('',#13860,#11153,#11154);
#9205=AXIS2_PLACEMENT_3D('',#13862,#11156,#11157);
#9206=AXIS2_PLACEMENT_3D('',#13867,#11161,#11162);
#9207=AXIS2_PLACEMENT_3D('',#13869,#11163,#11164);
#9208=AXIS2_PLACEMENT_3D('',#13871,#11166,#11167);
#9209=AXIS2_PLACEMENT_3D('',#13873,#11168,#11169);
#9210=AXIS2_PLACEMENT_3D('',#13875,#11171,#11172);
#9211=AXIS2_PLACEMENT_3D('',#13877,#11173,#11174);
#9212=AXIS2_PLACEMENT_3D('',#13879,#11176,#11177);
#9213=AXIS2_PLACEMENT_3D('',#13885,#11181,#11182);
#9214=AXIS2_PLACEMENT_3D('',#13887,#11183,#11184);
#9215=AXIS2_PLACEMENT_3D('',#13889,#11185,#11186);
#9216=AXIS2_PLACEMENT_3D('',#13891,#11188,#11189);
#9217=AXIS2_PLACEMENT_3D('',#13893,#11190,#11191);
#9218=AXIS2_PLACEMENT_3D('',#13895,#11192,#11193);
#9219=AXIS2_PLACEMENT_3D('',#13897,#11195,#11196);
#9220=AXIS2_PLACEMENT_3D('',#13902,#11200,#11201);
#9221=AXIS2_PLACEMENT_3D('',#13904,#11202,#11203);
#9222=AXIS2_PLACEMENT_3D('',#13906,#11205,#11206);
#9223=AXIS2_PLACEMENT_3D('',#13908,#11207,#11208);
#9224=AXIS2_PLACEMENT_3D('',#13910,#11210,#11211);
#9225=AXIS2_PLACEMENT_3D('',#13912,#11212,#11213);
#9226=AXIS2_PLACEMENT_3D('',#13914,#11215,#11216);
#9227=AXIS2_PLACEMENT_3D('',#13920,#11220,#11221);
#9228=AXIS2_PLACEMENT_3D('',#13922,#11222,#11223);
#9229=AXIS2_PLACEMENT_3D('',#13924,#11224,#11225);
#9230=AXIS2_PLACEMENT_3D('',#13926,#11227,#11228);
#9231=AXIS2_PLACEMENT_3D('',#13928,#11229,#11230);
#9232=AXIS2_PLACEMENT_3D('',#13930,#11231,#11232);
#9233=AXIS2_PLACEMENT_3D('',#13932,#11234,#11235);
#9234=AXIS2_PLACEMENT_3D('',#13937,#11239,#11240);
#9235=AXIS2_PLACEMENT_3D('',#13939,#11241,#11242);
#9236=AXIS2_PLACEMENT_3D('',#13941,#11244,#11245);
#9237=AXIS2_PLACEMENT_3D('',#13943,#11246,#11247);
#9238=AXIS2_PLACEMENT_3D('',#13945,#11249,#11250);
#9239=AXIS2_PLACEMENT_3D('',#13946,#11251,#11252);
#9240=AXIS2_PLACEMENT_3D('',#13947,#11253,#11254);
#9241=AXIS2_PLACEMENT_3D('',#13951,#11256,#11257);
#9242=AXIS2_PLACEMENT_3D('',#13953,#11258,#11259);
#9243=AXIS2_PLACEMENT_3D('',#13955,#11260,#11261);
#9244=AXIS2_PLACEMENT_3D('',#13957,#11263,#11264);
#9245=AXIS2_PLACEMENT_3D('',#13961,#11266,#11267);
#9246=AXIS2_PLACEMENT_3D('',#13963,#11268,#11269);
#9247=AXIS2_PLACEMENT_3D('',#13965,#11270,#11271);
#9248=AXIS2_PLACEMENT_3D('',#13967,#11273,#11274);
#9249=AXIS2_PLACEMENT_3D('',#13971,#11276,#11277);
#9250=AXIS2_PLACEMENT_3D('',#13973,#11278,#11279);
#9251=AXIS2_PLACEMENT_3D('',#13975,#11280,#11281);
#9252=AXIS2_PLACEMENT_3D('',#13977,#11283,#11284);
#9253=AXIS2_PLACEMENT_3D('',#13981,#11286,#11287);
#9254=AXIS2_PLACEMENT_3D('',#13983,#11288,#11289);
#9255=AXIS2_PLACEMENT_3D('',#13985,#11290,#11291);
#9256=AXIS2_PLACEMENT_3D('',#13987,#11293,#11294);
#9257=AXIS2_PLACEMENT_3D('',#13991,#11296,#11297);
#9258=AXIS2_PLACEMENT_3D('',#13993,#11298,#11299);
#9259=AXIS2_PLACEMENT_3D('',#13995,#11300,#11301);
#9260=AXIS2_PLACEMENT_3D('',#13997,#11303,#11304);
#9261=AXIS2_PLACEMENT_3D('',#14001,#11306,#11307);
#9262=AXIS2_PLACEMENT_3D('',#14003,#11308,#11309);
#9263=AXIS2_PLACEMENT_3D('',#14005,#11310,#11311);
#9264=AXIS2_PLACEMENT_3D('',#14007,#11313,#11314);
#9265=AXIS2_PLACEMENT_3D('',#14011,#11316,#11317);
#9266=AXIS2_PLACEMENT_3D('',#14013,#11318,#11319);
#9267=AXIS2_PLACEMENT_3D('',#14015,#11320,#11321);
#9268=AXIS2_PLACEMENT_3D('',#14017,#11323,#11324);
#9269=AXIS2_PLACEMENT_3D('',#14021,#11326,#11327);
#9270=AXIS2_PLACEMENT_3D('',#14023,#11328,#11329);
#9271=AXIS2_PLACEMENT_3D('',#14025,#11330,#11331);
#9272=AXIS2_PLACEMENT_3D('',#14027,#11333,#11334);
#9273=AXIS2_PLACEMENT_3D('',#14031,#11336,#11337);
#9274=AXIS2_PLACEMENT_3D('',#14033,#11338,#11339);
#9275=AXIS2_PLACEMENT_3D('',#14035,#11340,#11341);
#9276=AXIS2_PLACEMENT_3D('',#14037,#11343,#11344);
#9277=AXIS2_PLACEMENT_3D('',#14041,#11346,#11347);
#9278=AXIS2_PLACEMENT_3D('',#14043,#11348,#11349);
#9279=AXIS2_PLACEMENT_3D('',#14045,#11350,#11351);
#9280=AXIS2_PLACEMENT_3D('',#14047,#11353,#11354);
#9281=AXIS2_PLACEMENT_3D('',#14051,#11356,#11357);
#9282=AXIS2_PLACEMENT_3D('',#14053,#11358,#11359);
#9283=AXIS2_PLACEMENT_3D('',#14055,#11360,#11361);
#9284=AXIS2_PLACEMENT_3D('',#14057,#11363,#11364);
#9285=AXIS2_PLACEMENT_3D('',#14061,#11366,#11367);
#9286=AXIS2_PLACEMENT_3D('',#14063,#11368,#11369);
#9287=AXIS2_PLACEMENT_3D('',#14065,#11370,#11371);
#9288=AXIS2_PLACEMENT_3D('',#14067,#11373,#11374);
#9289=AXIS2_PLACEMENT_3D('',#14071,#11376,#11377);
#9290=AXIS2_PLACEMENT_3D('',#14073,#11378,#11379);
#9291=AXIS2_PLACEMENT_3D('',#14075,#11380,#11381);
#9292=AXIS2_PLACEMENT_3D('',#14077,#11383,#11384);
#9293=AXIS2_PLACEMENT_3D('',#14081,#11386,#11387);
#9294=AXIS2_PLACEMENT_3D('',#14083,#11388,#11389);
#9295=AXIS2_PLACEMENT_3D('',#14085,#11390,#11391);
#9296=AXIS2_PLACEMENT_3D('',#14087,#11393,#11394);
#9297=AXIS2_PLACEMENT_3D('',#14091,#11396,#11397);
#9298=AXIS2_PLACEMENT_3D('',#14093,#11398,#11399);
#9299=AXIS2_PLACEMENT_3D('',#14095,#11400,#11401);
#9300=AXIS2_PLACEMENT_3D('',#14097,#11403,#11404);
#9301=AXIS2_PLACEMENT_3D('',#14101,#11406,#11407);
#9302=AXIS2_PLACEMENT_3D('',#14103,#11408,#11409);
#9303=AXIS2_PLACEMENT_3D('',#14105,#11410,#11411);
#9304=AXIS2_PLACEMENT_3D('',#14107,#11413,#11414);
#9305=AXIS2_PLACEMENT_3D('',#14111,#11416,#11417);
#9306=AXIS2_PLACEMENT_3D('',#14113,#11418,#11419);
#9307=AXIS2_PLACEMENT_3D('',#14115,#11420,#11421);
#9308=AXIS2_PLACEMENT_3D('',#14117,#11423,#11424);
#9309=AXIS2_PLACEMENT_3D('',#14121,#11426,#11427);
#9310=AXIS2_PLACEMENT_3D('',#14123,#11428,#11429);
#9311=AXIS2_PLACEMENT_3D('',#14125,#11430,#11431);
#9312=AXIS2_PLACEMENT_3D('',#14127,#11433,#11434);
#9313=AXIS2_PLACEMENT_3D('',#14131,#11436,#11437);
#9314=AXIS2_PLACEMENT_3D('',#14133,#11438,#11439);
#9315=AXIS2_PLACEMENT_3D('',#14135,#11440,#11441);
#9316=AXIS2_PLACEMENT_3D('',#14137,#11443,#11444);
#9317=AXIS2_PLACEMENT_3D('',#14141,#11446,#11447);
#9318=AXIS2_PLACEMENT_3D('',#14143,#11448,#11449);
#9319=AXIS2_PLACEMENT_3D('',#14145,#11450,#11451);
#9320=AXIS2_PLACEMENT_3D('',#14147,#11453,#11454);
#9321=AXIS2_PLACEMENT_3D('',#14150,#11455,#11456);
#9322=AXIS2_PLACEMENT_3D('',#14153,#11459,#11460);
#9323=AXIS2_PLACEMENT_3D('',#14155,#11461,#11462);
#9324=AXIS2_PLACEMENT_3D('',#14157,#11464,#11465);
#9325=AXIS2_PLACEMENT_3D('',#14161,#11468,#11469);
#9326=AXIS2_PLACEMENT_3D('',#14163,#11470,#11471);
#9327=AXIS2_PLACEMENT_3D('',#14165,#11473,#11474);
#9328=AXIS2_PLACEMENT_3D('',#14167,#11475,#11476);
#9329=AXIS2_PLACEMENT_3D('',#14169,#11478,#11479);
#9330=AXIS2_PLACEMENT_3D('',#14173,#11482,#11483);
#9331=AXIS2_PLACEMENT_3D('',#14175,#11484,#11485);
#9332=AXIS2_PLACEMENT_3D('',#14177,#11487,#11488);
#9333=AXIS2_PLACEMENT_3D('',#14179,#11489,#11490);
#9334=AXIS2_PLACEMENT_3D('',#14181,#11492,#11493);
#9335=AXIS2_PLACEMENT_3D('',#14183,#11494,#11495);
#9336=AXIS2_PLACEMENT_3D('',#14185,#11497,#11498);
#9337=AXIS2_PLACEMENT_3D('',#14189,#11501,#11502);
#9338=AXIS2_PLACEMENT_3D('',#14191,#11503,#11504);
#9339=AXIS2_PLACEMENT_3D('',#14193,#11506,#11507);
#9340=AXIS2_PLACEMENT_3D('',#14195,#11508,#11509);
#9341=AXIS2_PLACEMENT_3D('',#14197,#11511,#11512);
#9342=AXIS2_PLACEMENT_3D('',#14201,#11515,#11516);
#9343=AXIS2_PLACEMENT_3D('',#14203,#11517,#11518);
#9344=AXIS2_PLACEMENT_3D('',#14205,#11520,#11521);
#9345=AXIS2_PLACEMENT_3D('',#14207,#11522,#11523);
#9346=AXIS2_PLACEMENT_3D('',#14209,#11525,#11526);
#9347=AXIS2_PLACEMENT_3D('',#14211,#11527,#11528);
#9348=AXIS2_PLACEMENT_3D('',#14213,#11530,#11531);
#9349=AXIS2_PLACEMENT_3D('',#14217,#11534,#11535);
#9350=AXIS2_PLACEMENT_3D('',#14219,#11536,#11537);
#9351=AXIS2_PLACEMENT_3D('',#14221,#11539,#11540);
#9352=AXIS2_PLACEMENT_3D('',#14223,#11541,#11542);
#9353=AXIS2_PLACEMENT_3D('',#14225,#11544,#11545);
#9354=AXIS2_PLACEMENT_3D('',#14229,#11548,#11549);
#9355=AXIS2_PLACEMENT_3D('',#14231,#11550,#11551);
#9356=AXIS2_PLACEMENT_3D('',#14233,#11553,#11554);
#9357=AXIS2_PLACEMENT_3D('',#14235,#11555,#11556);
#9358=AXIS2_PLACEMENT_3D('',#14237,#11558,#11559);
#9359=AXIS2_PLACEMENT_3D('',#14239,#11560,#11561);
#9360=AXIS2_PLACEMENT_3D('',#14241,#11563,#11564);
#9361=AXIS2_PLACEMENT_3D('',#14245,#11567,#11568);
#9362=AXIS2_PLACEMENT_3D('',#14247,#11569,#11570);
#9363=AXIS2_PLACEMENT_3D('',#14249,#11572,#11573);
#9364=AXIS2_PLACEMENT_3D('',#14251,#11574,#11575);
#9365=AXIS2_PLACEMENT_3D('',#14253,#11577,#11578);
#9366=AXIS2_PLACEMENT_3D('',#14257,#11581,#11582);
#9367=AXIS2_PLACEMENT_3D('',#14259,#11583,#11584);
#9368=AXIS2_PLACEMENT_3D('',#14261,#11586,#11587);
#9369=AXIS2_PLACEMENT_3D('',#14263,#11588,#11589);
#9370=AXIS2_PLACEMENT_3D('',#14265,#11591,#11592);
#9371=AXIS2_PLACEMENT_3D('',#14267,#11593,#11594);
#9372=AXIS2_PLACEMENT_3D('',#14269,#11596,#11597);
#9373=AXIS2_PLACEMENT_3D('',#14273,#11600,#11601);
#9374=AXIS2_PLACEMENT_3D('',#14275,#11602,#11603);
#9375=AXIS2_PLACEMENT_3D('',#14277,#11605,#11606);
#9376=AXIS2_PLACEMENT_3D('',#14279,#11607,#11608);
#9377=AXIS2_PLACEMENT_3D('',#14281,#11610,#11611);
#9378=AXIS2_PLACEMENT_3D('',#14285,#11614,#11615);
#9379=AXIS2_PLACEMENT_3D('',#14287,#11616,#11617);
#9380=AXIS2_PLACEMENT_3D('',#14289,#11619,#11620);
#9381=AXIS2_PLACEMENT_3D('',#14291,#11621,#11622);
#9382=AXIS2_PLACEMENT_3D('',#14293,#11624,#11625);
#9383=AXIS2_PLACEMENT_3D('',#14295,#11626,#11627);
#9384=AXIS2_PLACEMENT_3D('',#14297,#11629,#11630);
#9385=AXIS2_PLACEMENT_3D('',#14301,#11633,#11634);
#9386=AXIS2_PLACEMENT_3D('',#14303,#11635,#11636);
#9387=AXIS2_PLACEMENT_3D('',#14305,#11638,#11639);
#9388=AXIS2_PLACEMENT_3D('',#14307,#11640,#11641);
#9389=AXIS2_PLACEMENT_3D('',#14309,#11643,#11644);
#9390=AXIS2_PLACEMENT_3D('',#14313,#11647,#11648);
#9391=AXIS2_PLACEMENT_3D('',#14315,#11649,#11650);
#9392=AXIS2_PLACEMENT_3D('',#14317,#11652,#11653);
#9393=AXIS2_PLACEMENT_3D('',#14319,#11654,#11655);
#9394=AXIS2_PLACEMENT_3D('',#14321,#11657,#11658);
#9395=AXIS2_PLACEMENT_3D('',#14323,#11659,#11660);
#9396=AXIS2_PLACEMENT_3D('',#14325,#11662,#11663);
#9397=AXIS2_PLACEMENT_3D('',#14329,#11666,#11667);
#9398=AXIS2_PLACEMENT_3D('',#14331,#11668,#11669);
#9399=AXIS2_PLACEMENT_3D('',#14333,#11671,#11672);
#9400=AXIS2_PLACEMENT_3D('',#14335,#11673,#11674);
#9401=AXIS2_PLACEMENT_3D('',#14337,#11676,#11677);
#9402=AXIS2_PLACEMENT_3D('',#14341,#11680,#11681);
#9403=AXIS2_PLACEMENT_3D('',#14343,#11682,#11683);
#9404=AXIS2_PLACEMENT_3D('',#14345,#11685,#11686);
#9405=AXIS2_PLACEMENT_3D('',#14347,#11687,#11688);
#9406=AXIS2_PLACEMENT_3D('',#14349,#11690,#11691);
#9407=AXIS2_PLACEMENT_3D('',#14351,#11692,#11693);
#9408=AXIS2_PLACEMENT_3D('',#14353,#11695,#11696);
#9409=AXIS2_PLACEMENT_3D('',#14357,#11699,#11700);
#9410=AXIS2_PLACEMENT_3D('',#14359,#11701,#11702);
#9411=AXIS2_PLACEMENT_3D('',#14361,#11704,#11705);
#9412=AXIS2_PLACEMENT_3D('',#14363,#11706,#11707);
#9413=AXIS2_PLACEMENT_3D('',#14365,#11709,#11710);
#9414=AXIS2_PLACEMENT_3D('',#14369,#11713,#11714);
#9415=AXIS2_PLACEMENT_3D('',#14371,#11715,#11716);
#9416=AXIS2_PLACEMENT_3D('',#14373,#11718,#11719);
#9417=AXIS2_PLACEMENT_3D('',#14375,#11720,#11721);
#9418=AXIS2_PLACEMENT_3D('',#14377,#11723,#11724);
#9419=AXIS2_PLACEMENT_3D('',#14379,#11725,#11726);
#9420=AXIS2_PLACEMENT_3D('',#14381,#11728,#11729);
#9421=AXIS2_PLACEMENT_3D('',#14385,#11732,#11733);
#9422=AXIS2_PLACEMENT_3D('',#14387,#11734,#11735);
#9423=AXIS2_PLACEMENT_3D('',#14389,#11737,#11738);
#9424=AXIS2_PLACEMENT_3D('',#14391,#11739,#11740);
#9425=AXIS2_PLACEMENT_3D('',#14393,#11742,#11743);
#9426=AXIS2_PLACEMENT_3D('',#14397,#11746,#11747);
#9427=AXIS2_PLACEMENT_3D('',#14399,#11748,#11749);
#9428=AXIS2_PLACEMENT_3D('',#14401,#11751,#11752);
#9429=AXIS2_PLACEMENT_3D('',#14403,#11753,#11754);
#9430=AXIS2_PLACEMENT_3D('',#14405,#11756,#11757);
#9431=AXIS2_PLACEMENT_3D('',#14407,#11758,#11759);
#9432=AXIS2_PLACEMENT_3D('',#14409,#11761,#11762);
#9433=AXIS2_PLACEMENT_3D('',#14413,#11765,#11766);
#9434=AXIS2_PLACEMENT_3D('',#14415,#11767,#11768);
#9435=AXIS2_PLACEMENT_3D('',#14417,#11770,#11771);
#9436=AXIS2_PLACEMENT_3D('',#14419,#11772,#11773);
#9437=AXIS2_PLACEMENT_3D('',#14421,#11775,#11776);
#9438=AXIS2_PLACEMENT_3D('',#14425,#11779,#11780);
#9439=AXIS2_PLACEMENT_3D('',#14427,#11781,#11782);
#9440=AXIS2_PLACEMENT_3D('',#14429,#11784,#11785);
#9441=AXIS2_PLACEMENT_3D('',#14431,#11786,#11787);
#9442=AXIS2_PLACEMENT_3D('',#14433,#11789,#11790);
#9443=AXIS2_PLACEMENT_3D('',#14435,#11791,#11792);
#9444=AXIS2_PLACEMENT_3D('',#14437,#11794,#11795);
#9445=AXIS2_PLACEMENT_3D('',#14441,#11798,#11799);
#9446=AXIS2_PLACEMENT_3D('',#14443,#11800,#11801);
#9447=AXIS2_PLACEMENT_3D('',#14445,#11803,#11804);
#9448=AXIS2_PLACEMENT_3D('',#14447,#11805,#11806);
#9449=AXIS2_PLACEMENT_3D('',#14449,#11808,#11809);
#9450=AXIS2_PLACEMENT_3D('',#14453,#11812,#11813);
#9451=AXIS2_PLACEMENT_3D('',#14455,#11814,#11815);
#9452=AXIS2_PLACEMENT_3D('',#14457,#11817,#11818);
#9453=AXIS2_PLACEMENT_3D('',#14459,#11819,#11820);
#9454=AXIS2_PLACEMENT_3D('',#14461,#11822,#11823);
#9455=AXIS2_PLACEMENT_3D('',#14463,#11824,#11825);
#9456=AXIS2_PLACEMENT_3D('',#14465,#11827,#11828);
#9457=AXIS2_PLACEMENT_3D('',#14469,#11831,#11832);
#9458=AXIS2_PLACEMENT_3D('',#14471,#11833,#11834);
#9459=AXIS2_PLACEMENT_3D('',#14473,#11836,#11837);
#9460=AXIS2_PLACEMENT_3D('',#14475,#11838,#11839);
#9461=AXIS2_PLACEMENT_3D('',#14477,#11841,#11842);
#9462=AXIS2_PLACEMENT_3D('',#14481,#11845,#11846);
#9463=AXIS2_PLACEMENT_3D('',#14483,#11847,#11848);
#9464=AXIS2_PLACEMENT_3D('',#14485,#11850,#11851);
#9465=AXIS2_PLACEMENT_3D('',#14487,#11852,#11853);
#9466=AXIS2_PLACEMENT_3D('',#14489,#11855,#11856);
#9467=AXIS2_PLACEMENT_3D('',#14491,#11857,#11858);
#9468=AXIS2_PLACEMENT_3D('',#14493,#11860,#11861);
#9469=AXIS2_PLACEMENT_3D('',#14497,#11864,#11865);
#9470=AXIS2_PLACEMENT_3D('',#14499,#11866,#11867);
#9471=AXIS2_PLACEMENT_3D('',#14501,#11869,#11870);
#9472=AXIS2_PLACEMENT_3D('',#14503,#11871,#11872);
#9473=AXIS2_PLACEMENT_3D('',#14505,#11874,#11875);
#9474=AXIS2_PLACEMENT_3D('',#14509,#11878,#11879);
#9475=AXIS2_PLACEMENT_3D('',#14511,#11880,#11881);
#9476=AXIS2_PLACEMENT_3D('',#14513,#11883,#11884);
#9477=AXIS2_PLACEMENT_3D('',#14515,#11885,#11886);
#9478=AXIS2_PLACEMENT_3D('',#14517,#11888,#11889);
#9479=AXIS2_PLACEMENT_3D('',#14519,#11890,#11891);
#9480=AXIS2_PLACEMENT_3D('',#14521,#11893,#11894);
#9481=AXIS2_PLACEMENT_3D('',#14525,#11897,#11898);
#9482=AXIS2_PLACEMENT_3D('',#14527,#11899,#11900);
#9483=AXIS2_PLACEMENT_3D('',#14529,#11902,#11903);
#9484=AXIS2_PLACEMENT_3D('',#14531,#11904,#11905);
#9485=AXIS2_PLACEMENT_3D('',#14533,#11907,#11908);
#9486=AXIS2_PLACEMENT_3D('',#14537,#11911,#11912);
#9487=AXIS2_PLACEMENT_3D('',#14539,#11913,#11914);
#9488=AXIS2_PLACEMENT_3D('',#14541,#11916,#11917);
#9489=AXIS2_PLACEMENT_3D('',#14543,#11918,#11919);
#9490=AXIS2_PLACEMENT_3D('',#14545,#11921,#11922);
#9491=AXIS2_PLACEMENT_3D('',#14547,#11923,#11924);
#9492=AXIS2_PLACEMENT_3D('',#14549,#11926,#11927);
#9493=AXIS2_PLACEMENT_3D('',#14553,#11930,#11931);
#9494=AXIS2_PLACEMENT_3D('',#14555,#11932,#11933);
#9495=AXIS2_PLACEMENT_3D('',#14557,#11935,#11936);
#9496=AXIS2_PLACEMENT_3D('',#14559,#11937,#11938);
#9497=AXIS2_PLACEMENT_3D('',#14561,#11940,#11941);
#9498=AXIS2_PLACEMENT_3D('',#14565,#11944,#11945);
#9499=AXIS2_PLACEMENT_3D('',#14567,#11946,#11947);
#9500=AXIS2_PLACEMENT_3D('',#14569,#11949,#11950);
#9501=AXIS2_PLACEMENT_3D('',#14571,#11951,#11952);
#9502=AXIS2_PLACEMENT_3D('',#14573,#11954,#11955);
#9503=AXIS2_PLACEMENT_3D('',#14575,#11956,#11957);
#9504=AXIS2_PLACEMENT_3D('',#14577,#11959,#11960);
#9505=AXIS2_PLACEMENT_3D('',#14581,#11963,#11964);
#9506=AXIS2_PLACEMENT_3D('',#14583,#11965,#11966);
#9507=AXIS2_PLACEMENT_3D('',#14585,#11968,#11969);
#9508=AXIS2_PLACEMENT_3D('',#14587,#11970,#11971);
#9509=AXIS2_PLACEMENT_3D('',#14589,#11973,#11974);
#9510=AXIS2_PLACEMENT_3D('',#14593,#11977,#11978);
#9511=AXIS2_PLACEMENT_3D('',#14595,#11979,#11980);
#9512=AXIS2_PLACEMENT_3D('',#14597,#11982,#11983);
#9513=AXIS2_PLACEMENT_3D('',#14599,#11984,#11985);
#9514=AXIS2_PLACEMENT_3D('',#14601,#11987,#11988);
#9515=AXIS2_PLACEMENT_3D('',#14603,#11989,#11990);
#9516=AXIS2_PLACEMENT_3D('',#14605,#11992,#11993);
#9517=AXIS2_PLACEMENT_3D('',#14609,#11996,#11997);
#9518=AXIS2_PLACEMENT_3D('',#14611,#11998,#11999);
#9519=AXIS2_PLACEMENT_3D('',#14613,#12001,#12002);
#9520=AXIS2_PLACEMENT_3D('',#14615,#12003,#12004);
#9521=AXIS2_PLACEMENT_3D('',#14617,#12006,#12007);
#9522=AXIS2_PLACEMENT_3D('',#14621,#12010,#12011);
#9523=AXIS2_PLACEMENT_3D('',#14623,#12012,#12013);
#9524=AXIS2_PLACEMENT_3D('',#14625,#12015,#12016);
#9525=AXIS2_PLACEMENT_3D('',#14627,#12017,#12018);
#9526=AXIS2_PLACEMENT_3D('',#14629,#12020,#12021);
#9527=AXIS2_PLACEMENT_3D('',#14631,#12022,#12023);
#9528=AXIS2_PLACEMENT_3D('',#14633,#12025,#12026);
#9529=AXIS2_PLACEMENT_3D('',#14637,#12029,#12030);
#9530=AXIS2_PLACEMENT_3D('',#14639,#12031,#12032);
#9531=AXIS2_PLACEMENT_3D('',#14641,#12034,#12035);
#9532=AXIS2_PLACEMENT_3D('',#14643,#12036,#12037);
#9533=AXIS2_PLACEMENT_3D('',#14645,#12039,#12040);
#9534=AXIS2_PLACEMENT_3D('',#14649,#12043,#12044);
#9535=AXIS2_PLACEMENT_3D('',#14651,#12045,#12046);
#9536=AXIS2_PLACEMENT_3D('',#14653,#12048,#12049);
#9537=AXIS2_PLACEMENT_3D('',#14655,#12050,#12051);
#9538=AXIS2_PLACEMENT_3D('',#14657,#12053,#12054);
#9539=AXIS2_PLACEMENT_3D('',#14659,#12055,#12056);
#9540=AXIS2_PLACEMENT_3D('',#14661,#12058,#12059);
#9541=AXIS2_PLACEMENT_3D('',#14665,#12062,#12063);
#9542=AXIS2_PLACEMENT_3D('',#14667,#12064,#12065);
#9543=AXIS2_PLACEMENT_3D('',#14669,#12067,#12068);
#9544=AXIS2_PLACEMENT_3D('',#14671,#12069,#12070);
#9545=AXIS2_PLACEMENT_3D('',#14673,#12072,#12073);
#9546=AXIS2_PLACEMENT_3D('',#14677,#12076,#12077);
#9547=AXIS2_PLACEMENT_3D('',#14679,#12078,#12079);
#9548=AXIS2_PLACEMENT_3D('',#14681,#12081,#12082);
#9549=AXIS2_PLACEMENT_3D('',#14683,#12083,#12084);
#9550=AXIS2_PLACEMENT_3D('',#14685,#12086,#12087);
#9551=AXIS2_PLACEMENT_3D('',#14687,#12088,#12089);
#9552=AXIS2_PLACEMENT_3D('',#14689,#12091,#12092);
#9553=AXIS2_PLACEMENT_3D('',#14693,#12095,#12096);
#9554=AXIS2_PLACEMENT_3D('',#14695,#12097,#12098);
#9555=AXIS2_PLACEMENT_3D('',#14697,#12100,#12101);
#9556=AXIS2_PLACEMENT_3D('',#14699,#12102,#12103);
#9557=AXIS2_PLACEMENT_3D('',#14701,#12105,#12106);
#9558=AXIS2_PLACEMENT_3D('',#14705,#12109,#12110);
#9559=AXIS2_PLACEMENT_3D('',#14706,#12111,#12112);
#9560=AXIS2_PLACEMENT_3D('',#14707,#12113,#12114);
#9561=AXIS2_PLACEMENT_3D('',#14708,#12115,#12116);
#9562=AXIS2_PLACEMENT_3D('',#14709,#12117,#12118);
#9563=AXIS2_PLACEMENT_3D('',#14718,#12123,#12124);
#9564=AXIS2_PLACEMENT_3D('',#14724,#12128,#12129);
#9565=AXIS2_PLACEMENT_3D('',#14730,#12133,#12134);
#9566=AXIS2_PLACEMENT_3D('',#14736,#12138,#12139);
#9567=AXIS2_PLACEMENT_3D('',#14742,#12143,#12144);
#9568=AXIS2_PLACEMENT_3D('',#14745,#12147,#12148);
#9569=AXIS2_PLACEMENT_3D('',#14746,#12149,#12150);
#9570=AXIS2_PLACEMENT_3D('',#14748,#12151,#12152);
#9571=AXIS2_PLACEMENT_3D('',#14749,#12153,#12154);
#9572=AXIS2_PLACEMENT_3D('',#14750,#12155,#12156);
#9573=AXIS2_PLACEMENT_3D('',#14752,#12157,#12158);
#9574=AXIS2_PLACEMENT_3D('',#14754,#12160,#12161);
#9575=AXIS2_PLACEMENT_3D('',#14756,#12162,#12163);
#9576=AXIS2_PLACEMENT_3D('',#14757,#12164,#12165);
#9577=AXIS2_PLACEMENT_3D('',#14758,#12166,#12167);
#9578=AXIS2_PLACEMENT_3D('',#14759,#12168,#12169);
#9579=AXIS2_PLACEMENT_3D('',#14768,#12174,#12175);
#9580=AXIS2_PLACEMENT_3D('',#14774,#12179,#12180);
#9581=AXIS2_PLACEMENT_3D('',#14780,#12184,#12185);
#9582=AXIS2_PLACEMENT_3D('',#14786,#12189,#12190);
#9583=AXIS2_PLACEMENT_3D('',#14792,#12194,#12195);
#9584=AXIS2_PLACEMENT_3D('',#14795,#12198,#12199);
#9585=AXIS2_PLACEMENT_3D('',#14796,#12200,#12201);
#9586=AXIS2_PLACEMENT_3D('',#14797,#12202,#12203);
#9587=AXIS2_PLACEMENT_3D('',#14799,#12204,#12205);
#9588=AXIS2_PLACEMENT_3D('',#14800,#12206,#12207);
#9589=AXIS2_PLACEMENT_3D('',#14801,#12208,#12209);
#9590=AXIS2_PLACEMENT_3D('',#14803,#12210,#12211);
#9591=AXIS2_PLACEMENT_3D('',#14805,#12213,#12214);
#9592=AXIS2_PLACEMENT_3D('',#14807,#12215,#12216);
#9593=AXIS2_PLACEMENT_3D('',#14808,#12217,#12218);
#9594=AXIS2_PLACEMENT_3D('',#14809,#12219,#12220);
#9595=AXIS2_PLACEMENT_3D('',#14810,#12221,#12222);
#9596=AXIS2_PLACEMENT_3D('',#14813,#12224,#12225);
#9597=AXIS2_PLACEMENT_3D('',#14814,#12226,#12227);
#9598=AXIS2_PLACEMENT_3D('',#14817,#12229,#12230);
#9599=AXIS2_PLACEMENT_3D('',#14818,#12231,#12232);
#9600=AXIS2_PLACEMENT_3D('',#14821,#12234,#12235);
#9601=AXIS2_PLACEMENT_3D('',#14822,#12236,#12237);
#9602=AXIS2_PLACEMENT_3D('',#14825,#12239,#12240);
#9603=AXIS2_PLACEMENT_3D('',#14826,#12241,#12242);
#9604=AXIS2_PLACEMENT_3D('',#14828,#12243,#12244);
#9605=AXIS2_PLACEMENT_3D('',#14831,#12246,#12247);
#9606=AXIS2_PLACEMENT_3D('',#14832,#12248,#12249);
#9607=AXIS2_PLACEMENT_3D('',#14834,#12250,#12251);
#9608=AXIS2_PLACEMENT_3D('',#14837,#12253,#12254);
#9609=AXIS2_PLACEMENT_3D('',#14838,#12255,#12256);
#9610=AXIS2_PLACEMENT_3D('',#14841,#12257,#12258);
#9611=AXIS2_PLACEMENT_3D('',#14845,#12260,#12261);
#9612=AXIS2_PLACEMENT_3D('',#14847,#12263,#12264);
#9613=AXIS2_PLACEMENT_3D('',#14856,#12269,#12270);
#9614=AXIS2_PLACEMENT_3D('',#14858,#12271,#12272);
#9615=AXIS2_PLACEMENT_3D('',#14859,#12273,#12274);
#9616=AXIS2_PLACEMENT_3D('',#14863,#12276,#12277);
#9617=AXIS2_PLACEMENT_3D('',#14867,#12279,#12280);
#9618=AXIS2_PLACEMENT_3D('',#14870,#12282,#12283);
#9619=AXIS2_PLACEMENT_3D('',#14872,#12284,#12285);
#9620=AXIS2_PLACEMENT_3D('',#14873,#12286,#12287);
#9621=AXIS2_PLACEMENT_3D('',#14875,#12288,#12289);
#9622=AXIS2_PLACEMENT_3D('',#14877,#12291,#12292);
#9623=AXIS2_PLACEMENT_3D('',#14881,#12295,#12296);
#9624=AXIS2_PLACEMENT_3D('',#14884,#12298,#12299);
#9625=AXIS2_PLACEMENT_3D('',#14885,#12300,#12301);
#9626=AXIS2_PLACEMENT_3D('',#14888,#12303,#12304);
#9627=AXIS2_PLACEMENT_3D('',#14890,#12305,#12306);
#9628=AXIS2_PLACEMENT_3D('',#14892,#12307,#12308);
#9629=AXIS2_PLACEMENT_3D('',#14893,#12309,#12310);
#9630=AXIS2_PLACEMENT_3D('',#14898,#12313,#12314);
#9631=AXIS2_PLACEMENT_3D('',#14900,#12315,#12316);
#9632=AXIS2_PLACEMENT_3D('',#14901,#12317,#12318);
#9633=AXIS2_PLACEMENT_3D('',#14903,#12319,#12320);
#9634=AXIS2_PLACEMENT_3D('',#14905,#12322,#12323);
#9635=AXIS2_PLACEMENT_3D('',#14908,#12325,#12326);
#9636=AXIS2_PLACEMENT_3D('',#14909,#12327,#12328);
#9637=AXIS2_PLACEMENT_3D('',#14912,#12330,#12331);
#9638=AXIS2_PLACEMENT_3D('',#14913,#12332,#12333);
#9639=AXIS2_PLACEMENT_3D('',#14914,#12334,#12335);
#9640=AXIS2_PLACEMENT_3D('',#14917,#12337,#12338);
#9641=AXIS2_PLACEMENT_3D('',#14918,#12339,#12340);
#9642=AXIS2_PLACEMENT_3D('',#14919,#12341,#12342);
#9643=AXIS2_PLACEMENT_3D('',#14961,#12344,#12345);
#9644=AXIS2_PLACEMENT_3D('',#15003,#12347,#12348);
#9645=AXIS2_PLACEMENT_3D('',#15045,#12350,#12351);
#9646=AXIS2_PLACEMENT_3D('',#15087,#12353,#12354);
#9647=AXIS2_PLACEMENT_3D('',#15089,#12356,#12357);
#9648=AXIS2_PLACEMENT_3D('',#15090,#12358,#12359);
#9649=AXIS2_PLACEMENT_3D('',#15091,#12360,#12361);
#9650=AXIS2_PLACEMENT_3D('',#15093,#12363,#12364);
#9651=AXIS2_PLACEMENT_3D('',#15095,#12365,#12366);
#9652=AXIS2_PLACEMENT_3D('',#15097,#12368,#12369);
#9653=AXIS2_PLACEMENT_3D('',#15099,#12370,#12371);
#9654=AXIS2_PLACEMENT_3D('',#15101,#12373,#12374);
#9655=AXIS2_PLACEMENT_3D('',#15102,#12375,#12376);
#9656=AXIS2_PLACEMENT_3D('',#15103,#12377,#12378);
#9657=AXIS2_PLACEMENT_3D('',#15104,#12379,#12380);
#9658=AXIS2_PLACEMENT_3D('',#15113,#12385,#12386);
#9659=AXIS2_PLACEMENT_3D('',#15119,#12390,#12391);
#9660=AXIS2_PLACEMENT_3D('',#15125,#12395,#12396);
#9661=AXIS2_PLACEMENT_3D('',#15131,#12400,#12401);
#9662=AXIS2_PLACEMENT_3D('',#15137,#12405,#12406);
#9663=AXIS2_PLACEMENT_3D('',#15140,#12409,#12410);
#9664=AXIS2_PLACEMENT_3D('',#15141,#12411,#12412);
#9665=AXIS2_PLACEMENT_3D('',#15143,#12413,#12414);
#9666=AXIS2_PLACEMENT_3D('',#15144,#12415,#12416);
#9667=AXIS2_PLACEMENT_3D('',#15146,#12418,#12419);
#9668=AXIS2_PLACEMENT_3D('',#15148,#12420,#12421);
#9669=AXIS2_PLACEMENT_3D('',#15149,#12422,#12423);
#9670=AXIS2_PLACEMENT_3D('',#15150,#12424,#12425);
#9671=AXIS2_PLACEMENT_3D('',#15151,#12426,#12427);
#9672=AXIS2_PLACEMENT_3D('',#15153,#12428,#12429);
#9673=AXIS2_PLACEMENT_3D('',#15155,#12431,#12432);
#9674=AXIS2_PLACEMENT_3D('',#15156,#12433,#12434);
#9675=AXIS2_PLACEMENT_3D('',#15158,#12435,#12436);
#9676=AXIS2_PLACEMENT_3D('',#15159,#12437,#12438);
#9677=AXIS2_PLACEMENT_3D('',#15160,#12439,#12440);
#9678=DIRECTION('axis',(0.,0.,1.));
#9679=DIRECTION('refdir',(1.,0.,0.));
#9680=DIRECTION('center_axis',(5.91645678915759E-31,-1.,-2.44929359829471E-16));
#9681=DIRECTION('ref_axis',(-1.45939267465887E-29,-2.44929359829471E-16,
1.));
#9682=DIRECTION('',(1.45939267465887E-29,2.44929359829471E-16,-1.));
#9683=DIRECTION('',(1.,9.25185853854297E-16,1.48029736616689E-15));
#9684=DIRECTION('',(-1.45939267465887E-29,-2.44929359829471E-16,1.));
#9685=DIRECTION('',(-1.,-9.25185853854297E-16,-1.48029736616689E-15));
#9686=DIRECTION('center_axis',(-1.,-9.25185853854297E-16,-1.48029736616689E-15));
#9687=DIRECTION('ref_axis',(-2.49581821718358E-16,0.915062669858772,-0.40331167876834));
#9688=DIRECTION('center_axis',(1.,9.99200722162641E-16,2.17696848334247E-15));
#9689=DIRECTION('ref_axis',(-3.63344669043386E-17,0.915062669858772,-0.40331167876834));
#9690=DIRECTION('',(1.,9.25185853854297E-16,1.48029736616689E-15));
#9691=DIRECTION('center_axis',(1.,9.9920072216264E-16,2.17696848334246E-15));
#9692=DIRECTION('ref_axis',(-2.49581821718358E-16,0.915062669858772,-0.40331167876834));
#9693=DIRECTION('',(-1.,-9.25185853854297E-16,-1.48029736616689E-15));
#9694=DIRECTION('center_axis',(-1.,-9.25185853854297E-16,-1.48029736616689E-15));
#9695=DIRECTION('ref_axis',(9.25185853854298E-16,-1.,-9.15933984628191E-16));
#9696=DIRECTION('center_axis',(1.,9.9920072216264E-16,2.17696848334246E-15));
#9697=DIRECTION('ref_axis',(9.25185853854298E-16,-1.,-9.15933984628191E-16));
#9698=DIRECTION('',(1.,9.25185853854297E-16,1.48029736616689E-15));
#9699=DIRECTION('center_axis',(-1.,-9.99200722162641E-16,-2.17696848334247E-15));
#9700=DIRECTION('ref_axis',(9.99200722162643E-16,-1.,-9.15933984628191E-16));
#9701=DIRECTION('center_axis',(-1.,-9.99200722162641E-16,-2.17696848334247E-15));
#9702=DIRECTION('ref_axis',(9.99200722162643E-16,-1.,-9.15933984628191E-16));
#9703=DIRECTION('center_axis',(-1.,-9.9920072216264E-16,-2.17696848334246E-15));
#9704=DIRECTION('ref_axis',(9.99200722162641E-16,-1.,-2.44929359829468E-16));
#9705=DIRECTION('center_axis',(-1.,-9.9920072216264E-16,-2.17696848334246E-15));
#9706=DIRECTION('ref_axis',(9.99200722162641E-16,-1.,-2.44929359829468E-16));
#9707=DIRECTION('center_axis',(-1.,-9.25185853854297E-16,-1.48029736616689E-15));
#9708=DIRECTION('ref_axis',(1.2812824102041E-16,0.806809494385717,-0.590811678768339));
#9709=DIRECTION('center_axis',(1.,9.99200722162641E-16,2.17696848334247E-15));
#9710=DIRECTION('ref_axis',(4.80013774831448E-16,0.806809494385717,-0.590811678768339));
#9711=DIRECTION('',(1.,9.25185853854297E-16,1.48029736616689E-15));
#9712=DIRECTION('center_axis',(1.,9.9920072216264E-16,2.17696848334246E-15));
#9713=DIRECTION('ref_axis',(1.2812824102041E-16,0.806809494385717,-0.590811678768339));
#9714=DIRECTION('',(-1.,-9.25185853854297E-16,-1.48029736616689E-15));
#9715=DIRECTION('center_axis',(-1.,-9.25185853854297E-16,-1.48029736616689E-15));
#9716=DIRECTION('ref_axis',(9.25185853854298E-16,-1.,-9.15933984628191E-16));
#9717=DIRECTION('center_axis',(-1.,-9.99200722162641E-16,-2.17696848334247E-15));
#9718=DIRECTION('ref_axis',(9.99200722162643E-16,-1.,-9.15933984628191E-16));
#9719=DIRECTION('',(-1.,-9.25185853854297E-16,-1.48029736616689E-15));
#9720=DIRECTION('center_axis',(1.,9.9920072216264E-16,2.17696848334246E-15));
#9721=DIRECTION('ref_axis',(9.25185853854298E-16,-1.,-9.15933984628191E-16));
#9722=DIRECTION('center_axis',(-1.,-9.25185853854297E-16,-1.48029736616689E-15));
#9723=DIRECTION('ref_axis',(-1.37144388122406E-15,-0.108253175473054,0.994123357536679));
#9724=DIRECTION('center_axis',(1.,9.99200722162641E-16,2.17696848334247E-15));
#9725=DIRECTION('ref_axis',(-2.05600856680288E-15,-0.108253175473054,0.994123357536679));
#9726=DIRECTION('',(1.,9.25185853854297E-16,1.48029736616689E-15));
#9727=DIRECTION('center_axis',(1.,9.9920072216264E-16,2.17696848334246E-15));
#9728=DIRECTION('ref_axis',(-1.37144388122406E-15,-0.108253175473054,0.994123357536679));
#9729=DIRECTION('center_axis',(-1.,-9.25185853854297E-16,-1.48029736616689E-15));
#9730=DIRECTION('ref_axis',(1.4436242533686E-15,-0.915062669858772,-0.40331167876834));
#9731=DIRECTION('center_axis',(1.,9.99200722162641E-16,2.17696848334247E-15));
#9732=DIRECTION('ref_axis',(1.79232809418958E-15,-0.915062669858772,-0.40331167876834));
#9733=DIRECTION('center_axis',(1.,9.9920072216264E-16,2.17696848334246E-15));
#9734=DIRECTION('ref_axis',(1.4436242533686E-15,-0.915062669858772,-0.40331167876834));
#9735=DIRECTION('',(-1.,-9.25185853854297E-16,-1.48029736616689E-15));
#9736=DIRECTION('center_axis',(-1.,-9.25185853854297E-16,-1.48029736616689E-15));
#9737=DIRECTION('ref_axis',(1.62102570294242E-15,-0.806809494385717,-0.590811678768339));
#9738=DIRECTION('center_axis',(1.,9.99200722162641E-16,2.17696848334247E-15));
#9739=DIRECTION('ref_axis',(2.09234303370722E-15,-0.806809494385717,-0.590811678768339));
#9740=DIRECTION('',(1.,9.25185853854297E-16,1.48029736616689E-15));
#9741=DIRECTION('center_axis',(1.,9.9920072216264E-16,2.17696848334246E-15));
#9742=DIRECTION('ref_axis',(1.62102570294242E-15,-0.806809494385717,-0.590811678768339));
#9743=DIRECTION('',(-1.,-9.25185853854297E-16,-1.48029736616689E-15));
#9744=DIRECTION('center_axis',(-1.,-9.25185853854297E-16,-1.48029736616689E-15));
#9745=DIRECTION('ref_axis',(9.25185853854298E-16,-1.,-9.15933984628191E-16));
#9746=DIRECTION('center_axis',(1.,9.9920072216264E-16,2.17696848334246E-15));
#9747=DIRECTION('ref_axis',(9.25185853854298E-16,-1.,-9.15933984628191E-16));
#9748=DIRECTION('',(1.,9.25185853854297E-16,1.48029736616689E-15));
#9749=DIRECTION('center_axis',(-1.,-9.99200722162641E-16,-2.17696848334247E-15));
#9750=DIRECTION('ref_axis',(9.99200722162643E-16,-1.,-9.15933984628191E-16));
#9751=DIRECTION('center_axis',(-1.,-9.25185853854297E-16,-1.48029736616689E-15));
#9752=DIRECTION('ref_axis',(-1.57175249438901E-15,0.108253175473055,0.994123357536679));
#9753=DIRECTION('center_axis',(1.,9.99200722162641E-16,2.17696848334247E-15));
#9754=DIRECTION('ref_axis',(-2.27234186902103E-15,0.108253175473055,0.994123357536679));
#9755=DIRECTION('center_axis',(1.,9.9920072216264E-16,2.17696848334246E-15));
#9756=DIRECTION('ref_axis',(-1.57175249438901E-15,0.108253175473055,0.994123357536679));
#9757=DIRECTION('',(-1.,-9.25185853854297E-16,-1.48029736616689E-15));
#9758=DIRECTION('center_axis',(-1.,-9.99200722162641E-16,-2.17696848334247E-15));
#9759=DIRECTION('ref_axis',(9.99200722162643E-16,-1.,-9.15933984628191E-16));
#9760=DIRECTION('center_axis',(1.,9.99200722162641E-16,2.17696848334247E-15));
#9761=DIRECTION('ref_axis',(9.99200722162643E-16,-1.,-9.15933984628191E-16));
#9762=DIRECTION('center_axis',(1.,9.99200722162641E-16,2.17696848334247E-15));
#9763=DIRECTION('ref_axis',(9.99200722162643E-16,-1.,-9.15933984628191E-16));
#9764=DIRECTION('center_axis',(1.,9.99200722162641E-16,2.17696848334247E-15));
#9765=DIRECTION('ref_axis',(9.99200722162643E-16,-1.,-9.15933984628191E-16));
#9766=DIRECTION('center_axis',(1.,9.99200722162641E-16,2.17696848334247E-15));
#9767=DIRECTION('ref_axis',(9.99200722162643E-16,-1.,-9.15933984628191E-16));
#9768=DIRECTION('center_axis',(1.,9.99200722162641E-16,2.17696848334247E-15));
#9769=DIRECTION('ref_axis',(9.99200722162643E-16,-1.,-9.15933984628191E-16));
#9770=DIRECTION('center_axis',(-1.,7.77156117237599E-16,-2.17696848334246E-15));
#9771=DIRECTION('ref_axis',(-2.17696848334246E-15,-2.44929359829473E-16,
1.));
#9772=DIRECTION('center_axis',(-1.,8.88178419700114E-16,-1.95492387841743E-15));
#9773=DIRECTION('ref_axis',(-1.95492387841743E-15,-2.44929359829473E-16,
1.));
#9774=DIRECTION('center_axis',(-1.,6.10622663543831E-16,-2.17696848334246E-15));
#9775=DIRECTION('ref_axis',(-2.17696848334246E-15,-2.44929359829473E-16,
1.));
#9776=DIRECTION('center_axis',(-1.,-9.9920072216264E-16,-2.17696848334246E-15));
#9777=DIRECTION('ref_axis',(9.9920072216264E-16,-1.,1.74148555274941E-16));
#9778=DIRECTION('center_axis',(1.,0.,0.));
#9779=DIRECTION('ref_axis',(0.,-1.,-2.44929359829471E-16));
#9780=DIRECTION('center_axis',(1.,9.9920072216264E-16,2.17696848334246E-15));
#9781=DIRECTION('ref_axis',(9.99200722162641E-16,-1.,-2.44929359829468E-16));
#9782=DIRECTION('center_axis',(1.,9.9920072216264E-16,2.17696848334246E-15));
#9783=DIRECTION('ref_axis',(9.99200722162641E-16,-1.,-2.44929359829468E-16));
#9784=DIRECTION('center_axis',(1.,9.9920072216264E-16,2.17696848334246E-15));
#9785=DIRECTION('ref_axis',(9.99200722162641E-16,-1.,-2.44929359829468E-16));
#9786=DIRECTION('center_axis',(1.,9.9920072216264E-16,2.17696848334246E-15));
#9787=DIRECTION('ref_axis',(9.99200722162641E-16,-1.,-2.44929359829468E-16));
#9788=DIRECTION('center_axis',(1.,9.9920072216264E-16,2.17696848334246E-15));
#9789=DIRECTION('ref_axis',(9.99200722162641E-16,-1.,-2.44929359829468E-16));
#9790=DIRECTION('center_axis',(1.,-8.88178419700118E-16,8.43769498715117E-15));
#9791=DIRECTION('ref_axis',(-8.43769498715117E-15,0.,1.));
#9792=DIRECTION('center_axis',(1.,-8.88178419700118E-16,8.43769498715117E-15));
#9793=DIRECTION('ref_axis',(-8.43769498715117E-15,0.,1.));
#9794=DIRECTION('',(-1.,8.88178419700117E-16,-8.43769498715117E-15));
#9795=DIRECTION('center_axis',(1.,0.,8.6597395920762E-15));
#9796=DIRECTION('ref_axis',(7.93174988296437E-30,-1.,-9.15933995315754E-16));
#9797=DIRECTION('center_axis',(-3.44966241902217E-15,0.866025403784439,
0.5));
#9798=DIRECTION('ref_axis',(-7.75134741810757E-15,-0.5,0.866025403784438));
#9799=DIRECTION('',(-7.75134741810758E-15,-0.5,0.866025403784438));
#9800=DIRECTION('',(1.,-8.88178419700118E-16,8.43769498715117E-15));
#9801=DIRECTION('',(-7.75134741810757E-15,-0.5,0.866025403784438));
#9802=DIRECTION('',(1.,-8.88178419700118E-16,8.43769498715117E-15));
#9803=DIRECTION('center_axis',(4.988032568129E-15,0.866025403784439,-0.5));
#9804=DIRECTION('ref_axis',(-6.86316899840745E-15,0.5,0.866025403784439));
#9805=DIRECTION('',(-6.86316899840747E-15,0.5,0.866025403784439));
#9806=DIRECTION('',(1.,-8.88178419700118E-16,8.43769498715117E-15));
#9807=DIRECTION('',(-6.86316899840745E-15,0.5,0.866025403784439));
#9808=DIRECTION('center_axis',(8.43769498715117E-15,6.55555461267124E-16,
-1.));
#9809=DIRECTION('ref_axis',(8.88178419700112E-16,1.,6.55555461267132E-16));
#9810=DIRECTION('',(8.88178419700112E-16,1.,6.55555461267132E-16));
#9811=DIRECTION('',(1.,-8.88178419700118E-16,8.43769498715117E-15));
#9812=DIRECTION('',(8.88178419700112E-16,1.,6.55555461267132E-16));
#9813=DIRECTION('center_axis',(3.44966241902217E-15,-0.866025403784438,
-0.500000000000001));
#9814=DIRECTION('ref_axis',(7.75134741810756E-15,0.500000000000001,-0.866025403784438));
#9815=DIRECTION('',(7.75134741810758E-15,0.500000000000001,-0.866025403784438));
#9816=DIRECTION('',(1.,-8.88178419700118E-16,8.43769498715117E-15));
#9817=DIRECTION('',(7.75134741810756E-15,0.500000000000001,-0.866025403784438));
#9818=DIRECTION('center_axis',(-4.988032568129E-15,-0.866025403784439,0.499999999999999));
#9819=DIRECTION('ref_axis',(6.86316899840745E-15,-0.499999999999999,-0.866025403784439));
#9820=DIRECTION('',(6.86316899840747E-15,-0.499999999999999,-0.866025403784439));
#9821=DIRECTION('',(1.,-8.88178419700118E-16,8.43769498715117E-15));
#9822=DIRECTION('',(6.86316899840745E-15,-0.499999999999999,-0.866025403784439));
#9823=DIRECTION('center_axis',(-8.43769498715117E-15,-6.55555461267124E-16,
1.));
#9824=DIRECTION('ref_axis',(-8.88178419700112E-16,-1.,-6.55555461267131E-16));
#9825=DIRECTION('',(-8.88178419700112E-16,-1.,-6.55555461267131E-16));
#9826=DIRECTION('',(-8.88178419700112E-16,-1.,-6.55555461267131E-16));
#9827=DIRECTION('center_axis',(1.,-8.88178419700118E-16,8.43769498715117E-15));
#9828=DIRECTION('ref_axis',(8.43769498715117E-15,0.,-1.));
#9829=DIRECTION('center_axis',(1.,-8.88178419700118E-16,8.43769498715117E-15));
#9830=DIRECTION('ref_axis',(-8.43769498715117E-15,0.,1.));
#9831=DIRECTION('center_axis',(-1.,8.88178419700118E-16,-8.43769498715117E-15));
#9832=DIRECTION('ref_axis',(-8.43769498715119E-15,0.,1.));
#9833=DIRECTION('center_axis',(1.,-8.88178419700118E-16,8.43769498715117E-15));
#9834=DIRECTION('ref_axis',(-8.43769498715117E-15,0.,1.));
#9835=DIRECTION('center_axis',(-8.88178419700118E-16,-1.,-7.47774399740744E-30));
#9836=DIRECTION('ref_axis',(8.4191912700741E-15,0.,-1.));
#9837=DIRECTION('center_axis',(-1.,4.44089209850059E-16,-8.54871728961368E-15));
#9838=DIRECTION('ref_axis',(-8.54871728961368E-15,0.,1.));
#9839=DIRECTION('center_axis',(-1.,8.88178419700118E-16,-8.43769498715117E-15));
#9840=DIRECTION('ref_axis',(-8.43769498715117E-15,0.,1.));
#9841=DIRECTION('center_axis',(-1.,4.44089209850059E-16,-8.54871728961368E-15));
#9842=DIRECTION('ref_axis',(-8.54871728961368E-15,0.,1.));
#9843=DIRECTION('center_axis',(-1.,8.88178419700118E-16,-8.43769498715117E-15));
#9844=DIRECTION('ref_axis',(-8.43769498715117E-15,0.,1.));
#9845=DIRECTION('center_axis',(-1.,8.88178419700118E-16,-8.43769498715117E-15));
#9846=DIRECTION('ref_axis',(-8.43769498715117E-15,0.,1.));
#9847=DIRECTION('',(1.,-8.88178419700117E-16,8.43769498715117E-15));
#9848=DIRECTION('center_axis',(-1.,8.88178419700118E-16,-8.43769498715117E-15));
#9849=DIRECTION('ref_axis',(-8.43769498715117E-15,0.,1.));
#9850=DIRECTION('center_axis',(1.,3.88938454866321E-61,8.6597395920762E-15));
#9851=DIRECTION('ref_axis',(7.93174988296437E-30,-1.,-9.15933995315754E-16));
#9852=DIRECTION('center_axis',(-1.,8.88178419700118E-16,-8.43769498715117E-15));
#9853=DIRECTION('ref_axis',(-8.43769498715119E-15,0.,1.));
#9854=DIRECTION('center_axis',(1.,-8.88178419700118E-16,8.43769498715117E-15));
#9855=DIRECTION('ref_axis',(-8.43769498715117E-15,0.,1.));
#9856=DIRECTION('center_axis',(-8.88178419700118E-16,-1.,-7.47774399740744E-30));
#9857=DIRECTION('ref_axis',(8.4191912700741E-15,0.,-1.));
#9858=DIRECTION('center_axis',(-1.,8.88178419700118E-16,-8.43769498715117E-15));
#9859=DIRECTION('ref_axis',(-8.43769498715117E-15,0.,1.));
#9860=DIRECTION('center_axis',(1.,-7.2164496600635E-16,8.43769498715117E-15));
#9861=DIRECTION('ref_axis',(-8.43769498715117E-15,0.,1.));
#9862=DIRECTION('center_axis',(1.,-7.2164496600635E-16,8.43769498715117E-15));
#9863=DIRECTION('ref_axis',(-8.43769498715117E-15,0.,1.));
#9864=DIRECTION('',(-1.,7.2164496600635E-16,-8.43769498715117E-15));
#9865=DIRECTION('center_axis',(1.,0.,8.6597395920762E-15));
#9866=DIRECTION('ref_axis',(7.93174988296437E-30,-1.,-9.15933995315754E-16));
#9867=DIRECTION('center_axis',(-3.59388462050093E-15,0.866025403784439,
0.5));
#9868=DIRECTION('ref_axis',(-7.66808069126068E-15,-0.5,0.866025403784438));
#9869=DIRECTION('',(-7.6680806912607E-15,-0.5,0.866025403784438));
#9870=DIRECTION('',(1.,-7.2164496600635E-16,8.43769498715117E-15));
#9871=DIRECTION('',(-7.66808069126068E-15,-0.5,0.866025403784438));
#9872=DIRECTION('',(1.,-7.2164496600635E-16,8.43769498715117E-15));
#9873=DIRECTION('center_axis',(4.84381036665024E-15,0.866025403784439,-0.5));
#9874=DIRECTION('ref_axis',(-6.94643572525433E-15,0.5,0.866025403784439));
#9875=DIRECTION('',(-6.94643572525435E-15,0.5,0.866025403784439));
#9876=DIRECTION('',(1.,-7.2164496600635E-16,8.43769498715117E-15));
#9877=DIRECTION('',(-6.94643572525433E-15,0.5,0.866025403784439));
#9878=DIRECTION('center_axis',(8.43769498715117E-15,6.55555461267124E-16,
-1.));
#9879=DIRECTION('ref_axis',(7.21644966006345E-16,1.,6.5555546126713E-16));
#9880=DIRECTION('',(7.21644966006345E-16,1.,6.5555546126713E-16));
#9881=DIRECTION('',(1.,-7.2164496600635E-16,8.43769498715117E-15));
#9882=DIRECTION('',(7.21644966006345E-16,1.,6.5555546126713E-16));
#9883=DIRECTION('center_axis',(3.59388462050093E-15,-0.866025403784438,
-0.500000000000001));
#9884=DIRECTION('ref_axis',(7.66808069126068E-15,0.500000000000001,-0.866025403784438));
#9885=DIRECTION('',(7.6680806912607E-15,0.500000000000001,-0.866025403784438));
#9886=DIRECTION('',(1.,-7.2164496600635E-16,8.43769498715117E-15));
#9887=DIRECTION('',(7.66808069126068E-15,0.500000000000001,-0.866025403784438));
#9888=DIRECTION('center_axis',(-4.84381036665024E-15,-0.866025403784439,
0.499999999999999));
#9889=DIRECTION('ref_axis',(6.94643572525434E-15,-0.499999999999999,-0.866025403784439));
#9890=DIRECTION('',(6.94643572525436E-15,-0.499999999999999,-0.866025403784439));
#9891=DIRECTION('',(1.,-7.2164496600635E-16,8.43769498715117E-15));
#9892=DIRECTION('',(6.94643572525434E-15,-0.499999999999999,-0.866025403784439));
#9893=DIRECTION('center_axis',(-8.43769498715117E-15,-6.55555461267124E-16,
1.));
#9894=DIRECTION('ref_axis',(-7.21644966006345E-16,-1.,-6.5555546126713E-16));
#9895=DIRECTION('',(-7.21644966006345E-16,-1.,-6.5555546126713E-16));
#9896=DIRECTION('',(-7.21644966006345E-16,-1.,-6.5555546126713E-16));
#9897=DIRECTION('center_axis',(1.,-7.2164496600635E-16,8.43769498715117E-15));
#9898=DIRECTION('ref_axis',(8.43769498715117E-15,0.,-1.));
#9899=DIRECTION('center_axis',(1.,-7.2164496600635E-16,8.43769498715117E-15));
#9900=DIRECTION('ref_axis',(-8.43769498715117E-15,0.,1.));
#9901=DIRECTION('center_axis',(-1.,7.2164496600635E-16,-8.43769498715117E-15));
#9902=DIRECTION('ref_axis',(-8.43769498715119E-15,0.,1.));
#9903=DIRECTION('center_axis',(1.,-7.2164496600635E-16,8.43769498715117E-15));
#9904=DIRECTION('ref_axis',(-8.43769498715117E-15,0.,1.));
#9905=DIRECTION('center_axis',(-7.2164496600635E-16,-1.,-6.07566699789359E-30));
#9906=DIRECTION('ref_axis',(8.4191912700741E-15,0.,-1.));
#9907=DIRECTION('center_axis',(-1.,3.60822483003175E-16,-8.54871728961368E-15));
#9908=DIRECTION('ref_axis',(-8.54871728961368E-15,0.,1.));
#9909=DIRECTION('center_axis',(-1.,7.2164496600635E-16,-8.43769498715117E-15));
#9910=DIRECTION('ref_axis',(-8.43769498715117E-15,0.,1.));
#9911=DIRECTION('center_axis',(-1.,3.60822483003175E-16,-8.54871728961368E-15));
#9912=DIRECTION('ref_axis',(-8.54871728961368E-15,0.,1.));
#9913=DIRECTION('center_axis',(-1.,7.2164496600635E-16,-8.43769498715117E-15));
#9914=DIRECTION('ref_axis',(-8.43769498715117E-15,0.,1.));
#9915=DIRECTION('center_axis',(-1.,7.2164496600635E-16,-8.43769498715117E-15));
#9916=DIRECTION('ref_axis',(-8.43769498715117E-15,0.,1.));
#9917=DIRECTION('',(1.,-7.2164496600635E-16,8.43769498715117E-15));
#9918=DIRECTION('center_axis',(-1.,7.2164496600635E-16,-8.43769498715117E-15));
#9919=DIRECTION('ref_axis',(-8.43769498715117E-15,0.,1.));
#9920=DIRECTION('center_axis',(1.,3.88938454866321E-61,8.6597395920762E-15));
#9921=DIRECTION('ref_axis',(7.93174988296437E-30,-1.,-9.15933995315754E-16));
#9922=DIRECTION('center_axis',(-1.,7.2164496600635E-16,-8.43769498715117E-15));
#9923=DIRECTION('ref_axis',(-8.43769498715119E-15,0.,1.));
#9924=DIRECTION('center_axis',(1.,-7.2164496600635E-16,8.43769498715117E-15));
#9925=DIRECTION('ref_axis',(-8.43769498715117E-15,0.,1.));
#9926=DIRECTION('center_axis',(-7.2164496600635E-16,-1.,-6.07566699789359E-30));
#9927=DIRECTION('ref_axis',(8.4191912700741E-15,0.,-1.));
#9928=DIRECTION('center_axis',(-1.,7.2164496600635E-16,-8.43769498715117E-15));
#9929=DIRECTION('ref_axis',(-8.43769498715117E-15,0.,1.));
#9930=DIRECTION('center_axis',(-1.,-3.88938454866321E-61,-8.6597395920762E-15));
#9931=DIRECTION('ref_axis',(7.93174988296437E-30,-1.,-9.15933995315754E-16));
#9932=DIRECTION('center_axis',(1.,0.,8.6597395920762E-15));
#9933=DIRECTION('ref_axis',(0.,-1.,0.));
#9934=DIRECTION('center_axis',(1.,3.88938454866321E-61,8.6597395920762E-15));
#9935=DIRECTION('ref_axis',(-8.6597395920762E-15,0.,1.));
#9936=DIRECTION('center_axis',(-1.,-3.88938454866321E-61,-8.6597395920762E-15));
#9937=DIRECTION('ref_axis',(7.93174988296437E-30,-1.,-9.15933995315754E-16));
#9938=DIRECTION('center_axis',(1.,0.,8.6597395920762E-15));
#9939=DIRECTION('ref_axis',(0.,-1.,0.));
#9940=DIRECTION('center_axis',(-1.,-3.88938454866321E-61,-8.6597395920762E-15));
#9941=DIRECTION('ref_axis',(7.93174988296437E-30,-1.,-9.15933995315754E-16));
#9942=DIRECTION('center_axis',(1.,0.,8.6597395920762E-15));
#9943=DIRECTION('ref_axis',(0.,-1.,0.));
#9944=DIRECTION('center_axis',(1.,3.88938454866321E-61,8.6597395920762E-15));
#9945=DIRECTION('ref_axis',(-8.6597395920762E-15,0.,1.));
#9946=DIRECTION('center_axis',(-1.,-3.88938454866321E-61,-8.6597395920762E-15));
#9947=DIRECTION('ref_axis',(7.93174988296437E-30,-1.,-9.15933995315754E-16));
#9948=DIRECTION('center_axis',(1.,0.,8.6597395920762E-15));
#9949=DIRECTION('ref_axis',(0.,-1.,0.));
#9950=DIRECTION('center_axis',(-1.,0.,-8.88178419700128E-15));
#9951=DIRECTION('ref_axis',(8.13512808509171E-30,-1.,-9.15933995315754E-16));
#9952=DIRECTION('center_axis',(-1.,-3.88938454866321E-61,-8.6597395920762E-15));
#9953=DIRECTION('ref_axis',(7.93174988296437E-30,-1.,-9.15933995315754E-16));
#9954=DIRECTION('',(1.,0.,8.88178419700128E-15));
#9955=DIRECTION('center_axis',(1.,0.,8.6597395920762E-15));
#9956=DIRECTION('ref_axis',(8.13512808509171E-30,-1.,-9.15933995315754E-16));
#9957=DIRECTION('center_axis',(-1.,-3.88938454866321E-61,-8.6597395920762E-15));
#9958=DIRECTION('ref_axis',(7.93174988296437E-30,-1.,-9.15933995315754E-16));
#9959=DIRECTION('center_axis',(1.,3.88938454866321E-61,8.6597395920762E-15));
#9960=DIRECTION('ref_axis',(7.93174988296437E-30,-1.,-9.15933995315754E-16));
#9961=DIRECTION('center_axis',(1.,3.88938454866321E-61,8.6597395920762E-15));
#9962=DIRECTION('ref_axis',(7.93174988296437E-30,-1.,-9.15933995315754E-16));
#9963=DIRECTION('center_axis',(1.,3.88938454866321E-61,8.6597395920762E-15));
#9964=DIRECTION('ref_axis',(7.93174988296437E-30,-1.,-9.15933995315754E-16));
#9965=DIRECTION('center_axis',(-1.,6.10622663543835E-16,-8.6597395920762E-15));
#9966=DIRECTION('ref_axis',(-8.6597395920762E-15,0.,1.));
#9967=DIRECTION('center_axis',(-1.,6.10622663543835E-16,-8.6597395920762E-15));
#9968=DIRECTION('ref_axis',(-8.6597395920762E-15,0.,1.));
#9969=DIRECTION('center_axis',(1.,3.88938454866321E-61,8.6597395920762E-15));
#9970=DIRECTION('ref_axis',(7.93174988296437E-30,-1.,-9.15933995315754E-16));
#9971=DIRECTION('center_axis',(-1.,7.77156117237602E-16,-8.6597395920762E-15));
#9972=DIRECTION('ref_axis',(-8.6597395920762E-15,0.,1.));
#9973=DIRECTION('center_axis',(-1.,7.77156117237602E-16,-8.6597395920762E-15));
#9974=DIRECTION('ref_axis',(-8.6597395920762E-15,0.,1.));
#9975=DIRECTION('center_axis',(1.,3.88938454866321E-61,8.6597395920762E-15));
#9976=DIRECTION('ref_axis',(7.93174988296437E-30,-1.,-9.15933995315754E-16));
#9977=DIRECTION('center_axis',(-3.80105505728262E-15,0.866025403784439,
0.5));
#9978=DIRECTION('ref_axis',(-7.80486580866778E-15,-0.5,0.866025403784438));
#9979=DIRECTION('',(-7.8048658086678E-15,-0.5,0.866025403784438));
#9980=DIRECTION('',(1.,-6.10622663543835E-16,8.6597395920762E-15));
#9981=DIRECTION('',(-7.80486580866778E-15,-0.5,0.866025403784438));
#9982=DIRECTION('',(1.,-6.10622663543835E-16,8.6597395920762E-15));
#9983=DIRECTION('center_axis',(4.85868453479358E-15,0.866025403784439,-0.5));
#9984=DIRECTION('ref_axis',(-7.19424314512395E-15,0.5,0.866025403784439));
#9985=DIRECTION('',(-7.19424314512397E-15,0.5,0.866025403784439));
#9986=DIRECTION('',(1.,-6.10622663543835E-16,8.6597395920762E-15));
#9987=DIRECTION('',(-7.19424314512395E-15,0.5,0.866025403784439));
#9988=DIRECTION('center_axis',(8.6597395920762E-15,6.55555461267124E-16,
-1.));
#9989=DIRECTION('ref_axis',(6.10622663543829E-16,1.,6.5555546126713E-16));
#9990=DIRECTION('',(6.10622663543829E-16,1.,6.5555546126713E-16));
#9991=DIRECTION('',(1.,-6.10622663543835E-16,8.6597395920762E-15));
#9992=DIRECTION('',(6.10622663543829E-16,1.,6.5555546126713E-16));
#9993=DIRECTION('center_axis',(3.80105505728263E-15,-0.866025403784438,
-0.500000000000001));
#9994=DIRECTION('ref_axis',(7.80486580866778E-15,0.500000000000001,-0.866025403784438));
#9995=DIRECTION('',(7.8048658086678E-15,0.500000000000001,-0.866025403784438));
#9996=DIRECTION('',(1.,-6.10622663543835E-16,8.6597395920762E-15));
#9997=DIRECTION('',(7.80486580866778E-15,0.500000000000001,-0.866025403784438));
#9998=DIRECTION('center_axis',(-4.85868453479357E-15,-0.866025403784439,
0.499999999999999));
#9999=DIRECTION('ref_axis',(7.19424314512395E-15,-0.499999999999999,-0.866025403784439));
#10000=DIRECTION('',(7.19424314512397E-15,-0.499999999999999,-0.866025403784439));
#10001=DIRECTION('',(1.,-6.10622663543835E-16,8.6597395920762E-15));
#10002=DIRECTION('',(7.19424314512395E-15,-0.499999999999999,-0.866025403784439));
#10003=DIRECTION('center_axis',(-8.6597395920762E-15,-6.55555461267124E-16,
1.));
#10004=DIRECTION('ref_axis',(-6.10622663543829E-16,-1.,-6.55555461267129E-16));
#10005=DIRECTION('',(-6.10622663543829E-16,-1.,-6.55555461267129E-16));
#10006=DIRECTION('',(-6.10622663543829E-16,-1.,-6.55555461267129E-16));
#10007=DIRECTION('center_axis',(1.,-6.10622663543835E-16,8.6597395920762E-15));
#10008=DIRECTION('ref_axis',(8.6597395920762E-15,0.,-1.));
#10009=DIRECTION('center_axis',(1.,-6.10622663543835E-16,8.6597395920762E-15));
#10010=DIRECTION('ref_axis',(-8.6597395920762E-15,0.,1.));
#10011=DIRECTION('center_axis',(1.,-6.10622663543835E-16,8.6597395920762E-15));
#10012=DIRECTION('ref_axis',(-8.6597395920762E-15,0.,1.));
#10013=DIRECTION('center_axis',(1.,-6.10622663543835E-16,8.6597395920762E-15));
#10014=DIRECTION('ref_axis',(-8.6597395920762E-15,0.,1.));
#10015=DIRECTION('',(-1.,6.10622663543835E-16,-8.6597395920762E-15));
#10016=DIRECTION('center_axis',(-1.,6.10622663543835E-16,-8.6597395920762E-15));
#10017=DIRECTION('ref_axis',(-8.65973959207622E-15,0.,1.));
#10018=DIRECTION('center_axis',(1.,-6.10622663543835E-16,8.6597395920762E-15));
#10019=DIRECTION('ref_axis',(-8.6597395920762E-15,0.,1.));
#10020=DIRECTION('center_axis',(-6.10622663543835E-16,-1.,-5.31043083332373E-30));
#10021=DIRECTION('ref_axis',(8.69674702623039E-15,0.,-1.));
#10022=DIRECTION('center_axis',(-1.,6.10622663543835E-16,-8.6597395920762E-15));
#10023=DIRECTION('ref_axis',(-8.6597395920762E-15,0.,1.));
#10024=DIRECTION('center_axis',(-1.,6.10622663543835E-16,-8.6597395920762E-15));
#10025=DIRECTION('ref_axis',(-8.6597395920762E-15,0.,1.));
#10026=DIRECTION('center_axis',(-1.,6.10622663543835E-16,-8.6597395920762E-15));
#10027=DIRECTION('ref_axis',(-8.6597395920762E-15,0.,1.));
#10028=DIRECTION('',(1.,-6.10622663543835E-16,8.6597395920762E-15));
#10029=DIRECTION('center_axis',(-1.,6.10622663543835E-16,-8.6597395920762E-15));
#10030=DIRECTION('ref_axis',(-8.6597395920762E-15,0.,1.));
#10031=DIRECTION('center_axis',(1.,-6.10622663543835E-16,8.6597395920762E-15));
#10032=DIRECTION('ref_axis',(8.13512808509171E-30,-1.,-9.15933995315754E-16));
#10033=DIRECTION('center_axis',(-1.,6.10622663543835E-16,-8.6597395920762E-15));
#10034=DIRECTION('ref_axis',(-8.65973959207622E-15,0.,1.));
#10035=DIRECTION('center_axis',(1.,-6.10622663543835E-16,8.6597395920762E-15));
#10036=DIRECTION('ref_axis',(-8.6597395920762E-15,0.,1.));
#10037=DIRECTION('center_axis',(-6.10622663543835E-16,-1.,-5.31043083332373E-30));
#10038=DIRECTION('ref_axis',(8.69674702623039E-15,0.,-1.));
#10039=DIRECTION('center_axis',(-1.,6.10622663543835E-16,-8.6597395920762E-15));
#10040=DIRECTION('ref_axis',(-8.6597395920762E-15,0.,1.));
#10041=DIRECTION('center_axis',(-5.59669502915756E-16,0.866025403784438,
0.500000000000001));
#10042=DIRECTION('ref_axis',(-2.19062134158455E-15,-0.5,0.866025403784438));
#10043=DIRECTION('',(-2.19062134158457E-15,-0.5,0.866025403784438));
#10044=DIRECTION('',(1.,-6.10622663543831E-16,2.17696848334246E-15));
#10045=DIRECTION('',(-2.19062134158455E-15,-0.5,0.866025403784438));
#10046=DIRECTION('',(1.,-6.10622663543831E-16,2.17696848334246E-15));
#10047=DIRECTION('center_axis',(1.61729898042671E-15,0.866025403784439,
-0.499999999999999));
#10048=DIRECTION('ref_axis',(-1.57999867804072E-15,0.499999999999999,0.866025403784439));
#10049=DIRECTION('',(-1.57999867804074E-15,0.499999999999999,0.866025403784439));
#10050=DIRECTION('',(1.,-6.10622663543831E-16,2.17696848334246E-15));
#10051=DIRECTION('',(-1.57999867804072E-15,0.499999999999999,0.866025403784439));
#10052=DIRECTION('center_axis',(2.17696848334246E-15,9.00484821096597E-16,
-1.));
#10053=DIRECTION('ref_axis',(6.10622663543829E-16,1.,9.00484821096598E-16));
#10054=DIRECTION('',(6.10622663543829E-16,1.,9.00484821096598E-16));
#10055=DIRECTION('',(1.,-6.10622663543831E-16,2.17696848334246E-15));
#10056=DIRECTION('',(6.10622663543829E-16,1.,9.00484821096598E-16));
#10057=DIRECTION('center_axis',(5.59669502915757E-16,-0.866025403784438,
-0.500000000000001));
#10058=DIRECTION('ref_axis',(2.19062134158455E-15,0.500000000000001,-0.866025403784438));
#10059=DIRECTION('',(2.19062134158457E-15,0.500000000000001,-0.866025403784438));
#10060=DIRECTION('',(1.,-6.10622663543831E-16,2.17696848334246E-15));
#10061=DIRECTION('',(2.19062134158455E-15,0.500000000000001,-0.866025403784438));
#10062=DIRECTION('center_axis',(-1.6172989804267E-15,-0.866025403784439,
0.499999999999999));
#10063=DIRECTION('ref_axis',(1.57999867804072E-15,-0.499999999999999,-0.866025403784439));
#10064=DIRECTION('',(1.57999867804074E-15,-0.499999999999999,-0.866025403784439));
#10065=DIRECTION('',(1.,-6.10622663543831E-16,2.17696848334246E-15));
#10066=DIRECTION('',(1.57999867804072E-15,-0.499999999999999,-0.866025403784439));
#10067=DIRECTION('center_axis',(-2.17696848334246E-15,-9.00484821096596E-16,
1.));
#10068=DIRECTION('ref_axis',(-6.10622663543829E-16,-1.,-9.00484821096598E-16));
#10069=DIRECTION('',(-6.10622663543829E-16,-1.,-9.00484821096598E-16));
#10070=DIRECTION('',(-6.10622663543829E-16,-1.,-9.00484821096598E-16));
#10071=DIRECTION('center_axis',(1.,-6.10622663543831E-16,2.17696848334246E-15));
#10072=DIRECTION('ref_axis',(2.17696848334246E-15,2.44929359829473E-16,
-1.));
#10073=DIRECTION('center_axis',(-1.,6.10622663543831E-16,-2.17696848334246E-15));
#10074=DIRECTION('ref_axis',(-1.77635683940025E-15,-2.96059473233375E-16,
1.));
#10075=DIRECTION('center_axis',(1.,-6.10622663543831E-16,2.17696848334246E-15));
#10076=DIRECTION('ref_axis',(-2.17696848334246E-15,-2.44929359829473E-16,
1.));
#10077=DIRECTION('center_axis',(-6.10622663543831E-16,-1.,-1.3558546808486E-30));
#10078=DIRECTION('ref_axis',(2.22044604925031E-15,0.,-1.));
#10079=DIRECTION('center_axis',(-1.,6.10622663543831E-16,-2.17696848334246E-15));
#10080=DIRECTION('ref_axis',(-2.17696848334246E-15,-2.44929359829473E-16,
1.));
#10081=DIRECTION('center_axis',(-1.,6.10622663543831E-16,-2.17696848334246E-15));
#10082=DIRECTION('ref_axis',(-2.17696848334246E-15,-2.44929359829473E-16,
1.));
#10083=DIRECTION('',(1.,-6.10622663543831E-16,2.17696848334246E-15));
#10084=DIRECTION('center_axis',(-1.,6.10622663543831E-16,-2.17696848334246E-15));
#10085=DIRECTION('ref_axis',(-1.77635683940025E-15,-2.96059473233375E-16,
1.));
#10086=DIRECTION('center_axis',(1.,-6.10622663543831E-16,2.17696848334246E-15));
#10087=DIRECTION('ref_axis',(-2.17696848334246E-15,-2.44929359829473E-16,
1.));
#10088=DIRECTION('center_axis',(-6.10622663543831E-16,-1.,-1.3558546808486E-30));
#10089=DIRECTION('ref_axis',(2.22044604925031E-15,0.,-1.));
#10090=DIRECTION('center_axis',(-1.,6.10622663543831E-16,-2.17696848334246E-15));
#10091=DIRECTION('ref_axis',(-2.17696848334246E-15,-2.44929359829473E-16,
1.));
#10092=DIRECTION('center_axis',(1.,0.,0.));
#10093=DIRECTION('ref_axis',(0.,1.22464679914735E-16,-1.));
#10094=DIRECTION('center_axis',(1.,3.90312782094768E-18,8.67380039359501E-19));
#10095=DIRECTION('ref_axis',(8.67380039359501E-19,1.22464674570952E-16,
-1.));
#10096=DIRECTION('center_axis',(-1.,7.39557098644699E-32,7.00649232162409E-46));
#10097=DIRECTION('ref_axis',(-7.39557098644699E-32,-1.,5.18170113305667E-77));
#10098=DIRECTION('center_axis',(1.,3.90312782094772E-18,4.77995299258661E-34));
#10099=DIRECTION('ref_axis',(0.,1.22464674570952E-16,-1.));
#10100=DIRECTION('',(-1.,-3.90312782094772E-18,-4.77995299258661E-34));
#10101=DIRECTION('center_axis',(-1.,-2.27223301298898E-51,-5.56536625257966E-67));
#10102=DIRECTION('ref_axis',(0.,1.22464674570952E-16,-1.));
#10103=DIRECTION('center_axis',(-1.,0.,0.));
#10104=DIRECTION('ref_axis',(0.,1.,2.44929359829471E-16));
#10105=DIRECTION('center_axis',(1.,0.,0.));
#10106=DIRECTION('ref_axis',(0.,1.,2.44929359829471E-16));
#10107=DIRECTION('',(-1.,0.,0.));
#10108=DIRECTION('center_axis',(-1.,0.,0.));
#10109=DIRECTION('ref_axis',(0.,1.,2.44929359829471E-16));
#10110=DIRECTION('center_axis',(1.,0.,0.));
#10111=DIRECTION('ref_axis',(0.,-1.,-2.44929359829471E-16));
#10112=DIRECTION('',(1.,0.,0.));
#10113=DIRECTION('center_axis',(-1.,-9.9920072216264E-16,-2.17696848334246E-15));
#10114=DIRECTION('ref_axis',(9.99200722162641E-16,-1.,-2.44929359829468E-16));
#10115=DIRECTION('center_axis',(1.,0.,0.));
#10116=DIRECTION('ref_axis',(0.,-1.,-2.44929359829471E-16));
#10117=DIRECTION('',(1.,0.,0.));
#10118=DIRECTION('center_axis',(-1.,-9.9920072216264E-16,-2.17696848334246E-15));
#10119=DIRECTION('ref_axis',(9.99200722162641E-16,-1.,-2.44929359829468E-16));
#10120=DIRECTION('center_axis',(1.,0.,0.));
#10121=DIRECTION('ref_axis',(0.,-1.,-2.44929359829471E-16));
#10122=DIRECTION('',(1.,0.,0.));
#10123=DIRECTION('center_axis',(-1.,-9.9920072216264E-16,-2.17696848334246E-15));
#10124=DIRECTION('ref_axis',(9.99200722162641E-16,-1.,-2.44929359829468E-16));
#10125=DIRECTION('center_axis',(1.,0.,0.));
#10126=DIRECTION('ref_axis',(0.,-1.,-2.44929359829471E-16));
#10127=DIRECTION('',(1.,0.,0.));
#10128=DIRECTION('center_axis',(1.,9.9920072216264E-16,2.17696848334246E-15));
#10129=DIRECTION('ref_axis',(9.99200722162641E-16,-1.,-2.44929359829468E-16));
#10130=DIRECTION('center_axis',(-1.,0.,0.));
#10131=DIRECTION('ref_axis',(0.,1.,2.44929359829471E-16));
#10132=DIRECTION('center_axis',(-1.,1.92380979167745E-105,-7.85454954447636E-90));
#10133=DIRECTION('ref_axis',(0.,1.,2.44929359829471E-16));
#10134=DIRECTION('',(1.,0.,0.));
#10135=DIRECTION('center_axis',(1.,-1.92380979167745E-105,7.85454954447636E-90));
#10136=DIRECTION('ref_axis',(9.11695518136429E-214,1.,2.44929359829471E-16));
#10137=DIRECTION('center_axis',(1.,0.,0.));
#10138=DIRECTION('ref_axis',(0.,-1.,-2.44929359829471E-16));
#10139=DIRECTION('center_axis',(1.,-1.92380979167745E-105,7.85454954447636E-90));
#10140=DIRECTION('ref_axis',(0.,-1.,-2.44929359829471E-16));
#10141=DIRECTION('',(-1.,0.,0.));
#10142=DIRECTION('center_axis',(-1.,0.,0.));
#10143=DIRECTION('ref_axis',(0.,-1.,-2.44929359829471E-16));
#10144=DIRECTION('center_axis',(1.,0.,0.));
#10145=DIRECTION('ref_axis',(0.,-1.,-2.44929359829471E-16));
#10146=DIRECTION('center_axis',(1.,0.,0.));
#10147=DIRECTION('ref_axis',(0.,-1.,-2.44929359829471E-16));
#10148=DIRECTION('',(1.,0.,0.));
#10149=DIRECTION('center_axis',(-1.,0.,0.));
#10150=DIRECTION('ref_axis',(0.,-1.,-2.44929359829471E-16));
#10151=DIRECTION('center_axis',(1.,2.27223301298898E-51,5.56536625257966E-67));
#10152=DIRECTION('ref_axis',(-2.27223301298898E-51,1.,2.44929359829471E-16));
#10153=DIRECTION('center_axis',(1.,0.,0.));
#10154=DIRECTION('ref_axis',(0.,1.,0.));
#10155=DIRECTION('',(0.,0.98870605536375,0.149867728637797));
#10156=DIRECTION('center_axis',(1.,-7.12822725195778E-110,8.69734901756387E-106));
#10157=DIRECTION('ref_axis',(-8.68933721444133E-106,0.0428309742851194,
0.999082332764316));
#10158=DIRECTION('center_axis',(-1.,-8.55490505424041E-106,-3.99472306980469E-106));
#10159=DIRECTION('ref_axis',(-8.44853280471175E-106,0.621896847107134,0.783099170959979));
#10160=DIRECTION('',(0.,0.0116716066364517,-0.9999318844794));
#10161=DIRECTION('',(0.,0.953088965202338,0.302690311059896));
#10162=DIRECTION('center_axis',(1.,0.,0.));
#10163=DIRECTION('ref_axis',(0.,-0.611974684913464,-0.790877351442729));
#10164=DIRECTION('center_axis',(1.,0.,0.));
#10165=DIRECTION('ref_axis',(0.,-0.681737496384523,-0.731596873984138));
#10166=DIRECTION('center_axis',(1.,0.,0.));
#10167=DIRECTION('ref_axis',(0.,-0.989446905229958,0.144895899634389));
#10168=DIRECTION('',(0.,-0.144895899634369,-0.989446905229961));
#10169=DIRECTION('center_axis',(1.,0.,0.));
#10170=DIRECTION('ref_axis',(0.,1.,0.));
#10171=DIRECTION('',(0.,0.894003661596719,0.448059653452148));
#10172=DIRECTION('center_axis',(1.,-7.12822725195778E-110,8.69734901756387E-106));
#10173=DIRECTION('ref_axis',(-8.68933721444133E-106,0.0428309742851194,
0.999082332764316));
#10174=DIRECTION('center_axis',(-1.,-6.90176088173037E-106,-6.44281845335674E-106));
#10175=DIRECTION('ref_axis',(-8.44853280471175E-106,0.349468096797086,0.936948263951123));
#10176=DIRECTION('',(0.,0.320096303068731,-0.947385009783103));
#10177=DIRECTION('',(0.,0.812905020814543,0.582396280151675));
#10178=DIRECTION('center_axis',(1.,0.,0.));
#10179=DIRECTION('ref_axis',(0.,-0.337627969832581,-0.941279636445371));
#10180=DIRECTION('center_axis',(1.,0.,0.));
#10181=DIRECTION('ref_axis',(0.,-0.422295021246559,-0.906458446389225));
#10182=DIRECTION('center_axis',(1.,0.,0.));
#10183=DIRECTION('ref_axis',(0.,-0.985795222149297,-0.167951719216023));
#10184=DIRECTION('',(0.,0.167951719216043,-0.985795222149294));
#10185=DIRECTION('center_axis',(1.,0.,0.));
#10186=DIRECTION('ref_axis',(0.,1.,0.));
#10187=DIRECTION('',(0.,0.711789960542824,0.702392377571429));
#10188=DIRECTION('center_axis',(1.,-7.12822725195778E-110,8.69734901756387E-106));
#10189=DIRECTION('ref_axis',(-8.68933721444133E-106,0.0428309742851194,
0.999082332764316));
#10190=DIRECTION('center_axis',(-1.,-4.57302426672091E-106,-8.26024587693853E-106));
#10191=DIRECTION('ref_axis',(-8.44853280471177E-106,0.0428309742851331,
0.999082332764315));
#10192=DIRECTION('',(0.,0.59718774311456,-0.802101489509736));
#10193=DIRECTION('',(0.,0.593148269147099,0.805093243548722));
#10194=DIRECTION('center_axis',(1.,0.,0.));
#10195=DIRECTION('ref_axis',(0.,-0.0302318766720726,-0.999542912351883));
#10196=DIRECTION('center_axis',(1.,0.,0.));
#10197=DIRECTION('ref_axis',(0.,-0.121515367126557,-0.99258955039437));
#10198=DIRECTION('center_axis',(1.,0.,0.));
#10199=DIRECTION('ref_axis',(0.,-0.885647034285479,-0.464359053601129));
#10200=DIRECTION('',(0.,0.464359053601147,-0.885647034285469));
#10201=DIRECTION('center_axis',(1.,0.,0.));
#10202=DIRECTION('ref_axis',(0.,1.,0.));
#10203=DIRECTION('',(0.,0.459901298818727,0.887970041918559));
#10204=DIRECTION('center_axis',(1.,-7.12822725195778E-110,8.69734901756387E-106));
#10205=DIRECTION('ref_axis',(-8.68933721444133E-106,0.0428309742851194,
0.999082332764316));
#10206=DIRECTION('center_axis',(-1.,-1.7966481743512E-106,-9.26910288156833E-106));
#10207=DIRECTION('ref_axis',(-8.44853280471175E-106,-0.267998742410795,
0.963419261830607));
#10208=DIRECTION('',(0.,0.815822286012666,-0.578302686873464));
#10209=DIRECTION('',(0.,0.315330032188536,0.948982070852752));
#10210=DIRECTION('center_axis',(1.,0.,0.));
#10211=DIRECTION('ref_axis',(0.,0.280123523214956,-0.959963963772412));
#10212=DIRECTION('center_axis',(1.,0.,0.));
#10213=DIRECTION('ref_axis',(0.,0.191159057775139,-0.98155907342886));
#10214=DIRECTION('center_axis',(1.,0.,0.));
#10215=DIRECTION('ref_axis',(0.,-0.698805544040067,-0.715311688439988));
#10216=DIRECTION('',(0.,0.715311688440006,-0.698805544040049));
#10217=DIRECTION('center_axis',(1.,0.,0.));
#10218=DIRECTION('ref_axis',(0.,1.,0.));
#10219=DIRECTION('',(0.,0.162994293645486,0.986627011711624));
#10220=DIRECTION('center_axis',(1.,-7.12822725195778E-110,8.69734901756387E-106));
#10221=DIRECTION('ref_axis',(-8.68933721444133E-106,0.0428309742851194,
0.999082332764316));
#10222=DIRECTION('center_axis',(-1.,1.15559635930796E-106,-9.37063551451305E-106));
#10223=DIRECTION('ref_axis',(-8.44853280471181E-106,-0.552594874942519,
0.833450001012215));
#10224=DIRECTION('',(0.,0.954598459387748,-0.297895587974272));
#10225=DIRECTION('',(0.,0.00664509464583811,0.999977921114835));
#10226=DIRECTION('center_axis',(1.,0.,0.));
#10227=DIRECTION('ref_axis',(0.,0.563058480914337,-0.82641705395668));
#10228=DIRECTION('center_axis',(1.,0.,0.));
#10229=DIRECTION('ref_axis',(0.,0.485121502218332,-0.87444675543193));
#10230=DIRECTION('center_axis',(1.,0.,0.));
#10231=DIRECTION('ref_axis',(0.,-0.443560098279491,-0.896244631344751));
#10232=DIRECTION('',(0.,0.896244631344761,-0.44356009827947));
#10233=DIRECTION('center_axis',(1.,0.,0.));
#10234=DIRECTION('ref_axis',(0.,1.,0.));
#10235=DIRECTION('',(0.,-0.149867728637795,0.988706055363751));
#10236=DIRECTION('center_axis',(1.,-7.12822725195778E-110,8.69734901756387E-106));
#10237=DIRECTION('ref_axis',(-8.68933721444133E-106,0.0428309742851194,
0.999082332764316));
#10238=DIRECTION('center_axis',(-1.,3.99472306980471E-106,-8.55490505424042E-106));
#10239=DIRECTION('ref_axis',(-8.44853280471176E-106,-0.78309917095998,0.621896847107132));
#10240=DIRECTION('',(0.,0.9999318844794,0.0116716066364507));
#10241=DIRECTION('',(0.,-0.302690311059894,0.953088965202339));
#10242=DIRECTION('center_axis',(1.,0.,0.));
#10243=DIRECTION('ref_axis',(0.,0.79087735144271,-0.611974684913489));
#10244=DIRECTION('center_axis',(1.,0.,0.));
#10245=DIRECTION('ref_axis',(0.,0.731596873984138,-0.681737496384523));
#10246=DIRECTION('center_axis',(1.,0.,0.));
#10247=DIRECTION('ref_axis',(0.,-0.144895899634389,-0.989446905229958));
#10248=DIRECTION('',(0.,0.98944690522996,-0.144895899634373));
#10249=DIRECTION('center_axis',(1.,0.,0.));
#10250=DIRECTION('ref_axis',(0.,1.,0.));
#10251=DIRECTION('',(0.,-0.448059653452146,0.89400366159672));
#10252=DIRECTION('center_axis',(1.,-7.12822725195778E-110,8.69734901756387E-106));
#10253=DIRECTION('ref_axis',(-8.68933721444133E-106,0.0428309742851194,
0.999082332764316));
#10254=DIRECTION('center_axis',(-1.,6.44281845335674E-106,-6.90176088173037E-106));
#10255=DIRECTION('ref_axis',(-8.44853280471175E-106,-0.936948263951123,
0.349468096797086));
#10256=DIRECTION('',(0.,0.947385009783103,0.320096303068732));
#10257=DIRECTION('',(0.,-0.582396280151675,0.812905020814543));
#10258=DIRECTION('center_axis',(1.,0.,0.));
#10259=DIRECTION('ref_axis',(0.,0.941279636445372,-0.337627969832579));
#10260=DIRECTION('center_axis',(1.,0.,0.));
#10261=DIRECTION('ref_axis',(0.,0.906458446389225,-0.422295021246559));
#10262=DIRECTION('center_axis',(1.,0.,0.));
#10263=DIRECTION('ref_axis',(0.,0.167951719216021,-0.985795222149297));
#10264=DIRECTION('',(0.,0.985795222149294,0.16795171921604));
#10265=DIRECTION('center_axis',(1.,0.,0.));
#10266=DIRECTION('ref_axis',(0.,1.,0.));
#10267=DIRECTION('',(0.,-0.702392377571429,0.711789960542824));
#10268=DIRECTION('center_axis',(1.,-7.12822725195778E-110,8.69734901756387E-106));
#10269=DIRECTION('ref_axis',(-8.68933721444133E-106,0.0428309742851194,
0.999082332764316));
#10270=DIRECTION('center_axis',(-1.,8.26024587693852E-106,-4.57302426672091E-106));
#10271=DIRECTION('ref_axis',(-8.44853280471177E-106,-0.999082332764315,
0.0428309742851334));
#10272=DIRECTION('',(0.,0.802101489509737,0.59718774311456));
#10273=DIRECTION('',(0.,-0.80509324354872,0.5931482691471));
#10274=DIRECTION('center_axis',(1.,0.,0.));
#10275=DIRECTION('ref_axis',(0.,0.999542912351883,-0.0302318766720724));
#10276=DIRECTION('center_axis',(1.,0.,0.));
#10277=DIRECTION('ref_axis',(0.,0.99258955039437,-0.121515367126558));
#10278=DIRECTION('center_axis',(1.,0.,0.));
#10279=DIRECTION('ref_axis',(0.,0.464359053601129,-0.885647034285479));
#10280=DIRECTION('',(0.,0.885647034285469,0.464359053601147));
#10281=DIRECTION('center_axis',(1.,0.,0.));
#10282=DIRECTION('ref_axis',(0.,1.,0.));
#10283=DIRECTION('',(0.,-0.887970041918559,0.459901298818728));
#10284=DIRECTION('center_axis',(1.,-7.12822725195778E-110,8.69734901756387E-106));
#10285=DIRECTION('ref_axis',(-8.68933721444133E-106,0.0428309742851194,
0.999082332764316));
#10286=DIRECTION('center_axis',(-1.,9.26910288156838E-106,-1.79664817435118E-106));
#10287=DIRECTION('ref_axis',(-8.44853280471179E-106,-0.963419261830607,
-0.267998742410795));
#10288=DIRECTION('',(0.,0.578302686873464,0.815822286012666));
#10289=DIRECTION('',(0.,-0.948982070852752,0.315330032188536));
#10290=DIRECTION('center_axis',(1.,0.,0.));
#10291=DIRECTION('ref_axis',(0.,0.95996396377241,0.280123523214961));
#10292=DIRECTION('center_axis',(1.,0.,0.));
#10293=DIRECTION('ref_axis',(0.,0.98155907342886,0.191159057775138));
#10294=DIRECTION('center_axis',(1.,0.,0.));
#10295=DIRECTION('ref_axis',(0.,0.715311688439987,-0.698805544040068));
#10296=DIRECTION('',(0.,0.698805544040048,0.715311688440006));
#10297=DIRECTION('center_axis',(1.,0.,0.));
#10298=DIRECTION('ref_axis',(0.,1.,0.));
#10299=DIRECTION('',(0.,0.297895587974271,0.954598459387749));
#10300=DIRECTION('',(0.,-0.999977921114835,0.00664509464583727));
#10301=DIRECTION('center_axis',(1.,0.,0.));
#10302=DIRECTION('ref_axis',(0.,0.826417053956665,0.56305848091436));
#10303=DIRECTION('center_axis',(1.,0.,0.));
#10304=DIRECTION('ref_axis',(0.,0.87444675543193,0.485121502218332));
#10305=DIRECTION('center_axis',(1.,0.,0.));
#10306=DIRECTION('ref_axis',(0.,0.896244631344751,-0.443560098279491));
#10307=DIRECTION('',(0.,0.44356009827947,0.896244631344761));
#10308=DIRECTION('',(0.,-0.986627011711624,0.162994293645486));
#10309=DIRECTION('center_axis',(1.,-7.12822725195778E-110,8.69734901756387E-106));
#10310=DIRECTION('ref_axis',(-8.68933721444133E-106,0.0428309742851194,
0.999082332764316));
#10311=DIRECTION('center_axis',(-1.,9.37063551451305E-106,1.15559635930795E-106));
#10312=DIRECTION('ref_axis',(-8.44853280471181E-106,-0.833450001012215,
-0.552594874942519));
#10313=DIRECTION('center_axis',(1.,0.,0.));
#10314=DIRECTION('ref_axis',(0.,1.,0.));
#10315=DIRECTION('',(0.,-0.0116716066364507,0.9999318844794));
#10316=DIRECTION('',(0.,-0.953088965202339,-0.302690311059893));
#10317=DIRECTION('center_axis',(1.,0.,0.));
#10318=DIRECTION('ref_axis',(0.,0.61197468491346,0.790877351442732));
#10319=DIRECTION('center_axis',(1.,0.,0.));
#10320=DIRECTION('ref_axis',(0.,0.681737496384523,0.731596873984138));
#10321=DIRECTION('center_axis',(1.,0.,0.));
#10322=DIRECTION('ref_axis',(0.,0.989446905229958,-0.144895899634389));
#10323=DIRECTION('',(0.,0.144895899634371,0.98944690522996));
#10324=DIRECTION('',(0.,-0.98870605536375,-0.149867728637798));
#10325=DIRECTION('center_axis',(1.,-7.12822725195778E-110,8.69734901756387E-106));
#10326=DIRECTION('ref_axis',(-8.68933721444133E-106,0.0428309742851194,
0.999082332764316));
#10327=DIRECTION('center_axis',(-1.,8.55490505424041E-106,3.99472306980469E-106));
#10328=DIRECTION('ref_axis',(-8.44853280471175E-106,-0.621896847107134,
-0.783099170959979));
#10329=DIRECTION('center_axis',(1.,0.,0.));
#10330=DIRECTION('ref_axis',(0.,1.,0.));
#10331=DIRECTION('',(0.,-0.320096303068732,0.947385009783103));
#10332=DIRECTION('',(0.,-0.812905020814543,-0.582396280151674));
#10333=DIRECTION('center_axis',(1.,0.,0.));
#10334=DIRECTION('ref_axis',(0.,0.33762796983258,0.941279636445371));
#10335=DIRECTION('center_axis',(1.,0.,0.));
#10336=DIRECTION('ref_axis',(0.,0.422295021246559,0.906458446389225));
#10337=DIRECTION('center_axis',(1.,0.,0.));
#10338=DIRECTION('ref_axis',(0.,0.985795222149298,0.16795171921602));
#10339=DIRECTION('',(0.,-0.167951719216039,0.985795222149295));
#10340=DIRECTION('',(0.,-0.89400366159672,-0.448059653452147));
#10341=DIRECTION('center_axis',(1.,-7.12822725195778E-110,8.69734901756387E-106));
#10342=DIRECTION('ref_axis',(-8.68933721444133E-106,0.0428309742851194,
0.999082332764316));
#10343=DIRECTION('center_axis',(-1.,6.90176088173037E-106,6.44281845335674E-106));
#10344=DIRECTION('ref_axis',(-8.44853280471175E-106,-0.349468096797086,
-0.936948263951123));
#10345=DIRECTION('center_axis',(1.,0.,0.));
#10346=DIRECTION('ref_axis',(0.,1.,0.));
#10347=DIRECTION('',(0.,-0.59718774311456,0.802101489509737));
#10348=DIRECTION('',(0.,-0.593148269147105,-0.805093243548717));
#10349=DIRECTION('center_axis',(1.,0.,0.));
#10350=DIRECTION('ref_axis',(0.,0.0302318766720752,0.999542912351883));
#10351=DIRECTION('center_axis',(1.,0.,0.));
#10352=DIRECTION('ref_axis',(0.,0.121515367126557,0.99258955039437));
#10353=DIRECTION('center_axis',(1.,0.,0.));
#10354=DIRECTION('ref_axis',(0.,0.885647034285479,0.464359053601129));
#10355=DIRECTION('',(0.,-0.464359053601147,0.885647034285469));
#10356=DIRECTION('',(0.,-0.711789960542825,-0.702392377571428));
#10357=DIRECTION('center_axis',(1.,-7.12822725195778E-110,8.69734901756387E-106));
#10358=DIRECTION('ref_axis',(-8.68933721444133E-106,0.0428309742851194,
0.999082332764316));
#10359=DIRECTION('center_axis',(-1.,4.57302426672091E-106,8.26024587693852E-106));
#10360=DIRECTION('ref_axis',(-8.44853280471177E-106,-0.0428309742851334,
-0.999082332764315));
#10361=DIRECTION('center_axis',(1.,0.,0.));
#10362=DIRECTION('ref_axis',(0.,1.,0.));
#10363=DIRECTION('',(0.,-0.815822286012666,0.578302686873464));
#10364=DIRECTION('',(0.,-0.315330032188534,-0.948982070852752));
#10365=DIRECTION('center_axis',(1.,0.,0.));
#10366=DIRECTION('ref_axis',(0.,-0.280123523214951,0.959963963772413));
#10367=DIRECTION('center_axis',(1.,0.,0.));
#10368=DIRECTION('ref_axis',(0.,-0.191159057775138,0.98155907342886));
#10369=DIRECTION('center_axis',(1.,0.,0.));
#10370=DIRECTION('ref_axis',(0.,0.698805544040065,0.71531168843999));
#10371=DIRECTION('',(0.,-0.715311688440004,0.69880554404005));
#10372=DIRECTION('',(0.,-0.459901298818727,-0.887970041918559));
#10373=DIRECTION('center_axis',(1.,-7.12822725195778E-110,8.69734901756387E-106));
#10374=DIRECTION('ref_axis',(-8.68933721444133E-106,0.0428309742851194,
0.999082332764316));
#10375=DIRECTION('center_axis',(-1.,1.7966481743512E-106,9.26910288156833E-106));
#10376=DIRECTION('ref_axis',(-8.44853280471175E-106,0.267998742410794,-0.963419261830608));
#10377=DIRECTION('center_axis',(1.,0.,0.));
#10378=DIRECTION('ref_axis',(0.,1.,0.));
#10379=DIRECTION('',(0.,-0.954598459387749,0.29789558797427));
#10380=DIRECTION('',(0.,-0.00664509464583813,-0.999977921114835));
#10381=DIRECTION('center_axis',(1.,0.,0.));
#10382=DIRECTION('ref_axis',(0.,-0.563058480914337,0.82641705395668));
#10383=DIRECTION('center_axis',(1.,0.,0.));
#10384=DIRECTION('ref_axis',(0.,-0.485121502218332,0.87444675543193));
#10385=DIRECTION('center_axis',(1.,0.,0.));
#10386=DIRECTION('ref_axis',(0.,0.443560098279491,0.896244631344751));
#10387=DIRECTION('',(0.,-0.896244631344761,0.44356009827947));
#10388=DIRECTION('',(0.,-0.162994293645485,-0.986627011711624));
#10389=DIRECTION('center_axis',(1.,-7.12822725195778E-110,8.69734901756387E-106));
#10390=DIRECTION('ref_axis',(-8.68933721444133E-106,0.0428309742851194,
0.999082332764316));
#10391=DIRECTION('center_axis',(-1.,-1.15559635930796E-106,9.37063551451305E-106));
#10392=DIRECTION('ref_axis',(-8.44853280471181E-106,0.552594874942519,-0.833450001012215));
#10393=DIRECTION('center_axis',(1.,0.,0.));
#10394=DIRECTION('ref_axis',(0.,1.,0.));
#10395=DIRECTION('',(0.,-0.9999318844794,-0.0116716066364507));
#10396=DIRECTION('',(0.,0.302690311059892,-0.953088965202339));
#10397=DIRECTION('center_axis',(1.,0.,0.));
#10398=DIRECTION('ref_axis',(0.,-0.79087735144273,0.611974684913463));
#10399=DIRECTION('center_axis',(1.,0.,0.));
#10400=DIRECTION('ref_axis',(0.,-0.731596873984138,0.681737496384523));
#10401=DIRECTION('center_axis',(1.,0.,0.));
#10402=DIRECTION('ref_axis',(0.,0.144895899634395,0.989446905229957));
#10403=DIRECTION('',(0.,-0.98944690522996,0.144895899634371));
#10404=DIRECTION('',(0.,0.149867728637797,-0.98870605536375));
#10405=DIRECTION('center_axis',(1.,-7.12822725195778E-110,8.69734901756387E-106));
#10406=DIRECTION('ref_axis',(-8.68933721444133E-106,0.0428309742851194,
0.999082332764316));
#10407=DIRECTION('center_axis',(-1.,-3.99472306980469E-106,8.55490505424041E-106));
#10408=DIRECTION('ref_axis',(-8.44853280471175E-106,0.783099170959979,-0.621896847107134));
#10409=DIRECTION('center_axis',(1.,0.,0.));
#10410=DIRECTION('ref_axis',(0.,1.,0.));
#10411=DIRECTION('',(0.,-0.947385009783103,-0.320096303068732));
#10412=DIRECTION('',(0.,0.582396280151676,-0.812905020814542));
#10413=DIRECTION('center_axis',(1.,0.,0.));
#10414=DIRECTION('ref_axis',(0.,-0.94127963644537,0.337627969832582));
#10415=DIRECTION('center_axis',(1.,0.,0.));
#10416=DIRECTION('ref_axis',(0.,-0.906458446389226,0.422295021246559));
#10417=DIRECTION('center_axis',(1.,0.,0.));
#10418=DIRECTION('ref_axis',(0.,-0.167951719216022,0.985795222149297));
#10419=DIRECTION('',(0.,-0.985795222149294,-0.167951719216042));
#10420=DIRECTION('',(0.,0.448059653452147,-0.89400366159672));
#10421=DIRECTION('center_axis',(1.,-7.12822725195778E-110,8.69734901756387E-106));
#10422=DIRECTION('ref_axis',(-8.68933721444133E-106,0.0428309742851194,
0.999082332764316));
#10423=DIRECTION('center_axis',(-1.,-6.44281845335674E-106,6.90176088173037E-106));
#10424=DIRECTION('ref_axis',(-8.44853280471175E-106,0.936948263951123,-0.349468096797086));
#10425=DIRECTION('center_axis',(1.,0.,0.));
#10426=DIRECTION('ref_axis',(0.,1.,0.));
#10427=DIRECTION('',(0.,-0.802101489509736,-0.59718774311456));
#10428=DIRECTION('',(0.,0.805093243548721,-0.593148269147099));
#10429=DIRECTION('center_axis',(1.,0.,0.));
#10430=DIRECTION('ref_axis',(0.,-0.999542912351883,0.0302318766720712));
#10431=DIRECTION('center_axis',(1.,0.,0.));
#10432=DIRECTION('ref_axis',(0.,-0.99258955039437,0.121515367126557));
#10433=DIRECTION('center_axis',(1.,0.,0.));
#10434=DIRECTION('ref_axis',(0.,-0.464359053601125,0.885647034285481));
#10435=DIRECTION('',(0.,-0.885647034285469,-0.464359053601148));
#10436=DIRECTION('',(0.,0.702392377571429,-0.711789960542824));
#10437=DIRECTION('center_axis',(1.,-7.12822725195778E-110,8.69734901756387E-106));
#10438=DIRECTION('ref_axis',(-8.68933721444133E-106,0.0428309742851194,
0.999082332764316));
#10439=DIRECTION('center_axis',(-1.,-8.26024587693852E-106,4.57302426672091E-106));
#10440=DIRECTION('ref_axis',(-8.44853280471177E-106,0.999082332764315,-0.0428309742851334));
#10441=DIRECTION('center_axis',(1.,0.,0.));
#10442=DIRECTION('ref_axis',(0.,1.,0.));
#10443=DIRECTION('',(0.,-0.578302686873463,-0.815822286012667));
#10444=DIRECTION('',(0.,0.948982070852752,-0.315330032188536));
#10445=DIRECTION('center_axis',(1.,0.,0.));
#10446=DIRECTION('ref_axis',(0.,-0.959963963772413,-0.280123523214951));
#10447=DIRECTION('center_axis',(1.,0.,0.));
#10448=DIRECTION('ref_axis',(0.,-0.98155907342886,-0.191159057775139));
#10449=DIRECTION('center_axis',(1.,0.,0.));
#10450=DIRECTION('ref_axis',(0.,-0.715311688439986,0.698805544040069));
#10451=DIRECTION('',(0.,-0.698805544040051,-0.715311688440004));
#10452=DIRECTION('',(0.,0.887970041918559,-0.459901298818727));
#10453=DIRECTION('center_axis',(1.,-7.12822725195778E-110,8.69734901756387E-106));
#10454=DIRECTION('ref_axis',(-8.68933721444133E-106,0.0428309742851194,
0.999082332764316));
#10455=DIRECTION('center_axis',(-1.,-9.26910288156838E-106,1.79664817435118E-106));
#10456=DIRECTION('ref_axis',(-8.44853280471179E-106,0.963419261830607,0.267998742410795));
#10457=DIRECTION('center_axis',(1.,0.,0.));
#10458=DIRECTION('ref_axis',(0.,1.,0.));
#10459=DIRECTION('',(0.,0.986627011711624,-0.162994293645485));
#10460=DIRECTION('center_axis',(1.,-7.12822725195778E-110,8.69734901756387E-106));
#10461=DIRECTION('ref_axis',(-8.68933721444133E-106,0.0428309742851194,
0.999082332764316));
#10462=DIRECTION('center_axis',(-1.,-9.37063551451305E-106,-1.15559635930796E-106));
#10463=DIRECTION('ref_axis',(-8.44853280471181E-106,0.833450001012215,0.552594874942519));
#10464=DIRECTION('',(0.,-0.297895587974272,-0.954598459387748));
#10465=DIRECTION('',(0.,0.999977921114835,-0.0066450946458364));
#10466=DIRECTION('center_axis',(1.,0.,0.));
#10467=DIRECTION('ref_axis',(0.,-0.826417053956689,-0.563058480914325));
#10468=DIRECTION('center_axis',(1.,0.,0.));
#10469=DIRECTION('ref_axis',(0.,-0.87444675543193,-0.485121502218332));
#10470=DIRECTION('center_axis',(1.,0.,0.));
#10471=DIRECTION('ref_axis',(0.,-0.89624463134475,0.443560098279493));
#10472=DIRECTION('',(0.,-0.443560098279469,-0.896244631344762));
#10473=DIRECTION('center_axis',(0.,0.715311688440006,-0.698805544040048));
#10474=DIRECTION('ref_axis',(0.,0.698805544040048,0.715311688440006));
#10475=DIRECTION('',(0.,-0.698805544040048,-0.715311688440006));
#10476=DIRECTION('',(1.,0.,0.));
#10477=DIRECTION('',(0.,0.698805544040048,0.715311688440006));
#10478=DIRECTION('',(1.,0.,0.));
#10479=DIRECTION('center_axis',(1.,0.,0.));
#10480=DIRECTION('ref_axis',(0.,-0.715311688440009,0.698805544040045));
#10481=DIRECTION('center_axis',(1.,0.,0.));
#10482=DIRECTION('ref_axis',(0.,-0.715311688440009,0.698805544040045));
#10483=DIRECTION('center_axis',(-1.,0.,0.));
#10484=DIRECTION('ref_axis',(0.,-0.715311688440009,0.698805544040045));
#10485=DIRECTION('',(1.,0.,0.));
#10486=DIRECTION('center_axis',(1.,0.,0.));
#10487=DIRECTION('ref_axis',(0.,0.999349444843514,0.0360650397332459));
#10488=DIRECTION('center_axis',(-1.,0.,0.));
#10489=DIRECTION('ref_axis',(0.,0.999349444843514,0.0360650397332459));
#10490=DIRECTION('center_axis',(1.,0.,0.));
#10491=DIRECTION('ref_axis',(0.,0.999349444843514,0.0360650397332459));
#10492=DIRECTION('',(1.,0.,0.));
#10493=DIRECTION('center_axis',(0.,0.5931482691471,0.805093243548721));
#10494=DIRECTION('ref_axis',(0.,-0.80509324354872,0.5931482691471));
#10495=DIRECTION('',(0.,0.80509324354872,-0.5931482691471));
#10496=DIRECTION('',(0.,-0.80509324354872,0.5931482691471));
#10497=DIRECTION('',(1.,0.,0.));
#10498=DIRECTION('center_axis',(1.,0.,0.));
#10499=DIRECTION('ref_axis',(0.,0.999542912351883,-0.0302318766720724));
#10500=DIRECTION('center_axis',(1.,0.,0.));
#10501=DIRECTION('ref_axis',(0.,0.999542912351883,-0.0302318766720724));
#10502=DIRECTION('',(1.,0.,0.));
#10503=DIRECTION('center_axis',(1.,0.,0.));
#10504=DIRECTION('ref_axis',(0.,0.99258955039437,-0.121515367126558));
#10505=DIRECTION('center_axis',(1.,0.,0.));
#10506=DIRECTION('ref_axis',(0.,0.99258955039437,-0.121515367126558));
#10507=DIRECTION('',(1.,0.,0.));
#10508=DIRECTION('center_axis',(1.,0.,0.));
#10509=DIRECTION('ref_axis',(0.,0.464359053601129,-0.885647034285479));
#10510=DIRECTION('center_axis',(1.,0.,0.));
#10511=DIRECTION('ref_axis',(0.,0.464359053601129,-0.885647034285479));
#10512=DIRECTION('',(1.,0.,0.));
#10513=DIRECTION('center_axis',(0.,0.464359053601147,-0.885647034285469));
#10514=DIRECTION('ref_axis',(0.,0.885647034285469,0.464359053601147));
#10515=DIRECTION('',(0.,-0.885647034285469,-0.464359053601147));
#10516=DIRECTION('',(0.,0.885647034285469,0.464359053601147));
#10517=DIRECTION('',(1.,0.,0.));
#10518=DIRECTION('center_axis',(1.,0.,0.));
#10519=DIRECTION('ref_axis',(0.,-0.46435905360114,0.885647034285473));
#10520=DIRECTION('center_axis',(1.,0.,0.));
#10521=DIRECTION('ref_axis',(0.,-0.46435905360114,0.885647034285473));
#10522=DIRECTION('center_axis',(-1.,0.,0.));
#10523=DIRECTION('ref_axis',(0.,-0.46435905360114,0.885647034285473));
#10524=DIRECTION('',(1.,0.,0.));
#10525=DIRECTION('center_axis',(1.,0.,0.));
#10526=DIRECTION('ref_axis',(0.,0.961582511754749,-0.274516070727068));
#10527=DIRECTION('center_axis',(-1.,0.,0.));
#10528=DIRECTION('ref_axis',(0.,0.961582511754749,-0.274516070727068));
#10529=DIRECTION('center_axis',(1.,0.,0.));
#10530=DIRECTION('ref_axis',(0.,0.961582511754749,-0.274516070727068));
#10531=DIRECTION('',(1.,0.,0.));
#10532=DIRECTION('center_axis',(0.,0.812905020814543,0.582396280151675));
#10533=DIRECTION('ref_axis',(0.,-0.582396280151675,0.812905020814543));
#10534=DIRECTION('',(0.,0.582396280151675,-0.812905020814543));
#10535=DIRECTION('',(0.,-0.582396280151675,0.812905020814543));
#10536=DIRECTION('',(1.,0.,0.));
#10537=DIRECTION('center_axis',(1.,0.,0.));
#10538=DIRECTION('ref_axis',(0.,0.941279636445372,-0.337627969832579));
#10539=DIRECTION('center_axis',(1.,0.,0.));
#10540=DIRECTION('ref_axis',(0.,0.941279636445372,-0.337627969832579));
#10541=DIRECTION('',(1.,0.,0.));
#10542=DIRECTION('center_axis',(1.,0.,0.));
#10543=DIRECTION('ref_axis',(0.,0.906458446389225,-0.422295021246559));
#10544=DIRECTION('center_axis',(1.,0.,0.));
#10545=DIRECTION('ref_axis',(0.,0.906458446389225,-0.422295021246559));
#10546=DIRECTION('',(1.,0.,0.));
#10547=DIRECTION('center_axis',(1.,0.,0.));
#10548=DIRECTION('ref_axis',(0.,0.167951719216021,-0.985795222149297));
#10549=DIRECTION('center_axis',(1.,0.,0.));
#10550=DIRECTION('ref_axis',(0.,0.167951719216021,-0.985795222149297));
#10551=DIRECTION('',(1.,0.,0.));
#10552=DIRECTION('center_axis',(0.,0.16795171921604,-0.985795222149294));
#10553=DIRECTION('ref_axis',(0.,0.985795222149294,0.16795171921604));
#10554=DIRECTION('',(0.,-0.985795222149294,-0.16795171921604));
#10555=DIRECTION('',(0.,0.985795222149294,0.16795171921604));
#10556=DIRECTION('',(1.,0.,0.));
#10557=DIRECTION('center_axis',(1.,0.,0.));
#10558=DIRECTION('ref_axis',(0.,-0.167951719216043,0.985795222149294));
#10559=DIRECTION('center_axis',(1.,0.,0.));
#10560=DIRECTION('ref_axis',(0.,-0.167951719216043,0.985795222149294));
#10561=DIRECTION('center_axis',(-1.,0.,0.));
#10562=DIRECTION('ref_axis',(0.,-0.167951719216043,0.985795222149294));
#10563=DIRECTION('',(1.,0.,0.));
#10564=DIRECTION('center_axis',(1.,0.,0.));
#10565=DIRECTION('ref_axis',(0.,0.829689182676116,-0.558225635518684));
#10566=DIRECTION('center_axis',(-1.,0.,0.));
#10567=DIRECTION('ref_axis',(0.,0.829689182676116,-0.558225635518684));
#10568=DIRECTION('center_axis',(1.,0.,0.));
#10569=DIRECTION('ref_axis',(0.,0.829689182676116,-0.558225635518684));
#10570=DIRECTION('',(1.,0.,0.));
#10571=DIRECTION('center_axis',(0.,0.953088965202339,0.302690311059894));
#10572=DIRECTION('ref_axis',(0.,-0.302690311059894,0.953088965202339));
#10573=DIRECTION('',(0.,0.302690311059894,-0.953088965202339));
#10574=DIRECTION('',(0.,-0.302690311059894,0.953088965202339));
#10575=DIRECTION('',(1.,0.,0.));
#10576=DIRECTION('center_axis',(1.,0.,0.));
#10577=DIRECTION('ref_axis',(0.,0.79087735144271,-0.611974684913489));
#10578=DIRECTION('center_axis',(1.,0.,0.));
#10579=DIRECTION('ref_axis',(0.,0.79087735144271,-0.611974684913489));
#10580=DIRECTION('',(1.,0.,0.));
#10581=DIRECTION('center_axis',(1.,0.,0.));
#10582=DIRECTION('ref_axis',(0.,0.731596873984138,-0.681737496384523));
#10583=DIRECTION('center_axis',(1.,0.,0.));
#10584=DIRECTION('ref_axis',(0.,0.731596873984138,-0.681737496384523));
#10585=DIRECTION('',(1.,0.,0.));
#10586=DIRECTION('center_axis',(1.,0.,0.));
#10587=DIRECTION('ref_axis',(0.,-0.144895899634389,-0.989446905229958));
#10588=DIRECTION('center_axis',(1.,0.,0.));
#10589=DIRECTION('ref_axis',(0.,-0.144895899634389,-0.989446905229958));
#10590=DIRECTION('',(1.,0.,0.));
#10591=DIRECTION('center_axis',(0.,-0.144895899634373,-0.98944690522996));
#10592=DIRECTION('ref_axis',(0.,0.98944690522996,-0.144895899634373));
#10593=DIRECTION('',(0.,-0.98944690522996,0.144895899634373));
#10594=DIRECTION('',(0.,0.98944690522996,-0.144895899634373));
#10595=DIRECTION('',(1.,0.,0.));
#10596=DIRECTION('center_axis',(1.,0.,0.));
#10597=DIRECTION('ref_axis',(0.,0.144895899634374,0.98944690522996));
#10598=DIRECTION('center_axis',(1.,0.,0.));
#10599=DIRECTION('ref_axis',(0.,0.144895899634374,0.98944690522996));
#10600=DIRECTION('center_axis',(-1.,0.,0.));
#10601=DIRECTION('ref_axis',(0.,0.144895899634374,0.98944690522996));
#10602=DIRECTION('',(1.,0.,0.));
#10603=DIRECTION('center_axis',(1.,0.,0.));
#10604=DIRECTION('ref_axis',(0.,0.616580095612692,-0.787292185719028));
#10605=DIRECTION('center_axis',(-1.,0.,0.));
#10606=DIRECTION('ref_axis',(0.,0.616580095612692,-0.787292185719028));
#10607=DIRECTION('center_axis',(1.,0.,0.));
#10608=DIRECTION('ref_axis',(0.,0.616580095612692,-0.787292185719028));
#10609=DIRECTION('',(1.,0.,0.));
#10610=DIRECTION('center_axis',(0.,0.999977921114835,-0.00664509464583811));
#10611=DIRECTION('ref_axis',(0.,0.00664509464583811,0.999977921114835));
#10612=DIRECTION('',(0.,-0.00664509464583811,-0.999977921114835));
#10613=DIRECTION('',(0.,0.00664509464583811,0.999977921114835));
#10614=DIRECTION('',(1.,0.,0.));
#10615=DIRECTION('center_axis',(1.,0.,0.));
#10616=DIRECTION('ref_axis',(0.,0.563058480914337,-0.82641705395668));
#10617=DIRECTION('center_axis',(1.,0.,0.));
#10618=DIRECTION('ref_axis',(0.,0.563058480914337,-0.82641705395668));
#10619=DIRECTION('',(1.,0.,0.));
#10620=DIRECTION('center_axis',(1.,0.,0.));
#10621=DIRECTION('ref_axis',(0.,0.485121502218332,-0.87444675543193));
#10622=DIRECTION('center_axis',(1.,0.,0.));
#10623=DIRECTION('ref_axis',(0.,0.485121502218332,-0.87444675543193));
#10624=DIRECTION('',(1.,0.,0.));
#10625=DIRECTION('center_axis',(1.,0.,0.));
#10626=DIRECTION('ref_axis',(0.,-0.443560098279491,-0.896244631344751));
#10627=DIRECTION('center_axis',(1.,0.,0.));
#10628=DIRECTION('ref_axis',(0.,-0.443560098279491,-0.896244631344751));
#10629=DIRECTION('',(1.,0.,0.));
#10630=DIRECTION('center_axis',(0.,-0.44356009827947,-0.896244631344761));
#10631=DIRECTION('ref_axis',(0.,0.896244631344761,-0.44356009827947));
#10632=DIRECTION('',(0.,-0.896244631344761,0.44356009827947));
#10633=DIRECTION('',(0.,0.896244631344761,-0.44356009827947));
#10634=DIRECTION('',(1.,0.,0.));
#10635=DIRECTION('center_axis',(1.,0.,0.));
#10636=DIRECTION('ref_axis',(0.,0.443560098279467,0.896244631344763));
#10637=DIRECTION('center_axis',(1.,0.,0.));
#10638=DIRECTION('ref_axis',(0.,0.443560098279467,0.896244631344763));
#10639=DIRECTION('center_axis',(-1.,0.,0.));
#10640=DIRECTION('ref_axis',(0.,0.443560098279467,0.896244631344763));
#10641=DIRECTION('',(1.,0.,0.));
#10642=DIRECTION('center_axis',(1.,0.,0.));
#10643=DIRECTION('ref_axis',(0.,0.343115852824562,-0.939293091393987));
#10644=DIRECTION('center_axis',(-1.,0.,0.));
#10645=DIRECTION('ref_axis',(0.,0.343115852824562,-0.939293091393987));
#10646=DIRECTION('center_axis',(1.,0.,0.));
#10647=DIRECTION('ref_axis',(0.,0.343115852824562,-0.939293091393987));
#10648=DIRECTION('',(1.,0.,0.));
#10649=DIRECTION('center_axis',(0.,0.948982070852752,-0.315330032188536));
#10650=DIRECTION('ref_axis',(0.,0.315330032188536,0.948982070852752));
#10651=DIRECTION('',(0.,-0.315330032188536,-0.948982070852752));
#10652=DIRECTION('',(0.,0.315330032188536,0.948982070852752));
#10653=DIRECTION('',(1.,0.,0.));
#10654=DIRECTION('center_axis',(1.,0.,0.));
#10655=DIRECTION('ref_axis',(0.,0.280123523214956,-0.959963963772412));
#10656=DIRECTION('center_axis',(1.,0.,0.));
#10657=DIRECTION('ref_axis',(0.,0.280123523214956,-0.959963963772412));
#10658=DIRECTION('',(1.,0.,0.));
#10659=DIRECTION('center_axis',(1.,0.,0.));
#10660=DIRECTION('ref_axis',(0.,0.191159057775139,-0.98155907342886));
#10661=DIRECTION('center_axis',(1.,0.,0.));
#10662=DIRECTION('ref_axis',(0.,0.191159057775139,-0.98155907342886));
#10663=DIRECTION('',(1.,0.,0.));
#10664=DIRECTION('center_axis',(1.,0.,0.));
#10665=DIRECTION('ref_axis',(0.,-0.698805544040067,-0.715311688439988));
#10666=DIRECTION('center_axis',(1.,0.,0.));
#10667=DIRECTION('ref_axis',(0.,-0.698805544040067,-0.715311688439988));
#10668=DIRECTION('',(1.,0.,0.));
#10669=DIRECTION('center_axis',(0.,-0.698805544040049,-0.715311688440006));
#10670=DIRECTION('ref_axis',(0.,0.715311688440006,-0.698805544040049));
#10671=DIRECTION('',(0.,-0.715311688440006,0.698805544040049));
#10672=DIRECTION('',(0.,0.715311688440006,-0.698805544040049));
#10673=DIRECTION('',(1.,0.,0.));
#10674=DIRECTION('center_axis',(1.,0.,0.));
#10675=DIRECTION('ref_axis',(0.,0.698805544040042,0.715311688440012));
#10676=DIRECTION('center_axis',(1.,0.,0.));
#10677=DIRECTION('ref_axis',(0.,0.698805544040042,0.715311688440012));
#10678=DIRECTION('center_axis',(-1.,0.,0.));
#10679=DIRECTION('ref_axis',(0.,0.698805544040042,0.715311688440012));
#10680=DIRECTION('',(1.,0.,0.));
#10681=DIRECTION('center_axis',(1.,0.,0.));
#10682=DIRECTION('ref_axis',(0.,0.0360650397332463,-0.999349444843514));
#10683=DIRECTION('center_axis',(-1.,0.,0.));
#10684=DIRECTION('ref_axis',(0.,0.0360650397332463,-0.999349444843514));
#10685=DIRECTION('center_axis',(1.,0.,0.));
#10686=DIRECTION('ref_axis',(0.,0.0360650397332463,-0.999349444843514));
#10687=DIRECTION('',(1.,0.,0.));
#10688=DIRECTION('center_axis',(0.,0.805093243548722,-0.593148269147099));
#10689=DIRECTION('ref_axis',(0.,0.593148269147099,0.805093243548722));
#10690=DIRECTION('',(0.,-0.593148269147099,-0.805093243548722));
#10691=DIRECTION('',(0.,0.593148269147099,0.805093243548722));
#10692=DIRECTION('',(1.,0.,0.));
#10693=DIRECTION('center_axis',(1.,0.,0.));
#10694=DIRECTION('ref_axis',(0.,-0.0302318766720726,-0.999542912351883));
#10695=DIRECTION('center_axis',(1.,0.,0.));
#10696=DIRECTION('ref_axis',(0.,-0.0302318766720726,-0.999542912351883));
#10697=DIRECTION('',(1.,0.,0.));
#10698=DIRECTION('center_axis',(1.,0.,0.));
#10699=DIRECTION('ref_axis',(0.,-0.121515367126557,-0.99258955039437));
#10700=DIRECTION('center_axis',(1.,0.,0.));
#10701=DIRECTION('ref_axis',(0.,-0.121515367126557,-0.99258955039437));
#10702=DIRECTION('',(1.,0.,0.));
#10703=DIRECTION('center_axis',(1.,0.,0.));
#10704=DIRECTION('ref_axis',(0.,-0.885647034285479,-0.464359053601129));
#10705=DIRECTION('center_axis',(1.,0.,0.));
#10706=DIRECTION('ref_axis',(0.,-0.885647034285479,-0.464359053601129));
#10707=DIRECTION('',(1.,0.,0.));
#10708=DIRECTION('center_axis',(0.,-0.885647034285469,-0.464359053601147));
#10709=DIRECTION('ref_axis',(0.,0.464359053601147,-0.885647034285469));
#10710=DIRECTION('',(0.,-0.464359053601147,0.885647034285469));
#10711=DIRECTION('',(0.,0.464359053601147,-0.885647034285469));
#10712=DIRECTION('',(1.,0.,0.));
#10713=DIRECTION('center_axis',(1.,0.,0.));
#10714=DIRECTION('ref_axis',(0.,0.885647034285473,0.464359053601141));
#10715=DIRECTION('center_axis',(1.,0.,0.));
#10716=DIRECTION('ref_axis',(0.,0.885647034285473,0.464359053601141));
#10717=DIRECTION('center_axis',(-1.,0.,0.));
#10718=DIRECTION('ref_axis',(0.,0.885647034285473,0.464359053601141));
#10719=DIRECTION('',(1.,0.,0.));
#10720=DIRECTION('center_axis',(1.,0.,0.));
#10721=DIRECTION('ref_axis',(0.,-0.274516070727068,-0.961582511754749));
#10722=DIRECTION('center_axis',(-1.,0.,0.));
#10723=DIRECTION('ref_axis',(0.,-0.274516070727068,-0.961582511754749));
#10724=DIRECTION('center_axis',(1.,0.,0.));
#10725=DIRECTION('ref_axis',(0.,-0.274516070727068,-0.961582511754749));
#10726=DIRECTION('',(1.,0.,0.));
#10727=DIRECTION('center_axis',(0.,0.582396280151675,-0.812905020814543));
#10728=DIRECTION('ref_axis',(0.,0.812905020814542,0.582396280151675));
#10729=DIRECTION('',(0.,-0.812905020814542,-0.582396280151675));
#10730=DIRECTION('',(0.,0.812905020814543,0.582396280151675));
#10731=DIRECTION('',(1.,0.,0.));
#10732=DIRECTION('center_axis',(1.,0.,0.));
#10733=DIRECTION('ref_axis',(0.,-0.337627969832581,-0.941279636445371));
#10734=DIRECTION('center_axis',(1.,0.,0.));
#10735=DIRECTION('ref_axis',(0.,-0.337627969832581,-0.941279636445371));
#10736=DIRECTION('',(1.,0.,0.));
#10737=DIRECTION('center_axis',(1.,0.,0.));
#10738=DIRECTION('ref_axis',(0.,-0.422295021246559,-0.906458446389225));
#10739=DIRECTION('center_axis',(1.,0.,0.));
#10740=DIRECTION('ref_axis',(0.,-0.422295021246559,-0.906458446389225));
#10741=DIRECTION('',(1.,0.,0.));
#10742=DIRECTION('center_axis',(1.,0.,0.));
#10743=DIRECTION('ref_axis',(0.,-0.985795222149297,-0.167951719216023));
#10744=DIRECTION('center_axis',(1.,0.,0.));
#10745=DIRECTION('ref_axis',(0.,-0.985795222149297,-0.167951719216023));
#10746=DIRECTION('',(1.,0.,0.));
#10747=DIRECTION('center_axis',(0.,-0.985795222149294,-0.167951719216043));
#10748=DIRECTION('ref_axis',(0.,0.167951719216043,-0.985795222149294));
#10749=DIRECTION('',(0.,-0.167951719216043,0.985795222149294));
#10750=DIRECTION('',(0.,0.167951719216043,-0.985795222149294));
#10751=DIRECTION('',(1.,0.,0.));
#10752=DIRECTION('center_axis',(1.,0.,0.));
#10753=DIRECTION('ref_axis',(0.,0.985795222149294,0.167951719216043));
#10754=DIRECTION('center_axis',(1.,0.,0.));
#10755=DIRECTION('ref_axis',(0.,0.985795222149294,0.167951719216043));
#10756=DIRECTION('center_axis',(-1.,0.,0.));
#10757=DIRECTION('ref_axis',(0.,0.985795222149294,0.167951719216043));
#10758=DIRECTION('',(1.,0.,0.));
#10759=DIRECTION('center_axis',(1.,0.,0.));
#10760=DIRECTION('ref_axis',(0.,-0.558225635518684,-0.829689182676116));
#10761=DIRECTION('center_axis',(-1.,0.,0.));
#10762=DIRECTION('ref_axis',(0.,-0.558225635518684,-0.829689182676116));
#10763=DIRECTION('center_axis',(1.,0.,0.));
#10764=DIRECTION('ref_axis',(0.,-0.558225635518684,-0.829689182676116));
#10765=DIRECTION('',(1.,0.,0.));
#10766=DIRECTION('center_axis',(0.,0.302690311059896,-0.953088965202338));
#10767=DIRECTION('ref_axis',(0.,0.953088965202338,0.302690311059896));
#10768=DIRECTION('',(0.,-0.953088965202338,-0.302690311059896));
#10769=DIRECTION('',(0.,0.953088965202338,0.302690311059896));
#10770=DIRECTION('',(1.,0.,0.));
#10771=DIRECTION('center_axis',(1.,0.,0.));
#10772=DIRECTION('ref_axis',(0.,-0.611974684913464,-0.790877351442729));
#10773=DIRECTION('center_axis',(1.,0.,0.));
#10774=DIRECTION('ref_axis',(0.,-0.611974684913464,-0.790877351442729));
#10775=DIRECTION('',(1.,0.,0.));
#10776=DIRECTION('center_axis',(1.,0.,0.));
#10777=DIRECTION('ref_axis',(0.,-0.681737496384523,-0.731596873984138));
#10778=DIRECTION('center_axis',(1.,0.,0.));
#10779=DIRECTION('ref_axis',(0.,-0.681737496384523,-0.731596873984138));
#10780=DIRECTION('',(1.,0.,0.));
#10781=DIRECTION('center_axis',(1.,0.,0.));
#10782=DIRECTION('ref_axis',(0.,-0.989446905229958,0.144895899634389));
#10783=DIRECTION('center_axis',(1.,0.,0.));
#10784=DIRECTION('ref_axis',(0.,-0.989446905229958,0.144895899634389));
#10785=DIRECTION('',(1.,0.,0.));
#10786=DIRECTION('center_axis',(0.,-0.989446905229961,0.144895899634369));
#10787=DIRECTION('ref_axis',(0.,-0.144895899634369,-0.989446905229961));
#10788=DIRECTION('',(0.,0.144895899634369,0.989446905229961));
#10789=DIRECTION('',(0.,-0.144895899634369,-0.989446905229961));
#10790=DIRECTION('',(1.,0.,0.));
#10791=DIRECTION('center_axis',(1.,0.,0.));
#10792=DIRECTION('ref_axis',(0.,0.98944690522996,-0.144895899634375));
#10793=DIRECTION('center_axis',(1.,0.,0.));
#10794=DIRECTION('ref_axis',(0.,0.98944690522996,-0.144895899634375));
#10795=DIRECTION('center_axis',(-1.,0.,0.));
#10796=DIRECTION('ref_axis',(0.,0.98944690522996,-0.144895899634375));
#10797=DIRECTION('',(1.,0.,0.));
#10798=DIRECTION('center_axis',(1.,0.,0.));
#10799=DIRECTION('ref_axis',(0.,-0.787292185719028,-0.616580095612692));
#10800=DIRECTION('center_axis',(-1.,0.,0.));
#10801=DIRECTION('ref_axis',(0.,-0.787292185719028,-0.616580095612692));
#10802=DIRECTION('center_axis',(1.,0.,0.));
#10803=DIRECTION('ref_axis',(0.,-0.787292185719028,-0.616580095612692));
#10804=DIRECTION('',(1.,0.,0.));
#10805=DIRECTION('center_axis',(0.,-0.0066450946458364,-0.999977921114835));
#10806=DIRECTION('ref_axis',(0.,0.999977921114835,-0.0066450946458364));
#10807=DIRECTION('',(0.,-0.999977921114835,0.0066450946458364));
#10808=DIRECTION('',(0.,0.999977921114835,-0.0066450946458364));
#10809=DIRECTION('',(1.,0.,0.));
#10810=DIRECTION('center_axis',(1.,0.,0.));
#10811=DIRECTION('ref_axis',(0.,-0.826417053956689,-0.563058480914325));
#10812=DIRECTION('center_axis',(1.,0.,0.));
#10813=DIRECTION('ref_axis',(0.,-0.826417053956689,-0.563058480914325));
#10814=DIRECTION('',(1.,0.,0.));
#10815=DIRECTION('center_axis',(1.,0.,0.));
#10816=DIRECTION('ref_axis',(0.,-0.87444675543193,-0.485121502218332));
#10817=DIRECTION('center_axis',(1.,0.,0.));
#10818=DIRECTION('ref_axis',(0.,-0.87444675543193,-0.485121502218332));
#10819=DIRECTION('',(1.,0.,0.));
#10820=DIRECTION('center_axis',(1.,0.,0.));
#10821=DIRECTION('ref_axis',(0.,-0.89624463134475,0.443560098279493));
#10822=DIRECTION('center_axis',(1.,0.,0.));
#10823=DIRECTION('ref_axis',(0.,-0.89624463134475,0.443560098279493));
#10824=DIRECTION('',(1.,0.,0.));
#10825=DIRECTION('center_axis',(0.,-0.896244631344762,0.443560098279469));
#10826=DIRECTION('ref_axis',(0.,-0.443560098279469,-0.896244631344762));
#10827=DIRECTION('',(0.,0.443560098279469,0.896244631344762));
#10828=DIRECTION('',(0.,-0.443560098279469,-0.896244631344762));
#10829=DIRECTION('',(1.,0.,0.));
#10830=DIRECTION('center_axis',(1.,0.,0.));
#10831=DIRECTION('ref_axis',(0.,0.896244631344764,-0.443560098279465));
#10832=DIRECTION('center_axis',(1.,0.,0.));
#10833=DIRECTION('ref_axis',(0.,0.896244631344764,-0.443560098279465));
#10834=DIRECTION('center_axis',(-1.,0.,0.));
#10835=DIRECTION('ref_axis',(0.,0.896244631344764,-0.443560098279465));
#10836=DIRECTION('',(1.,0.,0.));
#10837=DIRECTION('center_axis',(1.,0.,0.));
#10838=DIRECTION('ref_axis',(0.,-0.939293091393987,-0.343115852824562));
#10839=DIRECTION('center_axis',(-1.,0.,0.));
#10840=DIRECTION('ref_axis',(0.,-0.939293091393987,-0.343115852824562));
#10841=DIRECTION('center_axis',(1.,0.,0.));
#10842=DIRECTION('ref_axis',(0.,-0.939293091393987,-0.343115852824562));
#10843=DIRECTION('',(1.,0.,0.));
#10844=DIRECTION('center_axis',(0.,-0.315330032188536,-0.948982070852752));
#10845=DIRECTION('ref_axis',(0.,0.948982070852752,-0.315330032188536));
#10846=DIRECTION('',(0.,-0.948982070852752,0.315330032188536));
#10847=DIRECTION('',(0.,0.948982070852752,-0.315330032188536));
#10848=DIRECTION('',(1.,0.,0.));
#10849=DIRECTION('center_axis',(1.,0.,0.));
#10850=DIRECTION('ref_axis',(0.,-0.959963963772413,-0.280123523214951));
#10851=DIRECTION('center_axis',(1.,0.,0.));
#10852=DIRECTION('ref_axis',(0.,-0.959963963772413,-0.280123523214951));
#10853=DIRECTION('',(1.,0.,0.));
#10854=DIRECTION('center_axis',(1.,0.,0.));
#10855=DIRECTION('ref_axis',(0.,-0.98155907342886,-0.191159057775139));
#10856=DIRECTION('center_axis',(1.,0.,0.));
#10857=DIRECTION('ref_axis',(0.,-0.98155907342886,-0.191159057775139));
#10858=DIRECTION('',(1.,0.,0.));
#10859=DIRECTION('center_axis',(1.,0.,0.));
#10860=DIRECTION('ref_axis',(0.,-0.715311688439986,0.698805544040069));
#10861=DIRECTION('center_axis',(1.,0.,0.));
#10862=DIRECTION('ref_axis',(0.,-0.715311688439986,0.698805544040069));
#10863=DIRECTION('',(1.,0.,0.));
#10864=DIRECTION('center_axis',(0.,-0.715311688440004,0.698805544040051));
#10865=DIRECTION('ref_axis',(0.,-0.698805544040051,-0.715311688440004));
#10866=DIRECTION('',(0.,0.698805544040051,0.715311688440004));
#10867=DIRECTION('',(0.,-0.698805544040051,-0.715311688440004));
#10868=DIRECTION('',(1.,0.,0.));
#10869=DIRECTION('center_axis',(1.,0.,0.));
#10870=DIRECTION('ref_axis',(0.,0.715311688439996,-0.698805544040058));
#10871=DIRECTION('center_axis',(1.,0.,0.));
#10872=DIRECTION('ref_axis',(0.,0.715311688439996,-0.698805544040058));
#10873=DIRECTION('center_axis',(-1.,0.,0.));
#10874=DIRECTION('ref_axis',(0.,0.715311688439996,-0.698805544040058));
#10875=DIRECTION('',(1.,0.,0.));
#10876=DIRECTION('center_axis',(1.,0.,0.));
#10877=DIRECTION('ref_axis',(0.,-0.999349444843514,-0.0360650397332463));
#10878=DIRECTION('center_axis',(-1.,0.,0.));
#10879=DIRECTION('ref_axis',(0.,-0.999349444843514,-0.0360650397332463));
#10880=DIRECTION('center_axis',(1.,0.,0.));
#10881=DIRECTION('ref_axis',(0.,-0.999349444843514,-0.0360650397332463));
#10882=DIRECTION('',(1.,0.,0.));
#10883=DIRECTION('center_axis',(0.,-0.593148269147099,-0.805093243548721));
#10884=DIRECTION('ref_axis',(0.,0.805093243548721,-0.593148269147099));
#10885=DIRECTION('',(0.,-0.805093243548721,0.593148269147099));
#10886=DIRECTION('',(0.,0.805093243548721,-0.593148269147099));
#10887=DIRECTION('',(1.,0.,0.));
#10888=DIRECTION('center_axis',(1.,0.,0.));
#10889=DIRECTION('ref_axis',(0.,-0.999542912351883,0.0302318766720712));
#10890=DIRECTION('center_axis',(1.,0.,0.));
#10891=DIRECTION('ref_axis',(0.,-0.999542912351883,0.0302318766720712));
#10892=DIRECTION('',(1.,0.,0.));
#10893=DIRECTION('center_axis',(1.,0.,0.));
#10894=DIRECTION('ref_axis',(0.,-0.99258955039437,0.121515367126557));
#10895=DIRECTION('center_axis',(1.,0.,0.));
#10896=DIRECTION('ref_axis',(0.,-0.99258955039437,0.121515367126557));
#10897=DIRECTION('',(1.,0.,0.));
#10898=DIRECTION('center_axis',(1.,0.,0.));
#10899=DIRECTION('ref_axis',(0.,-0.464359053601125,0.885647034285481));
#10900=DIRECTION('center_axis',(1.,0.,0.));
#10901=DIRECTION('ref_axis',(0.,-0.464359053601125,0.885647034285481));
#10902=DIRECTION('',(1.,0.,0.));
#10903=DIRECTION('center_axis',(0.,-0.464359053601148,0.885647034285469));
#10904=DIRECTION('ref_axis',(0.,-0.885647034285469,-0.464359053601148));
#10905=DIRECTION('',(0.,0.885647034285469,0.464359053601148));
#10906=DIRECTION('',(0.,-0.885647034285469,-0.464359053601148));
#10907=DIRECTION('',(1.,0.,0.));
#10908=DIRECTION('center_axis',(1.,0.,0.));
#10909=DIRECTION('ref_axis',(0.,0.46435905360114,-0.885647034285473));
#10910=DIRECTION('center_axis',(1.,0.,0.));
#10911=DIRECTION('ref_axis',(0.,0.46435905360114,-0.885647034285473));
#10912=DIRECTION('center_axis',(-1.,0.,0.));
#10913=DIRECTION('ref_axis',(0.,0.46435905360114,-0.885647034285473));
#10914=DIRECTION('',(1.,0.,0.));
#10915=DIRECTION('center_axis',(1.,0.,0.));
#10916=DIRECTION('ref_axis',(0.,-0.961582511754749,0.274516070727067));
#10917=DIRECTION('center_axis',(-1.,0.,0.));
#10918=DIRECTION('ref_axis',(0.,-0.961582511754749,0.274516070727067));
#10919=DIRECTION('center_axis',(1.,0.,0.));
#10920=DIRECTION('ref_axis',(0.,-0.961582511754749,0.274516070727067));
#10921=DIRECTION('',(1.,0.,0.));
#10922=DIRECTION('center_axis',(0.,-0.812905020814542,-0.582396280151676));
#10923=DIRECTION('ref_axis',(0.,0.582396280151676,-0.812905020814542));
#10924=DIRECTION('',(0.,-0.582396280151676,0.812905020814542));
#10925=DIRECTION('',(0.,0.582396280151676,-0.812905020814542));
#10926=DIRECTION('',(1.,0.,0.));
#10927=DIRECTION('center_axis',(1.,0.,0.));
#10928=DIRECTION('ref_axis',(0.,-0.94127963644537,0.337627969832582));
#10929=DIRECTION('center_axis',(1.,0.,0.));
#10930=DIRECTION('ref_axis',(0.,-0.94127963644537,0.337627969832582));
#10931=DIRECTION('',(1.,0.,0.));
#10932=DIRECTION('center_axis',(1.,0.,0.));
#10933=DIRECTION('ref_axis',(0.,-0.906458446389226,0.422295021246559));
#10934=DIRECTION('center_axis',(1.,0.,0.));
#10935=DIRECTION('ref_axis',(0.,-0.906458446389226,0.422295021246559));
#10936=DIRECTION('',(1.,0.,0.));
#10937=DIRECTION('center_axis',(1.,0.,0.));
#10938=DIRECTION('ref_axis',(0.,-0.167951719216022,0.985795222149297));
#10939=DIRECTION('center_axis',(1.,0.,0.));
#10940=DIRECTION('ref_axis',(0.,-0.167951719216022,0.985795222149297));
#10941=DIRECTION('',(1.,0.,0.));
#10942=DIRECTION('center_axis',(0.,-0.167951719216042,0.985795222149294));
#10943=DIRECTION('ref_axis',(0.,-0.985795222149294,-0.167951719216042));
#10944=DIRECTION('',(0.,0.985795222149294,0.167951719216042));
#10945=DIRECTION('',(0.,-0.985795222149294,-0.167951719216042));
#10946=DIRECTION('',(1.,0.,0.));
#10947=DIRECTION('center_axis',(1.,0.,0.));
#10948=DIRECTION('ref_axis',(0.,0.167951719216043,-0.985795222149294));
#10949=DIRECTION('center_axis',(1.,0.,0.));
#10950=DIRECTION('ref_axis',(0.,0.167951719216043,-0.985795222149294));
#10951=DIRECTION('center_axis',(-1.,0.,0.));
#10952=DIRECTION('ref_axis',(0.,0.167951719216043,-0.985795222149294));
#10953=DIRECTION('',(1.,0.,0.));
#10954=DIRECTION('center_axis',(1.,0.,0.));
#10955=DIRECTION('ref_axis',(0.,-0.829689182676116,0.558225635518684));
#10956=DIRECTION('center_axis',(-1.,0.,0.));
#10957=DIRECTION('ref_axis',(0.,-0.829689182676116,0.558225635518684));
#10958=DIRECTION('center_axis',(1.,0.,0.));
#10959=DIRECTION('ref_axis',(0.,-0.829689182676116,0.558225635518684));
#10960=DIRECTION('',(1.,0.,0.));
#10961=DIRECTION('center_axis',(0.,-0.953088965202339,-0.302690311059893));
#10962=DIRECTION('ref_axis',(0.,0.302690311059893,-0.953088965202339));
#10963=DIRECTION('',(0.,-0.302690311059893,0.953088965202339));
#10964=DIRECTION('',(0.,0.302690311059892,-0.953088965202339));
#10965=DIRECTION('',(1.,0.,0.));
#10966=DIRECTION('center_axis',(1.,0.,0.));
#10967=DIRECTION('ref_axis',(0.,-0.79087735144273,0.611974684913463));
#10968=DIRECTION('center_axis',(1.,0.,0.));
#10969=DIRECTION('ref_axis',(0.,-0.79087735144273,0.611974684913463));
#10970=DIRECTION('',(1.,0.,0.));
#10971=DIRECTION('center_axis',(1.,0.,0.));
#10972=DIRECTION('ref_axis',(0.,-0.731596873984138,0.681737496384523));
#10973=DIRECTION('center_axis',(1.,0.,0.));
#10974=DIRECTION('ref_axis',(0.,-0.731596873984138,0.681737496384523));
#10975=DIRECTION('',(1.,0.,0.));
#10976=DIRECTION('center_axis',(1.,0.,0.));
#10977=DIRECTION('ref_axis',(0.,0.144895899634395,0.989446905229957));
#10978=DIRECTION('center_axis',(1.,0.,0.));
#10979=DIRECTION('ref_axis',(0.,0.144895899634395,0.989446905229957));
#10980=DIRECTION('',(1.,0.,0.));
#10981=DIRECTION('center_axis',(0.,0.144895899634371,0.98944690522996));
#10982=DIRECTION('ref_axis',(0.,-0.98944690522996,0.144895899634371));
#10983=DIRECTION('',(0.,0.98944690522996,-0.144895899634371));
#10984=DIRECTION('',(0.,-0.98944690522996,0.144895899634371));
#10985=DIRECTION('',(1.,0.,0.));
#10986=DIRECTION('center_axis',(1.,0.,0.));
#10987=DIRECTION('ref_axis',(0.,-0.144895899634375,-0.98944690522996));
#10988=DIRECTION('center_axis',(1.,0.,0.));
#10989=DIRECTION('ref_axis',(0.,-0.144895899634375,-0.98944690522996));
#10990=DIRECTION('center_axis',(-1.,0.,0.));
#10991=DIRECTION('ref_axis',(0.,-0.144895899634375,-0.98944690522996));
#10992=DIRECTION('',(1.,0.,0.));
#10993=DIRECTION('center_axis',(1.,0.,0.));
#10994=DIRECTION('ref_axis',(0.,-0.616580095612692,0.787292185719028));
#10995=DIRECTION('center_axis',(-1.,0.,0.));
#10996=DIRECTION('ref_axis',(0.,-0.616580095612692,0.787292185719028));
#10997=DIRECTION('center_axis',(1.,0.,0.));
#10998=DIRECTION('ref_axis',(0.,-0.616580095612692,0.787292185719028));
#10999=DIRECTION('',(1.,0.,0.));
#11000=DIRECTION('center_axis',(0.,-0.999977921114835,0.00664509464583813));
#11001=DIRECTION('ref_axis',(0.,-0.00664509464583813,-0.999977921114835));
#11002=DIRECTION('',(0.,0.00664509464583813,0.999977921114835));
#11003=DIRECTION('',(0.,-0.00664509464583813,-0.999977921114835));
#11004=DIRECTION('',(1.,0.,0.));
#11005=DIRECTION('center_axis',(1.,0.,0.));
#11006=DIRECTION('ref_axis',(0.,-0.563058480914337,0.82641705395668));
#11007=DIRECTION('center_axis',(1.,0.,0.));
#11008=DIRECTION('ref_axis',(0.,-0.563058480914337,0.82641705395668));
#11009=DIRECTION('',(1.,0.,0.));
#11010=DIRECTION('center_axis',(1.,0.,0.));
#11011=DIRECTION('ref_axis',(0.,-0.485121502218332,0.87444675543193));
#11012=DIRECTION('center_axis',(1.,0.,0.));
#11013=DIRECTION('ref_axis',(0.,-0.485121502218332,0.87444675543193));
#11014=DIRECTION('',(1.,0.,0.));
#11015=DIRECTION('center_axis',(1.,0.,0.));
#11016=DIRECTION('ref_axis',(0.,0.443560098279491,0.896244631344751));
#11017=DIRECTION('center_axis',(1.,0.,0.));
#11018=DIRECTION('ref_axis',(0.,0.443560098279491,0.896244631344751));
#11019=DIRECTION('',(1.,0.,0.));
#11020=DIRECTION('center_axis',(0.,0.44356009827947,0.896244631344761));
#11021=DIRECTION('ref_axis',(0.,-0.896244631344761,0.44356009827947));
#11022=DIRECTION('',(0.,0.896244631344761,-0.44356009827947));
#11023=DIRECTION('',(0.,-0.896244631344761,0.44356009827947));
#11024=DIRECTION('',(1.,0.,0.));
#11025=DIRECTION('center_axis',(1.,0.,0.));
#11026=DIRECTION('ref_axis',(0.,-0.443560098279467,-0.896244631344763));
#11027=DIRECTION('center_axis',(1.,0.,0.));
#11028=DIRECTION('ref_axis',(0.,-0.443560098279467,-0.896244631344763));
#11029=DIRECTION('center_axis',(-1.,0.,0.));
#11030=DIRECTION('ref_axis',(0.,-0.443560098279467,-0.896244631344763));
#11031=DIRECTION('',(1.,0.,0.));
#11032=DIRECTION('center_axis',(1.,0.,0.));
#11033=DIRECTION('ref_axis',(0.,-0.343115852824562,0.939293091393987));
#11034=DIRECTION('center_axis',(-1.,0.,0.));
#11035=DIRECTION('ref_axis',(0.,-0.343115852824562,0.939293091393987));
#11036=DIRECTION('center_axis',(1.,0.,0.));
#11037=DIRECTION('ref_axis',(0.,-0.343115852824562,0.939293091393987));
#11038=DIRECTION('',(1.,0.,0.));
#11039=DIRECTION('center_axis',(0.,-0.948982070852752,0.315330032188534));
#11040=DIRECTION('ref_axis',(0.,-0.315330032188534,-0.948982070852752));
#11041=DIRECTION('',(0.,0.315330032188534,0.948982070852752));
#11042=DIRECTION('',(0.,-0.315330032188534,-0.948982070852752));
#11043=DIRECTION('',(1.,0.,0.));
#11044=DIRECTION('center_axis',(1.,0.,0.));
#11045=DIRECTION('ref_axis',(0.,-0.280123523214951,0.959963963772413));
#11046=DIRECTION('center_axis',(1.,0.,0.));
#11047=DIRECTION('ref_axis',(0.,-0.280123523214951,0.959963963772413));
#11048=DIRECTION('',(1.,0.,0.));
#11049=DIRECTION('center_axis',(1.,0.,0.));
#11050=DIRECTION('ref_axis',(0.,-0.191159057775138,0.98155907342886));
#11051=DIRECTION('center_axis',(1.,0.,0.));
#11052=DIRECTION('ref_axis',(0.,-0.191159057775138,0.98155907342886));
#11053=DIRECTION('',(1.,0.,0.));
#11054=DIRECTION('center_axis',(1.,0.,0.));
#11055=DIRECTION('ref_axis',(0.,0.698805544040065,0.71531168843999));
#11056=DIRECTION('center_axis',(1.,0.,0.));
#11057=DIRECTION('ref_axis',(0.,0.698805544040065,0.71531168843999));
#11058=DIRECTION('',(1.,0.,0.));
#11059=DIRECTION('center_axis',(0.,0.69880554404005,0.715311688440004));
#11060=DIRECTION('ref_axis',(0.,-0.715311688440004,0.69880554404005));
#11061=DIRECTION('',(0.,0.715311688440004,-0.69880554404005));
#11062=DIRECTION('',(0.,-0.715311688440004,0.69880554404005));
#11063=DIRECTION('',(1.,0.,0.));
#11064=DIRECTION('center_axis',(1.,0.,0.));
#11065=DIRECTION('ref_axis',(0.,-0.698805544040045,-0.715311688440009));
#11066=DIRECTION('center_axis',(1.,0.,0.));
#11067=DIRECTION('ref_axis',(0.,-0.698805544040045,-0.715311688440009));
#11068=DIRECTION('center_axis',(-1.,0.,0.));
#11069=DIRECTION('ref_axis',(0.,-0.698805544040045,-0.715311688440009));
#11070=DIRECTION('',(1.,0.,0.));
#11071=DIRECTION('center_axis',(1.,0.,0.));
#11072=DIRECTION('ref_axis',(0.,-0.0360650397332469,0.999349444843514));
#11073=DIRECTION('center_axis',(-1.,0.,0.));
#11074=DIRECTION('ref_axis',(0.,-0.0360650397332469,0.999349444843514));
#11075=DIRECTION('center_axis',(1.,0.,0.));
#11076=DIRECTION('ref_axis',(0.,-0.0360650397332469,0.999349444843514));
#11077=DIRECTION('',(1.,0.,0.));
#11078=DIRECTION('center_axis',(0.,-0.805093243548717,0.593148269147105));
#11079=DIRECTION('ref_axis',(0.,-0.593148269147105,-0.805093243548717));
#11080=DIRECTION('',(0.,0.593148269147105,0.805093243548717));
#11081=DIRECTION('',(0.,-0.593148269147105,-0.805093243548717));
#11082=DIRECTION('',(1.,0.,0.));
#11083=DIRECTION('center_axis',(1.,0.,0.));
#11084=DIRECTION('ref_axis',(0.,0.0302318766720752,0.999542912351883));
#11085=DIRECTION('center_axis',(1.,0.,0.));
#11086=DIRECTION('ref_axis',(0.,0.0302318766720752,0.999542912351883));
#11087=DIRECTION('',(1.,0.,0.));
#11088=DIRECTION('center_axis',(1.,0.,0.));
#11089=DIRECTION('ref_axis',(0.,0.121515367126557,0.99258955039437));
#11090=DIRECTION('center_axis',(1.,0.,0.));
#11091=DIRECTION('ref_axis',(0.,0.121515367126557,0.99258955039437));
#11092=DIRECTION('',(1.,0.,0.));
#11093=DIRECTION('center_axis',(1.,0.,0.));
#11094=DIRECTION('ref_axis',(0.,0.885647034285479,0.464359053601129));
#11095=DIRECTION('center_axis',(1.,0.,0.));
#11096=DIRECTION('ref_axis',(0.,0.885647034285479,0.464359053601129));
#11097=DIRECTION('',(1.,0.,0.));
#11098=DIRECTION('center_axis',(0.,0.885647034285469,0.464359053601147));
#11099=DIRECTION('ref_axis',(0.,-0.464359053601147,0.885647034285469));
#11100=DIRECTION('',(0.,0.464359053601147,-0.885647034285469));
#11101=DIRECTION('',(0.,-0.464359053601147,0.885647034285469));
#11102=DIRECTION('',(1.,0.,0.));
#11103=DIRECTION('center_axis',(1.,0.,0.));
#11104=DIRECTION('ref_axis',(0.,-0.885647034285475,-0.464359053601136));
#11105=DIRECTION('center_axis',(1.,0.,0.));
#11106=DIRECTION('ref_axis',(0.,-0.885647034285475,-0.464359053601136));
#11107=DIRECTION('center_axis',(-1.,0.,0.));
#11108=DIRECTION('ref_axis',(0.,-0.885647034285475,-0.464359053601136));
#11109=DIRECTION('',(1.,0.,0.));
#11110=DIRECTION('center_axis',(1.,0.,0.));
#11111=DIRECTION('ref_axis',(0.,0.274516070727068,0.961582511754749));
#11112=DIRECTION('center_axis',(-1.,0.,0.));
#11113=DIRECTION('ref_axis',(0.,0.274516070727068,0.961582511754749));
#11114=DIRECTION('center_axis',(1.,0.,0.));
#11115=DIRECTION('ref_axis',(0.,0.274516070727068,0.961582511754749));
#11116=DIRECTION('',(1.,0.,0.));
#11117=DIRECTION('center_axis',(0.,-0.582396280151674,0.812905020814543));
#11118=DIRECTION('ref_axis',(0.,-0.812905020814543,-0.582396280151674));
#11119=DIRECTION('',(0.,0.812905020814543,0.582396280151674));
#11120=DIRECTION('',(0.,-0.812905020814543,-0.582396280151674));
#11121=DIRECTION('',(1.,0.,0.));
#11122=DIRECTION('center_axis',(1.,0.,0.));
#11123=DIRECTION('ref_axis',(0.,0.33762796983258,0.941279636445371));
#11124=DIRECTION('center_axis',(1.,0.,0.));
#11125=DIRECTION('ref_axis',(0.,0.33762796983258,0.941279636445371));
#11126=DIRECTION('',(1.,0.,0.));
#11127=DIRECTION('center_axis',(1.,0.,0.));
#11128=DIRECTION('ref_axis',(0.,0.422295021246559,0.906458446389225));
#11129=DIRECTION('center_axis',(1.,0.,0.));
#11130=DIRECTION('ref_axis',(0.,0.422295021246559,0.906458446389225));
#11131=DIRECTION('',(1.,0.,0.));
#11132=DIRECTION('center_axis',(1.,0.,0.));
#11133=DIRECTION('ref_axis',(0.,0.985795222149298,0.16795171921602));
#11134=DIRECTION('center_axis',(1.,0.,0.));
#11135=DIRECTION('ref_axis',(0.,0.985795222149298,0.16795171921602));
#11136=DIRECTION('',(1.,0.,0.));
#11137=DIRECTION('center_axis',(0.,0.985795222149295,0.167951719216039));
#11138=DIRECTION('ref_axis',(0.,-0.167951719216039,0.985795222149295));
#11139=DIRECTION('',(0.,0.167951719216039,-0.985795222149295));
#11140=DIRECTION('',(0.,-0.167951719216039,0.985795222149295));
#11141=DIRECTION('',(1.,0.,0.));
#11142=DIRECTION('center_axis',(1.,0.,0.));
#11143=DIRECTION('ref_axis',(0.,-0.985795222149294,-0.167951719216043));
#11144=DIRECTION('center_axis',(1.,0.,0.));
#11145=DIRECTION('ref_axis',(0.,-0.985795222149294,-0.167951719216043));
#11146=DIRECTION('center_axis',(-1.,0.,0.));
#11147=DIRECTION('ref_axis',(0.,-0.985795222149294,-0.167951719216043));
#11148=DIRECTION('',(1.,0.,0.));
#11149=DIRECTION('center_axis',(1.,0.,0.));
#11150=DIRECTION('ref_axis',(0.,0.558225635518684,0.829689182676116));
#11151=DIRECTION('center_axis',(-1.,0.,0.));
#11152=DIRECTION('ref_axis',(0.,0.558225635518684,0.829689182676116));
#11153=DIRECTION('center_axis',(1.,0.,0.));
#11154=DIRECTION('ref_axis',(0.,0.558225635518684,0.829689182676116));
#11155=DIRECTION('',(1.,0.,0.));
#11156=DIRECTION('center_axis',(0.,-0.302690311059893,0.953088965202339));
#11157=DIRECTION('ref_axis',(0.,-0.953088965202339,-0.302690311059893));
#11158=DIRECTION('',(0.,0.953088965202339,0.302690311059893));
#11159=DIRECTION('',(0.,-0.953088965202339,-0.302690311059893));
#11160=DIRECTION('',(1.,0.,0.));
#11161=DIRECTION('center_axis',(1.,0.,0.));
#11162=DIRECTION('ref_axis',(0.,0.61197468491346,0.790877351442732));
#11163=DIRECTION('center_axis',(1.,0.,0.));
#11164=DIRECTION('ref_axis',(0.,0.61197468491346,0.790877351442732));
#11165=DIRECTION('',(1.,0.,0.));
#11166=DIRECTION('center_axis',(1.,0.,0.));
#11167=DIRECTION('ref_axis',(0.,0.681737496384523,0.731596873984138));
#11168=DIRECTION('center_axis',(1.,0.,0.));
#11169=DIRECTION('ref_axis',(0.,0.681737496384523,0.731596873984138));
#11170=DIRECTION('',(1.,0.,0.));
#11171=DIRECTION('center_axis',(1.,0.,0.));
#11172=DIRECTION('ref_axis',(0.,0.989446905229958,-0.144895899634389));
#11173=DIRECTION('center_axis',(1.,0.,0.));
#11174=DIRECTION('ref_axis',(0.,0.989446905229958,-0.144895899634389));
#11175=DIRECTION('',(1.,0.,0.));
#11176=DIRECTION('center_axis',(0.,0.98944690522996,-0.144895899634371));
#11177=DIRECTION('ref_axis',(0.,0.144895899634371,0.98944690522996));
#11178=DIRECTION('',(0.,-0.144895899634371,-0.98944690522996));
#11179=DIRECTION('',(0.,0.144895899634371,0.98944690522996));
#11180=DIRECTION('',(1.,0.,0.));
#11181=DIRECTION('center_axis',(1.,0.,0.));
#11182=DIRECTION('ref_axis',(0.,-0.98944690522996,0.144895899634376));
#11183=DIRECTION('center_axis',(1.,0.,0.));
#11184=DIRECTION('ref_axis',(0.,-0.98944690522996,0.144895899634376));
#11185=DIRECTION('center_axis',(-1.,0.,0.));
#11186=DIRECTION('ref_axis',(0.,-0.98944690522996,0.144895899634376));
#11187=DIRECTION('',(1.,0.,0.));
#11188=DIRECTION('center_axis',(1.,0.,0.));
#11189=DIRECTION('ref_axis',(0.,0.787292185719028,0.616580095612692));
#11190=DIRECTION('center_axis',(-1.,0.,0.));
#11191=DIRECTION('ref_axis',(0.,0.787292185719028,0.616580095612692));
#11192=DIRECTION('center_axis',(1.,0.,0.));
#11193=DIRECTION('ref_axis',(0.,0.787292185719028,0.616580095612692));
#11194=DIRECTION('',(1.,0.,0.));
#11195=DIRECTION('center_axis',(0.,0.00664509464583727,0.999977921114835));
#11196=DIRECTION('ref_axis',(0.,-0.999977921114835,0.00664509464583727));
#11197=DIRECTION('',(0.,0.999977921114835,-0.00664509464583727));
#11198=DIRECTION('',(0.,-0.999977921114835,0.00664509464583727));
#11199=DIRECTION('',(1.,0.,0.));
#11200=DIRECTION('center_axis',(1.,0.,0.));
#11201=DIRECTION('ref_axis',(0.,0.826417053956665,0.56305848091436));
#11202=DIRECTION('center_axis',(1.,0.,0.));
#11203=DIRECTION('ref_axis',(0.,0.826417053956665,0.56305848091436));
#11204=DIRECTION('',(1.,0.,0.));
#11205=DIRECTION('center_axis',(1.,0.,0.));
#11206=DIRECTION('ref_axis',(0.,0.87444675543193,0.485121502218332));
#11207=DIRECTION('center_axis',(1.,0.,0.));
#11208=DIRECTION('ref_axis',(0.,0.87444675543193,0.485121502218332));
#11209=DIRECTION('',(1.,0.,0.));
#11210=DIRECTION('center_axis',(1.,0.,0.));
#11211=DIRECTION('ref_axis',(0.,0.896244631344751,-0.443560098279491));
#11212=DIRECTION('center_axis',(1.,0.,0.));
#11213=DIRECTION('ref_axis',(0.,0.896244631344751,-0.443560098279491));
#11214=DIRECTION('',(1.,0.,0.));
#11215=DIRECTION('center_axis',(0.,0.896244631344761,-0.44356009827947));
#11216=DIRECTION('ref_axis',(0.,0.44356009827947,0.896244631344761));
#11217=DIRECTION('',(0.,-0.44356009827947,-0.896244631344761));
#11218=DIRECTION('',(0.,0.44356009827947,0.896244631344761));
#11219=DIRECTION('',(1.,0.,0.));
#11220=DIRECTION('center_axis',(1.,0.,0.));
#11221=DIRECTION('ref_axis',(0.,-0.896244631344764,0.443560098279465));
#11222=DIRECTION('center_axis',(1.,0.,0.));
#11223=DIRECTION('ref_axis',(0.,-0.896244631344764,0.443560098279465));
#11224=DIRECTION('center_axis',(-1.,0.,0.));
#11225=DIRECTION('ref_axis',(0.,-0.896244631344764,0.443560098279465));
#11226=DIRECTION('',(1.,0.,0.));
#11227=DIRECTION('center_axis',(1.,0.,0.));
#11228=DIRECTION('ref_axis',(0.,0.939293091393987,0.343115852824562));
#11229=DIRECTION('center_axis',(-1.,0.,0.));
#11230=DIRECTION('ref_axis',(0.,0.939293091393987,0.343115852824562));
#11231=DIRECTION('center_axis',(1.,0.,0.));
#11232=DIRECTION('ref_axis',(0.,0.939293091393987,0.343115852824562));
#11233=DIRECTION('',(1.,0.,0.));
#11234=DIRECTION('center_axis',(0.,0.315330032188536,0.948982070852752));
#11235=DIRECTION('ref_axis',(0.,-0.948982070852752,0.315330032188536));
#11236=DIRECTION('',(0.,0.948982070852752,-0.315330032188536));
#11237=DIRECTION('',(0.,-0.948982070852752,0.315330032188536));
#11238=DIRECTION('',(1.,0.,0.));
#11239=DIRECTION('center_axis',(1.,0.,0.));
#11240=DIRECTION('ref_axis',(0.,0.95996396377241,0.280123523214961));
#11241=DIRECTION('center_axis',(1.,0.,0.));
#11242=DIRECTION('ref_axis',(0.,0.95996396377241,0.280123523214961));
#11243=DIRECTION('',(1.,0.,0.));
#11244=DIRECTION('center_axis',(1.,0.,0.));
#11245=DIRECTION('ref_axis',(0.,0.98155907342886,0.191159057775138));
#11246=DIRECTION('center_axis',(1.,0.,0.));
#11247=DIRECTION('ref_axis',(0.,0.98155907342886,0.191159057775138));
#11248=DIRECTION('',(1.,0.,0.));
#11249=DIRECTION('center_axis',(1.,0.,0.));
#11250=DIRECTION('ref_axis',(0.,0.715311688439987,-0.698805544040068));
#11251=DIRECTION('center_axis',(1.,0.,0.));
#11252=DIRECTION('ref_axis',(0.,0.715311688439987,-0.698805544040068));
#11253=DIRECTION('center_axis',(-1.,0.,0.));
#11254=DIRECTION('ref_axis',(0.,-1.,0.));
#11255=DIRECTION('',(0.,-0.802101489509736,-0.59718774311456));
#11256=DIRECTION('center_axis',(1.,1.87466610702038E-105,-6.76237471029203E-106));
#11257=DIRECTION('ref_axis',(1.84965929630361E-105,-0.999378317371699,-0.0352559040064469));
#11258=DIRECTION('center_axis',(1.,-8.01032003737438E-106,-1.12112442367491E-106));
#11259=DIRECTION('ref_axis',(-8.08779255801287E-106,-0.991966187908825,
-0.126503288675172));
#11260=DIRECTION('center_axis',(1.,6.49207580341658E-106,4.50208699006865E-106));
#11261=DIRECTION('ref_axis',(6.9834324673133E-106,-0.459901298818757,-0.887970041918544));
#11262=DIRECTION('',(0.,0.887970041918559,-0.459901298818727));
#11263=DIRECTION('center_axis',(-1.,0.,0.));
#11264=DIRECTION('ref_axis',(0.,-1.,0.));
#11265=DIRECTION('',(0.,-0.947385009783103,-0.320096303068732));
#11266=DIRECTION('center_axis',(1.,1.57394454617824E-105,-1.2224437392333E-105));
#11267=DIRECTION('ref_axis',(1.84965929630362E-105,-0.961359934470484,0.27529452663449));
#11268=DIRECTION('center_axis',(1.,-7.96471356887891E-106,1.40907233321718E-106));
#11269=DIRECTION('ref_axis',(-8.08779255801287E-106,-0.982507573000099,
0.18622263288187));
#11270=DIRECTION('center_axis',(1.,7.56555238720702E-106,2.27557741680633E-106));
#11271=DIRECTION('ref_axis',(6.98343246731332E-106,-0.711789960542846,-0.702392377571406));
#11272=DIRECTION('',(0.,0.702392377571429,-0.711789960542824));
#11273=DIRECTION('center_axis',(-1.,0.,0.));
#11274=DIRECTION('ref_axis',(0.,-1.,0.));
#11275=DIRECTION('',(0.,-0.9999318844794,-0.0116716066364507));
#11276=DIRECTION('center_axis',(1.,1.11915432683968E-105,-1.64898869697488E-105));
#11277=DIRECTION('ref_axis',(1.8496592963036E-105,-0.829236942994773,0.558897210918683));
#11278=DIRECTION('center_axis',(1.,-7.13946544283905E-106,3.80133927254974E-106));
#11279=DIRECTION('ref_axis',(-8.08779255801288E-106,-0.876874271313335,
0.480719785643057));
#11280=DIRECTION('center_axis',(1.,7.89845999103461E-106,-1.73681528893158E-107));
#11281=DIRECTION('ref_axis',(6.98343246731334E-106,-0.894003661596733,-0.448059653452121));
#11282=DIRECTION('',(0.,0.448059653452147,-0.89400366159672));
#11283=DIRECTION('center_axis',(-1.,0.,0.));
#11284=DIRECTION('ref_axis',(0.,-1.,0.));
#11285=DIRECTION('',(0.,-0.954598459387749,0.29789558797427));
#11286=DIRECTION('center_axis',(1.,5.54813484383359E-106,-1.91411915187673E-105));
#11287=DIRECTION('ref_axis',(1.84965929630361E-105,-0.61594246190522,0.787791142132315));
#11288=DIRECTION('center_axis',(1.,-5.61535669567337E-106,5.82150463839703E-106));
#11289=DIRECTION('ref_axis',(-8.08779255801287E-106,-0.685406406408126,
0.728160736413808));
#11290=DIRECTION('center_axis',(1.,7.45821129913295E-106,-2.60593931643425E-106));
#11291=DIRECTION('ref_axis',(6.98343246731327E-106,-0.988706055363755,-0.149867728637765));
#11292=DIRECTION('',(0.,0.149867728637797,-0.98870605536375));
#11293=DIRECTION('center_axis',(-1.,0.,0.));
#11294=DIRECTION('ref_axis',(0.,-1.,0.));
#11295=DIRECTION('',(0.,-0.815822286012666,0.578302686873464));
#11296=DIRECTION('center_axis',(1.,-6.38363675372581E-107,-1.99188228774056E-105));
#11297=DIRECTION('ref_axis',(1.84965929630361E-105,-0.342355241120901,0.939570587490397));
#11298=DIRECTION('center_axis',(1.,-3.54157771064451E-106,7.27182056943018E-106));
#11299=DIRECTION('ref_axis',(-8.08779255801287E-106,-0.426846186936449,
0.904324240910203));
#11300=DIRECTION('center_axis',(1.,6.28790092085855E-106,-4.78310960703587E-106));
#11301=DIRECTION('ref_axis',(6.98343246731331E-106,-0.986627011711618,0.162994293645519));
#11302=DIRECTION('',(0.,-0.162994293645485,-0.986627011711624));
#11303=DIRECTION('center_axis',(-1.,0.,0.));
#11304=DIRECTION('ref_axis',(0.,-1.,0.));
#11305=DIRECTION('',(0.,-0.59718774311456,0.802101489509737));
#11306=DIRECTION('center_axis',(1.,-6.76237471029203E-106,-1.87466610702038E-105));
#11307=DIRECTION('ref_axis',(1.84965929630361E-105,-0.0352559040064467,
0.999378317371699));
#11308=DIRECTION('center_axis',(1.,-1.1211244236749E-106,8.01032003737438E-106));
#11309=DIRECTION('ref_axis',(-8.08779255801287E-106,-0.126503288675172,
0.991966187908825));
#11310=DIRECTION('center_axis',(1.,4.50208699006865E-106,-6.49207580341658E-106));
#11311=DIRECTION('ref_axis',(6.9834324673133E-106,-0.887970041918544,0.459901298818757));
#11312=DIRECTION('',(0.,-0.459901298818727,-0.887970041918559));
#11313=DIRECTION('center_axis',(-1.,0.,0.));
#11314=DIRECTION('ref_axis',(0.,-1.,0.));
#11315=DIRECTION('',(0.,-0.320096303068732,0.947385009783103));
#11316=DIRECTION('center_axis',(1.,-1.22244373923329E-105,-1.57394454617822E-105));
#11317=DIRECTION('ref_axis',(1.84965929630359E-105,0.275294526634487,0.961359934470484));
#11318=DIRECTION('center_axis',(1.,1.40907233321718E-106,7.96471356887891E-106));
#11319=DIRECTION('ref_axis',(-8.08779255801287E-106,0.18622263288187,0.982507573000099));
#11320=DIRECTION('center_axis',(1.,2.2755774168063E-106,-7.565552387207E-106));
#11321=DIRECTION('ref_axis',(6.98343246731329E-106,-0.702392377571404,0.711789960542849));
#11322=DIRECTION('',(0.,-0.711789960542825,-0.702392377571428));
#11323=DIRECTION('center_axis',(-1.,0.,0.));
#11324=DIRECTION('ref_axis',(0.,-1.,0.));
#11325=DIRECTION('',(0.,-0.0116716066364507,0.9999318844794));
#11326=DIRECTION('center_axis',(1.,-1.64898869697488E-105,-1.11915432683968E-105));
#11327=DIRECTION('ref_axis',(1.8496592963036E-105,0.558897210918683,0.829236942994773));
#11328=DIRECTION('center_axis',(1.,3.80133927254974E-106,7.13946544283905E-106));
#11329=DIRECTION('ref_axis',(-8.08779255801288E-106,0.480719785643057,0.876874271313335));
#11330=DIRECTION('center_axis',(1.,-1.73681528893158E-107,-7.89845999103461E-106));
#11331=DIRECTION('ref_axis',(6.98343246731334E-106,-0.448059653452121,0.894003661596733));
#11332=DIRECTION('',(0.,-0.89400366159672,-0.448059653452147));
#11333=DIRECTION('center_axis',(-1.,0.,0.));
#11334=DIRECTION('ref_axis',(0.,-1.,0.));
#11335=DIRECTION('',(0.,0.297895587974271,0.954598459387749));
#11336=DIRECTION('center_axis',(1.,-1.91411915187673E-105,-5.54813484383359E-106));
#11337=DIRECTION('ref_axis',(1.84965929630361E-105,0.787791142132315,0.61594246190522));
#11338=DIRECTION('center_axis',(1.,5.82150463839703E-106,5.61535669567337E-106));
#11339=DIRECTION('ref_axis',(-8.08779255801288E-106,0.728160736413808,0.685406406408126));
#11340=DIRECTION('center_axis',(1.,-2.60593931643425E-106,-7.45821129913295E-106));
#11341=DIRECTION('ref_axis',(6.98343246731327E-106,-0.149867728637765,0.988706055363755));
#11342=DIRECTION('',(0.,-0.98870605536375,-0.149867728637798));
#11343=DIRECTION('center_axis',(-1.,0.,0.));
#11344=DIRECTION('ref_axis',(0.,-1.,0.));
#11345=DIRECTION('',(0.,0.578302686873464,0.815822286012666));
#11346=DIRECTION('center_axis',(1.,-1.99188228774057E-105,6.38363675372546E-107));
#11347=DIRECTION('ref_axis',(1.84965929630362E-105,0.939570587490395,0.342355241120906));
#11348=DIRECTION('center_axis',(1.,7.27182056943018E-106,3.54157771064451E-106));
#11349=DIRECTION('ref_axis',(-8.08779255801287E-106,0.904324240910203,0.426846186936449));
#11350=DIRECTION('center_axis',(1.,-4.78310960703587E-106,-6.28790092085856E-106));
#11351=DIRECTION('ref_axis',(6.9834324673133E-106,0.162994293645513,0.986627011711619));
#11352=DIRECTION('',(0.,-0.986627011711624,0.162994293645486));
#11353=DIRECTION('center_axis',(-1.,0.,0.));
#11354=DIRECTION('ref_axis',(0.,-1.,0.));
#11355=DIRECTION('',(0.,0.802101489509737,0.59718774311456));
#11356=DIRECTION('center_axis',(1.,-1.87466610702038E-105,6.76237471029204E-106));
#11357=DIRECTION('ref_axis',(1.84965929630361E-105,0.999378317371699,0.0352559040064465));
#11358=DIRECTION('center_axis',(1.,8.01032003737438E-106,1.1211244236749E-106));
#11359=DIRECTION('ref_axis',(-8.08779255801287E-106,0.991966187908825,0.126503288675172));
#11360=DIRECTION('center_axis',(1.,-6.49207580341658E-106,-4.50208699006865E-106));
#11361=DIRECTION('ref_axis',(6.98343246731331E-106,0.459901298818758,0.887970041918543));
#11362=DIRECTION('',(0.,-0.887970041918559,0.459901298818728));
#11363=DIRECTION('center_axis',(-1.,0.,0.));
#11364=DIRECTION('ref_axis',(0.,-1.,0.));
#11365=DIRECTION('',(0.,0.947385009783103,0.320096303068732));
#11366=DIRECTION('center_axis',(1.,-1.57394454617823E-105,1.2224437392333E-105));
#11367=DIRECTION('ref_axis',(1.84965929630361E-105,0.961359934470484,-0.275294526634488));
#11368=DIRECTION('center_axis',(1.,7.96471356887891E-106,-1.40907233321718E-106));
#11369=DIRECTION('ref_axis',(-8.08779255801287E-106,0.982507573000099,-0.18622263288187));
#11370=DIRECTION('center_axis',(1.,-7.56555238720699E-106,-2.2755774168063E-106));
#11371=DIRECTION('ref_axis',(6.98343246731329E-106,0.711789960542849,0.702392377571404));
#11372=DIRECTION('',(0.,-0.702392377571429,0.711789960542824));
#11373=DIRECTION('center_axis',(-1.,0.,0.));
#11374=DIRECTION('ref_axis',(0.,-1.,0.));
#11375=DIRECTION('',(0.,0.9999318844794,0.0116716066364507));
#11376=DIRECTION('center_axis',(1.,-1.11915432683968E-105,1.64898869697488E-105));
#11377=DIRECTION('ref_axis',(1.8496592963036E-105,0.829236942994775,-0.558897210918681));
#11378=DIRECTION('center_axis',(1.,7.13946544283905E-106,-3.80133927254974E-106));
#11379=DIRECTION('ref_axis',(-8.08779255801287E-106,0.876874271313335,-0.480719785643057));
#11380=DIRECTION('center_axis',(1.,-7.89845999103461E-106,1.73681528893158E-107));
#11381=DIRECTION('ref_axis',(6.98343246731335E-106,0.894003661596735,0.448059653452117));
#11382=DIRECTION('',(0.,-0.448059653452146,0.89400366159672));
#11383=DIRECTION('center_axis',(-1.,0.,0.));
#11384=DIRECTION('ref_axis',(0.,-1.,0.));
#11385=DIRECTION('',(0.,0.954598459387748,-0.297895587974272));
#11386=DIRECTION('center_axis',(1.,-5.54813484383365E-106,1.91411915187674E-105));
#11387=DIRECTION('ref_axis',(1.84965929630362E-105,0.615942461905222,-0.787791142132313));
#11388=DIRECTION('center_axis',(1.,5.61535669567337E-106,-5.82150463839703E-106));
#11389=DIRECTION('ref_axis',(-8.08779255801288E-106,0.685406406408126,-0.728160736413808));
#11390=DIRECTION('center_axis',(1.,-7.45821129913297E-106,2.60593931643424E-106));
#11391=DIRECTION('ref_axis',(6.98343246731332E-106,0.988706055363756,0.149867728637761));
#11392=DIRECTION('',(0.,-0.149867728637795,0.988706055363751));
#11393=DIRECTION('center_axis',(-1.,0.,0.));
#11394=DIRECTION('ref_axis',(0.,-1.,0.));
#11395=DIRECTION('',(0.,0.815822286012666,-0.578302686873464));
#11396=DIRECTION('center_axis',(1.,6.38363675372545E-107,1.99188228774057E-105));
#11397=DIRECTION('ref_axis',(1.84965929630362E-105,0.342355241120903,-0.939570587490396));
#11398=DIRECTION('center_axis',(1.,3.54157771064451E-106,-7.27182056943018E-106));
#11399=DIRECTION('ref_axis',(-8.08779255801287E-106,0.426846186936449,-0.904324240910203));
#11400=DIRECTION('center_axis',(1.,-6.28790092085857E-106,4.78310960703587E-106));
#11401=DIRECTION('ref_axis',(6.98343246731332E-106,0.986627011711619,-0.162994293645514));
#11402=DIRECTION('',(0.,0.162994293645486,0.986627011711624));
#11403=DIRECTION('center_axis',(-1.,0.,0.));
#11404=DIRECTION('ref_axis',(0.,-1.,0.));
#11405=DIRECTION('',(0.,0.59718774311456,-0.802101489509736));
#11406=DIRECTION('center_axis',(1.,6.76237471029203E-106,1.87466610702038E-105));
#11407=DIRECTION('ref_axis',(1.84965929630361E-105,0.0352559040064467,-0.999378317371699));
#11408=DIRECTION('center_axis',(1.,1.1211244236749E-106,-8.01032003737438E-106));
#11409=DIRECTION('ref_axis',(-8.08779255801287E-106,0.126503288675172,-0.991966187908825));
#11410=DIRECTION('center_axis',(1.,-4.50208699006865E-106,6.49207580341658E-106));
#11411=DIRECTION('ref_axis',(6.9834324673133E-106,0.887970041918544,-0.459901298818757));
#11412=DIRECTION('',(0.,0.459901298818727,0.887970041918559));
#11413=DIRECTION('center_axis',(-1.,0.,0.));
#11414=DIRECTION('ref_axis',(0.,-1.,0.));
#11415=DIRECTION('',(0.,0.320096303068731,-0.947385009783103));
#11416=DIRECTION('center_axis',(1.,1.2224437392333E-105,1.57394454617824E-105));
#11417=DIRECTION('ref_axis',(1.84965929630362E-105,-0.275294526634487,-0.961359934470484));
#11418=DIRECTION('center_axis',(1.,-1.40907233321718E-106,-7.96471356887891E-106));
#11419=DIRECTION('ref_axis',(-8.08779255801288E-106,-0.18622263288187,-0.982507573000099));
#11420=DIRECTION('center_axis',(1.,-2.2755774168063E-106,7.56555238720699E-106));
#11421=DIRECTION('ref_axis',(6.98343246731329E-106,0.702392377571404,-0.711789960542849));
#11422=DIRECTION('',(0.,0.711789960542824,0.702392377571429));
#11423=DIRECTION('center_axis',(-1.,0.,0.));
#11424=DIRECTION('ref_axis',(0.,-1.,0.));
#11425=DIRECTION('',(0.,0.0116716066364517,-0.9999318844794));
#11426=DIRECTION('center_axis',(1.,1.64898869697488E-105,1.11915432683968E-105));
#11427=DIRECTION('ref_axis',(1.8496592963036E-105,-0.558897210918683,-0.829236942994773));
#11428=DIRECTION('center_axis',(1.,-3.80133927254974E-106,-7.13946544283905E-106));
#11429=DIRECTION('ref_axis',(-8.08779255801287E-106,-0.480719785643057,
-0.876874271313336));
#11430=DIRECTION('center_axis',(1.,1.73681528893178E-107,7.89845999103457E-106));
#11431=DIRECTION('ref_axis',(6.9834324673133E-106,0.448059653452119,-0.894003661596734));
#11432=DIRECTION('',(0.,0.894003661596719,0.448059653452148));
#11433=DIRECTION('center_axis',(-1.,0.,0.));
#11434=DIRECTION('ref_axis',(0.,-1.,0.));
#11435=DIRECTION('',(0.,-0.297895587974272,-0.954598459387748));
#11436=DIRECTION('center_axis',(1.,1.91411915187674E-105,5.54813484383368E-106));
#11437=DIRECTION('ref_axis',(1.84965929630362E-105,-0.787791142132315,-0.615942461905219));
#11438=DIRECTION('center_axis',(1.,-5.82150463839703E-106,-5.61535669567337E-106));
#11439=DIRECTION('ref_axis',(-8.08779255801287E-106,-0.728160736413808,
-0.685406406408126));
#11440=DIRECTION('center_axis',(1.,2.60593931643424E-106,7.45821129913299E-106));
#11441=DIRECTION('ref_axis',(6.98343246731331E-106,0.149867728637766,-0.988706055363755));
#11442=DIRECTION('',(0.,0.98870605536375,0.149867728637797));
#11443=DIRECTION('center_axis',(-1.,0.,0.));
#11444=DIRECTION('ref_axis',(0.,-1.,0.));
#11445=DIRECTION('',(0.,-0.578302686873463,-0.815822286012667));
#11446=DIRECTION('center_axis',(1.,1.99188228774056E-105,-6.38363675372579E-107));
#11447=DIRECTION('ref_axis',(1.84965929630361E-105,-0.939570587490396,-0.342355241120904));
#11448=DIRECTION('center_axis',(1.,-7.27182056943018E-106,-3.54157771064452E-106));
#11449=DIRECTION('ref_axis',(-8.08779255801288E-106,-0.904324240910203,
-0.426846186936449));
#11450=DIRECTION('center_axis',(1.,4.78310960703587E-106,6.28790092085856E-106));
#11451=DIRECTION('ref_axis',(6.9834324673133E-106,-0.162994293645513,-0.986627011711619));
#11452=DIRECTION('',(0.,0.986627011711624,-0.162994293645485));
#11453=DIRECTION('center_axis',(1.,0.,0.));
#11454=DIRECTION('ref_axis',(0.,-0.126503288675172,0.991966187908825));
#11455=DIRECTION('center_axis',(-1.,1.1211244236749E-106,-8.01032003737438E-106));
#11456=DIRECTION('ref_axis',(-8.08779255801287E-106,-0.126503288675172,
0.991966187908825));
#11457=DIRECTION('',(1.,0.,0.));
#11458=DIRECTION('',(1.,0.,0.));
#11459=DIRECTION('center_axis',(1.,0.,0.));
#11460=DIRECTION('ref_axis',(0.,-0.0352559040064467,0.999378317371699));
#11461=DIRECTION('center_axis',(-1.,6.76237471029203E-106,1.87466610702038E-105));
#11462=DIRECTION('ref_axis',(1.84965929630361E-105,-0.0352559040064467,
0.999378317371699));
#11463=DIRECTION('',(1.,0.,0.));
#11464=DIRECTION('center_axis',(0.,0.802101489509737,0.59718774311456));
#11465=DIRECTION('ref_axis',(0.,-0.59718774311456,0.802101489509737));
#11466=DIRECTION('',(0.,-0.59718774311456,0.802101489509737));
#11467=DIRECTION('',(1.,0.,0.));
#11468=DIRECTION('center_axis',(1.,0.,0.));
#11469=DIRECTION('ref_axis',(0.,-0.0428309742851334,-0.999082332764315));
#11470=DIRECTION('center_axis',(-1.,4.57302426672091E-106,8.26024587693852E-106));
#11471=DIRECTION('ref_axis',(-8.44853280471177E-106,-0.0428309742851334,
-0.999082332764315));
#11472=DIRECTION('',(1.,0.,0.));
#11473=DIRECTION('center_axis',(1.,0.,0.));
#11474=DIRECTION('ref_axis',(0.,0.0428309742851194,0.999082332764316));
#11475=DIRECTION('center_axis',(-1.,7.12822725195778E-110,-8.69734901756387E-106));
#11476=DIRECTION('ref_axis',(-8.68933721444133E-106,0.0428309742851194,
0.999082332764316));
#11477=DIRECTION('',(1.,0.,0.));
#11478=DIRECTION('center_axis',(0.,-0.702392377571428,0.711789960542825));
#11479=DIRECTION('ref_axis',(0.,-0.711789960542825,-0.702392377571428));
#11480=DIRECTION('',(0.,-0.711789960542825,-0.702392377571428));
#11481=DIRECTION('',(1.,0.,0.));
#11482=DIRECTION('center_axis',(1.,0.,0.));
#11483=DIRECTION('ref_axis',(0.,-0.702392377571404,0.711789960542849));
#11484=DIRECTION('center_axis',(-1.,-2.2755774168063E-106,7.565552387207E-106));
#11485=DIRECTION('ref_axis',(6.98343246731329E-106,-0.702392377571404,0.711789960542849));
#11486=DIRECTION('',(1.,0.,0.));
#11487=DIRECTION('center_axis',(1.,0.,0.));
#11488=DIRECTION('ref_axis',(0.,0.18622263288187,0.982507573000099));
#11489=DIRECTION('center_axis',(-1.,-1.40907233321718E-106,-7.96471356887891E-106));
#11490=DIRECTION('ref_axis',(-8.08779255801287E-106,0.18622263288187,0.982507573000099));
#11491=DIRECTION('',(1.,0.,0.));
#11492=DIRECTION('center_axis',(1.,0.,0.));
#11493=DIRECTION('ref_axis',(0.,0.275294526634487,0.961359934470484));
#11494=DIRECTION('center_axis',(-1.,1.22244373923329E-105,1.57394454617822E-105));
#11495=DIRECTION('ref_axis',(1.84965929630359E-105,0.275294526634487,0.961359934470484));
#11496=DIRECTION('',(1.,0.,0.));
#11497=DIRECTION('center_axis',(0.,0.947385009783103,0.320096303068732));
#11498=DIRECTION('ref_axis',(0.,-0.320096303068732,0.947385009783103));
#11499=DIRECTION('',(0.,-0.320096303068732,0.947385009783103));
#11500=DIRECTION('',(1.,0.,0.));
#11501=DIRECTION('center_axis',(1.,0.,0.));
#11502=DIRECTION('ref_axis',(0.,-0.349468096797086,-0.936948263951123));
#11503=DIRECTION('center_axis',(-1.,6.90176088173037E-106,6.44281845335674E-106));
#11504=DIRECTION('ref_axis',(-8.44853280471175E-106,-0.349468096797086,
-0.936948263951123));
#11505=DIRECTION('',(1.,0.,0.));
#11506=DIRECTION('center_axis',(1.,0.,0.));
#11507=DIRECTION('ref_axis',(0.,0.0428309742851194,0.999082332764316));
#11508=DIRECTION('center_axis',(-1.,7.12822725195778E-110,-8.69734901756387E-106));
#11509=DIRECTION('ref_axis',(-8.68933721444133E-106,0.0428309742851194,
0.999082332764316));
#11510=DIRECTION('',(1.,0.,0.));
#11511=DIRECTION('center_axis',(0.,-0.448059653452147,0.89400366159672));
#11512=DIRECTION('ref_axis',(0.,-0.89400366159672,-0.448059653452147));
#11513=DIRECTION('',(0.,-0.89400366159672,-0.448059653452147));
#11514=DIRECTION('',(1.,0.,0.));
#11515=DIRECTION('center_axis',(1.,0.,0.));
#11516=DIRECTION('ref_axis',(0.,-0.448059653452121,0.894003661596733));
#11517=DIRECTION('center_axis',(-1.,1.73681528893158E-107,7.89845999103461E-106));
#11518=DIRECTION('ref_axis',(6.98343246731334E-106,-0.448059653452121,0.894003661596733));
#11519=DIRECTION('',(1.,0.,0.));
#11520=DIRECTION('center_axis',(1.,0.,0.));
#11521=DIRECTION('ref_axis',(0.,0.480719785643057,0.876874271313335));
#11522=DIRECTION('center_axis',(-1.,-3.80133927254974E-106,-7.13946544283905E-106));
#11523=DIRECTION('ref_axis',(-8.08779255801288E-106,0.480719785643057,0.876874271313335));
#11524=DIRECTION('',(1.,0.,0.));
#11525=DIRECTION('center_axis',(1.,0.,0.));
#11526=DIRECTION('ref_axis',(0.,0.558897210918683,0.829236942994773));
#11527=DIRECTION('center_axis',(-1.,1.64898869697488E-105,1.11915432683968E-105));
#11528=DIRECTION('ref_axis',(1.8496592963036E-105,0.558897210918683,0.829236942994773));
#11529=DIRECTION('',(1.,0.,0.));
#11530=DIRECTION('center_axis',(0.,0.9999318844794,0.0116716066364507));
#11531=DIRECTION('ref_axis',(0.,-0.0116716066364507,0.9999318844794));
#11532=DIRECTION('',(0.,-0.0116716066364507,0.9999318844794));
#11533=DIRECTION('',(1.,0.,0.));
#11534=DIRECTION('center_axis',(1.,0.,0.));
#11535=DIRECTION('ref_axis',(0.,-0.621896847107134,-0.783099170959979));
#11536=DIRECTION('center_axis',(-1.,8.55490505424041E-106,3.99472306980469E-106));
#11537=DIRECTION('ref_axis',(-8.44853280471175E-106,-0.621896847107134,
-0.783099170959979));
#11538=DIRECTION('',(1.,0.,0.));
#11539=DIRECTION('center_axis',(1.,0.,0.));
#11540=DIRECTION('ref_axis',(0.,0.0428309742851194,0.999082332764316));
#11541=DIRECTION('center_axis',(-1.,7.12822725195778E-110,-8.69734901756387E-106));
#11542=DIRECTION('ref_axis',(-8.68933721444133E-106,0.0428309742851194,
0.999082332764316));
#11543=DIRECTION('',(1.,0.,0.));
#11544=DIRECTION('center_axis',(0.,-0.149867728637798,0.98870605536375));
#11545=DIRECTION('ref_axis',(0.,-0.98870605536375,-0.149867728637798));
#11546=DIRECTION('',(0.,-0.98870605536375,-0.149867728637798));
#11547=DIRECTION('',(1.,0.,0.));
#11548=DIRECTION('center_axis',(1.,0.,0.));
#11549=DIRECTION('ref_axis',(0.,-0.149867728637765,0.988706055363755));
#11550=DIRECTION('center_axis',(-1.,2.60593931643425E-106,7.45821129913295E-106));
#11551=DIRECTION('ref_axis',(6.98343246731327E-106,-0.149867728637765,0.988706055363755));
#11552=DIRECTION('',(1.,0.,0.));
#11553=DIRECTION('center_axis',(1.,0.,0.));
#11554=DIRECTION('ref_axis',(0.,0.728160736413808,0.685406406408126));
#11555=DIRECTION('center_axis',(-1.,-5.82150463839703E-106,-5.61535669567337E-106));
#11556=DIRECTION('ref_axis',(-8.08779255801288E-106,0.728160736413808,0.685406406408126));
#11557=DIRECTION('',(1.,0.,0.));
#11558=DIRECTION('center_axis',(1.,0.,0.));
#11559=DIRECTION('ref_axis',(0.,0.787791142132315,0.61594246190522));
#11560=DIRECTION('center_axis',(-1.,1.91411915187673E-105,5.54813484383359E-106));
#11561=DIRECTION('ref_axis',(1.84965929630361E-105,0.787791142132315,0.61594246190522));
#11562=DIRECTION('',(1.,0.,0.));
#11563=DIRECTION('center_axis',(0.,0.954598459387749,-0.297895587974271));
#11564=DIRECTION('ref_axis',(0.,0.297895587974271,0.954598459387749));
#11565=DIRECTION('',(0.,0.297895587974271,0.954598459387749));
#11566=DIRECTION('',(1.,0.,0.));
#11567=DIRECTION('center_axis',(1.,0.,0.));
#11568=DIRECTION('ref_axis',(0.,-0.833450001012215,-0.552594874942519));
#11569=DIRECTION('center_axis',(-1.,9.37063551451305E-106,1.15559635930795E-106));
#11570=DIRECTION('ref_axis',(-8.44853280471181E-106,-0.833450001012215,
-0.552594874942519));
#11571=DIRECTION('',(1.,0.,0.));
#11572=DIRECTION('center_axis',(1.,0.,0.));
#11573=DIRECTION('ref_axis',(0.,0.0428309742851194,0.999082332764316));
#11574=DIRECTION('center_axis',(-1.,7.12822725195778E-110,-8.69734901756387E-106));
#11575=DIRECTION('ref_axis',(-8.68933721444133E-106,0.0428309742851194,
0.999082332764316));
#11576=DIRECTION('',(1.,0.,0.));
#11577=DIRECTION('center_axis',(0.,0.162994293645486,0.986627011711624));
#11578=DIRECTION('ref_axis',(0.,-0.986627011711624,0.162994293645486));
#11579=DIRECTION('',(0.,-0.986627011711624,0.162994293645486));
#11580=DIRECTION('',(1.,0.,0.));
#11581=DIRECTION('center_axis',(1.,0.,0.));
#11582=DIRECTION('ref_axis',(0.,0.162994293645513,0.986627011711619));
#11583=DIRECTION('center_axis',(-1.,4.78310960703587E-106,6.28790092085856E-106));
#11584=DIRECTION('ref_axis',(6.9834324673133E-106,0.162994293645513,0.986627011711619));
#11585=DIRECTION('',(1.,0.,0.));
#11586=DIRECTION('center_axis',(1.,0.,0.));
#11587=DIRECTION('ref_axis',(0.,0.904324240910203,0.426846186936449));
#11588=DIRECTION('center_axis',(-1.,-7.27182056943018E-106,-3.54157771064451E-106));
#11589=DIRECTION('ref_axis',(-8.08779255801287E-106,0.904324240910203,0.426846186936449));
#11590=DIRECTION('',(1.,0.,0.));
#11591=DIRECTION('center_axis',(1.,0.,0.));
#11592=DIRECTION('ref_axis',(0.,0.939570587490395,0.342355241120906));
#11593=DIRECTION('center_axis',(-1.,1.99188228774057E-105,-6.38363675372546E-107));
#11594=DIRECTION('ref_axis',(1.84965929630362E-105,0.939570587490395,0.342355241120906));
#11595=DIRECTION('',(1.,0.,0.));
#11596=DIRECTION('center_axis',(0.,0.815822286012666,-0.578302686873464));
#11597=DIRECTION('ref_axis',(0.,0.578302686873464,0.815822286012666));
#11598=DIRECTION('',(0.,0.578302686873464,0.815822286012666));
#11599=DIRECTION('',(1.,0.,0.));
#11600=DIRECTION('center_axis',(1.,0.,0.));
#11601=DIRECTION('ref_axis',(0.,-0.963419261830607,-0.267998742410795));
#11602=DIRECTION('center_axis',(-1.,9.26910288156838E-106,-1.79664817435118E-106));
#11603=DIRECTION('ref_axis',(-8.44853280471179E-106,-0.963419261830607,
-0.267998742410795));
#11604=DIRECTION('',(1.,0.,0.));
#11605=DIRECTION('center_axis',(1.,0.,0.));
#11606=DIRECTION('ref_axis',(0.,0.0428309742851194,0.999082332764316));
#11607=DIRECTION('center_axis',(-1.,7.12822725195778E-110,-8.69734901756387E-106));
#11608=DIRECTION('ref_axis',(-8.68933721444133E-106,0.0428309742851194,
0.999082332764316));
#11609=DIRECTION('',(1.,0.,0.));
#11610=DIRECTION('center_axis',(0.,0.459901298818728,0.887970041918559));
#11611=DIRECTION('ref_axis',(0.,-0.887970041918559,0.459901298818728));
#11612=DIRECTION('',(0.,-0.887970041918559,0.459901298818728));
#11613=DIRECTION('',(1.,0.,0.));
#11614=DIRECTION('center_axis',(1.,0.,0.));
#11615=DIRECTION('ref_axis',(0.,0.459901298818758,0.887970041918543));
#11616=DIRECTION('center_axis',(-1.,6.49207580341658E-106,4.50208699006865E-106));
#11617=DIRECTION('ref_axis',(6.98343246731331E-106,0.459901298818758,0.887970041918543));
#11618=DIRECTION('',(1.,0.,0.));
#11619=DIRECTION('center_axis',(1.,0.,0.));
#11620=DIRECTION('ref_axis',(0.,0.991966187908825,0.126503288675172));
#11621=DIRECTION('center_axis',(-1.,-8.01032003737438E-106,-1.1211244236749E-106));
#11622=DIRECTION('ref_axis',(-8.08779255801287E-106,0.991966187908825,0.126503288675172));
#11623=DIRECTION('',(1.,0.,0.));
#11624=DIRECTION('center_axis',(1.,0.,0.));
#11625=DIRECTION('ref_axis',(0.,0.999378317371699,0.0352559040064465));
#11626=DIRECTION('center_axis',(-1.,1.87466610702038E-105,-6.76237471029204E-106));
#11627=DIRECTION('ref_axis',(1.84965929630361E-105,0.999378317371699,0.0352559040064465));
#11628=DIRECTION('',(1.,0.,0.));
#11629=DIRECTION('center_axis',(0.,0.59718774311456,-0.802101489509737));
#11630=DIRECTION('ref_axis',(0.,0.802101489509737,0.59718774311456));
#11631=DIRECTION('',(0.,0.802101489509737,0.59718774311456));
#11632=DIRECTION('',(1.,0.,0.));
#11633=DIRECTION('center_axis',(1.,0.,0.));
#11634=DIRECTION('ref_axis',(0.,-0.999082332764315,0.0428309742851334));
#11635=DIRECTION('center_axis',(-1.,8.26024587693852E-106,-4.57302426672091E-106));
#11636=DIRECTION('ref_axis',(-8.44853280471177E-106,-0.999082332764315,
0.0428309742851334));
#11637=DIRECTION('',(1.,0.,0.));
#11638=DIRECTION('center_axis',(1.,0.,0.));
#11639=DIRECTION('ref_axis',(0.,0.0428309742851194,0.999082332764316));
#11640=DIRECTION('center_axis',(-1.,7.12822725195778E-110,-8.69734901756387E-106));
#11641=DIRECTION('ref_axis',(-8.68933721444133E-106,0.0428309742851194,
0.999082332764316));
#11642=DIRECTION('',(1.,0.,0.));
#11643=DIRECTION('center_axis',(0.,0.711789960542824,0.702392377571429));
#11644=DIRECTION('ref_axis',(0.,-0.702392377571429,0.711789960542824));
#11645=DIRECTION('',(0.,-0.702392377571429,0.711789960542824));
#11646=DIRECTION('',(1.,0.,0.));
#11647=DIRECTION('center_axis',(1.,0.,0.));
#11648=DIRECTION('ref_axis',(0.,0.711789960542849,0.702392377571404));
#11649=DIRECTION('center_axis',(-1.,7.56555238720699E-106,2.2755774168063E-106));
#11650=DIRECTION('ref_axis',(6.98343246731329E-106,0.711789960542849,0.702392377571404));
#11651=DIRECTION('',(1.,0.,0.));
#11652=DIRECTION('center_axis',(1.,0.,0.));
#11653=DIRECTION('ref_axis',(0.,0.982507573000099,-0.18622263288187));
#11654=DIRECTION('center_axis',(-1.,-7.96471356887891E-106,1.40907233321718E-106));
#11655=DIRECTION('ref_axis',(-8.08779255801287E-106,0.982507573000099,-0.18622263288187));
#11656=DIRECTION('',(1.,0.,0.));
#11657=DIRECTION('center_axis',(1.,0.,0.));
#11658=DIRECTION('ref_axis',(0.,0.961359934470484,-0.275294526634488));
#11659=DIRECTION('center_axis',(-1.,1.57394454617823E-105,-1.2224437392333E-105));
#11660=DIRECTION('ref_axis',(1.84965929630361E-105,0.961359934470484,-0.275294526634488));
#11661=DIRECTION('',(1.,0.,0.));
#11662=DIRECTION('center_axis',(0.,0.320096303068732,-0.947385009783103));
#11663=DIRECTION('ref_axis',(0.,0.947385009783103,0.320096303068732));
#11664=DIRECTION('',(0.,0.947385009783103,0.320096303068732));
#11665=DIRECTION('',(1.,0.,0.));
#11666=DIRECTION('center_axis',(1.,0.,0.));
#11667=DIRECTION('ref_axis',(0.,-0.936948263951123,0.349468096797086));
#11668=DIRECTION('center_axis',(-1.,6.44281845335674E-106,-6.90176088173037E-106));
#11669=DIRECTION('ref_axis',(-8.44853280471175E-106,-0.936948263951123,
0.349468096797086));
#11670=DIRECTION('',(1.,0.,0.));
#11671=DIRECTION('center_axis',(1.,0.,0.));
#11672=DIRECTION('ref_axis',(0.,0.0428309742851194,0.999082332764316));
#11673=DIRECTION('center_axis',(-1.,7.12822725195778E-110,-8.69734901756387E-106));
#11674=DIRECTION('ref_axis',(-8.68933721444133E-106,0.0428309742851194,
0.999082332764316));
#11675=DIRECTION('',(1.,0.,0.));
#11676=DIRECTION('center_axis',(0.,0.89400366159672,0.448059653452146));
#11677=DIRECTION('ref_axis',(0.,-0.448059653452146,0.89400366159672));
#11678=DIRECTION('',(0.,-0.448059653452146,0.89400366159672));
#11679=DIRECTION('',(1.,0.,0.));
#11680=DIRECTION('center_axis',(1.,0.,0.));
#11681=DIRECTION('ref_axis',(0.,0.894003661596735,0.448059653452117));
#11682=DIRECTION('center_axis',(-1.,7.89845999103461E-106,-1.73681528893158E-107));
#11683=DIRECTION('ref_axis',(6.98343246731335E-106,0.894003661596735,0.448059653452117));
#11684=DIRECTION('',(1.,0.,0.));
#11685=DIRECTION('center_axis',(1.,0.,0.));
#11686=DIRECTION('ref_axis',(0.,0.876874271313335,-0.480719785643057));
#11687=DIRECTION('center_axis',(-1.,-7.13946544283905E-106,3.80133927254974E-106));
#11688=DIRECTION('ref_axis',(-8.08779255801287E-106,0.876874271313335,-0.480719785643057));
#11689=DIRECTION('',(1.,0.,0.));
#11690=DIRECTION('center_axis',(1.,0.,0.));
#11691=DIRECTION('ref_axis',(0.,0.829236942994775,-0.558897210918681));
#11692=DIRECTION('center_axis',(-1.,1.11915432683968E-105,-1.64898869697488E-105));
#11693=DIRECTION('ref_axis',(1.8496592963036E-105,0.829236942994775,-0.558897210918681));
#11694=DIRECTION('',(1.,0.,0.));
#11695=DIRECTION('center_axis',(0.,0.0116716066364507,-0.9999318844794));
#11696=DIRECTION('ref_axis',(0.,0.9999318844794,0.0116716066364507));
#11697=DIRECTION('',(0.,0.9999318844794,0.0116716066364507));
#11698=DIRECTION('',(1.,0.,0.));
#11699=DIRECTION('center_axis',(1.,0.,0.));
#11700=DIRECTION('ref_axis',(0.,-0.78309917095998,0.621896847107132));
#11701=DIRECTION('center_axis',(-1.,3.99472306980471E-106,-8.55490505424042E-106));
#11702=DIRECTION('ref_axis',(-8.44853280471176E-106,-0.78309917095998,0.621896847107132));
#11703=DIRECTION('',(1.,0.,0.));
#11704=DIRECTION('center_axis',(1.,0.,0.));
#11705=DIRECTION('ref_axis',(0.,0.0428309742851194,0.999082332764316));
#11706=DIRECTION('center_axis',(-1.,7.12822725195778E-110,-8.69734901756387E-106));
#11707=DIRECTION('ref_axis',(-8.68933721444133E-106,0.0428309742851194,
0.999082332764316));
#11708=DIRECTION('',(1.,0.,0.));
#11709=DIRECTION('center_axis',(0.,0.988706055363751,0.149867728637796));
#11710=DIRECTION('ref_axis',(0.,-0.149867728637796,0.988706055363751));
#11711=DIRECTION('',(0.,-0.149867728637795,0.988706055363751));
#11712=DIRECTION('',(1.,0.,0.));
#11713=DIRECTION('center_axis',(1.,0.,0.));
#11714=DIRECTION('ref_axis',(0.,0.988706055363756,0.149867728637761));
#11715=DIRECTION('center_axis',(-1.,7.45821129913297E-106,-2.60593931643424E-106));
#11716=DIRECTION('ref_axis',(6.98343246731332E-106,0.988706055363756,0.149867728637761));
#11717=DIRECTION('',(1.,0.,0.));
#11718=DIRECTION('center_axis',(1.,0.,0.));
#11719=DIRECTION('ref_axis',(0.,0.685406406408126,-0.728160736413808));
#11720=DIRECTION('center_axis',(-1.,-5.61535669567337E-106,5.82150463839703E-106));
#11721=DIRECTION('ref_axis',(-8.08779255801288E-106,0.685406406408126,-0.728160736413808));
#11722=DIRECTION('',(1.,0.,0.));
#11723=DIRECTION('center_axis',(1.,0.,0.));
#11724=DIRECTION('ref_axis',(0.,0.615942461905222,-0.787791142132313));
#11725=DIRECTION('center_axis',(-1.,5.54813484383365E-106,-1.91411915187674E-105));
#11726=DIRECTION('ref_axis',(1.84965929630362E-105,0.615942461905222,-0.787791142132313));
#11727=DIRECTION('',(1.,0.,0.));
#11728=DIRECTION('center_axis',(0.,-0.297895587974273,-0.954598459387748));
#11729=DIRECTION('ref_axis',(0.,0.954598459387748,-0.297895587974273));
#11730=DIRECTION('',(0.,0.954598459387748,-0.297895587974272));
#11731=DIRECTION('',(1.,0.,0.));
#11732=DIRECTION('center_axis',(1.,0.,0.));
#11733=DIRECTION('ref_axis',(0.,-0.552594874942519,0.833450001012215));
#11734=DIRECTION('center_axis',(-1.,1.15559635930796E-106,-9.37063551451305E-106));
#11735=DIRECTION('ref_axis',(-8.44853280471181E-106,-0.552594874942519,
0.833450001012215));
#11736=DIRECTION('',(1.,0.,0.));
#11737=DIRECTION('center_axis',(1.,0.,0.));
#11738=DIRECTION('ref_axis',(0.,0.0428309742851194,0.999082332764316));
#11739=DIRECTION('center_axis',(-1.,7.12822725195778E-110,-8.69734901756387E-106));
#11740=DIRECTION('ref_axis',(-8.68933721444133E-106,0.0428309742851194,
0.999082332764316));
#11741=DIRECTION('',(1.,0.,0.));
#11742=DIRECTION('center_axis',(0.,0.986627011711624,-0.162994293645486));
#11743=DIRECTION('ref_axis',(0.,0.162994293645486,0.986627011711624));
#11744=DIRECTION('',(0.,0.162994293645486,0.986627011711624));
#11745=DIRECTION('',(1.,0.,0.));
#11746=DIRECTION('center_axis',(1.,0.,0.));
#11747=DIRECTION('ref_axis',(0.,0.986627011711619,-0.162994293645514));
#11748=DIRECTION('center_axis',(-1.,6.28790092085857E-106,-4.78310960703587E-106));
#11749=DIRECTION('ref_axis',(6.98343246731332E-106,0.986627011711619,-0.162994293645514));
#11750=DIRECTION('',(1.,0.,0.));
#11751=DIRECTION('center_axis',(1.,0.,0.));
#11752=DIRECTION('ref_axis',(0.,0.426846186936449,-0.904324240910203));
#11753=DIRECTION('center_axis',(-1.,-3.54157771064451E-106,7.27182056943018E-106));
#11754=DIRECTION('ref_axis',(-8.08779255801287E-106,0.426846186936449,-0.904324240910203));
#11755=DIRECTION('',(1.,0.,0.));
#11756=DIRECTION('center_axis',(1.,0.,0.));
#11757=DIRECTION('ref_axis',(0.,0.342355241120903,-0.939570587490396));
#11758=DIRECTION('center_axis',(-1.,-6.38363675372545E-107,-1.99188228774057E-105));
#11759=DIRECTION('ref_axis',(1.84965929630362E-105,0.342355241120903,-0.939570587490396));
#11760=DIRECTION('',(1.,0.,0.));
#11761=DIRECTION('center_axis',(0.,-0.578302686873464,-0.815822286012666));
#11762=DIRECTION('ref_axis',(0.,0.815822286012666,-0.578302686873464));
#11763=DIRECTION('',(0.,0.815822286012666,-0.578302686873464));
#11764=DIRECTION('',(1.,0.,0.));
#11765=DIRECTION('center_axis',(1.,0.,0.));
#11766=DIRECTION('ref_axis',(0.,-0.267998742410795,0.963419261830607));
#11767=DIRECTION('center_axis',(-1.,-1.7966481743512E-106,-9.26910288156833E-106));
#11768=DIRECTION('ref_axis',(-8.44853280471175E-106,-0.267998742410795,
0.963419261830607));
#11769=DIRECTION('',(1.,0.,0.));
#11770=DIRECTION('center_axis',(1.,0.,0.));
#11771=DIRECTION('ref_axis',(0.,0.0428309742851194,0.999082332764316));
#11772=DIRECTION('center_axis',(-1.,7.12822725195778E-110,-8.69734901756387E-106));
#11773=DIRECTION('ref_axis',(-8.68933721444133E-106,0.0428309742851194,
0.999082332764316));
#11774=DIRECTION('',(1.,0.,0.));
#11775=DIRECTION('center_axis',(0.,0.887970041918559,-0.459901298818727));
#11776=DIRECTION('ref_axis',(0.,0.459901298818727,0.887970041918559));
#11777=DIRECTION('',(0.,0.459901298818727,0.887970041918559));
#11778=DIRECTION('',(1.,0.,0.));
#11779=DIRECTION('center_axis',(1.,0.,0.));
#11780=DIRECTION('ref_axis',(0.,0.887970041918544,-0.459901298818757));
#11781=DIRECTION('center_axis',(-1.,4.50208699006865E-106,-6.49207580341658E-106));
#11782=DIRECTION('ref_axis',(6.9834324673133E-106,0.887970041918544,-0.459901298818757));
#11783=DIRECTION('',(1.,0.,0.));
#11784=DIRECTION('center_axis',(1.,0.,0.));
#11785=DIRECTION('ref_axis',(0.,0.126503288675172,-0.991966187908825));
#11786=DIRECTION('center_axis',(-1.,-1.1211244236749E-106,8.01032003737438E-106));
#11787=DIRECTION('ref_axis',(-8.08779255801287E-106,0.126503288675172,-0.991966187908825));
#11788=DIRECTION('',(1.,0.,0.));
#11789=DIRECTION('center_axis',(1.,0.,0.));
#11790=DIRECTION('ref_axis',(0.,0.0352559040064467,-0.999378317371699));
#11791=DIRECTION('center_axis',(-1.,-6.76237471029203E-106,-1.87466610702038E-105));
#11792=DIRECTION('ref_axis',(1.84965929630361E-105,0.0352559040064467,-0.999378317371699));
#11793=DIRECTION('',(1.,0.,0.));
#11794=DIRECTION('center_axis',(0.,-0.802101489509737,-0.59718774311456));
#11795=DIRECTION('ref_axis',(0.,0.59718774311456,-0.802101489509736));
#11796=DIRECTION('',(0.,0.59718774311456,-0.802101489509736));
#11797=DIRECTION('',(1.,0.,0.));
#11798=DIRECTION('center_axis',(1.,0.,0.));
#11799=DIRECTION('ref_axis',(0.,0.0428309742851331,0.999082332764315));
#11800=DIRECTION('center_axis',(-1.,-4.57302426672091E-106,-8.26024587693853E-106));
#11801=DIRECTION('ref_axis',(-8.44853280471177E-106,0.0428309742851331,
0.999082332764315));
#11802=DIRECTION('',(1.,0.,0.));
#11803=DIRECTION('center_axis',(1.,0.,0.));
#11804=DIRECTION('ref_axis',(0.,0.0428309742851194,0.999082332764316));
#11805=DIRECTION('center_axis',(-1.,7.12822725195778E-110,-8.69734901756387E-106));
#11806=DIRECTION('ref_axis',(-8.68933721444133E-106,0.0428309742851194,
0.999082332764316));
#11807=DIRECTION('',(1.,0.,0.));
#11808=DIRECTION('center_axis',(0.,0.702392377571429,-0.711789960542824));
#11809=DIRECTION('ref_axis',(0.,0.711789960542824,0.702392377571429));
#11810=DIRECTION('',(0.,0.711789960542824,0.702392377571429));
#11811=DIRECTION('',(1.,0.,0.));
#11812=DIRECTION('center_axis',(1.,0.,0.));
#11813=DIRECTION('ref_axis',(0.,0.702392377571404,-0.711789960542849));
#11814=DIRECTION('center_axis',(-1.,2.2755774168063E-106,-7.56555238720699E-106));
#11815=DIRECTION('ref_axis',(6.98343246731329E-106,0.702392377571404,-0.711789960542849));
#11816=DIRECTION('',(1.,0.,0.));
#11817=DIRECTION('center_axis',(1.,0.,0.));
#11818=DIRECTION('ref_axis',(0.,-0.18622263288187,-0.982507573000099));
#11819=DIRECTION('center_axis',(-1.,1.40907233321718E-106,7.96471356887891E-106));
#11820=DIRECTION('ref_axis',(-8.08779255801288E-106,-0.18622263288187,-0.982507573000099));
#11821=DIRECTION('',(1.,0.,0.));
#11822=DIRECTION('center_axis',(1.,0.,0.));
#11823=DIRECTION('ref_axis',(0.,-0.275294526634487,-0.961359934470484));
#11824=DIRECTION('center_axis',(-1.,-1.2224437392333E-105,-1.57394454617824E-105));
#11825=DIRECTION('ref_axis',(1.84965929630362E-105,-0.275294526634487,-0.961359934470484));
#11826=DIRECTION('',(1.,0.,0.));
#11827=DIRECTION('center_axis',(0.,-0.947385009783103,-0.320096303068731));
#11828=DIRECTION('ref_axis',(0.,0.320096303068731,-0.947385009783103));
#11829=DIRECTION('',(0.,0.320096303068731,-0.947385009783103));
#11830=DIRECTION('',(1.,0.,0.));
#11831=DIRECTION('center_axis',(1.,0.,0.));
#11832=DIRECTION('ref_axis',(0.,0.349468096797086,0.936948263951123));
#11833=DIRECTION('center_axis',(-1.,-6.90176088173037E-106,-6.44281845335674E-106));
#11834=DIRECTION('ref_axis',(-8.44853280471175E-106,0.349468096797086,0.936948263951123));
#11835=DIRECTION('',(1.,0.,0.));
#11836=DIRECTION('center_axis',(1.,0.,0.));
#11837=DIRECTION('ref_axis',(0.,0.0428309742851194,0.999082332764316));
#11838=DIRECTION('center_axis',(-1.,7.12822725195778E-110,-8.69734901756387E-106));
#11839=DIRECTION('ref_axis',(-8.68933721444133E-106,0.0428309742851194,
0.999082332764316));
#11840=DIRECTION('',(1.,0.,0.));
#11841=DIRECTION('center_axis',(0.,0.448059653452148,-0.894003661596719));
#11842=DIRECTION('ref_axis',(0.,0.894003661596719,0.448059653452148));
#11843=DIRECTION('',(0.,0.894003661596719,0.448059653452148));
#11844=DIRECTION('',(1.,0.,0.));
#11845=DIRECTION('center_axis',(1.,0.,0.));
#11846=DIRECTION('ref_axis',(0.,0.448059653452119,-0.894003661596734));
#11847=DIRECTION('center_axis',(-1.,-1.73681528893178E-107,-7.89845999103457E-106));
#11848=DIRECTION('ref_axis',(6.9834324673133E-106,0.448059653452119,-0.894003661596734));
#11849=DIRECTION('',(1.,0.,0.));
#11850=DIRECTION('center_axis',(1.,0.,0.));
#11851=DIRECTION('ref_axis',(0.,-0.480719785643057,-0.876874271313336));
#11852=DIRECTION('center_axis',(-1.,3.80133927254974E-106,7.13946544283905E-106));
#11853=DIRECTION('ref_axis',(-8.08779255801287E-106,-0.480719785643057,
-0.876874271313336));
#11854=DIRECTION('',(1.,0.,0.));
#11855=DIRECTION('center_axis',(1.,0.,0.));
#11856=DIRECTION('ref_axis',(0.,-0.558897210918683,-0.829236942994773));
#11857=DIRECTION('center_axis',(-1.,-1.64898869697488E-105,-1.11915432683968E-105));
#11858=DIRECTION('ref_axis',(1.8496592963036E-105,-0.558897210918683,-0.829236942994773));
#11859=DIRECTION('',(1.,0.,0.));
#11860=DIRECTION('center_axis',(0.,-0.9999318844794,-0.0116716066364517));
#11861=DIRECTION('ref_axis',(0.,0.0116716066364517,-0.9999318844794));
#11862=DIRECTION('',(0.,0.0116716066364517,-0.9999318844794));
#11863=DIRECTION('',(1.,0.,0.));
#11864=DIRECTION('center_axis',(1.,0.,0.));
#11865=DIRECTION('ref_axis',(0.,0.621896847107134,0.783099170959979));
#11866=DIRECTION('center_axis',(-1.,-8.55490505424041E-106,-3.99472306980469E-106));
#11867=DIRECTION('ref_axis',(-8.44853280471175E-106,0.621896847107134,0.783099170959979));
#11868=DIRECTION('',(1.,0.,0.));
#11869=DIRECTION('center_axis',(1.,0.,0.));
#11870=DIRECTION('ref_axis',(0.,0.0428309742851194,0.999082332764316));
#11871=DIRECTION('center_axis',(-1.,7.12822725195778E-110,-8.69734901756387E-106));
#11872=DIRECTION('ref_axis',(-8.68933721444133E-106,0.0428309742851194,
0.999082332764316));
#11873=DIRECTION('',(1.,0.,0.));
#11874=DIRECTION('center_axis',(0.,0.149867728637797,-0.98870605536375));
#11875=DIRECTION('ref_axis',(0.,0.98870605536375,0.149867728637797));
#11876=DIRECTION('',(0.,0.98870605536375,0.149867728637797));
#11877=DIRECTION('',(1.,0.,0.));
#11878=DIRECTION('center_axis',(1.,0.,0.));
#11879=DIRECTION('ref_axis',(0.,0.149867728637766,-0.988706055363755));
#11880=DIRECTION('center_axis',(-1.,-2.60593931643424E-106,-7.45821129913299E-106));
#11881=DIRECTION('ref_axis',(6.98343246731331E-106,0.149867728637766,-0.988706055363755));
#11882=DIRECTION('',(1.,0.,0.));
#11883=DIRECTION('center_axis',(1.,0.,0.));
#11884=DIRECTION('ref_axis',(0.,-0.728160736413808,-0.685406406408126));
#11885=DIRECTION('center_axis',(-1.,5.82150463839703E-106,5.61535669567337E-106));
#11886=DIRECTION('ref_axis',(-8.08779255801287E-106,-0.728160736413808,
-0.685406406408126));
#11887=DIRECTION('',(1.,0.,0.));
#11888=DIRECTION('center_axis',(1.,0.,0.));
#11889=DIRECTION('ref_axis',(0.,-0.787791142132315,-0.615942461905219));
#11890=DIRECTION('center_axis',(-1.,-1.91411915187674E-105,-5.54813484383368E-106));
#11891=DIRECTION('ref_axis',(1.84965929630362E-105,-0.787791142132315,-0.615942461905219));
#11892=DIRECTION('',(1.,0.,0.));
#11893=DIRECTION('center_axis',(0.,-0.954598459387748,0.297895587974272));
#11894=DIRECTION('ref_axis',(0.,-0.297895587974272,-0.954598459387748));
#11895=DIRECTION('',(0.,-0.297895587974272,-0.954598459387748));
#11896=DIRECTION('',(1.,0.,0.));
#11897=DIRECTION('center_axis',(1.,0.,0.));
#11898=DIRECTION('ref_axis',(0.,0.833450001012215,0.552594874942519));
#11899=DIRECTION('center_axis',(-1.,-9.37063551451305E-106,-1.15559635930796E-106));
#11900=DIRECTION('ref_axis',(-8.44853280471181E-106,0.833450001012215,0.552594874942519));
#11901=DIRECTION('',(1.,0.,0.));
#11902=DIRECTION('center_axis',(1.,0.,0.));
#11903=DIRECTION('ref_axis',(0.,0.0428309742851194,0.999082332764316));
#11904=DIRECTION('center_axis',(-1.,7.12822725195778E-110,-8.69734901756387E-106));
#11905=DIRECTION('ref_axis',(-8.68933721444133E-106,0.0428309742851194,
0.999082332764316));
#11906=DIRECTION('',(1.,0.,0.));
#11907=DIRECTION('center_axis',(0.,-0.162994293645485,-0.986627011711624));
#11908=DIRECTION('ref_axis',(0.,0.986627011711624,-0.162994293645485));
#11909=DIRECTION('',(0.,0.986627011711624,-0.162994293645485));
#11910=DIRECTION('',(1.,0.,0.));
#11911=DIRECTION('center_axis',(1.,0.,0.));
#11912=DIRECTION('ref_axis',(0.,-0.162994293645513,-0.986627011711619));
#11913=DIRECTION('center_axis',(-1.,-4.78310960703587E-106,-6.28790092085856E-106));
#11914=DIRECTION('ref_axis',(6.9834324673133E-106,-0.162994293645513,-0.986627011711619));
#11915=DIRECTION('',(1.,0.,0.));
#11916=DIRECTION('center_axis',(1.,0.,0.));
#11917=DIRECTION('ref_axis',(0.,-0.904324240910203,-0.426846186936449));
#11918=DIRECTION('center_axis',(-1.,7.27182056943018E-106,3.54157771064452E-106));
#11919=DIRECTION('ref_axis',(-8.08779255801288E-106,-0.904324240910203,
-0.426846186936449));
#11920=DIRECTION('',(1.,0.,0.));
#11921=DIRECTION('center_axis',(1.,0.,0.));
#11922=DIRECTION('ref_axis',(0.,-0.939570587490396,-0.342355241120904));
#11923=DIRECTION('center_axis',(-1.,-1.99188228774056E-105,6.38363675372579E-107));
#11924=DIRECTION('ref_axis',(1.84965929630361E-105,-0.939570587490396,-0.342355241120904));
#11925=DIRECTION('',(1.,0.,0.));
#11926=DIRECTION('center_axis',(0.,-0.815822286012667,0.578302686873463));
#11927=DIRECTION('ref_axis',(0.,-0.578302686873463,-0.815822286012667));
#11928=DIRECTION('',(0.,-0.578302686873463,-0.815822286012667));
#11929=DIRECTION('',(1.,0.,0.));
#11930=DIRECTION('center_axis',(1.,0.,0.));
#11931=DIRECTION('ref_axis',(0.,0.963419261830607,0.267998742410795));
#11932=DIRECTION('center_axis',(-1.,-9.26910288156838E-106,1.79664817435118E-106));
#11933=DIRECTION('ref_axis',(-8.44853280471179E-106,0.963419261830607,0.267998742410795));
#11934=DIRECTION('',(1.,0.,0.));
#11935=DIRECTION('center_axis',(1.,0.,0.));
#11936=DIRECTION('ref_axis',(0.,0.0428309742851194,0.999082332764316));
#11937=DIRECTION('center_axis',(-1.,7.12822725195778E-110,-8.69734901756387E-106));
#11938=DIRECTION('ref_axis',(-8.68933721444133E-106,0.0428309742851194,
0.999082332764316));
#11939=DIRECTION('',(1.,0.,0.));
#11940=DIRECTION('center_axis',(0.,-0.459901298818727,-0.887970041918559));
#11941=DIRECTION('ref_axis',(0.,0.887970041918559,-0.459901298818727));
#11942=DIRECTION('',(0.,0.887970041918559,-0.459901298818727));
#11943=DIRECTION('',(1.,0.,0.));
#11944=DIRECTION('center_axis',(1.,0.,0.));
#11945=DIRECTION('ref_axis',(0.,-0.459901298818757,-0.887970041918544));
#11946=DIRECTION('center_axis',(-1.,-6.49207580341658E-106,-4.50208699006865E-106));
#11947=DIRECTION('ref_axis',(6.9834324673133E-106,-0.459901298818757,-0.887970041918544));
#11948=DIRECTION('',(1.,0.,0.));
#11949=DIRECTION('center_axis',(1.,0.,0.));
#11950=DIRECTION('ref_axis',(0.,-0.991966187908825,-0.126503288675172));
#11951=DIRECTION('center_axis',(-1.,8.01032003737438E-106,1.12112442367491E-106));
#11952=DIRECTION('ref_axis',(-8.08779255801287E-106,-0.991966187908825,
-0.126503288675172));
#11953=DIRECTION('',(1.,0.,0.));
#11954=DIRECTION('center_axis',(1.,0.,0.));
#11955=DIRECTION('ref_axis',(0.,-0.999378317371699,-0.0352559040064469));
#11956=DIRECTION('center_axis',(-1.,-1.87466610702038E-105,6.76237471029203E-106));
#11957=DIRECTION('ref_axis',(1.84965929630361E-105,-0.999378317371699,-0.0352559040064469));
#11958=DIRECTION('',(1.,0.,0.));
#11959=DIRECTION('center_axis',(0.,-0.59718774311456,0.802101489509737));
#11960=DIRECTION('ref_axis',(0.,-0.802101489509736,-0.59718774311456));
#11961=DIRECTION('',(0.,-0.802101489509736,-0.59718774311456));
#11962=DIRECTION('',(1.,0.,0.));
#11963=DIRECTION('center_axis',(1.,0.,0.));
#11964=DIRECTION('ref_axis',(0.,0.999082332764315,-0.0428309742851334));
#11965=DIRECTION('center_axis',(-1.,-8.26024587693852E-106,4.57302426672091E-106));
#11966=DIRECTION('ref_axis',(-8.44853280471177E-106,0.999082332764315,-0.0428309742851334));
#11967=DIRECTION('',(1.,0.,0.));
#11968=DIRECTION('center_axis',(1.,0.,0.));
#11969=DIRECTION('ref_axis',(0.,0.0428309742851194,0.999082332764316));
#11970=DIRECTION('center_axis',(-1.,7.12822725195778E-110,-8.69734901756387E-106));
#11971=DIRECTION('ref_axis',(-8.68933721444133E-106,0.0428309742851194,
0.999082332764316));
#11972=DIRECTION('',(1.,0.,0.));
#11973=DIRECTION('center_axis',(0.,-0.711789960542824,-0.702392377571429));
#11974=DIRECTION('ref_axis',(0.,0.702392377571429,-0.711789960542824));
#11975=DIRECTION('',(0.,0.702392377571429,-0.711789960542824));
#11976=DIRECTION('',(1.,0.,0.));
#11977=DIRECTION('center_axis',(1.,0.,0.));
#11978=DIRECTION('ref_axis',(0.,-0.711789960542846,-0.702392377571406));
#11979=DIRECTION('center_axis',(-1.,-7.56555238720702E-106,-2.27557741680633E-106));
#11980=DIRECTION('ref_axis',(6.98343246731332E-106,-0.711789960542846,-0.702392377571406));
#11981=DIRECTION('',(1.,0.,0.));
#11982=DIRECTION('center_axis',(1.,0.,0.));
#11983=DIRECTION('ref_axis',(0.,-0.982507573000099,0.18622263288187));
#11984=DIRECTION('center_axis',(-1.,7.96471356887891E-106,-1.40907233321718E-106));
#11985=DIRECTION('ref_axis',(-8.08779255801287E-106,-0.982507573000099,
0.18622263288187));
#11986=DIRECTION('',(1.,0.,0.));
#11987=DIRECTION('center_axis',(1.,0.,0.));
#11988=DIRECTION('ref_axis',(0.,-0.961359934470484,0.27529452663449));
#11989=DIRECTION('center_axis',(-1.,-1.57394454617824E-105,1.2224437392333E-105));
#11990=DIRECTION('ref_axis',(1.84965929630362E-105,-0.961359934470484,0.27529452663449));
#11991=DIRECTION('',(1.,0.,0.));
#11992=DIRECTION('center_axis',(0.,-0.320096303068732,0.947385009783103));
#11993=DIRECTION('ref_axis',(0.,-0.947385009783103,-0.320096303068732));
#11994=DIRECTION('',(0.,-0.947385009783103,-0.320096303068732));
#11995=DIRECTION('',(1.,0.,0.));
#11996=DIRECTION('center_axis',(1.,0.,0.));
#11997=DIRECTION('ref_axis',(0.,0.936948263951123,-0.349468096797086));
#11998=DIRECTION('center_axis',(-1.,-6.44281845335674E-106,6.90176088173037E-106));
#11999=DIRECTION('ref_axis',(-8.44853280471175E-106,0.936948263951123,-0.349468096797086));
#12000=DIRECTION('',(1.,0.,0.));
#12001=DIRECTION('center_axis',(1.,0.,0.));
#12002=DIRECTION('ref_axis',(0.,0.0428309742851194,0.999082332764316));
#12003=DIRECTION('center_axis',(-1.,7.12822725195778E-110,-8.69734901756387E-106));
#12004=DIRECTION('ref_axis',(-8.68933721444133E-106,0.0428309742851194,
0.999082332764316));
#12005=DIRECTION('',(1.,0.,0.));
#12006=DIRECTION('center_axis',(0.,-0.89400366159672,-0.448059653452147));
#12007=DIRECTION('ref_axis',(0.,0.448059653452147,-0.89400366159672));
#12008=DIRECTION('',(0.,0.448059653452147,-0.89400366159672));
#12009=DIRECTION('',(1.,0.,0.));
#12010=DIRECTION('center_axis',(1.,0.,0.));
#12011=DIRECTION('ref_axis',(0.,-0.894003661596733,-0.448059653452121));
#12012=DIRECTION('center_axis',(-1.,-7.89845999103461E-106,1.73681528893158E-107));
#12013=DIRECTION('ref_axis',(6.98343246731334E-106,-0.894003661596733,-0.448059653452121));
#12014=DIRECTION('',(1.,0.,0.));
#12015=DIRECTION('center_axis',(1.,0.,0.));
#12016=DIRECTION('ref_axis',(0.,-0.876874271313335,0.480719785643057));
#12017=DIRECTION('center_axis',(-1.,7.13946544283905E-106,-3.80133927254974E-106));
#12018=DIRECTION('ref_axis',(-8.08779255801288E-106,-0.876874271313335,
0.480719785643057));
#12019=DIRECTION('',(1.,0.,0.));
#12020=DIRECTION('center_axis',(1.,0.,0.));
#12021=DIRECTION('ref_axis',(0.,-0.829236942994773,0.558897210918683));
#12022=DIRECTION('center_axis',(-1.,-1.11915432683968E-105,1.64898869697488E-105));
#12023=DIRECTION('ref_axis',(1.8496592963036E-105,-0.829236942994773,0.558897210918683));
#12024=DIRECTION('',(1.,0.,0.));
#12025=DIRECTION('center_axis',(0.,-0.0116716066364507,0.9999318844794));
#12026=DIRECTION('ref_axis',(0.,-0.9999318844794,-0.0116716066364507));
#12027=DIRECTION('',(0.,-0.9999318844794,-0.0116716066364507));
#12028=DIRECTION('',(1.,0.,0.));
#12029=DIRECTION('center_axis',(1.,0.,0.));
#12030=DIRECTION('ref_axis',(0.,0.783099170959979,-0.621896847107134));
#12031=DIRECTION('center_axis',(-1.,-3.99472306980469E-106,8.55490505424041E-106));
#12032=DIRECTION('ref_axis',(-8.44853280471175E-106,0.783099170959979,-0.621896847107134));
#12033=DIRECTION('',(1.,0.,0.));
#12034=DIRECTION('center_axis',(1.,0.,0.));
#12035=DIRECTION('ref_axis',(0.,0.0428309742851194,0.999082332764316));
#12036=DIRECTION('center_axis',(-1.,7.12822725195778E-110,-8.69734901756387E-106));
#12037=DIRECTION('ref_axis',(-8.68933721444133E-106,0.0428309742851194,
0.999082332764316));
#12038=DIRECTION('',(1.,0.,0.));
#12039=DIRECTION('center_axis',(0.,-0.98870605536375,-0.149867728637797));
#12040=DIRECTION('ref_axis',(0.,0.149867728637797,-0.98870605536375));
#12041=DIRECTION('',(0.,0.149867728637797,-0.98870605536375));
#12042=DIRECTION('',(1.,0.,0.));
#12043=DIRECTION('center_axis',(1.,0.,0.));
#12044=DIRECTION('ref_axis',(0.,-0.988706055363755,-0.149867728637765));
#12045=DIRECTION('center_axis',(-1.,-7.45821129913295E-106,2.60593931643425E-106));
#12046=DIRECTION('ref_axis',(6.98343246731327E-106,-0.988706055363755,-0.149867728637765));
#12047=DIRECTION('',(1.,0.,0.));
#12048=DIRECTION('center_axis',(1.,0.,0.));
#12049=DIRECTION('ref_axis',(0.,-0.685406406408126,0.728160736413808));
#12050=DIRECTION('center_axis',(-1.,5.61535669567337E-106,-5.82150463839703E-106));
#12051=DIRECTION('ref_axis',(-8.08779255801287E-106,-0.685406406408126,
0.728160736413808));
#12052=DIRECTION('',(1.,0.,0.));
#12053=DIRECTION('center_axis',(1.,0.,0.));
#12054=DIRECTION('ref_axis',(0.,-0.61594246190522,0.787791142132315));
#12055=DIRECTION('center_axis',(-1.,-5.54813484383359E-106,1.91411915187673E-105));
#12056=DIRECTION('ref_axis',(1.84965929630361E-105,-0.61594246190522,0.787791142132315));
#12057=DIRECTION('',(1.,0.,0.));
#12058=DIRECTION('center_axis',(0.,0.29789558797427,0.954598459387749));
#12059=DIRECTION('ref_axis',(0.,-0.954598459387749,0.29789558797427));
#12060=DIRECTION('',(0.,-0.954598459387749,0.29789558797427));
#12061=DIRECTION('',(1.,0.,0.));
#12062=DIRECTION('center_axis',(1.,0.,0.));
#12063=DIRECTION('ref_axis',(0.,0.552594874942519,-0.833450001012215));
#12064=DIRECTION('center_axis',(-1.,-1.15559635930796E-106,9.37063551451305E-106));
#12065=DIRECTION('ref_axis',(-8.44853280471181E-106,0.552594874942519,-0.833450001012215));
#12066=DIRECTION('',(1.,0.,0.));
#12067=DIRECTION('center_axis',(1.,0.,0.));
#12068=DIRECTION('ref_axis',(0.,0.0428309742851194,0.999082332764316));
#12069=DIRECTION('center_axis',(-1.,7.12822725195778E-110,-8.69734901756387E-106));
#12070=DIRECTION('ref_axis',(-8.68933721444133E-106,0.0428309742851194,
0.999082332764316));
#12071=DIRECTION('',(1.,0.,0.));
#12072=DIRECTION('center_axis',(0.,-0.986627011711624,0.162994293645485));
#12073=DIRECTION('ref_axis',(0.,-0.162994293645485,-0.986627011711624));
#12074=DIRECTION('',(0.,-0.162994293645485,-0.986627011711624));
#12075=DIRECTION('',(1.,0.,0.));
#12076=DIRECTION('center_axis',(1.,0.,0.));
#12077=DIRECTION('ref_axis',(0.,-0.986627011711618,0.162994293645519));
#12078=DIRECTION('center_axis',(-1.,-6.28790092085855E-106,4.78310960703587E-106));
#12079=DIRECTION('ref_axis',(6.98343246731331E-106,-0.986627011711618,0.162994293645519));
#12080=DIRECTION('',(1.,0.,0.));
#12081=DIRECTION('center_axis',(1.,0.,0.));
#12082=DIRECTION('ref_axis',(0.,-0.426846186936449,0.904324240910203));
#12083=DIRECTION('center_axis',(-1.,3.54157771064451E-106,-7.27182056943018E-106));
#12084=DIRECTION('ref_axis',(-8.08779255801287E-106,-0.426846186936449,
0.904324240910203));
#12085=DIRECTION('',(1.,0.,0.));
#12086=DIRECTION('center_axis',(1.,0.,0.));
#12087=DIRECTION('ref_axis',(0.,-0.342355241120901,0.939570587490397));
#12088=DIRECTION('center_axis',(-1.,6.38363675372581E-107,1.99188228774056E-105));
#12089=DIRECTION('ref_axis',(1.84965929630361E-105,-0.342355241120901,0.939570587490397));
#12090=DIRECTION('',(1.,0.,0.));
#12091=DIRECTION('center_axis',(0.,0.578302686873464,0.815822286012666));
#12092=DIRECTION('ref_axis',(0.,-0.815822286012666,0.578302686873464));
#12093=DIRECTION('',(0.,-0.815822286012666,0.578302686873464));
#12094=DIRECTION('',(1.,0.,0.));
#12095=DIRECTION('center_axis',(1.,0.,0.));
#12096=DIRECTION('ref_axis',(0.,0.267998742410794,-0.963419261830608));
#12097=DIRECTION('center_axis',(-1.,1.7966481743512E-106,9.26910288156833E-106));
#12098=DIRECTION('ref_axis',(-8.44853280471175E-106,0.267998742410794,-0.963419261830608));
#12099=DIRECTION('',(1.,0.,0.));
#12100=DIRECTION('center_axis',(1.,0.,0.));
#12101=DIRECTION('ref_axis',(0.,0.0428309742851194,0.999082332764316));
#12102=DIRECTION('center_axis',(-1.,7.12822725195778E-110,-8.69734901756387E-106));
#12103=DIRECTION('ref_axis',(-8.68933721444133E-106,0.0428309742851194,
0.999082332764316));
#12104=DIRECTION('',(1.,0.,0.));
#12105=DIRECTION('center_axis',(0.,-0.887970041918559,0.459901298818727));
#12106=DIRECTION('ref_axis',(0.,-0.459901298818727,-0.887970041918559));
#12107=DIRECTION('',(0.,-0.459901298818727,-0.887970041918559));
#12108=DIRECTION('',(1.,0.,0.));
#12109=DIRECTION('center_axis',(1.,0.,0.));
#12110=DIRECTION('ref_axis',(0.,-0.887970041918544,0.459901298818757));
#12111=DIRECTION('center_axis',(-1.,-4.50208699006865E-106,6.49207580341658E-106));
#12112=DIRECTION('ref_axis',(6.9834324673133E-106,-0.887970041918544,0.459901298818757));
#12113=DIRECTION('center_axis',(1.,-1.92380979167745E-105,7.85454954447636E-90));
#12114=DIRECTION('ref_axis',(9.11695518136429E-214,1.,2.44929359829471E-16));
#12115=DIRECTION('center_axis',(1.,-1.92380979167745E-105,7.85454954447636E-90));
#12116=DIRECTION('ref_axis',(9.11695518136429E-214,1.,2.44929359829471E-16));
#12117=DIRECTION('center_axis',(-2.082768646553E-16,0.866025403784438,0.500000000000001));
#12118=DIRECTION('ref_axis',(-2.13710295102433E-15,-0.5,0.866025403784438));
#12119=DIRECTION('',(-2.13710295102435E-15,-0.5,0.866025403784438));
#12120=DIRECTION('',(1.,-8.88178419700114E-16,1.95492387841743E-15));
#12121=DIRECTION('',(-2.13710295102433E-15,-0.5,0.866025403784438));
#12122=DIRECTION('',(1.,-8.88178419700114E-16,1.95492387841743E-15));
#12123=DIRECTION('center_axis',(1.74664701376213E-15,0.866025403784439,
-0.499999999999999));
#12124=DIRECTION('ref_axis',(-1.24892453132422E-15,0.499999999999999,0.866025403784439));
#12125=DIRECTION('',(-1.24892453132424E-15,0.499999999999999,0.866025403784439));
#12126=DIRECTION('',(1.,-8.88178419700114E-16,1.95492387841743E-15));
#12127=DIRECTION('',(-1.24892453132422E-15,0.499999999999999,0.866025403784439));
#12128=DIRECTION('center_axis',(1.95492387841743E-15,9.00484821096597E-16,
-1.));
#12129=DIRECTION('ref_axis',(8.88178419700112E-16,1.,9.00484821096599E-16));
#12130=DIRECTION('',(8.88178419700112E-16,1.,9.00484821096599E-16));
#12131=DIRECTION('',(1.,-8.88178419700114E-16,1.95492387841743E-15));
#12132=DIRECTION('',(8.88178419700112E-16,1.,9.00484821096599E-16));
#12133=DIRECTION('center_axis',(2.08276864655301E-16,-0.866025403784438,
-0.500000000000001));
#12134=DIRECTION('ref_axis',(2.13710295102433E-15,0.500000000000001,-0.866025403784438));
#12135=DIRECTION('',(2.13710295102435E-15,0.500000000000001,-0.866025403784438));
#12136=DIRECTION('',(1.,-8.88178419700114E-16,1.95492387841743E-15));
#12137=DIRECTION('',(2.13710295102433E-15,0.500000000000001,-0.866025403784438));
#12138=DIRECTION('center_axis',(-1.74664701376213E-15,-0.866025403784439,
0.499999999999999));
#12139=DIRECTION('ref_axis',(1.24892453132422E-15,-0.499999999999999,-0.866025403784439));
#12140=DIRECTION('',(1.24892453132424E-15,-0.499999999999999,-0.866025403784439));
#12141=DIRECTION('',(1.,-8.88178419700114E-16,1.95492387841743E-15));
#12142=DIRECTION('',(1.24892453132422E-15,-0.499999999999999,-0.866025403784439));
#12143=DIRECTION('center_axis',(-1.95492387841743E-15,-9.00484821096596E-16,
1.));
#12144=DIRECTION('ref_axis',(-8.88178419700112E-16,-1.,-9.00484821096598E-16));
#12145=DIRECTION('',(-8.88178419700112E-16,-1.,-9.00484821096598E-16));
#12146=DIRECTION('',(-8.88178419700112E-16,-1.,-9.00484821096598E-16));
#12147=DIRECTION('center_axis',(1.,-8.88178419700114E-16,1.95492387841743E-15));
#12148=DIRECTION('ref_axis',(1.95492387841743E-15,2.44929359829473E-16,
-1.));
#12149=DIRECTION('center_axis',(-1.,8.88178419700114E-16,-1.95492387841743E-15));
#12150=DIRECTION('ref_axis',(-1.77635683940025E-15,-2.44929359829473E-16,
1.));
#12151=DIRECTION('center_axis',(1.,-8.88178419700114E-16,1.95492387841743E-15));
#12152=DIRECTION('ref_axis',(-1.95492387841743E-15,-2.44929359829473E-16,
1.));
#12153=DIRECTION('center_axis',(-8.88178419700114E-16,-1.,-1.22464679914739E-16));
#12154=DIRECTION('ref_axis',(2.22044604925031E-15,1.22464679914737E-16,
-1.));
#12155=DIRECTION('center_axis',(-1.,8.88178419700114E-16,-1.95492387841743E-15));
#12156=DIRECTION('ref_axis',(-1.95492387841743E-15,-2.44929359829473E-16,
1.));
#12157=DIRECTION('center_axis',(-1.,8.88178419700114E-16,-1.95492387841743E-15));
#12158=DIRECTION('ref_axis',(-1.95492387841743E-15,-2.44929359829473E-16,
1.));
#12159=DIRECTION('',(1.,-8.88178419700114E-16,1.95492387841743E-15));
#12160=DIRECTION('center_axis',(-1.,8.88178419700114E-16,-1.95492387841743E-15));
#12161=DIRECTION('ref_axis',(-1.77635683940025E-15,-2.44929359829473E-16,
1.));
#12162=DIRECTION('center_axis',(1.,-8.88178419700114E-16,1.95492387841743E-15));
#12163=DIRECTION('ref_axis',(-1.95492387841743E-15,-2.44929359829473E-16,
1.));
#12164=DIRECTION('center_axis',(-8.88178419700114E-16,-1.,-1.22464679914739E-16));
#12165=DIRECTION('ref_axis',(2.22044604925031E-15,1.22464679914737E-16,
-1.));
#12166=DIRECTION('center_axis',(-1.,8.88178419700114E-16,-1.95492387841743E-15));
#12167=DIRECTION('ref_axis',(-1.95492387841743E-15,-2.44929359829473E-16,
1.));
#12168=DIRECTION('center_axis',(-4.15447301436995E-16,0.866025403784438,
0.500000000000001));
#12169=DIRECTION('ref_axis',(-2.27388806843143E-15,-0.5,0.866025403784438));
#12170=DIRECTION('',(-2.27388806843145E-15,-0.5,0.866025403784438));
#12171=DIRECTION('',(1.,-7.77156117237599E-16,2.17696848334246E-15));
#12172=DIRECTION('',(-2.27388806843143E-15,-0.5,0.866025403784438));
#12173=DIRECTION('',(1.,-7.77156117237599E-16,2.17696848334246E-15));
#12174=DIRECTION('center_axis',(1.76152118190547E-15,0.866025403784439,
-0.499999999999999));
#12175=DIRECTION('ref_axis',(-1.49673195119384E-15,0.499999999999999,0.866025403784439));
#12176=DIRECTION('',(-1.49673195119386E-15,0.499999999999999,0.866025403784439));
#12177=DIRECTION('',(1.,-7.77156117237599E-16,2.17696848334246E-15));
#12178=DIRECTION('',(-1.49673195119384E-15,0.499999999999999,0.866025403784439));
#12179=DIRECTION('center_axis',(2.17696848334246E-15,9.00484821096597E-16,
-1.));
#12180=DIRECTION('ref_axis',(7.77156117237597E-16,1.,9.00484821096599E-16));
#12181=DIRECTION('',(7.77156117237597E-16,1.,9.00484821096599E-16));
#12182=DIRECTION('',(1.,-7.77156117237599E-16,2.17696848334246E-15));
#12183=DIRECTION('',(7.77156117237597E-16,1.,9.00484821096599E-16));
#12184=DIRECTION('center_axis',(4.15447301436996E-16,-0.866025403784438,
-0.500000000000001));
#12185=DIRECTION('ref_axis',(2.27388806843144E-15,0.500000000000001,-0.866025403784438));
#12186=DIRECTION('',(2.27388806843145E-15,0.500000000000001,-0.866025403784438));
#12187=DIRECTION('',(1.,-7.77156117237599E-16,2.17696848334246E-15));
#12188=DIRECTION('',(2.27388806843144E-15,0.500000000000001,-0.866025403784438));
#12189=DIRECTION('center_axis',(-1.76152118190547E-15,-0.866025403784439,
0.499999999999999));
#12190=DIRECTION('ref_axis',(1.49673195119384E-15,-0.499999999999999,-0.866025403784439));
#12191=DIRECTION('',(1.49673195119386E-15,-0.499999999999999,-0.866025403784439));
#12192=DIRECTION('',(1.,-7.77156117237599E-16,2.17696848334246E-15));
#12193=DIRECTION('',(1.49673195119384E-15,-0.499999999999999,-0.866025403784439));
#12194=DIRECTION('center_axis',(-2.17696848334246E-15,-9.00484821096596E-16,
1.));
#12195=DIRECTION('ref_axis',(-7.77156117237597E-16,-1.,-9.00484821096598E-16));
#12196=DIRECTION('',(-7.77156117237597E-16,-1.,-9.00484821096598E-16));
#12197=DIRECTION('',(-7.77156117237597E-16,-1.,-9.00484821096598E-16));
#12198=DIRECTION('center_axis',(1.,-7.77156117237599E-16,2.17696848334246E-15));
#12199=DIRECTION('ref_axis',(2.17696848334246E-15,2.44929359829473E-16,
-1.));
#12200=DIRECTION('center_axis',(1.,-7.77156117237599E-16,2.17696848334246E-15));
#12201=DIRECTION('ref_axis',(-2.17696848334246E-15,-2.44929359829473E-16,
1.));
#12202=DIRECTION('center_axis',(-1.,7.77156117237599E-16,-2.17696848334246E-15));
#12203=DIRECTION('ref_axis',(-1.77635683940025E-15,-2.96059473233375E-16,
1.));
#12204=DIRECTION('center_axis',(1.,-7.77156117237599E-16,2.17696848334246E-15));
#12205=DIRECTION('ref_axis',(-2.17696848334246E-15,-2.44929359829473E-16,
1.));
#12206=DIRECTION('center_axis',(-7.77156117237599E-16,-1.,-1.72563323017094E-30));
#12207=DIRECTION('ref_axis',(2.22044604925031E-15,0.,-1.));
#12208=DIRECTION('center_axis',(-1.,7.77156117237599E-16,-2.17696848334246E-15));
#12209=DIRECTION('ref_axis',(-2.17696848334246E-15,-2.44929359829473E-16,
1.));
#12210=DIRECTION('center_axis',(-1.,7.77156117237599E-16,-2.17696848334246E-15));
#12211=DIRECTION('ref_axis',(-2.17696848334246E-15,-2.44929359829473E-16,
1.));
#12212=DIRECTION('',(1.,-7.77156117237599E-16,2.17696848334246E-15));
#12213=DIRECTION('center_axis',(-1.,7.77156117237599E-16,-2.17696848334246E-15));
#12214=DIRECTION('ref_axis',(-1.77635683940025E-15,-2.96059473233375E-16,
1.));
#12215=DIRECTION('center_axis',(1.,-7.77156117237599E-16,2.17696848334246E-15));
#12216=DIRECTION('ref_axis',(-2.17696848334246E-15,-2.44929359829473E-16,
1.));
#12217=DIRECTION('center_axis',(-7.77156117237599E-16,-1.,-1.72563323017094E-30));
#12218=DIRECTION('ref_axis',(2.22044604925031E-15,0.,-1.));
#12219=DIRECTION('center_axis',(-1.,7.77156117237599E-16,-2.17696848334246E-15));
#12220=DIRECTION('ref_axis',(-2.17696848334246E-15,-2.44929359829473E-16,
1.));
#12221=DIRECTION('center_axis',(1.,0.,0.));
#12222=DIRECTION('ref_axis',(0.,-1.,0.));
#12223=DIRECTION('',(1.,0.,0.));
#12224=DIRECTION('center_axis',(-1.,0.,-8.6597395920762E-15));
#12225=DIRECTION('ref_axis',(0.,-1.,0.));
#12226=DIRECTION('center_axis',(1.,0.,0.));
#12227=DIRECTION('ref_axis',(0.,-1.,0.));
#12228=DIRECTION('',(1.,0.,0.));
#12229=DIRECTION('center_axis',(-1.,0.,-8.6597395920762E-15));
#12230=DIRECTION('ref_axis',(0.,-1.,0.));
#12231=DIRECTION('center_axis',(1.,0.,0.));
#12232=DIRECTION('ref_axis',(0.,-1.,0.));
#12233=DIRECTION('',(1.,0.,0.));
#12234=DIRECTION('center_axis',(-1.,0.,-8.6597395920762E-15));
#12235=DIRECTION('ref_axis',(0.,-1.,0.));
#12236=DIRECTION('center_axis',(1.,0.,0.));
#12237=DIRECTION('ref_axis',(0.,-1.,0.));
#12238=DIRECTION('',(1.,0.,0.));
#12239=DIRECTION('center_axis',(-1.,0.,-8.6597395920762E-15));
#12240=DIRECTION('ref_axis',(0.,-1.,0.));
#12241=DIRECTION('center_axis',(-1.,0.,0.));
#12242=DIRECTION('ref_axis',(0.,1.,0.));
#12243=DIRECTION('center_axis',(-1.,0.,0.));
#12244=DIRECTION('ref_axis',(0.,1.,0.));
#12245=DIRECTION('',(-1.,0.,0.));
#12246=DIRECTION('center_axis',(1.,0.,0.));
#12247=DIRECTION('ref_axis',(0.,1.,0.));
#12248=DIRECTION('center_axis',(-1.,0.,0.));
#12249=DIRECTION('ref_axis',(0.,1.,0.));
#12250=DIRECTION('center_axis',(-1.,0.,0.));
#12251=DIRECTION('ref_axis',(0.,1.,0.));
#12252=DIRECTION('',(-1.,0.,0.));
#12253=DIRECTION('center_axis',(1.,0.,0.));
#12254=DIRECTION('ref_axis',(0.,1.,0.));
#12255=DIRECTION('center_axis',(-1.,0.,-1.49399918628118E-31));
#12256=DIRECTION('ref_axis',(1.05641695570661E-31,-0.707106781186546,-0.707106781186549));
#12257=DIRECTION('center_axis',(1.,-3.8440646168848E-16,-8.32856792090845E-17));
#12258=DIRECTION('ref_axis',(-3.30708284336322E-16,-0.707106781186546,-0.707106781186549));
#12259=DIRECTION('',(1.,0.,1.49399918628118E-31));
#12260=DIRECTION('center_axis',(-1.,3.63055492017124E-122,-1.88124505434757E-198));
#12261=DIRECTION('ref_axis',(-2.56719000352326E-122,-0.707106781186546,
-0.707106781186549));
#12262=DIRECTION('',(-1.,0.,-1.49399918628118E-31));
#12263=DIRECTION('center_axis',(0.,-1.,0.));
#12264=DIRECTION('ref_axis',(0.,0.,-1.));
#12265=DIRECTION('',(0.,0.,1.));
#12266=DIRECTION('',(1.,0.,-2.99567096754903E-77));
#12267=DIRECTION('',(0.,0.,1.));
#12268=DIRECTION('',(8.32856792090843E-17,-3.8865090345227E-16,1.));
#12269=DIRECTION('center_axis',(0.,1.,0.));
#12270=DIRECTION('ref_axis',(1.,0.,8.32856499509E-17));
#12271=DIRECTION('center_axis',(0.,1.,0.));
#12272=DIRECTION('ref_axis',(1.,0.,8.32856499509E-17));
#12273=DIRECTION('center_axis',(1.,-3.63055492017124E-122,1.88124505434757E-198));
#12274=DIRECTION('ref_axis',(3.63055492017124E-122,1.,0.));
#12275=DIRECTION('',(-5.95877513998034E-16,-1.,-3.8865090345227E-16));
#12276=DIRECTION('center_axis',(-1.,3.63055492017124E-122,-1.88124505434757E-198));
#12277=DIRECTION('ref_axis',(2.56719000352327E-122,0.707106781186547,-0.707106781186548));
#12278=DIRECTION('',(-8.32856792090843E-17,3.8865090345227E-16,-1.));
#12279=DIRECTION('center_axis',(-1.,3.63055492017124E-122,-1.88124505434757E-198));
#12280=DIRECTION('ref_axis',(2.56719000352327E-122,0.707106781186547,0.707106781186547));
#12281=DIRECTION('',(1.31371731030452E-46,-1.,-4.43734259186819E-31));
#12282=DIRECTION('center_axis',(-1.,3.63055492017124E-122,-1.88124505434757E-198));
#12283=DIRECTION('ref_axis',(-2.56719000352327E-122,-0.707106781186547,
0.707106781186547));
#12284=DIRECTION('center_axis',(-1.,-4.10408211858946E-122,-2.40398322911763E-198));
#12285=DIRECTION('ref_axis',(-4.10408211858946E-122,1.,0.));
#12286=DIRECTION('center_axis',(-1.,0.,2.99567096754903E-77));
#12287=DIRECTION('ref_axis',(2.11825925535759E-77,-0.707106781186547,0.707106781186547));
#12288=DIRECTION('center_axis',(1.,-3.63055492017124E-122,1.88124505434757E-198));
#12289=DIRECTION('ref_axis',(-2.56719000352327E-122,-0.707106781186547,
0.707106781186547));
#12290=DIRECTION('',(-1.,0.,2.99567096754903E-77));
#12291=DIRECTION('center_axis',(2.99567096754903E-77,-4.43734259186819E-31,
1.));
#12292=DIRECTION('ref_axis',(-1.,-9.57918872097695E-47,-1.25494324316441E-77));
#12293=DIRECTION('',(1.,0.,-2.99567096754903E-77));
#12294=DIRECTION('',(-1.31371731030452E-46,1.,4.43734259186819E-31));
#12295=DIRECTION('center_axis',(1.,0.,-2.99567096754903E-77));
#12296=DIRECTION('ref_axis',(2.11825925535759E-77,0.707106781186547,0.707106781186547));
#12297=DIRECTION('',(-1.,0.,2.99567096754903E-77));
#12298=DIRECTION('center_axis',(1.,-3.63055492017124E-122,1.88124505434757E-198));
#12299=DIRECTION('ref_axis',(2.56719000352327E-122,0.707106781186547,0.707106781186547));
#12300=DIRECTION('center_axis',(1.,-3.63055492017124E-122,1.88124505434757E-198));
#12301=DIRECTION('ref_axis',(3.63055492017124E-122,1.,0.));
#12302=DIRECTION('',(0.,0.,-1.));
#12303=DIRECTION('center_axis',(1.,-7.39557098644699E-32,-7.00649232162409E-46));
#12304=DIRECTION('ref_axis',(-7.39557098644699E-32,-1.,5.18170113305667E-77));
#12305=DIRECTION('center_axis',(1.,-3.63055492017124E-122,1.88124505434757E-198));
#12306=DIRECTION('ref_axis',(-3.63055492017124E-122,-1.,-3.8865090345227E-16));
#12307=DIRECTION('center_axis',(1.,-3.63055492017124E-122,1.88124505434757E-198));
#12308=DIRECTION('ref_axis',(-3.63055492017124E-122,-1.,-3.8865090345227E-16));
#12309=DIRECTION('center_axis',(0.,1.,0.));
#12310=DIRECTION('ref_axis',(0.,0.,1.));
#12311=DIRECTION('',(1.,0.,1.49399918628118E-31));
#12312=DIRECTION('',(-8.32856792090843E-17,3.8865090345227E-16,-1.));
#12313=DIRECTION('center_axis',(0.,-1.,0.));
#12314=DIRECTION('ref_axis',(1.,0.,8.32856499509E-17));
#12315=DIRECTION('center_axis',(0.,-1.,0.));
#12316=DIRECTION('ref_axis',(1.,0.,8.32856499509E-17));
#12317=DIRECTION('center_axis',(-1.,0.,-1.49399918628118E-31));
#12318=DIRECTION('ref_axis',(1.05641695570661E-31,0.707106781186547,-0.707106781186548));
#12319=DIRECTION('center_axis',(1.,-3.8440646168848E-16,-8.32856792090845E-17));
#12320=DIRECTION('ref_axis',(2.1292454724738E-16,0.707106781186547,-0.707106781186548));
#12321=DIRECTION('',(-1.,0.,-1.49399918628118E-31));
#12322=DIRECTION('center_axis',(1.,-3.8440646168848E-16,-8.32856792090845E-17));
#12323=DIRECTION('ref_axis',(3.8440646168848E-16,1.,3.8865090345227E-16));
#12324=DIRECTION('',(-5.95877513998034E-16,-1.,-3.8865090345227E-16));
#12325=DIRECTION('center_axis',(-1.,3.8440646168848E-16,8.32856792090845E-17));
#12326=DIRECTION('ref_axis',(-3.8440646168848E-16,-1.,3.2015553254086E-32));
#12327=DIRECTION('center_axis',(1.,-6.66133814775094E-16,0.));
#12328=DIRECTION('ref_axis',(-6.66133814775094E-16,-1.,-3.8865090345227E-16));
#12329=DIRECTION('',(1.,-6.66133814775094E-16,0.));
#12330=DIRECTION('center_axis',(1.,-5.95877513998034E-16,-8.32856792090845E-17));
#12331=DIRECTION('ref_axis',(-5.95877513998034E-16,-1.,-3.8865090345227E-16));
#12332=DIRECTION('center_axis',(-1.,5.95877513998034E-16,8.32856792090845E-17));
#12333=DIRECTION('ref_axis',(-5.95877513998034E-16,-1.,-3.8865090345227E-16));
#12334=DIRECTION('center_axis',(1.,-4.44089209850063E-16,0.));
#12335=DIRECTION('ref_axis',(-4.44089209850063E-16,-1.,-3.8865090345227E-16));
#12336=DIRECTION('',(1.,-4.44089209850063E-16,0.));
#12337=DIRECTION('center_axis',(1.,-5.95877513998034E-16,-8.32856792090845E-17));
#12338=DIRECTION('ref_axis',(-5.95877513998034E-16,-1.,-3.8865090345227E-16));
#12339=DIRECTION('center_axis',(-1.,5.95877513998034E-16,8.32856792090845E-17));
#12340=DIRECTION('ref_axis',(-5.95877513998034E-16,-1.,-3.8865090345227E-16));
#12341=DIRECTION('center_axis',(-6.34413156928661E-16,1.,-4.22942104619107E-16));
#12342=DIRECTION('ref_axis',(1.,6.34413156928661E-16,8.32856499509E-17));
#12343=DIRECTION('',(-6.34413156928661E-16,1.,-4.22942104619107E-16));
#12344=DIRECTION('center_axis',(-6.34413156928661E-16,1.,-4.22942104619107E-16));
#12345=DIRECTION('ref_axis',(1.,6.34413156928661E-16,8.32856499509E-17));
#12346=DIRECTION('',(-6.34413156928661E-16,1.,-4.22942104619107E-16));
#12347=DIRECTION('center_axis',(-6.34413156928661E-16,1.,-4.22942104619107E-16));
#12348=DIRECTION('ref_axis',(1.,6.34413156928661E-16,8.32856499509E-17));
#12349=DIRECTION('',(-6.34413156928661E-16,1.,-4.22942104619107E-16));
#12350=DIRECTION('center_axis',(-6.34413156928661E-16,1.,-4.22942104619107E-16));
#12351=DIRECTION('ref_axis',(1.,6.34413156928661E-16,8.32856499509E-17));
#12352=DIRECTION('',(-6.34413156928661E-16,1.,-4.22942104619107E-16));
#12353=DIRECTION('center_axis',(1.49399918628118E-31,3.8865090345227E-16,
-1.));
#12354=DIRECTION('ref_axis',(-5.95877513998034E-16,-1.,-3.8865090345227E-16));
#12355=DIRECTION('',(-5.95877513998034E-16,-1.,-3.8865090345227E-16));
#12356=DIRECTION('center_axis',(1.,-3.8440646168848E-16,-8.32856792090845E-17));
#12357=DIRECTION('ref_axis',(3.8440646168848E-16,1.,3.8865090345227E-16));
#12358=DIRECTION('center_axis',(-1.,3.8440646168848E-16,8.32856792090845E-17));
#12359=DIRECTION('ref_axis',(-3.8440646168848E-16,-1.,3.2015553254086E-32));
#12360=DIRECTION('center_axis',(1.,0.,0.));
#12361=DIRECTION('ref_axis',(0.,-1.,0.));
#12362=DIRECTION('',(-1.,0.,0.));
#12363=DIRECTION('center_axis',(1.,0.,0.));
#12364=DIRECTION('ref_axis',(0.,-1.,0.));
#12365=DIRECTION('center_axis',(-1.,0.,-8.6597395920762E-15));
#12366=DIRECTION('ref_axis',(0.,-1.,0.));
#12367=DIRECTION('',(1.,0.,0.));
#12368=DIRECTION('center_axis',(-1.,0.,-8.88178419700125E-15));
#12369=DIRECTION('ref_axis',(0.,-1.,0.));
#12370=DIRECTION('center_axis',(1.,0.,8.6597395920762E-15));
#12371=DIRECTION('ref_axis',(0.,-1.,0.));
#12372=DIRECTION('',(-1.,0.,-8.88178419700125E-15));
#12373=DIRECTION('center_axis',(1.,-7.77156117237602E-16,8.6597395920762E-15));
#12374=DIRECTION('ref_axis',(8.13512808509171E-30,-1.,-9.15933995315754E-16));
#12375=DIRECTION('center_axis',(-1.,0.,-8.6597395920762E-15));
#12376=DIRECTION('ref_axis',(0.,-1.,0.));
#12377=DIRECTION('center_axis',(-1.,0.,-8.6597395920762E-15));
#12378=DIRECTION('ref_axis',(0.,-1.,0.));
#12379=DIRECTION('center_axis',(-3.65683285580386E-15,0.866025403784439,
0.5));
#12380=DIRECTION('ref_axis',(-7.88813253551466E-15,-0.5,0.866025403784438));
#12381=DIRECTION('',(-7.88813253551468E-15,-0.5,0.866025403784438));
#12382=DIRECTION('',(1.,-7.77156117237602E-16,8.6597395920762E-15));
#12383=DIRECTION('',(-7.88813253551466E-15,-0.5,0.866025403784438));
#12384=DIRECTION('',(1.,-7.77156117237602E-16,8.6597395920762E-15));
#12385=DIRECTION('center_axis',(5.00290673627234E-15,0.866025403784439,
-0.5));
#12386=DIRECTION('ref_axis',(-7.11097641827706E-15,0.5,0.866025403784439));
#12387=DIRECTION('',(-7.11097641827708E-15,0.5,0.866025403784439));
#12388=DIRECTION('',(1.,-7.77156117237602E-16,8.6597395920762E-15));
#12389=DIRECTION('',(-7.11097641827707E-15,0.5,0.866025403784439));
#12390=DIRECTION('center_axis',(8.6597395920762E-15,6.55555461267124E-16,
-1.));
#12391=DIRECTION('ref_axis',(7.77156117237597E-16,1.,6.55555461267131E-16));
#12392=DIRECTION('',(7.77156117237597E-16,1.,6.55555461267131E-16));
#12393=DIRECTION('',(1.,-7.77156117237602E-16,8.6597395920762E-15));
#12394=DIRECTION('',(7.77156117237597E-16,1.,6.55555461267131E-16));
#12395=DIRECTION('center_axis',(3.65683285580387E-15,-0.866025403784438,
-0.500000000000001));
#12396=DIRECTION('ref_axis',(7.88813253551466E-15,0.500000000000001,-0.866025403784438));
#12397=DIRECTION('',(7.88813253551468E-15,0.500000000000001,-0.866025403784438));
#12398=DIRECTION('',(1.,-7.77156117237602E-16,8.6597395920762E-15));
#12399=DIRECTION('',(7.88813253551466E-15,0.500000000000001,-0.866025403784438));
#12400=DIRECTION('center_axis',(-5.00290673627234E-15,-0.866025403784439,
0.499999999999999));
#12401=DIRECTION('ref_axis',(7.11097641827707E-15,-0.499999999999999,-0.866025403784439));
#12402=DIRECTION('',(7.11097641827709E-15,-0.499999999999999,-0.866025403784439));
#12403=DIRECTION('',(1.,-7.77156117237602E-16,8.6597395920762E-15));
#12404=DIRECTION('',(7.11097641827707E-15,-0.499999999999999,-0.866025403784439));
#12405=DIRECTION('center_axis',(-8.6597395920762E-15,-6.55555461267124E-16,
1.));
#12406=DIRECTION('ref_axis',(-7.77156117237597E-16,-1.,-6.5555546126713E-16));
#12407=DIRECTION('',(-7.77156117237597E-16,-1.,-6.5555546126713E-16));
#12408=DIRECTION('',(-7.77156117237597E-16,-1.,-6.5555546126713E-16));
#12409=DIRECTION('center_axis',(1.,-7.77156117237602E-16,8.6597395920762E-15));
#12410=DIRECTION('ref_axis',(8.6597395920762E-15,0.,-1.));
#12411=DIRECTION('center_axis',(1.,-7.77156117237602E-16,8.6597395920762E-15));
#12412=DIRECTION('ref_axis',(-8.6597395920762E-15,0.,1.));
#12413=DIRECTION('center_axis',(1.,-7.77156117237602E-16,8.6597395920762E-15));
#12414=DIRECTION('ref_axis',(-8.6597395920762E-15,0.,1.));
#12415=DIRECTION('center_axis',(1.,-7.77156117237602E-16,8.6597395920762E-15));
#12416=DIRECTION('ref_axis',(-8.6597395920762E-15,0.,1.));
#12417=DIRECTION('',(-1.,7.77156117237602E-16,-8.6597395920762E-15));
#12418=DIRECTION('center_axis',(-1.,7.77156117237602E-16,-8.6597395920762E-15));
#12419=DIRECTION('ref_axis',(-8.65973959207622E-15,0.,1.));
#12420=DIRECTION('center_axis',(1.,-7.77156117237602E-16,8.6597395920762E-15));
#12421=DIRECTION('ref_axis',(-8.6597395920762E-15,0.,1.));
#12422=DIRECTION('center_axis',(-7.77156117237602E-16,-1.,-6.75873015150288E-30));
#12423=DIRECTION('ref_axis',(8.69674702623039E-15,0.,-1.));
#12424=DIRECTION('center_axis',(-1.,7.77156117237602E-16,-8.6597395920762E-15));
#12425=DIRECTION('ref_axis',(-8.6597395920762E-15,0.,1.));
#12426=DIRECTION('center_axis',(-1.,7.77156117237602E-16,-8.6597395920762E-15));
#12427=DIRECTION('ref_axis',(-8.6597395920762E-15,0.,1.));
#12428=DIRECTION('center_axis',(-1.,7.77156117237602E-16,-8.6597395920762E-15));
#12429=DIRECTION('ref_axis',(-8.6597395920762E-15,0.,1.));
#12430=DIRECTION('',(1.,-7.77156117237602E-16,8.6597395920762E-15));
#12431=DIRECTION('center_axis',(-1.,7.77156117237602E-16,-8.6597395920762E-15));
#12432=DIRECTION('ref_axis',(-8.6597395920762E-15,0.,1.));
#12433=DIRECTION('center_axis',(-1.,7.77156117237602E-16,-8.6597395920762E-15));
#12434=DIRECTION('ref_axis',(-8.65973959207622E-15,0.,1.));
#12435=DIRECTION('center_axis',(1.,-7.77156117237602E-16,8.6597395920762E-15));
#12436=DIRECTION('ref_axis',(-8.6597395920762E-15,0.,1.));
#12437=DIRECTION('center_axis',(-7.77156117237602E-16,-1.,-6.75873015150288E-30));
#12438=DIRECTION('ref_axis',(8.69674702623039E-15,0.,-1.));
#12439=DIRECTION('center_axis',(-1.,7.77156117237602E-16,-8.6597395920762E-15));
#12440=DIRECTION('ref_axis',(-8.6597395920762E-15,0.,1.));
#12441=CARTESIAN_POINT('',(0.,0.,0.));
#12442=CARTESIAN_POINT('Origin',(-10.9999999999999,2.89999999999997,-2.75499546279029));
#12443=CARTESIAN_POINT('',(-10.9999999999999,2.89999999999997,2.75499546279218));
#12444=CARTESIAN_POINT('',(-10.9999999999999,2.89999999999997,-2.75499546279029));
#12445=CARTESIAN_POINT('',(-10.9999999999999,2.89999999999997,3.23828930342911));
#12446=CARTESIAN_POINT('',(-13.9999999999999,2.89999999999997,2.75499546279218));
#12447=CARTESIAN_POINT('',(-10.9999999999999,2.89999999999997,2.75499546279218));
#12448=CARTESIAN_POINT('',(-13.9999999999999,2.89999999999997,-2.75499546279029));
#12449=CARTESIAN_POINT('',(-13.9999999999999,2.89999999999997,3.23828930342911));
#12450=CARTESIAN_POINT('',(-10.9999999999999,2.89999999999997,-2.75499546279027));
#12451=CARTESIAN_POINT('Origin',(-10.9999999999999,4.83253427353755,-8.75480510891414));
#12452=CARTESIAN_POINT('',(-13.9999999999999,5.55741441456819,-10.0680258752513));
#12453=CARTESIAN_POINT('',(-13.9999999999999,6.29089854942648,-8.40384408713114));
#12454=CARTESIAN_POINT('Origin',(-13.9999999999999,4.83253427353755,-8.75480510891414));
#12455=CARTESIAN_POINT('',(-10.9999999999999,6.29089854942648,-8.40384408713114));
#12456=CARTESIAN_POINT('',(-10.9999999999999,6.29089854942648,-8.40384408713114));
#12457=CARTESIAN_POINT('',(-10.9999999999999,5.55741441456819,-10.0680258752513));
#12458=CARTESIAN_POINT('Origin',(-10.9999999999999,4.83253427353755,-8.75480510891414));
#12459=CARTESIAN_POINT('',(-10.9999999999999,5.55741441456819,-10.0680258752513));
#12460=CARTESIAN_POINT('Origin',(-10.9999999999999,-2.9184699861276E-15,
9.54791801177635E-13));
#12461=CARTESIAN_POINT('',(-10.9999999999999,-5.55741441456819,-10.0680258752513));
#12462=CARTESIAN_POINT('Origin',(-10.9999999999999,-2.91846998612759E-15,
9.54791801177635E-13));
#12463=CARTESIAN_POINT('',(-13.9999999999999,-5.5574144145682,-10.0680258752513));
#12464=CARTESIAN_POINT('',(-10.9999999999999,-5.5574144145682,-10.0680258752513));
#12465=CARTESIAN_POINT('Origin',(-13.9999999999999,-5.69402794473718E-15,
9.54791801177635E-13));
#12466=CARTESIAN_POINT('Origin',(-10.9999999999999,-1.87676726163666E-15,
-0.531249999999046));
#12467=CARTESIAN_POINT('',(-10.9999999999999,4.,7.88617700618213E-13));
#12468=CARTESIAN_POINT('Origin',(-10.9999999999999,-2.91846833106336E-15,
7.82707232360736E-13));
#12469=CARTESIAN_POINT('Origin',(-10.9999999999999,-2.91846833106336E-15,
7.82707232360736E-13));
#12470=CARTESIAN_POINT('Origin',(-10.9999999999999,9.99815076627099,0.19230510891596));
#12471=CARTESIAN_POINT('',(-13.9999999999999,10.4233917436132,-1.24615591286704));
#12472=CARTESIAN_POINT('',(-13.9999999999999,11.4978733812116,0.221150875253264));
#12473=CARTESIAN_POINT('Origin',(-13.9999999999999,9.99815076627099,0.19230510891596));
#12474=CARTESIAN_POINT('',(-10.9999999999999,11.4978733812116,0.221150875253264));
#12475=CARTESIAN_POINT('',(-10.9999999999999,11.4978733812116,0.221150875253264));
#12476=CARTESIAN_POINT('',(-10.9999999999999,10.4233917436132,-1.24615591286704));
#12477=CARTESIAN_POINT('Origin',(-10.9999999999999,9.99815076627099,0.19230510891596));
#12478=CARTESIAN_POINT('',(-10.9999999999999,10.4233917436132,-1.24615591286704));
#12479=CARTESIAN_POINT('Origin',(-10.9999999999999,-2.9184699861276E-15,
9.54791801177635E-13));
#12480=CARTESIAN_POINT('',(-13.9999999999999,5.94045896664347,9.84687500000096));
#12481=CARTESIAN_POINT('Origin',(-13.9999999999999,-5.69402794473718E-15,
9.54791801177635E-13));
#12482=CARTESIAN_POINT('',(-10.9999999999999,5.94045896664348,9.84687500000096));
#12483=CARTESIAN_POINT('',(-10.9999999999999,5.94045896664348,9.84687500000096));
#12484=CARTESIAN_POINT('Origin',(-10.9999999999999,-2.91846998612759E-15,
9.54791801177635E-13));
#12485=CARTESIAN_POINT('Origin',(-10.9999999999999,5.16561649273346,8.56250000000096));
#12486=CARTESIAN_POINT('',(-13.9999999999999,4.13249319418676,9.65000000000096));
#12487=CARTESIAN_POINT('Origin',(-13.9999999999999,5.16561649273345,8.56250000000096));
#12488=CARTESIAN_POINT('',(-10.9999999999999,4.13249319418676,9.65000000000096));
#12489=CARTESIAN_POINT('',(-10.9999999999999,4.13249319418676,9.65000000000096));
#12490=CARTESIAN_POINT('Origin',(-10.9999999999999,5.16561649273346,8.56250000000096));
#12491=CARTESIAN_POINT('Origin',(-10.9999999999999,-4.83253427353756,-8.75480510891415));
#12492=CARTESIAN_POINT('',(-13.9999999999999,-6.29089854942649,-8.40384408713115));
#12493=CARTESIAN_POINT('Origin',(-13.9999999999999,-4.83253427353756,-8.75480510891415));
#12494=CARTESIAN_POINT('',(-10.9999999999999,-6.29089854942649,-8.40384408713115));
#12495=CARTESIAN_POINT('Origin',(-10.9999999999999,-4.83253427353756,-8.75480510891415));
#12496=CARTESIAN_POINT('',(-10.9999999999999,-6.29089854942649,-8.40384408713115));
#12497=CARTESIAN_POINT('Origin',(-10.9999999999999,-9.99815076627099,0.192305108915951));
#12498=CARTESIAN_POINT('',(-13.9999999999999,-11.4978733812117,0.221150875253149));
#12499=CARTESIAN_POINT('',(-13.9999999999999,-10.4233917436132,-1.24615591286705));
#12500=CARTESIAN_POINT('Origin',(-13.9999999999999,-9.998150766271,0.192305108915951));
#12501=CARTESIAN_POINT('',(-10.9999999999999,-10.4233917436132,-1.24615591286705));
#12502=CARTESIAN_POINT('',(-10.9999999999999,-10.4233917436132,-1.24615591286705));
#12503=CARTESIAN_POINT('',(-10.9999999999999,-11.4978733812116,0.221150875253149));
#12504=CARTESIAN_POINT('Origin',(-10.9999999999999,-9.99815076627099,0.192305108915951));
#12505=CARTESIAN_POINT('',(-10.9999999999999,-11.4978733812116,0.221150875253149));
#12506=CARTESIAN_POINT('Origin',(-10.9999999999999,-2.9184699861276E-15,
9.54791801177635E-13));
#12507=CARTESIAN_POINT('',(-10.9999999999999,-5.9404589666435,9.84687500000096));
#12508=CARTESIAN_POINT('Origin',(-10.9999999999999,-2.91846998612759E-15,
9.54791801177635E-13));
#12509=CARTESIAN_POINT('',(-13.9999999999999,-5.9404589666435,9.84687500000096));
#12510=CARTESIAN_POINT('',(-10.9999999999999,-5.9404589666435,9.84687500000096));
#12511=CARTESIAN_POINT('Origin',(-13.9999999999999,-5.69402794473718E-15,
9.54791801177635E-13));
#12512=CARTESIAN_POINT('Origin',(-10.9999999999999,-5.16561649273348,8.56250000000096));
#12513=CARTESIAN_POINT('',(-13.9999999999999,-4.13249319418679,9.65000000000096));
#12514=CARTESIAN_POINT('Origin',(-13.9999999999999,-5.16561649273348,8.56250000000096));
#12515=CARTESIAN_POINT('',(-10.9999999999999,-4.13249319418679,9.65000000000096));
#12516=CARTESIAN_POINT('Origin',(-10.9999999999999,-5.16561649273348,8.56250000000096));
#12517=CARTESIAN_POINT('',(-10.9999999999999,-4.13249319418679,9.65000000000096));
#12518=CARTESIAN_POINT('Origin',(-13.9999999999999,-4.65232522024624E-15,
-0.531249999999046));
#12519=CARTESIAN_POINT('',(-13.9999999999999,-6.1243556529822,-6.99999999999922));
#12520=CARTESIAN_POINT('Origin',(-13.9999999999999,-12.1243556529822,-6.99999999999915));
#12521=CARTESIAN_POINT('Origin',(-13.9999999999999,-12.1243556529822,-6.99999999999915));
#12522=CARTESIAN_POINT('Origin',(-13.9999999999999,-9.12303899962675E-15,
14.000000000001));
#12523=CARTESIAN_POINT('Origin',(-13.9999999999999,12.1243556529822,-6.99999999999914));
#12524=CARTESIAN_POINT('Origin',(-13.9999999999999,-5.69402794473718E-15,
9.54791801177635E-13));
#12525=CARTESIAN_POINT('',(-13.9999999999998,-6.92820323027549,1.30000000000075));
#12526=CARTESIAN_POINT('Origin',(-13.9999999999999,-6.92820323027549,4.00000000000075));
#12527=CARTESIAN_POINT('',(-13.9999999999999,-3.00001443810568E-15,-10.6999999999993));
#12528=CARTESIAN_POINT('Origin',(-13.9999999999999,-3.33066907387547E-15,
-7.99999999999927));
#12529=CARTESIAN_POINT('',(-13.9999999999999,6.92820323027548,1.30000000000074));
#12530=CARTESIAN_POINT('Origin',(-13.9999999999999,6.92820323027548,4.00000000000074));
#12531=CARTESIAN_POINT('Origin',(-10.9999999999999,5.36667409332458E-14,
7.91762926821368E-13));
#12532=CARTESIAN_POINT('',(-10.9999999999999,26.05,7.90251374239199E-13));
#12533=CARTESIAN_POINT('Origin',(-10.9999999999999,-2.91846833106336E-15,
7.87061169327421E-13));
#12534=CARTESIAN_POINT('',(-10.9999999999999,18.1243556529821,-6.99999999999922));
#12535=CARTESIAN_POINT('Origin',(-10.9999999999999,12.1243556529821,-6.99999999999923));
#12536=CARTESIAN_POINT('Origin',(-10.9999999999999,12.1243556529821,-6.99999999999923));
#12537=CARTESIAN_POINT('',(-10.9999999999999,5.99999999999999,14.0000000000008));
#12538=CARTESIAN_POINT('Origin',(-10.9999999999999,-6.34747936867595E-15,
14.0000000000008));
#12539=CARTESIAN_POINT('Origin',(-10.9999999999999,-6.34747936867595E-15,
14.0000000000008));
#12540=CARTESIAN_POINT('Origin',(-10.9999999999999,-12.1243556529822,-6.99999999999923));
#12541=CARTESIAN_POINT('Origin',(-0.999999999999996,-9.99999999999998,-10.0000000000005));
#12542=CARTESIAN_POINT('',(7.00000000000002,-9.99999999999998,-11.5000000000004));
#12543=CARTESIAN_POINT('Origin',(7.,-9.99999999999998,-10.0000000000004));
#12544=CARTESIAN_POINT('',(1.11022302462516E-14,-9.99999999999998,-11.5000000000005));
#12545=CARTESIAN_POINT('',(-0.999999999999984,-9.99999999999998,-11.5000000000005));
#12546=CARTESIAN_POINT('Origin',(0.,-9.99999999999998,-10.0000000000005));
#12547=CARTESIAN_POINT('Origin',(-1.8,-8.72982940778279,-10.000000000001));
#12548=CARTESIAN_POINT('',(-1.8,-8.72982940778279,-10.000000000001));
#12549=CARTESIAN_POINT('',(-1.80000000000001,-9.36491470389138,-8.900000000001));
#12550=CARTESIAN_POINT('',(-1.8,-8.88860073181005,-9.72500000000081));
#12551=CARTESIAN_POINT('',(-1.3,-8.72982940778279,-10.000000000001));
#12552=CARTESIAN_POINT('',(-1.8,-8.72982940778279,-10.000000000001));
#12553=CARTESIAN_POINT('',(-1.30000000000001,-9.36491470389138,-8.900000000001));
#12554=CARTESIAN_POINT('',(-1.30000000000001,-9.36491470389138,-8.900000000001));
#12555=CARTESIAN_POINT('',(-1.80000000000001,-9.36491470389138,-8.900000000001));
#12556=CARTESIAN_POINT('Origin',(-1.79999999999999,-9.36491470389138,-11.100000000001));
#12557=CARTESIAN_POINT('',(-1.79999999999999,-9.36491470389138,-11.100000000001));
#12558=CARTESIAN_POINT('',(-1.79999999999999,-9.20614337986413,-10.8250000000008));
#12559=CARTESIAN_POINT('',(-1.29999999999999,-9.36491470389138,-11.100000000001));
#12560=CARTESIAN_POINT('',(-1.79999999999999,-9.36491470389138,-11.100000000001));
#12561=CARTESIAN_POINT('',(-1.3,-8.72982940778279,-10.000000000001));
#12562=CARTESIAN_POINT('Origin',(-1.79999999999999,-10.6350852961086,-11.100000000001));
#12563=CARTESIAN_POINT('',(-1.79999999999999,-10.6350852961086,-11.100000000001));
#12564=CARTESIAN_POINT('',(-1.79999999999999,-10.3175426480543,-11.100000000001));
#12565=CARTESIAN_POINT('',(-1.29999999999999,-10.6350852961086,-11.100000000001));
#12566=CARTESIAN_POINT('',(-1.79999999999999,-10.6350852961086,-11.100000000001));
#12567=CARTESIAN_POINT('',(-1.29999999999999,-9.36491470389138,-11.100000000001));
#12568=CARTESIAN_POINT('Origin',(-1.8,-11.2701705922171,-10.000000000001));
#12569=CARTESIAN_POINT('',(-1.8,-11.2701705922171,-10.000000000001));
#12570=CARTESIAN_POINT('',(-1.8,-11.1113992681901,-10.2750000000008));
#12571=CARTESIAN_POINT('',(-1.3,-11.2701705922171,-10.000000000001));
#12572=CARTESIAN_POINT('',(-1.8,-11.2701705922171,-10.000000000001));
#12573=CARTESIAN_POINT('',(-1.29999999999999,-10.6350852961086,-11.100000000001));
#12574=CARTESIAN_POINT('Origin',(-1.80000000000001,-10.6350852961086,-8.900000000001));
#12575=CARTESIAN_POINT('',(-1.80000000000001,-10.6350852961086,-8.900000000001));
#12576=CARTESIAN_POINT('',(-1.8,-10.7938566201356,-9.17500000000082));
#12577=CARTESIAN_POINT('',(-1.30000000000001,-10.6350852961086,-8.900000000001));
#12578=CARTESIAN_POINT('',(-1.80000000000001,-10.6350852961086,-8.900000000001));
#12579=CARTESIAN_POINT('',(-1.3,-11.2701705922171,-10.000000000001));
#12580=CARTESIAN_POINT('Origin',(-1.80000000000001,-9.36491470389138,-8.900000000001));
#12581=CARTESIAN_POINT('',(-1.80000000000001,-9.68245735194568,-8.900000000001));
#12582=CARTESIAN_POINT('',(-1.30000000000001,-10.6350852961086,-8.900000000001));
#12583=CARTESIAN_POINT('Origin',(-1.3,-9.99999999999997,-10.000000000001));
#12584=CARTESIAN_POINT('Origin',(7.,-9.99999999999998,-10.0000000000004));
#12585=CARTESIAN_POINT('Origin',(-1.3,-9.99999999999998,-10.0000000000005));
#12586=CARTESIAN_POINT('',(-1.29999999999997,-9.99999999999998,-13.0000000000005));
#12587=CARTESIAN_POINT('Origin',(-1.3,-9.99999999999998,-10.0000000000005));
#12588=CARTESIAN_POINT('',(-0.999999999999892,-9.99999999999998,-12.7000000000005));
#12589=CARTESIAN_POINT('Origin',(-1.29999999999997,-9.99999999999998,-12.7000000000005));
#12590=CARTESIAN_POINT('',(-0.999999999999938,-8.47843476127375,-7.76956523872636));
#12591=CARTESIAN_POINT('Origin',(-0.999999999999915,-9.99999999999998,-10.0000000000005));
#12592=CARTESIAN_POINT('',(-0.999999999999932,-7.76956523872592,-8.47843476127415));
#12593=CARTESIAN_POINT('Origin',(-0.999999999999996,-9.99999999999998,-10.0000000000005));
#12594=CARTESIAN_POINT('Origin',(-0.999999999999915,-9.99999999999998,-10.0000000000005));
#12595=CARTESIAN_POINT('Origin',(-0.999999999999996,-9.99999999999998,-10.0000000000005));
#12596=CARTESIAN_POINT('',(-1.49999999999997,-9.99999999999998,-13.0000000000005));
#12597=CARTESIAN_POINT('Origin',(-1.5,-9.99999999999998,-10.0000000000005));
#12598=CARTESIAN_POINT('',(-0.999999999999971,-9.99999999999998,-13.0000000000005));
#12599=CARTESIAN_POINT('Origin',(-0.999999999999996,-9.99999999999998,-10.0000000000005));
#12600=CARTESIAN_POINT('Origin',(-0.999999999999996,0.,0.));
#12601=CARTESIAN_POINT('Origin',(-1.5,-9.99999999999998,-10.0000000000005));
#12602=CARTESIAN_POINT('',(-1.79999999999997,-9.99999999999998,-12.7000000000005));
#12603=CARTESIAN_POINT('Origin',(-1.8,-9.99999999999998,-10.0000000000005));
#12604=CARTESIAN_POINT('Origin',(-1.49999999999997,-9.99999999999998,-12.7000000000005));
#12605=CARTESIAN_POINT('Origin',(-1.8,-9.99999999999998,-10.0000000000005));
#12606=CARTESIAN_POINT('Origin',(-0.999999999999996,10.,-10.0000000000005));
#12607=CARTESIAN_POINT('',(7.00000000000002,10.,-11.5000000000004));
#12608=CARTESIAN_POINT('Origin',(7.,10.,-10.0000000000004));
#12609=CARTESIAN_POINT('',(1.12410081243297E-14,10.,-11.5000000000005));
#12610=CARTESIAN_POINT('',(-0.999999999999984,10.,-11.5000000000005));
#12611=CARTESIAN_POINT('Origin',(0.,10.,-10.0000000000005));
#12612=CARTESIAN_POINT('Origin',(-1.8,11.2701705922172,-10.000000000001));
#12613=CARTESIAN_POINT('',(-1.8,11.2701705922172,-10.000000000001));
#12614=CARTESIAN_POINT('',(-1.80000000000001,10.6350852961086,-8.90000000000101));
#12615=CARTESIAN_POINT('',(-1.8,11.1113992681899,-9.72500000000082));
#12616=CARTESIAN_POINT('',(-1.3,11.2701705922172,-10.000000000001));
#12617=CARTESIAN_POINT('',(-1.8,11.2701705922172,-10.000000000001));
#12618=CARTESIAN_POINT('',(-1.30000000000001,10.6350852961086,-8.900000000001));
#12619=CARTESIAN_POINT('',(-1.30000000000001,10.6350852961086,-8.900000000001));
#12620=CARTESIAN_POINT('',(-1.80000000000001,10.6350852961086,-8.90000000000101));
#12621=CARTESIAN_POINT('Origin',(-1.79999999999999,10.6350852961086,-11.100000000001));
#12622=CARTESIAN_POINT('',(-1.79999999999999,10.6350852961086,-11.100000000001));
#12623=CARTESIAN_POINT('',(-1.79999999999999,10.7938566201359,-10.8250000000008));
#12624=CARTESIAN_POINT('',(-1.29999999999999,10.6350852961086,-11.100000000001));
#12625=CARTESIAN_POINT('',(-1.79999999999999,10.6350852961086,-11.100000000001));
#12626=CARTESIAN_POINT('',(-1.3,11.2701705922172,-10.000000000001));
#12627=CARTESIAN_POINT('Origin',(-1.79999999999999,9.36491470389142,-11.100000000001));
#12628=CARTESIAN_POINT('',(-1.79999999999999,9.36491470389142,-11.100000000001));
#12629=CARTESIAN_POINT('',(-1.79999999999999,9.68245735194571,-11.100000000001));
#12630=CARTESIAN_POINT('',(-1.29999999999999,9.36491470389142,-11.100000000001));
#12631=CARTESIAN_POINT('',(-1.79999999999999,9.36491470389142,-11.100000000001));
#12632=CARTESIAN_POINT('',(-1.29999999999999,10.6350852961086,-11.100000000001));
#12633=CARTESIAN_POINT('Origin',(-1.8,8.72982940778283,-10.000000000001));
#12634=CARTESIAN_POINT('',(-1.8,8.72982940778283,-10.000000000001));
#12635=CARTESIAN_POINT('',(-1.79999999999999,8.88860073180987,-10.2750000000008));
#12636=CARTESIAN_POINT('',(-1.3,8.72982940778283,-10.000000000001));
#12637=CARTESIAN_POINT('',(-1.8,8.72982940778283,-10.000000000001));
#12638=CARTESIAN_POINT('',(-1.29999999999999,9.36491470389142,-11.100000000001));
#12639=CARTESIAN_POINT('Origin',(-1.80000000000001,9.36491470389142,-8.90000000000101));
#12640=CARTESIAN_POINT('',(-1.80000000000001,9.36491470389142,-8.90000000000101));
#12641=CARTESIAN_POINT('',(-1.8,9.20614337986438,-9.17500000000082));
#12642=CARTESIAN_POINT('',(-1.30000000000001,9.36491470389142,-8.900000000001));
#12643=CARTESIAN_POINT('',(-1.80000000000001,9.36491470389142,-8.90000000000101));
#12644=CARTESIAN_POINT('',(-1.3,8.72982940778283,-10.000000000001));
#12645=CARTESIAN_POINT('Origin',(-1.80000000000001,10.6350852961086,-8.90000000000101));
#12646=CARTESIAN_POINT('',(-1.80000000000001,10.3175426480543,-8.90000000000101));
#12647=CARTESIAN_POINT('',(-1.30000000000001,9.36491470389142,-8.900000000001));
#12648=CARTESIAN_POINT('Origin',(-1.3,10.,-10.000000000001));
#12649=CARTESIAN_POINT('Origin',(7.,10.,-10.0000000000004));
#12650=CARTESIAN_POINT('Origin',(-1.3,10.,-10.0000000000005));
#12651=CARTESIAN_POINT('',(-1.29999999999997,10.,-13.0000000000005));
#12652=CARTESIAN_POINT('Origin',(-1.3,10.,-10.0000000000005));
#12653=CARTESIAN_POINT('',(-0.999999999999884,10.,-12.7000000000005));
#12654=CARTESIAN_POINT('Origin',(-1.29999999999997,10.,-12.7000000000005));
#12655=CARTESIAN_POINT('',(-0.999999999999919,7.76956523872601,-8.47843476127407));
#12656=CARTESIAN_POINT('Origin',(-0.999999999999907,10.,-10.0000000000005));
#12657=CARTESIAN_POINT('',(-0.999999999999925,8.47843476127369,-7.76956523872643));
#12658=CARTESIAN_POINT('Origin',(-0.999999999999996,10.,-10.0000000000005));
#12659=CARTESIAN_POINT('Origin',(-0.999999999999907,10.,-10.0000000000005));
#12660=CARTESIAN_POINT('Origin',(-0.999999999999996,10.,-10.0000000000005));
#12661=CARTESIAN_POINT('',(-1.49999999999997,10.,-13.0000000000005));
#12662=CARTESIAN_POINT('Origin',(-1.5,10.,-10.0000000000005));
#12663=CARTESIAN_POINT('',(-0.999999999999971,10.,-13.0000000000005));
#12664=CARTESIAN_POINT('Origin',(-0.999999999999996,10.,-10.0000000000005));
#12665=CARTESIAN_POINT('Origin',(-0.999999999999996,0.,0.));
#12666=CARTESIAN_POINT('Origin',(-1.5,10.,-10.0000000000005));
#12667=CARTESIAN_POINT('',(-1.79999999999997,10.,-12.7000000000005));
#12668=CARTESIAN_POINT('Origin',(-1.8,10.,-10.0000000000005));
#12669=CARTESIAN_POINT('Origin',(-1.49999999999997,10.,-12.7000000000005));
#12670=CARTESIAN_POINT('Origin',(-1.8,10.,-10.0000000000005));
#12671=CARTESIAN_POINT('Origin',(0.,-2.06487901862808E-15,0.));
#12672=CARTESIAN_POINT('',(0.,-8.45,10.0000000000004));
#12673=CARTESIAN_POINT('Origin',(0.,-10.,10.0000000000004));
#12674=CARTESIAN_POINT('',(-8.2572837456496E-14,-9.99999999999998,8.49999999999951));
#12675=CARTESIAN_POINT('Origin',(-9.43689570931383E-14,-9.99999999999998,
9.99999999999951));
#12676=CARTESIAN_POINT('Origin',(0.,-2.06487901862808E-15,0.));
#12677=CARTESIAN_POINT('',(0.,-8.45,-9.99999999999961));
#12678=CARTESIAN_POINT('Origin',(0.,-10.,-9.99999999999961));
#12679=CARTESIAN_POINT('Origin',(0.,-2.06487901862808E-15,0.));
#12680=CARTESIAN_POINT('',(0.,11.55,10.0000000000004));
#12681=CARTESIAN_POINT('Origin',(0.,10.,10.0000000000004));
#12682=CARTESIAN_POINT('',(-6.84174938925253E-14,10.,8.49999999999951));
#12683=CARTESIAN_POINT('Origin',(-8.04911692853238E-14,10.,9.99999999999951));
#12684=CARTESIAN_POINT('Origin',(0.,-2.06487901862808E-15,0.));
#12685=CARTESIAN_POINT('',(0.,11.55,-9.99999999999961));
#12686=CARTESIAN_POINT('Origin',(0.,10.,-9.99999999999961));
#12687=CARTESIAN_POINT('Origin',(0.,0.,0.));
#12688=CARTESIAN_POINT('',(-0.999999999999996,21.,0.));
#12689=CARTESIAN_POINT('Origin',(-0.999999999999996,0.,0.));
#12690=CARTESIAN_POINT('',(0.,21.,0.));
#12691=CARTESIAN_POINT('',(-1.47995887753018E-28,21.,1.66628556234214E-14));
#12692=CARTESIAN_POINT('Origin',(0.,0.,0.));
#12693=CARTESIAN_POINT('Origin',(-0.999999999999996,-2.06487901862808E-15,
0.));
#12694=CARTESIAN_POINT('Origin',(-0.999999999999996,0.,0.));
#12695=CARTESIAN_POINT('',(-1.00000000000001,11.5,-5.46990490010271E-14));
#12696=CARTESIAN_POINT('Origin',(-0.999999999999996,0.,0.));
#12697=CARTESIAN_POINT('',(-1.00000000000006,8.47843476127614,7.76956523872375));
#12698=CARTESIAN_POINT('Origin',(-0.999999999999996,0.,0.));
#12699=CARTESIAN_POINT('',(-1.00000000000007,10.,7.2999999999995));
#12700=CARTESIAN_POINT('Origin',(-1.00000000000009,10.,9.9999999999995));
#12701=CARTESIAN_POINT('',(-1.00000000000006,7.76956523872418,8.47843476127575));
#12702=CARTESIAN_POINT('Origin',(-1.00000000000009,10.,9.9999999999995));
#12703=CARTESIAN_POINT('',(-1.00000000000008,-7.76956523872413,8.47843476127579));
#12704=CARTESIAN_POINT('Origin',(-0.999999999999996,0.,0.));
#12705=CARTESIAN_POINT('',(-1.00000000000007,-9.99999999999998,7.2999999999995));
#12706=CARTESIAN_POINT('Origin',(-1.00000000000009,-9.99999999999998,9.9999999999995));
#12707=CARTESIAN_POINT('',(-1.00000000000007,-8.47843476127616,7.76956523872373));
#12708=CARTESIAN_POINT('Origin',(-1.00000000000009,-9.99999999999998,9.9999999999995));
#12709=CARTESIAN_POINT('Origin',(-0.999999999999996,0.,0.));
#12710=CARTESIAN_POINT('Origin',(-1.80000000000009,11.2701705922172,9.99999999999899));
#12711=CARTESIAN_POINT('',(-1.80000000000009,11.2701705922172,9.99999999999899));
#12712=CARTESIAN_POINT('',(-1.8000000000001,10.6350852961086,11.099999999999));
#12713=CARTESIAN_POINT('',(-1.8000000000001,11.1113992681899,10.2749999999992));
#12714=CARTESIAN_POINT('',(-1.30000000000009,11.2701705922172,9.99999999999899));
#12715=CARTESIAN_POINT('',(-1.80000000000009,11.2701705922172,9.99999999999899));
#12716=CARTESIAN_POINT('',(-1.3000000000001,10.6350852961086,11.099999999999));
#12717=CARTESIAN_POINT('',(-1.3000000000001,10.6350852961086,11.099999999999));
#12718=CARTESIAN_POINT('',(-1.8000000000001,10.6350852961086,11.099999999999));
#12719=CARTESIAN_POINT('Origin',(-1.80000000000008,10.6350852961086,8.89999999999899));
#12720=CARTESIAN_POINT('',(-1.80000000000008,10.6350852961086,8.89999999999899));
#12721=CARTESIAN_POINT('',(-1.80000000000009,10.7938566201359,9.17499999999918));
#12722=CARTESIAN_POINT('',(-1.30000000000008,10.6350852961086,8.89999999999899));
#12723=CARTESIAN_POINT('',(-1.80000000000008,10.6350852961086,8.89999999999899));
#12724=CARTESIAN_POINT('',(-1.30000000000009,11.2701705922172,9.99999999999899));
#12725=CARTESIAN_POINT('Origin',(-1.80000000000009,9.36491470389142,8.89999999999899));
#12726=CARTESIAN_POINT('',(-1.80000000000009,9.36491470389142,8.89999999999899));
#12727=CARTESIAN_POINT('',(-1.80000000000008,9.68245735194571,8.89999999999899));
#12728=CARTESIAN_POINT('',(-1.30000000000009,9.36491470389142,8.89999999999899));
#12729=CARTESIAN_POINT('',(-1.80000000000009,9.36491470389142,8.89999999999899));
#12730=CARTESIAN_POINT('',(-1.30000000000008,10.6350852961086,8.89999999999899));
#12731=CARTESIAN_POINT('Origin',(-1.8000000000001,8.72982940778283,9.99999999999899));
#12732=CARTESIAN_POINT('',(-1.8000000000001,8.72982940778283,9.99999999999899));
#12733=CARTESIAN_POINT('',(-1.80000000000009,8.88860073180987,9.72499999999918));
#12734=CARTESIAN_POINT('',(-1.30000000000009,8.72982940778283,9.99999999999899));
#12735=CARTESIAN_POINT('',(-1.8000000000001,8.72982940778283,9.99999999999899));
#12736=CARTESIAN_POINT('',(-1.30000000000009,9.36491470389142,8.89999999999899));
#12737=CARTESIAN_POINT('Origin',(-1.8000000000001,9.36491470389142,11.099999999999));
#12738=CARTESIAN_POINT('',(-1.8000000000001,9.36491470389142,11.099999999999));
#12739=CARTESIAN_POINT('',(-1.8000000000001,9.20614337986438,10.8249999999992));
#12740=CARTESIAN_POINT('',(-1.3000000000001,9.36491470389142,11.099999999999));
#12741=CARTESIAN_POINT('',(-1.8000000000001,9.36491470389142,11.099999999999));
#12742=CARTESIAN_POINT('',(-1.30000000000009,8.72982940778283,9.99999999999899));
#12743=CARTESIAN_POINT('Origin',(-1.8000000000001,10.6350852961086,11.099999999999));
#12744=CARTESIAN_POINT('',(-1.8000000000001,10.3175426480543,11.099999999999));
#12745=CARTESIAN_POINT('',(-1.3000000000001,9.36491470389142,11.099999999999));
#12746=CARTESIAN_POINT('Origin',(-1.30000000000009,10.,9.99999999999899));
#12747=CARTESIAN_POINT('Origin',(6.99999999999991,10.,9.99999999999957));
#12748=CARTESIAN_POINT('',(6.99999999999992,10.,8.49999999999957));
#12749=CARTESIAN_POINT('Origin',(6.99999999999991,10.,9.99999999999957));
#12750=CARTESIAN_POINT('Origin',(-1.00000000000009,10.,9.9999999999995));
#12751=CARTESIAN_POINT('',(-1.00000000000008,10.,8.4999999999995));
#12752=CARTESIAN_POINT('Origin',(-1.30000000000009,10.,9.9999999999995));
#12753=CARTESIAN_POINT('',(-1.30000000000007,10.,6.9999999999995));
#12754=CARTESIAN_POINT('Origin',(-1.30000000000009,10.,9.9999999999995));
#12755=CARTESIAN_POINT('Origin',(-1.30000000000007,10.,7.2999999999995));
#12756=CARTESIAN_POINT('Origin',(-1.00000000000009,10.,9.9999999999995));
#12757=CARTESIAN_POINT('Origin',(-1.00000000000009,10.,9.9999999999995));
#12758=CARTESIAN_POINT('',(-1.50000000000007,10.,6.99999999999949));
#12759=CARTESIAN_POINT('Origin',(-1.50000000000009,10.,9.99999999999949));
#12760=CARTESIAN_POINT('',(-1.00000000000007,10.,6.9999999999995));
#12761=CARTESIAN_POINT('Origin',(-1.00000000000009,10.,9.9999999999995));
#12762=CARTESIAN_POINT('Origin',(-1.00000000000001,0.,-8.88178419700133E-15));
#12763=CARTESIAN_POINT('Origin',(-1.50000000000009,10.,9.99999999999949));
#12764=CARTESIAN_POINT('',(-1.80000000000007,10.,7.29999999999949));
#12765=CARTESIAN_POINT('Origin',(-1.80000000000009,10.,9.99999999999949));
#12766=CARTESIAN_POINT('Origin',(-1.50000000000007,10.,7.29999999999949));
#12767=CARTESIAN_POINT('Origin',(-1.80000000000009,10.,9.99999999999949));
#12768=CARTESIAN_POINT('Origin',(-14.7999999999999,8.19837382249266,4.00000000000024));
#12769=CARTESIAN_POINT('',(-14.7999999999999,8.19837382249266,4.00000000000024));
#12770=CARTESIAN_POINT('',(-14.7999999999999,7.56328852638407,5.10000000000024));
#12771=CARTESIAN_POINT('',(-14.7999999999999,8.0396024984654,4.27500000000043));
#12772=CARTESIAN_POINT('',(-14.2999999999999,8.19837382249266,4.00000000000024));
#12773=CARTESIAN_POINT('',(-14.7999999999999,8.19837382249266,4.00000000000024));
#12774=CARTESIAN_POINT('',(-14.2999999999999,7.56328852638407,5.10000000000024));
#12775=CARTESIAN_POINT('',(-14.2999999999999,7.56328852638407,5.10000000000024));
#12776=CARTESIAN_POINT('',(-14.7999999999999,7.56328852638407,5.10000000000024));
#12777=CARTESIAN_POINT('Origin',(-14.7999999999999,7.56328852638407,2.90000000000024));
#12778=CARTESIAN_POINT('',(-14.7999999999999,7.56328852638407,2.90000000000024));
#12779=CARTESIAN_POINT('',(-14.7999999999999,7.72205985041133,3.17500000000042));
#12780=CARTESIAN_POINT('',(-14.2999999999999,7.56328852638407,2.90000000000024));
#12781=CARTESIAN_POINT('',(-14.7999999999999,7.56328852638407,2.90000000000024));
#12782=CARTESIAN_POINT('',(-14.2999999999999,8.19837382249266,4.00000000000024));
#12783=CARTESIAN_POINT('Origin',(-14.7999999999999,6.29311793416689,2.90000000000024));
#12784=CARTESIAN_POINT('',(-14.7999999999999,6.29311793416689,2.90000000000024));
#12785=CARTESIAN_POINT('',(-14.7999999999999,6.61066058222119,2.90000000000024));
#12786=CARTESIAN_POINT('',(-14.2999999999999,6.29311793416689,2.90000000000024));
#12787=CARTESIAN_POINT('',(-14.7999999999999,6.29311793416689,2.90000000000024));
#12788=CARTESIAN_POINT('',(-14.2999999999999,7.56328852638407,2.90000000000024));
#12789=CARTESIAN_POINT('Origin',(-14.7999999999999,5.6580326380583,4.00000000000024));
#12790=CARTESIAN_POINT('',(-14.7999999999999,5.6580326380583,4.00000000000024));
#12791=CARTESIAN_POINT('',(-14.7999999999999,5.81680396208534,3.72500000000043));
#12792=CARTESIAN_POINT('',(-14.2999999999999,5.6580326380583,4.00000000000024));
#12793=CARTESIAN_POINT('',(-14.7999999999999,5.6580326380583,4.00000000000024));
#12794=CARTESIAN_POINT('',(-14.2999999999999,6.29311793416689,2.90000000000024));
#12795=CARTESIAN_POINT('Origin',(-14.7999999999999,6.29311793416689,5.10000000000024));
#12796=CARTESIAN_POINT('',(-14.7999999999999,6.29311793416689,5.10000000000024));
#12797=CARTESIAN_POINT('',(-14.7999999999999,6.13434661013985,4.82500000000042));
#12798=CARTESIAN_POINT('',(-14.2999999999999,6.29311793416689,5.10000000000024));
#12799=CARTESIAN_POINT('',(-14.7999999999999,6.29311793416689,5.10000000000024));
#12800=CARTESIAN_POINT('',(-14.2999999999999,5.6580326380583,4.00000000000024));
#12801=CARTESIAN_POINT('Origin',(-14.7999999999999,7.56328852638407,5.10000000000024));
#12802=CARTESIAN_POINT('',(-14.7999999999999,7.24574587832977,5.10000000000024));
#12803=CARTESIAN_POINT('',(-14.2999999999999,6.29311793416689,5.10000000000024));
#12804=CARTESIAN_POINT('Origin',(-14.2999999999999,6.92820323027548,4.00000000000024));
#12805=CARTESIAN_POINT('Origin',(-14.2999999999999,6.92820323027548,4.00000000000074));
#12806=CARTESIAN_POINT('',(-14.2999999999999,6.92820323027548,1.00000000000074));
#12807=CARTESIAN_POINT('Origin',(-14.2999999999999,6.92820323027548,4.00000000000074));
#12808=CARTESIAN_POINT('Origin',(-14.2999999999999,6.92820323027548,1.30000000000074));
#12809=CARTESIAN_POINT('Origin',(-13.9999999999999,6.92820323027548,4.00000000000074));
#12810=CARTESIAN_POINT('',(-14.4999999999999,6.92820323027548,1.00000000000074));
#12811=CARTESIAN_POINT('Origin',(-14.4999999999999,6.92820323027548,4.00000000000074));
#12812=CARTESIAN_POINT('',(-13.9999999999999,6.92820323027548,1.00000000000074));
#12813=CARTESIAN_POINT('Origin',(-14.4999999999999,6.92820323027548,4.00000000000074));
#12814=CARTESIAN_POINT('',(-14.7999999999999,6.92820323027548,1.30000000000074));
#12815=CARTESIAN_POINT('Origin',(-14.7999999999999,6.92820323027548,4.00000000000074));
#12816=CARTESIAN_POINT('Origin',(-14.4999999999999,6.92820323027548,1.30000000000074));
#12817=CARTESIAN_POINT('Origin',(-14.7999999999999,6.92820323027548,4.00000000000074));
#12818=CARTESIAN_POINT('Origin',(7.,5.55111512312578E-16,7.87148124459236E-13));
#12819=CARTESIAN_POINT('',(6.99999999999994,5.62917917580393E-16,28.0000000000008));
#12820=CARTESIAN_POINT('Origin',(6.99999999999994,5.62917767954473E-16,
7.87148124459236E-13));
#12821=CARTESIAN_POINT('',(7.,21.,7.90478793533111E-13));
#12822=CARTESIAN_POINT('Origin',(7.,-3.15268905334799E-30,7.90478793533111E-13));
#12823=CARTESIAN_POINT('Origin',(4.99999999999995,5.55111512312577E-16,
7.87148124459236E-13));
#12824=CARTESIAN_POINT('',(4.99999999999995,5.55111661938497E-16,28.0000000000008));
#12825=CARTESIAN_POINT('',(4.99999999999995,-6.30291041328668E-15,28.0000000000008));
#12826=CARTESIAN_POINT('Origin',(5.,5.55111512312577E-16,7.87148124459236E-13));
#12827=CARTESIAN_POINT('Origin',(3.,-9.75578037969342E-16,7.87148124459236E-13));
#12828=CARTESIAN_POINT('',(-1.11022302462516E-15,-26.,7.83964042781453E-13));
#12829=CARTESIAN_POINT('Origin',(-1.11022302462516E-15,-9.75578037969342E-16,
7.87148124459236E-13));
#12830=CARTESIAN_POINT('',(-6.,-26.,7.77595879425887E-13));
#12831=CARTESIAN_POINT('',(3.,-26.,7.83964042781453E-13));
#12832=CARTESIAN_POINT('Origin',(-6.,-9.75578037969342E-16,7.87148124459236E-13));
#12833=CARTESIAN_POINT('Origin',(-8.99999999999987,-12.1243556529822,-6.99999999999923));
#12834=CARTESIAN_POINT('',(-5.99999999999987,-6.12435565298215,-6.99999999999923));
#12835=CARTESIAN_POINT('',(-8.99999999999987,-6.1243556529822,-6.99999999999922));
#12836=CARTESIAN_POINT('Origin',(-5.99999999999986,-12.1243556529822,-6.99999999999923));
#12837=CARTESIAN_POINT('Origin',(-8.99999999999987,12.1243556529821,-6.99999999999922));
#12838=CARTESIAN_POINT('',(-5.99999999999987,18.1243556529821,-6.99999999999923));
#12839=CARTESIAN_POINT('',(-8.99999999999987,18.1243556529821,-6.99999999999922));
#12840=CARTESIAN_POINT('Origin',(-5.99999999999986,12.1243556529821,-6.99999999999923));
#12841=CARTESIAN_POINT('Origin',(-8.99999999999987,-4.40458907558193E-15,
14.0000000000008));
#12842=CARTESIAN_POINT('',(-5.99999999999987,6.,14.0000000000008));
#12843=CARTESIAN_POINT('',(-8.99999999999987,6.,14.0000000000008));
#12844=CARTESIAN_POINT('Origin',(-5.99999999999986,-6.34747936867595E-15,
14.0000000000008));
#12845=CARTESIAN_POINT('Origin',(-6.99999999999987,-9.75578037969342E-16,
7.87148124459236E-13));
#12846=CARTESIAN_POINT('',(-5.99999999999987,4.,7.7884315411371E-13));
#12847=CARTESIAN_POINT('',(-6.99999999999987,4.,7.88617700618213E-13));
#12848=CARTESIAN_POINT('Origin',(-5.99999999999986,-2.91846833106336E-15,
7.82707232360736E-13));
#12849=CARTESIAN_POINT('Origin',(5.,5.55111512312578E-16,7.87148124459236E-13));
#12850=CARTESIAN_POINT('',(3.,-32.,7.75391515187422E-13));
#12851=CARTESIAN_POINT('Origin',(3.,5.55111512312578E-16,7.87148124459236E-13));
#12852=CARTESIAN_POINT('',(5.,-32.,7.75391515187422E-13));
#12853=CARTESIAN_POINT('',(5.,-32.,7.83229254701965E-13));
#12854=CARTESIAN_POINT('Origin',(5.,5.55111512312578E-16,7.87148124459236E-13));
#12855=CARTESIAN_POINT('Origin',(-14.,-9.75578037969342E-16,7.87148124459236E-13));
#12856=CARTESIAN_POINT('',(-12.,32.,7.91066994216508E-13));
#12857=CARTESIAN_POINT('Origin',(-12.,-9.75578037969342E-16,7.87148124459236E-13));
#12858=CARTESIAN_POINT('',(-14.,32.,7.91066994216508E-13));
#12859=CARTESIAN_POINT('',(-14.,32.,7.98904733731051E-13));
#12860=CARTESIAN_POINT('Origin',(-14.,-9.75578037969342E-16,7.87148124459236E-13));
#12861=CARTESIAN_POINT('Origin',(-13.9999999999999,-9.75578037969342E-16,
7.87148124459236E-13));
#12862=CARTESIAN_POINT('',(-13.9999999999999,26.05,7.90338329371015E-13));
#12863=CARTESIAN_POINT('Origin',(-14.,-9.75578037969342E-16,7.87148124459236E-13));
#12864=CARTESIAN_POINT('',(-13.9999999999999,26.05,7.96718739194573E-13));
#12865=CARTESIAN_POINT('Origin',(-14.,-2.22074874337772E-15,7.96029908656237E-13));
#12866=CARTESIAN_POINT('Origin',(5.,2.22014335512291E-15,7.87148124459236E-13));
#12867=CARTESIAN_POINT('Origin',(-4.5,4.44089209850063E-15,7.86037901434611E-13));
#12868=CARTESIAN_POINT('',(-4.5,-23.6539784818615,-23.7731804490594));
#12869=CARTESIAN_POINT('',(-4.5,-21.8647524155775,-23.5019701685935));
#12870=CARTESIAN_POINT('',(-4.5,-24.4191226342345,-23.8891607402436));
#12871=CARTESIAN_POINT('',(-4.5,-19.9628887921387,-25.1374833878148));
#12872=CARTESIAN_POINT('Origin',(-4.5,5.55111512312578E-16,7.87148124459236E-13));
#12873=CARTESIAN_POINT('',(-4.5,-19.6604607622409,-25.7546254392736));
#12874=CARTESIAN_POINT('Origin',(-4.5,-20.4604062698244,-25.7639627245828));
#12875=CARTESIAN_POINT('',(-4.5,-19.6438139893692,-27.1807906182834));
#12876=CARTESIAN_POINT('',(-4.5,-19.6604607622409,-25.7546254392736));
#12877=CARTESIAN_POINT('',(-4.5,-20.381394632736,-27.41503791578));
#12878=CARTESIAN_POINT('',(-4.5,-20.381394632736,-27.41503791578));
#12879=CARTESIAN_POINT('',(-4.5,-21.1131266295147,-27.2852686247723));
#12880=CARTESIAN_POINT('Origin',(-4.5,-20.6235468815839,-26.652566743618));
#12881=CARTESIAN_POINT('',(-4.5,-23.5199436252655,-25.2400921524514));
#12882=CARTESIAN_POINT('Origin',(-4.5,5.55111512312578E-16,7.87148124459236E-13));
#12883=CARTESIAN_POINT('',(-4.5,-23.7661111523419,-24.5388979335566));
#12884=CARTESIAN_POINT('Origin',(-4.5,-22.9745536281579,-24.6548146532641));
#12885=CARTESIAN_POINT('',(-4.5,-23.4473189184979,-22.3619696009799));
#12886=CARTESIAN_POINT('Origin',(-4.5,4.44089209850063E-15,7.86037901434611E-13));
#12887=CARTESIAN_POINT('',(-4.5,-15.1499536023778,-29.919119514613));
#12888=CARTESIAN_POINT('',(-4.5,-13.5321070786265,-29.1082819488293));
#12889=CARTESIAN_POINT('',(-4.5,-15.8418090534088,-30.2658658725354));
#12890=CARTESIAN_POINT('',(-4.5,-11.217925907186,-30.0760392728304));
#12891=CARTESIAN_POINT('Origin',(-4.5,5.55111512312578E-16,7.87148124459236E-13));
#12892=CARTESIAN_POINT('',(-4.5,-10.7395923767972,-30.5695208415363));
#12893=CARTESIAN_POINT('Origin',(-4.5,-11.4975003846237,-30.8255978839913));
#12894=CARTESIAN_POINT('',(-4.5,-10.2830510778826,-31.920740392628));
#12895=CARTESIAN_POINT('',(-4.5,-10.7395923767972,-30.5695208415363));
#12896=CARTESIAN_POINT('',(-4.5,-10.9121455592368,-32.371447764859));
#12897=CARTESIAN_POINT('',(-4.5,-10.9121455592368,-32.3714477648589));
#12898=CARTESIAN_POINT('',(-4.5,-11.6481649592242,-32.4741474573636));
#12899=CARTESIAN_POINT('Origin',(-4.5,-11.3780625833582,-31.7211237482073));
#12900=CARTESIAN_POINT('',(-4.5,-14.5691782330059,-31.2728164004268));
#12901=CARTESIAN_POINT('Origin',(-4.5,5.55111512312578E-16,7.87148124459236E-13));
#12902=CARTESIAN_POINT('',(-4.5,-15.0199783937281,-30.6820110186882));
#12903=CARTESIAN_POINT('Origin',(-4.5,-14.2313422160087,-30.5476496433154));
#12904=CARTESIAN_POINT('',(-4.5,-15.3894968126891,-28.5131169245511));
#12905=CARTESIAN_POINT('Origin',(-4.5,4.44089209850063E-15,7.86037901434611E-13));
#12906=CARTESIAN_POINT('',(-4.5,-5.16294570835991,-33.1363667033128));
#12907=CARTESIAN_POINT('',(-4.5,-3.87484481708548,-31.8652722825877));
#12908=CARTESIAN_POINT('',(-4.5,-5.71378882606163,-33.6799371785361));
#12909=CARTESIAN_POINT('',(-4.5,-1.37487427455233,-32.0705428817337));
#12910=CARTESIAN_POINT('Origin',(-4.5,5.55111512312578E-16,7.87148124459236E-13));
#12911=CARTESIAN_POINT('',(-4.5,-0.767457862372631,-32.3920585534536));
#12912=CARTESIAN_POINT('Origin',(-4.5,-1.40913905398044,-32.8698087479452));
#12913=CARTESIAN_POINT('',(-4.5,0.0842885193370023,-33.5360656924661));
#12914=CARTESIAN_POINT('',(-4.5,-0.767457862372631,-32.3920585534536));
#12915=CARTESIAN_POINT('',(-4.5,-0.374739649010858,-34.1591147615745));
#12916=CARTESIAN_POINT('',(-4.5,-0.374739649010858,-34.1591147615745));
#12917=CARTESIAN_POINT('',(-4.5,-1.04299974518749,-34.4842304761384));
#12918=CARTESIAN_POINT('Origin',(-4.5,-1.01881424384986,-33.6845961462568));
#12919=CARTESIAN_POINT('',(-4.5,-4.19228016586613,-34.2443394886042));
#12920=CARTESIAN_POINT('Origin',(-4.5,5.55111512312578E-16,7.87148124459236E-13));
#12921=CARTESIAN_POINT('',(-4.5,-4.80358549959326,-33.8217550911696));
#12922=CARTESIAN_POINT('Origin',(-4.5,-4.0950678721649,-33.4502678482887));
#12923=CARTESIAN_POINT('',(-4.5,-5.82524353392498,-31.8732017009799));
#12924=CARTESIAN_POINT('Origin',(-4.5,4.44089209850063E-15,7.86037901434611E-13));
#12925=CARTESIAN_POINT('',(-4.5,5.32944728395028,-33.1099954444498));
#12926=CARTESIAN_POINT('',(-4.5,6.16171425278318,-31.5030677469195));
#12927=CARTESIAN_POINT('',(-4.5,4.97353686188815,-33.7971815715808));
#12928=CARTESIAN_POINT('',(-4.5,8.60275963138691,-30.9257583047616));
#12929=CARTESIAN_POINT('Origin',(-4.5,5.55111512312578E-16,7.87148124459236E-13));
#12930=CARTESIAN_POINT('',(-4.5,9.27980077481433,-31.0438358854159));
#12931=CARTESIAN_POINT('Origin',(-4.5,8.81715862531555,-31.6964937142261));
#12932=CARTESIAN_POINT('',(-4.5,10.4433773690112,-31.8686472228163));
#12933=CARTESIAN_POINT('',(-4.5,9.27980077481433,-31.0438358854159));
#12934=CARTESIAN_POINT('',(-4.5,10.199348389025,-32.6030496048799));
#12935=CARTESIAN_POINT('',(-4.5,10.199348389025,-32.6030496048799));
#12936=CARTESIAN_POINT('',(-4.5,9.66426155091471,-33.118756750147));
#12937=CARTESIAN_POINT('Origin',(-4.5,9.44016273234273,-32.350785579129));
#12938=CARTESIAN_POINT('',(-4.5,6.59498749324213,-33.8637880332941));
#12939=CARTESIAN_POINT('Origin',(-4.5,5.55111512312578E-16,7.87148124459236E-13));
#12940=CARTESIAN_POINT('',(-4.5,5.88301581178999,-33.650790125303));
#12941=CARTESIAN_POINT('Origin',(-4.5,6.44206024702201,-33.0785407745511));
#12942=CARTESIAN_POINT('',(-4.5,4.30922516879795,-32.1133154212623));
#12943=CARTESIAN_POINT('Origin',(-4.5,4.44089209850063E-15,7.86037901434611E-13));
#12944=CARTESIAN_POINT('',(-4.5,15.3001568436647,-29.8425871405808));
#12945=CARTESIAN_POINT('',(-4.5,15.5951218004018,-28.0571234454031));
#12946=CARTESIAN_POINT('',(-4.5,15.1740181091274,-30.6061223535887));
#12947=CARTESIAN_POINT('',(-4.5,17.7382954856551,-26.7537450324911));
#12948=CARTESIAN_POINT('Origin',(-4.5,5.55111512312578E-16,7.87148124459236E-13));
#12949=CARTESIAN_POINT('',(-4.5,18.4186878559886,-26.6568262657907));
#12950=CARTESIAN_POINT('Origin',(-4.5,18.1803713856092,-27.4205050333009));
#12951=CARTESIAN_POINT('',(-4.5,19.7801956785179,-27.0817035210757));
#12952=CARTESIAN_POINT('',(-4.5,18.4186878559886,-26.6568262657907));
#12953=CARTESIAN_POINT('',(-4.5,19.7750531437042,-27.8555707940556));
#12954=CARTESIAN_POINT('',(-4.5,19.7750531437042,-27.8555707940556));
#12955=CARTESIAN_POINT('',(-4.5,19.4255175915438,-28.5113883615043));
#12956=CARTESIAN_POINT('Origin',(-4.5,18.9750708068123,-27.8502547183389));
#12957=CARTESIAN_POINT('',(-4.5,16.7366918265321,-30.1684130624001));
#12958=CARTESIAN_POINT('Origin',(-4.5,5.55111512312578E-16,7.87148124459236E-13));
#12959=CARTESIAN_POINT('',(-4.5,15.9937465461338,-30.1858513631304));
#12960=CARTESIAN_POINT('Origin',(-4.5,16.3485946247574,-29.4688556580546));
#12961=CARTESIAN_POINT('',(-4.5,14.0218768878617,-29.2099540814863));
#12962=CARTESIAN_POINT('Origin',(-4.5,4.44089209850063E-15,7.86037901434611E-13));
#12963=CARTESIAN_POINT('',(-4.5,23.7731804490602,-23.6539784818607));
#12964=CARTESIAN_POINT('',(-4.5,23.5019701685943,-21.8647524155767));
#12965=CARTESIAN_POINT('',(-4.5,23.8891607402444,-24.4191226342337));
#12966=CARTESIAN_POINT('',(-4.5,25.1374833878156,-19.9628887921379));
#12967=CARTESIAN_POINT('Origin',(-4.5,5.55111512312578E-16,7.87148124459236E-13));
#12968=CARTESIAN_POINT('',(-4.5,25.7546254392744,-19.6604607622401));
#12969=CARTESIAN_POINT('Origin',(-4.5,25.7639627245836,-20.4604062698236));
#12970=CARTESIAN_POINT('',(-4.5,27.1807906182842,-19.6438139893685));
#12971=CARTESIAN_POINT('',(-4.5,25.7546254392744,-19.6604607622401));
#12972=CARTESIAN_POINT('',(-4.5,27.4150379157807,-20.3813946327352));
#12973=CARTESIAN_POINT('',(-4.5,27.4150379157807,-20.3813946327352));
#12974=CARTESIAN_POINT('',(-4.5,27.285268624773,-21.1131266295139));
#12975=CARTESIAN_POINT('Origin',(-4.5,26.6525667436188,-20.6235468815831));
#12976=CARTESIAN_POINT('',(-4.5,25.2400921524522,-23.5199436252647));
#12977=CARTESIAN_POINT('Origin',(-4.5,5.55111512312578E-16,7.87148124459236E-13));
#12978=CARTESIAN_POINT('',(-4.5,24.5388979335574,-23.7661111523411));
#12979=CARTESIAN_POINT('Origin',(-4.5,24.6548146532649,-22.9745536281571));
#12980=CARTESIAN_POINT('',(-4.5,22.3619696009807,-23.4473189184971));
#12981=CARTESIAN_POINT('Origin',(-4.5,4.44089209850063E-15,7.86037901434611E-13));
#12982=CARTESIAN_POINT('',(-4.5,29.9191195146138,-15.1499536023771));
#12983=CARTESIAN_POINT('',(-4.5,29.1082819488301,-13.5321070786257));
#12984=CARTESIAN_POINT('',(-4.5,30.2658658725361,-15.8418090534081));
#12985=CARTESIAN_POINT('',(-4.5,30.0760392728312,-11.2179259071853));
#12986=CARTESIAN_POINT('Origin',(-4.5,5.55111512312578E-16,7.87148124459236E-13));
#12987=CARTESIAN_POINT('',(-4.5,30.5695208415371,-10.7395923767964));
#12988=CARTESIAN_POINT('Origin',(-4.5,30.8255978839921,-11.4975003846229));
#12989=CARTESIAN_POINT('',(-4.5,31.9207403926288,-10.2830510778818));
#12990=CARTESIAN_POINT('',(-4.5,30.5695208415371,-10.7395923767964));
#12991=CARTESIAN_POINT('',(-4.5,32.3714477648597,-10.9121455592361));
#12992=CARTESIAN_POINT('',(-4.5,32.3714477648597,-10.9121455592361));
#12993=CARTESIAN_POINT('',(-4.5,32.4741474573644,-11.6481649592235));
#12994=CARTESIAN_POINT('Origin',(-4.5,31.721123748208,-11.3780625833574));
#12995=CARTESIAN_POINT('',(-4.5,31.2728164004276,-14.5691782330052));
#12996=CARTESIAN_POINT('Origin',(-4.5,5.55111512312578E-16,7.87148124459236E-13));
#12997=CARTESIAN_POINT('',(-4.5,30.682011018689,-15.0199783937274));
#12998=CARTESIAN_POINT('Origin',(-4.5,30.5476496433162,-14.2313422160079));
#12999=CARTESIAN_POINT('',(-4.5,28.5131169245519,-15.3894968126883));
#13000=CARTESIAN_POINT('Origin',(-4.5,4.44089209850063E-15,7.86037901434611E-13));
#13001=CARTESIAN_POINT('',(-4.5,33.1363667033136,-5.16294570835913));
#13002=CARTESIAN_POINT('',(-4.5,31.8652722825885,-3.8748448170847));
#13003=CARTESIAN_POINT('',(-4.5,33.6799371785368,-5.71378882606085));
#13004=CARTESIAN_POINT('',(-4.5,32.0705428817345,-1.37487427455155));
#13005=CARTESIAN_POINT('Origin',(-4.5,5.55111512312578E-16,7.87148124459236E-13));
#13006=CARTESIAN_POINT('',(-4.5,32.3920585534544,-0.767457862371856));
#13007=CARTESIAN_POINT('Origin',(-4.5,32.869808747946,-1.40913905397966));
#13008=CARTESIAN_POINT('',(-4.5,33.5360656924669,0.084288519337775));
#13009=CARTESIAN_POINT('',(-4.5,32.3920585534544,-0.767457862371856));
#13010=CARTESIAN_POINT('',(-4.5,34.1591147615753,-0.37473964901008));
#13011=CARTESIAN_POINT('',(-4.5,34.1591147615753,-0.374739649010083));
#13012=CARTESIAN_POINT('',(-4.5,34.4842304761392,-1.04299974518675));
#13013=CARTESIAN_POINT('Origin',(-4.5,33.6845961462576,-1.01881424384909));
#13014=CARTESIAN_POINT('',(-4.5,34.244339488605,-4.19228016586536));
#13015=CARTESIAN_POINT('Origin',(-4.5,5.55111512312578E-16,7.87148124459236E-13));
#13016=CARTESIAN_POINT('',(-4.5,33.8217550911704,-4.80358549959248));
#13017=CARTESIAN_POINT('Origin',(-4.5,33.4502678482895,-4.09506787216413));
#13018=CARTESIAN_POINT('',(-4.5,31.8732017009807,-5.82524353392421));
#13019=CARTESIAN_POINT('Origin',(-4.5,4.44089209850063E-15,7.86037901434611E-13));
#13020=CARTESIAN_POINT('',(-4.5,33.1099954444506,5.32944728395106));
#13021=CARTESIAN_POINT('',(-4.5,31.5030677469203,6.16171425278396));
#13022=CARTESIAN_POINT('',(-4.5,33.7971815715816,4.97353686188893));
#13023=CARTESIAN_POINT('',(-4.5,30.9257583047624,8.60275963138769));
#13024=CARTESIAN_POINT('Origin',(-4.5,5.55111512312578E-16,7.87148124459236E-13));
#13025=CARTESIAN_POINT('',(-4.5,31.0438358854167,9.27980077481511));
#13026=CARTESIAN_POINT('Origin',(-4.5,31.6964937142269,8.81715862531633));
#13027=CARTESIAN_POINT('',(-4.5,31.8686472228171,10.443377369012));
#13028=CARTESIAN_POINT('',(-4.5,31.0438358854167,9.27980077481511));
#13029=CARTESIAN_POINT('',(-4.5,32.6030496048807,10.1993483890258));
#13030=CARTESIAN_POINT('',(-4.5,32.6030496048807,10.1993483890258));
#13031=CARTESIAN_POINT('',(-4.5,33.1187567501478,9.6642615509155));
#13032=CARTESIAN_POINT('Origin',(-4.5,32.3507855791298,9.44016273234351));
#13033=CARTESIAN_POINT('',(-4.5,33.8637880332949,6.59498749324292));
#13034=CARTESIAN_POINT('Origin',(-4.5,5.55111512312578E-16,7.87148124459236E-13));
#13035=CARTESIAN_POINT('',(-4.5,33.6507901253038,5.88301581179077));
#13036=CARTESIAN_POINT('Origin',(-4.5,33.0785407745518,6.44206024702279));
#13037=CARTESIAN_POINT('',(-4.5,32.113315421263,4.30922516879873));
#13038=CARTESIAN_POINT('Origin',(-4.5,4.44089209850063E-15,7.86037901434611E-13));
#13039=CARTESIAN_POINT('',(-4.5,26.6568262657915,18.4186878559894));
#13040=CARTESIAN_POINT('',(-4.5,27.0817035210765,19.7801956785187));
#13041=CARTESIAN_POINT('',(-4.5,26.6568262657915,18.4186878559894));
#13042=CARTESIAN_POINT('',(-4.5,27.8555707940564,19.775053143705));
#13043=CARTESIAN_POINT('',(-4.5,27.8555707940564,19.775053143705));
#13044=CARTESIAN_POINT('',(-4.5,28.5113883615051,19.4255175915446));
#13045=CARTESIAN_POINT('Origin',(-4.5,27.8502547183397,18.9750708068131));
#13046=CARTESIAN_POINT('',(-4.5,30.1684130624009,16.7366918265328));
#13047=CARTESIAN_POINT('Origin',(-4.5,5.55111512312578E-16,7.87148124459236E-13));
#13048=CARTESIAN_POINT('',(-4.5,30.1858513631311,15.9937465461346));
#13049=CARTESIAN_POINT('Origin',(-4.5,29.4688556580554,16.3485946247582));
#13050=CARTESIAN_POINT('',(-4.5,29.8425871405815,15.3001568436655));
#13051=CARTESIAN_POINT('',(-4.5,29.209954081487,14.0218768878625));
#13052=CARTESIAN_POINT('',(-4.5,28.0571234454039,15.5951218004026));
#13053=CARTESIAN_POINT('',(-4.5,30.6061223535895,15.1740181091282));
#13054=CARTESIAN_POINT('',(-4.5,26.7537450324919,17.7382954856559));
#13055=CARTESIAN_POINT('Origin',(-4.5,5.55111512312578E-16,7.87148124459236E-13));
#13056=CARTESIAN_POINT('Origin',(-4.5,27.4205050333017,18.18037138561));
#13057=CARTESIAN_POINT('Origin',(-4.5,4.44089209850063E-15,7.86037901434611E-13));
#13058=CARTESIAN_POINT('',(-4.5,19.6604607622409,25.7546254392752));
#13059=CARTESIAN_POINT('',(-4.5,19.6438139893692,27.180790618285));
#13060=CARTESIAN_POINT('',(-4.5,19.6604607622409,25.7546254392752));
#13061=CARTESIAN_POINT('',(-4.5,20.381394632736,27.4150379157815));
#13062=CARTESIAN_POINT('',(-4.5,20.381394632736,27.4150379157815));
#13063=CARTESIAN_POINT('',(-4.5,21.1131266295147,27.2852686247738));
#13064=CARTESIAN_POINT('Origin',(-4.5,20.6235468815839,26.6525667436196));
#13065=CARTESIAN_POINT('',(-4.5,23.5199436252655,25.240092152453));
#13066=CARTESIAN_POINT('Origin',(-4.5,5.55111512312578E-16,7.87148124459236E-13));
#13067=CARTESIAN_POINT('',(-4.5,23.7661111523419,24.5388979335582));
#13068=CARTESIAN_POINT('Origin',(-4.5,22.9745536281579,24.6548146532657));
#13069=CARTESIAN_POINT('',(-4.5,23.6539784818615,23.773180449061));
#13070=CARTESIAN_POINT('',(-4.5,23.4473189184979,22.3619696009814));
#13071=CARTESIAN_POINT('',(-4.5,21.8647524155775,23.5019701685951));
#13072=CARTESIAN_POINT('',(-4.5,24.4191226342345,23.8891607402452));
#13073=CARTESIAN_POINT('',(-4.5,19.9628887921387,25.1374833878163));
#13074=CARTESIAN_POINT('Origin',(-4.5,5.55111512312578E-16,7.87148124459236E-13));
#13075=CARTESIAN_POINT('Origin',(-4.5,20.4604062698244,25.7639627245843));
#13076=CARTESIAN_POINT('Origin',(-4.5,4.44089209850063E-15,7.86037901434611E-13));
#13077=CARTESIAN_POINT('',(-4.5,10.7395923767972,30.5695208415379));
#13078=CARTESIAN_POINT('',(-4.5,10.2830510778826,31.9207403926296));
#13079=CARTESIAN_POINT('',(-4.5,10.7395923767972,30.5695208415379));
#13080=CARTESIAN_POINT('',(-4.5,10.9121455592368,32.3714477648605));
#13081=CARTESIAN_POINT('',(-4.5,10.9121455592368,32.3714477648605));
#13082=CARTESIAN_POINT('',(-4.5,11.6481649592243,32.4741474573652));
#13083=CARTESIAN_POINT('Origin',(-4.5,11.3780625833582,31.7211237482088));
#13084=CARTESIAN_POINT('',(-4.5,14.569178233006,31.2728164004284));
#13085=CARTESIAN_POINT('Origin',(-4.5,5.55111512312578E-16,7.87148124459236E-13));
#13086=CARTESIAN_POINT('',(-4.5,15.0199783937281,30.6820110186898));
#13087=CARTESIAN_POINT('Origin',(-4.5,14.2313422160087,30.547649643317));
#13088=CARTESIAN_POINT('',(-4.5,15.1499536023779,29.9191195146146));
#13089=CARTESIAN_POINT('',(-4.5,15.3894968126891,28.5131169245526));
#13090=CARTESIAN_POINT('',(-4.5,13.5321070786265,29.1082819488309));
#13091=CARTESIAN_POINT('',(-4.5,15.8418090534088,30.2658658725369));
#13092=CARTESIAN_POINT('',(-4.5,11.217925907186,30.076039272832));
#13093=CARTESIAN_POINT('Origin',(-4.5,5.55111512312578E-16,7.87148124459236E-13));
#13094=CARTESIAN_POINT('Origin',(-4.5,11.4975003846237,30.8255978839929));
#13095=CARTESIAN_POINT('Origin',(-4.5,4.44089209850063E-15,7.86037901434611E-13));
#13096=CARTESIAN_POINT('',(-4.5,0.767457862372636,32.3920585534551));
#13097=CARTESIAN_POINT('',(-4.5,-0.0842885193370009,33.5360656924676));
#13098=CARTESIAN_POINT('',(-4.5,0.767457862372636,32.3920585534551));
#13099=CARTESIAN_POINT('',(-4.5,0.374739649010861,34.1591147615761));
#13100=CARTESIAN_POINT('',(-4.5,0.374739649010863,34.1591147615761));
#13101=CARTESIAN_POINT('',(-4.5,1.04299974518754,34.4842304761399));
#13102=CARTESIAN_POINT('Origin',(-4.5,1.01881424384987,33.6845961462584));
#13103=CARTESIAN_POINT('',(-4.5,4.19228016586613,34.2443394886058));
#13104=CARTESIAN_POINT('Origin',(-4.5,5.55111512312578E-16,7.87148124459236E-13));
#13105=CARTESIAN_POINT('',(-4.5,4.80358549959326,33.8217550911712));
#13106=CARTESIAN_POINT('Origin',(-4.5,4.09506787216491,33.4502678482903));
#13107=CARTESIAN_POINT('',(-4.5,5.16294570835991,33.1363667033144));
#13108=CARTESIAN_POINT('',(-4.5,5.82524353392499,31.8732017009815));
#13109=CARTESIAN_POINT('',(-4.5,3.87484481708549,31.8652722825893));
#13110=CARTESIAN_POINT('',(-4.5,5.71378882606164,33.6799371785376));
#13111=CARTESIAN_POINT('',(-4.5,1.37487427455234,32.0705428817353));
#13112=CARTESIAN_POINT('Origin',(-4.5,5.55111512312578E-16,7.87148124459236E-13));
#13113=CARTESIAN_POINT('Origin',(-4.5,1.40913905398044,32.8698087479468));
#13114=CARTESIAN_POINT('Origin',(-4.5,4.44089209850063E-15,7.86037901434611E-13));
#13115=CARTESIAN_POINT('',(-4.5,-9.27980077481433,31.0438358854175));
#13116=CARTESIAN_POINT('',(-4.5,-10.4433773690112,31.8686472228179));
#13117=CARTESIAN_POINT('',(-4.5,-9.27980077481433,31.0438358854175));
#13118=CARTESIAN_POINT('',(-4.5,-10.199348389025,32.6030496048814));
#13119=CARTESIAN_POINT('',(-4.5,-10.199348389025,32.6030496048814));
#13120=CARTESIAN_POINT('',(-4.5,-9.66426155091473,33.1187567501485));
#13121=CARTESIAN_POINT('Origin',(-4.5,-9.44016273234273,32.3507855791306));
#13122=CARTESIAN_POINT('',(-4.5,-6.59498749324213,33.8637880332957));
#13123=CARTESIAN_POINT('Origin',(-4.5,5.55111512312578E-16,7.87148124459236E-13));
#13124=CARTESIAN_POINT('',(-4.5,-5.88301581178999,33.6507901253046));
#13125=CARTESIAN_POINT('Origin',(-4.5,-6.44206024702201,33.0785407745526));
#13126=CARTESIAN_POINT('',(-4.5,-5.32944728395027,33.1099954444514));
#13127=CARTESIAN_POINT('',(-4.5,-4.30922516879795,32.1133154212638));
#13128=CARTESIAN_POINT('',(-4.5,-6.1617142527832,31.5030677469211));
#13129=CARTESIAN_POINT('',(-4.5,-4.97353686188815,33.7971815715824));
#13130=CARTESIAN_POINT('',(-4.5,-8.60275963138691,30.9257583047632));
#13131=CARTESIAN_POINT('Origin',(-4.5,5.55111512312578E-16,7.87148124459236E-13));
#13132=CARTESIAN_POINT('Origin',(-4.5,-8.81715862531555,31.6964937142277));
#13133=CARTESIAN_POINT('Origin',(-4.5,4.44089209850063E-15,7.86037901434611E-13));
#13134=CARTESIAN_POINT('',(-4.5,-18.4186878559886,26.6568262657923));
#13135=CARTESIAN_POINT('',(-4.5,-19.7801956785179,27.0817035210772));
#13136=CARTESIAN_POINT('',(-4.5,-18.4186878559886,26.6568262657923));
#13137=CARTESIAN_POINT('',(-4.5,-19.7750531437042,27.8555707940572));
#13138=CARTESIAN_POINT('',(-4.5,-19.7750531437042,27.8555707940572));
#13139=CARTESIAN_POINT('',(-4.5,-19.4255175915438,28.5113883615059));
#13140=CARTESIAN_POINT('Origin',(-4.5,-18.9750708068123,27.8502547183405));
#13141=CARTESIAN_POINT('',(-4.5,-16.7366918265321,30.1684130624017));
#13142=CARTESIAN_POINT('Origin',(-4.5,5.55111512312578E-16,7.87148124459236E-13));
#13143=CARTESIAN_POINT('',(-4.5,-15.9937465461338,30.1858513631319));
#13144=CARTESIAN_POINT('Origin',(-4.5,-16.3485946247574,29.4688556580562));
#13145=CARTESIAN_POINT('',(-4.5,-15.3001568436647,29.8425871405823));
#13146=CARTESIAN_POINT('',(-4.5,-14.0218768878617,29.2099540814878));
#13147=CARTESIAN_POINT('',(-4.5,-15.5951218004018,28.0571234454047));
#13148=CARTESIAN_POINT('',(-4.5,-15.1740181091274,30.6061223535903));
#13149=CARTESIAN_POINT('',(-4.5,-17.7382954856552,26.7537450324927));
#13150=CARTESIAN_POINT('Origin',(-4.5,5.55111512312578E-16,7.87148124459236E-13));
#13151=CARTESIAN_POINT('Origin',(-4.5,-18.1803713856092,27.4205050333025));
#13152=CARTESIAN_POINT('Origin',(-4.5,4.44089209850063E-15,7.86037901434611E-13));
#13153=CARTESIAN_POINT('',(-4.5,-25.7546254392744,19.6604607622416));
#13154=CARTESIAN_POINT('',(-4.5,-27.1807906182842,19.64381398937));
#13155=CARTESIAN_POINT('',(-4.5,-25.7546254392744,19.6604607622416));
#13156=CARTESIAN_POINT('',(-4.5,-27.4150379157807,20.3813946327368));
#13157=CARTESIAN_POINT('',(-4.5,-27.4150379157807,20.3813946327368));
#13158=CARTESIAN_POINT('',(-4.5,-27.285268624773,21.1131266295155));
#13159=CARTESIAN_POINT('Origin',(-4.5,-26.6525667436188,20.6235468815847));
#13160=CARTESIAN_POINT('',(-4.5,-25.2400921524522,23.5199436252663));
#13161=CARTESIAN_POINT('Origin',(-4.5,5.55111512312578E-16,7.87148124459236E-13));
#13162=CARTESIAN_POINT('',(-4.5,-24.5388979335574,23.7661111523426));
#13163=CARTESIAN_POINT('Origin',(-4.5,-24.6548146532649,22.9745536281587));
#13164=CARTESIAN_POINT('',(-4.5,-23.7731804490602,23.6539784818623));
#13165=CARTESIAN_POINT('',(-4.5,-22.3619696009807,23.4473189184987));
#13166=CARTESIAN_POINT('',(-4.5,-23.5019701685943,21.8647524155783));
#13167=CARTESIAN_POINT('',(-4.5,-23.8891607402444,24.4191226342352));
#13168=CARTESIAN_POINT('',(-4.5,-25.1374833878156,19.9628887921395));
#13169=CARTESIAN_POINT('Origin',(-4.5,5.55111512312578E-16,7.87148124459236E-13));
#13170=CARTESIAN_POINT('Origin',(-4.5,-25.7639627245836,20.4604062698252));
#13171=CARTESIAN_POINT('Origin',(-4.5,4.44089209850063E-15,7.86037901434611E-13));
#13172=CARTESIAN_POINT('',(-4.5,-30.5695208415371,10.739592376798));
#13173=CARTESIAN_POINT('',(-4.5,-31.9207403926288,10.2830510778834));
#13174=CARTESIAN_POINT('',(-4.5,-30.5695208415371,10.739592376798));
#13175=CARTESIAN_POINT('',(-4.5,-32.3714477648597,10.9121455592376));
#13176=CARTESIAN_POINT('',(-4.5,-32.3714477648597,10.9121455592376));
#13177=CARTESIAN_POINT('',(-4.5,-32.4741474573644,11.6481649592251));
#13178=CARTESIAN_POINT('Origin',(-4.5,-31.721123748208,11.378062583359));
#13179=CARTESIAN_POINT('',(-4.5,-31.2728164004276,14.5691782330067));
#13180=CARTESIAN_POINT('Origin',(-4.5,5.55111512312578E-16,7.87148124459236E-13));
#13181=CARTESIAN_POINT('',(-4.5,-30.682011018689,15.0199783937289));
#13182=CARTESIAN_POINT('Origin',(-4.5,-30.5476496433162,14.2313422160095));
#13183=CARTESIAN_POINT('',(-4.5,-29.9191195146138,15.1499536023786));
#13184=CARTESIAN_POINT('',(-4.5,-28.5131169245519,15.3894968126899));
#13185=CARTESIAN_POINT('',(-4.5,-29.1082819488301,13.5321070786273));
#13186=CARTESIAN_POINT('',(-4.5,-30.2658658725361,15.8418090534096));
#13187=CARTESIAN_POINT('',(-4.5,-30.0760392728312,11.2179259071868));
#13188=CARTESIAN_POINT('Origin',(-4.5,5.55111512312578E-16,7.87148124459236E-13));
#13189=CARTESIAN_POINT('Origin',(-4.5,-30.8255978839921,11.4975003846245));
#13190=CARTESIAN_POINT('Origin',(-4.5,4.44089209850063E-15,7.86037901434611E-13));
#13191=CARTESIAN_POINT('',(-4.5,-32.3920585534543,0.767457862373416));
#13192=CARTESIAN_POINT('',(-4.5,-33.5360656924669,-0.0842885193362183));
#13193=CARTESIAN_POINT('',(-4.5,-32.3920585534543,0.767457862373415));
#13194=CARTESIAN_POINT('',(-4.5,-34.1591147615753,0.374739649011646));
#13195=CARTESIAN_POINT('',(-4.5,-34.1591147615753,0.374739649011642));
#13196=CARTESIAN_POINT('',(-4.5,-34.4842304761392,1.04299974518831));
#13197=CARTESIAN_POINT('Origin',(-4.5,-33.6845961462576,1.01881424385065));
#13198=CARTESIAN_POINT('',(-4.5,-34.244339488605,4.19228016586691));
#13199=CARTESIAN_POINT('Origin',(-4.5,5.55111512312578E-16,7.87148124459236E-13));
#13200=CARTESIAN_POINT('',(-4.5,-33.8217550911704,4.80358549959404));
#13201=CARTESIAN_POINT('Origin',(-4.5,-33.4502678482895,4.09506787216569));
#13202=CARTESIAN_POINT('',(-4.5,-33.1363667033136,5.16294570836069));
#13203=CARTESIAN_POINT('',(-4.5,-31.8732017009807,5.82524353392577));
#13204=CARTESIAN_POINT('',(-4.5,-31.8652722825885,3.87484481708626));
#13205=CARTESIAN_POINT('',(-4.5,-33.6799371785368,5.71378882606241));
#13206=CARTESIAN_POINT('',(-4.5,-32.0705428817345,1.37487427455311));
#13207=CARTESIAN_POINT('Origin',(-4.5,5.55111512312578E-16,7.87148124459236E-13));
#13208=CARTESIAN_POINT('Origin',(-4.5,-32.869808747946,1.40913905398122));
#13209=CARTESIAN_POINT('Origin',(-4.5,4.44089209850063E-15,7.86037901434611E-13));
#13210=CARTESIAN_POINT('',(-4.5,-31.0438358854167,-9.27980077481354));
#13211=CARTESIAN_POINT('',(-4.5,-31.8686472228171,-10.4433773690104));
#13212=CARTESIAN_POINT('',(-4.5,-31.0438358854167,-9.27980077481354));
#13213=CARTESIAN_POINT('',(-4.5,-32.6030496048806,-10.1993483890242));
#13214=CARTESIAN_POINT('',(-4.5,-32.6030496048806,-10.1993483890242));
#13215=CARTESIAN_POINT('',(-4.5,-33.1187567501478,-9.66426155091392));
#13216=CARTESIAN_POINT('Origin',(-4.5,-32.3507855791298,-9.44016273234194));
#13217=CARTESIAN_POINT('',(-4.5,-33.8637880332949,-6.59498749324134));
#13218=CARTESIAN_POINT('Origin',(-4.5,5.55111512312578E-16,7.87148124459236E-13));
#13219=CARTESIAN_POINT('',(-4.5,-33.6507901253038,-5.88301581178919));
#13220=CARTESIAN_POINT('Origin',(-4.5,-33.0785407745518,-6.44206024702122));
#13221=CARTESIAN_POINT('',(-4.5,-33.1099954444506,-5.32944728394949));
#13222=CARTESIAN_POINT('',(-4.5,-32.113315421263,-4.30922516879716));
#13223=CARTESIAN_POINT('',(-4.5,-31.5030677469203,-6.16171425278239));
#13224=CARTESIAN_POINT('',(-4.5,-33.7971815715816,-4.97353686188737));
#13225=CARTESIAN_POINT('',(-4.5,-30.9257583047624,-8.60275963138611));
#13226=CARTESIAN_POINT('Origin',(-4.5,5.55111512312578E-16,7.87148124459236E-13));
#13227=CARTESIAN_POINT('Origin',(-4.5,-31.6964937142269,-8.81715862531476));
#13228=CARTESIAN_POINT('Origin',(-4.5,4.44089209850063E-15,7.86037901434611E-13));
#13229=CARTESIAN_POINT('',(-4.5,-29.8425871405815,-15.300156843664));
#13230=CARTESIAN_POINT('',(-4.5,-28.0571234454039,-15.595121800401));
#13231=CARTESIAN_POINT('',(-4.5,-30.6061223535895,-15.1740181091266));
#13232=CARTESIAN_POINT('',(-4.5,-26.7537450324919,-17.7382954856544));
#13233=CARTESIAN_POINT('Origin',(-4.5,5.55111512312578E-16,7.87148124459236E-13));
#13234=CARTESIAN_POINT('',(-4.5,-26.6568262657915,-18.4186878559878));
#13235=CARTESIAN_POINT('Origin',(-4.5,-27.4205050333017,-18.1803713856084));
#13236=CARTESIAN_POINT('',(-4.5,-27.0817035210765,-19.7801956785171));
#13237=CARTESIAN_POINT('',(-4.5,-26.6568262657915,-18.4186878559878));
#13238=CARTESIAN_POINT('',(-4.5,-27.8555707940564,-19.7750531437034));
#13239=CARTESIAN_POINT('',(-4.5,-27.8555707940564,-19.7750531437034));
#13240=CARTESIAN_POINT('',(-4.5,-28.5113883615051,-19.425517591543));
#13241=CARTESIAN_POINT('Origin',(-4.5,-27.8502547183397,-18.9750708068115));
#13242=CARTESIAN_POINT('',(-4.5,-30.1684130624009,-16.7366918265313));
#13243=CARTESIAN_POINT('Origin',(-4.5,5.55111512312578E-16,7.87148124459236E-13));
#13244=CARTESIAN_POINT('',(-4.5,-30.1858513631311,-15.993746546133));
#13245=CARTESIAN_POINT('Origin',(-4.5,-29.4688556580554,-16.3485946247566));
#13246=CARTESIAN_POINT('',(-4.5,-29.209954081487,-14.0218768878609));
#13247=CARTESIAN_POINT('Origin',(-4.5,32.113315421263,4.30922516879873));
#13248=CARTESIAN_POINT('',(-4.5,32.113315421263,4.30922516879873));
#13249=CARTESIAN_POINT('',(-4.5,23.1953680162366,-4.81936871560108));
#13250=CARTESIAN_POINT('',(3.,33.6507901253038,5.88301581179077));
#13251=CARTESIAN_POINT('',(-4.5,33.6507901253038,5.88301581179077));
#13252=CARTESIAN_POINT('',(3.,32.1133154212631,4.30922516879873));
#13253=CARTESIAN_POINT('',(3.,32.113315421263,4.30922516879873));
#13254=CARTESIAN_POINT('',(-4.5,32.113315421263,4.30922516879873));
#13255=CARTESIAN_POINT('Origin',(-4.5,32.6855647720151,3.75018073356667));
#13256=CARTESIAN_POINT('',(-4.5,31.8907790024828,3.65899092849517));
#13257=CARTESIAN_POINT('Origin',(-4.5,32.6855647720151,3.75018073356667));
#13258=CARTESIAN_POINT('',(3.,31.8907790024828,3.65899092849517));
#13259=CARTESIAN_POINT('Origin',(3.,32.6855647720151,3.75018073356667));
#13260=CARTESIAN_POINT('',(-4.5,31.8907790024828,3.65899092849517));
#13261=CARTESIAN_POINT('Origin',(-4.5,5.55111512312578E-16,7.87148124459236E-13));
#13262=CARTESIAN_POINT('',(-4.5,32.0791171794768,1.15768777543798));
#13263=CARTESIAN_POINT('Origin',(-4.5,5.55111512312578E-16,7.87148124459236E-13));
#13264=CARTESIAN_POINT('',(3.,32.0791171794768,1.15768777543798));
#13265=CARTESIAN_POINT('Origin',(3.,5.55111512312578E-16,7.87148124459236E-13));
#13266=CARTESIAN_POINT('',(-4.5,32.0791171794768,1.15768777543798));
#13267=CARTESIAN_POINT('Origin',(-4.5,34.1591147615753,-0.374739649010083));
#13268=CARTESIAN_POINT('',(-4.5,22.9990938991222,7.84734780639036));
#13269=CARTESIAN_POINT('',(3.,34.1591147615753,-0.374739649010081));
#13270=CARTESIAN_POINT('',(3.,34.1591147615753,-0.374739649010083));
#13271=CARTESIAN_POINT('',(-4.5,34.1591147615753,-0.37473964901008));
#13272=CARTESIAN_POINT('Origin',(-4.5,33.6845961462576,-1.01881424384909));
#13273=CARTESIAN_POINT('',(3.,34.4842304761392,-1.04299974518675));
#13274=CARTESIAN_POINT('Origin',(3.,33.6845961462576,-1.01881424384909));
#13275=CARTESIAN_POINT('',(-4.5,34.4842304761392,-1.04299974518675));
#13276=CARTESIAN_POINT('Origin',(-4.5,5.55111512312578E-16,7.87148124459236E-13));
#13277=CARTESIAN_POINT('',(3.,34.244339488605,-4.19228016586536));
#13278=CARTESIAN_POINT('Origin',(3.,5.55111512312578E-16,7.87148124459236E-13));
#13279=CARTESIAN_POINT('',(-4.5,34.244339488605,-4.19228016586536));
#13280=CARTESIAN_POINT('Origin',(-4.5,33.4502678482895,-4.09506787216413));
#13281=CARTESIAN_POINT('',(3.,33.8217550911704,-4.80358549959248));
#13282=CARTESIAN_POINT('Origin',(3.,33.4502678482895,-4.09506787216413));
#13283=CARTESIAN_POINT('',(-4.5,33.8217550911704,-4.80358549959248));
#13284=CARTESIAN_POINT('Origin',(-4.5,31.8732017009807,-5.82524353392421));
#13285=CARTESIAN_POINT('',(-4.5,31.8732017009807,-5.82524353392421));
#13286=CARTESIAN_POINT('',(-4.5,20.570839064426,-11.7512549291996));
#13287=CARTESIAN_POINT('',(3.,31.8732017009807,-5.82524353392421));
#13288=CARTESIAN_POINT('',(3.,31.8732017009807,-5.82524353392421));
#13289=CARTESIAN_POINT('',(-4.5,31.8732017009807,-5.82524353392421));
#13290=CARTESIAN_POINT('Origin',(-4.5,32.2446889438616,-6.53376116135259));
#13291=CARTESIAN_POINT('',(-4.5,31.4606235592084,-6.3748855100127));
#13292=CARTESIAN_POINT('Origin',(-4.5,32.2446889438616,-6.53376116135259));
#13293=CARTESIAN_POINT('',(3.,31.4606235592084,-6.3748855100127));
#13294=CARTESIAN_POINT('Origin',(3.,32.2446889438616,-6.53376116135259));
#13295=CARTESIAN_POINT('',(-4.5,31.4606235592084,-6.3748855100127));
#13296=CARTESIAN_POINT('Origin',(-4.5,5.55111512312578E-16,7.87148124459236E-13));
#13297=CARTESIAN_POINT('',(-4.5,30.8667986273274,-8.81196587033808));
#13298=CARTESIAN_POINT('Origin',(-4.5,5.55111512312578E-16,7.87148124459236E-13));
#13299=CARTESIAN_POINT('',(3.,30.8667986273274,-8.81196587033808));
#13300=CARTESIAN_POINT('Origin',(3.,5.55111512312578E-16,7.87148124459236E-13));
#13301=CARTESIAN_POINT('',(-4.5,30.8667986273274,-8.81196587033808));
#13302=CARTESIAN_POINT('Origin',(-4.5,32.3714477648597,-10.9121455592361));
#13303=CARTESIAN_POINT('',(-4.5,24.2984019545896,0.356160396848141));
#13304=CARTESIAN_POINT('',(3.,32.3714477648597,-10.9121455592361));
#13305=CARTESIAN_POINT('',(3.,32.3714477648597,-10.9121455592361));
#13306=CARTESIAN_POINT('',(-4.5,32.3714477648597,-10.9121455592361));
#13307=CARTESIAN_POINT('Origin',(-4.5,31.721123748208,-11.3780625833574));
#13308=CARTESIAN_POINT('',(3.,32.4741474573644,-11.6481649592235));
#13309=CARTESIAN_POINT('Origin',(3.,31.721123748208,-11.3780625833574));
#13310=CARTESIAN_POINT('',(-4.5,32.4741474573644,-11.6481649592235));
#13311=CARTESIAN_POINT('Origin',(-4.5,5.55111512312578E-16,7.87148124459236E-13));
#13312=CARTESIAN_POINT('',(3.,31.2728164004276,-14.5691782330052));
#13313=CARTESIAN_POINT('Origin',(3.,5.55111512312578E-16,7.87148124459236E-13));
#13314=CARTESIAN_POINT('',(-4.5,31.2728164004276,-14.5691782330052));
#13315=CARTESIAN_POINT('Origin',(-4.5,30.5476496433162,-14.2313422160079));
#13316=CARTESIAN_POINT('',(3.,30.682011018689,-15.0199783937274));
#13317=CARTESIAN_POINT('Origin',(3.,30.5476496433162,-14.2313422160079));
#13318=CARTESIAN_POINT('',(-4.5,30.682011018689,-15.0199783937274));
#13319=CARTESIAN_POINT('Origin',(-4.5,28.5131169245519,-15.3894968126883));
#13320=CARTESIAN_POINT('',(-4.5,28.5131169245519,-15.3894968126883));
#13321=CARTESIAN_POINT('',(-4.5,15.9326930595259,-17.5328464345204));
#13322=CARTESIAN_POINT('',(3.,28.5131169245518,-15.3894968126883));
#13323=CARTESIAN_POINT('',(3.,28.5131169245519,-15.3894968126883));
#13324=CARTESIAN_POINT('',(-4.5,28.5131169245519,-15.3894968126883));
#13325=CARTESIAN_POINT('Origin',(-4.5,28.6474782999247,-16.1781329904077));
#13326=CARTESIAN_POINT('',(-4.5,27.9508830829052,-15.7847437383613));
#13327=CARTESIAN_POINT('Origin',(-4.5,28.6474782999247,-16.1781329904077));
#13328=CARTESIAN_POINT('',(3.,27.9508830829052,-15.7847437383613));
#13329=CARTESIAN_POINT('Origin',(3.,28.6474782999247,-16.1781329904077));
#13330=CARTESIAN_POINT('',(-4.5,27.9508830829052,-15.7847437383613));
#13331=CARTESIAN_POINT('Origin',(-4.5,5.55111512312578E-16,7.87148124459236E-13));
#13332=CARTESIAN_POINT('',(-4.5,26.6330227639033,-17.919042900149));
#13333=CARTESIAN_POINT('Origin',(-4.5,5.55111512312578E-16,7.87148124459236E-13));
#13334=CARTESIAN_POINT('',(3.,26.6330227639033,-17.919042900149));
#13335=CARTESIAN_POINT('Origin',(3.,5.55111512312578E-16,7.87148124459236E-13));
#13336=CARTESIAN_POINT('',(-4.5,26.6330227639033,-17.919042900149));
#13337=CARTESIAN_POINT('Origin',(-4.5,27.4150379157807,-20.3813946327352));
#13338=CARTESIAN_POINT('',(-4.5,23.2192131298205,-7.1698904738529));
#13339=CARTESIAN_POINT('',(3.,27.4150379157807,-20.3813946327352));
#13340=CARTESIAN_POINT('',(3.,27.4150379157807,-20.3813946327352));
#13341=CARTESIAN_POINT('',(-4.5,27.4150379157807,-20.3813946327352));
#13342=CARTESIAN_POINT('Origin',(-4.5,26.6525667436188,-20.6235468815831));
#13343=CARTESIAN_POINT('',(3.,27.285268624773,-21.1131266295139));
#13344=CARTESIAN_POINT('Origin',(3.,26.6525667436188,-20.6235468815831));
#13345=CARTESIAN_POINT('',(-4.5,27.285268624773,-21.1131266295139));
#13346=CARTESIAN_POINT('Origin',(-4.5,5.55111512312578E-16,7.87148124459236E-13));
#13347=CARTESIAN_POINT('',(3.,25.2400921524522,-23.5199436252647));
#13348=CARTESIAN_POINT('Origin',(3.,5.55111512312578E-16,7.87148124459236E-13));
#13349=CARTESIAN_POINT('',(-4.5,25.2400921524522,-23.5199436252647));
#13350=CARTESIAN_POINT('Origin',(-4.5,24.6548146532649,-22.9745536281571));
#13351=CARTESIAN_POINT('',(3.,24.5388979335574,-23.7661111523411));
#13352=CARTESIAN_POINT('Origin',(3.,24.6548146532649,-22.9745536281571));
#13353=CARTESIAN_POINT('',(-4.5,24.5388979335574,-23.7661111523411));
#13354=CARTESIAN_POINT('Origin',(-4.5,22.3619696009807,-23.4473189184971));
#13355=CARTESIAN_POINT('',(-4.5,22.3619696009807,-23.4473189184971));
#13356=CARTESIAN_POINT('',(-4.5,9.73494404835944,-21.5982007723061));
#13357=CARTESIAN_POINT('',(3.,22.3619696009807,-23.4473189184971));
#13358=CARTESIAN_POINT('',(3.,22.3619696009807,-23.4473189184971));
#13359=CARTESIAN_POINT('',(-4.5,22.3619696009807,-23.4473189184971));
#13360=CARTESIAN_POINT('Origin',(-4.5,22.2460528812732,-24.2388764426811));
#13361=CARTESIAN_POINT('',(-4.5,21.7051154251936,-23.6494812708225));
#13362=CARTESIAN_POINT('Origin',(-4.5,22.2460528812732,-24.2388764426811));
#13363=CARTESIAN_POINT('',(3.,21.7051154251936,-23.6494812708225));
#13364=CARTESIAN_POINT('Origin',(3.,22.2460528812732,-24.2388764426811));
#13365=CARTESIAN_POINT('',(-4.5,21.7051154251936,-23.6494812708225));
#13366=CARTESIAN_POINT('Origin',(-4.5,5.55111512312578E-16,7.87148124459236E-13));
#13367=CARTESIAN_POINT('',(-4.5,19.7922210691674,-25.27207916158));
#13368=CARTESIAN_POINT('Origin',(-4.5,5.55111512312578E-16,7.87148124459236E-13));
#13369=CARTESIAN_POINT('',(3.,19.7922210691674,-25.27207916158));
#13370=CARTESIAN_POINT('Origin',(3.,5.55111512312578E-16,7.87148124459236E-13));
#13371=CARTESIAN_POINT('',(-4.5,19.7922210691674,-25.27207916158));
#13372=CARTESIAN_POINT('Origin',(-4.5,19.7750531437042,-27.8555707940556));
#13373=CARTESIAN_POINT('',(-4.5,19.867165946134,-13.9941025094088));
#13374=CARTESIAN_POINT('',(3.,19.7750531437042,-27.8555707940556));
#13375=CARTESIAN_POINT('',(3.,19.7750531437042,-27.8555707940556));
#13376=CARTESIAN_POINT('',(-4.5,19.7750531437042,-27.8555707940556));
#13377=CARTESIAN_POINT('Origin',(-4.5,18.9750708068123,-27.8502547183389));
#13378=CARTESIAN_POINT('',(3.,19.4255175915438,-28.5113883615043));
#13379=CARTESIAN_POINT('Origin',(3.,18.9750708068123,-27.8502547183389));
#13380=CARTESIAN_POINT('',(-4.5,19.4255175915438,-28.5113883615043));
#13381=CARTESIAN_POINT('Origin',(-4.5,5.55111512312578E-16,7.87148124459236E-13));
#13382=CARTESIAN_POINT('',(3.,16.7366918265321,-30.1684130624001));
#13383=CARTESIAN_POINT('Origin',(3.,5.55111512312578E-16,7.87148124459236E-13));
#13384=CARTESIAN_POINT('',(-4.5,16.7366918265321,-30.1684130624001));
#13385=CARTESIAN_POINT('Origin',(-4.5,16.3485946247574,-29.4688556580546));
#13386=CARTESIAN_POINT('',(3.,15.9937465461338,-30.1858513631304));
#13387=CARTESIAN_POINT('Origin',(3.,16.3485946247574,-29.4688556580546));
#13388=CARTESIAN_POINT('',(-4.5,15.9937465461338,-30.1858513631304));
#13389=CARTESIAN_POINT('Origin',(-4.5,14.0218768878617,-29.2099540814863));
#13390=CARTESIAN_POINT('',(-4.5,14.0218768878617,-29.2099540814863));
#13391=CARTESIAN_POINT('',(-4.5,2.58427088639605,-23.5493727349851));
#13392=CARTESIAN_POINT('',(3.,14.0218768878617,-29.2099540814863));
#13393=CARTESIAN_POINT('',(3.,14.0218768878617,-29.2099540814863));
#13394=CARTESIAN_POINT('',(-4.5,14.0218768878617,-29.2099540814863));
#13395=CARTESIAN_POINT('Origin',(-4.5,13.6670288092381,-29.9269497865621));
#13396=CARTESIAN_POINT('',(-4.5,13.3346998412323,-29.1992428008706));
#13397=CARTESIAN_POINT('Origin',(-4.5,13.6670288092381,-29.9269497865621));
#13398=CARTESIAN_POINT('',(3.,13.3346998412323,-29.1992428008706));
#13399=CARTESIAN_POINT('Origin',(3.,13.6670288092381,-29.9269497865621));
#13400=CARTESIAN_POINT('',(-4.5,13.3346998412323,-29.1992428008706));
#13401=CARTESIAN_POINT('Origin',(-4.5,5.55111512312578E-16,7.87148124459236E-13));
#13402=CARTESIAN_POINT('',(-4.5,11.0140188756685,-30.1513082337462));
#13403=CARTESIAN_POINT('Origin',(-4.5,5.55111512312578E-16,7.87148124459236E-13));
#13404=CARTESIAN_POINT('',(3.,11.0140188756684,-30.1513082337462));
#13405=CARTESIAN_POINT('Origin',(3.,5.55111512312578E-16,7.87148124459236E-13));
#13406=CARTESIAN_POINT('',(-4.5,11.0140188756685,-30.1513082337462));
#13407=CARTESIAN_POINT('Origin',(-4.5,10.199348389025,-32.6030496048799));
#13408=CARTESIAN_POINT('',(-4.5,14.5703821369552,-19.4484742886981));
#13409=CARTESIAN_POINT('',(3.,10.199348389025,-32.6030496048799));
#13410=CARTESIAN_POINT('',(3.,10.199348389025,-32.6030496048799));
#13411=CARTESIAN_POINT('',(-4.5,10.199348389025,-32.6030496048799));
#13412=CARTESIAN_POINT('Origin',(-4.5,9.44016273234273,-32.350785579129));
#13413=CARTESIAN_POINT('',(3.,9.66426155091471,-33.118756750147));
#13414=CARTESIAN_POINT('Origin',(3.,9.44016273234273,-32.350785579129));
#13415=CARTESIAN_POINT('',(-4.5,9.66426155091471,-33.118756750147));
#13416=CARTESIAN_POINT('Origin',(-4.5,5.55111512312578E-16,7.87148124459236E-13));
#13417=CARTESIAN_POINT('',(3.,6.59498749324213,-33.8637880332941));
#13418=CARTESIAN_POINT('Origin',(3.,5.55111512312578E-16,7.87148124459236E-13));
#13419=CARTESIAN_POINT('',(-4.5,6.59498749324213,-33.8637880332941));
#13420=CARTESIAN_POINT('Origin',(-4.5,6.44206024702201,-33.0785407745511));
#13421=CARTESIAN_POINT('',(3.,5.88301581178999,-33.650790125303));
#13422=CARTESIAN_POINT('Origin',(3.,6.44206024702201,-33.0785407745511));
#13423=CARTESIAN_POINT('',(-4.5,5.88301581178999,-33.650790125303));
#13424=CARTESIAN_POINT('Origin',(-4.5,4.30922516879795,-32.1133154212623));
#13425=CARTESIAN_POINT('',(-4.5,4.30922516879795,-32.1133154212623));
#13426=CARTESIAN_POINT('',(-4.5,-4.81936871560186,-23.1953680162358));
#13427=CARTESIAN_POINT('',(3.,4.30922516879795,-32.1133154212623));
#13428=CARTESIAN_POINT('',(3.,4.30922516879795,-32.1133154212623));
#13429=CARTESIAN_POINT('',(-4.5,4.30922516879795,-32.1133154212623));
#13430=CARTESIAN_POINT('Origin',(-4.5,3.75018073356589,-32.6855647720143));
#13431=CARTESIAN_POINT('',(-4.5,3.65899092849439,-31.890779002482));
#13432=CARTESIAN_POINT('Origin',(-4.5,3.75018073356589,-32.6855647720143));
#13433=CARTESIAN_POINT('',(3.,3.65899092849439,-31.890779002482));
#13434=CARTESIAN_POINT('Origin',(3.,3.75018073356589,-32.6855647720143));
#13435=CARTESIAN_POINT('',(-4.5,3.65899092849439,-31.890779002482));
#13436=CARTESIAN_POINT('Origin',(-4.5,5.55111512312578E-16,7.87148124459236E-13));
#13437=CARTESIAN_POINT('',(-4.5,1.15768777543721,-32.079117179476));
#13438=CARTESIAN_POINT('Origin',(-4.5,5.55111512312578E-16,7.87148124459236E-13));
#13439=CARTESIAN_POINT('',(3.,1.15768777543721,-32.079117179476));
#13440=CARTESIAN_POINT('Origin',(3.,5.55111512312578E-16,7.87148124459236E-13));
#13441=CARTESIAN_POINT('',(-4.5,1.15768777543721,-32.079117179476));
#13442=CARTESIAN_POINT('Origin',(-4.5,-0.374739649010858,-34.1591147615745));
#13443=CARTESIAN_POINT('',(-4.5,7.84734780638958,-22.9990938991214));
#13444=CARTESIAN_POINT('',(3.,-0.374739649010856,-34.1591147615745));
#13445=CARTESIAN_POINT('',(3.,-0.374739649010858,-34.1591147615745));
#13446=CARTESIAN_POINT('',(-4.5,-0.374739649010858,-34.1591147615745));
#13447=CARTESIAN_POINT('Origin',(-4.5,-1.01881424384986,-33.6845961462568));
#13448=CARTESIAN_POINT('',(3.,-1.04299974518749,-34.4842304761384));
#13449=CARTESIAN_POINT('Origin',(3.,-1.01881424384986,-33.6845961462568));
#13450=CARTESIAN_POINT('',(-4.5,-1.04299974518749,-34.4842304761384));
#13451=CARTESIAN_POINT('Origin',(-4.5,5.55111512312578E-16,7.87148124459236E-13));
#13452=CARTESIAN_POINT('',(3.,-4.19228016586613,-34.2443394886042));
#13453=CARTESIAN_POINT('Origin',(3.,5.55111512312578E-16,7.87148124459236E-13));
#13454=CARTESIAN_POINT('',(-4.5,-4.19228016586613,-34.2443394886042));
#13455=CARTESIAN_POINT('Origin',(-4.5,-4.0950678721649,-33.4502678482887));
#13456=CARTESIAN_POINT('',(3.,-4.80358549959325,-33.8217550911696));
#13457=CARTESIAN_POINT('Origin',(3.,-4.0950678721649,-33.4502678482887));
#13458=CARTESIAN_POINT('',(-4.5,-4.80358549959326,-33.8217550911696));
#13459=CARTESIAN_POINT('Origin',(-4.5,-5.82524353392498,-31.8732017009799));
#13460=CARTESIAN_POINT('',(-4.5,-5.82524353392498,-31.8732017009799));
#13461=CARTESIAN_POINT('',(-4.5,-11.7512549292003,-20.5708390644252));
#13462=CARTESIAN_POINT('',(3.,-5.82524353392498,-31.8732017009799));
#13463=CARTESIAN_POINT('',(3.,-5.82524353392498,-31.8732017009799));
#13464=CARTESIAN_POINT('',(-4.5,-5.82524353392498,-31.8732017009799));
#13465=CARTESIAN_POINT('Origin',(-4.5,-6.53376116135336,-32.2446889438608));
#13466=CARTESIAN_POINT('',(-4.5,-6.37488551001345,-31.4606235592076));
#13467=CARTESIAN_POINT('Origin',(-4.5,-6.53376116135336,-32.2446889438608));
#13468=CARTESIAN_POINT('',(3.,-6.37488551001345,-31.4606235592076));
#13469=CARTESIAN_POINT('Origin',(3.,-6.53376116135336,-32.2446889438608));
#13470=CARTESIAN_POINT('',(-4.5,-6.37488551001345,-31.4606235592076));
#13471=CARTESIAN_POINT('Origin',(-4.5,5.55111512312578E-16,7.87148124459236E-13));
#13472=CARTESIAN_POINT('',(-4.5,-8.81196587033886,-30.8667986273266));
#13473=CARTESIAN_POINT('Origin',(-4.5,5.55111512312578E-16,7.87148124459236E-13));
#13474=CARTESIAN_POINT('',(3.,-8.81196587033886,-30.8667986273266));
#13475=CARTESIAN_POINT('Origin',(3.,5.55111512312578E-16,7.87148124459236E-13));
#13476=CARTESIAN_POINT('',(-4.5,-8.81196587033886,-30.8667986273266));
#13477=CARTESIAN_POINT('Origin',(-4.5,-10.9121455592368,-32.3714477648589));
#13478=CARTESIAN_POINT('',(-4.5,0.356160396847359,-24.2984019545888));
#13479=CARTESIAN_POINT('',(3.,-10.9121455592368,-32.371447764859));
#13480=CARTESIAN_POINT('',(3.,-10.9121455592368,-32.3714477648589));
#13481=CARTESIAN_POINT('',(-4.5,-10.9121455592368,-32.371447764859));
#13482=CARTESIAN_POINT('Origin',(-4.5,-11.3780625833582,-31.7211237482073));
#13483=CARTESIAN_POINT('',(3.,-11.6481649592242,-32.4741474573636));
#13484=CARTESIAN_POINT('Origin',(3.,-11.3780625833582,-31.7211237482073));
#13485=CARTESIAN_POINT('',(-4.5,-11.6481649592242,-32.4741474573636));
#13486=CARTESIAN_POINT('Origin',(-4.5,5.55111512312578E-16,7.87148124459236E-13));
#13487=CARTESIAN_POINT('',(3.,-14.5691782330059,-31.2728164004268));
#13488=CARTESIAN_POINT('Origin',(3.,5.55111512312578E-16,7.87148124459236E-13));
#13489=CARTESIAN_POINT('',(-4.5,-14.5691782330059,-31.2728164004268));
#13490=CARTESIAN_POINT('Origin',(-4.5,-14.2313422160087,-30.5476496433154));
#13491=CARTESIAN_POINT('',(3.,-15.0199783937281,-30.6820110186882));
#13492=CARTESIAN_POINT('Origin',(3.,-14.2313422160087,-30.5476496433154));
#13493=CARTESIAN_POINT('',(-4.5,-15.0199783937281,-30.6820110186882));
#13494=CARTESIAN_POINT('Origin',(-4.5,-15.3894968126891,-28.5131169245511));
#13495=CARTESIAN_POINT('',(-4.5,-15.3894968126891,-28.5131169245511));
#13496=CARTESIAN_POINT('',(-4.5,-17.5328464345212,-15.9326930595252));
#13497=CARTESIAN_POINT('',(3.,-15.3894968126891,-28.5131169245511));
#13498=CARTESIAN_POINT('',(3.,-15.3894968126891,-28.5131169245511));
#13499=CARTESIAN_POINT('',(-4.5,-15.3894968126891,-28.5131169245511));
#13500=CARTESIAN_POINT('Origin',(-4.5,-16.1781329904085,-28.6474782999239));
#13501=CARTESIAN_POINT('',(-4.5,-15.7847437383621,-27.9508830829045));
#13502=CARTESIAN_POINT('Origin',(-4.5,-16.1781329904085,-28.6474782999239));
#13503=CARTESIAN_POINT('',(3.,-15.7847437383621,-27.9508830829045));
#13504=CARTESIAN_POINT('Origin',(3.,-16.1781329904085,-28.6474782999239));
#13505=CARTESIAN_POINT('',(-4.5,-15.7847437383621,-27.9508830829045));
#13506=CARTESIAN_POINT('Origin',(-4.5,5.55111512312578E-16,7.87148124459236E-13));
#13507=CARTESIAN_POINT('',(-4.5,-17.9190429001497,-26.6330227639025));
#13508=CARTESIAN_POINT('Origin',(-4.5,5.55111512312578E-16,7.87148124459236E-13));
#13509=CARTESIAN_POINT('',(3.,-17.9190429001497,-26.6330227639025));
#13510=CARTESIAN_POINT('Origin',(3.,5.55111512312578E-16,7.87148124459236E-13));
#13511=CARTESIAN_POINT('',(-4.5,-17.9190429001497,-26.6330227639025));
#13512=CARTESIAN_POINT('Origin',(-4.5,-20.381394632736,-27.41503791578));
#13513=CARTESIAN_POINT('',(-4.5,-7.16989047385367,-23.2192131298197));
#13514=CARTESIAN_POINT('',(3.,-20.381394632736,-27.41503791578));
#13515=CARTESIAN_POINT('',(3.,-20.381394632736,-27.41503791578));
#13516=CARTESIAN_POINT('',(-4.5,-20.381394632736,-27.41503791578));
#13517=CARTESIAN_POINT('Origin',(-4.5,-20.6235468815839,-26.652566743618));
#13518=CARTESIAN_POINT('',(3.,-21.1131266295147,-27.2852686247723));
#13519=CARTESIAN_POINT('Origin',(3.,-20.6235468815839,-26.652566743618));
#13520=CARTESIAN_POINT('',(-4.5,-21.1131266295147,-27.2852686247723));
#13521=CARTESIAN_POINT('Origin',(-4.5,5.55111512312578E-16,7.87148124459236E-13));
#13522=CARTESIAN_POINT('',(3.,-23.5199436252655,-25.2400921524514));
#13523=CARTESIAN_POINT('Origin',(3.,5.55111512312578E-16,7.87148124459236E-13));
#13524=CARTESIAN_POINT('',(-4.5,-23.5199436252655,-25.2400921524514));
#13525=CARTESIAN_POINT('Origin',(-4.5,-22.9745536281579,-24.6548146532641));
#13526=CARTESIAN_POINT('',(3.,-23.7661111523419,-24.5388979335566));
#13527=CARTESIAN_POINT('Origin',(3.,-22.9745536281579,-24.6548146532641));
#13528=CARTESIAN_POINT('',(-4.5,-23.7661111523419,-24.5388979335566));
#13529=CARTESIAN_POINT('Origin',(-4.5,-23.4473189184979,-22.3619696009799));
#13530=CARTESIAN_POINT('',(-4.5,-23.4473189184979,-22.3619696009799));
#13531=CARTESIAN_POINT('',(-4.5,-21.5982007723069,-9.73494404835869));
#13532=CARTESIAN_POINT('',(3.,-23.4473189184979,-22.3619696009799));
#13533=CARTESIAN_POINT('',(3.,-23.4473189184979,-22.3619696009799));
#13534=CARTESIAN_POINT('',(-4.5,-23.4473189184979,-22.3619696009799));
#13535=CARTESIAN_POINT('Origin',(-4.5,-24.2388764426819,-22.2460528812724));
#13536=CARTESIAN_POINT('',(-4.5,-23.6494812708233,-21.7051154251928));
#13537=CARTESIAN_POINT('Origin',(-4.5,-24.2388764426819,-22.2460528812724));
#13538=CARTESIAN_POINT('',(3.,-23.6494812708233,-21.7051154251928));
#13539=CARTESIAN_POINT('Origin',(3.,-24.2388764426819,-22.2460528812724));
#13540=CARTESIAN_POINT('',(-4.5,-23.6494812708233,-21.7051154251928));
#13541=CARTESIAN_POINT('Origin',(-4.5,5.55111512312578E-16,7.87148124459236E-13));
#13542=CARTESIAN_POINT('',(-4.5,-25.2720791615808,-19.7922210691666));
#13543=CARTESIAN_POINT('Origin',(-4.5,5.55111512312578E-16,7.87148124459236E-13));
#13544=CARTESIAN_POINT('',(3.,-25.2720791615808,-19.7922210691666));
#13545=CARTESIAN_POINT('Origin',(3.,5.55111512312578E-16,7.87148124459236E-13));
#13546=CARTESIAN_POINT('',(-4.5,-25.2720791615808,-19.7922210691666));
#13547=CARTESIAN_POINT('Origin',(-4.5,-27.8555707940564,-19.7750531437034));
#13548=CARTESIAN_POINT('',(-4.5,-13.9941025094095,-19.8671659461332));
#13549=CARTESIAN_POINT('',(3.,-27.8555707940564,-19.7750531437034));
#13550=CARTESIAN_POINT('',(3.,-27.8555707940564,-19.7750531437034));
#13551=CARTESIAN_POINT('',(-4.5,-27.8555707940564,-19.7750531437034));
#13552=CARTESIAN_POINT('Origin',(-4.5,-27.8502547183397,-18.9750708068115));
#13553=CARTESIAN_POINT('',(3.,-28.5113883615051,-19.425517591543));
#13554=CARTESIAN_POINT('Origin',(3.,-27.8502547183397,-18.9750708068115));
#13555=CARTESIAN_POINT('',(-4.5,-28.5113883615051,-19.425517591543));
#13556=CARTESIAN_POINT('Origin',(-4.5,5.55111512312578E-16,7.87148124459236E-13));
#13557=CARTESIAN_POINT('',(3.,-30.1684130624009,-16.7366918265313));
#13558=CARTESIAN_POINT('Origin',(3.,5.55111512312578E-16,7.87148124459236E-13));
#13559=CARTESIAN_POINT('',(-4.5,-30.1684130624009,-16.7366918265313));
#13560=CARTESIAN_POINT('Origin',(-4.5,-29.4688556580554,-16.3485946247566));
#13561=CARTESIAN_POINT('',(3.,-30.1858513631311,-15.993746546133));
#13562=CARTESIAN_POINT('Origin',(3.,-29.4688556580554,-16.3485946247566));
#13563=CARTESIAN_POINT('',(-4.5,-30.1858513631311,-15.993746546133));
#13564=CARTESIAN_POINT('Origin',(-4.5,-29.209954081487,-14.0218768878609));
#13565=CARTESIAN_POINT('',(-4.5,-29.209954081487,-14.0218768878609));
#13566=CARTESIAN_POINT('',(-4.5,-23.5493727349859,-2.58427088639527));
#13567=CARTESIAN_POINT('',(3.,-29.209954081487,-14.0218768878609));
#13568=CARTESIAN_POINT('',(3.,-29.209954081487,-14.0218768878609));
#13569=CARTESIAN_POINT('',(-4.5,-29.209954081487,-14.0218768878609));
#13570=CARTESIAN_POINT('Origin',(-4.5,-29.9269497865629,-13.6670288092374));
#13571=CARTESIAN_POINT('',(-4.5,-29.1992428008714,-13.3346998412316));
#13572=CARTESIAN_POINT('Origin',(-4.5,-29.9269497865629,-13.6670288092374));
#13573=CARTESIAN_POINT('',(3.,-29.1992428008714,-13.3346998412316));
#13574=CARTESIAN_POINT('Origin',(3.,-29.9269497865629,-13.6670288092374));
#13575=CARTESIAN_POINT('',(-4.5,-29.1992428008714,-13.3346998412316));
#13576=CARTESIAN_POINT('Origin',(-4.5,5.55111512312578E-16,7.87148124459236E-13));
#13577=CARTESIAN_POINT('',(-4.5,-30.151308233747,-11.0140188756677));
#13578=CARTESIAN_POINT('Origin',(-4.5,5.55111512312578E-16,7.87148124459236E-13));
#13579=CARTESIAN_POINT('',(3.,-30.151308233747,-11.0140188756677));
#13580=CARTESIAN_POINT('Origin',(3.,5.55111512312578E-16,7.87148124459236E-13));
#13581=CARTESIAN_POINT('',(-4.5,-30.151308233747,-11.0140188756677));
#13582=CARTESIAN_POINT('Origin',(-4.5,-32.6030496048806,-10.1993483890242));
#13583=CARTESIAN_POINT('',(-4.5,-19.4484742886989,-14.5703821369544));
#13584=CARTESIAN_POINT('',(3.,-32.6030496048806,-10.1993483890242));
#13585=CARTESIAN_POINT('',(3.,-32.6030496048806,-10.1993483890242));
#13586=CARTESIAN_POINT('',(-4.5,-32.6030496048806,-10.1993483890242));
#13587=CARTESIAN_POINT('Origin',(-4.5,-32.3507855791298,-9.44016273234194));
#13588=CARTESIAN_POINT('',(3.,-33.1187567501478,-9.66426155091391));
#13589=CARTESIAN_POINT('Origin',(3.,-32.3507855791298,-9.44016273234194));
#13590=CARTESIAN_POINT('',(-4.5,-33.1187567501478,-9.66426155091392));
#13591=CARTESIAN_POINT('Origin',(-4.5,5.55111512312578E-16,7.87148124459236E-13));
#13592=CARTESIAN_POINT('',(3.,-33.8637880332949,-6.59498749324134));
#13593=CARTESIAN_POINT('Origin',(3.,5.55111512312578E-16,7.87148124459236E-13));
#13594=CARTESIAN_POINT('',(-4.5,-33.8637880332949,-6.59498749324134));
#13595=CARTESIAN_POINT('Origin',(-4.5,-33.0785407745518,-6.44206024702122));
#13596=CARTESIAN_POINT('',(3.,-33.6507901253038,-5.88301581178919));
#13597=CARTESIAN_POINT('Origin',(3.,-33.0785407745518,-6.44206024702122));
#13598=CARTESIAN_POINT('',(-4.5,-33.6507901253038,-5.88301581178919));
#13599=CARTESIAN_POINT('Origin',(-4.5,-32.113315421263,-4.30922516879716));
#13600=CARTESIAN_POINT('',(-4.5,-32.113315421263,-4.30922516879716));
#13601=CARTESIAN_POINT('',(-4.5,-23.1953680162365,4.81936871560264));
#13602=CARTESIAN_POINT('',(3.,-32.113315421263,-4.30922516879716));
#13603=CARTESIAN_POINT('',(3.,-32.113315421263,-4.30922516879716));
#13604=CARTESIAN_POINT('',(-4.5,-32.113315421263,-4.30922516879716));
#13605=CARTESIAN_POINT('Origin',(-4.5,-32.685564772015,-3.7501807335651));
#13606=CARTESIAN_POINT('',(-4.5,-31.8907790024828,-3.6589909284936));
#13607=CARTESIAN_POINT('Origin',(-4.5,-32.685564772015,-3.7501807335651));
#13608=CARTESIAN_POINT('',(3.,-31.8907790024828,-3.6589909284936));
#13609=CARTESIAN_POINT('Origin',(3.,-32.685564772015,-3.7501807335651));
#13610=CARTESIAN_POINT('',(-4.5,-31.8907790024828,-3.6589909284936));
#13611=CARTESIAN_POINT('Origin',(-4.5,5.55111512312578E-16,7.87148124459236E-13));
#13612=CARTESIAN_POINT('',(-4.5,-32.0791171794768,-1.15768777543642));
#13613=CARTESIAN_POINT('Origin',(-4.5,5.55111512312578E-16,7.87148124459236E-13));
#13614=CARTESIAN_POINT('',(3.,-32.0791171794768,-1.15768777543642));
#13615=CARTESIAN_POINT('Origin',(3.,5.55111512312578E-16,7.87148124459236E-13));
#13616=CARTESIAN_POINT('',(-4.5,-32.0791171794768,-1.15768777543642));
#13617=CARTESIAN_POINT('Origin',(-4.5,-34.1591147615753,0.374739649011642));
#13618=CARTESIAN_POINT('',(-4.5,-22.9990938991222,-7.8473478063888));
#13619=CARTESIAN_POINT('',(3.,-34.1591147615753,0.374739649011646));
#13620=CARTESIAN_POINT('',(3.,-34.1591147615753,0.374739649011642));
#13621=CARTESIAN_POINT('',(-4.5,-34.1591147615753,0.374739649011646));
#13622=CARTESIAN_POINT('Origin',(-4.5,-33.6845961462576,1.01881424385065));
#13623=CARTESIAN_POINT('',(3.,-34.4842304761392,1.04299974518831));
#13624=CARTESIAN_POINT('Origin',(3.,-33.6845961462576,1.01881424385065));
#13625=CARTESIAN_POINT('',(-4.5,-34.4842304761392,1.04299974518831));
#13626=CARTESIAN_POINT('Origin',(-4.5,5.55111512312578E-16,7.87148124459236E-13));
#13627=CARTESIAN_POINT('',(3.,-34.244339488605,4.19228016586691));
#13628=CARTESIAN_POINT('Origin',(3.,5.55111512312578E-16,7.87148124459236E-13));
#13629=CARTESIAN_POINT('',(-4.5,-34.244339488605,4.19228016586691));
#13630=CARTESIAN_POINT('Origin',(-4.5,-33.4502678482895,4.09506787216569));
#13631=CARTESIAN_POINT('',(3.,-33.8217550911704,4.80358549959404));
#13632=CARTESIAN_POINT('Origin',(3.,-33.4502678482895,4.09506787216569));
#13633=CARTESIAN_POINT('',(-4.5,-33.8217550911704,4.80358549959404));
#13634=CARTESIAN_POINT('Origin',(-4.5,-31.8732017009807,5.82524353392576));
#13635=CARTESIAN_POINT('',(-4.5,-31.8732017009807,5.82524353392577));
#13636=CARTESIAN_POINT('',(-4.5,-20.570839064426,11.7512549292011));
#13637=CARTESIAN_POINT('',(3.,-31.8732017009807,5.82524353392577));
#13638=CARTESIAN_POINT('',(3.,-31.8732017009807,5.82524353392577));
#13639=CARTESIAN_POINT('',(-4.5,-31.8732017009807,5.82524353392577));
#13640=CARTESIAN_POINT('Origin',(-4.5,-32.2446889438616,6.53376116135415));
#13641=CARTESIAN_POINT('',(-4.5,-31.4606235592084,6.37488551001425));
#13642=CARTESIAN_POINT('Origin',(-4.5,-32.2446889438616,6.53376116135415));
#13643=CARTESIAN_POINT('',(3.,-31.4606235592084,6.37488551001425));
#13644=CARTESIAN_POINT('Origin',(3.,-32.2446889438616,6.53376116135415));
#13645=CARTESIAN_POINT('',(-4.5,-31.4606235592084,6.37488551001425));
#13646=CARTESIAN_POINT('Origin',(-4.5,5.55111512312578E-16,7.87148124459236E-13));
#13647=CARTESIAN_POINT('',(-4.5,-30.8667986273274,8.81196587033964));
#13648=CARTESIAN_POINT('Origin',(-4.5,5.55111512312578E-16,7.87148124459236E-13));
#13649=CARTESIAN_POINT('',(3.,-30.8667986273274,8.81196587033964));
#13650=CARTESIAN_POINT('Origin',(3.,5.55111512312578E-16,7.87148124459236E-13));
#13651=CARTESIAN_POINT('',(-4.5,-30.8667986273274,8.81196587033964));
#13652=CARTESIAN_POINT('Origin',(-4.5,-32.3714477648597,10.9121455592376));
#13653=CARTESIAN_POINT('',(-4.5,-24.2984019545896,-0.356160396846577));
#13654=CARTESIAN_POINT('',(3.,-32.3714477648597,10.9121455592376));
#13655=CARTESIAN_POINT('',(3.,-32.3714477648597,10.9121455592376));
#13656=CARTESIAN_POINT('',(-4.5,-32.3714477648597,10.9121455592376));
#13657=CARTESIAN_POINT('Origin',(-4.5,-31.721123748208,11.378062583359));
#13658=CARTESIAN_POINT('',(3.,-32.4741474573644,11.6481649592251));
#13659=CARTESIAN_POINT('Origin',(3.,-31.721123748208,11.378062583359));
#13660=CARTESIAN_POINT('',(-4.5,-32.4741474573644,11.6481649592251));
#13661=CARTESIAN_POINT('Origin',(-4.5,5.55111512312578E-16,7.87148124459236E-13));
#13662=CARTESIAN_POINT('',(3.,-31.2728164004276,14.5691782330067));
#13663=CARTESIAN_POINT('Origin',(3.,5.55111512312578E-16,7.87148124459236E-13));
#13664=CARTESIAN_POINT('',(-4.5,-31.2728164004276,14.5691782330067));
#13665=CARTESIAN_POINT('Origin',(-4.5,-30.5476496433162,14.2313422160095));
#13666=CARTESIAN_POINT('',(3.,-30.682011018689,15.0199783937289));
#13667=CARTESIAN_POINT('Origin',(3.,-30.5476496433162,14.2313422160095));
#13668=CARTESIAN_POINT('',(-4.5,-30.682011018689,15.0199783937289));
#13669=CARTESIAN_POINT('Origin',(-4.5,-28.5131169245519,15.3894968126899));
#13670=CARTESIAN_POINT('',(-4.5,-28.5131169245519,15.3894968126899));
#13671=CARTESIAN_POINT('',(-4.5,-15.932693059526,17.532846434522));
#13672=CARTESIAN_POINT('',(3.,-28.5131169245519,15.3894968126899));
#13673=CARTESIAN_POINT('',(3.,-28.5131169245519,15.3894968126899));
#13674=CARTESIAN_POINT('',(-4.5,-28.5131169245519,15.3894968126899));
#13675=CARTESIAN_POINT('Origin',(-4.5,-28.6474782999247,16.1781329904093));
#13676=CARTESIAN_POINT('',(-4.5,-27.9508830829052,15.7847437383629));
#13677=CARTESIAN_POINT('Origin',(-4.5,-28.6474782999247,16.1781329904093));
#13678=CARTESIAN_POINT('',(3.,-27.9508830829052,15.7847437383629));
#13679=CARTESIAN_POINT('Origin',(3.,-28.6474782999247,16.1781329904093));
#13680=CARTESIAN_POINT('',(-4.5,-27.9508830829052,15.7847437383629));
#13681=CARTESIAN_POINT('Origin',(-4.5,5.55111512312578E-16,7.87148124459236E-13));
#13682=CARTESIAN_POINT('',(-4.5,-26.6330227639033,17.9190429001505));
#13683=CARTESIAN_POINT('Origin',(-4.5,5.55111512312578E-16,7.87148124459236E-13));
#13684=CARTESIAN_POINT('',(3.,-26.6330227639033,17.9190429001505));
#13685=CARTESIAN_POINT('Origin',(3.,5.55111512312578E-16,7.87148124459236E-13));
#13686=CARTESIAN_POINT('',(-4.5,-26.6330227639033,17.9190429001505));
#13687=CARTESIAN_POINT('Origin',(-4.5,-27.4150379157807,20.3813946327368));
#13688=CARTESIAN_POINT('',(-4.5,-23.2192131298205,7.16989047385447));
#13689=CARTESIAN_POINT('',(3.,-27.4150379157807,20.3813946327368));
#13690=CARTESIAN_POINT('',(3.,-27.4150379157807,20.3813946327368));
#13691=CARTESIAN_POINT('',(-4.5,-27.4150379157807,20.3813946327368));
#13692=CARTESIAN_POINT('Origin',(-4.5,-26.6525667436188,20.6235468815847));
#13693=CARTESIAN_POINT('',(3.,-27.285268624773,21.1131266295155));
#13694=CARTESIAN_POINT('Origin',(3.,-26.6525667436188,20.6235468815847));
#13695=CARTESIAN_POINT('',(-4.5,-27.285268624773,21.1131266295155));
#13696=CARTESIAN_POINT('Origin',(-4.5,5.55111512312578E-16,7.87148124459236E-13));
#13697=CARTESIAN_POINT('',(3.,-25.2400921524522,23.5199436252663));
#13698=CARTESIAN_POINT('Origin',(3.,5.55111512312578E-16,7.87148124459236E-13));
#13699=CARTESIAN_POINT('',(-4.5,-25.2400921524522,23.5199436252663));
#13700=CARTESIAN_POINT('Origin',(-4.5,-24.6548146532649,22.9745536281587));
#13701=CARTESIAN_POINT('',(3.,-24.5388979335574,23.7661111523426));
#13702=CARTESIAN_POINT('Origin',(3.,-24.6548146532649,22.9745536281587));
#13703=CARTESIAN_POINT('',(-4.5,-24.5388979335574,23.7661111523426));
#13704=CARTESIAN_POINT('Origin',(-4.5,-22.3619696009807,23.4473189184987));
#13705=CARTESIAN_POINT('',(-4.5,-22.3619696009807,23.4473189184987));
#13706=CARTESIAN_POINT('',(-4.5,-9.73494404835945,21.5982007723077));
#13707=CARTESIAN_POINT('',(3.,-22.3619696009807,23.4473189184987));
#13708=CARTESIAN_POINT('',(3.,-22.3619696009807,23.4473189184987));
#13709=CARTESIAN_POINT('',(-4.5,-22.3619696009807,23.4473189184987));
#13710=CARTESIAN_POINT('Origin',(-4.5,-22.2460528812732,24.2388764426827));
#13711=CARTESIAN_POINT('',(-4.5,-21.7051154251936,23.6494812708241));
#13712=CARTESIAN_POINT('Origin',(-4.5,-22.2460528812732,24.2388764426827));
#13713=CARTESIAN_POINT('',(3.,-21.7051154251936,23.6494812708241));
#13714=CARTESIAN_POINT('Origin',(3.,-22.2460528812732,24.2388764426827));
#13715=CARTESIAN_POINT('',(-4.5,-21.7051154251936,23.6494812708241));
#13716=CARTESIAN_POINT('Origin',(-4.5,5.55111512312578E-16,7.87148124459236E-13));
#13717=CARTESIAN_POINT('',(-4.5,-19.7922210691674,25.2720791615816));
#13718=CARTESIAN_POINT('Origin',(-4.5,5.55111512312578E-16,7.87148124459236E-13));
#13719=CARTESIAN_POINT('',(3.,-19.7922210691674,25.2720791615816));
#13720=CARTESIAN_POINT('Origin',(3.,5.55111512312578E-16,7.87148124459236E-13));
#13721=CARTESIAN_POINT('',(-4.5,-19.7922210691674,25.2720791615816));
#13722=CARTESIAN_POINT('Origin',(-4.5,-19.7750531437042,27.8555707940572));
#13723=CARTESIAN_POINT('',(-4.5,-19.867165946134,13.9941025094103));
#13724=CARTESIAN_POINT('',(3.,-19.7750531437042,27.8555707940572));
#13725=CARTESIAN_POINT('',(3.,-19.7750531437042,27.8555707940572));
#13726=CARTESIAN_POINT('',(-4.5,-19.7750531437042,27.8555707940572));
#13727=CARTESIAN_POINT('Origin',(-4.5,-18.9750708068123,27.8502547183405));
#13728=CARTESIAN_POINT('',(3.,-19.4255175915438,28.5113883615059));
#13729=CARTESIAN_POINT('Origin',(3.,-18.9750708068123,27.8502547183405));
#13730=CARTESIAN_POINT('',(-4.5,-19.4255175915438,28.5113883615059));
#13731=CARTESIAN_POINT('Origin',(-4.5,5.55111512312578E-16,7.87148124459236E-13));
#13732=CARTESIAN_POINT('',(3.,-16.7366918265321,30.1684130624017));
#13733=CARTESIAN_POINT('Origin',(3.,5.55111512312578E-16,7.87148124459236E-13));
#13734=CARTESIAN_POINT('',(-4.5,-16.7366918265321,30.1684130624017));
#13735=CARTESIAN_POINT('Origin',(-4.5,-16.3485946247574,29.4688556580562));
#13736=CARTESIAN_POINT('',(3.,-15.9937465461338,30.1858513631319));
#13737=CARTESIAN_POINT('Origin',(3.,-16.3485946247574,29.4688556580562));
#13738=CARTESIAN_POINT('',(-4.5,-15.9937465461338,30.1858513631319));
#13739=CARTESIAN_POINT('Origin',(-4.5,-14.0218768878617,29.2099540814878));
#13740=CARTESIAN_POINT('',(-4.5,-14.0218768878617,29.2099540814878));
#13741=CARTESIAN_POINT('',(-4.5,-2.58427088639605,23.5493727349867));
#13742=CARTESIAN_POINT('',(3.,-14.0218768878617,29.2099540814878));
#13743=CARTESIAN_POINT('',(3.,-14.0218768878617,29.2099540814878));
#13744=CARTESIAN_POINT('',(-4.5,-14.0218768878617,29.2099540814878));
#13745=CARTESIAN_POINT('Origin',(-4.5,-13.6670288092381,29.9269497865637));
#13746=CARTESIAN_POINT('',(-4.5,-13.3346998412324,29.1992428008721));
#13747=CARTESIAN_POINT('Origin',(-4.5,-13.6670288092381,29.9269497865637));
#13748=CARTESIAN_POINT('',(3.,-13.3346998412324,29.1992428008721));
#13749=CARTESIAN_POINT('Origin',(3.,-13.6670288092381,29.9269497865637));
#13750=CARTESIAN_POINT('',(-4.5,-13.3346998412324,29.1992428008721));
#13751=CARTESIAN_POINT('Origin',(-4.5,5.55111512312578E-16,7.87148124459236E-13));
#13752=CARTESIAN_POINT('',(-4.5,-11.0140188756684,30.1513082337478));
#13753=CARTESIAN_POINT('Origin',(-4.5,5.55111512312578E-16,7.87148124459236E-13));
#13754=CARTESIAN_POINT('',(3.,-11.0140188756684,30.1513082337478));
#13755=CARTESIAN_POINT('Origin',(3.,5.55111512312578E-16,7.87148124459236E-13));
#13756=CARTESIAN_POINT('',(-4.5,-11.0140188756684,30.1513082337478));
#13757=CARTESIAN_POINT('Origin',(-4.5,-10.199348389025,32.6030496048814));
#13758=CARTESIAN_POINT('',(-4.5,-14.5703821369552,19.4484742886997));
#13759=CARTESIAN_POINT('',(3.,-10.199348389025,32.6030496048814));
#13760=CARTESIAN_POINT('',(3.,-10.199348389025,32.6030496048814));
#13761=CARTESIAN_POINT('',(-4.5,-10.199348389025,32.6030496048814));
#13762=CARTESIAN_POINT('Origin',(-4.5,-9.44016273234273,32.3507855791306));
#13763=CARTESIAN_POINT('',(3.,-9.66426155091473,33.1187567501485));
#13764=CARTESIAN_POINT('Origin',(3.,-9.44016273234273,32.3507855791306));
#13765=CARTESIAN_POINT('',(-4.5,-9.66426155091473,33.1187567501485));
#13766=CARTESIAN_POINT('Origin',(-4.5,5.55111512312578E-16,7.87148124459236E-13));
#13767=CARTESIAN_POINT('',(3.,-6.59498749324213,33.8637880332957));
#13768=CARTESIAN_POINT('Origin',(3.,5.55111512312578E-16,7.87148124459236E-13));
#13769=CARTESIAN_POINT('',(-4.5,-6.59498749324213,33.8637880332957));
#13770=CARTESIAN_POINT('Origin',(-4.5,-6.44206024702201,33.0785407745526));
#13771=CARTESIAN_POINT('',(3.,-5.88301581178999,33.6507901253046));
#13772=CARTESIAN_POINT('Origin',(3.,-6.44206024702201,33.0785407745526));
#13773=CARTESIAN_POINT('',(-4.5,-5.88301581178999,33.6507901253046));
#13774=CARTESIAN_POINT('Origin',(-4.5,-4.30922516879795,32.1133154212638));
#13775=CARTESIAN_POINT('',(-4.5,-4.30922516879795,32.1133154212638));
#13776=CARTESIAN_POINT('',(-4.5,4.81936871560186,23.1953680162373));
#13777=CARTESIAN_POINT('',(3.,-4.30922516879795,32.1133154212638));
#13778=CARTESIAN_POINT('',(3.,-4.30922516879795,32.1133154212638));
#13779=CARTESIAN_POINT('',(-4.5,-4.30922516879795,32.1133154212638));
#13780=CARTESIAN_POINT('Origin',(-4.5,-3.7501807335659,32.6855647720159));
#13781=CARTESIAN_POINT('',(-4.5,-3.65899092849429,31.8907790024836));
#13782=CARTESIAN_POINT('Origin',(-4.5,-3.7501807335659,32.6855647720159));
#13783=CARTESIAN_POINT('',(3.,-3.65899092849429,31.8907790024836));
#13784=CARTESIAN_POINT('Origin',(3.,-3.7501807335659,32.6855647720159));
#13785=CARTESIAN_POINT('',(-4.5,-3.65899092849429,31.8907790024836));
#13786=CARTESIAN_POINT('Origin',(-4.5,5.55111512312578E-16,7.87148124459236E-13));
#13787=CARTESIAN_POINT('',(-4.5,-1.15768777543723,32.0791171794776));
#13788=CARTESIAN_POINT('Origin',(-4.5,5.55111512312578E-16,7.87148124459236E-13));
#13789=CARTESIAN_POINT('',(3.,-1.15768777543723,32.0791171794776));
#13790=CARTESIAN_POINT('Origin',(3.,5.55111512312578E-16,7.87148124459236E-13));
#13791=CARTESIAN_POINT('',(-4.5,-1.15768777543723,32.0791171794776));
#13792=CARTESIAN_POINT('Origin',(-4.5,0.37473964901086,34.1591147615761));
#13793=CARTESIAN_POINT('',(-4.5,-7.84734780638962,22.9990938991231));
#13794=CARTESIAN_POINT('',(3.,0.37473964901086,34.1591147615761));
#13795=CARTESIAN_POINT('',(3.,0.374739649010863,34.1591147615761));
#13796=CARTESIAN_POINT('',(-4.5,0.374739649010861,34.1591147615761));
#13797=CARTESIAN_POINT('Origin',(-4.5,1.01881424384987,33.6845961462584));
#13798=CARTESIAN_POINT('',(3.,1.04299974518754,34.4842304761399));
#13799=CARTESIAN_POINT('Origin',(3.,1.01881424384987,33.6845961462584));
#13800=CARTESIAN_POINT('',(-4.5,1.04299974518754,34.4842304761399));
#13801=CARTESIAN_POINT('Origin',(-4.5,5.55111512312578E-16,7.87148124459236E-13));
#13802=CARTESIAN_POINT('',(3.,4.19228016586613,34.2443394886058));
#13803=CARTESIAN_POINT('Origin',(3.,5.55111512312578E-16,7.87148124459236E-13));
#13804=CARTESIAN_POINT('',(-4.5,4.19228016586613,34.2443394886058));
#13805=CARTESIAN_POINT('Origin',(-4.5,4.09506787216491,33.4502678482903));
#13806=CARTESIAN_POINT('',(3.,4.80358549959326,33.8217550911712));
#13807=CARTESIAN_POINT('Origin',(3.,4.09506787216491,33.4502678482903));
#13808=CARTESIAN_POINT('',(-4.5,4.80358549959326,33.8217550911712));
#13809=CARTESIAN_POINT('Origin',(-4.5,5.82524353392499,31.8732017009815));
#13810=CARTESIAN_POINT('',(-4.5,5.82524353392499,31.8732017009815));
#13811=CARTESIAN_POINT('',(-4.5,11.7512549292003,20.5708390644268));
#13812=CARTESIAN_POINT('',(3.,5.82524353392499,31.8732017009815));
#13813=CARTESIAN_POINT('',(3.,5.82524353392499,31.8732017009815));
#13814=CARTESIAN_POINT('',(-4.5,5.82524353392499,31.8732017009815));
#13815=CARTESIAN_POINT('Origin',(-4.5,6.53376116135337,32.2446889438624));
#13816=CARTESIAN_POINT('',(-4.5,6.37488551001346,31.4606235592092));
#13817=CARTESIAN_POINT('Origin',(-4.5,6.53376116135337,32.2446889438624));
#13818=CARTESIAN_POINT('',(3.,6.37488551001346,31.4606235592092));
#13819=CARTESIAN_POINT('Origin',(3.,6.53376116135337,32.2446889438624));
#13820=CARTESIAN_POINT('',(-4.5,6.37488551001346,31.4606235592092));
#13821=CARTESIAN_POINT('Origin',(-4.5,5.55111512312578E-16,7.87148124459236E-13));
#13822=CARTESIAN_POINT('',(-4.5,8.81196587033887,30.8667986273282));
#13823=CARTESIAN_POINT('Origin',(-4.5,5.55111512312578E-16,7.87148124459236E-13));
#13824=CARTESIAN_POINT('',(3.,8.81196587033887,30.8667986273282));
#13825=CARTESIAN_POINT('Origin',(3.,5.55111512312578E-16,7.87148124459236E-13));
#13826=CARTESIAN_POINT('',(-4.5,8.81196587033887,30.8667986273282));
#13827=CARTESIAN_POINT('Origin',(-4.5,10.9121455592368,32.3714477648605));
#13828=CARTESIAN_POINT('',(-4.5,-0.356160396847351,24.2984019545904));
#13829=CARTESIAN_POINT('',(3.,10.9121455592368,32.3714477648605));
#13830=CARTESIAN_POINT('',(3.,10.9121455592368,32.3714477648605));
#13831=CARTESIAN_POINT('',(-4.5,10.9121455592368,32.3714477648605));
#13832=CARTESIAN_POINT('Origin',(-4.5,11.3780625833582,31.7211237482088));
#13833=CARTESIAN_POINT('',(3.,11.6481649592243,32.4741474573652));
#13834=CARTESIAN_POINT('Origin',(3.,11.3780625833582,31.7211237482088));
#13835=CARTESIAN_POINT('',(-4.5,11.6481649592243,32.4741474573652));
#13836=CARTESIAN_POINT('Origin',(-4.5,5.55111512312578E-16,7.87148124459236E-13));
#13837=CARTESIAN_POINT('',(3.,14.569178233006,31.2728164004284));
#13838=CARTESIAN_POINT('Origin',(3.,5.55111512312578E-16,7.87148124459236E-13));
#13839=CARTESIAN_POINT('',(-4.5,14.569178233006,31.2728164004284));
#13840=CARTESIAN_POINT('Origin',(-4.5,14.2313422160087,30.547649643317));
#13841=CARTESIAN_POINT('',(3.,15.0199783937281,30.6820110186898));
#13842=CARTESIAN_POINT('Origin',(3.,14.2313422160087,30.547649643317));
#13843=CARTESIAN_POINT('',(-4.5,15.0199783937281,30.6820110186898));
#13844=CARTESIAN_POINT('Origin',(-4.5,15.3894968126891,28.5131169245526));
#13845=CARTESIAN_POINT('',(-4.5,15.3894968126891,28.5131169245526));
#13846=CARTESIAN_POINT('',(-4.5,17.5328464345212,15.9326930595267));
#13847=CARTESIAN_POINT('',(3.,15.3894968126891,28.5131169245526));
#13848=CARTESIAN_POINT('',(3.,15.3894968126891,28.5131169245526));
#13849=CARTESIAN_POINT('',(-4.5,15.3894968126891,28.5131169245526));
#13850=CARTESIAN_POINT('Origin',(-4.5,16.1781329904085,28.6474782999255));
#13851=CARTESIAN_POINT('',(-4.5,15.7847437383621,27.950883082906));
#13852=CARTESIAN_POINT('Origin',(-4.5,16.1781329904085,28.6474782999255));
#13853=CARTESIAN_POINT('',(3.,15.7847437383621,27.950883082906));
#13854=CARTESIAN_POINT('Origin',(3.,16.1781329904085,28.6474782999255));
#13855=CARTESIAN_POINT('',(-4.5,15.7847437383621,27.950883082906));
#13856=CARTESIAN_POINT('Origin',(-4.5,5.55111512312578E-16,7.87148124459236E-13));
#13857=CARTESIAN_POINT('',(-4.5,17.9190429001498,26.6330227639041));
#13858=CARTESIAN_POINT('Origin',(-4.5,5.55111512312578E-16,7.87148124459236E-13));
#13859=CARTESIAN_POINT('',(3.,17.9190429001498,26.6330227639041));
#13860=CARTESIAN_POINT('Origin',(3.,5.55111512312578E-16,7.87148124459236E-13));
#13861=CARTESIAN_POINT('',(-4.5,17.9190429001498,26.6330227639041));
#13862=CARTESIAN_POINT('Origin',(-4.5,20.381394632736,27.4150379157815));
#13863=CARTESIAN_POINT('',(-4.5,7.16989047385369,23.2192131298213));
#13864=CARTESIAN_POINT('',(3.,20.381394632736,27.4150379157815));
#13865=CARTESIAN_POINT('',(3.,20.381394632736,27.4150379157815));
#13866=CARTESIAN_POINT('',(-4.5,20.381394632736,27.4150379157815));
#13867=CARTESIAN_POINT('Origin',(-4.5,20.6235468815839,26.6525667436196));
#13868=CARTESIAN_POINT('',(3.,21.1131266295147,27.2852686247738));
#13869=CARTESIAN_POINT('Origin',(3.,20.6235468815839,26.6525667436196));
#13870=CARTESIAN_POINT('',(-4.5,21.1131266295147,27.2852686247738));
#13871=CARTESIAN_POINT('Origin',(-4.5,5.55111512312578E-16,7.87148124459236E-13));
#13872=CARTESIAN_POINT('',(3.,23.5199436252655,25.240092152453));
#13873=CARTESIAN_POINT('Origin',(3.,5.55111512312578E-16,7.87148124459236E-13));
#13874=CARTESIAN_POINT('',(-4.5,23.5199436252655,25.240092152453));
#13875=CARTESIAN_POINT('Origin',(-4.5,22.9745536281579,24.6548146532657));
#13876=CARTESIAN_POINT('',(3.,23.7661111523419,24.5388979335582));
#13877=CARTESIAN_POINT('Origin',(3.,22.9745536281579,24.6548146532657));
#13878=CARTESIAN_POINT('',(-4.5,23.7661111523419,24.5388979335582));
#13879=CARTESIAN_POINT('Origin',(-4.5,23.4473189184979,22.3619696009814));
#13880=CARTESIAN_POINT('',(-4.5,23.4473189184979,22.3619696009814));
#13881=CARTESIAN_POINT('',(-4.5,21.5982007723069,9.73494404836024));
#13882=CARTESIAN_POINT('',(3.,23.4473189184979,22.3619696009814));
#13883=CARTESIAN_POINT('',(3.,23.4473189184979,22.3619696009814));
#13884=CARTESIAN_POINT('',(-4.5,23.4473189184979,22.3619696009814));
#13885=CARTESIAN_POINT('Origin',(-4.5,24.2388764426819,22.2460528812739));
#13886=CARTESIAN_POINT('',(-4.5,23.6494812708233,21.7051154251943));
#13887=CARTESIAN_POINT('Origin',(-4.5,24.2388764426819,22.2460528812739));
#13888=CARTESIAN_POINT('',(3.,23.6494812708233,21.7051154251943));
#13889=CARTESIAN_POINT('Origin',(3.,24.2388764426819,22.2460528812739));
#13890=CARTESIAN_POINT('',(-4.5,23.6494812708233,21.7051154251943));
#13891=CARTESIAN_POINT('Origin',(-4.5,5.55111512312578E-16,7.87148124459236E-13));
#13892=CARTESIAN_POINT('',(-4.5,25.2720791615808,19.7922210691682));
#13893=CARTESIAN_POINT('Origin',(-4.5,5.55111512312578E-16,7.87148124459236E-13));
#13894=CARTESIAN_POINT('',(3.,25.2720791615808,19.7922210691682));
#13895=CARTESIAN_POINT('Origin',(3.,5.55111512312578E-16,7.87148124459236E-13));
#13896=CARTESIAN_POINT('',(-4.5,25.2720791615808,19.7922210691682));
#13897=CARTESIAN_POINT('Origin',(-4.5,27.8555707940564,19.775053143705));
#13898=CARTESIAN_POINT('',(-4.5,13.9941025094095,19.8671659461347));
#13899=CARTESIAN_POINT('',(3.,27.8555707940564,19.775053143705));
#13900=CARTESIAN_POINT('',(3.,27.8555707940564,19.775053143705));
#13901=CARTESIAN_POINT('',(-4.5,27.8555707940564,19.775053143705));
#13902=CARTESIAN_POINT('Origin',(-4.5,27.8502547183397,18.9750708068131));
#13903=CARTESIAN_POINT('',(3.,28.5113883615051,19.4255175915446));
#13904=CARTESIAN_POINT('Origin',(3.,27.8502547183397,18.9750708068131));
#13905=CARTESIAN_POINT('',(-4.5,28.5113883615051,19.4255175915446));
#13906=CARTESIAN_POINT('Origin',(-4.5,5.55111512312578E-16,7.87148124459236E-13));
#13907=CARTESIAN_POINT('',(3.,30.1684130624009,16.7366918265328));
#13908=CARTESIAN_POINT('Origin',(3.,5.55111512312578E-16,7.87148124459236E-13));
#13909=CARTESIAN_POINT('',(-4.5,30.1684130624009,16.7366918265328));
#13910=CARTESIAN_POINT('Origin',(-4.5,29.4688556580554,16.3485946247582));
#13911=CARTESIAN_POINT('',(3.,30.1858513631311,15.9937465461346));
#13912=CARTESIAN_POINT('Origin',(3.,29.4688556580554,16.3485946247582));
#13913=CARTESIAN_POINT('',(-4.5,30.1858513631311,15.9937465461346));
#13914=CARTESIAN_POINT('Origin',(-4.5,29.209954081487,14.0218768878625));
#13915=CARTESIAN_POINT('',(-4.5,29.209954081487,14.0218768878625));
#13916=CARTESIAN_POINT('',(-4.5,23.5493727349859,2.58427088639683));
#13917=CARTESIAN_POINT('',(3.,29.209954081487,14.0218768878625));
#13918=CARTESIAN_POINT('',(3.,29.209954081487,14.0218768878625));
#13919=CARTESIAN_POINT('',(-4.5,29.209954081487,14.0218768878625));
#13920=CARTESIAN_POINT('Origin',(-4.5,29.9269497865629,13.6670288092389));
#13921=CARTESIAN_POINT('',(-4.5,29.1992428008714,13.3346998412331));
#13922=CARTESIAN_POINT('Origin',(-4.5,29.9269497865629,13.6670288092389));
#13923=CARTESIAN_POINT('',(3.,29.1992428008714,13.3346998412331));
#13924=CARTESIAN_POINT('Origin',(3.,29.9269497865629,13.6670288092389));
#13925=CARTESIAN_POINT('',(-4.5,29.1992428008714,13.3346998412331));
#13926=CARTESIAN_POINT('Origin',(-4.5,5.55111512312578E-16,7.87148124459236E-13));
#13927=CARTESIAN_POINT('',(-4.5,30.151308233747,11.0140188756692));
#13928=CARTESIAN_POINT('Origin',(-4.5,5.55111512312578E-16,7.87148124459236E-13));
#13929=CARTESIAN_POINT('',(3.,30.151308233747,11.0140188756692));
#13930=CARTESIAN_POINT('Origin',(3.,5.55111512312578E-16,7.87148124459236E-13));
#13931=CARTESIAN_POINT('',(-4.5,30.151308233747,11.0140188756692));
#13932=CARTESIAN_POINT('Origin',(-4.5,32.6030496048807,10.1993483890258));
#13933=CARTESIAN_POINT('',(-4.5,19.4484742886989,14.570382136956));
#13934=CARTESIAN_POINT('',(3.,32.6030496048806,10.1993483890258));
#13935=CARTESIAN_POINT('',(3.,32.6030496048807,10.1993483890258));
#13936=CARTESIAN_POINT('',(-4.5,32.6030496048807,10.1993483890258));
#13937=CARTESIAN_POINT('Origin',(-4.5,32.3507855791298,9.44016273234351));
#13938=CARTESIAN_POINT('',(3.,33.1187567501478,9.6642615509155));
#13939=CARTESIAN_POINT('Origin',(3.,32.3507855791298,9.44016273234351));
#13940=CARTESIAN_POINT('',(-4.5,33.1187567501478,9.6642615509155));
#13941=CARTESIAN_POINT('Origin',(-4.5,5.55111512312578E-16,7.87148124459236E-13));
#13942=CARTESIAN_POINT('',(3.,33.8637880332949,6.59498749324292));
#13943=CARTESIAN_POINT('Origin',(3.,5.55111512312578E-16,7.87148124459236E-13));
#13944=CARTESIAN_POINT('',(-4.5,33.8637880332949,6.59498749324292));
#13945=CARTESIAN_POINT('Origin',(-4.5,33.0785407745518,6.44206024702279));
#13946=CARTESIAN_POINT('Origin',(3.,33.0785407745518,6.44206024702279));
#13947=CARTESIAN_POINT('Origin',(-4.5,4.44089209850063E-15,7.86037901434611E-13));
#13948=CARTESIAN_POINT('',(-4.5,-34.1567994899171,-0.546442773408036));
#13949=CARTESIAN_POINT('',(-4.5,-32.3920585534543,0.767457862373415));
#13950=CARTESIAN_POINT('',(-4.5,-34.4785519493228,-1.21632868822097));
#13951=CARTESIAN_POINT('Origin',(-4.5,-33.6790492954255,-1.18812396501581));
#13952=CARTESIAN_POINT('',(-4.5,-34.2228334828537,-4.36436345929265));
#13953=CARTESIAN_POINT('Origin',(-4.5,7.87703235971549E-13,7.86593012946924E-13));
#13954=CARTESIAN_POINT('',(-4.5,-33.7971815715816,-4.97353686188737));
#13955=CARTESIAN_POINT('Origin',(-4.5,-33.4292605325266,-4.26316082835249));
#13956=CARTESIAN_POINT('',(-4.5,-33.7971815715816,-4.97353686188737));
#13957=CARTESIAN_POINT('Origin',(-4.5,4.44089209850063E-15,7.86037901434611E-13));
#13958=CARTESIAN_POINT('',(-4.5,-32.6539068341094,10.0353335554099));
#13959=CARTESIAN_POINT('',(-4.5,-30.5695208415371,10.739592376798));
#13960=CARTESIAN_POINT('',(-4.5,-33.1669177392308,9.49766116889098));
#13961=CARTESIAN_POINT('Origin',(-4.5,-32.3978297916544,9.2774255475834));
#13962=CARTESIAN_POINT('',(-4.5,-33.8965112685026,6.42468083442505));
#13963=CARTESIAN_POINT('Origin',(-4.5,7.490059256777E-13,5.43378034489911E-13));
#13964=CARTESIAN_POINT('',(-4.5,-33.6799371785368,5.71378882606241));
#13965=CARTESIAN_POINT('Origin',(-4.5,-33.1105052101025,6.27570272811957));
#13966=CARTESIAN_POINT('',(-4.5,-33.6799371785368,5.71378882606241));
#13967=CARTESIAN_POINT('Origin',(-4.5,4.44089209850063E-15,7.86037901434611E-13));
#13968=CARTESIAN_POINT('',(-4.5,-27.954622264232,19.634781515544));
#13969=CARTESIAN_POINT('',(-4.5,-25.7546254392744,19.6604607622416));
#13970=CARTESIAN_POINT('',(-4.5,-28.6086745333187,19.2819537766955));
#13971=CARTESIAN_POINT('Origin',(-4.5,-27.9452849789229,18.8348360079605));
#13972=CARTESIAN_POINT('',(-4.5,-30.2521623603094,16.5848326046858));
#13973=CARTESIAN_POINT('Origin',(-4.5,6.37045034929886E-13,3.24024970885183E-13));
#13974=CARTESIAN_POINT('',(-4.5,-30.2658658725361,15.8418090534096));
#13975=CARTESIAN_POINT('Origin',(-4.5,-29.5506629432587,16.2002567761714));
#13976=CARTESIAN_POINT('',(-4.5,-30.2658658725361,15.8418090534096));
#13977=CARTESIAN_POINT('Origin',(-4.5,4.44089209850063E-15,7.86037901434611E-13));
#13978=CARTESIAN_POINT('',(-4.5,-20.5189444958255,27.3122402573698));
#13979=CARTESIAN_POINT('',(-4.5,-18.4186878559886,26.6568262657923));
#13980=CARTESIAN_POINT('',(-4.5,-21.2500149357291,27.1787944035654));
#13981=CARTESIAN_POINT('Origin',(-4.5,-20.7572609662049,26.5485614898596));
#13982=CARTESIAN_POINT('',(-4.5,-23.6465210210799,25.1215454062765));
#13983=CARTESIAN_POINT('Origin',(-4.5,4.62780075791898E-13,1.50005628321033E-13));
#13984=CARTESIAN_POINT('',(-4.5,-23.8891607402444,24.4191226342352));
#13985=CARTESIAN_POINT('Origin',(-4.5,-23.0981958959533,24.5390168171455));
#13986=CARTESIAN_POINT('',(-4.5,-23.8891607402444,24.4191226342352));
#13987=CARTESIAN_POINT('Origin',(-4.5,4.44089209850063E-15,7.86037901434611E-13));
#13988=CARTESIAN_POINT('',(-4.5,-11.0747294762748,32.3161866272368));
#13989=CARTESIAN_POINT('',(-4.5,-9.27980077481433,31.0438358854175));
#13990=CARTESIAN_POINT('',(-4.5,-11.8112558186703,32.4151852684189));
#13991=CARTESIAN_POINT('Origin',(-4.5,-11.5373716257736,31.6635287984267));
#13992=CARTESIAN_POINT('',(-4.5,-14.7261934493072,31.199186311402));
#13993=CARTESIAN_POINT('Origin',(-4.5,2.43269316639528E-13,3.83542325116933E-14));
#13994=CARTESIAN_POINT('',(-4.5,-15.1740181091274,30.6061223535903));
#13995=CARTESIAN_POINT('Origin',(-4.5,-14.384716499758,30.4757269186738));
#13996=CARTESIAN_POINT('',(-4.5,-15.1740181091274,30.6061223535903));
#13997=CARTESIAN_POINT('Origin',(-4.5,4.44089209850063E-15,7.86037901434611E-13));
#13998=CARTESIAN_POINT('',(-4.5,-0.546442773408815,34.1567994899179));
#13999=CARTESIAN_POINT('',(-4.5,0.767457862372636,32.3920585534551));
#14000=CARTESIAN_POINT('',(-4.5,-1.21632868822175,34.4785519493236));
#14001=CARTESIAN_POINT('Origin',(-4.5,-1.18812396501659,33.6790492954263));
#14002=CARTESIAN_POINT('',(-4.5,-4.36436345929343,34.2228334828545));
#14003=CARTESIAN_POINT('Origin',(-4.5,0.,0.));
#14004=CARTESIAN_POINT('',(-4.5,-4.97353686188815,33.7971815715824));
#14005=CARTESIAN_POINT('Origin',(-4.5,-4.26316082835327,33.4292605325274));
#14006=CARTESIAN_POINT('',(-4.5,-4.97353686188815,33.7971815715824));
#14007=CARTESIAN_POINT('Origin',(-4.5,4.44089209850063E-15,7.86037901434611E-13));
#14008=CARTESIAN_POINT('',(-4.5,10.0353335554091,32.6539068341102));
#14009=CARTESIAN_POINT('',(-4.5,10.7395923767972,30.5695208415379));
#14010=CARTESIAN_POINT('',(-4.5,9.49766116889021,33.1669177392316));
#14011=CARTESIAN_POINT('Origin',(-4.5,9.27742554758263,32.3978297916552));
#14012=CARTESIAN_POINT('',(-4.5,6.42468083442428,33.8965112685034));
#14013=CARTESIAN_POINT('Origin',(-4.5,-2.43214978457013E-13,3.8697310293849E-14));
#14014=CARTESIAN_POINT('',(-4.5,5.71378882606163,33.6799371785376));
#14015=CARTESIAN_POINT('Origin',(-4.5,6.2757027281188,33.1105052101033));
#14016=CARTESIAN_POINT('',(-4.5,5.71378882606164,33.6799371785376));
#14017=CARTESIAN_POINT('Origin',(-4.5,4.44089209850063E-15,7.86037901434611E-13));
#14018=CARTESIAN_POINT('',(-4.5,19.6347815155433,27.9546222642328));
#14019=CARTESIAN_POINT('',(-4.5,19.6604607622409,25.7546254392752));
#14020=CARTESIAN_POINT('',(-4.5,19.2819537766947,28.6086745333194));
#14021=CARTESIAN_POINT('Origin',(-4.5,18.8348360079598,27.9452849789236));
#14022=CARTESIAN_POINT('',(-4.5,16.584832604685,30.2521623603102));
#14023=CARTESIAN_POINT('Origin',(-4.5,-4.62568042061741E-13,1.50658201041663E-13));
#14024=CARTESIAN_POINT('',(-4.5,15.8418090534088,30.2658658725369));
#14025=CARTESIAN_POINT('Origin',(-4.5,16.2002567761706,29.5506629432595));
#14026=CARTESIAN_POINT('',(-4.5,15.8418090534088,30.2658658725369));
#14027=CARTESIAN_POINT('Origin',(-4.5,4.44089209850063E-15,7.86037901434611E-13));
#14028=CARTESIAN_POINT('',(-4.5,27.312240257369,20.5189444958263));
#14029=CARTESIAN_POINT('',(-4.5,26.6568262657915,18.4186878559894));
#14030=CARTESIAN_POINT('',(-4.5,27.1787944035647,21.2500149357298));
#14031=CARTESIAN_POINT('Origin',(-4.5,26.5485614898588,20.7572609662057));
#14032=CARTESIAN_POINT('',(-4.5,25.1215454062758,23.6465210210807));
#14033=CARTESIAN_POINT('Origin',(-4.5,-6.36587384625891E-13,3.24923160179651E-13));
#14034=CARTESIAN_POINT('',(-4.5,24.4191226342345,23.8891607402452));
#14035=CARTESIAN_POINT('Origin',(-4.5,24.5390168171447,23.0981958959541));
#14036=CARTESIAN_POINT('',(-4.5,24.4191226342345,23.8891607402452));
#14037=CARTESIAN_POINT('Origin',(-4.5,4.44089209850063E-15,7.86037901434611E-13));
#14038=CARTESIAN_POINT('',(-4.5,32.316186627236,11.0747294762756));
#14039=CARTESIAN_POINT('',(-4.5,31.0438358854167,9.27980077481511));
#14040=CARTESIAN_POINT('',(-4.5,32.4151852684182,11.811255818671));
#14041=CARTESIAN_POINT('Origin',(-4.5,31.6635287984259,11.5373716257743));
#14042=CARTESIAN_POINT('',(-4.5,31.1991863114013,14.726193449308));
#14043=CARTESIAN_POINT('Origin',(-4.5,-7.4823878043523E-13,5.44433919332021E-13));
#14044=CARTESIAN_POINT('',(-4.5,30.6061223535895,15.1740181091282));
#14045=CARTESIAN_POINT('Origin',(-4.5,30.4757269186731,14.3847164997588));
#14046=CARTESIAN_POINT('',(-4.5,30.6061223535895,15.1740181091282));
#14047=CARTESIAN_POINT('Origin',(-4.5,4.44089209850063E-15,7.86037901434611E-13));
#14048=CARTESIAN_POINT('',(-4.5,34.1567994899171,0.546442773409596));
#14049=CARTESIAN_POINT('',(-4.5,32.3920585534544,-0.767457862371856));
#14050=CARTESIAN_POINT('',(-4.5,34.4785519493229,1.21632868822252));
#14051=CARTESIAN_POINT('Origin',(-4.5,33.6790492954255,1.18812396501737));
#14052=CARTESIAN_POINT('',(-4.5,34.2228334828537,4.36436345929422));
#14053=CARTESIAN_POINT('Origin',(-4.5,-7.86593012946924E-13,7.87703235971549E-13));
#14054=CARTESIAN_POINT('',(-4.5,33.7971815715816,4.97353686188893));
#14055=CARTESIAN_POINT('Origin',(-4.5,33.4292605325266,4.26316082835405));
#14056=CARTESIAN_POINT('',(-4.5,33.7971815715816,4.97353686188893));
#14057=CARTESIAN_POINT('Origin',(-4.5,4.44089209850063E-15,7.86037901434611E-13));
#14058=CARTESIAN_POINT('',(-4.5,32.6539068341094,-10.0353335554083));
#14059=CARTESIAN_POINT('',(-4.5,30.5695208415371,-10.7395923767964));
#14060=CARTESIAN_POINT('',(-4.5,33.1669177392308,-9.49766116888942));
#14061=CARTESIAN_POINT('Origin',(-4.5,32.3978297916544,-9.27742554758184));
#14062=CARTESIAN_POINT('',(-4.5,33.8965112685027,-6.42468083442349));
#14063=CARTESIAN_POINT('Origin',(-4.5,-7.47895702653075E-13,1.03091821442856E-12));
#14064=CARTESIAN_POINT('',(-4.5,33.6799371785368,-5.71378882606085));
#14065=CARTESIAN_POINT('Origin',(-4.5,33.1105052101025,-6.27570272811801));
#14066=CARTESIAN_POINT('',(-4.5,33.6799371785368,-5.71378882606085));
#14067=CARTESIAN_POINT('Origin',(-4.5,4.44089209850063E-15,7.86037901434611E-13));
#14068=CARTESIAN_POINT('',(-4.5,27.954622264232,-19.6347815155425));
#14069=CARTESIAN_POINT('',(-4.5,25.7546254392744,-19.6604607622401));
#14070=CARTESIAN_POINT('',(-4.5,28.6086745333187,-19.2819537766939));
#14071=CARTESIAN_POINT('Origin',(-4.5,27.9452849789229,-18.834836007959));
#14072=CARTESIAN_POINT('',(-4.5,30.2521623603094,-16.5848326046842));
#14073=CARTESIAN_POINT('Origin',(-4.5,-6.35934811905261E-13,1.25027127803329E-12));
#14074=CARTESIAN_POINT('',(-4.5,30.2658658725361,-15.8418090534081));
#14075=CARTESIAN_POINT('Origin',(-4.5,29.5506629432587,-16.2002567761698));
#14076=CARTESIAN_POINT('',(-4.5,30.2658658725361,-15.8418090534081));
#14077=CARTESIAN_POINT('Origin',(-4.5,4.44089209850063E-15,7.86037901434611E-13));
#14078=CARTESIAN_POINT('',(-4.5,20.5189444958255,-27.3122402573682));
#14079=CARTESIAN_POINT('',(-4.5,18.4186878559886,-26.6568262657907));
#14080=CARTESIAN_POINT('',(-4.5,21.2500149357291,-27.1787944035639));
#14081=CARTESIAN_POINT('Origin',(-4.5,20.7572609662049,-26.548561489858));
#14082=CARTESIAN_POINT('',(-4.5,23.6465210210799,-25.121545406275));
#14083=CARTESIAN_POINT('Origin',(-4.5,-4.61669852767273E-13,1.42429062059744E-12));
#14084=CARTESIAN_POINT('',(-4.5,23.8891607402444,-24.4191226342337));
#14085=CARTESIAN_POINT('Origin',(-4.5,23.0981958959533,-24.5390168171439));
#14086=CARTESIAN_POINT('',(-4.5,23.8891607402444,-24.4191226342337));
#14087=CARTESIAN_POINT('Origin',(-4.5,4.44089209850063E-15,7.86037901434611E-13));
#14088=CARTESIAN_POINT('',(-4.5,11.0747294762748,-32.3161866272352));
#14089=CARTESIAN_POINT('',(-4.5,9.27980077481433,-31.0438358854159));
#14090=CARTESIAN_POINT('',(-4.5,11.8112558186703,-32.4151852684174));
#14091=CARTESIAN_POINT('Origin',(-4.5,11.5373716257736,-31.6635287984251));
#14092=CARTESIAN_POINT('',(-4.5,14.7261934493072,-31.1991863114005));
#14093=CARTESIAN_POINT('Origin',(-4.5,-2.42159093614902E-13,1.53594201640678E-12));
#14094=CARTESIAN_POINT('',(-4.5,15.1740181091274,-30.6061223535887));
#14095=CARTESIAN_POINT('Origin',(-4.5,14.384716499758,-30.4757269186723));
#14096=CARTESIAN_POINT('',(-4.5,15.1740181091274,-30.6061223535887));
#14097=CARTESIAN_POINT('Origin',(-4.5,4.44089209850063E-15,7.86037901434611E-13));
#14098=CARTESIAN_POINT('',(-4.5,0.54644277340882,-34.1567994899164));
#14099=CARTESIAN_POINT('',(-4.5,-0.767457862372631,-32.3920585534536));
#14100=CARTESIAN_POINT('',(-4.5,1.21632868822175,-34.4785519493221));
#14101=CARTESIAN_POINT('Origin',(-4.5,1.18812396501659,-33.6790492954247));
#14102=CARTESIAN_POINT('',(-4.5,4.36436345929344,-34.2228334828529));
#14103=CARTESIAN_POINT('Origin',(-4.5,1.11022302462506E-15,1.57429624891847E-12));
#14104=CARTESIAN_POINT('',(-4.5,4.97353686188815,-33.7971815715808));
#14105=CARTESIAN_POINT('Origin',(-4.5,4.26316082835327,-33.4292605325258));
#14106=CARTESIAN_POINT('',(-4.5,4.97353686188815,-33.7971815715808));
#14107=CARTESIAN_POINT('Origin',(-4.5,4.44089209850063E-15,7.86037901434611E-13));
#14108=CARTESIAN_POINT('',(-4.5,-10.0353335554091,-32.6539068341086));
#14109=CARTESIAN_POINT('',(-4.5,-10.7395923767972,-30.5695208415363));
#14110=CARTESIAN_POINT('',(-4.5,-9.49766116889021,-33.16691773923));
#14111=CARTESIAN_POINT('Origin',(-4.5,-9.27742554758262,-32.3978297916536));
#14112=CARTESIAN_POINT('',(-4.5,-6.42468083442427,-33.8965112685019));
#14113=CARTESIAN_POINT('Origin',(-4.5,2.44325201481638E-13,1.53559893862462E-12));
#14114=CARTESIAN_POINT('',(-4.5,-5.71378882606163,-33.6799371785361));
#14115=CARTESIAN_POINT('Origin',(-4.5,-6.27570272811879,-33.1105052101017));
#14116=CARTESIAN_POINT('',(-4.5,-5.71378882606163,-33.6799371785361));
#14117=CARTESIAN_POINT('Origin',(-4.5,4.44089209850063E-15,7.86037901434611E-13));
#14118=CARTESIAN_POINT('',(-4.5,-19.6347815155432,-27.9546222642312));
#14119=CARTESIAN_POINT('',(-4.5,-19.6604607622409,-25.7546254392736));
#14120=CARTESIAN_POINT('',(-4.5,-19.2819537766947,-28.6086745333179));
#14121=CARTESIAN_POINT('Origin',(-4.5,-18.8348360079598,-27.9452849789221));
#14122=CARTESIAN_POINT('',(-4.5,-16.584832604685,-30.2521623603087));
#14123=CARTESIAN_POINT('Origin',(-4.5,4.63678265086366E-13,1.42363804787681E-12));
#14124=CARTESIAN_POINT('',(-4.5,-15.8418090534088,-30.2658658725354));
#14125=CARTESIAN_POINT('Origin',(-4.5,-16.2002567761706,-29.5506629432579));
#14126=CARTESIAN_POINT('',(-4.5,-15.8418090534088,-30.2658658725354));
#14127=CARTESIAN_POINT('Origin',(-4.5,4.44089209850063E-15,7.86037901434611E-13));
#14128=CARTESIAN_POINT('',(-4.5,-27.312240257369,-20.5189444958247));
#14129=CARTESIAN_POINT('',(-4.5,-26.6568262657915,-18.4186878559878));
#14130=CARTESIAN_POINT('',(-4.5,-27.1787944035647,-21.2500149357283));
#14131=CARTESIAN_POINT('Origin',(-4.5,-26.5485614898588,-20.7572609662041));
#14132=CARTESIAN_POINT('',(-4.5,-25.1215454062757,-23.6465210210791));
#14133=CARTESIAN_POINT('Origin',(-4.5,6.37697607650516E-13,1.24937308873882E-12));
#14134=CARTESIAN_POINT('',(-4.5,-24.4191226342345,-23.8891607402436));
#14135=CARTESIAN_POINT('Origin',(-4.5,-24.5390168171447,-23.0981958959525));
#14136=CARTESIAN_POINT('',(-4.5,-24.4191226342345,-23.8891607402436));
#14137=CARTESIAN_POINT('Origin',(-4.5,4.44089209850063E-15,7.86037901434611E-13));
#14138=CARTESIAN_POINT('',(-4.5,-32.316186627236,-11.074729476274));
#14139=CARTESIAN_POINT('',(-4.5,-31.0438358854167,-9.27980077481354));
#14140=CARTESIAN_POINT('',(-4.5,-32.4151852684181,-11.8112558186695));
#14141=CARTESIAN_POINT('Origin',(-4.5,-31.6635287984259,-11.5373716257728));
#14142=CARTESIAN_POINT('',(-4.5,-31.1991863114012,-14.7261934493065));
#14143=CARTESIAN_POINT('Origin',(-4.5,7.49349003459855E-13,1.02986232958645E-12));
#14144=CARTESIAN_POINT('',(-4.5,-30.6061223535895,-15.1740181091266));
#14145=CARTESIAN_POINT('Origin',(-4.5,-30.475726918673,-14.3847164997572));
#14146=CARTESIAN_POINT('',(-4.5,-30.6061223535895,-15.1740181091266));
#14147=CARTESIAN_POINT('Origin',(-12.,0.,0.));
#14148=CARTESIAN_POINT('',(-12.,-4.36436345929343,34.2228334828545));
#14149=CARTESIAN_POINT('',(-12.,-1.21632868822174,34.4785519493236));
#14150=CARTESIAN_POINT('Origin',(-12.,0.,0.));
#14151=CARTESIAN_POINT('',(-12.,-4.36436345929343,34.2228334828545));
#14152=CARTESIAN_POINT('',(-12.,-1.21632868822174,34.4785519493236));
#14153=CARTESIAN_POINT('Origin',(-12.,-1.18812396501659,33.6790492954263));
#14154=CARTESIAN_POINT('',(-12.,-0.546442773408815,34.1567994899179));
#14155=CARTESIAN_POINT('Origin',(-12.,-1.18812396501659,33.6790492954263));
#14156=CARTESIAN_POINT('',(-12.,-0.546442773408815,34.1567994899179));
#14157=CARTESIAN_POINT('Origin',(-12.,0.767457862372636,32.3920585534551));
#14158=CARTESIAN_POINT('',(-12.,0.767457862372636,32.3920585534551));
#14159=CARTESIAN_POINT('',(-12.,0.767457862372636,32.3920585534551));
#14160=CARTESIAN_POINT('',(-12.,0.767457862372636,32.3920585534551));
#14161=CARTESIAN_POINT('Origin',(-12.,1.40913905398044,32.8698087479468));
#14162=CARTESIAN_POINT('',(-12.,1.37487427455233,32.0705428817353));
#14163=CARTESIAN_POINT('Origin',(-12.,1.40913905398044,32.8698087479468));
#14164=CARTESIAN_POINT('',(-12.,1.37487427455233,32.0705428817353));
#14165=CARTESIAN_POINT('Origin',(-12.,5.55111512312578E-16,7.87148124459236E-13));
#14166=CARTESIAN_POINT('',(-12.,3.87484481708549,31.8652722825893));
#14167=CARTESIAN_POINT('Origin',(-12.,5.55111512312578E-16,7.87148124459236E-13));
#14168=CARTESIAN_POINT('',(-12.,3.87484481708549,31.8652722825893));
#14169=CARTESIAN_POINT('Origin',(-12.,5.71378882606164,33.6799371785376));
#14170=CARTESIAN_POINT('',(-12.,5.71378882606164,33.6799371785376));
#14171=CARTESIAN_POINT('',(-12.,5.71378882606164,33.6799371785376));
#14172=CARTESIAN_POINT('',(-12.,5.71378882606164,33.6799371785376));
#14173=CARTESIAN_POINT('Origin',(-12.,6.2757027281188,33.1105052101033));
#14174=CARTESIAN_POINT('',(-12.,6.42468083442428,33.8965112685034));
#14175=CARTESIAN_POINT('Origin',(-12.,6.2757027281188,33.1105052101033));
#14176=CARTESIAN_POINT('',(-12.,6.42468083442428,33.8965112685034));
#14177=CARTESIAN_POINT('Origin',(-12.,-2.43214978457013E-13,3.8697310293849E-14));
#14178=CARTESIAN_POINT('',(-12.,9.49766116889021,33.1669177392316));
#14179=CARTESIAN_POINT('Origin',(-12.,-2.43214978457013E-13,3.8697310293849E-14));
#14180=CARTESIAN_POINT('',(-12.,9.49766116889021,33.1669177392316));
#14181=CARTESIAN_POINT('Origin',(-12.,9.27742554758263,32.3978297916552));
#14182=CARTESIAN_POINT('',(-12.,10.0353335554091,32.6539068341102));
#14183=CARTESIAN_POINT('Origin',(-12.,9.27742554758263,32.3978297916552));
#14184=CARTESIAN_POINT('',(-12.,10.0353335554091,32.6539068341102));
#14185=CARTESIAN_POINT('Origin',(-12.,10.7395923767972,30.5695208415379));
#14186=CARTESIAN_POINT('',(-12.,10.7395923767972,30.5695208415379));
#14187=CARTESIAN_POINT('',(-12.,10.7395923767972,30.5695208415379));
#14188=CARTESIAN_POINT('',(-12.,10.7395923767972,30.5695208415379));
#14189=CARTESIAN_POINT('Origin',(-12.,11.4975003846237,30.8255978839929));
#14190=CARTESIAN_POINT('',(-12.,11.217925907186,30.076039272832));
#14191=CARTESIAN_POINT('Origin',(-12.,11.4975003846237,30.8255978839929));
#14192=CARTESIAN_POINT('',(-12.,11.217925907186,30.076039272832));
#14193=CARTESIAN_POINT('Origin',(-12.,5.55111512312578E-16,7.87148124459236E-13));
#14194=CARTESIAN_POINT('',(-12.,13.5321070786265,29.1082819488309));
#14195=CARTESIAN_POINT('Origin',(-12.,5.55111512312578E-16,7.87148124459236E-13));
#14196=CARTESIAN_POINT('',(-12.,13.5321070786265,29.1082819488309));
#14197=CARTESIAN_POINT('Origin',(-12.,15.8418090534088,30.2658658725369));
#14198=CARTESIAN_POINT('',(-12.,15.8418090534088,30.2658658725369));
#14199=CARTESIAN_POINT('',(-12.,15.8418090534088,30.2658658725369));
#14200=CARTESIAN_POINT('',(-12.,15.8418090534088,30.2658658725369));
#14201=CARTESIAN_POINT('Origin',(-12.,16.2002567761706,29.5506629432595));
#14202=CARTESIAN_POINT('',(-12.,16.584832604685,30.2521623603102));
#14203=CARTESIAN_POINT('Origin',(-12.,16.2002567761706,29.5506629432595));
#14204=CARTESIAN_POINT('',(-12.,16.584832604685,30.2521623603102));
#14205=CARTESIAN_POINT('Origin',(-12.,-4.62568042061741E-13,1.50658201041663E-13));
#14206=CARTESIAN_POINT('',(-12.,19.2819537766947,28.6086745333194));
#14207=CARTESIAN_POINT('Origin',(-12.,-4.62568042061741E-13,1.50658201041663E-13));
#14208=CARTESIAN_POINT('',(-12.,19.2819537766947,28.6086745333194));
#14209=CARTESIAN_POINT('Origin',(-12.,18.8348360079598,27.9452849789236));
#14210=CARTESIAN_POINT('',(-12.,19.6347815155433,27.9546222642328));
#14211=CARTESIAN_POINT('Origin',(-12.,18.8348360079598,27.9452849789236));
#14212=CARTESIAN_POINT('',(-12.,19.6347815155433,27.9546222642328));
#14213=CARTESIAN_POINT('Origin',(-12.,19.6604607622409,25.7546254392752));
#14214=CARTESIAN_POINT('',(-12.,19.6604607622409,25.7546254392752));
#14215=CARTESIAN_POINT('',(-12.,19.6604607622409,25.7546254392752));
#14216=CARTESIAN_POINT('',(-12.,19.6604607622409,25.7546254392752));
#14217=CARTESIAN_POINT('Origin',(-12.,20.4604062698244,25.7639627245843));
#14218=CARTESIAN_POINT('',(-12.,19.9628887921387,25.1374833878163));
#14219=CARTESIAN_POINT('Origin',(-12.,20.4604062698244,25.7639627245843));
#14220=CARTESIAN_POINT('',(-12.,19.9628887921387,25.1374833878163));
#14221=CARTESIAN_POINT('Origin',(-12.,5.55111512312578E-16,7.87148124459236E-13));
#14222=CARTESIAN_POINT('',(-12.,21.8647524155775,23.5019701685951));
#14223=CARTESIAN_POINT('Origin',(-12.,5.55111512312578E-16,7.87148124459236E-13));
#14224=CARTESIAN_POINT('',(-12.,21.8647524155775,23.5019701685951));
#14225=CARTESIAN_POINT('Origin',(-12.,24.4191226342345,23.8891607402452));
#14226=CARTESIAN_POINT('',(-12.,24.4191226342345,23.8891607402452));
#14227=CARTESIAN_POINT('',(-12.,24.4191226342345,23.8891607402452));
#14228=CARTESIAN_POINT('',(-12.,24.4191226342345,23.8891607402452));
#14229=CARTESIAN_POINT('Origin',(-12.,24.5390168171447,23.0981958959541));
#14230=CARTESIAN_POINT('',(-12.,25.1215454062758,23.6465210210807));
#14231=CARTESIAN_POINT('Origin',(-12.,24.5390168171447,23.0981958959541));
#14232=CARTESIAN_POINT('',(-12.,25.1215454062758,23.6465210210807));
#14233=CARTESIAN_POINT('Origin',(-12.,-6.36587384625891E-13,3.24923160179651E-13));
#14234=CARTESIAN_POINT('',(-12.,27.1787944035647,21.2500149357298));
#14235=CARTESIAN_POINT('Origin',(-12.,-6.36587384625891E-13,3.24923160179651E-13));
#14236=CARTESIAN_POINT('',(-12.,27.1787944035647,21.2500149357298));
#14237=CARTESIAN_POINT('Origin',(-12.,26.5485614898588,20.7572609662057));
#14238=CARTESIAN_POINT('',(-12.,27.312240257369,20.5189444958263));
#14239=CARTESIAN_POINT('Origin',(-12.,26.5485614898588,20.7572609662057));
#14240=CARTESIAN_POINT('',(-12.,27.312240257369,20.5189444958263));
#14241=CARTESIAN_POINT('Origin',(-12.,26.6568262657915,18.4186878559894));
#14242=CARTESIAN_POINT('',(-12.,26.6568262657915,18.4186878559894));
#14243=CARTESIAN_POINT('',(-12.,26.6568262657915,18.4186878559894));
#14244=CARTESIAN_POINT('',(-12.,26.6568262657915,18.4186878559894));
#14245=CARTESIAN_POINT('Origin',(-12.,27.4205050333017,18.18037138561));
#14246=CARTESIAN_POINT('',(-12.,26.7537450324919,17.7382954856559));
#14247=CARTESIAN_POINT('Origin',(-12.,27.4205050333017,18.18037138561));
#14248=CARTESIAN_POINT('',(-12.,26.7537450324919,17.7382954856559));
#14249=CARTESIAN_POINT('Origin',(-12.,5.55111512312578E-16,7.87148124459236E-13));
#14250=CARTESIAN_POINT('',(-12.,28.0571234454039,15.5951218004026));
#14251=CARTESIAN_POINT('Origin',(-12.,5.55111512312578E-16,7.87148124459236E-13));
#14252=CARTESIAN_POINT('',(-12.,28.0571234454039,15.5951218004026));
#14253=CARTESIAN_POINT('Origin',(-12.,30.6061223535895,15.1740181091282));
#14254=CARTESIAN_POINT('',(-12.,30.6061223535895,15.1740181091282));
#14255=CARTESIAN_POINT('',(-12.,30.6061223535895,15.1740181091282));
#14256=CARTESIAN_POINT('',(-12.,30.6061223535895,15.1740181091282));
#14257=CARTESIAN_POINT('Origin',(-12.,30.4757269186731,14.3847164997588));
#14258=CARTESIAN_POINT('',(-12.,31.1991863114013,14.726193449308));
#14259=CARTESIAN_POINT('Origin',(-12.,30.4757269186731,14.3847164997588));
#14260=CARTESIAN_POINT('',(-12.,31.1991863114013,14.726193449308));
#14261=CARTESIAN_POINT('Origin',(-12.,-7.4823878043523E-13,5.44433919332021E-13));
#14262=CARTESIAN_POINT('',(-12.,32.4151852684182,11.811255818671));
#14263=CARTESIAN_POINT('Origin',(-12.,-7.4823878043523E-13,5.44433919332021E-13));
#14264=CARTESIAN_POINT('',(-12.,32.4151852684182,11.811255818671));
#14265=CARTESIAN_POINT('Origin',(-12.,31.6635287984259,11.5373716257743));
#14266=CARTESIAN_POINT('',(-12.,32.316186627236,11.0747294762756));
#14267=CARTESIAN_POINT('Origin',(-12.,31.6635287984259,11.5373716257743));
#14268=CARTESIAN_POINT('',(-12.,32.316186627236,11.0747294762756));
#14269=CARTESIAN_POINT('Origin',(-12.,31.0438358854167,9.27980077481511));
#14270=CARTESIAN_POINT('',(-12.,31.0438358854167,9.27980077481511));
#14271=CARTESIAN_POINT('',(-12.,31.0438358854167,9.27980077481511));
#14272=CARTESIAN_POINT('',(-12.,31.0438358854167,9.27980077481511));
#14273=CARTESIAN_POINT('Origin',(-12.,31.6964937142269,8.81715862531633));
#14274=CARTESIAN_POINT('',(-12.,30.9257583047624,8.60275963138769));
#14275=CARTESIAN_POINT('Origin',(-12.,31.6964937142269,8.81715862531633));
#14276=CARTESIAN_POINT('',(-12.,30.9257583047624,8.60275963138769));
#14277=CARTESIAN_POINT('Origin',(-12.,5.55111512312578E-16,7.87148124459236E-13));
#14278=CARTESIAN_POINT('',(-12.,31.5030677469203,6.16171425278396));
#14279=CARTESIAN_POINT('Origin',(-12.,5.55111512312578E-16,7.87148124459236E-13));
#14280=CARTESIAN_POINT('',(-12.,31.5030677469203,6.16171425278396));
#14281=CARTESIAN_POINT('Origin',(-12.,33.7971815715816,4.97353686188893));
#14282=CARTESIAN_POINT('',(-12.,33.7971815715816,4.97353686188893));
#14283=CARTESIAN_POINT('',(-12.,33.7971815715816,4.97353686188893));
#14284=CARTESIAN_POINT('',(-12.,33.7971815715816,4.97353686188893));
#14285=CARTESIAN_POINT('Origin',(-12.,33.4292605325266,4.26316082835405));
#14286=CARTESIAN_POINT('',(-12.,34.2228334828537,4.36436345929422));
#14287=CARTESIAN_POINT('Origin',(-12.,33.4292605325266,4.26316082835405));
#14288=CARTESIAN_POINT('',(-12.,34.2228334828537,4.36436345929422));
#14289=CARTESIAN_POINT('Origin',(-12.,-7.86593012946924E-13,7.87703235971549E-13));
#14290=CARTESIAN_POINT('',(-12.,34.4785519493229,1.21632868822252));
#14291=CARTESIAN_POINT('Origin',(-12.,-7.86593012946924E-13,7.87703235971549E-13));
#14292=CARTESIAN_POINT('',(-12.,34.4785519493229,1.21632868822252));
#14293=CARTESIAN_POINT('Origin',(-12.,33.6790492954255,1.18812396501737));
#14294=CARTESIAN_POINT('',(-12.,34.1567994899171,0.546442773409596));
#14295=CARTESIAN_POINT('Origin',(-12.,33.6790492954255,1.18812396501737));
#14296=CARTESIAN_POINT('',(-12.,34.1567994899171,0.546442773409596));
#14297=CARTESIAN_POINT('Origin',(-12.,32.3920585534544,-0.767457862371856));
#14298=CARTESIAN_POINT('',(-12.,32.3920585534544,-0.767457862371856));
#14299=CARTESIAN_POINT('',(-12.,32.3920585534544,-0.767457862371856));
#14300=CARTESIAN_POINT('',(-12.,32.3920585534544,-0.767457862371856));
#14301=CARTESIAN_POINT('Origin',(-12.,32.869808747946,-1.40913905397966));
#14302=CARTESIAN_POINT('',(-12.,32.0705428817345,-1.37487427455155));
#14303=CARTESIAN_POINT('Origin',(-12.,32.869808747946,-1.40913905397966));
#14304=CARTESIAN_POINT('',(-12.,32.0705428817345,-1.37487427455155));
#14305=CARTESIAN_POINT('Origin',(-12.,5.55111512312578E-16,7.87148124459236E-13));
#14306=CARTESIAN_POINT('',(-12.,31.8652722825885,-3.8748448170847));
#14307=CARTESIAN_POINT('Origin',(-12.,5.55111512312578E-16,7.87148124459236E-13));
#14308=CARTESIAN_POINT('',(-12.,31.8652722825885,-3.8748448170847));
#14309=CARTESIAN_POINT('Origin',(-12.,33.6799371785368,-5.71378882606085));
#14310=CARTESIAN_POINT('',(-12.,33.6799371785368,-5.71378882606085));
#14311=CARTESIAN_POINT('',(-12.,33.6799371785368,-5.71378882606085));
#14312=CARTESIAN_POINT('',(-12.,33.6799371785368,-5.71378882606085));
#14313=CARTESIAN_POINT('Origin',(-12.,33.1105052101025,-6.27570272811801));
#14314=CARTESIAN_POINT('',(-12.,33.8965112685027,-6.42468083442349));
#14315=CARTESIAN_POINT('Origin',(-12.,33.1105052101025,-6.27570272811801));
#14316=CARTESIAN_POINT('',(-12.,33.8965112685027,-6.42468083442349));
#14317=CARTESIAN_POINT('Origin',(-12.,-7.47895702653075E-13,1.03091821442856E-12));
#14318=CARTESIAN_POINT('',(-12.,33.1669177392308,-9.49766116888942));
#14319=CARTESIAN_POINT('Origin',(-12.,-7.47895702653075E-13,1.03091821442856E-12));
#14320=CARTESIAN_POINT('',(-12.,33.1669177392308,-9.49766116888942));
#14321=CARTESIAN_POINT('Origin',(-12.,32.3978297916544,-9.27742554758184));
#14322=CARTESIAN_POINT('',(-12.,32.6539068341094,-10.0353335554083));
#14323=CARTESIAN_POINT('Origin',(-12.,32.3978297916544,-9.27742554758184));
#14324=CARTESIAN_POINT('',(-12.,32.6539068341094,-10.0353335554083));
#14325=CARTESIAN_POINT('Origin',(-12.,30.5695208415371,-10.7395923767964));
#14326=CARTESIAN_POINT('',(-12.,30.5695208415371,-10.7395923767964));
#14327=CARTESIAN_POINT('',(-12.,30.5695208415371,-10.7395923767964));
#14328=CARTESIAN_POINT('',(-12.,30.5695208415371,-10.7395923767964));
#14329=CARTESIAN_POINT('Origin',(-12.,30.8255978839921,-11.4975003846229));
#14330=CARTESIAN_POINT('',(-12.,30.0760392728312,-11.2179259071853));
#14331=CARTESIAN_POINT('Origin',(-12.,30.8255978839921,-11.4975003846229));
#14332=CARTESIAN_POINT('',(-12.,30.0760392728312,-11.2179259071853));
#14333=CARTESIAN_POINT('Origin',(-12.,5.55111512312578E-16,7.87148124459236E-13));
#14334=CARTESIAN_POINT('',(-12.,29.1082819488301,-13.5321070786257));
#14335=CARTESIAN_POINT('Origin',(-12.,5.55111512312578E-16,7.87148124459236E-13));
#14336=CARTESIAN_POINT('',(-12.,29.1082819488301,-13.5321070786257));
#14337=CARTESIAN_POINT('Origin',(-12.,30.2658658725361,-15.8418090534081));
#14338=CARTESIAN_POINT('',(-12.,30.2658658725361,-15.8418090534081));
#14339=CARTESIAN_POINT('',(-12.,30.2658658725361,-15.8418090534081));
#14340=CARTESIAN_POINT('',(-12.,30.2658658725361,-15.8418090534081));
#14341=CARTESIAN_POINT('Origin',(-12.,29.5506629432587,-16.2002567761698));
#14342=CARTESIAN_POINT('',(-12.,30.2521623603094,-16.5848326046842));
#14343=CARTESIAN_POINT('Origin',(-12.,29.5506629432587,-16.2002567761698));
#14344=CARTESIAN_POINT('',(-12.,30.2521623603094,-16.5848326046842));
#14345=CARTESIAN_POINT('Origin',(-12.,-6.35934811905261E-13,1.25027127803329E-12));
#14346=CARTESIAN_POINT('',(-12.,28.6086745333187,-19.2819537766939));
#14347=CARTESIAN_POINT('Origin',(-12.,-6.35934811905261E-13,1.25027127803329E-12));
#14348=CARTESIAN_POINT('',(-12.,28.6086745333187,-19.2819537766939));
#14349=CARTESIAN_POINT('Origin',(-12.,27.9452849789229,-18.834836007959));
#14350=CARTESIAN_POINT('',(-12.,27.954622264232,-19.6347815155425));
#14351=CARTESIAN_POINT('Origin',(-12.,27.9452849789229,-18.834836007959));
#14352=CARTESIAN_POINT('',(-12.,27.954622264232,-19.6347815155425));
#14353=CARTESIAN_POINT('Origin',(-12.,25.7546254392744,-19.6604607622401));
#14354=CARTESIAN_POINT('',(-12.,25.7546254392744,-19.6604607622401));
#14355=CARTESIAN_POINT('',(-12.,25.7546254392744,-19.6604607622401));
#14356=CARTESIAN_POINT('',(-12.,25.7546254392744,-19.6604607622401));
#14357=CARTESIAN_POINT('Origin',(-12.,25.7639627245836,-20.4604062698236));
#14358=CARTESIAN_POINT('',(-12.,25.1374833878156,-19.9628887921379));
#14359=CARTESIAN_POINT('Origin',(-12.,25.7639627245836,-20.4604062698236));
#14360=CARTESIAN_POINT('',(-12.,25.1374833878156,-19.9628887921379));
#14361=CARTESIAN_POINT('Origin',(-12.,5.55111512312578E-16,7.87148124459236E-13));
#14362=CARTESIAN_POINT('',(-12.,23.5019701685943,-21.8647524155767));
#14363=CARTESIAN_POINT('Origin',(-12.,5.55111512312578E-16,7.87148124459236E-13));
#14364=CARTESIAN_POINT('',(-12.,23.5019701685943,-21.8647524155767));
#14365=CARTESIAN_POINT('Origin',(-12.,23.8891607402444,-24.4191226342337));
#14366=CARTESIAN_POINT('',(-12.,23.8891607402444,-24.4191226342337));
#14367=CARTESIAN_POINT('',(-12.,23.8891607402444,-24.4191226342337));
#14368=CARTESIAN_POINT('',(-12.,23.8891607402444,-24.4191226342337));
#14369=CARTESIAN_POINT('Origin',(-12.,23.0981958959533,-24.5390168171439));
#14370=CARTESIAN_POINT('',(-12.,23.6465210210799,-25.121545406275));
#14371=CARTESIAN_POINT('Origin',(-12.,23.0981958959533,-24.5390168171439));
#14372=CARTESIAN_POINT('',(-12.,23.6465210210799,-25.121545406275));
#14373=CARTESIAN_POINT('Origin',(-12.,-4.61669852767273E-13,1.42429062059744E-12));
#14374=CARTESIAN_POINT('',(-12.,21.2500149357291,-27.1787944035639));
#14375=CARTESIAN_POINT('Origin',(-12.,-4.61669852767273E-13,1.42429062059744E-12));
#14376=CARTESIAN_POINT('',(-12.,21.2500149357291,-27.1787944035639));
#14377=CARTESIAN_POINT('Origin',(-12.,20.7572609662049,-26.548561489858));
#14378=CARTESIAN_POINT('',(-12.,20.5189444958255,-27.3122402573682));
#14379=CARTESIAN_POINT('Origin',(-12.,20.7572609662049,-26.548561489858));
#14380=CARTESIAN_POINT('',(-12.,20.5189444958255,-27.3122402573682));
#14381=CARTESIAN_POINT('Origin',(-12.,18.4186878559886,-26.6568262657907));
#14382=CARTESIAN_POINT('',(-12.,18.4186878559886,-26.6568262657907));
#14383=CARTESIAN_POINT('',(-12.,18.4186878559886,-26.6568262657907));
#14384=CARTESIAN_POINT('',(-12.,18.4186878559886,-26.6568262657907));
#14385=CARTESIAN_POINT('Origin',(-12.,18.1803713856092,-27.4205050333009));
#14386=CARTESIAN_POINT('',(-12.,17.7382954856551,-26.7537450324911));
#14387=CARTESIAN_POINT('Origin',(-12.,18.1803713856092,-27.4205050333009));
#14388=CARTESIAN_POINT('',(-12.,17.7382954856551,-26.7537450324911));
#14389=CARTESIAN_POINT('Origin',(-12.,5.55111512312578E-16,7.87148124459236E-13));
#14390=CARTESIAN_POINT('',(-12.,15.5951218004018,-28.0571234454031));
#14391=CARTESIAN_POINT('Origin',(-12.,5.55111512312578E-16,7.87148124459236E-13));
#14392=CARTESIAN_POINT('',(-12.,15.5951218004018,-28.0571234454031));
#14393=CARTESIAN_POINT('Origin',(-12.,15.1740181091274,-30.6061223535887));
#14394=CARTESIAN_POINT('',(-12.,15.1740181091274,-30.6061223535887));
#14395=CARTESIAN_POINT('',(-12.,15.1740181091274,-30.6061223535887));
#14396=CARTESIAN_POINT('',(-12.,15.1740181091274,-30.6061223535887));
#14397=CARTESIAN_POINT('Origin',(-12.,14.384716499758,-30.4757269186723));
#14398=CARTESIAN_POINT('',(-12.,14.7261934493072,-31.1991863114005));
#14399=CARTESIAN_POINT('Origin',(-12.,14.384716499758,-30.4757269186723));
#14400=CARTESIAN_POINT('',(-12.,14.7261934493072,-31.1991863114005));
#14401=CARTESIAN_POINT('Origin',(-12.,-2.42159093614902E-13,1.53594201640678E-12));
#14402=CARTESIAN_POINT('',(-12.,11.8112558186703,-32.4151852684174));
#14403=CARTESIAN_POINT('Origin',(-12.,-2.42159093614902E-13,1.53594201640678E-12));
#14404=CARTESIAN_POINT('',(-12.,11.8112558186703,-32.4151852684174));
#14405=CARTESIAN_POINT('Origin',(-12.,11.5373716257736,-31.6635287984251));
#14406=CARTESIAN_POINT('',(-12.,11.0747294762748,-32.3161866272352));
#14407=CARTESIAN_POINT('Origin',(-12.,11.5373716257736,-31.6635287984251));
#14408=CARTESIAN_POINT('',(-12.,11.0747294762748,-32.3161866272352));
#14409=CARTESIAN_POINT('Origin',(-12.,9.27980077481433,-31.0438358854159));
#14410=CARTESIAN_POINT('',(-12.,9.27980077481433,-31.0438358854159));
#14411=CARTESIAN_POINT('',(-12.,9.27980077481433,-31.0438358854159));
#14412=CARTESIAN_POINT('',(-12.,9.27980077481433,-31.0438358854159));
#14413=CARTESIAN_POINT('Origin',(-12.,8.81715862531555,-31.6964937142261));
#14414=CARTESIAN_POINT('',(-12.,8.60275963138691,-30.9257583047616));
#14415=CARTESIAN_POINT('Origin',(-12.,8.81715862531555,-31.6964937142261));
#14416=CARTESIAN_POINT('',(-12.,8.60275963138691,-30.9257583047616));
#14417=CARTESIAN_POINT('Origin',(-12.,5.55111512312578E-16,7.87148124459236E-13));
#14418=CARTESIAN_POINT('',(-12.,6.16171425278318,-31.5030677469195));
#14419=CARTESIAN_POINT('Origin',(-12.,5.55111512312578E-16,7.87148124459236E-13));
#14420=CARTESIAN_POINT('',(-12.,6.16171425278318,-31.5030677469195));
#14421=CARTESIAN_POINT('Origin',(-12.,4.97353686188815,-33.7971815715808));
#14422=CARTESIAN_POINT('',(-12.,4.97353686188815,-33.7971815715808));
#14423=CARTESIAN_POINT('',(-12.,4.97353686188815,-33.7971815715808));
#14424=CARTESIAN_POINT('',(-12.,4.97353686188815,-33.7971815715808));
#14425=CARTESIAN_POINT('Origin',(-12.,4.26316082835327,-33.4292605325258));
#14426=CARTESIAN_POINT('',(-12.,4.36436345929344,-34.2228334828529));
#14427=CARTESIAN_POINT('Origin',(-12.,4.26316082835327,-33.4292605325258));
#14428=CARTESIAN_POINT('',(-12.,4.36436345929344,-34.2228334828529));
#14429=CARTESIAN_POINT('Origin',(-12.,1.11022302462506E-15,1.57429624891847E-12));
#14430=CARTESIAN_POINT('',(-12.,1.21632868822175,-34.4785519493221));
#14431=CARTESIAN_POINT('Origin',(-12.,1.11022302462506E-15,1.57429624891847E-12));
#14432=CARTESIAN_POINT('',(-12.,1.21632868822175,-34.4785519493221));
#14433=CARTESIAN_POINT('Origin',(-12.,1.18812396501659,-33.6790492954247));
#14434=CARTESIAN_POINT('',(-12.,0.546442773408821,-34.1567994899164));
#14435=CARTESIAN_POINT('Origin',(-12.,1.18812396501659,-33.6790492954247));
#14436=CARTESIAN_POINT('',(-12.,0.546442773408821,-34.1567994899164));
#14437=CARTESIAN_POINT('Origin',(-12.,-0.767457862372631,-32.3920585534536));
#14438=CARTESIAN_POINT('',(-12.,-0.767457862372631,-32.3920585534536));
#14439=CARTESIAN_POINT('',(-12.,-0.767457862372631,-32.3920585534536));
#14440=CARTESIAN_POINT('',(-12.,-0.767457862372631,-32.3920585534536));
#14441=CARTESIAN_POINT('Origin',(-12.,-1.40913905398044,-32.8698087479452));
#14442=CARTESIAN_POINT('',(-12.,-1.37487427455233,-32.0705428817337));
#14443=CARTESIAN_POINT('Origin',(-12.,-1.40913905398044,-32.8698087479452));
#14444=CARTESIAN_POINT('',(-12.,-1.37487427455233,-32.0705428817337));
#14445=CARTESIAN_POINT('Origin',(-12.,5.55111512312578E-16,7.87148124459236E-13));
#14446=CARTESIAN_POINT('',(-12.,-3.87484481708548,-31.8652722825877));
#14447=CARTESIAN_POINT('Origin',(-12.,5.55111512312578E-16,7.87148124459236E-13));
#14448=CARTESIAN_POINT('',(-12.,-3.87484481708548,-31.8652722825877));
#14449=CARTESIAN_POINT('Origin',(-12.,-5.71378882606163,-33.6799371785361));
#14450=CARTESIAN_POINT('',(-12.,-5.71378882606163,-33.6799371785361));
#14451=CARTESIAN_POINT('',(-12.,-5.71378882606163,-33.6799371785361));
#14452=CARTESIAN_POINT('',(-12.,-5.71378882606163,-33.6799371785361));
#14453=CARTESIAN_POINT('Origin',(-12.,-6.27570272811879,-33.1105052101017));
#14454=CARTESIAN_POINT('',(-12.,-6.42468083442427,-33.8965112685019));
#14455=CARTESIAN_POINT('Origin',(-12.,-6.27570272811879,-33.1105052101017));
#14456=CARTESIAN_POINT('',(-12.,-6.42468083442427,-33.8965112685019));
#14457=CARTESIAN_POINT('Origin',(-12.,2.44325201481638E-13,1.53559893862462E-12));
#14458=CARTESIAN_POINT('',(-12.,-9.4976611688902,-33.16691773923));
#14459=CARTESIAN_POINT('Origin',(-12.,2.44325201481638E-13,1.53559893862462E-12));
#14460=CARTESIAN_POINT('',(-12.,-9.4976611688902,-33.16691773923));
#14461=CARTESIAN_POINT('Origin',(-12.,-9.27742554758262,-32.3978297916536));
#14462=CARTESIAN_POINT('',(-12.,-10.0353335554091,-32.6539068341086));
#14463=CARTESIAN_POINT('Origin',(-12.,-9.27742554758262,-32.3978297916536));
#14464=CARTESIAN_POINT('',(-12.,-10.0353335554091,-32.6539068341086));
#14465=CARTESIAN_POINT('Origin',(-12.,-10.7395923767972,-30.5695208415363));
#14466=CARTESIAN_POINT('',(-12.,-10.7395923767972,-30.5695208415363));
#14467=CARTESIAN_POINT('',(-12.,-10.7395923767972,-30.5695208415363));
#14468=CARTESIAN_POINT('',(-12.,-10.7395923767972,-30.5695208415363));
#14469=CARTESIAN_POINT('Origin',(-12.,-11.4975003846237,-30.8255978839913));
#14470=CARTESIAN_POINT('',(-12.,-11.217925907186,-30.0760392728304));
#14471=CARTESIAN_POINT('Origin',(-12.,-11.4975003846237,-30.8255978839913));
#14472=CARTESIAN_POINT('',(-12.,-11.217925907186,-30.0760392728304));
#14473=CARTESIAN_POINT('Origin',(-12.,5.55111512312578E-16,7.87148124459236E-13));
#14474=CARTESIAN_POINT('',(-12.,-13.5321070786265,-29.1082819488293));
#14475=CARTESIAN_POINT('Origin',(-12.,5.55111512312578E-16,7.87148124459236E-13));
#14476=CARTESIAN_POINT('',(-12.,-13.5321070786265,-29.1082819488293));
#14477=CARTESIAN_POINT('Origin',(-12.,-15.8418090534088,-30.2658658725354));
#14478=CARTESIAN_POINT('',(-12.,-15.8418090534088,-30.2658658725354));
#14479=CARTESIAN_POINT('',(-12.,-15.8418090534088,-30.2658658725354));
#14480=CARTESIAN_POINT('',(-12.,-15.8418090534088,-30.2658658725354));
#14481=CARTESIAN_POINT('Origin',(-12.,-16.2002567761706,-29.5506629432579));
#14482=CARTESIAN_POINT('',(-12.,-16.584832604685,-30.2521623603087));
#14483=CARTESIAN_POINT('Origin',(-12.,-16.2002567761706,-29.5506629432579));
#14484=CARTESIAN_POINT('',(-12.,-16.584832604685,-30.2521623603087));
#14485=CARTESIAN_POINT('Origin',(-12.,4.63678265086366E-13,1.42363804787681E-12));
#14486=CARTESIAN_POINT('',(-12.,-19.2819537766947,-28.6086745333179));
#14487=CARTESIAN_POINT('Origin',(-12.,4.63678265086366E-13,1.42363804787681E-12));
#14488=CARTESIAN_POINT('',(-12.,-19.2819537766947,-28.6086745333179));
#14489=CARTESIAN_POINT('Origin',(-12.,-18.8348360079598,-27.9452849789221));
#14490=CARTESIAN_POINT('',(-12.,-19.6347815155432,-27.9546222642312));
#14491=CARTESIAN_POINT('Origin',(-12.,-18.8348360079598,-27.9452849789221));
#14492=CARTESIAN_POINT('',(-12.,-19.6347815155432,-27.9546222642312));
#14493=CARTESIAN_POINT('Origin',(-12.,-19.6604607622409,-25.7546254392736));
#14494=CARTESIAN_POINT('',(-12.,-19.6604607622409,-25.7546254392736));
#14495=CARTESIAN_POINT('',(-12.,-19.6604607622409,-25.7546254392736));
#14496=CARTESIAN_POINT('',(-12.,-19.6604607622409,-25.7546254392736));
#14497=CARTESIAN_POINT('Origin',(-12.,-20.4604062698244,-25.7639627245828));
#14498=CARTESIAN_POINT('',(-12.,-19.9628887921387,-25.1374833878148));
#14499=CARTESIAN_POINT('Origin',(-12.,-20.4604062698244,-25.7639627245828));
#14500=CARTESIAN_POINT('',(-12.,-19.9628887921387,-25.1374833878148));
#14501=CARTESIAN_POINT('Origin',(-12.,5.55111512312578E-16,7.87148124459236E-13));
#14502=CARTESIAN_POINT('',(-12.,-21.8647524155775,-23.5019701685935));
#14503=CARTESIAN_POINT('Origin',(-12.,5.55111512312578E-16,7.87148124459236E-13));
#14504=CARTESIAN_POINT('',(-12.,-21.8647524155775,-23.5019701685935));
#14505=CARTESIAN_POINT('Origin',(-12.,-24.4191226342345,-23.8891607402436));
#14506=CARTESIAN_POINT('',(-12.,-24.4191226342345,-23.8891607402436));
#14507=CARTESIAN_POINT('',(-12.,-24.4191226342345,-23.8891607402436));
#14508=CARTESIAN_POINT('',(-12.,-24.4191226342345,-23.8891607402436));
#14509=CARTESIAN_POINT('Origin',(-12.,-24.5390168171447,-23.0981958959525));
#14510=CARTESIAN_POINT('',(-12.,-25.1215454062757,-23.6465210210791));
#14511=CARTESIAN_POINT('Origin',(-12.,-24.5390168171447,-23.0981958959525));
#14512=CARTESIAN_POINT('',(-12.,-25.1215454062757,-23.6465210210791));
#14513=CARTESIAN_POINT('Origin',(-12.,6.37697607650516E-13,1.24937308873882E-12));
#14514=CARTESIAN_POINT('',(-12.,-27.1787944035647,-21.2500149357283));
#14515=CARTESIAN_POINT('Origin',(-12.,6.37697607650516E-13,1.24937308873882E-12));
#14516=CARTESIAN_POINT('',(-12.,-27.1787944035647,-21.2500149357283));
#14517=CARTESIAN_POINT('Origin',(-12.,-26.5485614898588,-20.7572609662041));
#14518=CARTESIAN_POINT('',(-12.,-27.312240257369,-20.5189444958247));
#14519=CARTESIAN_POINT('Origin',(-12.,-26.5485614898588,-20.7572609662041));
#14520=CARTESIAN_POINT('',(-12.,-27.312240257369,-20.5189444958247));
#14521=CARTESIAN_POINT('Origin',(-12.,-26.6568262657915,-18.4186878559878));
#14522=CARTESIAN_POINT('',(-12.,-26.6568262657915,-18.4186878559878));
#14523=CARTESIAN_POINT('',(-12.,-26.6568262657915,-18.4186878559878));
#14524=CARTESIAN_POINT('',(-12.,-26.6568262657915,-18.4186878559878));
#14525=CARTESIAN_POINT('Origin',(-12.,-27.4205050333017,-18.1803713856084));
#14526=CARTESIAN_POINT('',(-12.,-26.7537450324919,-17.7382954856544));
#14527=CARTESIAN_POINT('Origin',(-12.,-27.4205050333017,-18.1803713856084));
#14528=CARTESIAN_POINT('',(-12.,-26.7537450324919,-17.7382954856544));
#14529=CARTESIAN_POINT('Origin',(-12.,5.55111512312578E-16,7.87148124459236E-13));
#14530=CARTESIAN_POINT('',(-12.,-28.0571234454039,-15.595121800401));
#14531=CARTESIAN_POINT('Origin',(-12.,5.55111512312578E-16,7.87148124459236E-13));
#14532=CARTESIAN_POINT('',(-12.,-28.0571234454039,-15.595121800401));
#14533=CARTESIAN_POINT('Origin',(-12.,-30.6061223535895,-15.1740181091266));
#14534=CARTESIAN_POINT('',(-12.,-30.6061223535895,-15.1740181091266));
#14535=CARTESIAN_POINT('',(-12.,-30.6061223535895,-15.1740181091266));
#14536=CARTESIAN_POINT('',(-12.,-30.6061223535895,-15.1740181091266));
#14537=CARTESIAN_POINT('Origin',(-12.,-30.475726918673,-14.3847164997572));
#14538=CARTESIAN_POINT('',(-12.,-31.1991863114012,-14.7261934493065));
#14539=CARTESIAN_POINT('Origin',(-12.,-30.475726918673,-14.3847164997572));
#14540=CARTESIAN_POINT('',(-12.,-31.1991863114012,-14.7261934493065));
#14541=CARTESIAN_POINT('Origin',(-12.,7.49349003459855E-13,1.02986232958645E-12));
#14542=CARTESIAN_POINT('',(-12.,-32.4151852684181,-11.8112558186695));
#14543=CARTESIAN_POINT('Origin',(-12.,7.49349003459855E-13,1.02986232958645E-12));
#14544=CARTESIAN_POINT('',(-12.,-32.4151852684181,-11.8112558186695));
#14545=CARTESIAN_POINT('Origin',(-12.,-31.6635287984259,-11.5373716257728));
#14546=CARTESIAN_POINT('',(-12.,-32.316186627236,-11.074729476274));
#14547=CARTESIAN_POINT('Origin',(-12.,-31.6635287984259,-11.5373716257728));
#14548=CARTESIAN_POINT('',(-12.,-32.316186627236,-11.074729476274));
#14549=CARTESIAN_POINT('Origin',(-12.,-31.0438358854167,-9.27980077481354));
#14550=CARTESIAN_POINT('',(-12.,-31.0438358854167,-9.27980077481354));
#14551=CARTESIAN_POINT('',(-12.,-31.0438358854167,-9.27980077481354));
#14552=CARTESIAN_POINT('',(-12.,-31.0438358854167,-9.27980077481354));
#14553=CARTESIAN_POINT('Origin',(-12.,-31.6964937142269,-8.81715862531476));
#14554=CARTESIAN_POINT('',(-12.,-30.9257583047624,-8.60275963138611));
#14555=CARTESIAN_POINT('Origin',(-12.,-31.6964937142269,-8.81715862531476));
#14556=CARTESIAN_POINT('',(-12.,-30.9257583047624,-8.60275963138611));
#14557=CARTESIAN_POINT('Origin',(-12.,5.55111512312578E-16,7.87148124459236E-13));
#14558=CARTESIAN_POINT('',(-12.,-31.5030677469203,-6.16171425278239));
#14559=CARTESIAN_POINT('Origin',(-12.,5.55111512312578E-16,7.87148124459236E-13));
#14560=CARTESIAN_POINT('',(-12.,-31.5030677469203,-6.16171425278239));
#14561=CARTESIAN_POINT('Origin',(-12.,-33.7971815715816,-4.97353686188737));
#14562=CARTESIAN_POINT('',(-12.,-33.7971815715816,-4.97353686188737));
#14563=CARTESIAN_POINT('',(-12.,-33.7971815715816,-4.97353686188737));
#14564=CARTESIAN_POINT('',(-12.,-33.7971815715816,-4.97353686188737));
#14565=CARTESIAN_POINT('Origin',(-12.,-33.4292605325266,-4.26316082835249));
#14566=CARTESIAN_POINT('',(-12.,-34.2228334828537,-4.36436345929265));
#14567=CARTESIAN_POINT('Origin',(-12.,-33.4292605325266,-4.26316082835249));
#14568=CARTESIAN_POINT('',(-12.,-34.2228334828537,-4.36436345929265));
#14569=CARTESIAN_POINT('Origin',(-12.,7.87703235971549E-13,7.86593012946924E-13));
#14570=CARTESIAN_POINT('',(-12.,-34.4785519493228,-1.21632868822097));
#14571=CARTESIAN_POINT('Origin',(-12.,7.87703235971549E-13,7.86593012946924E-13));
#14572=CARTESIAN_POINT('',(-12.,-34.4785519493228,-1.21632868822097));
#14573=CARTESIAN_POINT('Origin',(-12.,-33.6790492954255,-1.18812396501581));
#14574=CARTESIAN_POINT('',(-12.,-34.1567994899171,-0.546442773408036));
#14575=CARTESIAN_POINT('Origin',(-12.,-33.6790492954255,-1.18812396501581));
#14576=CARTESIAN_POINT('',(-12.,-34.1567994899171,-0.546442773408036));
#14577=CARTESIAN_POINT('Origin',(-12.,-32.3920585534543,0.767457862373415));
#14578=CARTESIAN_POINT('',(-12.,-32.3920585534543,0.767457862373416));
#14579=CARTESIAN_POINT('',(-12.,-32.3920585534543,0.767457862373415));
#14580=CARTESIAN_POINT('',(-12.,-32.3920585534543,0.767457862373416));
#14581=CARTESIAN_POINT('Origin',(-12.,-32.869808747946,1.40913905398122));
#14582=CARTESIAN_POINT('',(-12.,-32.0705428817345,1.37487427455311));
#14583=CARTESIAN_POINT('Origin',(-12.,-32.869808747946,1.40913905398122));
#14584=CARTESIAN_POINT('',(-12.,-32.0705428817345,1.37487427455311));
#14585=CARTESIAN_POINT('Origin',(-12.,5.55111512312578E-16,7.87148124459236E-13));
#14586=CARTESIAN_POINT('',(-12.,-31.8652722825885,3.87484481708626));
#14587=CARTESIAN_POINT('Origin',(-12.,5.55111512312578E-16,7.87148124459236E-13));
#14588=CARTESIAN_POINT('',(-12.,-31.8652722825885,3.87484481708626));
#14589=CARTESIAN_POINT('Origin',(-12.,-33.6799371785368,5.71378882606241));
#14590=CARTESIAN_POINT('',(-12.,-33.6799371785368,5.71378882606241));
#14591=CARTESIAN_POINT('',(-12.,-33.6799371785368,5.71378882606241));
#14592=CARTESIAN_POINT('',(-12.,-33.6799371785368,5.71378882606241));
#14593=CARTESIAN_POINT('Origin',(-12.,-33.1105052101025,6.27570272811957));
#14594=CARTESIAN_POINT('',(-12.,-33.8965112685026,6.42468083442505));
#14595=CARTESIAN_POINT('Origin',(-12.,-33.1105052101025,6.27570272811957));
#14596=CARTESIAN_POINT('',(-12.,-33.8965112685026,6.42468083442505));
#14597=CARTESIAN_POINT('Origin',(-12.,7.490059256777E-13,5.43378034489911E-13));
#14598=CARTESIAN_POINT('',(-12.,-33.1669177392308,9.49766116889098));
#14599=CARTESIAN_POINT('Origin',(-12.,7.490059256777E-13,5.43378034489911E-13));
#14600=CARTESIAN_POINT('',(-12.,-33.1669177392308,9.49766116889098));
#14601=CARTESIAN_POINT('Origin',(-12.,-32.3978297916544,9.2774255475834));
#14602=CARTESIAN_POINT('',(-12.,-32.6539068341094,10.0353335554099));
#14603=CARTESIAN_POINT('Origin',(-12.,-32.3978297916544,9.2774255475834));
#14604=CARTESIAN_POINT('',(-12.,-32.6539068341094,10.0353335554099));
#14605=CARTESIAN_POINT('Origin',(-12.,-30.5695208415371,10.739592376798));
#14606=CARTESIAN_POINT('',(-12.,-30.5695208415371,10.739592376798));
#14607=CARTESIAN_POINT('',(-12.,-30.5695208415371,10.739592376798));
#14608=CARTESIAN_POINT('',(-12.,-30.5695208415371,10.739592376798));
#14609=CARTESIAN_POINT('Origin',(-12.,-30.8255978839921,11.4975003846245));
#14610=CARTESIAN_POINT('',(-12.,-30.0760392728312,11.2179259071868));
#14611=CARTESIAN_POINT('Origin',(-12.,-30.8255978839921,11.4975003846245));
#14612=CARTESIAN_POINT('',(-12.,-30.0760392728312,11.2179259071868));
#14613=CARTESIAN_POINT('Origin',(-12.,5.55111512312578E-16,7.87148124459236E-13));
#14614=CARTESIAN_POINT('',(-12.,-29.1082819488301,13.5321070786273));
#14615=CARTESIAN_POINT('Origin',(-12.,5.55111512312578E-16,7.87148124459236E-13));
#14616=CARTESIAN_POINT('',(-12.,-29.1082819488301,13.5321070786273));
#14617=CARTESIAN_POINT('Origin',(-12.,-30.2658658725361,15.8418090534096));
#14618=CARTESIAN_POINT('',(-12.,-30.2658658725361,15.8418090534096));
#14619=CARTESIAN_POINT('',(-12.,-30.2658658725361,15.8418090534096));
#14620=CARTESIAN_POINT('',(-12.,-30.2658658725361,15.8418090534096));
#14621=CARTESIAN_POINT('Origin',(-12.,-29.5506629432587,16.2002567761714));
#14622=CARTESIAN_POINT('',(-12.,-30.2521623603094,16.5848326046858));
#14623=CARTESIAN_POINT('Origin',(-12.,-29.5506629432587,16.2002567761714));
#14624=CARTESIAN_POINT('',(-12.,-30.2521623603094,16.5848326046858));
#14625=CARTESIAN_POINT('Origin',(-12.,6.37045034929886E-13,3.24024970885183E-13));
#14626=CARTESIAN_POINT('',(-12.,-28.6086745333187,19.2819537766955));
#14627=CARTESIAN_POINT('Origin',(-12.,6.37045034929886E-13,3.24024970885183E-13));
#14628=CARTESIAN_POINT('',(-12.,-28.6086745333187,19.2819537766955));
#14629=CARTESIAN_POINT('Origin',(-12.,-27.9452849789229,18.8348360079605));
#14630=CARTESIAN_POINT('',(-12.,-27.954622264232,19.634781515544));
#14631=CARTESIAN_POINT('Origin',(-12.,-27.9452849789229,18.8348360079605));
#14632=CARTESIAN_POINT('',(-12.,-27.954622264232,19.634781515544));
#14633=CARTESIAN_POINT('Origin',(-12.,-25.7546254392744,19.6604607622416));
#14634=CARTESIAN_POINT('',(-12.,-25.7546254392744,19.6604607622416));
#14635=CARTESIAN_POINT('',(-12.,-25.7546254392744,19.6604607622416));
#14636=CARTESIAN_POINT('',(-12.,-25.7546254392744,19.6604607622416));
#14637=CARTESIAN_POINT('Origin',(-12.,-25.7639627245836,20.4604062698252));
#14638=CARTESIAN_POINT('',(-12.,-25.1374833878156,19.9628887921395));
#14639=CARTESIAN_POINT('Origin',(-12.,-25.7639627245836,20.4604062698252));
#14640=CARTESIAN_POINT('',(-12.,-25.1374833878156,19.9628887921395));
#14641=CARTESIAN_POINT('Origin',(-12.,5.55111512312578E-16,7.87148124459236E-13));
#14642=CARTESIAN_POINT('',(-12.,-23.5019701685943,21.8647524155783));
#14643=CARTESIAN_POINT('Origin',(-12.,5.55111512312578E-16,7.87148124459236E-13));
#14644=CARTESIAN_POINT('',(-12.,-23.5019701685943,21.8647524155783));
#14645=CARTESIAN_POINT('Origin',(-12.,-23.8891607402444,24.4191226342352));
#14646=CARTESIAN_POINT('',(-12.,-23.8891607402444,24.4191226342352));
#14647=CARTESIAN_POINT('',(-12.,-23.8891607402444,24.4191226342352));
#14648=CARTESIAN_POINT('',(-12.,-23.8891607402444,24.4191226342352));
#14649=CARTESIAN_POINT('Origin',(-12.,-23.0981958959533,24.5390168171455));
#14650=CARTESIAN_POINT('',(-12.,-23.6465210210799,25.1215454062765));
#14651=CARTESIAN_POINT('Origin',(-12.,-23.0981958959533,24.5390168171455));
#14652=CARTESIAN_POINT('',(-12.,-23.6465210210799,25.1215454062765));
#14653=CARTESIAN_POINT('Origin',(-12.,4.62780075791898E-13,1.50005628321033E-13));
#14654=CARTESIAN_POINT('',(-12.,-21.2500149357291,27.1787944035654));
#14655=CARTESIAN_POINT('Origin',(-12.,4.62780075791898E-13,1.50005628321033E-13));
#14656=CARTESIAN_POINT('',(-12.,-21.2500149357291,27.1787944035654));
#14657=CARTESIAN_POINT('Origin',(-12.,-20.7572609662049,26.5485614898596));
#14658=CARTESIAN_POINT('',(-12.,-20.5189444958255,27.3122402573698));
#14659=CARTESIAN_POINT('Origin',(-12.,-20.7572609662049,26.5485614898596));
#14660=CARTESIAN_POINT('',(-12.,-20.5189444958255,27.3122402573698));
#14661=CARTESIAN_POINT('Origin',(-12.,-18.4186878559886,26.6568262657923));
#14662=CARTESIAN_POINT('',(-12.,-18.4186878559886,26.6568262657923));
#14663=CARTESIAN_POINT('',(-12.,-18.4186878559886,26.6568262657923));
#14664=CARTESIAN_POINT('',(-12.,-18.4186878559886,26.6568262657923));
#14665=CARTESIAN_POINT('Origin',(-12.,-18.1803713856092,27.4205050333025));
#14666=CARTESIAN_POINT('',(-12.,-17.7382954856552,26.7537450324927));
#14667=CARTESIAN_POINT('Origin',(-12.,-18.1803713856092,27.4205050333025));
#14668=CARTESIAN_POINT('',(-12.,-17.7382954856552,26.7537450324927));
#14669=CARTESIAN_POINT('Origin',(-12.,5.55111512312578E-16,7.87148124459236E-13));
#14670=CARTESIAN_POINT('',(-12.,-15.5951218004018,28.0571234454047));
#14671=CARTESIAN_POINT('Origin',(-12.,5.55111512312578E-16,7.87148124459236E-13));
#14672=CARTESIAN_POINT('',(-12.,-15.5951218004018,28.0571234454047));
#14673=CARTESIAN_POINT('Origin',(-12.,-15.1740181091274,30.6061223535903));
#14674=CARTESIAN_POINT('',(-12.,-15.1740181091274,30.6061223535903));
#14675=CARTESIAN_POINT('',(-12.,-15.1740181091274,30.6061223535903));
#14676=CARTESIAN_POINT('',(-12.,-15.1740181091274,30.6061223535903));
#14677=CARTESIAN_POINT('Origin',(-12.,-14.384716499758,30.4757269186738));
#14678=CARTESIAN_POINT('',(-12.,-14.7261934493072,31.199186311402));
#14679=CARTESIAN_POINT('Origin',(-12.,-14.384716499758,30.4757269186738));
#14680=CARTESIAN_POINT('',(-12.,-14.7261934493072,31.199186311402));
#14681=CARTESIAN_POINT('Origin',(-12.,2.43269316639528E-13,3.83542325116933E-14));
#14682=CARTESIAN_POINT('',(-12.,-11.8112558186703,32.4151852684189));
#14683=CARTESIAN_POINT('Origin',(-12.,2.43269316639528E-13,3.83542325116933E-14));
#14684=CARTESIAN_POINT('',(-12.,-11.8112558186703,32.4151852684189));
#14685=CARTESIAN_POINT('Origin',(-12.,-11.5373716257736,31.6635287984267));
#14686=CARTESIAN_POINT('',(-12.,-11.0747294762748,32.3161866272368));
#14687=CARTESIAN_POINT('Origin',(-12.,-11.5373716257736,31.6635287984267));
#14688=CARTESIAN_POINT('',(-12.,-11.0747294762748,32.3161866272368));
#14689=CARTESIAN_POINT('Origin',(-12.,-9.27980077481433,31.0438358854175));
#14690=CARTESIAN_POINT('',(-12.,-9.27980077481433,31.0438358854175));
#14691=CARTESIAN_POINT('',(-12.,-9.27980077481433,31.0438358854175));
#14692=CARTESIAN_POINT('',(-12.,-9.27980077481433,31.0438358854175));
#14693=CARTESIAN_POINT('Origin',(-12.,-8.81715862531555,31.6964937142277));
#14694=CARTESIAN_POINT('',(-12.,-8.60275963138691,30.9257583047632));
#14695=CARTESIAN_POINT('Origin',(-12.,-8.81715862531555,31.6964937142277));
#14696=CARTESIAN_POINT('',(-12.,-8.60275963138691,30.9257583047632));
#14697=CARTESIAN_POINT('Origin',(-12.,5.55111512312578E-16,7.87148124459236E-13));
#14698=CARTESIAN_POINT('',(-12.,-6.1617142527832,31.5030677469211));
#14699=CARTESIAN_POINT('Origin',(-12.,5.55111512312578E-16,7.87148124459236E-13));
#14700=CARTESIAN_POINT('',(-12.,-6.1617142527832,31.5030677469211));
#14701=CARTESIAN_POINT('Origin',(-12.,-4.97353686188815,33.7971815715824));
#14702=CARTESIAN_POINT('',(-12.,-4.97353686188815,33.7971815715824));
#14703=CARTESIAN_POINT('',(-12.,-4.97353686188815,33.7971815715824));
#14704=CARTESIAN_POINT('',(-12.,-4.97353686188815,33.7971815715824));
#14705=CARTESIAN_POINT('Origin',(-12.,-4.26316082835327,33.4292605325274));
#14706=CARTESIAN_POINT('Origin',(-12.,-4.26316082835327,33.4292605325274));
#14707=CARTESIAN_POINT('Origin',(-12.,-9.75578037969342E-16,7.87148124459236E-13));
#14708=CARTESIAN_POINT('Origin',(3.,-9.75578037969342E-16,7.87148124459236E-13));
#14709=CARTESIAN_POINT('Origin',(-14.7999999999999,1.27017059221718,-7.99999999999977));
#14710=CARTESIAN_POINT('',(-14.7999999999999,1.27017059221718,-7.99999999999977));
#14711=CARTESIAN_POINT('',(-14.7999999999999,0.63508529610859,-6.89999999999977));
#14712=CARTESIAN_POINT('',(-14.7999999999999,1.11139926818992,-7.72499999999958));
#14713=CARTESIAN_POINT('',(-14.2999999999999,1.27017059221718,-7.99999999999977));
#14714=CARTESIAN_POINT('',(-14.7999999999999,1.27017059221718,-7.99999999999977));
#14715=CARTESIAN_POINT('',(-14.2999999999999,0.635085296108589,-6.89999999999977));
#14716=CARTESIAN_POINT('',(-14.2999999999999,0.635085296108589,-6.89999999999977));
#14717=CARTESIAN_POINT('',(-14.7999999999999,0.63508529610859,-6.89999999999977));
#14718=CARTESIAN_POINT('Origin',(-14.7999999999999,0.635085296108591,-9.09999999999977));
#14719=CARTESIAN_POINT('',(-14.7999999999999,0.635085296108591,-9.09999999999977));
#14720=CARTESIAN_POINT('',(-14.7999999999999,0.793856620135846,-8.82499999999958));
#14721=CARTESIAN_POINT('',(-14.2999999999999,0.63508529610859,-9.09999999999977));
#14722=CARTESIAN_POINT('',(-14.7999999999999,0.635085296108591,-9.09999999999977));
#14723=CARTESIAN_POINT('',(-14.2999999999999,1.27017059221718,-7.99999999999977));
#14724=CARTESIAN_POINT('Origin',(-14.7999999999999,-0.635085296108585,-9.09999999999977));
#14725=CARTESIAN_POINT('',(-14.7999999999999,-0.635085296108586,-9.09999999999977));
#14726=CARTESIAN_POINT('',(-14.7999999999999,-0.317542648054294,-9.09999999999977));
#14727=CARTESIAN_POINT('',(-14.2999999999999,-0.635085296108586,-9.09999999999977));
#14728=CARTESIAN_POINT('',(-14.7999999999999,-0.635085296108586,-9.09999999999977));
#14729=CARTESIAN_POINT('',(-14.2999999999999,0.635085296108591,-9.09999999999977));
#14730=CARTESIAN_POINT('Origin',(-14.7999999999999,-1.27017059221717,-7.99999999999977));
#14731=CARTESIAN_POINT('',(-14.7999999999999,-1.27017059221717,-7.99999999999977));
#14732=CARTESIAN_POINT('',(-14.7999999999999,-1.11139926819014,-8.27499999999958));
#14733=CARTESIAN_POINT('',(-14.2999999999999,-1.27017059221718,-7.99999999999977));
#14734=CARTESIAN_POINT('',(-14.7999999999999,-1.27017059221717,-7.99999999999977));
#14735=CARTESIAN_POINT('',(-14.2999999999999,-0.635085296108586,-9.09999999999977));
#14736=CARTESIAN_POINT('Origin',(-14.7999999999999,-0.635085296108588,-6.89999999999977));
#14737=CARTESIAN_POINT('',(-14.7999999999999,-0.635085296108588,-6.89999999999977));
#14738=CARTESIAN_POINT('',(-14.7999999999999,-0.793856620135627,-7.17499999999959));
#14739=CARTESIAN_POINT('',(-14.2999999999999,-0.635085296108588,-6.89999999999977));
#14740=CARTESIAN_POINT('',(-14.7999999999999,-0.635085296108588,-6.89999999999977));
#14741=CARTESIAN_POINT('',(-14.2999999999999,-1.27017059221718,-7.99999999999977));
#14742=CARTESIAN_POINT('Origin',(-14.7999999999999,0.63508529610859,-6.89999999999977));
#14743=CARTESIAN_POINT('',(-14.7999999999999,0.317542648054293,-6.89999999999977));
#14744=CARTESIAN_POINT('',(-14.2999999999999,-0.635085296108588,-6.89999999999977));
#14745=CARTESIAN_POINT('Origin',(-14.2999999999999,1.37667655053531E-15,
-7.99999999999977));
#14746=CARTESIAN_POINT('Origin',(-14.2999999999999,-3.06421554796544E-15,
-7.99999999999927));
#14747=CARTESIAN_POINT('',(-14.2999999999999,-1.96203342873281E-15,-10.9999999999993));
#14748=CARTESIAN_POINT('Origin',(-14.2999999999999,-3.06421554796544E-15,
-7.99999999999927));
#14749=CARTESIAN_POINT('Origin',(-14.2999999999999,-2.73356091219564E-15,
-10.6999999999993));
#14750=CARTESIAN_POINT('Origin',(-13.9999999999999,-3.33066907387547E-15,
-7.99999999999927));
#14751=CARTESIAN_POINT('',(-14.4999999999999,-2.5191858242812E-15,-10.9999999999993));
#14752=CARTESIAN_POINT('Origin',(-14.4999999999999,-2.88657986402541E-15,
-7.99999999999927));
#14753=CARTESIAN_POINT('',(-13.9999999999999,-2.96327503413126E-15,-10.9999999999993));
#14754=CARTESIAN_POINT('Origin',(-14.4999999999999,-2.88657986402541E-15,
-7.99999999999927));
#14755=CARTESIAN_POINT('',(-14.7999999999999,-1.62816243080602E-15,-10.6999999999993));
#14756=CARTESIAN_POINT('Origin',(-14.7999999999999,-2.62012633811538E-15,
-7.99999999999927));
#14757=CARTESIAN_POINT('Origin',(-14.4999999999999,-2.55592522825562E-15,
-10.6999999999993));
#14758=CARTESIAN_POINT('Origin',(-14.7999999999999,-2.62012633811538E-15,
-7.99999999999927));
#14759=CARTESIAN_POINT('Origin',(-14.7999999999999,-5.65803263805831,4.00000000000025));
#14760=CARTESIAN_POINT('',(-14.7999999999999,-5.65803263805831,4.00000000000025));
#14761=CARTESIAN_POINT('',(-14.7999999999999,-6.2931179341669,5.10000000000025));
#14762=CARTESIAN_POINT('',(-14.7999999999999,-5.81680396208557,4.27500000000044));
#14763=CARTESIAN_POINT('',(-14.2999999999999,-5.65803263805831,4.00000000000025));
#14764=CARTESIAN_POINT('',(-14.7999999999999,-5.65803263805831,4.00000000000025));
#14765=CARTESIAN_POINT('',(-14.2999999999999,-6.2931179341669,5.10000000000025));
#14766=CARTESIAN_POINT('',(-14.2999999999999,-6.2931179341669,5.10000000000025));
#14767=CARTESIAN_POINT('',(-14.7999999999999,-6.2931179341669,5.10000000000025));
#14768=CARTESIAN_POINT('Origin',(-14.7999999999998,-6.2931179341669,2.90000000000025));
#14769=CARTESIAN_POINT('',(-14.7999999999998,-6.2931179341669,2.90000000000025));
#14770=CARTESIAN_POINT('',(-14.7999999999999,-6.13434661013965,3.17500000000044));
#14771=CARTESIAN_POINT('',(-14.2999999999999,-6.2931179341669,2.90000000000025));
#14772=CARTESIAN_POINT('',(-14.7999999999998,-6.2931179341669,2.90000000000025));
#14773=CARTESIAN_POINT('',(-14.2999999999999,-5.65803263805831,4.00000000000025));
#14774=CARTESIAN_POINT('Origin',(-14.7999999999999,-7.56328852638408,2.90000000000025));
#14775=CARTESIAN_POINT('',(-14.7999999999999,-7.56328852638408,2.90000000000025));
#14776=CARTESIAN_POINT('',(-14.7999999999999,-7.24574587832978,2.90000000000025));
#14777=CARTESIAN_POINT('',(-14.2999999999999,-7.56328852638408,2.90000000000025));
#14778=CARTESIAN_POINT('',(-14.7999999999999,-7.56328852638408,2.90000000000025));
#14779=CARTESIAN_POINT('',(-14.2999999999999,-6.2931179341669,2.90000000000025));
#14780=CARTESIAN_POINT('Origin',(-14.7999999999999,-8.19837382249267,4.00000000000025));
#14781=CARTESIAN_POINT('',(-14.7999999999999,-8.19837382249267,4.00000000000025));
#14782=CARTESIAN_POINT('',(-14.7999999999999,-8.03960249846563,3.72500000000044));
#14783=CARTESIAN_POINT('',(-14.2999999999999,-8.19837382249267,4.00000000000025));
#14784=CARTESIAN_POINT('',(-14.7999999999999,-8.19837382249267,4.00000000000025));
#14785=CARTESIAN_POINT('',(-14.2999999999999,-7.56328852638408,2.90000000000025));
#14786=CARTESIAN_POINT('Origin',(-14.7999999999999,-7.56328852638408,5.10000000000025));
#14787=CARTESIAN_POINT('',(-14.7999999999999,-7.56328852638408,5.10000000000025));
#14788=CARTESIAN_POINT('',(-14.7999999999999,-7.72205985041112,4.82500000000044));
#14789=CARTESIAN_POINT('',(-14.2999999999999,-7.56328852638408,5.10000000000025));
#14790=CARTESIAN_POINT('',(-14.7999999999999,-7.56328852638408,5.10000000000025));
#14791=CARTESIAN_POINT('',(-14.2999999999999,-8.19837382249267,4.00000000000025));
#14792=CARTESIAN_POINT('Origin',(-14.7999999999999,-6.2931179341669,5.10000000000025));
#14793=CARTESIAN_POINT('',(-14.7999999999999,-6.6106605822212,5.10000000000025));
#14794=CARTESIAN_POINT('',(-14.2999999999999,-7.56328852638408,5.10000000000025));
#14795=CARTESIAN_POINT('Origin',(-14.2999999999999,-6.92820323027549,4.00000000000025));
#14796=CARTESIAN_POINT('Origin',(-5.99999999999985,-6.9282032302755,4.00000000000077));
#14797=CARTESIAN_POINT('Origin',(-14.2999999999999,-6.92820323027549,4.00000000000075));
#14798=CARTESIAN_POINT('',(-14.2999999999998,-6.92820323027549,1.00000000000075));
#14799=CARTESIAN_POINT('Origin',(-14.2999999999999,-6.92820323027549,4.00000000000075));
#14800=CARTESIAN_POINT('Origin',(-14.2999999999998,-6.92820323027549,1.30000000000075));
#14801=CARTESIAN_POINT('Origin',(-13.9999999999999,-6.92820323027549,4.00000000000075));
#14802=CARTESIAN_POINT('',(-14.4999999999998,-6.92820323027549,1.00000000000075));
#14803=CARTESIAN_POINT('Origin',(-14.4999999999999,-6.92820323027549,4.00000000000075));
#14804=CARTESIAN_POINT('',(-13.9999999999998,-6.92820323027549,1.00000000000075));
#14805=CARTESIAN_POINT('Origin',(-14.4999999999999,-6.92820323027549,4.00000000000075));
#14806=CARTESIAN_POINT('',(-14.7999999999998,-6.92820323027549,1.30000000000075));
#14807=CARTESIAN_POINT('Origin',(-14.7999999999999,-6.92820323027549,4.00000000000075));
#14808=CARTESIAN_POINT('Origin',(-14.4999999999998,-6.92820323027549,1.30000000000075));
#14809=CARTESIAN_POINT('Origin',(-14.7999999999999,-6.92820323027549,4.00000000000075));
#14810=CARTESIAN_POINT('Origin',(0.,10.,-9.99999999999961));
#14811=CARTESIAN_POINT('',(5.00000000000001,11.55,-9.99999999999961));
#14812=CARTESIAN_POINT('',(0.,11.55,-9.99999999999961));
#14813=CARTESIAN_POINT('Origin',(5.00000000000001,10.,-9.99999999999961));
#14814=CARTESIAN_POINT('Origin',(0.,10.,10.0000000000004));
#14815=CARTESIAN_POINT('',(5.00000000000001,11.55,10.0000000000004));
#14816=CARTESIAN_POINT('',(0.,11.55,10.0000000000004));
#14817=CARTESIAN_POINT('Origin',(5.00000000000001,10.,10.0000000000004));
#14818=CARTESIAN_POINT('Origin',(0.,-10.,-9.99999999999961));
#14819=CARTESIAN_POINT('',(5.00000000000001,-8.45,-9.99999999999961));
#14820=CARTESIAN_POINT('',(0.,-8.45,-9.99999999999961));
#14821=CARTESIAN_POINT('Origin',(5.00000000000001,-10.,-9.99999999999961));
#14822=CARTESIAN_POINT('Origin',(0.,-10.,10.0000000000004));
#14823=CARTESIAN_POINT('',(5.00000000000001,-8.45,10.0000000000004));
#14824=CARTESIAN_POINT('',(0.,-8.45,10.0000000000004));
#14825=CARTESIAN_POINT('Origin',(5.00000000000001,-10.,10.0000000000004));
#14826=CARTESIAN_POINT('Origin',(20.,-9.99999999999999,31.0000000000007));
#14827=CARTESIAN_POINT('',(20.,-12.,31.0000000000007));
#14828=CARTESIAN_POINT('Origin',(20.,-9.99999999999999,31.0000000000007));
#14829=CARTESIAN_POINT('',(15.,-12.,31.0000000000007));
#14830=CARTESIAN_POINT('',(20.,-12.,31.0000000000007));
#14831=CARTESIAN_POINT('Origin',(15.,-9.99999999999999,31.0000000000007));
#14832=CARTESIAN_POINT('Origin',(20.,10.,31.0000000000007));
#14833=CARTESIAN_POINT('',(20.,8.00000000000001,31.0000000000007));
#14834=CARTESIAN_POINT('Origin',(20.,10.,31.0000000000007));
#14835=CARTESIAN_POINT('',(15.,8.00000000000001,31.0000000000007));
#14836=CARTESIAN_POINT('',(20.,8.,31.0000000000007));
#14837=CARTESIAN_POINT('Origin',(15.,10.,31.0000000000007));
#14838=CARTESIAN_POINT('Origin',(15.,-18.,-17.9999999999993));
#14839=CARTESIAN_POINT('',(10.,-21.,-17.9999999999993));
#14840=CARTESIAN_POINT('',(10.,-18.,-20.9999999999993));
#14841=CARTESIAN_POINT('Origin',(10.,-18.,-17.9999999999993));
#14842=CARTESIAN_POINT('',(20.,-18.,-20.9999999999993));
#14843=CARTESIAN_POINT('',(15.,-18.,-20.9999999999993));
#14844=CARTESIAN_POINT('',(20.,-21.,-17.9999999999993));
#14845=CARTESIAN_POINT('Origin',(20.,-18.,-17.9999999999993));
#14846=CARTESIAN_POINT('',(15.,-21.,-17.9999999999993));
#14847=CARTESIAN_POINT('Origin',(10.,-21.,39.0000000000008));
#14848=CARTESIAN_POINT('',(20.,-21.,38.0000000000007));
#14849=CARTESIAN_POINT('',(20.,-21.,39.0000000000008));
#14850=CARTESIAN_POINT('',(10.,-21.,38.0000000000007));
#14851=CARTESIAN_POINT('',(4.12500000000001,-21.,38.0000000000007));
#14852=CARTESIAN_POINT('',(10.,-21.,7.90478793533111E-13));
#14853=CARTESIAN_POINT('',(10.,-21.,7.90478793533111E-13));
#14854=CARTESIAN_POINT('',(10.,-21.,-20.9999999999993));
#14855=CARTESIAN_POINT('',(12.4825000000001,-21.,10.0000000000008));
#14856=CARTESIAN_POINT('Origin',(15.0000000000001,-21.,10.0000000000008));
#14857=CARTESIAN_POINT('',(12.4824999999999,-21.,-9.9999999999992));
#14858=CARTESIAN_POINT('Origin',(14.9999999999999,-21.,-9.9999999999992));
#14859=CARTESIAN_POINT('Origin',(20.,-8.03487939263848E-273,9.00000000000079));
#14860=CARTESIAN_POINT('',(20.,18.,-20.9999999999993));
#14861=CARTESIAN_POINT('',(20.,21.,-20.9999999999993));
#14862=CARTESIAN_POINT('',(20.,21.,-17.9999999999993));
#14863=CARTESIAN_POINT('Origin',(20.,18.,-17.9999999999993));
#14864=CARTESIAN_POINT('',(20.,21.,38.0000000000007));
#14865=CARTESIAN_POINT('',(20.,21.,21.0000000000007));
#14866=CARTESIAN_POINT('',(20.,18.,41.0000000000007));
#14867=CARTESIAN_POINT('Origin',(20.,18.,38.0000000000007));
#14868=CARTESIAN_POINT('',(20.,-18.,41.0000000000007));
#14869=CARTESIAN_POINT('',(20.,3.45126646034193E-30,41.0000000000007));
#14870=CARTESIAN_POINT('Origin',(20.,-18.,38.0000000000007));
#14871=CARTESIAN_POINT('',(20.,18.05,3.90798504668055E-13));
#14872=CARTESIAN_POINT('Origin',(20.,-6.09583692874664E-30,7.90478793533111E-13));
#14873=CARTESIAN_POINT('Origin',(4.12500000000001,-18.,38.0000000000007));
#14874=CARTESIAN_POINT('',(10.,-18.,41.0000000000007));
#14875=CARTESIAN_POINT('Origin',(10.,-18.,38.0000000000007));
#14876=CARTESIAN_POINT('',(4.12500000000001,-18.,41.0000000000007));
#14877=CARTESIAN_POINT('Origin',(-1.75,3.45126646034193E-30,41.0000000000007));
#14878=CARTESIAN_POINT('',(10.,18.,41.0000000000007));
#14879=CARTESIAN_POINT('',(4.12500000000001,18.,41.0000000000007));
#14880=CARTESIAN_POINT('',(10.,3.45126646034193E-30,41.0000000000007));
#14881=CARTESIAN_POINT('Origin',(4.12500000000001,18.,38.0000000000007));
#14882=CARTESIAN_POINT('',(10.,21.,38.0000000000007));
#14883=CARTESIAN_POINT('',(4.12500000000001,21.,38.0000000000007));
#14884=CARTESIAN_POINT('Origin',(10.,18.,38.0000000000007));
#14885=CARTESIAN_POINT('Origin',(10.,-8.03487939263848E-273,9.00000000000079));
#14886=CARTESIAN_POINT('',(10.,21.,7.90478793533111E-13));
#14887=CARTESIAN_POINT('',(10.,21.,39.0000000000008));
#14888=CARTESIAN_POINT('Origin',(10.,-3.16501500499206E-30,7.90478793533111E-13));
#14889=CARTESIAN_POINT('',(10.,14.5,31.0000000000007));
#14890=CARTESIAN_POINT('Origin',(10.,10.,31.0000000000007));
#14891=CARTESIAN_POINT('',(10.,-5.49999999999998,31.0000000000007));
#14892=CARTESIAN_POINT('Origin',(10.,-9.99999999999998,31.0000000000007));
#14893=CARTESIAN_POINT('Origin',(10.,21.,7.90478793533111E-13));
#14894=CARTESIAN_POINT('',(10.,21.,-17.9999999999993));
#14895=CARTESIAN_POINT('',(15.,21.,-17.9999999999993));
#14896=CARTESIAN_POINT('',(10.,21.,21.0000000000007));
#14897=CARTESIAN_POINT('',(12.4824999999998,21.,-9.9999999999992));
#14898=CARTESIAN_POINT('Origin',(14.9999999999998,21.,-9.9999999999992));
#14899=CARTESIAN_POINT('',(12.4825,21.,10.0000000000008));
#14900=CARTESIAN_POINT('Origin',(15.,21.,10.0000000000008));
#14901=CARTESIAN_POINT('Origin',(15.,18.,-17.9999999999993));
#14902=CARTESIAN_POINT('',(10.,18.,-20.9999999999993));
#14903=CARTESIAN_POINT('Origin',(10.,18.,-17.9999999999993));
#14904=CARTESIAN_POINT('',(15.,18.,-20.9999999999993));
#14905=CARTESIAN_POINT('Origin',(10.,10.5,-10.4999999999992));
#14906=CARTESIAN_POINT('',(10.,2.48601937149536E-14,-20.9999999999993));
#14907=CARTESIAN_POINT('',(10.,21.,-20.9999999999993));
#14908=CARTESIAN_POINT('Origin',(10.,-3.15268905334799E-30,7.90478793533111E-13));
#14909=CARTESIAN_POINT('Origin',(10.,-9.99999999999998,31.0000000000007));
#14910=CARTESIAN_POINT('',(15.,-5.49999999999998,31.0000000000007));
#14911=CARTESIAN_POINT('',(10.,-5.49999999999998,31.0000000000007));
#14912=CARTESIAN_POINT('Origin',(15.,-9.99999999999998,31.0000000000007));
#14913=CARTESIAN_POINT('Origin',(15.,-9.99999999999998,31.0000000000007));
#14914=CARTESIAN_POINT('Origin',(10.,10.,31.0000000000007));
#14915=CARTESIAN_POINT('',(15.,14.5,31.0000000000007));
#14916=CARTESIAN_POINT('',(10.,14.5,31.0000000000007));
#14917=CARTESIAN_POINT('Origin',(15.,10.,31.0000000000007));
#14918=CARTESIAN_POINT('Origin',(15.,10.,31.0000000000007));
#14919=CARTESIAN_POINT('Origin',(14.9999999999999,-21.,-9.9999999999992));
#14920=CARTESIAN_POINT('',(12.4824999999999,-15.0267261903586,-9.9999999999992));
#14921=CARTESIAN_POINT('',(12.4824999999999,-21.,-9.9999999999992));
#14922=CARTESIAN_POINT('',(14.9999999999999,-16.4260370677168,-7.48249999999921));
#14923=CARTESIAN_POINT('Ctrl Pts',(14.9999999999999,-16.4260370677168,-7.4824999999992));
#14924=CARTESIAN_POINT('Ctrl Pts',(14.6875957151148,-16.4260370677168,-7.4824999999992));
#14925=CARTESIAN_POINT('Ctrl Pts',(14.3564389167688,-16.3982338570357,-7.54444729482818));
#14926=CARTESIAN_POINT('Ctrl Pts',(13.7526556366607,-16.2834439904066,-7.78910849226768));
#14927=CARTESIAN_POINT('Ctrl Pts',(13.4800335250711,-16.1959315263417,-7.97158614211621));
#14928=CARTESIAN_POINT('Ctrl Pts',(13.0137532852274,-15.9709555856175,-8.41447716431714));
#14929=CARTESIAN_POINT('Ctrl Pts',(12.8074447135522,-15.8108061360341,-8.71534861355163));
#14930=CARTESIAN_POINT('Ctrl Pts',(12.5420905210471,-15.4410808720642,-9.35478028562978));
#14931=CARTESIAN_POINT('Ctrl Pts',(12.4824999999999,-15.2311063226975,-9.69288357125861));
#14932=CARTESIAN_POINT('Ctrl Pts',(12.4824999999999,-15.0267261903586,-9.9999999999992));
#14933=CARTESIAN_POINT('Ctrl Pts',(12.4824999999999,-15.0267261903586,-9.9999999999992));
#14934=CARTESIAN_POINT('Ctrl Pts',(12.4824999999999,-14.8030680115858,-10.3360850212645));
#14935=CARTESIAN_POINT('Ctrl Pts',(12.552940036298,-14.5506794986026,-10.6886148882594));
#14936=CARTESIAN_POINT('Ctrl Pts',(12.836518117431,-14.0531673706343,-11.3347804966764));
#14937=CARTESIAN_POINT('Ctrl Pts',(13.0491196607683,-13.8082954211591,-11.6288452502585));
#14938=CARTESIAN_POINT('Ctrl Pts',(13.509840863808,-13.443169227139,-12.0475569950964));
#14939=CARTESIAN_POINT('Ctrl Pts',(13.76877645287,-13.2867683409051,-12.218438898265));
#14940=CARTESIAN_POINT('Ctrl Pts',(14.3544047706717,-13.066525947468,-12.453688698486));
#14941=CARTESIAN_POINT('Ctrl Pts',(14.6819685118085,-13.0044105498869,-12.5174999999992));
#14942=CARTESIAN_POINT('Ctrl Pts',(15.1708822624488,-13.0044105498869,-12.5174999999992));
#14943=CARTESIAN_POINT('Ctrl Pts',(15.3436805063575,-13.0214725546222,-12.4998434616904));
#14944=CARTESIAN_POINT('Ctrl Pts',(15.6801707486317,-13.0881988846253,-12.4299591314811));
#14945=CARTESIAN_POINT('Ctrl Pts',(15.8438824536848,-13.1377974681672,-12.3777634761094));
#14946=CARTESIAN_POINT('Ctrl Pts',(16.3055160538793,-13.3236631631027,-12.1784852583992));
#14947=CARTESIAN_POINT('Ctrl Pts',(16.5737481066237,-13.4981367096711,-11.9865345366497));
#14948=CARTESIAN_POINT('Ctrl Pts',(17.0099106223514,-13.8738376726435,-11.5503720209219));
#14949=CARTESIAN_POINT('Ctrl Pts',(17.200816171102,-14.1069750678779,-11.2670456905949));
#14950=CARTESIAN_POINT('Ctrl Pts',(17.4547881521049,-14.5781405059649,-10.6503935876431));
#14951=CARTESIAN_POINT('Ctrl Pts',(17.5174999999999,-14.8159379583874,-10.3167457045973));
#14952=CARTESIAN_POINT('Ctrl Pts',(17.5174999999999,-15.2247209737851,-9.70247866023215));
#14953=CARTESIAN_POINT('Ctrl Pts',(17.4615822006092,-15.4287420442862,-9.37475544410174));
#14954=CARTESIAN_POINT('Ctrl Pts',(17.2120016176706,-15.7903025419429,-8.75205495163563));
#14955=CARTESIAN_POINT('Ctrl Pts',(17.0177809187477,-15.9481808123728,-8.45749827547266));
#14956=CARTESIAN_POINT('Ctrl Pts',(16.5647341576912,-16.179919547313,-8.00445151441625));
#14957=CARTESIAN_POINT('Ctrl Pts',(16.2867343495923,-16.2734345984519,-7.81016239413488));
#14958=CARTESIAN_POINT('Ctrl Pts',(15.666330157293,-16.3961860428679,-7.54906568387193));
#14959=CARTESIAN_POINT('Ctrl Pts',(15.32394575232,-16.4260370677168,-7.4824999999992));
#14960=CARTESIAN_POINT('Ctrl Pts',(14.9999999999999,-16.4260370677168,-7.4824999999992));
#14961=CARTESIAN_POINT('Origin',(14.9999999999999,-21.,-9.9999999999992));
#14962=CARTESIAN_POINT('',(14.9999999999999,16.4260370677168,-7.48249999999921));
#14963=CARTESIAN_POINT('',(12.4824999999999,15.0267261903586,-9.99999999999921));
#14964=CARTESIAN_POINT('Ctrl Pts',(14.9999999999999,16.4260370677168,-7.48249999999922));
#14965=CARTESIAN_POINT('Ctrl Pts',(15.3239457523199,16.4260370677168,-7.48249999999922));
#14966=CARTESIAN_POINT('Ctrl Pts',(15.666330157293,16.3961860428679,-7.54906568387194));
#14967=CARTESIAN_POINT('Ctrl Pts',(16.2867343495923,16.2734345984519,-7.8101623941349));
#14968=CARTESIAN_POINT('Ctrl Pts',(16.5647341576912,16.179919547313,-8.00445151441627));
#14969=CARTESIAN_POINT('Ctrl Pts',(17.0177809187476,15.9481808123728,-8.45749827547268));
#14970=CARTESIAN_POINT('Ctrl Pts',(17.2120016176706,15.7903025419429,-8.75205495163563));
#14971=CARTESIAN_POINT('Ctrl Pts',(17.4615822006092,15.4287420442862,-9.37475544410175));
#14972=CARTESIAN_POINT('Ctrl Pts',(17.5174999999999,15.2247209737851,-9.70247866023217));
#14973=CARTESIAN_POINT('Ctrl Pts',(17.5174999999999,14.8159379583873,-10.3167457045974));
#14974=CARTESIAN_POINT('Ctrl Pts',(17.4547881521049,14.5781405059649,-10.6503935876431));
#14975=CARTESIAN_POINT('Ctrl Pts',(17.2008161711019,14.1069750678779,-11.2670456905949));
#14976=CARTESIAN_POINT('Ctrl Pts',(17.0099106223514,13.8738376726435,-11.5503720209219));
#14977=CARTESIAN_POINT('Ctrl Pts',(16.5737481066237,13.4981367096711,-11.9865345366497));
#14978=CARTESIAN_POINT('Ctrl Pts',(16.3055160538793,13.3236631631027,-12.1784852583993));
#14979=CARTESIAN_POINT('Ctrl Pts',(15.8438824536848,13.1377974681672,-12.3777634761094));
#14980=CARTESIAN_POINT('Ctrl Pts',(15.6801707486316,13.0881988846253,-12.4299591314812));
#14981=CARTESIAN_POINT('Ctrl Pts',(15.3436805063575,13.0214725546222,-12.4998434616904));
#14982=CARTESIAN_POINT('Ctrl Pts',(15.1708822624488,13.0044105498869,-12.5174999999992));
#14983=CARTESIAN_POINT('Ctrl Pts',(14.6819685118085,13.0044105498869,-12.5174999999992));
#14984=CARTESIAN_POINT('Ctrl Pts',(14.3544047706717,13.066525947468,-12.453688698486));
#14985=CARTESIAN_POINT('Ctrl Pts',(13.76877645287,13.2867683409051,-12.2184388982651));
#14986=CARTESIAN_POINT('Ctrl Pts',(13.509840863808,13.443169227139,-12.0475569950964));
#14987=CARTESIAN_POINT('Ctrl Pts',(13.0491196607683,13.8082954211591,-11.6288452502585));
#14988=CARTESIAN_POINT('Ctrl Pts',(12.836518117431,14.0531673706343,-11.3347804966764));
#14989=CARTESIAN_POINT('Ctrl Pts',(12.552940036298,14.5506794986026,-10.6886148882594));
#14990=CARTESIAN_POINT('Ctrl Pts',(12.4824999999999,14.8030680115858,-10.3360850212645));
#14991=CARTESIAN_POINT('Ctrl Pts',(12.4824999999999,15.0267261903586,-9.99999999999921));
#14992=CARTESIAN_POINT('Ctrl Pts',(12.4824999999999,15.0267261903586,-9.99999999999921));
#14993=CARTESIAN_POINT('Ctrl Pts',(12.4824999999999,15.2311063226974,-9.69288357125863));
#14994=CARTESIAN_POINT('Ctrl Pts',(12.542090521047,15.4410808720642,-9.35478028562979));
#14995=CARTESIAN_POINT('Ctrl Pts',(12.8074447135522,15.8108061360341,-8.71534861355165));
#14996=CARTESIAN_POINT('Ctrl Pts',(13.0137532852274,15.9709555856175,-8.41447716431716));
#14997=CARTESIAN_POINT('Ctrl Pts',(13.4800335250711,16.1959315263417,-7.97158614211622));
#14998=CARTESIAN_POINT('Ctrl Pts',(13.7526556366607,16.2834439904066,-7.78910849226768));
#14999=CARTESIAN_POINT('Ctrl Pts',(14.3564389167688,16.3982338570357,-7.54444729482818));
#15000=CARTESIAN_POINT('Ctrl Pts',(14.6875957151148,16.4260370677168,-7.48249999999922));
#15001=CARTESIAN_POINT('Ctrl Pts',(14.9999999999999,16.4260370677168,-7.48249999999922));
#15002=CARTESIAN_POINT('',(12.4824999999999,-21.,-9.9999999999992));
#15003=CARTESIAN_POINT('Origin',(15.0000000000001,-21.,10.0000000000008));
#15004=CARTESIAN_POINT('',(12.4825000000001,-15.026726190358,10.0000000000008));
#15005=CARTESIAN_POINT('',(12.4825000000001,-21.,10.0000000000008));
#15006=CARTESIAN_POINT('',(15.0000000000001,-13.0044105498861,12.5175000000008));
#15007=CARTESIAN_POINT('Ctrl Pts',(15.0000000000001,-13.0044105498861,12.5175000000008));
#15008=CARTESIAN_POINT('Ctrl Pts',(14.8291177375512,-13.0044105498861,12.5175000000008));
#15009=CARTESIAN_POINT('Ctrl Pts',(14.6563194936425,-13.0214725546214,12.499843461692));
#15010=CARTESIAN_POINT('Ctrl Pts',(14.3198292513684,-13.0881988846245,12.4299591314827));
#15011=CARTESIAN_POINT('Ctrl Pts',(14.1561175463152,-13.1377974681665,12.3777634761109));
#15012=CARTESIAN_POINT('Ctrl Pts',(13.6944839461207,-13.323663163102,12.1784852584008));
#15013=CARTESIAN_POINT('Ctrl Pts',(13.4262518933763,-13.4981367096704,11.9865345366512));
#15014=CARTESIAN_POINT('Ctrl Pts',(12.9900893776486,-13.8738376726429,11.5503720209235));
#15015=CARTESIAN_POINT('Ctrl Pts',(12.7991838288981,-14.1069750678772,11.2670456905965));
#15016=CARTESIAN_POINT('Ctrl Pts',(12.5452118478951,-14.5781405059643,10.6503935876447));
#15017=CARTESIAN_POINT('Ctrl Pts',(12.4825000000001,-14.8159379583868,10.3167457045989));
#15018=CARTESIAN_POINT('Ctrl Pts',(12.4825000000001,-15.026726190358,10.0000000000008));
#15019=CARTESIAN_POINT('Ctrl Pts',(12.4825000000001,-15.026726190358,10.0000000000008));
#15020=CARTESIAN_POINT('Ctrl Pts',(12.4825000000001,-15.2247209737846,9.70247866023376));
#15021=CARTESIAN_POINT('Ctrl Pts',(12.5384177993908,-15.4287420442857,9.37475544410333));
#15022=CARTESIAN_POINT('Ctrl Pts',(12.7879983823294,-15.7903025419424,8.75205495163721));
#15023=CARTESIAN_POINT('Ctrl Pts',(12.9822190812524,-15.9481808123724,8.45749827547427));
#15024=CARTESIAN_POINT('Ctrl Pts',(13.4352658423088,-16.1799195473126,8.00445151441786));
#15025=CARTESIAN_POINT('Ctrl Pts',(13.7132656504077,-16.2734345984515,7.81016239413646));
#15026=CARTESIAN_POINT('Ctrl Pts',(14.333669842707,-16.3961860428676,7.54906568387351));
#15027=CARTESIAN_POINT('Ctrl Pts',(14.6760542476801,-16.4260370677164,7.4825000000008));
#15028=CARTESIAN_POINT('Ctrl Pts',(15.3124042848852,-16.4260370677164,7.4825000000008));
#15029=CARTESIAN_POINT('Ctrl Pts',(15.6435610832312,-16.3982338570354,7.54444729482976));
#15030=CARTESIAN_POINT('Ctrl Pts',(16.2473443633393,-16.2834439904062,7.78910849226926));
#15031=CARTESIAN_POINT('Ctrl Pts',(16.5199664749289,-16.1959315263413,7.9715861421178));
#15032=CARTESIAN_POINT('Ctrl Pts',(16.9862467147726,-15.9709555856171,8.41447716431874));
#15033=CARTESIAN_POINT('Ctrl Pts',(17.1925552864478,-15.8108061360336,8.71534861355324));
#15034=CARTESIAN_POINT('Ctrl Pts',(17.4579094789529,-15.4410808720637,9.35478028563138));
#15035=CARTESIAN_POINT('Ctrl Pts',(17.5175000000001,-15.2311063226969,9.69288357126022));
#15036=CARTESIAN_POINT('Ctrl Pts',(17.5175000000001,-14.8030680115852,10.3360850212661));
#15037=CARTESIAN_POINT('Ctrl Pts',(17.447059963702,-14.550679498602,10.688614888261));
#15038=CARTESIAN_POINT('Ctrl Pts',(17.163481882569,-14.0531673706337,11.334780496678));
#15039=CARTESIAN_POINT('Ctrl Pts',(16.9508803392317,-13.8082954211584,11.6288452502601));
#15040=CARTESIAN_POINT('Ctrl Pts',(16.490159136192,-13.4431692271383,12.047556995098));
#15041=CARTESIAN_POINT('Ctrl Pts',(16.23122354713,-13.2867683409043,12.2184388982666));
#15042=CARTESIAN_POINT('Ctrl Pts',(15.6455952293283,-13.0665259474672,12.4536886984876));
#15043=CARTESIAN_POINT('Ctrl Pts',(15.3180314881915,-13.0044105498861,12.5175000000008));
#15044=CARTESIAN_POINT('Ctrl Pts',(15.0000000000001,-13.0044105498861,12.5175000000008));
#15045=CARTESIAN_POINT('Origin',(15.0000000000001,-21.,10.0000000000008));
#15046=CARTESIAN_POINT('',(15.0000000000001,13.0044105498862,12.5175000000008));
#15047=CARTESIAN_POINT('',(12.4825000000001,15.026726190358,10.0000000000008));
#15048=CARTESIAN_POINT('Ctrl Pts',(15.0000000000001,13.0044105498862,12.5175000000008));
#15049=CARTESIAN_POINT('Ctrl Pts',(15.3180314881914,13.0044105498862,12.5175000000008));
#15050=CARTESIAN_POINT('Ctrl Pts',(15.6455952293283,13.0665259474673,12.4536886984876));
#15051=CARTESIAN_POINT('Ctrl Pts',(16.2312235471299,13.2867683409044,12.2184388982666));
#15052=CARTESIAN_POINT('Ctrl Pts',(16.490159136192,13.4431692271383,12.047556995098));
#15053=CARTESIAN_POINT('Ctrl Pts',(16.9508803392316,13.8082954211584,11.62884525026));
#15054=CARTESIAN_POINT('Ctrl Pts',(17.163481882569,14.0531673706337,11.334780496678));
#15055=CARTESIAN_POINT('Ctrl Pts',(17.447059963702,14.550679498602,10.688614888261));
#15056=CARTESIAN_POINT('Ctrl Pts',(17.5175000000001,14.8030680115852,10.3360850212661));
#15057=CARTESIAN_POINT('Ctrl Pts',(17.5175000000001,15.231106322697,9.6928835712602));
#15058=CARTESIAN_POINT('Ctrl Pts',(17.4579094789529,15.4410808720637,9.35478028563137));
#15059=CARTESIAN_POINT('Ctrl Pts',(17.1925552864478,15.8108061360337,8.71534861355322));
#15060=CARTESIAN_POINT('Ctrl Pts',(16.9862467147726,15.9709555856171,8.41447716431873));
#15061=CARTESIAN_POINT('Ctrl Pts',(16.5199664749289,16.1959315263413,7.97158614211778));
#15062=CARTESIAN_POINT('Ctrl Pts',(16.2473443633393,16.2834439904062,7.78910849226923));
#15063=CARTESIAN_POINT('Ctrl Pts',(15.6435610832312,16.3982338570354,7.54444729482973));
#15064=CARTESIAN_POINT('Ctrl Pts',(15.3124042848851,16.4260370677164,7.48250000000078));
#15065=CARTESIAN_POINT('Ctrl Pts',(14.67605424768,16.4260370677164,7.48250000000078));
#15066=CARTESIAN_POINT('Ctrl Pts',(14.333669842707,16.3961860428676,7.54906568387349));
#15067=CARTESIAN_POINT('Ctrl Pts',(13.7132656504076,16.2734345984515,7.81016239413645));
#15068=CARTESIAN_POINT('Ctrl Pts',(13.4352658423087,16.1799195473126,8.00445151441784));
#15069=CARTESIAN_POINT('Ctrl Pts',(12.9822190812523,15.9481808123724,8.45749827547425));
#15070=CARTESIAN_POINT('Ctrl Pts',(12.7879983823294,15.7903025419424,8.75205495163721));
#15071=CARTESIAN_POINT('Ctrl Pts',(12.5384177993908,15.4287420442857,9.37475544410333));
#15072=CARTESIAN_POINT('Ctrl Pts',(12.4825000000001,15.2247209737846,9.70247866023374));
#15073=CARTESIAN_POINT('Ctrl Pts',(12.4825000000001,15.026726190358,10.0000000000008));
#15074=CARTESIAN_POINT('Ctrl Pts',(12.4825000000001,15.026726190358,10.0000000000008));
#15075=CARTESIAN_POINT('Ctrl Pts',(12.4825000000001,14.8159379583868,10.3167457045989));
#15076=CARTESIAN_POINT('Ctrl Pts',(12.5452118478951,14.5781405059643,10.6503935876446));
#15077=CARTESIAN_POINT('Ctrl Pts',(12.799183828898,14.1069750678772,11.2670456905964));
#15078=CARTESIAN_POINT('Ctrl Pts',(12.9900893776485,13.8738376726429,11.5503720209235));
#15079=CARTESIAN_POINT('Ctrl Pts',(13.4262518933763,13.4981367096704,11.9865345366512));
#15080=CARTESIAN_POINT('Ctrl Pts',(13.6944839461207,13.323663163102,12.1784852584008));
#15081=CARTESIAN_POINT('Ctrl Pts',(14.1561175463152,13.1377974681665,12.3777634761109));
#15082=CARTESIAN_POINT('Ctrl Pts',(14.3198292513683,13.0881988846245,12.4299591314827));
#15083=CARTESIAN_POINT('Ctrl Pts',(14.6563194936425,13.0214725546215,12.499843461692));
#15084=CARTESIAN_POINT('Ctrl Pts',(14.8291177375512,13.0044105498862,12.5175000000008));
#15085=CARTESIAN_POINT('Ctrl Pts',(15.0000000000001,13.0044105498862,12.5175000000008));
#15086=CARTESIAN_POINT('',(12.4825000000001,-21.,10.0000000000008));
#15087=CARTESIAN_POINT('Origin',(20.,2.22044604925031E-14,-20.9999999999993));
#15088=CARTESIAN_POINT('',(10.,21.,-20.9999999999993));
#15089=CARTESIAN_POINT('Origin',(10.,-10.5,-10.4999999999992));
#15090=CARTESIAN_POINT('Origin',(10.,-3.15268905334799E-30,7.90478793533111E-13));
#15091=CARTESIAN_POINT('Origin',(7.,-3.15268905334799E-30,7.90478793533111E-13));
#15092=CARTESIAN_POINT('',(7.,21.,7.93050551811321E-13));
#15093=CARTESIAN_POINT('Origin',(0.,0.,3.90798504668055E-13));
#15094=CARTESIAN_POINT('',(5.00000000000001,18.05,0.));
#15095=CARTESIAN_POINT('Origin',(5.00000000000001,0.,0.));
#15096=CARTESIAN_POINT('',(0.,18.05,3.93008992140516E-13));
#15097=CARTESIAN_POINT('Origin',(5.00000000000001,0.,0.));
#15098=CARTESIAN_POINT('',(5.00000000000001,11.5,0.));
#15099=CARTESIAN_POINT('Origin',(5.00000000000001,0.,0.));
#15100=CARTESIAN_POINT('',(5.00000000000001,11.5,-1.40834381901946E-15));
#15101=CARTESIAN_POINT('Origin',(-1.00000000000001,0.,-8.88178419700133E-15));
#15102=CARTESIAN_POINT('Origin',(0.,0.,0.));
#15103=CARTESIAN_POINT('Origin',(5.00000000000001,0.,0.));
#15104=CARTESIAN_POINT('Origin',(-1.80000000000009,-8.7298294077828,9.99999999999899));
#15105=CARTESIAN_POINT('',(-1.80000000000009,-8.7298294077828,9.99999999999899));
#15106=CARTESIAN_POINT('',(-1.8000000000001,-9.36491470389138,11.099999999999));
#15107=CARTESIAN_POINT('',(-1.8000000000001,-8.88860073181005,10.2749999999992));
#15108=CARTESIAN_POINT('',(-1.30000000000009,-8.7298294077828,9.99999999999899));
#15109=CARTESIAN_POINT('',(-1.80000000000009,-8.7298294077828,9.99999999999899));
#15110=CARTESIAN_POINT('',(-1.3000000000001,-9.36491470389138,11.099999999999));
#15111=CARTESIAN_POINT('',(-1.3000000000001,-9.36491470389138,11.099999999999));
#15112=CARTESIAN_POINT('',(-1.8000000000001,-9.36491470389138,11.099999999999));
#15113=CARTESIAN_POINT('Origin',(-1.80000000000008,-9.36491470389138,8.89999999999899));
#15114=CARTESIAN_POINT('',(-1.80000000000008,-9.36491470389138,8.89999999999899));
#15115=CARTESIAN_POINT('',(-1.80000000000009,-9.20614337986413,9.17499999999918));
#15116=CARTESIAN_POINT('',(-1.30000000000008,-9.36491470389138,8.89999999999899));
#15117=CARTESIAN_POINT('',(-1.80000000000008,-9.36491470389138,8.89999999999899));
#15118=CARTESIAN_POINT('',(-1.30000000000009,-8.7298294077828,9.99999999999899));
#15119=CARTESIAN_POINT('Origin',(-1.80000000000009,-10.6350852961086,8.89999999999899));
#15120=CARTESIAN_POINT('',(-1.80000000000009,-10.6350852961086,8.89999999999899));
#15121=CARTESIAN_POINT('',(-1.80000000000008,-10.3175426480543,8.89999999999899));
#15122=CARTESIAN_POINT('',(-1.30000000000009,-10.6350852961086,8.89999999999899));
#15123=CARTESIAN_POINT('',(-1.80000000000009,-10.6350852961086,8.89999999999899));
#15124=CARTESIAN_POINT('',(-1.30000000000008,-9.36491470389138,8.89999999999899));
#15125=CARTESIAN_POINT('Origin',(-1.8000000000001,-11.2701705922172,9.99999999999899));
#15126=CARTESIAN_POINT('',(-1.8000000000001,-11.2701705922172,9.99999999999899));
#15127=CARTESIAN_POINT('',(-1.80000000000009,-11.1113992681901,9.72499999999918));
#15128=CARTESIAN_POINT('',(-1.3000000000001,-11.2701705922172,9.99999999999899));
#15129=CARTESIAN_POINT('',(-1.8000000000001,-11.2701705922172,9.99999999999899));
#15130=CARTESIAN_POINT('',(-1.30000000000009,-10.6350852961086,8.89999999999899));
#15131=CARTESIAN_POINT('Origin',(-1.8000000000001,-10.6350852961086,11.099999999999));
#15132=CARTESIAN_POINT('',(-1.8000000000001,-10.6350852961086,11.099999999999));
#15133=CARTESIAN_POINT('',(-1.8000000000001,-10.7938566201356,10.8249999999992));
#15134=CARTESIAN_POINT('',(-1.3000000000001,-10.6350852961086,11.099999999999));
#15135=CARTESIAN_POINT('',(-1.8000000000001,-10.6350852961086,11.099999999999));
#15136=CARTESIAN_POINT('',(-1.3000000000001,-11.2701705922172,9.99999999999899));
#15137=CARTESIAN_POINT('Origin',(-1.8000000000001,-9.36491470389138,11.099999999999));
#15138=CARTESIAN_POINT('',(-1.8000000000001,-9.68245735194568,11.099999999999));
#15139=CARTESIAN_POINT('',(-1.3000000000001,-10.6350852961086,11.099999999999));
#15140=CARTESIAN_POINT('Origin',(-1.30000000000009,-9.99999999999997,9.99999999999899));
#15141=CARTESIAN_POINT('Origin',(6.99999999999991,-9.99999999999998,9.99999999999957));
#15142=CARTESIAN_POINT('',(6.99999999999992,-9.99999999999998,8.49999999999957));
#15143=CARTESIAN_POINT('Origin',(6.99999999999991,-9.99999999999998,9.99999999999957));
#15144=CARTESIAN_POINT('Origin',(-1.00000000000009,-9.99999999999998,9.9999999999995));
#15145=CARTESIAN_POINT('',(-1.00000000000008,-9.99999999999998,8.4999999999995));
#15146=CARTESIAN_POINT('Origin',(-1.30000000000009,-9.99999999999998,9.9999999999995));
#15147=CARTESIAN_POINT('',(-1.30000000000007,-9.99999999999998,6.9999999999995));
#15148=CARTESIAN_POINT('Origin',(-1.30000000000009,-9.99999999999998,9.9999999999995));
#15149=CARTESIAN_POINT('Origin',(-1.30000000000007,-9.99999999999998,7.2999999999995));
#15150=CARTESIAN_POINT('Origin',(-1.00000000000009,-9.99999999999998,9.9999999999995));
#15151=CARTESIAN_POINT('Origin',(-1.00000000000009,-9.99999999999998,9.9999999999995));
#15152=CARTESIAN_POINT('',(-1.50000000000007,-9.99999999999998,6.99999999999949));
#15153=CARTESIAN_POINT('Origin',(-1.50000000000009,-9.99999999999998,9.99999999999949));
#15154=CARTESIAN_POINT('',(-1.00000000000007,-9.99999999999998,6.9999999999995));
#15155=CARTESIAN_POINT('Origin',(-1.00000000000009,-9.99999999999998,9.9999999999995));
#15156=CARTESIAN_POINT('Origin',(-1.50000000000009,-9.99999999999998,9.99999999999949));
#15157=CARTESIAN_POINT('',(-1.80000000000007,-9.99999999999998,7.29999999999949));
#15158=CARTESIAN_POINT('Origin',(-1.80000000000009,-9.99999999999998,9.99999999999949));
#15159=CARTESIAN_POINT('Origin',(-1.50000000000007,-9.99999999999998,7.29999999999949));
#15160=CARTESIAN_POINT('Origin',(-1.80000000000009,-9.99999999999998,9.99999999999949));
#15161=UNCERTAINTY_MEASURE_WITH_UNIT(LENGTH_MEASURE(0.01),#15165,
'DISTANCE_ACCURACY_VALUE',
'Maximum model space distance between geometric entities at asserted c
onnectivities');
#15162=UNCERTAINTY_MEASURE_WITH_UNIT(LENGTH_MEASURE(0.01),#15165,
'DISTANCE_ACCURACY_VALUE',
'Maximum model space distance between geometric entities at asserted c
onnectivities');
#15163=(
GEOMETRIC_REPRESENTATION_CONTEXT(3)
GLOBAL_UNCERTAINTY_ASSIGNED_CONTEXT((#15161))
GLOBAL_UNIT_ASSIGNED_CONTEXT((#15165,#15167,#15168))
REPRESENTATION_CONTEXT('','3D')
);
#15164=(
GEOMETRIC_REPRESENTATION_CONTEXT(3)
GLOBAL_UNCERTAINTY_ASSIGNED_CONTEXT((#15162))
GLOBAL_UNIT_ASSIGNED_CONTEXT((#15165,#15167,#15168))
REPRESENTATION_CONTEXT('','3D')
);
#15165=(
LENGTH_UNIT()
NAMED_UNIT(*)
SI_UNIT(.MILLI.,.METRE.)
);
#15166=(
LENGTH_UNIT()
NAMED_UNIT(*)
SI_UNIT($,.METRE.)
);
#15167=(
NAMED_UNIT(*)
PLANE_ANGLE_UNIT()
SI_UNIT($,.RADIAN.)
);
#15168=(
NAMED_UNIT(*)
SI_UNIT($,.STERADIAN.)
SOLID_ANGLE_UNIT()
);
#15169=SHAPE_DEFINITION_REPRESENTATION(#15170,#15171);
#15170=PRODUCT_DEFINITION_SHAPE('',$,#15173);
#15171=SHAPE_REPRESENTATION('',(#8655),#15163);
#15172=PRODUCT_DEFINITION_CONTEXT('part definition',#15177,'design');
#15173=PRODUCT_DEFINITION('DW69 [SP01]','DW69 [SP01] v3',#15174,#15172);
#15174=PRODUCT_DEFINITION_FORMATION('',$,#15179);
#15175=PRODUCT_RELATED_PRODUCT_CATEGORY('DW69 [SP01] v3',
'DW69 [SP01] v3',(#15179));
#15176=APPLICATION_PROTOCOL_DEFINITION('international standard',
'automotive_design',2009,#15177);
#15177=APPLICATION_CONTEXT(
'Core Data for Automotive Mechanical Design Process');
#15178=PRODUCT_CONTEXT('part definition',#15177,'mechanical');
#15179=PRODUCT('DW69 [SP01]','DW69 [SP01] v3',$,(#15178));
#15180=PRESENTATION_STYLE_ASSIGNMENT((#15182));
#15181=PRESENTATION_STYLE_ASSIGNMENT((#15183));
#15182=SURFACE_STYLE_USAGE(.BOTH.,#15184);
#15183=SURFACE_STYLE_USAGE(.BOTH.,#15185);
#15184=SURFACE_SIDE_STYLE('',(#15186));
#15185=SURFACE_SIDE_STYLE('',(#15187));
#15186=SURFACE_STYLE_FILL_AREA(#15188);
#15187=SURFACE_STYLE_FILL_AREA(#15189);
#15188=FILL_AREA_STYLE('\X2\94A2\X0\ - \X2\7F0E5149\X0\',(#15190));
#15189=FILL_AREA_STYLE('Opaque(160,160,160)',(#15191));
#15190=FILL_AREA_STYLE_COLOUR('\X2\94A2\X0\ - \X2\7F0E5149\X0\',#15192);
#15191=FILL_AREA_STYLE_COLOUR('Opaque(160,160,160)',#15193);
#15192=COLOUR_RGB('\X2\94A2\X0\ - \X2\7F0E5149\X0\',0.627450980392157,0.627450980392157,
0.627450980392157);
#15193=COLOUR_RGB('Opaque(160,160,160)',0.627450980392157,0.627450980392157,
0.627450980392157);
ENDSEC;
END-ISO-10303-21;
